ord_ref,line_no,sku,vendor_code,qty,unit_price_zar,delivery_fee_zar
ZA-00030520,1,SKU48071,ZAV00289,1,812.3,151.68
ZA-00030521,1,SKU68731,ZAV00648,1,104.95,57.08
ZA-00030522,1,SKU46861,ZAV00139,2,408.09,154.05
ZA-00030522,2,SKU98246,ZAV00361,3,152.84,135.43
ZA-00030523,1,SKU43941,ZAV00629,1,199.5,143.47
ZA-00030523,2,SKU90945,ZAV00149,1,184.65,161.16
ZA-00030524,1,SKU73977,ZAV00188,1,254.19,97.17
ZA-00030525,1,SKU39681,ZAV00627,2,390.28,41.63
ZA-00030526,1,SKU84540,ZAV00514,1,425.14,140.12
ZA-00030526,2,SKU37405,ZAV00315,1,208.04,92.06
ZA-00030527,1,SKU76726,ZAV00376,2,1554.03,47.71
ZA-00030528,1,SKU12217,ZAV00104,1,583.11,128.99
ZA-00030529,1,SKU11257,ZAV00651,2,492.04,163.26
ZA-00030530,1,SKU50905,ZAV00208,1,249.72,51.03
ZA-00030531,1,SKU89904,ZAV00495,1,335.04,35.23
ZA-00030532,1,SKU78936,ZAV00054,1,116.54,165.57
ZA-00030532,2,SKU90846,ZAV00734,1,724.86,143.68
ZA-00030533,1,SKU41603,ZAV00745,1,76.04,141.88
ZA-00030534,1,SKU45806,ZAV00243,1,376.43,82.03
ZA-00030535,1,SKU43848,ZAV00425,1,1095.68,52.08
ZA-00030535,2,SKU38249,ZAV00697,1,1179.71,164.71
ZA-00030536,1,SKU37195,ZAV00659,1,44.35,135.1
ZA-00030537,1,SKU13514,ZAV00514,1,358.59,80.96
ZA-00030538,1,SKU56051,ZAV00574,2,446.37,152.67
ZA-00030539,1,SKU76749,ZAV00429,1,195.74,106.57
ZA-00030540,1,SKU25747,ZAV00196,1,450.65,150.51
ZA-00030541,1,SKU42526,ZAV00224,1,364.66,118.92
ZA-00030542,1,SKU33908,ZAV00295,1,354.75,93.79
ZA-00030542,2,SKU79192,ZAV00375,1,903.69,80.19
ZA-00030543,1,SKU41363,ZAV00001,1,152.05,133.39
ZA-00030544,1,SKU52971,ZAV00047,1,451.44,124.63
ZA-00030545,1,SKU25164,ZAV00403,1,172.22,79.01
ZA-00030545,2,SKU86603,ZAV00187,1,365.64,85.79
ZA-00030546,1,SKU86220,ZAV00694,1,1383.8,41.96
ZA-00030546,2,SKU76346,ZAV00650,1,78.08,71.55
ZA-00030547,1,SKU76461,ZAV00742,1,534.4,179.79
ZA-00030548,1,SKU15839,ZAV00682,1,684.89,58.22
ZA-00030549,1,SKU63548,ZAV00306,1,787.31,141.94
ZA-00030550,1,SKU60055,ZAV00134,1,534.71,97.34
ZA-00030551,1,SKU66453,ZAV00484,1,579.71,37.02
ZA-00030552,1,SKU88672,ZAV00290,1,282.1,73.68
ZA-00030553,1,SKU57366,ZAV00072,1,531.9,40.24
ZA-00030553,2,SKU71819,ZAV00095,1,462.78,149.53
ZA-00030553,3,SKU86249,ZAV00516,1,2118.48,76.51
ZA-00030554,1,SKU20714,ZAV00561,1,948.73,94.25
ZA-00030555,1,SKU80082,ZAV00489,1,1227.19,67.48
ZA-00030555,2,SKU34359,ZAV00048,2,228.8,175.0
ZA-00030556,1,SKU97777,ZAV00473,2,1429.25,93.88
ZA-00030557,1,SKU70499,ZAV00186,1,455.25,80.22
ZA-00030558,1,SKU56207,ZAV00482,1,237.9,176.9
ZA-00030559,1,SKU75909,ZAV00385,1,1772.8,59.55
ZA-00030560,1,SKU76850,ZAV00230,1,126.16,90.18
ZA-00030561,1,SKU75296,ZAV00274,2,265.6,149.22
ZA-00030561,2,SKU17312,ZAV00615,1,323.43,135.39
ZA-00030562,1,SKU39843,ZAV00153,1,318.64,61.05
ZA-00030563,1,SKU58681,ZAV00386,2,403.08,104.35
ZA-00030564,1,SKU91544,ZAV00463,1,806.29,94.0
ZA-00030565,1,SKU75513,ZAV00098,1,127.71,54.59
ZA-00030566,1,SKU73375,ZAV00306,1,655.26,40.47
ZA-00030567,1,SKU90242,ZAV00017,2,217.93,88.55
ZA-00030568,1,SKU56889,ZAV00287,1,905.77,82.25
ZA-00030568,2,SKU16119,ZAV00780,1,1440.98,88.94
ZA-00030568,3,SKU61698,ZAV00280,1,269.43,103.94
ZA-00030569,1,SKU62629,ZAV00570,1,445.37,131.54
ZA-00030570,1,SKU62525,ZAV00030,1,185.49,117.04
ZA-00030571,1,SKU58036,ZAV00324,1,672.69,163.04
ZA-00030572,1,SKU59710,ZAV00567,1,767.0,106.54
ZA-00030573,1,SKU90348,ZAV00800,1,540.18,123.77
ZA-00030574,1,SKU88116,ZAV00766,1,1094.85,42.05
ZA-00030575,1,SKU23106,ZAV00344,1,814.35,127.67
ZA-00030575,2,SKU94581,ZAV00504,1,395.88,159.04
ZA-00030576,1,SKU86335,ZAV00205,1,441.91,176.11
ZA-00030577,1,SKU71150,ZAV00343,1,146.94,86.03
ZA-00030578,1,SKU32151,ZAV00249,1,769.5,48.31
ZA-00030579,1,SKU38594,ZAV00379,1,129.27,178.47
ZA-00030580,1,SKU94828,ZAV00088,1,567.47,45.96
ZA-00030581,1,SKU64801,ZAV00074,3,333.55,79.81
ZA-00030582,1,SKU61457,ZAV00159,1,187.16,85.43
ZA-00030582,2,SKU26041,ZAV00654,1,490.36,115.04
ZA-00030583,1,SKU91175,ZAV00305,1,1129.37,136.26
ZA-00030584,1,SKU95250,ZAV00066,1,560.64,39.72
ZA-00030584,2,SKU36533,ZAV00451,1,3159.79,41.23
ZA-00030584,3,SKU69487,ZAV00538,2,132.03,112.1
ZA-00030585,1,SKU25584,ZAV00193,1,218.75,51.61
ZA-00030586,1,SKU11741,ZAV00780,1,353.56,62.36
ZA-00030587,1,SKU37212,ZAV00598,1,1616.26,118.88
ZA-00030587,2,SKU23546,ZAV00760,2,653.8,70.53
ZA-00030588,1,SKU88785,ZAV00599,2,559.67,106.41
ZA-00030589,1,SKU87947,ZAV00036,1,2473.63,36.9
ZA-00030590,1,SKU47589,ZAV00422,1,729.6,111.3
ZA-00030591,1,SKU42350,ZAV00096,1,197.73,178.22
ZA-00030592,1,SKU10548,ZAV00264,3,355.1,178.73
ZA-00030592,2,SKU86249,ZAV00538,1,231.65,154.01
ZA-00030593,1,SKU34880,ZAV00482,1,501.34,88.91
ZA-00030594,1,SKU29732,ZAV00720,1,1102.17,151.2
ZA-00030594,2,SKU83669,ZAV00394,2,2738.89,157.45
ZA-00030594,3,SKU20621,ZAV00658,1,425.49,124.86
ZA-00030595,1,SKU20789,ZAV00552,1,131.88,164.13
ZA-00030596,1,SKU54897,ZAV00027,1,241.35,149.5
ZA-00030597,1,SKU89839,ZAV00766,1,1767.43,48.51
ZA-00030598,1,SKU34681,ZAV00486,2,184.98,94.32
ZA-00030599,1,SKU65994,ZAV00263,1,1228.16,140.28
ZA-00030600,1,SKU15915,ZAV00664,2,49.02,51.23
ZA-00030600,2,SKU74196,ZAV00296,1,767.04,145.37
ZA-00030601,1,SKU68228,ZAV00391,2,822.9,164.16
ZA-00030602,1,SKU93871,ZAV00745,1,537.97,151.54
ZA-00030603,1,SKU47077,ZAV00796,1,284.11,145.8
ZA-00030603,2,SKU52777,ZAV00492,1,774.23,48.28
ZA-00030604,1,SKU27673,ZAV00070,1,537.82,141.99
ZA-00030605,1,SKU21094,ZAV00051,1,869.37,118.31
ZA-00030606,1,SKU56403,ZAV00765,1,414.28,153.1
ZA-00030607,1,SKU90392,ZAV00785,1,594.21,108.05
ZA-00030607,2,SKU57537,ZAV00475,1,425.41,123.76
ZA-00030608,1,SKU30543,ZAV00004,1,555.34,158.84
ZA-00030609,1,SKU83232,ZAV00269,1,345.22,168.59
ZA-00030610,1,SKU71049,ZAV00407,2,899.38,36.45
ZA-00030610,2,SKU27384,ZAV00579,1,157.82,155.06
ZA-00030610,3,SKU77813,ZAV00772,1,1060.87,140.89
ZA-00030611,1,SKU98184,ZAV00025,1,233.4,169.28
ZA-00030612,1,SKU64876,ZAV00007,1,400.93,62.3
ZA-00030612,2,SKU96877,ZAV00695,1,4249.14,68.01
ZA-00030612,3,SKU65664,ZAV00237,1,1738.66,145.89
ZA-00030613,1,SKU97500,ZAV00544,1,183.36,68.35
ZA-00030614,1,SKU56786,ZAV00272,1,633.46,150.16
ZA-00030615,1,SKU78666,ZAV00775,1,2034.62,97.39
ZA-00030616,1,SKU31582,ZAV00098,1,431.17,108.94
ZA-00030617,1,SKU56498,ZAV00073,1,613.96,92.13
ZA-00030618,1,SKU70072,ZAV00339,1,539.11,104.05
ZA-00030619,1,SKU28585,ZAV00740,1,1441.48,49.35
ZA-00030620,1,SKU99871,ZAV00349,1,546.32,147.01
ZA-00030620,2,SKU32607,ZAV00619,1,258.15,173.81
ZA-00030621,1,SKU35523,ZAV00346,2,813.22,159.09
ZA-00030622,1,SKU54162,ZAV00075,1,440.41,129.41
ZA-00030623,1,SKU83099,ZAV00554,2,415.35,123.89
ZA-00030623,2,SKU98033,ZAV00725,1,676.63,88.38
ZA-00030624,1,SKU69705,ZAV00198,1,192.76,66.56
ZA-00030625,1,SKU52480,ZAV00725,1,332.5,42.38
ZA-00030626,1,SKU40419,ZAV00449,2,239.29,84.59
ZA-00030627,1,SKU81191,ZAV00449,1,2281.62,152.98
ZA-00030628,1,SKU87630,ZAV00771,1,217.05,63.32
ZA-00030629,1,SKU82777,ZAV00549,1,255.16,94.74
ZA-00030630,1,SKU72556,ZAV00140,1,244.22,52.6
ZA-00030631,1,SKU33337,ZAV00147,1,338.3,35.63
ZA-00030632,1,SKU54218,ZAV00548,1,117.02,77.05
ZA-00030633,1,SKU53739,ZAV00340,1,700.68,96.82
ZA-00030634,1,SKU18784,ZAV00639,1,368.09,178.71
ZA-00030635,1,SKU34652,ZAV00058,1,516.43,171.96
ZA-00030635,2,SKU21038,ZAV00399,2,1098.49,145.09
ZA-00030636,1,SKU59113,ZAV00545,1,2702.91,77.73
ZA-00030637,1,SKU26757,ZAV00536,1,225.49,116.1
ZA-00030638,1,SKU36272,ZAV00392,1,470.01,153.03
ZA-00030639,1,SKU94464,ZAV00615,1,305.24,133.04
ZA-00030640,1,SKU59971,ZAV00713,2,838.07,119.0
ZA-00030641,1,SKU19576,ZAV00490,1,27.64,153.51
ZA-00030642,1,SKU21346,ZAV00355,1,594.69,167.12
ZA-00030643,1,SKU31443,ZAV00152,1,584.72,140.14
ZA-00030644,1,SKU45147,ZAV00633,1,821.05,154.91
ZA-00030645,1,SKU97678,ZAV00263,1,513.38,42.75
ZA-00030646,1,SKU34872,ZAV00426,1,339.96,71.35
ZA-00030647,1,SKU19228,ZAV00656,1,311.57,112.06
ZA-00030648,1,SKU21299,ZAV00214,1,344.14,161.5
ZA-00030649,1,SKU50944,ZAV00455,3,178.92,134.75
ZA-00030649,2,SKU89220,ZAV00499,1,431.5,161.26
ZA-00030650,1,SKU15051,ZAV00167,1,685.51,86.29
ZA-00030651,1,SKU33578,ZAV00365,1,1100.67,103.85
ZA-00030652,1,SKU64160,ZAV00623,1,1402.64,88.15
ZA-00030653,1,SKU52995,ZAV00707,1,593.68,83.78
ZA-00030654,1,SKU47916,ZAV00505,2,207.64,100.83
ZA-00030655,1,SKU94413,ZAV00163,1,471.24,120.32
ZA-00030656,1,SKU97930,ZAV00081,1,907.1,91.72
ZA-00030657,1,SKU69150,ZAV00202,1,134.96,97.1
ZA-00030658,1,SKU26674,ZAV00710,1,1045.13,49.89
ZA-00030659,1,SKU41488,ZAV00540,2,803.63,118.02
ZA-00030660,1,SKU13567,ZAV00787,1,295.15,104.82
ZA-00030660,2,SKU36142,ZAV00790,1,939.77,62.87
ZA-00030661,1,SKU77883,ZAV00075,1,1504.54,107.01
ZA-00030662,1,SKU62000,ZAV00739,1,260.09,120.71
ZA-00030663,1,SKU69399,ZAV00265,2,230.98,147.9
ZA-00030663,2,SKU36345,ZAV00236,1,149.8,106.86
ZA-00030664,1,SKU43536,ZAV00044,2,274.31,86.03
ZA-00030664,2,SKU31870,ZAV00681,1,2080.53,97.31
ZA-00030665,1,SKU38105,ZAV00381,1,419.89,80.24
ZA-00030666,1,SKU41947,ZAV00763,1,733.54,70.83
ZA-00030667,1,SKU51334,ZAV00134,1,723.72,120.43
ZA-00030668,1,SKU68544,ZAV00182,1,732.08,59.36
ZA-00030669,1,SKU31128,ZAV00780,1,195.13,65.16
ZA-00030669,2,SKU34799,ZAV00092,1,558.27,133.69
ZA-00030670,1,SKU41054,ZAV00422,1,865.71,139.62
ZA-00030671,1,SKU11434,ZAV00106,1,1143.73,58.35
ZA-00030672,1,SKU88940,ZAV00137,1,345.03,116.24
ZA-00030673,1,SKU71357,ZAV00462,1,1035.06,111.31
ZA-00030673,2,SKU75774,ZAV00778,1,286.59,81.82
ZA-00030674,1,SKU92036,ZAV00684,1,196.18,55.04
ZA-00030675,1,SKU37217,ZAV00498,1,1832.3,154.37
ZA-00030675,2,SKU27401,ZAV00033,1,870.07,164.98
ZA-00030676,1,SKU66661,ZAV00403,1,1030.5,170.61
ZA-00030677,1,SKU97727,ZAV00153,1,436.3,119.74
ZA-00030678,1,SKU92306,ZAV00179,1,864.91,105.49
ZA-00030679,1,SKU83954,ZAV00379,1,321.26,45.04
ZA-00030680,1,SKU47691,ZAV00267,1,285.18,68.74
ZA-00030681,1,SKU39261,ZAV00585,1,245.26,111.44
ZA-00030681,2,SKU75005,ZAV00057,1,184.52,95.83
ZA-00030682,1,SKU89600,ZAV00720,1,265.92,40.39
ZA-00030682,2,SKU96577,ZAV00154,1,85.53,173.37
ZA-00030683,1,SKU55028,ZAV00777,1,915.75,131.23
ZA-00030684,1,SKU71611,ZAV00434,1,864.08,62.53
ZA-00030685,1,SKU29217,ZAV00156,1,1095.87,68.75
ZA-00030686,1,SKU65161,ZAV00670,1,427.66,98.34
ZA-00030687,1,SKU48750,ZAV00211,1,863.01,83.16
ZA-00030688,1,SKU53559,ZAV00211,1,823.52,118.1
ZA-00030689,1,SKU12393,ZAV00512,2,363.06,46.03
ZA-00030690,1,SKU26138,ZAV00695,1,491.64,137.51
ZA-00030691,1,SKU98443,ZAV00218,1,1081.57,140.0
ZA-00030692,1,SKU17066,ZAV00683,1,814.93,53.17
ZA-00030692,2,SKU28843,ZAV00187,1,863.31,57.37
ZA-00030693,1,SKU18114,ZAV00553,1,463.46,151.65
ZA-00030693,2,SKU38197,ZAV00797,1,580.26,163.63
ZA-00030694,1,SKU89935,ZAV00492,1,188.59,104.63
ZA-00030695,1,SKU74316,ZAV00279,1,943.69,112.02
ZA-00030696,1,SKU27505,ZAV00325,1,605.62,135.47
ZA-00030697,1,SKU68031,ZAV00012,1,1339.4,90.72
ZA-00030698,1,SKU97950,ZAV00795,1,1405.98,118.77
ZA-00030699,1,SKU89496,ZAV00737,1,244.15,60.87
ZA-00030700,1,SKU16177,ZAV00087,1,139.2,84.73
ZA-00030701,1,SKU93486,ZAV00406,2,558.73,43.06
ZA-00030702,1,SKU91757,ZAV00492,1,1040.01,110.1
ZA-00030703,1,SKU17738,ZAV00691,1,440.39,89.45
ZA-00030703,2,SKU32358,ZAV00441,1,2048.42,65.8
ZA-00030704,1,SKU75679,ZAV00753,2,590.81,128.36
ZA-00030705,1,SKU93987,ZAV00040,1,330.58,177.72
ZA-00030706,1,SKU85751,ZAV00649,1,597.76,87.6
ZA-00030707,1,SKU63062,ZAV00182,1,327.0,117.89
ZA-00030708,1,SKU22096,ZAV00225,1,496.4,148.77
ZA-00030709,1,SKU82046,ZAV00495,1,232.36,82.08
ZA-00030710,1,SKU79235,ZAV00109,1,82.33,103.13
ZA-00030710,2,SKU41599,ZAV00715,1,486.95,45.42
ZA-00030711,1,SKU12301,ZAV00648,1,1414.34,94.53
ZA-00030711,2,SKU25750,ZAV00765,1,2999.58,39.56
ZA-00030712,1,SKU78238,ZAV00338,2,242.39,148.46
ZA-00030713,1,SKU94847,ZAV00358,1,361.72,149.25
ZA-00030714,1,SKU90705,ZAV00346,1,163.49,178.9
ZA-00030715,1,SKU29967,ZAV00313,1,237.49,131.58
ZA-00030716,1,SKU20399,ZAV00374,1,1414.64,158.07
ZA-00030717,1,SKU21194,ZAV00265,1,350.15,119.23
ZA-00030718,1,SKU56609,ZAV00653,1,245.87,78.51
ZA-00030719,1,SKU51061,ZAV00289,2,447.84,129.95
ZA-00030720,1,SKU11464,ZAV00388,1,253.96,167.99
ZA-00030721,1,SKU69618,ZAV00347,1,455.74,176.65
ZA-00030722,1,SKU36269,ZAV00170,1,440.33,168.83
ZA-00030723,1,SKU66182,ZAV00457,1,228.85,74.82
ZA-00030724,1,SKU40797,ZAV00601,1,428.42,95.71
ZA-00030725,1,SKU15239,ZAV00604,1,490.7,173.04
ZA-00030726,1,SKU39520,ZAV00569,1,477.51,125.34
ZA-00030727,1,SKU80337,ZAV00340,1,153.85,127.73
ZA-00030727,2,SKU19970,ZAV00479,1,1309.57,127.04
ZA-00030728,1,SKU96985,ZAV00385,1,167.42,145.57
ZA-00030729,1,SKU11555,ZAV00032,1,35.84,149.02
ZA-00030730,1,SKU22470,ZAV00345,1,2339.93,113.04
ZA-00030731,1,SKU11319,ZAV00209,1,1446.51,145.64
ZA-00030732,1,SKU57292,ZAV00591,1,918.12,174.08
ZA-00030733,1,SKU69918,ZAV00598,1,306.5,137.75
ZA-00030733,2,SKU69138,ZAV00211,1,695.02,55.72
ZA-00030734,1,SKU48655,ZAV00388,1,257.28,134.9
ZA-00030735,1,SKU28957,ZAV00422,1,469.09,130.68
ZA-00030736,1,SKU25101,ZAV00645,1,234.2,132.42
ZA-00030736,2,SKU54020,ZAV00523,1,745.9,115.35
ZA-00030737,1,SKU18895,ZAV00142,1,590.3,159.76
ZA-00030738,1,SKU71881,ZAV00332,1,242.0,116.77
ZA-00030739,1,SKU90374,ZAV00593,2,494.34,63.77
ZA-00030740,1,SKU45043,ZAV00236,1,266.81,61.88
ZA-00030740,2,SKU92140,ZAV00007,1,163.4,162.25
ZA-00030741,1,SKU88270,ZAV00327,1,1989.88,73.12
ZA-00030742,1,SKU26916,ZAV00587,1,778.91,89.03
ZA-00030743,1,SKU73595,ZAV00557,1,1327.39,135.65
ZA-00030743,2,SKU81342,ZAV00366,1,328.88,165.56
ZA-00030744,1,SKU53227,ZAV00649,1,812.09,165.44
ZA-00030745,1,SKU51105,ZAV00541,1,855.22,166.18
ZA-00030746,1,SKU83999,ZAV00479,1,363.54,71.53
ZA-00030747,1,SKU68465,ZAV00047,1,440.76,89.64
ZA-00030747,2,SKU43381,ZAV00036,1,923.9,173.13
ZA-00030747,3,SKU80471,ZAV00740,1,265.62,104.93
ZA-00030748,1,SKU70543,ZAV00097,1,1072.73,151.85
ZA-00030748,2,SKU28801,ZAV00078,1,353.54,41.18
ZA-00030748,3,SKU69309,ZAV00221,1,733.4,61.33
ZA-00030749,1,SKU62073,ZAV00683,1,151.54,153.36
ZA-00030750,1,SKU85890,ZAV00362,1,227.53,140.26
ZA-00030751,1,SKU48541,ZAV00011,1,1131.69,58.14
ZA-00030752,1,SKU47671,ZAV00574,1,755.56,92.28
ZA-00030752,2,SKU60210,ZAV00047,1,472.28,47.95
ZA-00030753,1,SKU83404,ZAV00143,1,71.09,78.5
ZA-00030753,2,SKU55719,ZAV00560,3,173.03,174.21
ZA-00030754,1,SKU93865,ZAV00773,1,398.37,141.37
ZA-00030754,2,SKU54641,ZAV00563,1,465.92,114.23
ZA-00030755,1,SKU52109,ZAV00644,1,1056.44,124.59
ZA-00030756,1,SKU99956,ZAV00746,1,295.9,147.22
ZA-00030757,1,SKU30906,ZAV00233,2,783.06,43.49
ZA-00030758,1,SKU71858,ZAV00779,1,210.75,125.79
ZA-00030759,1,SKU60388,ZAV00244,1,107.42,148.36
ZA-00030759,2,SKU95023,ZAV00321,1,119.94,107.48
ZA-00030759,3,SKU55887,ZAV00494,1,1924.96,150.71
ZA-00030760,1,SKU81962,ZAV00798,1,2910.84,39.84
ZA-00030761,1,SKU81191,ZAV00379,1,169.36,79.05
ZA-00030762,1,SKU15972,ZAV00174,1,570.86,50.66
ZA-00030763,1,SKU56400,ZAV00554,3,424.66,110.38
ZA-00030764,1,SKU92916,ZAV00552,1,808.17,60.02
ZA-00030765,1,SKU26152,ZAV00384,1,790.94,72.06
ZA-00030766,1,SKU57062,ZAV00225,1,665.62,128.37
ZA-00030767,1,SKU52353,ZAV00383,1,164.23,175.61
ZA-00030767,2,SKU70580,ZAV00503,2,335.23,122.3
ZA-00030768,1,SKU71193,ZAV00441,1,642.2,97.67
ZA-00030769,1,SKU21202,ZAV00182,1,513.04,157.58
ZA-00030770,1,SKU84054,ZAV00416,2,596.56,139.05
ZA-00030771,1,SKU15403,ZAV00225,1,479.48,95.07
ZA-00030772,1,SKU92961,ZAV00550,1,311.18,117.29
ZA-00030773,1,SKU90170,ZAV00001,1,589.85,110.23
ZA-00030774,1,SKU75090,ZAV00689,1,561.52,116.57
ZA-00030774,2,SKU75894,ZAV00509,1,1262.85,105.94
ZA-00030775,1,SKU37665,ZAV00400,1,557.67,49.98
ZA-00030776,1,SKU90721,ZAV00109,1,959.99,128.04
ZA-00030777,1,SKU21434,ZAV00036,1,929.33,153.62
ZA-00030778,1,SKU34543,ZAV00627,2,1240.65,167.56
ZA-00030778,2,SKU29073,ZAV00782,1,255.82,93.82
ZA-00030779,1,SKU43532,ZAV00630,1,118.24,128.91
ZA-00030780,1,SKU46066,ZAV00545,1,5462.14,112.17
ZA-00030780,2,SKU35251,ZAV00700,1,596.38,102.87
ZA-00030781,1,SKU33993,ZAV00658,1,494.81,134.83
ZA-00030782,1,SKU86938,ZAV00266,1,224.15,105.39
ZA-00030783,1,SKU70353,ZAV00564,1,409.15,153.98
ZA-00030784,1,SKU87136,ZAV00048,1,510.3,170.34
ZA-00030785,1,SKU81932,ZAV00015,1,189.37,129.69
ZA-00030785,2,SKU40544,ZAV00244,1,788.05,163.7
ZA-00030786,1,SKU84373,ZAV00435,1,460.29,151.25
ZA-00030787,1,SKU31872,ZAV00068,1,394.04,54.71
ZA-00030788,1,SKU36142,ZAV00110,3,639.19,92.44
ZA-00030789,1,SKU39664,ZAV00724,1,842.77,142.53
ZA-00030790,1,SKU33387,ZAV00460,1,1288.63,79.71
ZA-00030790,2,SKU39068,ZAV00735,2,2557.15,162.6
ZA-00030790,3,SKU95520,ZAV00202,1,445.33,124.22
ZA-00030791,1,SKU20125,ZAV00368,1,1394.33,165.01
ZA-00030792,1,SKU85947,ZAV00628,1,412.66,37.47
ZA-00030793,1,SKU40693,ZAV00792,1,793.2,145.99
ZA-00030794,1,SKU88529,ZAV00113,1,86.62,152.59
ZA-00030795,1,SKU54992,ZAV00037,1,495.22,40.73
ZA-00030796,1,SKU36071,ZAV00720,1,1175.87,113.57
ZA-00030797,1,SKU29726,ZAV00111,1,1750.31,65.49
ZA-00030798,1,SKU47691,ZAV00644,1,756.58,54.91
ZA-00030799,1,SKU38922,ZAV00524,1,566.12,56.1
ZA-00030800,1,SKU87263,ZAV00439,1,254.53,164.21
ZA-00030800,2,SKU13681,ZAV00474,1,649.05,130.94
ZA-00030801,1,SKU55759,ZAV00302,1,626.6,66.87
ZA-00030801,2,SKU31671,ZAV00193,1,453.72,88.22
ZA-00030802,1,SKU31871,ZAV00647,1,1002.68,85.24
ZA-00030803,1,SKU62203,ZAV00717,1,142.65,173.75
ZA-00030804,1,SKU72951,ZAV00595,1,695.24,36.79
ZA-00030804,2,SKU15102,ZAV00045,1,499.88,46.24
ZA-00030805,1,SKU30700,ZAV00045,1,239.77,142.66
ZA-00030806,1,SKU22390,ZAV00240,1,275.54,167.12
ZA-00030807,1,SKU93045,ZAV00703,1,1048.87,70.93
ZA-00030808,1,SKU59100,ZAV00242,1,844.93,155.72
ZA-00030809,1,SKU48098,ZAV00487,1,809.98,179.66
ZA-00030810,1,SKU26573,ZAV00482,1,445.93,106.02
ZA-00030811,1,SKU71145,ZAV00163,1,498.88,150.18
ZA-00030812,1,SKU75219,ZAV00794,1,418.66,57.38
ZA-00030813,1,SKU28247,ZAV00013,1,487.39,147.24
ZA-00030813,2,SKU70854,ZAV00422,1,331.3,121.32
ZA-00030814,1,SKU99093,ZAV00097,2,765.03,95.98
ZA-00030815,1,SKU14210,ZAV00169,2,548.4,170.91
ZA-00030816,1,SKU85798,ZAV00405,1,268.85,52.37
ZA-00030817,1,SKU37159,ZAV00304,1,1904.72,149.31
ZA-00030818,1,SKU86422,ZAV00341,1,204.66,177.67
ZA-00030819,1,SKU26312,ZAV00135,1,2654.86,114.36
ZA-00030820,1,SKU49744,ZAV00516,1,3300.28,130.57
ZA-00030821,1,SKU19810,ZAV00137,1,361.04,41.42
ZA-00030822,1,SKU59238,ZAV00041,1,491.71,113.38
ZA-00030823,1,SKU33075,ZAV00329,1,152.84,162.18
ZA-00030824,1,SKU73786,ZAV00357,1,276.6,141.21
ZA-00030825,1,SKU39781,ZAV00352,3,389.13,155.18
ZA-00030826,1,SKU14808,ZAV00341,1,637.7,41.51
ZA-00030827,1,SKU88584,ZAV00086,1,306.56,158.64
ZA-00030828,1,SKU10050,ZAV00689,1,770.89,78.17
ZA-00030829,1,SKU28353,ZAV00740,1,609.69,142.08
ZA-00030830,1,SKU61288,ZAV00623,1,63.64,156.89
ZA-00030831,1,SKU44193,ZAV00793,1,240.21,120.45
ZA-00030832,1,SKU58768,ZAV00498,1,647.19,73.45
ZA-00030833,1,SKU50614,ZAV00082,1,2202.49,43.17
ZA-00030834,1,SKU59824,ZAV00260,1,219.72,75.21
ZA-00030835,1,SKU65015,ZAV00173,1,257.89,173.57
ZA-00030836,1,SKU61283,ZAV00649,2,282.28,57.66
ZA-00030837,1,SKU82382,ZAV00004,2,255.24,129.69
ZA-00030838,1,SKU31674,ZAV00157,1,539.56,127.91
ZA-00030839,1,SKU79755,ZAV00124,1,766.54,139.21
ZA-00030840,1,SKU82440,ZAV00388,1,97.38,47.04
ZA-00030841,1,SKU79794,ZAV00533,1,229.19,78.17
ZA-00030841,2,SKU38889,ZAV00070,1,370.6,45.26
ZA-00030841,3,SKU92433,ZAV00749,1,954.38,113.18
ZA-00030842,1,SKU56338,ZAV00484,1,288.07,86.43
ZA-00030843,1,SKU72855,ZAV00596,1,534.66,107.68
ZA-00030844,1,SKU23256,ZAV00604,1,1815.52,169.43
ZA-00030845,1,SKU11908,ZAV00523,1,332.28,131.76
ZA-00030846,1,SKU65635,ZAV00777,1,254.15,116.45
ZA-00030846,2,SKU60078,ZAV00350,1,533.78,104.31
ZA-00030847,1,SKU19509,ZAV00645,1,213.2,104.08
ZA-00030848,1,SKU89787,ZAV00304,1,3125.14,43.99
ZA-00030848,2,SKU82283,ZAV00355,1,161.43,80.25
ZA-00030848,3,SKU98597,ZAV00229,1,594.61,124.47
ZA-00030849,1,SKU88229,ZAV00688,3,470.15,67.3
ZA-00030850,1,SKU35111,ZAV00692,1,211.66,60.09
ZA-00030851,1,SKU28326,ZAV00180,1,744.17,79.85
ZA-00030851,2,SKU17421,ZAV00156,1,707.25,151.07
ZA-00030852,1,SKU54123,ZAV00540,1,181.56,99.03
ZA-00030853,1,SKU29455,ZAV00682,1,603.22,42.48
ZA-00030854,1,SKU78716,ZAV00570,1,523.41,173.93
ZA-00030854,2,SKU83964,ZAV00545,1,119.87,95.48
ZA-00030854,3,SKU15624,ZAV00552,2,207.25,161.28
ZA-00030855,1,SKU44060,ZAV00694,1,224.46,127.65
ZA-00030856,1,SKU10008,ZAV00793,1,237.5,119.96
ZA-00030857,1,SKU17567,ZAV00048,1,731.19,127.07
ZA-00030858,1,SKU78974,ZAV00075,1,917.18,108.02
ZA-00030859,1,SKU91799,ZAV00492,1,538.26,154.36
ZA-00030859,2,SKU74517,ZAV00702,2,327.28,104.91
ZA-00030860,1,SKU16246,ZAV00472,1,248.4,59.76
ZA-00030861,1,SKU55248,ZAV00046,1,695.52,96.15
ZA-00030861,2,SKU71439,ZAV00403,1,482.16,48.15
ZA-00030862,1,SKU30711,ZAV00282,2,542.19,154.99
ZA-00030863,1,SKU61512,ZAV00170,1,215.47,161.3
ZA-00030863,2,SKU56797,ZAV00497,1,676.48,109.93
ZA-00030864,1,SKU75473,ZAV00129,1,169.78,54.53
ZA-00030865,1,SKU48959,ZAV00410,1,167.72,51.72
ZA-00030866,1,SKU20507,ZAV00491,1,3211.06,71.94
ZA-00030866,2,SKU81600,ZAV00772,1,443.02,121.25
ZA-00030867,1,SKU89596,ZAV00445,1,5854.63,68.07
ZA-00030868,1,SKU83912,ZAV00255,1,1190.42,119.02
ZA-00030869,1,SKU36248,ZAV00349,1,617.11,58.34
ZA-00030870,1,SKU47193,ZAV00520,1,1255.14,106.39
ZA-00030871,1,SKU85838,ZAV00753,1,300.89,72.39
ZA-00030871,2,SKU60103,ZAV00611,3,474.08,84.64
ZA-00030871,3,SKU12256,ZAV00204,1,339.25,58.47
ZA-00030872,1,SKU32944,ZAV00735,1,140.11,90.56
ZA-00030873,1,SKU26874,ZAV00609,1,942.35,68.7
ZA-00030874,1,SKU91087,ZAV00124,1,179.67,119.71
ZA-00030875,1,SKU75587,ZAV00797,1,1107.7,116.21
ZA-00030875,2,SKU32306,ZAV00058,1,257.17,58.14
ZA-00030876,1,SKU57491,ZAV00780,1,125.14,45.22
ZA-00030877,1,SKU48351,ZAV00362,1,155.36,104.93
ZA-00030878,1,SKU26928,ZAV00151,1,1076.87,72.72
ZA-00030879,1,SKU69816,ZAV00241,2,393.16,116.26
ZA-00030880,1,SKU63358,ZAV00498,1,527.25,76.79
ZA-00030881,1,SKU24451,ZAV00729,1,945.96,35.69
ZA-00030882,1,SKU69543,ZAV00739,1,618.44,39.57
ZA-00030883,1,SKU19786,ZAV00506,1,381.6,152.22
ZA-00030883,2,SKU35397,ZAV00724,1,944.94,156.99
ZA-00030884,1,SKU20978,ZAV00371,1,366.73,94.64
ZA-00030885,1,SKU98367,ZAV00641,1,164.09,141.67
ZA-00030886,1,SKU76858,ZAV00524,1,660.43,158.15
ZA-00030887,1,SKU14968,ZAV00020,2,644.42,97.55
ZA-00030888,1,SKU69555,ZAV00154,2,846.5,85.08
ZA-00030888,2,SKU42234,ZAV00455,1,515.26,128.63
ZA-00030889,1,SKU46722,ZAV00423,3,1600.59,73.96
ZA-00030889,2,SKU66380,ZAV00485,1,1104.43,154.69
ZA-00030890,1,SKU38469,ZAV00322,1,2974.94,38.52
ZA-00030890,2,SKU65149,ZAV00551,1,540.38,170.12
ZA-00030891,1,SKU52922,ZAV00202,2,3222.68,63.84
ZA-00030892,1,SKU99093,ZAV00269,2,185.48,45.37
ZA-00030893,1,SKU15726,ZAV00349,1,277.0,54.84
ZA-00030893,2,SKU69041,ZAV00009,3,438.65,108.15
ZA-00030894,1,SKU43294,ZAV00688,1,1666.58,154.34
ZA-00030895,1,SKU34714,ZAV00377,2,127.67,175.4
ZA-00030896,1,SKU89911,ZAV00771,1,105.36,157.35
ZA-00030896,2,SKU26042,ZAV00600,1,612.58,108.88
ZA-00030897,1,SKU72443,ZAV00292,1,1492.04,153.07
ZA-00030898,1,SKU30172,ZAV00245,1,339.43,138.45
ZA-00030899,1,SKU25333,ZAV00169,1,297.27,126.91
ZA-00030900,1,SKU29103,ZAV00176,1,502.31,170.89
ZA-00030901,1,SKU70617,ZAV00664,2,880.99,155.21
ZA-00030902,1,SKU69314,ZAV00132,1,445.91,133.22
ZA-00030902,2,SKU27254,ZAV00541,2,421.08,108.82
ZA-00030903,1,SKU93767,ZAV00501,2,326.63,35.78
ZA-00030904,1,SKU43734,ZAV00650,1,920.93,178.34
ZA-00030905,1,SKU11587,ZAV00081,1,610.3,74.83
ZA-00030906,1,SKU28936,ZAV00338,3,181.91,76.52
ZA-00030907,1,SKU70627,ZAV00739,1,1312.82,115.37
ZA-00030908,1,SKU72702,ZAV00618,1,485.91,88.02
ZA-00030909,1,SKU43760,ZAV00137,1,157.93,149.21
ZA-00030910,1,SKU22975,ZAV00330,1,1761.72,179.74
ZA-00030911,1,SKU96664,ZAV00010,1,737.91,120.91
ZA-00030912,1,SKU59957,ZAV00752,1,530.94,131.49
ZA-00030913,1,SKU37883,ZAV00010,1,290.74,55.42
ZA-00030914,1,SKU90344,ZAV00116,1,254.49,92.13
ZA-00030915,1,SKU67912,ZAV00032,1,1689.47,168.18
ZA-00030916,1,SKU80009,ZAV00415,2,447.77,136.93
ZA-00030917,1,SKU35206,ZAV00215,2,535.91,140.19
ZA-00030918,1,SKU53100,ZAV00490,1,178.92,105.97
ZA-00030919,1,SKU41791,ZAV00124,1,127.82,140.67
ZA-00030920,1,SKU13851,ZAV00506,2,358.75,108.32
ZA-00030920,2,SKU80824,ZAV00579,2,71.05,59.67
ZA-00030921,1,SKU25682,ZAV00409,1,424.72,78.04
ZA-00030922,1,SKU62243,ZAV00021,2,260.06,124.92
ZA-00030923,1,SKU75974,ZAV00568,1,1306.43,149.1
ZA-00030924,1,SKU16931,ZAV00547,1,206.06,58.71
ZA-00030925,1,SKU51863,ZAV00597,1,79.79,133.48
ZA-00030926,1,SKU95634,ZAV00787,2,482.36,134.67
ZA-00030927,1,SKU23854,ZAV00508,1,177.73,127.58
ZA-00030928,1,SKU42765,ZAV00109,1,82.09,87.73
ZA-00030929,1,SKU15763,ZAV00182,2,419.89,169.95
ZA-00030930,1,SKU90891,ZAV00238,1,400.28,172.26
ZA-00030930,2,SKU34704,ZAV00635,1,201.54,177.26
ZA-00030931,1,SKU56768,ZAV00179,1,110.01,119.02
ZA-00030931,2,SKU88384,ZAV00374,3,66.0,144.93
ZA-00030931,3,SKU16899,ZAV00052,1,441.09,58.38
ZA-00030932,1,SKU47322,ZAV00366,1,387.56,170.97
ZA-00030932,2,SKU22531,ZAV00729,1,415.82,78.24
ZA-00030933,1,SKU17066,ZAV00205,1,549.92,58.12
ZA-00030933,2,SKU41451,ZAV00610,1,2126.47,76.06
ZA-00030934,1,SKU22981,ZAV00622,1,577.23,68.62
ZA-00030935,1,SKU89588,ZAV00716,1,151.12,62.14
ZA-00030936,1,SKU29502,ZAV00159,1,443.7,165.63
ZA-00030937,1,SKU52714,ZAV00508,1,1337.31,131.32
ZA-00030937,2,SKU15667,ZAV00353,1,819.04,52.66
ZA-00030938,1,SKU33396,ZAV00128,2,796.1,99.49
ZA-00030938,2,SKU43833,ZAV00243,1,1734.18,173.51
ZA-00030939,1,SKU14904,ZAV00250,1,550.35,171.34
ZA-00030940,1,SKU92511,ZAV00315,1,171.24,178.96
ZA-00030940,2,SKU40343,ZAV00156,2,319.02,68.62
ZA-00030940,3,SKU51625,ZAV00217,1,210.15,85.15
ZA-00030941,1,SKU26559,ZAV00484,1,2067.88,144.45
ZA-00030942,1,SKU51886,ZAV00165,1,115.93,166.93
ZA-00030942,2,SKU68788,ZAV00767,1,803.12,111.29
ZA-00030943,1,SKU29853,ZAV00429,3,1568.07,169.91
ZA-00030944,1,SKU59998,ZAV00471,1,213.32,77.97
ZA-00030945,1,SKU78363,ZAV00647,1,166.54,179.89
ZA-00030946,1,SKU83635,ZAV00189,1,638.81,167.87
ZA-00030947,1,SKU34309,ZAV00163,2,1224.33,45.61
ZA-00030948,1,SKU27396,ZAV00591,1,467.12,84.78
ZA-00030949,1,SKU14852,ZAV00209,1,176.25,61.64
ZA-00030950,1,SKU91219,ZAV00504,1,363.87,62.64
ZA-00030951,1,SKU92590,ZAV00213,1,520.35,150.08
ZA-00030951,2,SKU39287,ZAV00741,2,545.99,57.8
ZA-00030951,3,SKU78080,ZAV00728,1,1194.64,179.53
ZA-00030952,1,SKU52624,ZAV00048,2,1174.87,84.41
ZA-00030953,1,SKU70279,ZAV00086,1,73.42,83.25
ZA-00030953,2,SKU67277,ZAV00521,1,306.57,175.2
ZA-00030953,3,SKU73666,ZAV00192,2,315.92,174.77
ZA-00030954,1,SKU28926,ZAV00004,3,353.53,101.4
ZA-00030955,1,SKU84509,ZAV00416,2,472.72,123.9
ZA-00030955,2,SKU68835,ZAV00026,3,510.81,79.22
ZA-00030956,1,SKU63169,ZAV00375,2,355.47,117.0
ZA-00030956,2,SKU65182,ZAV00779,1,364.27,125.8
ZA-00030957,1,SKU44789,ZAV00232,1,132.11,54.76
ZA-00030958,1,SKU47340,ZAV00160,1,310.24,100.29
ZA-00030959,1,SKU45008,ZAV00604,1,514.76,115.31
ZA-00030960,1,SKU48941,ZAV00328,1,48.11,145.75
ZA-00030961,1,SKU44131,ZAV00461,3,405.59,156.22
ZA-00030962,1,SKU74690,ZAV00559,1,542.55,105.94
ZA-00030962,2,SKU80195,ZAV00057,1,539.23,169.28
ZA-00030962,3,SKU60176,ZAV00370,1,694.28,145.63
ZA-00030963,1,SKU89204,ZAV00043,1,343.06,88.34
ZA-00030964,1,SKU34320,ZAV00378,2,678.36,87.96
ZA-00030965,1,SKU97305,ZAV00698,2,197.65,141.38
ZA-00030966,1,SKU42293,ZAV00644,2,176.04,86.16
ZA-00030966,2,SKU16404,ZAV00434,1,1713.08,68.35
ZA-00030967,1,SKU24553,ZAV00020,2,1623.02,45.92
ZA-00030968,1,SKU91348,ZAV00435,1,833.98,71.95
ZA-00030969,1,SKU73128,ZAV00132,1,426.32,94.12
ZA-00030970,1,SKU30736,ZAV00066,1,1908.02,150.09
ZA-00030971,1,SKU49241,ZAV00518,1,1491.77,93.65
ZA-00030972,1,SKU50580,ZAV00229,2,283.28,97.83
ZA-00030973,1,SKU51297,ZAV00664,1,677.24,114.26
ZA-00030973,2,SKU78137,ZAV00408,1,170.73,145.51
ZA-00030974,1,SKU62422,ZAV00197,1,239.24,75.54
ZA-00030974,2,SKU92022,ZAV00007,1,422.61,171.84
ZA-00030974,3,SKU77640,ZAV00324,1,445.9,106.63
ZA-00030975,1,SKU20523,ZAV00446,1,280.48,89.29
ZA-00030975,2,SKU30082,ZAV00248,2,174.63,59.94
ZA-00030976,1,SKU61641,ZAV00108,2,1863.18,112.63
ZA-00030976,2,SKU63587,ZAV00387,1,252.02,69.88
ZA-00030977,1,SKU16321,ZAV00761,1,1522.97,58.9
ZA-00030978,1,SKU44593,ZAV00245,1,616.7,58.57
ZA-00030979,1,SKU14190,ZAV00607,1,135.0,128.32
ZA-00030980,1,SKU90468,ZAV00103,1,520.65,155.48
ZA-00030981,1,SKU13072,ZAV00084,1,1381.57,167.15
ZA-00030981,2,SKU56788,ZAV00272,1,1340.76,39.99
ZA-00030982,1,SKU64094,ZAV00010,1,393.09,131.9
ZA-00030983,1,SKU88796,ZAV00370,1,493.17,156.44
ZA-00030983,2,SKU23820,ZAV00412,1,191.15,151.35
ZA-00030984,1,SKU34095,ZAV00136,1,1755.55,66.35
ZA-00030985,1,SKU21524,ZAV00297,1,915.14,174.89
ZA-00030986,1,SKU92342,ZAV00232,1,182.55,104.15
ZA-00030987,1,SKU11779,ZAV00024,1,208.28,146.16
ZA-00030987,2,SKU73310,ZAV00538,1,357.35,129.84
ZA-00030988,1,SKU81623,ZAV00404,1,1171.63,138.34
ZA-00030989,1,SKU38414,ZAV00618,1,572.62,168.04
ZA-00030989,2,SKU63729,ZAV00575,1,595.49,51.4
ZA-00030989,3,SKU53976,ZAV00127,1,105.78,109.2
ZA-00030990,1,SKU71060,ZAV00152,1,423.73,105.48
ZA-00030990,2,SKU81224,ZAV00419,1,306.94,162.99
ZA-00030991,1,SKU54908,ZAV00359,1,397.52,175.16
ZA-00030992,1,SKU99557,ZAV00034,1,188.22,120.37
ZA-00030992,2,SKU93862,ZAV00709,1,355.58,102.08
ZA-00030992,3,SKU47508,ZAV00795,1,223.76,47.71
ZA-00030993,1,SKU84365,ZAV00417,1,322.17,87.3
ZA-00030994,1,SKU87372,ZAV00115,2,720.48,153.7
ZA-00030995,1,SKU70614,ZAV00630,1,538.13,150.21
ZA-00030996,1,SKU13241,ZAV00498,1,592.15,133.22
ZA-00030996,2,SKU33174,ZAV00112,1,311.93,49.32
ZA-00030997,1,SKU41483,ZAV00025,1,541.6,70.13
ZA-00030998,1,SKU14118,ZAV00118,1,401.37,152.38
ZA-00030999,1,SKU97016,ZAV00464,1,140.09,155.85
ZA-00030999,2,SKU73698,ZAV00395,1,323.68,53.97
ZA-00031000,1,SKU69254,ZAV00612,1,332.04,136.11
ZA-00031001,1,SKU59266,ZAV00402,1,576.19,142.43
ZA-00031002,1,SKU81594,ZAV00321,1,249.27,136.7
ZA-00031003,1,SKU53283,ZAV00655,1,259.74,49.68
ZA-00031004,1,SKU59935,ZAV00662,1,289.62,160.21
ZA-00031005,1,SKU45135,ZAV00521,2,281.23,174.92
ZA-00031006,1,SKU32269,ZAV00442,1,454.69,151.33
ZA-00031006,2,SKU10119,ZAV00432,1,96.43,136.64
ZA-00031007,1,SKU77669,ZAV00514,1,395.76,57.95
ZA-00031008,1,SKU80107,ZAV00017,1,184.55,101.59
ZA-00031009,1,SKU71344,ZAV00301,1,491.98,120.22
ZA-00031010,1,SKU41847,ZAV00289,1,303.78,168.24
ZA-00031010,2,SKU77154,ZAV00179,1,451.6,141.3
ZA-00031011,1,SKU36955,ZAV00456,1,865.04,99.13
ZA-00031012,1,SKU22233,ZAV00509,1,359.01,163.69
ZA-00031013,1,SKU23556,ZAV00464,1,472.74,88.15
ZA-00031013,2,SKU85750,ZAV00253,1,143.77,58.96
ZA-00031013,3,SKU93330,ZAV00629,1,149.16,97.09
ZA-00031014,1,SKU91456,ZAV00260,2,440.33,86.36
ZA-00031015,1,SKU11813,ZAV00205,1,1220.7,40.22
ZA-00031016,1,SKU66031,ZAV00329,1,183.21,163.78
ZA-00031017,1,SKU40572,ZAV00786,1,221.94,78.24
ZA-00031017,2,SKU96967,ZAV00602,1,1293.65,68.06
ZA-00031018,1,SKU45142,ZAV00728,2,574.4,120.1
ZA-00031019,1,SKU65635,ZAV00085,1,470.55,140.71
ZA-00031020,1,SKU85611,ZAV00278,2,217.37,123.35
ZA-00031021,1,SKU91288,ZAV00110,1,488.36,138.4
ZA-00031022,1,SKU17627,ZAV00381,2,603.42,158.52
ZA-00031023,1,SKU48627,ZAV00777,1,664.66,162.67
ZA-00031024,1,SKU15648,ZAV00335,1,195.82,60.99
ZA-00031024,2,SKU57355,ZAV00157,1,1034.9,96.14
ZA-00031025,1,SKU62153,ZAV00730,2,352.52,43.03
ZA-00031025,2,SKU31636,ZAV00242,1,171.84,39.76
ZA-00031026,1,SKU23484,ZAV00277,2,147.27,100.37
ZA-00031027,1,SKU81140,ZAV00567,1,2807.62,88.85
ZA-00031028,1,SKU38487,ZAV00278,1,853.73,64.81
ZA-00031029,1,SKU36134,ZAV00685,1,298.1,48.82
ZA-00031029,2,SKU41587,ZAV00546,1,314.97,175.01
ZA-00031030,1,SKU26922,ZAV00680,2,444.81,43.35
ZA-00031031,1,SKU39972,ZAV00227,2,177.56,52.13
ZA-00031032,1,SKU96503,ZAV00462,2,333.36,48.76
ZA-00031033,1,SKU33531,ZAV00485,1,478.16,72.63
ZA-00031034,1,SKU28716,ZAV00533,1,164.69,151.31
ZA-00031035,1,SKU42081,ZAV00440,1,831.2,82.54
ZA-00031036,1,SKU25590,ZAV00528,1,1709.13,89.51
ZA-00031036,2,SKU37754,ZAV00608,2,247.45,132.11
ZA-00031037,1,SKU33978,ZAV00694,1,1472.39,150.43
ZA-00031038,1,SKU91446,ZAV00632,1,1473.34,149.41
ZA-00031039,1,SKU28414,ZAV00757,1,1101.94,115.02
ZA-00031040,1,SKU99695,ZAV00534,1,1226.13,118.4
ZA-00031040,2,SKU99767,ZAV00512,1,722.34,148.82
ZA-00031041,1,SKU46190,ZAV00689,1,42.36,137.99
ZA-00031042,1,SKU56203,ZAV00679,1,845.98,84.53
ZA-00031043,1,SKU45287,ZAV00641,2,231.15,121.46
ZA-00031044,1,SKU34350,ZAV00126,1,194.92,65.44
ZA-00031045,1,SKU84924,ZAV00059,1,586.65,160.07
ZA-00031046,1,SKU82873,ZAV00713,1,764.18,39.07
ZA-00031047,1,SKU39570,ZAV00738,1,1322.68,153.34
ZA-00031047,2,SKU75036,ZAV00519,1,156.4,171.85
ZA-00031048,1,SKU10582,ZAV00204,2,696.04,69.37
ZA-00031049,1,SKU73882,ZAV00625,1,707.27,95.52
ZA-00031049,2,SKU16334,ZAV00753,1,953.67,169.19
ZA-00031049,3,SKU84739,ZAV00009,1,453.76,74.5
ZA-00031050,1,SKU20012,ZAV00435,2,28.68,118.72
ZA-00031051,1,SKU68753,ZAV00413,1,1933.14,94.74
ZA-00031052,1,SKU74497,ZAV00368,2,203.29,172.41
ZA-00031052,2,SKU99066,ZAV00706,1,664.78,92.36
ZA-00031052,3,SKU75236,ZAV00489,3,543.28,113.28
ZA-00031053,1,SKU31173,ZAV00329,1,1244.27,164.33
ZA-00031054,1,SKU82684,ZAV00066,1,865.79,137.39
ZA-00031055,1,SKU77213,ZAV00743,1,222.95,144.04
ZA-00031055,2,SKU72739,ZAV00033,1,521.53,35.53
ZA-00031056,1,SKU65306,ZAV00707,1,500.56,165.85
ZA-00031057,1,SKU79571,ZAV00565,1,965.33,174.72
ZA-00031058,1,SKU67956,ZAV00332,1,262.81,151.54
ZA-00031059,1,SKU23164,ZAV00141,1,252.09,38.38
ZA-00031060,1,SKU91676,ZAV00284,2,197.38,175.3
ZA-00031061,1,SKU34508,ZAV00566,1,575.57,73.18
ZA-00031062,1,SKU82478,ZAV00714,1,329.17,83.06
ZA-00031062,2,SKU78698,ZAV00060,1,1078.13,106.47
ZA-00031063,1,SKU14651,ZAV00417,1,1316.54,45.58
ZA-00031064,1,SKU84163,ZAV00389,1,1418.44,65.19
ZA-00031065,1,SKU73985,ZAV00174,1,792.32,110.54
ZA-00031066,1,SKU36021,ZAV00203,1,856.33,42.4
ZA-00031067,1,SKU72395,ZAV00375,1,522.92,161.96
ZA-00031067,2,SKU33011,ZAV00518,1,397.98,165.89
ZA-00031068,1,SKU56361,ZAV00527,1,1920.15,120.86
ZA-00031069,1,SKU74839,ZAV00125,1,251.85,91.59
ZA-00031070,1,SKU23433,ZAV00344,1,160.14,88.67
ZA-00031071,1,SKU84140,ZAV00423,3,623.82,68.13
ZA-00031071,2,SKU47900,ZAV00700,1,617.29,61.56
ZA-00031071,3,SKU68195,ZAV00161,1,231.92,92.28
ZA-00031072,1,SKU25472,ZAV00708,1,52.88,72.23
ZA-00031073,1,SKU22204,ZAV00546,1,98.56,113.7
ZA-00031073,2,SKU98116,ZAV00315,1,371.15,143.85
ZA-00031074,1,SKU88946,ZAV00560,1,146.23,137.42
ZA-00031075,1,SKU56523,ZAV00372,1,360.24,149.84
ZA-00031076,1,SKU94980,ZAV00738,1,702.85,59.09
ZA-00031076,2,SKU88055,ZAV00146,1,190.03,145.98
ZA-00031077,1,SKU25111,ZAV00426,3,354.8,116.7
ZA-00031078,1,SKU19465,ZAV00672,2,282.56,85.73
ZA-00031079,1,SKU36099,ZAV00235,2,57.05,76.25
ZA-00031080,1,SKU64644,ZAV00700,1,2475.22,91.04
ZA-00031081,1,SKU64654,ZAV00615,1,324.42,91.19
ZA-00031082,1,SKU78915,ZAV00584,1,184.86,70.81
ZA-00031083,1,SKU99015,ZAV00061,1,435.05,69.62
ZA-00031083,2,SKU64377,ZAV00651,1,797.35,48.96
ZA-00031084,1,SKU22879,ZAV00094,1,144.2,106.82
ZA-00031085,1,SKU57239,ZAV00479,1,190.14,146.46
ZA-00031086,1,SKU17847,ZAV00128,1,2019.28,104.81
ZA-00031086,2,SKU12862,ZAV00499,1,562.48,95.46
ZA-00031087,1,SKU90164,ZAV00255,1,299.55,49.58
ZA-00031088,1,SKU51398,ZAV00686,1,266.31,89.04
ZA-00031088,2,SKU30900,ZAV00619,1,337.86,106.14
ZA-00031089,1,SKU94347,ZAV00359,1,402.53,174.51
ZA-00031089,2,SKU51542,ZAV00679,1,103.71,48.45
ZA-00031090,1,SKU41338,ZAV00426,1,150.12,52.18
ZA-00031091,1,SKU77464,ZAV00760,1,785.65,133.21
ZA-00031092,1,SKU68278,ZAV00460,2,433.31,94.12
ZA-00031093,1,SKU56473,ZAV00089,1,887.6,82.15
ZA-00031093,2,SKU59737,ZAV00538,1,447.01,122.11
ZA-00031093,3,SKU53504,ZAV00449,1,460.77,179.6
ZA-00031094,1,SKU94887,ZAV00533,1,398.46,73.26
ZA-00031095,1,SKU38906,ZAV00787,3,1702.33,83.72
ZA-00031095,2,SKU19437,ZAV00727,1,502.32,85.25
ZA-00031096,1,SKU93617,ZAV00336,1,1509.64,173.42
ZA-00031097,1,SKU40857,ZAV00129,1,1179.44,155.31
ZA-00031098,1,SKU76815,ZAV00582,1,2212.3,132.42
ZA-00031098,2,SKU28670,ZAV00426,1,197.04,141.13
ZA-00031099,1,SKU16361,ZAV00230,1,2184.97,44.15
ZA-00031100,1,SKU32186,ZAV00660,1,202.21,64.28
ZA-00031101,1,SKU87460,ZAV00384,1,210.11,129.03
ZA-00031101,2,SKU81031,ZAV00689,1,596.56,95.37
ZA-00031102,1,SKU66466,ZAV00785,1,2057.59,85.17
ZA-00031102,2,SKU78764,ZAV00133,1,472.26,119.98
ZA-00031103,1,SKU67647,ZAV00367,1,348.95,36.84
ZA-00031104,1,SKU54015,ZAV00586,1,855.67,102.84
ZA-00031105,1,SKU74286,ZAV00562,2,212.25,69.08
ZA-00031106,1,SKU76180,ZAV00300,3,354.6,105.79
ZA-00031107,1,SKU54663,ZAV00339,1,123.93,120.1
ZA-00031108,1,SKU56595,ZAV00330,1,853.92,77.73
ZA-00031109,1,SKU12826,ZAV00374,1,686.15,110.97
ZA-00031110,1,SKU10188,ZAV00120,1,435.62,161.02
ZA-00031111,1,SKU12205,ZAV00777,1,902.69,138.5
ZA-00031111,2,SKU26139,ZAV00770,1,1078.57,54.42
ZA-00031112,1,SKU80554,ZAV00050,2,590.72,111.4
ZA-00031113,1,SKU22580,ZAV00559,1,201.71,109.01
ZA-00031113,2,SKU14130,ZAV00796,1,164.25,53.21
ZA-00031113,3,SKU39877,ZAV00396,1,256.89,160.83
ZA-00031114,1,SKU48637,ZAV00390,1,825.92,39.22
ZA-00031114,2,SKU74378,ZAV00375,2,483.65,77.95
ZA-00031114,3,SKU46844,ZAV00427,1,305.69,82.85
ZA-00031115,1,SKU17217,ZAV00747,2,728.25,159.05
ZA-00031116,1,SKU26183,ZAV00315,1,167.86,36.68
ZA-00031117,1,SKU87225,ZAV00582,1,597.09,105.43
ZA-00031118,1,SKU36012,ZAV00362,1,274.36,48.47
ZA-00031118,2,SKU24900,ZAV00034,2,50.74,66.93
ZA-00031119,1,SKU96449,ZAV00728,2,1185.97,121.09
ZA-00031120,1,SKU23178,ZAV00229,1,152.21,150.12
ZA-00031120,2,SKU69372,ZAV00371,2,158.79,143.01
ZA-00031121,1,SKU30456,ZAV00234,2,648.64,146.4
ZA-00031122,1,SKU71843,ZAV00303,1,326.79,174.95
ZA-00031123,1,SKU32980,ZAV00182,1,903.99,125.65
ZA-00031124,1,SKU81349,ZAV00370,1,188.22,81.7
ZA-00031125,1,SKU80552,ZAV00660,1,662.78,95.43
ZA-00031126,1,SKU72416,ZAV00260,1,218.55,117.19
ZA-00031127,1,SKU93098,ZAV00378,1,851.11,168.19
ZA-00031128,1,SKU53739,ZAV00785,1,773.1,157.52
ZA-00031129,1,SKU49925,ZAV00556,1,2384.71,84.21
ZA-00031130,1,SKU55698,ZAV00105,1,274.68,78.11
ZA-00031131,1,SKU39269,ZAV00445,1,668.63,120.05
ZA-00031132,1,SKU91507,ZAV00310,2,128.59,61.45
ZA-00031133,1,SKU43321,ZAV00494,1,300.49,61.05
ZA-00031134,1,SKU80350,ZAV00533,1,240.83,167.13
ZA-00031135,1,SKU58154,ZAV00340,1,418.05,143.14
ZA-00031135,2,SKU91348,ZAV00060,1,738.25,45.14
ZA-00031135,3,SKU56251,ZAV00609,1,307.82,70.27
ZA-00031136,1,SKU64003,ZAV00496,1,409.45,44.38
ZA-00031137,1,SKU40397,ZAV00597,1,1217.02,95.16
ZA-00031138,1,SKU98168,ZAV00510,1,397.72,92.69
ZA-00031139,1,SKU33323,ZAV00776,1,705.82,120.89
ZA-00031139,2,SKU25370,ZAV00707,1,1025.91,36.66
ZA-00031140,1,SKU19958,ZAV00512,1,738.72,43.5
ZA-00031141,1,SKU93143,ZAV00789,3,497.93,166.11
ZA-00031142,1,SKU46129,ZAV00167,1,163.55,149.64
ZA-00031143,1,SKU40824,ZAV00145,1,1537.71,173.05
ZA-00031144,1,SKU38794,ZAV00442,1,253.92,65.2
ZA-00031145,1,SKU86793,ZAV00434,1,483.91,111.67
ZA-00031146,1,SKU27539,ZAV00514,2,1015.36,145.58
ZA-00031147,1,SKU75671,ZAV00586,2,463.23,59.47
ZA-00031148,1,SKU82589,ZAV00583,1,431.33,137.84
ZA-00031149,1,SKU29437,ZAV00390,2,649.63,55.72
ZA-00031150,1,SKU53072,ZAV00163,2,652.46,145.31
ZA-00031151,1,SKU40998,ZAV00634,1,74.74,131.86
ZA-00031152,1,SKU39521,ZAV00194,2,110.32,149.74
ZA-00031153,1,SKU78555,ZAV00113,1,243.32,60.28
ZA-00031154,1,SKU88055,ZAV00255,1,360.99,60.23
ZA-00031154,2,SKU36822,ZAV00013,1,275.47,114.66
ZA-00031155,1,SKU96468,ZAV00785,1,108.7,102.84
ZA-00031156,1,SKU43093,ZAV00780,2,129.77,150.1
ZA-00031157,1,SKU62655,ZAV00158,3,128.73,146.4
ZA-00031158,1,SKU86375,ZAV00288,1,99.84,42.6
ZA-00031159,1,SKU70663,ZAV00147,1,359.32,103.06
ZA-00031160,1,SKU49316,ZAV00346,1,2189.53,47.93
ZA-00031161,1,SKU71355,ZAV00204,1,3289.82,55.87
ZA-00031162,1,SKU28969,ZAV00159,1,253.71,179.67
ZA-00031162,2,SKU48650,ZAV00435,1,423.43,80.06
ZA-00031163,1,SKU75058,ZAV00315,2,182.64,84.09
ZA-00031164,1,SKU54055,ZAV00771,1,3040.97,134.58
ZA-00031165,1,SKU61654,ZAV00577,1,338.18,146.2
ZA-00031166,1,SKU88101,ZAV00214,1,445.93,58.75
ZA-00031167,1,SKU58205,ZAV00576,1,733.4,76.98
ZA-00031168,1,SKU69727,ZAV00360,1,326.04,38.41
ZA-00031169,1,SKU45375,ZAV00642,2,63.35,45.08
ZA-00031170,1,SKU12985,ZAV00303,1,297.88,162.07
ZA-00031171,1,SKU93787,ZAV00740,2,678.11,179.4
ZA-00031171,2,SKU90030,ZAV00504,1,603.88,58.0
ZA-00031171,3,SKU68463,ZAV00503,1,381.8,127.3
ZA-00031172,1,SKU67680,ZAV00096,1,558.01,155.67
ZA-00031172,2,SKU55591,ZAV00496,1,328.52,95.67
ZA-00031173,1,SKU31415,ZAV00021,2,1013.64,75.09
ZA-00031174,1,SKU99456,ZAV00010,1,204.92,159.62
ZA-00031175,1,SKU59985,ZAV00526,1,1192.86,116.65
ZA-00031175,2,SKU94269,ZAV00779,1,739.35,171.88
ZA-00031176,1,SKU71957,ZAV00680,1,243.77,67.22
ZA-00031176,2,SKU21176,ZAV00206,1,325.85,151.51
ZA-00031176,3,SKU68801,ZAV00128,1,1794.26,147.41
ZA-00031177,1,SKU63865,ZAV00102,1,982.23,157.61
ZA-00031177,2,SKU45986,ZAV00305,1,586.24,169.24
ZA-00031178,1,SKU69823,ZAV00711,1,162.8,45.37
ZA-00031178,2,SKU62383,ZAV00125,1,84.1,175.83
ZA-00031179,1,SKU35948,ZAV00729,2,176.96,52.66
ZA-00031180,1,SKU73036,ZAV00270,1,594.03,72.54
ZA-00031181,1,SKU71091,ZAV00467,1,340.96,60.67
ZA-00031182,1,SKU85953,ZAV00360,2,443.11,85.73
ZA-00031182,2,SKU35967,ZAV00555,1,128.0,171.28
ZA-00031183,1,SKU12630,ZAV00348,1,242.78,74.24
ZA-00031184,1,SKU39512,ZAV00156,1,233.85,59.0
ZA-00031185,1,SKU23961,ZAV00106,3,471.16,115.64
ZA-00031186,1,SKU56836,ZAV00434,1,500.46,150.86
ZA-00031187,1,SKU14077,ZAV00569,1,756.14,159.79
ZA-00031188,1,SKU59029,ZAV00572,1,595.18,44.69
ZA-00031189,1,SKU23961,ZAV00237,1,278.07,120.28
ZA-00031189,2,SKU12010,ZAV00548,1,766.61,141.93
ZA-00031190,1,SKU20737,ZAV00025,1,380.32,178.45
ZA-00031191,1,SKU34027,ZAV00632,1,590.42,61.69
ZA-00031192,1,SKU28787,ZAV00584,1,410.31,37.88
ZA-00031193,1,SKU24044,ZAV00376,1,955.72,63.91
ZA-00031194,1,SKU15540,ZAV00033,1,467.46,40.55
ZA-00031195,1,SKU97548,ZAV00504,3,86.68,116.35
ZA-00031196,1,SKU51675,ZAV00103,1,363.31,179.58
ZA-00031197,1,SKU19410,ZAV00700,1,148.42,39.1
ZA-00031198,1,SKU12064,ZAV00556,1,836.69,126.9
ZA-00031199,1,SKU43622,ZAV00074,1,266.25,115.1
ZA-00031199,2,SKU16579,ZAV00068,1,239.56,135.68
ZA-00031199,3,SKU10182,ZAV00541,1,588.24,37.42
ZA-00031200,1,SKU17637,ZAV00325,1,442.66,134.72
ZA-00031201,1,SKU52951,ZAV00320,1,132.8,157.57
ZA-00031202,1,SKU30358,ZAV00003,1,128.9,174.73
ZA-00031203,1,SKU92059,ZAV00797,1,266.57,121.64
ZA-00031204,1,SKU94424,ZAV00062,1,105.48,106.54
ZA-00031205,1,SKU24028,ZAV00795,1,238.24,150.71
ZA-00031206,1,SKU20694,ZAV00393,1,550.88,143.4
ZA-00031207,1,SKU93423,ZAV00598,1,327.83,134.95
ZA-00031208,1,SKU32376,ZAV00311,1,709.87,76.53
ZA-00031209,1,SKU38976,ZAV00246,2,1642.03,63.66
ZA-00031210,1,SKU21246,ZAV00053,1,1042.78,122.07
ZA-00031211,1,SKU91100,ZAV00005,1,289.99,72.79
ZA-00031212,1,SKU55728,ZAV00186,3,233.06,133.79
ZA-00031213,1,SKU42356,ZAV00315,1,649.72,82.03
ZA-00031213,2,SKU21580,ZAV00580,1,399.2,73.82
ZA-00031213,3,SKU63511,ZAV00514,1,678.47,152.39
ZA-00031214,1,SKU32319,ZAV00167,1,525.49,68.72
ZA-00031215,1,SKU92029,ZAV00165,1,600.63,69.16
ZA-00031216,1,SKU90325,ZAV00424,1,236.93,98.48
ZA-00031216,2,SKU18662,ZAV00123,1,277.85,111.91
ZA-00031216,3,SKU93769,ZAV00675,2,1439.04,113.99
ZA-00031217,1,SKU96663,ZAV00329,1,361.54,129.28
ZA-00031218,1,SKU39499,ZAV00224,1,566.09,55.08
ZA-00031219,1,SKU15379,ZAV00727,1,523.49,44.97
ZA-00031220,1,SKU21949,ZAV00466,1,340.22,99.76
ZA-00031221,1,SKU47495,ZAV00105,1,1763.15,43.71
ZA-00031222,1,SKU55877,ZAV00761,1,110.45,146.97
ZA-00031223,1,SKU73250,ZAV00135,1,465.67,107.36
ZA-00031224,1,SKU42639,ZAV00768,3,253.9,146.52
ZA-00031225,1,SKU52485,ZAV00602,1,291.51,166.0
ZA-00031226,1,SKU23135,ZAV00672,1,811.3,85.02
ZA-00031227,1,SKU11702,ZAV00768,2,1623.62,138.54
ZA-00031228,1,SKU67356,ZAV00188,1,285.35,139.82
ZA-00031229,1,SKU40675,ZAV00087,1,780.32,49.32
ZA-00031230,1,SKU85141,ZAV00637,1,167.37,140.26
ZA-00031230,2,SKU35826,ZAV00687,1,1286.55,98.35
ZA-00031231,1,SKU51064,ZAV00446,1,186.18,150.59
ZA-00031231,2,SKU51824,ZAV00111,1,149.62,98.28
ZA-00031231,3,SKU35422,ZAV00643,1,1149.3,174.43
ZA-00031232,1,SKU14008,ZAV00470,1,687.38,85.22
ZA-00031233,1,SKU78908,ZAV00763,1,355.77,102.74
ZA-00031234,1,SKU33031,ZAV00678,1,448.98,143.92
ZA-00031235,1,SKU14989,ZAV00446,1,209.54,147.34
ZA-00031236,1,SKU87565,ZAV00696,2,244.78,89.84
ZA-00031237,1,SKU67641,ZAV00339,1,565.7,118.98
ZA-00031237,2,SKU27932,ZAV00063,1,298.42,141.65
ZA-00031237,3,SKU28861,ZAV00419,1,772.0,71.9
ZA-00031238,1,SKU52658,ZAV00153,1,180.61,98.53
ZA-00031239,1,SKU72532,ZAV00797,1,754.4,42.47
ZA-00031240,1,SKU93830,ZAV00674,1,460.26,78.43
ZA-00031240,2,SKU65389,ZAV00355,1,767.34,41.13
ZA-00031241,1,SKU46247,ZAV00700,1,3311.67,130.07
ZA-00031242,1,SKU24701,ZAV00174,1,304.32,61.26
ZA-00031243,1,SKU92626,ZAV00723,3,775.74,41.83
ZA-00031244,1,SKU64630,ZAV00201,1,136.7,124.46
ZA-00031245,1,SKU84451,ZAV00002,1,114.5,141.18
ZA-00031246,1,SKU56575,ZAV00573,1,124.51,135.49
ZA-00031247,1,SKU78769,ZAV00702,1,268.98,168.5
ZA-00031248,1,SKU81505,ZAV00215,2,725.75,126.5
ZA-00031249,1,SKU15816,ZAV00658,1,332.12,42.26
ZA-00031250,1,SKU35186,ZAV00462,1,237.82,149.85
ZA-00031251,1,SKU60743,ZAV00395,1,115.34,88.73
ZA-00031252,1,SKU43696,ZAV00246,1,768.97,53.07
ZA-00031253,1,SKU29990,ZAV00334,3,572.69,68.29
ZA-00031254,1,SKU71962,ZAV00787,1,255.46,132.98
ZA-00031255,1,SKU83804,ZAV00710,1,420.74,178.3
ZA-00031256,1,SKU66586,ZAV00493,1,710.9,92.53
ZA-00031257,1,SKU20860,ZAV00709,1,339.17,43.38
ZA-00031258,1,SKU34124,ZAV00533,1,155.74,94.02
ZA-00031259,1,SKU84851,ZAV00335,1,504.51,48.09
ZA-00031260,1,SKU56545,ZAV00412,1,216.3,96.15
ZA-00031260,2,SKU24414,ZAV00461,1,459.2,139.66
ZA-00031261,1,SKU88361,ZAV00582,1,657.05,115.67
ZA-00031262,1,SKU43215,ZAV00026,1,832.17,169.31
ZA-00031263,1,SKU29505,ZAV00557,1,439.06,91.6
ZA-00031264,1,SKU21540,ZAV00543,1,517.95,168.31
ZA-00031265,1,SKU73599,ZAV00434,1,1113.41,128.86
ZA-00031266,1,SKU71627,ZAV00131,2,480.17,129.06
ZA-00031267,1,SKU25583,ZAV00586,3,902.79,109.04
ZA-00031267,2,SKU17994,ZAV00664,1,567.93,125.58
ZA-00031268,1,SKU11588,ZAV00124,2,615.91,86.9
ZA-00031269,1,SKU56957,ZAV00387,1,217.1,37.48
ZA-00031270,1,SKU47036,ZAV00702,1,792.67,171.4
ZA-00031271,1,SKU22399,ZAV00789,1,774.34,131.34
ZA-00031272,1,SKU56398,ZAV00511,1,552.12,124.2
ZA-00031273,1,SKU61430,ZAV00706,1,485.35,128.78
ZA-00031274,1,SKU56163,ZAV00417,1,424.67,51.69
ZA-00031275,1,SKU50916,ZAV00095,1,1977.26,72.45
ZA-00031276,1,SKU42044,ZAV00316,1,167.56,107.8
ZA-00031277,1,SKU97924,ZAV00418,1,552.06,57.53
ZA-00031277,2,SKU92121,ZAV00442,1,1261.59,179.77
ZA-00031278,1,SKU34478,ZAV00601,1,546.11,117.24
ZA-00031279,1,SKU24458,ZAV00032,1,147.36,153.96
ZA-00031279,2,SKU95122,ZAV00736,2,410.32,84.89
ZA-00031280,1,SKU74841,ZAV00493,1,386.01,139.41
ZA-00031281,1,SKU89236,ZAV00557,1,110.86,120.36
ZA-00031282,1,SKU52418,ZAV00471,1,345.05,144.61
ZA-00031283,1,SKU94328,ZAV00627,3,586.74,151.64
ZA-00031284,1,SKU29604,ZAV00285,1,1645.81,96.69
ZA-00031285,1,SKU78791,ZAV00630,1,387.95,71.94
ZA-00031286,1,SKU33921,ZAV00542,1,64.86,178.79
ZA-00031287,1,SKU68536,ZAV00693,1,1211.7,35.91
ZA-00031287,2,SKU99987,ZAV00025,1,997.42,149.06
ZA-00031288,1,SKU25879,ZAV00225,1,216.17,117.04
ZA-00031289,1,SKU79435,ZAV00378,1,352.59,160.52
ZA-00031289,2,SKU94858,ZAV00795,1,591.61,56.77
ZA-00031290,1,SKU45524,ZAV00779,1,200.72,126.6
ZA-00031290,2,SKU43283,ZAV00468,2,821.74,124.82
ZA-00031291,1,SKU97877,ZAV00130,1,412.44,161.28
ZA-00031292,1,SKU56788,ZAV00138,1,380.57,164.15
ZA-00031292,2,SKU39791,ZAV00238,1,332.77,164.24
ZA-00031292,3,SKU86432,ZAV00271,1,138.02,119.17
ZA-00031293,1,SKU78266,ZAV00700,1,659.04,49.81
ZA-00031294,1,SKU87164,ZAV00518,1,2918.9,156.61
ZA-00031295,1,SKU57831,ZAV00146,1,633.25,110.23
ZA-00031296,1,SKU68178,ZAV00066,1,477.56,86.95
ZA-00031297,1,SKU99400,ZAV00797,1,1449.92,178.37
ZA-00031298,1,SKU28325,ZAV00333,1,1210.34,155.11
ZA-00031299,1,SKU29611,ZAV00011,1,424.14,106.77
ZA-00031299,2,SKU79275,ZAV00590,1,567.22,121.58
ZA-00031299,3,SKU75145,ZAV00415,1,455.09,166.8
ZA-00031300,1,SKU95404,ZAV00579,1,281.93,45.5
ZA-00031301,1,SKU36993,ZAV00103,2,207.57,42.84
ZA-00031302,1,SKU70124,ZAV00008,1,556.18,141.35
ZA-00031303,1,SKU66798,ZAV00170,1,316.86,132.22
ZA-00031304,1,SKU29369,ZAV00087,1,536.86,146.56
ZA-00031305,1,SKU67825,ZAV00190,2,199.84,160.3
ZA-00031305,2,SKU21708,ZAV00553,2,324.09,175.23
ZA-00031306,1,SKU62139,ZAV00504,1,304.95,127.2
ZA-00031307,1,SKU41068,ZAV00558,1,193.79,174.22
ZA-00031308,1,SKU82574,ZAV00595,1,395.93,141.66
ZA-00031309,1,SKU48284,ZAV00278,1,122.7,126.21
ZA-00031310,1,SKU76837,ZAV00362,1,1071.14,112.01
ZA-00031311,1,SKU35561,ZAV00398,1,325.9,147.7
ZA-00031312,1,SKU40848,ZAV00270,1,673.61,161.45
ZA-00031313,1,SKU46521,ZAV00538,1,563.54,169.69
ZA-00031313,2,SKU71637,ZAV00140,1,241.67,176.82
ZA-00031314,1,SKU25961,ZAV00184,1,736.48,156.35
ZA-00031314,2,SKU51329,ZAV00463,1,438.2,35.18
ZA-00031315,1,SKU34259,ZAV00030,1,363.37,119.23
ZA-00031316,1,SKU30476,ZAV00142,2,414.17,61.68
ZA-00031317,1,SKU47738,ZAV00796,1,1459.39,52.96
ZA-00031317,2,SKU93999,ZAV00444,1,1377.48,88.69
ZA-00031318,1,SKU65356,ZAV00461,1,195.15,64.44
ZA-00031318,2,SKU49231,ZAV00768,2,239.06,57.6
ZA-00031318,3,SKU14383,ZAV00476,2,1663.58,154.76
ZA-00031319,1,SKU67086,ZAV00478,1,4033.28,177.37
ZA-00031320,1,SKU21514,ZAV00323,1,568.55,92.36
ZA-00031321,1,SKU40129,ZAV00744,1,252.84,77.11
ZA-00031322,1,SKU45124,ZAV00133,1,561.84,131.03
ZA-00031323,1,SKU80418,ZAV00287,1,182.48,134.87
ZA-00031323,2,SKU69569,ZAV00205,1,254.9,179.65
ZA-00031323,3,SKU20706,ZAV00557,1,683.04,100.33
ZA-00031324,1,SKU93374,ZAV00005,1,720.61,49.2
ZA-00031325,1,SKU14275,ZAV00566,1,302.36,156.53
ZA-00031326,1,SKU61625,ZAV00305,1,168.42,103.87
ZA-00031327,1,SKU84040,ZAV00176,1,240.35,170.85
ZA-00031328,1,SKU91668,ZAV00543,1,198.02,46.21
ZA-00031328,2,SKU19970,ZAV00032,1,318.5,35.02
ZA-00031329,1,SKU19369,ZAV00720,1,100.01,163.33
ZA-00031329,2,SKU57626,ZAV00314,1,545.31,135.26
ZA-00031329,3,SKU48131,ZAV00288,1,455.74,173.84
ZA-00031330,1,SKU15625,ZAV00445,1,435.93,64.84
ZA-00031331,1,SKU76861,ZAV00211,3,369.29,45.68
ZA-00031332,1,SKU99938,ZAV00043,1,516.09,81.19
ZA-00031333,1,SKU26339,ZAV00176,1,1398.6,92.82
ZA-00031334,1,SKU54325,ZAV00690,1,331.98,102.88
ZA-00031335,1,SKU92711,ZAV00661,1,171.13,178.42
ZA-00031336,1,SKU95202,ZAV00063,1,162.9,92.56
ZA-00031337,1,SKU50955,ZAV00621,1,1009.79,95.18
ZA-00031338,1,SKU19227,ZAV00122,1,256.59,158.74
ZA-00031339,1,SKU75960,ZAV00764,1,976.26,79.17
ZA-00031340,1,SKU80898,ZAV00084,1,580.35,155.38
ZA-00031341,1,SKU79870,ZAV00762,1,722.93,78.09
ZA-00031341,2,SKU89361,ZAV00273,1,244.11,154.91
ZA-00031342,1,SKU47575,ZAV00048,1,208.64,72.55
ZA-00031343,1,SKU11214,ZAV00571,1,363.78,81.89
ZA-00031344,1,SKU36176,ZAV00420,1,342.94,88.03
ZA-00031345,1,SKU91477,ZAV00159,1,1419.41,59.93
ZA-00031345,2,SKU14169,ZAV00527,1,305.1,96.71
ZA-00031346,1,SKU65266,ZAV00355,2,344.6,49.03
ZA-00031347,1,SKU84956,ZAV00544,1,553.62,115.9
ZA-00031348,1,SKU90014,ZAV00457,1,287.09,115.22
ZA-00031348,2,SKU17026,ZAV00219,1,391.32,130.11
ZA-00031348,3,SKU29437,ZAV00173,1,1613.95,61.2
ZA-00031349,1,SKU86009,ZAV00484,1,201.42,146.87
ZA-00031350,1,SKU31834,ZAV00289,1,1086.45,35.81
ZA-00031351,1,SKU17873,ZAV00185,2,193.6,155.0
ZA-00031352,1,SKU40086,ZAV00228,1,575.94,178.62
ZA-00031353,1,SKU22395,ZAV00493,1,927.33,112.54
ZA-00031354,1,SKU43921,ZAV00555,1,36.46,167.63
ZA-00031354,2,SKU71810,ZAV00019,1,144.36,120.2
ZA-00031355,1,SKU81856,ZAV00508,2,59.29,119.35
ZA-00031356,1,SKU41378,ZAV00253,1,510.84,62.11
ZA-00031357,1,SKU60887,ZAV00112,1,400.79,127.46
ZA-00031358,1,SKU91137,ZAV00588,1,628.58,163.8
ZA-00031359,1,SKU71830,ZAV00672,1,132.66,134.59
ZA-00031359,2,SKU33071,ZAV00672,3,478.42,138.79
ZA-00031359,3,SKU49262,ZAV00206,1,953.4,112.79
ZA-00031360,1,SKU73615,ZAV00097,2,920.3,86.83
ZA-00031361,1,SKU48329,ZAV00032,2,121.07,146.35
ZA-00031362,1,SKU90039,ZAV00206,1,250.42,114.47
ZA-00031363,1,SKU90114,ZAV00383,2,190.64,98.28
ZA-00031364,1,SKU89476,ZAV00757,1,496.4,66.7
ZA-00031365,1,SKU46803,ZAV00460,3,107.97,158.59
ZA-00031365,2,SKU86801,ZAV00146,1,321.29,128.75
ZA-00031366,1,SKU41769,ZAV00623,2,91.41,174.02
ZA-00031367,1,SKU53547,ZAV00757,1,42.89,118.5
ZA-00031368,1,SKU43036,ZAV00205,1,469.66,98.07
ZA-00031369,1,SKU91456,ZAV00699,2,811.82,151.75
ZA-00031370,1,SKU77200,ZAV00101,1,158.43,78.33
ZA-00031371,1,SKU87633,ZAV00437,1,246.15,97.02
ZA-00031371,2,SKU25559,ZAV00589,1,705.7,172.15
ZA-00031372,1,SKU86223,ZAV00071,1,904.3,46.03
ZA-00031373,1,SKU42454,ZAV00496,1,241.33,144.71
ZA-00031374,1,SKU19756,ZAV00074,1,427.06,151.17
ZA-00031375,1,SKU25069,ZAV00765,1,310.55,111.29
ZA-00031376,1,SKU53057,ZAV00568,2,186.96,173.29
ZA-00031377,1,SKU27350,ZAV00127,1,592.57,86.8
ZA-00031378,1,SKU51260,ZAV00151,2,189.11,100.78
ZA-00031379,1,SKU11933,ZAV00497,1,943.6,172.26
ZA-00031380,1,SKU31778,ZAV00356,2,280.93,44.6
ZA-00031381,1,SKU49141,ZAV00019,2,2529.71,57.74
ZA-00031382,1,SKU14433,ZAV00118,1,1564.23,35.52
ZA-00031383,1,SKU93146,ZAV00578,1,382.03,40.7
ZA-00031384,1,SKU40176,ZAV00031,1,523.94,170.14
ZA-00031384,2,SKU43635,ZAV00783,2,606.23,84.06
ZA-00031384,3,SKU42422,ZAV00101,1,152.13,117.77
ZA-00031385,1,SKU52151,ZAV00017,1,377.21,41.44
ZA-00031386,1,SKU91348,ZAV00056,2,937.68,123.55
ZA-00031387,1,SKU77472,ZAV00022,1,881.63,93.04
ZA-00031388,1,SKU72586,ZAV00299,1,147.48,119.52
ZA-00031388,2,SKU74867,ZAV00635,1,97.59,130.72
ZA-00031388,3,SKU84512,ZAV00634,1,479.23,99.71
ZA-00031389,1,SKU98973,ZAV00567,1,251.52,96.09
ZA-00031390,1,SKU46802,ZAV00027,2,5088.22,98.37
ZA-00031391,1,SKU14092,ZAV00099,2,282.05,159.88
ZA-00031392,1,SKU21472,ZAV00238,1,1795.06,51.36
ZA-00031393,1,SKU56541,ZAV00481,1,1451.26,164.42
ZA-00031394,1,SKU28896,ZAV00379,1,196.67,61.02
ZA-00031395,1,SKU97581,ZAV00636,1,822.46,149.85
ZA-00031396,1,SKU95033,ZAV00053,1,641.69,72.99
ZA-00031396,2,SKU42923,ZAV00304,2,72.96,35.09
ZA-00031397,1,SKU25914,ZAV00327,1,984.51,41.92
ZA-00031397,2,SKU95689,ZAV00156,1,749.65,159.64
ZA-00031398,1,SKU38047,ZAV00005,1,624.34,164.52
ZA-00031399,1,SKU93486,ZAV00025,1,1064.23,171.47
ZA-00031399,2,SKU40211,ZAV00776,1,471.41,125.63
ZA-00031400,1,SKU32883,ZAV00428,1,464.13,69.06
ZA-00031401,1,SKU67735,ZAV00622,1,860.81,86.93
ZA-00031402,1,SKU32062,ZAV00399,1,1098.33,46.92
ZA-00031402,2,SKU80576,ZAV00219,1,1816.09,154.16
ZA-00031403,1,SKU46857,ZAV00044,1,2068.32,48.13
ZA-00031404,1,SKU97815,ZAV00797,1,249.83,46.14
ZA-00031405,1,SKU53387,ZAV00400,1,202.19,162.55
ZA-00031406,1,SKU15903,ZAV00505,1,192.63,44.4
ZA-00031407,1,SKU15642,ZAV00565,1,188.71,90.4
ZA-00031407,2,SKU84669,ZAV00369,1,174.74,109.18
ZA-00031408,1,SKU71225,ZAV00043,1,1615.9,66.18
ZA-00031409,1,SKU29321,ZAV00512,1,428.81,69.88
ZA-00031410,1,SKU31232,ZAV00155,1,67.07,65.68
ZA-00031411,1,SKU66619,ZAV00290,1,213.2,131.01
ZA-00031412,1,SKU22435,ZAV00725,1,356.47,107.19
ZA-00031413,1,SKU85480,ZAV00317,1,159.41,138.91
ZA-00031413,2,SKU21412,ZAV00120,1,497.47,154.68
ZA-00031413,3,SKU47577,ZAV00524,1,331.03,129.1
ZA-00031414,1,SKU95032,ZAV00169,1,977.03,72.47
ZA-00031415,1,SKU53918,ZAV00600,1,1253.37,58.85
ZA-00031415,2,SKU68916,ZAV00687,1,229.9,37.17
ZA-00031416,1,SKU45329,ZAV00336,1,1165.94,158.22
ZA-00031417,1,SKU94901,ZAV00252,1,533.32,108.54
ZA-00031417,2,SKU73488,ZAV00196,1,673.02,69.43
ZA-00031417,3,SKU16628,ZAV00171,1,96.84,92.5
ZA-00031418,1,SKU60090,ZAV00261,2,282.54,97.44
ZA-00031419,1,SKU73180,ZAV00042,3,342.57,64.04
ZA-00031420,1,SKU25675,ZAV00519,1,418.46,80.63
ZA-00031421,1,SKU22779,ZAV00458,2,888.55,74.71
ZA-00031421,2,SKU66490,ZAV00613,1,437.7,139.27
ZA-00031422,1,SKU57161,ZAV00723,2,231.73,142.57
ZA-00031422,2,SKU89160,ZAV00508,1,166.78,70.28
ZA-00031423,1,SKU56655,ZAV00233,3,618.08,131.66
ZA-00031424,1,SKU75755,ZAV00288,1,256.79,84.03
ZA-00031424,2,SKU91942,ZAV00440,1,268.81,91.63
ZA-00031425,1,SKU69499,ZAV00384,1,1334.0,149.19
ZA-00031425,2,SKU59032,ZAV00717,2,449.47,124.79
ZA-00031426,1,SKU89879,ZAV00216,1,201.8,140.61
ZA-00031427,1,SKU96898,ZAV00277,1,324.19,170.5
ZA-00031428,1,SKU52705,ZAV00538,1,281.73,134.0
ZA-00031429,1,SKU39431,ZAV00357,2,902.3,165.34
ZA-00031429,2,SKU30523,ZAV00109,1,246.96,126.36
ZA-00031430,1,SKU17126,ZAV00207,1,592.02,141.22
ZA-00031431,1,SKU53544,ZAV00481,1,785.01,103.62
ZA-00031432,1,SKU50317,ZAV00627,1,1176.3,138.81
ZA-00031432,2,SKU27393,ZAV00131,1,172.87,172.62
ZA-00031433,1,SKU27329,ZAV00697,1,107.72,92.07
ZA-00031434,1,SKU58300,ZAV00276,1,331.52,65.65
ZA-00031435,1,SKU77933,ZAV00328,1,184.46,122.99
ZA-00031436,1,SKU64259,ZAV00424,1,253.85,80.84
ZA-00031437,1,SKU48500,ZAV00198,1,83.83,58.51
ZA-00031437,2,SKU35790,ZAV00398,1,187.68,100.4
ZA-00031438,1,SKU46616,ZAV00078,1,459.74,147.15
ZA-00031439,1,SKU89692,ZAV00508,2,2374.01,111.4
ZA-00031440,1,SKU15297,ZAV00675,1,276.24,120.06
ZA-00031441,1,SKU11238,ZAV00654,1,1588.03,154.14
ZA-00031442,1,SKU79599,ZAV00382,1,478.53,75.17
ZA-00031443,1,SKU35813,ZAV00349,1,434.24,37.0
ZA-00031444,1,SKU73924,ZAV00292,3,964.94,55.7
ZA-00031444,2,SKU60166,ZAV00666,1,348.49,68.79
ZA-00031444,3,SKU57281,ZAV00241,1,849.34,73.43
ZA-00031445,1,SKU26085,ZAV00207,1,646.73,66.46
ZA-00031445,2,SKU50260,ZAV00630,1,570.32,114.0
ZA-00031445,3,SKU52854,ZAV00006,1,596.84,125.97
ZA-00031446,1,SKU26382,ZAV00706,1,309.86,49.83
ZA-00031446,2,SKU84849,ZAV00621,1,62.45,60.08
ZA-00031447,1,SKU46962,ZAV00650,1,396.3,61.91
ZA-00031448,1,SKU24182,ZAV00773,1,883.65,57.41
ZA-00031449,1,SKU35251,ZAV00596,1,118.05,73.04
ZA-00031450,1,SKU60193,ZAV00762,2,153.39,66.11
ZA-00031451,1,SKU42320,ZAV00138,1,104.15,158.88
ZA-00031452,1,SKU85079,ZAV00390,1,185.29,61.39
ZA-00031453,1,SKU85815,ZAV00022,1,376.41,116.21
ZA-00031454,1,SKU27789,ZAV00498,1,1083.1,141.48
ZA-00031455,1,SKU46627,ZAV00534,1,220.97,68.86
ZA-00031456,1,SKU86370,ZAV00338,1,402.68,118.63
ZA-00031456,2,SKU77432,ZAV00744,1,472.73,56.18
ZA-00031457,1,SKU54490,ZAV00166,1,333.8,173.79
ZA-00031458,1,SKU17764,ZAV00602,1,3576.34,154.27
ZA-00031459,1,SKU77926,ZAV00368,1,331.46,48.97
ZA-00031460,1,SKU51379,ZAV00780,1,703.41,119.8
ZA-00031461,1,SKU52064,ZAV00728,1,253.08,99.11
ZA-00031462,1,SKU53070,ZAV00714,2,374.9,129.46
ZA-00031463,1,SKU22191,ZAV00680,1,253.52,95.05
ZA-00031464,1,SKU87674,ZAV00241,1,994.74,170.76
ZA-00031465,1,SKU67049,ZAV00016,1,784.58,91.13
ZA-00031466,1,SKU46564,ZAV00473,2,151.08,51.38
ZA-00031467,1,SKU46426,ZAV00297,1,142.39,97.93
ZA-00031468,1,SKU46283,ZAV00353,1,113.11,170.29
ZA-00031469,1,SKU80737,ZAV00181,1,682.55,147.96
ZA-00031470,1,SKU59744,ZAV00044,1,630.86,165.98
ZA-00031471,1,SKU47396,ZAV00542,1,921.24,35.33
ZA-00031472,1,SKU65240,ZAV00654,1,407.02,55.82
ZA-00031473,1,SKU38250,ZAV00386,1,268.24,115.57
ZA-00031474,1,SKU49176,ZAV00770,1,348.63,71.08
ZA-00031475,1,SKU94364,ZAV00031,1,425.86,46.74
ZA-00031475,2,SKU67908,ZAV00539,1,222.18,141.01
ZA-00031476,1,SKU89605,ZAV00439,1,599.79,168.34
ZA-00031477,1,SKU77547,ZAV00442,1,698.89,151.57
ZA-00031477,2,SKU92449,ZAV00331,1,80.73,81.16
ZA-00031478,1,SKU10395,ZAV00201,1,3017.75,152.11
ZA-00031479,1,SKU71045,ZAV00250,1,222.64,97.86
ZA-00031480,1,SKU11904,ZAV00529,1,465.74,118.04
ZA-00031480,2,SKU66052,ZAV00361,1,608.6,138.59
ZA-00031481,1,SKU36863,ZAV00730,1,588.71,145.57
ZA-00031482,1,SKU55610,ZAV00548,1,771.24,108.29
ZA-00031483,1,SKU99750,ZAV00566,1,86.0,101.32
ZA-00031484,1,SKU49425,ZAV00017,2,310.82,70.67
ZA-00031485,1,SKU64129,ZAV00078,1,847.51,69.45
ZA-00031486,1,SKU77862,ZAV00723,1,999.09,147.97
ZA-00031487,1,SKU45653,ZAV00674,1,1173.01,45.49
ZA-00031488,1,SKU84223,ZAV00146,2,111.72,179.34
ZA-00031489,1,SKU47416,ZAV00388,1,516.51,51.54
ZA-00031490,1,SKU18056,ZAV00086,1,448.67,68.58
ZA-00031491,1,SKU66294,ZAV00563,1,50.87,51.81
ZA-00031492,1,SKU69429,ZAV00211,1,394.48,105.94
ZA-00031493,1,SKU89021,ZAV00048,1,685.91,65.15
ZA-00031494,1,SKU47658,ZAV00407,1,231.72,54.88
ZA-00031495,1,SKU85917,ZAV00297,1,525.5,127.87
ZA-00031496,1,SKU22960,ZAV00294,2,1885.93,77.34
ZA-00031497,1,SKU68335,ZAV00032,1,246.91,149.78
ZA-00031497,2,SKU81478,ZAV00160,1,1222.91,72.62
ZA-00031498,1,SKU18336,ZAV00379,1,1780.37,54.62
ZA-00031498,2,SKU16452,ZAV00413,1,782.99,95.76
ZA-00031498,3,SKU97250,ZAV00566,1,471.32,113.45
ZA-00031499,1,SKU27701,ZAV00582,1,792.08,121.54
ZA-00031500,1,SKU14230,ZAV00486,1,1099.58,156.83
ZA-00031501,1,SKU35253,ZAV00677,1,74.55,50.82
ZA-00031501,2,SKU24741,ZAV00606,1,877.12,143.66
ZA-00031501,3,SKU29767,ZAV00631,1,388.32,107.65
ZA-00031502,1,SKU81987,ZAV00555,1,3774.13,70.25
ZA-00031503,1,SKU53540,ZAV00064,1,337.12,103.81
ZA-00031504,1,SKU21476,ZAV00181,1,315.2,106.47
ZA-00031505,1,SKU62407,ZAV00635,1,127.45,67.95
ZA-00031506,1,SKU80571,ZAV00181,1,270.05,177.99
ZA-00031507,1,SKU51642,ZAV00782,1,1421.61,129.67
ZA-00031508,1,SKU54494,ZAV00278,1,425.31,131.94
ZA-00031509,1,SKU11386,ZAV00674,1,460.25,139.12
ZA-00031510,1,SKU24665,ZAV00302,2,2018.07,178.26
ZA-00031510,2,SKU82201,ZAV00521,1,874.8,56.3
ZA-00031510,3,SKU40169,ZAV00022,1,937.38,133.07
ZA-00031511,1,SKU97745,ZAV00460,1,677.37,89.82
ZA-00031512,1,SKU80436,ZAV00439,1,273.97,66.07
ZA-00031512,2,SKU25651,ZAV00014,1,1280.91,163.6
ZA-00031512,3,SKU19694,ZAV00317,1,332.86,44.98
ZA-00031513,1,SKU65091,ZAV00433,1,1105.73,42.51
ZA-00031514,1,SKU11926,ZAV00335,1,243.25,51.78
ZA-00031515,1,SKU59538,ZAV00723,1,240.14,121.47
ZA-00031516,1,SKU45345,ZAV00208,1,703.14,52.53
ZA-00031517,1,SKU97566,ZAV00011,1,175.76,106.39
ZA-00031518,1,SKU63827,ZAV00115,1,2957.32,156.44
ZA-00031519,1,SKU66646,ZAV00251,1,1180.57,162.49
ZA-00031520,1,SKU75681,ZAV00429,2,343.54,84.03
ZA-00031521,1,SKU11925,ZAV00020,1,1898.73,160.47
ZA-00031522,1,SKU12332,ZAV00195,1,1296.39,48.93
ZA-00031523,1,SKU39573,ZAV00331,2,373.13,54.9
ZA-00031523,2,SKU44306,ZAV00297,1,219.87,108.44
ZA-00031524,1,SKU91926,ZAV00279,1,612.87,65.68
ZA-00031524,2,SKU68965,ZAV00787,3,1664.31,133.66
ZA-00031524,3,SKU18678,ZAV00160,1,358.52,37.58
ZA-00031525,1,SKU88824,ZAV00406,1,1397.08,118.72
ZA-00031525,2,SKU68132,ZAV00375,1,109.63,154.43
ZA-00031526,1,SKU41468,ZAV00704,1,731.14,39.01
ZA-00031526,2,SKU85492,ZAV00311,1,217.68,109.89
ZA-00031527,1,SKU87711,ZAV00361,1,3320.09,73.83
ZA-00031528,1,SKU36131,ZAV00715,1,257.49,160.21
ZA-00031528,2,SKU56234,ZAV00343,1,1392.47,175.86
ZA-00031529,1,SKU35063,ZAV00461,1,529.08,111.49
ZA-00031530,1,SKU48882,ZAV00722,2,200.69,166.75
ZA-00031531,1,SKU15952,ZAV00103,1,728.88,145.77
ZA-00031532,1,SKU21860,ZAV00633,1,153.57,163.75
ZA-00031533,1,SKU47123,ZAV00322,1,180.06,76.54
ZA-00031534,1,SKU96064,ZAV00433,1,439.12,106.89
ZA-00031534,2,SKU55876,ZAV00564,1,542.84,98.95
ZA-00031535,1,SKU87997,ZAV00328,1,524.95,51.92
ZA-00031536,1,SKU74235,ZAV00211,3,907.13,134.32
ZA-00031537,1,SKU71574,ZAV00788,1,198.95,107.46
ZA-00031538,1,SKU21746,ZAV00216,2,1556.7,105.05
ZA-00031538,2,SKU54020,ZAV00772,1,1096.77,176.88
ZA-00031539,1,SKU54551,ZAV00106,2,251.3,82.81
ZA-00031539,2,SKU22295,ZAV00666,1,2318.46,122.59
ZA-00031539,3,SKU16803,ZAV00200,1,213.45,69.91
ZA-00031540,1,SKU72357,ZAV00411,1,2012.15,167.01
ZA-00031540,2,SKU89447,ZAV00593,1,201.38,144.29
ZA-00031540,3,SKU59757,ZAV00194,2,739.31,126.08
ZA-00031541,1,SKU71975,ZAV00199,1,402.31,93.91
ZA-00031541,2,SKU59514,ZAV00151,1,29.43,112.71
ZA-00031542,1,SKU57689,ZAV00052,1,647.05,175.29
ZA-00031542,2,SKU38034,ZAV00762,2,277.36,155.6
ZA-00031543,1,SKU33408,ZAV00742,1,1134.51,171.0
ZA-00031544,1,SKU34765,ZAV00330,1,2434.59,106.08
ZA-00031545,1,SKU47038,ZAV00519,1,94.41,165.45
ZA-00031546,1,SKU78806,ZAV00201,1,491.07,169.67
ZA-00031547,1,SKU82478,ZAV00709,1,674.71,39.51
ZA-00031548,1,SKU36298,ZAV00714,2,1157.49,121.24
ZA-00031549,1,SKU99553,ZAV00613,1,2119.95,122.23
ZA-00031550,1,SKU43099,ZAV00700,1,618.71,134.17
ZA-00031551,1,SKU92670,ZAV00306,1,618.24,171.07
ZA-00031552,1,SKU65647,ZAV00234,1,96.5,171.89
ZA-00031553,1,SKU43211,ZAV00538,1,594.2,123.38
ZA-00031554,1,SKU32712,ZAV00768,1,1087.94,134.6
ZA-00031555,1,SKU88520,ZAV00425,1,36.52,122.79
ZA-00031556,1,SKU39495,ZAV00614,1,874.87,124.19
ZA-00031557,1,SKU60865,ZAV00434,1,146.14,177.04
ZA-00031557,2,SKU25251,ZAV00730,1,1344.72,81.41
ZA-00031557,3,SKU10200,ZAV00044,2,689.88,127.98
ZA-00031558,1,SKU50554,ZAV00720,1,475.9,116.08
ZA-00031559,1,SKU86112,ZAV00043,1,84.08,89.7
ZA-00031560,1,SKU64812,ZAV00384,1,4160.24,117.16
ZA-00031561,1,SKU56081,ZAV00526,2,883.21,41.32
ZA-00031561,2,SKU80386,ZAV00079,1,335.32,144.62
ZA-00031562,1,SKU85133,ZAV00728,1,951.96,50.5
ZA-00031563,1,SKU33387,ZAV00745,1,1183.32,157.79
ZA-00031564,1,SKU59503,ZAV00066,2,258.03,41.92
ZA-00031565,1,SKU37593,ZAV00705,1,398.24,113.02
ZA-00031566,1,SKU86940,ZAV00100,1,199.96,86.03
ZA-00031567,1,SKU13661,ZAV00052,1,308.56,53.41
ZA-00031568,1,SKU49010,ZAV00096,1,158.6,50.71
ZA-00031569,1,SKU36561,ZAV00136,1,2292.19,76.0
ZA-00031570,1,SKU87636,ZAV00490,1,877.81,61.06
ZA-00031571,1,SKU28039,ZAV00718,1,180.18,158.06
ZA-00031572,1,SKU67529,ZAV00591,1,554.64,74.72
ZA-00031573,1,SKU35686,ZAV00015,1,174.33,134.07
ZA-00031573,2,SKU16205,ZAV00551,2,602.25,79.13
ZA-00031574,1,SKU84719,ZAV00072,1,286.13,171.44
ZA-00031575,1,SKU36880,ZAV00165,1,468.89,143.03
ZA-00031576,1,SKU69964,ZAV00099,1,1180.25,120.51
ZA-00031577,1,SKU52151,ZAV00639,3,583.4,145.79
ZA-00031578,1,SKU15900,ZAV00156,1,1063.68,128.31
ZA-00031579,1,SKU60489,ZAV00390,1,389.25,169.76
ZA-00031579,2,SKU91229,ZAV00749,1,620.88,117.24
ZA-00031580,1,SKU89761,ZAV00749,2,264.88,98.7
ZA-00031580,2,SKU81133,ZAV00421,1,809.6,68.41
ZA-00031581,1,SKU84202,ZAV00190,1,1103.11,103.54
ZA-00031582,1,SKU26091,ZAV00760,1,380.52,36.0
ZA-00031583,1,SKU58560,ZAV00416,1,713.44,71.33
ZA-00031584,1,SKU97336,ZAV00307,1,591.6,88.92
ZA-00031585,1,SKU42283,ZAV00403,2,144.94,90.78
ZA-00031586,1,SKU68882,ZAV00455,2,1318.07,147.05
ZA-00031586,2,SKU65792,ZAV00275,1,474.94,127.6
ZA-00031587,1,SKU97306,ZAV00078,1,956.96,40.8
ZA-00031587,2,SKU57016,ZAV00667,1,294.49,106.42
ZA-00031588,1,SKU38162,ZAV00203,1,241.69,39.12
ZA-00031589,1,SKU75543,ZAV00791,1,43.77,135.56
ZA-00031589,2,SKU47283,ZAV00038,1,360.54,113.72
ZA-00031589,3,SKU95592,ZAV00400,2,344.03,178.92
ZA-00031590,1,SKU77076,ZAV00449,1,511.54,133.98
ZA-00031591,1,SKU69694,ZAV00558,1,103.41,53.77
ZA-00031592,1,SKU48329,ZAV00073,1,1618.29,159.07
ZA-00031592,2,SKU20189,ZAV00268,1,137.59,47.33
ZA-00031592,3,SKU96580,ZAV00785,2,689.63,142.14
ZA-00031593,1,SKU91857,ZAV00234,3,266.85,43.88
ZA-00031594,1,SKU34706,ZAV00152,1,1232.65,38.45
ZA-00031595,1,SKU78208,ZAV00026,1,725.71,72.26
ZA-00031596,1,SKU44678,ZAV00396,1,959.64,95.57
ZA-00031597,1,SKU89163,ZAV00037,1,252.41,145.51
ZA-00031598,1,SKU76278,ZAV00144,1,126.06,41.35
ZA-00031599,1,SKU44593,ZAV00054,3,107.01,176.45
ZA-00031599,2,SKU23049,ZAV00307,3,2299.45,123.6
ZA-00031600,1,SKU57365,ZAV00469,1,622.03,92.1
ZA-00031601,1,SKU91824,ZAV00715,1,259.49,164.86
ZA-00031602,1,SKU81358,ZAV00455,1,215.54,176.24
ZA-00031603,1,SKU43636,ZAV00786,1,593.84,132.34
ZA-00031604,1,SKU40449,ZAV00019,1,406.71,130.85
ZA-00031604,2,SKU82777,ZAV00300,1,560.09,103.25
ZA-00031605,1,SKU59448,ZAV00016,1,229.7,55.79
ZA-00031605,2,SKU77640,ZAV00122,1,583.86,120.77
ZA-00031606,1,SKU25637,ZAV00280,1,991.95,158.97
ZA-00031607,1,SKU41681,ZAV00530,1,197.6,87.47
ZA-00031608,1,SKU18452,ZAV00644,1,601.59,70.51
ZA-00031609,1,SKU45655,ZAV00716,1,236.78,130.9
ZA-00031610,1,SKU83136,ZAV00743,1,861.27,132.56
ZA-00031610,2,SKU36046,ZAV00559,1,287.6,47.43
ZA-00031611,1,SKU63522,ZAV00383,1,500.23,179.94
ZA-00031611,2,SKU25140,ZAV00487,1,285.37,147.42
ZA-00031612,1,SKU19699,ZAV00450,1,676.81,126.12
ZA-00031613,1,SKU44253,ZAV00066,1,322.5,125.44
ZA-00031614,1,SKU78445,ZAV00174,1,2249.39,84.45
ZA-00031615,1,SKU95258,ZAV00722,1,825.5,126.93
ZA-00031616,1,SKU10357,ZAV00660,1,366.82,141.65
ZA-00031617,1,SKU48476,ZAV00097,2,909.64,129.93
ZA-00031618,1,SKU45281,ZAV00591,1,157.85,160.95
ZA-00031619,1,SKU14429,ZAV00573,1,649.74,51.06
ZA-00031620,1,SKU86464,ZAV00502,1,254.05,72.28
ZA-00031621,1,SKU11107,ZAV00286,1,647.32,125.39
ZA-00031621,2,SKU91261,ZAV00474,1,335.46,85.25
ZA-00031621,3,SKU20306,ZAV00265,1,774.4,62.76
ZA-00031622,1,SKU61824,ZAV00249,1,383.45,170.55
ZA-00031623,1,SKU52362,ZAV00606,1,315.79,136.8
ZA-00031624,1,SKU92057,ZAV00769,1,1801.96,124.77
ZA-00031625,1,SKU67352,ZAV00497,1,92.59,112.29
ZA-00031626,1,SKU58557,ZAV00650,1,199.09,83.66
ZA-00031627,1,SKU38502,ZAV00757,1,92.55,104.21
ZA-00031628,1,SKU20359,ZAV00240,1,270.06,56.64
ZA-00031629,1,SKU59311,ZAV00372,1,336.79,111.88
ZA-00031630,1,SKU59204,ZAV00468,1,270.01,131.79
ZA-00031631,1,SKU80096,ZAV00659,1,168.39,140.93
ZA-00031632,1,SKU95661,ZAV00038,1,132.79,163.32
ZA-00031633,1,SKU86430,ZAV00784,1,462.25,91.27
ZA-00031633,2,SKU89982,ZAV00459,1,368.56,94.63
ZA-00031634,1,SKU44200,ZAV00231,1,2635.18,179.25
ZA-00031635,1,SKU89089,ZAV00628,1,128.94,91.21
ZA-00031635,2,SKU19181,ZAV00658,1,295.7,82.18
ZA-00031636,1,SKU33272,ZAV00669,1,135.73,40.75
ZA-00031637,1,SKU84453,ZAV00366,1,231.88,149.19
ZA-00031638,1,SKU74146,ZAV00421,1,203.1,130.95
ZA-00031639,1,SKU96645,ZAV00614,1,455.06,155.55
ZA-00031639,2,SKU58005,ZAV00337,1,391.54,160.6
ZA-00031640,1,SKU70956,ZAV00660,1,693.77,179.22
ZA-00031641,1,SKU26693,ZAV00026,1,1102.94,114.55
ZA-00031642,1,SKU36422,ZAV00160,1,585.98,98.67
ZA-00031643,1,SKU81854,ZAV00233,1,228.6,151.03
ZA-00031644,1,SKU17078,ZAV00253,1,294.91,124.59
ZA-00031644,2,SKU83021,ZAV00095,2,637.21,118.5
ZA-00031645,1,SKU95695,ZAV00488,1,1137.61,155.28
ZA-00031646,1,SKU34836,ZAV00661,1,349.12,143.22
ZA-00031647,1,SKU99843,ZAV00453,1,718.72,62.46
ZA-00031647,2,SKU84963,ZAV00059,1,677.06,36.6
ZA-00031648,1,SKU94079,ZAV00399,1,533.28,163.61
ZA-00031649,1,SKU30850,ZAV00637,1,277.24,135.96
ZA-00031650,1,SKU35654,ZAV00105,1,419.05,167.47
ZA-00031651,1,SKU28375,ZAV00200,1,472.94,121.28
ZA-00031652,1,SKU74653,ZAV00081,1,383.57,160.64
ZA-00031653,1,SKU57194,ZAV00272,2,294.34,173.62
ZA-00031654,1,SKU94725,ZAV00450,1,603.32,163.87
ZA-00031655,1,SKU28996,ZAV00016,1,395.1,117.82
ZA-00031655,2,SKU82275,ZAV00233,1,634.51,61.03
ZA-00031655,3,SKU74358,ZAV00790,1,550.53,130.24
ZA-00031656,1,SKU61310,ZAV00398,1,256.87,53.02
ZA-00031657,1,SKU21832,ZAV00553,1,71.8,78.83
ZA-00031657,2,SKU49441,ZAV00717,1,432.72,66.55
ZA-00031658,1,SKU62786,ZAV00113,1,517.27,167.59
ZA-00031659,1,SKU42272,ZAV00731,1,2571.81,141.99
ZA-00031660,1,SKU78879,ZAV00778,1,634.29,41.93
ZA-00031661,1,SKU82067,ZAV00045,1,1224.94,36.73
ZA-00031661,2,SKU49801,ZAV00167,1,92.03,163.28
ZA-00031662,1,SKU45339,ZAV00218,1,208.85,59.56
ZA-00031663,1,SKU16455,ZAV00043,1,617.1,123.89
ZA-00031664,1,SKU97463,ZAV00663,1,497.5,137.32
ZA-00031664,2,SKU20404,ZAV00091,1,241.78,43.09
ZA-00031664,3,SKU78486,ZAV00505,1,1958.84,86.98
ZA-00031665,1,SKU69260,ZAV00668,1,284.18,47.65
ZA-00031665,2,SKU67150,ZAV00171,1,203.27,38.65
ZA-00031666,1,SKU69492,ZAV00597,1,172.46,153.03
ZA-00031667,1,SKU20507,ZAV00551,1,508.07,89.03
ZA-00031668,1,SKU66475,ZAV00609,2,1057.04,51.66
ZA-00031668,2,SKU23726,ZAV00159,1,1152.26,99.37
ZA-00031668,3,SKU79112,ZAV00472,1,297.56,82.6
ZA-00031669,1,SKU60753,ZAV00469,1,504.71,103.4
ZA-00031670,1,SKU42489,ZAV00529,1,590.92,55.04
ZA-00031671,1,SKU28359,ZAV00007,1,239.27,88.32
ZA-00031672,1,SKU83396,ZAV00566,1,2411.85,121.1
ZA-00031672,2,SKU86318,ZAV00760,1,274.75,145.06
ZA-00031672,3,SKU82058,ZAV00182,2,102.64,98.83
ZA-00031673,1,SKU85717,ZAV00742,2,771.45,126.02
ZA-00031674,1,SKU58735,ZAV00599,2,250.82,76.09
ZA-00031674,2,SKU25554,ZAV00699,1,247.7,37.23
ZA-00031674,3,SKU65386,ZAV00622,2,604.0,45.06
ZA-00031675,1,SKU65983,ZAV00008,2,350.54,45.72
ZA-00031676,1,SKU94581,ZAV00534,1,772.81,151.21
ZA-00031677,1,SKU10644,ZAV00343,1,197.66,154.47
ZA-00031678,1,SKU15529,ZAV00514,1,1459.34,100.26
ZA-00031679,1,SKU33242,ZAV00324,1,138.5,113.08
ZA-00031679,2,SKU74954,ZAV00464,1,614.37,127.43
ZA-00031680,1,SKU33389,ZAV00107,2,360.99,176.43
ZA-00031680,2,SKU19740,ZAV00378,2,397.94,111.31
ZA-00031681,1,SKU49366,ZAV00276,1,4631.4,165.8
ZA-00031681,2,SKU62153,ZAV00685,1,283.02,50.8
ZA-00031682,1,SKU61399,ZAV00442,1,156.62,77.46
ZA-00031683,1,SKU47369,ZAV00575,1,1222.11,49.65
ZA-00031684,1,SKU39878,ZAV00710,1,1359.73,123.21
ZA-00031685,1,SKU76196,ZAV00119,1,147.26,47.98
ZA-00031685,2,SKU37306,ZAV00213,1,331.14,154.59
ZA-00031686,1,SKU21307,ZAV00651,1,2770.17,117.84
ZA-00031687,1,SKU45998,ZAV00616,1,757.76,102.01
ZA-00031688,1,SKU97281,ZAV00566,1,673.22,92.45
ZA-00031689,1,SKU36937,ZAV00283,1,229.59,177.92
ZA-00031690,1,SKU50253,ZAV00754,3,308.37,38.82
ZA-00031691,1,SKU93543,ZAV00562,2,1235.81,62.74
ZA-00031692,1,SKU54120,ZAV00666,1,1013.03,134.56
ZA-00031693,1,SKU61737,ZAV00095,2,242.73,114.99
ZA-00031694,1,SKU85474,ZAV00181,1,798.87,159.26
ZA-00031694,2,SKU88632,ZAV00620,2,296.75,86.35
ZA-00031694,3,SKU17240,ZAV00528,1,2056.92,128.88
ZA-00031695,1,SKU20142,ZAV00292,1,1490.82,57.3
ZA-00031695,2,SKU17239,ZAV00468,1,383.38,112.26
ZA-00031696,1,SKU16423,ZAV00224,2,2209.41,125.69
ZA-00031696,2,SKU76972,ZAV00522,1,214.33,40.1
ZA-00031697,1,SKU25451,ZAV00077,1,692.65,91.86
ZA-00031698,1,SKU65737,ZAV00348,1,523.81,58.4
ZA-00031699,1,SKU23386,ZAV00182,1,184.33,115.73
ZA-00031700,1,SKU28437,ZAV00045,1,655.68,139.42
ZA-00031701,1,SKU81272,ZAV00008,2,443.33,154.28
ZA-00031701,2,SKU87765,ZAV00523,1,655.9,90.06
ZA-00031702,1,SKU52157,ZAV00612,1,3137.27,128.01
ZA-00031703,1,SKU51001,ZAV00691,1,898.25,51.17
ZA-00031704,1,SKU82708,ZAV00582,1,271.42,170.11
ZA-00031705,1,SKU11684,ZAV00012,2,732.47,113.44
ZA-00031706,1,SKU58241,ZAV00689,2,454.69,127.25
ZA-00031707,1,SKU39811,ZAV00741,1,259.63,36.21
ZA-00031708,1,SKU15546,ZAV00035,1,1742.22,57.42
ZA-00031709,1,SKU14533,ZAV00476,2,718.54,58.62
ZA-00031710,1,SKU46972,ZAV00256,2,105.19,157.35
ZA-00031710,2,SKU69856,ZAV00459,1,170.07,130.79
ZA-00031711,1,SKU72308,ZAV00399,1,1819.76,170.15
ZA-00031712,1,SKU16949,ZAV00021,1,438.62,179.21
ZA-00031713,1,SKU81666,ZAV00352,1,688.63,55.35
ZA-00031713,2,SKU92956,ZAV00173,1,1677.8,142.11
ZA-00031714,1,SKU44555,ZAV00162,1,68.58,36.49
ZA-00031715,1,SKU67490,ZAV00784,1,417.88,149.92
ZA-00031716,1,SKU17678,ZAV00463,1,206.39,64.91
ZA-00031717,1,SKU60882,ZAV00405,1,369.73,38.69
ZA-00031718,1,SKU33257,ZAV00722,1,425.18,149.03
ZA-00031719,1,SKU67129,ZAV00602,1,327.51,92.44
ZA-00031719,2,SKU38452,ZAV00016,2,180.69,130.08
ZA-00031720,1,SKU75671,ZAV00440,1,347.51,37.21
ZA-00031720,2,SKU10104,ZAV00612,1,679.26,159.3
ZA-00031721,1,SKU84014,ZAV00572,1,6496.51,137.8
ZA-00031722,1,SKU11728,ZAV00337,1,528.49,132.29
ZA-00031723,1,SKU12662,ZAV00297,2,1772.92,58.98
ZA-00031723,2,SKU53599,ZAV00222,1,226.63,97.99
ZA-00031723,3,SKU85532,ZAV00530,1,592.54,85.98
ZA-00031724,1,SKU83166,ZAV00039,1,564.8,46.19
ZA-00031724,2,SKU79854,ZAV00506,1,633.46,46.52
ZA-00031725,1,SKU82751,ZAV00482,2,788.16,59.35
ZA-00031726,1,SKU61305,ZAV00472,1,1292.78,142.11
ZA-00031726,2,SKU53403,ZAV00265,1,279.85,145.63
ZA-00031727,1,SKU13628,ZAV00663,1,210.96,91.31
ZA-00031727,2,SKU12469,ZAV00386,1,553.16,91.38
ZA-00031728,1,SKU33328,ZAV00367,2,763.86,178.99
ZA-00031729,1,SKU60214,ZAV00160,1,493.57,96.77
ZA-00031729,2,SKU99455,ZAV00320,1,317.88,137.1
ZA-00031730,1,SKU45844,ZAV00048,1,111.75,106.15
ZA-00031731,1,SKU55456,ZAV00328,1,755.89,129.7
ZA-00031732,1,SKU27152,ZAV00289,1,510.51,97.69
ZA-00031733,1,SKU56103,ZAV00305,1,1884.41,162.68
ZA-00031734,1,SKU37849,ZAV00146,2,225.15,157.05
ZA-00031734,2,SKU11223,ZAV00044,1,996.94,48.96
ZA-00031735,1,SKU84473,ZAV00404,1,2029.31,149.81
ZA-00031736,1,SKU49068,ZAV00292,1,143.15,115.33
ZA-00031737,1,SKU22109,ZAV00664,1,142.56,107.27
ZA-00031738,1,SKU64607,ZAV00366,1,156.74,128.35
ZA-00031739,1,SKU64435,ZAV00710,1,583.45,133.63
ZA-00031740,1,SKU36068,ZAV00725,1,396.45,99.16
ZA-00031741,1,SKU23870,ZAV00725,1,145.09,53.77
ZA-00031742,1,SKU74425,ZAV00140,1,303.11,167.11
ZA-00031743,1,SKU36354,ZAV00730,2,535.96,56.04
ZA-00031744,1,SKU78546,ZAV00202,1,2953.27,40.85
ZA-00031744,2,SKU40994,ZAV00040,1,738.49,50.97
ZA-00031745,1,SKU63380,ZAV00664,1,831.67,99.22
ZA-00031746,1,SKU64382,ZAV00509,2,691.33,162.82
ZA-00031747,1,SKU96773,ZAV00783,2,436.29,59.84
ZA-00031748,1,SKU29206,ZAV00783,2,695.01,51.23
ZA-00031748,2,SKU97493,ZAV00217,1,854.37,158.34
ZA-00031748,3,SKU17960,ZAV00247,1,711.68,150.12
ZA-00031749,1,SKU18110,ZAV00650,2,475.43,158.96
ZA-00031750,1,SKU31158,ZAV00560,2,2261.2,75.2
ZA-00031750,2,SKU48193,ZAV00527,1,300.41,173.88
ZA-00031750,3,SKU10897,ZAV00335,1,241.55,148.74
ZA-00031751,1,SKU65150,ZAV00429,2,300.68,51.41
ZA-00031752,1,SKU82870,ZAV00246,1,474.1,49.62
ZA-00031752,2,SKU27825,ZAV00652,1,1189.13,154.29
ZA-00031752,3,SKU44043,ZAV00516,1,53.55,111.42
ZA-00031753,1,SKU13863,ZAV00128,1,1673.77,43.61
ZA-00031753,2,SKU62865,ZAV00646,1,1915.98,45.17
ZA-00031753,3,SKU80512,ZAV00141,1,317.1,112.14
ZA-00031754,1,SKU61891,ZAV00509,1,513.15,40.61
ZA-00031755,1,SKU20010,ZAV00112,1,324.5,132.51
ZA-00031756,1,SKU89399,ZAV00090,1,913.16,120.78
ZA-00031757,1,SKU70784,ZAV00158,1,157.7,156.05
ZA-00031758,1,SKU95455,ZAV00525,1,1307.15,169.09
ZA-00031759,1,SKU34387,ZAV00457,1,432.38,78.42
ZA-00031760,1,SKU22532,ZAV00358,1,1431.07,107.83
ZA-00031761,1,SKU55944,ZAV00028,1,237.37,86.65
ZA-00031762,1,SKU54383,ZAV00197,1,369.83,97.04
ZA-00031763,1,SKU43988,ZAV00159,1,298.35,113.17
ZA-00031764,1,SKU31139,ZAV00476,1,788.07,97.96
ZA-00031765,1,SKU83474,ZAV00317,1,1316.71,150.03
ZA-00031766,1,SKU96253,ZAV00243,1,255.8,112.3
ZA-00031767,1,SKU89406,ZAV00036,1,390.74,44.68
ZA-00031768,1,SKU37811,ZAV00239,1,1388.38,130.14
ZA-00031769,1,SKU33244,ZAV00133,2,176.15,133.83
ZA-00031769,2,SKU31757,ZAV00739,1,348.05,87.29
ZA-00031770,1,SKU36402,ZAV00084,1,792.03,42.03
ZA-00031771,1,SKU82090,ZAV00319,2,148.58,75.93
ZA-00031772,1,SKU28842,ZAV00390,1,219.6,169.93
ZA-00031773,1,SKU13984,ZAV00587,1,167.21,162.6
ZA-00031774,1,SKU81109,ZAV00704,3,376.75,105.65
ZA-00031775,1,SKU85178,ZAV00499,2,305.25,160.57
ZA-00031776,1,SKU40653,ZAV00339,1,806.77,99.64
ZA-00031777,1,SKU96273,ZAV00538,1,578.93,107.16
ZA-00031777,2,SKU58268,ZAV00089,1,1111.83,49.46
ZA-00031778,1,SKU72985,ZAV00157,1,118.02,109.11
ZA-00031779,1,SKU56250,ZAV00613,1,350.84,36.77
ZA-00031779,2,SKU93921,ZAV00241,1,2947.97,45.13
ZA-00031780,1,SKU71576,ZAV00718,1,429.27,169.5
ZA-00031781,1,SKU97216,ZAV00174,1,1097.52,127.58
ZA-00031782,1,SKU42871,ZAV00645,1,286.25,76.86
ZA-00031782,2,SKU48901,ZAV00335,1,351.99,63.14
ZA-00031782,3,SKU67092,ZAV00460,1,472.91,161.54
ZA-00031783,1,SKU41800,ZAV00478,1,520.89,117.4
ZA-00031784,1,SKU80718,ZAV00676,1,260.61,101.69
ZA-00031785,1,SKU23023,ZAV00797,1,106.27,154.87
ZA-00031786,1,SKU35668,ZAV00518,1,887.15,57.46
ZA-00031786,2,SKU27732,ZAV00331,1,289.35,59.15
ZA-00031787,1,SKU91642,ZAV00598,1,1775.45,113.03
ZA-00031788,1,SKU32585,ZAV00297,1,3056.46,52.2
ZA-00031789,1,SKU19269,ZAV00470,2,389.26,173.48
ZA-00031790,1,SKU87432,ZAV00404,1,750.1,146.21
ZA-00031791,1,SKU67018,ZAV00373,1,336.74,158.71
ZA-00031792,1,SKU44859,ZAV00058,2,380.18,155.83
ZA-00031792,2,SKU21297,ZAV00401,3,950.2,145.12
ZA-00031793,1,SKU26917,ZAV00599,1,1453.88,80.58
ZA-00031794,1,SKU72183,ZAV00038,1,117.39,68.83
ZA-00031795,1,SKU11787,ZAV00269,1,448.92,56.91
ZA-00031796,1,SKU56429,ZAV00688,1,190.5,123.72
ZA-00031797,1,SKU75631,ZAV00708,1,143.9,113.31
ZA-00031797,2,SKU65892,ZAV00412,1,741.66,131.11
ZA-00031798,1,SKU94549,ZAV00764,1,722.91,54.72
ZA-00031799,1,SKU87653,ZAV00095,1,312.19,170.92
ZA-00031800,1,SKU45264,ZAV00023,1,462.9,99.58
ZA-00031801,1,SKU80781,ZAV00514,1,639.53,53.93
ZA-00031802,1,SKU13454,ZAV00072,2,755.15,105.39
ZA-00031802,2,SKU61228,ZAV00109,1,1233.09,153.79
ZA-00031803,1,SKU54825,ZAV00265,1,741.59,52.33
ZA-00031803,2,SKU31368,ZAV00412,1,213.61,140.54
ZA-00031804,1,SKU92219,ZAV00422,1,298.23,124.64
ZA-00031805,1,SKU91087,ZAV00796,2,2564.22,136.74
ZA-00031806,1,SKU40521,ZAV00752,2,5466.44,110.12
ZA-00031807,1,SKU77224,ZAV00346,1,144.37,168.64
ZA-00031808,1,SKU34400,ZAV00471,1,96.58,48.86
ZA-00031809,1,SKU14352,ZAV00765,2,953.0,154.5
ZA-00031810,1,SKU68878,ZAV00580,1,411.7,55.54
ZA-00031811,1,SKU23666,ZAV00701,1,694.16,128.57
ZA-00031812,1,SKU51630,ZAV00327,1,1721.01,85.93
ZA-00031812,2,SKU10870,ZAV00575,1,488.28,165.92
ZA-00031813,1,SKU94242,ZAV00051,1,1126.18,111.13
ZA-00031814,1,SKU42818,ZAV00318,1,397.62,101.71
ZA-00031815,1,SKU70117,ZAV00226,1,632.71,35.93
ZA-00031816,1,SKU59150,ZAV00478,1,234.09,114.7
ZA-00031816,2,SKU24310,ZAV00267,1,1999.63,136.82
ZA-00031816,3,SKU43296,ZAV00392,1,636.4,92.44
ZA-00031817,1,SKU93000,ZAV00198,1,386.35,95.03
ZA-00031818,1,SKU37937,ZAV00579,1,265.62,96.52
ZA-00031819,1,SKU62747,ZAV00459,1,1584.6,38.24
ZA-00031820,1,SKU96611,ZAV00553,1,994.75,97.36
ZA-00031821,1,SKU59555,ZAV00633,1,185.75,61.96
ZA-00031822,1,SKU88154,ZAV00004,1,305.11,58.18
ZA-00031823,1,SKU48369,ZAV00286,1,801.36,137.12
ZA-00031824,1,SKU26013,ZAV00646,1,217.53,53.64
ZA-00031824,2,SKU23765,ZAV00008,1,536.19,41.19
ZA-00031825,1,SKU43429,ZAV00662,1,302.95,78.42
ZA-00031826,1,SKU28039,ZAV00189,1,1041.41,93.76
ZA-00031827,1,SKU52853,ZAV00087,1,1026.01,68.79
ZA-00031828,1,SKU99010,ZAV00414,2,24.26,64.65
ZA-00031829,1,SKU13116,ZAV00536,2,1372.64,178.24
ZA-00031830,1,SKU24883,ZAV00106,1,587.55,163.77
ZA-00031831,1,SKU19168,ZAV00772,1,168.6,61.64
ZA-00031831,2,SKU76756,ZAV00492,1,820.3,168.8
ZA-00031831,3,SKU19683,ZAV00502,1,113.28,109.25
ZA-00031832,1,SKU24427,ZAV00117,1,256.17,156.87
ZA-00031833,1,SKU25713,ZAV00210,2,671.04,99.09
ZA-00031833,2,SKU97819,ZAV00555,1,632.39,91.71
ZA-00031834,1,SKU84541,ZAV00302,2,657.81,108.88
ZA-00031835,1,SKU15883,ZAV00234,1,732.37,88.02
ZA-00031836,1,SKU83275,ZAV00129,1,4453.04,36.21
ZA-00031836,2,SKU49375,ZAV00186,1,299.14,94.3
ZA-00031837,1,SKU14104,ZAV00487,1,1505.08,162.45
ZA-00031837,2,SKU72971,ZAV00123,1,1116.33,179.2
ZA-00031838,1,SKU93855,ZAV00374,1,570.81,178.46
ZA-00031839,1,SKU72948,ZAV00418,2,357.79,125.43
ZA-00031840,1,SKU18841,ZAV00551,1,210.41,112.77
ZA-00031840,2,SKU10634,ZAV00489,2,185.25,152.2
ZA-00031841,1,SKU76445,ZAV00305,2,536.97,53.45
ZA-00031842,1,SKU33525,ZAV00717,1,671.33,177.47
ZA-00031843,1,SKU55402,ZAV00764,1,4783.89,163.02
ZA-00031844,1,SKU36205,ZAV00142,1,774.66,135.15
ZA-00031845,1,SKU95170,ZAV00478,1,590.77,84.77
ZA-00031845,2,SKU11860,ZAV00131,1,847.85,158.31
ZA-00031846,1,SKU68833,ZAV00442,1,431.63,174.23
ZA-00031847,1,SKU15086,ZAV00165,1,481.2,131.32
ZA-00031848,1,SKU53874,ZAV00432,1,370.96,74.47
ZA-00031849,1,SKU12035,ZAV00090,1,171.93,166.7
ZA-00031850,1,SKU66825,ZAV00360,1,426.2,157.48
ZA-00031851,1,SKU85749,ZAV00306,1,459.4,176.37
ZA-00031851,2,SKU54197,ZAV00597,1,500.97,84.8
ZA-00031852,1,SKU72762,ZAV00412,1,419.88,146.5
ZA-00031853,1,SKU44825,ZAV00641,1,698.64,136.4
ZA-00031854,1,SKU82455,ZAV00007,1,1621.87,60.97
ZA-00031855,1,SKU36600,ZAV00516,1,944.93,47.34
ZA-00031856,1,SKU90997,ZAV00121,1,510.0,175.71
ZA-00031857,1,SKU83530,ZAV00466,1,368.13,125.69
ZA-00031857,2,SKU13226,ZAV00506,1,765.1,105.62
ZA-00031858,1,SKU14377,ZAV00606,3,228.78,97.47
ZA-00031859,1,SKU15225,ZAV00536,1,469.59,81.55
ZA-00031860,1,SKU34799,ZAV00769,1,318.32,80.38
ZA-00031861,1,SKU70103,ZAV00544,1,227.86,60.51
ZA-00031861,2,SKU97567,ZAV00610,2,1262.02,57.83
ZA-00031862,1,SKU53690,ZAV00045,1,281.24,101.37
ZA-00031862,2,SKU28225,ZAV00494,2,805.24,154.69
ZA-00031863,1,SKU22406,ZAV00237,1,419.46,66.9
ZA-00031863,2,SKU19236,ZAV00752,1,406.69,60.61
ZA-00031864,1,SKU28810,ZAV00366,1,280.71,88.99
ZA-00031864,2,SKU99359,ZAV00764,1,1425.38,108.55
ZA-00031864,3,SKU97033,ZAV00225,1,416.78,137.43
ZA-00031865,1,SKU36379,ZAV00003,1,352.98,132.49
ZA-00031865,2,SKU34051,ZAV00283,2,279.84,42.66
ZA-00031866,1,SKU97456,ZAV00061,1,108.82,107.93
ZA-00031866,2,SKU31697,ZAV00649,1,384.42,124.9
ZA-00031866,3,SKU74928,ZAV00009,3,237.61,80.54
ZA-00031867,1,SKU26430,ZAV00348,1,693.51,53.12
ZA-00031868,1,SKU61255,ZAV00668,1,465.47,57.8
ZA-00031869,1,SKU31502,ZAV00532,1,218.94,114.09
ZA-00031870,1,SKU34247,ZAV00103,1,308.22,70.81
ZA-00031871,1,SKU80935,ZAV00633,1,415.96,49.2
ZA-00031872,1,SKU23359,ZAV00374,1,670.9,109.57
ZA-00031872,2,SKU87200,ZAV00292,3,484.56,172.15
ZA-00031873,1,SKU68093,ZAV00473,1,461.29,126.56
ZA-00031874,1,SKU90418,ZAV00495,1,506.27,128.82
ZA-00031875,1,SKU32122,ZAV00502,1,159.93,134.18
ZA-00031876,1,SKU81901,ZAV00490,2,2133.44,83.12
ZA-00031876,2,SKU63146,ZAV00315,1,174.34,49.06
ZA-00031877,1,SKU97069,ZAV00025,1,1107.2,174.31
ZA-00031878,1,SKU55049,ZAV00068,2,404.03,93.86
ZA-00031878,2,SKU75425,ZAV00696,1,1068.62,51.67
ZA-00031878,3,SKU66033,ZAV00665,1,838.35,91.48
ZA-00031879,1,SKU92112,ZAV00336,1,626.11,138.14
ZA-00031879,2,SKU55233,ZAV00483,1,687.98,37.74
ZA-00031880,1,SKU93459,ZAV00094,1,112.3,68.96
ZA-00031880,2,SKU78570,ZAV00737,1,589.91,95.49
ZA-00031881,1,SKU16290,ZAV00274,2,706.48,66.52
ZA-00031882,1,SKU58025,ZAV00734,1,1152.31,148.26
ZA-00031882,2,SKU36477,ZAV00478,1,1294.45,45.8
ZA-00031883,1,SKU45728,ZAV00510,1,397.02,104.16
ZA-00031884,1,SKU64050,ZAV00546,1,323.04,65.44
ZA-00031885,1,SKU35623,ZAV00600,1,711.78,173.47
ZA-00031886,1,SKU39717,ZAV00478,1,359.77,88.73
ZA-00031887,1,SKU24859,ZAV00751,1,1290.62,159.13
ZA-00031888,1,SKU78169,ZAV00663,2,276.38,72.92
ZA-00031889,1,SKU57747,ZAV00576,1,394.85,39.0
ZA-00031890,1,SKU43617,ZAV00306,1,1018.05,53.78
ZA-00031891,1,SKU60768,ZAV00004,1,486.05,74.69
ZA-00031892,1,SKU82446,ZAV00054,2,478.59,43.16
ZA-00031892,2,SKU78340,ZAV00084,1,508.66,138.39
ZA-00031893,1,SKU47294,ZAV00013,1,27.87,46.77
ZA-00031894,1,SKU18913,ZAV00671,1,281.4,159.14
ZA-00031895,1,SKU17690,ZAV00018,1,775.03,39.58
ZA-00031895,2,SKU79486,ZAV00208,1,4852.36,119.92
ZA-00031896,1,SKU79400,ZAV00362,2,212.07,162.4
ZA-00031896,2,SKU47032,ZAV00779,1,180.88,47.61
ZA-00031896,3,SKU75640,ZAV00719,1,436.7,153.78
ZA-00031897,1,SKU10254,ZAV00531,1,1124.05,130.76
ZA-00031898,1,SKU26723,ZAV00092,1,1466.92,165.95
ZA-00031899,1,SKU39125,ZAV00294,1,243.15,161.4
ZA-00031900,1,SKU29169,ZAV00033,1,337.72,55.0
ZA-00031901,1,SKU57899,ZAV00241,1,1119.44,48.44
ZA-00031902,1,SKU27634,ZAV00732,1,970.07,113.75
ZA-00031902,2,SKU17698,ZAV00069,1,883.66,129.58
ZA-00031903,1,SKU59109,ZAV00674,1,215.75,77.74
ZA-00031904,1,SKU15932,ZAV00715,1,1183.91,66.87
ZA-00031904,2,SKU67273,ZAV00335,1,430.76,124.86
ZA-00031904,3,SKU64279,ZAV00081,3,114.06,35.21
ZA-00031905,1,SKU67671,ZAV00655,1,4342.86,84.21
ZA-00031906,1,SKU50096,ZAV00158,1,3152.89,80.34
ZA-00031907,1,SKU67485,ZAV00414,1,830.72,143.82
ZA-00031908,1,SKU46812,ZAV00370,1,415.44,57.82
ZA-00031908,2,SKU58040,ZAV00466,1,604.72,71.23
ZA-00031908,3,SKU23647,ZAV00131,1,63.82,146.63
ZA-00031909,1,SKU71011,ZAV00321,1,281.51,70.46
ZA-00031910,1,SKU22354,ZAV00103,1,173.71,83.13
ZA-00031911,1,SKU29834,ZAV00709,1,124.54,62.35
ZA-00031912,1,SKU93380,ZAV00710,1,190.87,155.62
ZA-00031913,1,SKU96879,ZAV00290,2,274.68,105.68
ZA-00031913,2,SKU82375,ZAV00721,1,1029.57,45.08
ZA-00031914,1,SKU31637,ZAV00412,1,1154.2,149.33
ZA-00031915,1,SKU43708,ZAV00014,2,645.53,163.51
ZA-00031916,1,SKU98595,ZAV00407,1,355.84,97.97
ZA-00031917,1,SKU13995,ZAV00583,1,256.84,51.42
ZA-00031918,1,SKU12300,ZAV00693,1,167.88,176.76
ZA-00031919,1,SKU27276,ZAV00075,1,201.75,109.52
ZA-00031920,1,SKU58655,ZAV00135,1,610.45,139.54
ZA-00031921,1,SKU98372,ZAV00453,1,946.26,176.75
ZA-00031922,1,SKU46161,ZAV00406,1,1073.84,59.62
ZA-00031923,1,SKU18001,ZAV00543,1,468.53,54.49
ZA-00031924,1,SKU60427,ZAV00714,1,682.34,149.36
ZA-00031924,2,SKU34286,ZAV00026,1,798.54,108.32
ZA-00031925,1,SKU54842,ZAV00427,2,163.97,58.95
ZA-00031925,2,SKU64409,ZAV00494,1,790.37,88.73
ZA-00031925,3,SKU37444,ZAV00255,1,451.09,122.42
ZA-00031926,1,SKU32322,ZAV00273,1,219.91,142.66
ZA-00031927,1,SKU38297,ZAV00255,1,184.35,88.24
ZA-00031928,1,SKU28321,ZAV00673,1,651.16,42.64
ZA-00031929,1,SKU20832,ZAV00585,1,411.66,129.1
ZA-00031930,1,SKU64169,ZAV00005,2,338.96,149.7
ZA-00031931,1,SKU31326,ZAV00557,1,667.4,148.27
ZA-00031931,2,SKU92877,ZAV00378,1,197.8,147.93
ZA-00031931,3,SKU53006,ZAV00633,1,201.47,42.76
ZA-00031932,1,SKU12134,ZAV00010,2,566.7,109.04
ZA-00031933,1,SKU30339,ZAV00202,2,81.48,130.05
ZA-00031934,1,SKU45042,ZAV00411,2,729.66,142.09
ZA-00031935,1,SKU59395,ZAV00078,1,188.27,38.49
ZA-00031936,1,SKU73586,ZAV00342,3,1713.1,124.93
ZA-00031936,2,SKU87013,ZAV00581,1,262.13,159.67
ZA-00031937,1,SKU73763,ZAV00145,1,65.01,36.99
ZA-00031938,1,SKU59312,ZAV00562,1,203.75,48.49
ZA-00031938,2,SKU89534,ZAV00119,1,545.26,113.57
ZA-00031939,1,SKU76682,ZAV00425,1,6002.77,166.74
ZA-00031939,2,SKU37552,ZAV00563,3,343.47,95.98
ZA-00031940,1,SKU25650,ZAV00381,1,315.1,47.78
ZA-00031940,2,SKU65270,ZAV00765,1,316.14,67.56
ZA-00031941,1,SKU22133,ZAV00533,1,2306.61,159.42
ZA-00031942,1,SKU85847,ZAV00024,1,125.18,66.39
ZA-00031943,1,SKU63995,ZAV00452,3,413.85,38.79
ZA-00031944,1,SKU92013,ZAV00751,1,807.3,109.97
ZA-00031944,2,SKU92776,ZAV00515,1,1457.76,150.82
ZA-00031945,1,SKU19555,ZAV00270,2,250.3,142.26
ZA-00031946,1,SKU49836,ZAV00799,1,481.05,102.24
ZA-00031947,1,SKU65479,ZAV00774,1,186.18,77.01
ZA-00031947,2,SKU97153,ZAV00569,1,167.33,148.62
ZA-00031948,1,SKU24682,ZAV00158,1,339.6,94.92
ZA-00031948,2,SKU96947,ZAV00642,1,394.56,118.98
ZA-00031948,3,SKU92120,ZAV00259,2,396.19,116.24
ZA-00031949,1,SKU21791,ZAV00434,1,315.95,158.03
ZA-00031949,2,SKU36682,ZAV00031,1,242.9,139.57
ZA-00031950,1,SKU19845,ZAV00681,2,516.19,126.07
ZA-00031951,1,SKU20473,ZAV00142,2,1066.59,153.22
ZA-00031952,1,SKU13464,ZAV00395,1,242.15,105.12
ZA-00031953,1,SKU65275,ZAV00489,1,132.21,145.61
ZA-00031954,1,SKU71168,ZAV00477,2,351.71,136.39
ZA-00031955,1,SKU73515,ZAV00217,2,436.58,119.77
ZA-00031955,2,SKU34278,ZAV00478,3,91.79,127.22
ZA-00031956,1,SKU86791,ZAV00777,1,268.87,126.04
ZA-00031957,1,SKU49756,ZAV00679,1,145.7,85.58
ZA-00031957,2,SKU89799,ZAV00283,1,550.94,143.91
ZA-00031958,1,SKU35305,ZAV00129,1,327.09,100.85
ZA-00031959,1,SKU51259,ZAV00104,1,1132.58,75.73
ZA-00031960,1,SKU86319,ZAV00708,1,911.89,85.74
ZA-00031961,1,SKU97952,ZAV00408,1,246.99,56.87
ZA-00031962,1,SKU83650,ZAV00783,1,547.46,157.6
ZA-00031963,1,SKU68334,ZAV00543,1,275.62,81.58
ZA-00031964,1,SKU43187,ZAV00620,1,1894.74,169.08
ZA-00031965,1,SKU58247,ZAV00199,1,2219.63,97.45
ZA-00031966,1,SKU19261,ZAV00363,1,98.46,58.17
ZA-00031967,1,SKU14238,ZAV00558,1,240.81,134.9
ZA-00031968,1,SKU54366,ZAV00206,1,786.51,102.24
ZA-00031968,2,SKU61203,ZAV00163,2,202.0,174.15
ZA-00031968,3,SKU34146,ZAV00557,2,784.37,126.87
ZA-00031969,1,SKU50527,ZAV00166,3,722.46,102.91
ZA-00031970,1,SKU32067,ZAV00712,1,458.49,149.29
ZA-00031970,2,SKU75760,ZAV00640,1,469.83,162.11
ZA-00031970,3,SKU36627,ZAV00586,1,216.83,69.98
ZA-00031971,1,SKU32868,ZAV00054,1,647.22,136.59
ZA-00031971,2,SKU66929,ZAV00367,1,629.34,47.09
ZA-00031972,1,SKU52065,ZAV00740,1,1002.27,158.05
ZA-00031973,1,SKU48024,ZAV00331,1,316.26,93.91
ZA-00031974,1,SKU96864,ZAV00014,1,534.0,170.51
ZA-00031975,1,SKU59937,ZAV00728,1,437.24,165.01
ZA-00031976,1,SKU43780,ZAV00311,1,252.37,46.36
ZA-00031977,1,SKU37392,ZAV00091,1,168.84,101.59
ZA-00031978,1,SKU98901,ZAV00221,1,251.78,174.3
ZA-00031979,1,SKU36193,ZAV00205,1,686.51,171.17
ZA-00031980,1,SKU27975,ZAV00292,1,93.22,123.39
ZA-00031981,1,SKU14362,ZAV00658,1,219.65,36.45
ZA-00031982,1,SKU39302,ZAV00245,1,398.08,38.84
ZA-00031983,1,SKU58692,ZAV00453,1,1712.93,154.01
ZA-00031984,1,SKU25904,ZAV00083,1,387.59,162.58
ZA-00031985,1,SKU30134,ZAV00249,1,162.96,38.07
ZA-00031986,1,SKU69604,ZAV00126,1,673.97,88.92
ZA-00031987,1,SKU95968,ZAV00565,1,169.06,104.9
ZA-00031988,1,SKU71860,ZAV00603,1,609.07,120.03
ZA-00031989,1,SKU31383,ZAV00003,1,1211.58,42.61
ZA-00031990,1,SKU65949,ZAV00246,1,148.0,84.49
ZA-00031990,2,SKU18095,ZAV00070,1,3480.74,77.45
ZA-00031991,1,SKU30633,ZAV00126,1,998.5,127.01
ZA-00031992,1,SKU69179,ZAV00247,1,80.15,89.55
ZA-00031992,2,SKU70322,ZAV00666,2,878.45,83.03
ZA-00031993,1,SKU62600,ZAV00490,1,425.18,57.34
ZA-00031994,1,SKU68278,ZAV00389,1,253.41,102.19
ZA-00031994,2,SKU28404,ZAV00023,1,489.52,155.2
ZA-00031994,3,SKU95120,ZAV00780,2,836.32,140.23
ZA-00031995,1,SKU24191,ZAV00425,1,1026.39,35.04
ZA-00031996,1,SKU51961,ZAV00755,1,401.04,58.13
ZA-00031997,1,SKU19622,ZAV00438,1,1345.6,41.64
ZA-00031998,1,SKU94257,ZAV00175,1,196.92,80.06
ZA-00031999,1,SKU17347,ZAV00319,1,443.17,46.26
ZA-00032000,1,SKU71696,ZAV00649,1,420.4,157.94
ZA-00032000,2,SKU19281,ZAV00613,1,201.65,98.05
ZA-00032001,1,SKU40104,ZAV00342,1,236.46,142.88
ZA-00032001,2,SKU64309,ZAV00743,1,296.19,146.42
ZA-00032002,1,SKU27594,ZAV00105,1,281.28,102.28
ZA-00032002,2,SKU49302,ZAV00125,1,284.98,135.66
ZA-00032003,1,SKU44358,ZAV00544,1,195.46,105.94
ZA-00032003,2,SKU36938,ZAV00378,1,1569.54,163.29
ZA-00032003,3,SKU65767,ZAV00078,1,467.01,136.23
ZA-00032004,1,SKU40149,ZAV00791,1,167.83,113.8
ZA-00032005,1,SKU59903,ZAV00712,1,252.15,176.17
ZA-00032006,1,SKU47223,ZAV00603,1,439.37,38.66
ZA-00032006,2,SKU92754,ZAV00165,1,345.26,162.29
ZA-00032007,1,SKU59703,ZAV00563,1,2053.94,151.81
ZA-00032008,1,SKU22749,ZAV00363,2,278.28,47.23
ZA-00032009,1,SKU11489,ZAV00160,1,1006.31,108.51
ZA-00032010,1,SKU91975,ZAV00508,1,281.77,122.4
ZA-00032011,1,SKU57515,ZAV00239,1,653.46,111.08
ZA-00032012,1,SKU60404,ZAV00290,1,2242.55,168.05
ZA-00032013,1,SKU73141,ZAV00515,1,781.92,99.7
ZA-00032014,1,SKU77532,ZAV00149,1,352.27,129.32
ZA-00032015,1,SKU53131,ZAV00238,1,458.77,81.61
ZA-00032016,1,SKU44509,ZAV00196,1,240.1,119.94
ZA-00032017,1,SKU67877,ZAV00123,2,250.99,178.91
ZA-00032017,2,SKU16851,ZAV00441,1,1331.41,52.99
ZA-00032018,1,SKU80403,ZAV00423,1,302.28,38.16
ZA-00032018,2,SKU83495,ZAV00307,1,248.35,41.43
ZA-00032019,1,SKU80954,ZAV00056,2,200.09,172.68
ZA-00032020,1,SKU73104,ZAV00368,1,872.47,88.43
ZA-00032020,2,SKU47240,ZAV00427,1,191.16,39.83
ZA-00032020,3,SKU67069,ZAV00793,1,99.53,171.49
ZA-00032021,1,SKU26493,ZAV00455,1,566.02,136.08
ZA-00032022,1,SKU61585,ZAV00525,1,3438.1,111.45
ZA-00032023,1,SKU90865,ZAV00076,1,535.51,176.91
ZA-00032024,1,SKU99768,ZAV00104,3,350.25,35.19
ZA-00032025,1,SKU44005,ZAV00661,1,136.86,87.06
ZA-00032026,1,SKU16589,ZAV00187,1,1075.75,72.96
ZA-00032027,1,SKU79145,ZAV00392,1,101.59,76.86
ZA-00032028,1,SKU39417,ZAV00305,1,786.91,110.02
ZA-00032029,1,SKU91907,ZAV00556,2,332.92,73.46
ZA-00032030,1,SKU33249,ZAV00245,1,807.1,163.4
ZA-00032031,1,SKU52831,ZAV00116,1,139.32,91.92
ZA-00032032,1,SKU35644,ZAV00067,1,457.69,158.76
ZA-00032032,2,SKU45419,ZAV00302,1,1222.51,45.16
ZA-00032032,3,SKU68011,ZAV00587,1,1589.06,168.45
ZA-00032033,1,SKU12285,ZAV00783,2,179.69,97.83
ZA-00032034,1,SKU89982,ZAV00239,1,250.36,132.25
ZA-00032035,1,SKU85458,ZAV00601,1,1553.72,74.89
ZA-00032036,1,SKU65106,ZAV00335,1,806.67,85.44
ZA-00032036,2,SKU98709,ZAV00148,2,741.6,84.45
ZA-00032037,1,SKU52266,ZAV00307,2,197.52,155.67
ZA-00032038,1,SKU38479,ZAV00409,1,441.77,122.1
ZA-00032039,1,SKU55149,ZAV00611,2,140.45,37.16
ZA-00032039,2,SKU81466,ZAV00572,1,827.78,179.61
ZA-00032039,3,SKU89385,ZAV00402,2,367.19,174.02
ZA-00032040,1,SKU73551,ZAV00480,2,1173.54,70.75
ZA-00032041,1,SKU37219,ZAV00532,1,2505.08,53.89
ZA-00032042,1,SKU65924,ZAV00658,1,1060.96,73.02
ZA-00032043,1,SKU35301,ZAV00076,1,1105.07,59.45
ZA-00032044,1,SKU95510,ZAV00241,1,234.01,35.97
ZA-00032044,2,SKU96974,ZAV00108,2,112.17,70.37
ZA-00032045,1,SKU19142,ZAV00514,1,471.93,59.68
ZA-00032046,1,SKU98806,ZAV00553,1,280.07,101.61
ZA-00032047,1,SKU71944,ZAV00680,1,2083.53,78.07
ZA-00032048,1,SKU43452,ZAV00441,1,328.41,105.13
ZA-00032049,1,SKU29145,ZAV00521,1,393.59,154.28
ZA-00032050,1,SKU47531,ZAV00302,1,969.27,167.26
ZA-00032051,1,SKU57978,ZAV00319,1,568.67,108.43
ZA-00032051,2,SKU50982,ZAV00535,1,309.1,178.13
ZA-00032052,1,SKU89654,ZAV00043,1,475.29,96.42
ZA-00032053,1,SKU70198,ZAV00371,1,597.49,123.0
ZA-00032054,1,SKU92551,ZAV00274,1,257.61,78.22
ZA-00032055,1,SKU52109,ZAV00448,2,292.48,159.93
ZA-00032056,1,SKU31883,ZAV00596,1,2153.84,63.56
ZA-00032057,1,SKU56151,ZAV00264,1,3172.21,42.01
ZA-00032058,1,SKU75023,ZAV00502,1,474.16,133.03
ZA-00032058,2,SKU51169,ZAV00148,1,2269.06,168.21
ZA-00032059,1,SKU38352,ZAV00677,1,898.71,177.84
ZA-00032059,2,SKU67555,ZAV00585,1,193.3,139.8
ZA-00032060,1,SKU89774,ZAV00049,1,788.22,126.14
ZA-00032061,1,SKU90402,ZAV00408,1,1206.18,90.73
ZA-00032061,2,SKU21802,ZAV00610,1,724.79,75.34
ZA-00032062,1,SKU72292,ZAV00588,2,172.82,101.02
ZA-00032063,1,SKU51774,ZAV00102,1,1167.89,94.24
ZA-00032064,1,SKU64138,ZAV00307,1,38.77,137.61
ZA-00032064,2,SKU64972,ZAV00172,1,1374.08,64.66
ZA-00032065,1,SKU96177,ZAV00546,1,322.33,108.96
ZA-00032066,1,SKU41891,ZAV00598,1,191.94,123.6
ZA-00032067,1,SKU33241,ZAV00050,1,2157.57,122.71
ZA-00032068,1,SKU40246,ZAV00165,1,538.04,52.7
ZA-00032069,1,SKU53254,ZAV00778,1,696.32,96.6
ZA-00032070,1,SKU53476,ZAV00182,2,1374.23,141.19
ZA-00032070,2,SKU25903,ZAV00225,1,688.31,65.65
ZA-00032070,3,SKU36392,ZAV00042,1,365.33,178.11
ZA-00032071,1,SKU70128,ZAV00395,1,416.69,172.33
ZA-00032072,1,SKU58234,ZAV00122,1,786.85,45.46
ZA-00032073,1,SKU96362,ZAV00262,1,681.35,101.71
ZA-00032073,2,SKU97266,ZAV00639,1,347.13,46.45
ZA-00032073,3,SKU96817,ZAV00112,1,242.83,85.0
ZA-00032074,1,SKU44541,ZAV00400,1,322.97,156.26
ZA-00032075,1,SKU59286,ZAV00620,1,285.53,156.03
ZA-00032076,1,SKU63166,ZAV00239,2,671.77,161.11
ZA-00032077,1,SKU84475,ZAV00253,1,1229.11,133.3
ZA-00032078,1,SKU46896,ZAV00130,1,334.93,144.94
ZA-00032079,1,SKU73482,ZAV00134,1,445.21,127.72
ZA-00032080,1,SKU22768,ZAV00576,1,221.56,166.87
ZA-00032081,1,SKU75231,ZAV00360,1,590.91,42.61
ZA-00032082,1,SKU16814,ZAV00313,1,267.77,49.38
ZA-00032083,1,SKU27648,ZAV00671,3,803.83,103.25
ZA-00032084,1,SKU76945,ZAV00766,1,1895.06,103.24
ZA-00032084,2,SKU80338,ZAV00384,1,1957.33,37.9
ZA-00032084,3,SKU68496,ZAV00597,1,350.91,46.98
ZA-00032085,1,SKU76435,ZAV00383,1,693.38,163.73
ZA-00032086,1,SKU84769,ZAV00528,1,1783.43,177.46
ZA-00032087,1,SKU69886,ZAV00364,1,274.69,43.95
ZA-00032088,1,SKU45693,ZAV00694,1,982.35,55.01
ZA-00032089,1,SKU63271,ZAV00042,1,79.49,63.66
ZA-00032090,1,SKU12944,ZAV00331,1,858.93,46.7
ZA-00032091,1,SKU17864,ZAV00399,1,1478.98,155.09
ZA-00032092,1,SKU84210,ZAV00488,2,1339.96,86.2
ZA-00032093,1,SKU93422,ZAV00438,1,1145.86,81.4
ZA-00032093,2,SKU75401,ZAV00741,1,578.03,65.77
ZA-00032093,3,SKU70100,ZAV00063,1,759.44,44.02
ZA-00032094,1,SKU53511,ZAV00425,1,273.91,90.34
ZA-00032095,1,SKU70371,ZAV00068,1,760.62,139.17
ZA-00032095,2,SKU77767,ZAV00253,1,2027.38,169.73
ZA-00032096,1,SKU53457,ZAV00439,1,645.25,121.41
ZA-00032097,1,SKU31617,ZAV00333,1,266.76,75.77
ZA-00032097,2,SKU23289,ZAV00281,3,550.35,138.72
ZA-00032098,1,SKU49303,ZAV00301,2,262.66,152.63
ZA-00032099,1,SKU59178,ZAV00377,1,1772.17,165.43
ZA-00032100,1,SKU42988,ZAV00670,1,210.72,36.45
ZA-00032101,1,SKU76334,ZAV00606,1,1030.77,136.92
ZA-00032102,1,SKU52527,ZAV00595,1,801.71,36.3
ZA-00032103,1,SKU80964,ZAV00437,1,833.04,151.8
ZA-00032103,2,SKU60596,ZAV00344,1,592.03,40.68
ZA-00032104,1,SKU83324,ZAV00517,1,718.09,67.87
ZA-00032105,1,SKU90754,ZAV00349,1,479.98,105.71
ZA-00032106,1,SKU46787,ZAV00685,1,750.13,63.75
ZA-00032107,1,SKU95608,ZAV00618,1,136.99,114.88
ZA-00032107,2,SKU61491,ZAV00592,1,1151.37,115.77
ZA-00032107,3,SKU32154,ZAV00022,2,1854.57,50.2
ZA-00032108,1,SKU90641,ZAV00593,2,364.7,152.6
ZA-00032109,1,SKU48861,ZAV00637,1,843.82,170.5
ZA-00032110,1,SKU99746,ZAV00388,1,479.11,150.91
ZA-00032111,1,SKU76835,ZAV00745,1,487.7,79.24
ZA-00032112,1,SKU77881,ZAV00764,1,437.75,66.14
ZA-00032113,1,SKU44300,ZAV00707,1,356.17,54.59
ZA-00032114,1,SKU72375,ZAV00624,1,247.24,63.73
ZA-00032115,1,SKU11043,ZAV00126,1,321.69,102.34
ZA-00032116,1,SKU61361,ZAV00191,1,1639.15,173.11
ZA-00032116,2,SKU92857,ZAV00081,1,264.55,139.12
ZA-00032117,1,SKU56893,ZAV00303,1,436.66,149.36
ZA-00032118,1,SKU30812,ZAV00248,1,696.11,100.46
ZA-00032119,1,SKU95500,ZAV00703,1,285.1,129.89
ZA-00032120,1,SKU58429,ZAV00647,1,168.11,143.48
ZA-00032121,1,SKU67449,ZAV00534,1,1119.76,38.41
ZA-00032122,1,SKU37029,ZAV00003,1,388.79,171.63
ZA-00032123,1,SKU35029,ZAV00235,2,397.04,158.6
ZA-00032124,1,SKU84331,ZAV00274,2,151.34,37.01
ZA-00032125,1,SKU93447,ZAV00390,1,682.05,173.87
ZA-00032126,1,SKU63825,ZAV00438,1,292.13,67.78
ZA-00032127,1,SKU17607,ZAV00559,1,2311.84,100.63
ZA-00032128,1,SKU39020,ZAV00137,1,1011.7,171.07
ZA-00032129,1,SKU66292,ZAV00686,1,165.2,166.77
ZA-00032130,1,SKU58116,ZAV00578,1,1017.8,63.51
ZA-00032131,1,SKU41310,ZAV00749,1,846.93,117.25
ZA-00032132,1,SKU35139,ZAV00410,3,342.08,130.66
ZA-00032132,2,SKU19946,ZAV00519,1,519.38,108.39
ZA-00032133,1,SKU83679,ZAV00107,1,794.42,83.98
ZA-00032134,1,SKU78671,ZAV00473,1,688.53,38.83
ZA-00032135,1,SKU92117,ZAV00681,1,190.89,65.37
ZA-00032136,1,SKU51128,ZAV00194,1,668.45,89.17
ZA-00032136,2,SKU29528,ZAV00193,1,862.75,50.7
ZA-00032136,3,SKU50039,ZAV00695,1,754.29,116.26
ZA-00032137,1,SKU73118,ZAV00235,1,350.42,110.12
ZA-00032138,1,SKU77220,ZAV00743,1,254.1,179.62
ZA-00032139,1,SKU66089,ZAV00590,1,1070.05,55.84
ZA-00032140,1,SKU57014,ZAV00387,3,409.57,83.7
ZA-00032141,1,SKU51869,ZAV00521,1,161.6,160.16
ZA-00032141,2,SKU86486,ZAV00005,1,634.81,179.55
ZA-00032142,1,SKU82699,ZAV00539,1,221.61,170.48
ZA-00032142,2,SKU49704,ZAV00154,1,843.43,47.6
ZA-00032143,1,SKU25932,ZAV00513,1,340.4,52.59
ZA-00032144,1,SKU97405,ZAV00726,1,1591.47,170.92
ZA-00032144,2,SKU25174,ZAV00215,1,1029.3,106.12
ZA-00032144,3,SKU40335,ZAV00530,1,245.52,78.04
ZA-00032145,1,SKU55495,ZAV00071,1,200.6,118.7
ZA-00032146,1,SKU82489,ZAV00134,2,817.69,170.62
ZA-00032147,1,SKU68737,ZAV00799,1,261.25,152.46
ZA-00032147,2,SKU93212,ZAV00378,1,1327.46,107.9
ZA-00032148,1,SKU37192,ZAV00255,1,180.74,131.01
ZA-00032149,1,SKU41463,ZAV00701,1,520.38,50.23
ZA-00032150,1,SKU44741,ZAV00324,2,528.95,122.59
ZA-00032151,1,SKU24080,ZAV00571,1,1498.18,178.17
ZA-00032152,1,SKU76344,ZAV00182,1,758.31,172.68
ZA-00032152,2,SKU98974,ZAV00458,2,942.26,83.15
ZA-00032153,1,SKU10905,ZAV00530,1,793.06,73.48
ZA-00032154,1,SKU47144,ZAV00399,1,1869.57,178.71
ZA-00032154,2,SKU60252,ZAV00515,1,546.99,142.5
ZA-00032155,1,SKU19641,ZAV00789,1,227.41,117.3
ZA-00032156,1,SKU74781,ZAV00244,1,840.4,169.12
ZA-00032157,1,SKU17061,ZAV00153,3,195.95,68.51
ZA-00032157,2,SKU60974,ZAV00090,1,1111.79,76.49
ZA-00032157,3,SKU30858,ZAV00099,1,1272.63,146.71
ZA-00032158,1,SKU16065,ZAV00348,2,101.88,152.03
ZA-00032159,1,SKU21637,ZAV00554,1,234.87,163.58
ZA-00032160,1,SKU70232,ZAV00255,1,328.7,78.26
ZA-00032161,1,SKU11004,ZAV00496,1,392.51,66.41
ZA-00032162,1,SKU45561,ZAV00350,1,1442.22,136.62
ZA-00032163,1,SKU50097,ZAV00325,1,812.16,156.51
ZA-00032164,1,SKU54333,ZAV00631,1,70.89,72.24
ZA-00032164,2,SKU66990,ZAV00261,1,218.11,156.9
ZA-00032165,1,SKU45322,ZAV00534,2,745.68,159.8
ZA-00032166,1,SKU68612,ZAV00288,1,656.78,155.57
ZA-00032166,2,SKU55239,ZAV00125,1,127.01,114.54
ZA-00032167,1,SKU47889,ZAV00318,2,180.43,37.7
ZA-00032168,1,SKU61551,ZAV00136,1,2447.48,174.22
ZA-00032169,1,SKU32337,ZAV00710,1,309.52,50.79
ZA-00032170,1,SKU76569,ZAV00345,1,452.14,161.0
ZA-00032171,1,SKU12129,ZAV00684,1,216.22,48.83
ZA-00032172,1,SKU48659,ZAV00434,1,72.85,77.02
ZA-00032173,1,SKU16240,ZAV00388,1,643.77,82.46
ZA-00032174,1,SKU20115,ZAV00043,1,81.36,46.04
ZA-00032175,1,SKU37169,ZAV00040,1,632.93,134.04
ZA-00032176,1,SKU81208,ZAV00773,1,566.45,69.89
ZA-00032177,1,SKU20440,ZAV00464,1,682.6,120.09
ZA-00032178,1,SKU57828,ZAV00480,1,373.02,42.15
ZA-00032179,1,SKU23022,ZAV00422,1,876.55,127.25
ZA-00032179,2,SKU52632,ZAV00664,1,818.45,143.36
ZA-00032179,3,SKU46481,ZAV00251,1,1570.37,99.52
ZA-00032180,1,SKU18356,ZAV00594,1,311.82,131.2
ZA-00032181,1,SKU47390,ZAV00567,1,375.42,80.92
ZA-00032181,2,SKU31875,ZAV00570,1,82.67,119.55
ZA-00032182,1,SKU35363,ZAV00610,1,199.37,133.6
ZA-00032183,1,SKU69226,ZAV00401,1,253.21,160.43
ZA-00032184,1,SKU29628,ZAV00686,1,621.84,175.74
ZA-00032185,1,SKU94225,ZAV00311,2,775.87,115.05
ZA-00032186,1,SKU71534,ZAV00526,1,601.45,149.63
ZA-00032186,2,SKU29636,ZAV00306,1,227.05,152.81
ZA-00032187,1,SKU34673,ZAV00508,1,35.1,78.21
ZA-00032188,1,SKU71637,ZAV00298,1,267.04,56.51
ZA-00032189,1,SKU38433,ZAV00256,1,788.04,149.92
ZA-00032190,1,SKU64979,ZAV00135,1,352.76,48.52
ZA-00032191,1,SKU41704,ZAV00097,1,1256.45,91.59
ZA-00032192,1,SKU64434,ZAV00668,1,128.15,55.82
ZA-00032193,1,SKU79878,ZAV00244,1,1330.14,104.64
ZA-00032193,2,SKU49811,ZAV00236,1,667.22,61.74
ZA-00032194,1,SKU47145,ZAV00540,1,158.02,163.12
ZA-00032195,1,SKU72899,ZAV00041,2,526.75,36.97
ZA-00032196,1,SKU78235,ZAV00235,1,321.36,121.0
ZA-00032197,1,SKU40798,ZAV00373,1,411.66,76.65
ZA-00032198,1,SKU42064,ZAV00748,1,393.23,122.76
ZA-00032199,1,SKU16773,ZAV00749,2,442.33,116.62
ZA-00032200,1,SKU97829,ZAV00712,1,1392.72,102.68
ZA-00032200,2,SKU75495,ZAV00663,1,496.65,126.52
ZA-00032201,1,SKU93468,ZAV00061,1,208.23,35.71
ZA-00032202,1,SKU15694,ZAV00540,1,2057.99,44.18
ZA-00032202,2,SKU79294,ZAV00406,1,123.1,164.17
ZA-00032203,1,SKU30272,ZAV00294,1,491.84,45.64
ZA-00032204,1,SKU53979,ZAV00483,1,801.78,53.43
ZA-00032205,1,SKU37053,ZAV00030,1,1324.85,111.84
ZA-00032206,1,SKU32086,ZAV00283,1,357.28,55.31
ZA-00032206,2,SKU71723,ZAV00161,1,1158.8,50.13
ZA-00032207,1,SKU64672,ZAV00589,1,1109.94,40.72
ZA-00032207,2,SKU78322,ZAV00416,1,181.16,159.76
ZA-00032207,3,SKU45162,ZAV00593,1,409.32,167.63
ZA-00032208,1,SKU57403,ZAV00696,1,451.05,75.1
ZA-00032209,1,SKU77716,ZAV00692,1,191.49,106.24
ZA-00032209,2,SKU81092,ZAV00216,1,838.76,62.29
ZA-00032210,1,SKU91692,ZAV00355,2,720.74,85.06
ZA-00032211,1,SKU43696,ZAV00169,1,2010.05,54.88
ZA-00032212,1,SKU73206,ZAV00416,1,949.72,40.84
ZA-00032213,1,SKU33790,ZAV00661,3,856.91,163.37
ZA-00032214,1,SKU15784,ZAV00755,1,213.41,47.24
ZA-00032215,1,SKU16150,ZAV00736,1,1981.12,169.17
ZA-00032215,2,SKU27287,ZAV00415,1,401.44,48.78
ZA-00032215,3,SKU83572,ZAV00307,1,252.78,57.36
ZA-00032216,1,SKU64682,ZAV00404,1,250.98,70.68
ZA-00032216,2,SKU83986,ZAV00781,1,469.41,161.38
ZA-00032217,1,SKU15184,ZAV00193,1,262.8,104.26
ZA-00032218,1,SKU46759,ZAV00364,1,475.37,68.36
ZA-00032219,1,SKU14765,ZAV00766,1,170.18,93.09
ZA-00032220,1,SKU58237,ZAV00773,1,521.17,86.3
ZA-00032221,1,SKU21248,ZAV00629,1,614.56,49.27
ZA-00032222,1,SKU52544,ZAV00375,1,858.67,108.34
ZA-00032223,1,SKU41598,ZAV00765,1,310.88,91.46
ZA-00032224,1,SKU24125,ZAV00348,2,534.53,120.18
ZA-00032225,1,SKU22996,ZAV00186,1,1435.09,105.38
ZA-00032226,1,SKU49384,ZAV00053,1,624.9,53.61
ZA-00032226,2,SKU19355,ZAV00490,1,268.32,145.56
ZA-00032226,3,SKU93437,ZAV00410,1,2957.89,47.63
ZA-00032227,1,SKU60722,ZAV00296,1,524.85,91.42
ZA-00032227,2,SKU14002,ZAV00672,1,1182.22,66.33
ZA-00032228,1,SKU60306,ZAV00686,1,332.22,139.76
ZA-00032229,1,SKU97717,ZAV00620,1,1195.13,46.68
ZA-00032229,2,SKU81132,ZAV00118,2,532.83,144.24
ZA-00032230,1,SKU88519,ZAV00048,1,818.05,165.61
ZA-00032231,1,SKU33475,ZAV00371,1,1437.73,133.54
ZA-00032232,1,SKU55937,ZAV00386,1,664.13,119.49
ZA-00032233,1,SKU12929,ZAV00612,2,721.39,137.54
ZA-00032234,1,SKU47656,ZAV00271,1,196.25,122.65
ZA-00032234,2,SKU69477,ZAV00084,1,486.2,173.97
ZA-00032235,1,SKU11491,ZAV00325,1,615.99,91.04
ZA-00032236,1,SKU29303,ZAV00736,1,309.87,178.86
ZA-00032236,2,SKU66572,ZAV00743,1,693.69,114.65
ZA-00032237,1,SKU28504,ZAV00736,1,1352.95,155.35
ZA-00032238,1,SKU38183,ZAV00385,1,243.68,79.15
ZA-00032239,1,SKU61918,ZAV00064,2,2464.16,92.15
ZA-00032240,1,SKU17096,ZAV00160,1,252.18,152.18
ZA-00032241,1,SKU25335,ZAV00295,1,789.31,154.55
ZA-00032242,1,SKU87775,ZAV00157,1,438.68,100.4
ZA-00032243,1,SKU32206,ZAV00107,1,825.92,176.42
ZA-00032244,1,SKU22887,ZAV00025,1,298.48,174.16
ZA-00032245,1,SKU26674,ZAV00193,2,606.51,170.02
ZA-00032245,2,SKU64674,ZAV00342,1,2373.57,134.21
ZA-00032246,1,SKU46148,ZAV00119,1,829.25,117.28
ZA-00032246,2,SKU70729,ZAV00794,1,1076.67,152.89
ZA-00032247,1,SKU91935,ZAV00073,2,305.45,124.53
ZA-00032248,1,SKU99388,ZAV00441,1,471.81,123.36
ZA-00032249,1,SKU50550,ZAV00560,1,259.61,60.61
ZA-00032250,1,SKU33900,ZAV00331,1,1018.5,166.59
ZA-00032250,2,SKU90332,ZAV00104,1,253.97,53.78
ZA-00032251,1,SKU99772,ZAV00541,1,245.55,50.39
ZA-00032251,2,SKU89216,ZAV00533,2,616.71,71.34
ZA-00032252,1,SKU19351,ZAV00155,1,2391.17,64.96
ZA-00032253,1,SKU83754,ZAV00299,1,265.32,140.28
ZA-00032254,1,SKU99892,ZAV00537,1,134.82,82.13
ZA-00032255,1,SKU63572,ZAV00115,1,271.83,156.23
ZA-00032256,1,SKU54054,ZAV00521,1,1275.68,97.27
ZA-00032256,2,SKU35878,ZAV00412,1,790.52,89.16
ZA-00032256,3,SKU70764,ZAV00596,1,525.69,47.84
ZA-00032257,1,SKU35611,ZAV00702,1,223.93,127.59
ZA-00032258,1,SKU42153,ZAV00746,1,381.97,140.41
ZA-00032259,1,SKU64012,ZAV00646,1,257.12,174.01
ZA-00032260,1,SKU76034,ZAV00550,1,368.6,56.04
ZA-00032261,1,SKU95030,ZAV00186,1,590.96,159.68
ZA-00032262,1,SKU32930,ZAV00361,1,648.59,43.25
ZA-00032262,2,SKU98000,ZAV00222,1,121.32,174.76
ZA-00032263,1,SKU15082,ZAV00427,1,562.64,119.88
ZA-00032264,1,SKU34165,ZAV00766,2,273.49,143.24
ZA-00032265,1,SKU28865,ZAV00765,1,949.83,102.86
ZA-00032266,1,SKU48025,ZAV00141,1,206.9,39.45
ZA-00032266,2,SKU88780,ZAV00375,1,297.56,121.32
ZA-00032267,1,SKU94561,ZAV00105,1,238.67,123.2
ZA-00032268,1,SKU19407,ZAV00695,1,85.41,63.61
ZA-00032268,2,SKU11756,ZAV00168,1,406.96,91.6
ZA-00032269,1,SKU79981,ZAV00562,3,265.91,179.51
ZA-00032269,2,SKU52320,ZAV00239,1,818.9,177.42
ZA-00032269,3,SKU70039,ZAV00660,1,547.92,118.8
ZA-00032270,1,SKU25852,ZAV00568,2,543.45,130.0
ZA-00032271,1,SKU10505,ZAV00782,3,126.62,179.91
ZA-00032272,1,SKU69170,ZAV00622,1,857.05,162.38
ZA-00032273,1,SKU51820,ZAV00697,3,1719.64,105.27
ZA-00032274,1,SKU23207,ZAV00150,1,118.75,80.63
ZA-00032275,1,SKU74415,ZAV00192,1,1469.43,67.95
ZA-00032276,1,SKU88049,ZAV00572,1,1126.6,130.41
ZA-00032277,1,SKU36404,ZAV00207,2,930.3,137.21
ZA-00032278,1,SKU66750,ZAV00279,1,548.04,128.07
ZA-00032279,1,SKU19458,ZAV00787,1,595.96,145.98
ZA-00032280,1,SKU16719,ZAV00571,2,1458.43,87.74
ZA-00032281,1,SKU63002,ZAV00273,1,573.41,155.63
ZA-00032282,1,SKU83522,ZAV00134,1,400.41,138.86
ZA-00032283,1,SKU11637,ZAV00128,1,455.34,170.05
ZA-00032284,1,SKU31316,ZAV00422,2,208.1,105.11
ZA-00032285,1,SKU11915,ZAV00227,1,777.24,47.94
ZA-00032286,1,SKU97132,ZAV00165,1,299.62,76.33
ZA-00032287,1,SKU55209,ZAV00513,1,310.17,152.47
ZA-00032287,2,SKU39237,ZAV00245,1,491.68,63.15
ZA-00032287,3,SKU38431,ZAV00520,1,239.79,67.81
ZA-00032288,1,SKU69596,ZAV00041,1,898.52,58.44
ZA-00032289,1,SKU99004,ZAV00549,2,859.94,177.37
ZA-00032290,1,SKU35506,ZAV00715,1,659.22,175.94
ZA-00032291,1,SKU80417,ZAV00442,2,346.58,130.64
ZA-00032292,1,SKU64320,ZAV00698,1,1455.6,148.3
ZA-00032293,1,SKU93577,ZAV00322,1,1436.11,95.72
ZA-00032294,1,SKU91464,ZAV00761,1,327.45,169.74
ZA-00032295,1,SKU18139,ZAV00620,2,1211.77,63.31
ZA-00032296,1,SKU36719,ZAV00700,1,91.45,96.66
ZA-00032297,1,SKU47068,ZAV00519,1,1437.26,93.97
ZA-00032298,1,SKU98230,ZAV00702,1,2051.11,150.24
ZA-00032299,1,SKU42145,ZAV00364,1,999.02,85.02
ZA-00032300,1,SKU94476,ZAV00337,1,140.82,90.5
ZA-00032301,1,SKU70779,ZAV00539,1,1331.61,134.55
ZA-00032302,1,SKU77737,ZAV00569,1,207.05,96.25
ZA-00032303,1,SKU75692,ZAV00099,1,2168.12,77.01
ZA-00032304,1,SKU33211,ZAV00114,1,311.69,55.97
ZA-00032304,2,SKU37311,ZAV00426,1,662.62,172.27
ZA-00032305,1,SKU95085,ZAV00373,1,514.41,150.85
ZA-00032305,2,SKU68438,ZAV00357,3,1286.38,159.88
ZA-00032306,1,SKU91793,ZAV00170,1,379.35,101.98
ZA-00032306,2,SKU35613,ZAV00400,1,266.29,107.19
ZA-00032307,1,SKU19055,ZAV00777,1,1286.29,141.81
ZA-00032308,1,SKU17624,ZAV00084,1,159.52,138.23
ZA-00032309,1,SKU15180,ZAV00557,1,638.82,60.03
ZA-00032310,1,SKU26254,ZAV00713,1,188.07,151.96
ZA-00032311,1,SKU97697,ZAV00651,1,73.14,132.93
ZA-00032312,1,SKU69738,ZAV00353,1,285.54,54.3
ZA-00032313,1,SKU39802,ZAV00131,1,2687.65,74.02
ZA-00032314,1,SKU53045,ZAV00118,1,1383.0,131.98
ZA-00032315,1,SKU79430,ZAV00232,3,847.71,70.37
ZA-00032316,1,SKU86786,ZAV00427,2,267.38,70.67
ZA-00032316,2,SKU77611,ZAV00407,1,321.91,39.87
ZA-00032316,3,SKU45183,ZAV00261,1,358.21,55.42
ZA-00032317,1,SKU64632,ZAV00429,1,620.51,83.26
ZA-00032318,1,SKU24045,ZAV00001,1,638.9,54.22
ZA-00032318,2,SKU62553,ZAV00302,1,344.98,175.65
ZA-00032319,1,SKU59345,ZAV00240,1,135.23,83.23
ZA-00032320,1,SKU54717,ZAV00306,1,266.87,151.92
ZA-00032321,1,SKU35886,ZAV00705,2,942.33,87.28
ZA-00032321,2,SKU62610,ZAV00744,1,900.43,42.35
ZA-00032321,3,SKU79374,ZAV00509,1,711.13,160.26
ZA-00032322,1,SKU74939,ZAV00464,1,243.14,136.07
ZA-00032323,1,SKU41760,ZAV00548,1,1412.91,65.08
ZA-00032324,1,SKU51979,ZAV00178,1,170.59,94.51
ZA-00032325,1,SKU70727,ZAV00340,1,437.06,110.96
ZA-00032325,2,SKU43502,ZAV00229,1,231.35,124.27
ZA-00032326,1,SKU91148,ZAV00641,1,423.0,67.42
ZA-00032327,1,SKU58948,ZAV00071,1,290.22,80.77
ZA-00032328,1,SKU46246,ZAV00138,1,1199.1,41.35
ZA-00032329,1,SKU85133,ZAV00046,1,406.88,94.16
ZA-00032330,1,SKU62557,ZAV00056,1,341.04,103.69
ZA-00032331,1,SKU87289,ZAV00276,1,179.49,106.13
ZA-00032332,1,SKU36401,ZAV00436,2,805.25,76.63
ZA-00032333,1,SKU11246,ZAV00108,1,1111.26,166.3
ZA-00032334,1,SKU54244,ZAV00431,1,772.06,133.45
ZA-00032335,1,SKU11061,ZAV00773,1,435.05,80.98
ZA-00032336,1,SKU26992,ZAV00491,1,348.0,41.23
ZA-00032337,1,SKU18781,ZAV00236,1,473.36,144.01
ZA-00032338,1,SKU78332,ZAV00252,1,295.65,170.57
ZA-00032339,1,SKU39811,ZAV00295,1,361.11,137.53
ZA-00032340,1,SKU45073,ZAV00385,1,328.02,73.6
ZA-00032341,1,SKU42002,ZAV00608,1,384.99,66.73
ZA-00032342,1,SKU56460,ZAV00509,1,442.21,42.99
ZA-00032343,1,SKU67151,ZAV00070,1,3791.69,80.76
ZA-00032344,1,SKU18792,ZAV00511,3,857.38,85.31
ZA-00032345,1,SKU31385,ZAV00245,1,470.88,48.77
ZA-00032346,1,SKU70787,ZAV00074,1,302.64,96.68
ZA-00032347,1,SKU20395,ZAV00745,1,669.17,105.98
ZA-00032348,1,SKU86246,ZAV00203,1,768.94,54.88
ZA-00032348,2,SKU85510,ZAV00509,1,874.54,103.06
ZA-00032349,1,SKU59426,ZAV00343,1,634.4,174.8
ZA-00032350,1,SKU89454,ZAV00438,1,197.12,148.87
ZA-00032351,1,SKU35984,ZAV00381,2,1775.73,99.6
ZA-00032352,1,SKU31736,ZAV00117,1,338.22,96.48
ZA-00032353,1,SKU21301,ZAV00041,1,223.49,177.61
ZA-00032353,2,SKU75374,ZAV00186,1,192.92,123.76
ZA-00032354,1,SKU25072,ZAV00031,1,313.21,143.78
ZA-00032355,1,SKU56642,ZAV00489,2,2110.75,130.05
ZA-00032355,2,SKU30885,ZAV00720,1,644.86,50.04
ZA-00032356,1,SKU54759,ZAV00150,1,1854.3,149.22
ZA-00032356,2,SKU53746,ZAV00258,1,447.93,63.61
ZA-00032357,1,SKU75346,ZAV00078,2,401.99,36.73
ZA-00032358,1,SKU97234,ZAV00015,1,353.32,93.64
ZA-00032359,1,SKU89469,ZAV00603,2,311.03,45.76
ZA-00032360,1,SKU55241,ZAV00324,1,463.83,58.13
ZA-00032360,2,SKU67828,ZAV00319,1,86.74,72.14
ZA-00032361,1,SKU92007,ZAV00628,2,1053.66,82.09
ZA-00032362,1,SKU30246,ZAV00028,2,609.03,115.71
ZA-00032363,1,SKU66910,ZAV00510,1,141.53,110.89
ZA-00032364,1,SKU66161,ZAV00423,1,136.3,48.89
ZA-00032365,1,SKU75791,ZAV00444,2,349.08,173.1
ZA-00032365,2,SKU27175,ZAV00210,1,597.67,139.41
ZA-00032366,1,SKU50051,ZAV00760,1,252.72,179.42
ZA-00032366,2,SKU58519,ZAV00400,1,798.85,105.38
ZA-00032367,1,SKU21366,ZAV00613,1,1916.13,111.25
ZA-00032368,1,SKU49180,ZAV00342,1,462.48,45.09
ZA-00032368,2,SKU29061,ZAV00684,2,134.34,115.04
ZA-00032369,1,SKU69158,ZAV00140,1,240.42,119.45
ZA-00032369,2,SKU18862,ZAV00207,1,265.88,135.78
ZA-00032369,3,SKU79070,ZAV00075,1,263.03,47.32
ZA-00032370,1,SKU75062,ZAV00132,1,1093.41,48.8
ZA-00032371,1,SKU64368,ZAV00025,1,252.17,93.41
ZA-00032372,1,SKU20642,ZAV00159,1,134.04,160.08
ZA-00032373,1,SKU52496,ZAV00069,1,264.64,167.05
ZA-00032374,1,SKU49388,ZAV00277,1,1158.71,87.16
ZA-00032375,1,SKU57818,ZAV00391,1,521.61,79.18
ZA-00032376,1,SKU20060,ZAV00100,2,267.61,140.13
ZA-00032377,1,SKU55157,ZAV00038,1,210.77,60.32
ZA-00032378,1,SKU97863,ZAV00788,1,231.55,116.35
ZA-00032379,1,SKU62200,ZAV00221,1,312.99,76.97
ZA-00032380,1,SKU62435,ZAV00671,1,1133.92,139.68
ZA-00032381,1,SKU30009,ZAV00217,1,386.84,120.83
ZA-00032382,1,SKU61193,ZAV00212,1,336.13,177.34
ZA-00032383,1,SKU66688,ZAV00448,1,462.22,88.49
ZA-00032384,1,SKU62916,ZAV00584,1,215.5,139.44
ZA-00032385,1,SKU22165,ZAV00590,1,72.3,78.82
ZA-00032386,1,SKU22991,ZAV00397,1,456.56,39.36
ZA-00032387,1,SKU87071,ZAV00195,1,608.65,75.28
ZA-00032388,1,SKU61452,ZAV00270,1,1265.04,71.22
ZA-00032389,1,SKU46276,ZAV00586,1,385.05,109.16
ZA-00032390,1,SKU56614,ZAV00740,1,143.32,52.25
ZA-00032390,2,SKU54659,ZAV00795,3,262.58,91.08
ZA-00032391,1,SKU29548,ZAV00154,1,2092.93,70.26
ZA-00032391,2,SKU32206,ZAV00778,1,214.2,41.89
ZA-00032392,1,SKU79727,ZAV00399,1,2719.25,36.88
ZA-00032392,2,SKU94527,ZAV00071,1,108.66,78.08
ZA-00032392,3,SKU98574,ZAV00170,1,157.77,62.7
ZA-00032393,1,SKU88905,ZAV00098,2,306.49,70.57
ZA-00032394,1,SKU27621,ZAV00279,1,1201.8,94.16
ZA-00032395,1,SKU97827,ZAV00264,1,109.45,42.6
ZA-00032395,2,SKU26790,ZAV00387,1,1003.09,172.46
ZA-00032396,1,SKU63388,ZAV00269,1,507.65,59.88
ZA-00032397,1,SKU30557,ZAV00441,1,150.86,167.22
ZA-00032398,1,SKU69159,ZAV00146,1,321.48,125.61
ZA-00032399,1,SKU96726,ZAV00776,1,1078.72,176.9
ZA-00032400,1,SKU21695,ZAV00675,2,385.32,125.12
ZA-00032401,1,SKU96302,ZAV00073,1,1673.69,174.19
ZA-00032402,1,SKU89561,ZAV00533,1,213.6,138.9
ZA-00032403,1,SKU84494,ZAV00723,1,709.33,169.18
ZA-00032404,1,SKU55774,ZAV00553,1,250.11,92.92
ZA-00032405,1,SKU77987,ZAV00737,1,1332.95,56.55
ZA-00032406,1,SKU43893,ZAV00747,2,1102.9,153.8
ZA-00032406,2,SKU36958,ZAV00066,1,973.51,86.3
ZA-00032407,1,SKU27481,ZAV00260,1,389.48,61.93
ZA-00032408,1,SKU29903,ZAV00036,1,1666.36,85.58
ZA-00032408,2,SKU68821,ZAV00205,1,184.58,84.95
ZA-00032408,3,SKU54827,ZAV00512,1,663.32,176.81
ZA-00032409,1,SKU78824,ZAV00149,1,794.88,103.4
ZA-00032410,1,SKU51515,ZAV00670,1,536.33,121.67
ZA-00032411,1,SKU12936,ZAV00273,1,209.8,67.93
ZA-00032411,2,SKU77659,ZAV00670,1,146.07,142.84
ZA-00032412,1,SKU40278,ZAV00779,1,87.64,166.33
ZA-00032413,1,SKU51677,ZAV00060,1,149.95,141.45
ZA-00032414,1,SKU84549,ZAV00004,2,147.5,57.81
ZA-00032415,1,SKU30787,ZAV00217,1,493.94,155.4
ZA-00032415,2,SKU10389,ZAV00581,2,937.89,155.63
ZA-00032415,3,SKU52332,ZAV00090,1,758.69,45.68
ZA-00032416,1,SKU15356,ZAV00755,2,294.2,162.63
ZA-00032417,1,SKU39531,ZAV00379,1,307.68,103.86
ZA-00032417,2,SKU30063,ZAV00036,1,118.61,162.5
ZA-00032418,1,SKU60148,ZAV00404,1,744.85,147.35
ZA-00032419,1,SKU21818,ZAV00488,1,135.54,61.46
ZA-00032420,1,SKU73839,ZAV00326,2,155.8,102.64
ZA-00032421,1,SKU42595,ZAV00455,1,170.3,76.01
ZA-00032422,1,SKU52985,ZAV00687,1,185.9,124.05
ZA-00032423,1,SKU74885,ZAV00007,1,347.38,169.24
ZA-00032423,2,SKU75982,ZAV00467,3,75.28,83.87
ZA-00032424,1,SKU75102,ZAV00274,2,467.66,75.63
ZA-00032425,1,SKU88724,ZAV00525,1,1149.01,91.23
ZA-00032426,1,SKU25960,ZAV00135,1,102.94,170.94
ZA-00032427,1,SKU34778,ZAV00219,2,149.22,98.53
ZA-00032427,2,SKU24069,ZAV00518,1,183.73,70.63
ZA-00032428,1,SKU83849,ZAV00299,1,498.84,135.13
ZA-00032429,1,SKU97145,ZAV00032,1,247.53,46.91
ZA-00032430,1,SKU99266,ZAV00202,1,698.85,159.43
ZA-00032431,1,SKU20470,ZAV00490,1,151.45,174.26
ZA-00032432,1,SKU99013,ZAV00707,1,738.62,144.53
ZA-00032433,1,SKU66488,ZAV00373,1,70.04,40.07
ZA-00032434,1,SKU26727,ZAV00225,2,855.43,164.84
ZA-00032434,2,SKU97218,ZAV00098,1,310.94,89.76
ZA-00032434,3,SKU61501,ZAV00022,1,107.8,120.11
ZA-00032435,1,SKU62830,ZAV00681,1,334.37,38.29
ZA-00032435,2,SKU42255,ZAV00229,2,101.82,42.49
ZA-00032436,1,SKU44754,ZAV00386,1,2371.57,46.94
ZA-00032437,1,SKU34368,ZAV00200,1,626.5,139.08
ZA-00032438,1,SKU72643,ZAV00654,1,418.52,46.02
ZA-00032439,1,SKU92893,ZAV00483,1,501.53,107.25
ZA-00032440,1,SKU39691,ZAV00635,1,1238.74,168.89
ZA-00032441,1,SKU23436,ZAV00161,1,501.99,90.16
ZA-00032442,1,SKU25689,ZAV00750,1,55.1,115.14
ZA-00032442,2,SKU61968,ZAV00107,1,2511.85,87.71
ZA-00032443,1,SKU25535,ZAV00475,1,494.87,70.51
ZA-00032444,1,SKU28958,ZAV00474,2,157.61,114.48
ZA-00032445,1,SKU85781,ZAV00342,1,318.3,147.07
ZA-00032446,1,SKU78610,ZAV00127,1,228.17,141.53
ZA-00032447,1,SKU11164,ZAV00523,2,163.72,150.86
ZA-00032448,1,SKU67437,ZAV00774,1,266.1,45.54
ZA-00032449,1,SKU73101,ZAV00390,1,1351.48,85.31
ZA-00032449,2,SKU94994,ZAV00594,3,588.32,178.42
ZA-00032450,1,SKU12050,ZAV00423,1,2012.45,37.05
ZA-00032450,2,SKU53502,ZAV00214,1,612.33,42.72
ZA-00032451,1,SKU54085,ZAV00736,1,1126.62,101.87
ZA-00032452,1,SKU56405,ZAV00747,1,283.08,108.26
ZA-00032453,1,SKU60320,ZAV00262,1,670.56,167.51
ZA-00032454,1,SKU34593,ZAV00541,1,311.94,148.23
ZA-00032455,1,SKU14109,ZAV00639,1,1000.88,94.12
ZA-00032456,1,SKU99383,ZAV00166,2,794.27,101.02
ZA-00032457,1,SKU62292,ZAV00115,1,368.25,132.14
ZA-00032458,1,SKU15260,ZAV00054,1,689.2,89.87
ZA-00032459,1,SKU72508,ZAV00277,1,2229.33,105.11
ZA-00032460,1,SKU86957,ZAV00530,1,635.01,84.65
ZA-00032461,1,SKU32951,ZAV00397,1,204.1,149.45
ZA-00032462,1,SKU72308,ZAV00260,1,228.1,173.22
ZA-00032463,1,SKU99540,ZAV00779,1,1500.47,100.52
ZA-00032464,1,SKU72264,ZAV00074,1,427.29,106.67
ZA-00032465,1,SKU34724,ZAV00298,1,417.02,155.67
ZA-00032466,1,SKU14193,ZAV00339,1,224.6,92.86
ZA-00032466,2,SKU24100,ZAV00308,1,198.25,88.62
ZA-00032467,1,SKU56769,ZAV00619,1,791.85,153.6
ZA-00032468,1,SKU77062,ZAV00407,1,599.47,46.23
ZA-00032469,1,SKU62506,ZAV00360,1,651.52,77.86
ZA-00032470,1,SKU63291,ZAV00112,1,205.86,142.27
ZA-00032471,1,SKU58751,ZAV00364,1,218.34,103.07
ZA-00032472,1,SKU68164,ZAV00078,2,432.76,147.94
ZA-00032472,2,SKU89540,ZAV00196,2,920.61,133.63
ZA-00032473,1,SKU31366,ZAV00286,1,241.2,49.35
ZA-00032473,2,SKU78364,ZAV00520,1,936.13,168.47
ZA-00032474,1,SKU10286,ZAV00795,1,393.46,44.21
ZA-00032475,1,SKU12133,ZAV00799,1,215.29,65.19
ZA-00032476,1,SKU44234,ZAV00587,1,740.43,89.11
ZA-00032477,1,SKU92171,ZAV00458,1,520.16,46.36
ZA-00032478,1,SKU10059,ZAV00643,1,703.53,160.39
ZA-00032479,1,SKU50234,ZAV00751,1,144.45,94.13
ZA-00032479,2,SKU62703,ZAV00466,1,1584.76,118.22
ZA-00032480,1,SKU14603,ZAV00226,1,124.75,157.15
ZA-00032481,1,SKU30887,ZAV00728,1,412.46,149.57
ZA-00032482,1,SKU96442,ZAV00730,1,478.65,52.63
ZA-00032483,1,SKU10052,ZAV00463,1,843.22,140.65
ZA-00032484,1,SKU76793,ZAV00759,1,198.36,56.53
ZA-00032485,1,SKU48583,ZAV00069,1,293.55,165.1
ZA-00032486,1,SKU83009,ZAV00579,2,99.52,154.03
ZA-00032487,1,SKU84745,ZAV00132,1,1289.06,95.34
ZA-00032488,1,SKU28277,ZAV00187,1,1237.27,40.15
ZA-00032488,2,SKU33952,ZAV00526,2,115.08,113.13
ZA-00032488,3,SKU27604,ZAV00582,1,945.43,61.93
ZA-00032489,1,SKU99638,ZAV00716,1,649.09,145.88
ZA-00032490,1,SKU13435,ZAV00005,1,458.18,52.14
ZA-00032491,1,SKU14411,ZAV00678,1,867.51,131.28
ZA-00032492,1,SKU90167,ZAV00483,1,332.67,74.48
ZA-00032493,1,SKU79158,ZAV00570,1,252.66,130.66
ZA-00032494,1,SKU83737,ZAV00445,1,854.87,73.41
ZA-00032495,1,SKU90653,ZAV00038,1,306.43,145.49
ZA-00032496,1,SKU36364,ZAV00549,1,163.82,94.11
ZA-00032497,1,SKU99519,ZAV00505,1,540.7,73.94
ZA-00032498,1,SKU88436,ZAV00023,1,197.83,120.27
ZA-00032499,1,SKU81468,ZAV00056,1,2113.19,51.91
ZA-00032500,1,SKU84060,ZAV00497,1,595.52,86.09
ZA-00032501,1,SKU48018,ZAV00494,1,748.86,156.76
ZA-00032502,1,SKU52707,ZAV00519,1,89.22,134.46
ZA-00032503,1,SKU70987,ZAV00736,1,569.09,176.94
ZA-00032503,2,SKU80931,ZAV00675,1,657.03,157.39
ZA-00032503,3,SKU59675,ZAV00333,1,185.44,143.05
ZA-00032504,1,SKU35103,ZAV00677,1,393.83,55.37
ZA-00032505,1,SKU72055,ZAV00338,2,253.3,111.0
ZA-00032506,1,SKU16893,ZAV00540,1,75.37,154.65
ZA-00032506,2,SKU45831,ZAV00112,1,223.89,71.41
ZA-00032507,1,SKU87568,ZAV00091,1,656.13,142.62
ZA-00032508,1,SKU73784,ZAV00327,1,355.21,71.57
ZA-00032509,1,SKU93260,ZAV00788,1,178.12,45.41
ZA-00032510,1,SKU79634,ZAV00070,1,144.86,160.28
ZA-00032511,1,SKU67588,ZAV00219,1,4610.53,45.49
ZA-00032511,2,SKU60477,ZAV00412,2,255.41,53.26
ZA-00032512,1,SKU10698,ZAV00627,1,255.76,132.42
ZA-00032513,1,SKU24170,ZAV00097,1,233.3,81.39
ZA-00032514,1,SKU19474,ZAV00138,3,306.99,41.24
ZA-00032515,1,SKU50350,ZAV00155,1,752.96,176.36
ZA-00032516,1,SKU17107,ZAV00384,1,1796.59,129.47
ZA-00032517,1,SKU43013,ZAV00752,1,970.63,150.11
ZA-00032518,1,SKU55099,ZAV00407,2,593.18,175.34
ZA-00032518,2,SKU62784,ZAV00557,1,501.97,93.12
ZA-00032519,1,SKU59489,ZAV00094,2,211.82,179.62
ZA-00032520,1,SKU48881,ZAV00549,1,297.49,90.43
ZA-00032521,1,SKU20891,ZAV00584,1,906.95,155.71
ZA-00032522,1,SKU53794,ZAV00030,2,181.47,171.23
ZA-00032523,1,SKU13238,ZAV00720,1,938.45,69.15
ZA-00032524,1,SKU59156,ZAV00127,1,121.83,172.27
ZA-00032525,1,SKU37605,ZAV00374,1,699.89,140.41
ZA-00032526,1,SKU15506,ZAV00435,3,260.95,69.37
ZA-00032527,1,SKU63774,ZAV00256,1,371.51,37.52
ZA-00032528,1,SKU76802,ZAV00736,1,165.23,69.07
ZA-00032529,1,SKU35456,ZAV00314,1,680.38,36.69
ZA-00032530,1,SKU97482,ZAV00077,1,883.1,130.74
ZA-00032530,2,SKU21335,ZAV00083,3,284.33,41.9
ZA-00032530,3,SKU39145,ZAV00126,1,1323.09,41.17
ZA-00032531,1,SKU40061,ZAV00150,1,327.46,154.55
ZA-00032532,1,SKU89377,ZAV00667,2,376.14,60.96
ZA-00032533,1,SKU46320,ZAV00239,1,632.1,45.98
ZA-00032534,1,SKU67203,ZAV00430,1,578.24,88.77
ZA-00032535,1,SKU26298,ZAV00650,1,645.05,74.06
ZA-00032536,1,SKU73426,ZAV00232,1,190.0,69.51
ZA-00032537,1,SKU61163,ZAV00281,1,971.76,132.78
ZA-00032538,1,SKU89944,ZAV00590,1,2059.15,63.54
ZA-00032539,1,SKU59583,ZAV00598,1,842.37,162.34
ZA-00032540,1,SKU41017,ZAV00314,1,271.11,157.38
ZA-00032541,1,SKU37670,ZAV00154,1,186.7,39.49
ZA-00032542,1,SKU35489,ZAV00476,1,1387.27,115.36
ZA-00032543,1,SKU27709,ZAV00334,2,565.04,72.66
ZA-00032543,2,SKU10421,ZAV00315,2,371.32,162.38
ZA-00032544,1,SKU99663,ZAV00213,1,1109.73,114.8
ZA-00032545,1,SKU69436,ZAV00576,1,545.07,58.11
ZA-00032546,1,SKU71194,ZAV00737,1,1839.42,82.63
ZA-00032546,2,SKU82226,ZAV00053,2,116.77,53.56
ZA-00032547,1,SKU96904,ZAV00600,1,167.54,150.57
ZA-00032548,1,SKU21012,ZAV00483,1,1094.71,158.44
ZA-00032549,1,SKU65438,ZAV00185,1,124.63,48.82
ZA-00032550,1,SKU85915,ZAV00103,1,885.39,173.6
ZA-00032551,1,SKU47186,ZAV00062,1,1404.24,35.29
ZA-00032552,1,SKU53894,ZAV00027,1,427.72,149.81
ZA-00032553,1,SKU37214,ZAV00600,1,628.65,109.02
ZA-00032554,1,SKU35984,ZAV00317,1,217.93,116.23
ZA-00032555,1,SKU90270,ZAV00386,1,710.98,67.07
ZA-00032556,1,SKU57662,ZAV00413,1,1454.32,69.19
ZA-00032557,1,SKU82864,ZAV00709,1,90.81,152.77
ZA-00032558,1,SKU19388,ZAV00570,2,1114.32,165.02
ZA-00032559,1,SKU54634,ZAV00564,1,1384.15,103.71
ZA-00032560,1,SKU25322,ZAV00637,1,695.42,118.53
ZA-00032561,1,SKU40852,ZAV00292,1,545.01,146.07
ZA-00032562,1,SKU31373,ZAV00456,1,390.09,92.26
ZA-00032562,2,SKU30006,ZAV00442,1,361.14,146.29
ZA-00032562,3,SKU84773,ZAV00154,1,242.62,105.3
ZA-00032563,1,SKU13798,ZAV00792,1,66.88,158.93
ZA-00032564,1,SKU45959,ZAV00487,1,1109.46,105.22
ZA-00032565,1,SKU47740,ZAV00632,1,716.08,178.28
ZA-00032565,2,SKU72380,ZAV00299,1,222.37,50.22
ZA-00032566,1,SKU78547,ZAV00797,2,995.32,40.05
ZA-00032566,2,SKU50321,ZAV00390,2,410.01,131.61
ZA-00032566,3,SKU25441,ZAV00136,1,170.02,42.7
ZA-00032567,1,SKU30444,ZAV00010,1,170.36,41.47
ZA-00032568,1,SKU87252,ZAV00251,1,1879.97,66.66
ZA-00032569,1,SKU14587,ZAV00784,1,243.59,161.48
ZA-00032570,1,SKU63906,ZAV00015,1,368.44,168.45
ZA-00032571,1,SKU75994,ZAV00312,1,649.83,75.1
ZA-00032571,2,SKU93196,ZAV00055,1,562.2,156.92
ZA-00032572,1,SKU43156,ZAV00073,1,468.82,131.4
ZA-00032573,1,SKU57793,ZAV00665,1,420.62,125.04
ZA-00032574,1,SKU26651,ZAV00474,1,3011.65,102.72
ZA-00032575,1,SKU75441,ZAV00754,1,1488.75,115.7
ZA-00032576,1,SKU12266,ZAV00098,1,55.59,68.77
ZA-00032577,1,SKU45881,ZAV00705,1,1495.16,174.89
ZA-00032578,1,SKU39280,ZAV00629,1,1028.57,66.65
ZA-00032578,2,SKU99657,ZAV00295,1,729.07,122.37
ZA-00032578,3,SKU73107,ZAV00584,1,1321.23,179.77
ZA-00032579,1,SKU90404,ZAV00404,1,195.07,179.01
ZA-00032580,1,SKU54564,ZAV00286,1,532.07,37.91
ZA-00032581,1,SKU53337,ZAV00210,1,659.7,85.27
ZA-00032582,1,SKU53592,ZAV00396,1,124.99,122.5
ZA-00032582,2,SKU62474,ZAV00432,2,420.4,64.01
ZA-00032583,1,SKU18879,ZAV00483,1,634.67,43.09
ZA-00032584,1,SKU51417,ZAV00403,1,1084.54,128.68
ZA-00032585,1,SKU30939,ZAV00353,1,1234.76,55.31
ZA-00032586,1,SKU53144,ZAV00338,1,808.36,179.7
ZA-00032587,1,SKU46945,ZAV00305,2,775.19,80.47
ZA-00032588,1,SKU89487,ZAV00764,2,956.26,144.6
ZA-00032589,1,SKU50902,ZAV00593,1,319.95,113.18
ZA-00032589,2,SKU40897,ZAV00435,1,411.83,110.23
ZA-00032589,3,SKU99508,ZAV00324,1,345.43,167.4
ZA-00032590,1,SKU94467,ZAV00759,1,325.89,73.43
ZA-00032591,1,SKU76003,ZAV00302,1,106.43,125.44
ZA-00032591,2,SKU10046,ZAV00472,1,485.24,94.73
ZA-00032592,1,SKU81541,ZAV00205,1,71.46,39.22
ZA-00032593,1,SKU64581,ZAV00684,2,1252.41,89.5
ZA-00032594,1,SKU40960,ZAV00437,1,91.3,152.02
ZA-00032595,1,SKU17890,ZAV00424,1,710.7,169.11
ZA-00032595,2,SKU57837,ZAV00211,1,244.6,101.68
ZA-00032595,3,SKU65822,ZAV00393,1,500.09,174.79
ZA-00032596,1,SKU76234,ZAV00260,1,780.63,167.37
ZA-00032597,1,SKU59856,ZAV00468,2,904.35,115.47
ZA-00032598,1,SKU34895,ZAV00623,1,311.65,101.4
ZA-00032599,1,SKU79702,ZAV00763,1,1215.54,102.35
ZA-00032600,1,SKU75373,ZAV00118,2,1040.37,55.49
ZA-00032601,1,SKU72073,ZAV00237,1,128.17,82.93
ZA-00032601,2,SKU80026,ZAV00508,1,1134.89,127.81
ZA-00032601,3,SKU92905,ZAV00032,2,332.08,96.62
ZA-00032602,1,SKU11153,ZAV00280,1,686.08,66.28
ZA-00032602,2,SKU71796,ZAV00631,1,69.95,119.82
ZA-00032602,3,SKU10117,ZAV00747,1,330.74,158.03
ZA-00032603,1,SKU84743,ZAV00114,1,646.37,122.28
ZA-00032604,1,SKU23562,ZAV00543,1,839.0,172.91
ZA-00032605,1,SKU37987,ZAV00005,1,997.36,145.02
ZA-00032605,2,SKU55778,ZAV00720,1,1853.61,55.99
ZA-00032606,1,SKU93395,ZAV00423,1,202.95,140.15
ZA-00032606,2,SKU53052,ZAV00367,2,346.08,167.14
ZA-00032607,1,SKU66757,ZAV00602,1,625.19,72.5
ZA-00032608,1,SKU53554,ZAV00775,1,273.97,151.66
ZA-00032609,1,SKU61367,ZAV00223,2,1793.27,42.46
ZA-00032609,2,SKU43852,ZAV00431,1,650.33,174.18
ZA-00032610,1,SKU35071,ZAV00668,1,207.86,123.3
ZA-00032610,2,SKU49288,ZAV00144,2,198.36,50.83
ZA-00032611,1,SKU40164,ZAV00764,2,1377.09,150.57
ZA-00032612,1,SKU29809,ZAV00238,1,381.38,45.51
ZA-00032613,1,SKU59622,ZAV00224,1,201.88,162.31
ZA-00032614,1,SKU51726,ZAV00335,1,963.04,48.23
ZA-00032615,1,SKU68721,ZAV00002,1,2772.89,76.77
ZA-00032616,1,SKU76013,ZAV00557,1,259.19,136.01
ZA-00032617,1,SKU31420,ZAV00353,1,503.4,91.66
ZA-00032618,1,SKU60170,ZAV00416,1,475.67,66.5
ZA-00032619,1,SKU79772,ZAV00611,1,663.96,113.15
ZA-00032620,1,SKU99596,ZAV00401,1,620.63,160.24
ZA-00032621,1,SKU33147,ZAV00513,1,495.07,74.79
ZA-00032622,1,SKU28781,ZAV00300,1,1114.78,51.6
ZA-00032622,2,SKU68027,ZAV00731,1,470.26,84.29
ZA-00032623,1,SKU28478,ZAV00259,2,690.3,164.5
ZA-00032623,2,SKU55657,ZAV00487,1,146.7,128.59
ZA-00032624,1,SKU92219,ZAV00636,1,557.56,67.14
ZA-00032625,1,SKU50372,ZAV00777,1,246.03,117.96
ZA-00032625,2,SKU48039,ZAV00021,1,305.32,104.44
ZA-00032626,1,SKU21632,ZAV00134,1,223.67,46.86
ZA-00032627,1,SKU61685,ZAV00181,1,158.55,154.78
ZA-00032628,1,SKU84888,ZAV00417,1,461.19,131.48
ZA-00032628,2,SKU51117,ZAV00011,1,2320.45,160.21
ZA-00032629,1,SKU62203,ZAV00540,2,1465.73,49.76
ZA-00032629,2,SKU13930,ZAV00024,1,1303.1,47.51
ZA-00032629,3,SKU29798,ZAV00091,1,300.8,101.77
ZA-00032630,1,SKU23190,ZAV00478,1,286.84,91.84
ZA-00032631,1,SKU12528,ZAV00650,3,2936.25,119.9
ZA-00032632,1,SKU54805,ZAV00022,1,387.63,130.77
ZA-00032633,1,SKU13504,ZAV00280,1,188.11,123.76
ZA-00032633,2,SKU40403,ZAV00195,1,456.33,147.87
ZA-00032634,1,SKU81135,ZAV00620,1,250.55,105.22
ZA-00032635,1,SKU58757,ZAV00444,1,543.51,159.33
ZA-00032636,1,SKU91385,ZAV00069,1,63.26,64.43
ZA-00032636,2,SKU82791,ZAV00677,1,377.98,76.83
ZA-00032637,1,SKU11617,ZAV00483,1,298.14,67.83
ZA-00032637,2,SKU84293,ZAV00077,2,583.4,35.21
ZA-00032638,1,SKU36507,ZAV00112,2,319.84,116.07
ZA-00032639,1,SKU17529,ZAV00440,1,604.66,98.04
ZA-00032639,2,SKU79273,ZAV00355,1,403.79,133.6
ZA-00032640,1,SKU75325,ZAV00446,1,292.93,90.14
ZA-00032641,1,SKU98678,ZAV00433,2,884.9,164.19
ZA-00032641,2,SKU41631,ZAV00360,1,2108.69,160.83
ZA-00032642,1,SKU12215,ZAV00514,1,463.31,116.14
ZA-00032642,2,SKU43883,ZAV00568,1,168.83,51.22
ZA-00032642,3,SKU99220,ZAV00772,1,313.13,143.67
ZA-00032643,1,SKU96973,ZAV00187,1,265.96,88.47
ZA-00032644,1,SKU29610,ZAV00256,1,505.12,104.17
ZA-00032645,1,SKU85829,ZAV00772,1,65.73,119.6
ZA-00032645,2,SKU28161,ZAV00683,1,828.47,123.13
ZA-00032645,3,SKU40288,ZAV00484,1,408.59,119.43
ZA-00032646,1,SKU90264,ZAV00383,1,350.21,163.59
ZA-00032646,2,SKU68740,ZAV00362,1,1530.26,68.96
ZA-00032647,1,SKU54255,ZAV00206,1,1099.84,151.14
ZA-00032648,1,SKU19987,ZAV00449,1,1859.11,124.1
ZA-00032649,1,SKU65479,ZAV00609,1,1408.06,140.87
ZA-00032649,2,SKU21749,ZAV00196,2,770.53,137.19
ZA-00032650,1,SKU78023,ZAV00366,1,116.52,63.52
ZA-00032651,1,SKU84937,ZAV00375,1,875.47,138.69
ZA-00032652,1,SKU18447,ZAV00002,3,836.43,37.9
ZA-00032653,1,SKU29044,ZAV00561,1,548.87,120.53
ZA-00032654,1,SKU71685,ZAV00184,2,318.34,161.84
ZA-00032655,1,SKU28240,ZAV00152,1,237.76,75.11
ZA-00032656,1,SKU40984,ZAV00697,3,604.39,88.57
ZA-00032657,1,SKU18689,ZAV00048,1,214.35,66.1
ZA-00032658,1,SKU36525,ZAV00349,2,845.97,48.27
ZA-00032659,1,SKU12886,ZAV00234,2,203.5,179.52
ZA-00032660,1,SKU56147,ZAV00771,1,260.46,152.95
ZA-00032661,1,SKU79230,ZAV00588,1,234.95,104.39
ZA-00032662,1,SKU51733,ZAV00323,1,153.44,35.14
ZA-00032663,1,SKU59515,ZAV00139,1,636.37,176.86
ZA-00032664,1,SKU65658,ZAV00347,2,183.62,50.24
ZA-00032665,1,SKU59064,ZAV00600,1,887.02,119.59
ZA-00032666,1,SKU97494,ZAV00102,1,193.43,134.66
ZA-00032667,1,SKU93246,ZAV00059,1,1029.27,130.77
ZA-00032667,2,SKU46980,ZAV00087,1,282.21,136.19
ZA-00032667,3,SKU57624,ZAV00245,1,388.85,44.41
ZA-00032668,1,SKU81725,ZAV00472,1,522.53,92.1
ZA-00032669,1,SKU91932,ZAV00031,3,88.87,59.48
ZA-00032670,1,SKU45445,ZAV00366,2,728.16,38.8
ZA-00032670,2,SKU67628,ZAV00078,1,266.55,106.99
ZA-00032670,3,SKU57545,ZAV00642,1,1125.29,141.59
ZA-00032671,1,SKU87541,ZAV00302,1,576.85,69.33
ZA-00032672,1,SKU12834,ZAV00566,1,1083.59,134.62
ZA-00032672,2,SKU62782,ZAV00295,1,53.19,169.7
ZA-00032673,1,SKU75600,ZAV00480,1,261.56,172.49
ZA-00032674,1,SKU70967,ZAV00336,1,729.32,85.8
ZA-00032675,1,SKU46280,ZAV00138,1,546.64,94.27
ZA-00032676,1,SKU30101,ZAV00342,1,124.66,174.77
ZA-00032677,1,SKU77568,ZAV00331,1,299.01,150.47
ZA-00032678,1,SKU21808,ZAV00108,1,583.87,155.2
ZA-00032679,1,SKU12399,ZAV00119,1,370.3,172.91
ZA-00032680,1,SKU76402,ZAV00199,1,822.07,56.56
ZA-00032680,2,SKU17863,ZAV00155,1,794.19,162.87
ZA-00032681,1,SKU27258,ZAV00088,1,651.7,70.18
ZA-00032681,2,SKU14255,ZAV00682,1,336.44,150.77
ZA-00032682,1,SKU63516,ZAV00039,2,493.92,75.48
ZA-00032683,1,SKU76842,ZAV00684,1,180.09,43.02
ZA-00032684,1,SKU85327,ZAV00140,1,540.55,42.25
ZA-00032684,2,SKU13066,ZAV00409,1,1078.05,109.43
ZA-00032685,1,SKU70912,ZAV00239,1,168.32,130.47
ZA-00032686,1,SKU25109,ZAV00590,2,356.99,45.91
ZA-00032687,1,SKU77524,ZAV00543,1,1192.91,109.86
ZA-00032688,1,SKU72464,ZAV00700,1,372.98,151.83
ZA-00032689,1,SKU52150,ZAV00005,1,1580.09,122.07
ZA-00032690,1,SKU49970,ZAV00284,3,421.73,164.23
ZA-00032691,1,SKU47044,ZAV00323,1,1271.77,139.37
ZA-00032692,1,SKU92427,ZAV00012,1,1014.37,111.27
ZA-00032692,2,SKU95185,ZAV00334,1,390.12,159.51
ZA-00032693,1,SKU69277,ZAV00511,1,175.79,65.17
ZA-00032694,1,SKU84622,ZAV00622,2,2076.16,115.02
ZA-00032695,1,SKU88393,ZAV00520,1,1324.43,70.31
ZA-00032696,1,SKU62854,ZAV00034,1,1048.4,109.4
ZA-00032697,1,SKU65146,ZAV00487,1,391.48,59.95
ZA-00032698,1,SKU60745,ZAV00677,1,363.95,140.78
ZA-00032699,1,SKU97195,ZAV00267,1,260.8,139.52
ZA-00032699,2,SKU33311,ZAV00686,1,289.56,134.75
ZA-00032699,3,SKU78521,ZAV00694,1,95.41,39.08
ZA-00032700,1,SKU63096,ZAV00343,1,1331.87,35.52
ZA-00032701,1,SKU28069,ZAV00523,1,696.43,80.28
ZA-00032702,1,SKU33994,ZAV00107,1,352.26,107.7
ZA-00032703,1,SKU64295,ZAV00453,1,103.24,133.25
ZA-00032704,1,SKU24574,ZAV00082,1,522.52,137.39
ZA-00032705,1,SKU14698,ZAV00402,1,1134.59,84.52
ZA-00032706,1,SKU49153,ZAV00730,2,469.6,46.96
ZA-00032706,2,SKU76230,ZAV00412,1,689.31,46.73
ZA-00032706,3,SKU93207,ZAV00548,1,829.83,150.17
ZA-00032707,1,SKU11777,ZAV00056,1,193.58,137.36
ZA-00032708,1,SKU23552,ZAV00335,1,724.97,83.38
ZA-00032709,1,SKU86125,ZAV00014,1,455.62,62.32
ZA-00032710,1,SKU89574,ZAV00637,1,337.77,100.34
ZA-00032710,2,SKU57937,ZAV00795,1,313.26,157.14
ZA-00032711,1,SKU52334,ZAV00564,1,523.49,163.27
ZA-00032712,1,SKU64518,ZAV00518,1,97.95,109.3
ZA-00032713,1,SKU77633,ZAV00382,1,512.8,53.51
ZA-00032714,1,SKU88026,ZAV00181,2,238.63,79.91
ZA-00032715,1,SKU80780,ZAV00182,1,782.06,67.81
ZA-00032716,1,SKU89944,ZAV00650,2,663.34,94.15
ZA-00032716,2,SKU85318,ZAV00071,1,626.67,80.14
ZA-00032717,1,SKU53551,ZAV00718,1,906.61,118.7
ZA-00032717,2,SKU18702,ZAV00455,2,1866.89,161.6
ZA-00032718,1,SKU41946,ZAV00208,1,220.79,109.55
ZA-00032719,1,SKU87112,ZAV00290,1,795.81,80.93
ZA-00032720,1,SKU26841,ZAV00052,1,62.17,162.94
ZA-00032721,1,SKU79220,ZAV00086,1,277.23,166.58
ZA-00032722,1,SKU77476,ZAV00147,1,1287.83,157.53
ZA-00032722,2,SKU70958,ZAV00763,1,1417.04,177.23
ZA-00032723,1,SKU77121,ZAV00290,1,2282.18,174.43
ZA-00032724,1,SKU61516,ZAV00373,1,1256.02,169.1
ZA-00032725,1,SKU34999,ZAV00535,1,350.9,134.49
ZA-00032725,2,SKU36800,ZAV00329,1,382.56,151.42
ZA-00032725,3,SKU85666,ZAV00230,1,165.89,43.6
ZA-00032726,1,SKU11642,ZAV00465,2,590.39,72.53
ZA-00032727,1,SKU17501,ZAV00388,1,262.39,69.8
ZA-00032728,1,SKU84264,ZAV00641,1,873.95,177.51
ZA-00032729,1,SKU25712,ZAV00418,1,4287.42,110.71
ZA-00032730,1,SKU48779,ZAV00045,1,316.86,134.49
ZA-00032731,1,SKU72220,ZAV00381,1,303.81,46.73
ZA-00032731,2,SKU51844,ZAV00006,1,340.93,176.47
ZA-00032732,1,SKU99675,ZAV00525,1,311.42,50.13
ZA-00032732,2,SKU68304,ZAV00432,1,4354.28,117.22
ZA-00032733,1,SKU96215,ZAV00143,1,259.85,109.9
ZA-00032734,1,SKU37823,ZAV00379,1,198.83,121.71
ZA-00032735,1,SKU46025,ZAV00560,2,1108.78,55.52
ZA-00032735,2,SKU34841,ZAV00275,1,450.51,49.68
ZA-00032735,3,SKU43534,ZAV00548,1,504.49,77.31
ZA-00032736,1,SKU10841,ZAV00353,1,374.29,140.31
ZA-00032737,1,SKU16415,ZAV00753,1,420.17,172.14
ZA-00032738,1,SKU91107,ZAV00556,1,190.79,92.73
ZA-00032739,1,SKU74686,ZAV00668,1,342.6,97.89
ZA-00032740,1,SKU93094,ZAV00289,2,960.59,71.43
ZA-00032740,2,SKU59410,ZAV00096,2,121.57,164.9
ZA-00032741,1,SKU79871,ZAV00287,1,383.43,35.02
ZA-00032741,2,SKU10267,ZAV00609,1,663.44,43.35
ZA-00032742,1,SKU11238,ZAV00604,1,57.39,35.85
ZA-00032743,1,SKU35078,ZAV00390,1,625.43,36.57
ZA-00032743,2,SKU13806,ZAV00166,1,159.89,102.55
ZA-00032744,1,SKU72438,ZAV00379,1,121.05,143.38
ZA-00032745,1,SKU31590,ZAV00303,1,457.92,133.09
ZA-00032746,1,SKU41509,ZAV00453,1,1657.24,77.55
ZA-00032747,1,SKU93323,ZAV00331,1,1689.99,66.93
ZA-00032747,2,SKU49259,ZAV00667,1,190.45,75.94
ZA-00032747,3,SKU30462,ZAV00351,1,232.36,163.14
ZA-00032748,1,SKU84419,ZAV00783,1,708.15,124.86
ZA-00032748,2,SKU99166,ZAV00198,1,341.06,118.74
ZA-00032749,1,SKU29134,ZAV00626,1,470.32,167.38
ZA-00032749,2,SKU50415,ZAV00306,1,424.7,78.97
ZA-00032750,1,SKU87442,ZAV00443,1,2025.55,93.09
ZA-00032751,1,SKU59522,ZAV00193,1,211.58,71.66
ZA-00032751,2,SKU63918,ZAV00058,1,555.78,61.44
ZA-00032751,3,SKU44408,ZAV00304,1,1624.98,65.45
ZA-00032752,1,SKU97297,ZAV00493,1,599.29,74.57
ZA-00032753,1,SKU46504,ZAV00519,1,441.03,133.81
ZA-00032753,2,SKU45669,ZAV00133,1,483.9,72.74
ZA-00032754,1,SKU64524,ZAV00463,1,375.03,66.36
ZA-00032754,2,SKU74601,ZAV00188,1,346.62,157.96
ZA-00032755,1,SKU39617,ZAV00385,1,599.95,96.97
ZA-00032755,2,SKU91181,ZAV00032,1,3977.68,123.26
ZA-00032756,1,SKU18881,ZAV00640,1,567.15,84.04
ZA-00032757,1,SKU13894,ZAV00780,1,1101.87,54.0
ZA-00032758,1,SKU76759,ZAV00470,1,243.28,95.15
ZA-00032759,1,SKU81563,ZAV00274,1,462.5,169.21
ZA-00032760,1,SKU27549,ZAV00629,1,549.45,70.39
ZA-00032760,2,SKU61860,ZAV00677,1,573.56,44.65
ZA-00032761,1,SKU97569,ZAV00775,1,394.48,179.84
ZA-00032762,1,SKU18359,ZAV00451,1,1076.7,48.79
ZA-00032763,1,SKU46168,ZAV00101,1,209.79,35.04
ZA-00032764,1,SKU20085,ZAV00201,1,802.91,69.62
ZA-00032765,1,SKU63715,ZAV00559,1,346.48,137.78
ZA-00032766,1,SKU26033,ZAV00003,1,1073.74,47.45
ZA-00032767,1,SKU65566,ZAV00522,1,1414.21,118.37
ZA-00032768,1,SKU99759,ZAV00094,1,92.14,160.18
ZA-00032769,1,SKU60944,ZAV00569,2,1145.86,102.67
ZA-00032769,2,SKU27503,ZAV00638,1,194.87,71.15
ZA-00032769,3,SKU73179,ZAV00591,1,180.5,178.46
ZA-00032770,1,SKU18045,ZAV00766,1,704.93,65.64
ZA-00032771,1,SKU37039,ZAV00264,1,1049.73,90.73
ZA-00032772,1,SKU10962,ZAV00551,1,473.41,162.79
ZA-00032773,1,SKU19885,ZAV00310,1,170.68,50.79
ZA-00032773,2,SKU93726,ZAV00014,1,356.66,120.28
ZA-00032774,1,SKU87021,ZAV00006,1,51.76,127.7
ZA-00032775,1,SKU30606,ZAV00778,1,778.99,50.19
ZA-00032775,2,SKU53080,ZAV00733,1,101.9,115.28
ZA-00032776,1,SKU83230,ZAV00299,1,454.61,42.22
ZA-00032777,1,SKU59107,ZAV00479,2,156.62,49.77
ZA-00032777,2,SKU31877,ZAV00213,1,286.43,138.95
ZA-00032778,1,SKU75742,ZAV00019,1,449.42,148.76
ZA-00032779,1,SKU91552,ZAV00713,1,2065.96,153.04
ZA-00032780,1,SKU32175,ZAV00670,1,257.65,136.04
ZA-00032781,1,SKU11621,ZAV00235,1,658.08,135.4
ZA-00032782,1,SKU40095,ZAV00766,1,411.86,36.5
ZA-00032783,1,SKU70369,ZAV00318,1,200.19,177.25
ZA-00032784,1,SKU11092,ZAV00071,1,750.06,151.62
ZA-00032784,2,SKU22095,ZAV00743,2,417.35,51.13
ZA-00032784,3,SKU18891,ZAV00614,1,552.3,159.05
ZA-00032785,1,SKU70531,ZAV00146,1,955.69,172.8
ZA-00032786,1,SKU14919,ZAV00724,1,1013.35,176.02
ZA-00032787,1,SKU14691,ZAV00251,1,516.47,178.87
ZA-00032788,1,SKU89473,ZAV00362,2,501.84,58.31
ZA-00032789,1,SKU46209,ZAV00031,3,2114.69,93.01
ZA-00032789,2,SKU85182,ZAV00775,1,1232.13,62.97
ZA-00032790,1,SKU15971,ZAV00247,1,315.21,154.54
ZA-00032791,1,SKU66341,ZAV00165,1,244.29,122.87
ZA-00032792,1,SKU53375,ZAV00727,1,412.63,159.43
