ord_ref,line_no,sku,vendor_code,qty,unit_price_zar,delivery_fee_zar
ZA-00011078,1,SKU14568,ZAV00644,1,58.02,98.07
ZA-00011079,1,SKU45981,ZAV00697,2,1066.72,73.11
ZA-00011080,1,SKU73746,ZAV00613,1,179.87,153.82
ZA-00011081,1,SKU99587,ZAV00755,1,775.16,88.67
ZA-00011082,1,SKU20963,ZAV00465,1,85.38,130.44
ZA-00011083,1,SKU71669,ZAV00673,2,1300.02,157.78
ZA-00011084,1,SKU65935,ZAV00303,1,671.7,100.11
ZA-00011085,1,SKU69993,ZAV00729,2,269.03,65.73
ZA-00011086,1,SKU10487,ZAV00202,1,2544.56,87.45
ZA-00011087,1,SKU99323,ZAV00451,1,877.55,131.27
ZA-00011087,2,SKU91968,ZAV00201,1,3690.28,86.31
ZA-00011088,1,SKU62936,ZAV00727,1,466.48,155.3
ZA-00011089,1,SKU55428,ZAV00060,1,716.72,50.67
ZA-00011090,1,SKU69925,ZAV00493,1,238.6,56.32
ZA-00011091,1,SKU62224,ZAV00704,1,339.73,115.27
ZA-00011092,1,SKU63585,ZAV00143,1,289.38,53.6
ZA-00011093,1,SKU88477,ZAV00797,1,1052.92,151.76
ZA-00011094,1,SKU71797,ZAV00458,1,100.35,177.6
ZA-00011095,1,SKU27471,ZAV00368,1,768.51,96.35
ZA-00011096,1,SKU20648,ZAV00496,1,672.09,57.23
ZA-00011097,1,SKU51258,ZAV00006,2,64.95,131.65
ZA-00011098,1,SKU82310,ZAV00222,2,354.91,125.91
ZA-00011099,1,SKU75709,ZAV00309,1,366.66,173.06
ZA-00011099,2,SKU96363,ZAV00173,1,315.44,56.84
ZA-00011100,1,SKU39299,ZAV00163,1,222.87,136.75
ZA-00011101,1,SKU10411,ZAV00560,1,219.34,53.31
ZA-00011102,1,SKU10290,ZAV00384,1,301.31,165.92
ZA-00011103,1,SKU70547,ZAV00104,1,44.76,154.6
ZA-00011104,1,SKU11558,ZAV00360,1,213.91,109.11
ZA-00011105,1,SKU31963,ZAV00122,1,384.11,117.88
ZA-00011105,2,SKU63857,ZAV00688,1,305.85,146.95
ZA-00011106,1,SKU11613,ZAV00158,2,239.14,175.0
ZA-00011107,1,SKU24927,ZAV00595,1,389.07,76.78
ZA-00011107,2,SKU21568,ZAV00200,1,499.13,52.2
ZA-00011108,1,SKU44374,ZAV00755,1,931.22,64.92
ZA-00011109,1,SKU74699,ZAV00490,1,240.86,162.31
ZA-00011109,2,SKU79897,ZAV00064,1,367.59,168.69
ZA-00011109,3,SKU12041,ZAV00551,1,292.43,106.51
ZA-00011110,1,SKU58392,ZAV00074,3,420.75,106.3
ZA-00011111,1,SKU85392,ZAV00241,1,281.54,72.19
ZA-00011111,2,SKU13023,ZAV00680,1,470.08,47.53
ZA-00011112,1,SKU72309,ZAV00115,1,1842.8,155.88
ZA-00011112,2,SKU49267,ZAV00689,1,991.1,54.9
ZA-00011113,1,SKU37123,ZAV00721,1,1180.66,121.46
ZA-00011114,1,SKU73843,ZAV00746,1,557.97,163.68
ZA-00011115,1,SKU93222,ZAV00703,1,311.12,133.4
ZA-00011116,1,SKU84541,ZAV00175,1,570.27,124.32
ZA-00011117,1,SKU33763,ZAV00369,1,196.65,146.42
ZA-00011118,1,SKU21088,ZAV00443,1,1566.18,174.73
ZA-00011118,2,SKU91751,ZAV00209,1,1322.35,38.59
ZA-00011119,1,SKU57495,ZAV00022,1,760.53,106.05
ZA-00011120,1,SKU26465,ZAV00600,1,168.54,94.96
ZA-00011121,1,SKU31115,ZAV00326,1,515.86,127.58
ZA-00011122,1,SKU79966,ZAV00720,1,520.61,38.55
ZA-00011123,1,SKU74456,ZAV00669,1,495.14,134.28
ZA-00011123,2,SKU57631,ZAV00769,1,239.59,75.6
ZA-00011124,1,SKU47250,ZAV00452,1,298.39,134.07
ZA-00011124,2,SKU37043,ZAV00123,1,274.68,120.87
ZA-00011125,1,SKU79473,ZAV00167,1,518.42,133.98
ZA-00011126,1,SKU86645,ZAV00246,1,989.04,119.2
ZA-00011127,1,SKU58810,ZAV00150,1,215.39,132.96
ZA-00011127,2,SKU83472,ZAV00699,1,1367.53,50.44
ZA-00011128,1,SKU36620,ZAV00208,1,446.73,37.57
ZA-00011129,1,SKU60484,ZAV00557,1,109.53,155.55
ZA-00011130,1,SKU41730,ZAV00643,1,712.84,62.42
ZA-00011130,2,SKU30789,ZAV00151,2,179.72,86.54
ZA-00011131,1,SKU79383,ZAV00170,1,399.16,171.79
ZA-00011132,1,SKU88434,ZAV00600,1,293.43,38.19
ZA-00011133,1,SKU70122,ZAV00052,1,194.25,155.1
ZA-00011134,1,SKU36776,ZAV00393,1,561.22,132.18
ZA-00011135,1,SKU91694,ZAV00755,1,116.84,127.79
ZA-00011136,1,SKU71110,ZAV00776,1,1128.97,122.79
ZA-00011137,1,SKU68184,ZAV00136,1,572.57,155.67
ZA-00011138,1,SKU34629,ZAV00764,1,680.75,76.0
ZA-00011139,1,SKU46338,ZAV00316,1,680.58,56.39
ZA-00011139,2,SKU47985,ZAV00682,1,190.1,97.44
ZA-00011140,1,SKU96404,ZAV00324,1,630.24,64.86
ZA-00011141,1,SKU97533,ZAV00800,1,501.06,170.01
ZA-00011141,2,SKU33271,ZAV00389,1,218.57,141.33
ZA-00011142,1,SKU90751,ZAV00471,1,447.68,130.74
ZA-00011143,1,SKU53718,ZAV00195,1,277.43,139.24
ZA-00011144,1,SKU65830,ZAV00160,1,540.43,84.59
ZA-00011145,1,SKU14468,ZAV00509,1,235.38,152.99
ZA-00011146,1,SKU75483,ZAV00572,3,235.72,154.8
ZA-00011146,2,SKU23948,ZAV00516,1,674.07,50.88
ZA-00011146,3,SKU73098,ZAV00757,3,416.61,105.28
ZA-00011147,1,SKU77235,ZAV00418,2,239.86,142.57
ZA-00011148,1,SKU71868,ZAV00584,1,173.1,53.42
ZA-00011149,1,SKU76339,ZAV00780,1,777.84,120.93
ZA-00011150,1,SKU69032,ZAV00385,1,2608.39,69.38
ZA-00011151,1,SKU64831,ZAV00393,1,270.16,66.69
ZA-00011151,2,SKU43911,ZAV00010,1,555.89,169.78
ZA-00011152,1,SKU88235,ZAV00613,1,133.0,74.25
ZA-00011153,1,SKU28122,ZAV00540,1,62.53,112.5
ZA-00011154,1,SKU52117,ZAV00245,2,808.92,110.8
ZA-00011154,2,SKU74269,ZAV00431,2,167.85,65.08
ZA-00011155,1,SKU27763,ZAV00700,3,3037.49,175.41
ZA-00011156,1,SKU84412,ZAV00453,1,145.77,110.79
ZA-00011157,1,SKU70572,ZAV00108,1,927.27,147.44
ZA-00011158,1,SKU40835,ZAV00333,1,314.11,37.36
ZA-00011159,1,SKU43483,ZAV00584,2,403.38,142.68
ZA-00011160,1,SKU62115,ZAV00799,1,324.18,96.79
ZA-00011161,1,SKU86248,ZAV00132,2,162.07,134.85
ZA-00011162,1,SKU19173,ZAV00323,1,1041.14,168.42
ZA-00011163,1,SKU49615,ZAV00291,1,416.19,170.33
ZA-00011164,1,SKU18297,ZAV00482,1,658.62,152.0
ZA-00011165,1,SKU65096,ZAV00678,1,192.74,163.82
ZA-00011166,1,SKU73479,ZAV00743,1,294.07,51.96
ZA-00011167,1,SKU91886,ZAV00465,1,136.95,68.84
ZA-00011167,2,SKU98314,ZAV00239,1,659.01,131.6
ZA-00011168,1,SKU35352,ZAV00388,1,348.69,44.4
ZA-00011169,1,SKU43221,ZAV00556,1,358.37,156.06
ZA-00011170,1,SKU59307,ZAV00564,1,1324.32,140.97
ZA-00011171,1,SKU74088,ZAV00177,1,779.16,166.47
ZA-00011172,1,SKU71587,ZAV00228,1,224.71,44.71
ZA-00011173,1,SKU66335,ZAV00529,1,1797.31,41.07
ZA-00011174,1,SKU79046,ZAV00372,1,395.87,65.47
ZA-00011175,1,SKU58165,ZAV00305,1,567.77,41.66
ZA-00011176,1,SKU38251,ZAV00314,1,106.58,131.66
ZA-00011177,1,SKU64276,ZAV00311,1,221.55,82.03
ZA-00011178,1,SKU92470,ZAV00589,1,1543.67,164.67
ZA-00011179,1,SKU93834,ZAV00375,1,135.72,159.84
ZA-00011180,1,SKU59942,ZAV00078,1,105.58,38.1
ZA-00011181,1,SKU55418,ZAV00231,1,224.23,40.54
ZA-00011181,2,SKU65271,ZAV00529,1,130.97,92.72
ZA-00011182,1,SKU71468,ZAV00518,1,373.19,139.72
ZA-00011183,1,SKU85651,ZAV00154,2,445.8,57.48
ZA-00011183,2,SKU96799,ZAV00053,1,294.0,51.95
ZA-00011184,1,SKU18226,ZAV00775,1,599.54,100.15
ZA-00011185,1,SKU83031,ZAV00176,2,369.67,146.31
ZA-00011186,1,SKU57806,ZAV00414,2,236.85,155.9
ZA-00011187,1,SKU12351,ZAV00384,1,684.95,127.74
ZA-00011188,1,SKU58247,ZAV00043,1,285.22,164.77
ZA-00011189,1,SKU14583,ZAV00363,1,155.31,47.42
ZA-00011190,1,SKU29531,ZAV00361,1,507.93,71.12
ZA-00011191,1,SKU32013,ZAV00206,1,229.66,172.95
ZA-00011191,2,SKU88886,ZAV00171,3,330.1,154.87
ZA-00011191,3,SKU79264,ZAV00565,1,222.58,112.43
ZA-00011192,1,SKU44163,ZAV00183,2,363.59,171.48
ZA-00011192,2,SKU19018,ZAV00411,1,1609.92,52.44
ZA-00011193,1,SKU40037,ZAV00338,1,2904.29,98.76
ZA-00011193,2,SKU25813,ZAV00444,1,117.54,111.57
ZA-00011194,1,SKU81928,ZAV00367,2,1406.4,39.37
ZA-00011195,1,SKU73012,ZAV00754,1,388.94,133.39
ZA-00011196,1,SKU48973,ZAV00058,1,764.64,143.6
ZA-00011196,2,SKU77690,ZAV00457,1,175.45,130.97
ZA-00011197,1,SKU42746,ZAV00012,1,536.31,106.66
ZA-00011198,1,SKU23891,ZAV00050,2,274.14,56.64
ZA-00011199,1,SKU32488,ZAV00560,1,861.44,132.83
ZA-00011200,1,SKU73010,ZAV00637,1,90.62,50.28
ZA-00011200,2,SKU32944,ZAV00527,1,439.36,85.04
ZA-00011200,3,SKU11191,ZAV00081,1,411.37,79.38
ZA-00011201,1,SKU33285,ZAV00307,1,425.88,74.09
ZA-00011202,1,SKU80567,ZAV00233,1,754.86,82.24
ZA-00011203,1,SKU14287,ZAV00701,1,812.52,111.21
ZA-00011203,2,SKU26958,ZAV00019,1,97.05,43.18
ZA-00011204,1,SKU64321,ZAV00326,1,868.42,131.76
ZA-00011205,1,SKU55324,ZAV00452,2,128.91,106.77
ZA-00011205,2,SKU74338,ZAV00562,2,825.32,161.32
ZA-00011205,3,SKU68280,ZAV00378,1,158.31,166.31
ZA-00011206,1,SKU25944,ZAV00550,1,321.03,96.56
ZA-00011207,1,SKU45816,ZAV00062,1,196.49,155.31
ZA-00011208,1,SKU78904,ZAV00571,1,651.71,123.85
ZA-00011209,1,SKU44527,ZAV00037,1,1525.14,162.6
ZA-00011209,2,SKU30751,ZAV00099,1,1136.59,75.54
ZA-00011210,1,SKU20410,ZAV00459,1,199.38,48.03
ZA-00011211,1,SKU29768,ZAV00190,1,609.3,75.6
ZA-00011212,1,SKU68056,ZAV00006,1,638.64,161.86
ZA-00011213,1,SKU87176,ZAV00273,1,301.78,42.64
ZA-00011214,1,SKU61523,ZAV00325,1,208.68,91.7
ZA-00011215,1,SKU51597,ZAV00482,1,46.84,148.02
ZA-00011216,1,SKU20366,ZAV00221,1,82.86,60.09
ZA-00011217,1,SKU69807,ZAV00792,1,341.47,108.41
ZA-00011218,1,SKU78874,ZAV00079,2,548.5,133.61
ZA-00011219,1,SKU35043,ZAV00779,1,716.19,129.24
ZA-00011220,1,SKU43741,ZAV00753,1,1415.48,154.28
ZA-00011220,2,SKU32513,ZAV00589,1,495.53,123.5
ZA-00011221,1,SKU31251,ZAV00668,1,357.25,45.38
ZA-00011221,2,SKU80060,ZAV00164,1,1539.58,123.6
ZA-00011222,1,SKU87027,ZAV00439,1,249.3,59.63
ZA-00011223,1,SKU93922,ZAV00308,1,279.2,158.14
ZA-00011224,1,SKU91259,ZAV00347,1,920.25,140.45
ZA-00011224,2,SKU34784,ZAV00389,1,192.36,116.83
ZA-00011225,1,SKU26906,ZAV00728,3,443.99,55.18
ZA-00011225,2,SKU13069,ZAV00415,1,661.33,114.16
ZA-00011226,1,SKU47442,ZAV00076,1,595.41,90.93
ZA-00011227,1,SKU21305,ZAV00554,1,416.01,136.9
ZA-00011228,1,SKU51178,ZAV00573,2,460.02,58.66
ZA-00011229,1,SKU17668,ZAV00051,1,438.98,102.23
ZA-00011230,1,SKU30807,ZAV00480,1,477.92,57.66
ZA-00011231,1,SKU58417,ZAV00532,1,379.14,121.72
ZA-00011232,1,SKU63388,ZAV00582,2,545.31,114.21
ZA-00011233,1,SKU72514,ZAV00348,1,367.12,105.21
ZA-00011234,1,SKU41932,ZAV00640,1,284.52,167.23
ZA-00011235,1,SKU99133,ZAV00665,1,368.4,125.84
ZA-00011236,1,SKU93951,ZAV00772,1,690.41,154.86
ZA-00011237,1,SKU45105,ZAV00546,1,695.84,38.29
ZA-00011237,2,SKU40800,ZAV00228,1,1172.2,75.61
ZA-00011237,3,SKU73383,ZAV00577,1,454.68,120.99
ZA-00011238,1,SKU35432,ZAV00671,3,1192.79,158.7
ZA-00011239,1,SKU66751,ZAV00079,2,416.67,75.52
ZA-00011240,1,SKU93728,ZAV00260,1,531.9,144.98
ZA-00011241,1,SKU78319,ZAV00606,1,88.07,52.05
ZA-00011241,2,SKU22497,ZAV00721,1,269.83,175.96
ZA-00011242,1,SKU72855,ZAV00511,1,558.41,39.16
ZA-00011243,1,SKU27996,ZAV00585,1,147.67,163.26
ZA-00011244,1,SKU14374,ZAV00518,1,350.29,176.51
ZA-00011245,1,SKU17897,ZAV00688,1,143.78,145.6
ZA-00011246,1,SKU91455,ZAV00783,1,341.15,49.23
ZA-00011247,1,SKU10935,ZAV00230,1,407.48,63.04
ZA-00011247,2,SKU85640,ZAV00679,1,370.46,108.82
ZA-00011248,1,SKU70675,ZAV00458,1,810.88,89.52
ZA-00011249,1,SKU52277,ZAV00370,1,899.18,56.15
ZA-00011249,2,SKU35717,ZAV00394,1,691.8,108.83
ZA-00011250,1,SKU33574,ZAV00110,2,304.48,148.44
ZA-00011251,1,SKU16384,ZAV00493,1,345.08,98.17
ZA-00011252,1,SKU87616,ZAV00790,1,1043.58,108.03
ZA-00011253,1,SKU72066,ZAV00496,1,572.94,100.53
ZA-00011254,1,SKU82804,ZAV00366,1,814.62,145.33
ZA-00011255,1,SKU53451,ZAV00078,1,2351.84,63.0
ZA-00011255,2,SKU47090,ZAV00646,1,459.62,60.85
ZA-00011256,1,SKU88702,ZAV00293,1,544.72,137.35
ZA-00011257,1,SKU57436,ZAV00019,3,794.56,76.41
ZA-00011258,1,SKU50081,ZAV00759,1,845.69,160.84
ZA-00011258,2,SKU19385,ZAV00779,1,547.66,71.56
ZA-00011259,1,SKU92480,ZAV00060,1,198.64,162.04
ZA-00011260,1,SKU46071,ZAV00546,1,416.91,160.08
ZA-00011260,2,SKU67318,ZAV00626,1,1691.35,150.93
ZA-00011261,1,SKU84095,ZAV00032,1,251.28,177.9
ZA-00011262,1,SKU31940,ZAV00071,1,229.47,61.61
ZA-00011263,1,SKU58388,ZAV00583,1,746.32,119.92
ZA-00011264,1,SKU42908,ZAV00609,1,686.01,110.1
ZA-00011264,2,SKU13309,ZAV00157,2,1287.01,159.34
ZA-00011265,1,SKU44651,ZAV00738,1,324.51,155.2
ZA-00011265,2,SKU88322,ZAV00414,2,586.02,40.82
ZA-00011266,1,SKU35631,ZAV00154,1,1159.67,61.92
ZA-00011267,1,SKU18053,ZAV00388,1,141.12,83.11
ZA-00011268,1,SKU39891,ZAV00325,1,286.71,121.76
ZA-00011268,2,SKU47946,ZAV00469,1,448.01,79.86
ZA-00011268,3,SKU36002,ZAV00625,1,435.78,139.98
ZA-00011269,1,SKU87594,ZAV00087,3,275.17,117.78
ZA-00011269,2,SKU84292,ZAV00384,1,272.84,99.54
ZA-00011270,1,SKU28916,ZAV00269,1,331.36,54.73
ZA-00011271,1,SKU49208,ZAV00025,1,253.26,124.63
ZA-00011272,1,SKU81418,ZAV00715,1,271.42,123.34
ZA-00011273,1,SKU80755,ZAV00344,1,370.15,66.63
ZA-00011274,1,SKU16049,ZAV00647,1,606.04,165.35
ZA-00011275,1,SKU54783,ZAV00726,2,337.23,86.77
ZA-00011276,1,SKU25870,ZAV00667,1,293.98,114.46
ZA-00011277,1,SKU98832,ZAV00161,1,456.41,159.55
ZA-00011278,1,SKU17802,ZAV00669,1,468.69,51.14
ZA-00011279,1,SKU70417,ZAV00701,1,179.8,62.28
ZA-00011280,1,SKU12647,ZAV00038,1,611.62,75.57
ZA-00011280,2,SKU26633,ZAV00341,1,400.68,126.98
ZA-00011281,1,SKU91540,ZAV00099,1,212.41,69.86
ZA-00011282,1,SKU84576,ZAV00507,1,182.34,59.49
ZA-00011283,1,SKU23514,ZAV00488,1,62.9,165.64
ZA-00011284,1,SKU96827,ZAV00347,1,835.27,97.6
ZA-00011285,1,SKU69297,ZAV00749,1,365.05,86.12
ZA-00011286,1,SKU10865,ZAV00424,1,890.79,134.56
ZA-00011287,1,SKU83342,ZAV00596,1,1815.9,171.54
ZA-00011288,1,SKU53537,ZAV00649,1,546.69,60.01
ZA-00011288,2,SKU34773,ZAV00018,1,338.77,150.26
ZA-00011289,1,SKU79746,ZAV00752,1,189.0,60.11
ZA-00011290,1,SKU80778,ZAV00615,1,266.82,66.98
ZA-00011291,1,SKU70803,ZAV00146,1,1878.9,153.78
ZA-00011292,1,SKU77202,ZAV00424,1,198.79,101.35
ZA-00011293,1,SKU75436,ZAV00549,1,597.42,88.83
ZA-00011293,2,SKU96237,ZAV00408,1,678.23,55.01
ZA-00011293,3,SKU35944,ZAV00355,1,254.13,147.63
ZA-00011294,1,SKU52912,ZAV00247,1,787.13,66.12
ZA-00011295,1,SKU80795,ZAV00677,1,1061.41,134.56
ZA-00011296,1,SKU14910,ZAV00167,1,438.0,92.11
ZA-00011297,1,SKU24135,ZAV00477,1,1253.5,92.47
ZA-00011298,1,SKU31037,ZAV00554,1,1811.04,36.29
ZA-00011299,1,SKU51970,ZAV00725,1,372.93,113.51
ZA-00011299,2,SKU67207,ZAV00099,1,2906.37,134.67
ZA-00011300,1,SKU85484,ZAV00365,1,223.01,92.19
ZA-00011300,2,SKU63282,ZAV00063,1,2013.51,57.47
ZA-00011301,1,SKU24247,ZAV00247,2,1166.05,127.34
ZA-00011302,1,SKU62762,ZAV00677,1,361.91,134.96
ZA-00011302,2,SKU98948,ZAV00633,2,427.36,116.56
ZA-00011303,1,SKU68893,ZAV00619,1,649.97,130.12
ZA-00011303,2,SKU57663,ZAV00623,2,1484.89,91.8
ZA-00011304,1,SKU83171,ZAV00326,1,262.52,167.53
ZA-00011305,1,SKU21953,ZAV00066,1,1056.59,65.51
ZA-00011305,2,SKU48863,ZAV00786,3,422.86,80.6
ZA-00011306,1,SKU23329,ZAV00786,1,1459.48,64.62
ZA-00011307,1,SKU73914,ZAV00057,1,3439.84,126.72
ZA-00011308,1,SKU18437,ZAV00437,1,120.45,113.49
ZA-00011309,1,SKU12169,ZAV00559,1,198.31,100.6
ZA-00011310,1,SKU35247,ZAV00373,1,1243.47,166.61
ZA-00011311,1,SKU84786,ZAV00728,1,98.7,44.61
ZA-00011312,1,SKU72606,ZAV00348,1,1107.78,67.15
ZA-00011313,1,SKU81255,ZAV00146,1,423.36,45.12
ZA-00011314,1,SKU49547,ZAV00308,2,469.44,81.91
ZA-00011315,1,SKU15325,ZAV00594,1,250.57,121.8
ZA-00011315,2,SKU34957,ZAV00205,1,328.54,58.08
ZA-00011316,1,SKU82091,ZAV00523,1,701.81,67.87
ZA-00011316,2,SKU10106,ZAV00067,1,363.67,90.82
ZA-00011317,1,SKU44276,ZAV00037,1,298.76,63.3
ZA-00011318,1,SKU31434,ZAV00678,1,221.18,160.95
ZA-00011319,1,SKU99813,ZAV00027,1,142.67,131.7
ZA-00011320,1,SKU28955,ZAV00448,2,210.36,91.94
ZA-00011321,1,SKU58940,ZAV00383,1,908.26,85.47
ZA-00011322,1,SKU26909,ZAV00084,1,447.72,40.61
ZA-00011323,1,SKU55840,ZAV00428,2,243.45,90.66
ZA-00011323,2,SKU36491,ZAV00244,1,765.26,103.6
ZA-00011324,1,SKU48280,ZAV00392,1,603.03,118.61
ZA-00011324,2,SKU98112,ZAV00650,1,238.97,144.14
ZA-00011325,1,SKU40329,ZAV00171,1,173.7,35.34
ZA-00011326,1,SKU38087,ZAV00542,3,587.37,110.14
ZA-00011327,1,SKU19671,ZAV00273,1,145.62,58.69
ZA-00011328,1,SKU95591,ZAV00692,1,656.58,178.64
ZA-00011329,1,SKU66206,ZAV00543,2,96.49,35.13
ZA-00011330,1,SKU64723,ZAV00521,1,224.77,134.18
ZA-00011331,1,SKU60487,ZAV00348,1,412.46,167.08
ZA-00011331,2,SKU83234,ZAV00499,3,387.55,79.89
ZA-00011332,1,SKU99697,ZAV00779,1,180.69,165.18
ZA-00011333,1,SKU86142,ZAV00739,2,138.2,54.26
ZA-00011333,2,SKU41925,ZAV00289,1,113.55,93.33
ZA-00011334,1,SKU41174,ZAV00351,1,178.74,161.94
ZA-00011335,1,SKU99938,ZAV00633,1,130.01,174.14
ZA-00011336,1,SKU51204,ZAV00576,3,340.05,57.8
ZA-00011337,1,SKU22306,ZAV00585,1,198.93,142.02
ZA-00011338,1,SKU60152,ZAV00200,1,1314.56,133.42
ZA-00011339,1,SKU63592,ZAV00480,1,1153.56,65.69
ZA-00011340,1,SKU54292,ZAV00347,1,883.93,92.51
ZA-00011340,2,SKU71804,ZAV00145,2,30.78,136.11
ZA-00011341,1,SKU55228,ZAV00354,1,335.98,109.66
ZA-00011342,1,SKU32937,ZAV00009,1,93.49,57.71
ZA-00011343,1,SKU74850,ZAV00669,1,1590.73,118.38
ZA-00011344,1,SKU58532,ZAV00733,1,409.57,139.82
ZA-00011344,2,SKU78954,ZAV00732,1,383.27,173.84
ZA-00011345,1,SKU61636,ZAV00694,3,836.19,66.1
ZA-00011346,1,SKU97067,ZAV00745,1,399.22,52.15
ZA-00011347,1,SKU68798,ZAV00628,1,1467.62,143.26
ZA-00011348,1,SKU99631,ZAV00632,1,149.54,75.84
ZA-00011349,1,SKU46083,ZAV00310,1,182.48,35.51
ZA-00011349,2,SKU90730,ZAV00504,1,84.76,163.97
ZA-00011350,1,SKU58474,ZAV00798,1,283.91,110.44
ZA-00011351,1,SKU14284,ZAV00791,1,1673.92,125.25
ZA-00011352,1,SKU16721,ZAV00190,1,268.08,169.19
ZA-00011352,2,SKU12234,ZAV00435,1,544.04,159.9
ZA-00011352,3,SKU43187,ZAV00170,1,618.26,47.0
ZA-00011353,1,SKU80088,ZAV00794,1,474.46,103.81
ZA-00011354,1,SKU39369,ZAV00505,1,857.42,140.15
ZA-00011354,2,SKU78844,ZAV00758,1,484.59,94.01
ZA-00011355,1,SKU99488,ZAV00195,1,663.71,175.3
ZA-00011355,2,SKU15560,ZAV00138,1,135.12,109.81
ZA-00011355,3,SKU57484,ZAV00486,3,799.82,69.81
ZA-00011356,1,SKU87391,ZAV00061,1,883.7,36.26
ZA-00011357,1,SKU72876,ZAV00169,1,697.89,88.24
ZA-00011358,1,SKU26864,ZAV00286,1,1010.44,58.58
ZA-00011359,1,SKU70508,ZAV00092,1,418.05,104.43
ZA-00011360,1,SKU37369,ZAV00273,1,1318.29,121.38
ZA-00011361,1,SKU18775,ZAV00296,1,941.81,35.26
ZA-00011362,1,SKU81197,ZAV00193,1,310.73,127.29
ZA-00011363,1,SKU19468,ZAV00734,1,359.26,161.98
ZA-00011364,1,SKU25271,ZAV00719,1,889.48,80.27
ZA-00011364,2,SKU29226,ZAV00102,1,230.54,50.33
ZA-00011365,1,SKU90967,ZAV00426,1,634.52,100.97
ZA-00011366,1,SKU11178,ZAV00772,1,614.47,84.97
ZA-00011367,1,SKU47089,ZAV00541,1,430.04,86.23
ZA-00011368,1,SKU53906,ZAV00665,1,769.27,103.18
ZA-00011368,2,SKU22950,ZAV00552,1,962.15,61.14
ZA-00011369,1,SKU58687,ZAV00066,1,1615.82,141.97
ZA-00011370,1,SKU45938,ZAV00005,1,796.23,167.26
ZA-00011371,1,SKU89269,ZAV00590,2,141.02,41.61
ZA-00011371,2,SKU44108,ZAV00256,1,160.87,172.19
ZA-00011372,1,SKU74269,ZAV00565,1,882.39,138.84
ZA-00011373,1,SKU62610,ZAV00226,1,754.98,172.76
ZA-00011374,1,SKU78924,ZAV00457,1,505.11,143.37
ZA-00011375,1,SKU31815,ZAV00215,1,216.94,67.32
ZA-00011375,2,SKU86480,ZAV00265,1,1370.27,55.79
ZA-00011376,1,SKU42284,ZAV00410,1,1141.16,175.0
ZA-00011377,1,SKU40263,ZAV00524,1,5469.33,160.49
ZA-00011378,1,SKU10884,ZAV00442,1,508.87,162.8
ZA-00011379,1,SKU27736,ZAV00162,1,608.85,98.74
ZA-00011380,1,SKU76959,ZAV00229,1,696.01,74.62
ZA-00011381,1,SKU63997,ZAV00196,1,165.87,68.4
ZA-00011382,1,SKU43591,ZAV00748,1,542.13,44.28
ZA-00011383,1,SKU32154,ZAV00185,1,516.59,109.94
ZA-00011384,1,SKU53763,ZAV00531,1,3153.68,50.84
ZA-00011385,1,SKU54885,ZAV00579,1,250.48,78.23
ZA-00011386,1,SKU50451,ZAV00309,1,220.49,122.45
ZA-00011387,1,SKU98658,ZAV00464,1,168.9,59.17
ZA-00011388,1,SKU54512,ZAV00367,1,91.65,71.14
ZA-00011389,1,SKU94818,ZAV00443,1,825.53,75.5
ZA-00011390,1,SKU71567,ZAV00193,1,114.37,141.46
ZA-00011391,1,SKU87177,ZAV00137,1,474.87,167.28
ZA-00011391,2,SKU87570,ZAV00332,1,891.53,151.79
ZA-00011392,1,SKU98017,ZAV00712,1,905.99,153.77
ZA-00011393,1,SKU30824,ZAV00608,1,1313.78,114.79
ZA-00011394,1,SKU35370,ZAV00493,1,631.82,156.05
ZA-00011395,1,SKU10913,ZAV00635,1,868.17,128.68
ZA-00011395,2,SKU49737,ZAV00452,1,1785.69,58.1
ZA-00011396,1,SKU74552,ZAV00454,2,1009.87,119.39
ZA-00011397,1,SKU82805,ZAV00538,1,205.96,91.5
ZA-00011398,1,SKU75414,ZAV00322,1,447.57,107.83
ZA-00011398,2,SKU38488,ZAV00271,1,627.99,44.13
ZA-00011399,1,SKU17782,ZAV00452,1,441.51,151.83
ZA-00011400,1,SKU35916,ZAV00784,2,632.71,46.21
ZA-00011401,1,SKU42663,ZAV00789,2,1227.93,80.88
ZA-00011402,1,SKU22399,ZAV00493,1,391.58,45.58
ZA-00011403,1,SKU38556,ZAV00792,2,985.07,90.52
ZA-00011404,1,SKU27108,ZAV00522,1,549.0,151.4
ZA-00011405,1,SKU96920,ZAV00447,1,381.74,38.28
ZA-00011406,1,SKU24842,ZAV00457,1,367.96,61.89
ZA-00011406,2,SKU10095,ZAV00441,1,153.39,92.3
ZA-00011406,3,SKU57795,ZAV00157,1,338.51,167.03
ZA-00011407,1,SKU20128,ZAV00377,1,345.27,80.79
ZA-00011408,1,SKU17560,ZAV00109,1,526.94,105.55
ZA-00011409,1,SKU15993,ZAV00369,1,611.85,174.64
ZA-00011410,1,SKU79524,ZAV00733,1,358.51,177.25
ZA-00011411,1,SKU98728,ZAV00690,1,604.99,79.2
ZA-00011411,2,SKU39474,ZAV00039,1,330.29,47.95
ZA-00011412,1,SKU57163,ZAV00463,1,818.59,165.33
ZA-00011413,1,SKU86399,ZAV00130,1,608.65,128.34
ZA-00011414,1,SKU76740,ZAV00214,1,191.75,143.52
ZA-00011415,1,SKU20758,ZAV00170,1,114.37,100.02
ZA-00011415,2,SKU37670,ZAV00603,1,501.33,92.23
ZA-00011416,1,SKU18799,ZAV00375,2,883.42,52.98
ZA-00011417,1,SKU97412,ZAV00487,3,265.42,145.4
ZA-00011418,1,SKU81756,ZAV00563,1,248.96,48.5
ZA-00011419,1,SKU16086,ZAV00636,2,1702.27,175.82
ZA-00011419,2,SKU81871,ZAV00623,1,249.19,53.54
ZA-00011420,1,SKU30309,ZAV00330,1,371.48,71.65
ZA-00011421,1,SKU40314,ZAV00621,1,1904.07,136.58
ZA-00011421,2,SKU55686,ZAV00205,1,86.01,127.5
ZA-00011422,1,SKU69807,ZAV00710,1,1159.04,57.12
ZA-00011423,1,SKU73973,ZAV00030,2,2055.06,107.06
ZA-00011424,1,SKU14014,ZAV00358,1,399.07,127.05
ZA-00011425,1,SKU21525,ZAV00568,3,3886.19,168.43
ZA-00011426,1,SKU29873,ZAV00568,1,1393.5,80.04
ZA-00011427,1,SKU58945,ZAV00664,1,131.5,161.47
ZA-00011427,2,SKU27594,ZAV00257,1,479.0,66.95
ZA-00011427,3,SKU33685,ZAV00538,1,819.95,170.34
ZA-00011428,1,SKU95750,ZAV00677,1,275.26,39.98
ZA-00011429,1,SKU40349,ZAV00526,1,1392.77,73.43
ZA-00011430,1,SKU68645,ZAV00073,1,703.99,145.14
ZA-00011431,1,SKU24418,ZAV00344,1,336.73,112.81
ZA-00011431,2,SKU99248,ZAV00083,2,794.98,97.67
ZA-00011432,1,SKU14748,ZAV00422,3,154.58,116.77
ZA-00011432,2,SKU19124,ZAV00480,2,218.48,68.87
ZA-00011432,3,SKU14204,ZAV00171,1,566.5,50.61
ZA-00011433,1,SKU20501,ZAV00225,1,512.33,145.74
ZA-00011434,1,SKU10046,ZAV00683,1,503.18,94.83
ZA-00011435,1,SKU36517,ZAV00770,2,550.9,169.24
ZA-00011436,1,SKU58329,ZAV00315,1,333.43,136.7
ZA-00011437,1,SKU70497,ZAV00751,1,707.66,165.06
ZA-00011438,1,SKU22728,ZAV00363,1,1124.59,36.9
ZA-00011439,1,SKU74254,ZAV00569,1,158.6,51.85
ZA-00011440,1,SKU60072,ZAV00611,1,1402.4,60.54
ZA-00011441,1,SKU87960,ZAV00128,1,677.13,84.85
ZA-00011442,1,SKU10213,ZAV00220,1,696.03,80.52
ZA-00011443,1,SKU60610,ZAV00286,1,256.42,50.67
ZA-00011444,1,SKU90205,ZAV00432,1,1129.35,125.76
ZA-00011445,1,SKU45254,ZAV00623,1,113.95,165.27
ZA-00011445,2,SKU71073,ZAV00415,1,644.84,136.64
ZA-00011446,1,SKU86913,ZAV00130,1,1656.01,47.0
ZA-00011447,1,SKU44194,ZAV00200,1,19.72,122.65
ZA-00011448,1,SKU20098,ZAV00373,2,386.23,177.68
ZA-00011448,2,SKU64797,ZAV00455,1,417.8,42.48
ZA-00011449,1,SKU89872,ZAV00681,1,143.49,61.49
ZA-00011449,2,SKU75294,ZAV00593,1,282.6,70.01
ZA-00011449,3,SKU31600,ZAV00094,3,509.25,42.01
ZA-00011450,1,SKU77701,ZAV00226,1,123.76,129.54
ZA-00011451,1,SKU71963,ZAV00547,1,334.49,175.75
ZA-00011452,1,SKU12875,ZAV00511,1,277.71,160.19
ZA-00011453,1,SKU58391,ZAV00515,1,203.74,164.34
ZA-00011454,1,SKU15292,ZAV00147,1,373.71,64.35
ZA-00011455,1,SKU27294,ZAV00646,1,761.47,103.69
ZA-00011456,1,SKU20724,ZAV00171,1,604.25,119.45
ZA-00011457,1,SKU25019,ZAV00354,1,182.72,99.91
ZA-00011458,1,SKU75880,ZAV00293,1,431.73,130.82
ZA-00011458,2,SKU58223,ZAV00132,1,441.85,134.63
ZA-00011459,1,SKU32282,ZAV00511,1,655.99,36.73
ZA-00011459,2,SKU74477,ZAV00368,1,110.79,97.71
ZA-00011460,1,SKU37589,ZAV00229,1,343.88,96.87
ZA-00011461,1,SKU74316,ZAV00068,2,551.24,83.68
ZA-00011462,1,SKU40645,ZAV00596,1,836.49,155.13
ZA-00011463,1,SKU42730,ZAV00730,3,181.25,97.65
ZA-00011464,1,SKU41720,ZAV00578,1,468.59,87.39
ZA-00011465,1,SKU62958,ZAV00383,1,317.26,59.43
ZA-00011466,1,SKU87305,ZAV00611,1,270.59,129.14
ZA-00011467,1,SKU24263,ZAV00541,1,911.49,110.22
ZA-00011468,1,SKU80272,ZAV00092,1,740.41,107.97
ZA-00011469,1,SKU43098,ZAV00060,1,1272.36,148.37
ZA-00011470,1,SKU55585,ZAV00377,1,398.21,68.58
ZA-00011471,1,SKU14398,ZAV00559,2,460.01,87.16
ZA-00011472,1,SKU99188,ZAV00505,1,311.37,159.23
ZA-00011472,2,SKU84818,ZAV00608,1,733.05,58.41
ZA-00011473,1,SKU27476,ZAV00043,2,621.88,105.87
ZA-00011474,1,SKU70929,ZAV00343,2,646.03,72.11
ZA-00011475,1,SKU30099,ZAV00692,1,515.95,81.13
ZA-00011475,2,SKU72515,ZAV00676,1,181.7,59.66
ZA-00011476,1,SKU15627,ZAV00352,1,173.79,56.85
ZA-00011477,1,SKU94507,ZAV00795,1,306.86,163.5
ZA-00011478,1,SKU35806,ZAV00144,1,296.06,64.43
ZA-00011479,1,SKU29586,ZAV00076,1,697.57,113.92
ZA-00011480,1,SKU62147,ZAV00305,1,929.73,129.3
ZA-00011481,1,SKU46195,ZAV00201,1,39.23,167.69
ZA-00011481,2,SKU40202,ZAV00113,1,370.14,121.89
ZA-00011481,3,SKU45538,ZAV00116,1,1804.42,132.5
ZA-00011482,1,SKU99363,ZAV00106,1,205.43,49.53
ZA-00011483,1,SKU37177,ZAV00512,1,328.25,69.71
ZA-00011484,1,SKU68507,ZAV00431,1,361.75,162.48
ZA-00011484,2,SKU62963,ZAV00076,1,381.19,145.23
ZA-00011485,1,SKU79212,ZAV00330,1,154.24,90.84
ZA-00011486,1,SKU52847,ZAV00708,1,435.54,89.16
ZA-00011487,1,SKU24957,ZAV00481,1,808.02,87.96
ZA-00011488,1,SKU69671,ZAV00754,1,764.71,143.39
ZA-00011489,1,SKU72633,ZAV00509,2,675.16,135.27
ZA-00011490,1,SKU96196,ZAV00030,1,728.81,93.96
ZA-00011491,1,SKU95622,ZAV00316,1,213.11,41.37
ZA-00011491,2,SKU41173,ZAV00190,1,1567.01,123.43
ZA-00011492,1,SKU91478,ZAV00100,1,357.07,165.35
ZA-00011493,1,SKU11331,ZAV00354,1,430.12,43.07
ZA-00011494,1,SKU31958,ZAV00697,1,238.39,121.49
ZA-00011495,1,SKU13382,ZAV00011,2,1147.43,81.19
ZA-00011496,1,SKU60505,ZAV00247,1,288.86,36.04
ZA-00011496,2,SKU10495,ZAV00531,1,336.08,75.17
ZA-00011496,3,SKU94175,ZAV00645,1,321.85,121.95
ZA-00011497,1,SKU61147,ZAV00761,1,291.09,162.79
ZA-00011497,2,SKU26421,ZAV00768,1,319.83,142.77
ZA-00011498,1,SKU44226,ZAV00006,3,700.07,165.02
ZA-00011499,1,SKU11287,ZAV00431,1,2314.61,163.44
ZA-00011500,1,SKU88222,ZAV00394,1,1529.43,149.15
ZA-00011500,2,SKU51372,ZAV00088,2,587.16,167.84
ZA-00011501,1,SKU62176,ZAV00357,1,514.32,108.13
ZA-00011502,1,SKU76531,ZAV00467,1,861.31,131.46
ZA-00011502,2,SKU62353,ZAV00267,1,332.73,119.21
ZA-00011503,1,SKU81534,ZAV00099,1,369.59,175.04
ZA-00011504,1,SKU59545,ZAV00027,1,426.42,56.2
ZA-00011505,1,SKU76376,ZAV00497,1,405.49,38.51
ZA-00011506,1,SKU68763,ZAV00557,1,698.53,81.57
ZA-00011507,1,SKU52334,ZAV00421,3,808.14,89.86
ZA-00011508,1,SKU43647,ZAV00443,1,287.52,179.45
ZA-00011508,2,SKU51417,ZAV00249,1,194.88,98.41
ZA-00011509,1,SKU27800,ZAV00597,1,1533.04,64.09
ZA-00011509,2,SKU94324,ZAV00412,1,271.53,44.25
ZA-00011509,3,SKU92239,ZAV00126,1,114.45,71.31
ZA-00011510,1,SKU86094,ZAV00686,1,213.99,134.64
ZA-00011510,2,SKU90608,ZAV00324,1,383.29,61.88
ZA-00011510,3,SKU99946,ZAV00064,1,325.26,88.92
ZA-00011511,1,SKU59948,ZAV00180,2,1199.41,179.9
ZA-00011511,2,SKU56639,ZAV00668,1,408.32,180.0
ZA-00011512,1,SKU76385,ZAV00570,1,253.3,45.45
ZA-00011513,1,SKU99991,ZAV00556,1,535.26,59.36
ZA-00011513,2,SKU73012,ZAV00720,1,67.5,128.41
ZA-00011513,3,SKU48901,ZAV00143,1,492.62,51.33
ZA-00011514,1,SKU73956,ZAV00031,1,354.01,122.15
ZA-00011515,1,SKU45682,ZAV00383,1,595.8,171.4
ZA-00011515,2,SKU69970,ZAV00239,1,403.93,94.84
ZA-00011516,1,SKU60835,ZAV00370,1,123.78,131.35
ZA-00011517,1,SKU80866,ZAV00096,1,189.66,137.06
ZA-00011517,2,SKU37471,ZAV00303,1,68.19,74.16
ZA-00011518,1,SKU63833,ZAV00513,1,1092.69,42.24
ZA-00011519,1,SKU80624,ZAV00257,1,1963.07,112.99
ZA-00011520,1,SKU75573,ZAV00009,1,171.13,58.22
ZA-00011521,1,SKU58195,ZAV00485,1,731.89,171.02
ZA-00011522,1,SKU83467,ZAV00188,1,330.64,121.83
ZA-00011523,1,SKU62028,ZAV00015,1,525.98,161.38
ZA-00011524,1,SKU41949,ZAV00530,1,542.15,141.69
ZA-00011525,1,SKU66467,ZAV00670,1,96.96,157.62
ZA-00011526,1,SKU61062,ZAV00150,1,464.75,97.28
ZA-00011527,1,SKU89625,ZAV00281,2,1066.51,174.47
ZA-00011528,1,SKU95532,ZAV00161,1,1010.28,143.2
ZA-00011529,1,SKU47277,ZAV00773,1,330.15,125.59
ZA-00011530,1,SKU13765,ZAV00727,1,397.3,89.55
ZA-00011531,1,SKU39286,ZAV00690,1,487.56,168.29
ZA-00011532,1,SKU58170,ZAV00269,1,338.13,75.44
ZA-00011533,1,SKU82995,ZAV00343,1,454.27,97.48
ZA-00011534,1,SKU74367,ZAV00078,1,274.13,168.18
ZA-00011535,1,SKU71502,ZAV00296,1,531.76,161.24
ZA-00011536,1,SKU79761,ZAV00168,1,562.19,53.43
ZA-00011537,1,SKU93366,ZAV00748,1,497.22,138.74
ZA-00011538,1,SKU59697,ZAV00630,1,316.95,164.06
ZA-00011539,1,SKU19048,ZAV00325,2,116.83,149.33
ZA-00011539,2,SKU30417,ZAV00482,1,571.98,128.02
ZA-00011540,1,SKU47828,ZAV00366,1,444.24,117.37
ZA-00011541,1,SKU16024,ZAV00355,1,483.95,107.73
ZA-00011541,2,SKU27028,ZAV00742,1,752.79,113.21
ZA-00011541,3,SKU50341,ZAV00758,1,324.59,68.73
ZA-00011542,1,SKU86554,ZAV00673,1,519.44,45.51
ZA-00011543,1,SKU31825,ZAV00749,1,434.86,166.53
ZA-00011544,1,SKU63770,ZAV00219,1,386.33,76.38
ZA-00011544,2,SKU24756,ZAV00290,1,68.72,48.5
ZA-00011544,3,SKU86590,ZAV00582,1,118.06,91.55
ZA-00011545,1,SKU74203,ZAV00799,1,2331.43,139.4
ZA-00011546,1,SKU39730,ZAV00219,1,670.42,110.83
ZA-00011547,1,SKU11137,ZAV00255,3,2245.7,157.21
ZA-00011547,2,SKU60439,ZAV00441,1,143.19,87.82
ZA-00011548,1,SKU98576,ZAV00236,2,436.73,169.42
ZA-00011549,1,SKU71643,ZAV00140,3,700.45,79.66
ZA-00011550,1,SKU73506,ZAV00555,1,1144.1,169.7
ZA-00011551,1,SKU46408,ZAV00057,2,432.37,108.75
ZA-00011552,1,SKU34105,ZAV00503,1,751.01,85.68
ZA-00011553,1,SKU36341,ZAV00697,1,451.75,59.7
ZA-00011554,1,SKU10829,ZAV00355,1,883.11,82.19
ZA-00011555,1,SKU47706,ZAV00225,1,579.31,53.45
ZA-00011555,2,SKU79662,ZAV00454,1,244.64,132.38
ZA-00011556,1,SKU59977,ZAV00706,1,337.22,113.24
ZA-00011557,1,SKU84637,ZAV00422,1,1309.49,38.38
ZA-00011558,1,SKU52631,ZAV00409,1,284.36,132.28
ZA-00011559,1,SKU28725,ZAV00110,1,709.93,49.23
ZA-00011560,1,SKU99790,ZAV00415,1,752.25,67.31
ZA-00011561,1,SKU28520,ZAV00423,1,685.65,138.21
ZA-00011562,1,SKU31681,ZAV00136,2,426.6,109.28
ZA-00011563,1,SKU69194,ZAV00277,1,343.89,51.47
ZA-00011564,1,SKU34435,ZAV00506,1,734.11,142.24
ZA-00011565,1,SKU85329,ZAV00686,1,383.94,162.68
ZA-00011566,1,SKU27011,ZAV00629,1,221.2,133.56
ZA-00011567,1,SKU86033,ZAV00403,1,994.87,118.54
ZA-00011568,1,SKU31082,ZAV00584,1,180.24,177.99
ZA-00011569,1,SKU22594,ZAV00254,1,627.17,170.88
ZA-00011570,1,SKU70868,ZAV00444,2,96.09,110.77
ZA-00011571,1,SKU89018,ZAV00757,1,576.03,75.48
ZA-00011572,1,SKU10018,ZAV00508,2,219.35,140.58
ZA-00011573,1,SKU50382,ZAV00633,1,124.08,89.42
ZA-00011574,1,SKU79608,ZAV00436,1,304.11,35.92
ZA-00011575,1,SKU62417,ZAV00438,1,252.48,76.91
ZA-00011576,1,SKU99225,ZAV00748,1,469.83,101.66
ZA-00011577,1,SKU82042,ZAV00274,3,849.35,109.17
ZA-00011578,1,SKU95743,ZAV00308,1,894.39,114.63
ZA-00011579,1,SKU69273,ZAV00252,1,485.69,134.94
ZA-00011580,1,SKU14911,ZAV00308,1,4357.19,132.63
ZA-00011580,2,SKU14580,ZAV00686,1,1685.28,173.2
ZA-00011581,1,SKU68244,ZAV00052,3,588.06,36.28
ZA-00011582,1,SKU23636,ZAV00788,1,179.91,61.54
ZA-00011583,1,SKU96698,ZAV00765,1,407.27,96.71
ZA-00011584,1,SKU98832,ZAV00327,2,384.59,157.89
ZA-00011584,2,SKU57852,ZAV00339,1,420.3,165.94
ZA-00011585,1,SKU42624,ZAV00095,1,2297.27,107.4
ZA-00011586,1,SKU41264,ZAV00644,1,270.53,109.2
ZA-00011587,1,SKU14179,ZAV00454,1,366.72,53.52
ZA-00011588,1,SKU39589,ZAV00083,1,750.75,48.51
ZA-00011588,2,SKU85195,ZAV00107,1,149.34,161.94
ZA-00011588,3,SKU66810,ZAV00776,1,845.3,142.63
ZA-00011589,1,SKU94278,ZAV00690,1,435.11,43.16
ZA-00011589,2,SKU24313,ZAV00248,1,414.26,145.63
ZA-00011590,1,SKU81600,ZAV00298,2,243.2,114.63
ZA-00011591,1,SKU46754,ZAV00356,1,375.71,130.27
ZA-00011592,1,SKU31994,ZAV00049,1,357.93,99.93
ZA-00011593,1,SKU54212,ZAV00342,2,1037.18,175.01
ZA-00011594,1,SKU56891,ZAV00174,1,1680.24,75.68
ZA-00011595,1,SKU56633,ZAV00585,1,544.37,153.9
ZA-00011596,1,SKU71296,ZAV00129,1,292.06,102.73
ZA-00011597,1,SKU22078,ZAV00772,1,828.22,154.04
ZA-00011597,2,SKU19424,ZAV00003,2,667.27,179.28
ZA-00011597,3,SKU69032,ZAV00221,2,525.09,104.73
ZA-00011598,1,SKU22980,ZAV00507,1,1984.57,85.95
ZA-00011598,2,SKU67577,ZAV00496,2,221.69,124.14
ZA-00011599,1,SKU17582,ZAV00039,1,302.85,88.51
ZA-00011600,1,SKU52928,ZAV00435,1,1424.02,45.87
ZA-00011601,1,SKU13131,ZAV00479,1,866.11,50.17
ZA-00011601,2,SKU56932,ZAV00360,1,733.28,61.32
ZA-00011602,1,SKU71073,ZAV00719,1,132.98,64.62
ZA-00011603,1,SKU73253,ZAV00739,1,390.16,176.77
ZA-00011604,1,SKU65188,ZAV00028,2,799.05,112.79
ZA-00011605,1,SKU69139,ZAV00737,1,186.7,173.01
ZA-00011606,1,SKU99530,ZAV00566,1,2981.33,49.31
ZA-00011607,1,SKU36355,ZAV00588,2,787.58,44.88
ZA-00011607,2,SKU32284,ZAV00545,1,616.77,94.94
ZA-00011607,3,SKU51149,ZAV00020,1,135.66,171.13
ZA-00011608,1,SKU30488,ZAV00095,1,136.77,120.38
ZA-00011609,1,SKU79404,ZAV00668,1,869.47,41.1
ZA-00011610,1,SKU40177,ZAV00123,1,299.07,40.21
ZA-00011611,1,SKU82386,ZAV00207,1,1965.68,74.72
ZA-00011611,2,SKU89651,ZAV00237,1,2164.39,109.18
ZA-00011612,1,SKU83321,ZAV00422,1,272.47,165.85
ZA-00011613,1,SKU91591,ZAV00705,1,243.79,43.95
ZA-00011614,1,SKU14716,ZAV00614,1,434.52,151.2
ZA-00011615,1,SKU14933,ZAV00395,1,624.71,142.53
ZA-00011616,1,SKU67573,ZAV00509,1,117.41,58.05
ZA-00011617,1,SKU16436,ZAV00159,1,1395.46,81.61
ZA-00011618,1,SKU38652,ZAV00565,3,9694.68,36.33
ZA-00011619,1,SKU88898,ZAV00656,1,94.38,161.9
ZA-00011620,1,SKU31855,ZAV00254,1,352.49,113.28
ZA-00011621,1,SKU54832,ZAV00080,1,136.04,141.08
ZA-00011622,1,SKU83346,ZAV00605,1,505.24,85.39
ZA-00011623,1,SKU85295,ZAV00770,1,358.34,155.73
ZA-00011623,2,SKU75855,ZAV00344,1,85.29,83.15
ZA-00011624,1,SKU51951,ZAV00512,1,193.85,38.72
ZA-00011625,1,SKU24481,ZAV00670,2,2894.02,164.45
ZA-00011626,1,SKU12662,ZAV00266,1,99.27,59.57
ZA-00011626,2,SKU64464,ZAV00551,1,539.6,96.46
ZA-00011627,1,SKU61743,ZAV00390,1,379.29,169.09
ZA-00011627,2,SKU81086,ZAV00221,1,375.79,38.07
ZA-00011628,1,SKU17130,ZAV00580,1,448.19,157.31
ZA-00011629,1,SKU56571,ZAV00631,2,273.44,166.66
ZA-00011630,1,SKU40649,ZAV00554,1,897.61,81.54
ZA-00011631,1,SKU97877,ZAV00768,1,229.93,105.55
ZA-00011631,2,SKU69579,ZAV00387,1,476.98,116.19
ZA-00011632,1,SKU11913,ZAV00413,1,555.86,96.67
ZA-00011633,1,SKU24834,ZAV00662,1,63.22,47.07
ZA-00011634,1,SKU27913,ZAV00630,3,1118.43,63.94
ZA-00011635,1,SKU53207,ZAV00317,1,492.36,171.74
ZA-00011636,1,SKU49747,ZAV00451,1,700.89,144.79
ZA-00011637,1,SKU42441,ZAV00787,1,170.57,119.23
ZA-00011638,1,SKU31437,ZAV00149,1,1539.35,156.24
ZA-00011638,2,SKU90587,ZAV00149,1,364.8,91.54
ZA-00011638,3,SKU64178,ZAV00580,1,459.93,125.35
ZA-00011639,1,SKU92578,ZAV00488,1,169.12,55.58
ZA-00011640,1,SKU19501,ZAV00508,1,603.3,118.82
ZA-00011641,1,SKU92981,ZAV00414,1,204.53,106.14
ZA-00011642,1,SKU27647,ZAV00743,1,282.56,125.65
ZA-00011643,1,SKU77735,ZAV00668,1,975.43,177.78
ZA-00011644,1,SKU16338,ZAV00554,1,102.01,118.68
ZA-00011644,2,SKU49895,ZAV00087,1,382.34,97.03
ZA-00011645,1,SKU14930,ZAV00780,1,667.02,56.8
ZA-00011646,1,SKU30430,ZAV00429,1,312.88,57.44
ZA-00011646,2,SKU44333,ZAV00416,2,249.46,120.5
ZA-00011647,1,SKU35941,ZAV00127,1,159.47,100.64
ZA-00011648,1,SKU79375,ZAV00738,1,402.22,113.04
ZA-00011649,1,SKU78336,ZAV00637,1,324.72,61.52
ZA-00011650,1,SKU57059,ZAV00583,1,964.14,48.44
ZA-00011651,1,SKU90139,ZAV00374,1,340.83,147.01
ZA-00011652,1,SKU91587,ZAV00478,1,541.7,156.32
ZA-00011653,1,SKU51265,ZAV00254,1,712.1,148.58
ZA-00011653,2,SKU81883,ZAV00516,2,1836.33,130.22
ZA-00011654,1,SKU22072,ZAV00122,1,555.38,60.97
ZA-00011655,1,SKU12379,ZAV00482,1,387.92,65.31
ZA-00011656,1,SKU39608,ZAV00112,2,162.43,51.12
ZA-00011656,2,SKU64099,ZAV00571,1,517.49,155.43
ZA-00011657,1,SKU80232,ZAV00130,1,192.05,156.53
ZA-00011658,1,SKU62304,ZAV00633,2,761.2,105.76
ZA-00011659,1,SKU43579,ZAV00198,1,154.95,59.49
ZA-00011660,1,SKU84307,ZAV00543,1,439.58,176.41
ZA-00011661,1,SKU48402,ZAV00328,1,1663.07,131.6
ZA-00011661,2,SKU22075,ZAV00716,1,163.94,168.14
ZA-00011662,1,SKU82721,ZAV00320,2,184.02,105.97
ZA-00011662,2,SKU90096,ZAV00299,1,695.77,72.17
ZA-00011663,1,SKU76497,ZAV00466,2,226.42,120.33
ZA-00011664,1,SKU16114,ZAV00384,1,659.49,132.3
ZA-00011665,1,SKU62152,ZAV00184,1,96.23,173.87
ZA-00011666,1,SKU39233,ZAV00499,1,630.93,45.21
ZA-00011667,1,SKU37530,ZAV00636,1,85.84,100.91
ZA-00011668,1,SKU11842,ZAV00144,1,322.75,119.79
ZA-00011669,1,SKU72164,ZAV00627,1,242.1,73.45
ZA-00011670,1,SKU31204,ZAV00157,1,1377.56,179.83
ZA-00011670,2,SKU11640,ZAV00660,1,810.79,130.74
ZA-00011671,1,SKU36188,ZAV00218,1,137.39,175.4
ZA-00011672,1,SKU10152,ZAV00732,1,152.42,38.84
ZA-00011673,1,SKU61158,ZAV00486,1,44.44,155.53
ZA-00011674,1,SKU34080,ZAV00716,1,570.77,115.05
ZA-00011675,1,SKU82798,ZAV00020,1,901.3,69.45
ZA-00011676,1,SKU23905,ZAV00632,3,279.64,51.36
ZA-00011676,2,SKU72681,ZAV00635,1,183.82,117.76
ZA-00011677,1,SKU58869,ZAV00691,1,1109.21,168.97
ZA-00011677,2,SKU66475,ZAV00743,1,324.79,106.44
ZA-00011678,1,SKU94807,ZAV00769,1,211.38,81.63
ZA-00011679,1,SKU88750,ZAV00005,1,323.45,79.04
ZA-00011680,1,SKU92958,ZAV00719,1,169.5,99.96
ZA-00011681,1,SKU10727,ZAV00583,1,1054.13,88.37
ZA-00011682,1,SKU19992,ZAV00488,1,170.79,72.45
ZA-00011683,1,SKU34620,ZAV00646,2,309.99,49.01
ZA-00011684,1,SKU39061,ZAV00425,1,84.39,62.8
ZA-00011685,1,SKU83037,ZAV00267,2,469.56,122.87
ZA-00011686,1,SKU86723,ZAV00487,1,766.12,114.3
ZA-00011687,1,SKU53833,ZAV00627,1,267.8,138.46
ZA-00011687,2,SKU89588,ZAV00457,2,1048.75,59.27
ZA-00011687,3,SKU39055,ZAV00631,1,368.77,167.35
ZA-00011688,1,SKU21205,ZAV00079,3,736.04,124.38
ZA-00011689,1,SKU87233,ZAV00381,1,151.3,82.55
ZA-00011689,2,SKU75005,ZAV00749,1,2560.77,97.28
ZA-00011690,1,SKU54575,ZAV00023,2,108.92,163.19
ZA-00011691,1,SKU48142,ZAV00104,1,1287.96,128.6
ZA-00011692,1,SKU83466,ZAV00238,1,459.86,169.26
ZA-00011693,1,SKU84908,ZAV00703,1,210.54,128.55
ZA-00011694,1,SKU88216,ZAV00763,2,423.66,85.44
ZA-00011694,2,SKU64125,ZAV00714,1,271.54,42.7
ZA-00011695,1,SKU82434,ZAV00250,2,105.52,56.93
ZA-00011696,1,SKU37969,ZAV00590,1,528.38,94.89
ZA-00011697,1,SKU62615,ZAV00591,1,109.72,96.61
ZA-00011697,2,SKU29631,ZAV00677,1,230.56,105.07
ZA-00011697,3,SKU71022,ZAV00788,1,628.95,143.51
ZA-00011698,1,SKU70809,ZAV00355,1,254.93,123.8
ZA-00011698,2,SKU20987,ZAV00337,1,209.67,46.15
ZA-00011699,1,SKU31684,ZAV00481,1,128.23,64.47
ZA-00011700,1,SKU21412,ZAV00553,1,990.14,57.07
ZA-00011701,1,SKU78378,ZAV00553,1,208.88,81.17
ZA-00011702,1,SKU69798,ZAV00186,3,264.98,88.43
ZA-00011703,1,SKU48919,ZAV00217,2,501.16,47.64
ZA-00011704,1,SKU39725,ZAV00418,1,593.65,55.94
ZA-00011705,1,SKU20266,ZAV00674,3,194.36,58.57
ZA-00011706,1,SKU80772,ZAV00290,1,3219.56,105.17
ZA-00011707,1,SKU37490,ZAV00733,1,114.78,57.89
ZA-00011708,1,SKU93391,ZAV00734,1,1145.25,74.25
ZA-00011709,1,SKU19653,ZAV00633,1,226.66,156.91
ZA-00011710,1,SKU21122,ZAV00108,1,465.34,113.85
ZA-00011711,1,SKU14103,ZAV00501,1,292.33,80.26
ZA-00011712,1,SKU73205,ZAV00462,1,765.13,153.64
ZA-00011713,1,SKU12006,ZAV00442,1,3123.29,107.48
ZA-00011714,1,SKU11397,ZAV00305,1,249.13,163.34
ZA-00011715,1,SKU94326,ZAV00134,1,921.81,49.99
ZA-00011716,1,SKU65673,ZAV00020,2,405.37,80.81
ZA-00011717,1,SKU55420,ZAV00118,1,552.48,39.29
ZA-00011718,1,SKU25696,ZAV00392,2,1511.58,173.24
ZA-00011719,1,SKU49270,ZAV00794,1,222.89,51.15
ZA-00011719,2,SKU15053,ZAV00666,1,300.65,168.15
ZA-00011720,1,SKU30026,ZAV00240,1,241.47,145.1
ZA-00011721,1,SKU97899,ZAV00342,1,222.46,63.58
ZA-00011721,2,SKU20384,ZAV00450,1,1338.36,171.02
ZA-00011722,1,SKU48596,ZAV00782,1,500.27,64.87
ZA-00011723,1,SKU81406,ZAV00019,2,2909.73,151.41
ZA-00011724,1,SKU44045,ZAV00130,1,1028.21,83.58
ZA-00011724,2,SKU93035,ZAV00366,1,699.85,147.08
ZA-00011725,1,SKU50265,ZAV00631,1,810.91,173.77
ZA-00011725,2,SKU66314,ZAV00029,1,3505.5,172.12
ZA-00011726,1,SKU57338,ZAV00022,2,343.71,149.47
ZA-00011727,1,SKU83809,ZAV00094,1,398.97,83.84
ZA-00011728,1,SKU26308,ZAV00291,1,676.83,159.53
ZA-00011729,1,SKU20267,ZAV00421,1,2263.1,112.12
ZA-00011730,1,SKU64802,ZAV00693,1,925.16,104.67
ZA-00011731,1,SKU52834,ZAV00370,1,1025.37,131.66
ZA-00011732,1,SKU59493,ZAV00383,3,654.51,173.25
ZA-00011733,1,SKU68174,ZAV00796,1,375.39,143.14
ZA-00011733,2,SKU90624,ZAV00301,1,414.41,56.71
ZA-00011734,1,SKU97771,ZAV00593,1,388.83,114.39
ZA-00011735,1,SKU73440,ZAV00551,1,577.69,64.28
ZA-00011736,1,SKU25214,ZAV00482,1,288.82,147.82
ZA-00011737,1,SKU61571,ZAV00800,1,1362.06,77.4
ZA-00011738,1,SKU92355,ZAV00033,1,178.55,46.79
ZA-00011739,1,SKU97350,ZAV00469,1,311.0,126.38
ZA-00011740,1,SKU52207,ZAV00366,1,113.79,149.36
ZA-00011741,1,SKU92264,ZAV00403,2,180.53,101.11
ZA-00011741,2,SKU91604,ZAV00419,1,371.74,147.88
ZA-00011742,1,SKU25989,ZAV00219,1,347.59,126.09
ZA-00011743,1,SKU93912,ZAV00336,1,850.35,130.21
ZA-00011744,1,SKU66803,ZAV00120,2,837.46,116.04
ZA-00011744,2,SKU57024,ZAV00666,1,428.86,133.68
ZA-00011745,1,SKU36934,ZAV00299,1,900.03,124.59
ZA-00011745,2,SKU74154,ZAV00531,1,800.82,41.39
ZA-00011746,1,SKU54706,ZAV00585,1,467.77,134.62
ZA-00011746,2,SKU71986,ZAV00738,1,274.7,60.73
ZA-00011747,1,SKU42556,ZAV00401,1,3256.78,73.93
ZA-00011747,2,SKU63194,ZAV00274,1,420.49,118.42
ZA-00011748,1,SKU99477,ZAV00535,1,306.81,126.66
ZA-00011749,1,SKU53250,ZAV00390,1,489.31,171.32
ZA-00011750,1,SKU13177,ZAV00017,1,434.34,47.3
ZA-00011751,1,SKU37399,ZAV00062,2,1192.25,50.51
ZA-00011751,2,SKU72725,ZAV00225,1,3069.15,118.79
ZA-00011752,1,SKU27570,ZAV00568,1,405.25,152.56
ZA-00011752,2,SKU33348,ZAV00175,1,902.49,111.26
ZA-00011752,3,SKU53402,ZAV00533,1,439.28,36.59
ZA-00011753,1,SKU41220,ZAV00141,1,1203.15,114.86
ZA-00011754,1,SKU37081,ZAV00470,1,632.14,119.69
ZA-00011754,2,SKU23826,ZAV00385,2,735.76,98.98
ZA-00011755,1,SKU14230,ZAV00308,1,493.29,157.56
ZA-00011756,1,SKU18792,ZAV00442,1,349.35,162.85
ZA-00011756,2,SKU34027,ZAV00362,2,1536.79,149.92
ZA-00011757,1,SKU72144,ZAV00247,1,1077.27,156.88
ZA-00011758,1,SKU98152,ZAV00741,1,480.58,149.35
ZA-00011759,1,SKU36444,ZAV00606,1,52.8,55.39
ZA-00011760,1,SKU41798,ZAV00504,1,697.06,105.14
ZA-00011761,1,SKU66117,ZAV00125,1,484.98,109.6
ZA-00011762,1,SKU59644,ZAV00534,1,296.36,69.59
ZA-00011763,1,SKU25211,ZAV00134,1,359.07,165.27
ZA-00011764,1,SKU22251,ZAV00457,1,526.05,103.13
ZA-00011765,1,SKU44438,ZAV00235,1,362.33,172.75
ZA-00011766,1,SKU91563,ZAV00773,1,353.13,83.85
ZA-00011766,2,SKU64023,ZAV00511,1,163.25,63.26
ZA-00011767,1,SKU22692,ZAV00531,2,100.34,131.03
ZA-00011768,1,SKU14706,ZAV00144,1,546.55,169.66
ZA-00011769,1,SKU86841,ZAV00434,1,506.42,172.82
ZA-00011769,2,SKU79981,ZAV00579,1,412.64,83.66
ZA-00011770,1,SKU59385,ZAV00685,2,484.63,133.13
ZA-00011771,1,SKU62920,ZAV00018,1,266.21,96.78
ZA-00011772,1,SKU74372,ZAV00465,1,112.32,112.68
ZA-00011773,1,SKU99024,ZAV00417,1,316.77,111.21
ZA-00011774,1,SKU91327,ZAV00649,1,363.83,109.98
ZA-00011775,1,SKU84596,ZAV00752,1,1286.18,156.57
ZA-00011775,2,SKU62703,ZAV00502,1,192.65,57.53
ZA-00011776,1,SKU84178,ZAV00121,1,819.29,52.54
ZA-00011777,1,SKU56502,ZAV00273,1,146.45,150.7
ZA-00011778,1,SKU72552,ZAV00530,1,375.15,78.64
ZA-00011779,1,SKU47696,ZAV00553,1,377.08,106.33
ZA-00011780,1,SKU31014,ZAV00582,2,239.17,161.67
ZA-00011781,1,SKU71332,ZAV00326,1,350.3,131.62
ZA-00011781,2,SKU27931,ZAV00635,1,1462.5,163.43
ZA-00011782,1,SKU77670,ZAV00446,1,1027.51,35.6
ZA-00011782,2,SKU59937,ZAV00156,1,275.33,145.04
ZA-00011783,1,SKU28732,ZAV00109,1,497.49,91.25
ZA-00011784,1,SKU28601,ZAV00038,1,553.49,163.25
ZA-00011784,2,SKU70190,ZAV00724,1,2156.71,154.97
ZA-00011785,1,SKU59467,ZAV00461,1,386.62,162.83
ZA-00011786,1,SKU15128,ZAV00735,1,466.19,103.94
ZA-00011787,1,SKU35192,ZAV00738,1,116.08,179.22
ZA-00011787,2,SKU30811,ZAV00078,1,577.53,73.39
ZA-00011788,1,SKU96303,ZAV00622,1,155.71,151.38
ZA-00011789,1,SKU35972,ZAV00504,1,305.35,169.38
ZA-00011790,1,SKU48307,ZAV00036,1,315.4,101.33
ZA-00011791,1,SKU78344,ZAV00540,1,279.35,178.8
ZA-00011791,2,SKU89466,ZAV00374,1,24.02,64.04
ZA-00011792,1,SKU22797,ZAV00180,1,160.7,74.52
ZA-00011793,1,SKU80208,ZAV00433,1,672.75,99.79
ZA-00011794,1,SKU68540,ZAV00465,1,674.72,76.89
ZA-00011794,2,SKU16395,ZAV00625,2,309.48,109.17
ZA-00011795,1,SKU57339,ZAV00280,1,652.74,125.49
ZA-00011796,1,SKU50747,ZAV00083,1,942.54,85.51
ZA-00011797,1,SKU16184,ZAV00481,1,1796.6,92.2
ZA-00011798,1,SKU15633,ZAV00046,1,363.49,110.22
ZA-00011799,1,SKU58800,ZAV00698,1,307.56,164.56
ZA-00011800,1,SKU21499,ZAV00713,2,41.73,54.97
ZA-00011801,1,SKU36814,ZAV00682,1,885.96,123.33
ZA-00011801,2,SKU59291,ZAV00573,1,416.26,109.09
ZA-00011801,3,SKU89548,ZAV00230,1,303.87,134.12
ZA-00011802,1,SKU42906,ZAV00209,1,216.1,57.87
ZA-00011802,2,SKU52614,ZAV00772,1,445.59,107.47
ZA-00011802,3,SKU14019,ZAV00371,1,583.91,120.93
ZA-00011803,1,SKU79055,ZAV00323,1,1491.72,69.33
ZA-00011804,1,SKU77428,ZAV00367,1,599.96,42.59
ZA-00011805,1,SKU21613,ZAV00703,1,449.9,131.91
ZA-00011806,1,SKU98372,ZAV00281,2,408.02,54.27
ZA-00011807,1,SKU70296,ZAV00547,1,449.17,39.58
ZA-00011808,1,SKU25040,ZAV00717,1,314.65,130.28
ZA-00011809,1,SKU17967,ZAV00674,1,215.65,37.94
ZA-00011810,1,SKU22960,ZAV00151,1,1467.34,104.03
ZA-00011811,1,SKU82068,ZAV00521,1,500.08,120.2
ZA-00011811,2,SKU52415,ZAV00046,3,94.67,178.26
ZA-00011812,1,SKU86379,ZAV00149,1,187.97,156.19
ZA-00011813,1,SKU34566,ZAV00053,1,319.36,140.53
ZA-00011813,2,SKU49016,ZAV00399,1,961.92,80.64
ZA-00011813,3,SKU56147,ZAV00506,1,775.84,85.82
ZA-00011814,1,SKU11428,ZAV00683,1,332.71,48.09
ZA-00011814,2,SKU20400,ZAV00015,1,777.88,122.79
ZA-00011815,1,SKU90761,ZAV00320,1,647.07,95.88
ZA-00011816,1,SKU54544,ZAV00094,1,691.37,178.62
ZA-00011817,1,SKU54564,ZAV00335,1,177.45,124.85
ZA-00011818,1,SKU23005,ZAV00448,1,931.63,134.76
ZA-00011818,2,SKU17641,ZAV00452,1,1066.88,167.51
ZA-00011819,1,SKU38262,ZAV00720,1,287.41,157.16
ZA-00011819,2,SKU72209,ZAV00302,1,1966.62,102.49
ZA-00011820,1,SKU33853,ZAV00033,1,391.75,61.39
ZA-00011821,1,SKU59293,ZAV00570,1,315.39,102.12
ZA-00011822,1,SKU98230,ZAV00596,1,193.23,88.21
ZA-00011823,1,SKU95292,ZAV00340,1,395.54,139.06
ZA-00011824,1,SKU51879,ZAV00004,1,793.44,113.24
ZA-00011825,1,SKU22717,ZAV00306,3,304.42,148.45
ZA-00011826,1,SKU80325,ZAV00194,1,407.49,51.88
ZA-00011826,2,SKU37579,ZAV00558,1,400.59,70.32
ZA-00011827,1,SKU77596,ZAV00001,1,260.56,147.55
ZA-00011828,1,SKU76751,ZAV00108,1,551.79,107.36
ZA-00011829,1,SKU17282,ZAV00635,1,342.44,127.08
ZA-00011829,2,SKU29868,ZAV00751,2,807.43,97.42
ZA-00011830,1,SKU39076,ZAV00736,2,7451.95,61.3
ZA-00011831,1,SKU17975,ZAV00598,1,479.13,152.57
ZA-00011832,1,SKU18665,ZAV00778,1,166.07,126.09
ZA-00011833,1,SKU52623,ZAV00059,2,697.09,85.63
ZA-00011834,1,SKU39183,ZAV00194,1,422.27,54.09
ZA-00011835,1,SKU45856,ZAV00694,1,174.88,147.61
ZA-00011836,1,SKU81789,ZAV00519,1,811.46,165.75
ZA-00011837,1,SKU95307,ZAV00052,1,604.6,162.61
ZA-00011838,1,SKU76898,ZAV00063,2,1595.27,118.04
ZA-00011838,2,SKU65266,ZAV00459,1,213.69,82.44
ZA-00011839,1,SKU41952,ZAV00005,1,734.67,138.51
ZA-00011840,1,SKU96953,ZAV00275,1,693.41,95.47
ZA-00011841,1,SKU75056,ZAV00708,1,162.5,156.83
ZA-00011842,1,SKU77607,ZAV00418,1,324.27,47.87
ZA-00011842,2,SKU89728,ZAV00437,1,277.41,99.26
ZA-00011843,1,SKU73852,ZAV00446,2,475.99,174.6
ZA-00011844,1,SKU49313,ZAV00066,1,171.94,171.63
ZA-00011845,1,SKU46205,ZAV00184,1,338.35,167.05
ZA-00011846,1,SKU90052,ZAV00382,1,1229.12,178.95
ZA-00011847,1,SKU58700,ZAV00502,1,1076.59,36.94
ZA-00011848,1,SKU68636,ZAV00456,1,2520.46,160.21
ZA-00011849,1,SKU56709,ZAV00657,1,298.74,130.54
ZA-00011849,2,SKU36867,ZAV00776,1,217.03,87.88
ZA-00011849,3,SKU21421,ZAV00261,1,208.42,127.13
ZA-00011850,1,SKU10509,ZAV00338,1,359.07,60.42
ZA-00011850,2,SKU82096,ZAV00192,1,657.43,122.11
ZA-00011851,1,SKU90390,ZAV00608,1,533.31,84.77
ZA-00011852,1,SKU33954,ZAV00769,1,1132.29,145.24
ZA-00011853,1,SKU85135,ZAV00783,1,476.16,110.03
ZA-00011854,1,SKU86544,ZAV00625,1,217.4,65.49
ZA-00011854,2,SKU57104,ZAV00255,1,73.62,163.28
ZA-00011854,3,SKU57061,ZAV00126,1,803.9,106.91
ZA-00011855,1,SKU15352,ZAV00146,1,138.33,117.46
ZA-00011856,1,SKU85604,ZAV00457,1,187.6,101.48
ZA-00011857,1,SKU72419,ZAV00518,1,439.4,138.68
ZA-00011858,1,SKU23666,ZAV00126,1,140.93,164.75
ZA-00011858,2,SKU65715,ZAV00442,1,373.02,165.77
ZA-00011859,1,SKU61267,ZAV00419,2,590.0,149.72
ZA-00011860,1,SKU33690,ZAV00214,1,230.56,38.76
ZA-00011861,1,SKU86790,ZAV00099,2,313.99,50.35
ZA-00011862,1,SKU66041,ZAV00669,1,394.39,63.21
ZA-00011863,1,SKU19246,ZAV00269,1,103.49,168.77
ZA-00011864,1,SKU15210,ZAV00385,1,656.3,159.54
ZA-00011865,1,SKU58132,ZAV00563,1,451.55,167.12
ZA-00011866,1,SKU14288,ZAV00228,2,174.6,48.54
ZA-00011867,1,SKU76520,ZAV00167,1,315.08,50.17
ZA-00011868,1,SKU27773,ZAV00072,1,532.18,160.62
ZA-00011869,1,SKU70554,ZAV00690,3,479.9,60.35
ZA-00011870,1,SKU38128,ZAV00276,1,487.98,148.84
ZA-00011871,1,SKU66993,ZAV00126,1,804.27,39.99
ZA-00011872,1,SKU11718,ZAV00306,3,590.69,110.64
ZA-00011873,1,SKU54692,ZAV00041,2,579.65,36.44
ZA-00011874,1,SKU84164,ZAV00140,1,1311.42,95.45
ZA-00011875,1,SKU17942,ZAV00464,1,331.78,73.08
ZA-00011875,2,SKU80478,ZAV00029,3,449.49,175.42
ZA-00011875,3,SKU40885,ZAV00751,2,451.49,168.19
ZA-00011876,1,SKU33635,ZAV00392,1,276.2,116.41
ZA-00011877,1,SKU52704,ZAV00773,3,312.97,89.8
ZA-00011878,1,SKU73133,ZAV00042,1,204.11,77.13
ZA-00011879,1,SKU13316,ZAV00482,2,1133.75,112.58
ZA-00011880,1,SKU46816,ZAV00587,1,395.61,173.18
ZA-00011881,1,SKU16428,ZAV00634,1,548.05,147.92
ZA-00011882,1,SKU80981,ZAV00604,1,182.51,132.01
ZA-00011883,1,SKU56477,ZAV00044,1,562.04,90.41
ZA-00011883,2,SKU16890,ZAV00589,2,90.44,133.08
ZA-00011884,1,SKU36675,ZAV00162,1,456.85,159.04
ZA-00011884,2,SKU67597,ZAV00211,2,1122.57,164.16
ZA-00011885,1,SKU82378,ZAV00501,1,754.26,155.81
ZA-00011886,1,SKU64403,ZAV00328,1,248.45,175.51
ZA-00011887,1,SKU24739,ZAV00640,1,494.86,52.51
ZA-00011887,2,SKU67045,ZAV00184,3,300.33,155.61
ZA-00011888,1,SKU45924,ZAV00085,1,1301.77,133.68
ZA-00011889,1,SKU89786,ZAV00446,1,731.94,177.7
ZA-00011890,1,SKU33120,ZAV00522,1,211.11,55.87
ZA-00011891,1,SKU43446,ZAV00787,1,357.77,94.19
ZA-00011891,2,SKU44797,ZAV00167,1,503.11,70.48
ZA-00011892,1,SKU96271,ZAV00007,2,341.87,138.98
ZA-00011893,1,SKU52230,ZAV00159,1,382.55,150.85
ZA-00011894,1,SKU92629,ZAV00286,1,440.36,90.05
ZA-00011895,1,SKU94537,ZAV00418,3,192.1,99.58
ZA-00011896,1,SKU52446,ZAV00098,1,534.81,158.22
ZA-00011897,1,SKU41322,ZAV00172,1,1443.03,167.69
ZA-00011898,1,SKU50080,ZAV00692,1,155.32,100.1
ZA-00011899,1,SKU90393,ZAV00267,1,1414.53,103.84
ZA-00011900,1,SKU87374,ZAV00311,1,189.59,57.24
ZA-00011901,1,SKU67904,ZAV00458,1,811.11,80.56
ZA-00011901,2,SKU45049,ZAV00454,1,161.72,122.63
ZA-00011901,3,SKU25892,ZAV00564,1,185.64,43.33
ZA-00011902,1,SKU84239,ZAV00033,2,411.57,101.81
ZA-00011902,2,SKU64631,ZAV00535,1,875.15,116.71
ZA-00011903,1,SKU38972,ZAV00045,1,217.71,56.41
ZA-00011904,1,SKU64065,ZAV00131,2,507.81,53.89
ZA-00011905,1,SKU43643,ZAV00675,1,2532.71,142.93
ZA-00011906,1,SKU68061,ZAV00081,1,264.11,120.53
ZA-00011907,1,SKU43632,ZAV00577,1,791.62,127.9
ZA-00011907,2,SKU58252,ZAV00248,1,302.25,65.96
ZA-00011907,3,SKU17384,ZAV00491,2,356.56,66.05
ZA-00011908,1,SKU74386,ZAV00422,1,3257.99,77.79
ZA-00011908,2,SKU11678,ZAV00704,1,67.24,125.51
ZA-00011909,1,SKU18808,ZAV00774,1,320.79,114.2
ZA-00011910,1,SKU21207,ZAV00227,1,3089.27,100.43
ZA-00011911,1,SKU52602,ZAV00055,1,1041.07,174.63
ZA-00011912,1,SKU35658,ZAV00444,1,349.37,136.14
ZA-00011912,2,SKU71312,ZAV00481,1,311.2,127.72
ZA-00011912,3,SKU74238,ZAV00314,1,1942.0,179.14
ZA-00011913,1,SKU95747,ZAV00374,1,1061.09,134.26
ZA-00011913,2,SKU16335,ZAV00393,1,210.05,92.07
ZA-00011914,1,SKU23203,ZAV00532,1,633.22,40.53
ZA-00011914,2,SKU26706,ZAV00209,2,107.39,47.38
ZA-00011915,1,SKU61582,ZAV00291,1,1229.14,49.61
ZA-00011916,1,SKU27960,ZAV00463,3,3697.96,71.24
ZA-00011917,1,SKU38517,ZAV00445,1,64.2,88.22
ZA-00011917,2,SKU68015,ZAV00408,1,381.31,74.55
ZA-00011918,1,SKU54910,ZAV00786,1,896.73,90.51
ZA-00011919,1,SKU80517,ZAV00609,1,624.65,95.47
ZA-00011920,1,SKU36345,ZAV00389,1,283.97,66.8
ZA-00011921,1,SKU32976,ZAV00599,1,451.09,120.04
ZA-00011922,1,SKU23775,ZAV00747,1,432.35,69.18
ZA-00011923,1,SKU88332,ZAV00426,1,1103.21,88.73
ZA-00011924,1,SKU25211,ZAV00515,1,301.86,112.5
ZA-00011924,2,SKU31206,ZAV00366,1,337.36,117.73
ZA-00011924,3,SKU82134,ZAV00649,1,559.38,44.8
ZA-00011925,1,SKU87872,ZAV00442,1,593.3,162.39
ZA-00011926,1,SKU66034,ZAV00738,3,1377.31,147.2
ZA-00011927,1,SKU33027,ZAV00015,1,2503.38,80.45
ZA-00011928,1,SKU38639,ZAV00697,1,202.94,136.43
ZA-00011929,1,SKU97416,ZAV00049,1,1374.28,120.61
ZA-00011929,2,SKU57524,ZAV00648,1,459.66,77.55
ZA-00011930,1,SKU22521,ZAV00202,1,228.99,118.1
ZA-00011931,1,SKU25809,ZAV00529,1,146.86,69.11
ZA-00011932,1,SKU81236,ZAV00793,1,662.27,153.48
ZA-00011932,2,SKU40699,ZAV00011,1,634.7,41.8
ZA-00011932,3,SKU76007,ZAV00289,1,422.16,155.79
ZA-00011933,1,SKU48536,ZAV00707,1,505.17,115.86
ZA-00011934,1,SKU22849,ZAV00365,1,898.73,67.05
ZA-00011935,1,SKU66146,ZAV00493,3,448.42,139.56
ZA-00011936,1,SKU74024,ZAV00688,1,295.78,113.47
ZA-00011937,1,SKU30518,ZAV00336,1,544.89,102.39
ZA-00011938,1,SKU19880,ZAV00641,1,888.53,153.95
ZA-00011939,1,SKU50983,ZAV00341,1,637.87,69.91
ZA-00011939,2,SKU80411,ZAV00402,3,309.46,151.26
ZA-00011940,1,SKU13520,ZAV00230,2,87.57,77.78
ZA-00011941,1,SKU68331,ZAV00495,1,604.31,128.53
ZA-00011942,1,SKU32647,ZAV00057,1,483.59,156.11
ZA-00011943,1,SKU42315,ZAV00353,1,172.96,90.41
ZA-00011944,1,SKU53476,ZAV00660,1,121.79,89.18
ZA-00011945,1,SKU95423,ZAV00525,1,506.96,105.48
ZA-00011946,1,SKU46200,ZAV00609,2,1216.89,139.22
ZA-00011947,1,SKU12244,ZAV00581,1,1159.92,158.09
ZA-00011948,1,SKU42789,ZAV00277,1,290.75,92.23
ZA-00011949,1,SKU68116,ZAV00565,1,177.63,177.94
ZA-00011950,1,SKU28310,ZAV00218,1,726.35,95.78
ZA-00011951,1,SKU38945,ZAV00577,2,889.8,79.2
ZA-00011951,2,SKU65334,ZAV00597,2,1387.49,169.89
ZA-00011951,3,SKU19519,ZAV00543,1,661.18,81.88
ZA-00011952,1,SKU23321,ZAV00280,1,425.34,40.4
ZA-00011953,1,SKU48674,ZAV00662,1,951.15,35.02
ZA-00011954,1,SKU88676,ZAV00404,1,582.29,78.38
ZA-00011955,1,SKU94738,ZAV00077,1,271.03,147.36
ZA-00011956,1,SKU68231,ZAV00451,3,512.4,100.21
ZA-00011956,2,SKU14558,ZAV00372,1,714.65,117.81
ZA-00011957,1,SKU70782,ZAV00022,1,654.25,52.94
ZA-00011957,2,SKU95430,ZAV00701,1,289.34,144.55
ZA-00011958,1,SKU79697,ZAV00584,1,50.87,68.26
ZA-00011959,1,SKU51259,ZAV00409,1,727.62,175.99
ZA-00011960,1,SKU97702,ZAV00713,1,537.47,139.45
ZA-00011960,2,SKU47521,ZAV00234,1,752.92,73.24
ZA-00011960,3,SKU70780,ZAV00503,1,846.4,43.48
ZA-00011961,1,SKU94054,ZAV00081,2,191.76,175.47
ZA-00011962,1,SKU16155,ZAV00569,1,211.18,111.58
ZA-00011962,2,SKU44297,ZAV00180,1,590.29,73.47
ZA-00011963,1,SKU72145,ZAV00314,1,250.05,146.16
ZA-00011964,1,SKU12250,ZAV00501,1,153.22,117.96
ZA-00011965,1,SKU62915,ZAV00440,1,166.26,174.97
ZA-00011966,1,SKU42098,ZAV00087,1,687.73,110.07
ZA-00011967,1,SKU95610,ZAV00078,1,2341.66,127.94
ZA-00011968,1,SKU54721,ZAV00277,1,388.49,55.78
ZA-00011969,1,SKU80974,ZAV00614,1,655.52,133.51
ZA-00011970,1,SKU49248,ZAV00556,1,791.43,123.32
ZA-00011971,1,SKU49622,ZAV00299,2,1711.68,156.09
ZA-00011972,1,SKU38752,ZAV00764,1,86.8,81.94
ZA-00011973,1,SKU66414,ZAV00588,1,277.48,115.97
ZA-00011974,1,SKU84584,ZAV00689,1,272.16,118.83
ZA-00011975,1,SKU36427,ZAV00617,1,207.51,127.87
ZA-00011976,1,SKU57903,ZAV00556,3,425.34,100.91
ZA-00011977,1,SKU51159,ZAV00018,1,327.27,119.28
ZA-00011977,2,SKU35405,ZAV00058,2,413.5,144.23
ZA-00011977,3,SKU62358,ZAV00772,1,595.71,113.52
ZA-00011978,1,SKU50184,ZAV00166,1,2050.9,141.55
ZA-00011979,1,SKU42922,ZAV00601,1,465.8,145.42
ZA-00011980,1,SKU23084,ZAV00704,1,1019.57,63.63
ZA-00011981,1,SKU34374,ZAV00325,1,105.35,51.93
ZA-00011982,1,SKU79026,ZAV00415,1,898.36,172.6
ZA-00011982,2,SKU34284,ZAV00699,1,3261.15,71.06
ZA-00011982,3,SKU14586,ZAV00524,1,452.56,168.73
ZA-00011983,1,SKU46114,ZAV00457,1,255.47,55.02
ZA-00011984,1,SKU56224,ZAV00703,1,504.47,127.24
ZA-00011985,1,SKU25456,ZAV00619,1,240.26,124.07
ZA-00011985,2,SKU44007,ZAV00708,1,1295.04,136.79
ZA-00011986,1,SKU57255,ZAV00137,1,494.85,43.02
ZA-00011987,1,SKU33379,ZAV00062,1,993.09,114.68
ZA-00011988,1,SKU62631,ZAV00029,1,429.63,177.55
ZA-00011988,2,SKU66761,ZAV00251,1,128.26,159.82
ZA-00011989,1,SKU89314,ZAV00696,1,700.2,91.22
ZA-00011989,2,SKU89959,ZAV00103,1,241.63,84.2
ZA-00011990,1,SKU67336,ZAV00180,1,450.4,55.8
ZA-00011991,1,SKU39451,ZAV00054,2,968.56,133.53
ZA-00011992,1,SKU65777,ZAV00343,1,607.65,79.64
ZA-00011993,1,SKU82221,ZAV00565,1,370.21,70.81
ZA-00011994,1,SKU18997,ZAV00586,1,255.58,53.24
ZA-00011995,1,SKU96543,ZAV00434,1,1144.11,161.04
ZA-00011996,1,SKU45857,ZAV00500,1,815.7,67.66
ZA-00011997,1,SKU71118,ZAV00037,1,1432.28,46.19
ZA-00011998,1,SKU54511,ZAV00660,1,143.24,49.89
ZA-00011999,1,SKU15227,ZAV00247,1,385.31,82.59
ZA-00012000,1,SKU81209,ZAV00490,1,2123.72,112.56
ZA-00012001,1,SKU34715,ZAV00718,2,440.82,138.12
ZA-00012001,2,SKU62516,ZAV00656,1,167.76,80.83
ZA-00012002,1,SKU44625,ZAV00243,1,1406.84,67.21
ZA-00012003,1,SKU42993,ZAV00453,1,744.08,96.2
ZA-00012004,1,SKU25321,ZAV00567,1,309.7,93.86
ZA-00012005,1,SKU65690,ZAV00344,1,627.02,152.64
ZA-00012006,1,SKU18099,ZAV00544,2,274.27,137.56
ZA-00012007,1,SKU89225,ZAV00720,1,80.45,144.77
ZA-00012008,1,SKU14542,ZAV00792,1,774.92,149.96
ZA-00012009,1,SKU69597,ZAV00602,2,200.33,115.2
ZA-00012010,1,SKU56171,ZAV00457,1,407.43,160.49
ZA-00012011,1,SKU52026,ZAV00006,1,689.55,66.44
ZA-00012011,2,SKU63723,ZAV00719,1,230.88,123.86
ZA-00012012,1,SKU92663,ZAV00560,1,418.3,132.76
ZA-00012012,2,SKU14848,ZAV00684,1,639.04,171.73
ZA-00012013,1,SKU73389,ZAV00453,1,191.84,53.55
ZA-00012014,1,SKU67875,ZAV00608,1,414.8,96.28
ZA-00012014,2,SKU68989,ZAV00738,1,243.21,154.88
ZA-00012015,1,SKU23763,ZAV00328,1,1374.92,52.69
ZA-00012016,1,SKU49743,ZAV00084,1,874.11,77.87
ZA-00012017,1,SKU15299,ZAV00370,1,126.58,150.0
ZA-00012017,2,SKU37088,ZAV00228,1,152.89,155.96
ZA-00012018,1,SKU76055,ZAV00236,1,1042.6,100.79
ZA-00012019,1,SKU69110,ZAV00087,1,744.31,50.24
ZA-00012019,2,SKU15489,ZAV00388,1,326.02,60.66
ZA-00012019,3,SKU44560,ZAV00495,1,1868.82,128.88
ZA-00012020,1,SKU14057,ZAV00402,1,701.1,81.37
ZA-00012021,1,SKU48784,ZAV00208,1,332.61,80.12
ZA-00012022,1,SKU27960,ZAV00171,1,553.33,131.31
ZA-00012022,2,SKU36793,ZAV00237,2,675.49,52.18
ZA-00012022,3,SKU92288,ZAV00698,1,80.23,72.4
ZA-00012023,1,SKU43841,ZAV00080,1,345.52,153.31
ZA-00012024,1,SKU34025,ZAV00368,1,825.69,121.25
ZA-00012024,2,SKU28229,ZAV00097,1,256.0,44.77
ZA-00012025,1,SKU22313,ZAV00500,1,816.99,70.57
ZA-00012026,1,SKU75848,ZAV00197,1,106.94,63.9
ZA-00012027,1,SKU45880,ZAV00720,1,136.64,110.36
ZA-00012028,1,SKU66569,ZAV00380,1,112.2,154.27
ZA-00012028,2,SKU80663,ZAV00202,1,414.82,80.07
ZA-00012029,1,SKU88493,ZAV00098,1,591.46,57.63
ZA-00012030,1,SKU92855,ZAV00226,1,323.21,142.52
ZA-00012031,1,SKU12323,ZAV00309,1,170.08,151.44
ZA-00012032,1,SKU41021,ZAV00237,1,261.01,127.38
ZA-00012032,2,SKU65671,ZAV00664,1,516.78,115.98
ZA-00012032,3,SKU28413,ZAV00358,1,404.74,89.66
ZA-00012033,1,SKU75460,ZAV00160,1,179.95,49.44
ZA-00012034,1,SKU81503,ZAV00041,1,508.78,124.99
ZA-00012035,1,SKU10960,ZAV00233,1,383.51,176.99
ZA-00012036,1,SKU37073,ZAV00011,1,59.76,177.44
ZA-00012036,2,SKU92288,ZAV00064,1,313.03,52.73
ZA-00012037,1,SKU47197,ZAV00108,1,479.64,145.77
ZA-00012037,2,SKU26709,ZAV00270,1,267.23,60.11
ZA-00012038,1,SKU76378,ZAV00015,1,2030.03,46.99
ZA-00012039,1,SKU81075,ZAV00062,2,224.92,144.23
ZA-00012039,2,SKU19473,ZAV00151,1,515.99,152.83
ZA-00012040,1,SKU30515,ZAV00553,1,244.54,118.76
ZA-00012041,1,SKU71846,ZAV00611,1,632.3,156.61
ZA-00012042,1,SKU95283,ZAV00422,2,1479.57,109.93
ZA-00012043,1,SKU65561,ZAV00752,1,452.25,36.08
ZA-00012044,1,SKU11383,ZAV00190,1,1299.62,59.25
ZA-00012045,1,SKU96756,ZAV00334,1,760.67,67.57
ZA-00012046,1,SKU51726,ZAV00512,1,602.71,65.54
ZA-00012047,1,SKU96610,ZAV00190,1,86.72,72.08
ZA-00012048,1,SKU76685,ZAV00740,1,667.61,98.79
ZA-00012049,1,SKU26681,ZAV00377,1,631.19,75.62
ZA-00012050,1,SKU91147,ZAV00732,2,385.33,62.85
ZA-00012051,1,SKU99774,ZAV00238,1,610.12,86.42
ZA-00012052,1,SKU45423,ZAV00640,1,286.79,137.33
ZA-00012052,2,SKU31729,ZAV00144,1,3217.68,66.15
ZA-00012053,1,SKU92719,ZAV00337,2,1016.91,157.44
ZA-00012054,1,SKU68285,ZAV00247,1,1292.68,107.49
ZA-00012055,1,SKU46394,ZAV00700,1,199.37,90.36
ZA-00012056,1,SKU65790,ZAV00446,1,278.72,51.11
ZA-00012057,1,SKU11410,ZAV00615,2,637.84,154.63
ZA-00012058,1,SKU94798,ZAV00782,1,1599.67,144.19
ZA-00012058,2,SKU72997,ZAV00246,1,376.73,172.05
ZA-00012059,1,SKU57765,ZAV00004,1,460.34,154.54
ZA-00012060,1,SKU83460,ZAV00511,1,211.63,111.26
ZA-00012060,2,SKU37757,ZAV00711,2,838.08,95.64
ZA-00012061,1,SKU72337,ZAV00685,1,424.75,106.23
ZA-00012062,1,SKU79453,ZAV00668,1,529.49,175.33
ZA-00012063,1,SKU15320,ZAV00371,1,320.26,169.74
ZA-00012064,1,SKU36873,ZAV00079,1,2735.37,73.03
ZA-00012065,1,SKU95981,ZAV00143,1,474.78,76.59
ZA-00012065,2,SKU62319,ZAV00642,1,259.67,102.78
ZA-00012066,1,SKU39146,ZAV00591,1,2485.03,139.05
ZA-00012067,1,SKU15740,ZAV00131,1,303.08,95.98
ZA-00012068,1,SKU80775,ZAV00143,1,988.05,133.4
ZA-00012068,2,SKU98864,ZAV00547,2,623.19,179.18
ZA-00012069,1,SKU35365,ZAV00573,1,788.39,46.19
ZA-00012069,2,SKU91172,ZAV00407,1,924.81,162.45
ZA-00012069,3,SKU58215,ZAV00439,1,198.0,104.71
ZA-00012070,1,SKU40587,ZAV00255,1,172.06,165.07
ZA-00012070,2,SKU99751,ZAV00051,1,449.58,53.44
ZA-00012070,3,SKU25524,ZAV00136,1,253.64,95.07
ZA-00012071,1,SKU35437,ZAV00026,2,311.24,144.92
ZA-00012072,1,SKU49853,ZAV00373,1,820.01,140.99
ZA-00012072,2,SKU43894,ZAV00618,1,216.04,47.53
ZA-00012073,1,SKU93882,ZAV00542,1,313.37,149.94
ZA-00012074,1,SKU35047,ZAV00065,1,74.45,133.1
ZA-00012074,2,SKU17405,ZAV00217,1,441.36,149.45
ZA-00012075,1,SKU73269,ZAV00176,1,980.23,104.3
ZA-00012075,2,SKU65207,ZAV00196,1,472.55,98.79
ZA-00012076,1,SKU51657,ZAV00698,1,73.22,96.04
ZA-00012077,1,SKU60729,ZAV00482,1,221.39,36.79
ZA-00012078,1,SKU17858,ZAV00246,1,261.43,57.58
ZA-00012079,1,SKU39168,ZAV00644,1,378.09,103.23
ZA-00012080,1,SKU94035,ZAV00365,1,250.47,143.73
ZA-00012081,1,SKU35146,ZAV00278,1,134.19,58.47
ZA-00012082,1,SKU21096,ZAV00024,1,515.2,64.3
ZA-00012083,1,SKU26470,ZAV00682,2,316.88,97.71
ZA-00012083,2,SKU27661,ZAV00677,1,369.61,172.31
ZA-00012084,1,SKU48005,ZAV00310,1,1287.92,113.71
ZA-00012085,1,SKU86604,ZAV00088,2,434.66,116.57
ZA-00012086,1,SKU95452,ZAV00015,1,164.67,129.55
ZA-00012087,1,SKU33262,ZAV00076,1,205.33,53.59
ZA-00012088,1,SKU93186,ZAV00220,1,932.6,57.52
ZA-00012088,2,SKU69426,ZAV00409,2,113.67,93.37
ZA-00012088,3,SKU13583,ZAV00583,1,209.62,52.78
ZA-00012089,1,SKU17284,ZAV00774,1,691.16,117.25
ZA-00012090,1,SKU27890,ZAV00243,1,401.67,164.36
ZA-00012091,1,SKU16845,ZAV00098,1,190.6,166.98
ZA-00012092,1,SKU18342,ZAV00129,2,513.7,137.59
ZA-00012092,2,SKU84705,ZAV00236,1,283.68,71.18
ZA-00012092,3,SKU95398,ZAV00400,2,377.68,161.23
ZA-00012093,1,SKU61062,ZAV00680,1,452.13,43.29
ZA-00012094,1,SKU18755,ZAV00677,1,380.51,106.15
ZA-00012095,1,SKU12516,ZAV00292,1,336.06,92.02
ZA-00012096,1,SKU72105,ZAV00135,1,1731.07,79.39
ZA-00012097,1,SKU68129,ZAV00496,1,297.38,125.04
ZA-00012098,1,SKU91372,ZAV00772,1,1688.78,64.77
ZA-00012099,1,SKU82029,ZAV00718,1,50.94,55.02
ZA-00012100,1,SKU78036,ZAV00136,1,140.43,106.01
ZA-00012101,1,SKU13341,ZAV00779,1,129.06,87.8
ZA-00012101,2,SKU61818,ZAV00099,2,338.59,125.55
ZA-00012102,1,SKU24031,ZAV00389,1,1958.15,59.81
ZA-00012103,1,SKU30209,ZAV00161,1,1041.3,113.83
ZA-00012104,1,SKU21062,ZAV00268,1,593.11,166.44
ZA-00012104,2,SKU17965,ZAV00182,1,269.31,96.93
ZA-00012105,1,SKU65665,ZAV00607,2,6921.67,93.92
ZA-00012105,2,SKU32207,ZAV00016,1,180.49,150.22
ZA-00012106,1,SKU48720,ZAV00278,1,422.83,110.37
ZA-00012106,2,SKU12263,ZAV00120,1,974.95,116.09
ZA-00012106,3,SKU48244,ZAV00211,1,2278.55,176.98
ZA-00012107,1,SKU29913,ZAV00178,1,195.99,161.85
ZA-00012108,1,SKU53270,ZAV00104,1,2841.87,88.84
ZA-00012109,1,SKU88521,ZAV00170,1,903.66,45.0
ZA-00012109,2,SKU58098,ZAV00763,1,758.07,165.34
ZA-00012110,1,SKU58085,ZAV00010,1,447.92,174.17
ZA-00012111,1,SKU54715,ZAV00706,2,375.71,40.6
ZA-00012112,1,SKU91128,ZAV00728,2,304.79,123.48
ZA-00012113,1,SKU37221,ZAV00285,1,1696.38,91.45
ZA-00012114,1,SKU82143,ZAV00059,1,54.08,87.83
ZA-00012114,2,SKU78265,ZAV00537,1,728.41,93.2
ZA-00012114,3,SKU81919,ZAV00245,1,822.57,148.43
ZA-00012115,1,SKU79336,ZAV00722,1,1561.25,150.27
ZA-00012116,1,SKU15593,ZAV00691,1,259.74,71.77
ZA-00012117,1,SKU26044,ZAV00504,1,523.11,71.99
ZA-00012118,1,SKU10700,ZAV00750,2,1019.5,97.41
ZA-00012119,1,SKU15236,ZAV00345,1,263.07,121.42
ZA-00012120,1,SKU30893,ZAV00623,3,676.55,35.16
ZA-00012121,1,SKU37104,ZAV00230,1,253.34,142.78
ZA-00012122,1,SKU82071,ZAV00788,1,242.3,82.65
ZA-00012123,1,SKU14000,ZAV00098,1,117.45,36.44
ZA-00012123,2,SKU87920,ZAV00468,3,442.27,61.71
ZA-00012124,1,SKU12147,ZAV00128,1,408.38,59.06
ZA-00012125,1,SKU34629,ZAV00452,1,476.21,85.42
ZA-00012126,1,SKU26148,ZAV00007,2,798.53,175.48
ZA-00012127,1,SKU84331,ZAV00658,1,2224.51,164.77
ZA-00012128,1,SKU35845,ZAV00179,2,164.48,37.03
ZA-00012129,1,SKU12726,ZAV00627,1,594.38,81.11
ZA-00012130,1,SKU33918,ZAV00414,1,73.81,97.34
ZA-00012130,2,SKU79147,ZAV00220,1,384.09,47.85
ZA-00012131,1,SKU96147,ZAV00357,1,337.89,174.93
ZA-00012132,1,SKU29484,ZAV00528,1,564.32,100.07
ZA-00012133,1,SKU13688,ZAV00657,1,1013.83,97.33
ZA-00012134,1,SKU16093,ZAV00452,2,35.42,54.17
ZA-00012134,2,SKU26189,ZAV00482,1,733.74,100.07
ZA-00012135,1,SKU34569,ZAV00552,1,1388.67,80.08
ZA-00012136,1,SKU15069,ZAV00371,1,144.2,144.25
ZA-00012137,1,SKU79333,ZAV00405,1,807.17,76.28
ZA-00012137,2,SKU92678,ZAV00627,1,908.66,48.77
ZA-00012138,1,SKU49380,ZAV00429,3,474.41,136.85
ZA-00012138,2,SKU84758,ZAV00279,1,669.37,104.37
ZA-00012139,1,SKU86170,ZAV00201,2,178.89,168.62
ZA-00012140,1,SKU27687,ZAV00143,1,634.72,55.54
ZA-00012140,2,SKU58241,ZAV00689,1,1080.44,99.87
ZA-00012140,3,SKU81487,ZAV00543,1,48.22,46.2
ZA-00012141,1,SKU96543,ZAV00678,1,988.51,167.39
ZA-00012142,1,SKU95347,ZAV00249,2,357.32,131.7
ZA-00012143,1,SKU43350,ZAV00096,1,315.08,132.54
ZA-00012144,1,SKU65080,ZAV00166,1,67.7,51.67
ZA-00012145,1,SKU36637,ZAV00777,3,1422.82,135.4
ZA-00012146,1,SKU38904,ZAV00241,1,1086.16,93.75
ZA-00012147,1,SKU66060,ZAV00279,1,242.97,67.31
ZA-00012148,1,SKU81363,ZAV00704,1,299.35,107.33
ZA-00012149,1,SKU87032,ZAV00159,1,433.62,111.02
ZA-00012150,1,SKU42423,ZAV00651,1,161.02,121.53
ZA-00012151,1,SKU48972,ZAV00520,2,1338.55,128.29
ZA-00012152,1,SKU43216,ZAV00101,1,537.11,156.27
ZA-00012153,1,SKU23564,ZAV00489,1,232.06,115.4
ZA-00012154,1,SKU84443,ZAV00246,1,970.5,73.24
ZA-00012155,1,SKU57767,ZAV00004,1,32.6,78.04
ZA-00012156,1,SKU66475,ZAV00050,1,920.58,110.88
ZA-00012157,1,SKU41777,ZAV00330,1,234.25,122.77
ZA-00012157,2,SKU33597,ZAV00188,1,698.46,48.4
ZA-00012158,1,SKU72170,ZAV00119,1,84.51,65.93
ZA-00012159,1,SKU64895,ZAV00546,1,194.94,92.16
ZA-00012160,1,SKU27303,ZAV00730,1,822.73,131.8
ZA-00012161,1,SKU23294,ZAV00565,1,314.26,90.1
ZA-00012162,1,SKU81214,ZAV00425,1,7612.47,127.74
ZA-00012163,1,SKU97674,ZAV00248,2,660.4,120.35
ZA-00012164,1,SKU66940,ZAV00620,1,654.23,71.62
ZA-00012165,1,SKU12572,ZAV00540,1,371.76,126.74
ZA-00012165,2,SKU15544,ZAV00147,1,312.18,175.68
ZA-00012165,3,SKU64611,ZAV00177,2,83.08,167.24
ZA-00012166,1,SKU96957,ZAV00240,1,487.06,169.41
ZA-00012167,1,SKU92722,ZAV00124,1,428.45,146.99
ZA-00012167,2,SKU78412,ZAV00315,1,937.47,131.91
ZA-00012168,1,SKU99355,ZAV00458,2,1410.27,161.9
ZA-00012169,1,SKU46821,ZAV00781,1,201.35,43.56
ZA-00012170,1,SKU38296,ZAV00542,1,53.59,83.18
ZA-00012171,1,SKU18097,ZAV00024,1,1935.55,51.46
ZA-00012172,1,SKU98171,ZAV00502,1,243.21,84.03
ZA-00012173,1,SKU89953,ZAV00382,1,1140.21,66.5
ZA-00012174,1,SKU66423,ZAV00720,1,1165.0,125.98
ZA-00012174,2,SKU58863,ZAV00758,1,809.03,46.26
ZA-00012175,1,SKU77180,ZAV00783,1,940.61,43.1
ZA-00012176,1,SKU69386,ZAV00597,1,1195.51,99.1
ZA-00012177,1,SKU30706,ZAV00339,2,90.13,150.91
ZA-00012178,1,SKU10428,ZAV00033,1,359.98,112.04
ZA-00012179,1,SKU78431,ZAV00777,1,543.76,75.77
ZA-00012180,1,SKU99553,ZAV00540,1,419.24,171.61
ZA-00012181,1,SKU73018,ZAV00438,1,870.35,165.15
ZA-00012182,1,SKU23763,ZAV00726,1,1484.2,150.86
ZA-00012182,2,SKU66701,ZAV00727,1,685.73,144.41
ZA-00012183,1,SKU34095,ZAV00640,1,638.18,125.84
ZA-00012184,1,SKU33024,ZAV00353,1,1529.27,173.86
ZA-00012185,1,SKU97176,ZAV00131,1,2427.18,115.03
ZA-00012186,1,SKU54834,ZAV00176,1,266.71,110.18
ZA-00012187,1,SKU61420,ZAV00256,2,178.03,156.19
ZA-00012188,1,SKU26908,ZAV00733,1,332.76,89.12
ZA-00012189,1,SKU15951,ZAV00168,2,1486.5,144.05
ZA-00012190,1,SKU94526,ZAV00540,1,396.88,108.51
ZA-00012191,1,SKU50122,ZAV00502,2,185.03,148.84
ZA-00012192,1,SKU15391,ZAV00611,1,870.69,82.61
ZA-00012193,1,SKU39383,ZAV00166,1,466.84,102.63
ZA-00012193,2,SKU13658,ZAV00531,1,98.77,107.68
ZA-00012194,1,SKU17622,ZAV00003,2,501.03,42.87
ZA-00012195,1,SKU60960,ZAV00139,1,1032.49,69.92
ZA-00012195,2,SKU94903,ZAV00143,1,323.23,84.26
ZA-00012196,1,SKU73823,ZAV00323,1,1155.53,134.29
ZA-00012197,1,SKU87484,ZAV00781,1,939.66,123.04
ZA-00012198,1,SKU43719,ZAV00338,1,395.87,126.49
ZA-00012199,1,SKU91348,ZAV00301,1,1798.23,174.96
ZA-00012200,1,SKU90307,ZAV00373,1,99.89,132.92
ZA-00012201,1,SKU54851,ZAV00671,1,243.96,68.43
ZA-00012202,1,SKU53891,ZAV00027,1,585.11,96.37
ZA-00012203,1,SKU73782,ZAV00770,1,922.95,163.77
ZA-00012204,1,SKU75666,ZAV00140,1,220.7,179.34
ZA-00012205,1,SKU14224,ZAV00749,1,450.61,53.31
ZA-00012206,1,SKU37496,ZAV00084,1,625.46,39.79
ZA-00012207,1,SKU73442,ZAV00291,1,94.18,170.34
ZA-00012207,2,SKU89966,ZAV00345,1,3497.36,105.5
ZA-00012208,1,SKU67013,ZAV00009,2,244.68,177.56
ZA-00012208,2,SKU86034,ZAV00616,1,268.45,158.53
ZA-00012209,1,SKU88333,ZAV00131,1,549.46,161.71
ZA-00012210,1,SKU68128,ZAV00733,1,989.8,176.88
ZA-00012210,2,SKU67411,ZAV00333,1,415.97,123.21
ZA-00012211,1,SKU76930,ZAV00276,1,120.69,113.97
ZA-00012212,1,SKU51567,ZAV00212,1,477.76,61.38
ZA-00012213,1,SKU62622,ZAV00764,1,405.61,96.77
ZA-00012214,1,SKU81384,ZAV00631,1,183.99,38.5
ZA-00012214,2,SKU73688,ZAV00217,3,152.79,53.04
ZA-00012214,3,SKU18573,ZAV00193,1,676.45,146.01
ZA-00012215,1,SKU50257,ZAV00127,2,276.8,149.15
ZA-00012215,2,SKU90787,ZAV00413,1,4779.45,150.96
ZA-00012215,3,SKU98396,ZAV00209,1,386.01,122.77
ZA-00012216,1,SKU43030,ZAV00433,1,413.11,168.33
ZA-00012217,1,SKU95361,ZAV00575,1,74.72,174.75
ZA-00012218,1,SKU52893,ZAV00642,1,267.48,60.37
ZA-00012219,1,SKU20721,ZAV00082,1,242.53,116.97
ZA-00012220,1,SKU18072,ZAV00108,1,1153.77,121.69
ZA-00012220,2,SKU58821,ZAV00255,1,307.07,146.74
ZA-00012221,1,SKU33668,ZAV00579,1,268.57,149.55
ZA-00012222,1,SKU76923,ZAV00270,2,314.06,60.28
ZA-00012223,1,SKU91515,ZAV00431,2,200.21,123.92
ZA-00012223,2,SKU33640,ZAV00663,1,282.76,167.09
ZA-00012223,3,SKU19899,ZAV00406,2,697.14,39.83
ZA-00012224,1,SKU72811,ZAV00324,1,94.65,98.88
ZA-00012224,2,SKU25606,ZAV00326,1,464.88,52.73
ZA-00012225,1,SKU57662,ZAV00216,1,317.05,140.61
ZA-00012225,2,SKU93370,ZAV00388,2,567.93,64.98
ZA-00012226,1,SKU61690,ZAV00726,1,213.16,68.11
ZA-00012227,1,SKU15236,ZAV00449,2,535.54,99.13
ZA-00012228,1,SKU15180,ZAV00790,2,52.63,154.07
ZA-00012228,2,SKU89523,ZAV00685,1,247.84,55.48
ZA-00012229,1,SKU81304,ZAV00786,2,648.22,58.23
ZA-00012230,1,SKU37238,ZAV00766,1,862.44,71.62
ZA-00012231,1,SKU56098,ZAV00757,1,284.82,49.18
ZA-00012232,1,SKU84993,ZAV00305,1,295.53,120.38
ZA-00012233,1,SKU50632,ZAV00071,2,228.33,121.99
ZA-00012234,1,SKU53775,ZAV00742,1,411.94,99.46
ZA-00012235,1,SKU11928,ZAV00519,3,1420.46,172.52
ZA-00012236,1,SKU51015,ZAV00238,2,2772.51,143.3
ZA-00012236,2,SKU71197,ZAV00199,1,349.99,96.32
ZA-00012236,3,SKU61269,ZAV00622,1,221.02,55.87
ZA-00012237,1,SKU50999,ZAV00184,1,495.87,70.77
ZA-00012238,1,SKU79965,ZAV00141,1,386.13,144.64
ZA-00012239,1,SKU66068,ZAV00700,1,176.23,166.61
ZA-00012240,1,SKU31712,ZAV00464,2,709.66,46.25
ZA-00012241,1,SKU35609,ZAV00104,1,419.5,35.53
ZA-00012242,1,SKU34130,ZAV00288,2,1544.78,162.44
ZA-00012242,2,SKU94885,ZAV00473,1,1215.32,67.51
ZA-00012243,1,SKU82988,ZAV00548,1,505.89,87.03
ZA-00012244,1,SKU48891,ZAV00589,1,864.27,109.61
ZA-00012245,1,SKU41391,ZAV00477,2,129.24,77.61
ZA-00012246,1,SKU44188,ZAV00001,1,1286.34,151.14
ZA-00012247,1,SKU34333,ZAV00102,1,533.88,116.81
ZA-00012248,1,SKU17520,ZAV00615,1,552.4,59.0
ZA-00012249,1,SKU74132,ZAV00659,1,436.23,147.24
ZA-00012250,1,SKU21977,ZAV00349,1,907.3,106.04
ZA-00012251,1,SKU77338,ZAV00643,1,355.32,158.89
ZA-00012252,1,SKU67828,ZAV00710,2,1932.57,73.38
ZA-00012252,2,SKU45179,ZAV00035,1,359.19,104.1
ZA-00012252,3,SKU22041,ZAV00197,2,249.19,135.75
ZA-00012253,1,SKU82867,ZAV00036,1,263.2,151.68
ZA-00012254,1,SKU54883,ZAV00503,1,271.69,174.28
ZA-00012254,2,SKU73170,ZAV00294,1,139.99,135.14
ZA-00012255,1,SKU46348,ZAV00342,2,664.64,144.5
ZA-00012256,1,SKU33174,ZAV00620,1,1107.51,120.72
ZA-00012256,2,SKU63146,ZAV00580,1,471.35,137.31
ZA-00012257,1,SKU41406,ZAV00514,1,504.79,59.01
ZA-00012258,1,SKU11337,ZAV00784,1,325.76,42.56
ZA-00012258,2,SKU86144,ZAV00599,1,337.22,100.49
ZA-00012258,3,SKU35862,ZAV00631,1,1419.52,129.91
ZA-00012259,1,SKU46295,ZAV00435,1,253.31,60.56
ZA-00012260,1,SKU86383,ZAV00144,1,58.64,172.13
ZA-00012261,1,SKU67149,ZAV00171,1,733.66,86.77
ZA-00012262,1,SKU25973,ZAV00110,1,241.37,141.96
ZA-00012263,1,SKU16785,ZAV00647,1,302.43,148.06
ZA-00012263,2,SKU10523,ZAV00566,1,110.12,85.76
ZA-00012264,1,SKU99244,ZAV00367,1,418.65,59.6
ZA-00012265,1,SKU59776,ZAV00007,1,713.31,49.19
ZA-00012266,1,SKU36523,ZAV00620,1,595.81,120.0
ZA-00012267,1,SKU95599,ZAV00245,1,455.83,146.24
ZA-00012268,1,SKU72246,ZAV00120,1,190.71,124.15
ZA-00012269,1,SKU79498,ZAV00513,1,529.71,89.77
ZA-00012270,1,SKU19961,ZAV00760,1,150.53,145.3
ZA-00012271,1,SKU35326,ZAV00307,1,428.49,75.21
ZA-00012272,1,SKU15254,ZAV00553,2,193.75,39.68
ZA-00012272,2,SKU50809,ZAV00078,1,268.94,163.26
ZA-00012273,1,SKU55746,ZAV00092,1,837.3,170.92
ZA-00012274,1,SKU92410,ZAV00296,1,162.94,111.13
ZA-00012275,1,SKU17720,ZAV00373,1,1299.55,125.92
ZA-00012275,2,SKU58572,ZAV00664,2,252.34,173.45
ZA-00012276,1,SKU59276,ZAV00347,1,466.93,120.8
ZA-00012277,1,SKU68088,ZAV00620,1,95.95,165.45
ZA-00012278,1,SKU25185,ZAV00061,1,323.12,151.21
ZA-00012279,1,SKU51931,ZAV00569,1,1635.76,175.68
ZA-00012280,1,SKU56328,ZAV00171,2,1265.36,138.58
ZA-00012280,2,SKU56814,ZAV00513,1,124.54,163.81
ZA-00012281,1,SKU59850,ZAV00736,2,244.94,50.68
ZA-00012282,1,SKU88651,ZAV00527,1,385.11,105.79
ZA-00012283,1,SKU87214,ZAV00708,1,175.29,82.85
ZA-00012284,1,SKU52643,ZAV00661,1,1735.82,145.57
ZA-00012285,1,SKU47075,ZAV00106,1,495.58,152.36
ZA-00012286,1,SKU86931,ZAV00578,1,798.65,150.42
ZA-00012287,1,SKU56925,ZAV00303,1,442.06,136.51
ZA-00012288,1,SKU35712,ZAV00230,1,476.69,127.6
ZA-00012288,2,SKU65108,ZAV00419,1,212.99,177.19
ZA-00012289,1,SKU19684,ZAV00467,1,494.25,68.7
ZA-00012290,1,SKU96929,ZAV00657,1,962.78,128.59
ZA-00012291,1,SKU12990,ZAV00491,1,102.31,178.1
ZA-00012292,1,SKU38510,ZAV00706,1,336.51,63.14
ZA-00012293,1,SKU41583,ZAV00011,1,705.64,155.12
ZA-00012293,2,SKU70063,ZAV00484,1,401.88,69.71
ZA-00012294,1,SKU79367,ZAV00633,1,496.16,102.42
ZA-00012294,2,SKU62136,ZAV00779,1,574.99,87.53
ZA-00012295,1,SKU70667,ZAV00652,1,395.87,91.26
ZA-00012296,1,SKU94652,ZAV00033,1,284.65,94.35
ZA-00012297,1,SKU79405,ZAV00135,1,225.89,103.6
ZA-00012298,1,SKU81133,ZAV00752,1,156.31,58.65
ZA-00012299,1,SKU82481,ZAV00738,1,1112.44,65.82
ZA-00012300,1,SKU90787,ZAV00154,1,187.71,67.5
ZA-00012300,2,SKU43365,ZAV00132,1,599.02,149.95
ZA-00012301,1,SKU65187,ZAV00502,2,522.12,171.29
ZA-00012302,1,SKU36022,ZAV00713,1,490.07,73.74
ZA-00012303,1,SKU20152,ZAV00700,1,699.9,139.1
ZA-00012304,1,SKU16853,ZAV00639,1,259.05,176.79
ZA-00012305,1,SKU59397,ZAV00586,1,1111.4,47.37
ZA-00012306,1,SKU45854,ZAV00057,1,680.01,108.5
ZA-00012307,1,SKU64076,ZAV00799,1,480.4,57.19
ZA-00012307,2,SKU12956,ZAV00420,2,334.64,123.97
ZA-00012308,1,SKU41681,ZAV00714,2,159.02,109.73
ZA-00012309,1,SKU55609,ZAV00624,1,144.26,102.85
ZA-00012309,2,SKU74668,ZAV00238,1,553.53,103.24
ZA-00012309,3,SKU94133,ZAV00213,1,353.01,104.64
ZA-00012310,1,SKU50968,ZAV00695,1,480.92,43.97
ZA-00012311,1,SKU80262,ZAV00325,1,331.83,125.09
ZA-00012312,1,SKU11032,ZAV00448,1,1013.8,69.76
ZA-00012313,1,SKU57911,ZAV00101,1,112.21,74.49
ZA-00012314,1,SKU68262,ZAV00279,2,926.6,93.65
ZA-00012315,1,SKU42609,ZAV00613,2,3662.48,95.63
ZA-00012315,2,SKU52795,ZAV00016,3,357.2,86.13
ZA-00012316,1,SKU72535,ZAV00632,1,279.73,66.91
ZA-00012317,1,SKU83074,ZAV00741,1,569.09,139.68
ZA-00012318,1,SKU79568,ZAV00665,1,456.91,129.97
ZA-00012319,1,SKU13361,ZAV00545,1,364.47,176.55
ZA-00012320,1,SKU22560,ZAV00388,2,1926.18,107.37
ZA-00012321,1,SKU14075,ZAV00264,1,364.25,39.2
ZA-00012322,1,SKU92758,ZAV00490,1,480.89,138.71
ZA-00012323,1,SKU99168,ZAV00134,1,435.81,157.04
ZA-00012324,1,SKU42607,ZAV00652,1,1215.3,146.21
ZA-00012325,1,SKU78800,ZAV00350,1,883.12,168.92
ZA-00012326,1,SKU52864,ZAV00645,1,447.46,149.16
ZA-00012326,2,SKU31916,ZAV00469,1,73.75,157.1
ZA-00012327,1,SKU37712,ZAV00143,1,370.83,106.68
ZA-00012328,1,SKU63532,ZAV00772,2,168.67,146.54
ZA-00012329,1,SKU29644,ZAV00709,1,530.54,163.77
ZA-00012330,1,SKU74107,ZAV00502,1,454.1,121.5
ZA-00012331,1,SKU95587,ZAV00647,1,1117.65,163.96
ZA-00012331,2,SKU20327,ZAV00605,1,1377.54,77.29
ZA-00012332,1,SKU21665,ZAV00109,2,467.68,171.67
ZA-00012333,1,SKU41737,ZAV00649,3,37.28,95.81
ZA-00012334,1,SKU20763,ZAV00251,1,666.8,174.81
ZA-00012334,2,SKU63346,ZAV00727,1,280.1,52.6
ZA-00012335,1,SKU24285,ZAV00290,1,613.94,176.66
ZA-00012336,1,SKU26097,ZAV00358,1,752.85,52.69
ZA-00012337,1,SKU32458,ZAV00533,1,640.33,67.21
ZA-00012338,1,SKU47974,ZAV00016,1,1125.72,56.23
ZA-00012339,1,SKU43038,ZAV00504,1,593.77,127.85
ZA-00012340,1,SKU75643,ZAV00563,1,1029.66,102.32
ZA-00012341,1,SKU12682,ZAV00175,1,259.32,85.14
ZA-00012342,1,SKU51509,ZAV00003,1,1267.12,56.24
ZA-00012343,1,SKU98052,ZAV00756,1,168.33,124.12
ZA-00012344,1,SKU97638,ZAV00637,1,105.92,161.41
ZA-00012345,1,SKU48606,ZAV00197,1,1495.72,84.3
ZA-00012346,1,SKU48201,ZAV00082,1,1422.02,167.31
ZA-00012346,2,SKU24328,ZAV00168,1,1156.6,133.64
ZA-00012347,1,SKU73101,ZAV00060,1,256.88,46.64
ZA-00012348,1,SKU49537,ZAV00004,1,255.93,176.69
ZA-00012349,1,SKU23279,ZAV00432,1,344.35,136.86
ZA-00012350,1,SKU45479,ZAV00229,1,433.62,59.12
ZA-00012350,2,SKU37991,ZAV00584,2,2596.76,93.81
ZA-00012351,1,SKU21042,ZAV00112,1,306.19,148.43
ZA-00012352,1,SKU66327,ZAV00425,1,687.01,154.07
ZA-00012353,1,SKU74921,ZAV00157,1,1705.12,175.17
ZA-00012354,1,SKU63619,ZAV00599,1,310.1,127.64
ZA-00012355,1,SKU89787,ZAV00146,1,184.93,80.63
ZA-00012356,1,SKU68838,ZAV00169,1,1949.82,176.77
ZA-00012356,2,SKU90747,ZAV00025,1,729.92,149.07
ZA-00012356,3,SKU69842,ZAV00349,1,466.78,149.94
ZA-00012357,1,SKU78007,ZAV00293,1,383.58,146.52
ZA-00012358,1,SKU66734,ZAV00603,1,292.3,106.36
ZA-00012359,1,SKU98362,ZAV00492,1,262.75,151.43
ZA-00012360,1,SKU28593,ZAV00232,1,2011.7,141.71
ZA-00012361,1,SKU49815,ZAV00175,1,144.35,100.78
ZA-00012361,2,SKU58674,ZAV00279,1,370.94,158.58
ZA-00012362,1,SKU99559,ZAV00051,2,139.39,65.44
ZA-00012363,1,SKU92218,ZAV00747,1,386.37,167.17
ZA-00012364,1,SKU72055,ZAV00118,1,1455.58,109.43
ZA-00012365,1,SKU62313,ZAV00433,1,927.08,86.64
ZA-00012365,2,SKU63821,ZAV00448,1,109.08,149.35
ZA-00012366,1,SKU18895,ZAV00700,2,774.03,81.01
ZA-00012367,1,SKU60211,ZAV00319,1,129.71,107.64
ZA-00012368,1,SKU15068,ZAV00319,1,1313.89,56.26
ZA-00012369,1,SKU56946,ZAV00180,1,275.63,55.09
ZA-00012370,1,SKU34518,ZAV00709,1,403.04,102.08
ZA-00012371,1,SKU69570,ZAV00232,1,1011.49,176.42
ZA-00012372,1,SKU62866,ZAV00770,1,1201.83,76.14
ZA-00012373,1,SKU45401,ZAV00503,1,338.15,124.13
ZA-00012374,1,SKU15688,ZAV00733,1,235.43,135.38
ZA-00012375,1,SKU67089,ZAV00241,1,904.31,122.42
ZA-00012376,1,SKU82483,ZAV00540,1,2442.73,151.7
ZA-00012377,1,SKU13587,ZAV00278,1,478.68,168.56
ZA-00012378,1,SKU25695,ZAV00258,1,453.24,41.05
ZA-00012379,1,SKU48116,ZAV00611,1,758.24,112.32
ZA-00012380,1,SKU71077,ZAV00246,1,187.23,165.07
ZA-00012380,2,SKU71150,ZAV00309,1,532.5,175.88
ZA-00012381,1,SKU57465,ZAV00567,1,488.72,66.77
ZA-00012382,1,SKU43008,ZAV00652,2,379.83,51.96
ZA-00012382,2,SKU32615,ZAV00299,1,511.22,39.05
ZA-00012382,3,SKU94915,ZAV00395,1,860.12,122.77
ZA-00012383,1,SKU74239,ZAV00507,2,294.3,74.86
ZA-00012384,1,SKU44404,ZAV00611,2,370.56,100.69
ZA-00012385,1,SKU41658,ZAV00608,1,886.76,153.51
ZA-00012386,1,SKU46046,ZAV00354,1,3005.81,131.79
ZA-00012387,1,SKU64906,ZAV00283,1,1079.49,93.84
ZA-00012388,1,SKU95868,ZAV00626,1,604.28,165.53
ZA-00012389,1,SKU23709,ZAV00026,1,927.9,120.84
ZA-00012390,1,SKU79938,ZAV00030,2,1719.61,163.84
ZA-00012390,2,SKU72492,ZAV00486,1,190.17,43.68
ZA-00012391,1,SKU16077,ZAV00523,2,316.01,149.38
ZA-00012392,1,SKU25097,ZAV00527,1,496.54,101.19
ZA-00012392,2,SKU36955,ZAV00175,1,371.72,90.29
ZA-00012393,1,SKU75120,ZAV00151,1,593.83,71.4
ZA-00012393,2,SKU51820,ZAV00652,1,878.98,106.25
ZA-00012394,1,SKU51326,ZAV00213,1,240.93,98.29
ZA-00012395,1,SKU46982,ZAV00322,1,1668.59,169.13
ZA-00012395,2,SKU41729,ZAV00755,1,1086.02,155.77
ZA-00012396,1,SKU50907,ZAV00628,1,4954.27,63.95
ZA-00012396,2,SKU46985,ZAV00382,1,821.96,57.3
ZA-00012397,1,SKU57372,ZAV00425,1,97.36,154.88
ZA-00012398,1,SKU45128,ZAV00083,1,814.9,152.52
ZA-00012399,1,SKU38449,ZAV00506,2,319.53,162.18
ZA-00012399,2,SKU55983,ZAV00367,1,153.71,142.49
ZA-00012400,1,SKU11050,ZAV00085,1,355.56,175.98
ZA-00012401,1,SKU37508,ZAV00447,1,286.08,148.94
ZA-00012402,1,SKU66626,ZAV00191,1,1476.84,111.68
ZA-00012403,1,SKU39499,ZAV00411,1,605.32,93.17
ZA-00012404,1,SKU75578,ZAV00230,1,45.03,108.38
ZA-00012405,1,SKU69162,ZAV00172,1,303.86,51.99
ZA-00012406,1,SKU93154,ZAV00223,1,1883.76,168.73
ZA-00012406,2,SKU77298,ZAV00766,1,1215.47,47.7
ZA-00012407,1,SKU67671,ZAV00468,1,148.66,134.96
ZA-00012408,1,SKU52040,ZAV00545,1,61.85,58.13
ZA-00012408,2,SKU74223,ZAV00194,1,253.9,155.12
ZA-00012409,1,SKU61686,ZAV00429,1,431.03,128.83
ZA-00012410,1,SKU53485,ZAV00196,1,686.78,81.42
ZA-00012411,1,SKU27997,ZAV00105,1,771.77,74.18
ZA-00012412,1,SKU74703,ZAV00032,1,232.7,38.06
ZA-00012413,1,SKU87891,ZAV00385,1,488.08,130.25
ZA-00012414,1,SKU29915,ZAV00598,2,349.1,120.37
ZA-00012414,2,SKU78289,ZAV00264,1,1134.29,121.78
ZA-00012414,3,SKU75368,ZAV00443,1,371.89,130.91
ZA-00012415,1,SKU39251,ZAV00202,1,425.51,56.35
ZA-00012416,1,SKU69368,ZAV00075,1,843.97,73.9
ZA-00012417,1,SKU66882,ZAV00422,1,178.91,152.62
ZA-00012418,1,SKU46618,ZAV00411,1,157.36,173.18
ZA-00012419,1,SKU26450,ZAV00530,1,1130.71,79.82
ZA-00012420,1,SKU95385,ZAV00216,1,662.97,80.04
ZA-00012421,1,SKU78977,ZAV00707,2,600.02,158.88
ZA-00012422,1,SKU26861,ZAV00127,2,2098.93,145.73
ZA-00012422,2,SKU55997,ZAV00139,1,320.74,51.73
ZA-00012423,1,SKU82291,ZAV00082,1,432.3,123.86
ZA-00012424,1,SKU37457,ZAV00123,1,347.84,39.88
ZA-00012424,2,SKU12227,ZAV00436,1,46.59,147.37
ZA-00012425,1,SKU40977,ZAV00696,1,332.2,73.39
ZA-00012426,1,SKU75121,ZAV00485,1,299.29,69.74
ZA-00012427,1,SKU74991,ZAV00563,1,402.61,75.39
ZA-00012428,1,SKU35241,ZAV00335,1,76.91,167.96
ZA-00012428,2,SKU39630,ZAV00235,1,233.57,82.77
ZA-00012429,1,SKU56675,ZAV00129,1,469.85,93.17
ZA-00012430,1,SKU76003,ZAV00214,2,203.41,110.82
ZA-00012431,1,SKU12888,ZAV00201,1,86.52,86.91
ZA-00012432,1,SKU20712,ZAV00427,1,188.18,133.4
ZA-00012433,1,SKU34139,ZAV00526,2,146.23,128.65
ZA-00012434,1,SKU79978,ZAV00280,1,1749.38,49.26
ZA-00012435,1,SKU75446,ZAV00371,1,715.16,82.88
ZA-00012436,1,SKU50854,ZAV00608,1,685.42,141.12
ZA-00012437,1,SKU27526,ZAV00255,1,466.08,178.9
ZA-00012437,2,SKU25416,ZAV00690,1,376.62,143.95
ZA-00012438,1,SKU87823,ZAV00654,1,4079.21,96.18
ZA-00012438,2,SKU29731,ZAV00228,1,2388.38,133.13
ZA-00012439,1,SKU66651,ZAV00351,1,110.92,150.38
ZA-00012440,1,SKU89328,ZAV00021,1,166.99,94.51
ZA-00012440,2,SKU15154,ZAV00566,1,319.17,55.6
ZA-00012441,1,SKU87575,ZAV00034,1,140.52,172.97
ZA-00012441,2,SKU82324,ZAV00248,1,216.35,143.41
ZA-00012442,1,SKU26109,ZAV00600,1,612.34,136.1
ZA-00012442,2,SKU73580,ZAV00499,2,400.25,145.29
ZA-00012443,1,SKU77229,ZAV00381,1,324.41,58.76
ZA-00012444,1,SKU36098,ZAV00090,1,1647.54,52.19
ZA-00012445,1,SKU40705,ZAV00304,1,138.78,77.74
ZA-00012445,2,SKU96204,ZAV00795,3,456.76,55.86
ZA-00012445,3,SKU81676,ZAV00477,1,705.79,112.2
ZA-00012446,1,SKU45007,ZAV00216,1,304.26,162.62
ZA-00012447,1,SKU96709,ZAV00051,1,71.34,78.15
ZA-00012448,1,SKU64040,ZAV00641,1,381.66,100.13
ZA-00012449,1,SKU95248,ZAV00528,1,4439.89,41.19
ZA-00012450,1,SKU41742,ZAV00604,1,1590.58,55.57
ZA-00012451,1,SKU24700,ZAV00548,1,201.84,114.5
ZA-00012452,1,SKU43398,ZAV00268,1,1089.87,71.63
ZA-00012453,1,SKU94207,ZAV00168,1,445.38,116.69
ZA-00012454,1,SKU77610,ZAV00029,1,74.57,105.86
ZA-00012454,2,SKU33134,ZAV00185,1,420.92,58.29
ZA-00012455,1,SKU20561,ZAV00490,1,223.57,77.02
ZA-00012455,2,SKU20865,ZAV00198,1,3146.68,39.18
ZA-00012456,1,SKU31472,ZAV00574,1,1023.41,121.56
ZA-00012457,1,SKU89102,ZAV00090,2,79.9,157.1
ZA-00012458,1,SKU36242,ZAV00737,1,256.08,54.46
ZA-00012459,1,SKU36850,ZAV00415,1,607.38,100.68
ZA-00012460,1,SKU47046,ZAV00065,2,465.07,75.8
ZA-00012461,1,SKU39485,ZAV00721,1,541.59,110.61
ZA-00012462,1,SKU51530,ZAV00455,1,882.59,96.19
ZA-00012462,2,SKU86395,ZAV00643,1,183.02,164.4
ZA-00012463,1,SKU64463,ZAV00480,1,870.13,99.82
ZA-00012464,1,SKU36069,ZAV00790,1,285.54,67.46
ZA-00012465,1,SKU33702,ZAV00351,1,512.78,51.97
ZA-00012466,1,SKU82280,ZAV00287,1,458.52,60.92
ZA-00012467,1,SKU50129,ZAV00356,1,2288.11,63.07
ZA-00012468,1,SKU90429,ZAV00354,1,582.37,129.44
ZA-00012469,1,SKU99409,ZAV00103,1,96.44,67.65
ZA-00012470,1,SKU46398,ZAV00625,1,290.78,72.75
ZA-00012471,1,SKU93383,ZAV00615,3,590.54,90.33
ZA-00012471,2,SKU56084,ZAV00185,1,511.07,179.55
ZA-00012471,3,SKU22860,ZAV00028,1,232.51,60.72
ZA-00012472,1,SKU31769,ZAV00506,1,272.81,153.58
ZA-00012473,1,SKU12892,ZAV00483,2,339.99,67.31
ZA-00012474,1,SKU35052,ZAV00470,1,185.36,157.96
ZA-00012475,1,SKU71499,ZAV00189,2,501.59,101.61
ZA-00012476,1,SKU93376,ZAV00577,2,1815.65,98.29
ZA-00012477,1,SKU11534,ZAV00278,1,623.1,44.75
ZA-00012478,1,SKU54709,ZAV00624,1,246.43,165.72
ZA-00012478,2,SKU75283,ZAV00523,1,700.92,142.96
ZA-00012478,3,SKU68990,ZAV00544,1,296.11,118.53
ZA-00012479,1,SKU61762,ZAV00050,1,368.91,101.73
ZA-00012480,1,SKU38022,ZAV00174,1,242.99,175.58
ZA-00012480,2,SKU98900,ZAV00467,1,99.7,139.37
ZA-00012481,1,SKU96135,ZAV00772,2,1893.92,147.4
ZA-00012482,1,SKU64571,ZAV00441,1,312.67,122.69
ZA-00012483,1,SKU30985,ZAV00307,1,139.16,40.1
ZA-00012484,1,SKU45641,ZAV00420,2,37.05,93.76
ZA-00012485,1,SKU51044,ZAV00338,1,3042.66,164.62
ZA-00012486,1,SKU96150,ZAV00019,1,803.89,103.2
ZA-00012487,1,SKU61415,ZAV00514,1,719.79,98.88
ZA-00012488,1,SKU42862,ZAV00043,1,346.06,41.15
ZA-00012488,2,SKU47139,ZAV00303,1,274.29,94.34
ZA-00012488,3,SKU20707,ZAV00221,1,282.02,82.92
ZA-00012489,1,SKU24790,ZAV00544,2,143.57,65.38
ZA-00012490,1,SKU18057,ZAV00527,1,296.58,54.08
ZA-00012491,1,SKU92375,ZAV00188,1,479.52,144.6
ZA-00012491,2,SKU16432,ZAV00291,1,277.85,141.77
ZA-00012492,1,SKU10681,ZAV00116,2,549.92,158.89
ZA-00012493,1,SKU13242,ZAV00105,1,323.01,82.33
ZA-00012494,1,SKU92331,ZAV00251,2,169.04,93.41
ZA-00012495,1,SKU57554,ZAV00342,1,434.83,77.47
ZA-00012496,1,SKU99987,ZAV00769,1,1090.73,166.57
ZA-00012497,1,SKU39112,ZAV00520,1,160.2,89.4
ZA-00012498,1,SKU72423,ZAV00250,1,465.22,117.18
ZA-00012499,1,SKU16903,ZAV00037,3,269.21,109.92
ZA-00012499,2,SKU56780,ZAV00138,1,447.84,174.73
ZA-00012500,1,SKU55119,ZAV00073,2,878.12,133.02
ZA-00012501,1,SKU71729,ZAV00295,1,432.2,35.76
ZA-00012502,1,SKU97349,ZAV00390,1,1513.83,100.78
ZA-00012503,1,SKU53417,ZAV00170,3,1078.89,175.67
ZA-00012504,1,SKU46904,ZAV00178,3,151.62,83.83
ZA-00012505,1,SKU66197,ZAV00760,1,189.77,115.67
ZA-00012505,2,SKU21549,ZAV00386,3,383.36,127.72
ZA-00012506,1,SKU58292,ZAV00644,1,230.45,127.32
ZA-00012507,1,SKU26460,ZAV00055,1,2979.69,84.69
ZA-00012508,1,SKU75389,ZAV00725,1,480.02,154.13
ZA-00012509,1,SKU14165,ZAV00107,1,174.37,89.16
ZA-00012509,2,SKU33951,ZAV00202,1,1572.99,79.78
ZA-00012510,1,SKU55742,ZAV00510,1,2728.95,143.55
ZA-00012511,1,SKU81059,ZAV00128,1,542.02,36.04
ZA-00012512,1,SKU53212,ZAV00222,1,199.7,46.38
ZA-00012513,1,SKU17159,ZAV00773,1,56.56,36.89
ZA-00012514,1,SKU13080,ZAV00147,1,811.13,114.04
ZA-00012515,1,SKU53708,ZAV00252,1,1099.6,138.9
ZA-00012516,1,SKU96977,ZAV00543,1,145.3,177.99
ZA-00012517,1,SKU65766,ZAV00037,1,7161.82,104.46
ZA-00012517,2,SKU99849,ZAV00456,1,423.8,147.88
ZA-00012517,3,SKU33178,ZAV00409,1,245.82,174.04
ZA-00012518,1,SKU35592,ZAV00686,1,941.04,152.97
ZA-00012519,1,SKU23859,ZAV00604,1,324.4,67.1
ZA-00012520,1,SKU49205,ZAV00701,1,483.79,102.59
ZA-00012520,2,SKU12701,ZAV00201,1,1103.7,99.28
ZA-00012521,1,SKU99336,ZAV00709,1,1810.6,79.92
ZA-00012522,1,SKU29497,ZAV00656,1,203.83,122.52
ZA-00012523,1,SKU40848,ZAV00092,2,1225.38,62.54
ZA-00012523,2,SKU40989,ZAV00335,1,260.27,62.5
ZA-00012523,3,SKU46278,ZAV00389,2,140.85,114.49
ZA-00012524,1,SKU85157,ZAV00029,1,380.16,76.11
ZA-00012525,1,SKU59476,ZAV00085,1,301.74,92.11
ZA-00012526,1,SKU89236,ZAV00551,1,3061.49,174.33
ZA-00012526,2,SKU61282,ZAV00371,1,223.67,86.72
ZA-00012526,3,SKU43582,ZAV00259,1,105.73,108.31
ZA-00012527,1,SKU99274,ZAV00204,1,782.04,131.93
ZA-00012527,2,SKU49268,ZAV00658,2,245.43,157.61
ZA-00012528,1,SKU76613,ZAV00323,1,1083.83,107.19
ZA-00012529,1,SKU88316,ZAV00034,1,304.34,171.21
ZA-00012530,1,SKU41328,ZAV00072,1,258.55,98.01
ZA-00012531,1,SKU63788,ZAV00320,1,458.39,47.9
ZA-00012532,1,SKU81318,ZAV00227,1,889.88,67.58
ZA-00012532,2,SKU80450,ZAV00532,1,277.13,95.86
ZA-00012532,3,SKU28917,ZAV00256,1,1050.65,47.82
ZA-00012533,1,SKU46384,ZAV00578,1,119.92,82.18
ZA-00012534,1,SKU41877,ZAV00775,1,278.7,91.84
ZA-00012534,2,SKU18362,ZAV00114,1,254.36,132.84
ZA-00012535,1,SKU11084,ZAV00515,2,162.15,43.81
ZA-00012536,1,SKU47017,ZAV00530,1,509.69,59.07
ZA-00012537,1,SKU75303,ZAV00266,2,339.51,108.89
ZA-00012537,2,SKU52142,ZAV00660,1,76.42,67.13
ZA-00012538,1,SKU42840,ZAV00076,1,1000.7,125.82
ZA-00012539,1,SKU73879,ZAV00390,1,349.49,121.23
ZA-00012540,1,SKU23095,ZAV00797,2,1109.5,51.7
ZA-00012541,1,SKU59279,ZAV00023,1,1498.96,139.42
ZA-00012542,1,SKU40816,ZAV00600,2,476.09,172.21
ZA-00012543,1,SKU41165,ZAV00527,1,339.09,102.89
ZA-00012543,2,SKU91567,ZAV00175,1,183.89,145.62
ZA-00012544,1,SKU67676,ZAV00259,1,543.34,140.62
ZA-00012545,1,SKU35468,ZAV00124,1,381.05,112.9
ZA-00012545,2,SKU98205,ZAV00076,1,658.54,119.89
ZA-00012546,1,SKU39292,ZAV00340,1,146.85,90.79
ZA-00012547,1,SKU38244,ZAV00734,1,1517.39,151.56
ZA-00012548,1,SKU33637,ZAV00088,1,1245.57,84.86
ZA-00012549,1,SKU26344,ZAV00650,1,288.41,61.24
ZA-00012550,1,SKU24822,ZAV00454,1,1042.67,51.55
ZA-00012551,1,SKU55877,ZAV00522,1,402.94,176.43
ZA-00012551,2,SKU78157,ZAV00772,2,2853.34,36.09
ZA-00012552,1,SKU90114,ZAV00643,1,343.59,77.23
ZA-00012553,1,SKU66408,ZAV00700,1,128.17,155.96
ZA-00012554,1,SKU91669,ZAV00695,2,768.17,167.63
ZA-00012555,1,SKU95051,ZAV00286,1,211.62,41.18
ZA-00012556,1,SKU10575,ZAV00126,1,181.34,174.59
ZA-00012557,1,SKU26068,ZAV00359,1,248.65,44.97
ZA-00012557,2,SKU31523,ZAV00553,1,205.2,36.87
ZA-00012558,1,SKU54110,ZAV00619,1,376.03,156.12
ZA-00012559,1,SKU89001,ZAV00325,1,717.37,112.89
ZA-00012560,1,SKU54203,ZAV00640,1,1404.1,66.73
ZA-00012561,1,SKU21902,ZAV00516,1,235.03,139.01
ZA-00012562,1,SKU82410,ZAV00317,1,292.3,164.71
ZA-00012562,2,SKU60632,ZAV00682,1,1021.61,76.72
ZA-00012563,1,SKU78916,ZAV00363,1,62.28,98.79
ZA-00012564,1,SKU67306,ZAV00693,1,685.85,129.34
ZA-00012565,1,SKU36953,ZAV00326,1,415.07,74.47
ZA-00012566,1,SKU20330,ZAV00388,1,547.73,172.11
ZA-00012567,1,SKU15408,ZAV00004,1,643.87,124.27
ZA-00012568,1,SKU74446,ZAV00433,1,1171.9,124.64
ZA-00012568,2,SKU96444,ZAV00446,1,302.68,35.75
ZA-00012568,3,SKU45507,ZAV00489,1,890.23,153.42
ZA-00012569,1,SKU51115,ZAV00179,1,232.18,131.8
ZA-00012569,2,SKU10547,ZAV00031,1,999.24,145.7
ZA-00012570,1,SKU14201,ZAV00560,1,160.42,120.55
ZA-00012571,1,SKU66021,ZAV00612,1,984.95,151.47
ZA-00012572,1,SKU14736,ZAV00605,1,400.66,121.06
ZA-00012572,2,SKU35481,ZAV00517,1,301.6,66.85
ZA-00012573,1,SKU76507,ZAV00545,2,240.98,67.18
ZA-00012574,1,SKU26999,ZAV00234,1,733.85,103.35
ZA-00012575,1,SKU74257,ZAV00368,2,327.18,41.14
ZA-00012576,1,SKU41331,ZAV00671,1,285.88,91.75
ZA-00012576,2,SKU88806,ZAV00091,1,243.88,133.17
ZA-00012576,3,SKU42113,ZAV00651,1,121.58,114.09
ZA-00012577,1,SKU57799,ZAV00097,1,1389.98,60.11
ZA-00012578,1,SKU92035,ZAV00577,1,227.88,148.15
ZA-00012579,1,SKU18725,ZAV00105,1,330.64,63.7
ZA-00012579,2,SKU52530,ZAV00043,1,477.98,144.95
ZA-00012579,3,SKU56443,ZAV00426,1,237.63,125.9
ZA-00012580,1,SKU92461,ZAV00251,1,440.21,117.33
ZA-00012581,1,SKU81048,ZAV00270,1,128.61,94.91
ZA-00012581,2,SKU51271,ZAV00242,1,262.15,171.01
ZA-00012582,1,SKU93664,ZAV00019,1,81.71,152.83
ZA-00012583,1,SKU29176,ZAV00767,2,371.5,136.77
ZA-00012583,2,SKU83713,ZAV00127,1,880.92,86.38
ZA-00012584,1,SKU61709,ZAV00713,1,91.73,63.88
ZA-00012584,2,SKU29268,ZAV00267,1,145.55,171.97
ZA-00012585,1,SKU60682,ZAV00281,1,265.04,87.57
ZA-00012586,1,SKU63781,ZAV00275,2,289.1,94.94
ZA-00012587,1,SKU94797,ZAV00111,1,634.05,106.07
ZA-00012587,2,SKU11185,ZAV00330,1,778.54,66.2
ZA-00012587,3,SKU22700,ZAV00544,1,597.34,106.33
ZA-00012588,1,SKU29299,ZAV00255,1,132.33,105.23
ZA-00012589,1,SKU84583,ZAV00600,1,81.28,110.67
ZA-00012590,1,SKU24515,ZAV00020,1,311.29,151.68
ZA-00012591,1,SKU52596,ZAV00786,1,208.15,132.82
ZA-00012592,1,SKU79406,ZAV00556,1,796.88,161.97
ZA-00012593,1,SKU48447,ZAV00219,1,448.41,81.94
ZA-00012594,1,SKU59752,ZAV00343,1,794.31,167.93
ZA-00012595,1,SKU29335,ZAV00207,1,188.35,58.49
ZA-00012596,1,SKU73328,ZAV00799,1,766.34,47.39
ZA-00012597,1,SKU31295,ZAV00038,1,395.96,42.63
ZA-00012597,2,SKU88739,ZAV00435,2,256.25,40.92
ZA-00012598,1,SKU56174,ZAV00317,1,514.12,145.13
ZA-00012599,1,SKU50202,ZAV00038,1,674.22,172.91
ZA-00012600,1,SKU94240,ZAV00079,1,804.42,148.46
ZA-00012601,1,SKU83463,ZAV00245,3,422.13,133.83
ZA-00012602,1,SKU53174,ZAV00288,1,552.7,40.92
ZA-00012603,1,SKU68006,ZAV00742,1,301.63,42.73
ZA-00012604,1,SKU57042,ZAV00224,1,303.68,86.96
ZA-00012604,2,SKU75355,ZAV00012,1,252.4,134.15
ZA-00012605,1,SKU42252,ZAV00769,1,2080.31,39.79
ZA-00012606,1,SKU95936,ZAV00311,1,1534.27,61.26
ZA-00012606,2,SKU26974,ZAV00317,1,94.41,122.83
ZA-00012607,1,SKU22654,ZAV00087,1,88.27,60.6
ZA-00012607,2,SKU96220,ZAV00555,1,162.04,75.55
ZA-00012608,1,SKU46567,ZAV00192,2,566.2,57.26
ZA-00012608,2,SKU21004,ZAV00694,1,940.67,90.09
ZA-00012609,1,SKU76670,ZAV00367,1,140.23,39.52
ZA-00012610,1,SKU39002,ZAV00395,1,129.46,49.63
ZA-00012611,1,SKU83992,ZAV00702,1,71.32,64.74
ZA-00012612,1,SKU14658,ZAV00156,2,746.89,70.75
ZA-00012613,1,SKU32330,ZAV00071,1,395.57,43.42
ZA-00012614,1,SKU75212,ZAV00776,1,417.6,59.19
ZA-00012615,1,SKU61017,ZAV00563,2,179.91,91.15
ZA-00012616,1,SKU92994,ZAV00018,1,1651.29,162.56
ZA-00012617,1,SKU61259,ZAV00788,1,83.03,74.93
ZA-00012618,1,SKU66490,ZAV00731,3,1098.38,85.61
ZA-00012619,1,SKU67188,ZAV00016,1,258.01,46.81
ZA-00012620,1,SKU15227,ZAV00019,2,429.33,59.21
ZA-00012620,2,SKU71838,ZAV00710,1,224.51,162.99
ZA-00012621,1,SKU95329,ZAV00489,2,159.95,157.47
ZA-00012622,1,SKU83519,ZAV00123,1,496.33,98.9
ZA-00012623,1,SKU13092,ZAV00126,2,552.64,107.72
ZA-00012624,1,SKU53835,ZAV00106,1,389.29,158.52
ZA-00012624,2,SKU47858,ZAV00678,1,329.45,137.97
ZA-00012624,3,SKU95321,ZAV00666,1,191.05,39.31
ZA-00012625,1,SKU75559,ZAV00007,1,338.89,74.11
ZA-00012625,2,SKU48493,ZAV00447,1,178.48,109.02
ZA-00012625,3,SKU67754,ZAV00294,1,912.77,108.84
ZA-00012626,1,SKU27752,ZAV00012,1,1849.41,123.97
ZA-00012627,1,SKU98549,ZAV00661,1,1197.57,162.0
ZA-00012628,1,SKU71167,ZAV00184,1,678.43,92.97
ZA-00012629,1,SKU58945,ZAV00746,1,170.49,148.53
ZA-00012630,1,SKU48203,ZAV00634,1,1164.6,115.73
ZA-00012631,1,SKU39541,ZAV00368,1,695.48,123.58
ZA-00012632,1,SKU27771,ZAV00620,1,146.8,39.71
ZA-00012632,2,SKU49015,ZAV00667,1,165.89,153.0
ZA-00012633,1,SKU41969,ZAV00628,1,1050.76,166.55
ZA-00012634,1,SKU10824,ZAV00237,1,186.78,167.26
ZA-00012634,2,SKU79984,ZAV00508,1,58.18,95.97
ZA-00012635,1,SKU67462,ZAV00636,1,475.8,100.4
ZA-00012636,1,SKU72277,ZAV00142,1,521.0,70.77
ZA-00012637,1,SKU41082,ZAV00049,1,569.69,105.36
ZA-00012637,2,SKU32798,ZAV00440,1,165.16,118.27
ZA-00012638,1,SKU73314,ZAV00179,1,406.09,59.5
ZA-00012639,1,SKU43012,ZAV00531,1,635.56,61.42
ZA-00012640,1,SKU71920,ZAV00157,1,1464.78,65.77
ZA-00012641,1,SKU50463,ZAV00697,2,264.2,78.38
ZA-00012642,1,SKU79316,ZAV00584,1,272.98,115.31
ZA-00012643,1,SKU45126,ZAV00117,1,1521.45,93.05
ZA-00012644,1,SKU14899,ZAV00768,1,719.89,52.28
ZA-00012645,1,SKU26153,ZAV00633,1,135.57,93.33
ZA-00012646,1,SKU35839,ZAV00133,2,333.82,107.94
ZA-00012647,1,SKU39599,ZAV00656,1,179.22,135.93
ZA-00012648,1,SKU40906,ZAV00782,1,704.22,90.42
ZA-00012649,1,SKU14060,ZAV00033,1,398.71,106.38
ZA-00012650,1,SKU77272,ZAV00208,1,1388.21,106.73
ZA-00012651,1,SKU64839,ZAV00406,2,478.64,150.34
ZA-00012652,1,SKU20604,ZAV00550,1,257.9,47.09
ZA-00012652,2,SKU53956,ZAV00175,2,479.0,109.37
ZA-00012653,1,SKU64854,ZAV00108,1,1007.16,93.03
ZA-00012653,2,SKU49881,ZAV00187,1,101.6,77.73
ZA-00012654,1,SKU15923,ZAV00244,1,921.59,110.33
ZA-00012655,1,SKU79607,ZAV00360,1,264.13,132.66
ZA-00012656,1,SKU28996,ZAV00308,1,2499.26,63.09
ZA-00012656,2,SKU32575,ZAV00649,1,840.27,160.28
ZA-00012657,1,SKU34538,ZAV00393,1,104.87,173.2
ZA-00012658,1,SKU20116,ZAV00531,1,697.15,87.91
ZA-00012659,1,SKU57784,ZAV00794,2,362.37,59.84
ZA-00012659,2,SKU42833,ZAV00251,1,850.57,162.73
ZA-00012660,1,SKU86911,ZAV00073,1,1310.29,45.31
ZA-00012661,1,SKU68716,ZAV00414,1,1096.68,47.41
ZA-00012662,1,SKU19104,ZAV00691,2,902.22,50.85
ZA-00012663,1,SKU64962,ZAV00449,1,458.23,109.64
ZA-00012664,1,SKU44497,ZAV00485,1,758.68,141.03
ZA-00012664,2,SKU17423,ZAV00690,1,1354.8,97.87
ZA-00012664,3,SKU10596,ZAV00250,1,601.68,135.52
ZA-00012665,1,SKU40479,ZAV00332,1,480.93,130.29
ZA-00012665,2,SKU93092,ZAV00534,1,1169.33,36.64
ZA-00012666,1,SKU11820,ZAV00282,1,194.64,88.24
ZA-00012667,1,SKU92134,ZAV00101,3,447.43,158.2
ZA-00012668,1,SKU85873,ZAV00026,1,464.77,117.0
ZA-00012669,1,SKU98132,ZAV00064,1,1723.58,179.62
ZA-00012670,1,SKU55607,ZAV00673,1,171.01,148.93
ZA-00012671,1,SKU26151,ZAV00321,1,200.76,102.21
ZA-00012671,2,SKU84470,ZAV00077,2,1367.21,72.27
ZA-00012672,1,SKU90124,ZAV00015,2,562.52,105.31
ZA-00012673,1,SKU55258,ZAV00255,1,347.68,46.21
ZA-00012674,1,SKU27980,ZAV00251,2,242.96,77.98
ZA-00012674,2,SKU27987,ZAV00262,1,122.86,165.21
ZA-00012674,3,SKU61067,ZAV00723,1,88.65,73.15
ZA-00012675,1,SKU29805,ZAV00055,1,440.79,154.72
ZA-00012676,1,SKU15880,ZAV00111,2,227.04,170.45
ZA-00012677,1,SKU17939,ZAV00511,3,1272.94,43.08
ZA-00012678,1,SKU40260,ZAV00715,1,604.32,158.86
ZA-00012679,1,SKU25211,ZAV00752,2,518.25,169.12
ZA-00012680,1,SKU65119,ZAV00304,1,191.46,176.82
ZA-00012681,1,SKU32084,ZAV00464,1,854.96,46.47
ZA-00012682,1,SKU32564,ZAV00437,2,92.13,63.21
ZA-00012683,1,SKU74729,ZAV00126,1,666.46,142.48
ZA-00012683,2,SKU54161,ZAV00535,1,204.41,61.15
ZA-00012684,1,SKU25651,ZAV00324,1,220.78,158.64
ZA-00012684,2,SKU88642,ZAV00316,1,664.27,56.92
ZA-00012685,1,SKU79395,ZAV00108,1,1099.25,50.88
ZA-00012685,2,SKU49480,ZAV00641,1,1008.65,140.16
ZA-00012686,1,SKU35046,ZAV00131,2,319.54,164.61
ZA-00012687,1,SKU45544,ZAV00539,1,235.69,161.35
ZA-00012687,2,SKU28078,ZAV00312,1,1388.24,53.85
ZA-00012688,1,SKU57362,ZAV00139,1,551.79,87.99
ZA-00012688,2,SKU12866,ZAV00665,1,98.85,145.81
ZA-00012688,3,SKU85880,ZAV00637,1,7536.94,138.92
ZA-00012689,1,SKU34519,ZAV00186,1,3999.4,103.67
ZA-00012690,1,SKU80423,ZAV00208,2,297.61,174.61
ZA-00012691,1,SKU24274,ZAV00514,1,45.99,72.12
ZA-00012692,1,SKU80850,ZAV00309,1,326.34,176.93
ZA-00012693,1,SKU28380,ZAV00158,1,1077.56,41.91
ZA-00012693,2,SKU31293,ZAV00464,1,240.99,51.92
ZA-00012694,1,SKU81614,ZAV00133,1,553.39,144.83
ZA-00012695,1,SKU33070,ZAV00043,1,689.58,164.75
ZA-00012696,1,SKU25525,ZAV00191,1,1462.3,146.95
ZA-00012697,1,SKU93937,ZAV00023,1,1017.69,71.48
ZA-00012698,1,SKU92264,ZAV00339,1,338.31,51.02
ZA-00012699,1,SKU66794,ZAV00439,1,60.24,52.42
ZA-00012700,1,SKU11261,ZAV00309,1,167.21,144.43
ZA-00012701,1,SKU47168,ZAV00354,1,791.92,167.32
ZA-00012702,1,SKU45922,ZAV00166,1,147.16,63.85
ZA-00012703,1,SKU86895,ZAV00651,2,393.59,109.97
ZA-00012703,2,SKU68066,ZAV00286,1,1007.75,57.82
ZA-00012704,1,SKU24874,ZAV00253,1,546.22,148.04
ZA-00012705,1,SKU21957,ZAV00756,1,328.06,135.13
ZA-00012706,1,SKU76105,ZAV00671,2,369.25,41.16
ZA-00012707,1,SKU63898,ZAV00517,1,1900.59,37.46
ZA-00012708,1,SKU50110,ZAV00105,1,195.39,91.53
ZA-00012709,1,SKU71239,ZAV00602,1,408.43,70.63
ZA-00012709,2,SKU14632,ZAV00621,1,589.37,64.96
ZA-00012710,1,SKU44548,ZAV00281,1,188.12,163.83
ZA-00012710,2,SKU31825,ZAV00533,2,387.64,89.59
ZA-00012710,3,SKU65486,ZAV00546,1,127.43,76.01
ZA-00012711,1,SKU57957,ZAV00166,1,666.69,44.18
ZA-00012711,2,SKU26173,ZAV00185,1,749.53,105.66
ZA-00012711,3,SKU57507,ZAV00797,1,577.62,46.84
ZA-00012712,1,SKU85270,ZAV00100,2,717.62,123.0
ZA-00012713,1,SKU76021,ZAV00645,1,1482.69,168.88
ZA-00012714,1,SKU20232,ZAV00486,1,198.32,161.01
ZA-00012715,1,SKU60881,ZAV00763,1,381.37,90.44
ZA-00012716,1,SKU73862,ZAV00136,1,405.5,137.71
ZA-00012717,1,SKU41806,ZAV00251,1,107.37,125.74
ZA-00012718,1,SKU80697,ZAV00368,1,303.99,140.8
ZA-00012719,1,SKU75441,ZAV00423,1,415.88,78.92
ZA-00012720,1,SKU36555,ZAV00746,2,771.52,163.02
ZA-00012721,1,SKU54391,ZAV00636,1,637.96,114.21
ZA-00012722,1,SKU79659,ZAV00200,1,719.8,56.66
ZA-00012723,1,SKU93795,ZAV00246,1,416.98,114.41
ZA-00012724,1,SKU67288,ZAV00191,1,99.16,84.08
ZA-00012725,1,SKU47261,ZAV00374,1,121.46,60.45
ZA-00012726,1,SKU44606,ZAV00596,1,515.33,100.81
ZA-00012727,1,SKU65630,ZAV00539,2,382.72,170.13
ZA-00012727,2,SKU30370,ZAV00032,2,472.69,94.7
ZA-00012728,1,SKU69039,ZAV00008,1,229.37,107.09
ZA-00012729,1,SKU81734,ZAV00267,1,552.98,76.5
ZA-00012730,1,SKU52838,ZAV00311,2,116.98,146.25
ZA-00012731,1,SKU95811,ZAV00762,1,821.94,134.31
ZA-00012732,1,SKU13712,ZAV00038,1,241.93,106.46
ZA-00012733,1,SKU10832,ZAV00789,1,410.78,170.82
ZA-00012734,1,SKU98812,ZAV00678,1,1208.77,42.89
ZA-00012735,1,SKU69461,ZAV00217,1,761.61,66.68
ZA-00012736,1,SKU25240,ZAV00512,3,334.84,166.27
ZA-00012737,1,SKU49623,ZAV00799,1,662.25,99.79
ZA-00012737,2,SKU26129,ZAV00493,1,1327.05,131.76
ZA-00012738,1,SKU28995,ZAV00038,1,796.78,86.59
ZA-00012739,1,SKU24652,ZAV00199,2,167.52,152.59
ZA-00012740,1,SKU83654,ZAV00006,2,650.25,166.91
ZA-00012740,2,SKU10471,ZAV00570,1,778.71,56.19
ZA-00012741,1,SKU15982,ZAV00550,1,267.17,133.0
ZA-00012742,1,SKU92348,ZAV00759,2,2972.3,36.83
ZA-00012742,2,SKU61043,ZAV00072,2,3771.77,63.42
ZA-00012743,1,SKU55813,ZAV00168,1,428.67,178.44
ZA-00012744,1,SKU57611,ZAV00234,1,116.96,97.61
ZA-00012745,1,SKU98984,ZAV00300,1,708.44,145.05
ZA-00012746,1,SKU89244,ZAV00125,2,241.09,125.12
ZA-00012747,1,SKU22680,ZAV00265,1,309.79,170.17
ZA-00012748,1,SKU79802,ZAV00503,2,580.0,122.2
ZA-00012749,1,SKU41758,ZAV00374,1,116.77,52.92
ZA-00012750,1,SKU51376,ZAV00120,1,1259.64,124.81
ZA-00012751,1,SKU61449,ZAV00197,1,784.73,143.87
ZA-00012751,2,SKU11410,ZAV00322,1,207.31,119.2
ZA-00012752,1,SKU36038,ZAV00363,1,347.18,66.66
ZA-00012753,1,SKU66370,ZAV00417,1,326.19,72.75
ZA-00012754,1,SKU19330,ZAV00631,1,1060.0,70.98
ZA-00012755,1,SKU26571,ZAV00148,1,365.74,50.01
ZA-00012755,2,SKU18052,ZAV00745,1,600.59,158.64
ZA-00012756,1,SKU57825,ZAV00286,1,427.3,141.58
ZA-00012757,1,SKU22652,ZAV00564,1,156.31,139.7
ZA-00012758,1,SKU98245,ZAV00398,1,194.27,75.63
ZA-00012759,1,SKU33079,ZAV00717,1,395.94,37.04
ZA-00012760,1,SKU98916,ZAV00157,2,405.15,177.28
ZA-00012761,1,SKU99379,ZAV00322,1,142.86,148.5
ZA-00012762,1,SKU55531,ZAV00494,1,969.1,91.94
ZA-00012763,1,SKU93503,ZAV00004,1,474.4,133.96
ZA-00012764,1,SKU12946,ZAV00240,1,258.45,63.76
ZA-00012765,1,SKU67170,ZAV00723,1,235.96,85.14
ZA-00012765,2,SKU86229,ZAV00534,1,150.87,45.51
ZA-00012766,1,SKU74961,ZAV00141,1,572.15,151.21
ZA-00012767,1,SKU58252,ZAV00761,1,661.81,162.86
ZA-00012768,1,SKU71401,ZAV00334,1,977.77,139.08
ZA-00012768,2,SKU95855,ZAV00168,1,444.98,151.77
ZA-00012769,1,SKU75234,ZAV00644,1,1438.35,177.88
ZA-00012770,1,SKU81177,ZAV00303,1,245.29,146.83
ZA-00012771,1,SKU42432,ZAV00234,1,93.91,106.36
ZA-00012772,1,SKU98381,ZAV00719,1,577.64,62.08
ZA-00012773,1,SKU74623,ZAV00688,1,364.92,152.46
ZA-00012774,1,SKU70306,ZAV00494,1,746.34,119.37
ZA-00012774,2,SKU72481,ZAV00260,1,809.86,66.63
ZA-00012775,1,SKU94141,ZAV00217,1,1222.59,80.06
ZA-00012775,2,SKU68946,ZAV00793,1,325.9,69.08
ZA-00012776,1,SKU17652,ZAV00483,1,253.08,94.64
ZA-00012777,1,SKU49604,ZAV00268,2,183.65,160.44
ZA-00012778,1,SKU46625,ZAV00152,1,364.85,127.26
ZA-00012778,2,SKU25550,ZAV00442,1,554.82,141.23
ZA-00012779,1,SKU14034,ZAV00300,1,49.49,48.31
ZA-00012780,1,SKU19605,ZAV00585,1,297.12,68.1
ZA-00012781,1,SKU32014,ZAV00016,1,145.4,103.35
ZA-00012782,1,SKU81784,ZAV00237,1,960.84,40.8
ZA-00012782,2,SKU69965,ZAV00025,1,846.52,113.68
ZA-00012783,1,SKU60477,ZAV00018,1,517.12,77.44
ZA-00012784,1,SKU84434,ZAV00622,1,129.07,76.13
ZA-00012785,1,SKU33423,ZAV00537,1,1647.6,56.42
ZA-00012786,1,SKU55101,ZAV00030,1,631.5,96.49
ZA-00012786,2,SKU58367,ZAV00060,1,134.4,178.09
ZA-00012787,1,SKU93600,ZAV00320,1,98.16,57.91
ZA-00012788,1,SKU56247,ZAV00103,1,412.41,175.13
ZA-00012789,1,SKU32684,ZAV00703,3,136.87,92.75
ZA-00012789,2,SKU20374,ZAV00409,1,92.44,47.69
ZA-00012790,1,SKU52347,ZAV00743,1,1038.37,109.57
ZA-00012790,2,SKU38829,ZAV00643,3,462.51,146.07
ZA-00012790,3,SKU32936,ZAV00418,1,644.63,65.39
ZA-00012791,1,SKU33573,ZAV00129,1,145.74,101.54
ZA-00012792,1,SKU84466,ZAV00279,2,272.68,133.94
ZA-00012793,1,SKU59529,ZAV00501,1,751.96,104.48
ZA-00012794,1,SKU31253,ZAV00740,1,382.17,82.91
ZA-00012795,1,SKU68979,ZAV00558,1,416.88,105.03
ZA-00012796,1,SKU80448,ZAV00081,1,205.76,44.52
ZA-00012797,1,SKU83510,ZAV00319,1,139.66,120.67
ZA-00012797,2,SKU24884,ZAV00274,2,1363.48,53.93
ZA-00012798,1,SKU68441,ZAV00752,1,298.23,46.5
ZA-00012799,1,SKU30637,ZAV00454,1,3228.32,58.14
ZA-00012799,2,SKU89092,ZAV00162,1,672.28,60.37
ZA-00012800,1,SKU87720,ZAV00205,1,1047.69,73.79
ZA-00012801,1,SKU80284,ZAV00175,1,3268.73,39.96
ZA-00012802,1,SKU14078,ZAV00373,2,977.51,100.58
ZA-00012803,1,SKU20376,ZAV00595,1,600.92,158.83
ZA-00012803,2,SKU66212,ZAV00419,2,2833.98,44.1
ZA-00012803,3,SKU92722,ZAV00762,1,219.9,112.49
ZA-00012804,1,SKU12722,ZAV00400,1,271.73,106.1
ZA-00012805,1,SKU46658,ZAV00736,1,614.3,90.04
ZA-00012806,1,SKU91144,ZAV00143,1,213.03,105.27
ZA-00012807,1,SKU52369,ZAV00259,1,184.96,130.56
ZA-00012808,1,SKU50191,ZAV00273,1,1201.35,110.17
ZA-00012809,1,SKU15243,ZAV00256,1,283.8,78.55
ZA-00012810,1,SKU57985,ZAV00283,1,308.28,113.58
ZA-00012811,1,SKU12130,ZAV00369,1,298.94,124.04
ZA-00012811,2,SKU67830,ZAV00335,1,47.92,146.81
ZA-00012812,1,SKU57081,ZAV00216,1,1113.91,132.21
ZA-00012813,1,SKU15115,ZAV00673,1,278.44,123.59
ZA-00012814,1,SKU96991,ZAV00576,1,401.29,87.42
ZA-00012815,1,SKU55498,ZAV00677,1,201.01,128.25
ZA-00012816,1,SKU82923,ZAV00319,1,169.49,69.02
ZA-00012817,1,SKU25763,ZAV00249,1,890.18,164.97
ZA-00012818,1,SKU16535,ZAV00679,1,260.82,115.05
ZA-00012819,1,SKU74398,ZAV00452,1,363.33,172.54
ZA-00012820,1,SKU69265,ZAV00150,1,638.1,96.16
ZA-00012821,1,SKU50682,ZAV00261,1,419.65,70.14
ZA-00012822,1,SKU41146,ZAV00772,1,247.56,176.44
ZA-00012822,2,SKU56515,ZAV00014,1,120.04,121.41
ZA-00012823,1,SKU21451,ZAV00665,1,905.55,171.69
ZA-00012823,2,SKU28288,ZAV00434,1,508.85,102.91
ZA-00012824,1,SKU57278,ZAV00602,2,275.7,160.68
ZA-00012825,1,SKU94532,ZAV00277,1,200.47,175.81
ZA-00012826,1,SKU24848,ZAV00449,1,3872.7,131.16
ZA-00012827,1,SKU88152,ZAV00181,1,135.35,54.78
ZA-00012828,1,SKU99818,ZAV00331,1,992.88,37.01
ZA-00012829,1,SKU66337,ZAV00462,3,162.06,75.47
ZA-00012830,1,SKU63719,ZAV00600,1,211.32,117.59
ZA-00012831,1,SKU16815,ZAV00142,1,712.11,128.15
ZA-00012831,2,SKU71764,ZAV00675,1,142.81,41.09
ZA-00012832,1,SKU89782,ZAV00003,1,64.56,54.72
ZA-00012833,1,SKU30193,ZAV00496,1,516.36,83.04
ZA-00012834,1,SKU56937,ZAV00520,1,434.52,154.35
ZA-00012835,1,SKU15021,ZAV00022,1,1327.41,54.11
ZA-00012835,2,SKU91173,ZAV00642,2,426.18,118.34
ZA-00012836,1,SKU23088,ZAV00430,1,770.04,153.54
ZA-00012837,1,SKU35523,ZAV00738,1,848.65,150.54
ZA-00012838,1,SKU53776,ZAV00433,2,261.53,47.62
ZA-00012839,1,SKU43171,ZAV00294,1,478.25,171.41
ZA-00012840,1,SKU37454,ZAV00401,1,523.55,56.91
ZA-00012840,2,SKU59869,ZAV00670,1,643.69,131.0
ZA-00012840,3,SKU87596,ZAV00559,1,171.98,89.77
ZA-00012841,1,SKU98623,ZAV00622,1,733.16,140.24
ZA-00012842,1,SKU57270,ZAV00765,2,142.29,46.49
ZA-00012842,2,SKU96276,ZAV00471,1,752.6,151.52
ZA-00012843,1,SKU16837,ZAV00206,1,1122.38,150.6
ZA-00012843,2,SKU86578,ZAV00335,1,1467.96,132.62
ZA-00012844,1,SKU43733,ZAV00505,3,328.34,71.65
ZA-00012844,2,SKU39755,ZAV00348,1,1800.24,144.44
ZA-00012845,1,SKU48841,ZAV00077,1,61.29,142.38
ZA-00012845,2,SKU26319,ZAV00702,1,252.31,132.42
ZA-00012846,1,SKU44373,ZAV00487,1,324.87,144.52
ZA-00012847,1,SKU19822,ZAV00142,1,149.03,73.69
ZA-00012848,1,SKU67348,ZAV00261,1,900.11,104.2
ZA-00012849,1,SKU42694,ZAV00680,1,893.23,101.52
ZA-00012850,1,SKU86034,ZAV00762,2,76.85,36.0
ZA-00012851,1,SKU22222,ZAV00259,1,262.02,51.85
ZA-00012852,1,SKU61831,ZAV00780,1,1457.28,86.52
ZA-00012853,1,SKU22099,ZAV00563,1,378.19,109.07
ZA-00012854,1,SKU37750,ZAV00012,3,406.23,112.33
ZA-00012854,2,SKU83379,ZAV00543,2,230.63,176.79
ZA-00012855,1,SKU13423,ZAV00069,2,545.15,88.23
ZA-00012855,2,SKU63950,ZAV00519,1,510.09,128.72
ZA-00012856,1,SKU70196,ZAV00565,1,526.17,149.67
ZA-00012857,1,SKU73070,ZAV00544,1,301.02,155.29
ZA-00012858,1,SKU33776,ZAV00233,1,657.42,55.76
ZA-00012859,1,SKU52277,ZAV00096,1,608.18,57.08
ZA-00012860,1,SKU95461,ZAV00435,1,826.03,91.83
ZA-00012861,1,SKU32205,ZAV00449,1,273.92,105.04
ZA-00012862,1,SKU28545,ZAV00644,1,465.45,37.58
ZA-00012863,1,SKU52060,ZAV00653,1,265.68,92.69
ZA-00012864,1,SKU51762,ZAV00470,2,326.01,101.1
ZA-00012865,1,SKU71430,ZAV00774,1,130.59,97.38
ZA-00012865,2,SKU89821,ZAV00405,1,362.97,160.25
ZA-00012866,1,SKU13006,ZAV00569,3,878.96,75.15
ZA-00012866,2,SKU86177,ZAV00073,1,201.7,81.52
ZA-00012867,1,SKU50553,ZAV00355,1,2651.85,42.06
ZA-00012868,1,SKU91243,ZAV00264,1,53.8,148.89
ZA-00012869,1,SKU50964,ZAV00222,1,469.33,137.6
ZA-00012870,1,SKU90226,ZAV00320,1,793.21,165.53
ZA-00012870,2,SKU87782,ZAV00561,1,379.98,108.09
ZA-00012871,1,SKU31176,ZAV00749,1,922.6,176.8
ZA-00012872,1,SKU96643,ZAV00755,2,220.84,118.36
ZA-00012873,1,SKU16976,ZAV00516,1,534.7,86.48
ZA-00012874,1,SKU16978,ZAV00748,3,627.63,153.28
ZA-00012875,1,SKU46188,ZAV00092,1,1251.64,57.3
ZA-00012876,1,SKU49111,ZAV00287,1,1499.17,160.32
ZA-00012877,1,SKU62472,ZAV00298,1,274.05,46.48
ZA-00012878,1,SKU59859,ZAV00480,1,105.07,131.17
ZA-00012879,1,SKU88598,ZAV00178,1,168.03,93.05
ZA-00012880,1,SKU37221,ZAV00069,1,2267.13,134.08
ZA-00012880,2,SKU48355,ZAV00119,1,72.49,55.4
ZA-00012881,1,SKU12328,ZAV00112,1,564.57,57.9
ZA-00012882,1,SKU39937,ZAV00385,1,1418.86,124.28
ZA-00012883,1,SKU98426,ZAV00387,2,842.04,144.49
ZA-00012884,1,SKU71308,ZAV00800,1,682.37,37.2
ZA-00012885,1,SKU43128,ZAV00477,1,229.92,61.66
ZA-00012886,1,SKU14523,ZAV00367,1,333.79,176.85
ZA-00012887,1,SKU78660,ZAV00660,1,483.01,126.39
ZA-00012888,1,SKU71554,ZAV00555,1,443.3,148.49
ZA-00012889,1,SKU20893,ZAV00592,1,95.73,108.04
ZA-00012890,1,SKU94071,ZAV00024,1,539.94,142.39
ZA-00012891,1,SKU11892,ZAV00481,1,1560.35,154.55
ZA-00012892,1,SKU45705,ZAV00066,1,157.52,47.51
ZA-00012893,1,SKU91463,ZAV00730,1,484.57,48.97
ZA-00012894,1,SKU33068,ZAV00247,3,2818.3,145.13
ZA-00012895,1,SKU51337,ZAV00289,1,2816.19,52.86
ZA-00012895,2,SKU38645,ZAV00642,1,414.65,54.42
ZA-00012896,1,SKU59568,ZAV00273,1,431.84,62.58
ZA-00012897,1,SKU35088,ZAV00462,2,852.66,45.1
ZA-00012897,2,SKU22400,ZAV00101,1,540.25,146.22
ZA-00012898,1,SKU53140,ZAV00318,1,492.17,150.95
ZA-00012899,1,SKU80469,ZAV00143,2,422.29,48.38
ZA-00012900,1,SKU55175,ZAV00466,1,712.12,164.47
ZA-00012900,2,SKU45437,ZAV00428,1,231.82,57.0
ZA-00012901,1,SKU47681,ZAV00589,1,791.36,162.48
ZA-00012902,1,SKU60194,ZAV00752,1,296.93,54.66
ZA-00012902,2,SKU41456,ZAV00196,1,261.4,68.69
ZA-00012902,3,SKU75567,ZAV00343,1,215.87,70.51
ZA-00012903,1,SKU93439,ZAV00410,1,224.52,111.3
ZA-00012904,1,SKU55038,ZAV00374,1,94.64,176.77
ZA-00012905,1,SKU16898,ZAV00405,1,359.13,103.24
ZA-00012906,1,SKU86113,ZAV00179,1,1331.67,111.18
ZA-00012907,1,SKU46623,ZAV00755,1,244.72,59.99
ZA-00012907,2,SKU13384,ZAV00760,1,119.24,74.06
ZA-00012908,1,SKU58805,ZAV00671,1,611.71,100.76
ZA-00012908,2,SKU18540,ZAV00617,1,421.04,83.86
ZA-00012909,1,SKU62096,ZAV00549,1,280.38,91.67
ZA-00012910,1,SKU40282,ZAV00672,1,465.95,129.77
ZA-00012911,1,SKU77547,ZAV00787,1,283.19,49.37
ZA-00012912,1,SKU45921,ZAV00255,1,846.2,115.15
ZA-00012913,1,SKU54911,ZAV00017,1,441.1,80.38
ZA-00012913,2,SKU18390,ZAV00668,2,250.34,88.11
ZA-00012914,1,SKU41086,ZAV00587,1,393.92,163.44
ZA-00012915,1,SKU55856,ZAV00691,1,119.6,100.56
ZA-00012915,2,SKU63963,ZAV00616,2,355.22,153.18
ZA-00012915,3,SKU65460,ZAV00332,1,228.78,116.37
ZA-00012916,1,SKU89152,ZAV00598,1,539.6,149.39
ZA-00012917,1,SKU39570,ZAV00684,2,474.31,165.96
ZA-00012918,1,SKU52853,ZAV00227,1,1176.03,66.31
ZA-00012919,1,SKU35951,ZAV00563,2,498.48,90.39
ZA-00012919,2,SKU26644,ZAV00747,1,72.57,51.99
ZA-00012920,1,SKU88585,ZAV00768,1,702.21,171.34
ZA-00012920,2,SKU30229,ZAV00673,1,900.24,89.43
ZA-00012921,1,SKU54426,ZAV00792,1,696.2,178.48
ZA-00012921,2,SKU77507,ZAV00176,1,62.24,167.11
ZA-00012922,1,SKU67161,ZAV00394,1,232.08,90.13
ZA-00012922,2,SKU76811,ZAV00507,1,385.2,123.42
ZA-00012923,1,SKU19203,ZAV00549,1,70.11,139.33
ZA-00012924,1,SKU34298,ZAV00219,1,585.9,175.26
ZA-00012925,1,SKU61514,ZAV00276,1,331.47,159.4
ZA-00012925,2,SKU28074,ZAV00182,1,1249.65,138.83
ZA-00012926,1,SKU80458,ZAV00355,3,316.6,134.57
ZA-00012927,1,SKU61310,ZAV00616,1,362.21,151.74
ZA-00012928,1,SKU32141,ZAV00499,1,136.78,165.97
ZA-00012928,2,SKU12496,ZAV00751,1,303.12,132.2
ZA-00012929,1,SKU33937,ZAV00473,1,2452.41,150.2
ZA-00012930,1,SKU55134,ZAV00281,1,325.66,53.84
ZA-00012930,2,SKU92744,ZAV00325,1,1226.94,128.93
ZA-00012931,1,SKU94838,ZAV00230,1,1198.9,178.1
ZA-00012932,1,SKU89781,ZAV00300,1,534.99,85.04
ZA-00012933,1,SKU50236,ZAV00723,1,1149.07,35.01
ZA-00012934,1,SKU61369,ZAV00487,1,129.06,169.81
ZA-00012934,2,SKU77799,ZAV00398,1,394.64,93.31
ZA-00012935,1,SKU75446,ZAV00657,1,2200.46,86.49
ZA-00012936,1,SKU30882,ZAV00177,1,305.49,134.63
ZA-00012937,1,SKU20681,ZAV00704,1,567.08,168.9
ZA-00012938,1,SKU67818,ZAV00595,1,93.58,165.71
ZA-00012939,1,SKU59147,ZAV00088,1,169.98,108.98
ZA-00012939,2,SKU28950,ZAV00098,1,173.49,142.4
ZA-00012940,1,SKU92278,ZAV00347,1,2898.49,96.18
ZA-00012941,1,SKU28252,ZAV00250,1,2645.9,133.83
ZA-00012942,1,SKU50957,ZAV00357,1,2191.47,176.64
ZA-00012943,1,SKU36451,ZAV00555,1,1052.8,102.41
ZA-00012944,1,SKU20968,ZAV00127,1,2752.94,56.32
ZA-00012945,1,SKU17875,ZAV00792,1,985.23,98.48
ZA-00012945,2,SKU95029,ZAV00393,1,493.04,111.47
ZA-00012946,1,SKU80464,ZAV00716,1,498.23,144.26
ZA-00012946,2,SKU84476,ZAV00073,1,65.93,92.96
ZA-00012947,1,SKU97686,ZAV00328,1,1367.36,127.04
ZA-00012948,1,SKU80866,ZAV00328,1,836.28,112.95
ZA-00012949,1,SKU74324,ZAV00450,1,255.59,127.97
ZA-00012950,1,SKU30816,ZAV00239,3,746.6,67.24
ZA-00012951,1,SKU44350,ZAV00086,1,1472.43,66.56
ZA-00012952,1,SKU98930,ZAV00738,1,1003.33,112.47
ZA-00012953,1,SKU59643,ZAV00346,1,1187.59,63.89
ZA-00012954,1,SKU50220,ZAV00181,1,701.37,58.79
ZA-00012955,1,SKU74765,ZAV00650,1,449.69,163.05
ZA-00012956,1,SKU69533,ZAV00130,1,2934.71,167.09
ZA-00012957,1,SKU32591,ZAV00762,2,188.64,134.64
ZA-00012958,1,SKU65562,ZAV00197,1,228.38,74.64
ZA-00012959,1,SKU41452,ZAV00591,1,540.11,131.74
ZA-00012960,1,SKU73653,ZAV00129,1,114.01,122.42
ZA-00012961,1,SKU93168,ZAV00370,2,311.63,110.29
ZA-00012962,1,SKU12143,ZAV00601,1,618.76,119.9
ZA-00012963,1,SKU57261,ZAV00222,1,727.0,151.86
ZA-00012964,1,SKU40583,ZAV00132,1,1516.75,83.87
ZA-00012965,1,SKU99506,ZAV00619,1,696.38,42.23
ZA-00012966,1,SKU38384,ZAV00433,1,161.99,51.0
ZA-00012967,1,SKU50545,ZAV00157,1,1267.74,166.63
ZA-00012968,1,SKU33942,ZAV00100,1,247.78,43.61
ZA-00012969,1,SKU72004,ZAV00575,1,135.21,106.0
ZA-00012969,2,SKU77559,ZAV00678,1,947.96,128.15
ZA-00012970,1,SKU71876,ZAV00518,2,245.61,58.22
ZA-00012971,1,SKU10133,ZAV00037,1,237.74,86.45
ZA-00012971,2,SKU91605,ZAV00341,1,663.39,57.71
ZA-00012972,1,SKU45660,ZAV00727,2,647.5,167.67
ZA-00012973,1,SKU57438,ZAV00549,1,604.29,146.83
ZA-00012974,1,SKU68783,ZAV00637,1,1033.61,158.68
ZA-00012975,1,SKU64413,ZAV00194,1,656.82,93.59
ZA-00012976,1,SKU17766,ZAV00630,1,349.71,74.78
ZA-00012977,1,SKU10535,ZAV00598,2,560.16,156.46
ZA-00012978,1,SKU86530,ZAV00303,2,65.14,36.94
