ord_ref,line_no,sku,vendor_code,qty,unit_price_zar,delivery_fee_zar
ZA-00023293,1,SKU38335,ZAV00780,1,191.76,147.26
ZA-00023294,1,SKU43099,ZAV00796,2,359.89,173.89
ZA-00023295,1,SKU60251,ZAV00254,2,172.98,149.41
ZA-00023296,1,SKU48332,ZAV00063,1,3027.86,156.71
ZA-00023296,2,SKU58223,ZAV00674,2,1012.66,104.89
ZA-00023296,3,SKU23188,ZAV00579,1,679.21,82.1
ZA-00023297,1,SKU71949,ZAV00700,1,1392.66,138.59
ZA-00023297,2,SKU31607,ZAV00744,1,147.02,163.98
ZA-00023297,3,SKU27204,ZAV00308,1,358.13,149.1
ZA-00023298,1,SKU74270,ZAV00363,1,434.23,74.44
ZA-00023299,1,SKU12364,ZAV00532,1,182.93,156.88
ZA-00023300,1,SKU11069,ZAV00494,1,173.34,65.11
ZA-00023301,1,SKU31196,ZAV00047,1,357.0,124.41
ZA-00023302,1,SKU19535,ZAV00373,1,1121.56,101.26
ZA-00023303,1,SKU56091,ZAV00023,1,2173.25,173.4
ZA-00023304,1,SKU84469,ZAV00296,1,355.7,87.08
ZA-00023305,1,SKU67458,ZAV00162,1,629.51,63.4
ZA-00023306,1,SKU73159,ZAV00637,1,319.65,65.28
ZA-00023307,1,SKU20829,ZAV00009,1,948.66,168.07
ZA-00023307,2,SKU39041,ZAV00339,1,474.31,49.59
ZA-00023307,3,SKU46030,ZAV00120,1,178.2,82.02
ZA-00023308,1,SKU34275,ZAV00430,1,332.92,42.81
ZA-00023309,1,SKU81590,ZAV00453,1,562.03,67.01
ZA-00023310,1,SKU56177,ZAV00585,1,246.22,61.76
ZA-00023311,1,SKU89052,ZAV00548,1,603.97,88.51
ZA-00023312,1,SKU17437,ZAV00150,1,1440.5,152.29
ZA-00023313,1,SKU50390,ZAV00773,1,80.86,109.12
ZA-00023314,1,SKU29082,ZAV00156,2,1271.42,41.14
ZA-00023315,1,SKU95216,ZAV00192,1,136.11,104.3
ZA-00023316,1,SKU86402,ZAV00467,1,624.9,179.32
ZA-00023317,1,SKU73464,ZAV00693,1,1228.67,99.73
ZA-00023318,1,SKU58016,ZAV00019,1,410.1,93.33
ZA-00023319,1,SKU74329,ZAV00449,1,443.19,177.38
ZA-00023319,2,SKU50514,ZAV00029,1,78.15,115.25
ZA-00023319,3,SKU68382,ZAV00263,2,64.49,174.05
ZA-00023320,1,SKU74112,ZAV00753,2,367.65,49.55
ZA-00023321,1,SKU89803,ZAV00728,1,424.91,139.11
ZA-00023321,2,SKU75059,ZAV00755,1,456.28,117.19
ZA-00023322,1,SKU68617,ZAV00689,1,245.83,39.94
ZA-00023323,1,SKU27530,ZAV00307,1,894.53,72.13
ZA-00023324,1,SKU30007,ZAV00156,1,1091.27,149.27
ZA-00023325,1,SKU39987,ZAV00623,1,827.8,141.15
ZA-00023326,1,SKU72640,ZAV00563,1,1532.57,86.19
ZA-00023327,1,SKU18197,ZAV00294,1,221.2,99.1
ZA-00023328,1,SKU86743,ZAV00290,2,2493.1,46.08
ZA-00023328,2,SKU97217,ZAV00363,1,469.11,148.08
ZA-00023329,1,SKU14572,ZAV00633,1,422.93,51.94
ZA-00023329,2,SKU95608,ZAV00009,2,595.95,125.85
ZA-00023330,1,SKU38904,ZAV00712,1,511.05,168.81
ZA-00023331,1,SKU83457,ZAV00046,1,669.32,119.73
ZA-00023332,1,SKU12432,ZAV00507,1,671.58,156.58
ZA-00023333,1,SKU96872,ZAV00035,2,149.27,140.54
ZA-00023334,1,SKU91993,ZAV00231,1,2510.2,171.96
ZA-00023335,1,SKU57323,ZAV00556,1,269.58,110.53
ZA-00023335,2,SKU84939,ZAV00541,1,753.22,143.87
ZA-00023336,1,SKU51737,ZAV00433,1,216.53,131.59
ZA-00023337,1,SKU84384,ZAV00665,1,364.77,60.85
ZA-00023338,1,SKU13632,ZAV00226,2,269.81,130.26
ZA-00023339,1,SKU48423,ZAV00440,1,297.47,48.67
ZA-00023340,1,SKU80660,ZAV00422,1,229.64,108.35
ZA-00023341,1,SKU76809,ZAV00547,1,198.35,78.31
ZA-00023342,1,SKU82064,ZAV00347,1,431.36,113.35
ZA-00023343,1,SKU66760,ZAV00441,1,265.32,123.97
ZA-00023343,2,SKU14187,ZAV00681,2,300.24,65.96
ZA-00023344,1,SKU99946,ZAV00768,3,127.22,107.32
ZA-00023345,1,SKU54415,ZAV00720,1,2191.86,49.32
ZA-00023346,1,SKU94264,ZAV00331,1,95.77,64.49
ZA-00023347,1,SKU49344,ZAV00558,1,140.52,149.44
ZA-00023347,2,SKU40094,ZAV00712,1,719.49,115.6
ZA-00023348,1,SKU99272,ZAV00086,1,495.34,52.26
ZA-00023349,1,SKU25120,ZAV00393,1,80.1,128.35
ZA-00023350,1,SKU85082,ZAV00129,1,890.02,148.56
ZA-00023350,2,SKU98578,ZAV00264,1,1846.76,145.06
ZA-00023351,1,SKU84110,ZAV00737,1,2102.3,83.35
ZA-00023352,1,SKU61789,ZAV00055,2,169.71,129.1
ZA-00023352,2,SKU37674,ZAV00537,1,1133.0,156.95
ZA-00023353,1,SKU67270,ZAV00276,1,54.11,54.04
ZA-00023354,1,SKU24188,ZAV00273,1,381.3,47.73
ZA-00023355,1,SKU76433,ZAV00499,1,665.16,145.19
ZA-00023356,1,SKU78510,ZAV00345,1,729.85,44.63
ZA-00023356,2,SKU43658,ZAV00040,1,382.19,121.11
ZA-00023356,3,SKU16123,ZAV00380,1,1472.62,165.01
ZA-00023357,1,SKU71306,ZAV00660,1,174.81,97.98
ZA-00023358,1,SKU90231,ZAV00582,1,267.41,49.45
ZA-00023359,1,SKU26970,ZAV00380,1,501.85,90.93
ZA-00023360,1,SKU34720,ZAV00685,1,268.05,72.17
ZA-00023361,1,SKU36902,ZAV00364,1,1376.31,86.28
ZA-00023362,1,SKU64345,ZAV00763,1,132.0,79.25
ZA-00023363,1,SKU41721,ZAV00376,1,584.86,64.96
ZA-00023364,1,SKU10496,ZAV00134,1,301.08,176.56
ZA-00023364,2,SKU28495,ZAV00777,2,512.36,77.32
ZA-00023365,1,SKU35245,ZAV00632,1,276.74,82.87
ZA-00023366,1,SKU54573,ZAV00783,1,261.57,48.94
ZA-00023366,2,SKU42941,ZAV00157,1,397.82,80.84
ZA-00023367,1,SKU94853,ZAV00169,1,760.1,92.23
ZA-00023368,1,SKU46517,ZAV00025,1,1064.94,81.94
ZA-00023369,1,SKU99133,ZAV00086,1,1597.98,87.35
ZA-00023370,1,SKU79810,ZAV00253,1,282.88,35.37
ZA-00023371,1,SKU23529,ZAV00172,1,489.54,49.24
ZA-00023372,1,SKU69622,ZAV00242,3,425.05,90.34
ZA-00023373,1,SKU46454,ZAV00189,1,225.67,68.15
ZA-00023374,1,SKU66645,ZAV00474,2,197.04,37.1
ZA-00023375,1,SKU86109,ZAV00024,1,1796.13,147.24
ZA-00023376,1,SKU23567,ZAV00394,1,607.85,55.84
ZA-00023377,1,SKU49837,ZAV00331,3,271.63,142.67
ZA-00023378,1,SKU65401,ZAV00274,1,773.28,45.86
ZA-00023379,1,SKU95258,ZAV00188,1,810.37,174.17
ZA-00023380,1,SKU63834,ZAV00073,1,452.72,178.87
ZA-00023381,1,SKU36228,ZAV00285,1,244.86,81.03
ZA-00023382,1,SKU74054,ZAV00428,1,128.05,122.24
ZA-00023383,1,SKU27777,ZAV00342,2,2109.02,163.27
ZA-00023383,2,SKU70055,ZAV00696,1,162.24,50.29
ZA-00023384,1,SKU89649,ZAV00706,1,208.32,88.2
ZA-00023385,1,SKU83746,ZAV00455,2,1137.29,145.5
ZA-00023386,1,SKU48366,ZAV00496,1,905.26,81.44
ZA-00023387,1,SKU33210,ZAV00280,1,308.44,101.16
ZA-00023387,2,SKU20103,ZAV00296,1,196.76,51.11
ZA-00023388,1,SKU91397,ZAV00732,1,324.37,166.13
ZA-00023388,2,SKU32607,ZAV00100,1,196.59,64.14
ZA-00023388,3,SKU45117,ZAV00365,1,1305.98,43.18
ZA-00023389,1,SKU59516,ZAV00055,1,70.0,121.02
ZA-00023390,1,SKU36475,ZAV00730,1,519.19,178.7
ZA-00023391,1,SKU80249,ZAV00037,1,834.48,143.17
ZA-00023391,2,SKU64597,ZAV00204,1,453.21,141.1
ZA-00023392,1,SKU64385,ZAV00579,1,654.72,130.66
ZA-00023392,2,SKU39170,ZAV00260,1,475.75,146.43
ZA-00023393,1,SKU76155,ZAV00735,1,134.71,111.21
ZA-00023394,1,SKU33067,ZAV00192,1,380.34,151.15
ZA-00023395,1,SKU44810,ZAV00747,1,143.66,93.64
ZA-00023396,1,SKU40700,ZAV00062,1,112.57,35.56
ZA-00023397,1,SKU86619,ZAV00368,1,518.85,54.98
ZA-00023397,2,SKU92890,ZAV00527,3,197.42,140.11
ZA-00023398,1,SKU14424,ZAV00779,1,839.11,160.8
ZA-00023399,1,SKU30967,ZAV00518,1,377.8,68.03
ZA-00023400,1,SKU88549,ZAV00270,1,238.79,170.08
ZA-00023401,1,SKU96785,ZAV00333,1,285.31,150.28
ZA-00023402,1,SKU75060,ZAV00011,1,146.59,37.53
ZA-00023403,1,SKU98748,ZAV00322,1,280.37,99.79
ZA-00023403,2,SKU51353,ZAV00639,1,608.91,67.02
ZA-00023404,1,SKU48126,ZAV00073,1,447.33,104.96
ZA-00023405,1,SKU18812,ZAV00678,1,414.34,85.55
ZA-00023405,2,SKU65819,ZAV00250,1,288.59,55.05
ZA-00023406,1,SKU82643,ZAV00507,1,360.55,103.75
ZA-00023407,1,SKU70009,ZAV00471,2,252.76,93.07
ZA-00023408,1,SKU57602,ZAV00345,1,147.18,111.09
ZA-00023409,1,SKU10643,ZAV00115,1,312.57,118.07
ZA-00023409,2,SKU44714,ZAV00729,2,271.7,169.17
ZA-00023410,1,SKU50293,ZAV00386,1,332.22,108.39
ZA-00023411,1,SKU10877,ZAV00619,1,1762.18,51.69
ZA-00023412,1,SKU56685,ZAV00162,1,209.84,66.59
ZA-00023413,1,SKU26175,ZAV00190,1,540.6,122.12
ZA-00023414,1,SKU82511,ZAV00761,1,448.21,82.38
ZA-00023415,1,SKU85008,ZAV00624,1,297.96,171.14
ZA-00023416,1,SKU70530,ZAV00727,1,759.89,161.68
ZA-00023417,1,SKU50066,ZAV00630,1,2519.25,131.02
ZA-00023418,1,SKU42509,ZAV00107,2,1015.18,78.41
ZA-00023418,2,SKU59032,ZAV00105,1,192.73,131.3
ZA-00023419,1,SKU12444,ZAV00017,1,454.23,92.16
ZA-00023420,1,SKU89073,ZAV00591,1,258.72,156.96
ZA-00023421,1,SKU33191,ZAV00028,1,937.27,65.45
ZA-00023422,1,SKU42768,ZAV00675,1,221.71,174.2
ZA-00023423,1,SKU51338,ZAV00090,1,218.76,166.86
ZA-00023424,1,SKU38905,ZAV00094,1,1161.3,40.25
ZA-00023424,2,SKU93631,ZAV00511,1,409.74,167.71
ZA-00023425,1,SKU70909,ZAV00630,1,243.48,69.91
ZA-00023426,1,SKU47795,ZAV00745,2,486.49,151.64
ZA-00023427,1,SKU25862,ZAV00152,1,166.98,105.58
ZA-00023428,1,SKU58073,ZAV00090,1,253.61,126.67
ZA-00023429,1,SKU19357,ZAV00189,1,503.67,84.16
ZA-00023430,1,SKU33222,ZAV00428,1,309.85,90.95
ZA-00023431,1,SKU16697,ZAV00616,1,328.25,120.81
ZA-00023431,2,SKU59058,ZAV00278,1,263.18,110.04
ZA-00023432,1,SKU42776,ZAV00076,1,2177.56,86.9
ZA-00023433,1,SKU58525,ZAV00453,2,479.48,143.64
ZA-00023434,1,SKU80143,ZAV00314,1,1484.81,66.59
ZA-00023435,1,SKU52716,ZAV00569,1,453.19,70.84
ZA-00023436,1,SKU57627,ZAV00285,1,145.87,73.09
ZA-00023437,1,SKU38537,ZAV00760,1,204.65,82.51
ZA-00023438,1,SKU33734,ZAV00162,1,458.81,80.26
ZA-00023439,1,SKU93158,ZAV00521,1,412.91,70.25
ZA-00023440,1,SKU70608,ZAV00257,1,226.07,177.77
ZA-00023441,1,SKU31575,ZAV00781,1,803.43,133.78
ZA-00023442,1,SKU20946,ZAV00743,1,868.78,149.64
ZA-00023443,1,SKU61899,ZAV00072,1,663.63,136.93
ZA-00023443,2,SKU72520,ZAV00222,1,107.77,158.81
ZA-00023444,1,SKU85405,ZAV00644,2,384.33,54.96
ZA-00023444,2,SKU93926,ZAV00432,2,690.83,110.37
ZA-00023445,1,SKU96835,ZAV00512,1,534.13,49.27
ZA-00023446,1,SKU22613,ZAV00464,3,777.86,125.52
ZA-00023447,1,SKU18326,ZAV00346,1,233.14,135.27
ZA-00023448,1,SKU54897,ZAV00709,1,1609.04,44.66
ZA-00023449,1,SKU62659,ZAV00285,1,443.6,42.55
ZA-00023450,1,SKU21735,ZAV00709,1,680.14,100.89
ZA-00023450,2,SKU15470,ZAV00091,2,127.14,114.4
ZA-00023451,1,SKU13213,ZAV00599,1,4490.68,112.11
ZA-00023452,1,SKU58098,ZAV00087,1,66.92,101.22
ZA-00023452,2,SKU67772,ZAV00297,1,203.88,90.59
ZA-00023453,1,SKU25752,ZAV00561,1,628.4,68.7
ZA-00023454,1,SKU16376,ZAV00717,1,319.49,177.69
ZA-00023455,1,SKU52904,ZAV00526,1,543.22,125.52
ZA-00023456,1,SKU37797,ZAV00796,1,162.89,63.8
ZA-00023457,1,SKU41311,ZAV00084,1,411.57,169.89
ZA-00023458,1,SKU13577,ZAV00373,1,332.04,84.95
ZA-00023458,2,SKU90648,ZAV00786,1,388.2,117.69
ZA-00023459,1,SKU90659,ZAV00290,1,725.12,36.58
ZA-00023459,2,SKU65056,ZAV00304,1,217.11,103.01
ZA-00023459,3,SKU60710,ZAV00558,1,267.11,117.72
ZA-00023460,1,SKU60409,ZAV00786,1,1109.85,38.93
ZA-00023460,2,SKU54561,ZAV00341,1,9227.34,94.6
ZA-00023461,1,SKU81923,ZAV00719,1,452.85,143.17
ZA-00023462,1,SKU23320,ZAV00237,1,390.52,53.42
ZA-00023463,1,SKU89213,ZAV00163,1,173.53,52.49
ZA-00023464,1,SKU70832,ZAV00323,1,792.42,40.56
ZA-00023465,1,SKU59266,ZAV00102,1,349.46,156.38
ZA-00023465,2,SKU89574,ZAV00100,2,140.62,59.26
ZA-00023466,1,SKU14081,ZAV00373,1,474.5,178.7
ZA-00023467,1,SKU96263,ZAV00029,1,342.98,72.66
ZA-00023468,1,SKU68629,ZAV00190,1,82.01,68.16
ZA-00023469,1,SKU94624,ZAV00649,1,1026.39,53.95
ZA-00023470,1,SKU16223,ZAV00371,1,301.19,116.75
ZA-00023471,1,SKU71581,ZAV00342,3,565.5,65.25
ZA-00023471,2,SKU91508,ZAV00777,1,460.84,147.66
ZA-00023472,1,SKU34486,ZAV00706,1,566.46,56.2
ZA-00023473,1,SKU55531,ZAV00780,1,1396.03,35.55
ZA-00023474,1,SKU21777,ZAV00288,1,599.48,156.76
ZA-00023474,2,SKU19124,ZAV00360,1,477.56,103.41
ZA-00023475,1,SKU46409,ZAV00115,1,288.77,88.58
ZA-00023476,1,SKU82266,ZAV00143,1,577.96,59.69
ZA-00023476,2,SKU74969,ZAV00237,2,144.3,66.18
ZA-00023477,1,SKU11303,ZAV00060,1,574.96,119.47
ZA-00023477,2,SKU81123,ZAV00684,1,203.62,96.66
ZA-00023478,1,SKU73648,ZAV00576,1,582.84,162.58
ZA-00023478,2,SKU16368,ZAV00097,1,1418.26,178.36
ZA-00023479,1,SKU90334,ZAV00093,1,153.26,83.59
ZA-00023479,2,SKU78989,ZAV00561,1,150.43,112.04
ZA-00023479,3,SKU20599,ZAV00737,1,682.08,149.85
ZA-00023480,1,SKU83364,ZAV00168,1,160.11,156.28
ZA-00023481,1,SKU61708,ZAV00224,1,157.64,60.2
ZA-00023482,1,SKU20402,ZAV00143,1,260.62,35.23
ZA-00023483,1,SKU64687,ZAV00061,1,252.87,154.32
ZA-00023483,2,SKU25387,ZAV00222,1,168.15,141.91
ZA-00023484,1,SKU38504,ZAV00769,1,187.96,142.63
ZA-00023485,1,SKU98084,ZAV00102,1,1366.67,91.5
ZA-00023486,1,SKU36105,ZAV00439,1,1056.3,139.78
ZA-00023487,1,SKU68584,ZAV00108,1,1474.17,63.51
ZA-00023488,1,SKU52768,ZAV00013,1,52.19,113.47
ZA-00023489,1,SKU23768,ZAV00330,1,1495.34,171.83
ZA-00023489,2,SKU36932,ZAV00049,3,958.58,46.09
ZA-00023490,1,SKU97321,ZAV00141,1,990.39,89.44
ZA-00023491,1,SKU59572,ZAV00424,1,150.51,102.15
ZA-00023492,1,SKU44398,ZAV00058,1,914.61,92.21
ZA-00023493,1,SKU49736,ZAV00424,2,213.16,64.43
ZA-00023494,1,SKU12655,ZAV00283,1,1088.48,121.69
ZA-00023495,1,SKU49982,ZAV00689,1,989.77,116.97
ZA-00023496,1,SKU14863,ZAV00668,1,195.04,155.17
ZA-00023497,1,SKU58688,ZAV00156,1,273.43,139.32
ZA-00023497,2,SKU69326,ZAV00059,1,330.64,157.67
ZA-00023498,1,SKU80381,ZAV00712,1,228.39,41.34
ZA-00023499,1,SKU48303,ZAV00621,1,999.87,175.49
ZA-00023500,1,SKU44787,ZAV00397,1,88.71,70.54
ZA-00023501,1,SKU69994,ZAV00056,1,1611.27,74.27
ZA-00023502,1,SKU64130,ZAV00027,1,195.82,123.26
ZA-00023503,1,SKU81028,ZAV00109,1,230.52,73.63
ZA-00023504,1,SKU72566,ZAV00547,1,126.63,85.23
ZA-00023505,1,SKU55175,ZAV00385,1,652.07,93.74
ZA-00023506,1,SKU10319,ZAV00191,1,968.83,163.95
ZA-00023507,1,SKU78838,ZAV00074,1,475.25,77.66
ZA-00023508,1,SKU49652,ZAV00360,1,1926.69,120.83
ZA-00023509,1,SKU76050,ZAV00373,1,226.45,61.57
ZA-00023510,1,SKU99655,ZAV00049,1,455.19,75.31
ZA-00023510,2,SKU47873,ZAV00346,1,237.09,137.37
ZA-00023511,1,SKU23454,ZAV00220,1,719.35,129.49
ZA-00023512,1,SKU42198,ZAV00343,2,586.46,147.37
ZA-00023513,1,SKU32952,ZAV00467,1,734.05,53.42
ZA-00023514,1,SKU89788,ZAV00771,1,242.72,113.7
ZA-00023514,2,SKU36909,ZAV00492,1,1241.29,135.29
ZA-00023515,1,SKU89504,ZAV00400,1,781.14,83.95
ZA-00023515,2,SKU75416,ZAV00381,1,326.03,138.86
ZA-00023516,1,SKU14667,ZAV00447,1,285.36,88.76
ZA-00023516,2,SKU26047,ZAV00491,1,255.69,74.46
ZA-00023516,3,SKU49389,ZAV00683,1,136.72,87.76
ZA-00023517,1,SKU91577,ZAV00637,1,126.28,38.26
ZA-00023518,1,SKU28539,ZAV00622,2,295.92,68.61
ZA-00023519,1,SKU94665,ZAV00519,2,1824.7,179.23
ZA-00023520,1,SKU55617,ZAV00395,3,67.14,108.17
ZA-00023521,1,SKU91664,ZAV00610,1,650.05,117.46
ZA-00023522,1,SKU31218,ZAV00342,1,193.02,67.88
ZA-00023523,1,SKU28835,ZAV00088,1,283.95,72.36
ZA-00023524,1,SKU42907,ZAV00588,1,200.95,172.46
ZA-00023525,1,SKU28211,ZAV00263,1,249.99,63.14
ZA-00023526,1,SKU67992,ZAV00426,1,460.54,174.74
ZA-00023527,1,SKU90996,ZAV00424,1,206.65,50.3
ZA-00023528,1,SKU18765,ZAV00130,1,103.37,39.59
ZA-00023529,1,SKU86233,ZAV00716,2,502.33,136.55
ZA-00023530,1,SKU43930,ZAV00508,1,212.91,138.81
ZA-00023530,2,SKU20125,ZAV00599,2,837.72,129.57
ZA-00023531,1,SKU46264,ZAV00546,1,529.14,52.96
ZA-00023532,1,SKU46837,ZAV00189,1,542.67,133.23
ZA-00023533,1,SKU32686,ZAV00712,1,960.44,37.12
ZA-00023534,1,SKU63375,ZAV00692,1,1557.42,36.12
ZA-00023535,1,SKU13868,ZAV00088,1,198.33,101.99
ZA-00023536,1,SKU23028,ZAV00466,1,692.32,43.76
ZA-00023537,1,SKU28005,ZAV00753,1,178.77,74.65
ZA-00023538,1,SKU40630,ZAV00090,1,950.69,132.51
ZA-00023538,2,SKU28592,ZAV00276,1,513.24,147.77
ZA-00023538,3,SKU91202,ZAV00200,1,1322.96,131.49
ZA-00023539,1,SKU83389,ZAV00125,1,1340.47,125.49
ZA-00023540,1,SKU46957,ZAV00390,1,3687.9,110.6
ZA-00023540,2,SKU73821,ZAV00540,1,928.31,73.51
ZA-00023541,1,SKU32060,ZAV00383,1,249.82,40.84
ZA-00023542,1,SKU96203,ZAV00489,1,899.87,166.79
ZA-00023543,1,SKU21517,ZAV00751,2,197.85,120.18
ZA-00023544,1,SKU87976,ZAV00106,1,79.94,90.29
ZA-00023544,2,SKU50360,ZAV00381,1,694.35,103.49
ZA-00023545,1,SKU63002,ZAV00791,1,176.5,64.05
ZA-00023546,1,SKU95224,ZAV00210,1,1073.5,153.54
ZA-00023547,1,SKU51572,ZAV00322,1,2361.72,42.21
ZA-00023548,1,SKU86619,ZAV00723,2,74.47,46.35
ZA-00023549,1,SKU80234,ZAV00183,2,1379.1,155.41
ZA-00023549,2,SKU49855,ZAV00372,1,323.5,132.55
ZA-00023550,1,SKU43418,ZAV00002,1,450.63,69.13
ZA-00023551,1,SKU37463,ZAV00364,1,1676.57,67.51
ZA-00023551,2,SKU41940,ZAV00145,2,362.57,127.82
ZA-00023552,1,SKU38779,ZAV00613,1,309.97,98.63
ZA-00023553,1,SKU44150,ZAV00688,1,1404.31,74.76
ZA-00023554,1,SKU80690,ZAV00782,1,412.12,43.81
ZA-00023555,1,SKU43994,ZAV00349,1,1141.93,74.97
ZA-00023556,1,SKU34024,ZAV00340,1,563.74,174.27
ZA-00023556,2,SKU72110,ZAV00498,1,814.77,94.52
ZA-00023557,1,SKU60231,ZAV00693,1,111.56,74.13
ZA-00023558,1,SKU44763,ZAV00405,1,259.21,127.6
ZA-00023559,1,SKU99230,ZAV00383,1,1302.52,145.83
ZA-00023560,1,SKU43732,ZAV00791,1,58.16,42.59
ZA-00023561,1,SKU72133,ZAV00093,1,343.17,131.4
ZA-00023562,1,SKU96118,ZAV00574,1,511.16,58.13
ZA-00023563,1,SKU75042,ZAV00732,1,638.34,149.14
ZA-00023563,2,SKU57523,ZAV00027,1,278.26,144.47
ZA-00023564,1,SKU41137,ZAV00274,1,981.43,46.75
ZA-00023565,1,SKU58334,ZAV00205,1,938.78,52.64
ZA-00023566,1,SKU92910,ZAV00783,1,133.8,129.12
ZA-00023567,1,SKU21030,ZAV00516,1,146.4,111.08
ZA-00023568,1,SKU66657,ZAV00551,1,1254.97,149.13
ZA-00023569,1,SKU96693,ZAV00090,1,1239.22,110.99
ZA-00023570,1,SKU29105,ZAV00263,1,1196.83,128.44
ZA-00023571,1,SKU97211,ZAV00416,1,1605.97,135.28
ZA-00023572,1,SKU93891,ZAV00560,1,571.1,103.2
ZA-00023573,1,SKU98598,ZAV00033,1,223.71,45.06
ZA-00023573,2,SKU20922,ZAV00424,1,637.87,103.61
ZA-00023574,1,SKU64656,ZAV00323,1,79.1,147.13
ZA-00023575,1,SKU64706,ZAV00010,1,1037.04,45.64
ZA-00023576,1,SKU81828,ZAV00070,1,1077.48,147.7
ZA-00023577,1,SKU64644,ZAV00250,2,515.27,134.55
ZA-00023578,1,SKU75194,ZAV00684,1,278.13,80.0
ZA-00023579,1,SKU29564,ZAV00146,1,1717.53,113.84
ZA-00023580,1,SKU52772,ZAV00547,1,510.63,44.75
ZA-00023580,2,SKU55216,ZAV00488,2,303.19,90.82
ZA-00023580,3,SKU27812,ZAV00417,1,170.47,123.41
ZA-00023581,1,SKU96361,ZAV00631,1,258.56,118.04
ZA-00023582,1,SKU75917,ZAV00282,1,412.84,154.36
ZA-00023583,1,SKU40728,ZAV00489,1,350.52,84.48
ZA-00023584,1,SKU26178,ZAV00362,1,847.22,48.49
ZA-00023585,1,SKU76702,ZAV00780,1,354.94,135.4
ZA-00023585,2,SKU27880,ZAV00361,1,635.96,96.89
ZA-00023586,1,SKU88259,ZAV00782,1,393.43,116.46
ZA-00023586,2,SKU25509,ZAV00126,1,251.35,105.22
ZA-00023587,1,SKU14506,ZAV00194,1,652.84,171.72
ZA-00023587,2,SKU71369,ZAV00086,1,1019.38,46.7
ZA-00023587,3,SKU29955,ZAV00090,1,246.91,62.76
ZA-00023588,1,SKU80490,ZAV00477,1,431.56,146.37
ZA-00023589,1,SKU49276,ZAV00484,1,1566.1,124.88
ZA-00023590,1,SKU14670,ZAV00465,1,450.69,90.12
ZA-00023590,2,SKU94152,ZAV00244,1,915.64,146.36
ZA-00023591,1,SKU36575,ZAV00141,1,430.41,151.84
ZA-00023592,1,SKU61318,ZAV00481,1,813.64,149.12
ZA-00023593,1,SKU70465,ZAV00453,1,545.78,172.07
ZA-00023594,1,SKU44080,ZAV00686,2,506.93,112.99
ZA-00023595,1,SKU72668,ZAV00573,1,324.49,157.79
ZA-00023596,1,SKU92453,ZAV00209,1,170.43,111.5
ZA-00023597,1,SKU69633,ZAV00427,1,319.4,103.69
ZA-00023597,2,SKU17662,ZAV00713,2,207.87,121.34
ZA-00023598,1,SKU59747,ZAV00764,1,1593.28,52.26
ZA-00023599,1,SKU80173,ZAV00438,1,905.01,50.61
ZA-00023599,2,SKU68728,ZAV00491,3,236.47,97.08
ZA-00023599,3,SKU28536,ZAV00376,1,230.71,104.17
ZA-00023600,1,SKU11545,ZAV00715,1,289.4,152.96
ZA-00023601,1,SKU34821,ZAV00585,1,166.54,163.72
ZA-00023602,1,SKU55301,ZAV00584,1,632.41,106.8
ZA-00023603,1,SKU25571,ZAV00499,1,608.03,142.03
ZA-00023603,2,SKU50698,ZAV00588,2,418.85,70.55
ZA-00023603,3,SKU72050,ZAV00633,1,366.36,118.94
ZA-00023604,1,SKU22793,ZAV00458,1,779.88,74.5
ZA-00023605,1,SKU31810,ZAV00634,1,114.08,169.3
ZA-00023605,2,SKU85551,ZAV00438,1,917.33,50.24
ZA-00023606,1,SKU93664,ZAV00241,1,353.0,127.23
ZA-00023606,2,SKU98484,ZAV00652,1,343.1,144.54
ZA-00023606,3,SKU13448,ZAV00648,1,307.55,149.73
ZA-00023607,1,SKU68270,ZAV00388,1,186.05,168.17
ZA-00023607,2,SKU61933,ZAV00205,1,258.6,39.81
ZA-00023608,1,SKU16621,ZAV00342,1,528.15,81.85
ZA-00023609,1,SKU67716,ZAV00604,1,1076.43,106.55
ZA-00023610,1,SKU16189,ZAV00617,1,727.64,147.7
ZA-00023610,2,SKU48411,ZAV00203,1,328.19,39.81
ZA-00023611,1,SKU74761,ZAV00424,2,432.6,147.61
ZA-00023612,1,SKU66145,ZAV00011,1,266.73,66.58
ZA-00023613,1,SKU79425,ZAV00264,1,582.46,60.06
ZA-00023613,2,SKU16118,ZAV00506,1,263.72,76.88
ZA-00023614,1,SKU58324,ZAV00131,1,182.27,83.84
ZA-00023615,1,SKU78911,ZAV00632,1,1286.93,86.8
ZA-00023615,2,SKU90338,ZAV00741,1,500.6,144.43
ZA-00023616,1,SKU37755,ZAV00622,1,102.81,65.98
ZA-00023617,1,SKU75917,ZAV00565,1,268.29,114.82
ZA-00023618,1,SKU64478,ZAV00786,1,231.42,76.98
ZA-00023619,1,SKU79608,ZAV00544,1,126.39,94.89
ZA-00023619,2,SKU70342,ZAV00397,1,604.37,159.68
ZA-00023620,1,SKU29824,ZAV00543,1,225.58,137.12
ZA-00023621,1,SKU26094,ZAV00767,1,45.23,46.34
ZA-00023622,1,SKU48776,ZAV00074,1,303.3,83.62
ZA-00023623,1,SKU87069,ZAV00054,1,913.67,116.7
ZA-00023624,1,SKU52347,ZAV00328,1,155.46,110.62
ZA-00023625,1,SKU69051,ZAV00366,1,911.78,78.09
ZA-00023625,2,SKU52590,ZAV00748,1,259.02,158.04
ZA-00023625,3,SKU21731,ZAV00497,1,314.97,155.81
ZA-00023626,1,SKU28570,ZAV00027,1,595.04,149.51
ZA-00023627,1,SKU96403,ZAV00398,1,368.39,51.51
ZA-00023628,1,SKU48145,ZAV00231,1,115.66,80.1
ZA-00023629,1,SKU79387,ZAV00109,1,605.1,119.24
ZA-00023630,1,SKU33876,ZAV00365,2,3990.04,82.4
ZA-00023631,1,SKU68062,ZAV00209,1,755.04,98.72
ZA-00023632,1,SKU33631,ZAV00224,2,116.16,146.11
ZA-00023633,1,SKU71689,ZAV00380,1,184.42,37.37
ZA-00023634,1,SKU88877,ZAV00348,1,364.38,89.05
ZA-00023634,2,SKU49056,ZAV00204,1,778.82,44.08
ZA-00023635,1,SKU39696,ZAV00206,2,1430.27,134.25
ZA-00023636,1,SKU71860,ZAV00139,1,1351.08,172.22
ZA-00023636,2,SKU30932,ZAV00045,1,477.69,156.31
ZA-00023637,1,SKU58966,ZAV00674,1,99.58,176.14
ZA-00023638,1,SKU84484,ZAV00737,1,152.82,171.38
ZA-00023639,1,SKU27255,ZAV00040,1,404.45,101.14
ZA-00023640,1,SKU36807,ZAV00128,1,244.81,103.17
ZA-00023641,1,SKU92773,ZAV00583,1,635.62,136.01
ZA-00023642,1,SKU75536,ZAV00757,1,410.82,147.26
ZA-00023643,1,SKU96975,ZAV00612,1,959.35,90.61
ZA-00023644,1,SKU68783,ZAV00362,1,228.78,134.93
ZA-00023645,1,SKU89045,ZAV00154,1,2803.38,166.43
ZA-00023645,2,SKU96446,ZAV00420,1,476.28,167.76
ZA-00023646,1,SKU55361,ZAV00725,1,302.85,36.44
ZA-00023647,1,SKU58045,ZAV00434,1,450.56,109.71
ZA-00023648,1,SKU88795,ZAV00008,2,96.34,77.46
ZA-00023649,1,SKU93357,ZAV00575,1,1973.65,144.1
ZA-00023650,1,SKU28821,ZAV00356,2,309.55,170.85
ZA-00023651,1,SKU38899,ZAV00059,1,185.83,130.34
ZA-00023652,1,SKU16824,ZAV00381,1,237.0,115.64
ZA-00023653,1,SKU15615,ZAV00775,2,135.15,47.27
ZA-00023654,1,SKU93533,ZAV00052,2,376.92,37.88
ZA-00023655,1,SKU26097,ZAV00608,1,489.95,83.57
ZA-00023656,1,SKU15199,ZAV00567,2,794.21,44.3
ZA-00023657,1,SKU20080,ZAV00106,1,362.07,143.02
ZA-00023658,1,SKU33876,ZAV00683,1,1496.4,132.41
ZA-00023658,2,SKU52587,ZAV00040,1,475.99,37.13
ZA-00023659,1,SKU95961,ZAV00067,1,191.18,102.71
ZA-00023660,1,SKU89457,ZAV00133,1,107.82,67.71
ZA-00023661,1,SKU97290,ZAV00036,1,415.72,44.9
ZA-00023661,2,SKU45959,ZAV00384,1,1002.32,63.27
ZA-00023662,1,SKU33118,ZAV00039,1,159.21,38.55
ZA-00023663,1,SKU61435,ZAV00652,1,343.21,177.81
ZA-00023664,1,SKU41900,ZAV00689,1,770.37,170.16
ZA-00023665,1,SKU38970,ZAV00311,1,438.27,164.93
ZA-00023666,1,SKU17399,ZAV00549,1,172.81,65.34
ZA-00023667,1,SKU79113,ZAV00117,1,339.15,95.6
ZA-00023668,1,SKU51630,ZAV00636,1,1187.22,147.63
ZA-00023669,1,SKU12462,ZAV00050,1,1028.75,35.65
ZA-00023670,1,SKU21383,ZAV00431,1,405.63,121.65
ZA-00023671,1,SKU21412,ZAV00365,1,324.19,157.88
ZA-00023671,2,SKU56534,ZAV00608,2,668.82,86.13
ZA-00023672,1,SKU77949,ZAV00583,3,220.69,178.64
ZA-00023673,1,SKU90801,ZAV00187,1,1072.42,138.23
ZA-00023673,2,SKU69021,ZAV00263,2,1175.48,105.46
ZA-00023673,3,SKU91090,ZAV00284,1,55.88,125.86
ZA-00023674,1,SKU54307,ZAV00332,2,404.01,51.36
ZA-00023675,1,SKU86127,ZAV00792,1,1963.79,54.4
ZA-00023675,2,SKU60510,ZAV00520,1,624.47,106.94
ZA-00023676,1,SKU85584,ZAV00697,1,717.99,179.33
ZA-00023676,2,SKU91326,ZAV00360,1,1435.21,127.79
ZA-00023677,1,SKU59501,ZAV00560,1,531.35,42.71
ZA-00023677,2,SKU44552,ZAV00228,1,338.14,129.02
ZA-00023678,1,SKU38663,ZAV00356,1,866.5,76.31
ZA-00023679,1,SKU95442,ZAV00246,1,257.81,128.69
ZA-00023680,1,SKU80374,ZAV00484,1,47.33,83.36
ZA-00023681,1,SKU50710,ZAV00735,1,841.06,35.17
ZA-00023681,2,SKU57637,ZAV00366,1,962.92,117.35
ZA-00023682,1,SKU77982,ZAV00119,1,625.42,54.09
ZA-00023683,1,SKU21543,ZAV00054,1,512.62,84.53
ZA-00023684,1,SKU26962,ZAV00045,2,144.9,128.11
ZA-00023685,1,SKU38109,ZAV00781,2,936.62,130.44
ZA-00023686,1,SKU56352,ZAV00256,1,270.65,157.73
ZA-00023687,1,SKU99329,ZAV00499,1,130.8,41.07
ZA-00023688,1,SKU15099,ZAV00552,1,60.11,166.66
ZA-00023689,1,SKU55978,ZAV00440,1,505.23,88.06
ZA-00023690,1,SKU86320,ZAV00041,1,682.26,154.79
ZA-00023691,1,SKU19319,ZAV00223,1,707.35,123.84
ZA-00023692,1,SKU20799,ZAV00333,1,953.99,84.63
ZA-00023693,1,SKU98131,ZAV00298,1,334.63,44.34
ZA-00023694,1,SKU65577,ZAV00736,1,534.96,153.91
ZA-00023695,1,SKU47609,ZAV00105,1,244.02,109.04
ZA-00023696,1,SKU51325,ZAV00476,1,179.97,171.52
ZA-00023697,1,SKU73375,ZAV00257,1,423.29,53.13
ZA-00023698,1,SKU41063,ZAV00713,1,194.56,110.63
ZA-00023699,1,SKU90224,ZAV00336,1,33.06,77.15
ZA-00023700,1,SKU84166,ZAV00607,2,440.14,149.68
ZA-00023701,1,SKU40318,ZAV00220,1,1700.97,107.11
ZA-00023702,1,SKU58789,ZAV00120,1,595.11,77.93
ZA-00023703,1,SKU45067,ZAV00014,1,210.06,66.22
ZA-00023703,2,SKU12784,ZAV00267,1,421.83,85.55
ZA-00023704,1,SKU39598,ZAV00576,1,179.02,56.73
ZA-00023705,1,SKU33483,ZAV00093,1,107.29,76.79
ZA-00023705,2,SKU37375,ZAV00445,1,450.13,72.2
ZA-00023706,1,SKU43387,ZAV00234,1,294.81,151.29
ZA-00023707,1,SKU64396,ZAV00751,1,1415.84,127.04
ZA-00023708,1,SKU58326,ZAV00756,1,87.86,178.94
ZA-00023709,1,SKU97087,ZAV00539,1,372.91,37.46
ZA-00023710,1,SKU88614,ZAV00225,1,817.19,174.21
ZA-00023711,1,SKU76735,ZAV00314,1,328.14,118.79
ZA-00023712,1,SKU12459,ZAV00469,1,288.55,168.44
ZA-00023713,1,SKU37119,ZAV00637,1,1327.69,76.35
ZA-00023714,1,SKU51065,ZAV00701,1,466.48,93.74
ZA-00023715,1,SKU81258,ZAV00636,1,502.0,96.83
ZA-00023716,1,SKU51732,ZAV00439,1,911.18,177.86
ZA-00023717,1,SKU67926,ZAV00700,1,1156.46,132.92
ZA-00023718,1,SKU72340,ZAV00579,1,104.29,146.36
ZA-00023719,1,SKU71972,ZAV00523,1,304.33,160.67
ZA-00023720,1,SKU55434,ZAV00523,1,659.4,110.11
ZA-00023721,1,SKU67417,ZAV00007,1,2354.18,140.32
ZA-00023722,1,SKU48677,ZAV00440,1,567.13,164.0
ZA-00023723,1,SKU82919,ZAV00004,1,350.55,73.75
ZA-00023723,2,SKU79904,ZAV00667,1,172.36,93.92
ZA-00023724,1,SKU60800,ZAV00711,1,364.5,115.13
ZA-00023725,1,SKU71077,ZAV00254,1,306.67,170.02
ZA-00023726,1,SKU14356,ZAV00553,1,98.03,80.48
ZA-00023726,2,SKU72244,ZAV00661,1,712.99,59.2
ZA-00023726,3,SKU45703,ZAV00385,1,569.95,135.15
ZA-00023727,1,SKU77949,ZAV00357,2,516.51,56.97
ZA-00023728,1,SKU51606,ZAV00314,1,1016.19,167.95
ZA-00023729,1,SKU84194,ZAV00516,1,198.7,54.48
ZA-00023730,1,SKU91090,ZAV00140,1,861.23,178.58
ZA-00023731,1,SKU27096,ZAV00130,1,631.9,141.21
ZA-00023732,1,SKU75909,ZAV00021,1,591.16,107.08
ZA-00023732,2,SKU28378,ZAV00087,2,296.77,89.24
ZA-00023733,1,SKU93113,ZAV00377,1,1120.17,87.78
ZA-00023734,1,SKU21810,ZAV00098,2,892.7,62.36
ZA-00023735,1,SKU52195,ZAV00034,1,406.78,155.51
ZA-00023735,2,SKU55265,ZAV00759,1,933.48,150.9
ZA-00023736,1,SKU73515,ZAV00563,1,399.75,102.91
ZA-00023736,2,SKU23315,ZAV00775,1,318.33,171.39
ZA-00023736,3,SKU59577,ZAV00035,1,475.59,164.31
ZA-00023737,1,SKU35117,ZAV00275,1,211.14,81.62
ZA-00023738,1,SKU94611,ZAV00688,2,456.23,114.21
ZA-00023738,2,SKU30683,ZAV00167,1,282.62,149.64
ZA-00023739,1,SKU99000,ZAV00706,1,116.48,148.13
ZA-00023740,1,SKU27634,ZAV00048,1,175.54,100.82
ZA-00023741,1,SKU62943,ZAV00053,2,194.58,119.38
ZA-00023741,2,SKU56908,ZAV00671,1,420.48,63.87
ZA-00023742,1,SKU38419,ZAV00464,1,405.97,45.91
ZA-00023743,1,SKU35042,ZAV00132,1,170.27,102.03
ZA-00023743,2,SKU30705,ZAV00757,1,529.1,132.24
ZA-00023744,1,SKU96698,ZAV00676,1,914.2,96.29
ZA-00023745,1,SKU25459,ZAV00695,1,1018.6,113.46
ZA-00023746,1,SKU86276,ZAV00210,1,170.16,166.73
ZA-00023747,1,SKU98276,ZAV00559,1,158.25,46.75
ZA-00023748,1,SKU82006,ZAV00154,2,398.91,73.52
ZA-00023749,1,SKU72815,ZAV00095,1,213.14,66.61
ZA-00023750,1,SKU58088,ZAV00467,3,237.16,60.32
ZA-00023751,1,SKU16565,ZAV00387,1,380.42,121.08
ZA-00023752,1,SKU45354,ZAV00611,1,373.37,139.69
ZA-00023752,2,SKU70127,ZAV00506,1,312.09,135.08
ZA-00023753,1,SKU93150,ZAV00618,3,379.37,78.67
ZA-00023753,2,SKU51102,ZAV00791,1,501.2,54.83
ZA-00023753,3,SKU70784,ZAV00266,1,276.82,152.76
ZA-00023754,1,SKU89325,ZAV00368,1,498.41,173.28
ZA-00023754,2,SKU50288,ZAV00763,1,349.3,50.82
ZA-00023755,1,SKU39096,ZAV00240,1,317.87,64.79
ZA-00023755,2,SKU10297,ZAV00502,1,1047.3,92.7
ZA-00023756,1,SKU60840,ZAV00637,1,552.35,44.22
ZA-00023757,1,SKU33973,ZAV00180,1,775.38,108.62
ZA-00023758,1,SKU80374,ZAV00415,1,386.14,62.27
ZA-00023758,2,SKU61610,ZAV00379,1,197.78,140.5
ZA-00023758,3,SKU86916,ZAV00657,1,3374.46,70.85
ZA-00023759,1,SKU70526,ZAV00723,1,224.38,72.56
ZA-00023760,1,SKU86360,ZAV00774,1,291.06,172.19
ZA-00023760,2,SKU12273,ZAV00610,1,272.65,159.57
ZA-00023761,1,SKU55894,ZAV00486,2,1476.96,104.94
ZA-00023762,1,SKU14004,ZAV00427,2,565.81,122.77
ZA-00023763,1,SKU13196,ZAV00139,1,629.24,103.71
ZA-00023764,1,SKU70200,ZAV00702,2,167.25,160.05
ZA-00023764,2,SKU83255,ZAV00707,1,1379.1,96.11
ZA-00023765,1,SKU12044,ZAV00287,1,984.7,52.57
ZA-00023766,1,SKU34634,ZAV00311,1,736.7,139.62
ZA-00023767,1,SKU60595,ZAV00581,1,1592.73,73.77
ZA-00023768,1,SKU67147,ZAV00800,1,572.82,131.53
ZA-00023768,2,SKU88899,ZAV00031,1,163.36,131.55
ZA-00023769,1,SKU93478,ZAV00024,1,697.47,150.16
ZA-00023769,2,SKU11155,ZAV00462,1,113.4,160.95
ZA-00023769,3,SKU77282,ZAV00438,3,378.9,104.34
ZA-00023770,1,SKU47423,ZAV00271,1,438.02,66.71
ZA-00023771,1,SKU94629,ZAV00678,1,371.12,51.34
ZA-00023772,1,SKU65155,ZAV00560,1,1097.73,40.61
ZA-00023773,1,SKU84729,ZAV00774,1,342.5,105.49
ZA-00023774,1,SKU57980,ZAV00175,1,248.62,155.88
ZA-00023774,2,SKU62528,ZAV00051,1,899.67,55.17
ZA-00023775,1,SKU30899,ZAV00325,1,1993.9,52.26
ZA-00023776,1,SKU32430,ZAV00782,1,66.76,72.93
ZA-00023777,1,SKU72299,ZAV00732,1,1773.47,81.04
ZA-00023778,1,SKU88476,ZAV00526,1,130.09,104.82
ZA-00023779,1,SKU56500,ZAV00253,1,364.55,58.28
ZA-00023780,1,SKU51880,ZAV00294,1,177.22,171.48
ZA-00023781,1,SKU89152,ZAV00586,1,951.08,64.23
ZA-00023782,1,SKU84285,ZAV00204,1,253.31,71.3
ZA-00023783,1,SKU69926,ZAV00353,1,920.41,149.34
ZA-00023784,1,SKU70169,ZAV00405,1,522.32,178.97
ZA-00023785,1,SKU83292,ZAV00563,1,491.71,142.99
ZA-00023785,2,SKU38777,ZAV00539,1,712.85,64.85
ZA-00023785,3,SKU91517,ZAV00674,1,652.24,81.59
ZA-00023786,1,SKU85072,ZAV00768,1,425.23,93.65
ZA-00023786,2,SKU20951,ZAV00252,1,713.01,71.86
ZA-00023787,1,SKU32514,ZAV00160,1,1375.29,56.4
ZA-00023788,1,SKU71251,ZAV00008,1,338.64,116.76
ZA-00023788,2,SKU73733,ZAV00646,1,427.38,146.83
ZA-00023789,1,SKU25946,ZAV00755,2,1309.51,103.52
ZA-00023790,1,SKU52633,ZAV00286,1,1035.71,42.38
ZA-00023791,1,SKU58937,ZAV00164,1,231.08,102.35
ZA-00023792,1,SKU12263,ZAV00485,1,356.06,72.3
ZA-00023793,1,SKU49965,ZAV00536,2,447.12,140.24
ZA-00023794,1,SKU30083,ZAV00687,1,1000.04,83.24
ZA-00023794,2,SKU63874,ZAV00729,1,269.95,57.8
ZA-00023795,1,SKU21224,ZAV00581,1,107.92,35.96
ZA-00023796,1,SKU32617,ZAV00044,1,181.57,100.07
ZA-00023796,2,SKU11044,ZAV00660,2,260.52,136.61
ZA-00023797,1,SKU79040,ZAV00653,1,226.24,128.96
ZA-00023797,2,SKU14400,ZAV00042,1,178.1,103.42
ZA-00023798,1,SKU17681,ZAV00208,1,497.18,85.04
ZA-00023798,2,SKU78897,ZAV00322,1,805.01,53.17
ZA-00023799,1,SKU25894,ZAV00375,1,928.77,156.69
ZA-00023800,1,SKU86661,ZAV00271,1,155.3,115.42
ZA-00023800,2,SKU87178,ZAV00114,2,82.18,144.75
ZA-00023801,1,SKU20170,ZAV00484,2,107.75,56.96
ZA-00023802,1,SKU16580,ZAV00750,1,541.86,164.75
ZA-00023803,1,SKU41946,ZAV00596,1,429.3,140.12
ZA-00023804,1,SKU33390,ZAV00524,1,707.69,52.52
ZA-00023805,1,SKU42972,ZAV00434,1,282.69,52.83
ZA-00023806,1,SKU40243,ZAV00590,1,560.69,38.05
ZA-00023807,1,SKU32237,ZAV00115,1,983.77,164.6
ZA-00023808,1,SKU61649,ZAV00303,2,162.86,105.44
ZA-00023809,1,SKU33536,ZAV00744,1,813.36,117.17
ZA-00023810,1,SKU65448,ZAV00606,1,104.25,162.99
ZA-00023811,1,SKU47237,ZAV00289,1,628.69,156.0
ZA-00023812,1,SKU91091,ZAV00505,1,258.86,47.96
ZA-00023813,1,SKU30962,ZAV00517,1,480.46,173.6
ZA-00023814,1,SKU20942,ZAV00371,2,851.86,91.29
ZA-00023815,1,SKU47563,ZAV00467,1,1236.63,124.31
ZA-00023816,1,SKU15630,ZAV00594,1,1213.27,172.23
ZA-00023817,1,SKU41010,ZAV00293,1,580.33,151.24
ZA-00023818,1,SKU70830,ZAV00080,1,270.84,55.99
ZA-00023818,2,SKU45751,ZAV00673,1,358.33,102.83
ZA-00023819,1,SKU39441,ZAV00523,1,647.56,50.85
ZA-00023820,1,SKU92116,ZAV00466,1,1752.87,132.9
ZA-00023821,1,SKU70082,ZAV00004,1,1042.33,84.98
ZA-00023822,1,SKU89894,ZAV00359,3,299.79,70.81
ZA-00023823,1,SKU93333,ZAV00325,1,5915.25,173.65
ZA-00023824,1,SKU65920,ZAV00450,1,300.83,120.49
ZA-00023825,1,SKU39153,ZAV00384,1,695.36,157.2
ZA-00023825,2,SKU10398,ZAV00508,2,532.25,129.86
ZA-00023826,1,SKU73243,ZAV00678,1,237.97,128.26
ZA-00023827,1,SKU66696,ZAV00751,1,546.13,48.79
ZA-00023828,1,SKU78701,ZAV00242,1,259.73,111.23
ZA-00023829,1,SKU56217,ZAV00151,1,877.64,59.56
ZA-00023830,1,SKU44094,ZAV00566,1,904.36,125.97
ZA-00023831,1,SKU55976,ZAV00327,1,228.04,60.0
ZA-00023832,1,SKU55323,ZAV00798,1,1318.61,164.57
ZA-00023833,1,SKU19832,ZAV00611,1,1836.43,50.91
ZA-00023834,1,SKU35476,ZAV00535,1,497.05,91.52
ZA-00023835,1,SKU34546,ZAV00161,1,275.47,157.69
ZA-00023835,2,SKU86811,ZAV00010,1,106.14,55.17
ZA-00023836,1,SKU53355,ZAV00483,1,633.73,88.93
ZA-00023837,1,SKU42721,ZAV00712,1,567.01,99.95
ZA-00023838,1,SKU70230,ZAV00713,1,687.87,72.03
ZA-00023839,1,SKU74881,ZAV00791,1,169.62,101.2
ZA-00023839,2,SKU45611,ZAV00023,1,102.14,118.34
ZA-00023840,1,SKU58172,ZAV00605,1,401.44,44.24
ZA-00023841,1,SKU65578,ZAV00347,1,546.74,82.44
ZA-00023842,1,SKU13750,ZAV00290,1,315.16,62.93
ZA-00023843,1,SKU47554,ZAV00571,1,377.31,77.68
ZA-00023844,1,SKU30889,ZAV00256,1,170.32,102.71
ZA-00023845,1,SKU99849,ZAV00430,1,504.59,36.7
ZA-00023846,1,SKU39308,ZAV00675,1,1019.28,118.0
ZA-00023847,1,SKU19854,ZAV00738,1,1463.27,66.78
ZA-00023848,1,SKU84373,ZAV00177,1,541.16,165.55
ZA-00023849,1,SKU85447,ZAV00176,1,520.34,160.52
ZA-00023850,1,SKU16830,ZAV00557,1,2149.89,148.77
ZA-00023851,1,SKU45865,ZAV00533,2,347.78,100.26
ZA-00023851,2,SKU88507,ZAV00773,1,813.77,175.81
ZA-00023852,1,SKU41553,ZAV00275,1,583.48,94.92
ZA-00023853,1,SKU75304,ZAV00482,1,834.52,156.42
ZA-00023854,1,SKU43429,ZAV00439,1,261.73,153.62
ZA-00023855,1,SKU91519,ZAV00176,1,1176.2,140.7
ZA-00023855,2,SKU77918,ZAV00498,1,77.14,130.15
ZA-00023855,3,SKU83863,ZAV00785,1,1048.91,124.22
ZA-00023856,1,SKU82927,ZAV00638,1,391.06,147.77
ZA-00023857,1,SKU25803,ZAV00577,2,1407.64,78.78
ZA-00023858,1,SKU52296,ZAV00407,1,2512.58,105.06
ZA-00023859,1,SKU11488,ZAV00546,1,2058.07,129.8
ZA-00023860,1,SKU27876,ZAV00463,2,1270.16,178.8
ZA-00023861,1,SKU46773,ZAV00724,1,283.76,138.0
ZA-00023862,1,SKU22171,ZAV00789,1,727.69,102.14
ZA-00023862,2,SKU25921,ZAV00439,1,165.9,80.73
ZA-00023863,1,SKU53183,ZAV00003,1,154.29,92.94
ZA-00023864,1,SKU69851,ZAV00757,2,490.36,169.14
ZA-00023865,1,SKU28969,ZAV00330,1,207.76,41.08
ZA-00023865,2,SKU20728,ZAV00174,1,311.82,152.38
ZA-00023866,1,SKU51337,ZAV00262,1,407.34,89.05
ZA-00023867,1,SKU20471,ZAV00312,1,1458.99,147.26
ZA-00023868,1,SKU29946,ZAV00463,1,2229.29,149.43
ZA-00023868,2,SKU28216,ZAV00004,1,1321.18,68.98
ZA-00023869,1,SKU70314,ZAV00547,1,270.72,169.92
ZA-00023869,2,SKU54016,ZAV00397,1,132.4,127.72
ZA-00023870,1,SKU70799,ZAV00143,1,232.99,81.68
ZA-00023870,2,SKU82010,ZAV00117,1,614.89,59.13
ZA-00023871,1,SKU63227,ZAV00161,2,399.83,94.54
ZA-00023872,1,SKU20917,ZAV00692,1,443.28,58.49
ZA-00023873,1,SKU19923,ZAV00422,1,725.71,123.75
ZA-00023874,1,SKU61193,ZAV00719,1,1686.07,72.01
ZA-00023875,1,SKU20479,ZAV00209,2,231.7,135.47
ZA-00023876,1,SKU45290,ZAV00581,1,106.09,173.83
ZA-00023876,2,SKU91655,ZAV00001,1,1246.94,100.09
ZA-00023877,1,SKU28105,ZAV00466,1,301.05,116.86
ZA-00023878,1,SKU39811,ZAV00739,1,275.18,157.67
ZA-00023879,1,SKU13668,ZAV00099,1,516.09,178.36
ZA-00023880,1,SKU29038,ZAV00657,1,940.9,114.72
ZA-00023881,1,SKU71612,ZAV00603,1,790.41,59.0
ZA-00023882,1,SKU36402,ZAV00095,1,2491.97,85.8
ZA-00023883,1,SKU54461,ZAV00596,1,475.71,135.38
ZA-00023884,1,SKU27599,ZAV00462,1,1591.53,161.54
ZA-00023885,1,SKU18738,ZAV00127,1,958.41,88.45
ZA-00023886,1,SKU10597,ZAV00538,1,547.3,90.43
ZA-00023886,2,SKU86443,ZAV00236,2,329.2,170.71
ZA-00023887,1,SKU40746,ZAV00593,1,443.33,50.3
ZA-00023888,1,SKU62015,ZAV00437,1,91.75,70.12
ZA-00023888,2,SKU89983,ZAV00122,1,382.06,86.6
ZA-00023889,1,SKU43998,ZAV00545,1,1411.26,154.86
ZA-00023890,1,SKU52096,ZAV00248,1,268.78,104.07
ZA-00023890,2,SKU42362,ZAV00056,1,1304.75,54.27
ZA-00023891,1,SKU62411,ZAV00626,1,292.31,97.73
ZA-00023892,1,SKU47566,ZAV00554,1,401.51,137.77
ZA-00023893,1,SKU67403,ZAV00596,1,3498.43,59.31
ZA-00023894,1,SKU69664,ZAV00329,1,130.25,88.77
ZA-00023895,1,SKU62080,ZAV00362,1,631.59,170.15
ZA-00023896,1,SKU36863,ZAV00601,1,913.94,131.66
ZA-00023896,2,SKU87290,ZAV00513,1,383.0,46.7
ZA-00023896,3,SKU83911,ZAV00055,1,472.38,133.1
ZA-00023897,1,SKU30624,ZAV00298,1,578.11,39.46
ZA-00023898,1,SKU41646,ZAV00796,1,618.78,63.12
ZA-00023899,1,SKU68066,ZAV00241,2,1625.71,86.95
ZA-00023900,1,SKU57926,ZAV00145,1,2881.7,170.01
ZA-00023900,2,SKU85637,ZAV00179,2,298.69,45.16
ZA-00023900,3,SKU94333,ZAV00398,1,1706.99,41.92
ZA-00023901,1,SKU64503,ZAV00363,1,1447.22,79.2
ZA-00023902,1,SKU89507,ZAV00477,1,968.38,123.4
ZA-00023902,2,SKU87163,ZAV00135,1,259.25,98.73
ZA-00023903,1,SKU66627,ZAV00052,1,1324.91,179.53
ZA-00023903,2,SKU19960,ZAV00439,2,693.83,106.61
ZA-00023904,1,SKU19741,ZAV00789,1,726.17,49.86
ZA-00023904,2,SKU10951,ZAV00164,1,398.84,113.7
ZA-00023905,1,SKU70817,ZAV00085,1,310.85,178.62
ZA-00023906,1,SKU19638,ZAV00418,1,2250.06,127.41
ZA-00023907,1,SKU16431,ZAV00401,1,185.66,47.12
ZA-00023907,2,SKU48719,ZAV00579,1,948.17,88.02
ZA-00023908,1,SKU96968,ZAV00650,1,196.78,171.26
ZA-00023909,1,SKU54123,ZAV00543,1,321.96,107.64
ZA-00023910,1,SKU66491,ZAV00390,1,158.59,79.21
ZA-00023911,1,SKU98139,ZAV00311,1,419.28,142.19
ZA-00023912,1,SKU18396,ZAV00214,1,133.79,150.23
ZA-00023913,1,SKU99078,ZAV00252,2,749.54,142.64
ZA-00023914,1,SKU19837,ZAV00406,3,682.05,166.1
ZA-00023914,2,SKU88187,ZAV00388,1,591.44,170.39
ZA-00023915,1,SKU16371,ZAV00023,1,246.2,106.07
ZA-00023916,1,SKU73755,ZAV00396,1,311.15,148.47
ZA-00023917,1,SKU83558,ZAV00372,1,991.79,37.9
ZA-00023918,1,SKU12448,ZAV00629,1,544.84,73.69
ZA-00023919,1,SKU57651,ZAV00351,1,887.47,141.21
ZA-00023920,1,SKU43358,ZAV00109,1,551.84,92.25
ZA-00023921,1,SKU73659,ZAV00671,1,3534.62,44.61
ZA-00023921,2,SKU54773,ZAV00088,1,657.91,113.69
ZA-00023922,1,SKU62317,ZAV00559,1,934.88,160.01
ZA-00023922,2,SKU11494,ZAV00291,1,671.98,37.59
ZA-00023923,1,SKU17325,ZAV00379,3,2058.2,147.61
ZA-00023924,1,SKU68086,ZAV00479,1,164.79,151.38
ZA-00023925,1,SKU47434,ZAV00532,1,145.55,72.96
ZA-00023926,1,SKU22186,ZAV00767,1,879.97,49.83
ZA-00023927,1,SKU83531,ZAV00011,1,649.12,165.81
ZA-00023927,2,SKU42090,ZAV00530,1,656.52,86.54
ZA-00023927,3,SKU77214,ZAV00289,3,345.42,166.21
ZA-00023928,1,SKU73916,ZAV00103,1,319.79,98.33
ZA-00023929,1,SKU27108,ZAV00707,1,1226.58,175.93
ZA-00023930,1,SKU75426,ZAV00207,1,1004.74,111.25
ZA-00023931,1,SKU98832,ZAV00280,1,202.16,47.0
ZA-00023932,1,SKU15948,ZAV00263,2,1341.38,127.5
ZA-00023933,1,SKU35035,ZAV00508,1,819.33,141.46
ZA-00023934,1,SKU40765,ZAV00634,2,298.23,87.99
ZA-00023935,1,SKU47672,ZAV00072,1,562.55,128.51
ZA-00023936,1,SKU73293,ZAV00008,1,466.74,85.22
ZA-00023937,1,SKU29708,ZAV00280,1,312.51,94.13
ZA-00023938,1,SKU64355,ZAV00282,1,169.79,88.72
ZA-00023939,1,SKU49479,ZAV00469,1,94.3,49.01
ZA-00023940,1,SKU96796,ZAV00668,3,513.79,168.13
ZA-00023940,2,SKU63854,ZAV00417,2,440.34,172.49
ZA-00023940,3,SKU84303,ZAV00223,1,533.16,42.87
ZA-00023941,1,SKU60358,ZAV00368,1,3048.08,177.13
ZA-00023942,1,SKU76838,ZAV00650,1,298.38,107.78
ZA-00023943,1,SKU64774,ZAV00045,1,828.41,150.53
ZA-00023944,1,SKU93213,ZAV00178,1,762.88,120.8
ZA-00023944,2,SKU13836,ZAV00185,1,1048.43,88.99
ZA-00023944,3,SKU73947,ZAV00393,1,695.47,169.86
ZA-00023945,1,SKU10746,ZAV00368,1,323.4,103.52
ZA-00023946,1,SKU28355,ZAV00713,1,538.15,45.56
ZA-00023946,2,SKU27523,ZAV00024,1,314.68,162.06
ZA-00023947,1,SKU35418,ZAV00040,1,402.75,138.0
ZA-00023948,1,SKU62628,ZAV00510,1,213.93,164.77
ZA-00023949,1,SKU45296,ZAV00019,1,285.09,108.05
ZA-00023950,1,SKU94193,ZAV00407,1,244.73,151.5
ZA-00023951,1,SKU13316,ZAV00104,1,212.28,166.92
ZA-00023951,2,SKU66671,ZAV00362,1,849.87,44.32
ZA-00023952,1,SKU36292,ZAV00184,1,413.91,141.38
ZA-00023953,1,SKU75147,ZAV00590,1,661.54,48.71
ZA-00023954,1,SKU11052,ZAV00426,1,129.51,53.96
ZA-00023955,1,SKU18714,ZAV00091,1,279.73,55.93
ZA-00023956,1,SKU44794,ZAV00794,1,235.89,112.3
ZA-00023957,1,SKU26956,ZAV00797,1,472.72,153.44
ZA-00023957,2,SKU98127,ZAV00544,1,830.49,116.98
ZA-00023958,1,SKU11907,ZAV00214,1,637.67,127.67
ZA-00023958,2,SKU78120,ZAV00710,1,802.86,120.88
ZA-00023959,1,SKU63122,ZAV00446,1,114.56,75.14
ZA-00023960,1,SKU21049,ZAV00154,2,1302.97,58.83
ZA-00023961,1,SKU74604,ZAV00766,1,83.5,71.79
ZA-00023962,1,SKU90625,ZAV00287,2,65.24,67.72
ZA-00023963,1,SKU93125,ZAV00410,1,77.64,179.27
ZA-00023964,1,SKU14055,ZAV00157,1,2502.11,179.68
ZA-00023964,2,SKU98779,ZAV00223,2,1261.22,78.12
ZA-00023964,3,SKU92870,ZAV00513,1,289.31,143.55
ZA-00023965,1,SKU42220,ZAV00678,1,145.64,77.84
ZA-00023965,2,SKU40838,ZAV00266,2,1100.2,102.97
ZA-00023966,1,SKU17907,ZAV00696,1,385.18,48.14
ZA-00023967,1,SKU63292,ZAV00716,1,656.42,141.31
ZA-00023967,2,SKU34018,ZAV00118,1,403.89,164.72
ZA-00023968,1,SKU21687,ZAV00748,1,1755.13,82.51
ZA-00023968,2,SKU21857,ZAV00199,1,599.74,123.66
ZA-00023968,3,SKU35800,ZAV00678,1,457.67,178.65
ZA-00023969,1,SKU58360,ZAV00296,2,1017.46,100.65
ZA-00023970,1,SKU41375,ZAV00477,1,411.67,71.78
ZA-00023971,1,SKU53290,ZAV00592,1,408.94,160.95
ZA-00023972,1,SKU28604,ZAV00201,1,702.05,38.89
ZA-00023973,1,SKU70680,ZAV00212,1,592.74,74.69
ZA-00023974,1,SKU83617,ZAV00249,1,187.29,125.03
ZA-00023975,1,SKU12331,ZAV00059,1,668.63,145.14
ZA-00023976,1,SKU26653,ZAV00064,2,582.7,59.75
ZA-00023977,1,SKU86515,ZAV00551,1,2435.04,39.78
ZA-00023978,1,SKU68770,ZAV00143,2,131.38,177.27
ZA-00023979,1,SKU74966,ZAV00254,2,162.82,94.05
ZA-00023980,1,SKU64932,ZAV00389,1,323.65,88.87
ZA-00023981,1,SKU91079,ZAV00730,1,426.29,110.46
ZA-00023982,1,SKU29737,ZAV00408,1,1281.33,156.72
ZA-00023983,1,SKU57788,ZAV00358,1,654.06,72.79
ZA-00023984,1,SKU52478,ZAV00437,2,553.86,78.39
ZA-00023985,1,SKU71890,ZAV00351,1,365.21,120.63
ZA-00023986,1,SKU36276,ZAV00220,1,812.51,136.86
ZA-00023986,2,SKU22464,ZAV00333,1,1048.84,70.62
ZA-00023987,1,SKU43118,ZAV00597,1,805.37,114.73
ZA-00023988,1,SKU63018,ZAV00565,1,548.73,146.29
ZA-00023989,1,SKU60005,ZAV00063,2,2003.69,116.56
ZA-00023990,1,SKU23645,ZAV00181,1,340.99,166.31
ZA-00023991,1,SKU45004,ZAV00784,1,216.16,95.65
ZA-00023992,1,SKU70337,ZAV00437,1,322.11,58.65
ZA-00023992,2,SKU70839,ZAV00726,1,91.57,99.35
ZA-00023993,1,SKU62426,ZAV00159,2,1076.94,131.99
ZA-00023994,1,SKU23273,ZAV00439,1,650.49,126.26
ZA-00023995,1,SKU67712,ZAV00526,1,379.72,90.63
ZA-00023995,2,SKU77579,ZAV00067,2,1499.52,142.29
ZA-00023996,1,SKU43911,ZAV00011,1,281.83,100.74
ZA-00023997,1,SKU49599,ZAV00150,2,3142.75,172.2
ZA-00023998,1,SKU32727,ZAV00665,1,827.37,85.25
ZA-00023998,2,SKU22102,ZAV00372,1,218.63,52.52
ZA-00023999,1,SKU92477,ZAV00560,1,290.57,94.46
ZA-00024000,1,SKU67202,ZAV00364,1,3211.61,76.8
ZA-00024001,1,SKU81397,ZAV00606,1,266.0,151.2
ZA-00024002,1,SKU57496,ZAV00718,1,217.49,100.77
ZA-00024003,1,SKU19360,ZAV00740,1,789.44,66.14
ZA-00024004,1,SKU16704,ZAV00166,1,117.48,122.01
ZA-00024004,2,SKU89954,ZAV00008,1,197.62,105.75
ZA-00024005,1,SKU61187,ZAV00553,3,49.72,153.6
ZA-00024006,1,SKU89414,ZAV00041,1,233.08,59.3
ZA-00024007,1,SKU50880,ZAV00500,1,373.03,70.26
ZA-00024008,1,SKU50370,ZAV00613,1,446.67,177.19
ZA-00024008,2,SKU39950,ZAV00707,1,1110.22,124.79
ZA-00024009,1,SKU75362,ZAV00435,1,173.06,42.03
ZA-00024010,1,SKU44530,ZAV00609,1,248.27,135.26
ZA-00024011,1,SKU34308,ZAV00698,2,966.94,177.65
ZA-00024012,1,SKU84294,ZAV00495,1,895.01,43.89
ZA-00024013,1,SKU62448,ZAV00613,1,107.23,41.35
ZA-00024014,1,SKU33786,ZAV00342,1,736.79,59.26
ZA-00024014,2,SKU45140,ZAV00677,1,1510.74,131.04
ZA-00024015,1,SKU40058,ZAV00226,1,1121.43,72.16
ZA-00024016,1,SKU73171,ZAV00569,1,488.78,41.34
ZA-00024017,1,SKU86942,ZAV00576,1,425.33,175.63
ZA-00024018,1,SKU12792,ZAV00072,1,394.62,41.18
ZA-00024019,1,SKU13173,ZAV00053,1,2548.48,35.83
ZA-00024020,1,SKU76790,ZAV00414,1,332.66,59.75
ZA-00024021,1,SKU89843,ZAV00722,1,2739.49,74.62
ZA-00024022,1,SKU26696,ZAV00463,2,403.29,111.12
ZA-00024023,1,SKU76791,ZAV00316,1,830.66,87.8
ZA-00024024,1,SKU62927,ZAV00446,3,639.63,83.35
ZA-00024025,1,SKU31498,ZAV00610,1,71.0,115.25
ZA-00024026,1,SKU87001,ZAV00372,1,700.11,136.93
ZA-00024026,2,SKU94985,ZAV00201,1,242.48,47.73
ZA-00024027,1,SKU21623,ZAV00233,1,1364.05,48.8
ZA-00024028,1,SKU84867,ZAV00074,1,774.61,127.29
ZA-00024029,1,SKU43066,ZAV00740,1,172.9,153.37
ZA-00024030,1,SKU64809,ZAV00389,1,370.81,136.27
ZA-00024031,1,SKU31025,ZAV00005,1,275.59,103.89
ZA-00024032,1,SKU45402,ZAV00059,1,793.77,155.27
ZA-00024032,2,SKU91766,ZAV00444,1,8507.41,66.21
ZA-00024033,1,SKU43577,ZAV00119,1,168.91,154.0
ZA-00024034,1,SKU79316,ZAV00474,1,781.64,141.75
ZA-00024035,1,SKU19765,ZAV00497,1,248.83,106.03
ZA-00024036,1,SKU18006,ZAV00024,1,330.78,173.29
ZA-00024036,2,SKU29616,ZAV00208,1,187.82,130.96
ZA-00024037,1,SKU35432,ZAV00155,1,422.91,50.66
ZA-00024038,1,SKU36912,ZAV00506,1,538.87,107.2
ZA-00024039,1,SKU36287,ZAV00670,1,491.95,82.37
ZA-00024039,2,SKU82719,ZAV00195,1,162.66,92.16
ZA-00024040,1,SKU61269,ZAV00340,1,657.8,114.04
ZA-00024041,1,SKU95676,ZAV00386,1,104.18,155.29
ZA-00024042,1,SKU64601,ZAV00360,1,1026.74,57.94
ZA-00024043,1,SKU72303,ZAV00103,1,154.6,122.91
ZA-00024044,1,SKU74092,ZAV00085,1,583.88,82.71
ZA-00024045,1,SKU14801,ZAV00405,1,472.32,51.65
ZA-00024046,1,SKU26804,ZAV00249,1,538.31,62.47
ZA-00024047,1,SKU81662,ZAV00654,1,320.87,164.63
ZA-00024048,1,SKU96034,ZAV00286,1,1722.64,133.93
ZA-00024049,1,SKU13867,ZAV00144,1,1006.15,122.92
ZA-00024050,1,SKU25284,ZAV00546,1,702.63,102.79
ZA-00024051,1,SKU87631,ZAV00043,1,1348.07,149.5
ZA-00024052,1,SKU38603,ZAV00408,1,1140.09,126.27
ZA-00024053,1,SKU91106,ZAV00310,1,625.96,93.26
ZA-00024054,1,SKU69901,ZAV00712,1,76.52,178.19
ZA-00024055,1,SKU77798,ZAV00559,1,949.77,167.58
ZA-00024056,1,SKU65178,ZAV00535,1,655.25,153.18
ZA-00024057,1,SKU98937,ZAV00431,1,259.52,168.16
ZA-00024058,1,SKU83635,ZAV00438,1,325.64,120.21
ZA-00024059,1,SKU81096,ZAV00595,2,122.97,79.41
ZA-00024059,2,SKU56287,ZAV00661,1,234.99,35.84
ZA-00024060,1,SKU14224,ZAV00633,1,274.8,47.68
ZA-00024061,1,SKU95630,ZAV00324,2,290.57,61.17
ZA-00024062,1,SKU90038,ZAV00201,1,1918.38,135.48
ZA-00024063,1,SKU98350,ZAV00007,1,268.56,171.76
ZA-00024064,1,SKU42691,ZAV00630,1,523.83,75.38
ZA-00024065,1,SKU29892,ZAV00461,1,346.1,176.73
ZA-00024066,1,SKU26658,ZAV00306,1,1229.98,48.37
ZA-00024067,1,SKU11611,ZAV00731,1,892.5,154.27
ZA-00024068,1,SKU11433,ZAV00153,2,181.65,158.26
ZA-00024068,2,SKU58088,ZAV00282,2,1098.2,83.04
ZA-00024068,3,SKU28536,ZAV00769,1,482.52,98.07
ZA-00024069,1,SKU59303,ZAV00757,1,448.06,54.5
ZA-00024070,1,SKU87966,ZAV00378,1,435.17,154.53
ZA-00024071,1,SKU43875,ZAV00674,2,329.55,69.01
ZA-00024072,1,SKU32242,ZAV00692,1,294.28,86.91
ZA-00024073,1,SKU28401,ZAV00111,1,879.07,137.43
ZA-00024073,2,SKU24772,ZAV00772,3,297.0,76.91
ZA-00024073,3,SKU84987,ZAV00414,1,168.3,148.2
ZA-00024074,1,SKU75013,ZAV00708,1,115.13,160.14
ZA-00024074,2,SKU69824,ZAV00783,1,198.41,103.54
ZA-00024075,1,SKU96941,ZAV00741,1,225.64,108.03
ZA-00024076,1,SKU58741,ZAV00338,1,451.97,123.9
ZA-00024077,1,SKU36578,ZAV00366,1,501.58,168.07
ZA-00024078,1,SKU48063,ZAV00713,1,988.61,90.19
ZA-00024079,1,SKU19607,ZAV00067,1,202.02,60.87
ZA-00024080,1,SKU79306,ZAV00280,1,249.78,140.11
ZA-00024081,1,SKU62293,ZAV00179,1,96.46,177.04
ZA-00024082,1,SKU43382,ZAV00682,1,853.56,40.02
ZA-00024083,1,SKU72174,ZAV00074,1,433.93,112.52
ZA-00024083,2,SKU94017,ZAV00485,1,74.88,128.36
ZA-00024084,1,SKU21518,ZAV00763,1,224.15,155.62
ZA-00024085,1,SKU12354,ZAV00205,1,321.89,82.59
ZA-00024085,2,SKU78487,ZAV00120,1,994.14,62.19
ZA-00024085,3,SKU53215,ZAV00786,2,129.07,44.34
ZA-00024086,1,SKU95070,ZAV00255,1,474.85,68.44
ZA-00024087,1,SKU89956,ZAV00725,1,183.07,99.13
ZA-00024087,2,SKU59040,ZAV00599,1,87.65,145.83
ZA-00024088,1,SKU60217,ZAV00152,1,380.46,91.17
ZA-00024089,1,SKU20685,ZAV00240,1,529.1,114.36
ZA-00024090,1,SKU46312,ZAV00360,1,910.31,73.71
ZA-00024091,1,SKU33967,ZAV00800,1,331.0,79.68
ZA-00024092,1,SKU22654,ZAV00522,1,54.88,152.7
ZA-00024093,1,SKU54859,ZAV00771,1,352.8,113.64
ZA-00024094,1,SKU73310,ZAV00787,1,1569.89,41.96
ZA-00024095,1,SKU34259,ZAV00247,1,429.98,41.99
ZA-00024095,2,SKU58296,ZAV00210,1,154.82,166.47
ZA-00024096,1,SKU24523,ZAV00078,1,1737.08,134.4
ZA-00024097,1,SKU54167,ZAV00781,2,907.24,147.53
ZA-00024098,1,SKU88324,ZAV00414,1,643.93,160.93
ZA-00024099,1,SKU66377,ZAV00572,1,612.39,47.12
ZA-00024100,1,SKU50960,ZAV00408,1,520.76,177.21
ZA-00024101,1,SKU18640,ZAV00772,1,876.4,153.91
ZA-00024101,2,SKU50798,ZAV00139,1,1513.94,65.17
ZA-00024102,1,SKU65472,ZAV00041,1,436.57,104.98
ZA-00024102,2,SKU33420,ZAV00393,1,478.74,98.65
ZA-00024102,3,SKU70133,ZAV00781,1,1195.05,102.01
ZA-00024103,1,SKU77841,ZAV00035,1,401.51,111.17
ZA-00024104,1,SKU96687,ZAV00488,1,278.13,164.54
ZA-00024105,1,SKU70994,ZAV00512,1,245.22,119.62
ZA-00024105,2,SKU10351,ZAV00782,1,416.29,86.87
ZA-00024105,3,SKU49635,ZAV00282,1,979.81,100.38
ZA-00024106,1,SKU43129,ZAV00620,1,565.86,154.82
ZA-00024107,1,SKU54020,ZAV00465,3,71.75,45.16
ZA-00024108,1,SKU69149,ZAV00786,2,1432.34,174.42
ZA-00024109,1,SKU68630,ZAV00124,1,480.69,154.51
ZA-00024110,1,SKU99438,ZAV00396,1,624.28,44.08
ZA-00024110,2,SKU87504,ZAV00580,1,313.88,96.8
ZA-00024110,3,SKU87442,ZAV00273,2,288.95,157.04
ZA-00024111,1,SKU12473,ZAV00263,1,2494.9,123.6
ZA-00024112,1,SKU73862,ZAV00166,1,102.56,89.28
ZA-00024113,1,SKU73401,ZAV00043,2,186.88,157.37
ZA-00024114,1,SKU96089,ZAV00650,3,361.88,88.88
ZA-00024115,1,SKU22867,ZAV00024,1,2610.68,149.06
ZA-00024115,2,SKU84473,ZAV00274,1,1505.56,51.72
ZA-00024115,3,SKU22870,ZAV00627,1,512.43,161.45
ZA-00024116,1,SKU36918,ZAV00193,2,630.55,174.35
ZA-00024117,1,SKU16389,ZAV00777,1,513.85,160.56
ZA-00024117,2,SKU64783,ZAV00160,1,1095.29,175.58
ZA-00024118,1,SKU90405,ZAV00560,1,1940.54,96.22
ZA-00024119,1,SKU23344,ZAV00010,1,1942.01,145.68
ZA-00024119,2,SKU30282,ZAV00108,1,42.55,91.03
ZA-00024119,3,SKU62398,ZAV00188,1,797.62,54.82
ZA-00024120,1,SKU89703,ZAV00390,1,258.8,117.95
ZA-00024121,1,SKU40989,ZAV00065,3,298.15,98.75
ZA-00024121,2,SKU21928,ZAV00755,1,408.65,84.59
ZA-00024122,1,SKU95174,ZAV00014,1,133.36,59.63
ZA-00024123,1,SKU84116,ZAV00382,1,1992.22,90.44
ZA-00024124,1,SKU60214,ZAV00017,1,1122.52,179.46
ZA-00024124,2,SKU57552,ZAV00289,1,174.02,40.39
ZA-00024124,3,SKU60767,ZAV00425,3,918.14,77.39
ZA-00024125,1,SKU99456,ZAV00616,1,64.97,47.42
ZA-00024126,1,SKU40908,ZAV00136,3,370.35,133.71
ZA-00024126,2,SKU54203,ZAV00629,1,107.94,81.46
ZA-00024127,1,SKU90767,ZAV00084,1,857.12,150.48
ZA-00024127,2,SKU86574,ZAV00128,1,110.53,65.83
ZA-00024128,1,SKU79584,ZAV00384,1,207.29,80.64
ZA-00024128,2,SKU78148,ZAV00526,1,456.87,137.08
ZA-00024129,1,SKU60256,ZAV00584,1,188.3,89.92
ZA-00024130,1,SKU81501,ZAV00213,2,1030.28,45.06
ZA-00024131,1,SKU15027,ZAV00772,1,274.21,136.84
ZA-00024132,1,SKU51684,ZAV00676,1,334.94,66.29
ZA-00024132,2,SKU77268,ZAV00419,1,385.46,111.6
ZA-00024133,1,SKU82915,ZAV00024,1,243.1,126.77
ZA-00024134,1,SKU93794,ZAV00119,1,812.66,144.78
ZA-00024134,2,SKU84718,ZAV00256,1,145.85,77.28
ZA-00024135,1,SKU11808,ZAV00094,2,350.48,98.66
ZA-00024136,1,SKU33984,ZAV00215,1,358.19,95.53
ZA-00024137,1,SKU50055,ZAV00352,2,443.67,64.28
ZA-00024137,2,SKU45073,ZAV00306,1,787.25,70.68
ZA-00024138,1,SKU32315,ZAV00266,2,987.85,43.51
ZA-00024139,1,SKU98230,ZAV00642,1,450.83,63.41
ZA-00024140,1,SKU18164,ZAV00571,1,204.1,87.73
ZA-00024140,2,SKU22720,ZAV00082,1,380.04,138.02
ZA-00024141,1,SKU97436,ZAV00487,1,678.32,142.89
ZA-00024142,1,SKU36722,ZAV00120,1,996.41,174.74
ZA-00024143,1,SKU53907,ZAV00316,1,125.52,172.75
ZA-00024143,2,SKU91859,ZAV00476,1,259.83,58.38
ZA-00024144,1,SKU69123,ZAV00632,1,111.37,77.19
ZA-00024144,2,SKU84051,ZAV00423,1,703.69,118.35
ZA-00024145,1,SKU18507,ZAV00343,2,864.23,130.03
ZA-00024146,1,SKU25738,ZAV00278,1,2660.47,75.4
ZA-00024147,1,SKU88312,ZAV00013,1,1433.67,44.19
ZA-00024147,2,SKU53439,ZAV00636,1,95.68,75.04
ZA-00024148,1,SKU58723,ZAV00518,1,605.81,36.29
ZA-00024148,2,SKU26731,ZAV00390,1,491.45,92.76
ZA-00024149,1,SKU50420,ZAV00443,1,421.96,168.87
ZA-00024149,2,SKU12280,ZAV00154,1,377.74,158.2
ZA-00024149,3,SKU21262,ZAV00330,1,2400.0,77.37
ZA-00024150,1,SKU65170,ZAV00058,1,576.96,141.18
ZA-00024151,1,SKU66933,ZAV00195,1,602.64,122.71
ZA-00024151,2,SKU82337,ZAV00265,1,265.31,41.1
ZA-00024152,1,SKU13548,ZAV00200,1,478.65,107.02
ZA-00024153,1,SKU93174,ZAV00540,1,750.49,122.79
ZA-00024154,1,SKU37655,ZAV00177,1,847.48,157.07
ZA-00024154,2,SKU69853,ZAV00740,1,363.71,89.95
ZA-00024154,3,SKU95707,ZAV00074,1,1381.28,102.57
ZA-00024155,1,SKU78709,ZAV00220,1,696.73,174.21
ZA-00024156,1,SKU52750,ZAV00623,2,689.6,127.93
ZA-00024157,1,SKU42088,ZAV00305,1,437.92,169.45
ZA-00024158,1,SKU63248,ZAV00153,1,1795.99,100.28
ZA-00024159,1,SKU51640,ZAV00170,1,736.68,77.5
ZA-00024160,1,SKU56001,ZAV00528,1,107.22,120.93
ZA-00024161,1,SKU22014,ZAV00492,2,1073.92,170.05
ZA-00024162,1,SKU13989,ZAV00396,1,409.42,178.66
ZA-00024163,1,SKU89392,ZAV00776,1,260.45,109.11
ZA-00024163,2,SKU99466,ZAV00460,1,1355.94,120.88
ZA-00024164,1,SKU73643,ZAV00240,1,321.28,148.77
ZA-00024165,1,SKU89501,ZAV00408,1,868.88,92.76
ZA-00024165,2,SKU72015,ZAV00416,3,448.72,95.36
ZA-00024166,1,SKU14610,ZAV00620,1,3306.4,85.98
ZA-00024166,2,SKU90242,ZAV00016,1,155.1,79.26
ZA-00024166,3,SKU74970,ZAV00043,2,325.85,174.69
ZA-00024167,1,SKU72311,ZAV00102,2,99.23,38.65
ZA-00024168,1,SKU99270,ZAV00032,2,242.41,44.04
ZA-00024168,2,SKU54478,ZAV00714,1,148.01,50.28
ZA-00024168,3,SKU41240,ZAV00585,1,763.12,62.33
ZA-00024169,1,SKU82972,ZAV00322,1,292.71,62.16
ZA-00024169,2,SKU74724,ZAV00692,1,1503.46,98.9
ZA-00024170,1,SKU49823,ZAV00134,1,289.41,119.92
ZA-00024171,1,SKU55169,ZAV00224,1,114.39,60.82
ZA-00024172,1,SKU96712,ZAV00655,3,304.91,90.76
ZA-00024173,1,SKU15654,ZAV00218,1,317.1,64.52
ZA-00024174,1,SKU13767,ZAV00561,1,146.86,148.14
ZA-00024174,2,SKU52693,ZAV00093,1,161.21,117.22
ZA-00024175,1,SKU56222,ZAV00604,1,398.21,59.08
ZA-00024176,1,SKU97427,ZAV00466,1,214.02,125.37
ZA-00024177,1,SKU58587,ZAV00136,1,653.95,146.53
ZA-00024177,2,SKU98039,ZAV00282,1,302.07,63.37
ZA-00024178,1,SKU67141,ZAV00059,1,167.68,174.6
ZA-00024179,1,SKU83266,ZAV00494,1,578.88,38.71
ZA-00024180,1,SKU49301,ZAV00285,1,413.59,81.8
ZA-00024181,1,SKU54953,ZAV00211,1,1151.04,139.34
ZA-00024181,2,SKU75324,ZAV00469,1,1875.02,103.28
ZA-00024181,3,SKU42592,ZAV00019,1,693.67,81.06
ZA-00024182,1,SKU34423,ZAV00357,3,336.31,107.21
ZA-00024183,1,SKU60025,ZAV00483,3,732.48,177.4
ZA-00024184,1,SKU64620,ZAV00393,2,1252.16,114.24
ZA-00024185,1,SKU79579,ZAV00679,1,497.05,81.69
ZA-00024185,2,SKU37305,ZAV00016,1,192.49,125.92
ZA-00024185,3,SKU87909,ZAV00762,2,571.52,124.76
ZA-00024186,1,SKU79748,ZAV00340,2,898.74,65.34
ZA-00024187,1,SKU31816,ZAV00291,1,454.09,137.23
ZA-00024187,2,SKU68985,ZAV00479,1,490.58,45.74
ZA-00024187,3,SKU19313,ZAV00468,1,524.78,122.55
ZA-00024188,1,SKU60685,ZAV00516,1,247.27,116.21
ZA-00024189,1,SKU40766,ZAV00389,1,680.7,144.62
ZA-00024189,2,SKU19229,ZAV00302,1,450.1,175.98
ZA-00024190,1,SKU10810,ZAV00049,1,524.46,179.82
ZA-00024191,1,SKU52996,ZAV00041,2,1190.5,160.51
ZA-00024192,1,SKU67325,ZAV00642,1,537.59,101.38
ZA-00024193,1,SKU96434,ZAV00325,1,82.87,122.15
ZA-00024194,1,SKU29622,ZAV00546,1,382.62,168.44
ZA-00024195,1,SKU68733,ZAV00342,1,370.55,92.14
ZA-00024196,1,SKU13710,ZAV00367,1,1061.46,178.2
ZA-00024197,1,SKU67822,ZAV00444,1,1766.54,76.58
ZA-00024198,1,SKU46308,ZAV00039,1,1498.34,131.68
ZA-00024199,1,SKU51804,ZAV00581,1,210.74,66.04
ZA-00024200,1,SKU12527,ZAV00543,1,302.12,36.25
ZA-00024200,2,SKU78581,ZAV00450,1,181.12,74.16
ZA-00024200,3,SKU52061,ZAV00057,1,577.59,141.37
ZA-00024201,1,SKU21572,ZAV00036,1,1184.78,160.2
ZA-00024202,1,SKU21149,ZAV00628,1,501.34,48.89
ZA-00024202,2,SKU79034,ZAV00205,1,223.28,111.44
ZA-00024203,1,SKU76062,ZAV00013,1,1027.73,172.42
ZA-00024204,1,SKU52687,ZAV00754,1,321.13,52.62
ZA-00024205,1,SKU90498,ZAV00300,1,243.48,121.58
ZA-00024205,2,SKU34526,ZAV00279,1,434.5,144.45
ZA-00024206,1,SKU91171,ZAV00510,1,60.71,113.66
ZA-00024207,1,SKU66508,ZAV00095,1,476.96,116.38
ZA-00024208,1,SKU55337,ZAV00561,1,1184.08,71.15
ZA-00024209,1,SKU97051,ZAV00336,1,777.63,83.77
ZA-00024209,2,SKU95986,ZAV00409,1,451.0,70.69
ZA-00024210,1,SKU78197,ZAV00481,1,50.37,58.15
ZA-00024211,1,SKU87523,ZAV00096,1,250.97,38.92
ZA-00024211,2,SKU70225,ZAV00245,1,243.96,38.26
ZA-00024212,1,SKU33491,ZAV00607,1,707.08,152.47
ZA-00024212,2,SKU28135,ZAV00554,1,165.93,156.61
ZA-00024213,1,SKU44721,ZAV00153,1,708.59,126.24
ZA-00024214,1,SKU61310,ZAV00420,1,187.13,164.46
ZA-00024214,2,SKU58910,ZAV00015,2,591.46,154.31
ZA-00024215,1,SKU10966,ZAV00739,1,371.23,105.86
ZA-00024216,1,SKU70950,ZAV00699,1,436.52,136.23
ZA-00024217,1,SKU40776,ZAV00694,1,890.23,104.81
ZA-00024217,2,SKU56945,ZAV00254,1,906.04,163.52
ZA-00024218,1,SKU12782,ZAV00387,1,1020.09,162.29
ZA-00024219,1,SKU47852,ZAV00628,1,2778.73,93.95
ZA-00024220,1,SKU20488,ZAV00564,1,330.21,83.27
ZA-00024220,2,SKU11712,ZAV00348,1,381.86,36.82
ZA-00024221,1,SKU48006,ZAV00673,1,1222.33,103.81
ZA-00024222,1,SKU13271,ZAV00085,1,329.68,120.1
ZA-00024222,2,SKU14526,ZAV00730,1,133.82,78.41
ZA-00024222,3,SKU67621,ZAV00357,1,477.71,135.33
ZA-00024223,1,SKU45009,ZAV00325,1,420.8,176.61
ZA-00024224,1,SKU97786,ZAV00102,1,413.13,173.39
ZA-00024224,2,SKU15461,ZAV00346,1,1800.32,121.77
ZA-00024224,3,SKU89669,ZAV00026,1,162.43,117.08
ZA-00024225,1,SKU57621,ZAV00559,1,882.58,74.73
ZA-00024226,1,SKU67363,ZAV00771,1,1357.7,49.61
ZA-00024226,2,SKU99378,ZAV00231,1,2153.72,172.22
ZA-00024227,1,SKU55881,ZAV00166,1,153.03,54.07
ZA-00024228,1,SKU63433,ZAV00622,1,110.32,96.34
ZA-00024229,1,SKU49211,ZAV00375,2,1569.01,60.56
ZA-00024229,2,SKU15811,ZAV00706,2,1087.65,129.0
ZA-00024230,1,SKU94142,ZAV00692,1,300.42,85.22
ZA-00024231,1,SKU66447,ZAV00491,1,422.21,120.4
ZA-00024231,2,SKU33306,ZAV00329,2,217.75,142.73
ZA-00024232,1,SKU63016,ZAV00123,2,409.39,179.16
ZA-00024233,1,SKU66803,ZAV00137,3,799.85,37.95
ZA-00024233,2,SKU79088,ZAV00265,1,477.41,169.6
ZA-00024234,1,SKU46123,ZAV00784,1,1155.77,67.55
ZA-00024235,1,SKU18323,ZAV00242,1,331.75,177.91
ZA-00024235,2,SKU89763,ZAV00173,1,149.56,71.75
ZA-00024236,1,SKU94094,ZAV00747,1,410.59,175.23
ZA-00024237,1,SKU46314,ZAV00054,1,153.06,89.19
ZA-00024238,1,SKU99405,ZAV00049,1,332.04,138.49
ZA-00024238,2,SKU10230,ZAV00292,1,523.6,77.57
ZA-00024239,1,SKU49531,ZAV00449,1,108.8,137.5
ZA-00024240,1,SKU57551,ZAV00470,1,221.59,80.51
ZA-00024241,1,SKU56303,ZAV00475,1,1189.34,78.97
ZA-00024242,1,SKU79102,ZAV00666,1,521.01,144.73
ZA-00024243,1,SKU62793,ZAV00052,1,422.37,141.95
ZA-00024244,1,SKU44327,ZAV00631,1,178.27,38.84
ZA-00024245,1,SKU11387,ZAV00456,1,418.6,136.99
ZA-00024246,1,SKU76056,ZAV00576,1,695.0,176.32
ZA-00024247,1,SKU63971,ZAV00413,1,403.78,148.0
ZA-00024248,1,SKU76966,ZAV00558,2,845.93,166.92
ZA-00024248,2,SKU24962,ZAV00244,2,500.8,135.63
ZA-00024248,3,SKU70467,ZAV00374,1,760.67,134.07
ZA-00024249,1,SKU86957,ZAV00114,1,382.2,105.02
ZA-00024250,1,SKU45929,ZAV00199,1,327.61,167.46
ZA-00024251,1,SKU43514,ZAV00037,1,1086.76,153.65
ZA-00024252,1,SKU11583,ZAV00207,1,68.49,120.46
ZA-00024253,1,SKU40103,ZAV00236,1,403.69,127.78
ZA-00024254,1,SKU65984,ZAV00202,1,332.94,78.18
ZA-00024254,2,SKU50291,ZAV00493,1,1339.95,88.13
ZA-00024255,1,SKU71292,ZAV00333,1,90.6,154.32
ZA-00024255,2,SKU87368,ZAV00467,1,424.07,51.97
ZA-00024256,1,SKU78433,ZAV00774,1,1296.74,149.02
ZA-00024257,1,SKU30617,ZAV00125,1,3963.82,76.11
ZA-00024258,1,SKU55591,ZAV00224,1,289.39,150.03
ZA-00024259,1,SKU56812,ZAV00582,2,104.78,78.09
ZA-00024259,2,SKU82093,ZAV00197,1,667.26,167.07
ZA-00024260,1,SKU37720,ZAV00786,2,534.89,155.17
ZA-00024261,1,SKU28895,ZAV00714,1,749.38,129.32
ZA-00024262,1,SKU48470,ZAV00260,1,159.47,108.4
ZA-00024263,1,SKU66129,ZAV00401,1,238.84,109.79
ZA-00024264,1,SKU44650,ZAV00232,2,635.53,162.03
ZA-00024265,1,SKU24244,ZAV00477,1,487.09,145.48
ZA-00024266,1,SKU37058,ZAV00303,1,179.37,174.8
ZA-00024267,1,SKU26167,ZAV00358,1,152.44,152.68
ZA-00024267,2,SKU60118,ZAV00406,1,176.18,81.01
ZA-00024268,1,SKU25032,ZAV00275,1,1290.96,160.27
ZA-00024269,1,SKU35178,ZAV00464,1,919.9,69.75
ZA-00024270,1,SKU98993,ZAV00246,1,292.87,142.17
ZA-00024271,1,SKU95470,ZAV00544,2,527.99,40.52
ZA-00024271,2,SKU56337,ZAV00229,1,271.43,116.64
ZA-00024271,3,SKU57929,ZAV00533,1,614.53,151.84
ZA-00024272,1,SKU57968,ZAV00571,1,1305.84,170.03
ZA-00024273,1,SKU16492,ZAV00672,1,119.66,55.94
ZA-00024273,2,SKU43925,ZAV00672,1,736.32,139.91
ZA-00024274,1,SKU85164,ZAV00637,2,104.23,36.99
ZA-00024275,1,SKU33148,ZAV00048,2,719.01,124.01
ZA-00024276,1,SKU11546,ZAV00445,1,497.28,52.53
ZA-00024277,1,SKU17155,ZAV00680,2,476.98,141.59
ZA-00024278,1,SKU90427,ZAV00390,1,532.09,113.26
ZA-00024279,1,SKU11187,ZAV00409,1,232.88,42.19
ZA-00024280,1,SKU56076,ZAV00611,1,246.13,162.91
ZA-00024281,1,SKU28586,ZAV00599,1,3025.99,44.78
ZA-00024282,1,SKU88234,ZAV00518,1,1218.63,147.06
ZA-00024283,1,SKU67180,ZAV00400,1,394.84,161.88
ZA-00024284,1,SKU93332,ZAV00244,1,460.48,129.48
ZA-00024285,1,SKU89352,ZAV00526,1,221.51,152.75
ZA-00024286,1,SKU42442,ZAV00777,1,1026.5,53.88
ZA-00024287,1,SKU67211,ZAV00259,1,391.71,158.76
ZA-00024288,1,SKU34425,ZAV00059,1,334.29,179.91
ZA-00024288,2,SKU59655,ZAV00199,3,1033.9,103.85
ZA-00024289,1,SKU59043,ZAV00758,2,469.14,153.56
ZA-00024289,2,SKU39291,ZAV00780,1,593.46,137.22
ZA-00024290,1,SKU84347,ZAV00786,3,1282.61,172.34
ZA-00024291,1,SKU98143,ZAV00236,3,333.65,109.76
ZA-00024292,1,SKU79617,ZAV00736,1,483.91,121.62
ZA-00024293,1,SKU66660,ZAV00565,3,39.5,149.29
ZA-00024294,1,SKU20893,ZAV00486,1,243.96,132.96
ZA-00024295,1,SKU99060,ZAV00233,2,177.9,58.69
ZA-00024296,1,SKU12596,ZAV00445,1,828.82,102.35
ZA-00024297,1,SKU74072,ZAV00607,1,456.2,166.2
ZA-00024298,1,SKU31725,ZAV00209,1,161.07,125.31
ZA-00024299,1,SKU20030,ZAV00325,1,336.55,137.8
ZA-00024299,2,SKU47351,ZAV00383,1,225.39,172.92
ZA-00024300,1,SKU64876,ZAV00646,1,658.43,169.96
ZA-00024301,1,SKU56907,ZAV00591,1,265.55,173.41
ZA-00024302,1,SKU72828,ZAV00685,1,329.97,55.24
ZA-00024302,2,SKU86867,ZAV00655,1,66.19,77.27
ZA-00024303,1,SKU84828,ZAV00292,1,371.18,90.31
ZA-00024303,2,SKU84328,ZAV00443,2,126.28,54.65
ZA-00024303,3,SKU23821,ZAV00429,1,154.71,171.08
ZA-00024304,1,SKU21976,ZAV00063,1,1391.62,56.33
ZA-00024304,2,SKU54679,ZAV00405,1,461.85,43.85
ZA-00024305,1,SKU16181,ZAV00399,1,1184.44,58.34
ZA-00024305,2,SKU77769,ZAV00349,1,383.99,58.89
ZA-00024306,1,SKU81000,ZAV00720,1,3159.78,120.84
ZA-00024307,1,SKU28957,ZAV00291,1,1324.15,53.79
ZA-00024307,2,SKU54109,ZAV00303,1,141.69,127.86
ZA-00024307,3,SKU22825,ZAV00387,2,333.05,120.98
ZA-00024308,1,SKU15545,ZAV00645,2,764.4,62.76
ZA-00024309,1,SKU53027,ZAV00280,1,128.81,56.91
ZA-00024309,2,SKU84531,ZAV00716,1,660.75,159.57
ZA-00024310,1,SKU17030,ZAV00756,2,139.5,116.87
ZA-00024311,1,SKU36180,ZAV00155,1,1225.9,146.06
ZA-00024311,2,SKU88703,ZAV00083,1,368.41,46.48
ZA-00024311,3,SKU18644,ZAV00328,1,1605.06,83.35
ZA-00024312,1,SKU65528,ZAV00513,1,239.31,114.67
ZA-00024313,1,SKU81849,ZAV00581,1,108.1,89.55
ZA-00024314,1,SKU50897,ZAV00414,1,198.16,76.76
ZA-00024315,1,SKU27376,ZAV00723,1,481.39,157.58
ZA-00024316,1,SKU90042,ZAV00198,1,259.31,118.87
ZA-00024317,1,SKU41292,ZAV00403,1,738.07,66.58
ZA-00024318,1,SKU47283,ZAV00225,1,1419.52,94.61
ZA-00024318,2,SKU24142,ZAV00704,1,560.35,90.74
ZA-00024319,1,SKU97040,ZAV00048,1,301.37,35.86
ZA-00024320,1,SKU58457,ZAV00259,1,184.59,71.42
ZA-00024321,1,SKU39236,ZAV00251,1,702.14,165.94
ZA-00024322,1,SKU82168,ZAV00528,1,705.47,48.2
ZA-00024323,1,SKU63869,ZAV00645,1,738.85,175.04
ZA-00024323,2,SKU53508,ZAV00010,2,261.32,89.75
ZA-00024324,1,SKU55803,ZAV00021,1,187.17,60.48
ZA-00024325,1,SKU37854,ZAV00124,1,181.73,46.71
ZA-00024326,1,SKU20358,ZAV00616,1,268.71,108.88
ZA-00024326,2,SKU46887,ZAV00714,1,117.2,127.43
ZA-00024327,1,SKU18934,ZAV00379,1,217.53,176.97
ZA-00024328,1,SKU89105,ZAV00746,1,1531.57,35.59
ZA-00024329,1,SKU51991,ZAV00657,1,224.68,155.33
ZA-00024330,1,SKU77094,ZAV00429,1,444.2,78.67
ZA-00024331,1,SKU13595,ZAV00789,1,614.5,134.49
ZA-00024332,1,SKU19393,ZAV00773,1,370.1,144.78
ZA-00024333,1,SKU24660,ZAV00311,1,341.91,85.52
ZA-00024334,1,SKU34237,ZAV00295,3,161.51,92.0
ZA-00024335,1,SKU26220,ZAV00681,2,71.12,126.87
ZA-00024336,1,SKU86160,ZAV00231,1,250.44,133.65
ZA-00024336,2,SKU48010,ZAV00785,1,821.9,73.94
ZA-00024337,1,SKU72204,ZAV00387,1,371.79,150.01
ZA-00024338,1,SKU67052,ZAV00037,1,503.45,147.21
ZA-00024339,1,SKU85372,ZAV00069,1,923.2,82.83
ZA-00024340,1,SKU90056,ZAV00273,1,976.5,176.99
ZA-00024340,2,SKU56361,ZAV00609,2,299.81,170.09
ZA-00024341,1,SKU13978,ZAV00058,1,156.15,135.94
ZA-00024342,1,SKU19084,ZAV00589,1,123.91,98.37
ZA-00024343,1,SKU26509,ZAV00777,2,338.04,99.47
ZA-00024343,2,SKU93836,ZAV00673,1,173.48,111.31
ZA-00024344,1,SKU53335,ZAV00510,1,515.5,52.69
ZA-00024345,1,SKU86719,ZAV00628,1,1989.56,82.0
ZA-00024346,1,SKU23830,ZAV00545,1,1002.98,81.32
ZA-00024347,1,SKU36479,ZAV00788,1,221.4,88.75
ZA-00024348,1,SKU23372,ZAV00362,1,326.01,45.86
ZA-00024349,1,SKU35372,ZAV00563,1,814.43,159.74
ZA-00024350,1,SKU34182,ZAV00353,1,59.01,85.92
ZA-00024351,1,SKU14024,ZAV00120,1,562.45,98.79
ZA-00024352,1,SKU34852,ZAV00443,1,668.44,64.04
ZA-00024353,1,SKU11295,ZAV00482,1,179.82,71.75
ZA-00024354,1,SKU54771,ZAV00654,1,557.24,68.62
ZA-00024354,2,SKU53894,ZAV00263,1,778.32,64.73
ZA-00024355,1,SKU71206,ZAV00325,2,2622.55,39.61
ZA-00024355,2,SKU96533,ZAV00630,2,992.25,156.25
ZA-00024355,3,SKU48187,ZAV00431,1,1114.13,54.62
ZA-00024356,1,SKU58617,ZAV00021,1,508.74,116.38
ZA-00024357,1,SKU66442,ZAV00754,1,683.25,131.81
ZA-00024358,1,SKU35935,ZAV00269,2,633.0,92.0
ZA-00024359,1,SKU31944,ZAV00125,2,956.67,125.34
ZA-00024360,1,SKU69709,ZAV00537,2,281.85,47.68
ZA-00024360,2,SKU28909,ZAV00545,1,385.05,158.0
ZA-00024361,1,SKU63951,ZAV00076,1,652.43,157.32
ZA-00024362,1,SKU44235,ZAV00466,1,1660.2,55.54
ZA-00024363,1,SKU49724,ZAV00079,1,99.19,71.28
ZA-00024364,1,SKU97023,ZAV00035,1,710.01,101.12
ZA-00024364,2,SKU45805,ZAV00083,1,386.99,141.19
ZA-00024364,3,SKU11785,ZAV00765,1,790.44,97.32
ZA-00024365,1,SKU48914,ZAV00048,1,437.36,53.77
ZA-00024366,1,SKU47105,ZAV00794,1,1070.95,154.69
ZA-00024367,1,SKU71190,ZAV00647,1,312.24,165.93
ZA-00024368,1,SKU53952,ZAV00104,1,109.83,107.66
ZA-00024369,1,SKU32084,ZAV00219,2,395.61,175.85
ZA-00024370,1,SKU32462,ZAV00306,2,728.08,74.07
ZA-00024371,1,SKU42304,ZAV00051,1,761.6,137.52
ZA-00024372,1,SKU91385,ZAV00441,1,304.16,70.6
ZA-00024373,1,SKU38877,ZAV00502,2,537.43,65.46
ZA-00024373,2,SKU84682,ZAV00259,1,1300.46,170.87
ZA-00024374,1,SKU57468,ZAV00461,1,191.79,49.11
ZA-00024374,2,SKU82561,ZAV00609,1,337.54,162.86
ZA-00024375,1,SKU34140,ZAV00195,1,1018.08,107.02
ZA-00024376,1,SKU13731,ZAV00329,1,271.99,63.21
ZA-00024376,2,SKU98569,ZAV00381,1,426.43,137.52
ZA-00024376,3,SKU50824,ZAV00108,1,1174.91,107.62
ZA-00024377,1,SKU24085,ZAV00578,1,1555.94,61.12
ZA-00024378,1,SKU80339,ZAV00535,1,490.64,71.6
ZA-00024379,1,SKU73876,ZAV00043,1,498.36,155.24
ZA-00024379,2,SKU51335,ZAV00106,1,1045.79,169.15
ZA-00024380,1,SKU62901,ZAV00799,1,804.16,67.52
ZA-00024380,2,SKU60660,ZAV00602,3,884.45,88.98
ZA-00024380,3,SKU74742,ZAV00740,1,223.98,72.17
ZA-00024381,1,SKU70307,ZAV00719,1,736.89,162.83
ZA-00024381,2,SKU50072,ZAV00597,1,65.7,91.78
ZA-00024382,1,SKU98403,ZAV00739,1,498.44,96.4
ZA-00024382,2,SKU33458,ZAV00311,1,365.2,55.26
ZA-00024383,1,SKU41026,ZAV00751,1,521.93,146.26
ZA-00024384,1,SKU84416,ZAV00772,1,610.8,47.18
ZA-00024385,1,SKU56847,ZAV00142,1,100.05,176.03
ZA-00024386,1,SKU49578,ZAV00466,1,533.52,117.57
ZA-00024386,2,SKU41168,ZAV00381,1,625.83,178.95
ZA-00024387,1,SKU76930,ZAV00471,1,1210.04,76.22
ZA-00024387,2,SKU11639,ZAV00258,1,454.45,139.76
ZA-00024388,1,SKU75752,ZAV00212,1,2654.96,110.63
ZA-00024389,1,SKU58439,ZAV00490,1,91.74,87.75
ZA-00024390,1,SKU31567,ZAV00402,1,59.38,178.02
ZA-00024391,1,SKU64641,ZAV00280,1,1810.45,178.67
ZA-00024392,1,SKU71374,ZAV00575,1,591.27,94.36
ZA-00024393,1,SKU31632,ZAV00191,1,503.39,162.44
ZA-00024393,2,SKU78417,ZAV00118,1,147.1,144.52
ZA-00024394,1,SKU50545,ZAV00335,2,1932.54,121.78
ZA-00024395,1,SKU94794,ZAV00232,1,1070.47,59.22
ZA-00024396,1,SKU72934,ZAV00699,1,1009.35,130.02
ZA-00024397,1,SKU63720,ZAV00588,1,324.82,148.42
ZA-00024398,1,SKU33616,ZAV00160,1,728.38,170.77
ZA-00024399,1,SKU89161,ZAV00536,1,738.37,129.09
ZA-00024400,1,SKU28359,ZAV00717,1,574.15,60.57
ZA-00024401,1,SKU50142,ZAV00505,1,127.59,50.52
ZA-00024402,1,SKU86456,ZAV00587,1,332.24,87.0
ZA-00024403,1,SKU89066,ZAV00752,2,184.99,50.19
ZA-00024404,1,SKU36825,ZAV00668,1,275.61,156.15
ZA-00024405,1,SKU21416,ZAV00552,1,189.14,87.56
ZA-00024405,2,SKU32875,ZAV00018,1,284.11,41.21
ZA-00024406,1,SKU43664,ZAV00398,1,604.68,110.54
ZA-00024407,1,SKU97537,ZAV00222,1,625.23,87.87
ZA-00024408,1,SKU74316,ZAV00757,1,471.69,113.32
ZA-00024409,1,SKU20762,ZAV00361,1,254.02,127.23
ZA-00024410,1,SKU12616,ZAV00289,1,601.47,130.45
ZA-00024411,1,SKU11426,ZAV00192,2,406.93,144.88
ZA-00024412,1,SKU42529,ZAV00078,1,312.41,71.84
ZA-00024413,1,SKU84181,ZAV00636,2,462.95,144.01
ZA-00024413,2,SKU80713,ZAV00464,1,1176.91,135.45
ZA-00024413,3,SKU65947,ZAV00589,1,100.44,176.58
ZA-00024414,1,SKU45066,ZAV00333,1,538.23,68.12
ZA-00024415,1,SKU39432,ZAV00096,1,623.38,86.17
ZA-00024415,2,SKU63100,ZAV00230,1,173.55,94.31
ZA-00024415,3,SKU29766,ZAV00540,2,576.74,143.33
ZA-00024416,1,SKU67016,ZAV00624,1,1137.04,179.89
ZA-00024417,1,SKU96978,ZAV00567,1,182.44,64.92
ZA-00024418,1,SKU17833,ZAV00085,1,429.08,98.43
ZA-00024419,1,SKU11651,ZAV00708,1,718.38,59.47
ZA-00024419,2,SKU49659,ZAV00706,1,101.67,61.46
ZA-00024420,1,SKU60380,ZAV00407,1,1282.9,77.48
ZA-00024421,1,SKU27473,ZAV00734,1,209.41,62.89
ZA-00024422,1,SKU16387,ZAV00254,1,234.83,43.41
ZA-00024423,1,SKU94475,ZAV00746,2,849.76,131.63
ZA-00024424,1,SKU65923,ZAV00234,2,763.01,106.06
ZA-00024425,1,SKU29566,ZAV00217,1,587.83,139.06
ZA-00024426,1,SKU79327,ZAV00375,1,208.4,129.13
ZA-00024427,1,SKU47972,ZAV00180,1,689.73,130.02
ZA-00024427,2,SKU32910,ZAV00456,1,189.38,135.41
ZA-00024427,3,SKU92792,ZAV00409,1,423.31,117.22
ZA-00024428,1,SKU42842,ZAV00624,1,363.97,161.27
ZA-00024429,1,SKU76688,ZAV00524,1,1011.56,81.89
ZA-00024430,1,SKU75826,ZAV00051,1,498.0,159.28
ZA-00024431,1,SKU13486,ZAV00661,3,568.8,144.97
ZA-00024432,1,SKU92144,ZAV00686,1,800.4,56.2
ZA-00024433,1,SKU41146,ZAV00425,1,480.18,62.31
ZA-00024433,2,SKU94541,ZAV00299,1,61.31,103.03
ZA-00024434,1,SKU48891,ZAV00388,1,619.04,165.8
ZA-00024434,2,SKU10797,ZAV00549,1,180.55,143.93
ZA-00024435,1,SKU23541,ZAV00800,1,2242.74,68.2
ZA-00024436,1,SKU14775,ZAV00029,1,399.89,128.3
ZA-00024437,1,SKU70945,ZAV00363,1,1119.94,146.26
ZA-00024438,1,SKU53319,ZAV00459,2,353.93,46.81
ZA-00024439,1,SKU87742,ZAV00018,1,351.39,52.34
ZA-00024439,2,SKU31722,ZAV00775,1,904.58,122.93
ZA-00024440,1,SKU86426,ZAV00735,1,3553.43,42.64
ZA-00024441,1,SKU87598,ZAV00051,1,209.25,115.7
ZA-00024441,2,SKU60154,ZAV00213,2,215.66,101.96
ZA-00024442,1,SKU41879,ZAV00177,1,140.88,133.42
ZA-00024443,1,SKU70324,ZAV00109,2,458.23,76.84
ZA-00024444,1,SKU55136,ZAV00311,1,369.16,107.6
ZA-00024444,2,SKU91439,ZAV00505,1,1015.25,162.68
ZA-00024445,1,SKU22057,ZAV00076,2,441.15,41.09
ZA-00024446,1,SKU47687,ZAV00655,1,235.78,119.32
ZA-00024447,1,SKU87055,ZAV00044,1,723.6,94.29
ZA-00024447,2,SKU12523,ZAV00558,2,336.27,65.55
ZA-00024448,1,SKU99509,ZAV00431,1,343.58,167.03
ZA-00024449,1,SKU43674,ZAV00699,2,340.43,35.74
ZA-00024450,1,SKU19169,ZAV00255,1,559.02,107.31
ZA-00024451,1,SKU45967,ZAV00090,1,299.85,146.77
ZA-00024452,1,SKU98959,ZAV00663,1,1711.83,52.38
ZA-00024453,1,SKU17016,ZAV00768,1,288.79,55.19
ZA-00024454,1,SKU20253,ZAV00122,1,330.52,145.11
ZA-00024455,1,SKU79279,ZAV00004,1,952.65,147.13
ZA-00024455,2,SKU52812,ZAV00009,2,888.56,177.52
ZA-00024456,1,SKU30898,ZAV00049,1,202.72,122.81
ZA-00024457,1,SKU78255,ZAV00702,1,126.45,156.97
ZA-00024458,1,SKU66477,ZAV00770,3,199.69,141.02
ZA-00024459,1,SKU74297,ZAV00559,1,410.51,81.31
ZA-00024460,1,SKU59262,ZAV00776,1,211.47,90.98
ZA-00024461,1,SKU32438,ZAV00261,1,171.51,178.95
ZA-00024461,2,SKU42139,ZAV00457,1,161.34,76.45
ZA-00024462,1,SKU86162,ZAV00571,1,325.59,138.07
ZA-00024462,2,SKU62297,ZAV00232,1,608.01,89.83
ZA-00024463,1,SKU89181,ZAV00147,1,1833.17,165.85
ZA-00024464,1,SKU43340,ZAV00672,1,756.57,175.7
ZA-00024465,1,SKU25999,ZAV00438,1,245.68,175.59
ZA-00024465,2,SKU89643,ZAV00056,1,337.16,72.0
ZA-00024466,1,SKU39672,ZAV00112,1,384.12,37.36
ZA-00024466,2,SKU76427,ZAV00328,1,253.68,175.01
ZA-00024467,1,SKU66414,ZAV00681,1,311.47,84.58
ZA-00024468,1,SKU82555,ZAV00615,1,550.72,151.58
ZA-00024468,2,SKU34763,ZAV00101,1,147.92,157.69
ZA-00024469,1,SKU19047,ZAV00312,2,550.11,75.49
ZA-00024470,1,SKU36086,ZAV00538,1,489.68,84.64
ZA-00024470,2,SKU86000,ZAV00014,1,74.51,36.59
ZA-00024471,1,SKU45043,ZAV00569,1,176.5,95.68
ZA-00024472,1,SKU57090,ZAV00289,1,255.77,107.85
ZA-00024472,2,SKU25877,ZAV00030,1,1219.55,41.81
ZA-00024473,1,SKU79600,ZAV00018,2,128.44,127.99
ZA-00024474,1,SKU23071,ZAV00056,1,202.84,55.86
ZA-00024475,1,SKU62337,ZAV00634,1,629.84,95.22
ZA-00024475,2,SKU52176,ZAV00613,3,393.09,146.48
ZA-00024476,1,SKU38578,ZAV00738,1,1923.45,119.9
ZA-00024477,1,SKU96305,ZAV00407,1,864.76,141.72
ZA-00024478,1,SKU30489,ZAV00142,1,248.64,174.06
ZA-00024478,2,SKU19884,ZAV00510,1,383.61,37.55
ZA-00024478,3,SKU23628,ZAV00199,1,207.63,70.0
ZA-00024479,1,SKU22299,ZAV00173,1,172.59,66.78
ZA-00024480,1,SKU85023,ZAV00472,1,1180.42,132.22
ZA-00024481,1,SKU80620,ZAV00212,1,952.6,86.48
ZA-00024481,2,SKU11741,ZAV00211,1,1177.37,108.47
ZA-00024482,1,SKU92588,ZAV00100,1,412.98,119.25
ZA-00024483,1,SKU13905,ZAV00134,2,825.76,105.52
ZA-00024484,1,SKU83951,ZAV00559,1,101.79,39.47
ZA-00024485,1,SKU79536,ZAV00347,2,587.53,80.92
ZA-00024486,1,SKU23519,ZAV00654,2,482.69,121.15
ZA-00024486,2,SKU84832,ZAV00713,1,1065.71,140.98
ZA-00024487,1,SKU14772,ZAV00227,2,785.36,152.58
ZA-00024488,1,SKU13110,ZAV00428,1,963.52,99.31
ZA-00024489,1,SKU66579,ZAV00397,1,1342.2,93.04
ZA-00024490,1,SKU96922,ZAV00379,1,693.3,157.62
ZA-00024491,1,SKU81813,ZAV00647,2,192.06,103.13
ZA-00024492,1,SKU77163,ZAV00574,1,123.98,50.67
ZA-00024493,1,SKU15676,ZAV00662,1,766.56,132.36
ZA-00024494,1,SKU70685,ZAV00348,2,455.25,36.67
ZA-00024495,1,SKU25026,ZAV00549,1,818.69,162.05
ZA-00024496,1,SKU71781,ZAV00728,1,1478.81,47.35
ZA-00024497,1,SKU74749,ZAV00739,1,496.64,153.25
ZA-00024497,2,SKU11253,ZAV00797,1,211.68,121.71
ZA-00024498,1,SKU81513,ZAV00602,1,625.14,126.16
ZA-00024498,2,SKU80812,ZAV00656,1,581.61,154.86
ZA-00024499,1,SKU45170,ZAV00629,1,178.39,40.88
ZA-00024500,1,SKU28158,ZAV00030,1,624.8,176.45
ZA-00024501,1,SKU90565,ZAV00393,1,1774.96,102.9
ZA-00024502,1,SKU89657,ZAV00778,1,269.19,38.95
ZA-00024503,1,SKU52578,ZAV00725,1,3428.17,179.31
ZA-00024504,1,SKU56869,ZAV00456,1,561.28,98.86
ZA-00024505,1,SKU24363,ZAV00179,1,579.2,155.94
ZA-00024506,1,SKU82623,ZAV00017,1,282.44,68.77
ZA-00024506,2,SKU53007,ZAV00126,1,390.95,45.12
ZA-00024507,1,SKU46266,ZAV00153,1,427.3,105.53
ZA-00024508,1,SKU31921,ZAV00308,1,493.82,157.38
ZA-00024509,1,SKU35280,ZAV00562,1,176.35,85.89
ZA-00024510,1,SKU32861,ZAV00581,1,558.28,38.54
ZA-00024511,1,SKU23321,ZAV00400,1,1075.38,57.0
ZA-00024512,1,SKU90486,ZAV00053,1,247.17,109.0
ZA-00024513,1,SKU25406,ZAV00766,1,927.95,59.18
ZA-00024514,1,SKU94302,ZAV00444,1,442.69,97.06
ZA-00024515,1,SKU68795,ZAV00514,1,546.34,92.57
ZA-00024516,1,SKU34141,ZAV00105,3,2723.6,115.77
ZA-00024517,1,SKU27165,ZAV00359,1,348.26,48.88
ZA-00024518,1,SKU95856,ZAV00735,1,352.27,158.94
ZA-00024519,1,SKU27504,ZAV00429,1,1669.15,138.81
ZA-00024519,2,SKU96545,ZAV00772,1,173.94,60.4
ZA-00024520,1,SKU38416,ZAV00600,1,1693.23,145.72
ZA-00024521,1,SKU22329,ZAV00547,1,315.63,75.75
ZA-00024522,1,SKU19477,ZAV00696,1,649.91,101.61
ZA-00024522,2,SKU98833,ZAV00719,1,238.72,158.86
ZA-00024523,1,SKU76513,ZAV00230,1,703.64,149.36
ZA-00024523,2,SKU40743,ZAV00009,3,394.64,129.89
ZA-00024524,1,SKU17466,ZAV00431,1,109.24,113.81
ZA-00024524,2,SKU96896,ZAV00770,1,99.62,151.07
ZA-00024525,1,SKU67146,ZAV00120,1,192.38,35.17
ZA-00024525,2,SKU61186,ZAV00510,1,883.18,95.69
ZA-00024525,3,SKU74943,ZAV00606,1,211.58,104.66
ZA-00024526,1,SKU36758,ZAV00638,1,497.69,122.92
ZA-00024526,2,SKU85542,ZAV00688,1,255.19,174.89
ZA-00024527,1,SKU85575,ZAV00741,1,717.68,55.86
ZA-00024528,1,SKU56846,ZAV00494,1,1146.73,172.72
ZA-00024529,1,SKU10823,ZAV00441,1,236.52,176.75
ZA-00024529,2,SKU15534,ZAV00298,1,192.47,105.8
ZA-00024530,1,SKU31648,ZAV00260,2,1440.94,168.2
ZA-00024531,1,SKU53592,ZAV00273,1,1187.65,157.52
ZA-00024531,2,SKU38842,ZAV00531,1,394.67,103.06
ZA-00024532,1,SKU82019,ZAV00180,1,520.77,77.73
ZA-00024533,1,SKU45075,ZAV00364,2,800.99,153.42
ZA-00024534,1,SKU52145,ZAV00320,1,1217.58,141.46
ZA-00024535,1,SKU37189,ZAV00218,1,494.29,139.68
ZA-00024536,1,SKU82286,ZAV00690,2,492.75,93.03
ZA-00024537,1,SKU87269,ZAV00253,1,256.76,64.5
ZA-00024538,1,SKU18835,ZAV00033,1,599.58,58.34
ZA-00024539,1,SKU25055,ZAV00667,1,980.13,59.2
ZA-00024540,1,SKU67519,ZAV00140,1,827.09,94.76
ZA-00024541,1,SKU38770,ZAV00301,1,826.89,163.2
ZA-00024542,1,SKU19505,ZAV00213,1,493.81,163.76
ZA-00024542,2,SKU23858,ZAV00155,1,313.06,115.29
ZA-00024542,3,SKU92593,ZAV00269,1,472.48,176.51
ZA-00024543,1,SKU57192,ZAV00229,1,451.09,138.31
ZA-00024543,2,SKU18899,ZAV00522,1,896.23,159.61
ZA-00024543,3,SKU20107,ZAV00724,1,476.75,42.41
ZA-00024544,1,SKU14877,ZAV00503,3,1260.66,68.62
ZA-00024544,2,SKU41881,ZAV00013,1,451.92,88.4
ZA-00024545,1,SKU38215,ZAV00734,2,326.69,77.17
ZA-00024546,1,SKU10391,ZAV00145,2,371.66,177.04
ZA-00024547,1,SKU60475,ZAV00482,2,279.47,84.89
ZA-00024548,1,SKU66442,ZAV00679,1,1105.63,62.59
ZA-00024549,1,SKU34697,ZAV00392,2,564.52,51.21
ZA-00024550,1,SKU11512,ZAV00098,1,166.54,157.38
ZA-00024551,1,SKU29384,ZAV00268,1,563.14,146.79
ZA-00024552,1,SKU94082,ZAV00776,1,194.62,40.22
ZA-00024552,2,SKU38107,ZAV00010,1,240.67,113.0
ZA-00024553,1,SKU27660,ZAV00688,2,497.81,153.45
ZA-00024554,1,SKU56978,ZAV00357,1,4960.84,95.03
ZA-00024555,1,SKU28875,ZAV00151,1,897.83,104.42
ZA-00024556,1,SKU57082,ZAV00278,1,1584.88,144.06
ZA-00024557,1,SKU64893,ZAV00763,1,1311.24,109.7
ZA-00024558,1,SKU21629,ZAV00548,1,196.4,82.41
ZA-00024559,1,SKU67009,ZAV00384,1,178.94,63.33
ZA-00024559,2,SKU36456,ZAV00740,1,936.33,53.61
ZA-00024560,1,SKU20711,ZAV00033,2,982.98,138.24
ZA-00024561,1,SKU66731,ZAV00733,1,529.76,111.88
ZA-00024562,1,SKU88391,ZAV00782,1,140.16,125.79
ZA-00024563,1,SKU63861,ZAV00783,1,1084.39,108.74
ZA-00024564,1,SKU58653,ZAV00520,1,220.87,46.95
ZA-00024564,2,SKU28802,ZAV00643,1,272.78,100.19
ZA-00024565,1,SKU38904,ZAV00015,1,451.51,72.8
ZA-00024565,2,SKU44691,ZAV00172,2,278.32,111.72
ZA-00024566,1,SKU34216,ZAV00318,1,343.46,72.56
ZA-00024566,2,SKU10325,ZAV00369,1,105.47,103.75
ZA-00024567,1,SKU40450,ZAV00251,1,109.71,101.67
ZA-00024568,1,SKU99668,ZAV00527,1,699.67,144.48
ZA-00024569,1,SKU48846,ZAV00676,1,466.79,140.01
ZA-00024570,1,SKU91931,ZAV00712,1,71.07,79.84
ZA-00024571,1,SKU87666,ZAV00123,1,573.27,134.09
ZA-00024572,1,SKU29924,ZAV00258,1,251.46,115.39
ZA-00024572,2,SKU46772,ZAV00590,1,213.06,62.28
ZA-00024573,1,SKU53396,ZAV00669,3,1098.94,72.54
ZA-00024574,1,SKU20751,ZAV00381,1,358.54,179.82
ZA-00024575,1,SKU34473,ZAV00240,1,286.01,135.3
ZA-00024576,1,SKU43696,ZAV00795,1,288.92,79.27
ZA-00024577,1,SKU76555,ZAV00630,1,153.17,107.2
ZA-00024578,1,SKU88403,ZAV00053,1,228.4,152.39
ZA-00024579,1,SKU90292,ZAV00371,1,642.1,51.34
ZA-00024579,2,SKU68164,ZAV00633,1,1812.57,35.99
ZA-00024580,1,SKU58576,ZAV00086,1,639.15,127.95
ZA-00024581,1,SKU72342,ZAV00367,1,513.06,83.01
ZA-00024581,2,SKU37516,ZAV00570,1,829.76,153.88
ZA-00024582,1,SKU11770,ZAV00010,1,259.91,98.4
ZA-00024582,2,SKU10407,ZAV00065,1,138.25,123.88
ZA-00024582,3,SKU61665,ZAV00161,1,1454.87,143.83
ZA-00024583,1,SKU44134,ZAV00586,1,760.62,125.66
ZA-00024584,1,SKU38104,ZAV00098,1,1739.24,134.79
ZA-00024585,1,SKU40840,ZAV00475,1,137.0,163.36
ZA-00024586,1,SKU13244,ZAV00465,1,261.86,154.49
ZA-00024586,2,SKU96549,ZAV00605,1,581.43,52.72
ZA-00024587,1,SKU63636,ZAV00706,1,1442.85,73.37
ZA-00024588,1,SKU75645,ZAV00627,1,334.58,52.66
ZA-00024588,2,SKU56039,ZAV00545,2,450.03,165.96
ZA-00024589,1,SKU89750,ZAV00368,1,114.52,86.32
ZA-00024589,2,SKU35230,ZAV00606,1,139.86,63.37
ZA-00024589,3,SKU66028,ZAV00331,2,60.21,63.82
ZA-00024590,1,SKU78263,ZAV00629,1,176.93,174.54
ZA-00024591,1,SKU54742,ZAV00516,1,789.67,62.46
ZA-00024592,1,SKU94316,ZAV00068,1,2612.15,164.2
ZA-00024593,1,SKU93478,ZAV00701,1,297.59,49.0
ZA-00024594,1,SKU90300,ZAV00716,1,450.93,126.71
ZA-00024595,1,SKU43541,ZAV00358,1,160.89,151.98
ZA-00024596,1,SKU50492,ZAV00153,1,508.44,75.99
ZA-00024597,1,SKU53690,ZAV00419,3,260.19,170.15
ZA-00024597,2,SKU99295,ZAV00334,1,612.04,43.84
ZA-00024598,1,SKU89163,ZAV00315,1,2038.24,135.8
ZA-00024599,1,SKU95122,ZAV00314,1,338.34,42.21
ZA-00024599,2,SKU66723,ZAV00146,1,502.98,134.8
ZA-00024599,3,SKU80930,ZAV00658,1,233.79,133.05
ZA-00024600,1,SKU55831,ZAV00438,1,2042.78,160.22
ZA-00024601,1,SKU39880,ZAV00359,1,612.32,150.15
ZA-00024602,1,SKU76791,ZAV00138,1,954.46,54.37
ZA-00024603,1,SKU47537,ZAV00159,1,735.39,93.33
ZA-00024603,2,SKU48533,ZAV00211,1,428.79,166.61
ZA-00024604,1,SKU28651,ZAV00613,1,126.14,85.91
ZA-00024605,1,SKU59871,ZAV00417,1,34.15,94.95
ZA-00024606,1,SKU50478,ZAV00199,1,251.3,39.39
ZA-00024606,2,SKU86540,ZAV00201,1,158.69,157.51
ZA-00024606,3,SKU62116,ZAV00506,1,1868.94,55.46
ZA-00024607,1,SKU59482,ZAV00506,1,553.87,86.23
ZA-00024608,1,SKU44505,ZAV00687,1,77.48,87.09
ZA-00024609,1,SKU45277,ZAV00608,2,636.51,120.68
ZA-00024610,1,SKU83028,ZAV00214,1,193.19,174.63
ZA-00024611,1,SKU85766,ZAV00696,1,305.72,59.16
ZA-00024612,1,SKU32720,ZAV00135,1,472.86,81.86
ZA-00024613,1,SKU58761,ZAV00585,2,41.23,104.38
ZA-00024614,1,SKU82932,ZAV00566,1,1377.35,38.97
ZA-00024615,1,SKU39886,ZAV00382,2,252.71,157.5
ZA-00024616,1,SKU59270,ZAV00576,1,294.77,145.74
ZA-00024617,1,SKU86142,ZAV00206,1,483.58,109.85
ZA-00024618,1,SKU57808,ZAV00774,1,1469.95,144.2
ZA-00024619,1,SKU91571,ZAV00093,1,389.84,69.52
ZA-00024620,1,SKU20042,ZAV00191,1,1009.32,122.18
ZA-00024621,1,SKU66197,ZAV00114,3,587.73,84.87
ZA-00024621,2,SKU72664,ZAV00628,1,232.11,115.4
ZA-00024621,3,SKU18881,ZAV00559,1,616.07,103.11
ZA-00024622,1,SKU77627,ZAV00723,1,373.93,154.77
ZA-00024623,1,SKU11969,ZAV00431,1,553.24,103.88
ZA-00024624,1,SKU61960,ZAV00047,1,4701.31,179.29
ZA-00024625,1,SKU57456,ZAV00234,1,1032.05,162.11
ZA-00024626,1,SKU25311,ZAV00654,1,187.74,67.67
ZA-00024627,1,SKU28309,ZAV00516,1,232.19,118.75
ZA-00024628,1,SKU95698,ZAV00517,1,274.13,127.16
ZA-00024629,1,SKU12911,ZAV00539,1,499.29,158.06
ZA-00024630,1,SKU95539,ZAV00613,1,548.27,117.09
ZA-00024631,1,SKU42965,ZAV00347,1,115.64,132.27
ZA-00024631,2,SKU32830,ZAV00203,1,186.14,127.6
ZA-00024632,1,SKU46313,ZAV00520,1,321.93,64.17
ZA-00024633,1,SKU69145,ZAV00739,1,892.86,61.5
ZA-00024634,1,SKU66203,ZAV00661,1,1360.73,115.68
ZA-00024635,1,SKU74370,ZAV00025,1,930.64,145.14
ZA-00024636,1,SKU63502,ZAV00073,1,284.97,140.0
ZA-00024637,1,SKU20781,ZAV00746,1,656.71,119.28
ZA-00024637,2,SKU37547,ZAV00699,1,124.42,86.51
ZA-00024638,1,SKU32038,ZAV00730,1,407.37,95.9
ZA-00024639,1,SKU52560,ZAV00664,1,370.79,105.84
ZA-00024640,1,SKU55158,ZAV00198,1,742.47,145.9
ZA-00024640,2,SKU92660,ZAV00554,1,1674.42,83.56
ZA-00024641,1,SKU16894,ZAV00581,1,451.31,131.24
ZA-00024642,1,SKU95121,ZAV00661,1,1407.52,138.12
ZA-00024642,2,SKU99721,ZAV00045,1,1593.5,120.85
ZA-00024643,1,SKU12126,ZAV00796,1,565.75,99.64
ZA-00024644,1,SKU60586,ZAV00096,1,219.49,170.57
ZA-00024644,2,SKU35072,ZAV00282,2,489.36,100.73
ZA-00024645,1,SKU78034,ZAV00049,1,265.69,80.32
ZA-00024646,1,SKU14023,ZAV00157,1,615.31,139.5
ZA-00024647,1,SKU62129,ZAV00333,1,149.91,96.94
ZA-00024648,1,SKU86189,ZAV00775,1,1024.24,156.81
ZA-00024649,1,SKU26420,ZAV00682,1,2345.95,126.08
ZA-00024650,1,SKU70359,ZAV00584,2,3255.78,95.58
ZA-00024651,1,SKU85902,ZAV00478,1,694.98,151.26
ZA-00024652,1,SKU47960,ZAV00490,1,748.41,153.84
ZA-00024653,1,SKU83611,ZAV00679,1,301.38,130.16
ZA-00024654,1,SKU68251,ZAV00139,1,923.0,78.15
ZA-00024655,1,SKU24193,ZAV00531,1,320.37,99.35
ZA-00024656,1,SKU79830,ZAV00476,1,217.95,90.53
ZA-00024656,2,SKU38435,ZAV00170,1,1156.85,178.86
ZA-00024657,1,SKU91379,ZAV00595,1,1052.03,62.54
ZA-00024658,1,SKU89682,ZAV00512,1,264.78,85.18
ZA-00024659,1,SKU59266,ZAV00286,1,349.53,84.42
ZA-00024660,1,SKU72529,ZAV00443,1,418.88,103.44
ZA-00024661,1,SKU29680,ZAV00699,1,253.96,103.86
ZA-00024661,2,SKU64282,ZAV00399,3,660.78,85.35
ZA-00024662,1,SKU49204,ZAV00130,1,109.09,86.9
ZA-00024663,1,SKU51818,ZAV00598,2,239.72,120.84
ZA-00024664,1,SKU70083,ZAV00065,1,433.24,65.3
ZA-00024665,1,SKU46048,ZAV00087,3,892.2,155.5
ZA-00024666,1,SKU62532,ZAV00614,2,371.43,138.98
ZA-00024667,1,SKU56881,ZAV00710,1,227.85,76.67
ZA-00024667,2,SKU32524,ZAV00758,1,534.51,37.78
ZA-00024667,3,SKU57052,ZAV00754,1,204.68,92.58
ZA-00024668,1,SKU11272,ZAV00696,1,392.32,155.39
ZA-00024669,1,SKU25799,ZAV00638,2,617.78,128.31
ZA-00024670,1,SKU23895,ZAV00675,1,231.16,142.5
ZA-00024671,1,SKU23896,ZAV00765,1,196.92,159.62
ZA-00024672,1,SKU28686,ZAV00506,2,285.9,91.55
ZA-00024673,1,SKU68919,ZAV00022,1,230.71,105.02
ZA-00024674,1,SKU55764,ZAV00537,1,415.18,89.72
ZA-00024675,1,SKU20793,ZAV00717,1,245.92,177.16
ZA-00024676,1,SKU55614,ZAV00609,1,1906.9,147.56
ZA-00024676,2,SKU45304,ZAV00612,1,243.61,167.89
ZA-00024677,1,SKU95419,ZAV00301,1,1000.24,177.77
ZA-00024678,1,SKU16968,ZAV00403,1,381.91,75.8
ZA-00024679,1,SKU40714,ZAV00276,1,439.93,127.35
ZA-00024680,1,SKU56626,ZAV00093,1,234.21,73.48
ZA-00024681,1,SKU56568,ZAV00445,2,320.09,35.33
ZA-00024681,2,SKU58740,ZAV00151,1,3154.68,97.98
ZA-00024681,3,SKU59128,ZAV00123,1,205.2,60.84
ZA-00024682,1,SKU21034,ZAV00328,1,1296.69,163.41
ZA-00024683,1,SKU85002,ZAV00109,1,1061.7,39.95
ZA-00024684,1,SKU41488,ZAV00410,1,874.19,111.69
ZA-00024685,1,SKU79412,ZAV00739,1,128.88,125.19
ZA-00024686,1,SKU73159,ZAV00044,1,423.93,159.84
ZA-00024687,1,SKU93035,ZAV00546,1,153.42,79.08
ZA-00024688,1,SKU75339,ZAV00460,1,719.75,52.07
ZA-00024688,2,SKU43155,ZAV00550,1,245.17,125.86
ZA-00024688,3,SKU69276,ZAV00527,1,189.76,153.3
ZA-00024689,1,SKU66924,ZAV00630,1,910.58,150.36
ZA-00024690,1,SKU66485,ZAV00716,3,320.86,47.32
ZA-00024691,1,SKU56627,ZAV00710,1,709.0,89.46
ZA-00024692,1,SKU35117,ZAV00576,1,335.64,54.6
ZA-00024692,2,SKU56086,ZAV00069,3,211.28,172.51
ZA-00024693,1,SKU66271,ZAV00528,1,326.87,45.77
ZA-00024693,2,SKU36028,ZAV00106,1,780.46,82.18
ZA-00024693,3,SKU36514,ZAV00324,1,321.42,152.53
ZA-00024694,1,SKU86895,ZAV00207,1,115.45,143.26
ZA-00024695,1,SKU39413,ZAV00312,1,626.43,84.24
ZA-00024696,1,SKU84612,ZAV00075,1,302.33,98.46
ZA-00024696,2,SKU81043,ZAV00209,2,1879.94,99.4
ZA-00024697,1,SKU47925,ZAV00546,1,2054.71,41.47
ZA-00024697,2,SKU37333,ZAV00295,1,333.48,40.8
ZA-00024698,1,SKU68605,ZAV00084,1,284.04,54.8
ZA-00024699,1,SKU42054,ZAV00332,2,1399.93,103.82
ZA-00024699,2,SKU27076,ZAV00088,2,511.95,169.37
ZA-00024700,1,SKU22885,ZAV00544,1,920.34,171.37
ZA-00024701,1,SKU29915,ZAV00168,1,393.03,69.7
ZA-00024702,1,SKU21561,ZAV00224,1,378.5,176.05
ZA-00024703,1,SKU94401,ZAV00209,1,196.67,69.83
ZA-00024704,1,SKU18784,ZAV00110,1,637.75,36.59
ZA-00024705,1,SKU13474,ZAV00682,1,383.11,89.87
ZA-00024706,1,SKU30889,ZAV00670,1,180.08,178.44
ZA-00024707,1,SKU43573,ZAV00770,2,269.03,160.38
ZA-00024708,1,SKU59391,ZAV00282,1,451.38,165.93
ZA-00024709,1,SKU81039,ZAV00465,1,713.3,118.99
ZA-00024710,1,SKU68544,ZAV00113,1,238.59,122.44
ZA-00024711,1,SKU19793,ZAV00564,1,643.66,77.25
ZA-00024712,1,SKU65640,ZAV00732,1,620.06,52.56
ZA-00024713,1,SKU84912,ZAV00474,1,600.99,120.76
ZA-00024714,1,SKU29280,ZAV00605,1,1444.77,109.29
ZA-00024715,1,SKU17757,ZAV00330,2,443.92,43.05
ZA-00024716,1,SKU60906,ZAV00443,1,231.31,173.12
ZA-00024717,1,SKU81388,ZAV00030,1,195.36,132.7
ZA-00024718,1,SKU33052,ZAV00168,1,379.63,57.73
ZA-00024719,1,SKU94540,ZAV00641,1,300.04,176.68
ZA-00024719,2,SKU75372,ZAV00081,1,203.26,53.4
ZA-00024720,1,SKU50627,ZAV00487,2,22.52,159.36
ZA-00024721,1,SKU99878,ZAV00038,1,221.06,150.27
ZA-00024722,1,SKU28364,ZAV00036,1,601.87,52.67
ZA-00024723,1,SKU47450,ZAV00053,1,833.76,44.01
ZA-00024724,1,SKU82370,ZAV00771,2,2735.44,119.4
ZA-00024725,1,SKU58385,ZAV00140,1,192.87,98.14
ZA-00024726,1,SKU56105,ZAV00482,1,290.47,127.03
ZA-00024726,2,SKU44872,ZAV00448,1,1103.96,91.09
ZA-00024726,3,SKU62670,ZAV00369,1,214.22,90.2
ZA-00024727,1,SKU24054,ZAV00443,1,972.58,78.84
ZA-00024728,1,SKU58272,ZAV00062,1,438.24,36.38
ZA-00024729,1,SKU43396,ZAV00344,1,558.01,101.35
ZA-00024730,1,SKU13834,ZAV00208,1,313.28,162.47
ZA-00024731,1,SKU54527,ZAV00091,1,182.24,61.58
ZA-00024732,1,SKU81651,ZAV00088,1,730.23,109.67
ZA-00024733,1,SKU67466,ZAV00522,1,97.89,98.1
ZA-00024734,1,SKU75629,ZAV00449,1,901.12,99.41
ZA-00024735,1,SKU74645,ZAV00026,1,138.69,166.71
ZA-00024736,1,SKU76967,ZAV00768,1,186.63,153.5
ZA-00024737,1,SKU38192,ZAV00713,1,481.48,136.98
ZA-00024738,1,SKU27573,ZAV00660,2,280.97,164.02
ZA-00024739,1,SKU18093,ZAV00562,1,129.99,69.82
ZA-00024740,1,SKU88065,ZAV00617,1,81.49,104.18
ZA-00024741,1,SKU80210,ZAV00048,1,1259.3,148.83
ZA-00024742,1,SKU91055,ZAV00185,1,828.52,98.34
ZA-00024743,1,SKU24817,ZAV00257,1,358.56,145.19
ZA-00024744,1,SKU29467,ZAV00475,1,637.5,54.9
ZA-00024745,1,SKU90744,ZAV00400,1,960.88,91.21
ZA-00024746,1,SKU12594,ZAV00027,1,453.71,41.98
ZA-00024747,1,SKU93829,ZAV00359,1,194.48,125.62
ZA-00024747,2,SKU37643,ZAV00545,2,715.44,88.19
ZA-00024748,1,SKU14442,ZAV00625,1,1441.46,79.44
ZA-00024748,2,SKU52179,ZAV00288,2,546.38,121.55
ZA-00024749,1,SKU48473,ZAV00621,1,1280.67,74.26
ZA-00024750,1,SKU80630,ZAV00112,1,1198.82,75.39
ZA-00024751,1,SKU94585,ZAV00280,1,318.94,72.86
ZA-00024752,1,SKU41340,ZAV00183,1,588.62,142.42
ZA-00024752,2,SKU24959,ZAV00453,2,520.13,93.64
ZA-00024752,3,SKU91874,ZAV00458,1,1581.09,131.23
ZA-00024753,1,SKU94606,ZAV00329,1,579.26,51.0
ZA-00024754,1,SKU75617,ZAV00253,3,581.29,171.55
ZA-00024755,1,SKU46592,ZAV00278,1,317.27,141.78
ZA-00024756,1,SKU74384,ZAV00069,2,985.77,170.36
ZA-00024756,2,SKU31862,ZAV00304,1,442.97,172.08
ZA-00024757,1,SKU20486,ZAV00416,1,1620.03,117.18
ZA-00024758,1,SKU78527,ZAV00255,1,98.59,127.61
ZA-00024759,1,SKU38716,ZAV00010,1,455.49,139.23
ZA-00024760,1,SKU63571,ZAV00634,1,647.69,105.49
ZA-00024760,2,SKU66682,ZAV00049,1,602.21,51.54
ZA-00024761,1,SKU30529,ZAV00496,2,638.12,173.33
ZA-00024762,1,SKU82191,ZAV00746,1,70.59,92.09
ZA-00024763,1,SKU39924,ZAV00607,1,112.48,105.3
ZA-00024763,2,SKU16874,ZAV00557,1,244.23,75.99
ZA-00024764,1,SKU55707,ZAV00644,3,175.07,160.02
ZA-00024765,1,SKU96009,ZAV00661,1,1436.52,177.14
ZA-00024766,1,SKU16160,ZAV00319,1,608.62,55.65
ZA-00024767,1,SKU56966,ZAV00078,1,1486.2,138.41
ZA-00024768,1,SKU85579,ZAV00707,1,900.31,59.58
ZA-00024768,2,SKU94746,ZAV00640,1,653.25,152.49
ZA-00024769,1,SKU11619,ZAV00772,1,851.8,159.27
ZA-00024770,1,SKU70838,ZAV00424,1,70.97,121.0
ZA-00024771,1,SKU90341,ZAV00486,1,112.18,96.83
ZA-00024772,1,SKU30224,ZAV00432,1,545.65,65.75
ZA-00024773,1,SKU88965,ZAV00508,1,269.45,152.45
ZA-00024774,1,SKU77399,ZAV00002,1,1189.91,166.53
ZA-00024774,2,SKU38685,ZAV00626,1,551.96,174.1
ZA-00024775,1,SKU26974,ZAV00559,2,4992.39,151.59
ZA-00024776,1,SKU52623,ZAV00078,2,137.83,113.11
ZA-00024777,1,SKU40427,ZAV00755,1,214.07,140.14
ZA-00024777,2,SKU21225,ZAV00430,1,263.19,98.91
ZA-00024778,1,SKU73735,ZAV00515,2,549.81,91.35
ZA-00024778,2,SKU82533,ZAV00386,1,2466.36,66.5
ZA-00024779,1,SKU89736,ZAV00709,1,668.56,158.11
ZA-00024780,1,SKU53817,ZAV00290,1,1364.6,68.42
ZA-00024781,1,SKU98178,ZAV00108,1,509.29,152.93
ZA-00024782,1,SKU10348,ZAV00008,2,81.86,94.77
ZA-00024783,1,SKU49305,ZAV00126,1,548.33,136.74
ZA-00024784,1,SKU96297,ZAV00672,1,76.14,57.31
ZA-00024785,1,SKU49902,ZAV00365,1,1254.32,69.94
ZA-00024786,1,SKU47066,ZAV00158,2,49.21,149.89
ZA-00024786,2,SKU99160,ZAV00068,1,378.62,55.97
ZA-00024786,3,SKU57614,ZAV00139,1,1376.29,101.68
ZA-00024787,1,SKU60340,ZAV00324,1,94.26,46.11
ZA-00024788,1,SKU80813,ZAV00621,1,78.08,72.09
ZA-00024789,1,SKU55457,ZAV00130,1,383.23,154.09
ZA-00024790,1,SKU48185,ZAV00124,1,398.43,99.86
ZA-00024791,1,SKU89916,ZAV00600,1,698.08,48.53
ZA-00024792,1,SKU96061,ZAV00698,1,564.3,179.41
ZA-00024793,1,SKU39729,ZAV00619,2,171.55,56.97
ZA-00024794,1,SKU99521,ZAV00057,1,247.45,171.96
ZA-00024795,1,SKU62969,ZAV00708,1,479.99,176.24
ZA-00024795,2,SKU62770,ZAV00250,2,281.44,54.31
ZA-00024796,1,SKU77665,ZAV00110,1,136.36,168.57
ZA-00024797,1,SKU73717,ZAV00492,1,243.01,107.03
ZA-00024797,2,SKU66034,ZAV00503,1,156.03,99.6
ZA-00024798,1,SKU39439,ZAV00370,1,785.99,100.99
ZA-00024798,2,SKU33146,ZAV00488,1,944.99,88.43
ZA-00024798,3,SKU84502,ZAV00103,3,743.51,164.46
ZA-00024799,1,SKU61961,ZAV00609,1,1008.61,80.14
ZA-00024800,1,SKU84945,ZAV00542,1,529.53,78.81
ZA-00024801,1,SKU74572,ZAV00711,1,2280.04,135.78
ZA-00024802,1,SKU20321,ZAV00379,1,157.5,175.58
ZA-00024802,2,SKU38355,ZAV00246,3,360.92,154.6
ZA-00024803,1,SKU97370,ZAV00319,1,110.56,107.45
ZA-00024804,1,SKU73110,ZAV00444,1,1049.59,144.45
ZA-00024805,1,SKU63571,ZAV00546,1,311.62,102.33
ZA-00024805,2,SKU41340,ZAV00766,1,191.12,56.7
ZA-00024805,3,SKU86279,ZAV00231,1,163.66,80.02
ZA-00024806,1,SKU40083,ZAV00753,1,103.72,87.19
ZA-00024807,1,SKU31130,ZAV00433,1,242.37,40.42
ZA-00024808,1,SKU17879,ZAV00047,1,845.89,75.28
ZA-00024808,2,SKU76244,ZAV00654,3,213.67,95.92
ZA-00024809,1,SKU61963,ZAV00440,1,302.37,91.32
ZA-00024810,1,SKU20389,ZAV00244,1,268.55,61.75
ZA-00024811,1,SKU56990,ZAV00458,1,487.91,150.1
ZA-00024812,1,SKU76501,ZAV00785,1,203.89,136.42
ZA-00024813,1,SKU18465,ZAV00062,1,214.34,112.81
ZA-00024813,2,SKU62379,ZAV00774,1,463.75,131.68
ZA-00024814,1,SKU41994,ZAV00583,1,254.86,160.43
ZA-00024815,1,SKU16443,ZAV00615,1,346.22,143.78
ZA-00024815,2,SKU27533,ZAV00066,3,341.88,146.11
ZA-00024816,1,SKU88198,ZAV00478,1,273.68,60.25
ZA-00024817,1,SKU77207,ZAV00058,1,920.11,54.07
ZA-00024818,1,SKU31921,ZAV00722,1,170.62,39.85
ZA-00024819,1,SKU23645,ZAV00585,1,602.28,139.44
ZA-00024820,1,SKU84610,ZAV00575,1,982.19,132.66
ZA-00024821,1,SKU20713,ZAV00772,1,311.33,105.08
ZA-00024821,2,SKU37734,ZAV00255,1,539.33,47.61
ZA-00024822,1,SKU82321,ZAV00551,1,350.01,80.67
ZA-00024823,1,SKU40564,ZAV00356,1,194.07,57.5
ZA-00024824,1,SKU24785,ZAV00577,2,1183.14,55.64
ZA-00024825,1,SKU65041,ZAV00344,1,236.07,142.53
ZA-00024826,1,SKU20935,ZAV00777,1,464.33,129.42
ZA-00024827,1,SKU61943,ZAV00692,1,748.34,147.27
ZA-00024828,1,SKU40432,ZAV00699,1,1030.44,57.77
ZA-00024829,1,SKU43131,ZAV00025,1,609.79,42.86
ZA-00024830,1,SKU40073,ZAV00332,2,315.48,92.77
ZA-00024830,2,SKU42957,ZAV00633,1,530.21,125.44
ZA-00024831,1,SKU58072,ZAV00389,1,514.64,171.17
ZA-00024832,1,SKU71128,ZAV00174,1,879.03,71.96
ZA-00024833,1,SKU60296,ZAV00363,1,1458.54,121.09
ZA-00024834,1,SKU24770,ZAV00482,1,1317.25,84.85
ZA-00024835,1,SKU52623,ZAV00006,1,251.45,61.86
ZA-00024836,1,SKU77030,ZAV00456,1,332.17,47.53
ZA-00024837,1,SKU52412,ZAV00115,1,1254.63,117.82
ZA-00024838,1,SKU37984,ZAV00765,1,407.43,144.31
ZA-00024839,1,SKU57052,ZAV00282,1,1046.65,53.84
ZA-00024839,2,SKU38960,ZAV00561,1,355.63,42.33
ZA-00024840,1,SKU12317,ZAV00743,1,1077.48,145.33
ZA-00024840,2,SKU35489,ZAV00064,1,190.46,81.72
ZA-00024841,1,SKU21940,ZAV00425,1,390.51,41.77
ZA-00024842,1,SKU57195,ZAV00736,1,197.9,116.56
ZA-00024843,1,SKU93286,ZAV00426,1,501.33,80.83
ZA-00024843,2,SKU30542,ZAV00746,1,315.68,40.08
ZA-00024843,3,SKU17432,ZAV00102,2,680.72,153.76
ZA-00024844,1,SKU19069,ZAV00271,1,1408.31,107.42
ZA-00024845,1,SKU81412,ZAV00284,1,185.62,85.15
ZA-00024846,1,SKU43516,ZAV00663,1,575.71,108.43
ZA-00024847,1,SKU49305,ZAV00383,1,907.92,109.14
ZA-00024848,1,SKU96304,ZAV00762,3,219.16,37.4
ZA-00024849,1,SKU16994,ZAV00785,1,416.25,118.39
ZA-00024850,1,SKU56991,ZAV00564,1,1124.24,49.7
ZA-00024851,1,SKU13614,ZAV00503,1,1789.82,142.21
ZA-00024851,2,SKU12956,ZAV00144,1,192.41,122.22
ZA-00024852,1,SKU72924,ZAV00160,1,291.35,82.69
ZA-00024853,1,SKU59762,ZAV00408,1,335.01,152.5
ZA-00024854,1,SKU45636,ZAV00726,1,224.73,42.03
ZA-00024854,2,SKU18029,ZAV00242,1,449.14,55.05
ZA-00024854,3,SKU68029,ZAV00458,1,255.62,48.08
ZA-00024855,1,SKU39643,ZAV00068,1,80.67,172.4
ZA-00024856,1,SKU80280,ZAV00378,2,939.23,87.22
ZA-00024856,2,SKU19205,ZAV00665,1,371.92,83.96
ZA-00024857,1,SKU95999,ZAV00132,1,1329.19,121.63
ZA-00024858,1,SKU87876,ZAV00141,1,958.85,51.51
ZA-00024859,1,SKU87831,ZAV00314,1,171.39,107.55
ZA-00024860,1,SKU25876,ZAV00576,1,871.2,87.71
ZA-00024861,1,SKU52470,ZAV00660,2,288.56,159.32
ZA-00024862,1,SKU45941,ZAV00285,1,323.87,120.81
ZA-00024862,2,SKU91380,ZAV00317,1,791.57,40.46
ZA-00024863,1,SKU85109,ZAV00250,1,334.19,105.5
ZA-00024864,1,SKU12763,ZAV00247,1,376.15,99.93
ZA-00024865,1,SKU73222,ZAV00597,1,515.8,107.72
ZA-00024866,1,SKU70167,ZAV00377,1,1322.85,120.68
ZA-00024867,1,SKU89672,ZAV00622,1,825.93,171.2
ZA-00024868,1,SKU90433,ZAV00203,1,125.87,85.1
ZA-00024869,1,SKU10489,ZAV00311,1,76.02,136.97
ZA-00024869,2,SKU64364,ZAV00653,2,547.21,87.19
ZA-00024869,3,SKU13319,ZAV00192,1,371.44,52.26
ZA-00024870,1,SKU69286,ZAV00705,1,255.93,163.7
ZA-00024871,1,SKU40167,ZAV00277,1,361.64,105.93
ZA-00024872,1,SKU58508,ZAV00757,1,361.44,70.76
ZA-00024873,1,SKU97926,ZAV00797,2,151.31,177.2
ZA-00024874,1,SKU28242,ZAV00663,1,217.99,150.65
ZA-00024875,1,SKU95736,ZAV00698,1,125.28,75.84
ZA-00024876,1,SKU61982,ZAV00017,1,451.79,56.97
ZA-00024877,1,SKU13804,ZAV00260,1,422.69,78.33
ZA-00024878,1,SKU74114,ZAV00593,1,256.06,119.57
ZA-00024879,1,SKU58790,ZAV00778,2,193.47,146.04
ZA-00024880,1,SKU87225,ZAV00587,1,183.33,36.1
ZA-00024881,1,SKU99693,ZAV00423,1,609.72,136.33
ZA-00024882,1,SKU36599,ZAV00642,3,221.85,71.29
ZA-00024883,1,SKU36338,ZAV00304,1,173.98,73.76
ZA-00024884,1,SKU27551,ZAV00674,1,1293.86,152.63
ZA-00024885,1,SKU39160,ZAV00457,1,2243.6,125.45
ZA-00024886,1,SKU19373,ZAV00057,1,371.9,51.64
ZA-00024886,2,SKU15426,ZAV00800,2,149.6,47.67
ZA-00024886,3,SKU78222,ZAV00692,1,350.12,178.54
ZA-00024887,1,SKU97641,ZAV00772,1,300.62,145.1
ZA-00024887,2,SKU23231,ZAV00629,1,138.54,124.07
ZA-00024888,1,SKU33443,ZAV00324,1,609.73,59.05
ZA-00024889,1,SKU64801,ZAV00058,1,240.43,54.17
ZA-00024890,1,SKU71004,ZAV00006,1,3651.96,58.92
ZA-00024891,1,SKU33656,ZAV00729,1,819.63,117.47
ZA-00024891,2,SKU78357,ZAV00285,1,179.95,115.05
ZA-00024892,1,SKU52038,ZAV00149,1,662.42,146.05
ZA-00024893,1,SKU69310,ZAV00798,1,439.45,53.4
ZA-00024894,1,SKU10830,ZAV00002,1,740.14,60.49
ZA-00024894,2,SKU62933,ZAV00486,1,113.89,83.47
ZA-00024895,1,SKU51368,ZAV00712,1,626.89,162.91
ZA-00024896,1,SKU11537,ZAV00337,1,715.96,122.42
ZA-00024897,1,SKU79387,ZAV00378,2,73.5,107.96
ZA-00024898,1,SKU58475,ZAV00738,1,68.79,89.54
ZA-00024899,1,SKU47105,ZAV00298,2,374.46,159.81
ZA-00024900,1,SKU40776,ZAV00055,1,122.54,158.69
ZA-00024900,2,SKU53619,ZAV00554,1,2053.7,127.34
ZA-00024900,3,SKU37715,ZAV00774,1,1070.2,90.15
ZA-00024901,1,SKU63023,ZAV00079,3,1720.82,169.46
ZA-00024902,1,SKU38500,ZAV00343,1,1445.68,108.02
ZA-00024903,1,SKU58338,ZAV00492,1,111.3,173.27
ZA-00024903,2,SKU96297,ZAV00193,1,743.99,57.23
ZA-00024904,1,SKU24777,ZAV00771,2,970.25,172.12
ZA-00024905,1,SKU28233,ZAV00724,1,273.08,120.95
ZA-00024906,1,SKU26510,ZAV00578,1,248.17,170.36
ZA-00024907,1,SKU80125,ZAV00618,1,757.55,80.67
ZA-00024908,1,SKU70761,ZAV00413,3,274.24,179.43
ZA-00024909,1,SKU87952,ZAV00330,1,239.25,49.51
ZA-00024909,2,SKU44082,ZAV00052,1,1438.14,49.8
ZA-00024910,1,SKU56698,ZAV00112,1,380.83,150.9
ZA-00024911,1,SKU65514,ZAV00163,1,220.63,83.77
ZA-00024911,2,SKU52881,ZAV00298,1,258.36,101.81
ZA-00024912,1,SKU62169,ZAV00062,1,160.83,62.89
ZA-00024912,2,SKU67349,ZAV00427,1,601.17,55.28
ZA-00024913,1,SKU81950,ZAV00556,2,386.97,96.18
ZA-00024913,2,SKU25276,ZAV00275,1,300.8,41.84
ZA-00024914,1,SKU51421,ZAV00252,1,389.44,48.37
ZA-00024915,1,SKU71161,ZAV00351,1,581.45,90.06
ZA-00024916,1,SKU94123,ZAV00023,1,1050.33,87.99
ZA-00024917,1,SKU87251,ZAV00015,1,536.17,114.09
ZA-00024918,1,SKU94548,ZAV00075,1,1373.87,177.63
ZA-00024918,2,SKU86995,ZAV00460,1,747.05,96.89
ZA-00024919,1,SKU53698,ZAV00063,1,649.97,138.98
ZA-00024919,2,SKU19504,ZAV00092,2,494.14,150.67
ZA-00024920,1,SKU36735,ZAV00137,1,105.01,97.77
ZA-00024921,1,SKU57039,ZAV00655,1,185.67,118.86
ZA-00024922,1,SKU71460,ZAV00069,1,634.55,93.4
ZA-00024923,1,SKU57111,ZAV00471,1,1077.91,114.74
ZA-00024924,1,SKU96420,ZAV00033,1,609.66,65.1
ZA-00024925,1,SKU65410,ZAV00151,1,616.29,40.73
ZA-00024926,1,SKU18137,ZAV00002,1,699.03,101.76
ZA-00024927,1,SKU70268,ZAV00269,1,316.02,103.88
ZA-00024928,1,SKU32418,ZAV00766,1,599.4,130.63
ZA-00024929,1,SKU60142,ZAV00048,1,853.22,70.52
ZA-00024929,2,SKU77459,ZAV00587,2,370.48,108.57
ZA-00024930,1,SKU35499,ZAV00434,1,290.8,51.75
ZA-00024931,1,SKU87844,ZAV00117,1,379.99,179.8
ZA-00024932,1,SKU20811,ZAV00773,1,468.53,133.29
ZA-00024933,1,SKU96921,ZAV00179,1,315.79,67.65
ZA-00024934,1,SKU36722,ZAV00681,1,823.13,48.88
ZA-00024935,1,SKU52760,ZAV00374,1,1821.48,78.61
ZA-00024936,1,SKU42578,ZAV00519,1,442.58,48.58
ZA-00024936,2,SKU62822,ZAV00779,1,207.96,103.38
ZA-00024937,1,SKU81154,ZAV00699,1,946.59,74.85
ZA-00024938,1,SKU99240,ZAV00453,1,508.52,48.52
ZA-00024938,2,SKU11717,ZAV00004,2,1881.09,128.26
ZA-00024939,1,SKU11924,ZAV00369,1,392.72,65.36
ZA-00024940,1,SKU13821,ZAV00013,1,94.84,62.06
ZA-00024941,1,SKU34879,ZAV00357,1,820.39,91.6
ZA-00024942,1,SKU90188,ZAV00783,1,439.29,146.11
ZA-00024943,1,SKU54623,ZAV00792,1,1106.09,149.24
ZA-00024944,1,SKU55385,ZAV00664,1,517.65,148.67
ZA-00024945,1,SKU48697,ZAV00129,1,478.79,164.42
ZA-00024946,1,SKU51701,ZAV00395,1,256.9,46.45
ZA-00024947,1,SKU25970,ZAV00211,3,137.88,131.77
ZA-00024948,1,SKU97786,ZAV00671,2,453.46,91.34
ZA-00024949,1,SKU77937,ZAV00408,1,109.74,179.71
ZA-00024949,2,SKU85741,ZAV00168,1,908.49,128.52
ZA-00024950,1,SKU85852,ZAV00352,1,278.88,92.03
ZA-00024951,1,SKU99323,ZAV00593,1,173.39,176.1
ZA-00024952,1,SKU18452,ZAV00735,1,477.96,95.44
ZA-00024952,2,SKU79773,ZAV00698,1,1681.19,158.95
ZA-00024953,1,SKU42159,ZAV00359,2,828.69,166.87
ZA-00024953,2,SKU36482,ZAV00477,1,104.68,76.66
ZA-00024954,1,SKU79946,ZAV00527,1,1049.38,179.97
ZA-00024954,2,SKU58616,ZAV00324,1,119.36,66.76
ZA-00024954,3,SKU99600,ZAV00555,1,617.38,134.82
ZA-00024955,1,SKU16830,ZAV00138,2,781.13,145.65
ZA-00024955,2,SKU51957,ZAV00290,1,1274.21,102.67
ZA-00024956,1,SKU85683,ZAV00747,1,160.02,169.27
ZA-00024957,1,SKU19486,ZAV00681,1,388.77,102.52
ZA-00024957,2,SKU42666,ZAV00220,1,155.64,113.89
ZA-00024958,1,SKU78435,ZAV00079,1,167.37,155.97
ZA-00024959,1,SKU30411,ZAV00571,2,623.37,63.1
ZA-00024960,1,SKU66951,ZAV00351,1,740.17,124.8
ZA-00024960,2,SKU23618,ZAV00702,1,139.35,69.98
ZA-00024961,1,SKU64189,ZAV00515,1,461.65,75.04
ZA-00024962,1,SKU76490,ZAV00604,1,538.74,178.9
ZA-00024963,1,SKU14013,ZAV00159,1,338.0,156.37
ZA-00024964,1,SKU64563,ZAV00766,1,773.88,68.1
ZA-00024965,1,SKU24118,ZAV00250,1,160.74,135.35
ZA-00024966,1,SKU21699,ZAV00231,1,621.58,120.42
ZA-00024967,1,SKU37914,ZAV00230,1,297.91,142.33
ZA-00024968,1,SKU92423,ZAV00457,1,325.97,112.27
ZA-00024969,1,SKU66657,ZAV00521,1,878.01,123.77
ZA-00024970,1,SKU57994,ZAV00348,1,851.41,80.82
ZA-00024970,2,SKU19340,ZAV00580,1,196.86,70.61
ZA-00024971,1,SKU32713,ZAV00489,1,643.13,139.14
ZA-00024971,2,SKU83112,ZAV00469,1,429.48,132.81
ZA-00024972,1,SKU89057,ZAV00405,1,2482.07,155.35
ZA-00024973,1,SKU37351,ZAV00291,2,1591.03,149.37
ZA-00024974,1,SKU21460,ZAV00539,1,206.46,108.89
ZA-00024974,2,SKU85038,ZAV00128,2,682.62,150.7
ZA-00024975,1,SKU34921,ZAV00485,1,78.5,115.05
ZA-00024976,1,SKU77744,ZAV00039,1,539.28,70.66
ZA-00024976,2,SKU64132,ZAV00746,1,315.36,142.8
ZA-00024977,1,SKU20319,ZAV00800,1,253.52,119.54
ZA-00024978,1,SKU78558,ZAV00253,1,194.28,86.78
ZA-00024979,1,SKU66263,ZAV00676,1,258.54,155.19
ZA-00024979,2,SKU55509,ZAV00636,1,232.49,171.48
ZA-00024980,1,SKU22661,ZAV00473,1,295.83,98.76
ZA-00024981,1,SKU49230,ZAV00140,1,225.77,86.46
ZA-00024982,1,SKU76042,ZAV00771,2,469.42,172.29
ZA-00024983,1,SKU51046,ZAV00393,2,69.11,152.8
ZA-00024984,1,SKU44862,ZAV00793,1,261.21,77.91
ZA-00024985,1,SKU77027,ZAV00006,1,534.6,152.95
ZA-00024985,2,SKU31299,ZAV00630,1,257.25,74.28
ZA-00024986,1,SKU57284,ZAV00100,1,744.59,128.15
ZA-00024986,2,SKU55181,ZAV00418,2,413.19,165.83
ZA-00024987,1,SKU48580,ZAV00713,2,284.82,52.67
ZA-00024988,1,SKU48358,ZAV00285,2,716.33,97.29
ZA-00024989,1,SKU39876,ZAV00590,1,373.96,104.87
ZA-00024990,1,SKU49133,ZAV00542,1,1969.97,125.24
ZA-00024991,1,SKU74341,ZAV00045,1,551.91,127.53
ZA-00024992,1,SKU64519,ZAV00270,1,858.11,65.23
ZA-00024993,1,SKU13210,ZAV00744,1,127.38,157.58
ZA-00024994,1,SKU51401,ZAV00215,1,188.14,94.79
ZA-00024995,1,SKU33348,ZAV00106,1,73.43,148.17
ZA-00024995,2,SKU50103,ZAV00129,1,362.09,169.2
ZA-00024996,1,SKU86106,ZAV00532,1,358.95,159.89
ZA-00024996,2,SKU43145,ZAV00210,1,375.9,160.6
ZA-00024997,1,SKU88849,ZAV00049,1,695.24,168.8
ZA-00024998,1,SKU55669,ZAV00285,1,154.09,109.84
ZA-00024999,1,SKU35774,ZAV00049,1,269.08,133.03
ZA-00025000,1,SKU18620,ZAV00434,1,232.16,116.21
ZA-00025001,1,SKU42826,ZAV00411,1,246.02,67.62
ZA-00025002,1,SKU59915,ZAV00506,1,560.65,79.92
ZA-00025003,1,SKU39007,ZAV00772,1,183.37,147.71
ZA-00025003,2,SKU61498,ZAV00429,2,854.89,51.11
ZA-00025003,3,SKU44627,ZAV00582,2,694.37,46.45
ZA-00025004,1,SKU13566,ZAV00462,1,580.06,141.46
ZA-00025005,1,SKU15762,ZAV00197,1,290.96,89.05
ZA-00025006,1,SKU64504,ZAV00265,1,274.47,37.83
ZA-00025007,1,SKU48511,ZAV00755,1,528.33,140.66
ZA-00025008,1,SKU10663,ZAV00302,2,1724.04,137.19
ZA-00025009,1,SKU69587,ZAV00797,1,906.02,130.81
ZA-00025009,2,SKU58341,ZAV00221,2,682.84,41.83
ZA-00025010,1,SKU99928,ZAV00688,1,169.79,94.49
ZA-00025011,1,SKU38496,ZAV00173,1,92.32,47.25
ZA-00025012,1,SKU31472,ZAV00252,1,1092.47,150.55
ZA-00025013,1,SKU43895,ZAV00696,1,1683.54,65.42
ZA-00025014,1,SKU75163,ZAV00004,1,879.55,48.77
ZA-00025015,1,SKU12041,ZAV00784,1,392.14,135.52
ZA-00025016,1,SKU53452,ZAV00183,1,338.87,108.09
ZA-00025017,1,SKU25162,ZAV00457,1,225.83,164.26
ZA-00025018,1,SKU18708,ZAV00189,1,441.62,69.98
ZA-00025019,1,SKU77827,ZAV00797,1,299.54,166.51
ZA-00025020,1,SKU99886,ZAV00414,2,1532.69,131.18
ZA-00025020,2,SKU87151,ZAV00647,1,889.99,145.45
ZA-00025021,1,SKU45625,ZAV00135,1,496.47,104.03
ZA-00025022,1,SKU68073,ZAV00247,1,334.01,125.63
ZA-00025023,1,SKU25116,ZAV00259,3,364.15,122.88
ZA-00025024,1,SKU21678,ZAV00562,1,984.49,74.84
ZA-00025025,1,SKU14064,ZAV00287,1,605.12,103.0
ZA-00025025,2,SKU61495,ZAV00290,1,448.04,130.67
ZA-00025026,1,SKU94055,ZAV00279,2,760.63,155.04
ZA-00025027,1,SKU64025,ZAV00012,1,712.11,126.93
ZA-00025028,1,SKU97041,ZAV00658,1,812.15,118.61
ZA-00025029,1,SKU99497,ZAV00006,1,346.74,53.81
ZA-00025030,1,SKU98223,ZAV00335,1,1528.5,141.48
ZA-00025031,1,SKU36413,ZAV00682,2,953.74,35.42
ZA-00025031,2,SKU21375,ZAV00631,1,625.68,110.04
ZA-00025032,1,SKU39587,ZAV00347,1,350.21,146.53
ZA-00025033,1,SKU24043,ZAV00607,1,1184.39,113.89
ZA-00025033,2,SKU92939,ZAV00172,1,281.85,151.68
ZA-00025034,1,SKU38622,ZAV00419,1,296.33,119.28
ZA-00025035,1,SKU18401,ZAV00085,1,175.52,125.39
ZA-00025036,1,SKU21235,ZAV00469,3,346.66,72.71
ZA-00025037,1,SKU37159,ZAV00512,1,290.16,145.47
ZA-00025038,1,SKU60441,ZAV00219,1,1831.76,54.85
ZA-00025038,2,SKU95949,ZAV00087,1,165.4,80.82
ZA-00025039,1,SKU97382,ZAV00507,1,381.93,107.96
ZA-00025040,1,SKU28428,ZAV00692,1,1174.48,47.16
ZA-00025041,1,SKU18733,ZAV00675,1,598.93,152.68
ZA-00025041,2,SKU55801,ZAV00215,1,237.73,143.93
ZA-00025042,1,SKU44418,ZAV00222,1,130.88,106.23
ZA-00025043,1,SKU36135,ZAV00160,1,310.38,74.04
ZA-00025044,1,SKU23376,ZAV00237,1,795.47,143.8
ZA-00025045,1,SKU87568,ZAV00777,1,988.08,140.76
ZA-00025045,2,SKU70629,ZAV00477,2,679.14,132.95
ZA-00025046,1,SKU83110,ZAV00361,1,172.06,42.3
ZA-00025047,1,SKU59815,ZAV00359,1,819.28,51.92
ZA-00025048,1,SKU90465,ZAV00291,2,212.35,144.36
ZA-00025049,1,SKU29269,ZAV00717,1,127.69,77.25
ZA-00025050,1,SKU62804,ZAV00722,1,138.83,91.04
ZA-00025051,1,SKU39652,ZAV00053,1,844.55,175.51
ZA-00025051,2,SKU34042,ZAV00540,2,975.0,174.36
ZA-00025052,1,SKU26733,ZAV00709,1,304.47,116.32
ZA-00025053,1,SKU23857,ZAV00278,1,435.19,78.42
ZA-00025053,2,SKU62860,ZAV00017,1,132.58,40.59
ZA-00025054,1,SKU18938,ZAV00271,2,68.62,167.08
ZA-00025055,1,SKU66554,ZAV00726,1,351.97,66.98
ZA-00025055,2,SKU40321,ZAV00723,1,152.0,73.49
ZA-00025055,3,SKU25260,ZAV00427,1,159.49,90.2
ZA-00025056,1,SKU88980,ZAV00249,1,102.55,142.35
ZA-00025057,1,SKU58806,ZAV00741,1,140.07,152.72
ZA-00025058,1,SKU20777,ZAV00600,1,434.75,42.81
ZA-00025059,1,SKU25019,ZAV00759,1,243.65,35.51
ZA-00025059,2,SKU30820,ZAV00157,1,531.57,154.36
ZA-00025060,1,SKU76201,ZAV00387,1,1264.19,94.36
ZA-00025061,1,SKU75685,ZAV00696,1,114.28,98.93
ZA-00025062,1,SKU99406,ZAV00378,2,76.65,35.84
ZA-00025063,1,SKU83259,ZAV00027,1,136.61,142.87
ZA-00025064,1,SKU27132,ZAV00148,1,1593.97,74.07
ZA-00025064,2,SKU57021,ZAV00743,1,242.92,67.07
ZA-00025065,1,SKU58305,ZAV00491,1,458.56,96.1
ZA-00025066,1,SKU74102,ZAV00091,1,542.88,131.14
ZA-00025067,1,SKU34110,ZAV00500,1,2229.96,99.09
ZA-00025068,1,SKU73887,ZAV00255,2,557.15,118.13
ZA-00025069,1,SKU25167,ZAV00269,1,207.52,164.12
ZA-00025070,1,SKU63891,ZAV00249,1,279.44,165.55
ZA-00025071,1,SKU23582,ZAV00444,1,91.96,171.14
ZA-00025072,1,SKU48895,ZAV00414,1,175.02,126.56
ZA-00025073,1,SKU24710,ZAV00019,1,137.61,107.8
ZA-00025074,1,SKU87602,ZAV00026,1,381.9,56.11
ZA-00025074,2,SKU12533,ZAV00061,1,856.4,133.97
ZA-00025075,1,SKU33255,ZAV00054,1,257.27,152.36
ZA-00025076,1,SKU82197,ZAV00689,3,1048.1,93.96
ZA-00025077,1,SKU52474,ZAV00010,1,156.56,69.12
ZA-00025078,1,SKU47492,ZAV00444,1,88.22,120.23
ZA-00025079,1,SKU37388,ZAV00633,1,712.57,67.44
ZA-00025080,1,SKU38744,ZAV00354,1,501.19,43.37
ZA-00025081,1,SKU26070,ZAV00736,1,433.53,67.67
ZA-00025082,1,SKU66774,ZAV00166,1,110.62,152.69
ZA-00025083,1,SKU80704,ZAV00634,1,747.93,150.11
ZA-00025084,1,SKU94266,ZAV00719,1,342.09,99.12
ZA-00025085,1,SKU61027,ZAV00681,2,925.91,134.58
ZA-00025085,2,SKU22185,ZAV00514,1,330.49,88.4
ZA-00025085,3,SKU40229,ZAV00566,2,359.84,167.51
ZA-00025086,1,SKU74632,ZAV00288,1,252.83,177.32
ZA-00025087,1,SKU45434,ZAV00634,1,3228.37,167.05
ZA-00025088,1,SKU81162,ZAV00134,1,1041.74,172.42
ZA-00025089,1,SKU73832,ZAV00320,1,487.31,115.2
ZA-00025089,2,SKU65108,ZAV00019,1,931.73,86.39
ZA-00025090,1,SKU23385,ZAV00455,1,546.72,110.56
ZA-00025091,1,SKU70172,ZAV00319,1,1213.8,68.52
ZA-00025092,1,SKU41581,ZAV00121,1,150.44,37.18
ZA-00025092,2,SKU89186,ZAV00264,1,1192.97,140.13
ZA-00025093,1,SKU81460,ZAV00333,1,261.26,148.0
ZA-00025093,2,SKU86794,ZAV00570,1,134.66,82.44
ZA-00025094,1,SKU78725,ZAV00142,1,236.03,51.36
ZA-00025094,2,SKU57774,ZAV00185,1,195.83,41.35
ZA-00025095,1,SKU51025,ZAV00277,1,606.05,128.19
ZA-00025096,1,SKU94383,ZAV00493,1,154.07,118.9
ZA-00025097,1,SKU53470,ZAV00196,1,181.75,94.27
ZA-00025098,1,SKU89810,ZAV00099,1,758.11,179.83
ZA-00025099,1,SKU29089,ZAV00461,1,982.08,89.99
ZA-00025100,1,SKU98528,ZAV00627,1,265.75,53.88
ZA-00025101,1,SKU79487,ZAV00316,2,398.06,137.44
ZA-00025102,1,SKU78116,ZAV00396,1,381.01,142.98
ZA-00025103,1,SKU78945,ZAV00613,2,130.44,51.67
ZA-00025104,1,SKU24702,ZAV00462,1,1516.33,147.81
ZA-00025105,1,SKU90146,ZAV00176,1,812.0,39.52
ZA-00025105,2,SKU30000,ZAV00043,3,91.51,125.97
ZA-00025106,1,SKU86373,ZAV00056,1,241.45,38.06
ZA-00025107,1,SKU11933,ZAV00019,2,727.03,136.92
ZA-00025108,1,SKU32079,ZAV00156,1,626.54,55.41
ZA-00025109,1,SKU76946,ZAV00043,2,725.66,49.29
ZA-00025109,2,SKU54316,ZAV00236,1,1093.58,134.29
ZA-00025110,1,SKU84183,ZAV00751,1,512.03,136.62
ZA-00025111,1,SKU94809,ZAV00366,1,175.04,84.72
ZA-00025112,1,SKU31743,ZAV00246,1,297.94,169.26
ZA-00025113,1,SKU38270,ZAV00158,1,259.8,139.66
ZA-00025113,2,SKU13336,ZAV00269,1,358.14,166.17
ZA-00025114,1,SKU22236,ZAV00619,1,399.73,52.07
ZA-00025115,1,SKU49154,ZAV00308,2,344.36,132.68
ZA-00025115,2,SKU10740,ZAV00181,1,148.03,133.78
ZA-00025116,1,SKU24106,ZAV00001,1,721.74,114.35
ZA-00025117,1,SKU24939,ZAV00412,1,165.99,97.06
ZA-00025118,1,SKU71418,ZAV00046,1,284.44,65.35
ZA-00025119,1,SKU41493,ZAV00476,1,578.81,59.3
ZA-00025120,1,SKU18537,ZAV00009,1,200.3,87.88
ZA-00025121,1,SKU80449,ZAV00756,1,648.56,50.86
ZA-00025122,1,SKU67267,ZAV00724,1,117.12,174.17
ZA-00025123,1,SKU79379,ZAV00247,1,222.72,37.47
ZA-00025124,1,SKU27485,ZAV00343,1,584.92,132.66
ZA-00025125,1,SKU83466,ZAV00023,1,364.17,90.83
ZA-00025126,1,SKU58186,ZAV00696,1,357.5,157.69
ZA-00025127,1,SKU66727,ZAV00611,2,1419.63,135.57
ZA-00025128,1,SKU98338,ZAV00785,1,159.43,57.36
ZA-00025129,1,SKU64224,ZAV00282,1,110.88,94.45
ZA-00025130,1,SKU91747,ZAV00711,1,204.59,85.81
ZA-00025131,1,SKU18473,ZAV00118,1,405.66,98.17
ZA-00025132,1,SKU90592,ZAV00648,1,177.18,95.93
ZA-00025132,2,SKU66242,ZAV00754,1,422.41,117.52
ZA-00025133,1,SKU11746,ZAV00777,1,180.62,70.77
ZA-00025134,1,SKU64647,ZAV00388,1,827.68,68.32
ZA-00025135,1,SKU99037,ZAV00748,1,442.53,76.71
ZA-00025136,1,SKU49617,ZAV00498,1,585.81,120.65
ZA-00025137,1,SKU82785,ZAV00290,1,934.25,130.23
ZA-00025138,1,SKU68747,ZAV00655,1,419.27,65.67
ZA-00025138,2,SKU98199,ZAV00638,1,1513.5,132.23
ZA-00025138,3,SKU69651,ZAV00356,2,192.67,70.57
ZA-00025139,1,SKU80752,ZAV00120,1,213.24,92.78
ZA-00025140,1,SKU44881,ZAV00113,1,308.55,93.68
ZA-00025140,2,SKU69824,ZAV00327,1,164.11,53.22
ZA-00025141,1,SKU76770,ZAV00612,1,72.75,92.81
ZA-00025142,1,SKU79251,ZAV00705,1,869.64,127.19
ZA-00025143,1,SKU52576,ZAV00376,1,302.44,153.69
ZA-00025144,1,SKU38848,ZAV00797,1,4136.76,89.03
ZA-00025145,1,SKU18489,ZAV00391,1,475.41,36.16
ZA-00025146,1,SKU85458,ZAV00226,2,52.03,43.77
ZA-00025147,1,SKU63814,ZAV00207,1,1339.74,116.9
ZA-00025148,1,SKU86675,ZAV00353,1,133.93,119.11
ZA-00025149,1,SKU44269,ZAV00606,1,630.27,36.51
ZA-00025149,2,SKU18042,ZAV00608,1,555.82,171.01
ZA-00025150,1,SKU29327,ZAV00655,2,419.74,172.09
ZA-00025151,1,SKU28545,ZAV00126,1,395.27,83.89
ZA-00025152,1,SKU18018,ZAV00107,1,1647.27,137.8
ZA-00025152,2,SKU75900,ZAV00117,1,2493.28,129.53
ZA-00025152,3,SKU10196,ZAV00046,1,686.87,155.61
ZA-00025153,1,SKU92784,ZAV00311,1,482.57,101.14
ZA-00025154,1,SKU43297,ZAV00296,1,258.25,59.56
ZA-00025154,2,SKU38660,ZAV00560,1,405.61,106.35
ZA-00025155,1,SKU22163,ZAV00385,1,1032.71,41.43
ZA-00025156,1,SKU79936,ZAV00077,1,713.28,81.88
ZA-00025157,1,SKU62838,ZAV00380,1,419.83,171.95
ZA-00025157,2,SKU50251,ZAV00530,1,977.3,128.24
ZA-00025158,1,SKU32143,ZAV00644,1,675.37,107.64
ZA-00025158,2,SKU57233,ZAV00351,1,460.93,113.33
ZA-00025159,1,SKU71151,ZAV00419,1,542.56,104.88
ZA-00025160,1,SKU20354,ZAV00350,1,262.82,54.4
ZA-00025160,2,SKU90961,ZAV00742,1,152.91,176.08
ZA-00025161,1,SKU59721,ZAV00647,2,275.28,47.14
ZA-00025162,1,SKU20949,ZAV00694,1,277.7,94.78
ZA-00025163,1,SKU79026,ZAV00143,1,218.66,142.73
ZA-00025164,1,SKU58761,ZAV00419,1,1044.25,98.9
ZA-00025164,2,SKU69452,ZAV00538,1,915.24,120.86
ZA-00025165,1,SKU25868,ZAV00084,1,186.58,150.85
ZA-00025166,1,SKU26277,ZAV00675,1,293.53,139.93
ZA-00025167,1,SKU51580,ZAV00573,2,533.63,172.54
ZA-00025167,2,SKU40730,ZAV00085,1,452.78,174.72
ZA-00025168,1,SKU41258,ZAV00234,1,1514.68,83.41
ZA-00025169,1,SKU58225,ZAV00726,1,599.2,178.34
ZA-00025170,1,SKU91786,ZAV00581,1,776.56,62.92
ZA-00025170,2,SKU88040,ZAV00351,1,285.44,161.71
ZA-00025171,1,SKU98687,ZAV00569,1,1175.37,171.73
ZA-00025172,1,SKU78119,ZAV00510,1,491.97,73.64
ZA-00025173,1,SKU46711,ZAV00741,1,505.67,173.33
ZA-00025174,1,SKU70289,ZAV00284,1,321.76,159.13
ZA-00025175,1,SKU51431,ZAV00371,1,513.68,52.41
ZA-00025176,1,SKU29804,ZAV00583,3,379.39,133.27
ZA-00025177,1,SKU30016,ZAV00785,1,348.89,78.36
ZA-00025178,1,SKU10645,ZAV00039,1,199.44,135.39
ZA-00025178,2,SKU20195,ZAV00022,1,737.38,66.97
ZA-00025179,1,SKU38185,ZAV00165,2,544.02,163.59
ZA-00025180,1,SKU51366,ZAV00487,1,839.54,177.63
ZA-00025181,1,SKU23002,ZAV00655,1,651.28,116.61
ZA-00025182,1,SKU43649,ZAV00064,1,913.35,44.32
ZA-00025183,1,SKU42278,ZAV00499,1,685.37,150.17
ZA-00025183,2,SKU89342,ZAV00055,1,1170.3,109.03
ZA-00025184,1,SKU27304,ZAV00700,1,339.25,104.52
ZA-00025184,2,SKU98346,ZAV00133,2,364.2,43.23
ZA-00025185,1,SKU45658,ZAV00093,2,261.22,57.1
ZA-00025186,1,SKU83116,ZAV00560,1,422.92,167.14
ZA-00025187,1,SKU75938,ZAV00007,2,764.35,124.5
ZA-00025188,1,SKU84444,ZAV00734,1,522.53,107.29
ZA-00025188,2,SKU71313,ZAV00381,1,1379.55,116.08
ZA-00025189,1,SKU56177,ZAV00218,1,201.3,111.14
ZA-00025190,1,SKU84556,ZAV00289,1,203.55,160.06
ZA-00025190,2,SKU23502,ZAV00587,1,313.47,75.61
ZA-00025191,1,SKU31988,ZAV00729,1,1908.91,46.1
ZA-00025192,1,SKU41783,ZAV00582,2,442.18,166.5
ZA-00025193,1,SKU75901,ZAV00026,1,1188.34,76.09
ZA-00025193,2,SKU70763,ZAV00013,1,478.9,154.63
ZA-00025194,1,SKU82343,ZAV00009,2,1125.64,134.47
ZA-00025195,1,SKU38892,ZAV00101,1,1381.08,169.81
ZA-00025196,1,SKU28465,ZAV00389,1,77.41,156.2
ZA-00025197,1,SKU69444,ZAV00650,1,313.43,129.38
ZA-00025198,1,SKU28731,ZAV00227,1,408.64,132.85
ZA-00025199,1,SKU36730,ZAV00094,1,500.01,67.78
ZA-00025200,1,SKU25191,ZAV00421,1,537.58,80.35
ZA-00025201,1,SKU47722,ZAV00586,1,50.83,160.18
ZA-00025201,2,SKU11714,ZAV00234,1,77.55,122.28
ZA-00025202,1,SKU74209,ZAV00065,1,322.32,173.24
ZA-00025203,1,SKU82740,ZAV00261,1,606.51,144.85
ZA-00025204,1,SKU81154,ZAV00521,1,2475.44,107.73
ZA-00025205,1,SKU81578,ZAV00696,1,385.3,152.86
ZA-00025205,2,SKU63202,ZAV00586,1,79.68,105.75
ZA-00025206,1,SKU90681,ZAV00085,2,105.09,161.22
ZA-00025206,2,SKU97529,ZAV00274,1,337.65,164.18
ZA-00025207,1,SKU59270,ZAV00562,1,188.31,60.22
ZA-00025208,1,SKU92995,ZAV00355,1,442.56,119.11
ZA-00025209,1,SKU21212,ZAV00756,1,380.23,80.62
ZA-00025210,1,SKU69290,ZAV00764,2,338.82,53.33
ZA-00025211,1,SKU76125,ZAV00680,1,649.9,101.18
ZA-00025212,1,SKU78784,ZAV00664,1,1246.03,110.02
ZA-00025213,1,SKU75599,ZAV00136,1,160.04,147.54
ZA-00025214,1,SKU47655,ZAV00624,2,953.59,138.87
ZA-00025215,1,SKU20249,ZAV00618,1,137.46,90.04
ZA-00025216,1,SKU65347,ZAV00209,1,813.67,58.91
ZA-00025217,1,SKU53870,ZAV00781,1,98.93,91.09
ZA-00025218,1,SKU92464,ZAV00422,1,267.04,165.03
ZA-00025219,1,SKU77981,ZAV00307,1,260.12,124.25
ZA-00025220,1,SKU60172,ZAV00476,1,121.41,141.52
ZA-00025221,1,SKU70913,ZAV00350,1,258.17,173.89
ZA-00025222,1,SKU77972,ZAV00757,1,1161.64,171.91
ZA-00025223,1,SKU82755,ZAV00432,1,675.32,53.18
ZA-00025224,1,SKU59816,ZAV00561,1,1656.92,142.51
ZA-00025225,1,SKU92049,ZAV00576,1,209.18,114.85
ZA-00025225,2,SKU17141,ZAV00188,1,619.94,143.58
ZA-00025225,3,SKU18238,ZAV00264,1,901.45,141.22
ZA-00025226,1,SKU91469,ZAV00488,1,162.34,35.07
ZA-00025226,2,SKU75119,ZAV00286,1,319.9,48.62
ZA-00025227,1,SKU81306,ZAV00683,1,529.4,95.36
ZA-00025228,1,SKU13319,ZAV00788,1,235.91,161.79
ZA-00025229,1,SKU51289,ZAV00760,1,637.56,143.83
ZA-00025229,2,SKU23457,ZAV00340,1,597.21,129.46
ZA-00025230,1,SKU27243,ZAV00208,1,463.38,92.08
ZA-00025231,1,SKU23119,ZAV00688,1,196.79,132.82
ZA-00025232,1,SKU68163,ZAV00117,1,678.91,60.69
ZA-00025233,1,SKU41957,ZAV00559,1,665.28,124.96
ZA-00025233,2,SKU25894,ZAV00092,1,567.55,88.14
ZA-00025234,1,SKU55611,ZAV00269,1,100.83,140.09
ZA-00025235,1,SKU87631,ZAV00385,1,300.44,117.07
ZA-00025236,1,SKU29614,ZAV00800,1,190.02,35.37
ZA-00025237,1,SKU27823,ZAV00380,1,132.23,98.24
ZA-00025238,1,SKU84324,ZAV00489,1,514.98,115.22
ZA-00025239,1,SKU90940,ZAV00113,2,431.71,167.48
ZA-00025240,1,SKU27847,ZAV00015,2,347.53,162.04
ZA-00025241,1,SKU46846,ZAV00073,1,501.84,174.94
ZA-00025242,1,SKU86063,ZAV00412,1,218.4,53.47
ZA-00025243,1,SKU82872,ZAV00432,1,987.45,42.17
ZA-00025243,2,SKU66703,ZAV00089,1,2830.95,50.73
ZA-00025244,1,SKU36498,ZAV00590,1,440.06,179.74
ZA-00025245,1,SKU10871,ZAV00545,1,993.48,112.33
ZA-00025246,1,SKU10714,ZAV00217,1,434.47,169.14
ZA-00025247,1,SKU89182,ZAV00092,2,419.86,123.01
ZA-00025248,1,SKU31482,ZAV00365,1,447.86,108.88
ZA-00025249,1,SKU58313,ZAV00759,1,918.39,155.53
ZA-00025249,2,SKU39202,ZAV00157,1,149.1,56.28
ZA-00025250,1,SKU27917,ZAV00200,1,123.76,125.83
ZA-00025251,1,SKU89726,ZAV00091,1,696.49,66.99
ZA-00025252,1,SKU44401,ZAV00140,1,679.8,84.32
ZA-00025252,2,SKU64487,ZAV00586,1,698.85,37.45
ZA-00025252,3,SKU59052,ZAV00143,2,576.68,159.12
ZA-00025253,1,SKU40833,ZAV00163,1,843.36,35.25
ZA-00025254,1,SKU73589,ZAV00457,3,644.65,99.7
ZA-00025255,1,SKU90725,ZAV00306,1,589.24,163.95
ZA-00025256,1,SKU14994,ZAV00590,1,616.45,131.33
ZA-00025256,2,SKU62473,ZAV00317,1,156.86,60.92
ZA-00025257,1,SKU97374,ZAV00199,1,1385.7,40.73
ZA-00025258,1,SKU17020,ZAV00701,1,476.73,69.17
ZA-00025259,1,SKU32019,ZAV00538,1,212.28,133.24
ZA-00025260,1,SKU94586,ZAV00090,1,96.02,80.36
ZA-00025261,1,SKU34160,ZAV00770,1,1736.49,44.05
ZA-00025261,2,SKU56194,ZAV00663,1,1375.7,74.83
ZA-00025262,1,SKU17789,ZAV00129,1,312.73,38.87
ZA-00025263,1,SKU15040,ZAV00091,1,934.74,164.36
ZA-00025264,1,SKU43721,ZAV00165,1,65.27,47.58
ZA-00025265,1,SKU59350,ZAV00782,1,300.22,170.57
ZA-00025266,1,SKU59774,ZAV00188,1,674.2,101.23
ZA-00025267,1,SKU30475,ZAV00412,1,226.47,123.09
ZA-00025267,2,SKU19791,ZAV00435,2,103.85,59.58
ZA-00025268,1,SKU55908,ZAV00168,1,121.84,154.23
ZA-00025269,1,SKU18141,ZAV00719,1,954.73,129.49
ZA-00025270,1,SKU85481,ZAV00611,1,477.38,65.11
ZA-00025270,2,SKU31129,ZAV00559,2,200.39,144.08
ZA-00025271,1,SKU75048,ZAV00231,1,625.77,141.66
ZA-00025272,1,SKU23643,ZAV00367,1,131.35,53.35
ZA-00025273,1,SKU90268,ZAV00580,1,625.65,52.69
ZA-00025274,1,SKU35850,ZAV00545,1,508.58,127.94
ZA-00025275,1,SKU89615,ZAV00018,1,191.09,132.42
ZA-00025276,1,SKU51373,ZAV00480,1,268.95,67.35
ZA-00025277,1,SKU68828,ZAV00060,2,545.16,121.83
ZA-00025278,1,SKU22457,ZAV00660,1,193.59,170.0
ZA-00025279,1,SKU90553,ZAV00334,1,314.45,64.41
ZA-00025280,1,SKU70911,ZAV00634,1,311.83,88.09
ZA-00025281,1,SKU30980,ZAV00362,1,789.32,175.48
ZA-00025282,1,SKU71575,ZAV00685,1,301.11,39.68
ZA-00025283,1,SKU78269,ZAV00495,1,575.1,42.89
ZA-00025284,1,SKU37244,ZAV00213,2,213.63,124.11
ZA-00025285,1,SKU95614,ZAV00745,1,708.01,129.99
ZA-00025286,1,SKU94318,ZAV00007,1,580.87,129.97
ZA-00025287,1,SKU97425,ZAV00610,1,256.74,127.09
ZA-00025288,1,SKU79063,ZAV00061,1,506.06,174.47
ZA-00025288,2,SKU37429,ZAV00696,1,380.23,39.48
ZA-00025289,1,SKU24372,ZAV00053,1,2368.17,75.98
ZA-00025290,1,SKU86096,ZAV00103,1,730.82,156.86
ZA-00025291,1,SKU43939,ZAV00101,1,492.51,89.52
ZA-00025292,1,SKU40768,ZAV00700,1,402.64,73.03
ZA-00025292,2,SKU30016,ZAV00718,1,430.69,68.49
ZA-00025293,1,SKU72042,ZAV00191,1,1753.71,60.06
ZA-00025294,1,SKU65456,ZAV00097,1,802.7,64.47
ZA-00025295,1,SKU49718,ZAV00255,1,437.69,132.93
ZA-00025296,1,SKU91650,ZAV00333,2,1021.14,39.01
ZA-00025297,1,SKU29113,ZAV00155,1,241.76,95.28
ZA-00025298,1,SKU53067,ZAV00134,1,229.39,83.46
ZA-00025298,2,SKU84191,ZAV00038,1,845.02,65.66
ZA-00025298,3,SKU73335,ZAV00419,1,213.02,63.81
ZA-00025299,1,SKU23839,ZAV00624,1,444.21,74.48
ZA-00025300,1,SKU51943,ZAV00250,1,384.58,39.11
ZA-00025301,1,SKU51100,ZAV00124,1,665.01,166.89
ZA-00025301,2,SKU57195,ZAV00709,1,648.33,64.06
ZA-00025301,3,SKU92758,ZAV00297,1,1005.68,79.97
ZA-00025302,1,SKU19651,ZAV00277,1,203.52,125.7
ZA-00025302,2,SKU32698,ZAV00686,1,195.36,133.09
ZA-00025303,1,SKU36289,ZAV00552,3,426.21,129.99
ZA-00025304,1,SKU33029,ZAV00124,1,538.16,107.54
ZA-00025305,1,SKU72669,ZAV00745,1,262.82,154.01
ZA-00025306,1,SKU83765,ZAV00770,1,1246.06,146.01
ZA-00025307,1,SKU84118,ZAV00276,1,262.5,44.66
ZA-00025308,1,SKU63858,ZAV00290,1,1003.57,150.18
ZA-00025309,1,SKU12962,ZAV00389,1,3103.86,62.43
ZA-00025310,1,SKU31272,ZAV00078,1,374.2,87.32
ZA-00025311,1,SKU12307,ZAV00400,2,118.04,176.51
ZA-00025311,2,SKU46924,ZAV00655,1,683.37,113.34
ZA-00025312,1,SKU14387,ZAV00025,1,216.49,73.44
ZA-00025312,2,SKU21924,ZAV00431,1,491.07,89.0
ZA-00025313,1,SKU64557,ZAV00272,1,514.97,124.08
ZA-00025314,1,SKU45532,ZAV00423,1,658.14,45.82
ZA-00025315,1,SKU98937,ZAV00598,1,1743.97,144.24
ZA-00025316,1,SKU54145,ZAV00023,1,4644.5,64.67
ZA-00025317,1,SKU61952,ZAV00582,2,599.71,122.0
ZA-00025318,1,SKU97346,ZAV00159,1,131.77,89.85
ZA-00025319,1,SKU89609,ZAV00716,1,207.56,87.58
ZA-00025319,2,SKU53936,ZAV00728,1,973.52,75.92
ZA-00025320,1,SKU20467,ZAV00486,2,1229.6,136.05
ZA-00025320,2,SKU90670,ZAV00281,1,773.97,143.14
ZA-00025321,1,SKU19458,ZAV00337,1,1833.26,84.01
ZA-00025322,1,SKU95950,ZAV00308,1,861.07,50.01
ZA-00025323,1,SKU37740,ZAV00468,1,114.5,54.69
ZA-00025324,1,SKU27523,ZAV00359,2,1031.64,136.57
ZA-00025325,1,SKU50948,ZAV00049,1,1339.05,127.96
ZA-00025326,1,SKU79956,ZAV00749,1,83.91,118.6
ZA-00025326,2,SKU98311,ZAV00656,1,1398.75,47.55
ZA-00025327,1,SKU72651,ZAV00114,1,427.69,130.76
ZA-00025328,1,SKU67979,ZAV00645,1,273.64,43.7
ZA-00025329,1,SKU73528,ZAV00126,1,2290.06,142.25
ZA-00025330,1,SKU89150,ZAV00672,1,683.61,60.88
ZA-00025331,1,SKU60514,ZAV00577,1,198.72,84.02
ZA-00025332,1,SKU22452,ZAV00097,1,1861.24,79.7
ZA-00025332,2,SKU93204,ZAV00310,1,212.55,146.32
ZA-00025333,1,SKU55374,ZAV00673,1,443.31,109.34
ZA-00025334,1,SKU16181,ZAV00484,1,181.34,131.08
ZA-00025334,2,SKU18579,ZAV00518,2,478.1,176.08
ZA-00025335,1,SKU50993,ZAV00620,2,160.58,133.22
ZA-00025336,1,SKU17162,ZAV00146,1,1106.6,66.62
ZA-00025337,1,SKU15845,ZAV00603,1,1051.5,126.85
ZA-00025338,1,SKU62159,ZAV00747,1,447.43,100.32
ZA-00025338,2,SKU52338,ZAV00434,1,79.86,72.07
ZA-00025339,1,SKU18461,ZAV00354,1,1620.39,98.37
ZA-00025340,1,SKU83004,ZAV00511,1,358.95,154.88
ZA-00025341,1,SKU74231,ZAV00770,1,363.11,158.13
ZA-00025342,1,SKU57877,ZAV00069,2,264.05,114.36
ZA-00025342,2,SKU10263,ZAV00197,1,444.81,49.33
ZA-00025343,1,SKU11244,ZAV00249,1,2186.22,179.69
ZA-00025343,2,SKU60266,ZAV00086,1,1501.09,129.75
ZA-00025344,1,SKU63335,ZAV00751,1,482.67,131.37
ZA-00025344,2,SKU57374,ZAV00408,2,396.44,67.86
ZA-00025345,1,SKU55967,ZAV00531,1,528.62,143.44
ZA-00025346,1,SKU30339,ZAV00258,1,727.38,147.92
ZA-00025347,1,SKU15233,ZAV00179,1,94.7,154.95
ZA-00025348,1,SKU17151,ZAV00607,1,1234.02,43.32
ZA-00025348,2,SKU97958,ZAV00507,1,269.35,151.86
ZA-00025349,1,SKU52797,ZAV00331,1,807.43,108.32
ZA-00025350,1,SKU63574,ZAV00107,2,1055.18,149.15
ZA-00025351,1,SKU82104,ZAV00220,1,171.01,148.6
ZA-00025351,2,SKU17011,ZAV00246,1,79.14,157.83
ZA-00025351,3,SKU62693,ZAV00480,1,1059.47,63.33
ZA-00025352,1,SKU45371,ZAV00732,2,639.54,163.31
ZA-00025352,2,SKU41344,ZAV00784,1,272.54,91.65
ZA-00025353,1,SKU18983,ZAV00683,1,336.07,128.42
ZA-00025354,1,SKU54678,ZAV00719,2,811.94,67.78
ZA-00025355,1,SKU38266,ZAV00291,2,148.3,149.55
ZA-00025356,1,SKU18424,ZAV00157,1,2380.17,81.06
ZA-00025357,1,SKU42082,ZAV00310,1,320.76,139.84
ZA-00025358,1,SKU96198,ZAV00518,1,1008.62,104.39
ZA-00025359,1,SKU43914,ZAV00486,1,402.98,149.42
ZA-00025360,1,SKU29750,ZAV00367,1,290.83,142.58
ZA-00025361,1,SKU78858,ZAV00103,1,616.42,155.33
ZA-00025362,1,SKU20910,ZAV00797,1,1362.9,102.46
ZA-00025362,2,SKU27346,ZAV00492,1,516.76,169.03
ZA-00025363,1,SKU74745,ZAV00162,1,477.44,117.82
ZA-00025364,1,SKU60368,ZAV00686,1,258.24,169.95
ZA-00025365,1,SKU28071,ZAV00276,1,117.06,119.4
ZA-00025366,1,SKU99163,ZAV00130,1,565.25,152.46
ZA-00025367,1,SKU51599,ZAV00664,1,267.94,63.48
ZA-00025368,1,SKU80979,ZAV00317,1,380.17,132.25
ZA-00025369,1,SKU77526,ZAV00507,1,293.82,88.52
ZA-00025370,1,SKU28064,ZAV00791,1,765.14,78.16
ZA-00025370,2,SKU28043,ZAV00457,1,359.9,119.79
ZA-00025371,1,SKU73803,ZAV00414,2,194.86,114.4
ZA-00025372,1,SKU59448,ZAV00735,1,99.99,64.51
ZA-00025373,1,SKU56978,ZAV00542,1,850.47,163.53
ZA-00025373,2,SKU82914,ZAV00224,1,305.38,150.63
ZA-00025373,3,SKU54751,ZAV00775,1,535.83,47.47
ZA-00025374,1,SKU34702,ZAV00430,1,689.53,55.29
ZA-00025375,1,SKU87827,ZAV00289,1,1116.46,164.72
ZA-00025376,1,SKU12024,ZAV00228,1,548.13,175.52
ZA-00025377,1,SKU13081,ZAV00165,1,1747.01,54.29
ZA-00025378,1,SKU34340,ZAV00615,2,252.03,104.32
ZA-00025378,2,SKU55067,ZAV00537,1,1488.09,64.72
ZA-00025379,1,SKU70299,ZAV00571,1,230.91,168.85
ZA-00025380,1,SKU11636,ZAV00790,1,1139.56,57.96
ZA-00025381,1,SKU52707,ZAV00735,1,260.72,134.29
ZA-00025382,1,SKU98291,ZAV00067,1,535.38,151.04
ZA-00025383,1,SKU48362,ZAV00222,1,636.97,54.92
ZA-00025384,1,SKU65478,ZAV00142,1,276.53,116.28
ZA-00025385,1,SKU21615,ZAV00522,2,1325.4,114.76
ZA-00025386,1,SKU38916,ZAV00310,2,811.38,62.71
ZA-00025387,1,SKU42417,ZAV00261,1,242.12,80.35
ZA-00025388,1,SKU22899,ZAV00398,1,539.73,175.33
ZA-00025389,1,SKU93869,ZAV00374,1,199.92,162.51
ZA-00025389,2,SKU32984,ZAV00530,1,668.85,37.81
ZA-00025390,1,SKU26164,ZAV00010,1,348.89,97.37
ZA-00025391,1,SKU56402,ZAV00197,2,807.36,47.82
ZA-00025391,2,SKU36159,ZAV00188,1,1063.64,35.69
ZA-00025391,3,SKU65885,ZAV00748,1,960.45,36.73
ZA-00025392,1,SKU28524,ZAV00519,1,874.73,171.57
ZA-00025393,1,SKU26534,ZAV00411,1,565.62,152.19
ZA-00025394,1,SKU30895,ZAV00194,1,613.98,129.21
ZA-00025394,2,SKU86622,ZAV00303,2,607.0,151.71
ZA-00025395,1,SKU84016,ZAV00377,1,2187.38,55.21
ZA-00025395,2,SKU61418,ZAV00202,1,606.9,159.42
ZA-00025395,3,SKU63838,ZAV00523,1,793.2,74.93
ZA-00025396,1,SKU93037,ZAV00031,1,723.37,130.09
ZA-00025397,1,SKU72428,ZAV00114,1,509.22,108.82
ZA-00025397,2,SKU67947,ZAV00636,1,639.53,144.99
ZA-00025398,1,SKU93478,ZAV00287,1,392.44,128.95
ZA-00025399,1,SKU59416,ZAV00122,1,846.98,62.6
ZA-00025399,2,SKU37347,ZAV00529,1,254.42,38.6
ZA-00025399,3,SKU20966,ZAV00509,1,445.82,89.4
ZA-00025400,1,SKU67557,ZAV00333,2,1507.18,96.75
ZA-00025401,1,SKU61340,ZAV00558,1,396.48,120.79
ZA-00025401,2,SKU62015,ZAV00693,1,301.61,111.37
ZA-00025401,3,SKU30640,ZAV00440,1,946.05,116.5
ZA-00025402,1,SKU21955,ZAV00578,1,155.88,81.51
ZA-00025403,1,SKU16166,ZAV00366,1,255.08,45.72
ZA-00025404,1,SKU53347,ZAV00498,1,481.41,66.08
ZA-00025405,1,SKU72570,ZAV00284,1,346.67,85.47
ZA-00025406,1,SKU49757,ZAV00032,1,125.07,149.05
ZA-00025406,2,SKU76284,ZAV00003,2,625.08,177.32
ZA-00025407,1,SKU22479,ZAV00607,1,630.96,57.31
ZA-00025408,1,SKU31526,ZAV00448,1,86.48,120.45
ZA-00025409,1,SKU12712,ZAV00634,2,73.32,100.8
ZA-00025409,2,SKU31836,ZAV00354,1,141.44,75.07
ZA-00025409,3,SKU83358,ZAV00494,1,487.86,116.56
ZA-00025410,1,SKU30554,ZAV00183,1,724.43,121.48
ZA-00025411,1,SKU89212,ZAV00685,1,3210.91,103.73
ZA-00025412,1,SKU11470,ZAV00684,1,314.5,151.36
ZA-00025413,1,SKU68557,ZAV00069,1,217.26,43.78
ZA-00025414,1,SKU79723,ZAV00500,1,419.42,177.86
ZA-00025414,2,SKU91221,ZAV00747,1,284.76,145.0
ZA-00025414,3,SKU61791,ZAV00356,1,1391.07,78.64
ZA-00025415,1,SKU83221,ZAV00123,1,540.82,160.88
ZA-00025416,1,SKU86629,ZAV00214,1,244.88,114.98
ZA-00025417,1,SKU82658,ZAV00673,1,788.37,107.32
ZA-00025418,1,SKU71251,ZAV00622,1,257.65,122.2
ZA-00025419,1,SKU25274,ZAV00766,2,874.44,86.71
ZA-00025420,1,SKU38221,ZAV00063,1,2416.15,158.26
ZA-00025420,2,SKU91904,ZAV00787,1,278.18,51.75
ZA-00025421,1,SKU39786,ZAV00701,1,4116.58,101.95
ZA-00025422,1,SKU43349,ZAV00491,1,21.38,121.68
ZA-00025423,1,SKU41217,ZAV00448,1,797.02,90.58
ZA-00025424,1,SKU78337,ZAV00357,2,1362.28,48.69
ZA-00025424,2,SKU20801,ZAV00013,1,121.93,179.18
ZA-00025425,1,SKU29363,ZAV00128,1,2078.46,105.03
ZA-00025425,2,SKU90356,ZAV00422,1,941.8,110.83
ZA-00025426,1,SKU48693,ZAV00034,1,1575.17,120.61
ZA-00025427,1,SKU88352,ZAV00741,1,267.99,160.87
ZA-00025428,1,SKU93030,ZAV00580,1,608.9,124.46
ZA-00025429,1,SKU88659,ZAV00453,1,572.75,171.63
ZA-00025429,2,SKU14814,ZAV00600,2,2524.96,160.32
ZA-00025430,1,SKU78813,ZAV00146,1,1745.65,106.5
ZA-00025431,1,SKU92746,ZAV00640,1,125.8,96.98
ZA-00025432,1,SKU22266,ZAV00370,1,203.07,119.81
ZA-00025433,1,SKU20323,ZAV00311,2,2021.43,138.72
ZA-00025433,2,SKU24984,ZAV00045,1,993.24,96.05
ZA-00025434,1,SKU61514,ZAV00319,1,419.34,140.86
ZA-00025435,1,SKU25773,ZAV00486,1,1565.66,57.73
ZA-00025435,2,SKU40102,ZAV00098,1,456.89,37.7
ZA-00025436,1,SKU22481,ZAV00217,1,1086.63,96.37
ZA-00025437,1,SKU56114,ZAV00152,1,229.38,122.07
ZA-00025438,1,SKU28905,ZAV00224,1,870.99,111.92
ZA-00025438,2,SKU36971,ZAV00443,1,628.95,56.85
ZA-00025439,1,SKU60033,ZAV00229,1,184.74,42.01
ZA-00025440,1,SKU31503,ZAV00652,1,399.87,144.69
ZA-00025440,2,SKU97099,ZAV00427,1,219.12,166.5
ZA-00025441,1,SKU33010,ZAV00256,1,273.93,130.77
ZA-00025442,1,SKU59070,ZAV00548,1,454.6,62.73
ZA-00025442,2,SKU12485,ZAV00619,1,205.18,171.68
ZA-00025443,1,SKU47020,ZAV00666,1,385.95,87.35
ZA-00025444,1,SKU41911,ZAV00553,1,190.33,126.0
ZA-00025444,2,SKU25710,ZAV00590,1,239.35,150.63
ZA-00025445,1,SKU45709,ZAV00194,1,135.66,51.46
ZA-00025446,1,SKU57889,ZAV00769,1,289.89,155.68
ZA-00025446,2,SKU62752,ZAV00194,1,329.25,100.1
ZA-00025446,3,SKU64386,ZAV00314,1,177.5,111.36
ZA-00025447,1,SKU28910,ZAV00151,1,77.9,156.9
ZA-00025448,1,SKU15401,ZAV00712,2,726.16,44.91
ZA-00025449,1,SKU83451,ZAV00181,1,546.58,157.03
ZA-00025450,1,SKU75527,ZAV00127,1,426.18,139.21
ZA-00025451,1,SKU54277,ZAV00649,1,526.83,72.77
ZA-00025452,1,SKU86830,ZAV00439,1,322.52,54.44
ZA-00025452,2,SKU19420,ZAV00352,1,204.62,107.53
ZA-00025452,3,SKU17432,ZAV00033,1,729.67,156.01
ZA-00025453,1,SKU54411,ZAV00159,1,3229.91,169.53
ZA-00025454,1,SKU17015,ZAV00086,1,723.6,54.27
ZA-00025455,1,SKU24796,ZAV00136,1,210.99,129.38
ZA-00025455,2,SKU42473,ZAV00680,1,1021.57,82.26
ZA-00025456,1,SKU66893,ZAV00242,1,340.58,136.11
ZA-00025456,2,SKU90155,ZAV00253,1,1235.97,141.8
ZA-00025457,1,SKU63998,ZAV00682,1,316.75,101.58
ZA-00025457,2,SKU86499,ZAV00620,1,169.54,169.14
ZA-00025458,1,SKU94451,ZAV00392,1,538.94,92.47
ZA-00025459,1,SKU74443,ZAV00416,1,327.34,115.77
ZA-00025460,1,SKU17828,ZAV00532,1,1048.24,90.53
ZA-00025461,1,SKU40099,ZAV00689,1,186.83,130.77
ZA-00025461,2,SKU98979,ZAV00359,1,98.02,156.95
ZA-00025462,1,SKU63597,ZAV00479,1,173.21,75.9
ZA-00025463,1,SKU96549,ZAV00794,1,637.04,65.27
ZA-00025464,1,SKU36095,ZAV00279,1,281.55,116.39
ZA-00025465,1,SKU10605,ZAV00157,1,493.25,56.98
ZA-00025466,1,SKU44598,ZAV00482,2,654.63,90.22
ZA-00025466,2,SKU99387,ZAV00104,1,616.62,145.06
ZA-00025467,1,SKU30156,ZAV00606,1,150.84,132.66
ZA-00025468,1,SKU26615,ZAV00402,1,1202.86,46.44
ZA-00025468,2,SKU12726,ZAV00086,1,438.7,123.24
ZA-00025469,1,SKU66005,ZAV00162,1,147.99,64.65
ZA-00025470,1,SKU50004,ZAV00058,1,814.83,142.1
ZA-00025471,1,SKU70936,ZAV00225,1,207.5,96.35
ZA-00025471,2,SKU34733,ZAV00308,1,389.26,36.78
ZA-00025472,1,SKU63818,ZAV00621,1,1666.73,161.94
ZA-00025473,1,SKU15358,ZAV00799,2,159.47,106.04
ZA-00025474,1,SKU12518,ZAV00368,3,256.67,161.19
ZA-00025475,1,SKU71493,ZAV00419,1,84.09,119.17
ZA-00025475,2,SKU94346,ZAV00135,1,849.79,112.14
ZA-00025476,1,SKU37800,ZAV00300,1,403.22,126.77
ZA-00025476,2,SKU70672,ZAV00118,1,474.11,165.29
ZA-00025477,1,SKU38075,ZAV00737,1,499.88,82.46
ZA-00025478,1,SKU66405,ZAV00657,2,567.5,161.65
ZA-00025479,1,SKU32258,ZAV00788,1,469.66,37.74
ZA-00025480,1,SKU85511,ZAV00094,2,230.72,132.28
ZA-00025481,1,SKU90737,ZAV00736,1,235.54,58.35
ZA-00025482,1,SKU93509,ZAV00440,1,76.51,59.16
ZA-00025483,1,SKU16473,ZAV00464,1,1598.07,174.31
ZA-00025483,2,SKU88197,ZAV00195,1,184.02,100.81
ZA-00025484,1,SKU89827,ZAV00736,1,142.53,83.36
ZA-00025484,2,SKU32302,ZAV00289,1,364.15,173.69
ZA-00025485,1,SKU72557,ZAV00601,1,763.57,100.0
ZA-00025486,1,SKU14201,ZAV00622,1,159.5,170.34
ZA-00025487,1,SKU94475,ZAV00206,2,531.72,159.02
ZA-00025488,1,SKU91579,ZAV00423,1,249.3,107.88
ZA-00025488,2,SKU15500,ZAV00481,1,120.54,169.25
ZA-00025489,1,SKU57184,ZAV00204,1,268.48,151.5
ZA-00025490,1,SKU31625,ZAV00793,1,402.09,144.86
ZA-00025490,2,SKU56673,ZAV00565,1,947.02,95.04
ZA-00025491,1,SKU57550,ZAV00752,1,1839.43,53.28
ZA-00025492,1,SKU56380,ZAV00365,1,230.57,139.41
ZA-00025493,1,SKU75430,ZAV00752,1,316.01,127.03
ZA-00025493,2,SKU90344,ZAV00212,1,432.24,128.09
ZA-00025493,3,SKU84562,ZAV00040,1,331.64,141.13
ZA-00025494,1,SKU57565,ZAV00795,1,1094.22,113.77
ZA-00025494,2,SKU30323,ZAV00795,1,1084.37,111.43
ZA-00025495,1,SKU66759,ZAV00486,1,633.81,55.14
ZA-00025496,1,SKU68858,ZAV00032,1,925.67,132.06
ZA-00025496,2,SKU86469,ZAV00445,1,239.74,48.29
ZA-00025497,1,SKU20648,ZAV00127,1,517.1,166.86
ZA-00025497,2,SKU45575,ZAV00543,1,704.37,36.82
ZA-00025498,1,SKU44059,ZAV00502,1,389.03,154.9
ZA-00025499,1,SKU71947,ZAV00516,1,424.69,142.95
ZA-00025500,1,SKU96371,ZAV00016,1,132.46,174.26
ZA-00025500,2,SKU90948,ZAV00489,1,456.89,65.7
ZA-00025500,3,SKU62227,ZAV00588,1,1273.0,150.94
ZA-00025501,1,SKU94889,ZAV00025,1,210.12,118.8
ZA-00025502,1,SKU77923,ZAV00388,1,1291.37,80.13
ZA-00025502,2,SKU52878,ZAV00517,1,336.76,93.84
ZA-00025502,3,SKU99055,ZAV00213,1,291.43,174.02
ZA-00025503,1,SKU18861,ZAV00060,1,167.18,173.65
ZA-00025503,2,SKU11845,ZAV00172,1,795.72,45.32
ZA-00025504,1,SKU99611,ZAV00615,1,3355.72,113.84
ZA-00025505,1,SKU64311,ZAV00478,1,1038.9,86.05
ZA-00025505,2,SKU50310,ZAV00783,2,1692.04,80.16
ZA-00025506,1,SKU15979,ZAV00640,1,709.36,167.07
ZA-00025507,1,SKU95309,ZAV00676,1,740.81,60.83
ZA-00025507,2,SKU73547,ZAV00458,1,1620.07,108.35
ZA-00025508,1,SKU76530,ZAV00027,1,882.5,148.17
ZA-00025508,2,SKU21104,ZAV00518,1,1080.75,118.25
ZA-00025508,3,SKU74424,ZAV00141,1,332.41,131.79
ZA-00025509,1,SKU16782,ZAV00716,1,1120.21,85.56
ZA-00025510,1,SKU74443,ZAV00024,1,100.12,61.49
ZA-00025510,2,SKU23032,ZAV00653,1,3100.96,170.37
ZA-00025510,3,SKU21028,ZAV00068,1,317.39,36.57
ZA-00025511,1,SKU58732,ZAV00751,1,744.66,40.42
ZA-00025511,2,SKU41238,ZAV00168,1,433.02,84.99
ZA-00025512,1,SKU39401,ZAV00306,1,519.43,175.65
ZA-00025513,1,SKU90808,ZAV00291,2,336.63,133.56
ZA-00025514,1,SKU88123,ZAV00354,1,1540.46,137.25
ZA-00025515,1,SKU12954,ZAV00514,1,401.01,135.97
ZA-00025516,1,SKU15187,ZAV00124,1,499.1,92.8
ZA-00025517,1,SKU85490,ZAV00405,1,902.54,87.81
ZA-00025517,2,SKU76518,ZAV00248,1,2435.45,37.9
ZA-00025518,1,SKU35803,ZAV00176,1,1196.47,171.15
ZA-00025519,1,SKU69044,ZAV00774,1,177.41,175.01
ZA-00025520,1,SKU90689,ZAV00199,1,312.34,45.67
ZA-00025521,1,SKU90923,ZAV00200,1,91.64,114.75
ZA-00025522,1,SKU86760,ZAV00202,2,414.8,121.71
ZA-00025523,1,SKU93876,ZAV00550,1,1284.47,72.71
ZA-00025524,1,SKU46562,ZAV00303,1,116.73,122.09
ZA-00025525,1,SKU48898,ZAV00330,1,361.38,100.18
ZA-00025526,1,SKU55630,ZAV00443,1,1457.24,96.64
ZA-00025526,2,SKU10285,ZAV00155,1,744.79,133.18
ZA-00025527,1,SKU75702,ZAV00238,1,195.04,118.14
ZA-00025527,2,SKU43339,ZAV00698,1,319.19,149.96
ZA-00025528,1,SKU46467,ZAV00696,2,1375.0,60.97
ZA-00025529,1,SKU18574,ZAV00132,1,520.78,123.81
ZA-00025530,1,SKU62754,ZAV00460,1,258.21,109.4
ZA-00025531,1,SKU93897,ZAV00356,1,813.14,77.19
ZA-00025532,1,SKU58475,ZAV00668,3,136.39,81.71
ZA-00025533,1,SKU35413,ZAV00008,2,1077.21,86.72
ZA-00025534,1,SKU32537,ZAV00095,1,3666.01,177.92
ZA-00025535,1,SKU43872,ZAV00190,2,1035.43,73.02
ZA-00025535,2,SKU56173,ZAV00586,1,408.92,176.08
ZA-00025536,1,SKU15011,ZAV00090,1,281.96,94.21
ZA-00025537,1,SKU16604,ZAV00162,2,536.16,109.03
ZA-00025537,2,SKU64404,ZAV00587,1,625.2,56.97
ZA-00025538,1,SKU57213,ZAV00194,1,101.88,41.28
ZA-00025539,1,SKU68828,ZAV00662,1,319.13,65.76
ZA-00025540,1,SKU48635,ZAV00663,2,717.82,166.21
ZA-00025541,1,SKU59403,ZAV00342,1,789.75,57.43
ZA-00025542,1,SKU98442,ZAV00151,1,447.92,69.68
ZA-00025543,1,SKU47929,ZAV00114,1,144.86,91.21
ZA-00025544,1,SKU27687,ZAV00512,1,894.96,83.9
ZA-00025545,1,SKU40101,ZAV00370,3,544.65,170.5
ZA-00025546,1,SKU94626,ZAV00401,1,240.76,172.25
ZA-00025546,2,SKU48130,ZAV00010,3,516.41,176.56
ZA-00025547,1,SKU29168,ZAV00181,1,76.45,151.97
ZA-00025547,2,SKU49397,ZAV00521,1,409.76,153.8
ZA-00025548,1,SKU33103,ZAV00249,1,1245.16,79.16
ZA-00025549,1,SKU69110,ZAV00782,1,90.73,151.1
ZA-00025550,1,SKU29456,ZAV00719,1,454.77,168.03
ZA-00025551,1,SKU66748,ZAV00602,1,1638.49,55.7
ZA-00025551,2,SKU60347,ZAV00336,1,233.09,157.09
ZA-00025552,1,SKU80713,ZAV00232,1,586.92,76.16
ZA-00025552,2,SKU73442,ZAV00781,1,97.84,73.0
ZA-00025553,1,SKU71409,ZAV00592,1,125.18,152.4
ZA-00025554,1,SKU86439,ZAV00244,1,952.66,168.1
ZA-00025555,1,SKU11646,ZAV00384,2,1095.08,35.06
ZA-00025556,1,SKU18684,ZAV00591,1,463.47,132.41
ZA-00025556,2,SKU69262,ZAV00297,1,215.91,36.68
ZA-00025557,1,SKU20575,ZAV00185,2,3727.47,119.45
ZA-00025558,1,SKU93559,ZAV00481,1,927.73,174.73
ZA-00025558,2,SKU30556,ZAV00645,2,154.3,109.82
ZA-00025559,1,SKU72257,ZAV00099,1,405.62,116.06
ZA-00025560,1,SKU49908,ZAV00390,1,420.72,149.23
ZA-00025561,1,SKU65346,ZAV00045,1,859.66,88.42
ZA-00025562,1,SKU47514,ZAV00064,1,722.1,104.52
ZA-00025563,1,SKU64015,ZAV00359,1,827.67,36.4
