ord_ref,line_no,sku,vendor_code,qty,unit_price_zar,delivery_fee_zar
ZA-00028012,1,SKU81289,ZAV00692,3,1773.36,115.46
ZA-00028013,1,SKU78938,ZAV00515,1,363.24,48.5
ZA-00028013,2,SKU98840,ZAV00080,1,588.43,80.64
ZA-00028013,3,SKU86861,ZAV00460,3,114.01,126.11
ZA-00028014,1,SKU29310,ZAV00300,2,833.72,148.81
ZA-00028015,1,SKU76285,ZAV00349,2,176.25,50.89
ZA-00028015,2,SKU12156,ZAV00391,1,359.95,127.43
ZA-00028016,1,SKU90251,ZAV00669,1,437.95,149.16
ZA-00028017,1,SKU95081,ZAV00575,2,1563.93,134.23
ZA-00028018,1,SKU12968,ZAV00256,1,1244.02,50.1
ZA-00028019,1,SKU68161,ZAV00644,1,214.56,87.82
ZA-00028020,1,SKU62606,ZAV00294,1,315.53,87.24
ZA-00028021,1,SKU33395,ZAV00671,1,1827.18,117.78
ZA-00028022,1,SKU60558,ZAV00079,1,676.91,106.84
ZA-00028022,2,SKU53182,ZAV00558,1,332.97,90.69
ZA-00028022,3,SKU10948,ZAV00258,1,113.55,115.06
ZA-00028023,1,SKU94574,ZAV00106,2,510.02,57.02
ZA-00028024,1,SKU18851,ZAV00357,1,448.59,50.76
ZA-00028025,1,SKU92818,ZAV00270,1,2356.93,98.41
ZA-00028026,1,SKU55700,ZAV00234,1,1182.69,86.32
ZA-00028026,2,SKU17886,ZAV00683,1,109.13,160.24
ZA-00028027,1,SKU22583,ZAV00177,1,481.29,155.42
ZA-00028027,2,SKU54304,ZAV00312,1,111.1,130.2
ZA-00028028,1,SKU19935,ZAV00624,1,191.6,177.96
ZA-00028029,1,SKU66500,ZAV00130,2,795.61,91.09
ZA-00028029,2,SKU90944,ZAV00626,2,1241.52,51.95
ZA-00028030,1,SKU25382,ZAV00694,1,344.13,134.21
ZA-00028030,2,SKU96800,ZAV00150,1,856.77,178.62
ZA-00028031,1,SKU66149,ZAV00343,1,1050.91,37.51
ZA-00028032,1,SKU81368,ZAV00428,1,278.42,68.6
ZA-00028033,1,SKU82024,ZAV00421,1,144.97,124.15
ZA-00028034,1,SKU61136,ZAV00512,1,1116.42,140.93
ZA-00028034,2,SKU98805,ZAV00503,1,258.59,94.58
ZA-00028035,1,SKU38129,ZAV00435,1,313.82,83.31
ZA-00028036,1,SKU16479,ZAV00268,1,1862.49,101.29
ZA-00028037,1,SKU64370,ZAV00366,2,136.72,106.73
ZA-00028038,1,SKU82021,ZAV00462,1,408.32,166.15
ZA-00028039,1,SKU89297,ZAV00367,1,452.74,49.85
ZA-00028040,1,SKU78391,ZAV00540,1,1950.11,36.56
ZA-00028040,2,SKU29187,ZAV00260,1,109.05,162.14
ZA-00028041,1,SKU40792,ZAV00210,1,119.59,172.01
ZA-00028042,1,SKU48269,ZAV00507,1,428.27,134.78
ZA-00028043,1,SKU52466,ZAV00519,1,173.09,90.57
ZA-00028044,1,SKU12899,ZAV00719,1,182.49,61.59
ZA-00028044,2,SKU10146,ZAV00554,1,434.14,162.39
ZA-00028045,1,SKU51474,ZAV00276,1,660.73,83.3
ZA-00028045,2,SKU77250,ZAV00779,2,2074.63,105.5
ZA-00028046,1,SKU98223,ZAV00044,1,2134.02,162.7
ZA-00028046,2,SKU85420,ZAV00627,1,278.15,141.65
ZA-00028047,1,SKU24821,ZAV00630,1,959.11,124.09
ZA-00028048,1,SKU75431,ZAV00021,1,313.86,95.18
ZA-00028048,2,SKU58522,ZAV00683,1,1200.49,111.39
ZA-00028049,1,SKU10406,ZAV00313,1,932.12,178.9
ZA-00028049,2,SKU65582,ZAV00555,1,442.12,121.73
ZA-00028049,3,SKU93855,ZAV00211,1,103.18,87.74
ZA-00028050,1,SKU68636,ZAV00570,1,260.8,128.54
ZA-00028051,1,SKU66744,ZAV00009,1,111.9,173.24
ZA-00028052,1,SKU34363,ZAV00664,1,480.37,135.59
ZA-00028053,1,SKU22136,ZAV00144,2,390.99,141.67
ZA-00028054,1,SKU31539,ZAV00194,1,576.98,164.08
ZA-00028055,1,SKU30635,ZAV00119,1,1079.63,167.29
ZA-00028056,1,SKU85159,ZAV00633,1,141.66,120.91
ZA-00028057,1,SKU44644,ZAV00528,2,284.34,160.59
ZA-00028058,1,SKU16217,ZAV00127,1,1661.6,50.11
ZA-00028059,1,SKU44789,ZAV00540,1,290.38,120.74
ZA-00028060,1,SKU94757,ZAV00574,1,475.9,88.26
ZA-00028061,1,SKU60707,ZAV00111,1,564.46,48.86
ZA-00028062,1,SKU10816,ZAV00438,1,1170.16,49.4
ZA-00028063,1,SKU54834,ZAV00579,1,525.76,94.36
ZA-00028064,1,SKU88787,ZAV00459,1,165.07,59.77
ZA-00028065,1,SKU27732,ZAV00190,1,2317.34,153.58
ZA-00028066,1,SKU94565,ZAV00128,1,628.38,46.34
ZA-00028067,1,SKU73038,ZAV00225,2,1073.23,174.05
ZA-00028068,1,SKU32464,ZAV00291,1,768.0,100.94
ZA-00028069,1,SKU27989,ZAV00431,2,437.64,87.43
ZA-00028070,1,SKU45253,ZAV00164,1,1166.04,80.61
ZA-00028071,1,SKU92946,ZAV00089,1,164.88,43.85
ZA-00028071,2,SKU66346,ZAV00635,1,180.66,176.23
ZA-00028072,1,SKU69246,ZAV00557,1,85.09,155.55
ZA-00028073,1,SKU16669,ZAV00206,1,952.07,81.23
ZA-00028073,2,SKU41611,ZAV00319,1,672.9,144.5
ZA-00028073,3,SKU37868,ZAV00117,1,316.41,38.96
ZA-00028074,1,SKU43864,ZAV00253,1,442.4,170.93
ZA-00028075,1,SKU71355,ZAV00577,1,40.28,101.98
ZA-00028076,1,SKU45015,ZAV00264,1,346.52,86.6
ZA-00028076,2,SKU71874,ZAV00147,1,258.45,105.53
ZA-00028077,1,SKU99185,ZAV00417,1,256.79,66.77
ZA-00028077,2,SKU62305,ZAV00253,1,228.74,91.7
ZA-00028078,1,SKU71685,ZAV00606,1,529.25,74.92
ZA-00028079,1,SKU51377,ZAV00344,2,284.43,40.35
ZA-00028080,1,SKU18789,ZAV00338,1,1827.44,107.37
ZA-00028081,1,SKU97171,ZAV00593,1,267.94,95.91
ZA-00028082,1,SKU72898,ZAV00531,1,1962.81,61.39
ZA-00028082,2,SKU93014,ZAV00107,2,604.27,40.54
ZA-00028083,1,SKU61068,ZAV00252,1,201.65,73.06
ZA-00028084,1,SKU53779,ZAV00108,1,1906.06,129.63
ZA-00028085,1,SKU14363,ZAV00103,3,851.48,173.8
ZA-00028086,1,SKU47856,ZAV00466,1,912.7,153.27
ZA-00028087,1,SKU39337,ZAV00223,1,205.38,142.61
ZA-00028088,1,SKU73117,ZAV00204,1,411.02,168.12
ZA-00028089,1,SKU69103,ZAV00136,1,1133.57,93.01
ZA-00028089,2,SKU69618,ZAV00218,1,850.01,103.43
ZA-00028090,1,SKU27962,ZAV00277,1,841.49,177.22
ZA-00028091,1,SKU76779,ZAV00476,1,906.95,91.83
ZA-00028092,1,SKU20445,ZAV00159,1,205.72,98.59
ZA-00028093,1,SKU47655,ZAV00536,1,404.97,175.46
ZA-00028094,1,SKU37324,ZAV00741,1,640.7,97.32
ZA-00028095,1,SKU93463,ZAV00195,1,185.94,83.74
ZA-00028096,1,SKU69173,ZAV00009,1,189.47,49.05
ZA-00028097,1,SKU97778,ZAV00480,1,422.74,48.91
ZA-00028097,2,SKU68945,ZAV00781,1,546.17,51.49
ZA-00028097,3,SKU28104,ZAV00423,1,503.32,129.01
ZA-00028098,1,SKU14842,ZAV00473,1,548.57,36.67
ZA-00028099,1,SKU68225,ZAV00799,1,311.68,152.11
ZA-00028100,1,SKU61490,ZAV00615,1,176.06,172.5
ZA-00028101,1,SKU67082,ZAV00362,1,387.72,48.09
ZA-00028102,1,SKU48751,ZAV00089,1,278.25,115.25
ZA-00028103,1,SKU69724,ZAV00210,1,452.88,75.74
ZA-00028103,2,SKU87056,ZAV00513,1,559.46,121.27
ZA-00028104,1,SKU67842,ZAV00657,1,372.98,178.94
ZA-00028105,1,SKU34911,ZAV00540,1,395.39,177.68
ZA-00028106,1,SKU33645,ZAV00750,2,207.84,100.81
ZA-00028107,1,SKU86555,ZAV00141,1,356.91,145.79
ZA-00028108,1,SKU14822,ZAV00354,2,763.93,128.73
ZA-00028109,1,SKU83389,ZAV00653,1,1043.52,159.67
ZA-00028110,1,SKU28834,ZAV00655,1,395.21,142.04
ZA-00028111,1,SKU42812,ZAV00648,1,334.09,140.74
ZA-00028112,1,SKU71140,ZAV00045,1,1257.2,132.88
ZA-00028113,1,SKU93487,ZAV00005,1,56.21,74.29
ZA-00028113,2,SKU45172,ZAV00231,2,162.11,163.36
ZA-00028114,1,SKU36293,ZAV00239,2,250.83,59.81
ZA-00028115,1,SKU64743,ZAV00395,1,196.13,116.81
ZA-00028116,1,SKU63024,ZAV00754,1,481.24,81.7
ZA-00028117,1,SKU10636,ZAV00181,2,2529.93,45.33
ZA-00028118,1,SKU50350,ZAV00508,1,507.11,42.53
ZA-00028119,1,SKU89454,ZAV00234,1,409.04,128.02
ZA-00028120,1,SKU10099,ZAV00535,1,375.12,151.4
ZA-00028121,1,SKU89179,ZAV00627,2,135.33,174.24
ZA-00028122,1,SKU47689,ZAV00322,2,738.11,112.72
ZA-00028123,1,SKU47757,ZAV00443,1,208.78,53.31
ZA-00028124,1,SKU43522,ZAV00773,1,162.98,128.34
ZA-00028125,1,SKU98169,ZAV00130,1,302.0,56.93
ZA-00028126,1,SKU21150,ZAV00036,2,188.89,42.54
ZA-00028127,1,SKU16543,ZAV00707,1,407.48,95.78
ZA-00028128,1,SKU25890,ZAV00771,1,121.53,108.36
ZA-00028129,1,SKU25429,ZAV00223,1,265.0,132.09
ZA-00028129,2,SKU64281,ZAV00056,1,450.67,174.46
ZA-00028130,1,SKU93322,ZAV00001,2,362.6,152.83
ZA-00028131,1,SKU35812,ZAV00020,1,696.31,41.81
ZA-00028132,1,SKU19677,ZAV00587,1,214.8,108.52
ZA-00028133,1,SKU64909,ZAV00210,1,656.36,169.07
ZA-00028134,1,SKU34055,ZAV00370,1,338.08,51.88
ZA-00028135,1,SKU30025,ZAV00270,1,408.48,101.38
ZA-00028136,1,SKU84962,ZAV00011,1,1264.17,141.75
ZA-00028136,2,SKU14684,ZAV00417,1,201.43,158.56
ZA-00028136,3,SKU87724,ZAV00689,1,366.82,143.57
ZA-00028137,1,SKU36043,ZAV00673,2,938.74,99.86
ZA-00028138,1,SKU53329,ZAV00437,1,280.82,100.81
ZA-00028139,1,SKU86472,ZAV00660,1,176.36,154.02
ZA-00028140,1,SKU60104,ZAV00780,1,1224.55,65.59
ZA-00028140,2,SKU75868,ZAV00489,1,383.87,136.62
ZA-00028140,3,SKU28171,ZAV00168,1,542.13,160.34
ZA-00028141,1,SKU87903,ZAV00316,1,868.82,118.24
ZA-00028142,1,SKU56715,ZAV00143,1,2475.12,98.54
ZA-00028143,1,SKU70791,ZAV00799,1,127.16,122.23
ZA-00028144,1,SKU32388,ZAV00524,1,275.96,154.57
ZA-00028145,1,SKU50245,ZAV00444,2,606.4,61.46
ZA-00028146,1,SKU96057,ZAV00300,1,328.98,87.39
ZA-00028147,1,SKU54431,ZAV00054,1,604.43,106.22
ZA-00028148,1,SKU49557,ZAV00031,2,1358.52,93.32
ZA-00028149,1,SKU96218,ZAV00503,2,434.2,112.51
ZA-00028150,1,SKU51793,ZAV00246,1,435.57,114.52
ZA-00028151,1,SKU24399,ZAV00550,1,852.14,149.26
ZA-00028152,1,SKU74871,ZAV00765,1,1218.47,168.71
ZA-00028153,1,SKU94267,ZAV00381,2,226.89,162.26
ZA-00028154,1,SKU43099,ZAV00432,1,110.96,162.48
ZA-00028155,1,SKU24235,ZAV00386,1,319.25,107.89
ZA-00028156,1,SKU30614,ZAV00350,1,413.37,94.51
ZA-00028157,1,SKU84682,ZAV00098,3,2582.08,136.21
ZA-00028158,1,SKU55279,ZAV00799,1,772.46,115.56
ZA-00028159,1,SKU55488,ZAV00234,1,416.79,44.86
ZA-00028160,1,SKU10795,ZAV00455,2,304.68,124.77
ZA-00028161,1,SKU60583,ZAV00123,1,351.54,116.6
ZA-00028161,2,SKU59962,ZAV00643,1,392.2,105.61
ZA-00028162,1,SKU90995,ZAV00736,1,357.27,179.1
ZA-00028163,1,SKU67923,ZAV00691,1,418.42,149.75
ZA-00028164,1,SKU38286,ZAV00257,1,775.85,130.16
ZA-00028165,1,SKU12973,ZAV00019,2,1312.86,68.45
ZA-00028166,1,SKU77130,ZAV00712,1,1648.26,149.55
ZA-00028167,1,SKU83579,ZAV00007,1,572.54,164.8
ZA-00028168,1,SKU94110,ZAV00631,2,9353.37,179.16
ZA-00028168,2,SKU39716,ZAV00751,1,367.46,79.23
ZA-00028169,1,SKU76621,ZAV00228,1,305.71,79.31
ZA-00028169,2,SKU11818,ZAV00436,2,224.23,95.98
ZA-00028170,1,SKU23109,ZAV00068,1,163.4,148.45
ZA-00028171,1,SKU13660,ZAV00370,2,94.5,96.14
ZA-00028172,1,SKU79300,ZAV00283,1,160.6,123.78
ZA-00028173,1,SKU76272,ZAV00721,1,797.48,60.05
ZA-00028174,1,SKU67534,ZAV00054,1,90.22,155.21
ZA-00028175,1,SKU32689,ZAV00003,1,894.65,171.04
ZA-00028176,1,SKU12383,ZAV00216,1,282.83,115.03
ZA-00028177,1,SKU42629,ZAV00246,2,1050.43,91.3
ZA-00028178,1,SKU58769,ZAV00232,1,1079.4,163.75
ZA-00028178,2,SKU61671,ZAV00503,1,179.06,59.4
ZA-00028179,1,SKU70404,ZAV00576,1,491.93,134.68
ZA-00028180,1,SKU30057,ZAV00308,1,196.11,140.46
ZA-00028181,1,SKU14196,ZAV00422,1,1661.88,123.27
ZA-00028182,1,SKU82005,ZAV00264,1,75.96,144.28
ZA-00028183,1,SKU35708,ZAV00788,1,347.67,146.22
ZA-00028184,1,SKU11602,ZAV00783,1,238.47,55.45
ZA-00028185,1,SKU18787,ZAV00517,2,432.78,157.87
ZA-00028185,2,SKU49873,ZAV00228,1,249.72,152.32
ZA-00028186,1,SKU62509,ZAV00359,1,72.22,96.47
ZA-00028187,1,SKU12816,ZAV00469,1,650.7,106.43
ZA-00028188,1,SKU20220,ZAV00494,1,206.17,162.75
ZA-00028189,1,SKU59599,ZAV00651,1,485.81,96.01
ZA-00028190,1,SKU17225,ZAV00292,2,99.42,159.29
ZA-00028191,1,SKU99163,ZAV00691,1,165.0,100.03
ZA-00028192,1,SKU80240,ZAV00374,1,295.17,111.45
ZA-00028193,1,SKU91314,ZAV00584,1,286.74,108.66
ZA-00028194,1,SKU62517,ZAV00569,1,791.35,98.55
ZA-00028195,1,SKU68536,ZAV00113,1,248.39,110.0
ZA-00028196,1,SKU81396,ZAV00037,1,417.58,67.68
ZA-00028196,2,SKU16203,ZAV00745,1,94.87,62.69
ZA-00028197,1,SKU32736,ZAV00418,3,439.79,115.5
ZA-00028198,1,SKU83927,ZAV00663,3,595.12,133.43
ZA-00028199,1,SKU75554,ZAV00260,1,499.78,104.99
ZA-00028200,1,SKU66967,ZAV00524,1,554.41,40.78
ZA-00028201,1,SKU30631,ZAV00620,1,779.39,130.57
ZA-00028201,2,SKU38178,ZAV00187,1,401.0,177.13
ZA-00028202,1,SKU80186,ZAV00260,1,296.5,80.76
ZA-00028203,1,SKU47970,ZAV00342,1,234.54,112.45
ZA-00028204,1,SKU52892,ZAV00730,1,1478.52,167.93
ZA-00028204,2,SKU59942,ZAV00367,1,2016.72,163.25
ZA-00028205,1,SKU70657,ZAV00786,1,846.37,46.93
ZA-00028206,1,SKU86804,ZAV00680,1,624.79,178.8
ZA-00028206,2,SKU62559,ZAV00372,1,260.5,39.12
ZA-00028207,1,SKU67891,ZAV00598,1,442.96,90.89
ZA-00028208,1,SKU64897,ZAV00008,1,1000.44,82.79
ZA-00028208,2,SKU25330,ZAV00775,1,190.18,174.58
ZA-00028209,1,SKU77139,ZAV00335,1,484.84,97.45
ZA-00028210,1,SKU64179,ZAV00399,1,1347.05,99.73
ZA-00028211,1,SKU67802,ZAV00295,1,201.48,57.7
ZA-00028212,1,SKU78237,ZAV00035,1,165.48,171.06
ZA-00028213,1,SKU20343,ZAV00396,1,263.14,43.17
ZA-00028213,2,SKU99360,ZAV00162,1,1147.32,83.02
ZA-00028214,1,SKU62251,ZAV00264,1,467.0,143.13
ZA-00028215,1,SKU57807,ZAV00238,1,93.81,106.05
ZA-00028216,1,SKU42312,ZAV00134,1,1173.89,105.85
ZA-00028216,2,SKU61685,ZAV00582,1,375.49,108.8
ZA-00028217,1,SKU88288,ZAV00403,3,702.99,74.15
ZA-00028218,1,SKU71944,ZAV00261,1,305.55,66.96
ZA-00028218,2,SKU23932,ZAV00589,1,1359.14,150.85
ZA-00028219,1,SKU61204,ZAV00472,1,404.78,44.96
ZA-00028220,1,SKU55276,ZAV00288,2,649.56,117.26
ZA-00028221,1,SKU33088,ZAV00720,1,978.97,124.3
ZA-00028222,1,SKU63141,ZAV00380,1,2432.4,163.05
ZA-00028223,1,SKU65316,ZAV00421,1,811.08,105.56
ZA-00028224,1,SKU65143,ZAV00375,1,555.88,153.31
ZA-00028225,1,SKU56957,ZAV00636,1,1658.94,65.81
ZA-00028226,1,SKU64851,ZAV00370,3,1017.12,135.38
ZA-00028227,1,SKU39025,ZAV00187,1,1182.23,107.48
ZA-00028228,1,SKU42836,ZAV00279,1,211.28,57.79
ZA-00028229,1,SKU76521,ZAV00442,1,416.4,56.6
ZA-00028229,2,SKU89495,ZAV00583,2,829.78,140.39
ZA-00028230,1,SKU87225,ZAV00532,1,1830.14,44.23
ZA-00028231,1,SKU52486,ZAV00548,1,371.32,108.63
ZA-00028232,1,SKU23320,ZAV00217,2,135.22,111.82
ZA-00028233,1,SKU11359,ZAV00073,1,119.33,43.86
ZA-00028234,1,SKU35654,ZAV00216,1,491.9,44.04
ZA-00028235,1,SKU48572,ZAV00735,1,236.81,159.74
ZA-00028235,2,SKU26468,ZAV00603,1,984.01,65.42
ZA-00028236,1,SKU68995,ZAV00225,1,163.87,116.16
ZA-00028237,1,SKU18439,ZAV00765,2,145.81,106.54
ZA-00028238,1,SKU82790,ZAV00043,1,612.2,65.85
ZA-00028239,1,SKU48982,ZAV00196,1,1166.96,143.36
ZA-00028240,1,SKU95481,ZAV00614,1,157.98,58.01
ZA-00028241,1,SKU64541,ZAV00423,1,3362.47,165.79
ZA-00028242,1,SKU43678,ZAV00121,1,425.66,90.8
ZA-00028243,1,SKU89462,ZAV00435,1,4341.06,81.09
ZA-00028243,2,SKU63006,ZAV00261,1,1511.49,119.73
ZA-00028244,1,SKU56970,ZAV00637,1,898.37,148.82
ZA-00028245,1,SKU90432,ZAV00214,1,500.59,100.23
ZA-00028246,1,SKU24929,ZAV00392,1,159.6,178.22
ZA-00028247,1,SKU65779,ZAV00671,1,453.02,161.24
ZA-00028248,1,SKU22166,ZAV00570,1,305.78,124.61
ZA-00028249,1,SKU84808,ZAV00274,1,373.64,37.23
ZA-00028250,1,SKU41836,ZAV00235,1,193.9,36.92
ZA-00028251,1,SKU69865,ZAV00699,1,388.3,45.26
ZA-00028251,2,SKU16359,ZAV00041,1,564.1,75.39
ZA-00028251,3,SKU34072,ZAV00497,1,274.12,143.81
ZA-00028252,1,SKU70633,ZAV00303,1,1387.28,38.9
ZA-00028252,2,SKU58226,ZAV00571,1,1147.72,115.47
ZA-00028253,1,SKU57209,ZAV00488,1,1125.55,86.18
ZA-00028253,2,SKU30559,ZAV00571,1,289.25,36.26
ZA-00028254,1,SKU56644,ZAV00358,1,183.36,41.47
ZA-00028255,1,SKU81522,ZAV00021,1,228.79,67.57
ZA-00028256,1,SKU64097,ZAV00449,1,469.71,165.06
ZA-00028257,1,SKU13164,ZAV00631,1,710.75,173.65
ZA-00028258,1,SKU83580,ZAV00403,1,209.01,74.91
ZA-00028258,2,SKU93797,ZAV00226,1,892.16,124.4
ZA-00028259,1,SKU69688,ZAV00521,1,268.73,128.05
ZA-00028259,2,SKU71809,ZAV00412,1,2202.17,100.26
ZA-00028259,3,SKU25924,ZAV00246,1,800.91,105.46
ZA-00028260,1,SKU19075,ZAV00342,1,137.59,168.32
ZA-00028261,1,SKU43898,ZAV00621,1,221.91,46.62
ZA-00028262,1,SKU76588,ZAV00219,1,523.72,73.48
ZA-00028263,1,SKU54652,ZAV00625,2,306.16,143.7
ZA-00028264,1,SKU74199,ZAV00061,1,1278.0,83.57
ZA-00028265,1,SKU41204,ZAV00592,1,733.94,53.82
ZA-00028266,1,SKU16764,ZAV00126,1,743.18,85.9
ZA-00028267,1,SKU77574,ZAV00200,1,481.59,36.53
ZA-00028268,1,SKU17883,ZAV00317,1,494.39,158.08
ZA-00028269,1,SKU39716,ZAV00204,1,1122.4,46.83
ZA-00028270,1,SKU77094,ZAV00689,2,667.57,89.02
ZA-00028271,1,SKU61560,ZAV00498,1,615.11,56.18
ZA-00028272,1,SKU11525,ZAV00686,1,533.28,124.73
ZA-00028273,1,SKU84894,ZAV00253,1,1001.95,171.44
ZA-00028273,2,SKU79305,ZAV00391,2,318.44,86.04
ZA-00028274,1,SKU55315,ZAV00454,1,244.15,121.77
ZA-00028275,1,SKU14988,ZAV00605,1,775.93,177.37
ZA-00028275,2,SKU65351,ZAV00360,1,193.33,173.33
ZA-00028276,1,SKU71012,ZAV00163,1,329.56,120.22
ZA-00028277,1,SKU30483,ZAV00603,1,1186.42,139.34
ZA-00028278,1,SKU72542,ZAV00420,2,533.21,136.22
ZA-00028279,1,SKU73238,ZAV00784,1,139.32,146.0
ZA-00028280,1,SKU48855,ZAV00239,2,101.0,134.33
ZA-00028280,2,SKU80565,ZAV00349,1,1022.42,79.89
ZA-00028281,1,SKU50429,ZAV00760,3,1672.08,155.74
ZA-00028282,1,SKU25810,ZAV00272,1,581.87,103.59
ZA-00028283,1,SKU84290,ZAV00661,1,373.28,176.03
ZA-00028284,1,SKU95234,ZAV00542,1,653.33,108.14
ZA-00028285,1,SKU39899,ZAV00146,1,828.64,91.94
ZA-00028286,1,SKU27680,ZAV00006,2,788.68,141.97
ZA-00028287,1,SKU58845,ZAV00766,1,1169.32,141.71
ZA-00028288,1,SKU91058,ZAV00119,1,1208.45,148.0
ZA-00028289,1,SKU67230,ZAV00798,1,745.17,157.61
ZA-00028290,1,SKU83216,ZAV00592,1,77.08,156.81
ZA-00028291,1,SKU90129,ZAV00010,1,585.06,126.32
ZA-00028292,1,SKU42351,ZAV00324,1,320.81,140.1
ZA-00028293,1,SKU62791,ZAV00165,1,160.08,52.22
ZA-00028294,1,SKU81762,ZAV00295,2,359.22,101.65
ZA-00028295,1,SKU75977,ZAV00357,1,543.78,105.71
ZA-00028295,2,SKU66388,ZAV00146,3,222.92,101.61
ZA-00028295,3,SKU44357,ZAV00768,1,787.25,118.48
ZA-00028296,1,SKU26676,ZAV00039,1,450.12,54.4
ZA-00028297,1,SKU36339,ZAV00735,1,117.4,67.43
ZA-00028298,1,SKU64858,ZAV00756,1,122.63,87.72
ZA-00028299,1,SKU62080,ZAV00457,3,540.09,69.38
ZA-00028299,2,SKU79962,ZAV00598,1,268.01,42.87
ZA-00028300,1,SKU71382,ZAV00222,1,1381.4,100.16
ZA-00028300,2,SKU12112,ZAV00311,1,316.83,82.55
ZA-00028300,3,SKU48033,ZAV00042,1,731.82,62.94
ZA-00028301,1,SKU33523,ZAV00294,1,1076.36,79.21
ZA-00028302,1,SKU59921,ZAV00213,1,175.07,177.56
ZA-00028303,1,SKU80826,ZAV00550,1,853.31,77.9
ZA-00028303,2,SKU46608,ZAV00405,1,55.51,132.32
ZA-00028304,1,SKU73210,ZAV00239,1,1941.43,162.25
ZA-00028305,1,SKU31905,ZAV00171,1,258.3,149.73
ZA-00028305,2,SKU37124,ZAV00270,2,259.75,102.98
ZA-00028306,1,SKU13698,ZAV00774,1,1847.88,36.27
ZA-00028307,1,SKU24693,ZAV00688,1,320.85,108.57
ZA-00028308,1,SKU76601,ZAV00431,1,598.44,115.3
ZA-00028308,2,SKU93467,ZAV00643,1,363.82,145.55
ZA-00028309,1,SKU95926,ZAV00385,1,618.13,177.01
ZA-00028310,1,SKU33525,ZAV00721,1,64.47,118.57
ZA-00028310,2,SKU96475,ZAV00383,1,138.67,93.33
ZA-00028311,1,SKU31357,ZAV00278,1,309.95,127.07
ZA-00028312,1,SKU87287,ZAV00751,2,1219.76,36.99
ZA-00028313,1,SKU43400,ZAV00648,1,241.1,76.91
ZA-00028313,2,SKU68604,ZAV00143,1,525.76,131.06
ZA-00028313,3,SKU21174,ZAV00470,2,104.06,106.29
ZA-00028314,1,SKU79506,ZAV00242,1,725.24,107.31
ZA-00028315,1,SKU35606,ZAV00679,1,2607.03,43.53
ZA-00028316,1,SKU70269,ZAV00239,1,209.83,131.75
ZA-00028317,1,SKU26297,ZAV00266,1,100.76,56.46
ZA-00028317,2,SKU99863,ZAV00618,1,361.39,83.03
ZA-00028317,3,SKU50904,ZAV00167,1,602.63,173.38
ZA-00028318,1,SKU98104,ZAV00137,1,40.38,159.21
ZA-00028319,1,SKU15805,ZAV00283,1,309.38,86.34
ZA-00028320,1,SKU18917,ZAV00379,1,2012.56,58.97
ZA-00028321,1,SKU60614,ZAV00488,1,350.94,118.94
ZA-00028322,1,SKU39104,ZAV00353,1,454.77,179.71
ZA-00028323,1,SKU31193,ZAV00577,1,207.19,37.74
ZA-00028323,2,SKU83240,ZAV00203,2,370.7,124.66
ZA-00028323,3,SKU82770,ZAV00613,1,473.27,53.55
ZA-00028324,1,SKU99764,ZAV00724,1,1010.32,65.36
ZA-00028325,1,SKU26066,ZAV00329,1,244.24,111.65
ZA-00028326,1,SKU77719,ZAV00383,1,439.87,118.5
ZA-00028327,1,SKU48300,ZAV00613,1,474.63,135.76
ZA-00028328,1,SKU13481,ZAV00393,1,335.81,41.74
ZA-00028329,1,SKU79945,ZAV00518,1,391.9,121.14
ZA-00028330,1,SKU74921,ZAV00597,1,957.22,91.06
ZA-00028331,1,SKU38709,ZAV00078,1,800.78,146.88
ZA-00028331,2,SKU53362,ZAV00273,1,1703.44,176.68
ZA-00028332,1,SKU62760,ZAV00135,2,193.88,118.93
ZA-00028332,2,SKU13373,ZAV00613,1,411.48,126.66
ZA-00028332,3,SKU58944,ZAV00200,1,1193.53,40.67
ZA-00028333,1,SKU60567,ZAV00782,1,1163.02,175.5
ZA-00028334,1,SKU40030,ZAV00086,1,722.95,35.01
ZA-00028335,1,SKU73426,ZAV00663,1,613.29,73.42
ZA-00028336,1,SKU82339,ZAV00554,1,771.76,73.56
ZA-00028337,1,SKU63490,ZAV00165,1,761.84,131.89
ZA-00028338,1,SKU72405,ZAV00110,1,316.91,79.66
ZA-00028339,1,SKU80994,ZAV00330,1,328.45,66.4
ZA-00028339,2,SKU46613,ZAV00153,1,195.79,152.11
ZA-00028340,1,SKU34172,ZAV00343,1,1081.77,76.86
ZA-00028340,2,SKU15049,ZAV00651,1,3567.67,99.18
ZA-00028340,3,SKU42972,ZAV00220,2,160.61,109.83
ZA-00028341,1,SKU36955,ZAV00544,1,1431.81,70.4
ZA-00028342,1,SKU44697,ZAV00571,1,829.59,90.41
ZA-00028343,1,SKU22797,ZAV00157,1,873.02,64.49
ZA-00028344,1,SKU71189,ZAV00189,1,223.1,163.45
ZA-00028345,1,SKU54807,ZAV00417,2,356.51,44.91
ZA-00028346,1,SKU68114,ZAV00353,1,1077.89,74.97
ZA-00028347,1,SKU34684,ZAV00572,1,131.84,59.84
ZA-00028348,1,SKU51834,ZAV00712,1,391.0,46.31
ZA-00028349,1,SKU79004,ZAV00214,1,456.22,132.06
ZA-00028349,2,SKU38525,ZAV00018,1,282.2,133.79
ZA-00028350,1,SKU14230,ZAV00503,1,349.18,46.39
ZA-00028350,2,SKU92123,ZAV00414,1,431.66,73.08
ZA-00028350,3,SKU15503,ZAV00153,1,442.16,143.56
ZA-00028351,1,SKU43817,ZAV00327,1,113.89,78.77
ZA-00028351,2,SKU93694,ZAV00512,1,201.07,55.39
ZA-00028352,1,SKU57727,ZAV00211,1,1760.22,142.53
ZA-00028353,1,SKU41796,ZAV00568,2,174.09,68.12
ZA-00028354,1,SKU43569,ZAV00651,1,691.17,44.44
ZA-00028355,1,SKU81402,ZAV00216,1,542.05,73.1
ZA-00028356,1,SKU80565,ZAV00622,2,446.77,114.24
ZA-00028357,1,SKU37001,ZAV00008,1,124.82,121.73
ZA-00028357,2,SKU11045,ZAV00411,1,662.65,117.46
ZA-00028357,3,SKU88551,ZAV00051,1,285.91,73.28
ZA-00028358,1,SKU17233,ZAV00519,1,236.92,106.59
ZA-00028359,1,SKU13428,ZAV00781,1,2428.64,113.65
ZA-00028359,2,SKU94009,ZAV00770,1,216.96,42.34
ZA-00028360,1,SKU95548,ZAV00214,2,1264.67,74.74
ZA-00028360,2,SKU34588,ZAV00729,1,90.31,65.04
ZA-00028361,1,SKU88565,ZAV00214,1,424.1,160.36
ZA-00028362,1,SKU42612,ZAV00733,3,409.38,125.0
ZA-00028363,1,SKU86885,ZAV00682,1,386.31,104.14
ZA-00028364,1,SKU80316,ZAV00421,1,173.79,162.56
ZA-00028365,1,SKU27060,ZAV00503,1,244.4,125.16
ZA-00028366,1,SKU65774,ZAV00105,1,1313.96,71.22
ZA-00028366,2,SKU14850,ZAV00243,1,861.87,72.81
ZA-00028367,1,SKU50213,ZAV00118,1,171.47,151.79
ZA-00028367,2,SKU72409,ZAV00658,2,258.79,121.67
ZA-00028367,3,SKU56545,ZAV00066,1,216.6,172.02
ZA-00028368,1,SKU90973,ZAV00365,1,1439.32,53.06
ZA-00028369,1,SKU36212,ZAV00611,1,197.78,56.99
ZA-00028370,1,SKU31785,ZAV00596,1,269.54,41.16
ZA-00028371,1,SKU79147,ZAV00778,1,2760.06,76.82
ZA-00028372,1,SKU21386,ZAV00420,2,1678.04,51.7
ZA-00028372,2,SKU74570,ZAV00269,1,614.2,112.05
ZA-00028372,3,SKU15663,ZAV00384,1,273.7,164.21
ZA-00028373,1,SKU26638,ZAV00309,1,176.39,89.3
ZA-00028373,2,SKU50838,ZAV00764,1,703.77,98.22
ZA-00028374,1,SKU15600,ZAV00416,1,104.45,173.09
ZA-00028375,1,SKU80166,ZAV00675,1,923.58,40.12
ZA-00028376,1,SKU95366,ZAV00548,2,947.94,130.99
ZA-00028377,1,SKU40940,ZAV00793,1,578.8,65.42
ZA-00028377,2,SKU26769,ZAV00118,1,433.35,174.56
ZA-00028377,3,SKU66444,ZAV00594,2,159.99,144.55
ZA-00028378,1,SKU54269,ZAV00420,1,119.86,103.63
ZA-00028379,1,SKU49223,ZAV00204,3,210.59,70.93
ZA-00028380,1,SKU90474,ZAV00737,1,584.18,36.64
ZA-00028381,1,SKU94815,ZAV00676,1,1215.6,69.88
ZA-00028382,1,SKU80503,ZAV00789,1,263.13,153.08
ZA-00028382,2,SKU73414,ZAV00007,2,131.14,118.56
ZA-00028383,1,SKU97528,ZAV00571,1,139.4,146.37
ZA-00028384,1,SKU69419,ZAV00723,1,4210.71,101.1
ZA-00028385,1,SKU86785,ZAV00481,2,729.7,101.17
ZA-00028386,1,SKU42645,ZAV00116,1,260.71,64.99
ZA-00028387,1,SKU67846,ZAV00077,1,373.18,50.6
ZA-00028388,1,SKU31312,ZAV00723,1,685.39,67.61
ZA-00028389,1,SKU20819,ZAV00228,1,954.67,96.14
ZA-00028390,1,SKU87727,ZAV00312,1,245.37,86.24
ZA-00028391,1,SKU53656,ZAV00069,1,995.01,95.57
ZA-00028392,1,SKU57140,ZAV00171,3,370.58,170.46
ZA-00028393,1,SKU26182,ZAV00642,1,209.48,97.14
ZA-00028394,1,SKU55229,ZAV00458,1,120.05,107.97
ZA-00028395,1,SKU27011,ZAV00078,2,220.21,169.91
ZA-00028396,1,SKU92127,ZAV00031,1,753.8,158.65
ZA-00028397,1,SKU89140,ZAV00571,1,283.81,145.23
ZA-00028398,1,SKU79008,ZAV00668,1,1002.78,43.68
ZA-00028399,1,SKU24311,ZAV00543,1,1451.92,68.72
ZA-00028399,2,SKU87511,ZAV00513,3,968.52,39.33
ZA-00028399,3,SKU12061,ZAV00210,1,855.05,106.3
ZA-00028400,1,SKU94779,ZAV00356,1,252.54,75.08
ZA-00028401,1,SKU55494,ZAV00430,1,710.69,96.92
ZA-00028402,1,SKU85964,ZAV00095,1,637.99,66.54
ZA-00028403,1,SKU60167,ZAV00645,1,760.45,46.59
ZA-00028404,1,SKU29120,ZAV00097,2,1504.16,104.92
ZA-00028405,1,SKU86764,ZAV00405,1,568.02,41.9
ZA-00028405,2,SKU39722,ZAV00170,1,935.05,159.96
ZA-00028406,1,SKU56731,ZAV00270,1,495.03,125.69
ZA-00028407,1,SKU87137,ZAV00064,2,375.37,77.75
ZA-00028408,1,SKU27714,ZAV00102,1,398.41,65.32
ZA-00028409,1,SKU88635,ZAV00511,1,968.95,147.62
ZA-00028410,1,SKU89602,ZAV00034,1,418.5,42.59
ZA-00028410,2,SKU43657,ZAV00547,1,485.79,104.37
ZA-00028411,1,SKU93901,ZAV00368,1,131.8,149.93
ZA-00028412,1,SKU13896,ZAV00667,1,847.65,69.53
ZA-00028413,1,SKU71247,ZAV00461,1,462.57,162.89
ZA-00028414,1,SKU12782,ZAV00068,1,429.0,109.98
ZA-00028415,1,SKU79986,ZAV00607,1,597.85,125.37
ZA-00028416,1,SKU67127,ZAV00649,1,804.21,121.17
ZA-00028416,2,SKU55497,ZAV00219,1,1205.57,97.09
ZA-00028417,1,SKU16589,ZAV00030,1,931.68,113.26
ZA-00028418,1,SKU24051,ZAV00214,2,201.94,35.88
ZA-00028418,2,SKU49310,ZAV00613,1,224.88,35.28
ZA-00028419,1,SKU62722,ZAV00346,1,122.86,47.14
ZA-00028420,1,SKU59321,ZAV00305,1,519.73,107.93
ZA-00028421,1,SKU32657,ZAV00626,1,784.91,94.48
ZA-00028421,2,SKU21414,ZAV00241,1,515.27,145.91
ZA-00028421,3,SKU44558,ZAV00130,1,1205.73,165.88
ZA-00028422,1,SKU23982,ZAV00645,1,1426.28,149.25
ZA-00028422,2,SKU59957,ZAV00611,1,412.14,108.2
ZA-00028423,1,SKU95186,ZAV00364,2,954.64,63.87
ZA-00028424,1,SKU70625,ZAV00632,1,2488.0,89.34
ZA-00028425,1,SKU93904,ZAV00313,1,172.86,132.42
ZA-00028426,1,SKU58755,ZAV00378,1,150.47,35.19
ZA-00028427,1,SKU66513,ZAV00785,1,112.54,159.93
ZA-00028428,1,SKU70657,ZAV00374,2,559.37,179.01
ZA-00028429,1,SKU42959,ZAV00715,1,191.27,142.03
ZA-00028429,2,SKU96770,ZAV00248,1,53.02,163.25
ZA-00028429,3,SKU77235,ZAV00041,1,329.37,46.58
ZA-00028430,1,SKU18258,ZAV00018,1,609.55,154.86
ZA-00028431,1,SKU74667,ZAV00460,1,165.18,46.54
ZA-00028431,2,SKU53950,ZAV00356,1,1821.2,51.36
ZA-00028432,1,SKU84982,ZAV00276,1,349.86,38.93
ZA-00028433,1,SKU20433,ZAV00239,1,942.65,83.1
ZA-00028433,2,SKU44558,ZAV00715,1,346.94,101.76
ZA-00028434,1,SKU81396,ZAV00562,1,491.06,94.23
ZA-00028435,1,SKU21799,ZAV00032,1,419.18,173.83
ZA-00028436,1,SKU33967,ZAV00641,1,2241.07,127.12
ZA-00028437,1,SKU16158,ZAV00462,1,381.38,43.84
ZA-00028438,1,SKU29857,ZAV00036,2,402.94,153.56
ZA-00028439,1,SKU13784,ZAV00312,1,64.31,68.4
ZA-00028440,1,SKU39086,ZAV00352,1,501.92,55.7
ZA-00028441,1,SKU89878,ZAV00060,2,672.79,103.77
ZA-00028442,1,SKU47164,ZAV00248,1,77.23,37.87
ZA-00028442,2,SKU45634,ZAV00149,1,1453.37,45.92
ZA-00028442,3,SKU95991,ZAV00335,2,999.6,46.4
ZA-00028443,1,SKU66512,ZAV00038,1,1017.74,67.44
ZA-00028444,1,SKU12559,ZAV00683,1,382.85,76.63
ZA-00028444,2,SKU98443,ZAV00481,1,806.77,52.77
ZA-00028445,1,SKU54151,ZAV00744,1,268.49,78.66
ZA-00028446,1,SKU97943,ZAV00372,1,233.68,51.96
ZA-00028447,1,SKU87679,ZAV00082,1,249.89,145.75
ZA-00028448,1,SKU75689,ZAV00491,1,267.08,138.06
ZA-00028449,1,SKU48322,ZAV00327,1,734.1,52.01
ZA-00028450,1,SKU51124,ZAV00220,1,458.38,157.63
ZA-00028451,1,SKU97852,ZAV00371,1,302.61,155.1
ZA-00028452,1,SKU22511,ZAV00379,1,392.6,88.01
ZA-00028453,1,SKU15424,ZAV00613,1,173.78,158.96
ZA-00028454,1,SKU69385,ZAV00668,1,615.57,149.44
ZA-00028455,1,SKU22493,ZAV00481,2,1400.06,138.03
ZA-00028455,2,SKU16211,ZAV00602,1,2934.58,53.41
ZA-00028456,1,SKU19197,ZAV00603,1,229.82,73.08
ZA-00028457,1,SKU57841,ZAV00461,1,867.5,137.17
ZA-00028458,1,SKU38344,ZAV00660,3,991.04,147.28
ZA-00028459,1,SKU92976,ZAV00238,1,300.23,71.74
ZA-00028460,1,SKU19090,ZAV00586,1,531.19,50.56
ZA-00028461,1,SKU78195,ZAV00391,1,1601.55,45.09
ZA-00028462,1,SKU72355,ZAV00215,1,748.29,112.35
ZA-00028463,1,SKU26030,ZAV00311,1,642.34,75.68
ZA-00028464,1,SKU51373,ZAV00119,1,230.5,44.4
ZA-00028465,1,SKU38610,ZAV00705,1,2797.28,118.63
ZA-00028466,1,SKU49852,ZAV00360,1,978.9,85.74
ZA-00028467,1,SKU29377,ZAV00007,1,273.91,112.54
ZA-00028467,2,SKU49585,ZAV00281,1,518.36,144.17
ZA-00028468,1,SKU42149,ZAV00732,1,6643.13,74.99
ZA-00028469,1,SKU62792,ZAV00320,1,97.56,66.88
ZA-00028470,1,SKU78920,ZAV00287,3,442.73,167.36
ZA-00028471,1,SKU42218,ZAV00444,1,225.47,119.97
ZA-00028472,1,SKU92072,ZAV00087,1,2823.55,98.68
ZA-00028473,1,SKU32419,ZAV00478,1,674.29,144.57
ZA-00028473,2,SKU48411,ZAV00025,1,95.63,61.42
ZA-00028473,3,SKU76099,ZAV00273,1,201.58,165.71
ZA-00028474,1,SKU44102,ZAV00228,1,220.29,95.72
ZA-00028475,1,SKU58305,ZAV00434,2,807.82,109.68
ZA-00028476,1,SKU21599,ZAV00353,1,178.39,152.09
ZA-00028477,1,SKU11588,ZAV00745,1,2016.94,96.81
ZA-00028477,2,SKU14733,ZAV00156,1,244.66,112.21
ZA-00028478,1,SKU36447,ZAV00186,1,1885.9,67.47
ZA-00028479,1,SKU45949,ZAV00459,2,459.12,126.39
ZA-00028480,1,SKU37948,ZAV00528,2,403.57,71.59
ZA-00028481,1,SKU24337,ZAV00588,2,353.38,106.52
ZA-00028481,2,SKU70406,ZAV00643,1,266.93,139.65
ZA-00028482,1,SKU23409,ZAV00217,2,4354.04,125.34
ZA-00028482,2,SKU67546,ZAV00220,1,342.48,63.98
ZA-00028483,1,SKU85417,ZAV00527,1,412.56,145.02
ZA-00028484,1,SKU78994,ZAV00198,2,338.6,165.99
ZA-00028485,1,SKU18593,ZAV00322,1,327.66,155.86
ZA-00028486,1,SKU22102,ZAV00736,1,2368.09,148.1
ZA-00028486,2,SKU89966,ZAV00784,1,570.24,147.91
ZA-00028487,1,SKU67346,ZAV00014,1,2539.58,121.84
ZA-00028488,1,SKU21941,ZAV00444,1,916.88,157.85
ZA-00028489,1,SKU54516,ZAV00153,1,94.07,80.71
ZA-00028490,1,SKU30363,ZAV00254,1,466.25,114.1
ZA-00028491,1,SKU27137,ZAV00695,1,762.79,93.0
ZA-00028492,1,SKU17516,ZAV00062,1,155.85,148.36
ZA-00028493,1,SKU46947,ZAV00768,1,1278.43,83.43
ZA-00028494,1,SKU10683,ZAV00081,1,543.61,46.92
ZA-00028495,1,SKU92448,ZAV00166,1,292.28,166.7
ZA-00028495,2,SKU47144,ZAV00546,1,1560.46,47.12
ZA-00028496,1,SKU84334,ZAV00574,1,261.61,62.16
ZA-00028497,1,SKU57862,ZAV00004,1,246.24,85.86
ZA-00028498,1,SKU96254,ZAV00111,1,1365.12,89.21
ZA-00028499,1,SKU64195,ZAV00393,1,711.83,66.81
ZA-00028500,1,SKU71138,ZAV00079,2,487.76,110.42
ZA-00028501,1,SKU73782,ZAV00741,1,343.12,76.64
ZA-00028502,1,SKU78067,ZAV00202,3,828.25,64.63
ZA-00028502,2,SKU60705,ZAV00402,2,501.05,104.59
ZA-00028502,3,SKU30672,ZAV00353,2,372.58,139.83
ZA-00028503,1,SKU47053,ZAV00614,1,328.27,165.74
ZA-00028504,1,SKU14868,ZAV00681,1,787.18,40.06
ZA-00028505,1,SKU16056,ZAV00474,1,647.66,140.4
ZA-00028506,1,SKU86054,ZAV00197,2,309.87,117.2
ZA-00028506,2,SKU54405,ZAV00486,1,68.45,83.31
ZA-00028506,3,SKU86618,ZAV00490,1,465.76,178.15
ZA-00028507,1,SKU98066,ZAV00400,1,182.29,81.97
ZA-00028508,1,SKU99725,ZAV00701,3,1046.85,75.92
ZA-00028508,2,SKU79129,ZAV00316,2,157.48,131.25
ZA-00028509,1,SKU90046,ZAV00642,1,820.72,94.7
ZA-00028510,1,SKU48630,ZAV00388,1,165.1,139.66
ZA-00028511,1,SKU67406,ZAV00460,1,461.26,57.97
ZA-00028512,1,SKU76326,ZAV00266,1,1175.91,111.69
ZA-00028513,1,SKU32796,ZAV00250,1,355.29,163.46
ZA-00028514,1,SKU65072,ZAV00441,1,252.54,78.29
ZA-00028515,1,SKU59450,ZAV00200,2,640.3,139.55
ZA-00028516,1,SKU23226,ZAV00741,3,323.83,145.46
ZA-00028517,1,SKU44878,ZAV00118,1,702.54,126.69
ZA-00028517,2,SKU24989,ZAV00200,1,298.75,160.24
ZA-00028517,3,SKU83180,ZAV00103,1,123.91,78.57
ZA-00028518,1,SKU46537,ZAV00740,1,2076.21,106.48
ZA-00028518,2,SKU99931,ZAV00712,1,89.78,131.37
ZA-00028519,1,SKU55050,ZAV00160,1,507.86,76.31
ZA-00028520,1,SKU65972,ZAV00200,1,87.41,156.89
ZA-00028521,1,SKU45481,ZAV00535,1,399.36,62.93
ZA-00028522,1,SKU93898,ZAV00317,1,304.07,102.61
ZA-00028522,2,SKU72210,ZAV00751,1,283.71,84.07
ZA-00028522,3,SKU71469,ZAV00040,1,175.26,41.9
ZA-00028523,1,SKU57558,ZAV00010,1,1221.98,82.03
ZA-00028524,1,SKU38523,ZAV00727,3,406.76,113.46
ZA-00028525,1,SKU91737,ZAV00194,1,370.08,178.65
ZA-00028525,2,SKU13534,ZAV00695,1,1979.91,74.09
ZA-00028526,1,SKU17743,ZAV00074,1,905.23,46.63
ZA-00028527,1,SKU30662,ZAV00199,1,907.7,85.31
ZA-00028528,1,SKU85180,ZAV00692,1,275.79,57.69
ZA-00028529,1,SKU89910,ZAV00095,1,78.34,136.2
ZA-00028530,1,SKU36708,ZAV00474,1,555.15,51.75
ZA-00028531,1,SKU34128,ZAV00759,1,373.08,174.76
ZA-00028532,1,SKU82232,ZAV00779,1,185.51,149.52
ZA-00028533,1,SKU97047,ZAV00616,1,1467.17,152.66
ZA-00028534,1,SKU96544,ZAV00019,1,957.82,119.51
ZA-00028535,1,SKU26020,ZAV00616,1,288.52,67.91
ZA-00028535,2,SKU85563,ZAV00468,1,569.52,136.92
ZA-00028535,3,SKU88357,ZAV00464,1,398.83,38.81
ZA-00028536,1,SKU76101,ZAV00574,1,278.16,52.06
ZA-00028536,2,SKU57175,ZAV00448,1,150.51,129.53
ZA-00028537,1,SKU67726,ZAV00792,2,1572.12,51.55
ZA-00028538,1,SKU69383,ZAV00661,1,416.0,40.02
ZA-00028538,2,SKU53648,ZAV00160,1,1571.03,102.94
ZA-00028538,3,SKU97137,ZAV00040,1,1396.22,73.4
ZA-00028539,1,SKU76809,ZAV00098,1,2066.02,98.96
ZA-00028539,2,SKU17299,ZAV00254,1,394.3,66.21
ZA-00028540,1,SKU75980,ZAV00509,1,382.12,38.88
ZA-00028541,1,SKU93654,ZAV00598,2,271.18,40.5
ZA-00028541,2,SKU70328,ZAV00139,1,1575.17,95.48
ZA-00028542,1,SKU94690,ZAV00225,1,578.74,151.22
ZA-00028543,1,SKU41888,ZAV00177,1,956.69,169.86
ZA-00028544,1,SKU87362,ZAV00788,1,1293.88,43.16
ZA-00028545,1,SKU40354,ZAV00111,1,510.0,93.12
ZA-00028546,1,SKU10540,ZAV00553,1,1461.0,43.49
ZA-00028547,1,SKU30893,ZAV00542,2,1459.82,151.61
ZA-00028548,1,SKU47737,ZAV00264,1,669.66,103.09
ZA-00028548,2,SKU61331,ZAV00344,1,167.57,177.96
ZA-00028548,3,SKU52356,ZAV00135,2,665.21,110.85
ZA-00028549,1,SKU23400,ZAV00495,1,124.96,74.41
ZA-00028550,1,SKU53766,ZAV00655,1,122.09,115.25
ZA-00028551,1,SKU82405,ZAV00739,1,1221.95,176.39
ZA-00028551,2,SKU91159,ZAV00738,1,526.19,107.25
ZA-00028552,1,SKU52714,ZAV00540,1,371.33,153.03
ZA-00028553,1,SKU51590,ZAV00015,1,851.49,174.04
ZA-00028554,1,SKU94929,ZAV00344,1,129.4,174.55
ZA-00028554,2,SKU61521,ZAV00248,1,758.21,37.99
ZA-00028555,1,SKU94434,ZAV00588,2,352.75,169.4
ZA-00028556,1,SKU35398,ZAV00709,1,404.95,156.37
ZA-00028557,1,SKU36389,ZAV00238,1,105.59,119.1
ZA-00028558,1,SKU44916,ZAV00645,1,476.67,149.31
ZA-00028559,1,SKU31209,ZAV00489,1,1248.74,169.49
ZA-00028560,1,SKU87663,ZAV00170,1,245.32,78.19
ZA-00028560,2,SKU37574,ZAV00329,1,335.92,67.22
ZA-00028561,1,SKU77280,ZAV00115,1,651.81,44.12
ZA-00028562,1,SKU30889,ZAV00410,1,209.15,133.22
ZA-00028563,1,SKU16342,ZAV00196,2,1372.53,46.35
ZA-00028564,1,SKU32959,ZAV00582,1,938.11,149.62
ZA-00028565,1,SKU28116,ZAV00550,1,987.58,136.61
ZA-00028566,1,SKU30341,ZAV00557,1,4835.47,93.89
ZA-00028567,1,SKU91853,ZAV00302,1,366.34,59.07
ZA-00028568,1,SKU39739,ZAV00484,1,488.36,61.0
ZA-00028569,1,SKU38713,ZAV00478,1,244.1,85.8
ZA-00028569,2,SKU63420,ZAV00364,1,247.35,150.67
ZA-00028569,3,SKU86844,ZAV00679,1,235.85,175.52
ZA-00028570,1,SKU36882,ZAV00210,1,80.67,49.07
ZA-00028571,1,SKU43849,ZAV00031,1,535.26,150.91
ZA-00028571,2,SKU67747,ZAV00422,1,1688.89,154.88
ZA-00028572,1,SKU14088,ZAV00530,1,982.58,146.27
ZA-00028572,2,SKU96088,ZAV00696,1,191.05,59.89
ZA-00028573,1,SKU85621,ZAV00738,1,197.77,133.2
ZA-00028574,1,SKU81923,ZAV00121,1,340.09,69.46
ZA-00028575,1,SKU20370,ZAV00434,1,807.14,167.44
ZA-00028575,2,SKU53138,ZAV00690,1,792.1,171.26
ZA-00028576,1,SKU67296,ZAV00073,1,647.78,128.43
ZA-00028577,1,SKU60432,ZAV00103,3,509.69,63.67
ZA-00028578,1,SKU98835,ZAV00360,1,94.28,102.64
ZA-00028578,2,SKU76576,ZAV00450,1,1114.34,90.25
ZA-00028579,1,SKU16811,ZAV00197,1,332.11,110.12
ZA-00028580,1,SKU93864,ZAV00580,1,345.16,76.14
ZA-00028581,1,SKU21343,ZAV00644,1,774.05,102.99
ZA-00028582,1,SKU83204,ZAV00224,1,258.15,90.37
ZA-00028582,2,SKU72369,ZAV00741,1,582.09,98.43
ZA-00028583,1,SKU36151,ZAV00100,1,1440.12,114.7
ZA-00028584,1,SKU15384,ZAV00706,1,148.98,85.97
ZA-00028585,1,SKU95086,ZAV00057,1,107.22,89.39
ZA-00028586,1,SKU28082,ZAV00335,1,313.36,87.19
ZA-00028587,1,SKU98801,ZAV00777,1,2733.85,86.58
ZA-00028587,2,SKU53252,ZAV00451,1,1036.94,75.06
ZA-00028588,1,SKU74749,ZAV00327,1,85.26,101.08
ZA-00028589,1,SKU60862,ZAV00645,1,1379.85,84.46
ZA-00028590,1,SKU33111,ZAV00423,2,286.62,141.62
ZA-00028590,2,SKU19624,ZAV00577,1,352.55,108.96
ZA-00028591,1,SKU76436,ZAV00378,1,290.14,75.96
ZA-00028592,1,SKU93876,ZAV00632,1,1671.14,47.62
ZA-00028593,1,SKU17587,ZAV00173,1,1689.29,81.02
ZA-00028593,2,SKU81954,ZAV00059,1,138.13,137.85
ZA-00028594,1,SKU82669,ZAV00279,1,227.58,70.14
ZA-00028595,1,SKU57183,ZAV00771,1,399.55,160.66
ZA-00028595,2,SKU28505,ZAV00339,1,377.34,129.87
ZA-00028596,1,SKU99075,ZAV00099,1,539.51,176.26
ZA-00028597,1,SKU56000,ZAV00131,2,588.91,116.68
ZA-00028598,1,SKU57598,ZAV00794,1,152.73,87.99
ZA-00028598,2,SKU40076,ZAV00331,1,423.12,58.13
ZA-00028599,1,SKU15403,ZAV00068,2,489.33,113.76
ZA-00028600,1,SKU19353,ZAV00103,1,894.28,121.99
ZA-00028601,1,SKU77539,ZAV00296,1,164.88,171.88
ZA-00028602,1,SKU40387,ZAV00034,1,697.16,131.62
ZA-00028603,1,SKU82886,ZAV00566,2,515.36,143.98
ZA-00028604,1,SKU13797,ZAV00465,1,1652.98,160.93
ZA-00028605,1,SKU54938,ZAV00245,1,256.37,67.02
ZA-00028606,1,SKU89782,ZAV00122,2,347.09,168.58
ZA-00028607,1,SKU72613,ZAV00361,2,554.1,118.25
ZA-00028608,1,SKU73666,ZAV00408,1,359.29,100.09
ZA-00028609,1,SKU45677,ZAV00079,1,555.06,176.06
ZA-00028610,1,SKU65250,ZAV00294,1,274.85,81.22
ZA-00028611,1,SKU60969,ZAV00641,1,210.38,113.51
ZA-00028612,1,SKU35893,ZAV00480,1,391.6,178.26
ZA-00028612,2,SKU41950,ZAV00800,1,320.31,39.1
ZA-00028613,1,SKU87205,ZAV00751,1,615.25,171.01
ZA-00028614,1,SKU14034,ZAV00010,1,243.56,70.7
ZA-00028615,1,SKU41905,ZAV00672,1,1159.31,177.24
ZA-00028615,2,SKU33606,ZAV00741,1,229.17,120.23
ZA-00028615,3,SKU87254,ZAV00063,1,116.64,135.9
ZA-00028616,1,SKU86430,ZAV00663,1,502.38,143.3
ZA-00028617,1,SKU95798,ZAV00024,2,556.14,107.29
ZA-00028618,1,SKU60111,ZAV00149,1,595.04,42.39
ZA-00028618,2,SKU33129,ZAV00130,1,551.86,88.41
ZA-00028619,1,SKU11484,ZAV00201,1,2076.56,104.71
ZA-00028620,1,SKU16694,ZAV00695,1,2930.79,38.79
ZA-00028621,1,SKU17627,ZAV00149,1,235.25,127.69
ZA-00028621,2,SKU19642,ZAV00782,1,389.64,45.08
ZA-00028622,1,SKU51405,ZAV00061,1,274.0,86.47
ZA-00028622,2,SKU72939,ZAV00041,1,260.6,108.81
ZA-00028623,1,SKU40508,ZAV00063,1,944.31,171.03
ZA-00028624,1,SKU93169,ZAV00135,1,324.2,172.83
ZA-00028625,1,SKU16595,ZAV00120,1,478.9,50.46
ZA-00028626,1,SKU43917,ZAV00291,2,534.07,131.87
ZA-00028627,1,SKU57545,ZAV00662,1,426.72,170.56
ZA-00028627,2,SKU20566,ZAV00559,1,357.2,62.35
ZA-00028627,3,SKU73026,ZAV00512,1,382.79,52.74
ZA-00028628,1,SKU95494,ZAV00048,1,637.38,179.52
ZA-00028629,1,SKU39882,ZAV00044,1,128.92,80.9
ZA-00028630,1,SKU19515,ZAV00346,1,411.85,97.75
ZA-00028631,1,SKU86483,ZAV00268,2,253.63,175.64
ZA-00028632,1,SKU13610,ZAV00333,1,683.9,56.36
ZA-00028632,2,SKU62632,ZAV00667,3,2128.7,140.18
ZA-00028633,1,SKU79167,ZAV00221,1,309.26,58.85
ZA-00028634,1,SKU89712,ZAV00667,1,242.84,100.87
ZA-00028635,1,SKU44010,ZAV00329,1,384.62,165.62
ZA-00028636,1,SKU45498,ZAV00770,3,378.7,157.44
ZA-00028637,1,SKU75152,ZAV00767,1,1010.21,46.65
ZA-00028637,2,SKU78950,ZAV00658,2,542.67,41.67
ZA-00028637,3,SKU17249,ZAV00114,1,125.95,41.06
ZA-00028638,1,SKU11719,ZAV00371,1,161.58,170.98
ZA-00028638,2,SKU54396,ZAV00316,1,424.24,63.44
ZA-00028639,1,SKU14905,ZAV00767,1,224.22,171.16
ZA-00028640,1,SKU46547,ZAV00176,3,998.36,43.77
ZA-00028640,2,SKU78874,ZAV00131,1,174.63,103.0
ZA-00028641,1,SKU52244,ZAV00223,1,674.69,70.31
ZA-00028642,1,SKU14866,ZAV00496,1,1055.37,39.52
ZA-00028643,1,SKU67245,ZAV00573,1,362.04,121.55
ZA-00028643,2,SKU72752,ZAV00071,1,1155.96,105.95
ZA-00028644,1,SKU18808,ZAV00075,1,1816.83,168.48
ZA-00028645,1,SKU99580,ZAV00649,2,708.79,37.14
ZA-00028646,1,SKU69395,ZAV00442,1,365.65,108.73
ZA-00028647,1,SKU84469,ZAV00771,1,320.15,132.32
ZA-00028647,2,SKU97605,ZAV00233,1,1850.89,38.66
ZA-00028648,1,SKU84091,ZAV00123,1,107.31,91.07
ZA-00028649,1,SKU53561,ZAV00125,1,1034.64,37.77
ZA-00028650,1,SKU16205,ZAV00378,2,172.22,75.03
ZA-00028651,1,SKU17757,ZAV00437,1,1172.91,84.52
ZA-00028651,2,SKU52646,ZAV00279,1,429.81,105.39
ZA-00028652,1,SKU23697,ZAV00487,1,228.5,55.94
ZA-00028653,1,SKU20388,ZAV00743,1,458.25,115.01
ZA-00028654,1,SKU47958,ZAV00010,1,1472.95,65.68
ZA-00028655,1,SKU93269,ZAV00757,1,1699.36,179.62
ZA-00028656,1,SKU71935,ZAV00595,1,81.7,148.28
ZA-00028657,1,SKU66303,ZAV00704,1,603.32,145.79
ZA-00028658,1,SKU80734,ZAV00328,1,860.5,158.6
ZA-00028659,1,SKU80793,ZAV00037,1,576.97,82.58
ZA-00028659,2,SKU79095,ZAV00597,1,77.66,77.58
ZA-00028660,1,SKU88689,ZAV00542,1,379.43,67.88
ZA-00028660,2,SKU56911,ZAV00164,1,318.74,156.57
ZA-00028661,1,SKU90460,ZAV00031,1,85.75,120.03
ZA-00028662,1,SKU85134,ZAV00159,1,228.48,139.8
ZA-00028663,1,SKU30881,ZAV00702,1,889.82,87.6
ZA-00028664,1,SKU53870,ZAV00469,1,477.98,88.84
ZA-00028665,1,SKU27252,ZAV00262,1,375.88,89.61
ZA-00028666,1,SKU41730,ZAV00608,2,549.17,104.27
ZA-00028667,1,SKU18859,ZAV00116,1,1844.4,47.15
ZA-00028668,1,SKU65682,ZAV00473,1,570.22,55.07
ZA-00028668,2,SKU29268,ZAV00585,1,1103.04,158.61
ZA-00028668,3,SKU93072,ZAV00433,1,472.54,110.92
ZA-00028669,1,SKU81397,ZAV00784,1,3342.08,65.13
ZA-00028670,1,SKU80634,ZAV00497,1,1144.7,88.08
ZA-00028671,1,SKU50958,ZAV00660,1,143.65,79.65
ZA-00028671,2,SKU28558,ZAV00149,1,166.16,160.39
ZA-00028672,1,SKU87523,ZAV00239,2,1127.49,72.15
ZA-00028673,1,SKU96651,ZAV00369,1,166.79,95.25
ZA-00028673,2,SKU22164,ZAV00082,1,3488.14,62.27
ZA-00028674,1,SKU13985,ZAV00497,1,389.52,86.6
ZA-00028675,1,SKU36146,ZAV00549,2,555.65,164.86
ZA-00028676,1,SKU92058,ZAV00108,1,425.15,110.23
ZA-00028676,2,SKU23068,ZAV00509,1,540.22,161.9
ZA-00028676,3,SKU79135,ZAV00048,1,371.85,164.13
ZA-00028677,1,SKU67639,ZAV00619,1,555.71,162.24
ZA-00028678,1,SKU72331,ZAV00265,1,2949.1,124.89
ZA-00028679,1,SKU38729,ZAV00619,2,280.27,69.53
ZA-00028680,1,SKU48767,ZAV00623,1,270.22,110.47
ZA-00028681,1,SKU41578,ZAV00697,1,420.22,45.2
ZA-00028682,1,SKU84305,ZAV00220,1,298.97,75.53
ZA-00028683,1,SKU90346,ZAV00679,1,699.45,48.65
ZA-00028684,1,SKU68871,ZAV00501,1,376.36,47.79
ZA-00028685,1,SKU55936,ZAV00300,1,420.39,49.42
ZA-00028686,1,SKU71800,ZAV00057,2,808.78,96.76
ZA-00028687,1,SKU88260,ZAV00523,1,2847.14,70.56
ZA-00028688,1,SKU53458,ZAV00089,2,1112.73,41.18
ZA-00028689,1,SKU26443,ZAV00444,1,682.65,132.54
ZA-00028689,2,SKU50557,ZAV00716,1,680.14,61.61
ZA-00028690,1,SKU69112,ZAV00169,1,651.99,124.01
ZA-00028691,1,SKU81014,ZAV00396,1,125.92,35.16
ZA-00028692,1,SKU52627,ZAV00402,1,1135.61,58.98
ZA-00028693,1,SKU95981,ZAV00512,1,101.36,69.72
ZA-00028693,2,SKU13861,ZAV00547,1,964.99,118.74
ZA-00028694,1,SKU14430,ZAV00573,1,109.47,91.34
ZA-00028695,1,SKU74245,ZAV00468,1,187.67,49.52
ZA-00028696,1,SKU29132,ZAV00714,1,209.29,137.9
ZA-00028697,1,SKU68372,ZAV00777,1,138.58,174.71
ZA-00028698,1,SKU95144,ZAV00745,1,486.52,35.88
ZA-00028699,1,SKU64207,ZAV00570,1,614.83,102.87
ZA-00028700,1,SKU95424,ZAV00520,1,915.57,98.02
ZA-00028700,2,SKU54204,ZAV00129,1,372.28,84.08
ZA-00028700,3,SKU82140,ZAV00635,1,1226.26,91.75
ZA-00028701,1,SKU68659,ZAV00760,1,1461.19,97.62
ZA-00028702,1,SKU55102,ZAV00019,1,230.14,156.58
ZA-00028703,1,SKU17537,ZAV00070,2,335.05,135.79
ZA-00028704,1,SKU44539,ZAV00308,1,161.79,66.46
ZA-00028705,1,SKU89749,ZAV00401,1,598.52,38.37
ZA-00028706,1,SKU94974,ZAV00198,1,172.18,47.8
ZA-00028706,2,SKU90588,ZAV00632,1,1135.68,44.81
ZA-00028707,1,SKU19743,ZAV00551,1,654.99,63.58
ZA-00028708,1,SKU46819,ZAV00173,1,834.86,48.73
ZA-00028709,1,SKU51784,ZAV00639,1,379.42,61.03
ZA-00028710,1,SKU89612,ZAV00233,2,1411.48,42.77
ZA-00028711,1,SKU85229,ZAV00797,1,569.66,83.84
ZA-00028712,1,SKU94467,ZAV00038,1,4033.69,35.61
ZA-00028713,1,SKU74391,ZAV00746,1,405.98,142.75
ZA-00028714,1,SKU43476,ZAV00324,1,1405.36,163.2
ZA-00028715,1,SKU21167,ZAV00342,1,276.06,94.82
ZA-00028715,2,SKU21933,ZAV00612,1,311.6,145.38
ZA-00028716,1,SKU81008,ZAV00485,1,205.56,97.47
ZA-00028717,1,SKU32766,ZAV00787,1,210.14,65.02
ZA-00028718,1,SKU84728,ZAV00731,1,2168.06,172.14
ZA-00028719,1,SKU76051,ZAV00289,1,42.15,89.51
ZA-00028720,1,SKU40514,ZAV00703,1,312.19,170.12
ZA-00028721,1,SKU24938,ZAV00298,1,2026.01,98.98
ZA-00028722,1,SKU86686,ZAV00473,1,520.67,61.83
ZA-00028723,1,SKU79344,ZAV00240,1,687.67,63.59
ZA-00028724,1,SKU51533,ZAV00471,1,1827.02,37.87
ZA-00028725,1,SKU87964,ZAV00542,1,656.82,136.21
ZA-00028725,2,SKU58738,ZAV00202,2,510.83,110.53
ZA-00028725,3,SKU25483,ZAV00264,1,437.26,128.03
ZA-00028726,1,SKU90937,ZAV00413,1,185.41,149.63
ZA-00028727,1,SKU35029,ZAV00753,2,839.61,100.57
ZA-00028728,1,SKU98311,ZAV00790,1,572.49,163.55
ZA-00028729,1,SKU35944,ZAV00562,1,273.8,46.18
ZA-00028730,1,SKU82670,ZAV00356,1,414.48,178.98
ZA-00028730,2,SKU81732,ZAV00709,1,1088.78,142.49
ZA-00028731,1,SKU31100,ZAV00706,1,1130.0,136.23
ZA-00028731,2,SKU19812,ZAV00613,1,1307.87,83.21
ZA-00028731,3,SKU69977,ZAV00269,1,171.14,87.39
ZA-00028732,1,SKU44298,ZAV00423,1,106.45,136.69
ZA-00028733,1,SKU54701,ZAV00342,1,140.29,85.06
ZA-00028734,1,SKU66975,ZAV00099,1,614.41,133.96
ZA-00028735,1,SKU33475,ZAV00686,1,151.07,82.91
ZA-00028736,1,SKU42723,ZAV00501,1,82.25,136.7
ZA-00028737,1,SKU69046,ZAV00004,1,418.46,52.62
ZA-00028738,1,SKU94664,ZAV00555,1,581.37,116.07
ZA-00028739,1,SKU30916,ZAV00416,1,165.55,147.51
ZA-00028740,1,SKU96302,ZAV00762,1,111.33,55.17
ZA-00028740,2,SKU92126,ZAV00385,2,208.59,161.4
ZA-00028741,1,SKU76713,ZAV00566,1,369.81,76.2
ZA-00028741,2,SKU97624,ZAV00455,1,451.33,66.4
ZA-00028741,3,SKU92154,ZAV00562,1,1906.56,101.43
ZA-00028742,1,SKU34022,ZAV00686,1,331.82,107.78
ZA-00028743,1,SKU90522,ZAV00468,1,755.72,171.41
ZA-00028743,2,SKU35176,ZAV00068,1,699.74,63.87
ZA-00028744,1,SKU23568,ZAV00047,1,792.74,153.55
ZA-00028745,1,SKU84944,ZAV00023,1,265.85,45.97
ZA-00028745,2,SKU32200,ZAV00536,1,1365.5,121.14
ZA-00028745,3,SKU72629,ZAV00765,1,938.74,177.79
ZA-00028746,1,SKU76604,ZAV00146,1,124.49,71.25
ZA-00028747,1,SKU38449,ZAV00554,1,471.12,79.87
ZA-00028748,1,SKU28839,ZAV00565,1,459.07,86.11
ZA-00028749,1,SKU44859,ZAV00174,2,2132.12,108.88
ZA-00028749,2,SKU89643,ZAV00375,1,140.86,170.9
ZA-00028750,1,SKU65062,ZAV00444,2,245.69,90.49
ZA-00028751,1,SKU13969,ZAV00234,1,950.33,120.99
ZA-00028752,1,SKU90865,ZAV00684,1,473.03,39.35
ZA-00028753,1,SKU40191,ZAV00123,3,221.84,171.04
ZA-00028754,1,SKU41803,ZAV00627,2,368.76,38.47
ZA-00028755,1,SKU78987,ZAV00462,1,670.07,85.07
ZA-00028756,1,SKU28023,ZAV00568,2,843.97,111.83
ZA-00028756,2,SKU46228,ZAV00145,1,721.83,119.67
ZA-00028757,1,SKU11456,ZAV00464,1,103.19,143.14
ZA-00028757,2,SKU72984,ZAV00050,1,511.22,104.59
ZA-00028758,1,SKU98754,ZAV00751,1,321.38,54.35
ZA-00028758,2,SKU78319,ZAV00471,1,332.59,163.8
ZA-00028759,1,SKU77174,ZAV00273,1,235.49,115.25
ZA-00028760,1,SKU57723,ZAV00607,1,939.86,128.86
ZA-00028761,1,SKU87672,ZAV00255,1,185.31,135.79
ZA-00028762,1,SKU57191,ZAV00503,1,669.07,59.63
ZA-00028763,1,SKU55423,ZAV00707,1,626.65,148.76
ZA-00028764,1,SKU78507,ZAV00670,1,145.53,35.13
ZA-00028765,1,SKU61577,ZAV00273,2,316.02,112.68
ZA-00028766,1,SKU94930,ZAV00492,1,290.92,96.97
ZA-00028767,1,SKU28442,ZAV00285,1,710.27,164.26
ZA-00028767,2,SKU26179,ZAV00168,1,117.71,121.64
ZA-00028768,1,SKU35433,ZAV00796,1,904.08,45.49
ZA-00028769,1,SKU38343,ZAV00442,1,373.59,42.04
ZA-00028770,1,SKU97857,ZAV00358,1,150.87,127.56
ZA-00028771,1,SKU73022,ZAV00145,1,393.91,115.56
ZA-00028772,1,SKU55992,ZAV00462,1,661.64,76.93
ZA-00028772,2,SKU78342,ZAV00030,1,394.01,158.58
ZA-00028773,1,SKU82224,ZAV00410,1,988.03,69.2
ZA-00028773,2,SKU72644,ZAV00270,1,66.82,83.52
ZA-00028774,1,SKU24936,ZAV00776,1,2731.25,63.76
ZA-00028775,1,SKU30515,ZAV00103,3,399.87,72.92
ZA-00028776,1,SKU44877,ZAV00469,1,668.43,175.05
ZA-00028776,2,SKU18210,ZAV00110,1,1637.49,167.96
ZA-00028777,1,SKU56587,ZAV00189,1,564.53,134.38
ZA-00028778,1,SKU84577,ZAV00714,1,380.36,129.14
ZA-00028779,1,SKU59434,ZAV00791,2,290.51,115.99
ZA-00028780,1,SKU88258,ZAV00720,1,266.43,161.76
ZA-00028781,1,SKU27583,ZAV00234,1,321.45,121.22
ZA-00028782,1,SKU96161,ZAV00713,1,102.72,150.05
ZA-00028782,2,SKU78876,ZAV00414,2,173.77,68.38
ZA-00028782,3,SKU12723,ZAV00221,1,1338.05,74.77
ZA-00028783,1,SKU15782,ZAV00638,1,478.23,173.84
ZA-00028784,1,SKU48006,ZAV00591,2,250.43,173.41
ZA-00028785,1,SKU76693,ZAV00540,1,1056.17,122.12
ZA-00028786,1,SKU72221,ZAV00350,1,358.69,172.76
ZA-00028787,1,SKU78174,ZAV00616,1,625.37,164.68
ZA-00028788,1,SKU28157,ZAV00208,1,219.09,54.77
ZA-00028789,1,SKU70802,ZAV00587,2,770.31,80.05
ZA-00028790,1,SKU73847,ZAV00739,1,165.94,91.24
ZA-00028790,2,SKU30205,ZAV00683,1,200.57,157.31
ZA-00028791,1,SKU30258,ZAV00517,1,405.44,64.06
ZA-00028792,1,SKU88403,ZAV00309,1,309.1,77.36
ZA-00028793,1,SKU63106,ZAV00355,1,530.6,84.75
ZA-00028794,1,SKU64262,ZAV00128,1,502.88,82.48
ZA-00028794,2,SKU14317,ZAV00072,1,204.1,111.98
ZA-00028794,3,SKU95459,ZAV00001,1,156.72,73.48
ZA-00028795,1,SKU77523,ZAV00189,1,965.62,128.29
ZA-00028795,2,SKU62309,ZAV00477,1,613.24,60.12
ZA-00028796,1,SKU32414,ZAV00637,1,253.29,158.04
ZA-00028797,1,SKU23133,ZAV00021,1,186.55,86.16
ZA-00028797,2,SKU57470,ZAV00230,2,289.53,121.5
ZA-00028798,1,SKU50562,ZAV00282,1,859.86,152.44
ZA-00028799,1,SKU30643,ZAV00195,1,602.48,44.75
ZA-00028799,2,SKU77780,ZAV00316,1,2762.0,122.11
ZA-00028800,1,SKU51435,ZAV00797,1,2332.18,126.39
ZA-00028800,2,SKU59088,ZAV00184,2,652.27,127.41
ZA-00028801,1,SKU32652,ZAV00161,1,241.42,46.58
ZA-00028802,1,SKU49359,ZAV00317,1,803.14,144.02
ZA-00028803,1,SKU75806,ZAV00638,1,628.33,155.61
ZA-00028804,1,SKU76372,ZAV00130,1,882.52,112.72
ZA-00028805,1,SKU45852,ZAV00790,3,1646.73,51.78
ZA-00028806,1,SKU15399,ZAV00256,1,1238.08,160.96
ZA-00028807,1,SKU62337,ZAV00572,1,1070.22,76.76
ZA-00028808,1,SKU91227,ZAV00148,1,336.29,42.69
ZA-00028809,1,SKU44696,ZAV00736,1,258.92,47.02
ZA-00028810,1,SKU45940,ZAV00029,1,1056.05,59.9
ZA-00028811,1,SKU99182,ZAV00447,1,304.56,49.36
ZA-00028812,1,SKU34051,ZAV00550,1,652.71,163.99
ZA-00028813,1,SKU16186,ZAV00782,2,671.14,134.1
ZA-00028813,2,SKU79779,ZAV00580,1,483.76,149.92
ZA-00028813,3,SKU90596,ZAV00503,2,204.28,59.46
ZA-00028814,1,SKU18662,ZAV00097,1,197.4,43.72
ZA-00028815,1,SKU69303,ZAV00741,1,695.48,146.4
ZA-00028816,1,SKU39730,ZAV00401,1,151.37,125.42
ZA-00028817,1,SKU15909,ZAV00459,1,655.55,50.33
ZA-00028818,1,SKU51275,ZAV00386,1,247.84,40.0
ZA-00028818,2,SKU67224,ZAV00595,1,125.3,171.2
ZA-00028819,1,SKU37092,ZAV00603,1,3631.82,177.58
ZA-00028820,1,SKU23078,ZAV00557,1,3050.37,119.99
ZA-00028821,1,SKU69066,ZAV00798,1,468.19,67.42
ZA-00028821,2,SKU33008,ZAV00552,1,2026.71,71.6
ZA-00028821,3,SKU64689,ZAV00578,1,1132.25,101.94
ZA-00028822,1,SKU41806,ZAV00486,1,917.04,141.56
ZA-00028823,1,SKU48942,ZAV00598,1,1113.76,147.03
ZA-00028824,1,SKU31610,ZAV00225,1,637.3,106.72
ZA-00028824,2,SKU70680,ZAV00210,1,327.67,66.66
ZA-00028825,1,SKU94096,ZAV00626,2,531.97,88.25
ZA-00028826,1,SKU68481,ZAV00126,1,343.61,177.27
ZA-00028827,1,SKU46581,ZAV00626,1,313.52,115.18
ZA-00028827,2,SKU64623,ZAV00682,1,613.33,137.44
ZA-00028828,1,SKU88985,ZAV00417,1,1129.74,54.39
ZA-00028829,1,SKU27517,ZAV00325,1,1655.35,114.71
ZA-00028830,1,SKU52175,ZAV00120,2,543.26,102.8
ZA-00028831,1,SKU69780,ZAV00717,1,1131.02,159.05
ZA-00028832,1,SKU52980,ZAV00036,1,786.16,178.63
ZA-00028833,1,SKU30177,ZAV00485,1,474.91,159.89
ZA-00028834,1,SKU18598,ZAV00789,1,305.93,106.0
ZA-00028834,2,SKU38579,ZAV00595,1,484.04,54.12
ZA-00028835,1,SKU39487,ZAV00016,1,727.56,131.65
ZA-00028836,1,SKU96039,ZAV00105,1,122.18,138.34
ZA-00028837,1,SKU91333,ZAV00464,1,410.96,81.34
ZA-00028838,1,SKU91182,ZAV00636,1,69.72,119.86
ZA-00028839,1,SKU43477,ZAV00606,1,687.84,100.44
ZA-00028840,1,SKU22541,ZAV00622,1,862.06,62.4
ZA-00028841,1,SKU79308,ZAV00361,1,265.73,40.64
ZA-00028842,1,SKU45380,ZAV00761,1,703.8,139.38
ZA-00028843,1,SKU57586,ZAV00148,2,2688.3,151.93
ZA-00028844,1,SKU35222,ZAV00405,1,504.88,141.1
ZA-00028845,1,SKU72971,ZAV00771,1,2321.61,65.96
ZA-00028846,1,SKU79216,ZAV00547,1,326.44,111.92
ZA-00028847,1,SKU39084,ZAV00267,1,3614.56,163.78
ZA-00028847,2,SKU78538,ZAV00663,1,1912.71,139.89
ZA-00028848,1,SKU58188,ZAV00528,1,518.48,75.57
ZA-00028848,2,SKU38739,ZAV00202,1,285.26,131.41
ZA-00028849,1,SKU66096,ZAV00109,1,1049.41,92.19
ZA-00028850,1,SKU54283,ZAV00226,3,3072.37,79.65
ZA-00028850,2,SKU34753,ZAV00642,1,582.57,160.33
ZA-00028850,3,SKU76370,ZAV00167,1,257.22,161.21
ZA-00028851,1,SKU29411,ZAV00281,1,158.86,68.92
ZA-00028852,1,SKU41076,ZAV00061,1,922.45,97.98
ZA-00028853,1,SKU38922,ZAV00242,1,638.52,45.75
ZA-00028854,1,SKU75892,ZAV00237,1,258.68,89.64
ZA-00028854,2,SKU49057,ZAV00482,3,125.68,72.54
ZA-00028854,3,SKU13550,ZAV00124,1,57.37,93.42
ZA-00028855,1,SKU89418,ZAV00707,1,130.49,100.02
ZA-00028856,1,SKU97683,ZAV00249,1,491.55,155.78
ZA-00028857,1,SKU30721,ZAV00207,1,507.89,171.98
ZA-00028857,2,SKU62740,ZAV00699,1,398.59,81.64
ZA-00028857,3,SKU22889,ZAV00486,1,633.33,90.02
ZA-00028858,1,SKU29067,ZAV00098,1,451.87,79.9
ZA-00028858,2,SKU51502,ZAV00533,1,530.83,145.69
ZA-00028859,1,SKU11614,ZAV00356,1,194.06,126.43
ZA-00028860,1,SKU62994,ZAV00073,1,490.17,71.03
ZA-00028860,2,SKU55748,ZAV00616,1,495.64,177.76
ZA-00028860,3,SKU11633,ZAV00479,1,102.95,107.59
ZA-00028861,1,SKU64901,ZAV00110,2,203.23,175.29
ZA-00028862,1,SKU96134,ZAV00318,1,1507.21,84.71
ZA-00028863,1,SKU87443,ZAV00485,1,165.86,142.97
ZA-00028864,1,SKU48485,ZAV00060,1,308.99,100.32
ZA-00028865,1,SKU72575,ZAV00510,1,653.92,37.27
ZA-00028865,2,SKU27405,ZAV00141,1,185.1,115.01
ZA-00028866,1,SKU25913,ZAV00245,3,355.78,87.76
ZA-00028867,1,SKU84352,ZAV00744,1,210.98,82.82
ZA-00028868,1,SKU21646,ZAV00512,2,144.95,39.05
ZA-00028869,1,SKU44244,ZAV00089,1,277.8,109.47
ZA-00028870,1,SKU67177,ZAV00308,1,740.45,122.68
ZA-00028871,1,SKU61723,ZAV00520,3,678.37,68.4
ZA-00028871,2,SKU27637,ZAV00553,2,74.58,143.9
ZA-00028872,1,SKU26458,ZAV00083,1,129.16,37.94
ZA-00028873,1,SKU26245,ZAV00740,1,333.89,42.91
ZA-00028874,1,SKU96157,ZAV00740,1,422.34,117.03
ZA-00028875,1,SKU53826,ZAV00375,1,467.23,141.46
ZA-00028876,1,SKU15451,ZAV00188,1,582.35,65.97
ZA-00028876,2,SKU89053,ZAV00166,3,464.91,143.27
ZA-00028877,1,SKU42915,ZAV00569,1,453.29,152.93
ZA-00028878,1,SKU96158,ZAV00307,1,184.87,105.4
ZA-00028879,1,SKU50512,ZAV00191,1,1400.75,92.63
ZA-00028880,1,SKU92157,ZAV00735,1,387.44,169.15
ZA-00028881,1,SKU63316,ZAV00596,2,428.93,138.82
ZA-00028881,2,SKU53546,ZAV00246,1,353.6,38.23
ZA-00028882,1,SKU77433,ZAV00532,1,564.94,61.98
ZA-00028883,1,SKU22234,ZAV00110,2,29.94,57.94
ZA-00028883,2,SKU41800,ZAV00628,2,3821.19,131.04
ZA-00028884,1,SKU18064,ZAV00094,1,328.08,79.82
ZA-00028885,1,SKU97165,ZAV00708,2,298.06,120.89
ZA-00028886,1,SKU47752,ZAV00316,1,209.17,115.11
ZA-00028886,2,SKU20752,ZAV00201,1,567.42,107.44
ZA-00028886,3,SKU72415,ZAV00239,1,339.43,68.5
ZA-00028887,1,SKU10510,ZAV00713,1,686.4,135.59
ZA-00028887,2,SKU69378,ZAV00257,1,6276.84,115.25
ZA-00028888,1,SKU53326,ZAV00546,1,646.51,131.38
ZA-00028889,1,SKU45453,ZAV00593,1,3711.46,66.45
ZA-00028890,1,SKU64514,ZAV00547,1,151.56,156.48
ZA-00028890,2,SKU21686,ZAV00721,1,509.23,135.67
ZA-00028891,1,SKU43301,ZAV00046,1,373.04,151.33
ZA-00028892,1,SKU32252,ZAV00459,1,366.52,75.4
ZA-00028893,1,SKU69053,ZAV00007,1,846.18,124.97
ZA-00028894,1,SKU74966,ZAV00152,1,515.07,41.73
ZA-00028894,2,SKU83822,ZAV00510,2,48.77,154.8
ZA-00028895,1,SKU65547,ZAV00285,1,380.84,138.54
ZA-00028895,2,SKU56121,ZAV00439,1,1117.03,64.21
ZA-00028895,3,SKU59981,ZAV00444,1,444.46,135.27
ZA-00028896,1,SKU21794,ZAV00503,1,430.33,47.18
ZA-00028897,1,SKU49832,ZAV00235,2,306.69,124.96
ZA-00028898,1,SKU63019,ZAV00608,2,175.47,129.22
ZA-00028899,1,SKU56138,ZAV00240,1,85.79,110.44
ZA-00028899,2,SKU37673,ZAV00754,1,540.05,117.25
ZA-00028899,3,SKU56611,ZAV00359,1,725.76,149.53
ZA-00028900,1,SKU87223,ZAV00712,1,938.37,152.84
ZA-00028901,1,SKU74251,ZAV00702,1,608.18,127.37
ZA-00028902,1,SKU37969,ZAV00146,1,600.43,68.12
ZA-00028903,1,SKU37387,ZAV00731,1,514.98,88.24
ZA-00028904,1,SKU17782,ZAV00676,1,583.23,85.94
ZA-00028905,1,SKU61393,ZAV00365,2,551.98,179.33
ZA-00028906,1,SKU94965,ZAV00782,1,1115.39,136.96
ZA-00028907,1,SKU44164,ZAV00058,3,770.91,76.66
ZA-00028908,1,SKU89889,ZAV00437,2,697.26,175.78
ZA-00028908,2,SKU77036,ZAV00443,1,1825.04,87.23
ZA-00028909,1,SKU28770,ZAV00471,1,871.01,65.62
ZA-00028910,1,SKU19938,ZAV00345,1,155.73,121.28
ZA-00028910,2,SKU57518,ZAV00105,1,707.63,153.7
ZA-00028911,1,SKU93581,ZAV00050,1,1284.1,176.41
ZA-00028912,1,SKU93940,ZAV00061,1,958.2,162.98
ZA-00028913,1,SKU70229,ZAV00522,1,163.21,128.36
ZA-00028914,1,SKU97264,ZAV00693,1,619.21,173.77
ZA-00028915,1,SKU99414,ZAV00009,3,102.75,57.18
ZA-00028915,2,SKU66392,ZAV00780,1,78.33,134.95
ZA-00028916,1,SKU25808,ZAV00541,2,48.84,133.38
ZA-00028916,2,SKU97704,ZAV00533,2,552.45,65.14
ZA-00028917,1,SKU41662,ZAV00756,1,1235.56,53.01
ZA-00028918,1,SKU42656,ZAV00035,1,289.43,113.98
ZA-00028919,1,SKU91183,ZAV00745,1,642.83,129.45
ZA-00028920,1,SKU24766,ZAV00355,1,2191.31,120.71
ZA-00028920,2,SKU99429,ZAV00389,2,148.53,126.04
ZA-00028921,1,SKU81235,ZAV00769,1,1175.59,110.33
ZA-00028921,2,SKU76837,ZAV00779,1,280.79,59.05
ZA-00028921,3,SKU44173,ZAV00211,2,540.58,50.02
ZA-00028922,1,SKU22708,ZAV00470,1,94.82,92.27
ZA-00028923,1,SKU79693,ZAV00647,1,480.58,160.77
ZA-00028924,1,SKU63756,ZAV00765,1,850.91,133.55
ZA-00028925,1,SKU97416,ZAV00569,2,357.82,141.62
ZA-00028926,1,SKU62299,ZAV00721,1,3323.53,136.58
ZA-00028926,2,SKU90613,ZAV00274,1,1203.74,111.72
ZA-00028926,3,SKU62918,ZAV00016,1,243.53,80.81
ZA-00028927,1,SKU53933,ZAV00140,1,373.45,69.79
ZA-00028928,1,SKU35017,ZAV00435,2,777.27,36.51
ZA-00028929,1,SKU47204,ZAV00161,2,489.52,74.44
ZA-00028930,1,SKU90206,ZAV00096,2,161.05,42.53
ZA-00028930,2,SKU60728,ZAV00433,1,540.42,139.91
ZA-00028931,1,SKU94609,ZAV00505,1,1109.64,76.88
ZA-00028931,2,SKU20881,ZAV00211,1,151.64,102.27
ZA-00028931,3,SKU64390,ZAV00531,1,373.04,62.06
ZA-00028932,1,SKU88915,ZAV00313,1,498.58,69.26
ZA-00028932,2,SKU58532,ZAV00475,1,2643.99,147.22
ZA-00028933,1,SKU41924,ZAV00091,1,493.8,55.14
ZA-00028934,1,SKU27925,ZAV00265,1,174.45,57.99
ZA-00028935,1,SKU66199,ZAV00792,1,569.68,79.77
ZA-00028936,1,SKU11647,ZAV00746,2,382.76,88.05
ZA-00028937,1,SKU53133,ZAV00487,2,599.04,171.18
ZA-00028938,1,SKU33797,ZAV00422,1,325.86,166.92
ZA-00028938,2,SKU55473,ZAV00657,1,336.5,53.48
ZA-00028939,1,SKU35704,ZAV00234,1,1387.8,167.88
ZA-00028940,1,SKU15823,ZAV00372,1,1114.32,39.29
ZA-00028941,1,SKU42387,ZAV00586,2,884.12,95.88
ZA-00028942,1,SKU57214,ZAV00390,1,87.64,177.26
ZA-00028943,1,SKU87114,ZAV00124,1,524.92,66.26
ZA-00028944,1,SKU19432,ZAV00534,1,771.72,73.11
ZA-00028945,1,SKU46279,ZAV00052,1,481.87,42.29
ZA-00028946,1,SKU51794,ZAV00673,1,260.56,71.34
ZA-00028947,1,SKU25076,ZAV00221,1,393.24,170.86
ZA-00028948,1,SKU36417,ZAV00417,1,219.6,90.71
ZA-00028948,2,SKU68362,ZAV00585,1,232.25,178.32
ZA-00028949,1,SKU36687,ZAV00046,1,295.54,143.28
ZA-00028949,2,SKU70944,ZAV00725,1,982.45,109.2
ZA-00028949,3,SKU18329,ZAV00575,1,682.21,152.91
ZA-00028950,1,SKU57828,ZAV00424,2,772.21,46.55
ZA-00028951,1,SKU79557,ZAV00415,1,100.24,47.61
ZA-00028952,1,SKU44040,ZAV00003,1,429.19,79.76
ZA-00028953,1,SKU25845,ZAV00222,1,477.69,95.94
ZA-00028954,1,SKU72957,ZAV00054,1,431.44,175.02
ZA-00028955,1,SKU24012,ZAV00108,2,829.02,135.42
ZA-00028956,1,SKU22671,ZAV00054,1,797.7,141.84
ZA-00028957,1,SKU46884,ZAV00795,1,380.64,172.34
ZA-00028958,1,SKU15485,ZAV00280,1,433.38,119.68
ZA-00028959,1,SKU45643,ZAV00070,1,1243.31,70.99
ZA-00028960,1,SKU51293,ZAV00080,2,271.84,140.38
ZA-00028961,1,SKU76524,ZAV00673,1,157.49,126.22
ZA-00028962,1,SKU84616,ZAV00095,1,2831.07,55.56
ZA-00028963,1,SKU31167,ZAV00055,2,225.56,73.49
ZA-00028964,1,SKU69835,ZAV00537,1,4979.91,72.35
ZA-00028965,1,SKU28679,ZAV00403,2,495.25,104.88
ZA-00028966,1,SKU59563,ZAV00602,1,477.32,128.12
ZA-00028967,1,SKU21608,ZAV00017,1,726.16,96.43
ZA-00028968,1,SKU89476,ZAV00153,1,915.85,173.25
ZA-00028969,1,SKU56941,ZAV00583,1,378.13,160.07
ZA-00028970,1,SKU81278,ZAV00674,1,299.93,132.15
ZA-00028971,1,SKU11494,ZAV00184,1,156.9,92.12
ZA-00028972,1,SKU19155,ZAV00201,1,366.57,37.94
ZA-00028972,2,SKU28577,ZAV00588,1,246.79,124.42
ZA-00028973,1,SKU27565,ZAV00014,1,204.41,86.51
ZA-00028973,2,SKU15144,ZAV00451,1,244.4,76.88
ZA-00028973,3,SKU95139,ZAV00129,1,432.42,98.69
ZA-00028974,1,SKU59229,ZAV00582,1,148.56,73.16
ZA-00028975,1,SKU35512,ZAV00504,1,160.92,73.14
ZA-00028975,2,SKU50513,ZAV00570,1,170.84,134.44
ZA-00028976,1,SKU35711,ZAV00355,1,129.72,72.36
ZA-00028977,1,SKU90254,ZAV00659,1,301.75,60.7
ZA-00028978,1,SKU88203,ZAV00714,2,433.66,97.63
ZA-00028978,2,SKU24413,ZAV00371,1,342.67,86.25
ZA-00028979,1,SKU85178,ZAV00192,1,453.15,59.68
ZA-00028980,1,SKU17359,ZAV00154,1,351.06,72.19
ZA-00028981,1,SKU19789,ZAV00136,1,234.12,131.95
ZA-00028981,2,SKU52745,ZAV00066,1,1042.54,164.03
ZA-00028982,1,SKU15574,ZAV00632,1,243.14,126.2
ZA-00028983,1,SKU21698,ZAV00389,2,416.61,117.45
ZA-00028984,1,SKU30452,ZAV00430,3,156.07,73.57
ZA-00028985,1,SKU10099,ZAV00642,1,65.67,104.98
ZA-00028986,1,SKU57630,ZAV00625,2,770.48,99.24
ZA-00028987,1,SKU35716,ZAV00010,1,586.86,67.75
ZA-00028987,2,SKU87227,ZAV00682,1,1595.4,95.65
ZA-00028988,1,SKU19331,ZAV00353,1,135.33,115.59
ZA-00028989,1,SKU83606,ZAV00369,1,1013.4,119.78
ZA-00028990,1,SKU75108,ZAV00492,1,259.12,134.07
ZA-00028991,1,SKU86371,ZAV00103,1,226.27,136.11
ZA-00028992,1,SKU89451,ZAV00778,1,454.78,113.82
ZA-00028993,1,SKU72834,ZAV00143,1,245.84,121.67
ZA-00028993,2,SKU88535,ZAV00129,1,553.63,126.68
ZA-00028994,1,SKU48165,ZAV00616,1,169.89,140.13
ZA-00028994,2,SKU97372,ZAV00427,2,87.69,122.23
ZA-00028995,1,SKU60847,ZAV00011,1,1663.37,91.34
ZA-00028996,1,SKU53599,ZAV00268,1,888.1,55.45
ZA-00028997,1,SKU62449,ZAV00366,3,287.49,72.53
ZA-00028998,1,SKU75732,ZAV00563,1,233.99,39.09
ZA-00028999,1,SKU73938,ZAV00228,1,1446.33,167.02
ZA-00029000,1,SKU64526,ZAV00314,1,448.23,94.91
ZA-00029001,1,SKU28762,ZAV00020,1,117.6,88.6
ZA-00029002,1,SKU90115,ZAV00248,2,1003.29,74.74
ZA-00029003,1,SKU43467,ZAV00688,1,57.51,136.86
ZA-00029004,1,SKU49550,ZAV00690,1,1160.41,72.92
ZA-00029004,2,SKU89408,ZAV00506,1,491.95,71.18
ZA-00029004,3,SKU12656,ZAV00546,1,611.58,51.12
ZA-00029005,1,SKU52126,ZAV00734,1,82.62,151.44
ZA-00029006,1,SKU58764,ZAV00333,1,754.53,100.19
ZA-00029007,1,SKU39872,ZAV00726,1,448.4,56.49
ZA-00029008,1,SKU80202,ZAV00638,1,455.07,66.44
ZA-00029009,1,SKU67960,ZAV00302,3,156.5,161.27
ZA-00029010,1,SKU90507,ZAV00292,2,1078.35,93.32
ZA-00029010,2,SKU60414,ZAV00532,1,398.85,140.32
ZA-00029011,1,SKU85103,ZAV00610,1,418.27,98.73
ZA-00029012,1,SKU54770,ZAV00451,1,558.05,36.14
ZA-00029013,1,SKU20936,ZAV00621,2,625.5,60.51
ZA-00029014,1,SKU72467,ZAV00744,1,280.66,122.48
ZA-00029015,1,SKU92282,ZAV00081,1,943.51,110.34
ZA-00029016,1,SKU70678,ZAV00608,1,3110.77,109.85
ZA-00029017,1,SKU34413,ZAV00462,1,1004.09,91.99
ZA-00029018,1,SKU54932,ZAV00704,1,644.9,80.18
ZA-00029019,1,SKU74705,ZAV00768,1,270.41,131.92
ZA-00029020,1,SKU41493,ZAV00175,2,585.95,146.55
ZA-00029021,1,SKU10655,ZAV00031,1,1307.81,71.71
ZA-00029022,1,SKU37835,ZAV00524,1,161.12,109.55
ZA-00029023,1,SKU42226,ZAV00788,1,409.1,134.07
ZA-00029024,1,SKU57202,ZAV00042,1,680.42,154.91
ZA-00029025,1,SKU91039,ZAV00411,1,310.47,93.34
ZA-00029025,2,SKU66833,ZAV00586,1,1429.57,139.01
ZA-00029025,3,SKU79278,ZAV00730,1,712.38,149.11
ZA-00029026,1,SKU35789,ZAV00356,1,323.11,96.31
ZA-00029026,2,SKU58567,ZAV00140,1,504.85,53.96
ZA-00029027,1,SKU68117,ZAV00716,2,164.61,162.97
ZA-00029028,1,SKU47208,ZAV00509,1,108.84,85.73
ZA-00029028,2,SKU63962,ZAV00208,1,609.52,115.22
ZA-00029029,1,SKU51342,ZAV00502,1,1159.92,38.9
ZA-00029030,1,SKU96548,ZAV00284,1,2790.43,102.03
ZA-00029031,1,SKU16890,ZAV00520,1,423.53,101.59
ZA-00029032,1,SKU67214,ZAV00485,1,268.47,87.51
ZA-00029032,2,SKU35925,ZAV00125,1,1761.45,39.97
ZA-00029033,1,SKU69446,ZAV00195,1,595.45,57.98
ZA-00029034,1,SKU10095,ZAV00746,1,1025.84,162.43
ZA-00029035,1,SKU16397,ZAV00136,3,1615.24,86.49
ZA-00029036,1,SKU68413,ZAV00203,3,305.34,178.5
ZA-00029037,1,SKU55179,ZAV00503,1,333.92,40.81
ZA-00029037,2,SKU70851,ZAV00650,1,568.88,81.69
ZA-00029038,1,SKU93707,ZAV00777,1,631.26,171.19
ZA-00029038,2,SKU60211,ZAV00429,1,675.21,84.01
ZA-00029039,1,SKU58263,ZAV00776,1,879.0,110.63
ZA-00029040,1,SKU45881,ZAV00152,1,526.62,44.83
ZA-00029041,1,SKU51967,ZAV00086,1,937.5,93.39
ZA-00029042,1,SKU28611,ZAV00451,1,1864.05,88.69
ZA-00029042,2,SKU51822,ZAV00331,1,2366.17,137.52
ZA-00029042,3,SKU62717,ZAV00778,1,764.09,157.07
ZA-00029043,1,SKU75469,ZAV00509,1,142.18,145.11
ZA-00029043,2,SKU83042,ZAV00702,1,113.48,170.05
ZA-00029043,3,SKU66372,ZAV00154,1,460.42,172.45
ZA-00029044,1,SKU16959,ZAV00564,1,481.21,60.95
ZA-00029045,1,SKU75808,ZAV00492,1,323.36,51.61
ZA-00029046,1,SKU72899,ZAV00021,1,2060.26,168.52
ZA-00029047,1,SKU26655,ZAV00563,1,539.67,132.41
ZA-00029048,1,SKU95304,ZAV00008,1,464.07,55.83
ZA-00029049,1,SKU62323,ZAV00574,1,707.68,156.78
ZA-00029050,1,SKU11142,ZAV00790,1,560.14,57.11
ZA-00029051,1,SKU22990,ZAV00365,1,349.09,157.71
ZA-00029051,2,SKU63657,ZAV00530,1,291.08,125.16
ZA-00029052,1,SKU87396,ZAV00026,1,51.94,136.68
ZA-00029053,1,SKU72255,ZAV00188,1,60.35,140.39
ZA-00029053,2,SKU94513,ZAV00759,1,592.4,92.14
ZA-00029054,1,SKU84422,ZAV00794,1,452.41,91.01
ZA-00029055,1,SKU14940,ZAV00297,2,307.53,96.24
ZA-00029056,1,SKU89900,ZAV00377,2,728.13,121.79
ZA-00029057,1,SKU42680,ZAV00335,2,159.37,171.79
ZA-00029058,1,SKU33195,ZAV00782,2,1464.23,113.05
ZA-00029058,2,SKU78389,ZAV00077,1,500.78,155.69
ZA-00029059,1,SKU24876,ZAV00228,1,1190.33,146.61
ZA-00029060,1,SKU35786,ZAV00798,2,597.14,126.87
ZA-00029060,2,SKU35887,ZAV00752,1,1798.43,70.78
ZA-00029060,3,SKU26840,ZAV00425,1,196.13,40.14
ZA-00029061,1,SKU58468,ZAV00086,1,593.58,109.19
ZA-00029062,1,SKU30683,ZAV00631,1,688.31,120.01
ZA-00029062,2,SKU25863,ZAV00086,1,217.71,101.39
ZA-00029063,1,SKU69378,ZAV00684,1,252.94,165.78
ZA-00029064,1,SKU42739,ZAV00099,1,395.9,93.76
ZA-00029065,1,SKU13218,ZAV00129,1,986.02,154.07
ZA-00029066,1,SKU59294,ZAV00128,1,3135.21,73.75
ZA-00029067,1,SKU36242,ZAV00201,1,367.96,87.87
ZA-00029068,1,SKU95785,ZAV00196,1,390.53,75.56
ZA-00029069,1,SKU38396,ZAV00452,1,564.08,42.97
ZA-00029069,2,SKU59436,ZAV00223,1,64.71,93.45
ZA-00029070,1,SKU86411,ZAV00331,1,744.97,98.92
ZA-00029071,1,SKU25760,ZAV00316,1,131.06,130.37
ZA-00029072,1,SKU96347,ZAV00129,1,755.53,130.1
ZA-00029073,1,SKU88114,ZAV00348,1,402.16,106.74
ZA-00029074,1,SKU94811,ZAV00599,1,1483.28,101.43
ZA-00029075,1,SKU57851,ZAV00766,1,331.36,45.67
ZA-00029076,1,SKU50461,ZAV00767,1,382.73,39.95
ZA-00029077,1,SKU96212,ZAV00512,1,420.5,89.42
ZA-00029078,1,SKU18194,ZAV00113,1,363.11,43.72
ZA-00029079,1,SKU40008,ZAV00162,1,478.07,118.55
ZA-00029080,1,SKU64876,ZAV00146,1,112.45,59.92
ZA-00029081,1,SKU77134,ZAV00579,1,752.1,85.38
ZA-00029082,1,SKU84914,ZAV00304,2,456.27,102.42
ZA-00029082,2,SKU34973,ZAV00766,1,785.7,49.1
ZA-00029083,1,SKU76134,ZAV00738,1,997.64,71.51
ZA-00029083,2,SKU26736,ZAV00335,1,129.51,178.17
ZA-00029084,1,SKU17858,ZAV00773,1,205.99,133.6
ZA-00029084,2,SKU16095,ZAV00117,2,574.13,78.42
ZA-00029085,1,SKU21866,ZAV00392,1,421.47,53.79
ZA-00029086,1,SKU48071,ZAV00255,1,557.41,173.3
ZA-00029086,2,SKU10436,ZAV00202,1,562.95,159.71
ZA-00029086,3,SKU78009,ZAV00485,2,1488.02,153.43
ZA-00029087,1,SKU51410,ZAV00721,1,896.14,175.59
ZA-00029087,2,SKU97509,ZAV00154,1,1188.66,107.57
ZA-00029088,1,SKU51242,ZAV00097,1,357.82,116.26
ZA-00029089,1,SKU97934,ZAV00540,3,683.53,148.43
ZA-00029090,1,SKU46569,ZAV00568,1,1473.29,50.01
ZA-00029091,1,SKU97756,ZAV00395,2,129.33,50.51
ZA-00029092,1,SKU42808,ZAV00792,1,294.34,118.28
ZA-00029092,2,SKU67952,ZAV00005,2,309.38,66.05
ZA-00029093,1,SKU56043,ZAV00786,1,236.47,114.37
ZA-00029094,1,SKU13602,ZAV00370,1,213.12,62.63
ZA-00029095,1,SKU90360,ZAV00509,1,529.52,67.29
ZA-00029096,1,SKU48570,ZAV00606,1,317.16,106.26
ZA-00029097,1,SKU73572,ZAV00199,1,689.89,65.88
ZA-00029098,1,SKU68153,ZAV00202,1,758.89,90.77
ZA-00029098,2,SKU76636,ZAV00745,1,133.37,59.66
ZA-00029098,3,SKU84403,ZAV00185,1,493.56,121.02
ZA-00029099,1,SKU22634,ZAV00285,1,443.29,46.24
ZA-00029100,1,SKU99668,ZAV00150,1,665.07,106.56
ZA-00029100,2,SKU54936,ZAV00261,1,238.96,95.49
ZA-00029101,1,SKU64717,ZAV00109,1,452.82,100.89
ZA-00029102,1,SKU32642,ZAV00765,1,353.42,99.41
ZA-00029103,1,SKU41835,ZAV00746,1,227.58,67.45
ZA-00029104,1,SKU94311,ZAV00598,1,554.44,79.49
ZA-00029105,1,SKU86320,ZAV00381,1,1035.31,160.43
ZA-00029106,1,SKU96380,ZAV00361,1,276.93,47.78
ZA-00029107,1,SKU80479,ZAV00404,1,739.42,118.27
ZA-00029108,1,SKU70566,ZAV00216,2,128.98,148.94
ZA-00029109,1,SKU31690,ZAV00538,1,218.67,102.8
ZA-00029110,1,SKU93035,ZAV00510,1,326.83,42.31
ZA-00029111,1,SKU22987,ZAV00373,1,594.28,115.3
ZA-00029112,1,SKU88494,ZAV00022,1,446.31,102.67
ZA-00029113,1,SKU84394,ZAV00153,1,1291.63,51.86
ZA-00029114,1,SKU66383,ZAV00602,2,125.69,178.64
ZA-00029115,1,SKU69344,ZAV00473,1,305.73,83.12
ZA-00029116,1,SKU23513,ZAV00552,1,960.33,161.42
ZA-00029117,1,SKU51912,ZAV00591,1,448.16,127.45
ZA-00029118,1,SKU39747,ZAV00211,1,541.2,97.99
ZA-00029119,1,SKU19892,ZAV00633,1,262.06,61.33
ZA-00029120,1,SKU60421,ZAV00166,1,476.45,108.25
ZA-00029121,1,SKU34996,ZAV00434,1,919.19,178.24
ZA-00029122,1,SKU49013,ZAV00662,1,270.26,162.63
ZA-00029123,1,SKU46779,ZAV00669,1,524.75,105.52
ZA-00029124,1,SKU29477,ZAV00642,1,823.89,80.35
ZA-00029125,1,SKU18440,ZAV00466,1,981.0,173.92
ZA-00029126,1,SKU97806,ZAV00306,1,231.47,104.45
ZA-00029127,1,SKU89228,ZAV00463,1,722.06,137.75
ZA-00029128,1,SKU61644,ZAV00440,1,200.34,171.72
ZA-00029128,2,SKU56272,ZAV00756,1,632.84,83.76
ZA-00029128,3,SKU53726,ZAV00332,1,777.55,127.35
ZA-00029129,1,SKU55176,ZAV00265,1,207.82,101.91
ZA-00029129,2,SKU28218,ZAV00327,1,439.85,170.19
ZA-00029130,1,SKU50637,ZAV00399,1,221.32,133.82
ZA-00029131,1,SKU95568,ZAV00426,1,64.34,65.44
ZA-00029132,1,SKU10613,ZAV00604,2,417.34,106.85
ZA-00029132,2,SKU33573,ZAV00339,1,2627.37,99.07
ZA-00029133,1,SKU33056,ZAV00737,1,211.67,98.78
ZA-00029134,1,SKU75643,ZAV00380,1,425.34,104.96
ZA-00029134,2,SKU43037,ZAV00259,1,1285.76,107.73
ZA-00029135,1,SKU20460,ZAV00033,1,106.04,101.17
ZA-00029136,1,SKU94054,ZAV00533,3,140.64,145.26
ZA-00029136,2,SKU22857,ZAV00296,1,396.97,87.82
ZA-00029137,1,SKU31652,ZAV00740,1,362.28,170.44
ZA-00029138,1,SKU41025,ZAV00006,1,102.39,41.92
ZA-00029139,1,SKU30133,ZAV00590,2,365.7,47.74
ZA-00029140,1,SKU82622,ZAV00590,1,389.41,114.48
ZA-00029141,1,SKU79883,ZAV00446,1,257.72,173.17
ZA-00029142,1,SKU93443,ZAV00375,2,578.84,83.96
ZA-00029142,2,SKU59828,ZAV00653,1,844.35,42.31
ZA-00029143,1,SKU16587,ZAV00604,1,164.8,54.25
ZA-00029144,1,SKU96227,ZAV00423,1,182.51,55.49
ZA-00029145,1,SKU81916,ZAV00619,2,544.76,89.07
ZA-00029146,1,SKU50557,ZAV00319,1,616.81,37.43
ZA-00029147,1,SKU21921,ZAV00334,1,157.47,123.5
ZA-00029147,2,SKU51435,ZAV00199,1,173.76,61.68
ZA-00029148,1,SKU60952,ZAV00789,1,200.32,150.27
ZA-00029148,2,SKU10889,ZAV00005,2,152.19,66.71
ZA-00029149,1,SKU41848,ZAV00551,1,80.28,98.63
ZA-00029149,2,SKU14277,ZAV00519,1,133.52,88.8
ZA-00029149,3,SKU58590,ZAV00656,1,924.64,82.92
ZA-00029150,1,SKU65078,ZAV00598,1,184.08,81.47
ZA-00029150,2,SKU95095,ZAV00096,1,231.6,100.18
ZA-00029151,1,SKU17047,ZAV00695,1,982.97,88.73
ZA-00029152,1,SKU31089,ZAV00102,1,553.63,174.89
ZA-00029153,1,SKU67427,ZAV00191,1,158.64,118.57
ZA-00029154,1,SKU72415,ZAV00640,1,497.25,126.63
ZA-00029154,2,SKU12350,ZAV00112,2,523.52,156.24
ZA-00029155,1,SKU52953,ZAV00653,1,332.35,133.32
ZA-00029155,2,SKU25886,ZAV00612,2,392.22,70.0
ZA-00029156,1,SKU50123,ZAV00159,1,470.22,140.18
ZA-00029157,1,SKU39589,ZAV00735,1,1592.81,100.36
ZA-00029158,1,SKU45952,ZAV00438,2,3499.17,124.98
ZA-00029159,1,SKU64151,ZAV00340,1,2533.94,111.33
ZA-00029159,2,SKU48274,ZAV00610,1,417.8,93.04
ZA-00029160,1,SKU72764,ZAV00739,3,151.22,138.49
ZA-00029161,1,SKU78904,ZAV00574,1,923.66,138.22
ZA-00029161,2,SKU63498,ZAV00477,1,908.63,104.45
ZA-00029162,1,SKU93936,ZAV00095,1,227.42,72.07
ZA-00029163,1,SKU94026,ZAV00609,1,242.9,144.09
ZA-00029164,1,SKU61011,ZAV00088,1,634.33,165.24
ZA-00029164,2,SKU65309,ZAV00217,1,223.47,116.93
ZA-00029164,3,SKU13307,ZAV00062,1,155.32,126.66
ZA-00029165,1,SKU54319,ZAV00628,1,195.35,120.9
ZA-00029166,1,SKU77877,ZAV00658,1,627.42,108.34
ZA-00029166,2,SKU96750,ZAV00437,1,1373.62,127.55
ZA-00029167,1,SKU90565,ZAV00218,1,428.62,113.09
ZA-00029167,2,SKU89868,ZAV00525,1,1205.98,101.05
ZA-00029168,1,SKU79356,ZAV00712,1,1484.56,81.31
ZA-00029169,1,SKU60158,ZAV00639,1,370.98,136.46
ZA-00029170,1,SKU59470,ZAV00683,1,1519.13,107.35
ZA-00029171,1,SKU18634,ZAV00149,2,411.67,116.7
ZA-00029172,1,SKU97327,ZAV00058,1,505.56,178.43
ZA-00029173,1,SKU80986,ZAV00016,1,423.22,118.33
ZA-00029174,1,SKU78103,ZAV00553,1,248.78,81.57
ZA-00029175,1,SKU27180,ZAV00570,1,42.21,102.23
ZA-00029176,1,SKU75841,ZAV00740,1,641.61,146.3
ZA-00029177,1,SKU71149,ZAV00701,1,256.83,155.97
ZA-00029178,1,SKU46580,ZAV00314,1,557.02,126.95
ZA-00029179,1,SKU53085,ZAV00130,1,284.05,89.8
ZA-00029180,1,SKU50250,ZAV00404,2,235.19,114.13
ZA-00029180,2,SKU66701,ZAV00569,1,231.92,113.06
ZA-00029180,3,SKU48581,ZAV00021,3,109.42,130.08
ZA-00029181,1,SKU51199,ZAV00104,1,273.98,171.37
ZA-00029182,1,SKU18344,ZAV00451,1,162.78,99.14
ZA-00029183,1,SKU75606,ZAV00336,1,185.64,140.22
ZA-00029183,2,SKU25649,ZAV00063,1,886.75,46.65
ZA-00029184,1,SKU93203,ZAV00130,1,252.74,150.74
ZA-00029184,2,SKU18501,ZAV00276,1,163.93,179.42
ZA-00029185,1,SKU30448,ZAV00778,1,92.82,79.16
ZA-00029186,1,SKU79596,ZAV00215,1,258.24,62.6
ZA-00029187,1,SKU95853,ZAV00785,1,734.84,122.01
ZA-00029188,1,SKU71701,ZAV00772,2,245.66,125.61
ZA-00029189,1,SKU58496,ZAV00647,2,725.6,95.11
ZA-00029190,1,SKU63274,ZAV00391,2,332.66,129.43
ZA-00029191,1,SKU18827,ZAV00164,1,275.66,131.79
ZA-00029192,1,SKU23343,ZAV00270,1,174.15,135.73
ZA-00029193,1,SKU91639,ZAV00473,1,826.45,98.35
ZA-00029194,1,SKU89195,ZAV00310,1,1007.22,142.31
ZA-00029194,2,SKU87018,ZAV00727,1,218.19,103.39
ZA-00029195,1,SKU96276,ZAV00289,1,348.45,114.51
ZA-00029196,1,SKU84569,ZAV00192,2,475.19,142.14
ZA-00029196,2,SKU23063,ZAV00538,1,694.18,164.81
ZA-00029196,3,SKU85795,ZAV00597,1,429.78,98.87
ZA-00029197,1,SKU14528,ZAV00664,2,361.65,73.98
ZA-00029198,1,SKU33564,ZAV00011,1,555.53,173.43
ZA-00029199,1,SKU77901,ZAV00103,1,193.66,153.95
ZA-00029200,1,SKU81737,ZAV00543,1,518.74,88.9
ZA-00029201,1,SKU87358,ZAV00142,1,1049.11,125.0
ZA-00029202,1,SKU73416,ZAV00533,1,868.7,73.79
ZA-00029203,1,SKU26436,ZAV00352,1,240.32,152.49
ZA-00029204,1,SKU21720,ZAV00722,1,1047.07,73.2
ZA-00029205,1,SKU87471,ZAV00394,1,223.9,112.79
ZA-00029206,1,SKU39775,ZAV00610,1,105.71,59.09
ZA-00029207,1,SKU68488,ZAV00507,1,986.65,65.75
ZA-00029208,1,SKU77385,ZAV00313,1,52.42,155.12
ZA-00029209,1,SKU38663,ZAV00483,1,1002.68,93.85
ZA-00029209,2,SKU80061,ZAV00451,1,315.03,78.65
ZA-00029210,1,SKU55267,ZAV00051,1,194.63,121.6
ZA-00029210,2,SKU96408,ZAV00724,1,761.89,83.44
ZA-00029211,1,SKU47693,ZAV00142,1,376.22,112.0
ZA-00029212,1,SKU11150,ZAV00233,1,119.61,38.5
ZA-00029213,1,SKU49674,ZAV00241,1,620.09,44.76
ZA-00029213,2,SKU36850,ZAV00318,2,542.98,113.04
ZA-00029214,1,SKU22489,ZAV00350,1,348.38,126.33
ZA-00029215,1,SKU13103,ZAV00572,1,382.9,140.95
ZA-00029216,1,SKU64331,ZAV00374,1,344.74,143.14
ZA-00029216,2,SKU45342,ZAV00321,1,728.57,109.91
ZA-00029217,1,SKU36031,ZAV00599,1,1172.88,35.07
ZA-00029218,1,SKU41855,ZAV00779,1,30.0,77.45
ZA-00029219,1,SKU38791,ZAV00411,1,340.83,176.02
ZA-00029220,1,SKU15864,ZAV00261,1,422.72,148.81
ZA-00029221,1,SKU79256,ZAV00059,1,436.26,55.37
ZA-00029221,2,SKU59155,ZAV00683,2,602.16,142.47
ZA-00029222,1,SKU65583,ZAV00111,1,243.2,35.37
ZA-00029223,1,SKU62458,ZAV00280,2,415.92,59.84
ZA-00029224,1,SKU89015,ZAV00612,1,442.78,177.6
ZA-00029224,2,SKU82544,ZAV00616,1,238.61,139.5
ZA-00029225,1,SKU93794,ZAV00526,2,5615.03,168.32
ZA-00029226,1,SKU77155,ZAV00130,1,422.48,161.25
ZA-00029227,1,SKU23137,ZAV00128,1,626.29,42.81
ZA-00029227,2,SKU86738,ZAV00078,1,347.43,142.39
ZA-00029227,3,SKU27041,ZAV00762,1,1317.64,166.04
ZA-00029228,1,SKU65729,ZAV00673,1,604.01,124.99
ZA-00029229,1,SKU44659,ZAV00551,1,310.47,44.25
ZA-00029230,1,SKU80157,ZAV00055,3,1513.63,76.81
ZA-00029231,1,SKU74185,ZAV00731,1,285.19,59.95
ZA-00029232,1,SKU17705,ZAV00154,3,266.25,75.82
ZA-00029233,1,SKU30850,ZAV00699,1,1654.33,154.03
ZA-00029233,2,SKU94859,ZAV00001,1,370.95,125.31
ZA-00029233,3,SKU85531,ZAV00077,1,117.9,41.01
ZA-00029234,1,SKU40856,ZAV00358,3,1927.72,115.29
ZA-00029235,1,SKU85656,ZAV00465,1,523.31,111.19
ZA-00029235,2,SKU81043,ZAV00009,1,202.0,167.22
ZA-00029236,1,SKU78991,ZAV00523,1,330.34,165.56
ZA-00029236,2,SKU67902,ZAV00426,1,54.48,99.07
ZA-00029237,1,SKU69387,ZAV00390,1,569.39,131.91
ZA-00029238,1,SKU15293,ZAV00689,1,73.98,89.45
ZA-00029239,1,SKU48783,ZAV00290,1,230.5,81.18
ZA-00029240,1,SKU72697,ZAV00053,1,1296.0,40.07
ZA-00029241,1,SKU31539,ZAV00494,3,303.29,63.88
ZA-00029242,1,SKU93329,ZAV00135,1,186.78,127.07
ZA-00029243,1,SKU64739,ZAV00136,1,2081.03,82.64
ZA-00029244,1,SKU53030,ZAV00669,3,104.52,46.06
ZA-00029245,1,SKU76794,ZAV00496,1,37.91,38.3
ZA-00029246,1,SKU43337,ZAV00584,1,1061.51,168.89
ZA-00029246,2,SKU77653,ZAV00165,1,576.93,120.79
ZA-00029246,3,SKU20033,ZAV00311,1,219.64,85.32
ZA-00029247,1,SKU67934,ZAV00712,1,394.56,142.03
ZA-00029247,2,SKU83268,ZAV00015,1,110.0,134.55
ZA-00029248,1,SKU81510,ZAV00018,2,303.13,149.52
ZA-00029248,2,SKU49359,ZAV00234,1,350.95,44.55
ZA-00029249,1,SKU49735,ZAV00684,1,212.63,51.68
ZA-00029250,1,SKU14894,ZAV00797,1,454.67,46.8
ZA-00029251,1,SKU23515,ZAV00799,1,253.45,77.61
ZA-00029252,1,SKU80044,ZAV00704,1,445.61,153.51
ZA-00029252,2,SKU10183,ZAV00797,1,1224.2,42.69
ZA-00029253,1,SKU70313,ZAV00758,1,282.25,153.86
ZA-00029254,1,SKU72489,ZAV00530,2,740.15,123.02
ZA-00029255,1,SKU38763,ZAV00676,1,302.95,59.02
ZA-00029256,1,SKU30186,ZAV00359,1,531.38,152.59
ZA-00029257,1,SKU24885,ZAV00062,1,740.31,90.6
ZA-00029257,2,SKU87847,ZAV00421,1,811.9,154.34
ZA-00029258,1,SKU86122,ZAV00275,1,722.9,105.2
ZA-00029259,1,SKU71852,ZAV00635,1,341.08,95.95
ZA-00029260,1,SKU42209,ZAV00120,1,243.88,39.69
ZA-00029261,1,SKU54449,ZAV00075,1,73.9,99.37
ZA-00029261,2,SKU57334,ZAV00479,1,643.96,83.76
ZA-00029262,1,SKU91522,ZAV00247,1,1067.36,91.84
ZA-00029263,1,SKU16604,ZAV00366,2,177.97,161.11
ZA-00029264,1,SKU29824,ZAV00674,1,1942.23,100.49
ZA-00029265,1,SKU73296,ZAV00366,1,171.53,147.09
ZA-00029266,1,SKU26635,ZAV00534,1,604.56,102.36
ZA-00029266,2,SKU57446,ZAV00117,1,95.05,80.1
ZA-00029267,1,SKU71007,ZAV00467,1,53.3,127.76
ZA-00029268,1,SKU32480,ZAV00193,1,642.08,60.65
ZA-00029269,1,SKU84419,ZAV00430,1,705.72,75.07
ZA-00029270,1,SKU67080,ZAV00552,1,312.51,55.88
ZA-00029270,2,SKU57655,ZAV00126,1,1074.45,40.87
ZA-00029271,1,SKU71926,ZAV00635,1,434.61,112.43
ZA-00029272,1,SKU15848,ZAV00486,1,980.63,57.78
ZA-00029273,1,SKU82382,ZAV00536,1,175.79,128.12
ZA-00029274,1,SKU92672,ZAV00697,1,397.47,175.71
ZA-00029275,1,SKU52817,ZAV00631,2,310.42,55.24
ZA-00029276,1,SKU99939,ZAV00057,1,144.37,94.55
ZA-00029277,1,SKU11028,ZAV00624,1,313.96,113.38
ZA-00029278,1,SKU43636,ZAV00662,1,431.61,130.34
ZA-00029279,1,SKU79610,ZAV00118,1,139.82,102.69
ZA-00029280,1,SKU25589,ZAV00423,1,460.13,103.96
ZA-00029281,1,SKU90067,ZAV00177,1,231.13,107.22
ZA-00029282,1,SKU67028,ZAV00044,1,170.04,36.25
ZA-00029283,1,SKU51424,ZAV00360,1,641.03,100.63
ZA-00029284,1,SKU46058,ZAV00012,1,325.04,125.66
ZA-00029285,1,SKU36445,ZAV00182,1,267.79,160.16
ZA-00029286,1,SKU25505,ZAV00725,1,2000.87,97.65
ZA-00029286,2,SKU53325,ZAV00676,1,277.65,112.63
ZA-00029287,1,SKU26297,ZAV00556,1,384.58,59.59
ZA-00029288,1,SKU58276,ZAV00363,2,1557.18,56.67
ZA-00029289,1,SKU29552,ZAV00398,1,245.85,137.35
ZA-00029290,1,SKU94836,ZAV00252,1,118.48,160.23
ZA-00029291,1,SKU49541,ZAV00609,1,97.54,73.01
ZA-00029292,1,SKU57102,ZAV00524,1,445.93,109.05
ZA-00029293,1,SKU86805,ZAV00216,1,79.15,154.89
ZA-00029294,1,SKU95045,ZAV00051,1,287.07,59.62
ZA-00029294,2,SKU87822,ZAV00190,1,118.98,47.19
ZA-00029295,1,SKU28534,ZAV00476,1,1165.72,77.82
ZA-00029295,2,SKU59580,ZAV00734,1,1520.0,133.04
ZA-00029296,1,SKU97222,ZAV00661,1,1017.58,54.34
ZA-00029297,1,SKU91080,ZAV00751,2,333.63,73.05
ZA-00029298,1,SKU24809,ZAV00198,1,225.71,117.13
ZA-00029298,2,SKU93347,ZAV00702,1,581.45,41.13
ZA-00029299,1,SKU72883,ZAV00178,1,580.57,135.73
ZA-00029300,1,SKU77162,ZAV00124,1,150.29,165.45
ZA-00029301,1,SKU12305,ZAV00102,1,506.26,98.01
ZA-00029302,1,SKU90257,ZAV00385,1,922.23,176.05
ZA-00029303,1,SKU52378,ZAV00414,1,952.93,179.15
ZA-00029304,1,SKU72908,ZAV00191,1,988.33,178.68
ZA-00029305,1,SKU24697,ZAV00671,1,179.83,51.77
ZA-00029306,1,SKU40844,ZAV00504,1,407.8,130.6
ZA-00029307,1,SKU98720,ZAV00471,1,229.74,111.56
ZA-00029308,1,SKU75599,ZAV00191,1,518.66,96.47
ZA-00029308,2,SKU14304,ZAV00295,2,111.72,128.48
ZA-00029309,1,SKU94369,ZAV00466,1,2204.61,83.0
ZA-00029309,2,SKU41772,ZAV00146,1,882.25,68.54
ZA-00029310,1,SKU73149,ZAV00189,1,155.17,40.06
ZA-00029311,1,SKU66566,ZAV00595,1,523.93,147.77
ZA-00029312,1,SKU46254,ZAV00670,1,263.65,39.11
ZA-00029313,1,SKU55974,ZAV00728,1,222.3,98.56
ZA-00029314,1,SKU58666,ZAV00369,1,589.28,133.12
ZA-00029315,1,SKU13108,ZAV00178,2,110.09,85.82
ZA-00029315,2,SKU29678,ZAV00078,1,248.23,120.47
ZA-00029316,1,SKU49348,ZAV00360,1,466.58,60.94
ZA-00029317,1,SKU26031,ZAV00415,1,208.45,134.94
ZA-00029318,1,SKU73392,ZAV00423,2,818.5,102.01
ZA-00029318,2,SKU53057,ZAV00256,1,366.26,83.98
ZA-00029319,1,SKU20994,ZAV00678,1,113.55,69.43
ZA-00029320,1,SKU67014,ZAV00698,1,306.27,172.02
ZA-00029321,1,SKU75204,ZAV00608,1,4639.23,82.44
ZA-00029322,1,SKU96567,ZAV00158,1,344.07,119.8
ZA-00029323,1,SKU21085,ZAV00673,1,641.29,100.96
ZA-00029324,1,SKU21105,ZAV00011,1,399.75,152.32
ZA-00029325,1,SKU27022,ZAV00105,1,451.82,63.65
ZA-00029326,1,SKU93927,ZAV00501,1,143.17,129.12
ZA-00029327,1,SKU38150,ZAV00168,1,172.62,70.98
ZA-00029328,1,SKU59050,ZAV00029,1,2218.66,63.99
ZA-00029328,2,SKU58440,ZAV00662,2,225.85,77.68
ZA-00029328,3,SKU26447,ZAV00109,1,433.92,69.41
ZA-00029329,1,SKU63296,ZAV00195,2,306.57,80.1
ZA-00029330,1,SKU82117,ZAV00368,1,857.95,79.53
ZA-00029331,1,SKU72314,ZAV00627,3,165.6,163.32
ZA-00029332,1,SKU69383,ZAV00169,1,745.07,160.76
ZA-00029333,1,SKU35058,ZAV00225,1,1773.93,44.69
ZA-00029334,1,SKU53089,ZAV00374,2,518.0,132.51
ZA-00029335,1,SKU69583,ZAV00440,1,434.41,151.17
ZA-00029336,1,SKU66039,ZAV00635,1,1028.29,54.9
ZA-00029336,2,SKU97266,ZAV00175,1,638.19,165.93
ZA-00029336,3,SKU89397,ZAV00695,1,914.11,156.42
ZA-00029337,1,SKU87282,ZAV00470,1,2466.85,83.2
ZA-00029338,1,SKU15574,ZAV00745,2,415.18,149.5
ZA-00029339,1,SKU86694,ZAV00299,1,533.71,119.08
ZA-00029340,1,SKU40579,ZAV00616,1,439.51,132.37
ZA-00029341,1,SKU52287,ZAV00311,1,100.76,168.6
ZA-00029342,1,SKU41111,ZAV00378,2,425.8,88.07
ZA-00029343,1,SKU89159,ZAV00494,1,259.91,99.46
ZA-00029344,1,SKU83696,ZAV00800,1,290.7,111.7
ZA-00029345,1,SKU25410,ZAV00799,1,549.45,87.86
ZA-00029346,1,SKU75888,ZAV00183,3,930.66,59.57
ZA-00029347,1,SKU72780,ZAV00620,1,931.65,156.34
ZA-00029348,1,SKU64509,ZAV00120,2,221.58,44.24
ZA-00029348,2,SKU93726,ZAV00415,3,148.6,50.47
ZA-00029349,1,SKU65742,ZAV00231,1,539.15,152.6
ZA-00029349,2,SKU18671,ZAV00327,1,98.73,57.88
ZA-00029350,1,SKU18927,ZAV00336,1,796.65,65.55
ZA-00029351,1,SKU46205,ZAV00547,1,316.62,50.39
ZA-00029352,1,SKU50138,ZAV00154,2,1547.64,106.05
ZA-00029353,1,SKU16775,ZAV00393,2,301.62,61.98
ZA-00029353,2,SKU74348,ZAV00700,1,613.85,124.62
ZA-00029354,1,SKU30258,ZAV00685,1,837.92,131.05
ZA-00029355,1,SKU74664,ZAV00506,1,266.59,77.47
ZA-00029356,1,SKU93975,ZAV00388,1,1918.07,80.82
ZA-00029356,2,SKU40880,ZAV00571,1,374.26,172.14
ZA-00029357,1,SKU46732,ZAV00189,1,159.62,137.47
ZA-00029358,1,SKU86420,ZAV00569,1,876.27,96.09
ZA-00029359,1,SKU87100,ZAV00615,1,3093.92,174.46
ZA-00029360,1,SKU25135,ZAV00629,1,205.63,67.82
ZA-00029361,1,SKU14755,ZAV00234,1,1024.32,177.31
ZA-00029362,1,SKU37098,ZAV00540,2,339.33,49.14
ZA-00029363,1,SKU97274,ZAV00153,2,1250.52,128.89
ZA-00029363,2,SKU46081,ZAV00280,1,511.14,119.88
ZA-00029364,1,SKU93734,ZAV00757,1,457.77,48.65
ZA-00029365,1,SKU12041,ZAV00508,1,1019.07,146.84
ZA-00029366,1,SKU97299,ZAV00351,1,608.29,38.84
ZA-00029367,1,SKU77068,ZAV00715,1,239.03,115.95
ZA-00029368,1,SKU87842,ZAV00571,1,202.36,87.3
ZA-00029369,1,SKU58669,ZAV00169,1,933.13,53.02
ZA-00029370,1,SKU61457,ZAV00322,1,986.65,98.52
ZA-00029370,2,SKU66338,ZAV00035,1,291.16,123.2
ZA-00029371,1,SKU58879,ZAV00129,1,207.37,159.71
ZA-00029372,1,SKU94412,ZAV00679,1,160.91,39.55
ZA-00029373,1,SKU59028,ZAV00339,2,2435.49,170.19
ZA-00029374,1,SKU60692,ZAV00515,1,321.82,123.96
ZA-00029375,1,SKU33883,ZAV00357,1,286.2,169.85
ZA-00029376,1,SKU51735,ZAV00027,3,424.64,139.53
ZA-00029377,1,SKU50964,ZAV00690,1,630.94,50.51
ZA-00029377,2,SKU61444,ZAV00310,1,334.13,54.88
ZA-00029378,1,SKU63727,ZAV00115,1,86.99,86.83
ZA-00029379,1,SKU40739,ZAV00175,1,201.32,153.22
ZA-00029380,1,SKU77957,ZAV00362,3,4238.22,52.69
ZA-00029381,1,SKU11123,ZAV00396,1,327.95,38.13
ZA-00029382,1,SKU72861,ZAV00717,1,168.52,62.6
ZA-00029383,1,SKU82545,ZAV00780,1,164.86,79.59
ZA-00029384,1,SKU90974,ZAV00558,1,3281.8,132.2
ZA-00029385,1,SKU64354,ZAV00370,1,440.4,106.0
ZA-00029385,2,SKU75591,ZAV00019,1,263.33,117.89
ZA-00029386,1,SKU60105,ZAV00460,1,93.88,154.61
ZA-00029387,1,SKU89889,ZAV00577,1,210.19,178.62
ZA-00029388,1,SKU96601,ZAV00727,1,294.01,43.59
ZA-00029388,2,SKU27787,ZAV00069,1,233.23,143.07
ZA-00029389,1,SKU45712,ZAV00769,1,61.51,88.66
ZA-00029390,1,SKU18959,ZAV00787,1,1297.4,52.09
ZA-00029391,1,SKU39772,ZAV00789,1,732.25,179.48
ZA-00029392,1,SKU91783,ZAV00348,2,1221.49,75.59
ZA-00029392,2,SKU52423,ZAV00145,1,385.13,40.86
ZA-00029393,1,SKU25900,ZAV00578,1,119.37,65.63
ZA-00029394,1,SKU87291,ZAV00375,1,154.01,134.42
ZA-00029395,1,SKU52341,ZAV00094,1,182.43,153.55
ZA-00029396,1,SKU62091,ZAV00081,1,154.3,116.25
ZA-00029397,1,SKU50346,ZAV00109,1,670.05,146.87
ZA-00029398,1,SKU77376,ZAV00103,1,825.04,41.43
ZA-00029399,1,SKU98782,ZAV00696,1,239.91,111.0
ZA-00029400,1,SKU75085,ZAV00695,1,209.59,108.54
ZA-00029401,1,SKU64883,ZAV00372,1,570.06,168.88
ZA-00029402,1,SKU39572,ZAV00580,1,966.13,44.52
ZA-00029403,1,SKU30109,ZAV00182,3,165.93,69.51
ZA-00029404,1,SKU73931,ZAV00643,1,345.47,81.28
ZA-00029405,1,SKU54495,ZAV00434,2,204.12,165.92
ZA-00029406,1,SKU34777,ZAV00709,2,399.35,49.52
ZA-00029407,1,SKU30252,ZAV00423,1,502.88,53.02
ZA-00029408,1,SKU33262,ZAV00181,2,204.7,128.71
ZA-00029409,1,SKU11914,ZAV00572,1,266.97,88.54
ZA-00029410,1,SKU15276,ZAV00592,1,693.26,101.32
ZA-00029411,1,SKU21370,ZAV00312,1,865.02,88.2
ZA-00029412,1,SKU45273,ZAV00785,1,250.51,92.75
ZA-00029413,1,SKU51229,ZAV00258,3,416.61,141.55
ZA-00029414,1,SKU57402,ZAV00750,1,114.88,106.7
ZA-00029415,1,SKU16286,ZAV00534,1,343.4,36.11
ZA-00029416,1,SKU76484,ZAV00073,1,196.24,89.49
ZA-00029416,2,SKU20252,ZAV00640,1,1000.17,84.03
ZA-00029417,1,SKU52369,ZAV00727,2,193.79,40.84
ZA-00029418,1,SKU29959,ZAV00533,1,597.41,142.6
ZA-00029418,2,SKU75564,ZAV00092,1,725.42,149.9
ZA-00029418,3,SKU18324,ZAV00115,1,558.27,66.51
ZA-00029419,1,SKU65578,ZAV00726,1,287.19,134.18
ZA-00029420,1,SKU17395,ZAV00401,1,1299.09,125.72
ZA-00029421,1,SKU14390,ZAV00175,1,254.27,44.32
ZA-00029422,1,SKU45689,ZAV00627,1,4048.85,126.43
ZA-00029423,1,SKU10998,ZAV00235,1,533.38,48.98
ZA-00029424,1,SKU93957,ZAV00588,1,157.82,144.77
ZA-00029425,1,SKU18050,ZAV00626,1,279.04,43.36
ZA-00029425,2,SKU50019,ZAV00039,1,245.02,52.49
ZA-00029426,1,SKU61137,ZAV00401,1,88.53,99.17
ZA-00029426,2,SKU59333,ZAV00485,1,403.22,152.67
ZA-00029427,1,SKU33509,ZAV00204,1,1064.69,74.81
ZA-00029427,2,SKU95507,ZAV00603,3,180.01,124.87
ZA-00029428,1,SKU53465,ZAV00105,1,402.01,149.42
ZA-00029429,1,SKU32316,ZAV00123,1,791.17,63.23
ZA-00029430,1,SKU28103,ZAV00562,1,986.21,148.21
ZA-00029431,1,SKU74888,ZAV00732,1,303.51,52.78
ZA-00029432,1,SKU41524,ZAV00258,1,767.41,129.13
ZA-00029433,1,SKU89238,ZAV00186,2,719.55,161.05
ZA-00029433,2,SKU67842,ZAV00204,1,83.84,77.72
ZA-00029434,1,SKU69068,ZAV00397,1,464.32,45.37
ZA-00029434,2,SKU86263,ZAV00489,1,422.49,170.21
ZA-00029435,1,SKU11782,ZAV00588,1,1597.43,149.79
ZA-00029436,1,SKU89998,ZAV00046,1,1443.41,132.25
ZA-00029436,2,SKU60664,ZAV00131,2,3394.47,150.29
ZA-00029437,1,SKU23544,ZAV00337,1,291.72,35.8
ZA-00029438,1,SKU97534,ZAV00462,3,1092.55,161.81
ZA-00029439,1,SKU36709,ZAV00270,1,428.06,165.86
ZA-00029440,1,SKU30993,ZAV00284,2,423.35,90.36
ZA-00029441,1,SKU46153,ZAV00746,1,615.77,175.36
ZA-00029441,2,SKU88589,ZAV00026,1,948.54,62.02
ZA-00029441,3,SKU85738,ZAV00370,1,496.17,96.14
ZA-00029442,1,SKU46393,ZAV00588,1,304.73,151.21
ZA-00029443,1,SKU45276,ZAV00565,1,66.43,149.78
ZA-00029444,1,SKU98951,ZAV00260,1,548.3,85.92
ZA-00029445,1,SKU28502,ZAV00183,2,151.0,173.56
ZA-00029446,1,SKU51506,ZAV00081,1,283.75,66.43
ZA-00029447,1,SKU92727,ZAV00644,1,4943.62,49.0
ZA-00029448,1,SKU88362,ZAV00275,1,595.33,96.67
ZA-00029449,1,SKU34986,ZAV00717,2,546.55,111.56
ZA-00029450,1,SKU41239,ZAV00630,1,442.49,64.02
ZA-00029450,2,SKU11756,ZAV00627,1,1750.25,163.32
ZA-00029451,1,SKU49878,ZAV00733,1,683.03,168.75
ZA-00029452,1,SKU99973,ZAV00664,3,190.62,139.13
ZA-00029453,1,SKU61562,ZAV00339,1,1324.65,90.33
ZA-00029454,1,SKU46953,ZAV00747,2,402.64,45.6
ZA-00029454,2,SKU58862,ZAV00101,1,2840.94,127.3
ZA-00029454,3,SKU49447,ZAV00580,2,286.06,136.66
ZA-00029455,1,SKU91727,ZAV00592,1,721.6,144.39
ZA-00029456,1,SKU74871,ZAV00440,2,98.87,63.32
ZA-00029456,2,SKU43121,ZAV00420,1,1749.32,113.76
ZA-00029456,3,SKU58669,ZAV00369,1,1351.54,66.96
ZA-00029457,1,SKU32455,ZAV00663,1,874.32,63.23
ZA-00029458,1,SKU92850,ZAV00616,1,379.17,89.17
ZA-00029459,1,SKU38185,ZAV00189,1,229.85,116.72
ZA-00029460,1,SKU71302,ZAV00046,1,698.82,115.09
ZA-00029460,2,SKU42086,ZAV00642,1,127.66,50.98
ZA-00029460,3,SKU27004,ZAV00488,1,622.96,162.19
ZA-00029461,1,SKU19986,ZAV00030,1,708.24,164.19
ZA-00029462,1,SKU98421,ZAV00202,1,303.54,96.87
ZA-00029463,1,SKU92395,ZAV00066,1,399.11,89.88
ZA-00029464,1,SKU88497,ZAV00367,1,442.64,49.12
ZA-00029464,2,SKU30421,ZAV00630,1,244.78,100.6
ZA-00029465,1,SKU36768,ZAV00353,1,212.25,54.55
ZA-00029466,1,SKU71317,ZAV00081,1,641.94,56.76
ZA-00029467,1,SKU95760,ZAV00647,1,514.51,69.34
ZA-00029468,1,SKU63178,ZAV00568,2,1372.63,73.23
ZA-00029469,1,SKU87977,ZAV00777,1,1137.37,55.53
ZA-00029470,1,SKU31327,ZAV00567,3,193.57,115.08
ZA-00029471,1,SKU73221,ZAV00115,1,481.88,126.7
ZA-00029472,1,SKU61385,ZAV00172,1,198.34,41.77
ZA-00029473,1,SKU25806,ZAV00715,1,492.06,179.78
ZA-00029474,1,SKU62057,ZAV00024,1,490.22,44.05
ZA-00029474,2,SKU88249,ZAV00154,1,872.73,44.41
ZA-00029475,1,SKU90079,ZAV00039,1,341.38,107.49
ZA-00029476,1,SKU34728,ZAV00687,1,920.83,65.67
ZA-00029477,1,SKU37604,ZAV00732,1,543.18,170.97
ZA-00029478,1,SKU96838,ZAV00789,1,552.61,147.03
ZA-00029479,1,SKU22165,ZAV00692,2,176.97,75.94
ZA-00029480,1,SKU56316,ZAV00558,1,1631.3,121.96
ZA-00029481,1,SKU45371,ZAV00453,1,628.17,92.02
ZA-00029482,1,SKU19249,ZAV00342,2,306.75,56.86
ZA-00029483,1,SKU66931,ZAV00536,1,658.11,101.32
ZA-00029484,1,SKU36522,ZAV00141,1,762.56,147.44
ZA-00029485,1,SKU74377,ZAV00157,1,42.77,79.92
ZA-00029486,1,SKU15162,ZAV00701,1,477.22,167.22
ZA-00029487,1,SKU52819,ZAV00265,2,1187.08,148.6
ZA-00029488,1,SKU86802,ZAV00598,1,1637.17,154.96
ZA-00029489,1,SKU28810,ZAV00546,1,557.64,76.75
ZA-00029489,2,SKU93333,ZAV00793,1,145.9,179.57
ZA-00029489,3,SKU21518,ZAV00277,1,1059.34,55.58
ZA-00029490,1,SKU37648,ZAV00133,1,282.43,72.76
ZA-00029491,1,SKU34633,ZAV00628,1,285.18,115.53
ZA-00029491,2,SKU38832,ZAV00471,1,385.12,59.1
ZA-00029492,1,SKU70175,ZAV00208,1,618.42,70.34
ZA-00029492,2,SKU23620,ZAV00799,1,1127.43,147.0
ZA-00029493,1,SKU94196,ZAV00391,1,320.63,103.37
ZA-00029494,1,SKU30406,ZAV00262,1,208.14,83.31
ZA-00029495,1,SKU62599,ZAV00772,1,199.98,162.61
ZA-00029496,1,SKU33847,ZAV00245,1,808.41,62.53
ZA-00029496,2,SKU20390,ZAV00005,1,1482.99,169.49
ZA-00029497,1,SKU99198,ZAV00297,1,985.2,132.98
ZA-00029497,2,SKU63038,ZAV00763,1,1172.7,102.12
ZA-00029498,1,SKU18629,ZAV00682,2,505.35,148.83
ZA-00029499,1,SKU56242,ZAV00252,2,372.57,166.88
ZA-00029500,1,SKU46980,ZAV00004,1,517.59,42.37
ZA-00029501,1,SKU69895,ZAV00449,1,1139.58,95.64
ZA-00029502,1,SKU71936,ZAV00224,1,198.47,48.76
ZA-00029503,1,SKU46101,ZAV00607,1,235.32,54.75
ZA-00029504,1,SKU55219,ZAV00033,1,1110.14,164.47
ZA-00029505,1,SKU40791,ZAV00705,1,348.39,119.98
ZA-00029506,1,SKU31223,ZAV00448,1,678.3,142.12
ZA-00029507,1,SKU24847,ZAV00676,1,241.7,82.66
ZA-00029508,1,SKU46863,ZAV00713,1,300.8,138.72
ZA-00029509,1,SKU30478,ZAV00076,1,413.24,136.99
ZA-00029510,1,SKU81106,ZAV00278,1,599.22,163.98
ZA-00029511,1,SKU19722,ZAV00705,2,396.54,122.15
ZA-00029512,1,SKU22729,ZAV00228,1,617.69,116.66
ZA-00029513,1,SKU65686,ZAV00577,3,570.11,80.29
ZA-00029514,1,SKU10013,ZAV00566,1,707.23,125.95
ZA-00029515,1,SKU48722,ZAV00750,1,546.28,136.05
ZA-00029516,1,SKU13408,ZAV00115,1,493.22,126.9
ZA-00029517,1,SKU84555,ZAV00733,1,674.46,115.26
ZA-00029518,1,SKU17508,ZAV00365,1,218.8,40.66
ZA-00029519,1,SKU70963,ZAV00163,1,831.25,56.31
ZA-00029520,1,SKU10111,ZAV00183,1,1112.82,129.44
ZA-00029521,1,SKU38075,ZAV00437,1,418.26,128.0
ZA-00029522,1,SKU95187,ZAV00135,1,557.01,66.83
ZA-00029523,1,SKU57949,ZAV00616,1,643.36,38.24
ZA-00029523,2,SKU72493,ZAV00126,1,166.54,143.43
ZA-00029524,1,SKU88219,ZAV00297,1,237.59,43.96
ZA-00029525,1,SKU35413,ZAV00478,1,416.85,59.6
ZA-00029526,1,SKU42700,ZAV00104,1,379.42,125.28
ZA-00029527,1,SKU68795,ZAV00334,2,773.25,151.25
ZA-00029528,1,SKU95399,ZAV00546,1,1058.93,173.57
ZA-00029528,2,SKU60033,ZAV00800,1,598.78,50.36
ZA-00029529,1,SKU24549,ZAV00393,1,214.0,35.18
ZA-00029529,2,SKU41871,ZAV00094,2,615.28,105.57
ZA-00029530,1,SKU10671,ZAV00173,1,1507.68,124.44
ZA-00029531,1,SKU32067,ZAV00560,1,1028.69,176.99
ZA-00029532,1,SKU27679,ZAV00008,1,207.29,65.22
ZA-00029533,1,SKU93595,ZAV00473,1,354.86,158.3
ZA-00029534,1,SKU38332,ZAV00505,1,374.49,177.14
ZA-00029535,1,SKU61705,ZAV00346,1,334.55,43.35
ZA-00029536,1,SKU18631,ZAV00151,1,278.91,138.04
ZA-00029536,2,SKU34701,ZAV00179,1,245.73,63.81
ZA-00029537,1,SKU15500,ZAV00748,3,1154.25,53.71
ZA-00029538,1,SKU41567,ZAV00522,1,604.0,81.32
ZA-00029539,1,SKU49001,ZAV00202,1,176.4,115.84
ZA-00029540,1,SKU23524,ZAV00524,1,822.28,92.5
ZA-00029541,1,SKU98036,ZAV00329,2,161.04,110.06
ZA-00029542,1,SKU82747,ZAV00513,1,676.34,157.44
ZA-00029543,1,SKU44065,ZAV00383,1,934.19,77.0
ZA-00029543,2,SKU52206,ZAV00398,1,879.32,126.73
ZA-00029544,1,SKU33428,ZAV00465,1,114.56,122.86
ZA-00029545,1,SKU86108,ZAV00593,1,315.4,139.0
ZA-00029545,2,SKU84761,ZAV00553,1,300.98,52.13
ZA-00029546,1,SKU35129,ZAV00040,2,393.35,130.38
ZA-00029546,2,SKU89577,ZAV00680,1,112.84,149.53
ZA-00029547,1,SKU81331,ZAV00151,1,125.73,165.64
ZA-00029548,1,SKU31866,ZAV00232,2,364.49,171.59
ZA-00029548,2,SKU11655,ZAV00193,2,134.01,145.71
ZA-00029549,1,SKU79446,ZAV00449,1,276.85,179.93
ZA-00029549,2,SKU52876,ZAV00639,1,71.96,73.06
ZA-00029550,1,SKU50226,ZAV00509,1,540.73,90.99
ZA-00029550,2,SKU92206,ZAV00240,1,97.58,96.75
ZA-00029550,3,SKU79481,ZAV00752,1,220.26,149.64
ZA-00029551,1,SKU47346,ZAV00706,1,165.9,80.97
ZA-00029552,1,SKU83004,ZAV00010,3,178.9,167.48
ZA-00029553,1,SKU89355,ZAV00276,1,138.4,99.17
ZA-00029553,2,SKU76046,ZAV00028,1,342.77,107.94
ZA-00029554,1,SKU81148,ZAV00722,1,838.35,163.44
ZA-00029555,1,SKU88730,ZAV00230,1,1658.5,167.87
ZA-00029556,1,SKU46588,ZAV00566,1,556.94,96.1
ZA-00029557,1,SKU48199,ZAV00146,1,236.41,175.64
ZA-00029558,1,SKU98827,ZAV00407,1,112.8,51.15
ZA-00029559,1,SKU23486,ZAV00477,1,860.2,111.58
ZA-00029560,1,SKU25863,ZAV00666,1,704.76,155.95
ZA-00029561,1,SKU33290,ZAV00339,2,234.99,78.0
ZA-00029562,1,SKU58976,ZAV00100,1,2042.95,104.19
ZA-00029563,1,SKU85702,ZAV00744,1,265.13,64.84
ZA-00029564,1,SKU20827,ZAV00446,1,973.63,40.02
ZA-00029564,2,SKU14572,ZAV00591,1,677.95,86.05
ZA-00029565,1,SKU21467,ZAV00637,1,193.54,134.83
ZA-00029565,2,SKU71746,ZAV00123,1,427.4,144.06
ZA-00029566,1,SKU80889,ZAV00387,1,1138.37,160.64
ZA-00029567,1,SKU81941,ZAV00772,1,769.14,51.91
ZA-00029568,1,SKU11918,ZAV00576,1,251.78,163.8
ZA-00029569,1,SKU59456,ZAV00593,1,293.71,123.14
ZA-00029570,1,SKU12245,ZAV00724,1,751.82,77.28
ZA-00029571,1,SKU43229,ZAV00324,1,847.15,89.05
ZA-00029572,1,SKU88221,ZAV00323,1,611.97,67.3
ZA-00029573,1,SKU97045,ZAV00667,1,614.93,67.7
ZA-00029574,1,SKU34524,ZAV00632,1,1170.76,57.25
ZA-00029575,1,SKU19521,ZAV00382,1,630.87,40.14
ZA-00029576,1,SKU68986,ZAV00272,1,903.66,61.18
ZA-00029577,1,SKU38660,ZAV00445,2,397.77,100.1
ZA-00029578,1,SKU43308,ZAV00767,1,560.38,176.29
ZA-00029578,2,SKU55030,ZAV00598,2,937.59,69.15
ZA-00029579,1,SKU54511,ZAV00272,1,493.98,143.71
ZA-00029580,1,SKU16373,ZAV00498,1,215.18,51.94
ZA-00029581,1,SKU82225,ZAV00101,1,660.4,117.01
ZA-00029582,1,SKU31450,ZAV00664,1,221.68,63.27
ZA-00029582,2,SKU40986,ZAV00465,1,191.76,90.31
ZA-00029583,1,SKU90748,ZAV00215,1,723.38,83.03
ZA-00029584,1,SKU14149,ZAV00695,1,749.64,82.13
ZA-00029585,1,SKU17869,ZAV00711,1,358.18,37.63
ZA-00029586,1,SKU12574,ZAV00101,1,519.39,161.69
ZA-00029587,1,SKU19743,ZAV00524,1,470.83,84.32
ZA-00029588,1,SKU95694,ZAV00620,1,384.4,68.25
ZA-00029589,1,SKU14699,ZAV00673,1,2550.02,131.34
ZA-00029589,2,SKU13102,ZAV00282,1,553.91,102.94
ZA-00029590,1,SKU49441,ZAV00342,1,1176.76,173.2
ZA-00029591,1,SKU68119,ZAV00379,1,1248.07,168.39
ZA-00029592,1,SKU95875,ZAV00677,1,465.72,41.66
ZA-00029592,2,SKU12409,ZAV00383,1,652.14,112.57
ZA-00029592,3,SKU88121,ZAV00522,1,651.16,175.84
ZA-00029593,1,SKU71792,ZAV00471,1,633.65,148.09
ZA-00029594,1,SKU31912,ZAV00608,2,537.59,137.67
ZA-00029595,1,SKU58914,ZAV00677,1,112.02,71.85
ZA-00029595,2,SKU32631,ZAV00191,1,271.81,67.36
ZA-00029596,1,SKU39389,ZAV00603,1,254.85,100.05
ZA-00029597,1,SKU59180,ZAV00618,1,249.17,89.94
ZA-00029597,2,SKU58712,ZAV00172,1,554.63,161.94
ZA-00029598,1,SKU60533,ZAV00038,2,222.61,100.23
ZA-00029599,1,SKU42023,ZAV00763,1,755.15,68.54
ZA-00029600,1,SKU56942,ZAV00420,1,728.35,103.94
ZA-00029601,1,SKU33885,ZAV00572,2,523.8,163.24
ZA-00029602,1,SKU37207,ZAV00118,2,416.48,141.31
ZA-00029603,1,SKU72795,ZAV00142,1,308.84,62.49
ZA-00029603,2,SKU17919,ZAV00382,1,323.63,87.4
ZA-00029604,1,SKU20009,ZAV00416,1,452.53,50.7
ZA-00029605,1,SKU32991,ZAV00775,1,134.2,121.35
ZA-00029605,2,SKU26917,ZAV00714,1,199.96,95.87
ZA-00029606,1,SKU75900,ZAV00081,1,548.0,89.49
ZA-00029607,1,SKU76888,ZAV00374,1,555.97,151.15
ZA-00029607,2,SKU68923,ZAV00171,1,1403.33,157.72
ZA-00029608,1,SKU99919,ZAV00449,1,316.61,129.89
ZA-00029609,1,SKU46431,ZAV00436,1,260.92,48.05
ZA-00029610,1,SKU37436,ZAV00399,1,847.68,144.42
ZA-00029611,1,SKU72146,ZAV00162,1,773.55,98.19
ZA-00029612,1,SKU55576,ZAV00380,1,74.02,50.78
ZA-00029613,1,SKU75557,ZAV00126,1,263.34,49.77
ZA-00029614,1,SKU38446,ZAV00746,1,202.48,109.03
ZA-00029615,1,SKU44113,ZAV00256,3,1729.77,40.98
ZA-00029616,1,SKU29392,ZAV00618,1,492.22,49.67
ZA-00029617,1,SKU51569,ZAV00758,1,551.18,59.28
ZA-00029618,1,SKU13838,ZAV00479,1,244.5,126.95
ZA-00029619,1,SKU97820,ZAV00360,2,160.28,140.09
ZA-00029620,1,SKU91294,ZAV00071,1,656.5,124.26
ZA-00029621,1,SKU15294,ZAV00457,1,590.02,165.13
ZA-00029622,1,SKU31916,ZAV00465,1,1034.38,60.18
ZA-00029623,1,SKU28698,ZAV00774,1,115.78,144.05
ZA-00029624,1,SKU23129,ZAV00126,2,620.32,177.14
ZA-00029625,1,SKU40987,ZAV00033,1,412.34,60.76
ZA-00029626,1,SKU36280,ZAV00028,1,762.83,73.54
ZA-00029627,1,SKU42893,ZAV00773,1,267.21,162.14
ZA-00029628,1,SKU90157,ZAV00184,1,367.19,112.29
ZA-00029629,1,SKU31271,ZAV00746,1,182.91,113.09
ZA-00029629,2,SKU68384,ZAV00086,1,722.93,158.0
ZA-00029629,3,SKU93559,ZAV00536,1,971.36,124.89
ZA-00029630,1,SKU83824,ZAV00561,2,672.78,90.86
ZA-00029631,1,SKU32048,ZAV00313,1,1341.11,80.84
ZA-00029632,1,SKU88957,ZAV00711,1,1943.72,142.63
ZA-00029633,1,SKU97438,ZAV00170,2,204.9,173.86
ZA-00029633,2,SKU37365,ZAV00510,1,557.05,65.56
ZA-00029634,1,SKU37154,ZAV00273,1,195.46,90.35
ZA-00029634,2,SKU15727,ZAV00412,1,263.97,91.3
ZA-00029635,1,SKU82690,ZAV00572,1,144.67,102.36
ZA-00029636,1,SKU11981,ZAV00720,1,1097.75,157.57
ZA-00029636,2,SKU65813,ZAV00366,1,386.85,65.63
ZA-00029637,1,SKU41420,ZAV00231,1,362.14,168.86
ZA-00029637,2,SKU37792,ZAV00087,2,66.4,156.42
ZA-00029638,1,SKU75098,ZAV00615,1,412.62,83.48
ZA-00029638,2,SKU96709,ZAV00591,1,1124.44,91.09
ZA-00029639,1,SKU33808,ZAV00147,1,66.59,91.33
ZA-00029639,2,SKU94657,ZAV00777,1,229.38,117.67
ZA-00029640,1,SKU71962,ZAV00634,2,69.5,134.02
ZA-00029641,1,SKU81721,ZAV00642,1,1701.35,172.58
ZA-00029641,2,SKU78396,ZAV00681,1,223.8,178.59
ZA-00029642,1,SKU33928,ZAV00031,2,595.48,89.22
ZA-00029642,2,SKU87226,ZAV00142,1,98.03,96.1
ZA-00029643,1,SKU25790,ZAV00323,1,3094.26,145.84
ZA-00029644,1,SKU34734,ZAV00029,1,134.71,82.19
ZA-00029644,2,SKU59321,ZAV00755,1,1040.19,63.89
ZA-00029645,1,SKU48371,ZAV00711,1,780.53,82.27
ZA-00029646,1,SKU52261,ZAV00198,1,280.53,49.98
ZA-00029646,2,SKU91403,ZAV00335,1,1204.78,108.24
ZA-00029647,1,SKU23842,ZAV00505,1,259.91,148.82
ZA-00029648,1,SKU61920,ZAV00133,1,238.06,116.62
ZA-00029649,1,SKU75194,ZAV00357,1,311.32,168.89
ZA-00029650,1,SKU96420,ZAV00778,1,469.39,149.21
ZA-00029651,1,SKU36544,ZAV00702,3,42.53,81.6
ZA-00029652,1,SKU94204,ZAV00165,1,207.15,99.56
ZA-00029653,1,SKU55500,ZAV00206,2,601.7,69.84
ZA-00029654,1,SKU51015,ZAV00727,1,960.71,149.68
ZA-00029655,1,SKU29397,ZAV00304,1,249.18,143.48
ZA-00029656,1,SKU27065,ZAV00040,1,233.33,48.53
ZA-00029657,1,SKU51035,ZAV00112,2,1313.41,168.46
ZA-00029658,1,SKU58772,ZAV00003,1,107.96,80.0
ZA-00029658,2,SKU21076,ZAV00257,1,547.67,46.69
ZA-00029659,1,SKU46822,ZAV00672,1,808.39,155.84
ZA-00029660,1,SKU33384,ZAV00521,1,521.38,43.67
ZA-00029661,1,SKU51771,ZAV00190,1,2504.36,163.43
ZA-00029662,1,SKU40266,ZAV00396,1,327.92,165.42
ZA-00029663,1,SKU66138,ZAV00225,1,1040.64,135.22
ZA-00029663,2,SKU44995,ZAV00775,2,252.87,47.09
ZA-00029664,1,SKU30476,ZAV00629,1,156.05,82.8
ZA-00029664,2,SKU71120,ZAV00298,2,948.4,137.83
ZA-00029664,3,SKU70886,ZAV00614,1,3793.7,145.1
ZA-00029665,1,SKU25325,ZAV00110,2,2217.77,166.45
ZA-00029665,2,SKU82206,ZAV00271,1,563.25,105.68
ZA-00029666,1,SKU98872,ZAV00692,1,933.63,95.9
ZA-00029667,1,SKU71037,ZAV00362,1,174.56,144.13
ZA-00029668,1,SKU78580,ZAV00215,1,173.91,47.73
ZA-00029668,2,SKU39593,ZAV00408,1,289.3,156.05
ZA-00029669,1,SKU42316,ZAV00583,1,952.02,143.32
ZA-00029669,2,SKU16025,ZAV00237,1,318.96,71.12
ZA-00029670,1,SKU41992,ZAV00276,1,601.89,164.19
ZA-00029671,1,SKU17863,ZAV00142,1,554.82,129.77
ZA-00029672,1,SKU54830,ZAV00337,1,1072.95,140.5
ZA-00029673,1,SKU15002,ZAV00469,1,603.68,79.6
ZA-00029674,1,SKU70998,ZAV00340,1,322.8,120.88
ZA-00029675,1,SKU87041,ZAV00728,1,357.75,68.71
ZA-00029676,1,SKU19646,ZAV00747,1,340.21,50.47
ZA-00029677,1,SKU70943,ZAV00497,1,1038.18,164.35
ZA-00029678,1,SKU92951,ZAV00645,1,328.03,130.97
ZA-00029678,2,SKU60214,ZAV00799,1,2156.4,141.87
ZA-00029679,1,SKU33006,ZAV00201,1,968.09,165.36
ZA-00029680,1,SKU90337,ZAV00789,1,654.66,129.15
ZA-00029681,1,SKU46677,ZAV00104,1,712.7,58.45
ZA-00029682,1,SKU66346,ZAV00721,1,279.66,105.62
ZA-00029683,1,SKU42366,ZAV00641,1,862.71,114.65
ZA-00029683,2,SKU63124,ZAV00436,1,508.55,127.52
ZA-00029684,1,SKU60922,ZAV00484,2,485.77,173.87
ZA-00029684,2,SKU81732,ZAV00390,1,370.03,62.72
ZA-00029685,1,SKU75389,ZAV00568,1,243.57,72.77
ZA-00029686,1,SKU81845,ZAV00122,1,1678.14,45.79
ZA-00029687,1,SKU79104,ZAV00571,1,614.0,114.68
ZA-00029688,1,SKU59919,ZAV00769,1,776.12,113.34
ZA-00029689,1,SKU94521,ZAV00744,3,1631.99,114.96
ZA-00029690,1,SKU94171,ZAV00402,1,288.85,151.2
ZA-00029691,1,SKU93817,ZAV00105,1,113.47,179.92
ZA-00029692,1,SKU50233,ZAV00041,2,281.62,69.91
ZA-00029693,1,SKU86184,ZAV00440,1,2158.27,54.31
ZA-00029693,2,SKU90294,ZAV00442,1,921.0,53.6
ZA-00029694,1,SKU90792,ZAV00169,1,444.52,42.53
ZA-00029694,2,SKU60546,ZAV00317,3,315.66,148.07
ZA-00029695,1,SKU19360,ZAV00496,1,682.06,170.98
ZA-00029696,1,SKU11852,ZAV00220,1,296.56,171.91
ZA-00029697,1,SKU81484,ZAV00594,1,186.3,159.43
ZA-00029698,1,SKU66314,ZAV00735,1,2027.19,129.33
ZA-00029699,1,SKU99142,ZAV00502,1,281.36,93.8
ZA-00029700,1,SKU17221,ZAV00483,1,528.56,115.75
ZA-00029701,1,SKU31953,ZAV00699,1,322.88,156.44
ZA-00029701,2,SKU29515,ZAV00559,1,157.83,130.99
ZA-00029702,1,SKU44614,ZAV00159,1,276.54,100.59
ZA-00029703,1,SKU54997,ZAV00511,1,566.05,123.29
ZA-00029704,1,SKU90029,ZAV00435,1,636.38,55.46
ZA-00029705,1,SKU88311,ZAV00680,1,674.14,104.81
ZA-00029706,1,SKU62248,ZAV00038,1,408.68,172.0
ZA-00029707,1,SKU74764,ZAV00494,1,1096.1,84.42
ZA-00029708,1,SKU53162,ZAV00313,2,1909.46,137.81
ZA-00029709,1,SKU27848,ZAV00306,1,427.33,35.98
ZA-00029710,1,SKU87156,ZAV00630,2,1476.53,51.67
ZA-00029711,1,SKU64276,ZAV00332,1,299.69,37.23
ZA-00029712,1,SKU76372,ZAV00654,2,124.07,130.14
ZA-00029713,1,SKU98262,ZAV00121,1,1025.57,117.18
ZA-00029714,1,SKU16204,ZAV00556,1,1301.97,150.48
ZA-00029715,1,SKU19704,ZAV00139,1,1639.07,107.51
ZA-00029716,1,SKU68462,ZAV00669,1,141.74,163.76
ZA-00029717,1,SKU83811,ZAV00029,1,581.7,138.15
ZA-00029718,1,SKU14950,ZAV00297,1,962.06,38.14
ZA-00029719,1,SKU88873,ZAV00310,1,298.33,93.08
ZA-00029720,1,SKU82085,ZAV00075,1,635.05,62.94
ZA-00029721,1,SKU21958,ZAV00407,1,418.27,74.77
ZA-00029722,1,SKU44275,ZAV00386,1,602.05,50.55
ZA-00029722,2,SKU34244,ZAV00194,1,96.37,58.79
ZA-00029723,1,SKU36582,ZAV00676,1,766.4,166.67
ZA-00029724,1,SKU36285,ZAV00449,1,444.64,82.22
ZA-00029725,1,SKU11105,ZAV00240,1,365.66,47.92
ZA-00029726,1,SKU56118,ZAV00211,1,585.48,152.73
ZA-00029727,1,SKU26807,ZAV00266,1,138.47,46.67
ZA-00029728,1,SKU55033,ZAV00719,1,87.18,116.42
ZA-00029728,2,SKU76895,ZAV00054,1,511.16,120.16
ZA-00029729,1,SKU57766,ZAV00325,1,774.74,144.25
ZA-00029730,1,SKU82506,ZAV00436,1,117.97,108.63
ZA-00029731,1,SKU14879,ZAV00739,1,228.86,141.42
ZA-00029732,1,SKU63015,ZAV00413,1,447.48,69.6
ZA-00029732,2,SKU85001,ZAV00340,2,638.35,42.01
ZA-00029732,3,SKU54849,ZAV00396,1,483.41,72.92
ZA-00029733,1,SKU93834,ZAV00462,1,77.15,64.84
ZA-00029734,1,SKU72883,ZAV00758,1,225.81,112.02
ZA-00029735,1,SKU18066,ZAV00188,3,798.21,173.92
ZA-00029736,1,SKU62147,ZAV00320,1,1007.57,96.03
ZA-00029737,1,SKU70582,ZAV00602,1,1373.77,159.38
ZA-00029738,1,SKU64443,ZAV00200,1,652.13,92.25
ZA-00029739,1,SKU92184,ZAV00499,1,71.67,96.52
ZA-00029740,1,SKU56001,ZAV00583,1,1170.74,162.97
ZA-00029741,1,SKU43221,ZAV00138,1,87.29,154.71
ZA-00029742,1,SKU24047,ZAV00646,1,2390.1,54.56
ZA-00029743,1,SKU41198,ZAV00310,1,269.58,69.67
ZA-00029744,1,SKU75340,ZAV00501,1,170.25,55.01
ZA-00029745,1,SKU65816,ZAV00338,1,223.34,35.68
ZA-00029746,1,SKU97447,ZAV00631,1,324.17,152.6
ZA-00029746,2,SKU37740,ZAV00744,1,979.99,144.51
ZA-00029747,1,SKU84563,ZAV00505,1,208.13,44.21
ZA-00029748,1,SKU96142,ZAV00010,1,714.37,175.51
ZA-00029749,1,SKU38613,ZAV00566,1,3764.48,137.01
ZA-00029750,1,SKU35957,ZAV00223,1,956.72,101.34
ZA-00029751,1,SKU14310,ZAV00050,1,113.46,176.54
ZA-00029752,1,SKU72543,ZAV00236,1,417.38,115.72
ZA-00029752,2,SKU35774,ZAV00738,1,555.9,36.91
ZA-00029753,1,SKU40310,ZAV00369,1,133.95,106.46
ZA-00029753,2,SKU57316,ZAV00732,2,310.53,104.79
ZA-00029754,1,SKU23865,ZAV00052,1,289.32,52.79
ZA-00029755,1,SKU62776,ZAV00619,1,178.85,70.98
ZA-00029756,1,SKU88693,ZAV00145,1,391.33,149.45
ZA-00029756,2,SKU81391,ZAV00140,1,1500.69,48.67
ZA-00029756,3,SKU73813,ZAV00423,1,393.56,78.47
ZA-00029757,1,SKU37636,ZAV00009,1,615.72,124.42
ZA-00029758,1,SKU10008,ZAV00038,1,292.82,98.85
ZA-00029758,2,SKU57796,ZAV00324,1,318.14,172.67
ZA-00029759,1,SKU24820,ZAV00106,1,205.34,144.34
ZA-00029759,2,SKU45283,ZAV00078,2,1124.04,92.97
ZA-00029760,1,SKU56090,ZAV00527,2,229.83,134.63
ZA-00029761,1,SKU23582,ZAV00267,1,343.16,136.67
ZA-00029762,1,SKU88187,ZAV00462,2,1953.67,98.69
ZA-00029763,1,SKU50884,ZAV00287,1,861.04,167.41
ZA-00029764,1,SKU76341,ZAV00265,1,697.7,160.11
ZA-00029765,1,SKU58573,ZAV00482,1,440.25,71.3
ZA-00029765,2,SKU12363,ZAV00237,1,377.3,122.07
ZA-00029765,3,SKU45091,ZAV00581,1,995.69,42.63
ZA-00029766,1,SKU84083,ZAV00083,1,311.37,78.73
ZA-00029767,1,SKU41407,ZAV00660,1,106.87,102.34
ZA-00029768,1,SKU65862,ZAV00311,1,583.62,124.03
ZA-00029768,2,SKU38980,ZAV00655,1,254.95,74.0
ZA-00029769,1,SKU69682,ZAV00609,1,1299.6,124.36
ZA-00029769,2,SKU40968,ZAV00317,1,489.33,168.35
ZA-00029770,1,SKU90411,ZAV00554,1,572.2,50.44
ZA-00029771,1,SKU77400,ZAV00469,1,685.34,113.11
ZA-00029772,1,SKU66954,ZAV00760,1,111.49,124.03
ZA-00029773,1,SKU52923,ZAV00183,1,361.74,129.98
ZA-00029774,1,SKU54210,ZAV00385,1,727.85,176.24
ZA-00029775,1,SKU66593,ZAV00258,2,606.01,140.33
ZA-00029776,1,SKU93837,ZAV00350,1,368.76,123.3
ZA-00029777,1,SKU78403,ZAV00162,1,254.36,176.46
ZA-00029778,1,SKU18952,ZAV00113,1,976.12,128.71
ZA-00029779,1,SKU77402,ZAV00209,1,398.24,167.34
ZA-00029780,1,SKU30991,ZAV00587,3,482.54,56.53
ZA-00029781,1,SKU63047,ZAV00433,1,302.15,174.59
ZA-00029782,1,SKU98784,ZAV00471,1,1413.24,124.78
ZA-00029783,1,SKU49905,ZAV00396,1,300.26,156.96
ZA-00029783,2,SKU74895,ZAV00041,1,262.0,124.55
ZA-00029783,3,SKU72218,ZAV00654,1,500.08,35.49
ZA-00029784,1,SKU99440,ZAV00490,1,1011.94,42.9
ZA-00029785,1,SKU89591,ZAV00098,1,73.48,52.38
ZA-00029786,1,SKU71165,ZAV00336,2,706.47,42.56
ZA-00029787,1,SKU67730,ZAV00530,1,372.52,144.96
ZA-00029788,1,SKU58112,ZAV00079,1,1018.32,45.95
ZA-00029789,1,SKU52117,ZAV00719,1,665.22,103.78
ZA-00029790,1,SKU16388,ZAV00067,1,239.24,174.37
ZA-00029791,1,SKU32413,ZAV00455,1,160.4,44.58
ZA-00029792,1,SKU43437,ZAV00612,1,1332.02,52.32
ZA-00029793,1,SKU88136,ZAV00194,2,953.4,140.17
ZA-00029794,1,SKU79498,ZAV00262,1,516.24,40.13
ZA-00029795,1,SKU41631,ZAV00699,1,490.09,164.31
ZA-00029796,1,SKU58199,ZAV00677,1,462.37,178.08
ZA-00029796,2,SKU81943,ZAV00522,2,372.14,123.89
ZA-00029796,3,SKU47869,ZAV00084,1,808.66,80.46
ZA-00029797,1,SKU21499,ZAV00390,1,122.93,142.72
ZA-00029798,1,SKU74630,ZAV00092,1,1731.79,64.76
ZA-00029799,1,SKU56345,ZAV00145,1,391.24,140.17
ZA-00029799,2,SKU30478,ZAV00342,1,237.36,101.2
ZA-00029800,1,SKU92718,ZAV00029,1,430.11,165.63
ZA-00029801,1,SKU68195,ZAV00368,1,370.23,97.98
ZA-00029802,1,SKU26872,ZAV00464,1,686.83,39.88
ZA-00029803,1,SKU62236,ZAV00714,1,171.56,60.68
ZA-00029804,1,SKU92424,ZAV00322,1,604.71,69.29
ZA-00029805,1,SKU56588,ZAV00797,1,356.68,133.58
ZA-00029806,1,SKU32998,ZAV00059,3,430.99,84.63
ZA-00029807,1,SKU92992,ZAV00066,1,885.64,123.32
ZA-00029808,1,SKU60065,ZAV00630,1,969.25,76.64
ZA-00029809,1,SKU75914,ZAV00730,1,879.17,86.34
ZA-00029810,1,SKU57740,ZAV00344,2,121.15,124.44
ZA-00029811,1,SKU73544,ZAV00096,1,434.38,139.94
ZA-00029812,1,SKU64402,ZAV00797,1,296.36,147.77
ZA-00029813,1,SKU74569,ZAV00593,1,629.85,45.17
ZA-00029814,1,SKU93470,ZAV00424,1,462.69,101.55
ZA-00029815,1,SKU74788,ZAV00174,1,198.38,142.26
ZA-00029816,1,SKU96085,ZAV00795,3,1177.34,96.08
ZA-00029817,1,SKU60880,ZAV00024,1,90.97,71.39
ZA-00029818,1,SKU71303,ZAV00778,2,377.04,44.81
ZA-00029819,1,SKU77328,ZAV00680,1,306.15,105.0
ZA-00029820,1,SKU27768,ZAV00316,1,157.35,177.01
ZA-00029821,1,SKU53961,ZAV00306,1,408.83,159.75
ZA-00029822,1,SKU89935,ZAV00690,1,1619.94,102.55
ZA-00029823,1,SKU23652,ZAV00309,1,1636.97,138.93
ZA-00029824,1,SKU54502,ZAV00694,1,265.72,65.61
ZA-00029825,1,SKU11270,ZAV00416,1,1003.79,49.14
ZA-00029826,1,SKU32385,ZAV00594,1,227.61,166.17
ZA-00029827,1,SKU33589,ZAV00727,1,320.46,38.3
ZA-00029828,1,SKU92920,ZAV00001,1,174.59,74.61
ZA-00029828,2,SKU88841,ZAV00125,1,360.9,140.05
ZA-00029829,1,SKU30101,ZAV00054,1,216.85,45.68
ZA-00029830,1,SKU63487,ZAV00748,1,5886.69,51.03
ZA-00029831,1,SKU21399,ZAV00619,1,1363.49,164.73
ZA-00029832,1,SKU72335,ZAV00633,1,390.2,153.14
ZA-00029833,1,SKU62069,ZAV00529,1,742.8,128.52
ZA-00029834,1,SKU18045,ZAV00565,1,134.61,60.34
ZA-00029835,1,SKU93415,ZAV00195,2,343.19,41.9
ZA-00029836,1,SKU22191,ZAV00572,1,814.05,53.02
ZA-00029837,1,SKU33121,ZAV00380,1,3433.67,50.06
ZA-00029837,2,SKU29253,ZAV00593,3,298.85,91.87
ZA-00029837,3,SKU11024,ZAV00017,3,1850.96,50.51
ZA-00029838,1,SKU21900,ZAV00305,2,1674.74,52.33
ZA-00029838,2,SKU10398,ZAV00525,1,1862.22,126.73
ZA-00029839,1,SKU29627,ZAV00761,1,488.91,133.57
ZA-00029840,1,SKU22646,ZAV00104,1,206.99,57.41
ZA-00029841,1,SKU98388,ZAV00332,1,1501.01,137.76
ZA-00029842,1,SKU51015,ZAV00505,1,120.96,100.54
ZA-00029843,1,SKU26625,ZAV00433,1,951.59,48.14
ZA-00029844,1,SKU66199,ZAV00396,1,209.08,149.62
ZA-00029844,2,SKU46641,ZAV00252,1,575.15,44.09
ZA-00029845,1,SKU27105,ZAV00326,1,483.99,146.59
ZA-00029846,1,SKU32586,ZAV00680,1,366.68,158.92
ZA-00029846,2,SKU47462,ZAV00763,1,294.47,36.92
ZA-00029847,1,SKU26471,ZAV00050,1,211.06,118.05
ZA-00029848,1,SKU20063,ZAV00372,2,369.37,141.22
ZA-00029849,1,SKU82572,ZAV00031,1,827.16,175.08
ZA-00029850,1,SKU74239,ZAV00618,1,160.77,80.11
ZA-00029850,2,SKU42614,ZAV00101,1,176.32,63.12
ZA-00029851,1,SKU57898,ZAV00739,1,217.19,153.98
ZA-00029852,1,SKU10967,ZAV00520,1,306.76,150.72
ZA-00029853,1,SKU17029,ZAV00793,3,342.47,36.36
ZA-00029853,2,SKU39990,ZAV00290,1,227.37,85.15
ZA-00029854,1,SKU75105,ZAV00118,1,652.46,119.91
ZA-00029855,1,SKU10592,ZAV00259,1,1291.65,63.04
ZA-00029855,2,SKU31062,ZAV00431,1,328.64,173.38
ZA-00029855,3,SKU31659,ZAV00302,1,439.02,39.75
ZA-00029856,1,SKU66160,ZAV00028,1,476.72,107.74
ZA-00029856,2,SKU98057,ZAV00481,1,2569.72,87.45
ZA-00029857,1,SKU48497,ZAV00554,1,387.08,161.54
ZA-00029858,1,SKU94138,ZAV00610,2,248.03,89.05
ZA-00029859,1,SKU29605,ZAV00504,1,140.25,96.61
ZA-00029860,1,SKU59678,ZAV00129,1,852.47,87.75
ZA-00029861,1,SKU31649,ZAV00096,1,729.88,77.5
ZA-00029862,1,SKU96063,ZAV00713,1,453.93,85.77
ZA-00029863,1,SKU67430,ZAV00335,1,1619.5,111.42
ZA-00029864,1,SKU56852,ZAV00084,1,236.38,57.37
ZA-00029864,2,SKU24374,ZAV00734,1,465.9,62.5
ZA-00029865,1,SKU59775,ZAV00467,1,359.13,81.87
ZA-00029866,1,SKU92783,ZAV00399,1,468.33,173.58
ZA-00029867,1,SKU41285,ZAV00015,1,285.06,141.34
ZA-00029868,1,SKU50662,ZAV00268,1,239.11,48.61
ZA-00029869,1,SKU26028,ZAV00139,1,1070.75,158.91
ZA-00029870,1,SKU83439,ZAV00613,1,171.97,116.38
ZA-00029870,2,SKU24624,ZAV00784,3,440.86,52.82
ZA-00029871,1,SKU12931,ZAV00165,1,1237.01,144.57
ZA-00029872,1,SKU58295,ZAV00130,1,290.77,69.67
ZA-00029872,2,SKU23569,ZAV00569,1,334.33,177.53
ZA-00029873,1,SKU77400,ZAV00118,1,876.96,85.95
ZA-00029874,1,SKU23840,ZAV00639,1,960.52,112.21
ZA-00029875,1,SKU46958,ZAV00615,1,454.33,146.64
ZA-00029876,1,SKU36133,ZAV00071,1,452.62,149.69
ZA-00029877,1,SKU24625,ZAV00417,1,441.24,106.09
ZA-00029878,1,SKU33573,ZAV00238,1,571.19,45.74
ZA-00029879,1,SKU51395,ZAV00322,1,1357.31,62.65
ZA-00029880,1,SKU18204,ZAV00071,1,511.4,139.29
ZA-00029881,1,SKU65815,ZAV00431,2,1739.13,167.08
ZA-00029882,1,SKU38921,ZAV00784,1,133.51,106.29
ZA-00029883,1,SKU89103,ZAV00420,1,243.59,171.24
ZA-00029884,1,SKU16924,ZAV00794,1,723.3,137.66
ZA-00029884,2,SKU22096,ZAV00322,1,511.07,141.23
ZA-00029885,1,SKU18980,ZAV00695,2,436.28,98.67
ZA-00029886,1,SKU89807,ZAV00631,1,352.14,87.95
ZA-00029887,1,SKU49037,ZAV00571,1,355.97,109.2
ZA-00029888,1,SKU51637,ZAV00305,1,207.99,59.02
ZA-00029888,2,SKU43842,ZAV00024,1,294.63,127.07
ZA-00029889,1,SKU32570,ZAV00617,1,921.7,70.21
ZA-00029889,2,SKU52389,ZAV00450,1,177.24,142.02
ZA-00029890,1,SKU52219,ZAV00565,1,998.92,133.16
ZA-00029891,1,SKU28999,ZAV00504,1,463.71,177.26
ZA-00029892,1,SKU71615,ZAV00659,1,191.03,150.36
ZA-00029892,2,SKU75919,ZAV00656,1,755.95,86.58
ZA-00029893,1,SKU40413,ZAV00777,1,651.46,68.93
ZA-00029894,1,SKU96941,ZAV00356,1,383.67,148.62
ZA-00029895,1,SKU24249,ZAV00043,1,310.18,79.32
ZA-00029896,1,SKU86162,ZAV00394,1,606.01,121.62
ZA-00029897,1,SKU58145,ZAV00262,1,413.53,87.25
ZA-00029898,1,SKU94538,ZAV00693,1,297.6,168.84
ZA-00029899,1,SKU24469,ZAV00123,1,392.99,148.67
ZA-00029900,1,SKU49347,ZAV00341,1,546.01,99.32
ZA-00029900,2,SKU60700,ZAV00128,1,507.01,175.92
ZA-00029901,1,SKU84351,ZAV00330,2,541.21,50.79
ZA-00029902,1,SKU99636,ZAV00599,1,1728.21,59.02
ZA-00029902,2,SKU94844,ZAV00459,1,1496.88,136.74
ZA-00029903,1,SKU99798,ZAV00662,1,856.8,131.19
ZA-00029904,1,SKU20597,ZAV00055,1,220.41,91.56
ZA-00029905,1,SKU27877,ZAV00213,2,280.8,157.18
ZA-00029906,1,SKU21484,ZAV00077,2,567.55,72.5
ZA-00029907,1,SKU84997,ZAV00264,1,1170.53,91.56
ZA-00029908,1,SKU76916,ZAV00077,1,704.02,116.2
ZA-00029909,1,SKU20705,ZAV00311,1,45.69,156.73
ZA-00029910,1,SKU68480,ZAV00553,1,514.57,58.67
ZA-00029911,1,SKU34798,ZAV00021,1,412.05,99.62
ZA-00029912,1,SKU39994,ZAV00582,1,1418.6,145.68
ZA-00029913,1,SKU65787,ZAV00264,1,575.14,132.25
ZA-00029913,2,SKU78411,ZAV00764,2,599.46,72.11
ZA-00029914,1,SKU83548,ZAV00494,1,155.69,121.37
ZA-00029914,2,SKU84705,ZAV00540,1,199.67,74.55
ZA-00029915,1,SKU31467,ZAV00396,1,385.23,114.46
ZA-00029916,1,SKU86341,ZAV00480,1,189.13,132.14
ZA-00029917,1,SKU69147,ZAV00302,1,191.78,158.93
ZA-00029917,2,SKU78547,ZAV00676,1,1026.47,96.26
ZA-00029917,3,SKU50457,ZAV00714,1,96.57,157.96
ZA-00029918,1,SKU73140,ZAV00170,1,971.24,156.96
ZA-00029919,1,SKU32361,ZAV00030,1,500.0,81.21
ZA-00029920,1,SKU44781,ZAV00332,1,2789.57,132.3
ZA-00029921,1,SKU47866,ZAV00663,1,322.19,90.18
ZA-00029922,1,SKU48074,ZAV00774,2,78.48,178.23
ZA-00029923,1,SKU34439,ZAV00392,1,760.66,119.94
ZA-00029923,2,SKU53430,ZAV00487,1,203.82,114.96
ZA-00029924,1,SKU88525,ZAV00358,1,416.14,63.65
ZA-00029925,1,SKU27093,ZAV00575,1,1646.46,80.1
ZA-00029926,1,SKU30422,ZAV00759,1,155.1,126.44
ZA-00029927,1,SKU10878,ZAV00227,2,377.96,159.44
ZA-00029928,1,SKU51237,ZAV00668,1,584.37,121.96
ZA-00029929,1,SKU54466,ZAV00584,1,711.97,68.18
ZA-00029930,1,SKU91178,ZAV00055,1,242.26,101.53
ZA-00029931,1,SKU12906,ZAV00357,1,671.94,99.46
ZA-00029932,1,SKU21661,ZAV00403,1,393.38,89.29
ZA-00029933,1,SKU37012,ZAV00519,1,514.93,133.97
ZA-00029933,2,SKU55641,ZAV00785,2,1085.84,95.08
ZA-00029934,1,SKU16502,ZAV00683,1,531.84,98.85
ZA-00029935,1,SKU70040,ZAV00018,1,647.33,45.6
ZA-00029936,1,SKU19775,ZAV00608,2,152.79,161.47
ZA-00029937,1,SKU33221,ZAV00635,1,264.65,47.08
ZA-00029938,1,SKU37657,ZAV00723,1,915.83,177.19
ZA-00029939,1,SKU86394,ZAV00640,1,173.35,42.56
ZA-00029940,1,SKU96009,ZAV00543,1,163.67,178.95
ZA-00029940,2,SKU68411,ZAV00290,1,288.39,174.63
ZA-00029941,1,SKU45196,ZAV00198,2,2919.76,118.35
ZA-00029942,1,SKU42900,ZAV00512,1,1908.66,98.02
ZA-00029943,1,SKU15714,ZAV00746,1,487.21,36.83
ZA-00029944,1,SKU22219,ZAV00014,1,512.68,55.16
ZA-00029945,1,SKU19391,ZAV00622,1,851.55,153.65
ZA-00029946,1,SKU92808,ZAV00321,1,414.37,99.5
ZA-00029947,1,SKU37604,ZAV00524,1,788.62,65.05
ZA-00029948,1,SKU81869,ZAV00116,1,161.99,50.18
ZA-00029948,2,SKU42559,ZAV00084,1,520.77,43.75
ZA-00029949,1,SKU30752,ZAV00334,3,1374.85,171.78
ZA-00029950,1,SKU88103,ZAV00797,1,638.36,157.16
ZA-00029950,2,SKU79081,ZAV00674,1,848.56,156.15
ZA-00029951,1,SKU40913,ZAV00126,3,305.15,130.02
ZA-00029952,1,SKU66338,ZAV00496,1,496.68,162.76
ZA-00029953,1,SKU68133,ZAV00034,1,285.26,124.39
ZA-00029954,1,SKU34017,ZAV00271,1,479.6,131.36
ZA-00029954,2,SKU99796,ZAV00436,1,218.09,82.29
ZA-00029955,1,SKU79732,ZAV00762,1,633.21,78.14
ZA-00029956,1,SKU72600,ZAV00403,1,714.48,174.69
ZA-00029957,1,SKU71740,ZAV00629,1,1416.47,136.97
ZA-00029957,2,SKU26513,ZAV00570,1,179.15,71.7
ZA-00029957,3,SKU31551,ZAV00365,1,372.05,137.76
ZA-00029958,1,SKU98217,ZAV00736,1,413.39,53.59
ZA-00029959,1,SKU59352,ZAV00147,1,626.92,156.83
ZA-00029960,1,SKU13149,ZAV00287,2,215.93,51.01
ZA-00029961,1,SKU53758,ZAV00105,1,283.36,88.18
ZA-00029962,1,SKU78421,ZAV00209,1,649.98,167.68
ZA-00029962,2,SKU85114,ZAV00740,2,2699.49,168.72
ZA-00029963,1,SKU47227,ZAV00086,1,174.21,175.38
ZA-00029964,1,SKU96216,ZAV00743,2,361.39,97.74
ZA-00029965,1,SKU51808,ZAV00503,1,1788.66,87.31
ZA-00029966,1,SKU62325,ZAV00450,1,431.55,145.05
ZA-00029967,1,SKU26339,ZAV00605,1,162.26,40.42
ZA-00029967,2,SKU85050,ZAV00662,1,410.06,142.39
ZA-00029968,1,SKU15657,ZAV00330,1,141.73,77.8
ZA-00029969,1,SKU75758,ZAV00556,1,190.38,155.13
ZA-00029970,1,SKU24334,ZAV00155,1,1452.76,69.67
ZA-00029970,2,SKU65112,ZAV00241,1,237.37,63.35
ZA-00029971,1,SKU66259,ZAV00255,1,1801.99,120.73
ZA-00029972,1,SKU52848,ZAV00439,1,1778.28,104.15
ZA-00029973,1,SKU62581,ZAV00103,1,1249.55,56.92
ZA-00029974,1,SKU40247,ZAV00089,1,154.73,99.66
ZA-00029975,1,SKU73778,ZAV00387,1,712.41,143.14
ZA-00029976,1,SKU14604,ZAV00493,1,519.57,119.77
ZA-00029977,1,SKU48378,ZAV00253,1,607.79,114.47
ZA-00029978,1,SKU42104,ZAV00196,1,219.96,139.8
ZA-00029979,1,SKU25782,ZAV00457,1,330.82,49.89
ZA-00029980,1,SKU47668,ZAV00669,1,142.93,49.75
ZA-00029981,1,SKU67392,ZAV00684,1,59.4,142.97
ZA-00029981,2,SKU61853,ZAV00725,1,153.33,116.9
ZA-00029982,1,SKU58080,ZAV00412,1,397.53,140.08
ZA-00029983,1,SKU71402,ZAV00699,1,1312.39,160.61
ZA-00029984,1,SKU71497,ZAV00709,1,494.14,129.45
ZA-00029985,1,SKU38661,ZAV00324,3,389.22,169.59
ZA-00029986,1,SKU50605,ZAV00548,1,572.79,52.67
ZA-00029987,1,SKU73218,ZAV00631,1,191.87,123.7
ZA-00029988,1,SKU16683,ZAV00685,1,413.41,118.26
ZA-00029989,1,SKU87897,ZAV00633,3,634.23,112.23
ZA-00029990,1,SKU85815,ZAV00353,1,286.31,94.87
ZA-00029991,1,SKU83830,ZAV00707,1,111.32,85.1
ZA-00029991,2,SKU52462,ZAV00452,1,249.1,71.48
ZA-00029992,1,SKU56324,ZAV00347,2,841.18,97.83
ZA-00029993,1,SKU51391,ZAV00526,1,401.58,122.87
ZA-00029994,1,SKU69587,ZAV00027,1,140.92,171.36
ZA-00029995,1,SKU64209,ZAV00329,1,170.11,121.8
ZA-00029996,1,SKU95481,ZAV00326,1,396.41,117.61
ZA-00029996,2,SKU24495,ZAV00010,1,1135.75,160.47
ZA-00029997,1,SKU67409,ZAV00167,1,502.94,90.3
ZA-00029998,1,SKU72013,ZAV00206,3,509.18,113.84
ZA-00029998,2,SKU25761,ZAV00762,1,360.74,37.52
ZA-00029999,1,SKU93558,ZAV00307,1,159.6,108.57
ZA-00030000,1,SKU21999,ZAV00503,1,554.59,84.41
ZA-00030001,1,SKU22904,ZAV00281,1,643.88,125.74
ZA-00030002,1,SKU24067,ZAV00503,1,1695.75,99.81
ZA-00030003,1,SKU94016,ZAV00231,1,273.64,64.04
ZA-00030004,1,SKU50963,ZAV00502,1,443.67,125.62
ZA-00030005,1,SKU64327,ZAV00584,1,631.56,121.67
ZA-00030005,2,SKU65743,ZAV00777,1,123.28,100.62
ZA-00030006,1,SKU95311,ZAV00244,1,297.05,79.7
ZA-00030007,1,SKU89096,ZAV00452,2,732.29,163.09
ZA-00030007,2,SKU55707,ZAV00181,1,325.03,49.2
ZA-00030008,1,SKU94031,ZAV00014,1,1396.13,165.56
ZA-00030009,1,SKU53044,ZAV00178,1,487.48,167.0
ZA-00030010,1,SKU83297,ZAV00354,1,1335.67,130.04
ZA-00030011,1,SKU15783,ZAV00537,1,427.09,156.97
ZA-00030012,1,SKU16153,ZAV00301,2,447.71,111.94
ZA-00030012,2,SKU76929,ZAV00743,1,438.87,89.96
ZA-00030012,3,SKU67560,ZAV00421,1,172.11,160.76
ZA-00030013,1,SKU64390,ZAV00656,1,666.18,150.26
ZA-00030014,1,SKU80362,ZAV00566,2,491.93,136.97
ZA-00030015,1,SKU76500,ZAV00600,2,495.65,40.1
ZA-00030016,1,SKU90745,ZAV00490,1,911.39,126.68
ZA-00030017,1,SKU40876,ZAV00037,1,421.25,111.54
ZA-00030018,1,SKU74207,ZAV00546,1,309.98,90.49
ZA-00030018,2,SKU86715,ZAV00275,2,2785.1,104.45
ZA-00030019,1,SKU83178,ZAV00301,1,384.59,133.67
ZA-00030020,1,SKU69338,ZAV00666,1,1599.94,106.69
ZA-00030021,1,SKU60244,ZAV00028,1,433.6,131.64
ZA-00030022,1,SKU79132,ZAV00092,1,493.82,178.19
ZA-00030023,1,SKU81821,ZAV00418,1,384.8,147.96
ZA-00030024,1,SKU76770,ZAV00538,1,107.64,74.16
ZA-00030025,1,SKU80559,ZAV00232,1,89.74,124.39
ZA-00030025,2,SKU40122,ZAV00043,1,121.74,140.69
ZA-00030026,1,SKU26850,ZAV00043,1,125.45,120.95
ZA-00030027,1,SKU33608,ZAV00681,1,559.17,36.84
ZA-00030028,1,SKU18679,ZAV00289,1,1429.07,37.08
ZA-00030029,1,SKU39624,ZAV00001,1,56.43,51.42
ZA-00030030,1,SKU82757,ZAV00268,1,152.11,87.6
ZA-00030031,1,SKU98483,ZAV00543,2,3253.92,81.09
ZA-00030032,1,SKU35820,ZAV00597,1,937.13,177.42
ZA-00030033,1,SKU31749,ZAV00232,1,578.41,133.3
ZA-00030034,1,SKU26083,ZAV00408,1,1126.48,151.65
ZA-00030034,2,SKU99915,ZAV00178,3,243.68,97.15
ZA-00030034,3,SKU34216,ZAV00691,1,626.82,123.8
ZA-00030035,1,SKU33967,ZAV00352,1,938.22,89.05
ZA-00030036,1,SKU44702,ZAV00272,1,751.96,39.18
ZA-00030037,1,SKU94456,ZAV00736,1,902.42,119.37
ZA-00030037,2,SKU88190,ZAV00540,1,868.71,108.53
ZA-00030038,1,SKU23632,ZAV00268,1,1036.94,151.54
ZA-00030039,1,SKU50980,ZAV00798,2,188.73,92.45
ZA-00030040,1,SKU22288,ZAV00376,1,610.4,113.08
ZA-00030041,1,SKU11081,ZAV00644,1,550.11,60.86
ZA-00030042,1,SKU91167,ZAV00294,2,1017.81,43.35
ZA-00030042,2,SKU49012,ZAV00202,1,253.3,170.07
ZA-00030042,3,SKU66377,ZAV00482,2,1428.79,125.71
ZA-00030043,1,SKU48591,ZAV00140,3,425.76,51.19
ZA-00030044,1,SKU79404,ZAV00228,1,536.2,73.19
ZA-00030044,2,SKU71671,ZAV00453,1,1462.52,38.67
ZA-00030044,3,SKU80985,ZAV00066,1,311.73,175.62
ZA-00030045,1,SKU16777,ZAV00514,1,383.83,60.46
ZA-00030045,2,SKU43463,ZAV00459,1,487.37,131.16
ZA-00030046,1,SKU75125,ZAV00686,1,361.49,158.0
ZA-00030047,1,SKU18302,ZAV00265,1,495.74,46.26
ZA-00030047,2,SKU82138,ZAV00587,1,416.79,88.33
ZA-00030047,3,SKU93708,ZAV00505,2,1246.4,88.57
ZA-00030048,1,SKU90527,ZAV00693,1,418.35,163.42
ZA-00030049,1,SKU58273,ZAV00294,1,1290.41,168.69
ZA-00030049,2,SKU59592,ZAV00473,1,187.59,86.48
ZA-00030050,1,SKU90524,ZAV00566,1,338.73,175.92
ZA-00030051,1,SKU59650,ZAV00528,1,884.34,67.43
ZA-00030052,1,SKU42407,ZAV00699,1,289.38,114.42
ZA-00030053,1,SKU38181,ZAV00629,1,544.7,108.8
ZA-00030054,1,SKU98794,ZAV00767,1,79.84,55.03
ZA-00030055,1,SKU21882,ZAV00488,1,315.69,154.99
ZA-00030056,1,SKU60196,ZAV00361,1,780.85,170.89
ZA-00030057,1,SKU82803,ZAV00724,1,650.79,64.99
ZA-00030058,1,SKU79390,ZAV00077,1,4289.78,106.03
ZA-00030058,2,SKU56796,ZAV00072,1,126.34,115.73
ZA-00030058,3,SKU46064,ZAV00328,1,879.91,66.77
ZA-00030059,1,SKU50562,ZAV00082,1,1264.33,58.72
ZA-00030060,1,SKU24043,ZAV00067,1,217.65,119.3
ZA-00030060,2,SKU10897,ZAV00763,2,538.21,60.76
ZA-00030061,1,SKU99624,ZAV00597,2,295.75,102.08
ZA-00030062,1,SKU67091,ZAV00402,1,996.16,124.68
ZA-00030063,1,SKU93643,ZAV00253,1,2110.43,106.47
ZA-00030064,1,SKU97584,ZAV00117,1,265.43,65.51
ZA-00030065,1,SKU32702,ZAV00263,1,375.4,80.11
ZA-00030066,1,SKU12098,ZAV00699,1,1183.28,154.02
ZA-00030067,1,SKU68742,ZAV00636,2,502.56,41.4
ZA-00030068,1,SKU51688,ZAV00465,1,552.87,92.22
ZA-00030069,1,SKU90202,ZAV00355,1,182.63,177.07
ZA-00030069,2,SKU63370,ZAV00447,1,164.96,141.96
ZA-00030070,1,SKU50027,ZAV00574,2,332.02,57.63
ZA-00030071,1,SKU30868,ZAV00111,1,398.12,35.36
ZA-00030072,1,SKU81136,ZAV00646,2,771.04,137.24
ZA-00030073,1,SKU78610,ZAV00536,1,135.17,176.57
ZA-00030074,1,SKU99989,ZAV00199,1,659.23,156.07
ZA-00030075,1,SKU82639,ZAV00684,1,187.16,159.58
ZA-00030076,1,SKU87381,ZAV00616,1,213.32,83.76
ZA-00030077,1,SKU55877,ZAV00561,1,339.4,124.6
ZA-00030077,2,SKU33149,ZAV00183,1,479.87,151.62
ZA-00030078,1,SKU38020,ZAV00339,1,340.26,72.67
ZA-00030079,1,SKU85510,ZAV00229,1,230.37,100.53
ZA-00030079,2,SKU14963,ZAV00606,3,1058.24,130.83
ZA-00030080,1,SKU76595,ZAV00751,1,1532.37,40.99
ZA-00030081,1,SKU78547,ZAV00364,1,216.07,157.09
ZA-00030082,1,SKU56310,ZAV00221,1,131.17,87.94
ZA-00030083,1,SKU31936,ZAV00325,1,311.36,86.63
ZA-00030083,2,SKU47814,ZAV00536,1,678.69,166.18
ZA-00030084,1,SKU20881,ZAV00627,2,1245.37,96.41
ZA-00030084,2,SKU41025,ZAV00695,1,675.05,152.74
ZA-00030085,1,SKU53093,ZAV00197,1,757.53,79.32
ZA-00030086,1,SKU82703,ZAV00622,1,655.87,123.21
ZA-00030087,1,SKU94938,ZAV00348,1,2384.44,91.86
ZA-00030088,1,SKU54882,ZAV00308,1,352.27,175.56
ZA-00030089,1,SKU21826,ZAV00161,1,186.61,171.39
ZA-00030089,2,SKU77741,ZAV00647,1,709.32,168.74
ZA-00030089,3,SKU22099,ZAV00800,2,215.73,177.63
ZA-00030090,1,SKU66586,ZAV00263,1,178.87,106.04
ZA-00030090,2,SKU57908,ZAV00566,1,609.94,150.61
ZA-00030091,1,SKU85242,ZAV00067,1,104.97,92.93
ZA-00030092,1,SKU57322,ZAV00642,1,565.33,66.26
ZA-00030092,2,SKU54483,ZAV00016,1,562.82,158.32
ZA-00030093,1,SKU28726,ZAV00080,1,665.46,43.73
ZA-00030094,1,SKU59395,ZAV00546,1,587.77,178.14
ZA-00030095,1,SKU25364,ZAV00631,1,345.98,36.43
ZA-00030095,2,SKU63075,ZAV00153,1,540.58,169.97
ZA-00030096,1,SKU21173,ZAV00228,1,875.5,142.91
ZA-00030096,2,SKU30601,ZAV00722,1,651.31,139.33
ZA-00030097,1,SKU55441,ZAV00157,1,835.84,132.67
ZA-00030098,1,SKU73997,ZAV00509,1,262.29,110.0
ZA-00030099,1,SKU99917,ZAV00008,1,1591.82,177.21
ZA-00030100,1,SKU78560,ZAV00213,1,233.48,46.61
ZA-00030100,2,SKU84060,ZAV00068,1,210.12,69.42
ZA-00030100,3,SKU69462,ZAV00041,2,537.25,121.29
ZA-00030101,1,SKU54788,ZAV00369,1,878.16,52.77
ZA-00030102,1,SKU49906,ZAV00290,1,195.73,86.51
ZA-00030103,1,SKU94395,ZAV00164,1,1298.87,48.42
ZA-00030103,2,SKU33884,ZAV00334,1,242.92,172.35
ZA-00030104,1,SKU52252,ZAV00393,1,736.51,106.34
ZA-00030105,1,SKU44804,ZAV00198,1,2395.6,79.19
ZA-00030105,2,SKU37018,ZAV00623,2,562.45,177.38
ZA-00030106,1,SKU25191,ZAV00216,2,230.74,172.64
ZA-00030107,1,SKU39076,ZAV00459,1,207.28,132.33
ZA-00030108,1,SKU45158,ZAV00762,1,1008.55,140.59
ZA-00030109,1,SKU21309,ZAV00680,1,127.77,158.23
ZA-00030110,1,SKU77418,ZAV00317,1,59.89,152.64
ZA-00030111,1,SKU58969,ZAV00356,1,1222.09,142.51
ZA-00030112,1,SKU97048,ZAV00407,2,596.0,149.22
ZA-00030112,2,SKU46177,ZAV00238,1,934.26,124.31
ZA-00030112,3,SKU33288,ZAV00398,1,155.14,106.44
ZA-00030113,1,SKU15765,ZAV00208,1,1369.43,95.62
ZA-00030114,1,SKU58753,ZAV00346,1,525.74,102.17
ZA-00030114,2,SKU31149,ZAV00561,3,1289.95,85.19
ZA-00030115,1,SKU97987,ZAV00734,3,333.23,141.12
ZA-00030116,1,SKU16313,ZAV00686,1,360.2,170.27
ZA-00030117,1,SKU89564,ZAV00190,1,382.5,137.23
ZA-00030118,1,SKU96552,ZAV00618,1,159.11,61.28
ZA-00030119,1,SKU98347,ZAV00786,1,236.07,102.6
ZA-00030120,1,SKU78541,ZAV00048,1,1001.25,153.47
ZA-00030120,2,SKU39306,ZAV00021,2,657.64,94.56
ZA-00030121,1,SKU38963,ZAV00187,1,646.62,137.44
ZA-00030122,1,SKU88292,ZAV00659,1,95.9,80.69
ZA-00030123,1,SKU21651,ZAV00573,1,54.02,122.95
ZA-00030124,1,SKU88627,ZAV00589,1,374.83,85.2
ZA-00030124,2,SKU75371,ZAV00279,1,131.93,118.81
ZA-00030124,3,SKU80474,ZAV00309,2,496.4,168.53
ZA-00030125,1,SKU26058,ZAV00546,1,72.55,98.9
ZA-00030126,1,SKU35853,ZAV00396,1,229.52,168.5
ZA-00030127,1,SKU84676,ZAV00410,1,637.2,128.44
ZA-00030128,1,SKU14898,ZAV00230,2,129.25,97.56
ZA-00030129,1,SKU31599,ZAV00361,1,1006.99,58.39
ZA-00030130,1,SKU38513,ZAV00292,1,48.24,56.34
ZA-00030130,2,SKU94085,ZAV00251,1,163.53,75.24
ZA-00030131,1,SKU14292,ZAV00792,1,208.95,57.34
ZA-00030132,1,SKU63339,ZAV00124,1,419.07,57.74
ZA-00030133,1,SKU65335,ZAV00418,1,1084.6,65.83
ZA-00030134,1,SKU25368,ZAV00146,1,525.03,54.6
ZA-00030135,1,SKU69196,ZAV00271,1,1677.35,114.31
ZA-00030135,2,SKU54628,ZAV00518,1,266.83,105.84
ZA-00030136,1,SKU51546,ZAV00675,1,286.06,46.38
ZA-00030137,1,SKU52982,ZAV00743,1,972.53,156.91
ZA-00030137,2,SKU93293,ZAV00638,2,708.38,137.53
ZA-00030138,1,SKU55798,ZAV00338,1,1150.9,130.12
ZA-00030139,1,SKU12352,ZAV00578,1,268.74,51.92
ZA-00030139,2,SKU20484,ZAV00792,1,259.36,124.8
ZA-00030140,1,SKU10212,ZAV00206,1,376.98,126.83
ZA-00030140,2,SKU22774,ZAV00207,1,1251.06,145.63
ZA-00030141,1,SKU64018,ZAV00690,1,121.71,146.83
ZA-00030142,1,SKU62741,ZAV00323,1,510.88,164.98
ZA-00030143,1,SKU83074,ZAV00732,1,1260.55,72.29
ZA-00030144,1,SKU46463,ZAV00308,1,548.05,126.94
ZA-00030145,1,SKU93349,ZAV00537,1,200.1,75.26
ZA-00030146,1,SKU89717,ZAV00481,1,248.44,105.32
ZA-00030147,1,SKU92919,ZAV00670,1,1610.15,51.22
ZA-00030147,2,SKU79549,ZAV00273,1,281.82,131.03
ZA-00030148,1,SKU30185,ZAV00652,1,205.8,142.44
ZA-00030149,1,SKU50639,ZAV00240,1,80.94,64.86
ZA-00030150,1,SKU33646,ZAV00317,2,515.78,146.01
ZA-00030151,1,SKU28772,ZAV00744,1,112.68,52.42
ZA-00030152,1,SKU33173,ZAV00288,1,205.37,126.56
ZA-00030153,1,SKU17651,ZAV00731,2,137.27,149.73
ZA-00030153,2,SKU99614,ZAV00691,1,476.35,123.5
ZA-00030154,1,SKU69837,ZAV00164,1,2023.27,151.99
ZA-00030155,1,SKU59483,ZAV00331,1,646.24,109.73
ZA-00030156,1,SKU71864,ZAV00203,1,1218.54,149.79
ZA-00030157,1,SKU99580,ZAV00475,1,675.39,88.28
ZA-00030158,1,SKU39313,ZAV00390,1,457.85,49.8
ZA-00030159,1,SKU82411,ZAV00115,1,395.25,147.14
ZA-00030160,1,SKU42562,ZAV00559,2,884.76,113.08
ZA-00030161,1,SKU41951,ZAV00450,1,238.07,130.5
ZA-00030162,1,SKU18046,ZAV00714,1,1385.69,76.88
ZA-00030163,1,SKU78757,ZAV00760,1,787.8,83.74
ZA-00030164,1,SKU23334,ZAV00045,1,656.29,47.11
ZA-00030165,1,SKU58600,ZAV00080,1,108.67,72.35
ZA-00030166,1,SKU35631,ZAV00319,1,323.44,67.21
ZA-00030167,1,SKU18678,ZAV00751,1,418.44,50.22
ZA-00030167,2,SKU21560,ZAV00065,1,122.3,170.33
ZA-00030168,1,SKU36866,ZAV00437,1,377.14,41.51
ZA-00030169,1,SKU53757,ZAV00025,1,515.73,66.96
ZA-00030170,1,SKU88066,ZAV00463,1,151.82,176.97
ZA-00030171,1,SKU76075,ZAV00037,1,1031.0,54.76
ZA-00030172,1,SKU39580,ZAV00746,2,176.87,87.14
ZA-00030173,1,SKU43715,ZAV00025,1,2507.82,69.31
ZA-00030174,1,SKU96429,ZAV00320,1,798.74,51.05
ZA-00030175,1,SKU46211,ZAV00595,1,752.3,175.4
ZA-00030176,1,SKU84235,ZAV00472,1,222.28,57.57
ZA-00030177,1,SKU33933,ZAV00337,1,399.37,114.62
ZA-00030178,1,SKU25777,ZAV00572,1,463.1,126.7
ZA-00030178,2,SKU18585,ZAV00287,1,63.16,158.75
ZA-00030179,1,SKU57623,ZAV00661,1,701.76,161.42
ZA-00030180,1,SKU83019,ZAV00490,2,396.25,96.84
ZA-00030181,1,SKU16025,ZAV00581,1,478.98,141.33
ZA-00030182,1,SKU18045,ZAV00578,1,228.82,149.92
ZA-00030182,2,SKU56443,ZAV00637,1,455.87,169.77
ZA-00030183,1,SKU42219,ZAV00732,1,364.5,138.46
ZA-00030183,2,SKU69648,ZAV00040,1,532.61,92.54
ZA-00030184,1,SKU17227,ZAV00696,1,466.56,90.95
ZA-00030184,2,SKU23222,ZAV00136,1,471.28,152.81
ZA-00030185,1,SKU74849,ZAV00728,1,280.71,146.48
ZA-00030186,1,SKU15551,ZAV00590,1,895.69,143.6
ZA-00030187,1,SKU21750,ZAV00499,1,1139.98,45.66
ZA-00030188,1,SKU35554,ZAV00553,1,879.7,176.07
ZA-00030188,2,SKU98717,ZAV00027,1,1127.39,141.18
ZA-00030189,1,SKU93534,ZAV00257,1,193.31,77.1
ZA-00030190,1,SKU55627,ZAV00320,1,64.24,46.34
ZA-00030191,1,SKU27602,ZAV00009,1,408.23,94.0
ZA-00030192,1,SKU10728,ZAV00116,1,176.59,133.15
ZA-00030193,1,SKU38779,ZAV00468,2,365.6,168.82
ZA-00030193,2,SKU10557,ZAV00331,2,67.31,41.57
ZA-00030194,1,SKU31286,ZAV00421,1,83.92,128.75
ZA-00030195,1,SKU56471,ZAV00157,1,190.24,71.42
ZA-00030196,1,SKU13645,ZAV00502,1,383.17,96.45
ZA-00030196,2,SKU34683,ZAV00672,1,708.46,67.32
ZA-00030197,1,SKU33116,ZAV00790,1,496.76,63.49
ZA-00030198,1,SKU57230,ZAV00245,1,185.72,168.08
ZA-00030199,1,SKU19724,ZAV00580,1,403.6,93.79
ZA-00030200,1,SKU20288,ZAV00170,1,138.77,176.44
ZA-00030201,1,SKU44490,ZAV00404,2,1063.45,174.3
ZA-00030202,1,SKU53667,ZAV00121,1,1027.77,101.15
ZA-00030203,1,SKU68056,ZAV00231,1,80.63,117.03
ZA-00030204,1,SKU78262,ZAV00621,2,1092.73,76.02
ZA-00030205,1,SKU27079,ZAV00165,1,1515.12,125.32
ZA-00030206,1,SKU59795,ZAV00649,1,439.79,143.0
ZA-00030207,1,SKU80747,ZAV00514,1,307.03,150.95
ZA-00030208,1,SKU68096,ZAV00777,1,582.06,46.92
ZA-00030208,2,SKU62791,ZAV00475,1,181.52,103.76
ZA-00030209,1,SKU99921,ZAV00363,2,320.54,121.41
ZA-00030210,1,SKU90833,ZAV00498,1,78.14,139.91
ZA-00030211,1,SKU18790,ZAV00138,1,948.15,168.68
ZA-00030212,1,SKU43523,ZAV00511,1,353.51,74.99
ZA-00030213,1,SKU72359,ZAV00027,1,470.46,132.95
ZA-00030213,2,SKU80916,ZAV00797,1,574.53,91.61
ZA-00030214,1,SKU59206,ZAV00455,1,1050.03,40.8
ZA-00030215,1,SKU35077,ZAV00682,1,1212.4,87.15
ZA-00030216,1,SKU30231,ZAV00705,2,432.35,107.73
ZA-00030217,1,SKU87998,ZAV00430,1,816.99,138.02
ZA-00030218,1,SKU80407,ZAV00655,1,303.3,111.88
ZA-00030219,1,SKU64455,ZAV00415,1,614.21,66.23
ZA-00030219,2,SKU38348,ZAV00409,2,3582.53,134.39
ZA-00030220,1,SKU96575,ZAV00219,1,870.91,160.81
ZA-00030221,1,SKU47808,ZAV00044,1,880.47,92.16
ZA-00030222,1,SKU27773,ZAV00553,2,370.27,94.46
ZA-00030223,1,SKU29683,ZAV00202,2,434.96,165.34
ZA-00030223,2,SKU68717,ZAV00028,1,387.29,53.86
ZA-00030224,1,SKU32390,ZAV00449,1,1124.37,68.99
ZA-00030225,1,SKU52554,ZAV00027,1,200.01,126.77
ZA-00030226,1,SKU44057,ZAV00484,1,622.34,101.52
ZA-00030226,2,SKU58571,ZAV00211,2,584.41,88.6
ZA-00030227,1,SKU92611,ZAV00243,1,1444.43,45.31
ZA-00030227,2,SKU95756,ZAV00179,1,1221.78,178.78
ZA-00030228,1,SKU90832,ZAV00784,1,505.85,122.21
ZA-00030229,1,SKU93774,ZAV00600,1,2557.09,97.12
ZA-00030230,1,SKU19058,ZAV00037,1,121.72,162.09
ZA-00030231,1,SKU16529,ZAV00772,1,1540.59,111.19
ZA-00030232,1,SKU60577,ZAV00362,1,1418.96,94.08
ZA-00030232,2,SKU54138,ZAV00074,1,563.98,110.27
ZA-00030233,1,SKU33862,ZAV00137,1,400.61,147.06
ZA-00030233,2,SKU28972,ZAV00769,1,601.28,173.38
ZA-00030234,1,SKU31092,ZAV00009,1,172.63,119.52
ZA-00030235,1,SKU26275,ZAV00640,1,722.14,96.03
ZA-00030235,2,SKU76643,ZAV00410,3,488.72,37.09
ZA-00030236,1,SKU33043,ZAV00362,1,678.62,84.64
ZA-00030237,1,SKU33635,ZAV00432,2,1935.02,63.83
ZA-00030238,1,SKU77875,ZAV00706,1,195.27,68.63
ZA-00030239,1,SKU57290,ZAV00506,1,394.07,74.85
ZA-00030240,1,SKU75954,ZAV00067,1,371.44,69.22
ZA-00030241,1,SKU30091,ZAV00783,1,169.36,56.97
ZA-00030242,1,SKU13045,ZAV00596,1,489.92,84.04
ZA-00030242,2,SKU90173,ZAV00654,1,309.14,100.71
ZA-00030243,1,SKU30603,ZAV00520,1,293.29,109.6
ZA-00030243,2,SKU79614,ZAV00220,1,167.45,118.46
ZA-00030244,1,SKU20048,ZAV00014,2,429.58,70.3
ZA-00030244,2,SKU66534,ZAV00488,1,360.08,140.45
ZA-00030245,1,SKU94827,ZAV00348,1,933.42,92.27
ZA-00030246,1,SKU17168,ZAV00209,1,1230.15,118.88
ZA-00030247,1,SKU95600,ZAV00272,1,529.47,156.88
ZA-00030248,1,SKU12813,ZAV00176,1,845.55,68.76
ZA-00030249,1,SKU31046,ZAV00782,1,314.51,90.69
ZA-00030250,1,SKU77282,ZAV00059,1,771.15,56.6
ZA-00030250,2,SKU86599,ZAV00463,1,1183.19,94.97
ZA-00030251,1,SKU57762,ZAV00706,1,374.2,139.96
ZA-00030252,1,SKU45052,ZAV00583,1,133.44,157.91
ZA-00030253,1,SKU52872,ZAV00004,1,92.31,73.96
ZA-00030254,1,SKU78239,ZAV00677,1,827.18,52.19
ZA-00030255,1,SKU32535,ZAV00073,1,522.99,75.52
ZA-00030256,1,SKU88162,ZAV00080,2,34.01,167.87
ZA-00030256,2,SKU38455,ZAV00798,1,993.41,59.9
ZA-00030257,1,SKU52183,ZAV00466,1,312.12,175.12
ZA-00030257,2,SKU80043,ZAV00325,1,252.63,179.31
ZA-00030258,1,SKU21701,ZAV00361,1,2090.19,121.11
ZA-00030259,1,SKU93782,ZAV00123,1,194.47,165.48
ZA-00030260,1,SKU16763,ZAV00385,1,636.74,61.49
ZA-00030261,1,SKU86203,ZAV00522,1,1081.29,37.47
ZA-00030262,1,SKU16257,ZAV00539,1,564.01,63.26
ZA-00030262,2,SKU10341,ZAV00533,1,168.73,143.51
ZA-00030263,1,SKU18400,ZAV00346,1,109.14,147.59
ZA-00030263,2,SKU64144,ZAV00793,1,378.89,80.97
ZA-00030264,1,SKU19394,ZAV00794,1,728.79,64.77
ZA-00030265,1,SKU38899,ZAV00520,1,463.2,79.41
ZA-00030266,1,SKU27716,ZAV00265,1,366.89,134.49
ZA-00030266,2,SKU34273,ZAV00033,2,375.79,100.06
ZA-00030267,1,SKU55304,ZAV00268,3,789.95,135.52
ZA-00030268,1,SKU92176,ZAV00620,1,1270.39,117.93
ZA-00030269,1,SKU88023,ZAV00698,1,2171.16,97.09
ZA-00030269,2,SKU53960,ZAV00397,1,266.57,85.1
ZA-00030270,1,SKU16704,ZAV00337,1,191.65,84.94
ZA-00030271,1,SKU10282,ZAV00465,1,529.5,36.94
ZA-00030272,1,SKU36206,ZAV00121,1,591.94,89.32
ZA-00030273,1,SKU56392,ZAV00104,1,167.74,118.72
ZA-00030273,2,SKU92074,ZAV00369,1,1607.02,105.05
ZA-00030273,3,SKU79660,ZAV00479,1,263.8,124.3
ZA-00030274,1,SKU59219,ZAV00731,1,437.27,133.58
ZA-00030275,1,SKU14747,ZAV00270,2,465.69,157.73
ZA-00030276,1,SKU20327,ZAV00406,1,719.31,142.0
ZA-00030277,1,SKU85137,ZAV00362,1,446.2,177.99
ZA-00030278,1,SKU16825,ZAV00705,1,172.72,151.04
ZA-00030278,2,SKU71308,ZAV00190,1,786.04,82.0
ZA-00030279,1,SKU33784,ZAV00778,1,420.36,111.33
ZA-00030280,1,SKU98796,ZAV00704,1,215.47,161.04
ZA-00030281,1,SKU74805,ZAV00540,1,525.12,157.45
ZA-00030281,2,SKU78646,ZAV00440,1,590.79,134.94
ZA-00030282,1,SKU52595,ZAV00147,3,773.88,134.44
ZA-00030283,1,SKU36696,ZAV00793,1,1361.84,165.41
ZA-00030284,1,SKU68704,ZAV00299,1,218.31,176.62
ZA-00030285,1,SKU89415,ZAV00488,3,261.98,41.94
ZA-00030286,1,SKU75016,ZAV00214,1,1012.3,63.44
ZA-00030287,1,SKU12331,ZAV00478,1,707.55,173.19
ZA-00030288,1,SKU43336,ZAV00743,1,162.26,106.58
ZA-00030288,2,SKU58580,ZAV00217,1,221.97,159.66
ZA-00030289,1,SKU62007,ZAV00052,1,109.36,111.22
ZA-00030290,1,SKU25852,ZAV00451,1,227.98,78.32
ZA-00030291,1,SKU87300,ZAV00405,1,136.31,65.06
ZA-00030292,1,SKU57649,ZAV00299,2,1929.39,123.81
ZA-00030292,2,SKU54447,ZAV00335,1,338.27,39.0
ZA-00030293,1,SKU37221,ZAV00686,1,819.26,133.05
ZA-00030294,1,SKU74228,ZAV00465,2,1043.63,154.94
ZA-00030295,1,SKU75059,ZAV00027,3,701.41,87.11
ZA-00030296,1,SKU10549,ZAV00603,1,656.24,139.79
ZA-00030296,2,SKU25053,ZAV00600,1,687.89,100.16
ZA-00030297,1,SKU87667,ZAV00206,1,1187.37,42.08
ZA-00030297,2,SKU71580,ZAV00219,1,594.01,109.88
ZA-00030298,1,SKU31016,ZAV00064,1,295.67,125.87
ZA-00030298,2,SKU81049,ZAV00663,1,203.6,62.19
ZA-00030299,1,SKU90408,ZAV00212,1,418.96,145.99
ZA-00030300,1,SKU12114,ZAV00331,1,242.23,146.29
ZA-00030300,2,SKU92147,ZAV00134,1,516.05,73.22
ZA-00030301,1,SKU99192,ZAV00640,1,2793.59,40.25
ZA-00030302,1,SKU10131,ZAV00465,2,266.88,109.13
ZA-00030303,1,SKU69620,ZAV00626,1,85.38,149.7
ZA-00030303,2,SKU36510,ZAV00171,1,1291.89,107.6
ZA-00030304,1,SKU78696,ZAV00485,1,649.63,103.37
ZA-00030304,2,SKU63094,ZAV00698,1,398.86,161.12
ZA-00030304,3,SKU33036,ZAV00798,2,233.49,71.31
ZA-00030305,1,SKU76218,ZAV00175,1,1030.14,109.88
ZA-00030305,2,SKU60825,ZAV00703,1,448.91,97.44
ZA-00030306,1,SKU33562,ZAV00122,1,856.15,111.0
ZA-00030307,1,SKU36751,ZAV00360,1,4370.89,62.85
ZA-00030308,1,SKU94976,ZAV00516,2,463.42,168.57
ZA-00030308,2,SKU59429,ZAV00109,1,679.27,168.75
ZA-00030309,1,SKU39988,ZAV00674,1,425.11,153.34
ZA-00030310,1,SKU48551,ZAV00762,1,775.66,53.64
ZA-00030311,1,SKU26355,ZAV00036,1,1055.08,69.83
ZA-00030312,1,SKU22210,ZAV00308,1,137.42,99.85
ZA-00030313,1,SKU81072,ZAV00635,1,453.44,132.14
ZA-00030314,1,SKU34290,ZAV00632,1,1308.27,133.4
ZA-00030315,1,SKU74498,ZAV00010,1,1422.65,94.87
ZA-00030316,1,SKU71626,ZAV00520,2,319.95,94.01
ZA-00030317,1,SKU37756,ZAV00303,1,244.6,107.17
ZA-00030318,1,SKU69919,ZAV00131,3,290.35,82.15
ZA-00030319,1,SKU91774,ZAV00361,2,685.74,110.56
ZA-00030320,1,SKU14164,ZAV00122,2,479.33,128.39
ZA-00030321,1,SKU91896,ZAV00234,1,301.13,68.31
ZA-00030322,1,SKU56630,ZAV00326,1,365.26,124.11
ZA-00030323,1,SKU93782,ZAV00025,1,857.7,38.29
ZA-00030323,2,SKU28848,ZAV00636,1,573.96,155.22
ZA-00030323,3,SKU62013,ZAV00577,1,366.78,125.6
ZA-00030324,1,SKU98782,ZAV00655,1,803.76,163.53
ZA-00030325,1,SKU82397,ZAV00576,1,194.58,111.17
ZA-00030326,1,SKU67715,ZAV00750,1,419.9,67.38
ZA-00030327,1,SKU58338,ZAV00571,1,1029.92,161.69
ZA-00030328,1,SKU33653,ZAV00559,1,1514.92,102.93
ZA-00030329,1,SKU12647,ZAV00248,1,363.66,101.13
ZA-00030330,1,SKU84478,ZAV00020,1,1013.61,72.72
ZA-00030330,2,SKU70191,ZAV00731,1,374.04,128.62
ZA-00030331,1,SKU26205,ZAV00581,1,868.47,151.0
ZA-00030332,1,SKU44554,ZAV00741,1,571.19,130.45
ZA-00030332,2,SKU87300,ZAV00620,1,559.0,154.75
ZA-00030333,1,SKU28440,ZAV00428,1,193.67,52.52
ZA-00030334,1,SKU39042,ZAV00603,1,826.08,72.67
ZA-00030335,1,SKU69962,ZAV00738,1,299.48,70.56
ZA-00030336,1,SKU35585,ZAV00208,1,271.66,106.2
ZA-00030337,1,SKU35619,ZAV00627,1,442.0,43.71
ZA-00030337,2,SKU34221,ZAV00110,1,255.61,57.44
ZA-00030337,3,SKU25774,ZAV00557,1,1110.93,88.43
ZA-00030338,1,SKU49190,ZAV00628,1,103.26,162.05
ZA-00030339,1,SKU94916,ZAV00093,1,281.66,173.81
ZA-00030340,1,SKU61873,ZAV00041,2,114.65,135.8
ZA-00030341,1,SKU24425,ZAV00236,1,350.16,113.95
ZA-00030342,1,SKU36703,ZAV00237,1,336.48,159.53
ZA-00030343,1,SKU56239,ZAV00739,1,345.77,89.53
ZA-00030344,1,SKU19745,ZAV00721,1,1171.98,157.39
ZA-00030345,1,SKU68022,ZAV00082,1,230.72,45.13
ZA-00030346,1,SKU56691,ZAV00538,2,130.87,134.11
ZA-00030347,1,SKU88658,ZAV00300,1,220.96,108.38
ZA-00030347,2,SKU63421,ZAV00210,1,1305.83,86.1
ZA-00030348,1,SKU39413,ZAV00444,1,303.78,63.82
ZA-00030349,1,SKU80671,ZAV00030,2,373.82,41.52
ZA-00030349,2,SKU39522,ZAV00403,2,72.12,127.29
ZA-00030350,1,SKU76908,ZAV00002,1,266.43,53.25
ZA-00030351,1,SKU76929,ZAV00432,1,863.06,156.58
ZA-00030351,2,SKU37406,ZAV00034,2,426.35,139.68
ZA-00030352,1,SKU13068,ZAV00371,1,877.35,119.44
ZA-00030353,1,SKU84689,ZAV00668,1,239.13,159.82
ZA-00030354,1,SKU89259,ZAV00747,1,311.56,127.19
ZA-00030355,1,SKU32652,ZAV00474,1,117.24,99.16
ZA-00030356,1,SKU23842,ZAV00344,1,659.0,102.45
ZA-00030356,2,SKU80766,ZAV00228,1,33.63,95.19
ZA-00030356,3,SKU54730,ZAV00401,1,497.61,175.84
ZA-00030357,1,SKU50989,ZAV00211,1,666.72,38.63
ZA-00030358,1,SKU12622,ZAV00135,1,270.5,127.74
ZA-00030359,1,SKU10949,ZAV00638,1,127.23,129.69
ZA-00030360,1,SKU65832,ZAV00699,2,257.15,87.89
ZA-00030361,1,SKU58438,ZAV00457,1,83.4,158.73
ZA-00030361,2,SKU13367,ZAV00765,2,1949.41,97.66
ZA-00030362,1,SKU19843,ZAV00434,2,561.95,75.19
ZA-00030363,1,SKU14835,ZAV00367,2,4528.82,164.25
ZA-00030364,1,SKU70922,ZAV00407,2,794.41,80.43
ZA-00030365,1,SKU41251,ZAV00217,1,116.09,123.84
ZA-00030366,1,SKU45948,ZAV00190,1,828.53,72.44
ZA-00030367,1,SKU89310,ZAV00081,1,142.98,65.37
ZA-00030368,1,SKU40936,ZAV00446,3,320.39,42.52
ZA-00030369,1,SKU74828,ZAV00067,1,1507.39,62.36
ZA-00030370,1,SKU12105,ZAV00186,1,636.3,93.77
ZA-00030371,1,SKU65042,ZAV00723,1,498.71,37.26
ZA-00030372,1,SKU76008,ZAV00074,1,66.78,60.8
ZA-00030373,1,SKU63790,ZAV00636,1,401.47,148.15
ZA-00030373,2,SKU97189,ZAV00498,1,218.41,53.29
ZA-00030374,1,SKU44413,ZAV00563,1,1017.96,73.9
ZA-00030375,1,SKU20816,ZAV00446,1,737.43,129.62
ZA-00030375,2,SKU39590,ZAV00552,1,218.89,69.51
ZA-00030376,1,SKU50480,ZAV00109,2,3024.53,118.41
ZA-00030377,1,SKU84389,ZAV00557,1,801.38,66.41
ZA-00030377,2,SKU79700,ZAV00178,1,600.21,143.26
ZA-00030378,1,SKU51690,ZAV00454,1,205.05,80.05
ZA-00030378,2,SKU33997,ZAV00631,1,754.12,153.87
ZA-00030379,1,SKU17029,ZAV00047,1,320.37,118.89
ZA-00030380,1,SKU69205,ZAV00663,1,221.68,142.69
ZA-00030381,1,SKU18238,ZAV00234,1,106.48,133.26
ZA-00030381,2,SKU23606,ZAV00443,1,227.57,86.45
ZA-00030382,1,SKU22190,ZAV00143,1,545.28,111.0
ZA-00030383,1,SKU24751,ZAV00100,1,1575.15,71.03
ZA-00030384,1,SKU86137,ZAV00798,1,421.07,174.39
ZA-00030385,1,SKU50699,ZAV00010,1,459.1,76.66
ZA-00030386,1,SKU44498,ZAV00248,1,103.36,44.07
ZA-00030386,2,SKU70199,ZAV00395,1,96.3,94.44
ZA-00030387,1,SKU59191,ZAV00577,1,465.0,58.82
ZA-00030388,1,SKU43943,ZAV00549,1,553.73,84.21
ZA-00030388,2,SKU72871,ZAV00372,1,2006.69,105.32
ZA-00030388,3,SKU49431,ZAV00771,1,1696.28,46.06
ZA-00030389,1,SKU32178,ZAV00138,1,893.78,53.88
ZA-00030389,2,SKU59584,ZAV00232,2,1797.86,78.18
ZA-00030390,1,SKU20261,ZAV00284,1,226.81,95.67
ZA-00030391,1,SKU37041,ZAV00581,3,475.39,173.01
ZA-00030391,2,SKU28827,ZAV00088,1,406.69,170.23
ZA-00030392,1,SKU71083,ZAV00016,1,57.99,102.28
ZA-00030393,1,SKU85213,ZAV00208,1,889.67,136.61
ZA-00030394,1,SKU99861,ZAV00103,2,138.01,118.13
ZA-00030394,2,SKU76461,ZAV00242,1,572.14,36.77
ZA-00030395,1,SKU69295,ZAV00764,1,116.56,176.77
ZA-00030396,1,SKU63688,ZAV00042,2,384.87,54.12
ZA-00030397,1,SKU98891,ZAV00419,1,377.91,168.63
ZA-00030398,1,SKU35583,ZAV00309,1,901.95,52.08
ZA-00030399,1,SKU39060,ZAV00245,1,135.73,67.6
ZA-00030400,1,SKU80784,ZAV00348,1,715.68,153.91
ZA-00030401,1,SKU30933,ZAV00074,1,177.53,70.04
ZA-00030402,1,SKU88741,ZAV00545,1,634.99,141.99
ZA-00030403,1,SKU77121,ZAV00124,1,1116.58,49.39
ZA-00030403,2,SKU29202,ZAV00581,2,793.64,74.0
ZA-00030403,3,SKU98451,ZAV00118,1,2537.63,65.92
ZA-00030404,1,SKU50751,ZAV00239,2,264.52,39.95
ZA-00030405,1,SKU48780,ZAV00090,1,994.34,174.03
ZA-00030405,2,SKU26009,ZAV00270,1,1558.67,35.06
ZA-00030405,3,SKU69032,ZAV00296,1,1368.81,114.62
ZA-00030406,1,SKU57848,ZAV00623,1,148.87,46.05
ZA-00030407,1,SKU77329,ZAV00799,1,461.82,80.2
ZA-00030408,1,SKU35069,ZAV00097,1,194.93,162.62
ZA-00030409,1,SKU85666,ZAV00238,1,1496.5,116.55
ZA-00030410,1,SKU75204,ZAV00315,2,1825.07,124.98
ZA-00030411,1,SKU13620,ZAV00719,1,806.47,113.27
ZA-00030411,2,SKU78625,ZAV00050,1,348.93,41.08
ZA-00030412,1,SKU76196,ZAV00666,3,503.89,97.63
ZA-00030412,2,SKU10117,ZAV00688,2,1862.5,124.29
ZA-00030413,1,SKU74953,ZAV00408,1,340.63,80.38
ZA-00030414,1,SKU56810,ZAV00330,1,622.15,88.27
ZA-00030415,1,SKU73407,ZAV00605,1,99.1,174.0
ZA-00030416,1,SKU85607,ZAV00110,1,265.69,63.45
ZA-00030416,2,SKU23329,ZAV00458,1,839.14,175.01
ZA-00030417,1,SKU63254,ZAV00777,1,1329.16,92.27
ZA-00030418,1,SKU88859,ZAV00352,1,470.51,130.75
ZA-00030418,2,SKU37782,ZAV00139,1,452.41,72.71
ZA-00030419,1,SKU40457,ZAV00470,1,359.36,149.74
ZA-00030419,2,SKU23968,ZAV00522,1,394.59,79.82
ZA-00030419,3,SKU13615,ZAV00241,1,933.59,141.48
ZA-00030420,1,SKU51137,ZAV00002,1,89.75,79.15
ZA-00030421,1,SKU25536,ZAV00573,1,1253.17,114.51
ZA-00030422,1,SKU96279,ZAV00301,1,722.68,140.46
ZA-00030423,1,SKU13421,ZAV00119,1,505.03,50.62
ZA-00030424,1,SKU80238,ZAV00254,1,601.88,97.89
ZA-00030425,1,SKU10827,ZAV00704,1,537.22,76.12
ZA-00030426,1,SKU48840,ZAV00296,1,157.58,152.33
ZA-00030427,1,SKU26907,ZAV00519,1,162.82,144.38
ZA-00030427,2,SKU57768,ZAV00536,1,984.72,121.24
ZA-00030427,3,SKU38326,ZAV00022,1,778.2,174.03
ZA-00030428,1,SKU30218,ZAV00198,1,182.62,83.67
ZA-00030429,1,SKU11701,ZAV00005,1,2016.72,49.85
ZA-00030430,1,SKU85470,ZAV00531,1,1485.07,93.54
ZA-00030430,2,SKU71523,ZAV00476,3,476.2,169.33
ZA-00030431,1,SKU82162,ZAV00621,1,316.38,144.73
ZA-00030432,1,SKU28650,ZAV00689,1,646.39,35.15
ZA-00030433,1,SKU75441,ZAV00727,2,408.41,137.76
ZA-00030434,1,SKU92071,ZAV00087,1,182.83,49.21
ZA-00030435,1,SKU17471,ZAV00751,1,273.67,153.5
ZA-00030436,1,SKU45429,ZAV00277,1,556.88,139.41
ZA-00030437,1,SKU84790,ZAV00460,1,212.1,151.1
ZA-00030438,1,SKU23119,ZAV00793,1,485.5,154.77
ZA-00030439,1,SKU85977,ZAV00005,1,201.77,83.08
ZA-00030440,1,SKU48707,ZAV00564,1,446.55,92.39
ZA-00030440,2,SKU72414,ZAV00031,1,343.27,117.49
ZA-00030440,3,SKU74252,ZAV00707,1,157.95,149.44
ZA-00030441,1,SKU16749,ZAV00577,1,474.03,124.98
ZA-00030441,2,SKU18249,ZAV00387,1,376.88,130.22
ZA-00030442,1,SKU71886,ZAV00701,1,1249.33,40.56
ZA-00030443,1,SKU77045,ZAV00413,1,895.86,35.62
ZA-00030444,1,SKU68337,ZAV00671,1,157.58,121.75
ZA-00030445,1,SKU83303,ZAV00205,1,2018.19,109.49
ZA-00030446,1,SKU56342,ZAV00108,1,2127.55,117.54
ZA-00030447,1,SKU24141,ZAV00524,3,221.46,49.83
ZA-00030448,1,SKU39858,ZAV00291,1,533.27,77.71
ZA-00030448,2,SKU66563,ZAV00007,1,1108.12,117.77
ZA-00030449,1,SKU60628,ZAV00234,1,498.2,91.23
ZA-00030450,1,SKU60319,ZAV00168,1,349.08,134.01
ZA-00030450,2,SKU45511,ZAV00749,1,611.47,91.04
ZA-00030450,3,SKU76561,ZAV00325,1,266.31,56.13
ZA-00030451,1,SKU19444,ZAV00118,3,184.06,47.59
ZA-00030452,1,SKU94993,ZAV00374,1,1845.05,115.95
ZA-00030453,1,SKU57783,ZAV00434,1,2269.5,134.25
ZA-00030454,1,SKU95879,ZAV00308,1,312.29,72.56
ZA-00030455,1,SKU78138,ZAV00483,1,1087.69,110.79
ZA-00030456,1,SKU81776,ZAV00638,1,320.66,160.94
ZA-00030457,1,SKU48376,ZAV00477,1,378.1,45.59
ZA-00030458,1,SKU85358,ZAV00180,1,424.8,160.17
ZA-00030459,1,SKU51676,ZAV00309,1,246.64,79.33
ZA-00030460,1,SKU74097,ZAV00445,1,578.79,133.65
ZA-00030461,1,SKU67904,ZAV00189,1,1795.99,104.95
ZA-00030462,1,SKU30451,ZAV00268,1,257.35,89.21
ZA-00030462,2,SKU10648,ZAV00070,1,446.52,58.78
ZA-00030463,1,SKU21386,ZAV00592,1,975.38,139.89
ZA-00030464,1,SKU11803,ZAV00395,1,133.29,166.69
ZA-00030465,1,SKU39167,ZAV00770,1,178.53,64.36
ZA-00030466,1,SKU38008,ZAV00050,2,546.1,109.77
ZA-00030467,1,SKU12903,ZAV00690,1,209.08,165.27
ZA-00030468,1,SKU50392,ZAV00411,1,193.28,150.98
ZA-00030469,1,SKU59897,ZAV00464,1,335.35,156.58
ZA-00030470,1,SKU59067,ZAV00538,1,1144.43,82.05
ZA-00030471,1,SKU85391,ZAV00126,1,968.05,163.85
ZA-00030472,1,SKU82380,ZAV00401,1,224.76,125.09
ZA-00030473,1,SKU86858,ZAV00199,1,349.23,157.61
ZA-00030474,1,SKU24300,ZAV00712,1,242.38,83.08
ZA-00030475,1,SKU16841,ZAV00123,1,192.16,36.16
ZA-00030476,1,SKU92666,ZAV00510,1,288.66,171.71
ZA-00030477,1,SKU92510,ZAV00388,1,739.08,142.33
ZA-00030478,1,SKU75842,ZAV00579,1,317.79,133.5
ZA-00030479,1,SKU43193,ZAV00524,1,274.03,71.71
ZA-00030480,1,SKU97018,ZAV00078,1,658.22,132.21
ZA-00030481,1,SKU20184,ZAV00526,1,167.05,142.55
ZA-00030481,2,SKU29577,ZAV00274,2,1035.54,170.22
ZA-00030482,1,SKU61719,ZAV00737,1,143.78,72.87
ZA-00030483,1,SKU86081,ZAV00032,1,121.29,71.55
ZA-00030484,1,SKU90588,ZAV00275,1,374.26,52.77
ZA-00030484,2,SKU98017,ZAV00618,1,328.17,36.87
ZA-00030484,3,SKU30433,ZAV00007,1,1954.44,47.66
ZA-00030485,1,SKU40846,ZAV00256,1,141.15,110.46
ZA-00030486,1,SKU18989,ZAV00147,1,759.33,128.19
ZA-00030487,1,SKU87519,ZAV00691,2,356.12,41.72
ZA-00030488,1,SKU21518,ZAV00122,1,893.2,68.19
ZA-00030488,2,SKU25394,ZAV00222,1,583.92,38.73
ZA-00030488,3,SKU88283,ZAV00712,1,174.19,61.73
ZA-00030489,1,SKU60075,ZAV00507,1,279.69,70.69
ZA-00030490,1,SKU68590,ZAV00113,1,1176.66,80.08
ZA-00030490,2,SKU64350,ZAV00173,1,361.9,44.5
ZA-00030491,1,SKU79284,ZAV00095,2,2606.45,162.62
ZA-00030491,2,SKU21591,ZAV00017,1,375.33,167.08
ZA-00030492,1,SKU39125,ZAV00667,2,192.8,129.49
ZA-00030493,1,SKU23600,ZAV00634,1,215.6,91.48
ZA-00030493,2,SKU86464,ZAV00381,1,430.2,114.92
ZA-00030494,1,SKU78453,ZAV00325,2,2112.49,103.24
ZA-00030495,1,SKU70037,ZAV00423,1,366.68,80.35
ZA-00030495,2,SKU45048,ZAV00582,1,316.39,135.82
ZA-00030496,1,SKU12073,ZAV00689,1,261.11,67.65
ZA-00030497,1,SKU76324,ZAV00164,2,205.68,72.17
ZA-00030497,2,SKU91383,ZAV00630,2,599.15,97.84
ZA-00030498,1,SKU90950,ZAV00552,1,96.82,127.03
ZA-00030499,1,SKU87465,ZAV00477,1,385.34,130.02
ZA-00030500,1,SKU29516,ZAV00283,1,199.5,69.58
ZA-00030501,1,SKU58866,ZAV00280,1,2096.94,72.58
ZA-00030502,1,SKU47815,ZAV00287,1,250.3,149.06
ZA-00030503,1,SKU83289,ZAV00691,1,1156.95,49.96
ZA-00030504,1,SKU91140,ZAV00555,1,141.31,178.04
ZA-00030505,1,SKU64674,ZAV00309,1,389.37,71.14
ZA-00030506,1,SKU96517,ZAV00777,1,192.69,164.78
ZA-00030507,1,SKU94429,ZAV00800,1,1101.46,158.8
ZA-00030508,1,SKU79442,ZAV00601,1,303.13,164.52
ZA-00030509,1,SKU55464,ZAV00100,3,395.73,44.43
ZA-00030509,2,SKU49435,ZAV00648,1,230.88,49.59
ZA-00030510,1,SKU27211,ZAV00066,1,315.95,45.56
ZA-00030510,2,SKU53885,ZAV00247,2,996.45,121.72
ZA-00030511,1,SKU28271,ZAV00530,2,219.6,140.74
ZA-00030512,1,SKU13806,ZAV00159,1,684.81,101.14
ZA-00030513,1,SKU73236,ZAV00401,2,713.68,148.81
ZA-00030514,1,SKU61290,ZAV00703,1,177.87,157.47
ZA-00030515,1,SKU39006,ZAV00691,1,208.9,157.73
ZA-00030516,1,SKU93574,ZAV00415,1,319.27,55.8
ZA-00030517,1,SKU71335,ZAV00402,1,192.26,159.71
ZA-00030518,1,SKU71666,ZAV00378,1,177.65,140.94
ZA-00030519,1,SKU69816,ZAV00280,1,179.08,85.13
