ord_ref,line_no,sku,vendor_code,qty,unit_price_zar,delivery_fee_zar
ZA-00009402,1,SKU31759,ZAV00600,1,93.83,117.29
ZA-00009403,1,SKU62901,ZAV00084,1,311.41,86.06
ZA-00009404,1,SKU17952,ZAV00229,1,1551.55,113.54
ZA-00009405,1,SKU13166,ZAV00757,1,419.01,178.36
ZA-00009405,2,SKU20264,ZAV00188,1,120.58,81.74
ZA-00009405,3,SKU82498,ZAV00156,1,767.55,44.72
ZA-00009406,1,SKU70949,ZAV00540,2,78.45,144.86
ZA-00009406,2,SKU21216,ZAV00581,1,680.33,55.42
ZA-00009407,1,SKU47761,ZAV00253,1,743.37,160.42
ZA-00009408,1,SKU69766,ZAV00374,1,1031.41,98.83
ZA-00009408,2,SKU77732,ZAV00541,2,365.65,140.22
ZA-00009409,1,SKU39887,ZAV00735,1,155.07,89.32
ZA-00009410,1,SKU83429,ZAV00280,1,66.63,156.96
ZA-00009411,1,SKU15185,ZAV00526,1,142.2,120.76
ZA-00009412,1,SKU22214,ZAV00781,2,1544.74,123.36
ZA-00009412,2,SKU67314,ZAV00169,1,726.07,86.29
ZA-00009412,3,SKU66181,ZAV00538,1,239.35,85.3
ZA-00009413,1,SKU26074,ZAV00363,1,120.43,151.74
ZA-00009414,1,SKU80651,ZAV00176,1,166.49,171.6
ZA-00009415,1,SKU88059,ZAV00549,3,182.09,116.61
ZA-00009416,1,SKU89363,ZAV00638,1,2414.67,135.33
ZA-00009417,1,SKU59324,ZAV00368,1,1345.46,141.89
ZA-00009418,1,SKU61772,ZAV00637,2,1315.76,177.78
ZA-00009419,1,SKU17223,ZAV00177,1,455.52,48.46
ZA-00009420,1,SKU14738,ZAV00687,1,1706.16,161.47
ZA-00009421,1,SKU51679,ZAV00735,1,196.38,116.91
ZA-00009422,1,SKU25046,ZAV00049,1,419.73,79.06
ZA-00009423,1,SKU84308,ZAV00497,1,1409.95,93.13
ZA-00009424,1,SKU96017,ZAV00204,1,213.45,48.02
ZA-00009425,1,SKU24094,ZAV00219,1,481.33,112.69
ZA-00009426,1,SKU95680,ZAV00647,1,490.96,44.57
ZA-00009427,1,SKU39874,ZAV00478,1,203.83,169.1
ZA-00009428,1,SKU96814,ZAV00179,1,250.27,140.29
ZA-00009429,1,SKU90505,ZAV00264,1,698.76,111.09
ZA-00009430,1,SKU32860,ZAV00561,3,654.72,63.92
ZA-00009431,1,SKU90695,ZAV00029,1,1255.46,37.7
ZA-00009432,1,SKU44236,ZAV00386,1,198.89,74.14
ZA-00009432,2,SKU41887,ZAV00218,1,84.66,47.75
ZA-00009433,1,SKU64865,ZAV00710,1,1043.6,35.95
ZA-00009434,1,SKU61141,ZAV00100,1,75.07,161.46
ZA-00009435,1,SKU24288,ZAV00376,1,254.32,108.74
ZA-00009436,1,SKU46974,ZAV00721,1,280.01,165.16
ZA-00009437,1,SKU31325,ZAV00401,1,187.56,119.87
ZA-00009438,1,SKU85293,ZAV00323,1,241.86,153.65
ZA-00009439,1,SKU45703,ZAV00331,1,332.74,166.25
ZA-00009440,1,SKU16188,ZAV00350,1,805.06,178.93
ZA-00009440,2,SKU93517,ZAV00480,1,1202.77,47.38
ZA-00009440,3,SKU85366,ZAV00534,2,466.69,38.44
ZA-00009441,1,SKU34948,ZAV00558,2,160.76,131.37
ZA-00009442,1,SKU41072,ZAV00465,1,283.58,129.92
ZA-00009443,1,SKU97480,ZAV00619,2,420.53,177.44
ZA-00009444,1,SKU18611,ZAV00039,1,651.86,38.36
ZA-00009445,1,SKU98946,ZAV00720,1,81.29,103.88
ZA-00009446,1,SKU58107,ZAV00341,1,305.42,174.66
ZA-00009447,1,SKU60480,ZAV00499,1,53.14,154.96
ZA-00009448,1,SKU86461,ZAV00723,1,675.81,108.14
ZA-00009449,1,SKU51907,ZAV00417,2,2327.86,147.72
ZA-00009450,1,SKU33699,ZAV00116,2,1461.85,133.18
ZA-00009451,1,SKU29952,ZAV00301,1,771.49,148.62
ZA-00009452,1,SKU76078,ZAV00782,1,2429.05,49.73
ZA-00009453,1,SKU13653,ZAV00565,1,243.33,114.82
ZA-00009454,1,SKU51438,ZAV00268,1,384.79,81.56
ZA-00009455,1,SKU30796,ZAV00781,1,509.47,176.92
ZA-00009456,1,SKU77124,ZAV00380,1,668.1,165.49
ZA-00009456,2,SKU52301,ZAV00586,1,166.82,92.7
ZA-00009457,1,SKU88335,ZAV00191,1,830.29,176.02
ZA-00009457,2,SKU51949,ZAV00466,1,1151.36,108.19
ZA-00009457,3,SKU97359,ZAV00542,1,374.1,74.15
ZA-00009458,1,SKU53039,ZAV00170,1,362.36,164.66
ZA-00009459,1,SKU55445,ZAV00397,1,764.44,103.24
ZA-00009460,1,SKU48559,ZAV00286,1,196.86,157.17
ZA-00009460,2,SKU15467,ZAV00243,1,1193.21,172.81
ZA-00009461,1,SKU75747,ZAV00558,1,211.9,44.16
ZA-00009462,1,SKU61404,ZAV00095,1,567.44,97.72
ZA-00009463,1,SKU14577,ZAV00250,1,975.94,41.44
ZA-00009463,2,SKU50872,ZAV00748,1,899.2,60.82
ZA-00009464,1,SKU26190,ZAV00696,1,204.29,167.09
ZA-00009464,2,SKU88081,ZAV00112,1,802.85,154.11
ZA-00009465,1,SKU54100,ZAV00532,1,1277.08,58.81
ZA-00009466,1,SKU99302,ZAV00457,1,91.5,173.34
ZA-00009467,1,SKU85582,ZAV00068,1,139.37,91.27
ZA-00009468,1,SKU22352,ZAV00521,2,535.04,64.04
ZA-00009469,1,SKU17983,ZAV00212,1,5338.68,51.92
ZA-00009470,1,SKU74782,ZAV00275,1,795.0,72.01
ZA-00009471,1,SKU32781,ZAV00737,3,549.99,36.11
ZA-00009472,1,SKU41483,ZAV00442,1,307.12,97.29
ZA-00009472,2,SKU18590,ZAV00755,1,697.77,136.29
ZA-00009473,1,SKU56074,ZAV00234,1,438.66,142.65
ZA-00009474,1,SKU90096,ZAV00096,1,290.39,158.55
ZA-00009474,2,SKU11105,ZAV00003,1,478.88,80.76
ZA-00009475,1,SKU67332,ZAV00763,1,65.94,141.34
ZA-00009476,1,SKU23973,ZAV00390,1,83.83,160.06
ZA-00009477,1,SKU72314,ZAV00664,1,553.24,133.82
ZA-00009477,2,SKU63578,ZAV00231,1,493.98,118.88
ZA-00009478,1,SKU24952,ZAV00473,3,1175.51,43.29
ZA-00009479,1,SKU23285,ZAV00396,1,280.48,138.88
ZA-00009479,2,SKU59771,ZAV00080,1,8352.05,145.02
ZA-00009479,3,SKU22317,ZAV00466,1,1673.45,159.26
ZA-00009480,1,SKU69669,ZAV00509,1,349.28,93.7
ZA-00009481,1,SKU25309,ZAV00487,1,2034.28,131.68
ZA-00009482,1,SKU90103,ZAV00756,1,222.13,57.75
ZA-00009483,1,SKU87713,ZAV00244,1,1199.96,96.58
ZA-00009484,1,SKU65848,ZAV00504,1,1358.95,78.4
ZA-00009484,2,SKU20434,ZAV00186,2,480.87,58.24
ZA-00009484,3,SKU83087,ZAV00317,1,1446.55,40.9
ZA-00009485,1,SKU43188,ZAV00759,1,948.63,147.6
ZA-00009486,1,SKU94498,ZAV00538,1,240.71,147.09
ZA-00009487,1,SKU86796,ZAV00442,1,245.51,70.32
ZA-00009487,2,SKU19277,ZAV00561,1,1065.65,41.88
ZA-00009488,1,SKU95337,ZAV00568,1,171.02,101.09
ZA-00009489,1,SKU42867,ZAV00420,1,247.91,158.56
ZA-00009490,1,SKU25053,ZAV00103,1,591.44,155.7
ZA-00009491,1,SKU96049,ZAV00112,1,572.79,139.64
ZA-00009492,1,SKU61071,ZAV00345,1,162.83,70.25
ZA-00009493,1,SKU43067,ZAV00792,1,341.05,87.29
ZA-00009494,1,SKU25184,ZAV00492,1,2133.46,48.48
ZA-00009495,1,SKU47416,ZAV00218,1,558.47,76.61
ZA-00009495,2,SKU23139,ZAV00390,1,360.9,128.54
ZA-00009496,1,SKU68159,ZAV00638,1,100.74,63.73
ZA-00009497,1,SKU43897,ZAV00015,1,280.68,68.89
ZA-00009498,1,SKU12244,ZAV00737,1,825.25,157.61
ZA-00009499,1,SKU55374,ZAV00038,1,144.28,90.2
ZA-00009500,1,SKU65578,ZAV00595,1,297.81,59.56
ZA-00009500,2,SKU59568,ZAV00303,1,158.71,113.24
ZA-00009500,3,SKU55673,ZAV00690,1,844.17,35.05
ZA-00009501,1,SKU80112,ZAV00551,1,215.76,131.03
ZA-00009502,1,SKU83099,ZAV00295,1,1407.27,49.36
ZA-00009502,2,SKU88775,ZAV00434,1,367.32,148.55
ZA-00009503,1,SKU73392,ZAV00609,1,184.41,60.28
ZA-00009504,1,SKU12833,ZAV00435,1,421.06,175.86
ZA-00009505,1,SKU31218,ZAV00121,1,91.7,101.22
ZA-00009506,1,SKU48885,ZAV00408,1,178.14,129.91
ZA-00009506,2,SKU38157,ZAV00493,1,1150.62,175.79
ZA-00009507,1,SKU20011,ZAV00011,1,848.16,89.97
ZA-00009508,1,SKU47316,ZAV00524,1,176.68,172.08
ZA-00009509,1,SKU55597,ZAV00705,1,86.45,98.79
ZA-00009510,1,SKU23404,ZAV00177,1,183.97,40.55
ZA-00009510,2,SKU39504,ZAV00387,1,482.69,63.85
ZA-00009511,1,SKU95485,ZAV00586,1,860.53,173.75
ZA-00009512,1,SKU81115,ZAV00320,1,2068.17,86.63
ZA-00009513,1,SKU91098,ZAV00172,1,548.37,55.34
ZA-00009514,1,SKU97556,ZAV00652,1,441.92,95.31
ZA-00009515,1,SKU48293,ZAV00502,1,396.04,144.27
ZA-00009516,1,SKU49826,ZAV00065,2,327.1,105.31
ZA-00009517,1,SKU48337,ZAV00182,1,154.88,144.89
ZA-00009518,1,SKU64920,ZAV00420,1,289.19,81.25
ZA-00009518,2,SKU10370,ZAV00334,1,327.22,71.67
ZA-00009519,1,SKU40510,ZAV00690,3,478.4,125.05
ZA-00009519,2,SKU39764,ZAV00697,1,167.91,42.23
ZA-00009520,1,SKU35987,ZAV00080,1,371.11,76.0
ZA-00009521,1,SKU78857,ZAV00333,1,2295.83,88.47
ZA-00009522,1,SKU32043,ZAV00211,1,1471.79,106.25
ZA-00009522,2,SKU99273,ZAV00410,1,360.4,144.4
ZA-00009523,1,SKU59201,ZAV00656,1,617.97,139.62
ZA-00009524,1,SKU82471,ZAV00192,1,798.46,177.35
ZA-00009524,2,SKU15738,ZAV00378,1,568.26,179.8
ZA-00009524,3,SKU95605,ZAV00520,3,460.77,61.05
ZA-00009525,1,SKU39845,ZAV00346,1,163.77,42.83
ZA-00009525,2,SKU77727,ZAV00454,1,1869.22,55.85
ZA-00009526,1,SKU27577,ZAV00129,2,458.97,178.5
ZA-00009527,1,SKU25803,ZAV00024,1,1602.35,65.55
ZA-00009528,1,SKU36079,ZAV00731,1,350.11,147.1
ZA-00009528,2,SKU61509,ZAV00768,1,834.71,67.12
ZA-00009529,1,SKU87117,ZAV00580,1,1340.16,156.65
ZA-00009530,1,SKU98919,ZAV00516,1,469.76,125.31
ZA-00009531,1,SKU19841,ZAV00095,3,931.37,50.72
ZA-00009532,1,SKU99847,ZAV00048,3,76.16,71.38
ZA-00009533,1,SKU49746,ZAV00093,1,59.78,78.2
ZA-00009534,1,SKU54284,ZAV00788,1,662.59,42.96
ZA-00009535,1,SKU23796,ZAV00007,1,214.4,70.96
ZA-00009536,1,SKU75202,ZAV00369,1,110.13,92.68
ZA-00009537,1,SKU95366,ZAV00128,1,472.22,109.01
ZA-00009538,1,SKU35612,ZAV00365,1,329.46,85.03
ZA-00009539,1,SKU78383,ZAV00680,1,225.51,76.51
ZA-00009540,1,SKU82640,ZAV00692,2,901.47,108.21
ZA-00009540,2,SKU95897,ZAV00241,1,146.95,140.3
ZA-00009541,1,SKU61960,ZAV00693,1,273.35,71.35
ZA-00009542,1,SKU55555,ZAV00072,1,252.54,106.66
ZA-00009542,2,SKU90561,ZAV00373,1,671.05,85.06
ZA-00009543,1,SKU16659,ZAV00438,1,1395.36,118.53
ZA-00009543,2,SKU62218,ZAV00519,1,753.95,111.04
ZA-00009544,1,SKU27762,ZAV00008,2,665.75,170.94
ZA-00009545,1,SKU30483,ZAV00339,1,425.81,167.72
ZA-00009546,1,SKU74871,ZAV00024,1,448.39,53.17
ZA-00009546,2,SKU48603,ZAV00598,1,428.41,74.89
ZA-00009547,1,SKU47544,ZAV00646,2,1163.71,137.67
ZA-00009548,1,SKU38747,ZAV00135,1,735.93,36.77
ZA-00009549,1,SKU79076,ZAV00680,1,715.5,62.19
ZA-00009549,2,SKU94090,ZAV00516,1,477.62,147.1
ZA-00009550,1,SKU42717,ZAV00108,1,370.51,113.21
ZA-00009551,1,SKU88911,ZAV00654,1,574.96,143.07
ZA-00009552,1,SKU52327,ZAV00711,1,879.02,85.04
ZA-00009553,1,SKU21566,ZAV00363,1,620.38,95.36
ZA-00009554,1,SKU10600,ZAV00141,2,202.28,146.02
ZA-00009555,1,SKU77032,ZAV00393,1,380.14,179.46
ZA-00009555,2,SKU88240,ZAV00707,1,185.92,129.76
ZA-00009556,1,SKU25856,ZAV00649,1,66.76,80.17
ZA-00009557,1,SKU45814,ZAV00187,1,310.54,48.77
ZA-00009558,1,SKU33458,ZAV00765,1,2312.93,71.02
ZA-00009559,1,SKU85961,ZAV00114,1,559.37,94.93
ZA-00009560,1,SKU85906,ZAV00756,2,195.31,94.13
ZA-00009561,1,SKU65297,ZAV00372,1,967.47,171.84
ZA-00009561,2,SKU63419,ZAV00040,1,761.2,159.9
ZA-00009562,1,SKU47856,ZAV00333,1,76.83,108.71
ZA-00009563,1,SKU54056,ZAV00380,1,548.12,123.64
ZA-00009564,1,SKU24548,ZAV00589,1,254.18,54.65
ZA-00009564,2,SKU65754,ZAV00652,1,1521.37,103.65
ZA-00009565,1,SKU34915,ZAV00653,1,290.66,53.21
ZA-00009566,1,SKU30729,ZAV00692,1,253.25,151.59
ZA-00009566,2,SKU42536,ZAV00214,1,498.36,95.01
ZA-00009567,1,SKU77667,ZAV00699,1,969.02,79.61
ZA-00009568,1,SKU45623,ZAV00620,1,477.6,170.85
ZA-00009569,1,SKU41635,ZAV00303,2,515.69,89.36
ZA-00009570,1,SKU85840,ZAV00620,1,686.9,143.61
ZA-00009571,1,SKU25457,ZAV00011,1,855.45,83.72
ZA-00009572,1,SKU34104,ZAV00041,1,432.25,126.36
ZA-00009573,1,SKU99263,ZAV00123,1,211.27,119.22
ZA-00009574,1,SKU63648,ZAV00097,1,1017.48,53.22
ZA-00009575,1,SKU36929,ZAV00713,1,38.68,59.91
ZA-00009575,2,SKU39263,ZAV00315,2,423.5,83.99
ZA-00009576,1,SKU83691,ZAV00545,1,858.11,173.66
ZA-00009577,1,SKU35837,ZAV00341,1,410.26,66.97
ZA-00009578,1,SKU31172,ZAV00447,1,1733.86,168.4
ZA-00009578,2,SKU44447,ZAV00635,3,975.39,177.49
ZA-00009579,1,SKU79948,ZAV00279,1,602.11,115.18
ZA-00009579,2,SKU35289,ZAV00306,1,979.47,98.43
ZA-00009580,1,SKU93917,ZAV00072,1,411.68,108.33
ZA-00009581,1,SKU15637,ZAV00008,1,502.19,75.61
ZA-00009582,1,SKU13798,ZAV00051,1,265.38,93.14
ZA-00009583,1,SKU44545,ZAV00441,3,275.61,95.2
ZA-00009583,2,SKU47473,ZAV00301,3,567.14,138.34
ZA-00009584,1,SKU75696,ZAV00005,1,1845.36,70.33
ZA-00009585,1,SKU16545,ZAV00615,1,417.77,94.88
ZA-00009586,1,SKU37860,ZAV00712,1,1984.84,125.22
ZA-00009587,1,SKU48203,ZAV00631,1,317.77,170.29
ZA-00009588,1,SKU82832,ZAV00159,1,896.26,130.55
ZA-00009589,1,SKU75806,ZAV00695,1,244.98,114.42
ZA-00009590,1,SKU35627,ZAV00794,1,74.61,172.36
ZA-00009591,1,SKU57184,ZAV00544,2,95.43,37.08
ZA-00009592,1,SKU83082,ZAV00468,1,237.52,64.42
ZA-00009592,2,SKU22068,ZAV00717,1,285.79,50.9
ZA-00009593,1,SKU85534,ZAV00724,1,908.38,175.26
ZA-00009594,1,SKU48957,ZAV00706,2,593.99,96.87
ZA-00009595,1,SKU53573,ZAV00120,1,201.42,52.47
ZA-00009596,1,SKU64399,ZAV00187,1,808.67,41.84
ZA-00009596,2,SKU98020,ZAV00166,1,100.84,160.42
ZA-00009596,3,SKU99640,ZAV00539,1,352.02,96.21
ZA-00009597,1,SKU14790,ZAV00087,1,682.42,178.05
ZA-00009598,1,SKU38864,ZAV00036,3,326.46,175.41
ZA-00009599,1,SKU73229,ZAV00584,1,1019.7,91.31
ZA-00009600,1,SKU44835,ZAV00046,1,637.9,137.73
ZA-00009600,2,SKU46506,ZAV00205,1,610.37,161.57
ZA-00009601,1,SKU26317,ZAV00102,1,454.16,178.91
ZA-00009602,1,SKU21564,ZAV00650,1,227.63,93.82
ZA-00009603,1,SKU76667,ZAV00219,1,275.91,44.61
ZA-00009604,1,SKU33038,ZAV00465,1,1255.01,149.98
ZA-00009605,1,SKU84762,ZAV00545,1,296.66,63.36
ZA-00009606,1,SKU55608,ZAV00456,2,331.28,107.22
ZA-00009607,1,SKU25866,ZAV00470,1,466.8,157.2
ZA-00009608,1,SKU48213,ZAV00200,1,1349.15,126.41
ZA-00009608,2,SKU44296,ZAV00321,1,548.84,124.44
ZA-00009608,3,SKU65798,ZAV00756,1,375.95,121.01
ZA-00009609,1,SKU77117,ZAV00627,1,206.12,123.95
ZA-00009609,2,SKU73715,ZAV00153,2,189.29,79.34
ZA-00009610,1,SKU58960,ZAV00015,1,85.54,158.76
ZA-00009611,1,SKU17405,ZAV00461,3,317.51,133.46
ZA-00009611,2,SKU87800,ZAV00685,1,608.84,45.45
ZA-00009612,1,SKU51110,ZAV00723,1,280.83,156.61
ZA-00009613,1,SKU67392,ZAV00343,1,724.11,107.47
ZA-00009614,1,SKU96843,ZAV00103,1,205.48,139.44
ZA-00009615,1,SKU69638,ZAV00540,1,577.98,176.08
ZA-00009616,1,SKU91769,ZAV00323,1,325.06,66.11
ZA-00009617,1,SKU30226,ZAV00601,1,309.43,113.0
ZA-00009618,1,SKU54732,ZAV00029,1,923.88,64.59
ZA-00009618,2,SKU12823,ZAV00467,1,2376.85,50.93
ZA-00009619,1,SKU42501,ZAV00476,1,441.31,88.34
ZA-00009620,1,SKU44178,ZAV00705,1,442.73,124.46
ZA-00009621,1,SKU16296,ZAV00173,1,296.47,102.59
ZA-00009622,1,SKU40124,ZAV00765,2,405.67,78.8
ZA-00009623,1,SKU94175,ZAV00145,1,1390.34,36.38
ZA-00009624,1,SKU57367,ZAV00347,1,1212.11,92.76
ZA-00009625,1,SKU35258,ZAV00161,1,792.68,136.02
ZA-00009626,1,SKU41717,ZAV00547,1,1548.47,133.68
ZA-00009627,1,SKU58346,ZAV00727,1,464.12,88.32
ZA-00009627,2,SKU97262,ZAV00162,1,407.97,94.93
ZA-00009628,1,SKU61709,ZAV00513,1,724.26,63.26
ZA-00009629,1,SKU25484,ZAV00053,1,316.64,40.4
ZA-00009630,1,SKU37461,ZAV00499,1,803.31,169.5
ZA-00009630,2,SKU69551,ZAV00635,3,449.52,173.4
ZA-00009631,1,SKU18158,ZAV00512,2,288.27,68.96
ZA-00009632,1,SKU91912,ZAV00514,1,156.39,60.3
ZA-00009633,1,SKU69237,ZAV00716,3,664.5,172.28
ZA-00009634,1,SKU94401,ZAV00077,1,928.58,102.98
ZA-00009635,1,SKU15448,ZAV00346,1,148.65,120.89
ZA-00009635,2,SKU78011,ZAV00184,1,494.83,141.79
ZA-00009636,1,SKU90851,ZAV00097,1,593.68,177.46
ZA-00009637,1,SKU13965,ZAV00527,1,313.35,55.76
ZA-00009638,1,SKU65634,ZAV00021,1,50.99,72.29
ZA-00009639,1,SKU46937,ZAV00329,1,33.16,110.0
ZA-00009640,1,SKU75294,ZAV00048,1,407.68,116.97
ZA-00009641,1,SKU39046,ZAV00096,1,229.71,110.06
ZA-00009642,1,SKU51491,ZAV00081,1,258.98,80.28
ZA-00009643,1,SKU56101,ZAV00563,1,1338.09,128.17
ZA-00009643,2,SKU26631,ZAV00598,1,929.28,146.04
ZA-00009644,1,SKU46874,ZAV00585,1,490.76,83.82
ZA-00009645,1,SKU44845,ZAV00539,1,1495.12,92.08
ZA-00009645,2,SKU26119,ZAV00184,1,92.38,83.2
ZA-00009646,1,SKU95912,ZAV00044,1,163.76,49.24
ZA-00009647,1,SKU78092,ZAV00160,1,262.18,150.41
ZA-00009648,1,SKU73347,ZAV00309,1,238.93,63.67
ZA-00009649,1,SKU47273,ZAV00303,1,823.25,116.89
ZA-00009650,1,SKU85312,ZAV00068,2,1088.9,160.89
ZA-00009651,1,SKU44475,ZAV00787,1,799.09,64.59
ZA-00009652,1,SKU23047,ZAV00159,2,181.51,66.27
ZA-00009652,2,SKU55116,ZAV00563,1,705.58,77.47
ZA-00009652,3,SKU49198,ZAV00578,2,178.14,140.23
ZA-00009653,1,SKU95978,ZAV00489,1,105.48,70.84
ZA-00009654,1,SKU34510,ZAV00659,1,370.03,39.15
ZA-00009654,2,SKU49985,ZAV00087,1,1339.17,118.35
ZA-00009655,1,SKU97022,ZAV00567,1,365.83,120.19
ZA-00009656,1,SKU17935,ZAV00382,2,906.74,100.36
ZA-00009657,1,SKU17479,ZAV00240,1,482.69,64.32
ZA-00009658,1,SKU52423,ZAV00449,1,206.92,172.76
ZA-00009659,1,SKU10373,ZAV00749,1,215.82,144.56
ZA-00009660,1,SKU99207,ZAV00461,1,632.27,37.4
ZA-00009661,1,SKU78006,ZAV00380,1,167.57,139.89
ZA-00009662,1,SKU63555,ZAV00428,1,520.15,81.03
ZA-00009663,1,SKU71936,ZAV00270,1,611.09,80.99
ZA-00009663,2,SKU76961,ZAV00229,1,5666.72,167.69
ZA-00009664,1,SKU40424,ZAV00642,1,155.09,133.96
ZA-00009665,1,SKU61577,ZAV00322,1,1993.93,132.28
ZA-00009665,2,SKU92069,ZAV00270,1,1173.5,113.63
ZA-00009666,1,SKU83489,ZAV00728,1,198.23,76.43
ZA-00009666,2,SKU94230,ZAV00571,1,311.81,49.67
ZA-00009667,1,SKU40600,ZAV00386,1,514.03,81.09
ZA-00009668,1,SKU48038,ZAV00700,1,299.4,133.42
ZA-00009669,1,SKU21601,ZAV00091,1,629.36,35.31
ZA-00009670,1,SKU68226,ZAV00467,1,405.26,114.17
ZA-00009671,1,SKU64626,ZAV00282,2,953.77,146.44
ZA-00009672,1,SKU89468,ZAV00188,1,607.09,87.01
ZA-00009673,1,SKU45223,ZAV00317,3,268.58,91.46
ZA-00009674,1,SKU14929,ZAV00591,1,1231.78,107.3
ZA-00009675,1,SKU48566,ZAV00036,1,432.26,89.59
ZA-00009676,1,SKU68719,ZAV00472,1,912.28,138.59
ZA-00009676,2,SKU39861,ZAV00422,1,1135.59,114.62
ZA-00009677,1,SKU11166,ZAV00087,1,579.68,43.6
ZA-00009678,1,SKU11815,ZAV00304,1,1555.85,164.41
ZA-00009679,1,SKU33278,ZAV00542,1,227.02,40.21
ZA-00009679,2,SKU17871,ZAV00267,1,963.93,97.42
ZA-00009680,1,SKU34051,ZAV00279,1,838.26,115.22
ZA-00009681,1,SKU85614,ZAV00554,1,301.89,155.55
ZA-00009682,1,SKU41191,ZAV00263,1,447.48,122.51
ZA-00009683,1,SKU37919,ZAV00399,1,207.44,178.06
ZA-00009684,1,SKU79673,ZAV00346,1,994.08,128.8
ZA-00009685,1,SKU71713,ZAV00030,1,614.62,163.85
ZA-00009686,1,SKU42110,ZAV00276,1,919.81,48.36
ZA-00009687,1,SKU48699,ZAV00049,1,349.19,98.65
ZA-00009688,1,SKU67720,ZAV00585,2,1446.56,170.18
ZA-00009689,1,SKU18161,ZAV00258,1,246.75,117.39
ZA-00009690,1,SKU25387,ZAV00543,2,824.23,56.38
ZA-00009690,2,SKU24025,ZAV00093,1,139.11,94.19
ZA-00009691,1,SKU36005,ZAV00676,1,1640.29,110.06
ZA-00009692,1,SKU83587,ZAV00766,1,348.22,175.82
ZA-00009693,1,SKU84815,ZAV00661,1,1073.91,177.19
ZA-00009694,1,SKU11542,ZAV00190,1,499.67,104.01
ZA-00009695,1,SKU97742,ZAV00265,1,534.98,119.4
ZA-00009696,1,SKU91146,ZAV00797,1,384.29,65.1
ZA-00009697,1,SKU99101,ZAV00371,1,524.2,75.09
ZA-00009697,2,SKU63715,ZAV00639,1,156.93,82.38
ZA-00009698,1,SKU99227,ZAV00380,1,354.68,116.95
ZA-00009699,1,SKU15771,ZAV00637,1,142.32,154.23
ZA-00009699,2,SKU82278,ZAV00263,1,286.96,54.62
ZA-00009700,1,SKU52178,ZAV00748,1,283.07,156.58
ZA-00009701,1,SKU30442,ZAV00626,1,188.42,130.86
ZA-00009702,1,SKU43939,ZAV00640,1,406.31,147.98
ZA-00009703,1,SKU52874,ZAV00475,1,139.14,85.47
ZA-00009704,1,SKU89317,ZAV00438,2,1683.78,49.45
ZA-00009705,1,SKU62644,ZAV00751,2,337.48,167.35
ZA-00009706,1,SKU26965,ZAV00033,1,323.74,175.11
ZA-00009706,2,SKU81241,ZAV00286,1,160.47,47.38
ZA-00009707,1,SKU68361,ZAV00119,1,783.03,121.99
ZA-00009708,1,SKU63698,ZAV00105,1,60.42,42.24
ZA-00009709,1,SKU43398,ZAV00307,1,395.62,113.97
ZA-00009710,1,SKU28370,ZAV00080,1,406.13,163.43
ZA-00009711,1,SKU22561,ZAV00033,1,264.39,87.02
ZA-00009712,1,SKU54893,ZAV00502,1,1714.57,152.5
ZA-00009713,1,SKU88264,ZAV00204,1,324.29,110.58
ZA-00009714,1,SKU37111,ZAV00324,2,2021.07,71.08
ZA-00009715,1,SKU72832,ZAV00349,2,241.68,102.78
ZA-00009716,1,SKU29868,ZAV00352,1,1178.35,72.73
ZA-00009717,1,SKU67021,ZAV00097,1,3966.57,116.82
ZA-00009718,1,SKU82863,ZAV00520,1,78.54,86.62
ZA-00009719,1,SKU87932,ZAV00642,1,462.5,111.82
ZA-00009720,1,SKU50080,ZAV00010,1,203.32,130.32
ZA-00009721,1,SKU70072,ZAV00673,1,4618.01,154.11
ZA-00009721,2,SKU52675,ZAV00091,1,577.28,47.2
ZA-00009722,1,SKU39333,ZAV00290,1,1616.56,149.57
ZA-00009723,1,SKU50338,ZAV00252,1,504.86,56.21
ZA-00009724,1,SKU51513,ZAV00043,2,1179.81,60.45
ZA-00009725,1,SKU96323,ZAV00013,1,492.51,110.54
ZA-00009726,1,SKU80438,ZAV00776,1,393.0,141.52
ZA-00009726,2,SKU43485,ZAV00609,1,636.98,157.36
ZA-00009727,1,SKU55801,ZAV00391,1,513.27,63.53
ZA-00009727,2,SKU64621,ZAV00135,1,575.66,135.43
ZA-00009727,3,SKU73088,ZAV00278,1,229.53,173.88
ZA-00009728,1,SKU92235,ZAV00479,3,229.9,53.24
ZA-00009729,1,SKU57587,ZAV00650,1,277.0,142.5
ZA-00009730,1,SKU10392,ZAV00044,1,271.13,52.94
ZA-00009731,1,SKU25945,ZAV00291,1,360.47,179.82
ZA-00009732,1,SKU29812,ZAV00356,1,402.31,92.13
ZA-00009732,2,SKU13332,ZAV00644,1,1358.54,99.5
ZA-00009733,1,SKU55175,ZAV00737,2,310.57,117.67
ZA-00009734,1,SKU98345,ZAV00139,2,531.58,92.41
ZA-00009735,1,SKU95912,ZAV00653,1,1189.4,122.2
ZA-00009736,1,SKU26536,ZAV00057,1,156.35,100.88
ZA-00009737,1,SKU27683,ZAV00482,1,330.98,105.02
ZA-00009737,2,SKU40134,ZAV00334,1,1033.16,115.31
ZA-00009737,3,SKU52058,ZAV00340,1,271.12,43.52
ZA-00009738,1,SKU75947,ZAV00316,1,349.21,156.45
ZA-00009739,1,SKU79917,ZAV00661,1,637.56,144.38
ZA-00009740,1,SKU61205,ZAV00638,1,848.9,105.35
ZA-00009741,1,SKU67120,ZAV00737,1,569.04,147.37
ZA-00009742,1,SKU80818,ZAV00195,1,668.69,81.84
ZA-00009743,1,SKU86981,ZAV00194,1,2304.7,60.09
ZA-00009743,2,SKU41368,ZAV00574,2,679.28,167.61
ZA-00009744,1,SKU89167,ZAV00740,1,702.66,96.29
ZA-00009745,1,SKU61533,ZAV00319,1,1972.74,85.25
ZA-00009745,2,SKU67573,ZAV00014,1,605.33,178.81
ZA-00009746,1,SKU24728,ZAV00170,2,147.82,144.59
ZA-00009747,1,SKU89597,ZAV00185,1,241.29,54.34
ZA-00009747,2,SKU50523,ZAV00094,1,1092.02,100.44
ZA-00009747,3,SKU99786,ZAV00245,1,65.0,167.55
ZA-00009748,1,SKU59868,ZAV00391,1,332.11,83.32
ZA-00009749,1,SKU89247,ZAV00496,1,477.03,122.36
ZA-00009750,1,SKU34369,ZAV00025,1,224.41,118.53
ZA-00009750,2,SKU81739,ZAV00082,1,760.52,89.11
ZA-00009751,1,SKU70957,ZAV00204,2,553.43,90.64
ZA-00009752,1,SKU13407,ZAV00231,1,467.64,113.22
ZA-00009753,1,SKU71100,ZAV00588,1,138.4,135.39
ZA-00009754,1,SKU71835,ZAV00532,1,1399.87,132.96
ZA-00009755,1,SKU87337,ZAV00128,1,371.55,166.45
ZA-00009756,1,SKU78149,ZAV00717,1,517.97,69.16
ZA-00009757,1,SKU36988,ZAV00676,1,92.85,160.85
ZA-00009758,1,SKU20137,ZAV00075,1,604.42,170.77
ZA-00009759,1,SKU82999,ZAV00051,1,496.94,119.81
ZA-00009759,2,SKU33191,ZAV00003,1,269.76,61.53
ZA-00009760,1,SKU59149,ZAV00420,1,135.78,149.24
ZA-00009761,1,SKU24605,ZAV00024,1,2888.14,53.39
ZA-00009762,1,SKU65017,ZAV00074,1,393.66,76.65
ZA-00009763,1,SKU23156,ZAV00667,1,4346.84,164.09
ZA-00009764,1,SKU59368,ZAV00440,1,89.03,113.55
ZA-00009765,1,SKU13796,ZAV00338,1,68.69,176.06
ZA-00009766,1,SKU33007,ZAV00123,2,83.37,112.34
ZA-00009766,2,SKU23284,ZAV00518,1,212.96,170.91
ZA-00009767,1,SKU47627,ZAV00757,1,1012.7,118.57
ZA-00009768,1,SKU91440,ZAV00209,1,900.02,149.31
ZA-00009769,1,SKU10524,ZAV00658,1,484.54,173.85
ZA-00009770,1,SKU72781,ZAV00561,3,650.68,162.44
ZA-00009771,1,SKU44850,ZAV00772,1,571.77,77.43
ZA-00009772,1,SKU66494,ZAV00544,1,170.45,142.93
ZA-00009773,1,SKU75486,ZAV00494,1,1039.94,124.08
ZA-00009774,1,SKU32703,ZAV00404,1,938.08,163.47
ZA-00009775,1,SKU73550,ZAV00144,1,118.72,76.77
ZA-00009776,1,SKU37714,ZAV00794,1,823.2,123.82
ZA-00009777,1,SKU18695,ZAV00072,2,487.37,53.13
ZA-00009778,1,SKU54005,ZAV00785,3,178.12,137.74
ZA-00009779,1,SKU12128,ZAV00360,3,438.75,141.12
ZA-00009780,1,SKU57575,ZAV00094,1,30.51,66.87
ZA-00009781,1,SKU31844,ZAV00107,1,1640.8,78.1
ZA-00009782,1,SKU43816,ZAV00097,3,95.67,36.28
ZA-00009782,2,SKU54737,ZAV00773,1,324.19,167.42
ZA-00009783,1,SKU55955,ZAV00278,1,396.54,114.53
ZA-00009784,1,SKU67488,ZAV00023,2,498.29,76.39
ZA-00009784,2,SKU52416,ZAV00303,1,2163.66,147.69
ZA-00009785,1,SKU20826,ZAV00341,1,387.1,93.02
ZA-00009786,1,SKU98583,ZAV00073,1,311.85,85.14
ZA-00009787,1,SKU73188,ZAV00785,2,1443.13,82.41
ZA-00009788,1,SKU56407,ZAV00236,1,387.43,153.31
ZA-00009789,1,SKU47101,ZAV00784,3,346.92,65.39
ZA-00009790,1,SKU17121,ZAV00197,1,1664.39,122.12
ZA-00009790,2,SKU82472,ZAV00082,1,245.02,76.15
ZA-00009791,1,SKU15229,ZAV00411,1,390.69,96.11
ZA-00009792,1,SKU35257,ZAV00791,1,503.85,147.19
ZA-00009792,2,SKU35633,ZAV00586,1,586.67,125.04
ZA-00009793,1,SKU17435,ZAV00442,1,333.31,42.73
ZA-00009794,1,SKU19419,ZAV00633,1,299.78,120.52
ZA-00009795,1,SKU38370,ZAV00604,1,117.95,70.65
ZA-00009795,2,SKU55637,ZAV00141,1,467.46,110.28
ZA-00009796,1,SKU29293,ZAV00471,1,172.15,88.2
ZA-00009797,1,SKU73580,ZAV00275,1,141.12,166.45
ZA-00009798,1,SKU71378,ZAV00255,2,50.19,76.23
ZA-00009799,1,SKU20902,ZAV00251,2,619.94,52.47
ZA-00009799,2,SKU34345,ZAV00359,1,135.36,179.97
ZA-00009800,1,SKU49996,ZAV00617,1,514.85,154.41
ZA-00009801,1,SKU38374,ZAV00405,1,51.09,156.24
ZA-00009802,1,SKU45168,ZAV00581,1,693.37,82.5
ZA-00009803,1,SKU83996,ZAV00725,1,931.24,148.18
ZA-00009803,2,SKU85481,ZAV00261,1,82.46,158.12
ZA-00009803,3,SKU27072,ZAV00620,1,409.8,80.97
ZA-00009804,1,SKU21911,ZAV00065,1,241.72,110.02
ZA-00009805,1,SKU44901,ZAV00556,1,343.09,161.1
ZA-00009806,1,SKU44483,ZAV00609,1,101.69,47.85
ZA-00009807,1,SKU26788,ZAV00627,1,1502.58,35.21
ZA-00009808,1,SKU77366,ZAV00393,1,391.86,59.7
ZA-00009809,1,SKU52419,ZAV00524,2,1953.02,135.11
ZA-00009809,2,SKU73229,ZAV00047,1,369.18,112.52
ZA-00009810,1,SKU64594,ZAV00379,1,111.09,99.22
ZA-00009811,1,SKU69685,ZAV00284,1,480.59,81.37
ZA-00009812,1,SKU99556,ZAV00185,2,99.27,62.9
ZA-00009813,1,SKU92540,ZAV00061,1,398.72,90.66
ZA-00009814,1,SKU29060,ZAV00665,3,134.22,104.3
ZA-00009814,2,SKU92212,ZAV00664,1,331.31,120.21
ZA-00009815,1,SKU11619,ZAV00660,3,44.73,153.32
ZA-00009816,1,SKU46105,ZAV00647,3,420.69,78.07
ZA-00009817,1,SKU34576,ZAV00156,1,308.11,133.38
ZA-00009818,1,SKU76787,ZAV00712,3,789.15,140.4
ZA-00009819,1,SKU61312,ZAV00019,1,183.85,51.17
ZA-00009820,1,SKU19237,ZAV00542,1,381.45,93.11
ZA-00009820,2,SKU91885,ZAV00438,2,830.98,154.88
ZA-00009820,3,SKU18487,ZAV00069,1,279.44,160.36
ZA-00009821,1,SKU25263,ZAV00641,1,352.66,69.1
ZA-00009821,2,SKU13082,ZAV00797,1,1235.97,141.93
ZA-00009822,1,SKU94229,ZAV00137,1,169.19,111.77
ZA-00009823,1,SKU62674,ZAV00769,1,288.01,149.38
ZA-00009824,1,SKU77621,ZAV00684,2,125.36,176.97
ZA-00009825,1,SKU78495,ZAV00179,1,896.03,57.9
ZA-00009826,1,SKU64624,ZAV00263,1,89.68,127.57
ZA-00009827,1,SKU58563,ZAV00036,1,1405.27,150.28
ZA-00009827,2,SKU26493,ZAV00120,1,1020.01,114.52
ZA-00009828,1,SKU11465,ZAV00619,2,182.31,148.6
ZA-00009829,1,SKU46259,ZAV00138,1,772.83,88.13
ZA-00009830,1,SKU36526,ZAV00567,1,320.94,36.92
ZA-00009831,1,SKU71627,ZAV00682,2,334.64,138.07
ZA-00009832,1,SKU20316,ZAV00102,1,391.12,39.27
ZA-00009832,2,SKU85906,ZAV00463,1,560.69,94.11
ZA-00009833,1,SKU33561,ZAV00302,1,655.08,110.4
ZA-00009834,1,SKU51856,ZAV00025,1,1273.75,109.79
ZA-00009834,2,SKU95562,ZAV00546,1,693.25,78.82
ZA-00009835,1,SKU71124,ZAV00107,1,298.49,139.79
ZA-00009836,1,SKU98379,ZAV00272,1,220.01,161.35
ZA-00009837,1,SKU39448,ZAV00647,1,225.93,98.91
ZA-00009837,2,SKU39489,ZAV00128,1,776.32,153.33
ZA-00009838,1,SKU97481,ZAV00541,2,60.09,81.53
ZA-00009839,1,SKU50487,ZAV00245,1,250.31,135.59
ZA-00009839,2,SKU42873,ZAV00684,1,213.25,113.32
ZA-00009840,1,SKU95800,ZAV00430,1,288.38,89.36
ZA-00009841,1,SKU18533,ZAV00625,1,1013.75,172.43
ZA-00009842,1,SKU69665,ZAV00477,1,243.87,127.16
ZA-00009843,1,SKU43447,ZAV00705,1,1080.02,155.82
ZA-00009844,1,SKU45681,ZAV00764,1,224.05,122.6
ZA-00009845,1,SKU30288,ZAV00732,1,149.36,178.72
ZA-00009846,1,SKU42066,ZAV00265,1,361.84,117.04
ZA-00009847,1,SKU15103,ZAV00766,1,155.64,70.9
ZA-00009848,1,SKU56182,ZAV00239,2,619.07,93.32
ZA-00009849,1,SKU33520,ZAV00231,1,789.77,66.46
ZA-00009850,1,SKU60438,ZAV00769,1,327.29,46.47
ZA-00009851,1,SKU14186,ZAV00385,1,1104.52,45.92
ZA-00009852,1,SKU86847,ZAV00270,1,885.27,100.16
ZA-00009853,1,SKU19097,ZAV00196,1,186.71,151.5
ZA-00009854,1,SKU25034,ZAV00527,1,580.68,165.43
ZA-00009855,1,SKU45244,ZAV00493,3,540.64,104.04
ZA-00009856,1,SKU68926,ZAV00683,1,511.77,73.05
ZA-00009856,2,SKU15608,ZAV00424,1,1026.55,36.0
ZA-00009857,1,SKU19428,ZAV00312,1,528.27,177.27
ZA-00009858,1,SKU34440,ZAV00619,3,1475.19,154.17
ZA-00009859,1,SKU48411,ZAV00362,2,803.0,115.28
ZA-00009860,1,SKU74399,ZAV00617,1,1885.55,160.03
ZA-00009861,1,SKU25731,ZAV00588,1,995.75,63.32
ZA-00009861,2,SKU29045,ZAV00432,1,204.48,40.78
ZA-00009861,3,SKU65216,ZAV00215,1,318.13,158.72
ZA-00009862,1,SKU74879,ZAV00298,1,1311.62,63.09
ZA-00009862,2,SKU40193,ZAV00120,1,414.46,63.78
ZA-00009862,3,SKU42299,ZAV00263,1,677.48,54.1
ZA-00009863,1,SKU57373,ZAV00681,1,355.82,101.99
ZA-00009864,1,SKU95135,ZAV00123,1,1301.63,133.57
ZA-00009865,1,SKU81323,ZAV00561,3,447.14,53.88
ZA-00009865,2,SKU34178,ZAV00086,1,991.17,160.21
ZA-00009865,3,SKU18537,ZAV00300,2,477.0,48.6
ZA-00009866,1,SKU92913,ZAV00450,1,344.05,137.19
ZA-00009867,1,SKU48745,ZAV00385,1,193.02,150.37
ZA-00009868,1,SKU13827,ZAV00358,1,294.62,136.77
ZA-00009869,1,SKU57862,ZAV00580,1,779.47,169.87
ZA-00009870,1,SKU28166,ZAV00037,1,297.46,150.52
ZA-00009870,2,SKU75751,ZAV00760,1,2180.54,130.3
ZA-00009871,1,SKU93269,ZAV00413,1,161.81,115.83
ZA-00009872,1,SKU41586,ZAV00213,1,903.38,124.84
ZA-00009873,1,SKU78430,ZAV00326,1,784.95,115.05
ZA-00009874,1,SKU25185,ZAV00754,1,498.08,99.21
ZA-00009875,1,SKU95933,ZAV00717,1,1397.28,126.58
ZA-00009876,1,SKU74152,ZAV00334,1,1599.79,112.43
ZA-00009876,2,SKU50857,ZAV00374,1,3993.28,162.86
ZA-00009876,3,SKU51266,ZAV00190,1,70.67,72.33
ZA-00009877,1,SKU20409,ZAV00004,1,1059.82,64.99
ZA-00009877,2,SKU54493,ZAV00554,1,537.99,119.71
ZA-00009878,1,SKU78968,ZAV00587,1,609.54,146.96
ZA-00009879,1,SKU49609,ZAV00473,1,161.98,150.32
ZA-00009879,2,SKU56398,ZAV00528,2,606.91,109.03
ZA-00009879,3,SKU22943,ZAV00119,1,913.67,91.01
ZA-00009880,1,SKU88084,ZAV00566,1,164.48,104.08
ZA-00009881,1,SKU23277,ZAV00199,1,501.24,144.6
ZA-00009882,1,SKU43547,ZAV00019,1,332.37,104.44
ZA-00009883,1,SKU82070,ZAV00532,1,323.44,137.16
ZA-00009884,1,SKU68605,ZAV00027,1,1113.19,138.68
ZA-00009885,1,SKU36349,ZAV00414,1,415.07,96.75
ZA-00009886,1,SKU82673,ZAV00452,2,207.24,170.9
ZA-00009886,2,SKU75570,ZAV00716,1,225.52,41.14
ZA-00009887,1,SKU97379,ZAV00736,1,2577.76,97.32
ZA-00009888,1,SKU13782,ZAV00596,1,1433.7,128.19
ZA-00009889,1,SKU85733,ZAV00504,1,238.99,115.28
ZA-00009890,1,SKU82757,ZAV00745,1,642.37,103.05
ZA-00009891,1,SKU88991,ZAV00706,1,321.72,78.24
ZA-00009892,1,SKU15524,ZAV00215,1,2970.74,61.63
ZA-00009892,2,SKU52644,ZAV00145,1,1046.37,149.67
ZA-00009892,3,SKU85463,ZAV00611,2,225.68,126.63
ZA-00009893,1,SKU90475,ZAV00285,1,82.06,154.21
ZA-00009894,1,SKU59536,ZAV00484,1,198.3,59.84
ZA-00009894,2,SKU60507,ZAV00757,1,581.73,105.21
ZA-00009895,1,SKU72218,ZAV00777,2,507.82,77.06
ZA-00009896,1,SKU68226,ZAV00249,1,85.59,121.6
ZA-00009897,1,SKU60357,ZAV00276,1,372.31,65.94
ZA-00009898,1,SKU32615,ZAV00151,1,218.72,149.51
ZA-00009899,1,SKU14144,ZAV00091,1,1030.94,112.71
ZA-00009900,1,SKU96571,ZAV00057,1,177.92,74.91
ZA-00009901,1,SKU66843,ZAV00365,1,239.32,36.98
ZA-00009901,2,SKU43003,ZAV00261,1,1949.13,94.86
ZA-00009902,1,SKU28724,ZAV00219,1,129.9,136.47
ZA-00009903,1,SKU64183,ZAV00214,1,1894.01,133.16
ZA-00009904,1,SKU91630,ZAV00230,1,369.49,129.16
ZA-00009905,1,SKU94172,ZAV00706,1,241.6,152.06
ZA-00009905,2,SKU40584,ZAV00539,1,214.05,87.7
ZA-00009906,1,SKU56839,ZAV00207,1,930.76,135.61
ZA-00009907,1,SKU51620,ZAV00017,1,621.42,114.01
ZA-00009908,1,SKU55670,ZAV00343,1,426.22,48.83
ZA-00009909,1,SKU17975,ZAV00161,1,1808.66,48.76
ZA-00009909,2,SKU56830,ZAV00282,1,336.69,44.61
ZA-00009909,3,SKU15061,ZAV00468,1,1191.41,78.56
ZA-00009910,1,SKU84321,ZAV00791,1,616.37,127.76
ZA-00009911,1,SKU84153,ZAV00667,1,212.59,179.4
ZA-00009912,1,SKU59953,ZAV00035,1,60.45,123.5
ZA-00009913,1,SKU69026,ZAV00129,1,885.33,154.26
ZA-00009913,2,SKU34662,ZAV00480,1,528.69,110.25
ZA-00009914,1,SKU79811,ZAV00791,1,242.98,175.27
ZA-00009915,1,SKU23518,ZAV00049,1,1054.41,107.58
ZA-00009916,1,SKU15868,ZAV00693,1,1171.7,96.48
ZA-00009917,1,SKU10354,ZAV00169,1,842.11,171.68
ZA-00009918,1,SKU77192,ZAV00237,1,442.16,119.01
ZA-00009918,2,SKU90201,ZAV00139,2,2042.0,144.41
ZA-00009919,1,SKU71688,ZAV00178,1,310.68,147.54
ZA-00009920,1,SKU52566,ZAV00750,1,119.4,90.72
ZA-00009921,1,SKU99343,ZAV00682,1,289.06,139.15
ZA-00009921,2,SKU57477,ZAV00511,1,317.63,169.21
ZA-00009921,3,SKU66298,ZAV00712,1,372.54,179.54
ZA-00009922,1,SKU79672,ZAV00590,1,684.07,75.05
ZA-00009923,1,SKU54754,ZAV00533,1,645.81,90.71
ZA-00009923,2,SKU73291,ZAV00767,1,368.86,125.59
ZA-00009923,3,SKU12422,ZAV00080,1,539.51,157.37
ZA-00009924,1,SKU44349,ZAV00088,1,2115.61,45.85
ZA-00009925,1,SKU20555,ZAV00643,1,272.45,158.16
ZA-00009926,1,SKU43994,ZAV00257,1,446.35,161.23
ZA-00009927,1,SKU76544,ZAV00604,3,299.54,169.55
ZA-00009928,1,SKU95252,ZAV00669,2,1918.35,36.59
ZA-00009928,2,SKU73144,ZAV00475,3,632.89,162.1
ZA-00009929,1,SKU85544,ZAV00030,1,200.89,103.33
ZA-00009930,1,SKU62888,ZAV00631,1,86.29,69.71
ZA-00009930,2,SKU94431,ZAV00571,1,702.53,156.09
ZA-00009931,1,SKU33487,ZAV00355,2,135.41,129.32
ZA-00009932,1,SKU93542,ZAV00633,1,799.45,41.87
ZA-00009933,1,SKU80373,ZAV00673,1,934.44,70.08
ZA-00009934,1,SKU61236,ZAV00619,1,103.11,78.26
ZA-00009934,2,SKU27499,ZAV00284,1,83.66,74.68
ZA-00009935,1,SKU37139,ZAV00744,1,974.18,103.8
ZA-00009936,1,SKU30895,ZAV00030,1,334.34,70.51
ZA-00009937,1,SKU70538,ZAV00455,1,477.31,162.6
ZA-00009938,1,SKU37253,ZAV00726,1,249.35,138.4
ZA-00009938,2,SKU82639,ZAV00441,2,1057.2,97.91
ZA-00009938,3,SKU77762,ZAV00295,1,735.3,164.47
ZA-00009939,1,SKU61512,ZAV00412,1,257.5,88.25
ZA-00009940,1,SKU59260,ZAV00384,1,861.0,48.25
ZA-00009941,1,SKU10825,ZAV00192,1,593.4,77.26
ZA-00009941,2,SKU79598,ZAV00726,1,480.88,125.41
ZA-00009942,1,SKU79692,ZAV00503,1,513.56,37.93
ZA-00009943,1,SKU38876,ZAV00354,1,387.18,121.67
ZA-00009944,1,SKU57697,ZAV00093,2,277.29,118.72
ZA-00009945,1,SKU87341,ZAV00497,3,387.69,60.17
ZA-00009945,2,SKU17843,ZAV00299,1,378.33,79.77
ZA-00009946,1,SKU32963,ZAV00009,1,355.13,115.36
ZA-00009947,1,SKU55202,ZAV00475,1,111.49,73.45
ZA-00009947,2,SKU17951,ZAV00379,1,867.55,113.44
ZA-00009947,3,SKU97397,ZAV00294,1,119.8,36.85
ZA-00009948,1,SKU81618,ZAV00229,1,247.91,95.54
ZA-00009949,1,SKU27983,ZAV00792,1,547.46,146.92
ZA-00009950,1,SKU66184,ZAV00570,2,444.63,59.63
ZA-00009951,1,SKU14118,ZAV00050,1,204.0,111.02
ZA-00009952,1,SKU36948,ZAV00015,1,314.78,165.1
ZA-00009953,1,SKU10252,ZAV00499,1,1461.79,71.78
ZA-00009954,1,SKU56399,ZAV00671,2,304.04,103.79
ZA-00009955,1,SKU74370,ZAV00070,2,618.58,123.56
ZA-00009956,1,SKU29746,ZAV00431,1,281.08,106.24
ZA-00009957,1,SKU77331,ZAV00132,1,389.54,137.05
ZA-00009958,1,SKU83006,ZAV00758,1,1376.47,165.76
ZA-00009959,1,SKU22070,ZAV00026,1,267.23,179.77
ZA-00009960,1,SKU15832,ZAV00495,1,570.44,162.56
ZA-00009961,1,SKU60988,ZAV00471,1,758.09,172.29
ZA-00009962,1,SKU13436,ZAV00175,1,140.99,51.45
ZA-00009963,1,SKU50722,ZAV00533,1,434.4,150.24
ZA-00009964,1,SKU86164,ZAV00566,1,3986.55,136.8
ZA-00009965,1,SKU69359,ZAV00618,1,846.65,130.14
ZA-00009965,2,SKU36017,ZAV00202,1,400.23,38.97
ZA-00009966,1,SKU79335,ZAV00223,2,183.36,72.9
ZA-00009967,1,SKU40348,ZAV00161,2,1015.75,73.02
ZA-00009968,1,SKU38027,ZAV00310,1,138.76,139.07
ZA-00009968,2,SKU93330,ZAV00549,1,253.94,63.33
ZA-00009969,1,SKU43321,ZAV00331,1,387.03,163.39
ZA-00009970,1,SKU63273,ZAV00278,1,264.59,68.51
ZA-00009970,2,SKU29103,ZAV00085,1,425.65,145.01
ZA-00009971,1,SKU91276,ZAV00167,1,740.76,68.62
ZA-00009972,1,SKU89926,ZAV00023,1,1566.11,156.02
ZA-00009972,2,SKU28406,ZAV00169,1,763.38,77.7
ZA-00009972,3,SKU88697,ZAV00733,1,600.56,167.8
ZA-00009973,1,SKU86606,ZAV00349,1,159.28,158.83
ZA-00009974,1,SKU68820,ZAV00223,1,700.45,145.83
ZA-00009975,1,SKU33937,ZAV00224,1,256.1,89.8
ZA-00009976,1,SKU76186,ZAV00324,1,273.08,177.06
ZA-00009977,1,SKU64072,ZAV00199,1,323.55,173.8
ZA-00009978,1,SKU50844,ZAV00771,1,216.65,178.13
ZA-00009979,1,SKU81944,ZAV00430,1,981.38,92.78
ZA-00009980,1,SKU71726,ZAV00365,1,214.7,58.73
ZA-00009981,1,SKU59175,ZAV00600,2,2513.4,159.71
ZA-00009982,1,SKU60190,ZAV00055,1,266.09,91.05
ZA-00009983,1,SKU71220,ZAV00592,1,225.32,131.81
ZA-00009984,1,SKU59119,ZAV00593,1,187.1,43.89
ZA-00009984,2,SKU25786,ZAV00065,1,97.97,130.0
ZA-00009985,1,SKU97514,ZAV00745,1,347.45,52.47
ZA-00009986,1,SKU22690,ZAV00647,1,304.9,129.71
ZA-00009987,1,SKU75327,ZAV00076,2,1175.66,68.31
ZA-00009987,2,SKU19856,ZAV00209,1,187.03,48.56
ZA-00009988,1,SKU58045,ZAV00342,1,1312.62,72.96
ZA-00009989,1,SKU88295,ZAV00680,1,943.64,178.35
ZA-00009989,2,SKU50195,ZAV00781,1,768.34,124.21
ZA-00009990,1,SKU84220,ZAV00751,1,428.05,109.8
ZA-00009991,1,SKU28286,ZAV00746,1,286.53,135.99
ZA-00009991,2,SKU10481,ZAV00321,2,670.27,164.96
ZA-00009991,3,SKU35154,ZAV00172,2,117.97,118.23
ZA-00009992,1,SKU86770,ZAV00324,1,1030.05,104.9
ZA-00009992,2,SKU79515,ZAV00750,1,1109.94,157.26
ZA-00009993,1,SKU38174,ZAV00074,1,552.18,103.02
ZA-00009993,2,SKU81152,ZAV00368,1,1122.57,91.22
ZA-00009994,1,SKU50808,ZAV00564,1,414.82,172.64
ZA-00009995,1,SKU78589,ZAV00019,1,829.22,74.62
ZA-00009996,1,SKU11281,ZAV00208,3,397.37,146.3
ZA-00009997,1,SKU56776,ZAV00564,1,257.4,107.55
ZA-00009998,1,SKU45137,ZAV00155,1,338.84,73.1
ZA-00009999,1,SKU40728,ZAV00734,1,329.56,78.17
ZA-00010000,1,SKU56865,ZAV00151,1,471.62,112.5
ZA-00010000,2,SKU50113,ZAV00266,1,388.71,100.61
ZA-00010001,1,SKU99567,ZAV00781,1,286.05,170.65
ZA-00010002,1,SKU48376,ZAV00533,1,469.73,148.9
ZA-00010003,1,SKU30477,ZAV00638,1,166.69,163.27
ZA-00010004,1,SKU16837,ZAV00272,1,934.21,139.44
ZA-00010005,1,SKU18097,ZAV00526,1,1859.69,52.91
ZA-00010005,2,SKU18760,ZAV00040,2,109.85,120.56
ZA-00010006,1,SKU75236,ZAV00230,1,533.97,167.79
ZA-00010007,1,SKU90485,ZAV00566,1,899.43,112.36
ZA-00010008,1,SKU25591,ZAV00280,1,775.0,70.29
ZA-00010009,1,SKU85500,ZAV00580,1,1531.5,100.08
ZA-00010010,1,SKU12590,ZAV00626,1,278.68,129.63
ZA-00010011,1,SKU84557,ZAV00064,1,6998.04,114.85
ZA-00010011,2,SKU59517,ZAV00466,2,650.33,68.14
ZA-00010011,3,SKU54270,ZAV00745,1,312.67,56.8
ZA-00010012,1,SKU44697,ZAV00310,1,1921.11,120.3
ZA-00010013,1,SKU18147,ZAV00546,1,263.2,167.94
ZA-00010014,1,SKU77594,ZAV00228,1,329.54,40.96
ZA-00010014,2,SKU20652,ZAV00260,2,573.04,76.46
ZA-00010015,1,SKU50699,ZAV00506,1,398.64,110.49
ZA-00010016,1,SKU35134,ZAV00798,1,342.39,94.23
ZA-00010017,1,SKU66021,ZAV00643,1,451.09,158.33
ZA-00010018,1,SKU61287,ZAV00026,1,154.51,57.09
ZA-00010019,1,SKU14894,ZAV00407,1,318.57,153.2
ZA-00010020,1,SKU53697,ZAV00637,1,104.65,52.61
ZA-00010020,2,SKU99503,ZAV00444,1,978.79,118.09
ZA-00010021,1,SKU33929,ZAV00310,1,132.07,77.83
ZA-00010022,1,SKU12525,ZAV00169,2,770.42,72.96
ZA-00010023,1,SKU23156,ZAV00782,1,990.08,132.8
ZA-00010024,1,SKU72312,ZAV00387,1,614.79,79.44
ZA-00010024,2,SKU65348,ZAV00673,1,853.61,112.87
ZA-00010024,3,SKU44669,ZAV00451,3,255.61,140.26
ZA-00010025,1,SKU95224,ZAV00247,1,485.89,116.76
ZA-00010026,1,SKU89839,ZAV00529,2,767.21,164.46
ZA-00010027,1,SKU25696,ZAV00620,1,311.43,162.29
ZA-00010028,1,SKU93419,ZAV00662,1,531.76,174.35
ZA-00010029,1,SKU25104,ZAV00089,1,410.7,141.19
ZA-00010030,1,SKU75834,ZAV00730,2,403.42,67.43
ZA-00010031,1,SKU79145,ZAV00062,1,304.21,148.87
ZA-00010032,1,SKU58447,ZAV00304,1,240.44,63.57
ZA-00010033,1,SKU44088,ZAV00258,1,866.77,97.35
ZA-00010034,1,SKU27070,ZAV00117,2,385.08,112.8
ZA-00010035,1,SKU59902,ZAV00553,1,1273.18,156.66
ZA-00010036,1,SKU56919,ZAV00311,1,320.0,61.45
ZA-00010037,1,SKU15966,ZAV00631,1,478.41,101.99
ZA-00010038,1,SKU50643,ZAV00702,1,348.55,47.95
ZA-00010039,1,SKU16296,ZAV00450,1,660.3,157.38
ZA-00010039,2,SKU61675,ZAV00369,2,652.43,95.3
ZA-00010039,3,SKU98388,ZAV00597,1,236.69,97.84
ZA-00010040,1,SKU80772,ZAV00381,1,997.57,87.65
ZA-00010041,1,SKU62124,ZAV00048,1,125.35,144.71
ZA-00010042,1,SKU45427,ZAV00292,1,434.05,38.17
ZA-00010043,1,SKU80011,ZAV00687,1,1137.91,118.15
ZA-00010043,2,SKU33775,ZAV00030,1,728.0,88.63
ZA-00010044,1,SKU68739,ZAV00050,1,752.79,122.47
ZA-00010044,2,SKU46555,ZAV00423,1,741.43,70.87
ZA-00010045,1,SKU31047,ZAV00380,1,572.34,45.96
ZA-00010046,1,SKU58414,ZAV00294,1,272.39,102.64
ZA-00010047,1,SKU74014,ZAV00791,1,1184.82,35.02
ZA-00010048,1,SKU74885,ZAV00682,1,553.19,106.64
ZA-00010048,2,SKU45436,ZAV00707,1,277.0,143.76
ZA-00010049,1,SKU93530,ZAV00594,1,241.4,154.94
ZA-00010050,1,SKU99017,ZAV00584,1,342.37,174.78
ZA-00010051,1,SKU12998,ZAV00094,2,1384.69,84.37
ZA-00010052,1,SKU65142,ZAV00081,1,225.58,98.38
ZA-00010053,1,SKU10822,ZAV00378,1,233.36,128.49
ZA-00010054,1,SKU99318,ZAV00760,1,793.9,55.94
ZA-00010055,1,SKU71205,ZAV00163,1,486.36,40.06
ZA-00010056,1,SKU43710,ZAV00280,1,179.96,113.7
ZA-00010057,1,SKU91535,ZAV00071,1,530.49,107.07
ZA-00010058,1,SKU48753,ZAV00485,1,358.91,171.31
ZA-00010059,1,SKU72787,ZAV00489,1,469.17,39.35
ZA-00010060,1,SKU89128,ZAV00554,1,1504.14,157.03
ZA-00010061,1,SKU87572,ZAV00786,1,479.31,122.03
ZA-00010062,1,SKU59549,ZAV00717,1,901.94,173.88
ZA-00010063,1,SKU35889,ZAV00230,1,461.86,96.53
ZA-00010063,2,SKU81682,ZAV00087,1,400.09,42.55
ZA-00010063,3,SKU94598,ZAV00159,1,1948.84,163.92
ZA-00010064,1,SKU32796,ZAV00040,1,356.63,142.19
ZA-00010065,1,SKU93911,ZAV00590,1,349.63,179.91
ZA-00010066,1,SKU83730,ZAV00003,1,435.75,86.47
ZA-00010066,2,SKU46956,ZAV00237,1,170.23,89.01
ZA-00010067,1,SKU57949,ZAV00371,1,467.04,164.75
ZA-00010068,1,SKU93076,ZAV00631,1,90.36,70.54
ZA-00010068,2,SKU27883,ZAV00081,1,100.72,138.6
ZA-00010068,3,SKU82177,ZAV00108,1,488.05,62.28
ZA-00010069,1,SKU46993,ZAV00317,1,466.83,58.6
ZA-00010069,2,SKU25103,ZAV00311,1,131.91,147.55
ZA-00010070,1,SKU13088,ZAV00094,1,156.5,168.14
ZA-00010071,1,SKU33748,ZAV00615,1,533.22,47.48
ZA-00010072,1,SKU50044,ZAV00594,1,415.53,160.65
ZA-00010073,1,SKU34891,ZAV00299,1,359.82,130.0
ZA-00010074,1,SKU88492,ZAV00448,1,156.85,111.39
ZA-00010074,2,SKU31647,ZAV00756,1,187.44,118.63
ZA-00010075,1,SKU59412,ZAV00345,1,340.61,110.28
ZA-00010076,1,SKU76007,ZAV00717,3,978.06,68.39
ZA-00010077,1,SKU56178,ZAV00139,1,177.13,165.22
ZA-00010078,1,SKU14413,ZAV00108,1,463.39,46.79
ZA-00010079,1,SKU61761,ZAV00471,2,389.09,49.58
ZA-00010079,2,SKU38707,ZAV00555,1,2220.74,154.13
ZA-00010079,3,SKU63208,ZAV00290,2,333.38,85.88
ZA-00010080,1,SKU92093,ZAV00148,1,228.36,45.43
ZA-00010081,1,SKU24247,ZAV00699,1,920.03,52.57
ZA-00010082,1,SKU67194,ZAV00539,1,287.8,99.01
ZA-00010083,1,SKU34821,ZAV00216,1,139.72,45.73
ZA-00010084,1,SKU63259,ZAV00575,1,1023.94,80.89
ZA-00010085,1,SKU13523,ZAV00610,1,284.68,42.61
ZA-00010086,1,SKU93763,ZAV00689,1,2192.68,82.03
ZA-00010087,1,SKU73418,ZAV00452,2,637.12,59.44
ZA-00010087,2,SKU29746,ZAV00461,1,529.31,120.65
ZA-00010088,1,SKU39422,ZAV00573,1,3235.6,140.84
ZA-00010089,1,SKU38343,ZAV00312,1,546.03,56.08
ZA-00010090,1,SKU96140,ZAV00079,1,149.98,87.1
ZA-00010091,1,SKU58563,ZAV00157,2,1898.46,66.36
ZA-00010092,1,SKU74768,ZAV00364,1,378.08,42.38
ZA-00010092,2,SKU78818,ZAV00274,1,272.35,151.09
ZA-00010093,1,SKU91759,ZAV00107,1,619.2,128.02
ZA-00010094,1,SKU37625,ZAV00567,1,328.54,113.49
ZA-00010095,1,SKU87299,ZAV00145,1,513.72,151.94
ZA-00010096,1,SKU82975,ZAV00470,1,304.58,65.17
ZA-00010097,1,SKU21685,ZAV00196,1,282.47,111.92
ZA-00010098,1,SKU79922,ZAV00364,1,275.62,152.58
ZA-00010098,2,SKU76378,ZAV00432,1,79.46,67.44
ZA-00010099,1,SKU98129,ZAV00256,1,149.25,69.2
ZA-00010100,1,SKU36883,ZAV00012,1,948.52,69.05
ZA-00010101,1,SKU27022,ZAV00153,1,173.99,79.7
ZA-00010102,1,SKU55683,ZAV00616,2,357.24,103.46
ZA-00010103,1,SKU78435,ZAV00780,1,329.68,130.94
ZA-00010104,1,SKU62457,ZAV00158,1,1481.5,168.04
ZA-00010105,1,SKU78033,ZAV00050,1,1787.06,133.38
ZA-00010106,1,SKU67024,ZAV00152,2,253.37,161.64
ZA-00010106,2,SKU24755,ZAV00039,1,121.91,154.56
ZA-00010106,3,SKU43249,ZAV00388,1,214.97,103.2
ZA-00010107,1,SKU89483,ZAV00577,1,602.75,118.53
ZA-00010108,1,SKU44165,ZAV00132,1,200.19,100.94
ZA-00010109,1,SKU64174,ZAV00576,1,431.46,64.79
ZA-00010110,1,SKU12085,ZAV00628,1,519.3,85.67
ZA-00010111,1,SKU18610,ZAV00629,1,162.09,133.71
ZA-00010112,1,SKU20911,ZAV00228,2,39.19,110.69
ZA-00010113,1,SKU42084,ZAV00760,1,530.41,132.7
ZA-00010114,1,SKU63303,ZAV00197,1,565.98,50.74
ZA-00010115,1,SKU44784,ZAV00148,1,46.35,96.5
ZA-00010116,1,SKU12801,ZAV00301,1,110.04,112.08
ZA-00010117,1,SKU46709,ZAV00342,1,189.84,138.05
ZA-00010118,1,SKU55507,ZAV00685,1,421.49,76.69
ZA-00010119,1,SKU62126,ZAV00084,1,143.65,141.15
ZA-00010120,1,SKU56209,ZAV00058,1,420.11,97.01
ZA-00010120,2,SKU73281,ZAV00326,1,192.06,89.99
ZA-00010120,3,SKU23151,ZAV00418,1,421.64,98.49
ZA-00010121,1,SKU48255,ZAV00323,1,559.82,80.34
ZA-00010121,2,SKU55691,ZAV00065,1,100.01,144.05
ZA-00010122,1,SKU85443,ZAV00346,1,161.06,44.6
ZA-00010122,2,SKU91758,ZAV00009,1,593.75,38.24
ZA-00010123,1,SKU50598,ZAV00316,1,985.85,115.87
ZA-00010123,2,SKU23382,ZAV00030,1,124.57,111.61
ZA-00010124,1,SKU54765,ZAV00237,2,113.49,63.74
ZA-00010125,1,SKU73928,ZAV00225,1,491.04,163.33
ZA-00010126,1,SKU80533,ZAV00561,1,315.82,162.13
ZA-00010127,1,SKU20261,ZAV00660,1,583.95,49.96
ZA-00010128,1,SKU51119,ZAV00558,1,385.75,89.2
ZA-00010129,1,SKU16536,ZAV00088,1,276.41,91.86
ZA-00010129,2,SKU80474,ZAV00298,2,1527.95,45.4
ZA-00010130,1,SKU76437,ZAV00556,2,892.64,75.57
ZA-00010131,1,SKU26905,ZAV00425,1,692.46,145.92
ZA-00010132,1,SKU50172,ZAV00243,1,574.4,92.56
ZA-00010133,1,SKU40722,ZAV00103,1,202.49,170.34
ZA-00010134,1,SKU72824,ZAV00582,1,103.45,61.62
ZA-00010134,2,SKU13093,ZAV00183,1,666.19,108.42
ZA-00010134,3,SKU39748,ZAV00695,1,493.26,125.03
ZA-00010135,1,SKU67481,ZAV00538,1,250.48,152.59
ZA-00010136,1,SKU34211,ZAV00761,3,726.13,174.61
ZA-00010136,2,SKU55279,ZAV00192,1,1058.02,65.65
ZA-00010137,1,SKU76922,ZAV00756,1,2483.82,175.95
ZA-00010138,1,SKU81782,ZAV00634,1,718.83,90.22
ZA-00010138,2,SKU78845,ZAV00630,1,117.88,48.48
ZA-00010139,1,SKU51026,ZAV00478,1,784.6,108.29
ZA-00010140,1,SKU79712,ZAV00316,1,463.6,174.54
ZA-00010141,1,SKU20909,ZAV00763,1,137.35,87.66
ZA-00010141,2,SKU62706,ZAV00798,1,376.49,88.25
ZA-00010141,3,SKU16264,ZAV00245,1,1207.18,148.93
ZA-00010142,1,SKU20925,ZAV00139,1,331.81,112.98
ZA-00010143,1,SKU42867,ZAV00138,1,246.79,52.06
ZA-00010144,1,SKU68040,ZAV00146,1,1129.5,85.28
ZA-00010145,1,SKU37405,ZAV00144,1,754.01,40.2
ZA-00010146,1,SKU31190,ZAV00218,2,601.18,130.97
ZA-00010147,1,SKU39952,ZAV00034,2,205.11,126.55
ZA-00010148,1,SKU66181,ZAV00587,1,1905.06,153.62
ZA-00010148,2,SKU66127,ZAV00323,1,552.31,60.53
ZA-00010149,1,SKU63352,ZAV00556,2,284.77,146.25
ZA-00010149,2,SKU81707,ZAV00431,1,1599.87,141.17
ZA-00010150,1,SKU97519,ZAV00796,1,615.2,56.82
ZA-00010151,1,SKU20578,ZAV00536,2,156.72,140.32
ZA-00010152,1,SKU64212,ZAV00628,1,2610.19,95.34
ZA-00010153,1,SKU36852,ZAV00683,1,65.47,144.54
ZA-00010154,1,SKU56573,ZAV00526,1,672.3,153.15
ZA-00010155,1,SKU65318,ZAV00720,1,1857.52,141.73
ZA-00010155,2,SKU75938,ZAV00722,1,173.96,49.24
ZA-00010156,1,SKU16324,ZAV00210,1,455.12,174.14
ZA-00010157,1,SKU22782,ZAV00212,1,1424.23,126.75
ZA-00010157,2,SKU58328,ZAV00350,1,304.42,61.55
ZA-00010158,1,SKU50983,ZAV00297,1,1171.59,70.87
ZA-00010159,1,SKU59312,ZAV00009,1,613.44,76.32
ZA-00010160,1,SKU76120,ZAV00356,1,482.55,62.64
ZA-00010161,1,SKU38899,ZAV00488,1,114.95,139.23
ZA-00010162,1,SKU50859,ZAV00046,1,542.16,171.31
ZA-00010163,1,SKU96093,ZAV00142,1,244.78,148.92
ZA-00010163,2,SKU10832,ZAV00109,1,91.17,134.07
ZA-00010163,3,SKU54688,ZAV00032,1,1583.97,172.83
ZA-00010164,1,SKU52888,ZAV00523,2,382.61,46.46
ZA-00010165,1,SKU11075,ZAV00524,1,1315.59,40.48
ZA-00010166,1,SKU28754,ZAV00455,2,158.02,72.28
ZA-00010167,1,SKU52914,ZAV00130,1,971.99,128.68
ZA-00010167,2,SKU60696,ZAV00226,1,335.93,117.72
ZA-00010168,1,SKU45611,ZAV00231,1,177.62,89.76
ZA-00010169,1,SKU69742,ZAV00568,1,378.22,71.42
ZA-00010170,1,SKU32299,ZAV00610,1,2381.27,104.75
ZA-00010171,1,SKU47993,ZAV00699,1,104.24,98.34
ZA-00010172,1,SKU91692,ZAV00655,1,224.08,44.44
ZA-00010172,2,SKU88915,ZAV00467,1,550.7,56.43
ZA-00010173,1,SKU93401,ZAV00322,1,1146.52,48.76
ZA-00010174,1,SKU82361,ZAV00032,1,438.62,65.13
ZA-00010175,1,SKU26422,ZAV00275,1,746.87,70.26
ZA-00010176,1,SKU56128,ZAV00095,1,192.52,56.58
ZA-00010177,1,SKU89992,ZAV00260,1,313.78,127.55
ZA-00010178,1,SKU14620,ZAV00721,1,181.0,115.58
ZA-00010179,1,SKU38678,ZAV00351,1,192.99,136.85
ZA-00010180,1,SKU57763,ZAV00022,1,3395.61,107.09
ZA-00010181,1,SKU93471,ZAV00034,2,1075.93,85.23
ZA-00010182,1,SKU78515,ZAV00247,2,303.41,102.36
ZA-00010183,1,SKU54037,ZAV00381,1,332.42,53.03
ZA-00010183,2,SKU31131,ZAV00168,1,1885.5,149.27
ZA-00010184,1,SKU11541,ZAV00013,1,497.69,55.22
ZA-00010185,1,SKU41223,ZAV00411,1,71.79,91.62
ZA-00010186,1,SKU91143,ZAV00238,1,371.95,119.39
ZA-00010187,1,SKU48082,ZAV00204,2,1527.04,176.78
ZA-00010187,2,SKU28816,ZAV00088,2,265.66,113.96
ZA-00010188,1,SKU80573,ZAV00110,1,231.8,72.83
ZA-00010189,1,SKU34025,ZAV00629,1,3790.74,133.38
ZA-00010190,1,SKU75394,ZAV00703,1,1144.91,173.46
ZA-00010191,1,SKU32110,ZAV00571,1,527.0,72.61
ZA-00010192,1,SKU19330,ZAV00034,1,356.31,41.86
ZA-00010193,1,SKU22108,ZAV00161,1,317.3,90.14
ZA-00010194,1,SKU94689,ZAV00779,1,117.28,48.22
ZA-00010195,1,SKU13994,ZAV00504,2,443.08,173.84
ZA-00010195,2,SKU86521,ZAV00609,1,561.68,62.13
ZA-00010196,1,SKU75787,ZAV00233,2,590.2,35.75
ZA-00010197,1,SKU82770,ZAV00514,1,72.87,56.43
ZA-00010198,1,SKU17339,ZAV00430,1,952.72,84.38
ZA-00010199,1,SKU58661,ZAV00779,1,631.94,128.49
ZA-00010200,1,SKU59173,ZAV00592,1,115.56,172.57
ZA-00010201,1,SKU33189,ZAV00265,1,346.09,67.57
ZA-00010202,1,SKU38125,ZAV00209,1,1259.04,48.83
ZA-00010203,1,SKU88462,ZAV00694,1,374.6,122.57
ZA-00010203,2,SKU74236,ZAV00310,1,165.87,160.49
ZA-00010204,1,SKU27644,ZAV00108,1,2018.22,59.19
ZA-00010205,1,SKU83690,ZAV00202,1,122.53,178.11
ZA-00010206,1,SKU61267,ZAV00346,1,685.06,70.18
ZA-00010207,1,SKU21805,ZAV00270,1,949.62,140.39
ZA-00010208,1,SKU21133,ZAV00532,1,346.89,97.58
ZA-00010208,2,SKU25673,ZAV00444,1,842.85,162.77
ZA-00010209,1,SKU53266,ZAV00450,1,131.76,46.24
ZA-00010209,2,SKU46504,ZAV00637,1,78.89,163.3
ZA-00010210,1,SKU10115,ZAV00622,1,996.4,173.95
ZA-00010211,1,SKU96091,ZAV00619,1,317.02,165.57
ZA-00010211,2,SKU17045,ZAV00443,1,380.81,121.77
ZA-00010212,1,SKU73498,ZAV00464,1,296.02,68.92
ZA-00010213,1,SKU71418,ZAV00067,2,3350.44,168.74
ZA-00010214,1,SKU56905,ZAV00669,1,378.78,85.34
ZA-00010215,1,SKU14875,ZAV00698,1,697.33,170.15
ZA-00010215,2,SKU12073,ZAV00250,2,295.56,67.47
ZA-00010216,1,SKU96657,ZAV00395,1,894.17,118.49
ZA-00010216,2,SKU73472,ZAV00660,1,97.82,117.78
ZA-00010217,1,SKU23248,ZAV00030,1,1012.32,155.71
ZA-00010218,1,SKU56829,ZAV00332,1,1808.16,153.2
ZA-00010219,1,SKU75726,ZAV00509,1,478.55,137.38
ZA-00010220,1,SKU59535,ZAV00067,1,527.69,158.78
ZA-00010221,1,SKU19466,ZAV00140,1,568.54,86.95
ZA-00010221,2,SKU11513,ZAV00233,1,342.68,119.86
ZA-00010222,1,SKU97728,ZAV00455,1,236.54,105.33
ZA-00010223,1,SKU21518,ZAV00766,1,811.79,113.09
ZA-00010224,1,SKU20853,ZAV00737,2,482.02,44.28
ZA-00010224,2,SKU33256,ZAV00565,1,395.17,59.78
ZA-00010225,1,SKU21368,ZAV00317,1,556.04,102.2
ZA-00010226,1,SKU48116,ZAV00584,1,335.87,53.92
ZA-00010227,1,SKU87192,ZAV00494,1,1278.73,88.46
ZA-00010228,1,SKU40926,ZAV00605,1,567.14,103.75
ZA-00010228,2,SKU65235,ZAV00323,2,712.82,141.22
ZA-00010229,1,SKU73037,ZAV00058,1,332.7,124.29
ZA-00010230,1,SKU12652,ZAV00197,1,156.0,111.78
ZA-00010231,1,SKU25919,ZAV00492,1,841.1,160.63
ZA-00010231,2,SKU32741,ZAV00643,1,733.82,77.04
ZA-00010231,3,SKU12232,ZAV00313,1,644.48,83.54
ZA-00010232,1,SKU65893,ZAV00423,1,563.85,111.69
ZA-00010233,1,SKU35304,ZAV00663,2,349.58,129.06
ZA-00010234,1,SKU64783,ZAV00631,1,758.06,147.07
ZA-00010234,2,SKU26520,ZAV00294,2,1500.57,91.95
ZA-00010235,1,SKU97411,ZAV00229,1,697.24,160.56
ZA-00010235,2,SKU75279,ZAV00198,1,70.7,96.42
ZA-00010236,1,SKU85656,ZAV00357,1,407.91,44.5
ZA-00010237,1,SKU94196,ZAV00753,1,637.52,59.0
ZA-00010238,1,SKU80970,ZAV00337,1,58.05,82.19
ZA-00010239,1,SKU92334,ZAV00641,1,125.81,153.64
ZA-00010240,1,SKU97365,ZAV00142,1,318.91,115.84
ZA-00010240,2,SKU50270,ZAV00182,1,163.46,127.79
ZA-00010241,1,SKU41606,ZAV00664,1,535.53,135.35
ZA-00010242,1,SKU49360,ZAV00349,1,154.93,179.74
ZA-00010243,1,SKU21679,ZAV00181,1,780.22,177.97
ZA-00010244,1,SKU58786,ZAV00567,1,298.77,170.13
ZA-00010245,1,SKU52486,ZAV00382,1,568.25,153.44
ZA-00010246,1,SKU33711,ZAV00153,1,214.95,135.61
ZA-00010247,1,SKU49296,ZAV00789,3,1805.15,66.6
ZA-00010247,2,SKU46010,ZAV00758,1,1010.19,79.1
ZA-00010247,3,SKU38356,ZAV00404,1,389.79,80.16
ZA-00010248,1,SKU88081,ZAV00244,1,803.05,102.84
ZA-00010249,1,SKU90806,ZAV00090,1,883.96,57.56
ZA-00010250,1,SKU74604,ZAV00666,1,417.0,40.45
ZA-00010251,1,SKU44498,ZAV00773,3,371.61,70.3
ZA-00010252,1,SKU54422,ZAV00428,1,2362.51,71.75
ZA-00010253,1,SKU73529,ZAV00335,1,284.85,69.5
ZA-00010254,1,SKU98026,ZAV00109,2,132.94,111.26
ZA-00010254,2,SKU36653,ZAV00290,1,875.37,135.01
ZA-00010255,1,SKU21444,ZAV00755,1,4282.64,68.81
ZA-00010256,1,SKU42166,ZAV00120,1,150.42,174.33
ZA-00010257,1,SKU82764,ZAV00677,1,619.28,53.56
ZA-00010258,1,SKU55233,ZAV00445,1,952.86,99.2
ZA-00010259,1,SKU15732,ZAV00539,2,831.57,117.38
ZA-00010260,1,SKU43815,ZAV00682,1,182.18,174.89
ZA-00010261,1,SKU70669,ZAV00498,1,206.4,162.02
ZA-00010262,1,SKU27314,ZAV00614,1,1272.78,135.17
ZA-00010263,1,SKU42100,ZAV00440,1,213.72,141.13
ZA-00010263,2,SKU70606,ZAV00010,1,652.48,85.69
ZA-00010264,1,SKU69131,ZAV00715,1,541.54,129.12
ZA-00010265,1,SKU21931,ZAV00332,1,196.89,59.7
ZA-00010266,1,SKU57667,ZAV00066,1,443.93,46.01
ZA-00010267,1,SKU90520,ZAV00155,1,595.38,142.32
ZA-00010267,2,SKU71147,ZAV00655,1,947.46,155.44
ZA-00010268,1,SKU21235,ZAV00690,1,833.32,98.25
ZA-00010269,1,SKU67898,ZAV00318,1,776.4,167.11
ZA-00010270,1,SKU22180,ZAV00224,1,1109.01,133.89
ZA-00010270,2,SKU90098,ZAV00543,1,171.27,94.82
ZA-00010271,1,SKU69400,ZAV00644,2,98.42,65.69
ZA-00010272,1,SKU12747,ZAV00115,3,954.58,134.19
ZA-00010273,1,SKU71304,ZAV00016,1,358.72,56.12
ZA-00010274,1,SKU13214,ZAV00038,3,243.86,168.22
ZA-00010275,1,SKU79234,ZAV00406,1,238.88,121.76
ZA-00010275,2,SKU87848,ZAV00483,1,776.24,108.93
ZA-00010276,1,SKU71913,ZAV00163,1,1019.79,72.38
ZA-00010276,2,SKU10144,ZAV00371,1,142.76,107.84
ZA-00010277,1,SKU69986,ZAV00260,2,126.87,42.77
ZA-00010277,2,SKU58365,ZAV00263,1,266.81,166.75
ZA-00010277,3,SKU30714,ZAV00680,1,174.07,177.26
ZA-00010278,1,SKU91480,ZAV00411,1,113.02,92.87
ZA-00010279,1,SKU22764,ZAV00203,1,236.21,60.88
ZA-00010280,1,SKU79010,ZAV00371,1,633.54,60.91
ZA-00010280,2,SKU57114,ZAV00496,1,73.81,165.5
ZA-00010281,1,SKU58758,ZAV00508,1,2305.37,125.79
ZA-00010282,1,SKU45313,ZAV00049,1,152.76,79.09
ZA-00010283,1,SKU48037,ZAV00463,1,233.68,179.84
ZA-00010284,1,SKU77377,ZAV00211,1,789.77,75.8
ZA-00010284,2,SKU37127,ZAV00090,1,244.12,135.92
ZA-00010285,1,SKU83888,ZAV00336,1,371.24,60.05
ZA-00010286,1,SKU34375,ZAV00462,1,512.17,111.16
ZA-00010287,1,SKU82801,ZAV00689,1,974.28,125.65
ZA-00010288,1,SKU38063,ZAV00630,1,1983.3,140.98
ZA-00010289,1,SKU38569,ZAV00440,1,429.34,118.92
ZA-00010290,1,SKU12315,ZAV00071,1,623.5,66.48
ZA-00010291,1,SKU90498,ZAV00015,1,386.47,76.02
ZA-00010292,1,SKU78702,ZAV00511,1,513.27,47.27
ZA-00010293,1,SKU80923,ZAV00138,1,301.98,86.86
ZA-00010293,2,SKU83880,ZAV00349,2,524.59,54.62
ZA-00010294,1,SKU39589,ZAV00236,1,52.06,72.71
ZA-00010295,1,SKU73258,ZAV00639,1,1108.89,159.31
ZA-00010295,2,SKU63071,ZAV00038,1,410.69,174.81
ZA-00010296,1,SKU64860,ZAV00288,1,181.7,53.08
ZA-00010297,1,SKU11021,ZAV00062,1,1338.48,176.75
ZA-00010297,2,SKU32994,ZAV00257,1,406.62,161.8
ZA-00010297,3,SKU36408,ZAV00634,1,92.27,175.24
ZA-00010298,1,SKU82756,ZAV00136,1,195.66,120.13
ZA-00010299,1,SKU80866,ZAV00682,2,116.29,45.45
ZA-00010300,1,SKU35726,ZAV00506,1,333.73,55.46
ZA-00010301,1,SKU24678,ZAV00240,1,114.99,41.07
ZA-00010301,2,SKU84048,ZAV00184,1,207.86,171.71
ZA-00010302,1,SKU83086,ZAV00467,3,366.48,51.83
ZA-00010303,1,SKU10133,ZAV00328,2,88.51,171.21
ZA-00010304,1,SKU99641,ZAV00729,1,597.31,96.06
ZA-00010304,2,SKU92361,ZAV00071,1,1732.35,94.15
ZA-00010305,1,SKU89310,ZAV00646,1,532.48,95.08
ZA-00010306,1,SKU46041,ZAV00033,1,3785.62,178.73
ZA-00010307,1,SKU34157,ZAV00565,1,163.85,74.35
ZA-00010308,1,SKU90467,ZAV00423,2,724.94,120.79
ZA-00010309,1,SKU78373,ZAV00550,1,78.39,35.61
ZA-00010310,1,SKU19209,ZAV00029,1,312.92,111.47
ZA-00010310,2,SKU10349,ZAV00710,1,370.11,94.78
ZA-00010311,1,SKU21922,ZAV00767,1,821.57,83.35
ZA-00010312,1,SKU25982,ZAV00506,1,2324.57,160.05
ZA-00010312,2,SKU59842,ZAV00573,1,418.77,168.85
ZA-00010313,1,SKU54608,ZAV00295,1,498.68,75.52
ZA-00010314,1,SKU32357,ZAV00587,1,2441.06,92.42
ZA-00010315,1,SKU36907,ZAV00028,1,910.07,46.15
ZA-00010316,1,SKU22260,ZAV00546,2,484.15,133.69
ZA-00010317,1,SKU26237,ZAV00600,1,212.92,41.17
ZA-00010318,1,SKU46092,ZAV00365,1,484.86,130.17
ZA-00010319,1,SKU30035,ZAV00031,1,296.82,136.14
ZA-00010319,2,SKU64812,ZAV00151,1,130.03,167.51
ZA-00010320,1,SKU85408,ZAV00717,1,475.53,59.5
ZA-00010321,1,SKU75161,ZAV00335,1,232.67,179.93
ZA-00010322,1,SKU83552,ZAV00568,1,299.11,100.33
ZA-00010322,2,SKU15351,ZAV00384,1,648.89,166.68
ZA-00010322,3,SKU37443,ZAV00691,1,277.95,157.44
ZA-00010323,1,SKU67031,ZAV00458,1,176.06,99.64
ZA-00010324,1,SKU76826,ZAV00719,1,638.42,89.81
ZA-00010325,1,SKU74898,ZAV00180,2,907.74,43.88
ZA-00010326,1,SKU67342,ZAV00086,2,106.01,61.32
ZA-00010327,1,SKU70815,ZAV00044,1,1784.82,50.69
ZA-00010327,2,SKU37689,ZAV00298,1,448.26,175.17
ZA-00010328,1,SKU81508,ZAV00388,1,82.5,170.46
ZA-00010328,2,SKU26829,ZAV00510,3,767.21,78.68
ZA-00010329,1,SKU62447,ZAV00632,1,3491.55,58.55
ZA-00010329,2,SKU58173,ZAV00136,1,1026.17,39.63
ZA-00010330,1,SKU38680,ZAV00612,2,2533.68,141.83
ZA-00010331,1,SKU93726,ZAV00012,2,1034.52,109.36
ZA-00010332,1,SKU50669,ZAV00508,1,138.94,137.87
ZA-00010333,1,SKU90436,ZAV00281,1,476.72,157.53
ZA-00010334,1,SKU62429,ZAV00421,1,432.57,169.34
ZA-00010335,1,SKU50291,ZAV00250,1,2254.44,134.27
ZA-00010336,1,SKU74509,ZAV00189,1,979.23,179.77
ZA-00010336,2,SKU91497,ZAV00272,1,1456.57,176.66
ZA-00010337,1,SKU27159,ZAV00043,1,26.96,79.08
ZA-00010338,1,SKU65765,ZAV00327,2,1378.97,116.34
ZA-00010339,1,SKU89231,ZAV00193,1,524.84,133.77
ZA-00010340,1,SKU51550,ZAV00509,1,90.24,46.6
ZA-00010341,1,SKU87536,ZAV00263,1,259.5,140.16
ZA-00010341,2,SKU87107,ZAV00653,1,3614.08,157.33
ZA-00010342,1,SKU82118,ZAV00630,1,481.74,172.46
ZA-00010343,1,SKU19772,ZAV00276,1,300.15,77.02
ZA-00010343,2,SKU41418,ZAV00298,1,1942.08,61.42
ZA-00010344,1,SKU34220,ZAV00124,1,157.39,73.02
ZA-00010344,2,SKU99001,ZAV00664,2,192.09,58.05
ZA-00010345,1,SKU13608,ZAV00585,1,1071.2,141.55
ZA-00010346,1,SKU91090,ZAV00570,1,1024.59,131.84
ZA-00010347,1,SKU78509,ZAV00152,1,352.4,59.69
ZA-00010348,1,SKU45985,ZAV00700,1,436.5,59.19
ZA-00010348,2,SKU59874,ZAV00053,1,394.62,42.38
ZA-00010349,1,SKU55042,ZAV00703,1,187.2,110.57
ZA-00010349,2,SKU27835,ZAV00483,3,1601.14,108.78
ZA-00010350,1,SKU71776,ZAV00628,1,1476.42,100.15
ZA-00010351,1,SKU90960,ZAV00490,1,173.86,173.25
ZA-00010352,1,SKU84018,ZAV00180,1,239.52,58.49
ZA-00010352,2,SKU94072,ZAV00226,1,512.32,167.33
ZA-00010353,1,SKU94989,ZAV00310,2,526.15,131.9
ZA-00010354,1,SKU98815,ZAV00691,1,214.25,44.47
ZA-00010355,1,SKU90315,ZAV00262,2,1528.03,59.43
ZA-00010356,1,SKU68543,ZAV00714,1,314.88,94.16
ZA-00010356,2,SKU66149,ZAV00708,1,1916.68,61.51
ZA-00010357,1,SKU97676,ZAV00113,1,229.24,135.89
ZA-00010358,1,SKU86845,ZAV00333,2,266.99,133.95
ZA-00010358,2,SKU13176,ZAV00619,1,567.67,152.74
ZA-00010359,1,SKU41680,ZAV00237,1,791.63,70.14
ZA-00010360,1,SKU61765,ZAV00715,1,1727.29,35.19
ZA-00010361,1,SKU13121,ZAV00665,1,1292.23,59.14
ZA-00010362,1,SKU53240,ZAV00037,1,689.21,122.49
ZA-00010362,2,SKU32317,ZAV00375,1,418.63,96.95
ZA-00010363,1,SKU77894,ZAV00493,1,209.66,139.1
ZA-00010364,1,SKU26647,ZAV00192,1,327.06,46.25
ZA-00010365,1,SKU53282,ZAV00713,1,2170.84,148.52
ZA-00010366,1,SKU32049,ZAV00724,1,361.55,55.54
ZA-00010367,1,SKU86559,ZAV00555,3,930.97,144.76
ZA-00010368,1,SKU35180,ZAV00748,1,436.68,90.44
ZA-00010369,1,SKU78605,ZAV00332,1,226.49,142.65
ZA-00010370,1,SKU72724,ZAV00034,1,1471.52,47.83
ZA-00010370,2,SKU41370,ZAV00642,2,761.49,176.08
ZA-00010370,3,SKU61741,ZAV00784,2,1399.49,101.05
ZA-00010371,1,SKU25903,ZAV00773,1,729.55,162.03
ZA-00010372,1,SKU62750,ZAV00432,2,265.19,114.85
ZA-00010372,2,SKU17955,ZAV00576,1,573.22,62.79
ZA-00010373,1,SKU23819,ZAV00736,1,1661.56,93.31
ZA-00010374,1,SKU72552,ZAV00741,1,202.85,61.95
ZA-00010375,1,SKU79654,ZAV00529,1,2061.16,111.77
ZA-00010375,2,SKU92971,ZAV00285,1,315.27,49.04
ZA-00010375,3,SKU40205,ZAV00465,1,252.68,127.6
ZA-00010376,1,SKU43626,ZAV00530,1,276.74,76.51
ZA-00010376,2,SKU82085,ZAV00235,1,726.28,109.83
ZA-00010377,1,SKU98353,ZAV00603,1,92.23,128.35
ZA-00010377,2,SKU65351,ZAV00398,1,429.34,107.29
ZA-00010377,3,SKU67434,ZAV00648,1,981.32,77.7
ZA-00010378,1,SKU21490,ZAV00012,1,349.61,66.43
ZA-00010379,1,SKU44580,ZAV00210,1,235.51,120.96
ZA-00010379,2,SKU56977,ZAV00178,1,594.77,127.09
ZA-00010379,3,SKU91795,ZAV00124,1,375.53,36.8
ZA-00010380,1,SKU13187,ZAV00201,1,1446.38,115.76
ZA-00010381,1,SKU65884,ZAV00460,1,407.35,125.23
ZA-00010382,1,SKU40104,ZAV00418,1,781.97,125.74
ZA-00010383,1,SKU94079,ZAV00467,2,404.82,53.21
ZA-00010384,1,SKU87191,ZAV00599,1,2147.21,127.64
ZA-00010385,1,SKU60031,ZAV00217,1,303.24,95.95
ZA-00010386,1,SKU36062,ZAV00027,1,498.99,54.26
ZA-00010387,1,SKU70463,ZAV00552,1,490.08,49.17
ZA-00010388,1,SKU80655,ZAV00662,1,1045.91,42.62
ZA-00010389,1,SKU84272,ZAV00268,1,684.42,59.7
ZA-00010390,1,SKU40083,ZAV00528,1,848.98,157.13
ZA-00010390,2,SKU82174,ZAV00424,1,81.84,38.66
ZA-00010391,1,SKU76119,ZAV00184,1,166.03,77.2
ZA-00010392,1,SKU99542,ZAV00205,1,418.46,78.78
ZA-00010393,1,SKU51543,ZAV00337,1,339.79,165.94
ZA-00010394,1,SKU20534,ZAV00737,1,2448.03,160.89
ZA-00010395,1,SKU94913,ZAV00190,1,498.87,88.53
ZA-00010396,1,SKU31220,ZAV00736,1,544.73,109.31
ZA-00010396,2,SKU34419,ZAV00455,1,576.87,167.45
ZA-00010397,1,SKU67695,ZAV00118,1,397.93,49.39
ZA-00010397,2,SKU62378,ZAV00231,1,1408.37,44.34
ZA-00010398,1,SKU47159,ZAV00247,1,132.43,143.72
ZA-00010399,1,SKU72101,ZAV00051,1,203.51,88.06
ZA-00010400,1,SKU37332,ZAV00672,1,44.33,102.84
ZA-00010401,1,SKU97366,ZAV00024,1,485.24,63.89
ZA-00010401,2,SKU20040,ZAV00610,1,519.15,123.19
ZA-00010402,1,SKU27206,ZAV00082,1,201.06,151.11
ZA-00010402,2,SKU28658,ZAV00272,1,978.51,72.8
ZA-00010403,1,SKU13272,ZAV00083,1,203.94,96.16
ZA-00010404,1,SKU59630,ZAV00344,1,1493.82,110.31
ZA-00010405,1,SKU33106,ZAV00322,1,421.19,67.3
ZA-00010405,2,SKU55398,ZAV00103,2,216.0,152.47
ZA-00010406,1,SKU98043,ZAV00171,1,661.28,160.15
ZA-00010406,2,SKU23298,ZAV00725,1,190.64,174.51
ZA-00010407,1,SKU81576,ZAV00525,1,113.11,45.47
ZA-00010407,2,SKU65187,ZAV00043,2,1437.36,165.7
ZA-00010407,3,SKU35545,ZAV00155,1,2098.92,149.52
ZA-00010408,1,SKU82256,ZAV00531,2,367.49,145.67
ZA-00010409,1,SKU70325,ZAV00768,1,748.05,56.48
ZA-00010410,1,SKU22798,ZAV00120,1,320.11,91.22
ZA-00010411,1,SKU76733,ZAV00405,1,245.18,135.58
ZA-00010411,2,SKU12085,ZAV00304,1,230.55,48.24
ZA-00010412,1,SKU85828,ZAV00799,3,176.39,155.08
ZA-00010412,2,SKU88581,ZAV00514,1,342.27,45.71
ZA-00010413,1,SKU37279,ZAV00733,1,1063.74,129.98
ZA-00010414,1,SKU43953,ZAV00020,1,420.24,125.13
ZA-00010415,1,SKU91304,ZAV00534,2,891.47,126.38
ZA-00010416,1,SKU72485,ZAV00495,1,115.19,145.27
ZA-00010416,2,SKU89041,ZAV00102,1,844.6,67.99
ZA-00010416,3,SKU98220,ZAV00239,2,405.25,168.54
ZA-00010417,1,SKU49155,ZAV00574,1,486.28,70.5
ZA-00010418,1,SKU22486,ZAV00234,1,417.83,52.3
ZA-00010419,1,SKU78409,ZAV00007,1,2208.1,69.67
ZA-00010420,1,SKU90081,ZAV00388,1,166.81,93.75
ZA-00010421,1,SKU74955,ZAV00293,3,916.6,127.71
ZA-00010421,2,SKU23585,ZAV00723,1,584.23,56.68
ZA-00010422,1,SKU12901,ZAV00133,1,572.1,146.66
ZA-00010423,1,SKU61513,ZAV00288,1,186.22,64.2
ZA-00010424,1,SKU24504,ZAV00430,1,757.73,169.89
ZA-00010424,2,SKU79575,ZAV00712,1,580.25,122.88
ZA-00010425,1,SKU74700,ZAV00048,1,349.19,148.15
ZA-00010426,1,SKU45999,ZAV00210,1,705.91,84.25
ZA-00010427,1,SKU69301,ZAV00166,1,2238.54,147.14
ZA-00010428,1,SKU84921,ZAV00143,2,521.39,175.58
ZA-00010429,1,SKU90507,ZAV00095,1,70.47,134.21
ZA-00010430,1,SKU21424,ZAV00544,1,639.03,151.32
ZA-00010431,1,SKU66321,ZAV00326,1,398.03,149.11
ZA-00010432,1,SKU53140,ZAV00388,1,159.63,173.82
ZA-00010433,1,SKU37392,ZAV00268,1,477.1,153.54
ZA-00010434,1,SKU67625,ZAV00469,1,831.18,128.5
ZA-00010435,1,SKU93339,ZAV00604,1,190.96,179.11
ZA-00010436,1,SKU28795,ZAV00354,1,126.14,76.17
ZA-00010436,2,SKU33571,ZAV00621,1,455.44,104.41
ZA-00010437,1,SKU89890,ZAV00641,2,1504.42,111.53
ZA-00010438,1,SKU82098,ZAV00471,2,177.29,58.52
ZA-00010439,1,SKU92883,ZAV00484,1,601.38,39.87
ZA-00010440,1,SKU79983,ZAV00408,2,577.09,84.8
ZA-00010441,1,SKU76186,ZAV00343,1,390.53,79.11
ZA-00010442,1,SKU11838,ZAV00577,1,1313.65,164.72
ZA-00010443,1,SKU78417,ZAV00177,1,523.59,44.47
ZA-00010444,1,SKU49302,ZAV00778,1,349.08,77.31
ZA-00010445,1,SKU83699,ZAV00771,2,664.29,123.92
ZA-00010446,1,SKU26033,ZAV00427,1,514.53,79.61
ZA-00010447,1,SKU48007,ZAV00635,1,292.94,120.41
ZA-00010448,1,SKU87362,ZAV00617,1,158.2,79.23
ZA-00010449,1,SKU45100,ZAV00161,2,586.28,53.83
ZA-00010450,1,SKU54056,ZAV00324,1,294.35,150.57
ZA-00010451,1,SKU82290,ZAV00379,1,207.16,141.41
ZA-00010452,1,SKU90387,ZAV00411,1,215.44,133.85
ZA-00010453,1,SKU53039,ZAV00521,1,1756.66,83.4
ZA-00010454,1,SKU49116,ZAV00738,1,1993.18,83.08
ZA-00010454,2,SKU14009,ZAV00415,1,1535.84,55.66
ZA-00010455,1,SKU73901,ZAV00459,2,1687.77,104.94
ZA-00010456,1,SKU31352,ZAV00102,1,1221.86,124.96
ZA-00010457,1,SKU23047,ZAV00211,1,478.94,38.36
ZA-00010458,1,SKU69227,ZAV00470,1,367.14,174.45
ZA-00010459,1,SKU36654,ZAV00020,1,1166.7,80.02
ZA-00010459,2,SKU25411,ZAV00709,1,574.47,124.83
ZA-00010460,1,SKU56992,ZAV00127,2,287.27,69.06
ZA-00010461,1,SKU74742,ZAV00368,1,49.51,143.59
ZA-00010461,2,SKU82666,ZAV00712,1,793.66,140.8
ZA-00010462,1,SKU74377,ZAV00652,1,935.61,119.57
ZA-00010463,1,SKU24987,ZAV00572,1,515.95,111.35
ZA-00010464,1,SKU69085,ZAV00228,1,597.5,47.35
ZA-00010465,1,SKU35642,ZAV00731,1,464.66,136.77
ZA-00010465,2,SKU16182,ZAV00173,1,107.09,117.5
ZA-00010466,1,SKU96483,ZAV00600,1,667.28,68.58
ZA-00010467,1,SKU20879,ZAV00551,1,861.54,75.11
ZA-00010468,1,SKU39388,ZAV00680,1,178.13,71.63
ZA-00010469,1,SKU54472,ZAV00621,2,437.42,48.45
ZA-00010469,2,SKU44014,ZAV00598,1,1171.68,165.6
ZA-00010470,1,SKU29223,ZAV00017,2,643.78,139.08
ZA-00010470,2,SKU25189,ZAV00338,1,259.16,147.27
ZA-00010471,1,SKU62910,ZAV00689,1,352.4,140.12
ZA-00010472,1,SKU11951,ZAV00640,1,210.16,126.84
ZA-00010473,1,SKU78270,ZAV00517,1,75.86,97.64
ZA-00010474,1,SKU39733,ZAV00067,2,167.62,143.33
ZA-00010475,1,SKU41401,ZAV00104,1,894.66,118.08
ZA-00010476,1,SKU57801,ZAV00161,1,124.52,106.51
ZA-00010477,1,SKU41534,ZAV00360,1,566.16,79.68
ZA-00010478,1,SKU91962,ZAV00361,1,1911.99,155.5
ZA-00010478,2,SKU84706,ZAV00135,1,346.83,58.4
ZA-00010478,3,SKU76621,ZAV00608,1,394.8,98.89
ZA-00010479,1,SKU12256,ZAV00300,1,209.54,174.13
ZA-00010480,1,SKU14666,ZAV00787,1,141.57,110.17
ZA-00010481,1,SKU54531,ZAV00003,1,49.63,169.5
ZA-00010482,1,SKU49554,ZAV00375,1,709.43,176.16
ZA-00010483,1,SKU42204,ZAV00035,1,1972.68,140.01
ZA-00010483,2,SKU53192,ZAV00781,1,425.57,44.54
ZA-00010484,1,SKU82540,ZAV00082,1,1101.53,69.44
ZA-00010484,2,SKU43673,ZAV00768,1,131.79,68.5
ZA-00010484,3,SKU35619,ZAV00653,1,371.95,127.86
ZA-00010485,1,SKU25737,ZAV00277,1,1143.28,92.16
ZA-00010486,1,SKU28542,ZAV00366,1,180.97,63.01
ZA-00010486,2,SKU36611,ZAV00702,1,261.73,100.76
ZA-00010487,1,SKU76803,ZAV00392,1,322.89,74.35
ZA-00010488,1,SKU29958,ZAV00796,2,656.75,83.97
ZA-00010489,1,SKU79155,ZAV00117,1,278.59,161.63
ZA-00010489,2,SKU61990,ZAV00443,3,830.75,81.39
ZA-00010490,1,SKU89410,ZAV00502,1,1416.85,97.87
ZA-00010490,2,SKU26030,ZAV00710,1,1009.51,54.46
ZA-00010491,1,SKU54667,ZAV00668,1,249.4,167.41
ZA-00010492,1,SKU62957,ZAV00075,1,1599.85,147.51
ZA-00010493,1,SKU62177,ZAV00008,2,235.37,64.84
ZA-00010494,1,SKU38994,ZAV00660,2,302.15,73.04
ZA-00010495,1,SKU74303,ZAV00268,1,76.07,119.82
ZA-00010496,1,SKU79535,ZAV00484,1,227.28,53.87
ZA-00010497,1,SKU70737,ZAV00608,1,415.3,160.5
ZA-00010497,2,SKU22013,ZAV00046,1,973.8,50.05
ZA-00010498,1,SKU71281,ZAV00528,1,269.39,88.9
ZA-00010499,1,SKU79528,ZAV00411,1,288.76,73.38
ZA-00010500,1,SKU21409,ZAV00302,1,643.59,164.31
ZA-00010501,1,SKU32248,ZAV00574,1,297.23,97.72
ZA-00010502,1,SKU55658,ZAV00185,1,687.43,112.1
ZA-00010503,1,SKU98349,ZAV00181,1,243.11,134.74
ZA-00010504,1,SKU13405,ZAV00526,1,2223.32,168.72
ZA-00010505,1,SKU62464,ZAV00525,2,373.98,146.08
ZA-00010506,1,SKU13607,ZAV00530,1,749.05,52.52
ZA-00010507,1,SKU49545,ZAV00127,1,762.66,111.63
ZA-00010508,1,SKU24913,ZAV00620,2,493.89,108.31
ZA-00010509,1,SKU22854,ZAV00027,1,549.81,49.41
ZA-00010510,1,SKU28836,ZAV00490,1,854.62,166.93
ZA-00010511,1,SKU73557,ZAV00177,3,241.18,151.92
ZA-00010512,1,SKU35859,ZAV00389,1,350.78,83.78
ZA-00010512,2,SKU19148,ZAV00030,1,481.51,98.19
ZA-00010512,3,SKU20547,ZAV00138,2,542.92,139.87
ZA-00010513,1,SKU88036,ZAV00647,1,166.75,76.37
ZA-00010514,1,SKU14922,ZAV00792,1,267.27,153.51
ZA-00010514,2,SKU97334,ZAV00599,1,3036.17,95.88
ZA-00010515,1,SKU11757,ZAV00783,1,171.64,126.17
ZA-00010515,2,SKU23564,ZAV00581,3,142.9,144.67
ZA-00010516,1,SKU92639,ZAV00735,1,449.11,123.4
ZA-00010517,1,SKU91578,ZAV00026,2,976.7,61.8
ZA-00010517,2,SKU16797,ZAV00732,1,60.59,167.01
ZA-00010518,1,SKU30978,ZAV00616,1,340.38,161.85
ZA-00010519,1,SKU17946,ZAV00528,1,374.2,41.74
ZA-00010520,1,SKU82911,ZAV00754,1,1988.63,179.19
ZA-00010521,1,SKU60450,ZAV00181,1,428.51,148.58
ZA-00010522,1,SKU86643,ZAV00178,1,1615.62,95.13
ZA-00010523,1,SKU91403,ZAV00196,1,214.75,146.07
ZA-00010524,1,SKU91132,ZAV00311,1,362.48,86.95
ZA-00010525,1,SKU27962,ZAV00135,1,194.72,174.71
ZA-00010526,1,SKU16526,ZAV00481,1,349.18,91.13
ZA-00010527,1,SKU14947,ZAV00579,2,1498.42,141.94
ZA-00010528,1,SKU19974,ZAV00512,1,826.62,102.62
ZA-00010528,2,SKU10966,ZAV00746,1,1451.06,97.25
ZA-00010528,3,SKU22872,ZAV00125,1,214.45,82.69
ZA-00010529,1,SKU63759,ZAV00215,1,384.09,122.68
ZA-00010530,1,SKU18367,ZAV00660,1,257.9,150.42
ZA-00010530,2,SKU95782,ZAV00198,1,825.69,104.06
ZA-00010531,1,SKU89188,ZAV00777,1,1033.18,178.87
ZA-00010531,2,SKU47537,ZAV00108,2,187.76,54.19
ZA-00010531,3,SKU35076,ZAV00439,2,380.41,89.31
ZA-00010532,1,SKU15353,ZAV00240,2,224.08,48.37
ZA-00010533,1,SKU56418,ZAV00363,1,1071.84,134.78
ZA-00010533,2,SKU18552,ZAV00731,1,1757.15,142.4
ZA-00010534,1,SKU89150,ZAV00203,1,1727.26,141.75
ZA-00010535,1,SKU56590,ZAV00129,2,459.0,67.12
ZA-00010535,2,SKU68275,ZAV00167,2,483.28,162.98
ZA-00010536,1,SKU18087,ZAV00368,2,662.97,123.21
ZA-00010537,1,SKU11098,ZAV00347,1,574.79,133.07
ZA-00010537,2,SKU33287,ZAV00382,1,215.76,179.76
ZA-00010538,1,SKU85039,ZAV00106,1,454.67,130.29
ZA-00010539,1,SKU21547,ZAV00423,1,352.23,159.18
ZA-00010540,1,SKU41546,ZAV00249,3,96.99,173.33
ZA-00010541,1,SKU99494,ZAV00353,1,419.48,77.81
ZA-00010542,1,SKU40275,ZAV00245,1,548.38,54.36
ZA-00010542,2,SKU93491,ZAV00522,1,579.61,71.39
ZA-00010543,1,SKU52914,ZAV00630,1,174.26,108.96
ZA-00010544,1,SKU50242,ZAV00106,1,3021.03,134.34
ZA-00010545,1,SKU45803,ZAV00633,1,489.96,117.11
ZA-00010546,1,SKU30214,ZAV00344,1,262.04,167.98
ZA-00010547,1,SKU16065,ZAV00567,1,627.61,120.3
ZA-00010548,1,SKU44151,ZAV00244,1,354.15,120.05
ZA-00010549,1,SKU81506,ZAV00237,1,599.0,101.62
ZA-00010550,1,SKU83907,ZAV00005,1,405.35,119.44
ZA-00010550,2,SKU99036,ZAV00254,1,102.43,79.16
ZA-00010551,1,SKU54881,ZAV00042,1,792.22,137.1
ZA-00010552,1,SKU41170,ZAV00536,1,459.08,38.95
ZA-00010553,1,SKU84946,ZAV00768,1,953.42,141.35
ZA-00010554,1,SKU19784,ZAV00108,1,771.89,104.08
ZA-00010555,1,SKU36130,ZAV00244,1,1483.18,75.93
ZA-00010556,1,SKU30571,ZAV00799,1,5047.84,51.4
ZA-00010557,1,SKU96979,ZAV00442,1,419.86,74.29
ZA-00010557,2,SKU39856,ZAV00665,1,163.41,38.58
ZA-00010557,3,SKU98783,ZAV00335,1,481.37,37.21
ZA-00010558,1,SKU49432,ZAV00003,1,297.47,114.54
ZA-00010559,1,SKU62273,ZAV00143,1,409.32,84.17
ZA-00010560,1,SKU11823,ZAV00274,1,515.46,76.55
ZA-00010561,1,SKU71872,ZAV00358,1,441.32,125.29
ZA-00010562,1,SKU71405,ZAV00613,1,302.76,176.11
ZA-00010563,1,SKU47836,ZAV00339,1,82.63,123.29
ZA-00010564,1,SKU23441,ZAV00271,1,900.94,136.35
ZA-00010564,2,SKU85264,ZAV00561,1,165.15,158.57
ZA-00010565,1,SKU56762,ZAV00633,1,960.38,99.74
ZA-00010566,1,SKU63959,ZAV00194,1,350.15,104.81
ZA-00010567,1,SKU27886,ZAV00323,1,573.08,66.74
ZA-00010567,2,SKU47609,ZAV00036,2,100.09,83.79
ZA-00010568,1,SKU35280,ZAV00043,1,77.19,42.05
ZA-00010569,1,SKU54609,ZAV00244,1,642.68,139.64
ZA-00010569,2,SKU45738,ZAV00018,1,185.88,44.51
ZA-00010570,1,SKU94312,ZAV00700,1,222.94,104.64
ZA-00010571,1,SKU42273,ZAV00168,1,585.99,90.16
ZA-00010572,1,SKU78514,ZAV00089,2,2026.02,166.4
ZA-00010573,1,SKU32887,ZAV00258,1,254.97,65.4
ZA-00010574,1,SKU56083,ZAV00605,1,463.42,125.97
ZA-00010574,2,SKU17370,ZAV00352,1,798.82,108.13
ZA-00010574,3,SKU29066,ZAV00136,2,590.43,105.42
ZA-00010575,1,SKU48934,ZAV00481,1,758.38,170.3
ZA-00010576,1,SKU19510,ZAV00307,1,439.53,175.26
ZA-00010577,1,SKU64922,ZAV00377,1,548.8,137.08
ZA-00010578,1,SKU77536,ZAV00054,2,255.66,39.17
ZA-00010579,1,SKU19361,ZAV00772,1,226.03,65.44
ZA-00010580,1,SKU85570,ZAV00081,1,95.36,40.61
ZA-00010581,1,SKU69213,ZAV00678,1,647.35,122.49
ZA-00010581,2,SKU23554,ZAV00520,1,378.94,36.72
ZA-00010582,1,SKU68921,ZAV00627,1,166.67,51.06
ZA-00010582,2,SKU60662,ZAV00508,1,622.14,161.52
ZA-00010583,1,SKU47204,ZAV00330,1,199.96,165.26
ZA-00010584,1,SKU77675,ZAV00281,1,1367.1,42.08
ZA-00010584,2,SKU77134,ZAV00689,1,597.78,100.52
ZA-00010585,1,SKU61727,ZAV00720,3,138.91,124.33
ZA-00010585,2,SKU54677,ZAV00584,2,1439.13,101.41
ZA-00010586,1,SKU57358,ZAV00421,3,1089.63,98.26
ZA-00010587,1,SKU40156,ZAV00321,1,2479.98,157.14
ZA-00010588,1,SKU15869,ZAV00764,1,1278.0,83.96
ZA-00010589,1,SKU38904,ZAV00060,1,595.16,173.85
ZA-00010590,1,SKU66417,ZAV00155,1,363.13,165.48
ZA-00010591,1,SKU11276,ZAV00673,3,253.3,122.07
ZA-00010592,1,SKU77745,ZAV00021,1,274.28,115.17
ZA-00010592,2,SKU37322,ZAV00398,1,153.38,164.44
ZA-00010593,1,SKU77198,ZAV00112,1,255.9,116.6
ZA-00010593,2,SKU23308,ZAV00541,1,157.09,103.83
ZA-00010594,1,SKU56015,ZAV00191,1,316.32,118.63
ZA-00010595,1,SKU28284,ZAV00644,1,886.47,36.09
ZA-00010596,1,SKU84208,ZAV00062,1,167.92,167.16
ZA-00010597,1,SKU58285,ZAV00593,1,2368.8,78.86
ZA-00010597,2,SKU73530,ZAV00445,1,405.2,155.93
ZA-00010598,1,SKU80677,ZAV00478,1,1002.75,171.82
ZA-00010599,1,SKU89618,ZAV00303,1,144.37,102.92
ZA-00010600,1,SKU60177,ZAV00176,1,258.83,135.23
ZA-00010600,2,SKU30880,ZAV00236,2,1279.03,162.59
ZA-00010601,1,SKU12732,ZAV00507,1,1146.61,55.11
ZA-00010601,2,SKU69725,ZAV00557,1,333.84,93.95
ZA-00010601,3,SKU66587,ZAV00010,1,462.53,165.6
ZA-00010602,1,SKU44187,ZAV00304,1,902.2,36.67
ZA-00010603,1,SKU95019,ZAV00164,2,507.84,163.05
ZA-00010604,1,SKU72941,ZAV00350,1,161.67,90.82
ZA-00010605,1,SKU27420,ZAV00341,1,437.71,45.97
ZA-00010606,1,SKU24488,ZAV00341,1,1239.6,167.21
ZA-00010607,1,SKU80261,ZAV00285,1,567.63,113.3
ZA-00010608,1,SKU58313,ZAV00254,1,113.93,50.08
ZA-00010608,2,SKU70620,ZAV00357,1,691.37,88.89
ZA-00010609,1,SKU17596,ZAV00185,1,340.92,81.26
ZA-00010610,1,SKU17622,ZAV00729,1,452.36,133.64
ZA-00010610,2,SKU42750,ZAV00281,1,250.35,44.18
ZA-00010610,3,SKU25572,ZAV00743,1,94.97,46.27
ZA-00010611,1,SKU96861,ZAV00295,1,281.5,168.88
ZA-00010612,1,SKU34475,ZAV00371,1,574.46,73.96
ZA-00010612,2,SKU39067,ZAV00005,1,736.45,46.32
ZA-00010613,1,SKU30668,ZAV00337,1,669.35,58.34
ZA-00010614,1,SKU17381,ZAV00356,1,398.48,146.68
ZA-00010615,1,SKU66551,ZAV00706,1,650.19,62.17
ZA-00010616,1,SKU52332,ZAV00761,2,69.52,61.79
ZA-00010617,1,SKU21811,ZAV00232,1,198.17,109.0
ZA-00010618,1,SKU61809,ZAV00737,1,3479.04,149.11
ZA-00010619,1,SKU93545,ZAV00236,1,682.94,149.06
ZA-00010620,1,SKU75544,ZAV00781,1,1528.01,119.56
ZA-00010621,1,SKU95327,ZAV00485,1,731.66,81.84
ZA-00010622,1,SKU89341,ZAV00586,1,281.06,137.55
ZA-00010622,2,SKU11382,ZAV00682,1,847.21,94.56
ZA-00010623,1,SKU41696,ZAV00035,1,361.0,90.25
ZA-00010624,1,SKU58555,ZAV00072,1,729.12,156.66
ZA-00010625,1,SKU39704,ZAV00097,1,57.98,72.53
ZA-00010626,1,SKU75381,ZAV00741,1,441.46,123.03
ZA-00010627,1,SKU43683,ZAV00709,1,1294.54,84.18
ZA-00010628,1,SKU42268,ZAV00034,1,442.04,143.79
ZA-00010629,1,SKU21884,ZAV00435,1,324.11,76.27
ZA-00010630,1,SKU81734,ZAV00646,1,655.47,165.72
ZA-00010631,1,SKU74252,ZAV00135,1,38.62,96.19
ZA-00010632,1,SKU11308,ZAV00171,2,463.76,74.76
ZA-00010633,1,SKU15197,ZAV00062,1,408.59,53.4
ZA-00010634,1,SKU61188,ZAV00005,1,301.73,131.08
ZA-00010635,1,SKU91909,ZAV00512,1,944.13,62.96
ZA-00010635,2,SKU44915,ZAV00251,1,301.97,139.86
ZA-00010636,1,SKU84518,ZAV00591,1,487.43,45.65
ZA-00010637,1,SKU18298,ZAV00166,1,634.02,134.6
ZA-00010638,1,SKU93147,ZAV00481,1,679.87,58.73
ZA-00010639,1,SKU99764,ZAV00530,1,374.21,104.35
ZA-00010640,1,SKU31663,ZAV00588,1,727.61,153.14
ZA-00010641,1,SKU46399,ZAV00573,1,320.75,140.04
ZA-00010641,2,SKU53074,ZAV00242,1,235.62,41.52
ZA-00010641,3,SKU37642,ZAV00333,1,523.56,88.75
ZA-00010642,1,SKU62074,ZAV00372,1,526.17,43.51
ZA-00010643,1,SKU46946,ZAV00288,1,244.44,43.26
ZA-00010643,2,SKU67853,ZAV00180,1,157.96,111.26
ZA-00010644,1,SKU22887,ZAV00312,1,856.4,113.09
ZA-00010644,2,SKU49090,ZAV00527,1,586.01,126.99
ZA-00010644,3,SKU94229,ZAV00374,1,135.08,117.44
ZA-00010645,1,SKU41359,ZAV00620,2,1469.16,115.98
ZA-00010645,2,SKU30776,ZAV00141,2,559.3,128.82
ZA-00010646,1,SKU18922,ZAV00042,1,462.25,92.87
ZA-00010647,1,SKU37820,ZAV00486,1,200.77,97.08
ZA-00010647,2,SKU17560,ZAV00618,2,97.3,160.97
ZA-00010648,1,SKU65912,ZAV00576,1,1245.62,115.0
ZA-00010648,2,SKU51667,ZAV00249,2,209.61,41.03
ZA-00010648,3,SKU25909,ZAV00737,1,205.64,51.35
ZA-00010649,1,SKU64890,ZAV00779,1,494.38,169.24
ZA-00010650,1,SKU24670,ZAV00541,1,303.49,51.75
ZA-00010651,1,SKU65458,ZAV00534,1,656.29,112.75
ZA-00010652,1,SKU15973,ZAV00779,1,453.41,179.08
ZA-00010653,1,SKU89717,ZAV00230,1,303.86,115.9
ZA-00010654,1,SKU44864,ZAV00524,1,652.91,40.34
ZA-00010655,1,SKU99546,ZAV00780,1,163.34,157.19
ZA-00010656,1,SKU60685,ZAV00684,1,1306.03,131.96
ZA-00010656,2,SKU96572,ZAV00186,2,295.99,43.25
ZA-00010656,3,SKU27412,ZAV00430,1,2637.27,135.43
ZA-00010657,1,SKU62173,ZAV00435,1,947.14,90.06
ZA-00010658,1,SKU76850,ZAV00544,1,834.68,139.88
ZA-00010659,1,SKU46592,ZAV00211,1,168.91,112.32
ZA-00010659,2,SKU44944,ZAV00735,1,543.14,69.79
ZA-00010660,1,SKU83960,ZAV00288,1,233.49,162.04
ZA-00010660,2,SKU27485,ZAV00590,1,1604.88,134.87
ZA-00010661,1,SKU63619,ZAV00311,1,494.87,149.84
ZA-00010662,1,SKU41539,ZAV00128,1,445.26,172.47
ZA-00010663,1,SKU99992,ZAV00189,1,355.66,40.88
ZA-00010664,1,SKU36084,ZAV00666,1,244.52,172.98
ZA-00010665,1,SKU16888,ZAV00154,1,462.52,124.86
ZA-00010666,1,SKU66652,ZAV00665,1,647.81,38.49
ZA-00010667,1,SKU83667,ZAV00482,3,114.99,58.29
ZA-00010668,1,SKU14412,ZAV00434,1,591.14,36.87
ZA-00010669,1,SKU12254,ZAV00246,1,570.35,44.3
ZA-00010670,1,SKU81267,ZAV00541,1,249.07,79.83
ZA-00010671,1,SKU52404,ZAV00692,1,359.22,41.16
ZA-00010671,2,SKU83823,ZAV00714,1,133.29,99.26
ZA-00010672,1,SKU40094,ZAV00788,1,217.07,112.61
ZA-00010673,1,SKU74234,ZAV00465,3,875.98,82.4
ZA-00010674,1,SKU32532,ZAV00398,1,390.22,64.83
ZA-00010675,1,SKU13835,ZAV00744,1,65.56,43.08
ZA-00010676,1,SKU90382,ZAV00309,1,358.31,154.71
ZA-00010677,1,SKU93635,ZAV00520,1,433.63,125.43
ZA-00010678,1,SKU80877,ZAV00464,1,221.89,153.22
ZA-00010679,1,SKU10744,ZAV00056,1,617.52,169.19
ZA-00010680,1,SKU46275,ZAV00049,1,179.04,162.4
ZA-00010681,1,SKU23067,ZAV00514,1,442.72,141.44
ZA-00010682,1,SKU63226,ZAV00599,1,287.77,112.04
ZA-00010683,1,SKU67379,ZAV00307,1,688.69,135.1
ZA-00010684,1,SKU86984,ZAV00534,1,819.55,87.92
ZA-00010685,1,SKU11927,ZAV00772,1,883.02,177.69
ZA-00010686,1,SKU41918,ZAV00754,1,467.79,103.33
ZA-00010687,1,SKU97083,ZAV00358,1,420.53,96.95
ZA-00010687,2,SKU32607,ZAV00500,1,810.52,61.62
ZA-00010687,3,SKU23086,ZAV00719,1,273.19,60.35
ZA-00010688,1,SKU91319,ZAV00433,1,726.75,91.6
ZA-00010688,2,SKU32590,ZAV00518,1,535.87,159.74
ZA-00010688,3,SKU35079,ZAV00695,1,81.53,74.45
ZA-00010689,1,SKU28383,ZAV00468,1,198.63,150.13
ZA-00010690,1,SKU45264,ZAV00205,1,364.6,123.3
ZA-00010691,1,SKU35597,ZAV00626,1,120.58,138.36
ZA-00010691,2,SKU84801,ZAV00070,1,1368.83,124.19
ZA-00010692,1,SKU59867,ZAV00512,1,978.75,135.28
ZA-00010693,1,SKU13673,ZAV00167,1,491.39,162.22
ZA-00010694,1,SKU79849,ZAV00471,3,283.56,176.44
ZA-00010695,1,SKU12225,ZAV00228,1,476.13,42.86
ZA-00010696,1,SKU97515,ZAV00314,2,699.86,44.75
ZA-00010696,2,SKU11593,ZAV00016,1,321.33,107.52
ZA-00010697,1,SKU58483,ZAV00140,1,600.94,127.06
ZA-00010697,2,SKU65012,ZAV00135,2,749.27,158.7
ZA-00010698,1,SKU33452,ZAV00653,1,668.92,93.6
ZA-00010699,1,SKU86195,ZAV00590,1,517.52,131.55
ZA-00010700,1,SKU96860,ZAV00040,2,728.05,88.95
ZA-00010701,1,SKU38177,ZAV00148,1,457.75,147.78
ZA-00010702,1,SKU63864,ZAV00080,1,264.19,152.53
ZA-00010702,2,SKU36900,ZAV00371,1,359.39,166.48
ZA-00010703,1,SKU39153,ZAV00096,1,1090.72,55.4
ZA-00010704,1,SKU29935,ZAV00771,3,336.73,114.95
ZA-00010705,1,SKU48800,ZAV00137,1,563.55,83.71
ZA-00010706,1,SKU30480,ZAV00408,2,419.92,130.87
ZA-00010707,1,SKU89642,ZAV00340,1,738.81,93.2
ZA-00010708,1,SKU73683,ZAV00389,1,286.39,57.91
ZA-00010709,1,SKU33303,ZAV00255,1,644.44,56.52
ZA-00010710,1,SKU51254,ZAV00342,1,175.89,153.36
ZA-00010710,2,SKU33079,ZAV00245,1,341.29,37.94
ZA-00010711,1,SKU78365,ZAV00421,1,426.7,84.16
ZA-00010711,2,SKU67459,ZAV00680,2,466.96,126.96
ZA-00010712,1,SKU39907,ZAV00255,2,828.91,147.16
ZA-00010712,2,SKU82819,ZAV00735,1,216.39,106.45
ZA-00010713,1,SKU36421,ZAV00093,2,142.67,40.7
ZA-00010714,1,SKU83919,ZAV00333,1,379.24,56.03
ZA-00010715,1,SKU54992,ZAV00048,1,160.45,122.76
ZA-00010716,1,SKU16061,ZAV00428,1,1572.64,105.23
ZA-00010717,1,SKU65321,ZAV00361,2,326.02,172.56
ZA-00010718,1,SKU71625,ZAV00497,1,692.51,46.76
ZA-00010719,1,SKU35580,ZAV00458,1,712.55,154.96
ZA-00010719,2,SKU49741,ZAV00431,1,377.96,103.39
ZA-00010720,1,SKU56943,ZAV00239,3,2182.46,72.55
ZA-00010721,1,SKU88046,ZAV00130,1,178.81,95.06
ZA-00010722,1,SKU20648,ZAV00174,2,203.83,76.57
ZA-00010723,1,SKU72306,ZAV00778,1,172.31,137.88
ZA-00010723,2,SKU49999,ZAV00124,1,1132.85,178.24
ZA-00010724,1,SKU82581,ZAV00359,1,286.11,115.85
ZA-00010724,2,SKU21807,ZAV00389,1,195.12,149.46
ZA-00010725,1,SKU64056,ZAV00319,2,359.44,145.83
ZA-00010726,1,SKU81006,ZAV00320,1,378.73,80.16
ZA-00010727,1,SKU56761,ZAV00045,1,1476.29,136.19
ZA-00010728,1,SKU21360,ZAV00085,1,1660.52,118.35
ZA-00010729,1,SKU38819,ZAV00073,1,178.44,178.1
ZA-00010730,1,SKU16649,ZAV00221,1,739.54,137.9
ZA-00010731,1,SKU60311,ZAV00474,1,255.78,163.26
ZA-00010732,1,SKU51395,ZAV00652,1,751.47,109.42
ZA-00010733,1,SKU86895,ZAV00673,1,146.69,65.13
ZA-00010734,1,SKU92993,ZAV00203,2,1010.92,139.05
ZA-00010735,1,SKU79347,ZAV00038,1,1977.21,73.57
ZA-00010736,1,SKU84387,ZAV00014,1,1879.79,96.6
ZA-00010737,1,SKU28910,ZAV00650,1,108.51,120.55
ZA-00010738,1,SKU22927,ZAV00729,1,145.83,111.32
ZA-00010739,1,SKU28604,ZAV00425,1,227.65,124.54
ZA-00010739,2,SKU33823,ZAV00476,1,1028.56,51.72
ZA-00010740,1,SKU35443,ZAV00791,1,84.38,136.21
ZA-00010741,1,SKU18464,ZAV00015,1,114.98,73.39
ZA-00010742,1,SKU24858,ZAV00136,1,847.1,132.03
ZA-00010743,1,SKU11817,ZAV00407,2,1203.25,99.98
ZA-00010743,2,SKU99114,ZAV00129,1,518.7,69.17
ZA-00010743,3,SKU47245,ZAV00470,1,206.91,122.51
ZA-00010744,1,SKU22020,ZAV00084,1,137.07,44.32
ZA-00010745,1,SKU48108,ZAV00251,1,287.78,154.12
ZA-00010746,1,SKU14119,ZAV00550,1,949.76,37.14
ZA-00010747,1,SKU75955,ZAV00138,1,205.38,122.26
ZA-00010747,2,SKU49876,ZAV00728,1,589.46,69.69
ZA-00010748,1,SKU25865,ZAV00436,1,289.75,96.03
ZA-00010749,1,SKU45798,ZAV00462,3,1385.81,47.94
ZA-00010749,2,SKU50291,ZAV00356,1,903.62,53.52
ZA-00010750,1,SKU24321,ZAV00277,2,675.14,56.58
ZA-00010751,1,SKU95929,ZAV00154,1,280.31,107.81
ZA-00010752,1,SKU27641,ZAV00597,1,832.28,120.41
ZA-00010753,1,SKU47337,ZAV00413,1,1017.86,119.89
ZA-00010754,1,SKU80746,ZAV00516,1,775.33,129.88
ZA-00010754,2,SKU60835,ZAV00485,1,1094.19,55.06
ZA-00010754,3,SKU64327,ZAV00099,1,2461.05,88.15
ZA-00010755,1,SKU66522,ZAV00636,1,623.56,105.82
ZA-00010756,1,SKU38799,ZAV00324,1,1559.61,169.47
ZA-00010757,1,SKU75513,ZAV00652,1,843.57,44.31
ZA-00010757,2,SKU69105,ZAV00133,1,891.23,164.94
ZA-00010757,3,SKU63826,ZAV00427,1,520.19,145.16
ZA-00010758,1,SKU88427,ZAV00288,1,97.22,86.05
ZA-00010759,1,SKU90192,ZAV00244,1,391.19,78.42
ZA-00010760,1,SKU98466,ZAV00202,1,272.64,111.67
ZA-00010761,1,SKU95258,ZAV00244,1,274.32,153.41
ZA-00010762,1,SKU88271,ZAV00685,1,193.24,137.02
ZA-00010762,2,SKU64955,ZAV00466,1,1084.19,64.86
ZA-00010763,1,SKU46431,ZAV00599,2,635.55,50.1
ZA-00010764,1,SKU13873,ZAV00567,1,550.81,66.24
ZA-00010765,1,SKU71455,ZAV00581,1,337.7,100.02
ZA-00010765,2,SKU61341,ZAV00282,1,471.98,61.2
ZA-00010765,3,SKU13740,ZAV00279,1,1219.73,43.13
ZA-00010766,1,SKU65609,ZAV00600,1,189.87,163.19
ZA-00010767,1,SKU15793,ZAV00100,1,214.77,112.1
ZA-00010768,1,SKU56237,ZAV00320,1,248.85,97.2
ZA-00010769,1,SKU75349,ZAV00635,1,826.14,67.9
ZA-00010770,1,SKU11157,ZAV00024,1,736.49,125.32
ZA-00010771,1,SKU23614,ZAV00462,1,171.27,60.44
ZA-00010772,1,SKU73766,ZAV00664,1,261.56,114.8
ZA-00010773,1,SKU17324,ZAV00169,1,250.16,148.33
ZA-00010774,1,SKU60227,ZAV00077,1,397.19,63.2
ZA-00010774,2,SKU38622,ZAV00502,1,1050.09,136.4
ZA-00010774,3,SKU38173,ZAV00141,1,79.57,74.79
ZA-00010775,1,SKU50212,ZAV00066,1,157.21,39.77
ZA-00010776,1,SKU12658,ZAV00476,1,659.67,75.01
ZA-00010777,1,SKU97203,ZAV00443,3,117.76,46.97
ZA-00010778,1,SKU82622,ZAV00602,2,682.85,156.16
ZA-00010779,1,SKU82249,ZAV00769,1,929.74,141.18
ZA-00010780,1,SKU99180,ZAV00425,1,163.92,52.44
ZA-00010781,1,SKU35783,ZAV00328,1,1030.26,68.34
ZA-00010781,2,SKU76111,ZAV00212,1,538.29,155.8
ZA-00010782,1,SKU56587,ZAV00765,1,629.46,156.28
ZA-00010783,1,SKU80048,ZAV00182,1,252.02,134.08
ZA-00010784,1,SKU55679,ZAV00165,1,1058.44,76.53
ZA-00010785,1,SKU94675,ZAV00027,1,694.29,156.59
ZA-00010786,1,SKU49101,ZAV00396,1,672.1,71.42
ZA-00010787,1,SKU26389,ZAV00610,1,415.07,141.06
ZA-00010788,1,SKU45556,ZAV00280,1,689.91,79.05
ZA-00010788,2,SKU15664,ZAV00723,1,234.96,106.53
ZA-00010789,1,SKU52252,ZAV00633,1,909.87,83.71
ZA-00010790,1,SKU91825,ZAV00625,1,3313.11,71.67
ZA-00010790,2,SKU33565,ZAV00352,1,159.69,127.38
ZA-00010791,1,SKU13186,ZAV00203,1,2044.81,139.42
ZA-00010792,1,SKU24351,ZAV00155,1,300.17,85.75
ZA-00010793,1,SKU17559,ZAV00523,1,1567.98,111.1
ZA-00010793,2,SKU74860,ZAV00098,1,246.18,69.67
ZA-00010793,3,SKU72000,ZAV00184,1,1629.93,95.11
ZA-00010794,1,SKU19867,ZAV00248,1,179.67,144.3
ZA-00010795,1,SKU51798,ZAV00161,2,1620.6,89.76
ZA-00010796,1,SKU54875,ZAV00513,1,989.5,80.56
ZA-00010797,1,SKU52856,ZAV00161,1,148.21,90.18
ZA-00010798,1,SKU76298,ZAV00404,1,167.99,125.52
ZA-00010799,1,SKU63949,ZAV00714,1,576.44,85.3
ZA-00010800,1,SKU18739,ZAV00158,2,185.93,103.52
ZA-00010801,1,SKU74556,ZAV00040,2,144.39,136.1
ZA-00010802,1,SKU91706,ZAV00204,1,274.95,131.48
ZA-00010803,1,SKU79865,ZAV00050,1,554.35,77.11
ZA-00010804,1,SKU68217,ZAV00226,2,601.21,72.21
ZA-00010805,1,SKU99348,ZAV00298,1,614.08,101.66
ZA-00010806,1,SKU54841,ZAV00317,1,323.75,131.6
ZA-00010807,1,SKU54863,ZAV00033,1,254.24,153.62
ZA-00010807,2,SKU29314,ZAV00617,1,342.64,176.22
ZA-00010808,1,SKU88308,ZAV00238,1,672.48,59.47
ZA-00010809,1,SKU80444,ZAV00693,2,1114.37,79.99
ZA-00010810,1,SKU70960,ZAV00425,1,306.46,144.83
ZA-00010810,2,SKU47338,ZAV00765,1,103.75,76.86
ZA-00010811,1,SKU30150,ZAV00793,1,1821.85,37.24
ZA-00010812,1,SKU77664,ZAV00482,1,430.1,118.6
ZA-00010813,1,SKU15541,ZAV00391,1,425.49,115.05
ZA-00010813,2,SKU83535,ZAV00109,1,391.64,109.8
ZA-00010814,1,SKU15727,ZAV00153,1,1398.8,151.26
ZA-00010815,1,SKU81420,ZAV00656,2,220.76,50.97
ZA-00010816,1,SKU85809,ZAV00595,3,499.91,109.43
ZA-00010817,1,SKU61822,ZAV00614,1,692.53,77.41
ZA-00010818,1,SKU45818,ZAV00388,1,520.59,128.17
ZA-00010819,1,SKU33595,ZAV00341,1,767.36,169.76
ZA-00010820,1,SKU28080,ZAV00031,1,862.9,86.3
ZA-00010821,1,SKU27533,ZAV00789,1,500.92,36.55
ZA-00010821,2,SKU68685,ZAV00418,1,320.3,74.37
ZA-00010822,1,SKU63197,ZAV00192,1,144.94,140.7
ZA-00010823,1,SKU15523,ZAV00381,3,240.29,52.05
ZA-00010824,1,SKU47812,ZAV00464,1,110.19,37.12
ZA-00010825,1,SKU10427,ZAV00237,2,2590.68,137.04
ZA-00010826,1,SKU14780,ZAV00167,1,2765.13,67.27
ZA-00010827,1,SKU42800,ZAV00040,1,516.51,60.34
ZA-00010828,1,SKU42289,ZAV00767,1,618.7,57.39
ZA-00010828,2,SKU18591,ZAV00002,1,1226.28,144.98
ZA-00010829,1,SKU27633,ZAV00505,1,163.39,125.47
ZA-00010830,1,SKU30743,ZAV00116,1,220.83,152.07
ZA-00010831,1,SKU39445,ZAV00137,1,965.94,126.23
ZA-00010832,1,SKU97703,ZAV00522,1,1123.41,61.72
ZA-00010833,1,SKU54964,ZAV00049,1,164.17,66.95
ZA-00010834,1,SKU52261,ZAV00507,1,1083.53,95.54
ZA-00010835,1,SKU27629,ZAV00797,1,413.12,68.61
ZA-00010835,2,SKU98910,ZAV00120,1,302.39,92.77
ZA-00010836,1,SKU65338,ZAV00369,2,645.51,139.67
ZA-00010837,1,SKU53601,ZAV00407,1,195.68,161.42
ZA-00010838,1,SKU92475,ZAV00206,1,1819.15,130.0
ZA-00010838,2,SKU70763,ZAV00006,1,262.32,170.76
ZA-00010839,1,SKU36410,ZAV00443,1,930.46,162.57
ZA-00010840,1,SKU97417,ZAV00310,1,299.1,96.21
ZA-00010841,1,SKU93029,ZAV00763,1,818.9,45.42
ZA-00010841,2,SKU66164,ZAV00430,2,224.99,68.36
ZA-00010842,1,SKU37598,ZAV00270,1,244.38,36.2
ZA-00010843,1,SKU75988,ZAV00342,1,625.83,55.46
ZA-00010844,1,SKU90325,ZAV00764,1,257.47,89.12
ZA-00010845,1,SKU65406,ZAV00685,1,303.78,142.95
ZA-00010846,1,SKU91513,ZAV00376,1,773.38,147.3
ZA-00010847,1,SKU94634,ZAV00401,1,322.17,89.42
ZA-00010848,1,SKU45048,ZAV00653,1,609.1,132.07
ZA-00010849,1,SKU97496,ZAV00578,1,720.03,120.68
ZA-00010850,1,SKU77963,ZAV00465,1,1845.62,88.93
ZA-00010851,1,SKU48872,ZAV00418,1,1602.67,83.29
ZA-00010852,1,SKU64549,ZAV00041,1,463.88,58.57
ZA-00010852,2,SKU21219,ZAV00594,3,858.03,151.17
ZA-00010853,1,SKU64820,ZAV00050,1,717.92,157.73
ZA-00010853,2,SKU39329,ZAV00216,1,435.95,96.31
ZA-00010854,1,SKU31555,ZAV00030,3,382.81,134.04
ZA-00010855,1,SKU19042,ZAV00255,1,313.44,129.7
ZA-00010856,1,SKU70348,ZAV00737,2,457.04,139.24
ZA-00010857,1,SKU51967,ZAV00718,1,723.09,55.98
ZA-00010858,1,SKU42909,ZAV00327,1,1434.59,97.51
ZA-00010859,1,SKU82960,ZAV00618,1,791.81,42.18
ZA-00010860,1,SKU62613,ZAV00272,3,607.29,87.26
ZA-00010860,2,SKU51353,ZAV00649,1,776.37,43.9
ZA-00010860,3,SKU93008,ZAV00651,1,781.49,95.08
ZA-00010861,1,SKU26857,ZAV00741,1,503.94,50.84
ZA-00010862,1,SKU26894,ZAV00621,1,2759.41,88.53
ZA-00010863,1,SKU96298,ZAV00151,1,306.24,157.27
ZA-00010864,1,SKU69319,ZAV00331,1,333.15,115.28
ZA-00010865,1,SKU35190,ZAV00418,1,1398.69,120.91
ZA-00010866,1,SKU42629,ZAV00632,1,190.76,73.51
ZA-00010867,1,SKU74264,ZAV00034,1,363.47,152.03
ZA-00010868,1,SKU92667,ZAV00510,1,482.73,148.26
ZA-00010869,1,SKU57994,ZAV00082,2,282.21,101.72
ZA-00010869,2,SKU70187,ZAV00165,1,201.23,119.15
ZA-00010870,1,SKU70755,ZAV00789,2,1809.93,165.97
ZA-00010871,1,SKU81231,ZAV00790,1,133.37,164.11
ZA-00010872,1,SKU81042,ZAV00431,1,1767.54,89.06
ZA-00010873,1,SKU92549,ZAV00243,1,3289.83,65.59
ZA-00010874,1,SKU11480,ZAV00178,1,863.09,158.04
ZA-00010875,1,SKU56713,ZAV00044,1,649.82,163.02
ZA-00010876,1,SKU96869,ZAV00233,1,346.79,160.36
ZA-00010877,1,SKU18823,ZAV00529,1,604.39,114.77
ZA-00010878,1,SKU94046,ZAV00310,2,704.93,105.4
ZA-00010878,2,SKU13577,ZAV00376,1,582.23,127.15
ZA-00010878,3,SKU77447,ZAV00671,2,471.54,117.48
ZA-00010879,1,SKU43028,ZAV00459,1,313.39,84.74
ZA-00010880,1,SKU53150,ZAV00375,1,117.11,60.06
ZA-00010881,1,SKU86977,ZAV00406,1,383.16,174.34
ZA-00010881,2,SKU24637,ZAV00454,1,302.83,63.01
ZA-00010882,1,SKU25044,ZAV00290,3,445.37,154.55
ZA-00010882,2,SKU54599,ZAV00052,1,200.42,39.64
ZA-00010883,1,SKU31246,ZAV00682,1,217.65,85.81
ZA-00010883,2,SKU93808,ZAV00590,2,2936.52,141.59
ZA-00010884,1,SKU43067,ZAV00343,1,971.83,175.19
ZA-00010885,1,SKU73635,ZAV00545,1,521.01,80.36
ZA-00010886,1,SKU25241,ZAV00046,1,404.91,82.94
ZA-00010887,1,SKU77558,ZAV00678,1,288.32,93.75
ZA-00010888,1,SKU66339,ZAV00304,2,578.44,175.51
ZA-00010888,2,SKU59375,ZAV00510,1,791.17,72.78
ZA-00010889,1,SKU97332,ZAV00732,1,1156.16,69.3
ZA-00010890,1,SKU57060,ZAV00528,1,431.22,46.64
ZA-00010891,1,SKU44473,ZAV00584,3,480.1,101.35
ZA-00010892,1,SKU39723,ZAV00292,1,489.33,124.26
ZA-00010893,1,SKU32853,ZAV00573,1,1657.43,151.07
ZA-00010894,1,SKU28428,ZAV00496,2,2026.62,38.86
ZA-00010895,1,SKU23845,ZAV00513,1,1398.03,172.46
ZA-00010896,1,SKU40009,ZAV00239,1,185.92,68.99
ZA-00010897,1,SKU55427,ZAV00040,1,1877.89,69.1
ZA-00010898,1,SKU32133,ZAV00289,1,522.52,179.98
ZA-00010899,1,SKU39858,ZAV00783,1,308.49,177.91
ZA-00010900,1,SKU43005,ZAV00704,1,799.24,177.68
ZA-00010901,1,SKU41933,ZAV00682,1,1008.83,58.31
ZA-00010902,1,SKU47798,ZAV00246,2,384.14,123.9
ZA-00010903,1,SKU51611,ZAV00541,1,185.5,46.42
ZA-00010904,1,SKU12269,ZAV00565,1,837.01,167.75
ZA-00010904,2,SKU77696,ZAV00387,1,367.07,113.45
ZA-00010905,1,SKU46154,ZAV00385,1,217.15,137.51
ZA-00010906,1,SKU76646,ZAV00342,1,2552.27,120.87
ZA-00010906,2,SKU37796,ZAV00758,2,290.6,75.34
ZA-00010906,3,SKU95228,ZAV00703,1,847.5,147.84
ZA-00010907,1,SKU64027,ZAV00626,1,356.77,119.57
ZA-00010908,1,SKU27948,ZAV00744,1,1036.09,156.87
ZA-00010909,1,SKU27038,ZAV00688,1,775.78,80.82
ZA-00010910,1,SKU10388,ZAV00786,2,329.19,170.69
ZA-00010911,1,SKU66622,ZAV00044,1,331.51,86.41
ZA-00010912,1,SKU18356,ZAV00265,1,709.27,148.04
ZA-00010912,2,SKU17209,ZAV00564,1,533.66,36.5
ZA-00010913,1,SKU16121,ZAV00662,1,215.51,63.26
ZA-00010914,1,SKU46637,ZAV00377,1,448.6,66.79
ZA-00010915,1,SKU53625,ZAV00326,1,1102.94,133.75
ZA-00010916,1,SKU10240,ZAV00401,1,262.79,154.99
ZA-00010917,1,SKU44385,ZAV00710,1,135.62,41.1
ZA-00010918,1,SKU54243,ZAV00434,1,588.3,132.97
ZA-00010918,2,SKU67104,ZAV00191,1,641.0,132.21
ZA-00010919,1,SKU56882,ZAV00382,1,495.5,150.87
ZA-00010920,1,SKU39519,ZAV00485,1,161.94,160.17
ZA-00010921,1,SKU10943,ZAV00171,1,1100.43,100.12
ZA-00010922,1,SKU40570,ZAV00494,1,208.37,98.49
ZA-00010923,1,SKU52118,ZAV00400,2,3964.49,55.38
ZA-00010924,1,SKU52820,ZAV00541,1,640.82,52.88
ZA-00010925,1,SKU99818,ZAV00449,2,287.88,174.74
ZA-00010926,1,SKU28627,ZAV00465,2,158.91,158.66
ZA-00010926,2,SKU19050,ZAV00619,1,4411.46,139.23
ZA-00010927,1,SKU94897,ZAV00693,1,137.51,156.26
ZA-00010928,1,SKU60657,ZAV00496,1,709.67,130.02
ZA-00010929,1,SKU36454,ZAV00520,1,164.27,129.71
ZA-00010930,1,SKU67902,ZAV00255,1,564.08,106.74
ZA-00010931,1,SKU79806,ZAV00172,3,965.5,159.6
ZA-00010932,1,SKU97957,ZAV00289,1,982.34,54.72
ZA-00010933,1,SKU46144,ZAV00692,1,428.56,96.92
ZA-00010934,1,SKU86039,ZAV00261,1,824.42,172.7
ZA-00010935,1,SKU10169,ZAV00304,2,778.89,121.61
ZA-00010936,1,SKU93048,ZAV00752,2,300.38,37.0
ZA-00010937,1,SKU38467,ZAV00110,1,546.63,132.89
ZA-00010938,1,SKU79085,ZAV00066,1,620.16,43.98
ZA-00010939,1,SKU75170,ZAV00306,1,398.95,48.14
ZA-00010939,2,SKU17007,ZAV00744,2,140.78,162.84
ZA-00010940,1,SKU36936,ZAV00178,1,131.62,150.25
ZA-00010941,1,SKU30491,ZAV00656,1,1552.55,80.64
ZA-00010941,2,SKU26752,ZAV00410,2,467.72,152.93
ZA-00010942,1,SKU66825,ZAV00428,1,563.21,128.47
ZA-00010942,2,SKU72018,ZAV00741,1,1189.8,70.43
ZA-00010943,1,SKU53827,ZAV00434,2,496.25,84.89
ZA-00010944,1,SKU59846,ZAV00627,2,58.28,128.48
ZA-00010945,1,SKU75273,ZAV00796,1,340.32,128.99
ZA-00010946,1,SKU55345,ZAV00508,1,299.76,140.04
ZA-00010947,1,SKU23047,ZAV00667,2,445.84,122.1
ZA-00010948,1,SKU14446,ZAV00235,2,63.59,123.81
ZA-00010949,1,SKU36669,ZAV00536,1,337.77,130.57
ZA-00010950,1,SKU90596,ZAV00692,1,452.21,116.43
ZA-00010951,1,SKU46915,ZAV00422,1,911.06,51.97
ZA-00010952,1,SKU64993,ZAV00099,1,421.69,96.79
ZA-00010952,2,SKU29961,ZAV00433,1,266.78,122.3
ZA-00010952,3,SKU69145,ZAV00171,1,5027.52,63.25
ZA-00010953,1,SKU66882,ZAV00321,1,343.4,119.27
ZA-00010954,1,SKU88008,ZAV00605,1,454.19,77.16
ZA-00010955,1,SKU19016,ZAV00702,1,827.72,116.01
ZA-00010955,2,SKU45543,ZAV00464,1,134.3,80.15
ZA-00010956,1,SKU40442,ZAV00298,1,211.84,41.97
ZA-00010957,1,SKU64412,ZAV00225,2,125.6,57.76
ZA-00010958,1,SKU44939,ZAV00669,1,963.26,178.78
ZA-00010958,2,SKU76175,ZAV00571,1,2221.04,174.81
ZA-00010959,1,SKU23229,ZAV00057,1,309.36,112.86
ZA-00010960,1,SKU72135,ZAV00585,1,990.69,55.42
ZA-00010960,2,SKU30026,ZAV00638,1,64.63,133.41
ZA-00010961,1,SKU87457,ZAV00298,1,839.0,128.1
ZA-00010962,1,SKU94091,ZAV00250,1,2436.0,44.83
ZA-00010962,2,SKU66920,ZAV00076,2,294.74,56.97
ZA-00010963,1,SKU41620,ZAV00327,1,294.5,83.14
ZA-00010964,1,SKU77723,ZAV00663,1,148.93,131.04
ZA-00010965,1,SKU67631,ZAV00421,2,193.05,64.67
ZA-00010966,1,SKU43409,ZAV00042,1,273.44,49.0
ZA-00010967,1,SKU21837,ZAV00669,1,522.97,56.26
ZA-00010967,2,SKU36205,ZAV00790,2,659.12,115.35
ZA-00010968,1,SKU78142,ZAV00433,1,528.8,93.84
ZA-00010969,1,SKU34939,ZAV00315,1,370.98,126.69
ZA-00010969,2,SKU41352,ZAV00563,1,519.55,130.01
ZA-00010970,1,SKU72376,ZAV00798,2,70.15,79.04
ZA-00010971,1,SKU49617,ZAV00501,1,605.81,62.68
ZA-00010972,1,SKU78839,ZAV00590,2,1206.99,88.98
ZA-00010973,1,SKU91427,ZAV00232,1,266.36,52.35
ZA-00010973,2,SKU72052,ZAV00144,1,495.35,86.15
ZA-00010973,3,SKU68678,ZAV00177,1,238.9,41.69
ZA-00010974,1,SKU83615,ZAV00651,2,425.55,165.76
ZA-00010975,1,SKU80940,ZAV00584,1,505.42,153.81
ZA-00010976,1,SKU58363,ZAV00306,1,944.15,100.38
ZA-00010977,1,SKU98800,ZAV00290,1,884.0,144.3
ZA-00010978,1,SKU34579,ZAV00475,1,118.91,169.03
ZA-00010978,2,SKU75288,ZAV00689,1,1524.37,61.34
ZA-00010978,3,SKU93242,ZAV00013,1,483.3,94.02
ZA-00010979,1,SKU13223,ZAV00443,1,501.94,105.64
ZA-00010980,1,SKU33206,ZAV00430,1,844.16,132.02
ZA-00010980,2,SKU46706,ZAV00042,1,906.62,116.31
ZA-00010980,3,SKU52939,ZAV00450,2,368.76,124.01
ZA-00010981,1,SKU14262,ZAV00788,1,726.8,40.36
ZA-00010982,1,SKU88548,ZAV00518,1,403.84,147.59
ZA-00010983,1,SKU10201,ZAV00525,1,721.57,98.21
ZA-00010984,1,SKU50360,ZAV00774,1,299.49,153.83
ZA-00010985,1,SKU46929,ZAV00630,1,1166.86,65.46
ZA-00010986,1,SKU10483,ZAV00723,1,1517.58,102.87
ZA-00010987,1,SKU30773,ZAV00473,1,333.98,131.6
ZA-00010988,1,SKU90687,ZAV00291,2,247.53,177.47
ZA-00010989,1,SKU27440,ZAV00494,1,280.3,101.63
ZA-00010990,1,SKU63536,ZAV00685,1,183.32,41.27
ZA-00010990,2,SKU39033,ZAV00032,1,1024.11,174.71
ZA-00010991,1,SKU86520,ZAV00381,1,279.06,131.4
ZA-00010991,2,SKU27799,ZAV00373,1,652.81,73.33
ZA-00010992,1,SKU14611,ZAV00349,1,1224.69,163.65
ZA-00010993,1,SKU90388,ZAV00162,1,86.28,60.59
ZA-00010994,1,SKU34156,ZAV00358,1,906.63,122.81
ZA-00010995,1,SKU89482,ZAV00643,1,7405.16,108.48
ZA-00010996,1,SKU17778,ZAV00565,1,1365.52,76.86
ZA-00010997,1,SKU16494,ZAV00257,1,418.77,109.85
ZA-00010997,2,SKU20549,ZAV00156,1,119.43,40.14
ZA-00010998,1,SKU79318,ZAV00337,1,1532.98,62.34
ZA-00010998,2,SKU56923,ZAV00695,1,343.36,95.97
ZA-00010998,3,SKU47425,ZAV00162,1,117.08,166.05
ZA-00010999,1,SKU49533,ZAV00722,1,608.48,77.99
ZA-00011000,1,SKU42459,ZAV00221,1,1420.6,179.15
ZA-00011001,1,SKU76858,ZAV00170,1,446.79,52.09
ZA-00011001,2,SKU52368,ZAV00025,1,375.51,96.21
ZA-00011002,1,SKU56975,ZAV00166,1,230.29,55.55
ZA-00011002,2,SKU53486,ZAV00741,1,235.16,164.85
ZA-00011003,1,SKU47221,ZAV00565,1,296.21,138.82
ZA-00011004,1,SKU12563,ZAV00722,1,523.93,152.88
ZA-00011005,1,SKU39719,ZAV00510,1,259.02,77.39
ZA-00011006,1,SKU59046,ZAV00427,2,164.65,76.42
ZA-00011006,2,SKU79979,ZAV00666,1,476.91,54.37
ZA-00011007,1,SKU28477,ZAV00463,1,633.2,45.17
ZA-00011007,2,SKU58288,ZAV00028,1,648.32,124.48
ZA-00011008,1,SKU39291,ZAV00527,1,213.1,89.33
ZA-00011009,1,SKU63598,ZAV00651,1,739.35,103.73
ZA-00011010,1,SKU70885,ZAV00042,3,367.13,117.98
ZA-00011011,1,SKU59112,ZAV00693,1,699.25,47.3
ZA-00011012,1,SKU90613,ZAV00262,1,1185.23,79.1
ZA-00011013,1,SKU38835,ZAV00536,1,118.06,114.02
ZA-00011014,1,SKU91900,ZAV00033,1,541.15,51.35
ZA-00011015,1,SKU17972,ZAV00452,1,1464.11,139.2
ZA-00011016,1,SKU35272,ZAV00763,1,417.65,138.95
ZA-00011017,1,SKU76818,ZAV00772,1,377.44,92.19
ZA-00011018,1,SKU51591,ZAV00340,1,318.01,176.13
ZA-00011019,1,SKU29104,ZAV00132,1,439.92,150.2
ZA-00011019,2,SKU52458,ZAV00594,1,594.02,64.95
ZA-00011020,1,SKU60564,ZAV00260,1,559.49,128.26
ZA-00011020,2,SKU40749,ZAV00179,1,905.97,175.0
ZA-00011021,1,SKU95120,ZAV00784,1,1836.58,39.08
ZA-00011022,1,SKU58867,ZAV00465,1,1807.01,53.75
ZA-00011022,2,SKU30196,ZAV00546,1,453.83,67.98
ZA-00011023,1,SKU48981,ZAV00460,1,419.06,155.65
ZA-00011024,1,SKU37875,ZAV00753,1,731.6,139.89
ZA-00011025,1,SKU28128,ZAV00438,1,320.21,117.88
ZA-00011026,1,SKU66073,ZAV00394,1,969.95,59.5
ZA-00011026,2,SKU71289,ZAV00788,1,306.83,167.73
ZA-00011027,1,SKU89657,ZAV00602,1,255.85,177.56
ZA-00011028,1,SKU82127,ZAV00754,1,569.46,110.09
ZA-00011029,1,SKU37951,ZAV00162,1,2874.56,154.95
ZA-00011030,1,SKU25710,ZAV00414,1,56.48,143.21
ZA-00011031,1,SKU69062,ZAV00379,2,299.77,150.09
ZA-00011032,1,SKU48515,ZAV00361,1,1486.27,152.32
ZA-00011033,1,SKU55148,ZAV00060,2,114.93,123.61
ZA-00011034,1,SKU66484,ZAV00321,1,1994.16,53.29
ZA-00011035,1,SKU56164,ZAV00571,1,169.68,45.84
ZA-00011036,1,SKU15664,ZAV00643,1,253.07,136.04
ZA-00011037,1,SKU40875,ZAV00794,1,811.57,104.19
ZA-00011038,1,SKU86084,ZAV00274,1,401.33,157.67
ZA-00011039,1,SKU39848,ZAV00635,1,164.28,147.27
ZA-00011039,2,SKU73080,ZAV00244,1,73.45,173.27
ZA-00011039,3,SKU65660,ZAV00673,1,71.7,124.74
ZA-00011040,1,SKU74021,ZAV00360,1,2681.37,54.26
ZA-00011041,1,SKU24107,ZAV00143,1,978.82,45.17
ZA-00011041,2,SKU86012,ZAV00627,1,914.73,92.53
ZA-00011042,1,SKU28440,ZAV00587,1,238.09,71.74
ZA-00011043,1,SKU69384,ZAV00453,1,1054.83,38.13
ZA-00011044,1,SKU60320,ZAV00482,1,467.35,169.46
ZA-00011045,1,SKU32716,ZAV00576,1,1036.38,117.4
ZA-00011046,1,SKU26778,ZAV00661,1,275.19,63.02
ZA-00011047,1,SKU24198,ZAV00157,2,248.82,168.02
ZA-00011048,1,SKU56091,ZAV00216,1,159.9,145.82
ZA-00011049,1,SKU10883,ZAV00460,1,560.74,39.64
ZA-00011050,1,SKU81009,ZAV00595,1,553.14,179.47
ZA-00011050,2,SKU61831,ZAV00123,1,1154.51,122.94
ZA-00011050,3,SKU11815,ZAV00448,1,89.85,160.75
ZA-00011051,1,SKU89898,ZAV00133,1,270.23,167.06
ZA-00011052,1,SKU99888,ZAV00001,1,521.18,161.99
ZA-00011053,1,SKU80147,ZAV00664,1,164.94,106.3
ZA-00011054,1,SKU87111,ZAV00113,1,172.38,99.21
ZA-00011055,1,SKU52262,ZAV00321,1,147.54,114.61
ZA-00011056,1,SKU17679,ZAV00661,1,1071.44,71.87
ZA-00011057,1,SKU53745,ZAV00331,1,1283.06,82.33
ZA-00011057,2,SKU35409,ZAV00009,3,228.07,85.05
ZA-00011057,3,SKU38125,ZAV00261,1,927.03,66.6
ZA-00011058,1,SKU31683,ZAV00709,1,382.33,154.13
ZA-00011058,2,SKU81453,ZAV00512,2,120.08,49.02
ZA-00011059,1,SKU36123,ZAV00274,1,267.57,118.12
ZA-00011060,1,SKU22562,ZAV00712,1,321.3,105.44
ZA-00011061,1,SKU13343,ZAV00151,1,1274.12,50.7
ZA-00011061,2,SKU12191,ZAV00105,1,528.59,133.87
ZA-00011062,1,SKU61648,ZAV00714,1,310.28,122.74
ZA-00011063,1,SKU50267,ZAV00135,2,75.66,42.99
ZA-00011064,1,SKU22650,ZAV00327,1,1604.31,63.52
ZA-00011065,1,SKU58539,ZAV00701,1,110.56,42.22
ZA-00011066,1,SKU46238,ZAV00355,1,851.66,80.38
ZA-00011066,2,SKU17177,ZAV00275,1,100.38,52.74
ZA-00011066,3,SKU28373,ZAV00002,2,897.27,50.08
ZA-00011067,1,SKU66827,ZAV00678,1,347.24,165.8
ZA-00011068,1,SKU46693,ZAV00797,1,299.48,44.37
ZA-00011069,1,SKU90206,ZAV00393,1,959.28,113.37
ZA-00011070,1,SKU20633,ZAV00358,1,751.07,136.6
ZA-00011071,1,SKU39576,ZAV00239,2,188.77,88.52
ZA-00011072,1,SKU81960,ZAV00486,1,70.22,79.31
ZA-00011072,2,SKU96276,ZAV00474,1,339.8,48.29
ZA-00011073,1,SKU82936,ZAV00497,1,389.23,125.37
ZA-00011074,1,SKU81517,ZAV00170,1,363.51,156.38
ZA-00011075,1,SKU92846,ZAV00209,1,229.05,75.12
ZA-00011075,2,SKU33893,ZAV00489,1,3027.81,115.69
ZA-00011076,1,SKU48050,ZAV00753,1,661.74,45.06
ZA-00011077,1,SKU42436,ZAV00580,1,305.21,126.07
