ord_ref,line_no,sku,vendor_code,qty,unit_price_zar,delivery_fee_zar
ZA-00014906,1,SKU45618,ZAV00713,1,597.72,69.14
ZA-00014907,1,SKU87730,ZAV00006,2,386.31,102.52
ZA-00014907,2,SKU67707,ZAV00631,1,557.21,75.35
ZA-00014908,1,SKU28502,ZAV00146,1,255.45,48.5
ZA-00014908,2,SKU16344,ZAV00014,3,527.47,85.69
ZA-00014909,1,SKU85183,ZAV00088,3,282.03,110.15
ZA-00014910,1,SKU80551,ZAV00422,1,393.83,129.98
ZA-00014911,1,SKU38577,ZAV00271,1,253.62,94.46
ZA-00014911,2,SKU76790,ZAV00523,1,282.52,163.59
ZA-00014912,1,SKU10135,ZAV00137,1,139.21,64.39
ZA-00014913,1,SKU24236,ZAV00273,1,591.45,84.03
ZA-00014913,2,SKU89083,ZAV00407,1,733.73,153.54
ZA-00014913,3,SKU28188,ZAV00009,1,1318.86,171.81
ZA-00014914,1,SKU77857,ZAV00079,1,915.49,88.19
ZA-00014915,1,SKU62992,ZAV00576,1,414.13,64.41
ZA-00014916,1,SKU42918,ZAV00295,1,566.48,147.72
ZA-00014917,1,SKU99933,ZAV00327,1,2106.48,140.19
ZA-00014918,1,SKU93915,ZAV00435,1,191.73,40.35
ZA-00014919,1,SKU67022,ZAV00061,1,56.53,106.89
ZA-00014920,1,SKU55761,ZAV00273,3,309.96,172.16
ZA-00014920,2,SKU60196,ZAV00334,2,1575.1,95.91
ZA-00014921,1,SKU69796,ZAV00163,1,226.53,151.36
ZA-00014922,1,SKU89309,ZAV00333,1,691.01,134.24
ZA-00014923,1,SKU76043,ZAV00532,2,953.28,110.57
ZA-00014924,1,SKU35521,ZAV00299,1,497.09,160.2
ZA-00014925,1,SKU99308,ZAV00685,1,181.56,174.96
ZA-00014926,1,SKU71846,ZAV00409,1,461.53,49.7
ZA-00014927,1,SKU73372,ZAV00632,1,994.69,112.75
ZA-00014928,1,SKU55395,ZAV00058,1,356.82,90.45
ZA-00014929,1,SKU43513,ZAV00052,1,1093.81,60.74
ZA-00014929,2,SKU57488,ZAV00541,1,261.28,118.5
ZA-00014930,1,SKU59663,ZAV00306,1,1782.75,158.29
ZA-00014931,1,SKU72129,ZAV00251,1,419.39,138.7
ZA-00014931,2,SKU13241,ZAV00753,1,419.78,98.96
ZA-00014932,1,SKU12441,ZAV00045,2,450.01,127.16
ZA-00014933,1,SKU64779,ZAV00365,1,358.21,61.33
ZA-00014933,2,SKU21182,ZAV00186,1,474.07,173.0
ZA-00014933,3,SKU93462,ZAV00124,1,74.13,106.96
ZA-00014934,1,SKU17487,ZAV00293,1,780.3,179.49
ZA-00014935,1,SKU48513,ZAV00778,1,178.46,82.84
ZA-00014936,1,SKU50415,ZAV00158,1,320.92,160.01
ZA-00014937,1,SKU32076,ZAV00038,1,559.06,39.5
ZA-00014938,1,SKU16475,ZAV00741,1,788.14,161.4
ZA-00014939,1,SKU66394,ZAV00518,1,170.53,94.47
ZA-00014939,2,SKU88192,ZAV00326,1,193.73,45.2
ZA-00014940,1,SKU29306,ZAV00176,1,611.14,93.93
ZA-00014941,1,SKU19483,ZAV00324,1,927.56,113.97
ZA-00014942,1,SKU28633,ZAV00315,1,65.15,109.67
ZA-00014943,1,SKU14306,ZAV00030,1,93.88,178.0
ZA-00014944,1,SKU94917,ZAV00201,1,1298.32,172.38
ZA-00014945,1,SKU89555,ZAV00218,1,475.94,76.3
ZA-00014946,1,SKU58398,ZAV00675,1,1368.3,58.36
ZA-00014947,1,SKU64625,ZAV00272,3,2700.44,176.27
ZA-00014948,1,SKU21736,ZAV00309,1,355.56,120.85
ZA-00014949,1,SKU33844,ZAV00484,1,503.53,179.85
ZA-00014950,1,SKU46954,ZAV00112,1,1305.07,175.72
ZA-00014951,1,SKU51304,ZAV00452,1,759.8,94.77
ZA-00014951,2,SKU23438,ZAV00257,1,4197.88,162.33
ZA-00014952,1,SKU82571,ZAV00460,1,320.31,86.12
ZA-00014953,1,SKU97244,ZAV00470,1,564.47,93.63
ZA-00014954,1,SKU73803,ZAV00044,1,390.44,166.85
ZA-00014954,2,SKU65813,ZAV00689,1,339.09,83.83
ZA-00014955,1,SKU92198,ZAV00031,1,740.13,131.71
ZA-00014956,1,SKU42917,ZAV00015,1,998.36,99.7
ZA-00014956,2,SKU96447,ZAV00553,1,409.57,145.21
ZA-00014956,3,SKU29993,ZAV00773,1,368.52,67.88
ZA-00014957,1,SKU18671,ZAV00552,1,1119.52,146.14
ZA-00014958,1,SKU33705,ZAV00725,1,988.63,83.05
ZA-00014959,1,SKU53429,ZAV00518,2,169.48,112.48
ZA-00014960,1,SKU11685,ZAV00163,1,1075.69,58.43
ZA-00014961,1,SKU23082,ZAV00619,2,1422.39,168.28
ZA-00014962,1,SKU84909,ZAV00689,1,1127.42,150.97
ZA-00014963,1,SKU18474,ZAV00014,1,418.29,96.11
ZA-00014963,2,SKU25962,ZAV00362,1,201.61,127.08
ZA-00014964,1,SKU14780,ZAV00117,1,137.0,132.78
ZA-00014965,1,SKU85714,ZAV00098,1,2678.6,128.59
ZA-00014966,1,SKU64897,ZAV00011,3,435.32,177.55
ZA-00014967,1,SKU77086,ZAV00669,1,1151.84,128.33
ZA-00014968,1,SKU26358,ZAV00346,1,107.52,169.69
ZA-00014969,1,SKU44789,ZAV00574,1,685.45,139.83
ZA-00014969,2,SKU47913,ZAV00465,2,450.58,127.49
ZA-00014970,1,SKU88429,ZAV00002,1,1078.45,67.77
ZA-00014970,2,SKU62471,ZAV00153,1,580.22,121.51
ZA-00014971,1,SKU18584,ZAV00618,1,195.45,37.07
ZA-00014972,1,SKU10533,ZAV00250,1,44.81,158.81
ZA-00014973,1,SKU10868,ZAV00692,1,1620.23,98.4
ZA-00014973,2,SKU55069,ZAV00523,2,115.96,134.72
ZA-00014973,3,SKU89166,ZAV00590,1,334.2,51.45
ZA-00014974,1,SKU91757,ZAV00360,1,593.19,158.61
ZA-00014974,2,SKU90526,ZAV00363,1,727.15,130.03
ZA-00014975,1,SKU59207,ZAV00454,2,667.02,165.63
ZA-00014976,1,SKU96161,ZAV00508,2,621.7,142.13
ZA-00014977,1,SKU62334,ZAV00772,1,381.09,112.97
ZA-00014978,1,SKU68989,ZAV00141,1,303.9,122.94
ZA-00014979,1,SKU14192,ZAV00695,1,874.58,51.99
ZA-00014980,1,SKU51283,ZAV00231,1,229.02,150.31
ZA-00014981,1,SKU32563,ZAV00686,1,126.54,73.05
ZA-00014982,1,SKU50121,ZAV00158,1,351.4,143.7
ZA-00014983,1,SKU78933,ZAV00280,2,663.1,129.51
ZA-00014984,1,SKU99199,ZAV00789,1,642.96,71.7
ZA-00014985,1,SKU69590,ZAV00450,1,1414.84,130.23
ZA-00014986,1,SKU93101,ZAV00298,1,209.47,150.97
ZA-00014987,1,SKU42116,ZAV00621,1,280.57,59.24
ZA-00014988,1,SKU58020,ZAV00048,1,2003.98,41.94
ZA-00014989,1,SKU55296,ZAV00235,1,383.14,132.89
ZA-00014989,2,SKU37049,ZAV00344,1,409.63,66.5
ZA-00014990,1,SKU11050,ZAV00154,1,2864.49,58.14
ZA-00014991,1,SKU72961,ZAV00310,1,1029.51,155.7
ZA-00014992,1,SKU74553,ZAV00567,1,575.04,42.38
ZA-00014993,1,SKU11816,ZAV00132,1,413.89,55.32
ZA-00014994,1,SKU48297,ZAV00191,1,689.92,138.68
ZA-00014995,1,SKU60458,ZAV00135,1,268.72,128.22
ZA-00014996,1,SKU42019,ZAV00299,1,495.77,107.39
ZA-00014996,2,SKU99439,ZAV00342,1,86.94,175.38
ZA-00014997,1,SKU47913,ZAV00101,1,405.53,171.4
ZA-00014997,2,SKU25062,ZAV00216,1,268.23,80.24
ZA-00014998,1,SKU51451,ZAV00643,1,380.68,176.89
ZA-00014999,1,SKU83595,ZAV00715,1,617.88,136.18
ZA-00015000,1,SKU32312,ZAV00186,2,1102.8,153.83
ZA-00015001,1,SKU85677,ZAV00281,1,925.55,128.47
ZA-00015001,2,SKU12776,ZAV00252,1,386.5,177.55
ZA-00015001,3,SKU23073,ZAV00721,1,2224.65,130.9
ZA-00015002,1,SKU72856,ZAV00006,1,197.33,95.37
ZA-00015002,2,SKU62229,ZAV00080,1,108.98,126.82
ZA-00015003,1,SKU33958,ZAV00201,1,194.64,108.57
ZA-00015004,1,SKU68381,ZAV00034,1,160.0,36.48
ZA-00015005,1,SKU32173,ZAV00094,1,2274.83,59.22
ZA-00015006,1,SKU77602,ZAV00115,1,1572.31,164.4
ZA-00015007,1,SKU76634,ZAV00362,1,751.52,63.93
ZA-00015008,1,SKU84304,ZAV00246,1,484.26,120.25
ZA-00015009,1,SKU27744,ZAV00395,1,603.72,36.37
ZA-00015009,2,SKU67804,ZAV00430,2,216.38,131.61
ZA-00015010,1,SKU24701,ZAV00677,1,585.78,132.62
ZA-00015011,1,SKU96862,ZAV00350,1,624.97,146.79
ZA-00015011,2,SKU66633,ZAV00704,1,160.8,130.55
ZA-00015012,1,SKU86838,ZAV00307,1,634.4,123.72
ZA-00015012,2,SKU76829,ZAV00652,3,384.64,174.11
ZA-00015013,1,SKU11357,ZAV00488,1,208.15,121.33
ZA-00015014,1,SKU77086,ZAV00010,1,302.38,136.12
ZA-00015015,1,SKU55875,ZAV00224,1,411.85,147.4
ZA-00015016,1,SKU88571,ZAV00622,1,1249.82,70.25
ZA-00015017,1,SKU41406,ZAV00453,1,1091.74,121.72
ZA-00015018,1,SKU64927,ZAV00121,1,868.35,152.97
ZA-00015019,1,SKU44512,ZAV00444,3,419.14,99.32
ZA-00015020,1,SKU18365,ZAV00096,1,105.96,54.65
ZA-00015021,1,SKU89459,ZAV00497,1,88.35,61.84
ZA-00015022,1,SKU35499,ZAV00080,2,465.68,38.5
ZA-00015022,2,SKU71513,ZAV00660,1,1304.84,67.7
ZA-00015023,1,SKU15657,ZAV00768,1,1926.41,57.79
ZA-00015024,1,SKU19191,ZAV00747,1,55.09,131.67
ZA-00015025,1,SKU24287,ZAV00405,1,1646.05,127.08
ZA-00015026,1,SKU16729,ZAV00505,1,753.78,162.29
ZA-00015027,1,SKU91925,ZAV00656,1,701.25,89.19
ZA-00015028,1,SKU49451,ZAV00150,1,361.24,164.37
ZA-00015029,1,SKU72705,ZAV00704,1,696.32,103.64
ZA-00015030,1,SKU98035,ZAV00557,1,596.55,151.72
ZA-00015031,1,SKU73055,ZAV00679,2,288.71,102.6
ZA-00015032,1,SKU59497,ZAV00060,1,455.54,99.96
ZA-00015033,1,SKU24353,ZAV00733,1,253.23,73.12
ZA-00015034,1,SKU29563,ZAV00278,1,105.02,36.65
ZA-00015034,2,SKU13840,ZAV00389,1,353.58,74.39
ZA-00015035,1,SKU12557,ZAV00738,1,485.58,82.23
ZA-00015035,2,SKU59854,ZAV00094,2,121.32,89.69
ZA-00015035,3,SKU87817,ZAV00389,1,79.97,83.29
ZA-00015036,1,SKU79539,ZAV00621,1,336.01,94.55
ZA-00015037,1,SKU16793,ZAV00183,1,237.76,38.11
ZA-00015037,2,SKU72203,ZAV00509,1,563.47,151.27
ZA-00015038,1,SKU26256,ZAV00640,1,1227.47,173.27
ZA-00015039,1,SKU50509,ZAV00151,1,372.23,166.76
ZA-00015039,2,SKU87568,ZAV00041,1,1012.66,109.08
ZA-00015040,1,SKU81780,ZAV00357,1,460.16,174.96
ZA-00015040,2,SKU54440,ZAV00032,1,227.05,99.35
ZA-00015041,1,SKU23286,ZAV00668,1,291.01,99.13
ZA-00015042,1,SKU36447,ZAV00335,1,103.2,94.65
ZA-00015042,2,SKU79575,ZAV00448,1,496.41,103.3
ZA-00015043,1,SKU35204,ZAV00740,1,738.7,51.36
ZA-00015044,1,SKU17147,ZAV00325,1,859.49,132.37
ZA-00015045,1,SKU59171,ZAV00453,1,255.28,82.22
ZA-00015046,1,SKU87167,ZAV00690,1,467.48,56.19
ZA-00015047,1,SKU47246,ZAV00787,1,284.19,134.24
ZA-00015048,1,SKU71614,ZAV00685,1,574.1,117.78
ZA-00015049,1,SKU12679,ZAV00033,1,596.03,174.51
ZA-00015050,1,SKU86229,ZAV00292,1,749.88,99.66
ZA-00015051,1,SKU77737,ZAV00598,1,505.17,131.96
ZA-00015052,1,SKU88698,ZAV00236,1,88.97,67.13
ZA-00015053,1,SKU78267,ZAV00279,1,83.0,73.21
ZA-00015054,1,SKU68397,ZAV00758,1,118.97,71.68
ZA-00015054,2,SKU63873,ZAV00717,1,257.06,119.08
ZA-00015055,1,SKU96687,ZAV00001,1,1649.81,74.48
ZA-00015056,1,SKU42682,ZAV00552,1,455.47,149.4
ZA-00015056,2,SKU36106,ZAV00578,1,614.04,70.51
ZA-00015057,1,SKU84576,ZAV00210,1,386.4,96.12
ZA-00015058,1,SKU50661,ZAV00348,2,343.04,101.72
ZA-00015059,1,SKU60124,ZAV00092,1,595.91,143.65
ZA-00015060,1,SKU89320,ZAV00052,1,994.67,118.53
ZA-00015061,1,SKU78559,ZAV00536,1,693.46,47.03
ZA-00015062,1,SKU49495,ZAV00469,1,664.71,90.62
ZA-00015063,1,SKU40350,ZAV00033,1,120.82,132.51
ZA-00015064,1,SKU77937,ZAV00624,1,211.15,38.84
ZA-00015065,1,SKU23522,ZAV00400,1,247.5,104.86
ZA-00015066,1,SKU68753,ZAV00743,1,1725.45,60.03
ZA-00015067,1,SKU92331,ZAV00576,1,31.26,53.28
ZA-00015068,1,SKU85838,ZAV00333,1,621.31,105.02
ZA-00015069,1,SKU20238,ZAV00360,1,802.03,134.33
ZA-00015070,1,SKU72370,ZAV00159,1,161.35,92.65
ZA-00015071,1,SKU76420,ZAV00299,1,299.77,39.23
ZA-00015072,1,SKU19532,ZAV00034,1,833.08,74.11
ZA-00015073,1,SKU69584,ZAV00758,1,559.93,135.3
ZA-00015073,2,SKU67787,ZAV00216,1,721.18,173.16
ZA-00015073,3,SKU96676,ZAV00659,1,52.33,143.73
ZA-00015074,1,SKU21127,ZAV00215,1,1345.94,75.06
ZA-00015075,1,SKU84105,ZAV00686,2,180.36,156.63
ZA-00015076,1,SKU32830,ZAV00563,1,103.7,177.23
ZA-00015077,1,SKU97273,ZAV00095,1,1068.97,87.97
ZA-00015078,1,SKU81397,ZAV00608,1,804.09,143.87
ZA-00015078,2,SKU74594,ZAV00575,1,556.32,52.51
ZA-00015079,1,SKU12795,ZAV00043,1,533.33,41.82
ZA-00015079,2,SKU89461,ZAV00096,1,1096.13,77.2
ZA-00015080,1,SKU26888,ZAV00188,1,349.87,71.56
ZA-00015081,1,SKU13022,ZAV00353,1,596.05,157.02
ZA-00015081,2,SKU46250,ZAV00178,3,835.58,56.08
ZA-00015082,1,SKU38656,ZAV00529,1,490.57,160.74
ZA-00015083,1,SKU25861,ZAV00519,1,186.52,35.36
ZA-00015084,1,SKU20115,ZAV00227,1,1571.42,106.21
ZA-00015085,1,SKU58846,ZAV00678,1,620.27,133.71
ZA-00015086,1,SKU32397,ZAV00331,1,576.19,115.17
ZA-00015086,2,SKU80876,ZAV00123,1,203.4,50.14
ZA-00015087,1,SKU58327,ZAV00020,1,322.75,151.35
ZA-00015087,2,SKU18239,ZAV00145,1,1588.97,86.33
ZA-00015087,3,SKU35674,ZAV00015,1,363.05,81.93
ZA-00015088,1,SKU48051,ZAV00121,1,726.35,119.68
ZA-00015089,1,SKU90953,ZAV00528,1,531.74,35.81
ZA-00015090,1,SKU39228,ZAV00211,1,175.62,48.38
ZA-00015091,1,SKU49722,ZAV00288,1,133.36,168.58
ZA-00015092,1,SKU31151,ZAV00686,1,346.73,67.35
ZA-00015092,2,SKU69004,ZAV00709,1,1006.4,167.9
ZA-00015092,3,SKU39171,ZAV00431,2,166.11,86.55
ZA-00015093,1,SKU88481,ZAV00150,1,733.09,139.43
ZA-00015094,1,SKU90961,ZAV00439,1,218.64,91.12
ZA-00015095,1,SKU86201,ZAV00587,2,50.66,178.86
ZA-00015096,1,SKU53954,ZAV00516,1,214.73,65.51
ZA-00015097,1,SKU35048,ZAV00253,1,4687.91,147.78
ZA-00015098,1,SKU41408,ZAV00209,1,1681.99,80.83
ZA-00015099,1,SKU58150,ZAV00179,2,283.55,153.51
ZA-00015100,1,SKU35108,ZAV00313,1,492.35,98.86
ZA-00015101,1,SKU36455,ZAV00353,1,331.84,168.2
ZA-00015101,2,SKU20545,ZAV00175,1,221.77,131.22
ZA-00015102,1,SKU54986,ZAV00213,1,603.02,168.32
ZA-00015103,1,SKU72534,ZAV00588,1,143.95,137.36
ZA-00015104,1,SKU34793,ZAV00438,1,1080.48,75.66
ZA-00015105,1,SKU51630,ZAV00507,1,873.76,51.76
ZA-00015105,2,SKU94059,ZAV00220,1,682.99,51.4
ZA-00015106,1,SKU64928,ZAV00082,1,277.34,69.08
ZA-00015107,1,SKU49177,ZAV00716,1,235.56,45.95
ZA-00015108,1,SKU35891,ZAV00259,1,791.36,168.99
ZA-00015109,1,SKU86950,ZAV00057,1,109.91,139.98
ZA-00015110,1,SKU44132,ZAV00022,1,752.17,45.29
ZA-00015111,1,SKU33675,ZAV00685,1,937.15,110.27
ZA-00015112,1,SKU26315,ZAV00089,1,645.05,100.54
ZA-00015113,1,SKU21876,ZAV00058,1,352.38,43.14
ZA-00015114,1,SKU17899,ZAV00651,1,170.52,95.52
ZA-00015115,1,SKU94914,ZAV00417,1,192.86,121.19
ZA-00015115,2,SKU36855,ZAV00357,1,303.73,161.19
ZA-00015115,3,SKU17355,ZAV00651,1,145.73,119.98
ZA-00015116,1,SKU94415,ZAV00528,1,917.66,54.63
ZA-00015117,1,SKU25879,ZAV00177,1,705.95,98.27
ZA-00015118,1,SKU92742,ZAV00592,1,211.94,106.53
ZA-00015118,2,SKU43376,ZAV00781,1,220.56,39.83
ZA-00015118,3,SKU98786,ZAV00566,1,1334.89,141.97
ZA-00015119,1,SKU43614,ZAV00331,2,753.72,90.23
ZA-00015120,1,SKU53462,ZAV00054,1,549.47,87.29
ZA-00015121,1,SKU28436,ZAV00249,1,223.49,147.17
ZA-00015122,1,SKU78730,ZAV00575,2,79.87,102.81
ZA-00015123,1,SKU71178,ZAV00797,1,199.17,147.0
ZA-00015124,1,SKU50838,ZAV00188,1,249.6,167.73
ZA-00015125,1,SKU75180,ZAV00681,1,237.14,36.04
ZA-00015126,1,SKU62725,ZAV00234,1,413.39,105.99
ZA-00015126,2,SKU31083,ZAV00501,2,221.03,109.78
ZA-00015127,1,SKU49274,ZAV00605,1,600.85,152.25
ZA-00015128,1,SKU45375,ZAV00002,1,194.33,82.51
ZA-00015129,1,SKU96678,ZAV00551,1,1481.84,111.77
ZA-00015130,1,SKU25549,ZAV00204,1,321.1,173.89
ZA-00015131,1,SKU45289,ZAV00243,1,807.93,132.05
ZA-00015132,1,SKU36342,ZAV00610,1,2414.34,91.32
ZA-00015133,1,SKU28635,ZAV00546,1,347.59,142.21
ZA-00015134,1,SKU28908,ZAV00442,3,556.62,89.98
ZA-00015135,1,SKU59483,ZAV00511,1,982.12,101.02
ZA-00015136,1,SKU89359,ZAV00257,1,615.79,146.48
ZA-00015137,1,SKU85660,ZAV00387,1,1172.91,144.81
ZA-00015138,1,SKU26058,ZAV00039,1,739.4,126.45
ZA-00015139,1,SKU92753,ZAV00786,1,422.27,132.19
ZA-00015140,1,SKU86769,ZAV00113,1,1563.21,133.63
ZA-00015141,1,SKU98827,ZAV00157,1,1036.71,89.84
ZA-00015142,1,SKU48021,ZAV00116,1,432.72,134.65
ZA-00015143,1,SKU43917,ZAV00220,1,307.17,94.68
ZA-00015144,1,SKU49798,ZAV00131,1,476.98,142.04
ZA-00015145,1,SKU44369,ZAV00603,1,1177.89,37.56
ZA-00015146,1,SKU21736,ZAV00220,1,192.53,118.66
ZA-00015146,2,SKU86219,ZAV00027,1,132.83,38.11
ZA-00015147,1,SKU45088,ZAV00320,1,673.06,80.63
ZA-00015148,1,SKU62972,ZAV00419,1,688.1,123.32
ZA-00015149,1,SKU57566,ZAV00390,1,112.8,73.47
ZA-00015149,2,SKU74715,ZAV00770,1,1170.06,171.51
ZA-00015149,3,SKU59657,ZAV00378,1,371.55,110.76
ZA-00015150,1,SKU61288,ZAV00286,3,475.29,126.33
ZA-00015151,1,SKU79474,ZAV00660,1,389.44,78.18
ZA-00015152,1,SKU28304,ZAV00557,1,342.32,148.83
ZA-00015153,1,SKU87621,ZAV00485,1,439.09,169.94
ZA-00015153,2,SKU90086,ZAV00551,1,237.68,69.26
ZA-00015154,1,SKU33508,ZAV00433,1,488.68,75.82
ZA-00015155,1,SKU54210,ZAV00229,2,140.53,46.57
ZA-00015155,2,SKU88989,ZAV00426,1,248.5,129.82
ZA-00015156,1,SKU44359,ZAV00751,1,516.13,133.63
ZA-00015156,2,SKU95356,ZAV00332,1,195.8,90.97
ZA-00015157,1,SKU12325,ZAV00348,1,175.69,75.19
ZA-00015158,1,SKU84739,ZAV00332,1,3392.88,90.85
ZA-00015159,1,SKU28391,ZAV00121,1,176.57,71.69
ZA-00015159,2,SKU74716,ZAV00043,1,693.01,96.5
ZA-00015160,1,SKU49207,ZAV00620,1,746.58,91.62
ZA-00015161,1,SKU37547,ZAV00232,1,154.27,102.7
ZA-00015161,2,SKU91169,ZAV00115,1,1734.44,50.21
ZA-00015162,1,SKU16495,ZAV00233,3,2585.3,83.6
ZA-00015163,1,SKU68398,ZAV00113,2,438.87,115.36
ZA-00015163,2,SKU40959,ZAV00663,1,544.56,72.66
ZA-00015163,3,SKU50423,ZAV00765,1,251.98,103.25
ZA-00015164,1,SKU29949,ZAV00198,1,2680.92,154.17
ZA-00015165,1,SKU95706,ZAV00654,1,845.22,76.8
ZA-00015166,1,SKU25263,ZAV00104,1,263.32,52.4
ZA-00015167,1,SKU26563,ZAV00147,1,376.9,116.99
ZA-00015168,1,SKU42490,ZAV00348,1,1359.04,36.48
ZA-00015168,2,SKU75161,ZAV00359,1,1725.1,49.76
ZA-00015169,1,SKU95972,ZAV00047,1,496.47,178.81
ZA-00015170,1,SKU73030,ZAV00278,1,325.49,63.59
ZA-00015171,1,SKU46130,ZAV00467,1,2333.87,136.62
ZA-00015172,1,SKU41345,ZAV00073,1,649.27,85.39
ZA-00015172,2,SKU82086,ZAV00499,2,468.14,89.5
ZA-00015173,1,SKU22984,ZAV00232,1,367.18,97.54
ZA-00015174,1,SKU21342,ZAV00601,1,573.25,144.86
ZA-00015175,1,SKU11382,ZAV00267,1,282.74,40.42
ZA-00015176,1,SKU16654,ZAV00673,1,579.5,99.2
ZA-00015177,1,SKU22962,ZAV00783,1,447.96,101.73
ZA-00015178,1,SKU83945,ZAV00500,1,571.39,124.81
ZA-00015178,2,SKU37849,ZAV00022,1,1155.34,103.37
ZA-00015179,1,SKU14338,ZAV00203,1,282.11,122.2
ZA-00015180,1,SKU75970,ZAV00141,1,175.65,88.55
ZA-00015181,1,SKU93097,ZAV00152,1,592.27,72.44
ZA-00015181,2,SKU49494,ZAV00367,3,435.73,142.92
ZA-00015182,1,SKU24700,ZAV00615,1,437.07,147.98
ZA-00015183,1,SKU48615,ZAV00530,1,168.29,166.31
ZA-00015184,1,SKU34932,ZAV00381,1,362.89,133.17
ZA-00015185,1,SKU18882,ZAV00175,2,407.03,168.78
ZA-00015186,1,SKU59023,ZAV00154,1,200.93,88.64
ZA-00015186,2,SKU60770,ZAV00302,1,45.37,173.42
ZA-00015187,1,SKU73263,ZAV00277,1,1823.93,122.44
ZA-00015188,1,SKU76387,ZAV00607,1,195.56,106.18
ZA-00015189,1,SKU25834,ZAV00007,1,350.43,42.14
ZA-00015190,1,SKU36908,ZAV00418,1,184.9,131.19
ZA-00015191,1,SKU31742,ZAV00067,1,467.76,75.67
ZA-00015191,2,SKU63722,ZAV00480,1,323.13,177.64
ZA-00015192,1,SKU83270,ZAV00524,1,255.06,115.87
ZA-00015193,1,SKU72643,ZAV00436,1,862.81,163.04
ZA-00015193,2,SKU85721,ZAV00206,1,168.19,79.24
ZA-00015194,1,SKU82822,ZAV00373,2,90.78,72.64
ZA-00015195,1,SKU96046,ZAV00774,2,77.11,92.87
ZA-00015196,1,SKU57009,ZAV00656,1,1338.12,153.02
ZA-00015197,1,SKU79549,ZAV00207,1,537.69,119.87
ZA-00015198,1,SKU89899,ZAV00472,2,127.86,64.77
ZA-00015198,2,SKU31216,ZAV00142,1,340.77,90.11
ZA-00015199,1,SKU68522,ZAV00748,2,427.07,37.79
ZA-00015199,2,SKU20648,ZAV00319,1,499.32,132.13
ZA-00015200,1,SKU12715,ZAV00668,1,119.48,50.78
ZA-00015201,1,SKU21843,ZAV00487,1,1524.47,178.96
ZA-00015202,1,SKU44428,ZAV00615,3,296.65,59.09
ZA-00015203,1,SKU49018,ZAV00060,1,146.9,165.02
ZA-00015204,1,SKU39145,ZAV00734,1,1089.2,128.18
ZA-00015205,1,SKU40812,ZAV00349,1,598.87,179.56
ZA-00015205,2,SKU58443,ZAV00326,1,180.75,110.68
ZA-00015205,3,SKU96983,ZAV00743,2,232.79,43.01
ZA-00015206,1,SKU19162,ZAV00186,1,1372.33,126.29
ZA-00015207,1,SKU38719,ZAV00235,1,994.78,130.05
ZA-00015207,2,SKU69395,ZAV00649,1,191.87,49.46
ZA-00015208,1,SKU50424,ZAV00110,1,340.43,150.65
ZA-00015208,2,SKU81465,ZAV00606,1,275.38,49.63
ZA-00015209,1,SKU72867,ZAV00619,1,209.97,139.46
ZA-00015210,1,SKU32272,ZAV00082,1,3469.74,82.89
ZA-00015211,1,SKU23995,ZAV00763,1,770.26,73.42
ZA-00015212,1,SKU20674,ZAV00670,1,159.18,95.71
ZA-00015212,2,SKU87958,ZAV00371,1,831.91,148.31
ZA-00015212,3,SKU66669,ZAV00567,1,644.93,151.73
ZA-00015213,1,SKU29287,ZAV00382,1,1512.52,108.26
ZA-00015214,1,SKU87966,ZAV00531,1,394.22,96.92
ZA-00015215,1,SKU95713,ZAV00464,1,1040.23,47.61
ZA-00015216,1,SKU68315,ZAV00236,1,167.66,161.93
ZA-00015217,1,SKU36934,ZAV00524,1,579.69,60.83
ZA-00015218,1,SKU39656,ZAV00446,1,205.28,68.41
ZA-00015218,2,SKU34715,ZAV00727,1,310.1,41.81
ZA-00015219,1,SKU73327,ZAV00318,1,158.78,60.96
ZA-00015219,2,SKU13989,ZAV00570,1,203.73,177.03
ZA-00015220,1,SKU69403,ZAV00131,1,423.66,147.19
ZA-00015221,1,SKU48670,ZAV00479,1,714.76,89.74
ZA-00015221,2,SKU45154,ZAV00517,1,281.84,84.72
ZA-00015222,1,SKU95808,ZAV00218,1,726.13,109.69
ZA-00015222,2,SKU50951,ZAV00092,1,497.76,150.81
ZA-00015223,1,SKU74066,ZAV00397,2,246.29,46.57
ZA-00015223,2,SKU67018,ZAV00089,1,1825.11,141.98
ZA-00015224,1,SKU44473,ZAV00636,1,107.6,87.74
ZA-00015225,1,SKU65401,ZAV00491,1,213.34,111.38
ZA-00015226,1,SKU25722,ZAV00349,1,864.54,68.63
ZA-00015226,2,SKU45114,ZAV00617,1,374.15,42.31
ZA-00015227,1,SKU86106,ZAV00762,1,410.42,97.62
ZA-00015228,1,SKU76874,ZAV00649,1,1525.68,163.15
ZA-00015229,1,SKU86878,ZAV00260,1,779.52,158.94
ZA-00015230,1,SKU18219,ZAV00481,1,251.5,105.75
ZA-00015231,1,SKU92174,ZAV00433,1,167.73,77.37
ZA-00015232,1,SKU38776,ZAV00408,1,681.46,112.19
ZA-00015233,1,SKU23372,ZAV00699,1,199.13,99.99
ZA-00015233,2,SKU62138,ZAV00553,1,170.04,96.98
ZA-00015234,1,SKU25288,ZAV00258,1,241.86,165.09
ZA-00015235,1,SKU52171,ZAV00776,1,324.43,46.15
ZA-00015236,1,SKU86493,ZAV00358,1,277.04,58.09
ZA-00015237,1,SKU31803,ZAV00697,2,244.86,51.96
ZA-00015238,1,SKU82250,ZAV00120,1,638.76,121.47
ZA-00015239,1,SKU54583,ZAV00474,1,257.28,163.61
ZA-00015240,1,SKU34138,ZAV00242,1,337.3,176.96
ZA-00015241,1,SKU60120,ZAV00494,1,429.85,45.13
ZA-00015242,1,SKU51368,ZAV00336,1,189.5,68.58
ZA-00015243,1,SKU33495,ZAV00406,1,208.85,83.88
ZA-00015244,1,SKU35487,ZAV00381,3,795.15,133.53
ZA-00015245,1,SKU93564,ZAV00386,1,513.94,135.57
ZA-00015245,2,SKU89321,ZAV00446,2,1166.07,54.45
ZA-00015246,1,SKU60662,ZAV00156,2,930.96,179.63
ZA-00015247,1,SKU95933,ZAV00767,1,329.91,65.13
ZA-00015248,1,SKU29863,ZAV00422,1,226.12,61.54
ZA-00015249,1,SKU84379,ZAV00018,1,280.88,149.16
ZA-00015249,2,SKU68933,ZAV00723,1,147.73,83.27
ZA-00015250,1,SKU55957,ZAV00195,1,3351.94,157.42
ZA-00015251,1,SKU27554,ZAV00553,2,317.76,143.13
ZA-00015251,2,SKU38547,ZAV00220,1,106.01,134.72
ZA-00015252,1,SKU79766,ZAV00151,1,624.9,168.76
ZA-00015253,1,SKU24823,ZAV00432,1,1083.19,72.91
ZA-00015254,1,SKU71887,ZAV00678,1,236.36,151.48
ZA-00015255,1,SKU38250,ZAV00559,2,104.89,41.98
ZA-00015256,1,SKU30756,ZAV00010,1,294.6,91.73
ZA-00015257,1,SKU54075,ZAV00095,1,927.07,136.9
ZA-00015258,1,SKU93286,ZAV00578,2,421.41,65.27
ZA-00015259,1,SKU49056,ZAV00432,1,129.63,67.16
ZA-00015260,1,SKU73024,ZAV00027,1,779.78,45.31
ZA-00015261,1,SKU54469,ZAV00432,1,331.21,155.55
ZA-00015262,1,SKU62386,ZAV00574,1,1394.84,130.38
ZA-00015263,1,SKU37695,ZAV00328,1,131.74,99.96
ZA-00015264,1,SKU30985,ZAV00767,1,508.43,62.92
ZA-00015264,2,SKU69978,ZAV00646,1,374.96,159.39
ZA-00015265,1,SKU72747,ZAV00167,1,625.01,171.32
ZA-00015266,1,SKU25115,ZAV00758,1,1309.35,139.28
ZA-00015266,2,SKU72908,ZAV00223,1,1117.53,49.73
ZA-00015266,3,SKU96927,ZAV00409,1,400.3,64.06
ZA-00015267,1,SKU29066,ZAV00306,1,896.91,124.38
ZA-00015268,1,SKU16201,ZAV00246,1,144.42,169.03
ZA-00015269,1,SKU46020,ZAV00762,1,459.59,86.73
ZA-00015270,1,SKU95441,ZAV00716,1,500.77,166.12
ZA-00015271,1,SKU70334,ZAV00382,1,284.69,46.25
ZA-00015271,2,SKU58448,ZAV00767,1,493.91,37.04
ZA-00015272,1,SKU88545,ZAV00528,1,383.01,40.27
ZA-00015272,2,SKU53997,ZAV00632,1,479.81,136.78
ZA-00015273,1,SKU19013,ZAV00686,1,1588.07,76.48
ZA-00015273,2,SKU25037,ZAV00084,1,385.61,113.02
ZA-00015274,1,SKU87607,ZAV00067,1,126.69,109.73
ZA-00015274,2,SKU54446,ZAV00340,1,103.28,102.8
ZA-00015275,1,SKU15567,ZAV00539,1,926.62,175.05
ZA-00015276,1,SKU92964,ZAV00372,2,305.74,37.75
ZA-00015276,2,SKU80337,ZAV00533,1,981.31,85.79
ZA-00015277,1,SKU27939,ZAV00279,1,712.74,176.28
ZA-00015278,1,SKU64857,ZAV00522,1,1150.38,146.74
ZA-00015278,2,SKU73698,ZAV00582,1,208.73,111.59
ZA-00015278,3,SKU75593,ZAV00528,2,1229.92,104.48
ZA-00015279,1,SKU97339,ZAV00252,1,492.04,132.45
ZA-00015280,1,SKU33093,ZAV00365,2,190.79,115.39
ZA-00015281,1,SKU47896,ZAV00726,2,1153.16,103.71
ZA-00015282,1,SKU12607,ZAV00348,2,835.32,49.63
ZA-00015283,1,SKU27798,ZAV00175,2,243.87,37.44
ZA-00015284,1,SKU59043,ZAV00747,1,434.7,114.94
ZA-00015285,1,SKU64696,ZAV00377,1,891.0,77.1
ZA-00015286,1,SKU85303,ZAV00545,1,221.22,142.64
ZA-00015287,1,SKU55824,ZAV00608,1,2050.69,165.85
ZA-00015288,1,SKU37094,ZAV00430,1,395.12,111.42
ZA-00015289,1,SKU33419,ZAV00247,1,448.85,179.13
ZA-00015290,1,SKU89455,ZAV00348,1,142.56,94.38
ZA-00015291,1,SKU80330,ZAV00453,1,359.87,171.18
ZA-00015292,1,SKU87161,ZAV00751,2,350.89,41.45
ZA-00015293,1,SKU43206,ZAV00725,2,71.75,57.35
ZA-00015293,2,SKU35217,ZAV00083,1,427.92,48.25
ZA-00015293,3,SKU10507,ZAV00232,2,174.29,80.95
ZA-00015294,1,SKU42534,ZAV00047,1,318.67,77.02
ZA-00015295,1,SKU69529,ZAV00367,1,151.18,154.8
ZA-00015295,2,SKU18885,ZAV00491,1,1257.88,70.44
ZA-00015296,1,SKU64151,ZAV00500,1,172.47,99.5
ZA-00015297,1,SKU40571,ZAV00162,1,1356.29,40.35
ZA-00015298,1,SKU35292,ZAV00120,1,1530.92,76.58
ZA-00015299,1,SKU53724,ZAV00518,1,348.9,162.58
ZA-00015299,2,SKU92706,ZAV00218,1,667.89,35.24
ZA-00015300,1,SKU65088,ZAV00507,2,165.28,66.45
ZA-00015301,1,SKU79918,ZAV00613,1,623.03,120.72
ZA-00015301,2,SKU15356,ZAV00556,1,338.3,93.26
ZA-00015302,1,SKU70796,ZAV00593,1,364.56,99.91
ZA-00015303,1,SKU30386,ZAV00349,1,560.83,54.45
ZA-00015304,1,SKU30810,ZAV00629,2,943.85,77.28
ZA-00015305,1,SKU53257,ZAV00014,1,409.14,42.59
ZA-00015305,2,SKU57252,ZAV00019,2,2176.08,66.93
ZA-00015306,1,SKU88002,ZAV00016,1,288.97,47.85
ZA-00015307,1,SKU54250,ZAV00583,1,499.51,157.88
ZA-00015308,1,SKU35813,ZAV00749,1,471.77,171.48
ZA-00015309,1,SKU88713,ZAV00417,1,501.26,102.35
ZA-00015309,2,SKU68241,ZAV00514,1,2671.16,158.83
ZA-00015309,3,SKU17554,ZAV00717,1,498.67,71.23
ZA-00015310,1,SKU75351,ZAV00042,2,343.02,103.0
ZA-00015311,1,SKU34646,ZAV00495,1,494.76,151.85
ZA-00015312,1,SKU78902,ZAV00245,1,103.07,71.83
ZA-00015313,1,SKU38767,ZAV00157,1,209.95,102.6
ZA-00015313,2,SKU65958,ZAV00378,1,478.89,155.78
ZA-00015314,1,SKU81930,ZAV00294,1,665.46,63.81
ZA-00015315,1,SKU78389,ZAV00713,1,1049.25,111.04
ZA-00015316,1,SKU22937,ZAV00129,1,738.26,35.35
ZA-00015317,1,SKU49338,ZAV00039,1,1234.55,176.01
ZA-00015318,1,SKU36154,ZAV00303,1,99.3,122.66
ZA-00015319,1,SKU35671,ZAV00113,1,308.32,49.7
ZA-00015320,1,SKU49066,ZAV00317,1,107.74,160.32
ZA-00015320,2,SKU72614,ZAV00634,1,273.2,104.3
ZA-00015321,1,SKU45635,ZAV00468,1,188.01,101.07
ZA-00015322,1,SKU96929,ZAV00564,2,285.15,50.18
ZA-00015323,1,SKU27723,ZAV00025,1,787.09,67.71
ZA-00015324,1,SKU79311,ZAV00700,3,536.88,104.8
ZA-00015325,1,SKU92478,ZAV00576,2,266.87,75.21
ZA-00015325,2,SKU74777,ZAV00263,1,390.76,179.99
ZA-00015326,1,SKU81780,ZAV00126,1,971.06,116.08
ZA-00015327,1,SKU34851,ZAV00751,1,120.62,46.67
ZA-00015327,2,SKU10758,ZAV00303,1,320.12,177.22
ZA-00015328,1,SKU34040,ZAV00218,1,441.2,102.1
ZA-00015329,1,SKU33876,ZAV00555,1,74.91,57.82
ZA-00015330,1,SKU39850,ZAV00788,1,370.2,84.83
ZA-00015331,1,SKU29904,ZAV00625,1,157.92,66.68
ZA-00015332,1,SKU34016,ZAV00474,2,320.71,151.07
ZA-00015333,1,SKU18326,ZAV00542,1,839.75,135.75
ZA-00015334,1,SKU25005,ZAV00328,2,2876.83,144.66
ZA-00015335,1,SKU44883,ZAV00498,1,730.52,59.78
ZA-00015336,1,SKU40385,ZAV00508,1,868.89,100.64
ZA-00015337,1,SKU70769,ZAV00630,2,629.73,139.2
ZA-00015338,1,SKU53606,ZAV00099,1,372.41,138.86
ZA-00015339,1,SKU35857,ZAV00710,1,2206.96,46.68
ZA-00015340,1,SKU69643,ZAV00206,2,264.9,89.75
ZA-00015341,1,SKU29301,ZAV00753,1,142.08,129.6
ZA-00015342,1,SKU81004,ZAV00109,1,1460.34,97.22
ZA-00015343,1,SKU34298,ZAV00748,1,652.69,144.38
ZA-00015344,1,SKU59097,ZAV00345,1,825.44,137.31
ZA-00015345,1,SKU96105,ZAV00223,2,175.77,122.07
ZA-00015346,1,SKU24811,ZAV00613,1,212.22,57.83
ZA-00015347,1,SKU72435,ZAV00367,1,709.5,149.74
ZA-00015348,1,SKU33899,ZAV00508,1,388.11,62.83
ZA-00015349,1,SKU32914,ZAV00673,1,2594.54,77.47
ZA-00015349,2,SKU67433,ZAV00766,1,321.36,150.14
ZA-00015349,3,SKU23402,ZAV00742,1,1755.23,139.86
ZA-00015350,1,SKU46017,ZAV00536,1,364.4,156.99
ZA-00015351,1,SKU55048,ZAV00002,1,375.68,109.08
ZA-00015352,1,SKU85069,ZAV00799,1,224.88,156.6
ZA-00015353,1,SKU51100,ZAV00749,1,243.05,73.61
ZA-00015354,1,SKU18916,ZAV00031,1,331.84,101.46
ZA-00015355,1,SKU52669,ZAV00460,1,368.05,164.38
ZA-00015356,1,SKU53778,ZAV00171,1,681.84,99.02
ZA-00015357,1,SKU79340,ZAV00549,1,252.14,78.29
ZA-00015358,1,SKU58457,ZAV00398,1,804.05,68.5
ZA-00015359,1,SKU51790,ZAV00071,1,351.76,128.91
ZA-00015360,1,SKU33599,ZAV00100,1,446.77,172.39
ZA-00015360,2,SKU70987,ZAV00789,1,336.7,123.34
ZA-00015361,1,SKU68179,ZAV00138,1,283.47,91.61
ZA-00015362,1,SKU66755,ZAV00271,1,116.28,85.8
ZA-00015363,1,SKU29190,ZAV00091,1,984.41,105.58
ZA-00015364,1,SKU57355,ZAV00681,1,1131.35,145.28
ZA-00015365,1,SKU38352,ZAV00788,2,552.07,59.55
ZA-00015365,2,SKU64500,ZAV00782,1,614.32,123.21
ZA-00015366,1,SKU67430,ZAV00449,1,188.94,55.2
ZA-00015367,1,SKU26263,ZAV00125,2,279.06,100.52
ZA-00015368,1,SKU87845,ZAV00066,1,1246.64,172.44
ZA-00015369,1,SKU13024,ZAV00523,1,1080.75,82.39
ZA-00015370,1,SKU28762,ZAV00253,1,331.72,147.69
ZA-00015371,1,SKU73198,ZAV00569,2,291.32,108.02
ZA-00015372,1,SKU87021,ZAV00097,1,216.78,62.43
ZA-00015373,1,SKU96646,ZAV00699,1,424.57,72.2
ZA-00015373,2,SKU23827,ZAV00223,2,1406.9,171.55
ZA-00015374,1,SKU42805,ZAV00388,1,392.87,121.71
ZA-00015375,1,SKU11425,ZAV00792,1,1164.85,157.07
ZA-00015375,2,SKU58466,ZAV00567,1,421.85,170.86
ZA-00015376,1,SKU95474,ZAV00568,1,1795.2,110.66
ZA-00015377,1,SKU44551,ZAV00188,1,1121.58,150.54
ZA-00015378,1,SKU53660,ZAV00761,3,117.06,155.75
ZA-00015379,1,SKU77016,ZAV00584,1,255.18,76.15
ZA-00015379,2,SKU19598,ZAV00553,1,157.43,62.6
ZA-00015380,1,SKU40098,ZAV00093,1,116.21,87.15
ZA-00015381,1,SKU87430,ZAV00134,1,91.67,69.11
ZA-00015382,1,SKU23669,ZAV00034,1,1846.33,82.0
ZA-00015383,1,SKU84249,ZAV00684,1,124.22,153.83
ZA-00015384,1,SKU16501,ZAV00091,1,1704.32,89.24
ZA-00015385,1,SKU13198,ZAV00706,1,91.44,172.88
ZA-00015386,1,SKU81400,ZAV00108,1,228.19,132.35
ZA-00015387,1,SKU76195,ZAV00622,1,1585.84,165.03
ZA-00015387,2,SKU86003,ZAV00232,2,51.74,151.39
ZA-00015388,1,SKU80438,ZAV00614,1,284.1,161.96
ZA-00015389,1,SKU88673,ZAV00620,2,152.68,96.11
ZA-00015389,2,SKU89775,ZAV00172,1,744.49,161.76
ZA-00015390,1,SKU24331,ZAV00085,1,352.07,113.72
ZA-00015391,1,SKU19122,ZAV00691,1,279.85,39.89
ZA-00015392,1,SKU13433,ZAV00019,1,193.06,76.89
ZA-00015393,1,SKU15619,ZAV00609,3,586.08,165.24
ZA-00015394,1,SKU20525,ZAV00739,1,930.93,58.39
ZA-00015395,1,SKU97539,ZAV00712,1,132.72,161.51
ZA-00015396,1,SKU73137,ZAV00627,1,218.26,84.24
ZA-00015397,1,SKU64274,ZAV00289,2,384.85,172.95
ZA-00015398,1,SKU34007,ZAV00781,1,168.14,174.31
ZA-00015399,1,SKU60150,ZAV00358,1,189.98,153.24
ZA-00015400,1,SKU43244,ZAV00282,1,601.18,77.76
ZA-00015400,2,SKU84865,ZAV00320,3,720.03,150.04
ZA-00015400,3,SKU98253,ZAV00407,1,208.48,50.51
ZA-00015401,1,SKU87132,ZAV00494,1,209.74,134.85
ZA-00015401,2,SKU26570,ZAV00352,1,479.35,93.32
ZA-00015402,1,SKU11977,ZAV00408,1,98.66,134.11
ZA-00015403,1,SKU87392,ZAV00300,1,136.17,51.44
ZA-00015403,2,SKU33125,ZAV00509,1,1120.35,41.47
ZA-00015404,1,SKU25157,ZAV00617,1,46.71,96.26
ZA-00015405,1,SKU13567,ZAV00153,2,522.67,52.48
ZA-00015406,1,SKU19394,ZAV00442,1,452.85,107.55
ZA-00015407,1,SKU73335,ZAV00458,2,292.74,149.69
ZA-00015408,1,SKU27207,ZAV00703,1,1316.87,46.39
ZA-00015409,1,SKU38431,ZAV00331,1,199.47,137.66
ZA-00015410,1,SKU16318,ZAV00666,1,587.11,66.8
ZA-00015411,1,SKU64239,ZAV00645,1,231.36,162.01
ZA-00015412,1,SKU56130,ZAV00453,1,150.86,164.21
ZA-00015413,1,SKU47399,ZAV00577,2,241.37,69.78
ZA-00015414,1,SKU31978,ZAV00583,1,152.3,133.62
ZA-00015415,1,SKU52914,ZAV00081,1,859.41,38.63
ZA-00015416,1,SKU52567,ZAV00556,1,262.98,40.72
ZA-00015416,2,SKU32054,ZAV00204,1,330.93,159.28
ZA-00015417,1,SKU96092,ZAV00465,1,445.03,38.74
ZA-00015418,1,SKU34237,ZAV00586,1,238.6,157.21
ZA-00015419,1,SKU14242,ZAV00204,1,440.83,92.44
ZA-00015419,2,SKU81029,ZAV00334,1,441.34,131.4
ZA-00015420,1,SKU33559,ZAV00721,1,706.69,97.81
ZA-00015420,2,SKU43788,ZAV00463,1,269.35,91.7
ZA-00015421,1,SKU84958,ZAV00316,1,471.09,67.43
ZA-00015422,1,SKU42250,ZAV00669,1,219.09,57.95
ZA-00015422,2,SKU54590,ZAV00038,1,1463.29,97.25
ZA-00015423,1,SKU20260,ZAV00010,1,1276.39,133.28
ZA-00015424,1,SKU15597,ZAV00451,2,154.61,121.37
ZA-00015425,1,SKU28252,ZAV00049,3,1880.2,136.54
ZA-00015426,1,SKU23578,ZAV00778,1,499.09,177.57
ZA-00015427,1,SKU44939,ZAV00496,1,468.69,138.17
ZA-00015428,1,SKU89432,ZAV00696,2,1150.61,154.19
ZA-00015429,1,SKU84195,ZAV00182,1,212.01,93.53
ZA-00015429,2,SKU22340,ZAV00269,2,173.26,170.29
ZA-00015430,1,SKU30749,ZAV00599,2,1444.91,119.74
ZA-00015431,1,SKU68004,ZAV00127,1,440.47,105.58
ZA-00015432,1,SKU44528,ZAV00783,2,1586.58,170.24
ZA-00015433,1,SKU91166,ZAV00067,1,518.38,67.69
ZA-00015434,1,SKU67930,ZAV00173,1,1601.57,49.75
ZA-00015435,1,SKU76338,ZAV00564,2,864.21,179.59
ZA-00015436,1,SKU33412,ZAV00398,1,838.99,87.06
ZA-00015437,1,SKU78993,ZAV00072,1,431.17,151.22
ZA-00015438,1,SKU31978,ZAV00696,1,378.3,106.4
ZA-00015438,2,SKU91838,ZAV00662,1,148.68,54.83
ZA-00015439,1,SKU32557,ZAV00463,1,2030.78,75.63
ZA-00015440,1,SKU78095,ZAV00487,1,762.06,141.0
ZA-00015441,1,SKU27077,ZAV00618,1,1696.68,112.01
ZA-00015442,1,SKU63344,ZAV00697,1,392.8,80.61
ZA-00015442,2,SKU84362,ZAV00254,1,128.34,105.07
ZA-00015443,1,SKU89997,ZAV00525,1,466.07,125.8
ZA-00015444,1,SKU84193,ZAV00420,1,197.31,59.44
ZA-00015445,1,SKU52167,ZAV00631,1,1748.32,179.38
ZA-00015446,1,SKU93623,ZAV00659,1,153.73,58.2
ZA-00015447,1,SKU89858,ZAV00240,1,207.04,63.27
ZA-00015448,1,SKU57089,ZAV00545,1,364.15,102.6
ZA-00015449,1,SKU83958,ZAV00776,1,785.62,147.4
ZA-00015450,1,SKU31546,ZAV00300,1,1031.66,96.64
ZA-00015451,1,SKU36014,ZAV00165,1,276.85,156.98
ZA-00015452,1,SKU38726,ZAV00392,3,898.58,123.61
ZA-00015453,1,SKU37658,ZAV00190,1,410.49,80.17
ZA-00015454,1,SKU64229,ZAV00657,2,1044.73,132.48
ZA-00015455,1,SKU48355,ZAV00055,1,445.04,54.55
ZA-00015456,1,SKU29191,ZAV00321,1,116.77,62.13
ZA-00015456,2,SKU19170,ZAV00051,1,2507.65,39.08
ZA-00015457,1,SKU21555,ZAV00378,1,1110.02,70.99
ZA-00015458,1,SKU13462,ZAV00164,1,229.14,74.06
ZA-00015459,1,SKU46644,ZAV00672,1,239.89,99.71
ZA-00015460,1,SKU30881,ZAV00115,1,1792.52,94.55
ZA-00015460,2,SKU11735,ZAV00625,1,469.78,172.22
ZA-00015460,3,SKU92106,ZAV00031,1,445.5,173.26
ZA-00015461,1,SKU14764,ZAV00732,2,144.62,107.08
ZA-00015461,2,SKU23852,ZAV00323,1,611.12,106.38
ZA-00015462,1,SKU84981,ZAV00706,1,262.87,73.99
ZA-00015463,1,SKU26416,ZAV00010,1,496.6,42.18
ZA-00015463,2,SKU14729,ZAV00735,1,422.64,118.13
ZA-00015464,1,SKU42047,ZAV00137,1,409.19,42.53
ZA-00015465,1,SKU86581,ZAV00158,2,456.25,81.3
ZA-00015465,2,SKU86234,ZAV00083,2,488.69,116.71
ZA-00015465,3,SKU14493,ZAV00049,1,319.55,116.23
ZA-00015466,1,SKU35472,ZAV00359,1,1888.53,148.73
ZA-00015467,1,SKU39693,ZAV00407,1,428.23,69.19
ZA-00015467,2,SKU42814,ZAV00598,1,80.46,133.99
ZA-00015468,1,SKU14046,ZAV00735,1,1829.14,104.68
ZA-00015468,2,SKU83359,ZAV00179,1,514.11,46.09
ZA-00015469,1,SKU88817,ZAV00190,1,295.21,99.55
ZA-00015470,1,SKU71247,ZAV00144,1,538.09,135.59
ZA-00015470,2,SKU80540,ZAV00136,1,1075.5,104.55
ZA-00015471,1,SKU62256,ZAV00006,1,516.33,167.06
ZA-00015472,1,SKU24777,ZAV00583,1,823.79,68.39
ZA-00015473,1,SKU83990,ZAV00712,1,168.69,69.31
ZA-00015473,2,SKU90239,ZAV00129,1,89.21,116.3
ZA-00015474,1,SKU86424,ZAV00109,1,504.05,68.18
ZA-00015474,2,SKU11310,ZAV00395,2,1047.38,56.6
ZA-00015475,1,SKU44767,ZAV00630,1,1361.29,111.05
ZA-00015476,1,SKU28390,ZAV00362,2,454.23,39.71
ZA-00015477,1,SKU63401,ZAV00676,1,233.59,172.65
ZA-00015478,1,SKU32605,ZAV00561,1,906.6,66.72
ZA-00015479,1,SKU19601,ZAV00769,1,450.63,45.91
ZA-00015480,1,SKU98408,ZAV00026,1,177.68,39.34
ZA-00015481,1,SKU31267,ZAV00034,1,548.28,59.13
ZA-00015482,1,SKU40311,ZAV00704,1,996.55,163.47
ZA-00015483,1,SKU29536,ZAV00542,1,675.83,98.29
ZA-00015484,1,SKU75770,ZAV00110,1,140.23,57.23
ZA-00015485,1,SKU18073,ZAV00085,1,99.15,144.88
ZA-00015485,2,SKU84488,ZAV00547,2,3229.21,144.82
ZA-00015486,1,SKU42296,ZAV00391,1,1104.24,95.15
ZA-00015487,1,SKU87479,ZAV00416,1,615.7,75.76
ZA-00015488,1,SKU55105,ZAV00755,1,344.49,102.31
ZA-00015489,1,SKU74694,ZAV00202,1,1026.41,58.51
ZA-00015490,1,SKU81833,ZAV00361,1,2670.65,157.37
ZA-00015490,2,SKU73102,ZAV00067,1,1063.97,119.35
ZA-00015490,3,SKU63216,ZAV00131,1,84.45,124.88
ZA-00015491,1,SKU47604,ZAV00275,1,552.16,114.48
ZA-00015491,2,SKU46042,ZAV00521,1,112.75,128.53
ZA-00015491,3,SKU74311,ZAV00217,1,450.23,164.48
ZA-00015492,1,SKU47563,ZAV00265,2,217.12,80.26
ZA-00015493,1,SKU37191,ZAV00639,2,1722.33,156.54
ZA-00015494,1,SKU20285,ZAV00285,1,204.63,68.32
ZA-00015495,1,SKU65773,ZAV00717,1,367.94,90.65
ZA-00015496,1,SKU77835,ZAV00166,1,218.43,64.75
ZA-00015497,1,SKU74798,ZAV00546,2,570.71,132.44
ZA-00015497,2,SKU51490,ZAV00372,1,195.54,128.24
ZA-00015498,1,SKU60832,ZAV00584,1,151.73,134.24
ZA-00015499,1,SKU23843,ZAV00584,1,1274.02,35.07
ZA-00015500,1,SKU99488,ZAV00465,1,588.57,117.49
ZA-00015501,1,SKU33074,ZAV00363,2,244.48,171.13
ZA-00015502,1,SKU42015,ZAV00557,1,409.63,39.4
ZA-00015502,2,SKU11005,ZAV00700,1,440.43,64.77
ZA-00015503,1,SKU29963,ZAV00236,1,1269.61,116.19
ZA-00015504,1,SKU37256,ZAV00622,1,448.18,40.44
ZA-00015505,1,SKU24295,ZAV00655,2,491.77,95.56
ZA-00015506,1,SKU42296,ZAV00569,1,1716.03,126.94
ZA-00015506,2,SKU44110,ZAV00063,1,2495.68,157.48
ZA-00015507,1,SKU13888,ZAV00714,1,395.96,118.66
ZA-00015508,1,SKU37620,ZAV00507,1,1273.82,88.19
ZA-00015509,1,SKU75749,ZAV00075,1,154.44,90.82
ZA-00015509,2,SKU11118,ZAV00040,1,482.25,74.9
ZA-00015509,3,SKU40374,ZAV00448,1,357.0,77.57
ZA-00015510,1,SKU92966,ZAV00626,1,1154.66,137.43
ZA-00015511,1,SKU12547,ZAV00297,1,777.34,147.78
ZA-00015512,1,SKU36982,ZAV00542,1,843.53,60.77
ZA-00015512,2,SKU35170,ZAV00487,1,257.4,77.44
ZA-00015512,3,SKU88739,ZAV00278,3,890.62,57.79
ZA-00015513,1,SKU18263,ZAV00414,2,1069.66,128.39
ZA-00015513,2,SKU46346,ZAV00316,1,138.16,128.17
ZA-00015514,1,SKU23271,ZAV00789,1,462.24,60.24
ZA-00015515,1,SKU35013,ZAV00292,1,2112.04,114.24
ZA-00015516,1,SKU37032,ZAV00102,1,783.81,115.83
ZA-00015516,2,SKU13450,ZAV00767,2,1592.43,158.93
ZA-00015517,1,SKU30338,ZAV00454,1,656.97,64.25
ZA-00015518,1,SKU25308,ZAV00527,1,690.96,98.32
ZA-00015518,2,SKU30148,ZAV00321,2,1026.73,38.71
ZA-00015519,1,SKU70899,ZAV00662,1,571.73,179.6
ZA-00015520,1,SKU99444,ZAV00173,2,553.75,90.82
ZA-00015521,1,SKU20445,ZAV00740,1,414.26,92.88
ZA-00015521,2,SKU25749,ZAV00512,1,157.79,41.27
ZA-00015522,1,SKU77776,ZAV00652,1,128.75,119.89
ZA-00015522,2,SKU21769,ZAV00461,1,544.26,116.01
ZA-00015523,1,SKU67409,ZAV00698,2,1174.78,79.63
ZA-00015524,1,SKU29160,ZAV00425,3,736.31,131.34
ZA-00015525,1,SKU95672,ZAV00436,1,93.83,155.04
ZA-00015526,1,SKU54511,ZAV00063,1,790.12,95.35
ZA-00015526,2,SKU22837,ZAV00482,1,1029.41,96.22
ZA-00015527,1,SKU40587,ZAV00215,2,284.69,112.41
ZA-00015527,2,SKU44172,ZAV00581,1,813.63,63.21
ZA-00015528,1,SKU29483,ZAV00393,1,780.27,154.59
ZA-00015529,1,SKU50286,ZAV00572,1,772.12,155.48
ZA-00015530,1,SKU37342,ZAV00152,1,237.78,102.51
ZA-00015531,1,SKU71216,ZAV00297,2,463.21,159.59
ZA-00015532,1,SKU25878,ZAV00026,2,1054.34,59.49
ZA-00015533,1,SKU51315,ZAV00172,3,801.52,51.92
ZA-00015533,2,SKU40784,ZAV00531,2,1233.83,99.36
ZA-00015534,1,SKU50256,ZAV00538,1,377.9,178.86
ZA-00015535,1,SKU79655,ZAV00434,2,335.11,83.19
ZA-00015535,2,SKU63551,ZAV00604,1,169.73,157.06
ZA-00015536,1,SKU47040,ZAV00148,3,736.74,61.58
ZA-00015537,1,SKU30216,ZAV00233,2,414.58,90.5
ZA-00015538,1,SKU43161,ZAV00750,1,297.78,170.43
ZA-00015538,2,SKU44044,ZAV00122,1,81.64,135.42
ZA-00015538,3,SKU23748,ZAV00652,1,1264.29,87.18
ZA-00015539,1,SKU63411,ZAV00668,1,443.64,93.11
ZA-00015539,2,SKU26630,ZAV00043,1,229.8,48.51
ZA-00015540,1,SKU58152,ZAV00036,2,188.71,38.81
ZA-00015541,1,SKU10198,ZAV00791,1,1912.78,45.76
ZA-00015542,1,SKU22478,ZAV00617,1,267.12,133.21
ZA-00015543,1,SKU81927,ZAV00773,1,164.98,165.62
ZA-00015543,2,SKU24038,ZAV00472,1,901.52,74.81
ZA-00015544,1,SKU84626,ZAV00648,1,1245.15,63.0
ZA-00015545,1,SKU90860,ZAV00770,1,191.29,61.48
ZA-00015545,2,SKU35816,ZAV00178,1,128.85,59.61
ZA-00015546,1,SKU83433,ZAV00204,1,546.63,67.34
ZA-00015547,1,SKU16947,ZAV00383,1,2204.39,163.73
ZA-00015548,1,SKU91916,ZAV00792,1,1464.92,62.13
ZA-00015549,1,SKU55386,ZAV00022,1,259.08,163.78
ZA-00015550,1,SKU43215,ZAV00030,1,607.69,159.57
ZA-00015551,1,SKU14878,ZAV00001,1,268.56,102.6
ZA-00015552,1,SKU93153,ZAV00125,1,381.84,140.41
ZA-00015553,1,SKU15316,ZAV00138,1,1126.43,59.65
ZA-00015553,2,SKU95686,ZAV00060,1,1863.95,177.29
ZA-00015554,1,SKU25984,ZAV00369,1,864.66,64.26
ZA-00015555,1,SKU84925,ZAV00214,1,936.73,162.65
ZA-00015556,1,SKU38185,ZAV00157,1,642.4,93.35
ZA-00015557,1,SKU23505,ZAV00251,1,173.44,93.32
ZA-00015558,1,SKU89753,ZAV00299,1,458.15,138.71
ZA-00015559,1,SKU22745,ZAV00123,1,1267.85,59.3
ZA-00015559,2,SKU71916,ZAV00400,2,1713.96,57.64
ZA-00015560,1,SKU51597,ZAV00653,1,567.75,37.6
ZA-00015560,2,SKU17460,ZAV00674,1,250.29,102.03
ZA-00015561,1,SKU53367,ZAV00117,1,500.43,56.88
ZA-00015562,1,SKU56087,ZAV00743,1,267.22,83.21
ZA-00015563,1,SKU20488,ZAV00127,1,2074.73,132.42
ZA-00015564,1,SKU61021,ZAV00415,1,1266.91,95.52
ZA-00015564,2,SKU92534,ZAV00026,1,481.0,44.77
ZA-00015565,1,SKU10394,ZAV00632,1,618.15,91.19
ZA-00015565,2,SKU13999,ZAV00157,2,1020.92,107.56
ZA-00015566,1,SKU12013,ZAV00553,1,128.8,72.58
ZA-00015567,1,SKU59047,ZAV00087,1,393.28,139.35
ZA-00015567,2,SKU55554,ZAV00293,1,416.51,128.67
ZA-00015568,1,SKU44104,ZAV00061,1,879.13,134.12
ZA-00015569,1,SKU38488,ZAV00556,1,1467.96,103.98
ZA-00015570,1,SKU20098,ZAV00499,1,779.55,77.06
ZA-00015571,1,SKU60458,ZAV00387,1,364.98,112.26
ZA-00015572,1,SKU71834,ZAV00498,2,368.59,58.63
ZA-00015573,1,SKU86187,ZAV00701,1,329.45,104.07
ZA-00015574,1,SKU98177,ZAV00204,1,3308.13,43.5
ZA-00015575,1,SKU12143,ZAV00524,1,595.43,72.27
ZA-00015575,2,SKU88119,ZAV00169,1,762.27,51.26
ZA-00015576,1,SKU95687,ZAV00138,1,456.07,64.62
ZA-00015577,1,SKU30562,ZAV00463,1,526.07,162.62
ZA-00015578,1,SKU98484,ZAV00372,1,123.44,54.2
ZA-00015579,1,SKU17800,ZAV00157,1,668.15,134.91
ZA-00015580,1,SKU31949,ZAV00293,1,579.41,150.81
ZA-00015581,1,SKU95517,ZAV00676,3,246.83,67.94
ZA-00015582,1,SKU68461,ZAV00239,1,366.17,117.33
ZA-00015582,2,SKU82346,ZAV00324,1,391.11,176.96
ZA-00015582,3,SKU77705,ZAV00171,1,183.95,126.08
ZA-00015583,1,SKU11772,ZAV00248,1,913.26,81.49
ZA-00015583,2,SKU56563,ZAV00319,1,735.14,116.06
ZA-00015584,1,SKU11352,ZAV00425,1,272.97,97.28
ZA-00015585,1,SKU69170,ZAV00139,1,750.35,42.27
ZA-00015585,2,SKU46225,ZAV00154,1,466.17,147.11
ZA-00015586,1,SKU83968,ZAV00516,1,796.33,76.33
ZA-00015587,1,SKU18006,ZAV00252,1,789.95,60.13
ZA-00015588,1,SKU63474,ZAV00560,1,785.75,113.7
ZA-00015588,2,SKU85402,ZAV00792,1,1453.11,46.61
ZA-00015589,1,SKU24637,ZAV00081,2,215.19,127.56
ZA-00015590,1,SKU53550,ZAV00494,1,759.18,107.04
ZA-00015591,1,SKU80907,ZAV00744,1,374.82,66.38
ZA-00015591,2,SKU74695,ZAV00659,1,600.84,159.28
ZA-00015591,3,SKU79337,ZAV00478,2,1043.7,164.74
ZA-00015592,1,SKU74754,ZAV00722,1,389.42,49.8
ZA-00015592,2,SKU80882,ZAV00568,1,831.12,137.23
ZA-00015593,1,SKU34968,ZAV00277,1,1102.5,74.96
ZA-00015593,2,SKU77125,ZAV00228,1,464.85,101.07
ZA-00015594,1,SKU44785,ZAV00467,1,686.53,40.95
ZA-00015595,1,SKU56846,ZAV00691,1,1692.38,108.28
ZA-00015596,1,SKU33718,ZAV00223,1,370.45,82.59
ZA-00015597,1,SKU50287,ZAV00558,1,133.33,70.59
ZA-00015598,1,SKU11967,ZAV00033,2,557.58,104.06
ZA-00015598,2,SKU10521,ZAV00194,1,2030.33,112.29
ZA-00015599,1,SKU56439,ZAV00794,1,170.1,62.36
ZA-00015600,1,SKU10226,ZAV00154,1,544.84,150.3
ZA-00015601,1,SKU81038,ZAV00707,1,327.39,84.63
ZA-00015602,1,SKU43140,ZAV00104,1,464.4,36.51
ZA-00015602,2,SKU72730,ZAV00692,1,599.11,87.21
ZA-00015603,1,SKU73807,ZAV00103,3,660.66,81.65
ZA-00015604,1,SKU19451,ZAV00680,2,288.4,40.46
ZA-00015605,1,SKU91352,ZAV00345,1,629.89,114.79
ZA-00015606,1,SKU78230,ZAV00792,1,816.22,169.76
ZA-00015606,2,SKU80335,ZAV00103,1,131.89,111.53
ZA-00015607,1,SKU81077,ZAV00767,1,803.39,145.15
ZA-00015607,2,SKU68778,ZAV00258,1,234.55,71.26
ZA-00015608,1,SKU96383,ZAV00055,1,1272.51,154.3
ZA-00015609,1,SKU99375,ZAV00494,1,200.79,51.96
ZA-00015610,1,SKU27507,ZAV00167,1,941.3,116.99
ZA-00015611,1,SKU75717,ZAV00619,3,311.17,53.25
ZA-00015612,1,SKU16044,ZAV00765,1,530.91,162.89
ZA-00015613,1,SKU61722,ZAV00396,1,426.98,90.44
ZA-00015613,2,SKU40935,ZAV00041,1,304.05,94.5
ZA-00015614,1,SKU84211,ZAV00768,1,388.0,163.83
ZA-00015615,1,SKU22003,ZAV00502,1,201.78,138.88
ZA-00015616,1,SKU82091,ZAV00229,1,345.58,95.31
ZA-00015616,2,SKU68850,ZAV00198,1,93.0,79.41
ZA-00015617,1,SKU15391,ZAV00739,1,393.9,78.09
ZA-00015618,1,SKU20114,ZAV00318,1,741.04,150.73
ZA-00015619,1,SKU11863,ZAV00155,3,401.57,89.63
ZA-00015620,1,SKU39759,ZAV00518,1,334.26,85.19
ZA-00015621,1,SKU47612,ZAV00733,1,971.23,76.36
ZA-00015621,2,SKU26993,ZAV00705,1,247.93,168.22
ZA-00015622,1,SKU48543,ZAV00692,1,608.89,43.49
ZA-00015623,1,SKU79348,ZAV00319,2,1482.42,91.28
ZA-00015624,1,SKU95695,ZAV00337,1,143.53,139.4
ZA-00015625,1,SKU68955,ZAV00328,1,1097.97,111.83
ZA-00015625,2,SKU44806,ZAV00404,1,1098.21,172.73
ZA-00015626,1,SKU32781,ZAV00332,1,505.69,83.12
ZA-00015626,2,SKU91101,ZAV00313,1,231.55,157.64
ZA-00015627,1,SKU51257,ZAV00691,1,235.01,116.97
ZA-00015628,1,SKU96172,ZAV00529,1,90.28,65.43
ZA-00015629,1,SKU62580,ZAV00575,1,296.34,78.22
ZA-00015630,1,SKU65344,ZAV00271,1,44.17,93.87
ZA-00015630,2,SKU25850,ZAV00585,1,2963.23,169.46
ZA-00015631,1,SKU43325,ZAV00312,1,540.4,57.32
ZA-00015632,1,SKU82143,ZAV00096,2,503.17,36.42
ZA-00015633,1,SKU37361,ZAV00175,1,1526.3,52.98
ZA-00015634,1,SKU96474,ZAV00372,1,2013.42,70.9
ZA-00015634,2,SKU87830,ZAV00618,1,261.25,165.86
ZA-00015635,1,SKU77949,ZAV00496,2,130.89,172.66
ZA-00015636,1,SKU50612,ZAV00708,1,2465.43,137.91
ZA-00015637,1,SKU42253,ZAV00690,1,1914.06,159.49
ZA-00015638,1,SKU78964,ZAV00298,1,1568.36,126.89
ZA-00015639,1,SKU66458,ZAV00275,1,261.6,145.22
ZA-00015640,1,SKU52062,ZAV00519,1,1414.73,86.63
ZA-00015641,1,SKU75323,ZAV00267,1,1992.45,171.39
ZA-00015642,1,SKU55972,ZAV00180,1,638.73,52.52
ZA-00015642,2,SKU48473,ZAV00056,1,940.17,83.06
ZA-00015643,1,SKU85359,ZAV00183,1,774.7,176.85
ZA-00015644,1,SKU94485,ZAV00081,2,943.65,148.01
ZA-00015644,2,SKU30764,ZAV00323,1,389.64,51.63
ZA-00015645,1,SKU89348,ZAV00014,1,269.49,82.11
ZA-00015645,2,SKU26933,ZAV00703,1,775.64,83.39
ZA-00015645,3,SKU12087,ZAV00416,1,246.87,55.34
ZA-00015646,1,SKU51278,ZAV00684,2,3645.8,171.08
ZA-00015647,1,SKU35182,ZAV00171,1,110.6,57.69
ZA-00015648,1,SKU10853,ZAV00096,1,452.1,153.21
ZA-00015649,1,SKU53568,ZAV00701,1,413.34,41.2
ZA-00015649,2,SKU52323,ZAV00131,1,202.48,57.89
ZA-00015650,1,SKU53620,ZAV00452,1,747.54,158.35
ZA-00015651,1,SKU14216,ZAV00416,1,333.05,125.66
ZA-00015651,2,SKU72226,ZAV00382,1,899.0,41.29
ZA-00015652,1,SKU85093,ZAV00189,1,1976.19,152.29
ZA-00015652,2,SKU33585,ZAV00208,2,296.85,165.87
ZA-00015652,3,SKU60489,ZAV00474,1,447.54,60.21
ZA-00015653,1,SKU37547,ZAV00259,1,813.92,124.47
ZA-00015654,1,SKU38113,ZAV00586,1,199.39,165.45
ZA-00015654,2,SKU90056,ZAV00213,2,96.87,54.17
ZA-00015655,1,SKU60933,ZAV00327,1,698.5,68.22
ZA-00015656,1,SKU16815,ZAV00160,1,390.17,116.19
ZA-00015657,1,SKU27136,ZAV00431,1,921.84,106.78
ZA-00015658,1,SKU24359,ZAV00323,1,1063.21,166.23
ZA-00015659,1,SKU92354,ZAV00371,1,1648.17,150.39
ZA-00015660,1,SKU17023,ZAV00022,1,52.52,148.14
ZA-00015661,1,SKU69310,ZAV00616,1,1865.55,35.98
ZA-00015662,1,SKU66156,ZAV00722,1,6404.41,59.39
ZA-00015663,1,SKU83511,ZAV00230,2,784.91,55.67
ZA-00015664,1,SKU38722,ZAV00404,1,528.6,80.86
ZA-00015665,1,SKU75174,ZAV00566,2,213.62,149.14
ZA-00015666,1,SKU85733,ZAV00089,2,1241.76,97.52
ZA-00015667,1,SKU96652,ZAV00782,1,423.28,163.82
ZA-00015668,1,SKU25846,ZAV00146,1,1751.18,150.9
ZA-00015669,1,SKU18450,ZAV00463,1,863.29,122.51
ZA-00015670,1,SKU59771,ZAV00197,1,303.51,111.25
ZA-00015670,2,SKU71752,ZAV00776,1,1325.1,139.03
ZA-00015670,3,SKU16760,ZAV00005,1,248.69,46.56
ZA-00015671,1,SKU52408,ZAV00635,3,576.73,75.34
ZA-00015671,2,SKU61500,ZAV00193,1,178.54,124.0
ZA-00015671,3,SKU67465,ZAV00590,1,908.22,173.29
ZA-00015672,1,SKU84127,ZAV00495,1,394.76,173.4
ZA-00015673,1,SKU24920,ZAV00587,1,241.52,137.04
ZA-00015673,2,SKU29271,ZAV00392,1,1724.74,178.46
ZA-00015674,1,SKU82006,ZAV00128,1,321.11,110.04
ZA-00015675,1,SKU87834,ZAV00767,1,1362.25,146.65
ZA-00015675,2,SKU50000,ZAV00140,1,404.7,42.71
ZA-00015676,1,SKU60681,ZAV00097,1,734.9,175.03
ZA-00015677,1,SKU15314,ZAV00150,1,177.48,94.74
ZA-00015678,1,SKU96000,ZAV00504,1,650.0,55.86
ZA-00015678,2,SKU65634,ZAV00746,1,234.09,84.86
ZA-00015679,1,SKU29380,ZAV00455,1,975.33,131.65
ZA-00015679,2,SKU97205,ZAV00707,1,121.77,66.21
ZA-00015679,3,SKU25171,ZAV00424,2,589.13,37.52
ZA-00015680,1,SKU11350,ZAV00234,1,1019.69,95.23
ZA-00015681,1,SKU71448,ZAV00034,1,6032.09,109.34
ZA-00015682,1,SKU23691,ZAV00438,2,1520.94,135.68
ZA-00015683,1,SKU11037,ZAV00332,3,391.54,46.95
ZA-00015684,1,SKU78100,ZAV00229,1,1678.11,78.19
ZA-00015685,1,SKU22802,ZAV00126,1,1806.52,72.31
ZA-00015686,1,SKU52627,ZAV00223,1,717.93,145.89
ZA-00015687,1,SKU72959,ZAV00266,1,310.18,44.69
ZA-00015688,1,SKU50472,ZAV00093,1,120.14,130.66
ZA-00015688,2,SKU20328,ZAV00642,1,1261.85,153.89
ZA-00015689,1,SKU25835,ZAV00570,1,73.28,86.37
ZA-00015689,2,SKU87463,ZAV00044,1,406.71,86.8
ZA-00015689,3,SKU72882,ZAV00213,1,140.39,61.62
ZA-00015690,1,SKU10673,ZAV00037,1,178.57,87.85
ZA-00015690,2,SKU59735,ZAV00591,1,753.31,129.09
ZA-00015691,1,SKU21316,ZAV00502,1,432.16,116.85
ZA-00015692,1,SKU85601,ZAV00700,1,121.4,113.61
ZA-00015693,1,SKU40376,ZAV00229,1,314.4,74.63
ZA-00015693,2,SKU20853,ZAV00681,1,385.27,169.39
ZA-00015694,1,SKU25901,ZAV00545,1,977.73,127.86
ZA-00015695,1,SKU33680,ZAV00630,1,791.64,107.31
ZA-00015696,1,SKU95951,ZAV00266,1,96.1,40.53
ZA-00015697,1,SKU50050,ZAV00075,1,172.14,148.52
ZA-00015697,2,SKU55711,ZAV00782,1,707.08,132.84
ZA-00015698,1,SKU76052,ZAV00390,1,650.34,94.69
ZA-00015699,1,SKU91881,ZAV00257,1,820.51,148.38
ZA-00015700,1,SKU35733,ZAV00721,1,186.29,129.0
ZA-00015701,1,SKU65261,ZAV00054,1,142.74,50.11
ZA-00015702,1,SKU56595,ZAV00049,1,1247.33,55.61
ZA-00015703,1,SKU33919,ZAV00412,2,647.85,137.54
ZA-00015704,1,SKU43291,ZAV00255,1,958.04,170.21
ZA-00015705,1,SKU16234,ZAV00785,1,271.11,73.0
ZA-00015706,1,SKU64472,ZAV00161,1,163.74,70.83
ZA-00015707,1,SKU48359,ZAV00203,1,434.4,56.31
ZA-00015708,1,SKU40197,ZAV00241,1,1218.61,100.81
ZA-00015709,1,SKU42190,ZAV00301,1,390.38,126.07
ZA-00015710,1,SKU53044,ZAV00259,1,58.11,165.72
ZA-00015710,2,SKU90044,ZAV00353,2,244.42,113.16
ZA-00015711,1,SKU18817,ZAV00246,1,1340.45,54.85
ZA-00015712,1,SKU12364,ZAV00027,1,1898.91,175.19
ZA-00015713,1,SKU84031,ZAV00071,1,94.42,159.2
ZA-00015714,1,SKU54707,ZAV00404,1,1420.18,89.76
ZA-00015715,1,SKU95294,ZAV00444,1,99.81,37.6
ZA-00015716,1,SKU16072,ZAV00643,1,323.39,37.78
ZA-00015717,1,SKU83990,ZAV00078,1,142.0,118.82
ZA-00015717,2,SKU22183,ZAV00536,1,358.33,94.57
ZA-00015718,1,SKU67481,ZAV00500,1,201.81,59.4
ZA-00015719,1,SKU59778,ZAV00783,2,3157.08,88.71
ZA-00015720,1,SKU44212,ZAV00023,1,295.18,154.21
ZA-00015721,1,SKU47586,ZAV00797,1,662.57,89.99
ZA-00015722,1,SKU32976,ZAV00475,3,226.56,145.18
ZA-00015722,2,SKU64611,ZAV00675,2,1157.12,46.66
ZA-00015723,1,SKU35133,ZAV00040,2,237.07,151.84
ZA-00015724,1,SKU64318,ZAV00112,2,462.78,129.93
ZA-00015725,1,SKU21935,ZAV00424,1,863.52,82.61
ZA-00015725,2,SKU99110,ZAV00622,1,1134.31,69.69
ZA-00015726,1,SKU60005,ZAV00714,2,371.77,83.93
ZA-00015726,2,SKU49435,ZAV00130,1,682.69,36.96
ZA-00015727,1,SKU25540,ZAV00230,1,248.51,127.53
ZA-00015728,1,SKU27393,ZAV00506,1,100.34,149.33
ZA-00015729,1,SKU53904,ZAV00500,2,807.04,49.86
ZA-00015729,2,SKU47405,ZAV00028,1,516.63,76.55
ZA-00015730,1,SKU60100,ZAV00619,1,607.11,91.43
ZA-00015731,1,SKU78725,ZAV00458,2,525.84,53.87
ZA-00015732,1,SKU65756,ZAV00262,1,295.02,50.67
ZA-00015732,2,SKU29849,ZAV00581,1,1470.61,157.0
ZA-00015733,1,SKU50289,ZAV00621,1,285.43,145.14
ZA-00015734,1,SKU81470,ZAV00177,1,304.23,47.39
ZA-00015735,1,SKU18939,ZAV00053,2,858.84,176.56
ZA-00015736,1,SKU24692,ZAV00191,1,1361.49,160.39
ZA-00015737,1,SKU65575,ZAV00260,1,86.67,79.94
ZA-00015738,1,SKU10532,ZAV00229,1,422.9,38.58
ZA-00015739,1,SKU40234,ZAV00675,1,234.86,80.61
ZA-00015740,1,SKU98517,ZAV00026,1,830.15,35.26
ZA-00015741,1,SKU40026,ZAV00364,2,982.1,72.65
ZA-00015742,1,SKU59523,ZAV00708,1,558.0,146.39
ZA-00015743,1,SKU68191,ZAV00269,1,1229.3,169.01
ZA-00015743,2,SKU89947,ZAV00575,1,170.02,91.92
ZA-00015743,3,SKU39936,ZAV00069,1,389.55,177.54
ZA-00015744,1,SKU32712,ZAV00581,1,299.52,57.96
ZA-00015745,1,SKU67595,ZAV00786,2,937.72,170.53
ZA-00015746,1,SKU97140,ZAV00276,1,319.83,62.0
ZA-00015747,1,SKU82615,ZAV00159,1,307.21,66.11
ZA-00015748,1,SKU56889,ZAV00432,1,901.24,135.08
ZA-00015749,1,SKU25966,ZAV00767,2,789.29,153.17
ZA-00015750,1,SKU80594,ZAV00178,3,365.34,170.3
ZA-00015751,1,SKU28935,ZAV00598,1,119.33,129.15
ZA-00015752,1,SKU70991,ZAV00128,1,232.46,138.69
ZA-00015753,1,SKU90003,ZAV00282,1,569.06,131.27
ZA-00015754,1,SKU36166,ZAV00698,1,708.28,176.65
ZA-00015755,1,SKU90975,ZAV00393,1,108.79,161.49
ZA-00015756,1,SKU23422,ZAV00648,1,711.67,138.3
ZA-00015757,1,SKU25293,ZAV00066,1,466.73,167.98
ZA-00015757,2,SKU19642,ZAV00169,1,362.04,120.54
ZA-00015758,1,SKU26052,ZAV00200,1,1583.59,99.0
ZA-00015758,2,SKU53864,ZAV00251,1,195.42,115.79
ZA-00015758,3,SKU66608,ZAV00740,1,1019.82,85.53
ZA-00015759,1,SKU59415,ZAV00113,1,2546.06,48.84
ZA-00015759,2,SKU59619,ZAV00414,1,167.75,38.83
ZA-00015760,1,SKU42030,ZAV00621,1,488.68,139.76
ZA-00015760,2,SKU57791,ZAV00595,1,930.86,51.3
ZA-00015760,3,SKU64834,ZAV00624,2,1139.74,109.84
ZA-00015761,1,SKU30857,ZAV00097,1,980.18,94.82
ZA-00015762,1,SKU33476,ZAV00289,2,266.19,57.28
ZA-00015763,1,SKU72042,ZAV00293,1,563.38,135.26
ZA-00015763,2,SKU91016,ZAV00274,1,976.47,157.2
ZA-00015764,1,SKU38964,ZAV00303,1,288.47,58.68
ZA-00015765,1,SKU57592,ZAV00323,1,438.93,53.95
ZA-00015766,1,SKU13498,ZAV00367,1,1911.69,83.25
ZA-00015767,1,SKU51689,ZAV00170,1,1219.15,134.49
ZA-00015767,2,SKU27759,ZAV00064,2,1875.02,68.36
ZA-00015768,1,SKU85320,ZAV00301,1,722.79,125.02
ZA-00015769,1,SKU43557,ZAV00350,1,51.22,83.98
ZA-00015770,1,SKU43646,ZAV00295,1,570.03,51.57
ZA-00015771,1,SKU85477,ZAV00078,1,680.95,42.14
ZA-00015772,1,SKU63602,ZAV00058,1,42.65,168.08
ZA-00015773,1,SKU84567,ZAV00422,1,651.75,69.5
ZA-00015774,1,SKU21373,ZAV00259,1,144.32,53.85
ZA-00015775,1,SKU14894,ZAV00507,1,599.46,102.87
ZA-00015776,1,SKU76413,ZAV00740,1,212.26,133.24
ZA-00015777,1,SKU72761,ZAV00352,2,186.0,49.96
ZA-00015778,1,SKU53868,ZAV00149,1,194.7,62.45
ZA-00015778,2,SKU60651,ZAV00204,1,362.36,76.25
ZA-00015779,1,SKU27055,ZAV00083,1,211.95,125.86
ZA-00015780,1,SKU88408,ZAV00216,1,1901.69,61.6
ZA-00015781,1,SKU86007,ZAV00565,1,136.51,47.36
ZA-00015782,1,SKU13606,ZAV00134,1,368.06,106.44
ZA-00015783,1,SKU68632,ZAV00623,1,353.42,127.26
ZA-00015784,1,SKU10300,ZAV00280,1,2116.97,59.91
ZA-00015784,2,SKU64660,ZAV00326,1,145.8,104.3
ZA-00015785,1,SKU57068,ZAV00391,1,2763.4,121.64
ZA-00015786,1,SKU96620,ZAV00326,1,1395.33,106.74
ZA-00015786,2,SKU97391,ZAV00486,1,875.7,89.03
ZA-00015787,1,SKU62498,ZAV00202,1,371.77,79.36
ZA-00015788,1,SKU83184,ZAV00800,1,93.12,92.01
ZA-00015789,1,SKU62623,ZAV00171,1,326.52,177.79
ZA-00015790,1,SKU76555,ZAV00503,1,649.77,49.09
ZA-00015791,1,SKU56186,ZAV00044,3,581.85,67.88
ZA-00015791,2,SKU52661,ZAV00780,2,675.6,141.55
ZA-00015791,3,SKU82073,ZAV00051,1,1214.83,64.28
ZA-00015792,1,SKU82868,ZAV00633,1,311.46,44.83
ZA-00015793,1,SKU85779,ZAV00435,2,291.47,59.3
ZA-00015794,1,SKU26731,ZAV00163,1,2029.1,143.22
ZA-00015794,2,SKU69425,ZAV00431,1,251.77,79.1
ZA-00015795,1,SKU20317,ZAV00089,1,1483.41,69.78
ZA-00015796,1,SKU58881,ZAV00389,1,952.27,105.23
ZA-00015797,1,SKU12867,ZAV00587,1,3309.11,125.31
ZA-00015798,1,SKU47618,ZAV00217,1,1057.12,99.8
ZA-00015799,1,SKU85287,ZAV00740,1,1083.71,83.18
ZA-00015800,1,SKU26872,ZAV00517,1,144.67,154.31
ZA-00015800,2,SKU70856,ZAV00006,1,506.34,64.26
ZA-00015800,3,SKU11527,ZAV00108,1,904.83,109.01
ZA-00015801,1,SKU16973,ZAV00583,1,1242.49,172.1
ZA-00015802,1,SKU39848,ZAV00200,2,1717.96,102.75
ZA-00015802,2,SKU36838,ZAV00715,1,472.13,65.27
ZA-00015803,1,SKU39330,ZAV00365,1,796.8,65.78
ZA-00015804,1,SKU63684,ZAV00382,2,429.9,96.48
ZA-00015805,1,SKU78674,ZAV00343,1,1621.01,126.68
ZA-00015806,1,SKU53825,ZAV00673,1,850.92,100.1
ZA-00015807,1,SKU46533,ZAV00718,1,659.6,178.01
ZA-00015808,1,SKU89333,ZAV00366,1,368.5,47.63
ZA-00015808,2,SKU20787,ZAV00556,1,182.71,137.07
ZA-00015809,1,SKU84688,ZAV00064,1,654.72,136.11
ZA-00015810,1,SKU57697,ZAV00774,3,464.78,71.97
ZA-00015811,1,SKU86565,ZAV00182,1,524.9,52.15
ZA-00015812,1,SKU67294,ZAV00629,1,64.36,111.6
ZA-00015813,1,SKU11283,ZAV00684,2,648.47,54.37
ZA-00015814,1,SKU32490,ZAV00184,2,291.92,113.03
ZA-00015815,1,SKU75343,ZAV00774,1,1218.22,112.94
ZA-00015815,2,SKU44708,ZAV00059,1,459.95,178.91
ZA-00015815,3,SKU47970,ZAV00225,1,234.4,59.23
ZA-00015816,1,SKU12028,ZAV00089,1,246.08,176.28
ZA-00015817,1,SKU29207,ZAV00695,1,934.57,144.8
ZA-00015818,1,SKU96855,ZAV00255,1,884.5,50.01
ZA-00015819,1,SKU14540,ZAV00143,1,268.38,138.19
ZA-00015820,1,SKU22068,ZAV00547,1,714.98,61.9
ZA-00015820,2,SKU41522,ZAV00465,1,176.08,86.87
ZA-00015820,3,SKU14005,ZAV00050,1,143.91,70.26
ZA-00015821,1,SKU88718,ZAV00755,1,934.93,124.52
ZA-00015821,2,SKU66081,ZAV00323,1,447.17,159.02
ZA-00015822,1,SKU32595,ZAV00350,1,152.61,66.78
ZA-00015823,1,SKU74476,ZAV00389,1,1252.33,68.37
ZA-00015824,1,SKU80700,ZAV00304,1,1726.84,127.64
ZA-00015825,1,SKU79699,ZAV00195,1,1132.66,61.47
ZA-00015826,1,SKU18353,ZAV00341,1,1026.09,166.57
ZA-00015827,1,SKU17167,ZAV00392,1,1437.85,93.16
ZA-00015828,1,SKU31399,ZAV00212,1,388.07,145.7
ZA-00015829,1,SKU13288,ZAV00662,1,437.5,61.45
ZA-00015830,1,SKU13118,ZAV00747,1,953.1,69.47
ZA-00015831,1,SKU11359,ZAV00020,1,349.47,83.14
ZA-00015832,1,SKU24810,ZAV00071,1,77.66,155.36
ZA-00015833,1,SKU55847,ZAV00161,1,728.29,100.04
ZA-00015834,1,SKU99346,ZAV00425,1,187.39,110.29
ZA-00015834,2,SKU66864,ZAV00201,1,1366.78,113.06
ZA-00015835,1,SKU61270,ZAV00292,1,246.99,46.93
ZA-00015836,1,SKU18453,ZAV00322,1,419.77,59.78
ZA-00015836,2,SKU36960,ZAV00443,1,2070.0,109.77
ZA-00015837,1,SKU32247,ZAV00626,1,275.09,101.62
ZA-00015838,1,SKU12402,ZAV00014,1,1094.81,124.25
ZA-00015838,2,SKU24804,ZAV00775,1,138.86,96.25
ZA-00015838,3,SKU53342,ZAV00348,1,277.06,56.98
ZA-00015839,1,SKU46160,ZAV00699,1,725.45,151.25
ZA-00015839,2,SKU54020,ZAV00085,1,250.35,139.35
ZA-00015839,3,SKU32888,ZAV00553,1,567.6,168.54
ZA-00015840,1,SKU40010,ZAV00436,1,127.54,41.1
ZA-00015841,1,SKU58377,ZAV00229,1,657.49,148.06
ZA-00015842,1,SKU56321,ZAV00525,1,76.89,98.19
ZA-00015843,1,SKU77865,ZAV00655,1,764.66,109.71
ZA-00015843,2,SKU43761,ZAV00131,1,355.49,160.75
ZA-00015844,1,SKU11121,ZAV00505,1,294.41,125.0
ZA-00015845,1,SKU38521,ZAV00769,1,487.19,62.88
ZA-00015846,1,SKU15818,ZAV00599,1,1847.89,137.87
ZA-00015847,1,SKU23861,ZAV00435,1,347.04,43.21
ZA-00015848,1,SKU18915,ZAV00117,1,1029.49,160.35
ZA-00015849,1,SKU85853,ZAV00217,2,295.63,48.2
ZA-00015850,1,SKU96212,ZAV00378,1,211.97,56.08
ZA-00015851,1,SKU25542,ZAV00240,1,130.74,117.51
ZA-00015851,2,SKU32769,ZAV00391,1,1657.56,132.89
ZA-00015852,1,SKU77430,ZAV00023,2,367.73,169.68
ZA-00015853,1,SKU97952,ZAV00256,1,248.57,143.54
ZA-00015854,1,SKU51652,ZAV00374,1,272.0,145.42
ZA-00015854,2,SKU51746,ZAV00031,1,194.58,142.8
ZA-00015854,3,SKU94367,ZAV00262,1,410.64,106.1
ZA-00015855,1,SKU71447,ZAV00288,1,321.11,172.45
ZA-00015856,1,SKU55997,ZAV00783,1,439.41,55.36
ZA-00015857,1,SKU36094,ZAV00502,1,1702.75,45.02
ZA-00015858,1,SKU53485,ZAV00352,1,564.38,61.82
ZA-00015859,1,SKU48663,ZAV00405,1,614.94,138.35
ZA-00015860,1,SKU20287,ZAV00742,1,557.8,88.55
ZA-00015861,1,SKU46265,ZAV00660,2,872.9,178.11
ZA-00015862,1,SKU41664,ZAV00662,1,1599.6,91.35
ZA-00015863,1,SKU27142,ZAV00619,1,312.27,175.53
ZA-00015864,1,SKU51650,ZAV00593,1,582.79,96.79
ZA-00015865,1,SKU69602,ZAV00429,1,1304.17,104.01
ZA-00015866,1,SKU13241,ZAV00487,1,1698.63,112.07
ZA-00015867,1,SKU73093,ZAV00419,1,389.29,176.66
ZA-00015868,1,SKU92681,ZAV00287,1,1281.69,176.75
ZA-00015869,1,SKU13093,ZAV00318,1,1668.99,138.06
ZA-00015870,1,SKU78951,ZAV00068,1,128.33,118.99
ZA-00015871,1,SKU86891,ZAV00357,1,318.9,64.39
ZA-00015872,1,SKU29995,ZAV00458,1,334.63,178.85
ZA-00015873,1,SKU11543,ZAV00502,1,340.14,163.91
ZA-00015874,1,SKU13178,ZAV00410,1,372.47,51.77
ZA-00015875,1,SKU30475,ZAV00696,1,811.14,101.54
ZA-00015876,1,SKU12463,ZAV00658,1,448.85,45.79
ZA-00015876,2,SKU89599,ZAV00083,1,1067.26,139.45
ZA-00015877,1,SKU24328,ZAV00644,1,461.31,77.74
ZA-00015878,1,SKU73083,ZAV00446,1,397.42,146.06
ZA-00015878,2,SKU26575,ZAV00705,1,1653.13,91.14
ZA-00015879,1,SKU85338,ZAV00467,1,180.11,95.53
ZA-00015880,1,SKU87763,ZAV00419,2,239.8,73.32
ZA-00015881,1,SKU40530,ZAV00649,1,3866.14,152.98
ZA-00015881,2,SKU65868,ZAV00061,1,347.51,55.65
ZA-00015881,3,SKU59600,ZAV00412,3,94.14,102.69
ZA-00015882,1,SKU76101,ZAV00630,1,98.14,177.45
ZA-00015883,1,SKU81005,ZAV00504,1,280.08,94.66
ZA-00015884,1,SKU34796,ZAV00042,1,215.34,35.3
ZA-00015885,1,SKU75121,ZAV00667,1,176.35,52.39
ZA-00015886,1,SKU74110,ZAV00008,1,790.04,145.74
ZA-00015887,1,SKU82182,ZAV00133,1,506.64,44.44
ZA-00015888,1,SKU79932,ZAV00287,2,325.43,83.58
ZA-00015889,1,SKU21536,ZAV00242,1,359.3,124.06
ZA-00015890,1,SKU30956,ZAV00306,1,181.19,69.33
ZA-00015891,1,SKU88605,ZAV00738,1,1017.83,104.53
ZA-00015892,1,SKU76561,ZAV00724,1,465.9,49.94
ZA-00015893,1,SKU24649,ZAV00372,1,603.42,148.76
ZA-00015894,1,SKU56945,ZAV00598,2,1155.91,57.51
ZA-00015895,1,SKU43301,ZAV00759,2,30.01,65.72
ZA-00015896,1,SKU28478,ZAV00549,1,66.56,44.23
ZA-00015897,1,SKU82546,ZAV00397,2,383.72,58.22
ZA-00015897,2,SKU44138,ZAV00012,1,561.09,42.55
ZA-00015898,1,SKU29543,ZAV00059,2,369.11,119.92
ZA-00015898,2,SKU76148,ZAV00696,2,312.92,57.48
ZA-00015899,1,SKU27109,ZAV00530,1,157.83,68.63
ZA-00015900,1,SKU94286,ZAV00378,1,264.37,62.82
ZA-00015901,1,SKU65627,ZAV00286,1,586.81,41.95
ZA-00015902,1,SKU94416,ZAV00119,1,826.71,43.27
ZA-00015902,2,SKU84209,ZAV00673,1,1779.51,172.25
ZA-00015902,3,SKU63234,ZAV00636,1,388.88,162.88
ZA-00015903,1,SKU52479,ZAV00332,1,460.62,146.16
ZA-00015904,1,SKU62494,ZAV00047,1,117.72,174.24
ZA-00015905,1,SKU30820,ZAV00689,1,251.37,121.02
ZA-00015906,1,SKU42960,ZAV00268,1,305.74,135.91
ZA-00015907,1,SKU60374,ZAV00169,1,396.41,131.68
ZA-00015908,1,SKU35990,ZAV00090,1,521.17,98.97
ZA-00015909,1,SKU68331,ZAV00768,1,556.6,35.97
ZA-00015910,1,SKU13587,ZAV00513,1,398.72,110.35
ZA-00015910,2,SKU23058,ZAV00015,1,165.23,73.71
ZA-00015911,1,SKU41493,ZAV00227,1,256.83,39.59
ZA-00015911,2,SKU78300,ZAV00321,1,186.86,151.72
ZA-00015912,1,SKU19867,ZAV00101,1,3429.6,120.58
ZA-00015913,1,SKU47987,ZAV00580,1,465.92,155.65
ZA-00015914,1,SKU36261,ZAV00328,1,1223.75,37.15
ZA-00015915,1,SKU11706,ZAV00308,1,333.83,41.94
ZA-00015916,1,SKU49249,ZAV00747,1,186.22,89.09
ZA-00015916,2,SKU12166,ZAV00138,2,197.8,127.81
ZA-00015917,1,SKU66677,ZAV00457,1,385.69,125.92
ZA-00015918,1,SKU66096,ZAV00315,1,912.41,59.62
ZA-00015919,1,SKU48047,ZAV00173,1,256.83,67.79
ZA-00015920,1,SKU66329,ZAV00228,1,989.08,143.24
ZA-00015921,1,SKU78523,ZAV00248,1,142.08,72.67
ZA-00015922,1,SKU55556,ZAV00282,1,254.27,123.23
ZA-00015922,2,SKU38608,ZAV00295,1,278.54,115.45
ZA-00015923,1,SKU84452,ZAV00371,1,948.24,165.82
ZA-00015924,1,SKU42158,ZAV00771,1,2746.98,64.05
ZA-00015925,1,SKU68745,ZAV00225,1,562.35,80.48
ZA-00015926,1,SKU55741,ZAV00532,1,747.03,128.47
ZA-00015927,1,SKU90222,ZAV00765,1,275.05,83.48
ZA-00015928,1,SKU99445,ZAV00600,1,415.65,125.67
ZA-00015929,1,SKU47192,ZAV00529,2,171.06,40.22
ZA-00015929,2,SKU65231,ZAV00233,1,585.37,103.08
ZA-00015930,1,SKU61787,ZAV00014,2,800.5,88.73
ZA-00015931,1,SKU44699,ZAV00543,1,428.97,176.28
ZA-00015931,2,SKU51650,ZAV00593,1,762.11,149.33
ZA-00015932,1,SKU99957,ZAV00257,1,1330.63,78.13
ZA-00015933,1,SKU70320,ZAV00192,1,1012.12,43.71
ZA-00015934,1,SKU40847,ZAV00464,1,448.28,93.34
ZA-00015935,1,SKU92522,ZAV00035,1,680.95,70.3
ZA-00015935,2,SKU56134,ZAV00415,1,1125.74,123.08
ZA-00015936,1,SKU53450,ZAV00789,1,620.22,80.69
ZA-00015936,2,SKU50720,ZAV00800,1,148.06,64.84
ZA-00015937,1,SKU47131,ZAV00098,1,697.37,155.29
ZA-00015938,1,SKU19219,ZAV00690,1,493.92,45.12
ZA-00015939,1,SKU68296,ZAV00637,1,60.31,170.22
ZA-00015940,1,SKU15531,ZAV00764,1,492.42,59.46
ZA-00015941,1,SKU16953,ZAV00492,1,571.41,103.42
ZA-00015942,1,SKU75021,ZAV00144,1,276.62,118.59
ZA-00015943,1,SKU62990,ZAV00499,1,1484.45,160.41
ZA-00015944,1,SKU69105,ZAV00249,2,1019.36,89.69
ZA-00015945,1,SKU22765,ZAV00641,2,333.75,158.38
ZA-00015946,1,SKU67184,ZAV00729,2,239.75,123.97
ZA-00015947,1,SKU83491,ZAV00719,1,288.22,73.61
ZA-00015948,1,SKU27461,ZAV00073,1,233.68,58.48
ZA-00015949,1,SKU82510,ZAV00581,1,1201.37,92.04
ZA-00015950,1,SKU12239,ZAV00798,1,1074.47,178.51
ZA-00015951,1,SKU45838,ZAV00154,1,77.31,93.24
ZA-00015952,1,SKU61813,ZAV00305,1,757.38,159.81
ZA-00015953,1,SKU76713,ZAV00656,1,2033.41,67.23
ZA-00015954,1,SKU82544,ZAV00715,1,1016.63,76.51
ZA-00015955,1,SKU51737,ZAV00753,1,439.93,48.04
ZA-00015956,1,SKU51473,ZAV00254,1,1209.38,110.57
ZA-00015957,1,SKU67398,ZAV00059,1,966.86,96.7
ZA-00015958,1,SKU89956,ZAV00561,1,155.26,147.55
ZA-00015959,1,SKU19817,ZAV00199,1,163.16,54.35
ZA-00015960,1,SKU93914,ZAV00233,1,844.1,160.97
ZA-00015961,1,SKU42231,ZAV00544,1,385.47,51.63
ZA-00015962,1,SKU45425,ZAV00503,1,2131.21,167.17
ZA-00015963,1,SKU89172,ZAV00398,3,376.37,91.63
ZA-00015963,2,SKU69831,ZAV00095,1,363.83,95.27
ZA-00015964,1,SKU14893,ZAV00311,3,337.85,86.05
ZA-00015965,1,SKU43822,ZAV00095,1,329.38,92.34
ZA-00015965,2,SKU10443,ZAV00562,1,316.17,131.19
ZA-00015966,1,SKU43170,ZAV00247,1,688.52,155.48
ZA-00015967,1,SKU55391,ZAV00195,3,653.32,85.42
ZA-00015967,2,SKU70640,ZAV00465,3,136.24,111.72
ZA-00015968,1,SKU98757,ZAV00177,1,668.74,73.14
ZA-00015969,1,SKU84567,ZAV00705,1,536.62,117.72
ZA-00015970,1,SKU67267,ZAV00413,1,111.89,75.93
ZA-00015971,1,SKU36017,ZAV00380,1,108.55,91.64
ZA-00015972,1,SKU84156,ZAV00139,1,293.99,70.56
ZA-00015973,1,SKU65865,ZAV00479,2,264.65,139.29
ZA-00015974,1,SKU88095,ZAV00222,2,113.91,105.06
ZA-00015974,2,SKU56980,ZAV00651,1,421.79,73.56
ZA-00015975,1,SKU68888,ZAV00182,1,95.53,62.27
ZA-00015976,1,SKU29948,ZAV00702,2,782.68,177.72
ZA-00015977,1,SKU53349,ZAV00393,1,560.32,133.16
ZA-00015977,2,SKU39612,ZAV00337,3,2051.34,113.32
ZA-00015978,1,SKU23999,ZAV00150,1,429.21,76.65
ZA-00015979,1,SKU59422,ZAV00306,3,108.36,70.07
ZA-00015980,1,SKU12864,ZAV00780,1,190.09,98.1
ZA-00015981,1,SKU54234,ZAV00145,1,461.67,38.86
ZA-00015982,1,SKU80162,ZAV00701,1,205.64,100.57
ZA-00015983,1,SKU56026,ZAV00116,1,292.77,169.75
ZA-00015984,1,SKU80915,ZAV00698,1,791.76,126.92
ZA-00015985,1,SKU45263,ZAV00038,1,249.63,120.99
ZA-00015986,1,SKU38968,ZAV00405,1,1476.88,83.48
ZA-00015987,1,SKU72607,ZAV00411,1,1007.15,90.96
ZA-00015987,2,SKU94191,ZAV00205,1,851.25,179.73
ZA-00015988,1,SKU42268,ZAV00539,1,242.03,125.47
ZA-00015989,1,SKU33569,ZAV00287,1,1211.52,144.93
ZA-00015990,1,SKU17754,ZAV00563,1,1371.09,122.3
ZA-00015991,1,SKU17937,ZAV00116,1,318.49,115.73
ZA-00015991,2,SKU37277,ZAV00536,1,3150.82,61.88
ZA-00015992,1,SKU61886,ZAV00730,1,1681.82,73.9
ZA-00015992,2,SKU29150,ZAV00474,1,731.85,136.57
ZA-00015992,3,SKU77582,ZAV00616,1,1135.56,120.06
ZA-00015993,1,SKU15801,ZAV00010,1,186.96,88.44
ZA-00015994,1,SKU55206,ZAV00247,1,133.98,55.89
ZA-00015995,1,SKU87914,ZAV00484,1,330.48,142.55
ZA-00015995,2,SKU28933,ZAV00191,1,1040.78,158.98
ZA-00015996,1,SKU24251,ZAV00066,2,143.43,174.99
ZA-00015997,1,SKU88839,ZAV00089,1,307.7,75.51
ZA-00015998,1,SKU80247,ZAV00063,1,290.75,132.2
ZA-00015999,1,SKU78141,ZAV00624,3,151.99,71.43
ZA-00016000,1,SKU55903,ZAV00072,1,1236.98,171.59
ZA-00016001,1,SKU22226,ZAV00043,1,221.49,72.61
ZA-00016002,1,SKU27529,ZAV00607,1,2390.64,120.39
ZA-00016003,1,SKU76450,ZAV00670,1,1071.7,123.69
ZA-00016004,1,SKU71594,ZAV00234,1,143.05,36.45
ZA-00016005,1,SKU69884,ZAV00483,1,849.1,126.57
ZA-00016006,1,SKU17468,ZAV00662,1,888.5,178.52
ZA-00016006,2,SKU76148,ZAV00453,1,2021.77,86.77
ZA-00016007,1,SKU32954,ZAV00157,1,183.52,88.59
ZA-00016008,1,SKU83800,ZAV00057,1,799.81,107.72
ZA-00016009,1,SKU44402,ZAV00246,1,936.12,140.29
ZA-00016010,1,SKU39898,ZAV00362,1,504.99,78.71
ZA-00016011,1,SKU55972,ZAV00002,1,504.46,101.18
ZA-00016012,1,SKU83862,ZAV00261,2,258.72,134.32
ZA-00016013,1,SKU64987,ZAV00385,1,1627.36,148.77
ZA-00016014,1,SKU42915,ZAV00484,1,510.95,142.83
ZA-00016014,2,SKU72308,ZAV00241,1,1080.19,54.58
ZA-00016014,3,SKU42680,ZAV00148,1,877.01,45.68
ZA-00016015,1,SKU82911,ZAV00771,2,262.87,103.37
ZA-00016016,1,SKU70356,ZAV00509,2,819.65,118.37
ZA-00016017,1,SKU57684,ZAV00043,2,438.7,53.18
ZA-00016018,1,SKU12600,ZAV00591,1,1266.07,60.87
ZA-00016018,2,SKU95483,ZAV00652,1,268.52,163.87
ZA-00016019,1,SKU98202,ZAV00160,1,321.1,130.54
ZA-00016020,1,SKU37201,ZAV00089,1,1932.6,92.63
ZA-00016021,1,SKU41927,ZAV00333,1,398.38,108.77
ZA-00016022,1,SKU67098,ZAV00442,1,259.21,68.45
ZA-00016023,1,SKU41970,ZAV00127,1,234.07,166.43
ZA-00016024,1,SKU52552,ZAV00369,1,1244.8,36.13
ZA-00016025,1,SKU42055,ZAV00763,1,118.3,61.87
ZA-00016026,1,SKU92670,ZAV00202,1,355.91,147.63
ZA-00016026,2,SKU81491,ZAV00582,2,329.42,173.39
ZA-00016027,1,SKU26383,ZAV00434,1,205.3,143.53
ZA-00016028,1,SKU32874,ZAV00135,1,173.19,96.65
ZA-00016029,1,SKU34700,ZAV00440,1,1042.57,90.26
ZA-00016030,1,SKU12142,ZAV00740,3,3467.48,95.56
ZA-00016031,1,SKU26144,ZAV00329,1,800.93,127.02
ZA-00016032,1,SKU59536,ZAV00712,1,187.54,90.43
ZA-00016033,1,SKU62334,ZAV00544,1,752.33,179.43
ZA-00016034,1,SKU54658,ZAV00545,1,152.98,130.38
ZA-00016035,1,SKU73120,ZAV00489,1,2445.1,136.64
ZA-00016036,1,SKU28091,ZAV00490,1,646.84,151.04
ZA-00016037,1,SKU67971,ZAV00354,1,421.96,73.23
ZA-00016038,1,SKU33648,ZAV00295,1,259.65,37.56
ZA-00016039,1,SKU10849,ZAV00008,1,1360.52,121.61
ZA-00016040,1,SKU60737,ZAV00369,1,228.71,68.87
ZA-00016040,2,SKU55575,ZAV00647,1,297.97,115.08
ZA-00016041,1,SKU18799,ZAV00143,1,374.09,85.65
ZA-00016042,1,SKU61615,ZAV00144,1,659.24,170.92
ZA-00016043,1,SKU40904,ZAV00290,1,270.52,61.37
ZA-00016044,1,SKU81607,ZAV00067,1,362.05,176.61
ZA-00016044,2,SKU92389,ZAV00347,1,443.18,156.77
ZA-00016045,1,SKU95237,ZAV00442,1,456.1,148.49
ZA-00016046,1,SKU19246,ZAV00722,1,531.51,94.03
ZA-00016047,1,SKU35446,ZAV00552,3,122.24,117.9
ZA-00016047,2,SKU48601,ZAV00184,1,272.37,164.72
ZA-00016048,1,SKU80413,ZAV00011,1,106.82,69.21
ZA-00016049,1,SKU77158,ZAV00694,1,274.83,112.97
ZA-00016050,1,SKU42055,ZAV00776,1,396.77,93.66
ZA-00016051,1,SKU61890,ZAV00325,2,218.18,59.75
ZA-00016051,2,SKU73556,ZAV00103,1,497.19,99.33
ZA-00016052,1,SKU74399,ZAV00055,1,215.92,109.37
ZA-00016053,1,SKU15947,ZAV00321,1,205.77,68.38
ZA-00016054,1,SKU85712,ZAV00402,1,738.57,98.46
ZA-00016055,1,SKU84490,ZAV00338,1,129.23,119.86
ZA-00016056,1,SKU78440,ZAV00720,1,431.4,68.4
ZA-00016057,1,SKU89660,ZAV00624,1,1586.09,146.98
ZA-00016058,1,SKU88417,ZAV00035,1,621.07,141.2
ZA-00016059,1,SKU83649,ZAV00674,1,1272.71,166.1
ZA-00016059,2,SKU19966,ZAV00305,2,2274.47,114.54
ZA-00016060,1,SKU76821,ZAV00136,2,508.76,179.5
ZA-00016060,2,SKU70522,ZAV00127,1,1236.98,133.18
ZA-00016061,1,SKU57392,ZAV00782,2,489.81,167.34
ZA-00016062,1,SKU10564,ZAV00713,2,806.01,110.76
ZA-00016063,1,SKU34215,ZAV00662,1,893.21,171.19
ZA-00016064,1,SKU61488,ZAV00017,1,751.37,110.84
ZA-00016065,1,SKU75628,ZAV00720,2,1262.48,43.46
ZA-00016066,1,SKU40189,ZAV00770,1,301.27,43.15
ZA-00016067,1,SKU67777,ZAV00307,1,382.55,78.45
ZA-00016068,1,SKU19672,ZAV00133,1,497.83,38.3
ZA-00016069,1,SKU44346,ZAV00036,1,375.55,109.36
ZA-00016070,1,SKU47675,ZAV00462,2,800.04,172.3
ZA-00016070,2,SKU10656,ZAV00630,1,898.82,103.34
ZA-00016071,1,SKU24081,ZAV00128,1,160.43,150.47
ZA-00016072,1,SKU43626,ZAV00543,1,355.38,50.08
ZA-00016073,1,SKU57500,ZAV00182,1,1601.83,57.85
ZA-00016074,1,SKU43251,ZAV00710,1,2274.44,135.41
ZA-00016074,2,SKU50817,ZAV00184,1,559.64,178.53
ZA-00016074,3,SKU42437,ZAV00197,1,334.63,109.86
ZA-00016075,1,SKU66241,ZAV00660,2,258.27,76.75
ZA-00016076,1,SKU36215,ZAV00660,1,506.95,152.67
ZA-00016076,2,SKU85357,ZAV00131,2,438.67,49.66
ZA-00016077,1,SKU56861,ZAV00520,2,726.06,71.45
ZA-00016078,1,SKU48985,ZAV00178,1,2335.44,170.23
ZA-00016079,1,SKU61919,ZAV00494,3,570.73,154.04
ZA-00016080,1,SKU47459,ZAV00188,1,1227.66,142.62
ZA-00016081,1,SKU61996,ZAV00665,1,781.22,51.69
ZA-00016082,1,SKU53467,ZAV00513,1,1184.87,54.01
ZA-00016083,1,SKU99347,ZAV00484,1,393.64,110.95
ZA-00016084,1,SKU34410,ZAV00575,1,644.35,40.7
ZA-00016084,2,SKU69950,ZAV00210,1,487.11,129.23
ZA-00016085,1,SKU81137,ZAV00730,1,1665.17,113.92
ZA-00016086,1,SKU21918,ZAV00377,1,568.95,130.04
ZA-00016087,1,SKU45129,ZAV00041,1,995.79,39.89
ZA-00016088,1,SKU89532,ZAV00257,1,498.91,129.77
ZA-00016089,1,SKU73692,ZAV00424,1,223.6,135.48
ZA-00016090,1,SKU40112,ZAV00144,1,391.87,85.26
ZA-00016091,1,SKU59294,ZAV00533,2,613.0,146.85
ZA-00016092,1,SKU14745,ZAV00645,1,960.75,134.38
ZA-00016093,1,SKU34935,ZAV00472,1,818.47,71.07
ZA-00016094,1,SKU51305,ZAV00173,1,679.56,123.33
ZA-00016095,1,SKU14387,ZAV00022,1,584.97,38.63
ZA-00016096,1,SKU71075,ZAV00064,1,596.89,71.21
ZA-00016097,1,SKU15111,ZAV00336,1,630.87,110.13
ZA-00016098,1,SKU25088,ZAV00730,1,1481.4,111.67
ZA-00016099,1,SKU89123,ZAV00718,1,926.8,105.59
ZA-00016100,1,SKU30531,ZAV00383,1,600.57,90.27
ZA-00016101,1,SKU81721,ZAV00178,1,293.73,49.64
ZA-00016101,2,SKU19099,ZAV00107,1,364.31,35.99
ZA-00016102,1,SKU18943,ZAV00110,1,115.03,176.93
ZA-00016103,1,SKU63599,ZAV00153,1,780.94,37.77
ZA-00016104,1,SKU40094,ZAV00452,1,948.73,117.92
ZA-00016105,1,SKU74123,ZAV00117,1,934.17,144.72
ZA-00016106,1,SKU77837,ZAV00729,2,1203.96,93.61
ZA-00016107,1,SKU37258,ZAV00189,1,1549.75,49.87
ZA-00016107,2,SKU72498,ZAV00318,2,352.97,174.0
ZA-00016108,1,SKU34708,ZAV00388,2,110.08,133.92
ZA-00016108,2,SKU40282,ZAV00711,1,104.8,110.81
ZA-00016109,1,SKU88359,ZAV00739,1,742.14,89.16
ZA-00016109,2,SKU17708,ZAV00118,1,1124.01,63.34
ZA-00016110,1,SKU33631,ZAV00050,1,241.11,74.8
ZA-00016110,2,SKU87713,ZAV00444,1,82.63,68.48
ZA-00016111,1,SKU30474,ZAV00289,2,78.59,71.86
ZA-00016112,1,SKU88852,ZAV00683,1,654.84,77.8
ZA-00016113,1,SKU58836,ZAV00233,1,763.43,139.9
ZA-00016114,1,SKU67905,ZAV00733,1,546.49,43.07
ZA-00016115,1,SKU97481,ZAV00003,1,1393.84,71.85
ZA-00016116,1,SKU27781,ZAV00749,1,1537.53,52.91
ZA-00016117,1,SKU77490,ZAV00097,1,92.38,49.93
ZA-00016118,1,SKU54841,ZAV00596,1,273.98,136.48
ZA-00016119,1,SKU17395,ZAV00523,2,578.91,164.26
ZA-00016119,2,SKU55808,ZAV00760,1,101.42,166.67
ZA-00016120,1,SKU55794,ZAV00305,1,483.78,103.5
ZA-00016121,1,SKU94205,ZAV00243,1,355.51,120.7
ZA-00016122,1,SKU90047,ZAV00506,1,355.81,114.66
ZA-00016123,1,SKU35437,ZAV00339,1,101.79,69.05
ZA-00016124,1,SKU70362,ZAV00275,1,497.58,104.07
ZA-00016124,2,SKU27927,ZAV00171,1,1125.08,155.34
ZA-00016125,1,SKU17467,ZAV00359,1,155.29,88.45
ZA-00016125,2,SKU50888,ZAV00062,1,586.43,103.34
ZA-00016126,1,SKU58152,ZAV00451,1,164.36,146.96
ZA-00016127,1,SKU21992,ZAV00626,1,573.55,134.39
ZA-00016128,1,SKU12486,ZAV00084,1,715.61,50.19
ZA-00016129,1,SKU60911,ZAV00647,1,702.75,94.4
ZA-00016129,2,SKU88836,ZAV00409,3,1336.38,49.47
ZA-00016130,1,SKU23293,ZAV00254,1,414.79,119.28
ZA-00016131,1,SKU69795,ZAV00732,1,821.44,65.66
ZA-00016132,1,SKU15049,ZAV00360,1,965.56,94.3
ZA-00016133,1,SKU73096,ZAV00239,1,311.01,131.68
ZA-00016134,1,SKU78619,ZAV00743,2,1051.41,53.74
ZA-00016135,1,SKU70491,ZAV00432,1,174.53,113.46
ZA-00016136,1,SKU13388,ZAV00748,1,633.51,131.38
ZA-00016137,1,SKU60218,ZAV00031,1,121.5,75.37
ZA-00016137,2,SKU81613,ZAV00170,1,391.51,119.32
ZA-00016138,1,SKU59766,ZAV00326,1,562.13,165.58
ZA-00016139,1,SKU72890,ZAV00677,1,159.87,158.51
ZA-00016140,1,SKU17229,ZAV00131,1,85.18,95.76
ZA-00016140,2,SKU30930,ZAV00276,1,957.02,147.78
ZA-00016141,1,SKU34758,ZAV00402,1,772.26,75.1
ZA-00016142,1,SKU94482,ZAV00339,1,110.47,151.81
ZA-00016143,1,SKU74050,ZAV00602,1,373.27,141.88
ZA-00016144,1,SKU37118,ZAV00687,1,206.88,176.19
ZA-00016145,1,SKU32573,ZAV00369,1,764.35,77.7
ZA-00016146,1,SKU86751,ZAV00329,2,1102.61,35.81
ZA-00016147,1,SKU54977,ZAV00048,1,315.07,153.06
ZA-00016148,1,SKU76716,ZAV00240,1,570.65,126.12
ZA-00016149,1,SKU59860,ZAV00743,1,424.39,69.68
ZA-00016150,1,SKU58619,ZAV00149,1,212.5,89.62
ZA-00016151,1,SKU57304,ZAV00638,1,437.01,172.51
ZA-00016151,2,SKU13162,ZAV00435,1,229.73,60.8
ZA-00016152,1,SKU82345,ZAV00403,1,1264.11,168.72
ZA-00016153,1,SKU84274,ZAV00404,1,76.74,36.39
ZA-00016154,1,SKU35998,ZAV00690,1,645.73,97.82
ZA-00016155,1,SKU64358,ZAV00734,1,139.96,44.49
ZA-00016156,1,SKU15164,ZAV00669,1,374.96,60.01
ZA-00016157,1,SKU26163,ZAV00279,1,352.39,121.87
ZA-00016157,2,SKU88801,ZAV00616,1,89.37,121.17
ZA-00016158,1,SKU93719,ZAV00156,1,218.16,166.52
ZA-00016159,1,SKU39851,ZAV00612,1,254.79,62.82
ZA-00016160,1,SKU26432,ZAV00211,1,232.02,130.34
ZA-00016160,2,SKU28005,ZAV00183,1,229.04,168.97
ZA-00016160,3,SKU42859,ZAV00273,1,244.74,48.44
ZA-00016161,1,SKU92896,ZAV00032,1,539.43,53.98
ZA-00016162,1,SKU37329,ZAV00300,1,1121.33,144.42
ZA-00016163,1,SKU19341,ZAV00197,1,484.92,148.57
ZA-00016163,2,SKU52982,ZAV00108,1,632.99,110.27
ZA-00016164,1,SKU13746,ZAV00769,1,106.04,70.33
ZA-00016164,2,SKU32959,ZAV00397,1,591.17,56.78
ZA-00016165,1,SKU39360,ZAV00629,2,809.88,56.52
ZA-00016166,1,SKU97275,ZAV00397,1,276.88,35.14
ZA-00016167,1,SKU91512,ZAV00589,1,683.47,142.0
ZA-00016168,1,SKU66008,ZAV00507,1,767.72,129.94
ZA-00016169,1,SKU53395,ZAV00319,1,282.52,105.76
ZA-00016170,1,SKU46605,ZAV00123,1,107.01,62.17
ZA-00016171,1,SKU48996,ZAV00579,1,1019.8,129.77
ZA-00016172,1,SKU93836,ZAV00676,2,603.42,151.19
ZA-00016173,1,SKU56998,ZAV00418,1,184.17,157.32
ZA-00016173,2,SKU59706,ZAV00252,1,632.13,129.03
ZA-00016174,1,SKU45857,ZAV00041,1,264.09,98.08
ZA-00016174,2,SKU49401,ZAV00353,1,515.24,90.53
ZA-00016174,3,SKU16987,ZAV00661,1,266.52,173.82
ZA-00016175,1,SKU92948,ZAV00444,1,276.41,135.55
ZA-00016176,1,SKU70590,ZAV00455,1,304.78,60.05
ZA-00016177,1,SKU34236,ZAV00330,1,356.63,102.24
ZA-00016178,1,SKU82086,ZAV00232,2,921.11,94.99
ZA-00016179,1,SKU74672,ZAV00001,1,81.98,151.15
ZA-00016180,1,SKU86163,ZAV00241,1,2807.85,158.69
ZA-00016181,1,SKU67860,ZAV00244,3,518.2,103.11
ZA-00016182,1,SKU13718,ZAV00221,1,190.28,135.82
ZA-00016183,1,SKU17542,ZAV00262,1,333.68,134.31
ZA-00016184,1,SKU51506,ZAV00185,1,1141.2,100.19
ZA-00016185,1,SKU13459,ZAV00387,1,33.66,108.08
ZA-00016186,1,SKU86000,ZAV00735,1,207.94,97.08
ZA-00016187,1,SKU60922,ZAV00692,1,548.08,174.98
ZA-00016188,1,SKU96489,ZAV00369,1,1258.05,179.48
ZA-00016189,1,SKU25182,ZAV00417,1,224.38,41.56
ZA-00016190,1,SKU18506,ZAV00022,1,755.74,177.96
ZA-00016191,1,SKU58777,ZAV00015,1,234.46,149.06
ZA-00016192,1,SKU23845,ZAV00772,2,334.69,44.73
ZA-00016193,1,SKU57551,ZAV00588,1,237.62,169.41
ZA-00016194,1,SKU67802,ZAV00453,1,334.25,143.66
ZA-00016195,1,SKU80946,ZAV00594,1,424.38,141.21
ZA-00016196,1,SKU34788,ZAV00455,1,1877.88,116.35
ZA-00016197,1,SKU29836,ZAV00040,1,541.44,141.8
ZA-00016198,1,SKU70687,ZAV00720,1,976.44,162.54
ZA-00016199,1,SKU62164,ZAV00649,2,463.71,144.47
ZA-00016200,1,SKU61125,ZAV00173,2,430.97,118.37
ZA-00016201,1,SKU81352,ZAV00154,1,270.35,109.46
ZA-00016202,1,SKU32298,ZAV00553,1,154.51,41.88
ZA-00016202,2,SKU46554,ZAV00350,1,133.74,58.88
ZA-00016202,3,SKU78759,ZAV00460,1,231.64,118.76
ZA-00016203,1,SKU92640,ZAV00353,1,526.72,39.33
ZA-00016204,1,SKU50155,ZAV00436,1,266.56,167.26
ZA-00016205,1,SKU24849,ZAV00716,1,440.02,97.93
ZA-00016206,1,SKU11282,ZAV00121,1,672.16,140.63
ZA-00016207,1,SKU54814,ZAV00374,2,1221.63,168.44
ZA-00016208,1,SKU62407,ZAV00113,1,632.13,114.98
ZA-00016208,2,SKU41086,ZAV00353,1,1248.32,52.3
ZA-00016209,1,SKU85896,ZAV00766,1,394.41,95.36
ZA-00016209,2,SKU68865,ZAV00010,1,124.27,77.07
ZA-00016209,3,SKU77349,ZAV00465,1,530.91,36.47
ZA-00016210,1,SKU52096,ZAV00327,1,224.64,102.64
ZA-00016211,1,SKU46894,ZAV00425,1,338.82,116.27
ZA-00016212,1,SKU79987,ZAV00430,1,177.35,134.22
ZA-00016212,2,SKU45626,ZAV00521,1,73.4,127.7
ZA-00016213,1,SKU30128,ZAV00257,1,613.08,124.06
ZA-00016213,2,SKU84225,ZAV00718,1,95.37,96.91
ZA-00016214,1,SKU31278,ZAV00042,1,335.26,128.38
ZA-00016215,1,SKU33172,ZAV00212,1,358.58,163.73
ZA-00016216,1,SKU14835,ZAV00556,1,382.48,137.34
ZA-00016217,1,SKU46419,ZAV00545,1,95.12,96.22
ZA-00016218,1,SKU48928,ZAV00274,2,397.37,77.29
ZA-00016218,2,SKU19983,ZAV00007,2,170.84,139.01
ZA-00016219,1,SKU29507,ZAV00110,1,765.26,158.13
ZA-00016220,1,SKU44622,ZAV00529,2,730.31,73.99
ZA-00016221,1,SKU96352,ZAV00517,1,2311.8,100.83
ZA-00016222,1,SKU64279,ZAV00095,1,90.53,62.97
ZA-00016223,1,SKU72450,ZAV00525,1,223.37,101.68
ZA-00016224,1,SKU83855,ZAV00231,1,246.89,114.07
ZA-00016225,1,SKU93624,ZAV00249,1,449.95,137.68
ZA-00016226,1,SKU65866,ZAV00129,1,771.85,101.83
ZA-00016227,1,SKU98244,ZAV00424,1,422.37,136.45
ZA-00016228,1,SKU43785,ZAV00315,1,109.28,179.28
ZA-00016229,1,SKU19997,ZAV00328,1,516.78,71.05
ZA-00016230,1,SKU13050,ZAV00747,1,369.41,173.92
ZA-00016231,1,SKU62557,ZAV00044,1,543.9,35.43
ZA-00016232,1,SKU91414,ZAV00728,1,106.4,131.02
ZA-00016233,1,SKU72237,ZAV00188,2,276.87,90.54
ZA-00016234,1,SKU60367,ZAV00395,1,936.95,85.84
ZA-00016234,2,SKU69685,ZAV00757,1,4612.27,54.53
ZA-00016234,3,SKU40633,ZAV00758,1,721.05,179.59
ZA-00016235,1,SKU93874,ZAV00006,3,441.91,142.21
ZA-00016236,1,SKU11017,ZAV00145,2,434.82,133.33
ZA-00016237,1,SKU13749,ZAV00217,1,113.87,35.69
ZA-00016238,1,SKU94437,ZAV00781,1,948.73,162.65
ZA-00016238,2,SKU54204,ZAV00284,2,212.92,115.41
ZA-00016239,1,SKU52385,ZAV00709,1,220.77,106.78
ZA-00016240,1,SKU21544,ZAV00528,1,340.63,42.9
ZA-00016241,1,SKU85504,ZAV00781,1,302.91,162.24
ZA-00016241,2,SKU91715,ZAV00041,1,346.81,136.87
ZA-00016242,1,SKU36871,ZAV00513,1,162.8,83.97
ZA-00016243,1,SKU88790,ZAV00135,1,66.23,66.13
ZA-00016244,1,SKU98084,ZAV00467,1,344.42,117.53
ZA-00016245,1,SKU64739,ZAV00120,1,915.83,72.9
ZA-00016246,1,SKU91829,ZAV00558,1,199.61,134.09
ZA-00016247,1,SKU67083,ZAV00680,1,219.66,115.89
ZA-00016247,2,SKU51767,ZAV00482,2,657.17,163.87
ZA-00016248,1,SKU79030,ZAV00172,1,226.25,52.65
ZA-00016249,1,SKU11118,ZAV00088,1,448.84,92.28
ZA-00016250,1,SKU25046,ZAV00107,1,423.17,154.95
ZA-00016251,1,SKU38086,ZAV00451,1,1512.87,72.01
ZA-00016252,1,SKU46007,ZAV00185,1,337.92,144.56
ZA-00016253,1,SKU97039,ZAV00571,1,68.03,146.32
ZA-00016253,2,SKU40278,ZAV00053,1,949.74,72.5
ZA-00016254,1,SKU54700,ZAV00342,3,264.9,89.36
ZA-00016255,1,SKU38627,ZAV00659,1,207.15,63.9
ZA-00016255,2,SKU46106,ZAV00533,1,145.01,128.96
ZA-00016255,3,SKU80968,ZAV00039,1,264.6,65.02
ZA-00016256,1,SKU53300,ZAV00340,1,269.67,64.7
ZA-00016257,1,SKU56665,ZAV00312,1,215.63,101.02
ZA-00016258,1,SKU78717,ZAV00680,1,102.72,40.17
ZA-00016259,1,SKU84222,ZAV00552,1,278.82,142.68
ZA-00016259,2,SKU75080,ZAV00545,1,119.08,170.26
ZA-00016260,1,SKU74797,ZAV00265,1,781.76,82.11
ZA-00016261,1,SKU43872,ZAV00289,1,389.47,151.22
ZA-00016262,1,SKU29267,ZAV00651,1,177.82,133.83
ZA-00016263,1,SKU11137,ZAV00111,1,160.5,111.67
ZA-00016264,1,SKU61810,ZAV00155,1,1032.53,158.78
ZA-00016265,1,SKU50085,ZAV00060,2,1117.05,132.59
ZA-00016265,2,SKU50598,ZAV00105,2,472.15,179.78
ZA-00016266,1,SKU14167,ZAV00603,1,88.84,151.08
ZA-00016266,2,SKU94874,ZAV00655,1,627.13,147.95
ZA-00016267,1,SKU71264,ZAV00193,2,528.9,103.54
ZA-00016268,1,SKU90771,ZAV00684,1,465.47,60.73
ZA-00016269,1,SKU21310,ZAV00733,1,444.6,35.01
ZA-00016270,1,SKU51090,ZAV00595,1,593.19,171.06
ZA-00016271,1,SKU75482,ZAV00496,1,255.03,177.85
ZA-00016272,1,SKU35310,ZAV00139,1,93.15,51.53
ZA-00016273,1,SKU24516,ZAV00412,1,741.3,133.33
ZA-00016274,1,SKU21565,ZAV00083,1,1507.53,152.95
ZA-00016275,1,SKU39295,ZAV00128,1,269.46,91.26
ZA-00016276,1,SKU40005,ZAV00662,1,252.84,39.93
ZA-00016276,2,SKU57332,ZAV00245,1,371.97,44.36
ZA-00016277,1,SKU75673,ZAV00425,1,957.95,127.44
ZA-00016278,1,SKU88696,ZAV00771,1,1241.82,179.71
ZA-00016279,1,SKU94826,ZAV00359,1,1355.73,51.9
ZA-00016280,1,SKU39593,ZAV00532,1,266.48,138.63
ZA-00016281,1,SKU24276,ZAV00714,1,2236.25,158.27
ZA-00016281,2,SKU45078,ZAV00394,1,477.06,39.16
ZA-00016281,3,SKU71566,ZAV00661,1,589.25,63.47
ZA-00016282,1,SKU56813,ZAV00656,2,238.2,64.39
ZA-00016283,1,SKU26435,ZAV00554,2,557.74,79.62
ZA-00016284,1,SKU68232,ZAV00524,1,540.65,116.32
ZA-00016284,2,SKU11057,ZAV00454,1,993.7,174.36
ZA-00016285,1,SKU98020,ZAV00346,1,239.26,76.38
ZA-00016286,1,SKU97414,ZAV00723,1,260.69,47.63
ZA-00016286,2,SKU26677,ZAV00444,1,473.15,174.57
ZA-00016287,1,SKU44758,ZAV00496,1,387.25,148.67
ZA-00016287,2,SKU13703,ZAV00361,2,336.95,82.63
ZA-00016288,1,SKU20366,ZAV00369,2,563.61,165.99
ZA-00016289,1,SKU72530,ZAV00151,1,1537.44,38.0
ZA-00016290,1,SKU47237,ZAV00326,1,518.47,129.47
ZA-00016291,1,SKU59446,ZAV00680,1,344.54,83.86
ZA-00016292,1,SKU15612,ZAV00735,1,184.12,130.45
ZA-00016292,2,SKU60838,ZAV00427,1,235.97,144.8
ZA-00016292,3,SKU93140,ZAV00769,1,364.86,141.04
ZA-00016293,1,SKU78612,ZAV00150,1,821.51,122.09
ZA-00016294,1,SKU88221,ZAV00757,2,345.28,154.84
ZA-00016295,1,SKU44085,ZAV00158,1,807.17,106.35
ZA-00016295,2,SKU88639,ZAV00357,1,148.28,177.5
ZA-00016296,1,SKU12992,ZAV00558,1,569.27,95.75
ZA-00016296,2,SKU63004,ZAV00250,2,224.96,70.11
ZA-00016297,1,SKU70509,ZAV00775,1,406.59,81.85
ZA-00016298,1,SKU52300,ZAV00152,1,1549.44,103.66
ZA-00016299,1,SKU45786,ZAV00589,1,491.48,64.06
ZA-00016300,1,SKU38833,ZAV00554,1,178.42,104.62
ZA-00016301,1,SKU41255,ZAV00160,1,742.1,118.95
ZA-00016302,1,SKU39717,ZAV00065,3,1685.05,91.11
ZA-00016303,1,SKU79734,ZAV00601,2,344.71,171.16
ZA-00016304,1,SKU52968,ZAV00736,1,362.46,144.33
ZA-00016305,1,SKU66255,ZAV00581,1,343.82,128.59
ZA-00016306,1,SKU78540,ZAV00338,1,863.64,73.94
ZA-00016306,2,SKU30697,ZAV00414,1,221.7,117.31
ZA-00016307,1,SKU98333,ZAV00013,1,356.54,103.2
ZA-00016308,1,SKU88495,ZAV00536,1,463.2,89.92
ZA-00016309,1,SKU58230,ZAV00244,1,1571.0,52.66
ZA-00016309,2,SKU41709,ZAV00484,1,424.96,66.36
ZA-00016310,1,SKU97645,ZAV00172,1,7035.12,53.53
ZA-00016311,1,SKU29611,ZAV00740,1,1101.91,49.14
ZA-00016312,1,SKU79815,ZAV00241,2,992.26,102.42
ZA-00016313,1,SKU48664,ZAV00596,1,1717.84,103.85
ZA-00016314,1,SKU27376,ZAV00117,2,469.45,136.89
ZA-00016315,1,SKU36749,ZAV00241,1,136.03,168.71
ZA-00016315,2,SKU33577,ZAV00718,1,85.55,94.28
ZA-00016316,1,SKU38930,ZAV00330,1,326.4,93.76
ZA-00016317,1,SKU35827,ZAV00109,2,485.26,138.31
ZA-00016318,1,SKU85909,ZAV00414,3,272.76,176.68
ZA-00016319,1,SKU25258,ZAV00759,1,573.32,80.84
ZA-00016320,1,SKU45610,ZAV00399,1,1057.5,80.81
ZA-00016321,1,SKU49227,ZAV00495,1,240.01,55.81
ZA-00016322,1,SKU60245,ZAV00460,1,1096.87,129.08
ZA-00016322,2,SKU60816,ZAV00653,1,1195.3,119.14
ZA-00016323,1,SKU35544,ZAV00557,2,242.59,41.28
ZA-00016324,1,SKU90368,ZAV00262,1,181.72,52.46
ZA-00016325,1,SKU31946,ZAV00431,1,384.3,82.51
ZA-00016325,2,SKU77296,ZAV00049,1,1304.24,46.19
ZA-00016326,1,SKU23963,ZAV00272,1,557.15,115.22
ZA-00016327,1,SKU99904,ZAV00786,1,643.7,99.18
ZA-00016327,2,SKU21559,ZAV00353,3,256.62,128.07
ZA-00016327,3,SKU46801,ZAV00109,1,124.53,166.64
ZA-00016328,1,SKU75746,ZAV00512,2,132.51,109.65
ZA-00016329,1,SKU38841,ZAV00789,1,668.72,103.87
ZA-00016330,1,SKU61473,ZAV00387,2,440.64,146.43
ZA-00016331,1,SKU27268,ZAV00061,1,195.77,48.14
ZA-00016332,1,SKU30945,ZAV00523,1,179.63,154.82
ZA-00016333,1,SKU72616,ZAV00777,1,608.33,73.71
ZA-00016334,1,SKU57825,ZAV00669,1,92.56,155.08
ZA-00016335,1,SKU59432,ZAV00573,1,20.75,101.67
ZA-00016336,1,SKU96497,ZAV00560,1,1325.12,167.7
ZA-00016337,1,SKU36078,ZAV00086,1,842.38,42.32
ZA-00016338,1,SKU68196,ZAV00325,1,134.32,60.67
ZA-00016339,1,SKU16115,ZAV00332,1,1574.96,79.99
ZA-00016340,1,SKU51906,ZAV00018,1,6642.93,103.38
ZA-00016341,1,SKU27225,ZAV00187,1,349.45,41.33
ZA-00016342,1,SKU57250,ZAV00665,2,491.67,103.28
ZA-00016342,2,SKU76814,ZAV00517,1,776.79,148.01
ZA-00016343,1,SKU99008,ZAV00757,1,868.65,74.32
ZA-00016343,2,SKU47599,ZAV00152,2,92.09,154.97
ZA-00016344,1,SKU80487,ZAV00311,1,242.13,81.93
ZA-00016345,1,SKU75021,ZAV00329,1,294.69,147.47
ZA-00016346,1,SKU22154,ZAV00256,2,144.47,165.77
ZA-00016347,1,SKU63205,ZAV00115,1,247.29,92.54
ZA-00016348,1,SKU41801,ZAV00596,1,132.96,115.26
ZA-00016348,2,SKU17156,ZAV00538,2,271.77,139.44
ZA-00016349,1,SKU84950,ZAV00016,2,317.83,146.98
ZA-00016350,1,SKU68591,ZAV00621,1,1032.27,128.93
ZA-00016350,2,SKU58533,ZAV00293,3,783.65,84.62
ZA-00016351,1,SKU12933,ZAV00330,1,815.04,94.59
ZA-00016352,1,SKU67172,ZAV00697,1,308.05,136.39
ZA-00016353,1,SKU77939,ZAV00654,2,1140.54,172.85
ZA-00016354,1,SKU33676,ZAV00776,1,295.22,147.9
ZA-00016355,1,SKU46807,ZAV00150,1,463.21,55.44
ZA-00016355,2,SKU10611,ZAV00357,1,619.79,51.68
ZA-00016355,3,SKU51596,ZAV00699,1,669.41,116.22
ZA-00016356,1,SKU85900,ZAV00110,1,968.16,90.54
ZA-00016357,1,SKU57210,ZAV00605,2,1025.84,94.28
ZA-00016357,2,SKU46119,ZAV00735,3,1158.74,70.54
ZA-00016358,1,SKU57455,ZAV00182,1,275.29,86.17
ZA-00016359,1,SKU13460,ZAV00461,1,447.0,88.34
ZA-00016360,1,SKU60491,ZAV00038,1,66.9,68.73
ZA-00016361,1,SKU25141,ZAV00046,1,189.56,152.28
ZA-00016362,1,SKU70559,ZAV00005,1,1599.25,159.27
ZA-00016362,2,SKU75616,ZAV00524,1,597.63,146.76
ZA-00016363,1,SKU55949,ZAV00045,1,978.93,116.38
ZA-00016364,1,SKU91793,ZAV00418,1,251.77,143.56
ZA-00016365,1,SKU28144,ZAV00451,2,422.93,105.6
ZA-00016365,2,SKU98909,ZAV00383,1,301.33,48.05
ZA-00016366,1,SKU51248,ZAV00304,1,782.22,50.49
ZA-00016367,1,SKU22610,ZAV00776,1,97.31,160.51
ZA-00016368,1,SKU20505,ZAV00058,1,250.51,85.28
ZA-00016369,1,SKU23145,ZAV00552,1,276.9,162.06
ZA-00016370,1,SKU26680,ZAV00599,1,1003.3,93.33
ZA-00016371,1,SKU15657,ZAV00136,1,555.1,56.56
ZA-00016372,1,SKU86092,ZAV00125,1,171.09,98.2
ZA-00016372,2,SKU66702,ZAV00183,1,351.03,94.9
ZA-00016373,1,SKU51971,ZAV00052,1,386.88,111.15
ZA-00016374,1,SKU33519,ZAV00664,1,549.78,57.18
ZA-00016375,1,SKU42741,ZAV00708,1,1936.68,97.03
ZA-00016376,1,SKU85954,ZAV00050,2,1068.25,100.83
ZA-00016377,1,SKU41424,ZAV00749,1,996.76,81.51
ZA-00016378,1,SKU56411,ZAV00518,1,794.22,45.81
ZA-00016379,1,SKU36893,ZAV00260,1,837.19,169.65
ZA-00016380,1,SKU28895,ZAV00766,3,544.25,66.82
ZA-00016380,2,SKU35228,ZAV00750,1,230.65,147.13
ZA-00016381,1,SKU86790,ZAV00334,2,1158.79,90.59
ZA-00016382,1,SKU16221,ZAV00078,3,326.78,164.21
ZA-00016383,1,SKU20711,ZAV00187,1,919.71,37.93
ZA-00016384,1,SKU20267,ZAV00210,3,625.07,48.86
ZA-00016385,1,SKU89783,ZAV00574,1,1683.81,48.23
ZA-00016386,1,SKU39685,ZAV00720,2,1044.86,72.55
ZA-00016386,2,SKU55842,ZAV00755,1,254.36,142.84
ZA-00016387,1,SKU38790,ZAV00265,1,258.35,51.65
ZA-00016387,2,SKU11949,ZAV00384,2,635.88,47.72
ZA-00016388,1,SKU58908,ZAV00733,1,1600.93,51.99
ZA-00016389,1,SKU97411,ZAV00336,1,840.23,168.98
ZA-00016390,1,SKU40751,ZAV00679,2,675.71,68.58
ZA-00016391,1,SKU38050,ZAV00236,1,281.71,96.48
ZA-00016391,2,SKU57349,ZAV00062,1,227.82,45.74
ZA-00016392,1,SKU62151,ZAV00128,1,1897.79,76.24
ZA-00016393,1,SKU72668,ZAV00374,1,206.46,99.28
ZA-00016394,1,SKU37955,ZAV00475,1,222.85,103.19
ZA-00016395,1,SKU22245,ZAV00109,1,75.83,103.43
ZA-00016396,1,SKU93363,ZAV00431,1,157.19,128.66
ZA-00016397,1,SKU95905,ZAV00553,1,411.45,163.59
ZA-00016397,2,SKU52144,ZAV00588,1,475.18,153.91
ZA-00016398,1,SKU64837,ZAV00426,1,403.48,155.76
ZA-00016399,1,SKU61318,ZAV00694,1,671.88,46.25
ZA-00016400,1,SKU56778,ZAV00062,1,1051.16,117.36
ZA-00016401,1,SKU17889,ZAV00399,1,142.25,53.96
ZA-00016401,2,SKU48809,ZAV00409,3,1042.23,129.87
ZA-00016402,1,SKU22904,ZAV00080,1,1831.28,92.03
ZA-00016403,1,SKU63128,ZAV00418,1,2483.26,146.86
ZA-00016404,1,SKU49802,ZAV00203,1,544.3,63.5
ZA-00016405,1,SKU73680,ZAV00303,1,1015.59,142.57
ZA-00016405,2,SKU37041,ZAV00242,1,3327.52,155.22
ZA-00016406,1,SKU90093,ZAV00131,1,313.12,125.89
ZA-00016407,1,SKU18424,ZAV00488,1,648.92,104.94
ZA-00016407,2,SKU25039,ZAV00498,1,2624.01,35.54
ZA-00016408,1,SKU94245,ZAV00444,1,341.84,107.38
ZA-00016409,1,SKU18175,ZAV00201,1,270.82,90.9
ZA-00016410,1,SKU61749,ZAV00364,1,2633.38,51.13
ZA-00016411,1,SKU16717,ZAV00594,1,231.4,148.95
ZA-00016412,1,SKU16234,ZAV00528,1,780.51,121.37
ZA-00016412,2,SKU41485,ZAV00098,1,247.56,137.76
ZA-00016412,3,SKU84030,ZAV00077,1,109.57,46.21
ZA-00016413,1,SKU63758,ZAV00460,1,1194.41,57.95
ZA-00016414,1,SKU74229,ZAV00343,1,447.53,166.07
ZA-00016414,2,SKU51461,ZAV00245,1,585.12,99.64
ZA-00016415,1,SKU78432,ZAV00095,1,1703.2,133.14
ZA-00016415,2,SKU18545,ZAV00033,1,203.72,108.06
ZA-00016416,1,SKU41238,ZAV00427,2,1340.36,126.22
ZA-00016417,1,SKU44075,ZAV00463,1,131.96,138.18
ZA-00016418,1,SKU28127,ZAV00746,1,561.24,62.15
ZA-00016419,1,SKU25727,ZAV00607,1,338.05,132.68
ZA-00016420,1,SKU88803,ZAV00601,1,215.11,114.05
ZA-00016421,1,SKU32117,ZAV00784,1,1151.67,35.42
ZA-00016422,1,SKU33059,ZAV00327,1,864.8,142.17
ZA-00016422,2,SKU44044,ZAV00685,1,245.82,60.74
ZA-00016423,1,SKU40151,ZAV00149,1,507.59,97.84
ZA-00016424,1,SKU89669,ZAV00565,1,985.05,47.2
ZA-00016425,1,SKU28990,ZAV00425,1,367.17,130.98
ZA-00016426,1,SKU83997,ZAV00782,1,576.33,108.45
ZA-00016427,1,SKU73701,ZAV00089,1,674.19,41.07
ZA-00016428,1,SKU91866,ZAV00198,1,885.2,162.96
ZA-00016428,2,SKU78486,ZAV00103,2,233.95,74.01
ZA-00016429,1,SKU98576,ZAV00463,1,484.24,62.61
ZA-00016430,1,SKU72004,ZAV00397,1,201.57,124.02
ZA-00016431,1,SKU14285,ZAV00081,1,821.39,153.1
ZA-00016431,2,SKU67751,ZAV00543,1,1355.92,107.73
ZA-00016431,3,SKU52549,ZAV00185,2,116.54,177.41
ZA-00016432,1,SKU35992,ZAV00718,1,931.53,66.06
ZA-00016433,1,SKU58450,ZAV00162,1,860.85,122.7
ZA-00016434,1,SKU14343,ZAV00014,1,226.38,67.33
ZA-00016435,1,SKU45765,ZAV00661,1,147.29,96.39
ZA-00016436,1,SKU66340,ZAV00220,1,256.87,57.27
ZA-00016436,2,SKU82954,ZAV00276,1,1942.88,43.48
ZA-00016436,3,SKU41345,ZAV00389,1,812.09,121.71
ZA-00016437,1,SKU14276,ZAV00054,1,284.09,119.14
ZA-00016438,1,SKU83949,ZAV00257,2,347.32,136.32
ZA-00016439,1,SKU17443,ZAV00786,1,794.21,73.68
ZA-00016440,1,SKU69770,ZAV00254,1,247.15,61.38
ZA-00016441,1,SKU56681,ZAV00279,1,993.19,65.78
ZA-00016442,1,SKU49416,ZAV00374,1,365.12,35.02
ZA-00016443,1,SKU86728,ZAV00295,1,621.83,137.37
ZA-00016444,1,SKU86394,ZAV00538,2,163.45,173.71
ZA-00016445,1,SKU27382,ZAV00564,1,380.5,147.18
ZA-00016445,2,SKU48066,ZAV00688,1,123.84,93.46
ZA-00016446,1,SKU30242,ZAV00631,1,479.33,118.71
ZA-00016446,2,SKU69263,ZAV00115,1,313.45,120.99
ZA-00016446,3,SKU96653,ZAV00714,1,1541.52,163.44
ZA-00016447,1,SKU27930,ZAV00435,1,2262.52,170.41
ZA-00016447,2,SKU85792,ZAV00142,1,266.18,115.49
ZA-00016448,1,SKU59274,ZAV00373,1,447.69,176.46
ZA-00016448,2,SKU21806,ZAV00290,1,189.74,65.25
ZA-00016449,1,SKU73864,ZAV00024,1,327.6,171.31
ZA-00016450,1,SKU12114,ZAV00108,2,486.59,121.48
ZA-00016451,1,SKU50139,ZAV00005,1,1544.76,56.83
ZA-00016452,1,SKU59195,ZAV00582,1,180.66,90.94
ZA-00016453,1,SKU73680,ZAV00735,1,2118.78,174.57
ZA-00016454,1,SKU86675,ZAV00571,1,123.75,94.99
ZA-00016454,2,SKU33723,ZAV00044,1,1100.96,146.05
ZA-00016455,1,SKU73065,ZAV00364,1,449.89,78.79
ZA-00016456,1,SKU98132,ZAV00464,3,661.87,131.08
ZA-00016457,1,SKU46841,ZAV00282,1,240.98,65.22
ZA-00016457,2,SKU51321,ZAV00467,1,986.67,97.09
ZA-00016458,1,SKU15233,ZAV00026,1,837.98,116.14
ZA-00016459,1,SKU45272,ZAV00621,1,177.82,76.33
ZA-00016460,1,SKU38817,ZAV00751,1,1166.5,101.84
ZA-00016461,1,SKU25967,ZAV00655,1,312.56,96.63
ZA-00016462,1,SKU28509,ZAV00213,1,813.2,58.46
ZA-00016462,2,SKU19763,ZAV00497,1,111.8,101.37
ZA-00016463,1,SKU68392,ZAV00580,1,644.1,103.72
ZA-00016464,1,SKU46939,ZAV00335,1,2254.92,50.68
ZA-00016465,1,SKU57945,ZAV00016,3,346.32,154.53
ZA-00016466,1,SKU60560,ZAV00642,1,454.08,161.19
ZA-00016467,1,SKU25558,ZAV00634,2,655.85,159.63
ZA-00016467,2,SKU29380,ZAV00346,1,1187.94,50.77
ZA-00016468,1,SKU13517,ZAV00764,2,376.24,45.58
ZA-00016469,1,SKU18200,ZAV00287,1,655.27,79.08
ZA-00016470,1,SKU24998,ZAV00049,2,170.27,85.01
ZA-00016470,2,SKU51424,ZAV00606,1,389.16,156.4
ZA-00016470,3,SKU87808,ZAV00058,1,567.02,87.87
ZA-00016471,1,SKU58282,ZAV00495,1,361.03,151.68
ZA-00016472,1,SKU88570,ZAV00441,1,586.95,70.81
ZA-00016473,1,SKU81707,ZAV00181,1,483.5,139.31
ZA-00016474,1,SKU52625,ZAV00019,1,180.25,130.0
ZA-00016475,1,SKU73979,ZAV00137,2,142.54,85.48
ZA-00016476,1,SKU26258,ZAV00087,1,236.78,139.43
ZA-00016477,1,SKU93666,ZAV00206,2,964.08,157.36
ZA-00016477,2,SKU12869,ZAV00679,1,182.87,172.83
ZA-00016478,1,SKU29931,ZAV00603,1,714.82,39.94
ZA-00016479,1,SKU57835,ZAV00092,1,4258.24,69.53
ZA-00016480,1,SKU60157,ZAV00430,1,594.72,47.65
ZA-00016481,1,SKU42568,ZAV00379,1,172.38,43.98
ZA-00016482,1,SKU12333,ZAV00552,1,200.2,81.99
ZA-00016483,1,SKU85597,ZAV00469,1,320.51,155.13
ZA-00016484,1,SKU16473,ZAV00295,2,351.17,82.32
ZA-00016485,1,SKU34711,ZAV00662,1,143.82,64.07
ZA-00016486,1,SKU99224,ZAV00700,1,962.78,150.69
ZA-00016487,1,SKU48650,ZAV00748,1,830.65,86.2
ZA-00016488,1,SKU43886,ZAV00673,1,356.71,72.11
ZA-00016489,1,SKU41117,ZAV00605,1,164.83,68.5
ZA-00016490,1,SKU15304,ZAV00542,1,377.18,129.13
ZA-00016491,1,SKU34704,ZAV00103,1,704.48,104.0
ZA-00016492,1,SKU74665,ZAV00468,1,577.03,163.3
ZA-00016493,1,SKU34453,ZAV00026,1,354.95,97.03
ZA-00016494,1,SKU31541,ZAV00601,1,59.49,46.14
ZA-00016495,1,SKU30130,ZAV00235,2,117.46,45.07
ZA-00016496,1,SKU34168,ZAV00759,1,197.02,156.44
ZA-00016497,1,SKU72247,ZAV00144,3,580.86,99.63
ZA-00016498,1,SKU64907,ZAV00109,1,857.52,55.5
ZA-00016499,1,SKU49007,ZAV00696,1,452.01,175.52
ZA-00016500,1,SKU96484,ZAV00544,1,113.05,58.47
ZA-00016501,1,SKU27745,ZAV00636,1,149.51,130.28
ZA-00016502,1,SKU16021,ZAV00448,1,242.0,167.58
ZA-00016503,1,SKU26134,ZAV00107,1,3618.19,90.34
ZA-00016503,2,SKU26984,ZAV00244,2,1944.98,148.4
ZA-00016504,1,SKU74648,ZAV00093,1,381.67,145.57
ZA-00016505,1,SKU33362,ZAV00174,1,272.4,48.5
ZA-00016506,1,SKU42657,ZAV00653,1,173.88,79.52
ZA-00016506,2,SKU17430,ZAV00774,1,367.62,84.58
ZA-00016506,3,SKU20803,ZAV00516,1,731.11,138.16
ZA-00016507,1,SKU87721,ZAV00561,1,136.15,71.35
ZA-00016508,1,SKU94283,ZAV00340,1,212.03,36.8
ZA-00016509,1,SKU91481,ZAV00015,2,1113.62,80.43
ZA-00016510,1,SKU82716,ZAV00459,1,297.37,64.94
ZA-00016511,1,SKU30785,ZAV00567,1,357.63,67.98
ZA-00016512,1,SKU53170,ZAV00603,1,2685.85,60.52
ZA-00016513,1,SKU51269,ZAV00653,1,860.39,146.76
ZA-00016513,2,SKU23713,ZAV00608,1,1015.22,45.99
ZA-00016514,1,SKU19509,ZAV00793,1,631.03,40.78
ZA-00016515,1,SKU27306,ZAV00668,1,464.81,71.09
ZA-00016516,1,SKU90637,ZAV00018,1,263.86,172.24
ZA-00016517,1,SKU33265,ZAV00744,1,346.32,51.53
ZA-00016518,1,SKU35725,ZAV00213,1,699.79,38.38
ZA-00016519,1,SKU18870,ZAV00287,1,1182.9,83.2
ZA-00016520,1,SKU81024,ZAV00624,1,218.79,117.13
ZA-00016521,1,SKU30376,ZAV00660,1,176.78,126.08
ZA-00016522,1,SKU83438,ZAV00665,1,139.76,111.76
ZA-00016522,2,SKU66461,ZAV00541,1,227.84,125.29
ZA-00016523,1,SKU66367,ZAV00071,1,1382.78,159.86
ZA-00016523,2,SKU70169,ZAV00279,1,496.37,93.37
ZA-00016524,1,SKU43292,ZAV00030,1,573.41,173.58
ZA-00016524,2,SKU24863,ZAV00642,2,1281.38,160.44
ZA-00016525,1,SKU38120,ZAV00715,1,868.56,51.99
ZA-00016526,1,SKU32770,ZAV00633,1,266.74,79.64
ZA-00016527,1,SKU26861,ZAV00025,3,656.9,70.0
ZA-00016528,1,SKU47962,ZAV00293,1,425.88,81.72
ZA-00016529,1,SKU50230,ZAV00060,1,1066.3,155.6
ZA-00016530,1,SKU94497,ZAV00064,1,249.75,38.9
ZA-00016530,2,SKU32687,ZAV00791,1,1454.55,103.88
ZA-00016531,1,SKU21787,ZAV00036,1,140.6,159.73
ZA-00016532,1,SKU91105,ZAV00191,1,179.66,66.97
ZA-00016533,1,SKU25666,ZAV00325,1,1070.22,174.46
ZA-00016533,2,SKU73116,ZAV00314,1,158.96,144.05
ZA-00016533,3,SKU90103,ZAV00258,1,205.18,79.86
ZA-00016534,1,SKU79434,ZAV00238,1,466.7,61.98
ZA-00016535,1,SKU34702,ZAV00334,1,1633.75,85.46
ZA-00016535,2,SKU42035,ZAV00513,2,200.94,177.77
ZA-00016536,1,SKU19342,ZAV00175,1,539.35,166.68
ZA-00016537,1,SKU74151,ZAV00189,1,2098.34,116.05
ZA-00016538,1,SKU95782,ZAV00745,1,462.64,121.32
ZA-00016539,1,SKU25652,ZAV00180,1,248.16,65.52
ZA-00016540,1,SKU72478,ZAV00764,1,728.26,154.5
ZA-00016541,1,SKU46033,ZAV00166,1,169.74,63.97
ZA-00016542,1,SKU82772,ZAV00316,1,111.9,144.02
ZA-00016543,1,SKU62467,ZAV00069,1,232.93,44.46
ZA-00016544,1,SKU15015,ZAV00163,2,777.27,148.55
ZA-00016545,1,SKU37149,ZAV00373,1,182.1,145.18
ZA-00016545,2,SKU42904,ZAV00630,1,377.25,111.57
ZA-00016546,1,SKU61188,ZAV00794,1,868.12,89.87
ZA-00016547,1,SKU36185,ZAV00042,1,2470.11,89.2
ZA-00016548,1,SKU69377,ZAV00747,1,626.34,80.74
ZA-00016549,1,SKU44196,ZAV00078,1,501.42,76.26
ZA-00016550,1,SKU54359,ZAV00154,1,256.12,174.3
ZA-00016551,1,SKU51722,ZAV00482,1,761.15,95.79
ZA-00016552,1,SKU51018,ZAV00420,1,1559.82,136.24
ZA-00016553,1,SKU96388,ZAV00749,1,1203.78,116.12
ZA-00016553,2,SKU61502,ZAV00667,1,395.88,126.05
ZA-00016554,1,SKU27290,ZAV00351,1,404.62,162.72
ZA-00016555,1,SKU74591,ZAV00337,1,505.31,172.43
ZA-00016556,1,SKU60045,ZAV00478,1,1208.92,72.07
ZA-00016557,1,SKU45306,ZAV00589,1,372.48,122.99
ZA-00016558,1,SKU12829,ZAV00646,1,596.69,40.63
ZA-00016559,1,SKU49794,ZAV00597,1,1193.29,82.04
ZA-00016560,1,SKU43323,ZAV00153,1,133.83,88.75
ZA-00016561,1,SKU30198,ZAV00634,1,178.97,78.71
ZA-00016562,1,SKU23681,ZAV00386,2,451.73,88.42
ZA-00016563,1,SKU31776,ZAV00245,1,562.96,128.78
ZA-00016563,2,SKU87381,ZAV00377,2,1564.08,68.15
ZA-00016564,1,SKU11008,ZAV00281,1,987.97,49.81
ZA-00016564,2,SKU95462,ZAV00315,1,300.07,37.21
ZA-00016565,1,SKU43002,ZAV00541,1,448.62,116.78
ZA-00016565,2,SKU43379,ZAV00316,1,933.21,132.86
ZA-00016566,1,SKU63422,ZAV00322,1,294.94,138.97
ZA-00016567,1,SKU82160,ZAV00026,1,243.51,166.88
ZA-00016568,1,SKU25981,ZAV00485,1,397.27,111.52
ZA-00016569,1,SKU36733,ZAV00145,1,873.88,64.84
ZA-00016570,1,SKU92750,ZAV00171,1,262.86,59.1
ZA-00016570,2,SKU77151,ZAV00035,1,1059.13,138.3
ZA-00016570,3,SKU40323,ZAV00488,1,437.25,117.15
ZA-00016571,1,SKU65863,ZAV00047,1,101.81,95.78
ZA-00016572,1,SKU14226,ZAV00074,1,199.64,167.83
ZA-00016573,1,SKU41631,ZAV00328,1,449.87,115.98
ZA-00016574,1,SKU51946,ZAV00448,2,641.43,154.04
ZA-00016574,2,SKU19784,ZAV00525,3,421.8,126.5
ZA-00016575,1,SKU67800,ZAV00154,2,288.86,145.25
ZA-00016576,1,SKU43076,ZAV00251,1,388.12,55.8
ZA-00016576,2,SKU90271,ZAV00216,3,529.11,42.7
ZA-00016577,1,SKU48380,ZAV00368,1,772.36,78.22
ZA-00016578,1,SKU40528,ZAV00799,1,629.48,139.59
ZA-00016579,1,SKU11529,ZAV00647,1,684.92,167.61
ZA-00016580,1,SKU69101,ZAV00777,1,1356.55,115.95
ZA-00016581,1,SKU60454,ZAV00665,1,538.48,38.4
ZA-00016582,1,SKU52987,ZAV00340,1,1078.8,88.85
ZA-00016583,1,SKU97221,ZAV00372,1,161.22,125.62
ZA-00016584,1,SKU28133,ZAV00297,1,343.4,167.42
ZA-00016585,1,SKU51271,ZAV00777,1,129.18,159.83
ZA-00016586,1,SKU78625,ZAV00545,1,501.44,144.01
ZA-00016587,1,SKU58327,ZAV00219,1,518.52,107.45
ZA-00016587,2,SKU38395,ZAV00125,1,572.24,102.7
ZA-00016587,3,SKU19500,ZAV00796,1,147.75,116.86
ZA-00016588,1,SKU79638,ZAV00569,1,716.77,56.79
ZA-00016589,1,SKU25746,ZAV00370,1,632.65,155.07
ZA-00016590,1,SKU79083,ZAV00047,2,407.27,139.04
ZA-00016591,1,SKU14394,ZAV00501,1,397.91,109.05
ZA-00016592,1,SKU90734,ZAV00136,1,324.42,174.27
ZA-00016593,1,SKU89125,ZAV00780,1,334.2,88.22
ZA-00016594,1,SKU80123,ZAV00102,2,736.94,162.22
ZA-00016595,1,SKU90957,ZAV00249,2,278.55,159.8
ZA-00016595,2,SKU93693,ZAV00428,1,227.87,117.4
ZA-00016596,1,SKU40725,ZAV00584,1,284.86,163.42
ZA-00016597,1,SKU43399,ZAV00211,1,363.91,41.93
ZA-00016598,1,SKU31310,ZAV00458,1,1386.03,137.21
ZA-00016598,2,SKU35361,ZAV00248,1,407.47,109.56
ZA-00016599,1,SKU77058,ZAV00117,1,420.69,99.38
ZA-00016600,1,SKU80970,ZAV00024,1,650.4,37.03
ZA-00016600,2,SKU24741,ZAV00294,1,497.35,109.58
ZA-00016601,1,SKU43962,ZAV00734,1,1332.09,174.96
ZA-00016602,1,SKU18947,ZAV00622,1,245.45,77.81
ZA-00016603,1,SKU38989,ZAV00213,3,433.14,63.99
ZA-00016604,1,SKU93392,ZAV00558,1,661.2,137.16
ZA-00016605,1,SKU50499,ZAV00376,1,245.15,87.95
ZA-00016606,1,SKU68104,ZAV00138,1,876.03,44.02
ZA-00016607,1,SKU10747,ZAV00424,1,416.41,106.96
ZA-00016608,1,SKU32997,ZAV00557,1,181.97,110.99
ZA-00016609,1,SKU96755,ZAV00673,1,313.09,76.01
ZA-00016610,1,SKU82791,ZAV00093,1,1116.06,157.05
ZA-00016611,1,SKU28342,ZAV00101,2,668.91,178.88
ZA-00016612,1,SKU93311,ZAV00415,1,579.18,159.82
ZA-00016613,1,SKU58689,ZAV00568,1,2056.56,102.62
ZA-00016614,1,SKU31729,ZAV00397,1,238.41,103.32
ZA-00016615,1,SKU62017,ZAV00150,1,289.23,38.21
ZA-00016616,1,SKU40049,ZAV00589,1,2400.57,141.83
ZA-00016617,1,SKU18779,ZAV00779,1,90.09,114.19
ZA-00016617,2,SKU65938,ZAV00746,1,78.69,111.59
ZA-00016617,3,SKU66796,ZAV00035,1,346.08,67.08
ZA-00016618,1,SKU93604,ZAV00753,2,480.4,45.2
ZA-00016619,1,SKU45299,ZAV00121,1,241.18,130.43
ZA-00016620,1,SKU52706,ZAV00308,3,506.73,158.76
ZA-00016621,1,SKU32694,ZAV00340,1,236.95,36.59
ZA-00016621,2,SKU35354,ZAV00616,1,532.24,72.57
ZA-00016622,1,SKU58455,ZAV00159,1,256.74,129.01
ZA-00016623,1,SKU48126,ZAV00659,1,250.89,151.36
ZA-00016624,1,SKU60597,ZAV00774,1,204.37,59.43
ZA-00016624,2,SKU53525,ZAV00388,1,43.62,166.79
ZA-00016625,1,SKU40715,ZAV00134,2,2058.03,76.18
ZA-00016626,1,SKU89358,ZAV00702,1,765.34,84.04
ZA-00016627,1,SKU92176,ZAV00243,1,182.2,120.49
ZA-00016628,1,SKU20267,ZAV00430,1,427.72,168.71
ZA-00016628,2,SKU52727,ZAV00217,1,290.93,128.92
ZA-00016629,1,SKU75956,ZAV00617,1,360.35,136.67
ZA-00016629,2,SKU59094,ZAV00432,1,1896.35,93.64
ZA-00016629,3,SKU46874,ZAV00617,1,63.47,69.71
ZA-00016630,1,SKU85857,ZAV00211,2,862.08,46.91
ZA-00016631,1,SKU14226,ZAV00422,1,130.75,140.96
ZA-00016632,1,SKU15075,ZAV00778,1,804.11,138.14
ZA-00016633,1,SKU66335,ZAV00290,1,1037.27,164.98
ZA-00016634,1,SKU72209,ZAV00290,1,477.23,151.79
ZA-00016635,1,SKU98644,ZAV00588,1,614.51,126.77
ZA-00016636,1,SKU58733,ZAV00408,1,413.45,129.91
ZA-00016637,1,SKU15213,ZAV00346,1,311.61,52.53
ZA-00016638,1,SKU20658,ZAV00334,1,234.02,35.52
ZA-00016639,1,SKU10624,ZAV00675,1,412.91,168.48
ZA-00016639,2,SKU20245,ZAV00288,1,79.1,135.38
ZA-00016640,1,SKU65190,ZAV00697,1,1303.06,98.2
ZA-00016641,1,SKU75013,ZAV00708,1,403.35,46.33
ZA-00016642,1,SKU66686,ZAV00493,1,487.15,171.86
ZA-00016642,2,SKU43962,ZAV00232,2,251.69,115.59
ZA-00016643,1,SKU79425,ZAV00389,1,151.96,117.74
ZA-00016644,1,SKU97552,ZAV00186,1,573.75,120.74
ZA-00016645,1,SKU83461,ZAV00406,1,692.08,134.16
ZA-00016646,1,SKU69653,ZAV00562,1,269.05,167.62
ZA-00016646,2,SKU62479,ZAV00109,1,427.69,104.71
ZA-00016647,1,SKU16282,ZAV00659,1,1879.18,77.8
ZA-00016648,1,SKU65206,ZAV00637,1,1107.34,160.37
ZA-00016649,1,SKU20483,ZAV00195,1,2208.95,36.94
ZA-00016650,1,SKU88716,ZAV00684,1,766.25,111.74
ZA-00016651,1,SKU72493,ZAV00209,1,684.91,37.54
ZA-00016651,2,SKU30428,ZAV00104,1,186.3,150.61
ZA-00016652,1,SKU13496,ZAV00389,1,317.44,85.64
ZA-00016653,1,SKU72515,ZAV00442,1,1283.26,88.8
ZA-00016654,1,SKU38511,ZAV00785,1,150.97,116.5
ZA-00016654,2,SKU54074,ZAV00518,1,1344.16,108.89
ZA-00016655,1,SKU44203,ZAV00769,1,380.92,38.42
ZA-00016656,1,SKU18215,ZAV00770,1,1742.03,131.63
ZA-00016656,2,SKU60075,ZAV00614,2,1861.27,157.42
ZA-00016657,1,SKU22309,ZAV00776,1,140.33,84.22
ZA-00016658,1,SKU93556,ZAV00135,1,147.02,98.46
ZA-00016658,2,SKU95733,ZAV00468,1,3643.98,74.46
ZA-00016658,3,SKU97629,ZAV00388,1,266.19,47.17
ZA-00016659,1,SKU60752,ZAV00330,1,169.29,74.48
ZA-00016659,2,SKU87124,ZAV00114,1,1441.2,67.91
ZA-00016659,3,SKU84219,ZAV00282,1,714.11,62.07
ZA-00016660,1,SKU99004,ZAV00491,1,956.05,166.81
ZA-00016661,1,SKU89291,ZAV00275,1,251.24,173.3
ZA-00016662,1,SKU60736,ZAV00319,1,409.8,144.99
ZA-00016663,1,SKU65065,ZAV00350,1,292.09,159.44
ZA-00016663,2,SKU60426,ZAV00417,1,572.05,119.74
ZA-00016664,1,SKU29364,ZAV00171,1,255.39,56.07
ZA-00016665,1,SKU27012,ZAV00049,1,248.55,166.05
ZA-00016666,1,SKU89687,ZAV00521,1,647.94,134.62
ZA-00016667,1,SKU58211,ZAV00500,1,1890.99,118.8
ZA-00016668,1,SKU77966,ZAV00196,1,767.59,43.2
ZA-00016669,1,SKU41465,ZAV00724,1,1017.79,161.49
ZA-00016670,1,SKU59735,ZAV00082,1,357.3,40.64
ZA-00016671,1,SKU85936,ZAV00002,1,150.38,175.17
ZA-00016671,2,SKU42844,ZAV00791,1,1229.05,70.18
ZA-00016672,1,SKU31055,ZAV00050,1,1437.36,95.96
ZA-00016673,1,SKU86010,ZAV00576,1,952.85,95.57
ZA-00016674,1,SKU59829,ZAV00685,1,1320.15,169.41
ZA-00016675,1,SKU78171,ZAV00689,1,535.63,94.72
ZA-00016675,2,SKU36609,ZAV00449,2,538.45,98.19
ZA-00016676,1,SKU61661,ZAV00695,1,237.38,136.56
ZA-00016677,1,SKU97710,ZAV00152,1,1147.47,135.15
ZA-00016677,2,SKU39499,ZAV00512,1,331.58,137.78
ZA-00016678,1,SKU14666,ZAV00305,1,273.88,36.64
ZA-00016679,1,SKU74315,ZAV00221,3,446.88,113.77
ZA-00016679,2,SKU68113,ZAV00183,1,184.59,109.73
ZA-00016680,1,SKU89396,ZAV00216,2,230.27,162.4
ZA-00016681,1,SKU16820,ZAV00107,1,712.21,136.28
ZA-00016682,1,SKU77228,ZAV00088,1,2282.68,123.33
ZA-00016683,1,SKU51596,ZAV00637,1,193.08,108.79
ZA-00016684,1,SKU23856,ZAV00413,1,303.1,158.93
ZA-00016685,1,SKU47496,ZAV00799,1,777.46,118.17
ZA-00016685,2,SKU23410,ZAV00662,2,192.15,150.76
ZA-00016686,1,SKU58718,ZAV00022,2,505.59,155.69
ZA-00016686,2,SKU65501,ZAV00733,1,445.55,116.12
ZA-00016687,1,SKU41769,ZAV00050,1,500.99,106.65
ZA-00016688,1,SKU86379,ZAV00516,1,602.86,41.41
ZA-00016689,1,SKU97233,ZAV00743,2,404.11,88.28
ZA-00016690,1,SKU79662,ZAV00150,1,168.1,143.7
ZA-00016691,1,SKU48230,ZAV00203,1,220.45,154.39
ZA-00016692,1,SKU74772,ZAV00545,1,538.06,96.4
ZA-00016693,1,SKU91100,ZAV00667,1,657.12,70.32
ZA-00016693,2,SKU35550,ZAV00341,1,557.31,74.95
ZA-00016694,1,SKU79835,ZAV00435,1,620.76,111.06
ZA-00016695,1,SKU40932,ZAV00337,1,704.66,68.84
ZA-00016696,1,SKU72680,ZAV00630,2,521.86,132.52
ZA-00016697,1,SKU88412,ZAV00779,1,306.97,67.97
ZA-00016697,2,SKU97785,ZAV00460,2,204.06,95.86
ZA-00016698,1,SKU51899,ZAV00522,1,287.95,85.92
ZA-00016699,1,SKU26665,ZAV00268,1,762.76,44.04
ZA-00016700,1,SKU99811,ZAV00795,1,351.59,115.75
ZA-00016701,1,SKU68820,ZAV00528,1,137.29,100.14
ZA-00016701,2,SKU21704,ZAV00450,1,302.56,152.8
ZA-00016702,1,SKU75815,ZAV00044,1,99.28,155.47
ZA-00016702,2,SKU24214,ZAV00049,1,498.94,91.73
ZA-00016703,1,SKU48150,ZAV00522,1,259.02,91.98
ZA-00016704,1,SKU48124,ZAV00382,1,172.14,159.8
ZA-00016705,1,SKU78426,ZAV00717,1,359.52,52.98
ZA-00016706,1,SKU79085,ZAV00354,1,648.09,138.56
ZA-00016706,2,SKU99006,ZAV00635,1,914.57,156.34
ZA-00016707,1,SKU43026,ZAV00294,1,313.36,61.12
ZA-00016708,1,SKU97850,ZAV00150,1,558.8,174.22
ZA-00016709,1,SKU24660,ZAV00180,1,356.72,161.2
ZA-00016709,2,SKU99372,ZAV00607,1,643.91,76.49
ZA-00016710,1,SKU45945,ZAV00122,2,1559.79,71.51
ZA-00016711,1,SKU32453,ZAV00434,1,523.68,133.62
ZA-00016712,1,SKU38819,ZAV00291,1,450.07,51.32
ZA-00016713,1,SKU30733,ZAV00234,2,152.79,56.14
ZA-00016714,1,SKU97721,ZAV00142,2,285.42,88.05
ZA-00016715,1,SKU64698,ZAV00527,1,259.42,97.49
ZA-00016715,2,SKU14421,ZAV00422,1,870.78,61.1
ZA-00016715,3,SKU92940,ZAV00712,1,640.14,136.12
ZA-00016716,1,SKU65795,ZAV00761,1,811.9,136.76
ZA-00016717,1,SKU52981,ZAV00133,1,340.48,54.07
ZA-00016718,1,SKU90632,ZAV00092,1,687.68,171.9
ZA-00016719,1,SKU62378,ZAV00695,1,728.99,100.13
ZA-00016720,1,SKU64320,ZAV00043,1,167.36,104.5
ZA-00016721,1,SKU92953,ZAV00003,1,750.74,118.15
ZA-00016722,1,SKU14362,ZAV00406,1,112.54,94.02
ZA-00016723,1,SKU42231,ZAV00451,1,1722.68,130.54
ZA-00016724,1,SKU15224,ZAV00620,1,312.71,47.15
ZA-00016724,2,SKU11176,ZAV00003,1,541.53,134.37
ZA-00016725,1,SKU51855,ZAV00292,2,231.03,65.27
ZA-00016725,2,SKU72896,ZAV00506,1,248.33,134.13
ZA-00016725,3,SKU83926,ZAV00381,1,112.02,66.86
ZA-00016726,1,SKU47522,ZAV00374,1,278.65,97.76
ZA-00016726,2,SKU33277,ZAV00606,1,524.43,42.41
ZA-00016727,1,SKU39973,ZAV00184,1,1331.31,93.15
ZA-00016728,1,SKU84162,ZAV00334,1,545.6,93.74
ZA-00016729,1,SKU58692,ZAV00323,1,424.32,75.77
ZA-00016730,1,SKU61238,ZAV00343,2,549.32,161.94
ZA-00016730,2,SKU98619,ZAV00575,2,1528.51,68.89
ZA-00016730,3,SKU80456,ZAV00412,1,109.15,95.11
ZA-00016731,1,SKU75489,ZAV00432,1,198.65,101.42
ZA-00016732,1,SKU25443,ZAV00274,1,274.43,106.94
ZA-00016733,1,SKU81022,ZAV00786,1,96.34,172.37
ZA-00016733,2,SKU47231,ZAV00489,1,441.34,169.15
ZA-00016734,1,SKU34224,ZAV00358,1,1931.4,53.44
ZA-00016734,2,SKU59030,ZAV00121,1,106.3,53.19
ZA-00016735,1,SKU21224,ZAV00391,1,802.99,76.09
ZA-00016735,2,SKU44536,ZAV00445,2,453.21,160.17
ZA-00016736,1,SKU23699,ZAV00324,1,357.34,79.35
ZA-00016736,2,SKU89820,ZAV00194,1,3305.91,107.66
ZA-00016737,1,SKU64325,ZAV00748,2,450.07,179.62
ZA-00016738,1,SKU63400,ZAV00280,1,817.32,48.69
ZA-00016739,1,SKU70833,ZAV00674,1,774.2,58.34
ZA-00016740,1,SKU31629,ZAV00483,1,274.31,61.15
ZA-00016741,1,SKU26445,ZAV00413,1,277.76,118.96
ZA-00016742,1,SKU99070,ZAV00067,1,659.7,77.76
ZA-00016743,1,SKU19414,ZAV00308,1,234.67,133.65
ZA-00016744,1,SKU71067,ZAV00143,3,280.01,131.64
ZA-00016744,2,SKU26722,ZAV00215,1,668.73,52.96
ZA-00016745,1,SKU46645,ZAV00451,1,692.14,126.24
ZA-00016746,1,SKU16748,ZAV00656,1,417.06,72.36
ZA-00016747,1,SKU27784,ZAV00396,1,339.8,145.33
ZA-00016748,1,SKU55092,ZAV00698,1,299.45,143.73
ZA-00016749,1,SKU60472,ZAV00143,1,408.13,56.94
ZA-00016750,1,SKU71024,ZAV00090,1,276.93,129.64
ZA-00016751,1,SKU68251,ZAV00472,1,7029.68,163.17
