ord_ref,line_no,sku,vendor_code,qty,unit_price_zar,delivery_fee_zar
ZA-00020991,1,SKU99390,ZAV00589,1,82.98,116.51
ZA-00020991,2,SKU99954,ZAV00614,1,300.33,157.71
ZA-00020992,1,SKU14722,ZAV00769,1,86.16,49.66
ZA-00020993,1,SKU10495,ZAV00595,1,893.14,112.32
ZA-00020994,1,SKU38840,ZAV00236,1,836.68,100.22
ZA-00020995,1,SKU30483,ZAV00416,1,1099.76,90.24
ZA-00020995,2,SKU17325,ZAV00531,1,191.9,115.42
ZA-00020996,1,SKU98245,ZAV00297,2,147.52,67.67
ZA-00020997,1,SKU65400,ZAV00103,1,214.99,174.94
ZA-00020997,2,SKU59548,ZAV00289,2,236.44,108.91
ZA-00020997,3,SKU97725,ZAV00023,1,145.5,69.35
ZA-00020998,1,SKU20643,ZAV00138,1,793.95,129.37
ZA-00020999,1,SKU60674,ZAV00736,1,272.41,47.4
ZA-00021000,1,SKU74270,ZAV00017,1,352.12,108.89
ZA-00021001,1,SKU68976,ZAV00183,1,1315.83,136.3
ZA-00021001,2,SKU49370,ZAV00538,1,160.03,97.36
ZA-00021001,3,SKU65982,ZAV00072,1,198.6,73.46
ZA-00021002,1,SKU14124,ZAV00130,3,454.12,122.7
ZA-00021003,1,SKU14461,ZAV00598,1,655.61,148.53
ZA-00021004,1,SKU43300,ZAV00577,1,619.48,51.38
ZA-00021004,2,SKU18660,ZAV00139,1,269.39,120.58
ZA-00021005,1,SKU29240,ZAV00136,1,592.32,94.36
ZA-00021005,2,SKU82174,ZAV00399,1,1060.23,113.41
ZA-00021006,1,SKU20666,ZAV00256,1,248.9,155.05
ZA-00021007,1,SKU87373,ZAV00699,1,506.18,72.0
ZA-00021008,1,SKU66020,ZAV00490,1,109.35,58.38
ZA-00021009,1,SKU14764,ZAV00405,1,100.28,178.36
ZA-00021010,1,SKU83800,ZAV00537,1,282.65,40.59
ZA-00021011,1,SKU38071,ZAV00041,1,625.45,61.29
ZA-00021012,1,SKU78685,ZAV00223,1,144.51,130.79
ZA-00021013,1,SKU43944,ZAV00200,1,759.69,72.54
ZA-00021014,1,SKU84589,ZAV00723,2,509.4,62.36
ZA-00021015,1,SKU25624,ZAV00735,1,641.62,77.87
ZA-00021016,1,SKU18177,ZAV00380,1,310.89,179.83
ZA-00021017,1,SKU60749,ZAV00602,1,155.44,142.14
ZA-00021017,2,SKU73382,ZAV00554,3,815.95,142.02
ZA-00021017,3,SKU37545,ZAV00165,1,296.8,86.14
ZA-00021018,1,SKU61635,ZAV00526,1,464.8,44.05
ZA-00021019,1,SKU67885,ZAV00287,1,59.66,123.35
ZA-00021020,1,SKU52825,ZAV00348,1,188.03,154.13
ZA-00021021,1,SKU64964,ZAV00160,1,353.6,43.94
ZA-00021022,1,SKU45809,ZAV00035,1,241.8,56.73
ZA-00021023,1,SKU90586,ZAV00138,1,1202.59,74.98
ZA-00021024,1,SKU83597,ZAV00384,1,1320.63,137.31
ZA-00021025,1,SKU21845,ZAV00262,1,845.89,128.49
ZA-00021026,1,SKU25152,ZAV00722,1,544.32,133.03
ZA-00021027,1,SKU19516,ZAV00222,2,760.34,136.36
ZA-00021028,1,SKU92154,ZAV00042,2,223.76,104.7
ZA-00021029,1,SKU22945,ZAV00302,1,467.62,176.04
ZA-00021029,2,SKU72294,ZAV00245,2,147.76,40.07
ZA-00021029,3,SKU52757,ZAV00625,1,276.13,130.65
ZA-00021030,1,SKU31756,ZAV00078,1,477.98,48.47
ZA-00021030,2,SKU63893,ZAV00768,1,554.06,37.9
ZA-00021031,1,SKU21444,ZAV00494,1,422.01,98.87
ZA-00021031,2,SKU51612,ZAV00451,2,481.69,130.36
ZA-00021032,1,SKU50714,ZAV00677,1,250.98,118.13
ZA-00021033,1,SKU46700,ZAV00091,2,107.06,120.52
ZA-00021034,1,SKU33358,ZAV00334,1,237.89,80.38
ZA-00021035,1,SKU23050,ZAV00635,1,200.36,62.77
ZA-00021036,1,SKU26420,ZAV00656,1,2234.92,61.47
ZA-00021037,1,SKU75232,ZAV00214,1,2211.58,51.2
ZA-00021038,1,SKU67849,ZAV00329,1,230.84,151.0
ZA-00021038,2,SKU91285,ZAV00113,3,1028.62,121.21
ZA-00021039,1,SKU92662,ZAV00020,1,1353.83,37.8
ZA-00021040,1,SKU87591,ZAV00075,1,124.77,74.04
ZA-00021041,1,SKU17043,ZAV00487,2,1901.23,48.75
ZA-00021042,1,SKU67076,ZAV00732,1,297.38,49.38
ZA-00021042,2,SKU28249,ZAV00247,1,530.55,46.78
ZA-00021043,1,SKU48779,ZAV00627,1,1460.29,74.64
ZA-00021043,2,SKU17978,ZAV00612,1,373.75,82.37
ZA-00021044,1,SKU78898,ZAV00612,1,1327.13,103.29
ZA-00021045,1,SKU40947,ZAV00308,1,281.01,124.16
ZA-00021046,1,SKU39372,ZAV00108,2,513.56,140.31
ZA-00021047,1,SKU63644,ZAV00329,1,294.69,174.38
ZA-00021048,1,SKU25421,ZAV00006,1,753.17,97.55
ZA-00021048,2,SKU61266,ZAV00516,1,571.31,65.79
ZA-00021048,3,SKU60212,ZAV00437,2,586.88,114.52
ZA-00021049,1,SKU62789,ZAV00127,1,407.56,143.86
ZA-00021050,1,SKU17080,ZAV00375,1,203.92,88.06
ZA-00021051,1,SKU46235,ZAV00671,1,459.92,85.0
ZA-00021052,1,SKU47276,ZAV00539,2,166.94,70.06
ZA-00021053,1,SKU66819,ZAV00708,1,673.02,96.3
ZA-00021054,1,SKU64675,ZAV00796,1,2013.29,101.06
ZA-00021054,2,SKU59381,ZAV00256,1,271.61,173.95
ZA-00021055,1,SKU10518,ZAV00472,1,63.52,120.71
ZA-00021056,1,SKU97940,ZAV00068,1,865.1,82.07
ZA-00021057,1,SKU24554,ZAV00505,1,625.81,112.46
ZA-00021058,1,SKU85592,ZAV00568,1,789.58,73.73
ZA-00021059,1,SKU76871,ZAV00688,1,302.92,40.18
ZA-00021060,1,SKU14257,ZAV00480,1,264.82,91.55
ZA-00021061,1,SKU59088,ZAV00274,1,990.03,127.77
ZA-00021062,1,SKU98611,ZAV00580,1,790.38,173.9
ZA-00021063,1,SKU92631,ZAV00351,1,588.75,161.05
ZA-00021064,1,SKU50055,ZAV00732,1,173.55,149.26
ZA-00021065,1,SKU40117,ZAV00318,1,355.64,69.35
ZA-00021066,1,SKU48276,ZAV00406,1,272.12,163.2
ZA-00021066,2,SKU77840,ZAV00095,1,153.2,114.92
ZA-00021067,1,SKU89983,ZAV00157,1,323.4,62.1
ZA-00021068,1,SKU78288,ZAV00015,1,1371.44,98.7
ZA-00021069,1,SKU27069,ZAV00229,2,624.76,72.1
ZA-00021069,2,SKU48562,ZAV00098,1,480.47,86.45
ZA-00021070,1,SKU68887,ZAV00496,1,1095.81,115.96
ZA-00021071,1,SKU61410,ZAV00516,1,1220.6,166.67
ZA-00021072,1,SKU35923,ZAV00075,1,1615.93,87.99
ZA-00021073,1,SKU67707,ZAV00677,2,1117.65,51.15
ZA-00021074,1,SKU42421,ZAV00395,1,396.75,144.72
ZA-00021075,1,SKU41567,ZAV00304,1,1135.78,103.15
ZA-00021076,1,SKU18323,ZAV00332,1,573.46,124.3
ZA-00021077,1,SKU77392,ZAV00380,1,670.59,154.9
ZA-00021078,1,SKU58224,ZAV00182,1,503.9,112.45
ZA-00021079,1,SKU69651,ZAV00501,2,446.58,85.86
ZA-00021079,2,SKU64015,ZAV00253,1,647.32,161.62
ZA-00021080,1,SKU15686,ZAV00146,2,302.41,44.61
ZA-00021081,1,SKU51525,ZAV00592,1,3370.14,144.75
ZA-00021082,1,SKU75027,ZAV00519,1,421.74,72.82
ZA-00021083,1,SKU42917,ZAV00723,1,801.74,90.38
ZA-00021084,1,SKU21011,ZAV00198,1,196.35,103.76
ZA-00021085,1,SKU43455,ZAV00571,1,119.73,100.66
ZA-00021086,1,SKU40275,ZAV00331,1,388.08,36.55
ZA-00021087,1,SKU32942,ZAV00293,1,346.99,120.01
ZA-00021088,1,SKU56990,ZAV00780,1,151.84,176.22
ZA-00021089,1,SKU40448,ZAV00762,1,591.05,78.35
ZA-00021089,2,SKU75763,ZAV00745,1,310.73,109.97
ZA-00021090,1,SKU99469,ZAV00109,1,1187.05,141.29
ZA-00021091,1,SKU24477,ZAV00446,1,1342.82,74.99
ZA-00021091,2,SKU70100,ZAV00126,1,339.9,147.98
ZA-00021091,3,SKU64670,ZAV00307,1,245.08,121.32
ZA-00021092,1,SKU95493,ZAV00081,1,267.59,96.48
ZA-00021093,1,SKU58017,ZAV00351,1,529.84,155.62
ZA-00021094,1,SKU65527,ZAV00283,1,1872.13,76.97
ZA-00021095,1,SKU15996,ZAV00578,1,503.32,140.47
ZA-00021096,1,SKU32286,ZAV00625,1,1327.58,58.42
ZA-00021097,1,SKU66288,ZAV00572,1,335.33,138.43
ZA-00021098,1,SKU68975,ZAV00314,1,1072.94,68.1
ZA-00021099,1,SKU65488,ZAV00291,1,1348.87,93.1
ZA-00021100,1,SKU10332,ZAV00127,1,204.95,148.05
ZA-00021100,2,SKU37127,ZAV00776,1,578.35,89.54
ZA-00021101,1,SKU92436,ZAV00192,1,629.74,35.11
ZA-00021101,2,SKU49471,ZAV00738,1,195.73,171.25
ZA-00021102,1,SKU60350,ZAV00169,1,379.76,154.32
ZA-00021103,1,SKU96947,ZAV00557,3,328.72,94.96
ZA-00021104,1,SKU91656,ZAV00268,1,1473.72,165.18
ZA-00021105,1,SKU80514,ZAV00774,1,243.28,113.06
ZA-00021106,1,SKU85447,ZAV00459,1,430.74,96.27
ZA-00021106,2,SKU62512,ZAV00793,1,1878.3,145.71
ZA-00021107,1,SKU26260,ZAV00676,1,688.68,128.91
ZA-00021107,2,SKU36222,ZAV00771,2,456.03,66.1
ZA-00021107,3,SKU70954,ZAV00639,2,292.32,134.8
ZA-00021108,1,SKU70153,ZAV00474,2,1549.76,106.65
ZA-00021109,1,SKU76784,ZAV00442,1,396.41,124.25
ZA-00021109,2,SKU86453,ZAV00631,1,2176.9,102.83
ZA-00021110,1,SKU19285,ZAV00588,1,993.52,101.43
ZA-00021110,2,SKU82901,ZAV00457,1,1684.1,89.06
ZA-00021111,1,SKU21645,ZAV00210,1,268.36,164.37
ZA-00021112,1,SKU31529,ZAV00545,1,544.3,110.49
ZA-00021113,1,SKU14750,ZAV00515,1,923.74,66.88
ZA-00021114,1,SKU41630,ZAV00617,1,1027.78,158.05
ZA-00021115,1,SKU84040,ZAV00795,2,531.0,153.01
ZA-00021116,1,SKU23127,ZAV00052,1,1727.62,146.75
ZA-00021117,1,SKU58537,ZAV00797,1,229.24,106.7
ZA-00021117,2,SKU36737,ZAV00074,1,315.36,122.11
ZA-00021118,1,SKU13457,ZAV00526,1,451.9,103.82
ZA-00021119,1,SKU90332,ZAV00614,1,570.49,133.71
ZA-00021119,2,SKU67364,ZAV00551,1,351.0,105.86
ZA-00021120,1,SKU94302,ZAV00003,1,851.34,151.75
ZA-00021121,1,SKU63659,ZAV00291,1,508.81,119.18
ZA-00021122,1,SKU96318,ZAV00485,1,897.64,110.35
ZA-00021123,1,SKU70675,ZAV00765,1,332.68,122.64
ZA-00021124,1,SKU31465,ZAV00024,3,673.14,61.37
ZA-00021125,1,SKU24079,ZAV00229,1,960.92,89.01
ZA-00021126,1,SKU65576,ZAV00428,1,1032.76,104.12
ZA-00021127,1,SKU36404,ZAV00409,2,467.95,79.13
ZA-00021128,1,SKU22623,ZAV00222,1,478.75,99.22
ZA-00021129,1,SKU81486,ZAV00599,1,1102.36,85.33
ZA-00021129,2,SKU97735,ZAV00545,2,469.71,106.92
ZA-00021130,1,SKU60889,ZAV00062,1,139.66,122.01
ZA-00021131,1,SKU81263,ZAV00457,1,261.94,108.66
ZA-00021131,2,SKU58425,ZAV00794,1,330.94,170.7
ZA-00021132,1,SKU95608,ZAV00395,1,1150.15,174.33
ZA-00021133,1,SKU15086,ZAV00324,2,577.74,90.4
ZA-00021134,1,SKU42688,ZAV00607,1,1344.32,87.24
ZA-00021135,1,SKU23431,ZAV00709,1,397.77,54.16
ZA-00021136,1,SKU21652,ZAV00082,1,231.68,45.41
ZA-00021137,1,SKU74074,ZAV00010,1,585.53,145.06
ZA-00021138,1,SKU50114,ZAV00030,1,416.48,74.15
ZA-00021139,1,SKU57755,ZAV00235,1,154.97,87.41
ZA-00021139,2,SKU53726,ZAV00406,1,3156.92,153.72
ZA-00021140,1,SKU79552,ZAV00635,1,527.25,156.96
ZA-00021141,1,SKU66642,ZAV00061,2,1224.33,50.77
ZA-00021142,1,SKU14753,ZAV00533,1,447.65,176.72
ZA-00021142,2,SKU26018,ZAV00126,1,844.52,118.75
ZA-00021143,1,SKU82389,ZAV00751,1,194.39,66.18
ZA-00021143,2,SKU70140,ZAV00785,1,218.67,106.49
ZA-00021144,1,SKU50134,ZAV00730,2,160.28,176.86
ZA-00021144,2,SKU86230,ZAV00016,1,269.87,166.34
ZA-00021144,3,SKU89891,ZAV00384,1,93.79,53.61
ZA-00021145,1,SKU32695,ZAV00757,1,285.98,138.88
ZA-00021146,1,SKU39195,ZAV00733,2,1291.58,81.95
ZA-00021147,1,SKU81622,ZAV00448,1,354.74,122.07
ZA-00021148,1,SKU49974,ZAV00742,1,1951.38,118.73
ZA-00021149,1,SKU53429,ZAV00778,1,1367.95,150.71
ZA-00021150,1,SKU51796,ZAV00084,1,450.05,162.84
ZA-00021150,2,SKU14728,ZAV00137,1,847.56,123.8
ZA-00021151,1,SKU13958,ZAV00403,1,75.85,44.83
ZA-00021152,1,SKU34369,ZAV00756,2,485.39,113.44
ZA-00021153,1,SKU62869,ZAV00186,1,94.88,111.83
ZA-00021153,2,SKU36958,ZAV00097,1,288.57,98.54
ZA-00021153,3,SKU20019,ZAV00227,1,251.08,165.23
ZA-00021154,1,SKU51280,ZAV00599,1,604.97,145.86
ZA-00021155,1,SKU37258,ZAV00773,3,459.34,164.6
ZA-00021156,1,SKU18056,ZAV00552,1,386.21,160.35
ZA-00021157,1,SKU30100,ZAV00138,1,783.3,53.53
ZA-00021158,1,SKU38686,ZAV00142,1,989.89,143.37
ZA-00021158,2,SKU81920,ZAV00006,1,553.39,106.2
ZA-00021159,1,SKU85060,ZAV00461,1,304.52,114.22
ZA-00021160,1,SKU53885,ZAV00174,1,281.56,114.17
ZA-00021161,1,SKU17475,ZAV00604,1,648.64,108.01
ZA-00021161,2,SKU38729,ZAV00598,1,216.33,75.15
ZA-00021162,1,SKU10676,ZAV00477,1,499.4,81.73
ZA-00021163,1,SKU22635,ZAV00106,2,644.94,91.37
ZA-00021164,1,SKU54056,ZAV00559,1,3527.89,172.24
ZA-00021164,2,SKU10430,ZAV00288,2,291.1,69.18
ZA-00021165,1,SKU43713,ZAV00596,2,231.99,132.35
ZA-00021165,2,SKU66279,ZAV00512,1,685.24,53.09
ZA-00021165,3,SKU77718,ZAV00707,1,721.55,145.76
ZA-00021166,1,SKU61138,ZAV00508,2,266.03,144.12
ZA-00021167,1,SKU95202,ZAV00116,2,46.98,139.83
ZA-00021168,1,SKU27077,ZAV00564,1,574.1,132.06
ZA-00021169,1,SKU49851,ZAV00098,1,165.82,103.91
ZA-00021170,1,SKU35187,ZAV00183,1,540.74,143.59
ZA-00021171,1,SKU89662,ZAV00102,1,603.79,99.95
ZA-00021171,2,SKU61090,ZAV00610,1,225.83,115.48
ZA-00021172,1,SKU96669,ZAV00143,1,562.91,119.62
ZA-00021173,1,SKU15636,ZAV00160,1,189.08,148.93
ZA-00021174,1,SKU40647,ZAV00681,2,733.34,174.56
ZA-00021175,1,SKU12410,ZAV00771,3,207.65,83.18
ZA-00021176,1,SKU96421,ZAV00086,1,966.2,144.76
ZA-00021177,1,SKU59861,ZAV00694,1,218.24,163.55
ZA-00021177,2,SKU82146,ZAV00398,1,783.3,82.69
ZA-00021178,1,SKU97617,ZAV00550,1,2091.99,168.7
ZA-00021179,1,SKU80442,ZAV00233,1,878.82,95.58
ZA-00021180,1,SKU55063,ZAV00035,1,3243.0,86.46
ZA-00021180,2,SKU95180,ZAV00314,2,181.73,178.43
ZA-00021181,1,SKU20059,ZAV00384,1,357.37,35.72
ZA-00021181,2,SKU68623,ZAV00349,1,529.83,66.21
ZA-00021182,1,SKU40591,ZAV00440,1,1113.85,159.29
ZA-00021183,1,SKU32327,ZAV00796,3,1563.97,107.61
ZA-00021184,1,SKU15073,ZAV00205,1,974.73,74.7
ZA-00021184,2,SKU87470,ZAV00406,1,269.52,57.19
ZA-00021184,3,SKU65053,ZAV00603,1,604.1,153.16
ZA-00021185,1,SKU91453,ZAV00557,1,465.89,122.57
ZA-00021186,1,SKU49701,ZAV00170,2,761.67,94.93
ZA-00021187,1,SKU79301,ZAV00358,1,1076.18,51.19
ZA-00021188,1,SKU72259,ZAV00786,1,419.64,41.11
ZA-00021189,1,SKU74687,ZAV00653,1,69.64,76.97
ZA-00021190,1,SKU50219,ZAV00670,1,662.97,159.93
ZA-00021191,1,SKU64004,ZAV00675,1,294.61,135.0
ZA-00021192,1,SKU41195,ZAV00650,1,185.82,157.8
ZA-00021193,1,SKU67370,ZAV00139,1,158.09,51.0
ZA-00021194,1,SKU10563,ZAV00329,1,257.61,117.3
ZA-00021195,1,SKU36288,ZAV00684,2,675.39,158.06
ZA-00021196,1,SKU11529,ZAV00735,3,491.14,102.47
ZA-00021197,1,SKU48424,ZAV00043,2,503.28,46.75
ZA-00021197,2,SKU14727,ZAV00065,1,438.85,150.17
ZA-00021198,1,SKU13989,ZAV00146,1,196.56,120.11
ZA-00021198,2,SKU84009,ZAV00261,1,699.92,108.94
ZA-00021198,3,SKU46387,ZAV00209,1,333.14,161.01
ZA-00021199,1,SKU74615,ZAV00398,2,1591.47,90.71
ZA-00021200,1,SKU25073,ZAV00466,1,872.03,51.44
ZA-00021201,1,SKU93091,ZAV00235,1,684.21,172.32
ZA-00021202,1,SKU61406,ZAV00235,1,587.63,144.21
ZA-00021203,1,SKU63336,ZAV00402,1,112.13,60.98
ZA-00021204,1,SKU99583,ZAV00551,1,859.29,43.35
ZA-00021205,1,SKU67458,ZAV00469,1,443.59,124.01
ZA-00021206,1,SKU52248,ZAV00533,1,305.98,60.99
ZA-00021207,1,SKU80993,ZAV00174,1,2069.45,77.67
ZA-00021208,1,SKU42414,ZAV00553,1,1021.31,157.13
ZA-00021209,1,SKU62120,ZAV00392,1,529.69,135.58
ZA-00021209,2,SKU71480,ZAV00277,1,489.41,174.65
ZA-00021210,1,SKU74838,ZAV00620,1,131.58,179.31
ZA-00021210,2,SKU61738,ZAV00224,1,426.43,151.18
ZA-00021211,1,SKU13224,ZAV00712,1,426.36,55.63
ZA-00021212,1,SKU84624,ZAV00716,1,1470.18,36.78
ZA-00021213,1,SKU51867,ZAV00394,1,226.07,88.64
ZA-00021214,1,SKU82675,ZAV00417,1,661.98,42.97
ZA-00021215,1,SKU32841,ZAV00591,1,116.09,80.73
ZA-00021216,1,SKU37943,ZAV00043,1,1261.92,129.91
ZA-00021217,1,SKU28947,ZAV00122,1,2059.42,156.77
ZA-00021218,1,SKU21066,ZAV00701,1,954.74,94.31
ZA-00021219,1,SKU59475,ZAV00171,1,1895.83,161.09
ZA-00021219,2,SKU34473,ZAV00003,1,257.02,86.74
ZA-00021220,1,SKU95554,ZAV00035,1,278.75,57.12
ZA-00021221,1,SKU91375,ZAV00492,1,323.23,93.4
ZA-00021222,1,SKU65580,ZAV00353,1,301.49,154.1
ZA-00021223,1,SKU87479,ZAV00789,1,899.43,58.03
ZA-00021224,1,SKU28754,ZAV00093,1,401.54,60.28
ZA-00021225,1,SKU27793,ZAV00059,1,102.05,150.42
ZA-00021226,1,SKU92645,ZAV00243,2,591.39,171.09
ZA-00021227,1,SKU56957,ZAV00336,1,210.55,62.08
ZA-00021228,1,SKU91037,ZAV00629,1,650.45,124.38
ZA-00021229,1,SKU45579,ZAV00279,1,1150.25,102.53
ZA-00021229,2,SKU89536,ZAV00112,1,335.86,55.34
ZA-00021229,3,SKU90102,ZAV00223,1,505.24,111.43
ZA-00021230,1,SKU28090,ZAV00164,1,785.45,100.33
ZA-00021231,1,SKU60691,ZAV00134,1,1298.28,72.15
ZA-00021231,2,SKU57875,ZAV00149,1,1278.16,164.07
ZA-00021231,3,SKU69457,ZAV00239,1,1950.65,58.77
ZA-00021232,1,SKU68350,ZAV00046,2,261.52,93.66
ZA-00021232,2,SKU89836,ZAV00695,1,1780.25,86.45
ZA-00021233,1,SKU30663,ZAV00476,1,493.54,54.43
ZA-00021233,2,SKU49990,ZAV00720,1,1159.38,54.14
ZA-00021234,1,SKU67223,ZAV00189,2,375.3,150.06
ZA-00021235,1,SKU23714,ZAV00768,1,228.52,112.4
ZA-00021236,1,SKU30164,ZAV00145,1,60.18,74.9
ZA-00021236,2,SKU63328,ZAV00605,2,1066.96,101.01
ZA-00021237,1,SKU20823,ZAV00111,1,570.56,161.03
ZA-00021238,1,SKU77729,ZAV00463,1,1805.1,153.92
ZA-00021239,1,SKU49692,ZAV00335,1,463.34,87.26
ZA-00021239,2,SKU51388,ZAV00679,1,1670.21,89.37
ZA-00021240,1,SKU96015,ZAV00396,1,478.25,132.11
ZA-00021241,1,SKU85437,ZAV00113,1,922.01,138.24
ZA-00021242,1,SKU99121,ZAV00793,1,275.03,62.12
ZA-00021243,1,SKU96974,ZAV00549,1,197.03,138.11
ZA-00021244,1,SKU83133,ZAV00323,1,256.82,92.89
ZA-00021245,1,SKU49966,ZAV00027,1,184.2,80.22
ZA-00021246,1,SKU18682,ZAV00010,1,380.54,51.11
ZA-00021247,1,SKU61737,ZAV00046,1,215.77,144.64
ZA-00021247,2,SKU66506,ZAV00531,1,250.5,145.4
ZA-00021248,1,SKU14892,ZAV00686,1,869.28,144.06
ZA-00021249,1,SKU60062,ZAV00195,1,139.71,85.24
ZA-00021250,1,SKU53324,ZAV00622,1,227.0,56.56
ZA-00021251,1,SKU43278,ZAV00777,1,124.18,51.39
ZA-00021252,1,SKU84852,ZAV00674,2,421.66,138.85
ZA-00021252,2,SKU73549,ZAV00560,1,97.06,63.25
ZA-00021253,1,SKU75724,ZAV00376,1,581.61,116.1
ZA-00021254,1,SKU61736,ZAV00320,3,1603.62,146.24
ZA-00021255,1,SKU76379,ZAV00697,1,941.46,98.17
ZA-00021256,1,SKU17059,ZAV00564,1,1386.17,127.51
ZA-00021257,1,SKU12397,ZAV00608,1,1241.73,95.23
ZA-00021258,1,SKU90849,ZAV00295,1,413.08,160.79
ZA-00021259,1,SKU71738,ZAV00508,1,411.47,175.23
ZA-00021260,1,SKU69340,ZAV00607,1,70.08,39.67
ZA-00021261,1,SKU58677,ZAV00447,1,128.17,117.98
ZA-00021261,2,SKU91432,ZAV00186,1,324.68,178.84
ZA-00021262,1,SKU11833,ZAV00336,1,362.11,140.31
ZA-00021263,1,SKU58974,ZAV00543,2,1785.16,179.87
ZA-00021263,2,SKU50769,ZAV00775,1,33.04,77.8
ZA-00021264,1,SKU71388,ZAV00084,1,998.05,52.24
ZA-00021265,1,SKU24304,ZAV00459,1,348.55,74.67
ZA-00021266,1,SKU28177,ZAV00385,1,289.86,142.39
ZA-00021267,1,SKU69189,ZAV00754,1,263.28,80.29
ZA-00021268,1,SKU31593,ZAV00619,1,477.18,68.56
ZA-00021269,1,SKU71179,ZAV00286,1,1485.4,132.32
ZA-00021270,1,SKU25065,ZAV00657,1,429.43,109.5
ZA-00021271,1,SKU91054,ZAV00712,2,419.89,59.61
ZA-00021272,1,SKU44084,ZAV00341,1,541.19,150.54
ZA-00021272,2,SKU24809,ZAV00734,1,453.15,107.01
ZA-00021273,1,SKU90524,ZAV00457,1,738.84,145.02
ZA-00021274,1,SKU26770,ZAV00774,2,341.55,35.69
ZA-00021274,2,SKU70394,ZAV00664,1,316.57,64.95
ZA-00021275,1,SKU67770,ZAV00179,1,247.18,49.72
ZA-00021276,1,SKU61062,ZAV00503,1,1926.68,178.83
ZA-00021277,1,SKU95883,ZAV00207,1,257.55,179.51
ZA-00021277,2,SKU17067,ZAV00210,1,812.03,141.66
ZA-00021277,3,SKU52772,ZAV00516,1,679.75,126.29
ZA-00021278,1,SKU58711,ZAV00493,1,299.48,59.14
ZA-00021279,1,SKU63113,ZAV00517,1,203.15,112.5
ZA-00021280,1,SKU46469,ZAV00600,1,706.66,84.81
ZA-00021281,1,SKU84673,ZAV00234,1,1021.07,161.09
ZA-00021282,1,SKU80841,ZAV00008,2,1701.69,86.14
ZA-00021283,1,SKU51355,ZAV00266,1,3198.44,135.41
ZA-00021284,1,SKU49359,ZAV00538,1,230.51,169.07
ZA-00021285,1,SKU93014,ZAV00199,1,1929.45,95.81
ZA-00021285,2,SKU34145,ZAV00691,2,1527.77,43.98
ZA-00021286,1,SKU30832,ZAV00071,3,1542.86,102.83
ZA-00021287,1,SKU76388,ZAV00673,1,1375.05,134.35
ZA-00021288,1,SKU22052,ZAV00477,1,384.78,74.29
ZA-00021289,1,SKU76837,ZAV00043,2,640.3,175.18
ZA-00021290,1,SKU20210,ZAV00552,1,698.79,115.84
ZA-00021290,2,SKU78722,ZAV00268,1,576.14,149.3
ZA-00021291,1,SKU46594,ZAV00354,1,577.58,55.23
ZA-00021292,1,SKU50095,ZAV00576,1,720.24,135.49
ZA-00021293,1,SKU66272,ZAV00506,1,212.67,144.12
ZA-00021294,1,SKU74813,ZAV00223,1,158.68,57.56
ZA-00021295,1,SKU65517,ZAV00422,1,235.93,177.48
ZA-00021295,2,SKU83904,ZAV00502,2,334.7,118.99
ZA-00021296,1,SKU61598,ZAV00320,2,369.11,52.26
ZA-00021296,2,SKU76430,ZAV00408,1,391.74,113.08
ZA-00021297,1,SKU70354,ZAV00520,1,376.73,70.64
ZA-00021298,1,SKU14117,ZAV00043,1,216.13,141.55
ZA-00021299,1,SKU24890,ZAV00136,1,439.78,83.95
ZA-00021300,1,SKU91117,ZAV00094,2,238.13,155.58
ZA-00021300,2,SKU48949,ZAV00757,1,1238.76,101.26
ZA-00021301,1,SKU31224,ZAV00019,1,533.72,79.14
ZA-00021302,1,SKU80160,ZAV00601,1,629.79,175.84
ZA-00021303,1,SKU23173,ZAV00020,1,208.25,106.73
ZA-00021303,2,SKU59478,ZAV00194,1,99.95,98.82
ZA-00021304,1,SKU44157,ZAV00177,1,200.06,110.46
ZA-00021305,1,SKU82221,ZAV00079,1,262.3,161.26
ZA-00021306,1,SKU48666,ZAV00610,1,659.69,151.61
ZA-00021306,2,SKU91282,ZAV00053,1,43.23,171.49
ZA-00021307,1,SKU30772,ZAV00692,1,322.0,120.51
ZA-00021308,1,SKU51164,ZAV00089,1,1851.34,122.86
ZA-00021308,2,SKU26308,ZAV00592,2,449.68,165.32
ZA-00021308,3,SKU98611,ZAV00798,1,157.79,83.62
ZA-00021309,1,SKU29492,ZAV00013,1,59.27,48.05
ZA-00021310,1,SKU16149,ZAV00607,1,1000.86,121.17
ZA-00021311,1,SKU66484,ZAV00257,1,740.08,85.13
ZA-00021312,1,SKU50811,ZAV00722,1,109.65,135.04
ZA-00021312,2,SKU10068,ZAV00680,1,798.25,164.34
ZA-00021312,3,SKU13914,ZAV00614,1,281.72,174.77
ZA-00021313,1,SKU21709,ZAV00182,1,515.79,66.33
ZA-00021314,1,SKU39694,ZAV00509,1,371.31,94.15
ZA-00021315,1,SKU20541,ZAV00257,1,362.74,158.23
ZA-00021316,1,SKU23579,ZAV00211,1,856.21,151.78
ZA-00021317,1,SKU75235,ZAV00475,1,295.4,70.7
ZA-00021318,1,SKU22559,ZAV00789,1,338.75,42.67
ZA-00021319,1,SKU48561,ZAV00053,1,434.32,120.67
ZA-00021320,1,SKU30786,ZAV00769,1,89.99,48.74
ZA-00021321,1,SKU71251,ZAV00199,1,2062.16,81.04
ZA-00021322,1,SKU77600,ZAV00014,1,668.97,56.29
ZA-00021322,2,SKU71101,ZAV00550,1,1439.08,94.76
ZA-00021323,1,SKU66130,ZAV00316,1,185.58,148.37
ZA-00021324,1,SKU99504,ZAV00401,1,436.61,162.22
ZA-00021325,1,SKU68760,ZAV00677,1,249.46,65.06
ZA-00021326,1,SKU32193,ZAV00406,1,523.66,145.22
ZA-00021327,1,SKU50886,ZAV00598,1,444.41,98.22
ZA-00021327,2,SKU22465,ZAV00677,1,2117.07,128.9
ZA-00021328,1,SKU57421,ZAV00666,1,657.68,120.75
ZA-00021328,2,SKU38956,ZAV00233,1,366.73,154.04
ZA-00021328,3,SKU45063,ZAV00339,2,515.33,97.26
ZA-00021329,1,SKU91934,ZAV00572,1,657.05,81.0
ZA-00021330,1,SKU39806,ZAV00246,1,869.2,157.0
ZA-00021331,1,SKU38377,ZAV00132,1,2321.1,89.66
ZA-00021332,1,SKU81627,ZAV00758,3,116.72,88.36
ZA-00021332,2,SKU44188,ZAV00088,1,425.17,75.93
ZA-00021332,3,SKU39791,ZAV00145,1,1682.06,84.41
ZA-00021333,1,SKU29189,ZAV00126,1,639.69,161.14
ZA-00021334,1,SKU82832,ZAV00355,1,1715.8,153.57
ZA-00021334,2,SKU48167,ZAV00615,1,197.14,98.02
ZA-00021335,1,SKU59036,ZAV00258,1,376.74,153.03
ZA-00021336,1,SKU80808,ZAV00573,1,580.83,167.11
ZA-00021337,1,SKU38476,ZAV00756,1,98.31,47.19
ZA-00021338,1,SKU73230,ZAV00208,1,288.05,158.72
ZA-00021339,1,SKU80286,ZAV00511,1,113.42,119.89
ZA-00021340,1,SKU98500,ZAV00766,1,684.83,85.8
ZA-00021341,1,SKU64206,ZAV00294,1,248.68,124.57
ZA-00021342,1,SKU94797,ZAV00657,1,69.69,97.07
ZA-00021343,1,SKU97615,ZAV00543,1,803.92,152.22
ZA-00021343,2,SKU18481,ZAV00642,1,228.13,170.39
ZA-00021344,1,SKU67037,ZAV00778,3,770.25,96.75
ZA-00021345,1,SKU21540,ZAV00012,1,230.3,105.38
ZA-00021346,1,SKU82427,ZAV00661,1,632.13,105.87
ZA-00021347,1,SKU65429,ZAV00081,1,173.61,91.28
ZA-00021347,2,SKU47105,ZAV00507,1,3648.88,103.03
ZA-00021348,1,SKU41030,ZAV00364,1,249.52,82.26
ZA-00021349,1,SKU62026,ZAV00613,1,51.2,49.88
ZA-00021349,2,SKU79995,ZAV00140,1,211.81,48.95
ZA-00021350,1,SKU18194,ZAV00198,1,324.33,168.85
ZA-00021351,1,SKU19169,ZAV00634,1,3726.83,79.98
ZA-00021351,2,SKU23443,ZAV00670,1,833.96,55.09
ZA-00021352,1,SKU30635,ZAV00538,1,496.83,163.57
ZA-00021352,2,SKU65857,ZAV00404,1,268.05,124.59
ZA-00021353,1,SKU96559,ZAV00342,1,291.89,91.42
ZA-00021354,1,SKU22797,ZAV00132,1,608.31,110.83
ZA-00021355,1,SKU62726,ZAV00140,1,358.16,68.23
ZA-00021356,1,SKU22969,ZAV00009,1,152.33,69.9
ZA-00021357,1,SKU39432,ZAV00046,2,76.57,171.41
ZA-00021358,1,SKU59719,ZAV00756,1,840.1,88.13
ZA-00021359,1,SKU90377,ZAV00752,1,2784.25,145.74
ZA-00021360,1,SKU36712,ZAV00452,1,359.02,160.13
ZA-00021361,1,SKU11497,ZAV00173,1,204.91,162.33
ZA-00021362,1,SKU71117,ZAV00784,1,2590.46,169.16
ZA-00021363,1,SKU98437,ZAV00047,2,952.91,48.92
ZA-00021364,1,SKU97882,ZAV00015,3,204.69,36.62
ZA-00021365,1,SKU27096,ZAV00298,1,729.46,35.8
ZA-00021366,1,SKU80115,ZAV00478,1,2065.53,178.42
ZA-00021366,2,SKU33317,ZAV00636,2,661.16,112.94
ZA-00021367,1,SKU22639,ZAV00186,1,553.86,134.9
ZA-00021368,1,SKU39065,ZAV00663,1,450.04,43.89
ZA-00021369,1,SKU70095,ZAV00157,1,138.97,101.39
ZA-00021370,1,SKU27904,ZAV00364,2,1114.14,168.43
ZA-00021371,1,SKU72123,ZAV00797,2,293.27,173.23
ZA-00021372,1,SKU77599,ZAV00392,1,498.49,61.39
ZA-00021373,1,SKU25001,ZAV00666,1,105.06,41.84
ZA-00021374,1,SKU61549,ZAV00166,1,248.25,87.98
ZA-00021374,2,SKU43642,ZAV00127,2,411.7,79.37
ZA-00021374,3,SKU60385,ZAV00082,1,1519.8,60.51
ZA-00021375,1,SKU62123,ZAV00220,1,84.97,42.89
ZA-00021375,2,SKU11690,ZAV00581,1,329.7,161.59
ZA-00021376,1,SKU52513,ZAV00262,1,176.26,66.01
ZA-00021377,1,SKU41659,ZAV00409,1,829.56,123.77
ZA-00021378,1,SKU59912,ZAV00542,3,318.72,121.22
ZA-00021379,1,SKU77499,ZAV00075,1,258.65,151.71
ZA-00021380,1,SKU68592,ZAV00453,1,974.15,157.22
ZA-00021381,1,SKU24099,ZAV00167,2,523.99,103.97
ZA-00021382,1,SKU54035,ZAV00423,1,997.16,178.65
ZA-00021382,2,SKU40774,ZAV00320,2,420.13,78.82
ZA-00021382,3,SKU80475,ZAV00763,1,268.62,167.55
ZA-00021383,1,SKU23872,ZAV00238,1,164.56,153.47
ZA-00021384,1,SKU60355,ZAV00001,1,301.67,133.79
ZA-00021385,1,SKU53569,ZAV00064,1,384.32,63.2
ZA-00021386,1,SKU22478,ZAV00669,1,565.0,131.99
ZA-00021386,2,SKU71569,ZAV00169,1,1489.85,100.39
ZA-00021386,3,SKU56250,ZAV00669,1,651.36,84.31
ZA-00021387,1,SKU81000,ZAV00176,1,377.27,168.64
ZA-00021388,1,SKU39061,ZAV00548,1,1260.06,165.76
ZA-00021389,1,SKU45898,ZAV00100,1,458.36,97.44
ZA-00021389,2,SKU78432,ZAV00749,1,812.03,137.16
ZA-00021390,1,SKU96190,ZAV00675,1,63.7,117.03
ZA-00021391,1,SKU43821,ZAV00323,1,899.92,83.59
ZA-00021392,1,SKU35166,ZAV00181,3,1701.32,113.33
ZA-00021392,2,SKU88953,ZAV00474,1,1683.6,90.41
ZA-00021393,1,SKU75302,ZAV00058,1,632.74,112.11
ZA-00021393,2,SKU54245,ZAV00536,2,629.34,147.67
ZA-00021394,1,SKU49453,ZAV00258,1,260.96,178.73
ZA-00021394,2,SKU11007,ZAV00230,1,156.79,115.7
ZA-00021395,1,SKU45456,ZAV00197,1,423.98,42.98
ZA-00021396,1,SKU45811,ZAV00729,1,187.92,175.51
ZA-00021397,1,SKU69439,ZAV00051,1,392.15,85.41
ZA-00021398,1,SKU35994,ZAV00153,1,862.71,130.48
ZA-00021399,1,SKU46813,ZAV00105,1,189.21,64.17
ZA-00021400,1,SKU57090,ZAV00446,1,120.13,134.14
ZA-00021401,1,SKU17514,ZAV00782,1,296.75,175.39
ZA-00021402,1,SKU37143,ZAV00395,2,309.35,146.56
ZA-00021403,1,SKU25399,ZAV00745,1,1210.6,69.48
ZA-00021404,1,SKU42691,ZAV00048,1,774.29,146.71
ZA-00021404,2,SKU14650,ZAV00519,1,2172.49,99.71
ZA-00021405,1,SKU29846,ZAV00646,2,706.86,153.8
ZA-00021406,1,SKU14264,ZAV00189,1,611.96,162.0
ZA-00021407,1,SKU60035,ZAV00144,1,881.44,82.51
ZA-00021408,1,SKU87490,ZAV00215,1,652.5,142.61
ZA-00021408,2,SKU90945,ZAV00126,1,92.28,59.45
ZA-00021409,1,SKU83749,ZAV00550,2,393.96,72.23
ZA-00021410,1,SKU82795,ZAV00612,1,652.74,114.21
ZA-00021411,1,SKU62901,ZAV00143,1,673.6,46.81
ZA-00021412,1,SKU19301,ZAV00182,1,1698.12,167.34
ZA-00021413,1,SKU62592,ZAV00173,1,1994.52,103.84
ZA-00021413,2,SKU72316,ZAV00800,1,600.22,50.31
ZA-00021414,1,SKU23896,ZAV00658,1,603.92,109.19
ZA-00021414,2,SKU29613,ZAV00720,1,945.2,164.71
ZA-00021415,1,SKU26726,ZAV00436,1,465.63,171.08
ZA-00021415,2,SKU64433,ZAV00323,1,687.49,107.96
ZA-00021416,1,SKU25413,ZAV00073,1,393.95,76.05
ZA-00021417,1,SKU34772,ZAV00537,1,570.0,88.63
ZA-00021418,1,SKU51130,ZAV00125,1,558.76,155.71
ZA-00021419,1,SKU50211,ZAV00149,1,142.67,100.36
ZA-00021420,1,SKU42636,ZAV00425,1,437.17,135.58
ZA-00021421,1,SKU87112,ZAV00772,1,87.5,59.84
ZA-00021422,1,SKU17601,ZAV00070,1,153.79,148.01
ZA-00021422,2,SKU17899,ZAV00651,2,149.02,157.79
ZA-00021423,1,SKU95763,ZAV00205,1,1334.23,69.14
ZA-00021423,2,SKU50968,ZAV00659,1,645.51,153.19
ZA-00021424,1,SKU73186,ZAV00191,1,54.39,150.13
ZA-00021425,1,SKU99515,ZAV00585,2,40.44,124.34
ZA-00021426,1,SKU99977,ZAV00633,1,516.3,107.96
ZA-00021426,2,SKU43103,ZAV00133,1,211.37,94.72
ZA-00021427,1,SKU82191,ZAV00161,1,1113.64,74.38
ZA-00021428,1,SKU86219,ZAV00575,1,284.58,126.56
ZA-00021429,1,SKU87068,ZAV00084,1,1263.01,83.25
ZA-00021430,1,SKU86603,ZAV00079,1,917.09,56.93
ZA-00021431,1,SKU64855,ZAV00260,1,249.94,43.54
ZA-00021432,1,SKU15459,ZAV00740,1,883.77,36.54
ZA-00021433,1,SKU99086,ZAV00301,1,255.75,64.14
ZA-00021434,1,SKU38499,ZAV00668,1,584.22,58.75
ZA-00021435,1,SKU45703,ZAV00642,2,1200.92,144.26
ZA-00021436,1,SKU20145,ZAV00185,1,447.5,140.39
ZA-00021437,1,SKU59940,ZAV00044,1,340.12,91.33
ZA-00021438,1,SKU54563,ZAV00433,1,335.19,174.39
ZA-00021438,2,SKU47696,ZAV00346,1,3727.25,133.06
ZA-00021439,1,SKU59312,ZAV00501,1,211.91,96.4
ZA-00021440,1,SKU10461,ZAV00044,2,1658.11,62.61
ZA-00021441,1,SKU70231,ZAV00309,1,135.53,174.8
ZA-00021442,1,SKU83419,ZAV00132,1,372.45,104.95
ZA-00021443,1,SKU94712,ZAV00773,3,401.57,46.18
ZA-00021444,1,SKU35229,ZAV00092,1,770.26,77.03
ZA-00021444,2,SKU17699,ZAV00331,1,1448.15,144.54
ZA-00021445,1,SKU79148,ZAV00201,2,577.24,175.3
ZA-00021446,1,SKU81685,ZAV00740,1,1111.94,90.22
ZA-00021447,1,SKU47552,ZAV00260,1,1143.9,71.0
ZA-00021448,1,SKU31486,ZAV00135,1,73.89,70.65
ZA-00021449,1,SKU60409,ZAV00423,2,477.71,179.71
ZA-00021449,2,SKU94897,ZAV00363,1,1305.67,67.78
ZA-00021449,3,SKU21657,ZAV00446,1,857.96,116.96
ZA-00021450,1,SKU60793,ZAV00448,1,548.44,139.49
ZA-00021450,2,SKU71407,ZAV00142,1,566.39,119.68
ZA-00021451,1,SKU46542,ZAV00079,1,144.21,99.49
ZA-00021451,2,SKU48243,ZAV00742,1,1137.41,81.65
ZA-00021452,1,SKU35804,ZAV00665,1,355.63,96.27
ZA-00021453,1,SKU58353,ZAV00317,1,174.39,98.76
ZA-00021453,2,SKU39599,ZAV00067,1,924.85,37.88
ZA-00021454,1,SKU34560,ZAV00078,1,1245.71,136.37
ZA-00021455,1,SKU83516,ZAV00103,1,759.34,125.36
ZA-00021456,1,SKU79276,ZAV00577,2,403.04,93.52
ZA-00021457,1,SKU10041,ZAV00175,1,988.54,46.59
ZA-00021457,2,SKU84363,ZAV00201,1,235.9,101.42
ZA-00021457,3,SKU47149,ZAV00427,1,406.2,138.97
ZA-00021458,1,SKU26682,ZAV00236,1,602.29,178.74
ZA-00021459,1,SKU94730,ZAV00623,1,331.66,52.17
ZA-00021460,1,SKU82249,ZAV00026,1,459.0,99.41
ZA-00021460,2,SKU47768,ZAV00222,1,444.41,64.99
ZA-00021461,1,SKU51410,ZAV00524,2,293.2,79.3
ZA-00021461,2,SKU26336,ZAV00359,1,182.76,142.63
ZA-00021462,1,SKU93846,ZAV00147,1,1394.64,153.29
ZA-00021463,1,SKU55977,ZAV00617,2,356.24,123.15
ZA-00021464,1,SKU26314,ZAV00484,1,1608.68,118.17
ZA-00021465,1,SKU71066,ZAV00237,1,249.09,142.79
ZA-00021465,2,SKU49571,ZAV00371,1,650.09,120.05
ZA-00021465,3,SKU66751,ZAV00299,1,882.64,179.9
ZA-00021466,1,SKU87061,ZAV00789,1,449.36,80.05
ZA-00021466,2,SKU65127,ZAV00511,1,378.07,94.09
ZA-00021466,3,SKU42931,ZAV00102,1,391.65,67.62
ZA-00021467,1,SKU74236,ZAV00461,1,576.92,114.85
ZA-00021467,2,SKU11307,ZAV00598,1,70.0,128.83
ZA-00021468,1,SKU19796,ZAV00127,1,483.68,35.91
ZA-00021469,1,SKU83713,ZAV00368,1,206.12,159.74
ZA-00021470,1,SKU81690,ZAV00361,1,182.61,43.27
ZA-00021470,2,SKU65259,ZAV00296,1,257.04,45.55
ZA-00021470,3,SKU47311,ZAV00172,1,681.77,56.65
ZA-00021471,1,SKU58366,ZAV00410,2,710.48,40.5
ZA-00021472,1,SKU66499,ZAV00712,1,731.46,149.95
ZA-00021472,2,SKU74359,ZAV00297,1,500.57,61.43
ZA-00021473,1,SKU40750,ZAV00266,1,1412.55,134.58
ZA-00021473,2,SKU52739,ZAV00156,1,426.74,106.01
ZA-00021474,1,SKU87985,ZAV00038,1,221.3,111.73
ZA-00021474,2,SKU39207,ZAV00063,1,1885.2,89.92
ZA-00021475,1,SKU98993,ZAV00742,1,349.55,78.74
ZA-00021476,1,SKU97315,ZAV00394,1,870.43,151.58
ZA-00021477,1,SKU91318,ZAV00619,1,743.36,174.0
ZA-00021478,1,SKU71582,ZAV00612,1,735.71,106.92
ZA-00021478,2,SKU75061,ZAV00161,1,140.37,105.61
ZA-00021478,3,SKU60390,ZAV00423,1,538.71,124.6
ZA-00021479,1,SKU75706,ZAV00275,1,448.57,39.14
ZA-00021479,2,SKU65606,ZAV00123,1,1547.09,77.55
ZA-00021480,1,SKU89185,ZAV00139,2,366.57,173.81
ZA-00021481,1,SKU98051,ZAV00138,1,307.13,147.71
ZA-00021481,2,SKU94620,ZAV00720,1,244.46,111.55
ZA-00021481,3,SKU24558,ZAV00144,1,70.21,130.91
ZA-00021482,1,SKU96221,ZAV00792,1,233.44,37.28
ZA-00021483,1,SKU44683,ZAV00430,1,320.46,147.41
ZA-00021484,1,SKU56846,ZAV00703,1,693.6,42.17
ZA-00021485,1,SKU68668,ZAV00787,1,574.99,164.98
ZA-00021486,1,SKU48381,ZAV00501,2,488.23,72.22
ZA-00021486,2,SKU28807,ZAV00652,1,264.86,163.02
ZA-00021487,1,SKU55844,ZAV00205,2,794.15,111.93
ZA-00021488,1,SKU33267,ZAV00549,1,630.77,130.68
ZA-00021489,1,SKU11452,ZAV00395,1,175.48,158.03
ZA-00021490,1,SKU69029,ZAV00642,1,904.16,117.58
ZA-00021491,1,SKU17107,ZAV00144,1,460.68,85.01
ZA-00021492,1,SKU67349,ZAV00250,1,194.13,125.76
ZA-00021493,1,SKU58912,ZAV00226,1,926.63,52.24
ZA-00021494,1,SKU53140,ZAV00350,1,519.98,121.39
ZA-00021495,1,SKU62111,ZAV00633,1,503.78,47.31
ZA-00021496,1,SKU83003,ZAV00148,1,295.89,110.85
ZA-00021497,1,SKU80015,ZAV00505,1,558.46,164.43
ZA-00021498,1,SKU77898,ZAV00280,1,511.81,152.29
ZA-00021498,2,SKU78638,ZAV00075,1,565.5,36.85
ZA-00021498,3,SKU31142,ZAV00704,3,289.59,100.62
ZA-00021499,1,SKU70192,ZAV00191,2,1253.22,52.77
ZA-00021499,2,SKU65106,ZAV00227,1,667.68,41.15
ZA-00021500,1,SKU91018,ZAV00187,1,268.31,146.13
ZA-00021501,1,SKU21134,ZAV00241,1,349.9,104.23
ZA-00021502,1,SKU22858,ZAV00793,1,72.67,172.01
ZA-00021503,1,SKU59231,ZAV00520,1,2055.66,138.31
ZA-00021504,1,SKU39217,ZAV00259,1,536.63,91.93
ZA-00021505,1,SKU18613,ZAV00344,1,120.14,179.03
ZA-00021506,1,SKU96432,ZAV00638,1,814.82,114.24
ZA-00021507,1,SKU56368,ZAV00656,1,396.17,127.4
ZA-00021507,2,SKU62582,ZAV00194,1,96.06,126.63
ZA-00021507,3,SKU55383,ZAV00296,1,213.04,67.14
ZA-00021508,1,SKU90524,ZAV00778,1,984.86,109.84
ZA-00021509,1,SKU65914,ZAV00294,1,526.13,150.28
ZA-00021510,1,SKU33613,ZAV00463,2,1337.35,136.29
ZA-00021511,1,SKU19942,ZAV00467,3,109.14,99.48
ZA-00021512,1,SKU31196,ZAV00457,1,292.05,52.04
ZA-00021512,2,SKU89701,ZAV00709,1,604.23,130.45
ZA-00021513,1,SKU12283,ZAV00353,1,161.2,114.0
ZA-00021514,1,SKU21161,ZAV00622,1,4277.19,92.19
ZA-00021514,2,SKU15050,ZAV00784,1,367.01,74.79
ZA-00021515,1,SKU62861,ZAV00391,1,522.15,120.29
ZA-00021516,1,SKU27627,ZAV00681,1,253.5,124.3
ZA-00021517,1,SKU66276,ZAV00767,1,233.46,158.82
ZA-00021518,1,SKU87560,ZAV00771,1,526.06,60.56
ZA-00021519,1,SKU71258,ZAV00642,1,481.05,145.31
ZA-00021519,2,SKU83665,ZAV00375,1,293.15,146.95
ZA-00021520,1,SKU82158,ZAV00592,2,553.65,39.32
ZA-00021521,1,SKU36907,ZAV00355,1,123.76,55.19
ZA-00021522,1,SKU73827,ZAV00141,1,45.98,144.28
ZA-00021523,1,SKU27299,ZAV00203,2,531.08,119.47
ZA-00021524,1,SKU75629,ZAV00195,2,705.5,101.02
ZA-00021525,1,SKU64917,ZAV00522,2,288.0,130.84
ZA-00021526,1,SKU66734,ZAV00204,1,95.6,172.07
ZA-00021527,1,SKU35970,ZAV00462,1,131.33,58.57
ZA-00021528,1,SKU73214,ZAV00066,1,312.6,157.39
ZA-00021529,1,SKU14049,ZAV00380,1,927.66,83.03
ZA-00021530,1,SKU85944,ZAV00733,1,200.35,152.29
ZA-00021531,1,SKU78468,ZAV00445,1,1392.53,36.78
ZA-00021532,1,SKU37303,ZAV00664,2,2459.01,149.37
ZA-00021533,1,SKU73077,ZAV00498,1,2126.39,109.2
ZA-00021534,1,SKU82597,ZAV00556,1,1011.51,72.06
ZA-00021535,1,SKU13395,ZAV00671,1,252.84,69.88
ZA-00021536,1,SKU56468,ZAV00675,1,781.34,54.53
ZA-00021537,1,SKU60598,ZAV00568,1,558.67,128.03
ZA-00021538,1,SKU62037,ZAV00790,2,4624.49,52.4
ZA-00021538,2,SKU43085,ZAV00739,2,309.17,61.16
ZA-00021539,1,SKU97097,ZAV00277,1,517.38,76.78
ZA-00021540,1,SKU59790,ZAV00211,1,1160.6,169.79
ZA-00021541,1,SKU69495,ZAV00697,2,254.48,137.33
ZA-00021541,2,SKU47382,ZAV00730,1,353.71,49.68
ZA-00021541,3,SKU97674,ZAV00378,2,863.28,39.66
ZA-00021542,1,SKU17179,ZAV00341,1,429.65,85.92
ZA-00021543,1,SKU56372,ZAV00222,1,233.37,116.66
ZA-00021544,1,SKU91217,ZAV00075,1,239.76,51.28
ZA-00021545,1,SKU79234,ZAV00219,1,2718.58,152.22
ZA-00021545,2,SKU17804,ZAV00588,1,179.76,114.4
ZA-00021546,1,SKU57057,ZAV00423,1,481.03,170.71
ZA-00021547,1,SKU64433,ZAV00004,1,2915.82,176.63
ZA-00021548,1,SKU73936,ZAV00662,1,422.54,111.95
ZA-00021548,2,SKU82589,ZAV00186,1,3119.15,42.04
ZA-00021549,1,SKU12502,ZAV00219,1,339.64,135.74
ZA-00021550,1,SKU50733,ZAV00625,1,107.98,67.89
ZA-00021551,1,SKU24046,ZAV00150,2,290.17,81.68
ZA-00021552,1,SKU81349,ZAV00505,1,57.8,66.34
ZA-00021553,1,SKU42910,ZAV00390,1,1587.4,120.46
ZA-00021554,1,SKU71839,ZAV00021,1,625.66,104.8
ZA-00021555,1,SKU56695,ZAV00299,1,384.38,51.55
ZA-00021556,1,SKU77375,ZAV00501,1,1184.39,43.22
ZA-00021557,1,SKU35342,ZAV00028,1,222.77,126.37
ZA-00021558,1,SKU52332,ZAV00441,1,161.59,49.44
ZA-00021559,1,SKU35145,ZAV00642,3,180.56,103.96
ZA-00021560,1,SKU20302,ZAV00143,1,111.96,165.63
ZA-00021561,1,SKU59163,ZAV00141,1,473.52,164.6
ZA-00021562,1,SKU13237,ZAV00519,1,615.73,90.19
ZA-00021563,1,SKU66127,ZAV00535,1,524.49,161.76
ZA-00021564,1,SKU67643,ZAV00739,1,985.52,54.59
ZA-00021565,1,SKU48270,ZAV00400,1,915.58,58.01
ZA-00021565,2,SKU78118,ZAV00197,1,197.45,57.45
ZA-00021565,3,SKU68042,ZAV00261,1,586.75,59.03
ZA-00021566,1,SKU34836,ZAV00467,1,354.53,92.63
ZA-00021566,2,SKU47777,ZAV00207,1,116.63,178.67
ZA-00021567,1,SKU94637,ZAV00635,1,385.03,171.18
ZA-00021568,1,SKU88740,ZAV00221,1,880.96,75.78
ZA-00021568,2,SKU68342,ZAV00219,1,996.51,99.62
ZA-00021569,1,SKU17998,ZAV00449,1,635.27,71.19
ZA-00021570,1,SKU67209,ZAV00255,1,3740.92,98.79
ZA-00021571,1,SKU98122,ZAV00402,1,511.17,169.71
ZA-00021572,1,SKU84259,ZAV00414,1,388.1,66.06
ZA-00021573,1,SKU68710,ZAV00129,1,369.29,143.31
ZA-00021573,2,SKU43371,ZAV00559,1,1424.1,150.19
ZA-00021574,1,SKU35020,ZAV00097,1,230.94,113.61
ZA-00021574,2,SKU72419,ZAV00231,1,1474.9,80.54
ZA-00021574,3,SKU66015,ZAV00789,1,203.34,59.65
ZA-00021575,1,SKU54318,ZAV00247,1,755.29,151.66
ZA-00021576,1,SKU50346,ZAV00458,1,421.98,75.84
ZA-00021577,1,SKU56589,ZAV00785,1,462.05,86.29
ZA-00021577,2,SKU28337,ZAV00314,2,125.52,142.47
ZA-00021578,1,SKU14473,ZAV00469,1,711.64,161.93
ZA-00021579,1,SKU82674,ZAV00273,1,173.69,166.36
ZA-00021580,1,SKU56350,ZAV00028,1,908.5,35.47
ZA-00021581,1,SKU32911,ZAV00299,1,179.53,53.86
ZA-00021582,1,SKU30029,ZAV00344,1,150.26,111.83
ZA-00021583,1,SKU89878,ZAV00383,2,1077.75,141.56
ZA-00021583,2,SKU16162,ZAV00629,1,160.11,176.25
ZA-00021584,1,SKU86669,ZAV00678,1,402.29,147.91
ZA-00021584,2,SKU71620,ZAV00185,1,722.82,142.39
ZA-00021585,1,SKU11902,ZAV00204,1,106.86,176.37
ZA-00021585,2,SKU46913,ZAV00336,1,178.33,167.38
ZA-00021586,1,SKU91211,ZAV00135,1,956.44,52.21
ZA-00021587,1,SKU33386,ZAV00086,1,211.53,37.46
ZA-00021588,1,SKU86139,ZAV00129,1,425.25,92.18
ZA-00021589,1,SKU66694,ZAV00605,1,179.31,108.93
ZA-00021590,1,SKU58384,ZAV00558,1,115.92,84.67
ZA-00021591,1,SKU97593,ZAV00421,1,1456.23,74.71
ZA-00021591,2,SKU47638,ZAV00336,3,2217.99,176.65
ZA-00021592,1,SKU52608,ZAV00664,1,432.12,162.64
ZA-00021593,1,SKU17467,ZAV00401,1,206.83,95.29
ZA-00021594,1,SKU10230,ZAV00378,1,34.82,99.1
ZA-00021595,1,SKU83042,ZAV00559,1,1146.41,72.22
ZA-00021596,1,SKU30877,ZAV00701,1,152.04,117.7
ZA-00021597,1,SKU11581,ZAV00074,1,115.33,153.31
ZA-00021598,1,SKU55086,ZAV00053,1,552.93,38.99
ZA-00021599,1,SKU58597,ZAV00708,1,457.24,137.2
ZA-00021600,1,SKU60197,ZAV00655,1,211.54,80.02
ZA-00021600,2,SKU20790,ZAV00179,1,611.04,162.15
ZA-00021601,1,SKU62092,ZAV00119,1,251.98,53.02
ZA-00021602,1,SKU57397,ZAV00054,1,1009.7,166.68
ZA-00021603,1,SKU15840,ZAV00663,2,388.66,152.02
ZA-00021604,1,SKU16137,ZAV00765,1,278.64,157.28
ZA-00021605,1,SKU23326,ZAV00060,1,692.96,76.69
ZA-00021606,1,SKU79335,ZAV00296,1,268.96,154.97
ZA-00021606,2,SKU46601,ZAV00467,1,268.56,119.75
ZA-00021607,1,SKU73742,ZAV00620,2,151.6,60.93
ZA-00021608,1,SKU33541,ZAV00003,1,815.32,162.01
ZA-00021608,2,SKU50943,ZAV00696,1,761.45,92.21
ZA-00021609,1,SKU61323,ZAV00244,1,2069.7,47.45
ZA-00021610,1,SKU41719,ZAV00232,1,362.88,47.63
ZA-00021611,1,SKU83287,ZAV00050,1,344.74,89.05
ZA-00021611,2,SKU90919,ZAV00771,1,1334.39,165.36
ZA-00021612,1,SKU18442,ZAV00640,2,1089.19,122.13
ZA-00021613,1,SKU55244,ZAV00311,1,548.17,162.47
ZA-00021614,1,SKU64337,ZAV00152,3,97.46,126.15
ZA-00021615,1,SKU47441,ZAV00654,1,526.43,91.02
ZA-00021616,1,SKU15128,ZAV00459,2,812.93,126.89
ZA-00021617,1,SKU25074,ZAV00593,1,700.9,130.39
ZA-00021618,1,SKU56714,ZAV00484,1,220.84,41.67
ZA-00021619,1,SKU42430,ZAV00021,1,653.65,87.24
ZA-00021619,2,SKU57499,ZAV00424,1,534.85,56.65
ZA-00021619,3,SKU40777,ZAV00751,1,323.6,100.68
ZA-00021620,1,SKU70066,ZAV00795,1,42.83,145.27
ZA-00021621,1,SKU67547,ZAV00120,1,263.77,81.4
ZA-00021622,1,SKU28468,ZAV00477,1,285.6,88.45
ZA-00021623,1,SKU87616,ZAV00661,1,275.93,99.83
ZA-00021623,2,SKU86670,ZAV00162,1,1020.77,65.05
ZA-00021623,3,SKU59535,ZAV00293,1,327.49,103.13
ZA-00021624,1,SKU54459,ZAV00601,1,137.8,72.63
ZA-00021625,1,SKU68688,ZAV00006,1,95.37,73.4
ZA-00021626,1,SKU33170,ZAV00372,1,146.73,175.32
ZA-00021627,1,SKU75801,ZAV00721,1,262.35,78.01
ZA-00021628,1,SKU84626,ZAV00032,1,1377.85,175.38
ZA-00021628,2,SKU76597,ZAV00029,1,177.16,45.97
ZA-00021629,1,SKU18995,ZAV00676,1,1756.93,153.36
ZA-00021630,1,SKU49209,ZAV00707,1,432.27,122.12
ZA-00021631,1,SKU13826,ZAV00650,1,717.6,38.83
ZA-00021632,1,SKU69381,ZAV00245,1,924.31,154.61
ZA-00021633,1,SKU90683,ZAV00574,1,197.72,87.57
ZA-00021634,1,SKU37598,ZAV00673,1,945.83,68.81
ZA-00021635,1,SKU92930,ZAV00316,1,513.79,170.41
ZA-00021636,1,SKU81323,ZAV00160,1,462.39,99.21
ZA-00021637,1,SKU60437,ZAV00530,1,635.3,68.66
ZA-00021637,2,SKU64750,ZAV00234,1,217.63,168.93
ZA-00021637,3,SKU56307,ZAV00259,2,286.91,106.41
ZA-00021638,1,SKU36061,ZAV00018,2,498.07,103.36
ZA-00021638,2,SKU78312,ZAV00675,1,716.66,136.7
ZA-00021639,1,SKU28417,ZAV00665,2,176.96,161.51
ZA-00021640,1,SKU65171,ZAV00594,1,2802.05,92.15
ZA-00021640,2,SKU58478,ZAV00717,1,612.86,127.81
ZA-00021641,1,SKU98333,ZAV00232,1,216.5,76.59
ZA-00021642,1,SKU31275,ZAV00245,1,666.43,67.3
ZA-00021642,2,SKU51613,ZAV00283,1,177.67,56.07
ZA-00021643,1,SKU76812,ZAV00727,1,272.39,133.67
ZA-00021644,1,SKU76778,ZAV00590,1,973.78,170.92
ZA-00021644,2,SKU54305,ZAV00433,1,179.68,155.02
ZA-00021644,3,SKU78868,ZAV00240,1,420.54,174.48
ZA-00021645,1,SKU57932,ZAV00186,2,460.72,134.7
ZA-00021646,1,SKU82162,ZAV00232,1,229.32,38.84
ZA-00021647,1,SKU22196,ZAV00009,1,237.5,68.85
ZA-00021647,2,SKU62115,ZAV00026,2,942.3,87.6
ZA-00021648,1,SKU79820,ZAV00163,1,673.82,92.31
ZA-00021649,1,SKU62911,ZAV00513,2,1206.12,69.71
ZA-00021649,2,SKU33338,ZAV00793,1,742.62,50.39
ZA-00021650,1,SKU40164,ZAV00017,1,318.66,138.11
ZA-00021651,1,SKU64207,ZAV00066,1,537.18,151.47
ZA-00021651,2,SKU67768,ZAV00434,1,255.64,54.85
ZA-00021652,1,SKU68353,ZAV00213,1,244.53,129.19
ZA-00021653,1,SKU20300,ZAV00094,1,1395.04,116.54
ZA-00021654,1,SKU86941,ZAV00624,2,233.92,147.57
ZA-00021655,1,SKU86146,ZAV00637,1,199.64,61.6
ZA-00021656,1,SKU98881,ZAV00705,1,655.92,117.14
ZA-00021656,2,SKU68343,ZAV00742,1,865.69,131.23
ZA-00021657,1,SKU12272,ZAV00323,1,2370.25,150.92
ZA-00021657,2,SKU32562,ZAV00558,1,282.28,75.24
ZA-00021658,1,SKU55860,ZAV00383,1,331.08,97.55
ZA-00021659,1,SKU95888,ZAV00444,1,704.86,145.94
ZA-00021660,1,SKU71130,ZAV00200,2,366.46,85.9
ZA-00021661,1,SKU91736,ZAV00489,2,1176.83,151.48
ZA-00021662,1,SKU53644,ZAV00378,2,292.86,88.82
ZA-00021662,2,SKU84716,ZAV00527,1,252.58,115.58
ZA-00021663,1,SKU50241,ZAV00078,1,134.64,137.06
ZA-00021664,1,SKU14249,ZAV00314,1,217.47,40.45
ZA-00021665,1,SKU79266,ZAV00100,1,159.86,119.1
ZA-00021665,2,SKU62230,ZAV00128,2,144.43,109.64
ZA-00021666,1,SKU35110,ZAV00168,1,730.65,103.35
ZA-00021667,1,SKU94237,ZAV00751,2,201.91,68.26
ZA-00021668,1,SKU50415,ZAV00144,1,192.97,148.57
ZA-00021669,1,SKU80058,ZAV00705,1,146.36,118.64
ZA-00021670,1,SKU27524,ZAV00008,1,476.84,67.92
ZA-00021671,1,SKU11779,ZAV00173,1,180.66,39.81
ZA-00021672,1,SKU31676,ZAV00493,1,172.55,89.22
ZA-00021673,1,SKU68720,ZAV00628,1,155.67,47.24
ZA-00021673,2,SKU54019,ZAV00222,1,203.42,139.92
ZA-00021674,1,SKU87907,ZAV00084,1,732.65,132.78
ZA-00021675,1,SKU71061,ZAV00481,1,384.72,128.66
ZA-00021676,1,SKU45342,ZAV00413,2,675.93,36.23
ZA-00021677,1,SKU81998,ZAV00268,1,150.76,105.48
ZA-00021677,2,SKU73077,ZAV00333,1,386.43,135.26
ZA-00021678,1,SKU28120,ZAV00469,1,1373.42,121.86
ZA-00021679,1,SKU57773,ZAV00073,1,384.28,110.32
ZA-00021679,2,SKU85886,ZAV00030,1,330.23,75.06
ZA-00021680,1,SKU18990,ZAV00443,1,110.01,163.92
ZA-00021681,1,SKU17090,ZAV00043,1,642.03,51.28
ZA-00021681,2,SKU68141,ZAV00496,1,539.75,178.01
ZA-00021682,1,SKU67838,ZAV00260,1,710.6,117.05
ZA-00021682,2,SKU15573,ZAV00419,1,168.68,132.66
ZA-00021682,3,SKU62372,ZAV00367,1,646.15,142.45
ZA-00021683,1,SKU33902,ZAV00760,1,247.83,40.08
ZA-00021683,2,SKU45690,ZAV00374,1,114.86,97.69
ZA-00021684,1,SKU24441,ZAV00088,1,117.99,115.61
ZA-00021685,1,SKU60082,ZAV00342,3,389.1,59.15
ZA-00021686,1,SKU26078,ZAV00670,1,328.58,141.03
ZA-00021687,1,SKU67617,ZAV00792,1,613.86,149.74
ZA-00021688,1,SKU85871,ZAV00594,1,572.54,108.49
ZA-00021689,1,SKU89700,ZAV00275,1,1378.31,158.41
ZA-00021690,1,SKU84665,ZAV00209,1,408.66,107.7
ZA-00021691,1,SKU43968,ZAV00331,1,321.81,114.57
ZA-00021691,2,SKU41165,ZAV00331,1,338.79,108.81
ZA-00021692,1,SKU35048,ZAV00538,2,488.8,94.14
ZA-00021693,1,SKU89507,ZAV00570,1,1501.62,129.97
ZA-00021694,1,SKU11179,ZAV00278,1,130.25,156.9
ZA-00021695,1,SKU46174,ZAV00374,1,805.59,88.8
ZA-00021696,1,SKU22188,ZAV00291,1,373.76,95.3
ZA-00021697,1,SKU36355,ZAV00056,1,910.88,123.32
ZA-00021698,1,SKU88317,ZAV00478,1,98.58,92.52
ZA-00021699,1,SKU21064,ZAV00394,1,259.52,35.84
ZA-00021700,1,SKU44410,ZAV00246,1,253.75,102.09
ZA-00021700,2,SKU34449,ZAV00338,3,80.74,129.45
ZA-00021701,1,SKU99371,ZAV00707,1,1644.97,179.27
ZA-00021702,1,SKU70771,ZAV00111,1,621.32,148.23
ZA-00021703,1,SKU49905,ZAV00577,1,259.19,145.31
ZA-00021704,1,SKU53596,ZAV00067,1,1170.93,74.59
ZA-00021705,1,SKU55744,ZAV00607,2,206.9,124.82
ZA-00021706,1,SKU40656,ZAV00491,1,408.11,42.63
ZA-00021706,2,SKU55592,ZAV00231,1,1625.42,98.01
ZA-00021707,1,SKU36924,ZAV00213,1,413.36,128.75
ZA-00021708,1,SKU89580,ZAV00353,2,94.44,117.15
ZA-00021709,1,SKU31430,ZAV00651,1,576.32,176.45
ZA-00021709,2,SKU52680,ZAV00448,1,1666.99,37.49
ZA-00021710,1,SKU41892,ZAV00160,1,585.38,110.38
ZA-00021710,2,SKU30761,ZAV00411,2,841.15,104.33
ZA-00021711,1,SKU68508,ZAV00217,1,457.49,75.99
ZA-00021712,1,SKU91664,ZAV00091,1,382.46,138.42
ZA-00021713,1,SKU17440,ZAV00142,1,479.88,136.77
ZA-00021714,1,SKU14676,ZAV00515,1,119.01,151.73
ZA-00021715,1,SKU57949,ZAV00717,1,449.59,134.31
ZA-00021716,1,SKU98229,ZAV00321,1,359.0,49.78
ZA-00021717,1,SKU64356,ZAV00131,1,128.76,82.43
ZA-00021717,2,SKU83567,ZAV00316,1,186.86,148.89
ZA-00021718,1,SKU73879,ZAV00270,1,375.43,98.62
ZA-00021719,1,SKU31452,ZAV00303,1,1497.35,90.65
ZA-00021719,2,SKU72343,ZAV00028,1,1379.77,144.09
ZA-00021719,3,SKU40937,ZAV00206,1,128.96,104.35
ZA-00021720,1,SKU24352,ZAV00304,1,773.51,146.72
ZA-00021721,1,SKU24291,ZAV00671,1,915.89,118.81
ZA-00021722,1,SKU36517,ZAV00615,1,280.94,88.81
ZA-00021723,1,SKU36370,ZAV00707,1,880.72,161.71
ZA-00021724,1,SKU38892,ZAV00686,3,563.34,102.0
ZA-00021724,2,SKU90441,ZAV00297,1,327.42,142.89
ZA-00021725,1,SKU27684,ZAV00543,1,822.08,39.41
ZA-00021726,1,SKU21541,ZAV00799,1,156.98,148.42
ZA-00021726,2,SKU33514,ZAV00439,1,170.26,94.98
ZA-00021726,3,SKU44292,ZAV00088,1,398.56,49.01
ZA-00021727,1,SKU25380,ZAV00648,2,213.3,62.42
ZA-00021728,1,SKU12581,ZAV00311,1,171.79,46.62
ZA-00021729,1,SKU76412,ZAV00352,1,128.92,132.31
ZA-00021730,1,SKU20256,ZAV00132,1,694.49,73.43
ZA-00021731,1,SKU62676,ZAV00339,1,93.95,97.25
ZA-00021732,1,SKU17895,ZAV00103,1,2155.11,70.32
ZA-00021733,1,SKU18230,ZAV00411,1,985.97,100.78
ZA-00021734,1,SKU85542,ZAV00248,1,523.71,136.41
ZA-00021734,2,SKU70136,ZAV00560,1,261.64,58.53
ZA-00021734,3,SKU70679,ZAV00490,1,214.97,144.5
ZA-00021735,1,SKU24377,ZAV00014,1,174.49,97.55
ZA-00021735,2,SKU39128,ZAV00127,1,708.55,161.68
ZA-00021736,1,SKU80383,ZAV00084,2,640.0,126.32
ZA-00021737,1,SKU22982,ZAV00617,1,252.42,61.26
ZA-00021738,1,SKU30213,ZAV00211,1,228.56,156.89
ZA-00021739,1,SKU15109,ZAV00094,1,3361.55,140.25
ZA-00021740,1,SKU73624,ZAV00340,2,794.15,49.49
ZA-00021740,2,SKU57835,ZAV00410,1,319.76,100.1
ZA-00021741,1,SKU46153,ZAV00016,1,172.14,127.7
ZA-00021742,1,SKU11730,ZAV00227,1,215.89,174.21
ZA-00021743,1,SKU90570,ZAV00142,1,616.74,62.2
ZA-00021744,1,SKU72964,ZAV00007,1,1594.8,49.71
ZA-00021745,1,SKU15237,ZAV00623,1,225.77,129.21
ZA-00021746,1,SKU55345,ZAV00623,1,592.82,154.35
ZA-00021747,1,SKU38472,ZAV00754,1,571.06,162.22
ZA-00021748,1,SKU38529,ZAV00397,1,555.68,37.43
ZA-00021749,1,SKU75568,ZAV00174,1,225.49,59.5
ZA-00021749,2,SKU80245,ZAV00224,1,583.82,129.57
ZA-00021750,1,SKU61422,ZAV00226,1,1027.94,109.74
ZA-00021751,1,SKU74233,ZAV00539,1,142.82,114.37
ZA-00021752,1,SKU83807,ZAV00762,1,2135.36,128.87
ZA-00021753,1,SKU48166,ZAV00761,1,256.53,166.99
ZA-00021754,1,SKU31378,ZAV00661,1,535.21,109.97
ZA-00021755,1,SKU68671,ZAV00454,1,437.43,133.69
ZA-00021756,1,SKU97059,ZAV00399,1,564.15,83.03
ZA-00021757,1,SKU47630,ZAV00579,1,1117.64,159.43
ZA-00021758,1,SKU73224,ZAV00273,1,108.96,122.99
ZA-00021758,2,SKU95216,ZAV00606,1,379.46,120.26
ZA-00021759,1,SKU68203,ZAV00621,1,121.63,87.99
ZA-00021760,1,SKU79032,ZAV00235,1,264.01,108.19
ZA-00021760,2,SKU16215,ZAV00204,1,148.33,114.95
ZA-00021761,1,SKU76178,ZAV00050,1,993.11,68.98
ZA-00021761,2,SKU66202,ZAV00435,1,382.59,174.71
ZA-00021762,1,SKU96289,ZAV00300,1,425.42,121.98
ZA-00021762,2,SKU29721,ZAV00545,1,320.78,94.0
ZA-00021763,1,SKU48763,ZAV00384,1,1783.76,98.89
ZA-00021764,1,SKU13923,ZAV00787,1,486.9,99.06
ZA-00021765,1,SKU37520,ZAV00097,2,250.39,176.11
ZA-00021766,1,SKU12979,ZAV00350,1,591.77,153.03
ZA-00021767,1,SKU23853,ZAV00021,1,1696.13,136.51
ZA-00021768,1,SKU88557,ZAV00103,1,259.8,174.5
ZA-00021769,1,SKU99919,ZAV00367,1,229.01,63.16
ZA-00021770,1,SKU34147,ZAV00237,1,116.59,149.16
ZA-00021771,1,SKU62719,ZAV00038,1,69.06,78.84
ZA-00021772,1,SKU95057,ZAV00251,1,333.92,50.9
ZA-00021773,1,SKU42789,ZAV00484,1,628.35,62.14
ZA-00021774,1,SKU86387,ZAV00460,1,210.68,89.63
ZA-00021774,2,SKU41445,ZAV00798,1,944.64,87.59
ZA-00021775,1,SKU44120,ZAV00044,2,1249.4,148.28
ZA-00021776,1,SKU73229,ZAV00277,1,95.59,42.5
ZA-00021777,1,SKU49519,ZAV00692,2,250.64,150.9
ZA-00021778,1,SKU55202,ZAV00558,3,753.76,80.09
ZA-00021779,1,SKU52507,ZAV00124,1,1422.04,170.16
ZA-00021780,1,SKU53042,ZAV00615,3,548.86,108.15
ZA-00021781,1,SKU13991,ZAV00751,1,490.71,41.91
ZA-00021782,1,SKU73631,ZAV00030,1,2098.89,91.8
ZA-00021783,1,SKU62184,ZAV00331,1,65.12,55.6
ZA-00021784,1,SKU96782,ZAV00574,1,2092.84,132.37
ZA-00021784,2,SKU77067,ZAV00321,2,626.85,67.75
ZA-00021785,1,SKU85522,ZAV00228,2,309.65,45.79
ZA-00021786,1,SKU88048,ZAV00497,2,495.4,119.99
ZA-00021787,1,SKU82816,ZAV00316,1,657.83,134.51
ZA-00021788,1,SKU67714,ZAV00618,1,160.91,43.76
ZA-00021789,1,SKU20870,ZAV00351,1,208.67,107.68
ZA-00021790,1,SKU78454,ZAV00420,3,191.1,78.22
ZA-00021791,1,SKU89115,ZAV00192,1,496.38,163.81
ZA-00021792,1,SKU40368,ZAV00502,1,229.15,139.63
ZA-00021793,1,SKU91931,ZAV00541,1,447.16,102.47
ZA-00021794,1,SKU74079,ZAV00638,1,283.08,133.24
ZA-00021795,1,SKU57456,ZAV00356,1,690.13,162.75
ZA-00021796,1,SKU73431,ZAV00012,2,1221.87,140.92
ZA-00021797,1,SKU70356,ZAV00072,1,279.56,141.66
ZA-00021798,1,SKU11050,ZAV00033,1,186.41,40.3
ZA-00021799,1,SKU97070,ZAV00217,1,171.46,174.29
ZA-00021800,1,SKU25932,ZAV00002,1,658.68,61.2
ZA-00021800,2,SKU45008,ZAV00126,1,550.93,56.61
ZA-00021800,3,SKU97318,ZAV00195,1,1346.22,103.36
ZA-00021801,1,SKU30768,ZAV00036,2,737.03,90.38
ZA-00021801,2,SKU12236,ZAV00242,1,259.52,153.17
ZA-00021801,3,SKU59739,ZAV00745,1,107.55,168.57
ZA-00021802,1,SKU86854,ZAV00653,1,84.64,178.89
ZA-00021803,1,SKU33179,ZAV00194,1,186.12,40.32
ZA-00021804,1,SKU82575,ZAV00210,1,162.37,135.71
ZA-00021805,1,SKU77744,ZAV00138,1,115.18,126.01
ZA-00021806,1,SKU35237,ZAV00161,1,482.73,74.35
ZA-00021807,1,SKU85241,ZAV00693,1,122.29,117.73
ZA-00021807,2,SKU12957,ZAV00098,1,412.37,36.9
ZA-00021807,3,SKU69879,ZAV00054,1,413.28,146.25
ZA-00021808,1,SKU92481,ZAV00074,1,454.24,71.28
ZA-00021809,1,SKU61011,ZAV00499,3,816.85,121.37
ZA-00021810,1,SKU28330,ZAV00071,1,512.0,109.14
ZA-00021811,1,SKU15574,ZAV00214,1,403.36,174.37
ZA-00021812,1,SKU17380,ZAV00298,1,1475.51,153.52
ZA-00021813,1,SKU30828,ZAV00547,1,197.72,40.58
ZA-00021814,1,SKU87333,ZAV00194,1,486.12,146.65
ZA-00021814,2,SKU90137,ZAV00716,2,232.01,164.79
ZA-00021815,1,SKU63654,ZAV00097,1,308.44,157.51
ZA-00021816,1,SKU81127,ZAV00325,1,144.89,179.28
ZA-00021816,2,SKU18582,ZAV00309,1,209.69,97.42
ZA-00021817,1,SKU29859,ZAV00602,1,107.83,120.94
ZA-00021818,1,SKU59052,ZAV00034,2,755.56,46.64
ZA-00021819,1,SKU99062,ZAV00705,3,1233.45,123.06
ZA-00021819,2,SKU93439,ZAV00415,2,448.69,176.5
ZA-00021819,3,SKU28948,ZAV00682,1,3715.97,94.65
ZA-00021820,1,SKU32797,ZAV00275,2,355.91,176.15
ZA-00021821,1,SKU90118,ZAV00143,1,716.18,162.32
ZA-00021821,2,SKU45841,ZAV00151,1,8930.11,130.61
ZA-00021822,1,SKU74032,ZAV00472,2,134.85,73.62
ZA-00021823,1,SKU75033,ZAV00148,1,1402.56,35.89
ZA-00021824,1,SKU76468,ZAV00526,1,698.58,120.66
ZA-00021825,1,SKU17316,ZAV00654,1,951.43,47.77
ZA-00021826,1,SKU14094,ZAV00415,1,880.87,112.28
ZA-00021827,1,SKU81786,ZAV00454,1,676.54,46.23
ZA-00021828,1,SKU13221,ZAV00784,1,426.17,109.58
ZA-00021828,2,SKU28135,ZAV00644,1,2669.52,36.11
ZA-00021828,3,SKU31687,ZAV00687,3,326.42,37.13
ZA-00021829,1,SKU82705,ZAV00431,1,826.57,70.18
ZA-00021830,1,SKU77128,ZAV00028,1,592.69,113.72
ZA-00021830,2,SKU68199,ZAV00644,2,401.04,110.15
ZA-00021830,3,SKU31134,ZAV00467,1,956.39,87.38
ZA-00021831,1,SKU57007,ZAV00442,1,2026.35,179.36
ZA-00021832,1,SKU80938,ZAV00006,1,584.41,174.27
ZA-00021833,1,SKU23165,ZAV00367,1,1379.08,164.03
ZA-00021833,2,SKU39542,ZAV00344,1,445.81,158.99
ZA-00021834,1,SKU86282,ZAV00504,1,112.91,126.4
ZA-00021834,2,SKU89247,ZAV00124,1,192.97,125.26
ZA-00021835,1,SKU38093,ZAV00070,1,174.17,153.21
ZA-00021836,1,SKU22669,ZAV00357,1,733.86,85.75
ZA-00021837,1,SKU96666,ZAV00305,1,762.55,140.99
ZA-00021838,1,SKU17015,ZAV00555,1,942.86,40.77
ZA-00021838,2,SKU45351,ZAV00147,1,306.45,152.89
ZA-00021838,3,SKU60480,ZAV00742,2,251.18,140.57
ZA-00021839,1,SKU48815,ZAV00154,1,583.58,97.96
ZA-00021840,1,SKU99290,ZAV00798,1,138.42,80.8
ZA-00021841,1,SKU36194,ZAV00376,2,183.14,74.9
ZA-00021842,1,SKU95678,ZAV00708,1,348.58,44.67
ZA-00021843,1,SKU92691,ZAV00337,2,430.8,147.4
ZA-00021844,1,SKU95401,ZAV00685,1,935.92,174.22
ZA-00021845,1,SKU99430,ZAV00749,1,188.92,121.26
ZA-00021845,2,SKU71552,ZAV00496,1,277.65,118.81
ZA-00021846,1,SKU84685,ZAV00180,1,155.15,36.31
ZA-00021846,2,SKU59884,ZAV00126,1,86.74,91.3
ZA-00021847,1,SKU53396,ZAV00113,2,269.85,43.17
ZA-00021847,2,SKU60529,ZAV00744,1,758.47,177.25
ZA-00021848,1,SKU72667,ZAV00011,1,380.59,74.46
ZA-00021848,2,SKU59256,ZAV00200,1,328.54,125.43
ZA-00021849,1,SKU83486,ZAV00316,1,624.29,101.16
ZA-00021850,1,SKU95276,ZAV00121,1,3938.13,76.09
ZA-00021851,1,SKU82345,ZAV00432,1,206.54,83.02
ZA-00021852,1,SKU59847,ZAV00042,2,617.63,41.4
ZA-00021853,1,SKU18347,ZAV00781,1,351.05,175.76
ZA-00021853,2,SKU68505,ZAV00209,1,790.62,62.45
ZA-00021854,1,SKU52861,ZAV00331,2,912.43,159.27
ZA-00021855,1,SKU40417,ZAV00414,2,429.57,174.0
ZA-00021855,2,SKU63647,ZAV00674,1,174.18,87.13
ZA-00021856,1,SKU18909,ZAV00069,1,1097.59,48.5
ZA-00021857,1,SKU14754,ZAV00210,1,827.92,64.78
ZA-00021858,1,SKU84412,ZAV00373,1,1223.09,151.09
ZA-00021858,2,SKU39038,ZAV00293,1,795.15,114.78
ZA-00021858,3,SKU30248,ZAV00097,1,230.05,58.43
ZA-00021859,1,SKU19830,ZAV00281,1,582.16,82.82
ZA-00021859,2,SKU80919,ZAV00145,1,1848.17,39.9
ZA-00021860,1,SKU56611,ZAV00237,1,571.8,99.31
ZA-00021861,1,SKU86897,ZAV00616,1,332.8,89.41
ZA-00021862,1,SKU45969,ZAV00430,1,648.26,164.81
ZA-00021863,1,SKU47987,ZAV00187,1,837.36,73.83
ZA-00021864,1,SKU87536,ZAV00672,1,287.66,161.89
ZA-00021864,2,SKU48207,ZAV00042,1,211.69,149.47
ZA-00021865,1,SKU39894,ZAV00225,1,196.11,52.13
ZA-00021866,1,SKU42689,ZAV00011,1,384.52,57.15
ZA-00021867,1,SKU12997,ZAV00446,1,308.23,129.21
ZA-00021868,1,SKU40898,ZAV00305,1,1065.11,82.78
ZA-00021868,2,SKU43440,ZAV00268,2,1166.07,111.15
ZA-00021869,1,SKU12971,ZAV00323,1,2216.87,132.56
ZA-00021870,1,SKU51757,ZAV00148,1,822.53,70.21
ZA-00021871,1,SKU57286,ZAV00719,1,383.33,111.15
ZA-00021872,1,SKU77043,ZAV00372,1,311.27,108.75
ZA-00021873,1,SKU59552,ZAV00255,1,2566.76,107.75
ZA-00021874,1,SKU62285,ZAV00446,2,753.02,168.08
ZA-00021875,1,SKU98324,ZAV00003,2,236.68,156.08
ZA-00021876,1,SKU26282,ZAV00109,1,254.21,75.81
ZA-00021877,1,SKU73102,ZAV00311,1,661.17,90.74
ZA-00021878,1,SKU91372,ZAV00582,1,402.48,54.99
ZA-00021879,1,SKU51629,ZAV00644,1,508.95,71.09
ZA-00021880,1,SKU94066,ZAV00281,1,176.85,66.41
ZA-00021880,2,SKU77049,ZAV00796,1,97.28,74.52
ZA-00021881,1,SKU22718,ZAV00332,1,526.46,43.48
ZA-00021882,1,SKU11541,ZAV00065,2,361.17,143.36
ZA-00021882,2,SKU85904,ZAV00015,1,342.86,176.49
ZA-00021883,1,SKU14438,ZAV00406,1,322.6,76.33
ZA-00021884,1,SKU31458,ZAV00474,3,1966.93,114.65
ZA-00021885,1,SKU84361,ZAV00713,2,390.04,125.86
ZA-00021886,1,SKU65359,ZAV00644,2,138.32,157.27
ZA-00021887,1,SKU51495,ZAV00645,1,464.99,121.64
ZA-00021887,2,SKU22936,ZAV00300,1,75.28,86.39
ZA-00021887,3,SKU30555,ZAV00678,1,479.19,127.85
ZA-00021888,1,SKU82716,ZAV00109,1,342.35,140.45
ZA-00021888,2,SKU81814,ZAV00607,1,635.66,123.78
ZA-00021888,3,SKU30969,ZAV00564,1,2285.54,146.86
ZA-00021889,1,SKU96826,ZAV00777,1,495.95,138.19
ZA-00021890,1,SKU89352,ZAV00631,1,232.82,60.34
ZA-00021890,2,SKU29255,ZAV00524,1,392.49,54.51
ZA-00021891,1,SKU16026,ZAV00675,1,104.61,76.63
ZA-00021892,1,SKU10097,ZAV00179,1,308.34,86.07
ZA-00021892,2,SKU79875,ZAV00184,1,110.07,166.79
ZA-00021892,3,SKU31333,ZAV00281,1,2587.78,68.0
ZA-00021893,1,SKU21732,ZAV00084,1,3557.78,44.18
ZA-00021894,1,SKU59186,ZAV00030,2,544.13,58.08
ZA-00021894,2,SKU50939,ZAV00146,1,211.82,164.64
ZA-00021895,1,SKU70300,ZAV00671,2,309.68,151.55
ZA-00021896,1,SKU64386,ZAV00124,1,553.76,49.87
ZA-00021897,1,SKU80244,ZAV00422,1,737.76,85.22
ZA-00021898,1,SKU77710,ZAV00035,1,206.06,142.58
ZA-00021899,1,SKU93802,ZAV00258,1,572.75,179.46
ZA-00021900,1,SKU51072,ZAV00223,1,45.71,124.65
ZA-00021901,1,SKU73604,ZAV00312,1,1006.92,155.75
ZA-00021901,2,SKU83831,ZAV00793,1,196.71,157.07
ZA-00021901,3,SKU56254,ZAV00499,1,2094.98,46.67
ZA-00021902,1,SKU11517,ZAV00437,1,262.79,36.62
ZA-00021903,1,SKU13174,ZAV00446,1,492.84,60.0
ZA-00021904,1,SKU75446,ZAV00314,1,246.3,61.1
ZA-00021905,1,SKU94844,ZAV00738,1,332.23,161.53
ZA-00021906,1,SKU76487,ZAV00341,1,973.35,36.57
ZA-00021906,2,SKU21865,ZAV00737,2,228.2,150.83
ZA-00021907,1,SKU45285,ZAV00761,1,209.14,73.44
ZA-00021908,1,SKU69050,ZAV00642,3,552.84,102.57
ZA-00021908,2,SKU55802,ZAV00688,1,725.98,72.15
ZA-00021909,1,SKU99248,ZAV00673,1,301.75,104.46
ZA-00021910,1,SKU75781,ZAV00530,1,974.52,112.02
ZA-00021911,1,SKU61633,ZAV00799,1,781.31,153.7
ZA-00021911,2,SKU83464,ZAV00642,1,599.35,97.85
ZA-00021912,1,SKU35953,ZAV00622,1,680.42,36.25
ZA-00021913,1,SKU41332,ZAV00783,2,454.15,91.78
ZA-00021914,1,SKU15173,ZAV00476,1,279.6,145.57
ZA-00021914,2,SKU49272,ZAV00222,1,1426.76,107.95
ZA-00021914,3,SKU72916,ZAV00226,1,384.46,55.26
ZA-00021915,1,SKU22575,ZAV00608,2,995.69,129.92
ZA-00021915,2,SKU25504,ZAV00441,1,151.82,36.19
ZA-00021916,1,SKU46834,ZAV00435,2,399.35,157.54
ZA-00021917,1,SKU96988,ZAV00540,1,278.29,91.25
ZA-00021918,1,SKU28769,ZAV00611,1,207.04,59.73
ZA-00021919,1,SKU11080,ZAV00470,1,152.95,89.87
ZA-00021919,2,SKU94941,ZAV00407,1,410.92,133.96
ZA-00021919,3,SKU19515,ZAV00487,2,278.8,84.27
ZA-00021920,1,SKU47966,ZAV00403,2,490.73,84.62
ZA-00021920,2,SKU82059,ZAV00515,1,666.39,179.29
ZA-00021921,1,SKU83464,ZAV00599,1,226.98,129.86
ZA-00021922,1,SKU80897,ZAV00384,1,352.42,108.24
ZA-00021923,1,SKU56818,ZAV00106,1,232.13,136.6
ZA-00021924,1,SKU68372,ZAV00131,2,494.59,126.53
ZA-00021925,1,SKU53193,ZAV00239,2,216.73,126.79
ZA-00021926,1,SKU85129,ZAV00341,2,124.06,105.05
ZA-00021927,1,SKU34551,ZAV00591,1,237.48,131.98
ZA-00021928,1,SKU18867,ZAV00621,1,647.52,115.5
ZA-00021929,1,SKU51002,ZAV00122,1,401.6,174.2
ZA-00021929,2,SKU25534,ZAV00349,3,355.25,135.77
ZA-00021930,1,SKU40563,ZAV00291,1,1434.64,117.64
ZA-00021930,2,SKU87902,ZAV00628,2,790.58,119.86
ZA-00021931,1,SKU16465,ZAV00521,1,569.26,103.77
ZA-00021931,2,SKU68667,ZAV00296,1,902.54,48.64
ZA-00021932,1,SKU40731,ZAV00579,1,566.72,87.35
ZA-00021933,1,SKU20919,ZAV00258,2,1202.98,95.91
ZA-00021934,1,SKU66699,ZAV00211,1,386.91,120.74
ZA-00021935,1,SKU87458,ZAV00647,2,324.08,39.03
ZA-00021936,1,SKU96633,ZAV00795,3,200.72,54.25
ZA-00021937,1,SKU27030,ZAV00222,1,194.72,166.93
ZA-00021937,2,SKU78496,ZAV00313,1,2713.15,125.57
ZA-00021937,3,SKU23993,ZAV00472,1,710.28,49.98
ZA-00021938,1,SKU38093,ZAV00587,1,1261.92,65.97
ZA-00021939,1,SKU72254,ZAV00720,1,367.48,99.71
ZA-00021940,1,SKU21080,ZAV00424,1,218.2,108.3
ZA-00021941,1,SKU26238,ZAV00371,2,877.89,58.99
ZA-00021942,1,SKU11483,ZAV00110,1,409.56,91.75
ZA-00021943,1,SKU93999,ZAV00226,1,542.89,119.92
ZA-00021943,2,SKU17914,ZAV00761,1,297.84,75.58
ZA-00021944,1,SKU77188,ZAV00021,1,346.66,75.18
ZA-00021945,1,SKU70022,ZAV00323,1,1907.93,93.28
ZA-00021945,2,SKU48985,ZAV00783,1,607.71,139.76
ZA-00021945,3,SKU29176,ZAV00429,1,369.43,123.73
ZA-00021946,1,SKU38893,ZAV00054,2,278.7,97.69
ZA-00021946,2,SKU46173,ZAV00286,1,916.34,170.3
ZA-00021947,1,SKU24016,ZAV00173,1,705.54,72.36
ZA-00021948,1,SKU37883,ZAV00228,2,477.29,179.92
ZA-00021949,1,SKU19051,ZAV00555,1,572.16,85.3
ZA-00021950,1,SKU24376,ZAV00357,2,312.96,75.44
ZA-00021951,1,SKU10518,ZAV00337,1,190.96,135.32
ZA-00021952,1,SKU37885,ZAV00178,1,499.19,169.34
ZA-00021953,1,SKU51975,ZAV00260,1,2112.51,71.09
ZA-00021954,1,SKU10198,ZAV00091,1,82.08,76.73
ZA-00021955,1,SKU76471,ZAV00537,1,1013.38,134.94
ZA-00021956,1,SKU75886,ZAV00267,1,441.13,110.1
ZA-00021957,1,SKU11553,ZAV00117,1,148.61,42.38
ZA-00021958,1,SKU57992,ZAV00059,1,252.72,56.59
ZA-00021959,1,SKU83058,ZAV00754,1,466.09,154.84
ZA-00021960,1,SKU99366,ZAV00415,1,170.45,97.21
ZA-00021961,1,SKU68741,ZAV00135,1,215.73,58.51
ZA-00021961,2,SKU45261,ZAV00554,1,317.1,115.41
ZA-00021962,1,SKU44719,ZAV00425,1,392.44,68.02
ZA-00021963,1,SKU89562,ZAV00651,1,961.25,56.98
ZA-00021964,1,SKU94569,ZAV00584,1,115.63,93.99
ZA-00021964,2,SKU52732,ZAV00316,1,2248.16,155.23
ZA-00021964,3,SKU31155,ZAV00715,1,672.0,164.55
ZA-00021965,1,SKU45522,ZAV00272,1,214.97,115.21
ZA-00021965,2,SKU75342,ZAV00105,1,287.54,158.77
ZA-00021966,1,SKU56124,ZAV00631,1,909.81,179.49
ZA-00021967,1,SKU70071,ZAV00310,1,423.12,147.22
ZA-00021968,1,SKU54837,ZAV00349,1,697.32,176.53
ZA-00021968,2,SKU19372,ZAV00613,1,2115.48,151.91
ZA-00021969,1,SKU54162,ZAV00680,2,1416.1,61.23
ZA-00021970,1,SKU13609,ZAV00596,1,972.38,94.61
ZA-00021971,1,SKU34146,ZAV00075,1,972.94,74.29
ZA-00021972,1,SKU30493,ZAV00778,1,701.05,154.84
ZA-00021973,1,SKU56018,ZAV00304,1,404.37,50.84
ZA-00021973,2,SKU74637,ZAV00034,1,1094.44,172.58
ZA-00021973,3,SKU27787,ZAV00670,1,1286.13,71.78
ZA-00021974,1,SKU38016,ZAV00402,1,362.13,138.22
ZA-00021974,2,SKU88551,ZAV00703,1,221.35,43.67
ZA-00021975,1,SKU96683,ZAV00048,1,212.56,39.78
ZA-00021976,1,SKU28110,ZAV00591,1,141.1,66.76
ZA-00021977,1,SKU75739,ZAV00127,1,207.51,78.17
ZA-00021978,1,SKU24174,ZAV00787,3,206.06,141.4
ZA-00021979,1,SKU28531,ZAV00620,3,1639.56,91.77
ZA-00021980,1,SKU49119,ZAV00280,1,234.06,158.61
ZA-00021981,1,SKU82411,ZAV00638,1,1061.06,134.25
ZA-00021982,1,SKU91934,ZAV00298,2,554.23,119.82
ZA-00021983,1,SKU81456,ZAV00224,1,174.95,103.71
ZA-00021984,1,SKU69673,ZAV00152,1,114.51,49.65
ZA-00021985,1,SKU99908,ZAV00326,2,455.24,112.83
ZA-00021986,1,SKU34594,ZAV00592,1,587.93,82.38
ZA-00021987,1,SKU46286,ZAV00181,1,315.84,81.88
ZA-00021987,2,SKU59691,ZAV00140,1,271.99,61.77
ZA-00021988,1,SKU44862,ZAV00559,2,872.88,91.99
ZA-00021989,1,SKU49903,ZAV00497,1,186.62,45.62
ZA-00021989,2,SKU52024,ZAV00092,1,1228.0,117.52
ZA-00021989,3,SKU36622,ZAV00163,1,593.27,87.23
ZA-00021990,1,SKU30684,ZAV00222,1,2078.74,163.26
ZA-00021991,1,SKU78735,ZAV00217,1,341.72,133.17
ZA-00021991,2,SKU75489,ZAV00731,1,352.67,86.1
ZA-00021992,1,SKU72261,ZAV00027,1,3084.48,170.91
ZA-00021992,2,SKU34141,ZAV00257,1,146.81,179.82
ZA-00021993,1,SKU83900,ZAV00579,1,356.55,101.03
ZA-00021994,1,SKU33762,ZAV00389,1,954.6,157.02
ZA-00021995,1,SKU90231,ZAV00619,1,101.97,105.37
ZA-00021996,1,SKU88534,ZAV00575,1,200.04,124.23
ZA-00021996,2,SKU59636,ZAV00057,1,480.21,167.29
ZA-00021997,1,SKU12295,ZAV00655,1,23.85,61.95
ZA-00021998,1,SKU90594,ZAV00582,1,1635.32,54.4
ZA-00021998,2,SKU93723,ZAV00223,1,219.33,179.66
ZA-00021999,1,SKU16920,ZAV00057,1,365.31,84.57
ZA-00021999,2,SKU33982,ZAV00460,1,1812.49,36.02
ZA-00021999,3,SKU38262,ZAV00427,1,301.18,134.04
ZA-00022000,1,SKU20178,ZAV00505,1,327.33,66.35
ZA-00022001,1,SKU91016,ZAV00534,1,43.98,49.1
ZA-00022002,1,SKU44639,ZAV00313,1,889.31,61.3
ZA-00022002,2,SKU80071,ZAV00758,1,81.74,167.04
ZA-00022003,1,SKU31403,ZAV00034,1,204.68,95.78
ZA-00022004,1,SKU96927,ZAV00582,1,1263.62,151.53
ZA-00022004,2,SKU97067,ZAV00351,1,293.65,66.75
ZA-00022005,1,SKU25512,ZAV00401,1,235.61,114.33
ZA-00022006,1,SKU42157,ZAV00385,1,2538.12,117.73
ZA-00022007,1,SKU77689,ZAV00755,1,298.64,139.29
ZA-00022008,1,SKU51694,ZAV00619,1,381.27,38.24
ZA-00022009,1,SKU53192,ZAV00607,2,325.96,162.8
ZA-00022009,2,SKU82065,ZAV00737,2,516.93,82.06
ZA-00022010,1,SKU64293,ZAV00112,1,112.08,160.42
ZA-00022011,1,SKU48581,ZAV00262,1,1134.21,59.23
ZA-00022012,1,SKU11349,ZAV00556,1,37.48,127.79
ZA-00022013,1,SKU27427,ZAV00048,1,209.34,59.35
ZA-00022013,2,SKU88205,ZAV00349,1,317.42,178.5
ZA-00022013,3,SKU29583,ZAV00134,1,201.14,111.92
ZA-00022014,1,SKU43468,ZAV00591,1,825.26,103.1
ZA-00022014,2,SKU94557,ZAV00590,2,314.16,142.18
ZA-00022015,1,SKU54285,ZAV00530,1,3514.09,69.66
ZA-00022016,1,SKU63862,ZAV00427,1,568.43,146.21
ZA-00022016,2,SKU45517,ZAV00308,1,649.5,93.01
ZA-00022016,3,SKU83090,ZAV00353,1,780.74,45.05
ZA-00022017,1,SKU59817,ZAV00240,1,478.77,103.16
ZA-00022017,2,SKU27849,ZAV00510,1,947.98,98.63
ZA-00022018,1,SKU39423,ZAV00641,1,917.28,156.01
ZA-00022019,1,SKU60553,ZAV00574,1,151.4,133.34
ZA-00022020,1,SKU10086,ZAV00689,1,139.14,38.9
ZA-00022021,1,SKU55117,ZAV00310,1,322.56,119.93
ZA-00022022,1,SKU99078,ZAV00019,1,387.6,82.06
ZA-00022023,1,SKU83822,ZAV00676,2,465.07,78.28
ZA-00022024,1,SKU78888,ZAV00332,3,278.22,68.84
ZA-00022025,1,SKU40045,ZAV00352,1,483.04,165.5
ZA-00022026,1,SKU23336,ZAV00156,1,1034.15,126.85
ZA-00022027,1,SKU43936,ZAV00264,1,185.53,81.74
ZA-00022028,1,SKU67585,ZAV00547,1,459.05,38.51
ZA-00022029,1,SKU16187,ZAV00202,3,49.77,68.96
ZA-00022030,1,SKU30680,ZAV00355,1,916.38,53.49
ZA-00022031,1,SKU83589,ZAV00345,1,751.48,133.4
ZA-00022032,1,SKU81415,ZAV00478,1,618.03,40.66
ZA-00022032,2,SKU55240,ZAV00131,1,356.59,171.09
ZA-00022032,3,SKU98274,ZAV00757,1,553.07,165.31
ZA-00022033,1,SKU46872,ZAV00262,1,369.86,48.03
ZA-00022034,1,SKU96269,ZAV00177,1,292.38,130.59
ZA-00022035,1,SKU81588,ZAV00254,2,414.85,140.05
ZA-00022036,1,SKU73192,ZAV00609,1,709.66,148.68
ZA-00022036,2,SKU18914,ZAV00025,1,311.37,134.25
ZA-00022037,1,SKU63056,ZAV00735,1,525.02,157.54
ZA-00022038,1,SKU60103,ZAV00307,1,606.23,55.0
ZA-00022039,1,SKU45913,ZAV00495,1,908.66,176.5
ZA-00022040,1,SKU13535,ZAV00390,1,982.3,45.67
ZA-00022040,2,SKU87323,ZAV00741,1,1415.38,78.67
ZA-00022040,3,SKU24957,ZAV00173,1,832.37,146.24
ZA-00022041,1,SKU46018,ZAV00468,2,252.11,177.28
ZA-00022042,1,SKU47677,ZAV00375,3,190.49,155.09
ZA-00022043,1,SKU91098,ZAV00624,1,437.5,35.93
ZA-00022043,2,SKU34046,ZAV00093,2,416.51,101.31
ZA-00022043,3,SKU57678,ZAV00345,1,261.16,38.85
ZA-00022044,1,SKU38911,ZAV00261,1,372.75,61.8
ZA-00022045,1,SKU65172,ZAV00589,1,381.68,84.17
ZA-00022046,1,SKU98341,ZAV00557,1,540.88,168.05
ZA-00022047,1,SKU61181,ZAV00065,1,226.47,84.85
ZA-00022048,1,SKU77267,ZAV00624,1,918.0,89.22
ZA-00022048,2,SKU56765,ZAV00143,1,175.48,139.92
ZA-00022048,3,SKU67021,ZAV00431,1,599.58,156.58
ZA-00022049,1,SKU98994,ZAV00618,1,304.31,157.76
ZA-00022049,2,SKU94571,ZAV00622,2,292.11,155.22
ZA-00022050,1,SKU32190,ZAV00360,1,236.42,83.98
ZA-00022050,2,SKU29424,ZAV00610,1,245.7,158.01
ZA-00022051,1,SKU46873,ZAV00792,2,415.66,145.59
ZA-00022052,1,SKU51804,ZAV00654,1,1361.93,43.19
ZA-00022053,1,SKU53966,ZAV00608,1,2716.08,91.31
ZA-00022054,1,SKU28182,ZAV00360,1,1224.91,129.8
ZA-00022055,1,SKU33501,ZAV00796,1,595.12,157.96
ZA-00022056,1,SKU46739,ZAV00269,1,425.48,171.22
ZA-00022057,1,SKU57500,ZAV00578,1,1578.86,174.69
ZA-00022058,1,SKU28260,ZAV00092,1,1544.5,44.67
ZA-00022059,1,SKU77896,ZAV00519,1,400.26,152.43
ZA-00022059,2,SKU87173,ZAV00197,1,404.84,132.57
ZA-00022060,1,SKU34465,ZAV00489,1,202.64,114.22
ZA-00022061,1,SKU26354,ZAV00360,1,1286.57,131.65
ZA-00022062,1,SKU49489,ZAV00685,1,1718.84,55.44
ZA-00022063,1,SKU30244,ZAV00690,1,1124.51,57.82
ZA-00022063,2,SKU18868,ZAV00211,1,260.43,170.65
ZA-00022064,1,SKU58927,ZAV00118,1,870.86,92.02
ZA-00022065,1,SKU53662,ZAV00161,1,987.05,47.24
ZA-00022065,2,SKU65202,ZAV00335,1,1087.76,163.8
ZA-00022066,1,SKU22509,ZAV00581,1,980.55,161.24
ZA-00022067,1,SKU13589,ZAV00647,1,595.24,157.43
ZA-00022068,1,SKU34883,ZAV00125,1,396.08,109.88
ZA-00022069,1,SKU53222,ZAV00172,1,172.65,147.76
ZA-00022070,1,SKU39441,ZAV00138,1,1844.45,164.24
ZA-00022071,1,SKU24358,ZAV00654,2,760.75,55.36
ZA-00022072,1,SKU36480,ZAV00370,1,1912.36,67.06
ZA-00022073,1,SKU10671,ZAV00233,1,1009.95,72.23
ZA-00022074,1,SKU84766,ZAV00227,1,395.69,41.93
ZA-00022075,1,SKU56357,ZAV00586,1,142.78,68.69
ZA-00022076,1,SKU44149,ZAV00437,1,748.64,43.45
ZA-00022077,1,SKU76759,ZAV00585,1,465.05,45.57
ZA-00022077,2,SKU23060,ZAV00368,1,1549.78,61.87
ZA-00022078,1,SKU62008,ZAV00145,1,1874.38,118.03
ZA-00022079,1,SKU99838,ZAV00486,1,977.59,152.66
ZA-00022080,1,SKU48888,ZAV00542,1,171.19,159.48
ZA-00022081,1,SKU95788,ZAV00062,1,420.35,155.15
ZA-00022082,1,SKU28087,ZAV00589,1,1018.39,129.6
ZA-00022082,2,SKU61893,ZAV00166,2,7018.26,167.44
ZA-00022082,3,SKU40935,ZAV00762,1,452.86,89.97
ZA-00022083,1,SKU68096,ZAV00016,1,105.88,146.35
ZA-00022084,1,SKU68825,ZAV00571,2,280.4,132.69
ZA-00022085,1,SKU30355,ZAV00439,1,1519.41,63.54
ZA-00022085,2,SKU12493,ZAV00766,3,4449.91,109.97
ZA-00022086,1,SKU80938,ZAV00018,1,1878.57,47.08
ZA-00022087,1,SKU28282,ZAV00475,1,314.48,166.67
ZA-00022087,2,SKU48351,ZAV00550,1,727.21,38.58
ZA-00022088,1,SKU63363,ZAV00050,1,1444.83,132.05
ZA-00022089,1,SKU60304,ZAV00229,3,147.98,52.62
ZA-00022089,2,SKU76973,ZAV00142,1,925.36,69.56
ZA-00022090,1,SKU68905,ZAV00219,1,1595.21,172.47
ZA-00022091,1,SKU74204,ZAV00626,3,118.98,99.27
ZA-00022092,1,SKU77574,ZAV00017,1,702.16,129.39
ZA-00022093,1,SKU35122,ZAV00725,1,1686.96,85.09
ZA-00022094,1,SKU24046,ZAV00694,1,1318.74,106.99
ZA-00022095,1,SKU42389,ZAV00013,1,165.47,100.63
ZA-00022096,1,SKU50145,ZAV00796,2,1204.19,85.06
ZA-00022097,1,SKU80271,ZAV00434,1,371.51,79.67
ZA-00022097,2,SKU38985,ZAV00294,1,113.58,54.28
ZA-00022097,3,SKU94800,ZAV00008,1,207.37,97.07
ZA-00022098,1,SKU61653,ZAV00166,1,871.7,94.99
ZA-00022099,1,SKU37695,ZAV00199,1,121.91,62.98
ZA-00022100,1,SKU85816,ZAV00022,1,188.55,143.17
ZA-00022101,1,SKU77966,ZAV00748,1,141.02,64.23
ZA-00022102,1,SKU13306,ZAV00063,1,362.49,89.68
ZA-00022103,1,SKU37504,ZAV00051,1,1323.26,104.91
ZA-00022104,1,SKU91485,ZAV00272,1,2633.7,100.55
ZA-00022104,2,SKU56301,ZAV00434,1,302.44,168.37
ZA-00022105,1,SKU83141,ZAV00179,1,315.48,93.88
ZA-00022106,1,SKU13074,ZAV00756,2,181.83,109.97
ZA-00022106,2,SKU74745,ZAV00626,1,397.93,149.72
ZA-00022107,1,SKU53622,ZAV00721,1,176.38,146.26
ZA-00022108,1,SKU51579,ZAV00138,1,850.8,85.91
ZA-00022109,1,SKU75264,ZAV00621,1,829.13,61.69
ZA-00022110,1,SKU13111,ZAV00139,1,563.99,46.8
ZA-00022111,1,SKU60432,ZAV00161,1,3282.05,174.37
ZA-00022112,1,SKU25492,ZAV00080,1,366.23,145.7
ZA-00022113,1,SKU52235,ZAV00379,1,277.79,95.8
ZA-00022113,2,SKU83313,ZAV00004,1,430.67,124.6
ZA-00022113,3,SKU14744,ZAV00718,1,228.72,74.39
ZA-00022114,1,SKU79981,ZAV00004,1,501.62,87.93
ZA-00022114,2,SKU61570,ZAV00237,1,236.51,105.33
ZA-00022115,1,SKU12732,ZAV00210,1,518.75,71.08
ZA-00022115,2,SKU33569,ZAV00213,1,85.33,128.14
ZA-00022116,1,SKU87606,ZAV00154,1,405.68,83.04
ZA-00022117,1,SKU77901,ZAV00478,1,132.59,168.05
ZA-00022118,1,SKU87348,ZAV00671,1,738.74,73.86
ZA-00022119,1,SKU72996,ZAV00090,1,226.24,134.75
ZA-00022120,1,SKU33223,ZAV00490,1,566.02,179.55
ZA-00022121,1,SKU75149,ZAV00688,1,289.56,113.78
ZA-00022121,2,SKU79444,ZAV00413,1,465.66,169.18
ZA-00022121,3,SKU51596,ZAV00445,1,340.3,160.12
ZA-00022122,1,SKU87546,ZAV00437,1,1490.3,75.78
ZA-00022123,1,SKU67184,ZAV00104,1,305.35,141.34
ZA-00022124,1,SKU98638,ZAV00757,1,612.35,178.88
ZA-00022125,1,SKU71714,ZAV00735,1,207.71,134.67
ZA-00022125,2,SKU46703,ZAV00021,1,214.91,62.72
ZA-00022126,1,SKU49309,ZAV00152,1,633.15,40.96
ZA-00022127,1,SKU67625,ZAV00103,2,462.46,117.26
ZA-00022128,1,SKU21540,ZAV00103,1,496.9,126.69
ZA-00022129,1,SKU40674,ZAV00319,1,1544.08,171.36
ZA-00022130,1,SKU31471,ZAV00527,2,96.16,146.51
ZA-00022131,1,SKU75575,ZAV00457,1,1210.33,142.73
ZA-00022132,1,SKU13870,ZAV00079,1,539.87,106.89
ZA-00022133,1,SKU47211,ZAV00677,1,535.2,148.99
ZA-00022134,1,SKU99835,ZAV00703,1,317.59,179.62
ZA-00022135,1,SKU64174,ZAV00029,1,338.49,58.96
ZA-00022136,1,SKU35321,ZAV00026,2,249.2,139.11
ZA-00022136,2,SKU70204,ZAV00624,1,520.03,96.09
ZA-00022136,3,SKU36780,ZAV00419,1,1174.89,54.94
ZA-00022137,1,SKU71075,ZAV00762,1,216.47,85.23
ZA-00022138,1,SKU51273,ZAV00328,1,316.2,77.71
ZA-00022139,1,SKU66202,ZAV00031,1,3033.84,150.87
ZA-00022140,1,SKU39830,ZAV00569,1,909.72,120.07
ZA-00022141,1,SKU14946,ZAV00088,2,268.56,98.45
ZA-00022142,1,SKU77388,ZAV00085,1,87.7,159.52
ZA-00022142,2,SKU68019,ZAV00319,1,238.82,68.39
ZA-00022143,1,SKU80457,ZAV00559,1,1585.14,156.42
ZA-00022144,1,SKU31648,ZAV00757,1,881.74,162.34
ZA-00022144,2,SKU48566,ZAV00056,1,433.49,160.02
ZA-00022145,1,SKU61665,ZAV00270,1,755.64,179.83
ZA-00022146,1,SKU25778,ZAV00009,1,564.45,81.62
ZA-00022147,1,SKU82062,ZAV00685,1,341.28,95.91
ZA-00022147,2,SKU51851,ZAV00490,1,199.52,174.82
ZA-00022148,1,SKU26552,ZAV00515,1,273.69,109.97
ZA-00022149,1,SKU32295,ZAV00362,1,195.57,112.07
ZA-00022149,2,SKU24775,ZAV00076,1,639.46,62.49
ZA-00022150,1,SKU16119,ZAV00271,1,451.22,47.29
ZA-00022150,2,SKU51951,ZAV00699,1,790.0,73.59
ZA-00022150,3,SKU88926,ZAV00304,1,191.6,60.09
ZA-00022151,1,SKU50148,ZAV00065,1,223.61,101.34
ZA-00022152,1,SKU27482,ZAV00646,1,1399.23,114.62
ZA-00022153,1,SKU31147,ZAV00315,1,330.8,166.11
ZA-00022154,1,SKU95363,ZAV00490,1,968.18,86.9
ZA-00022154,2,SKU37069,ZAV00207,1,312.95,176.17
ZA-00022155,1,SKU72434,ZAV00690,1,772.0,80.7
ZA-00022155,2,SKU50510,ZAV00626,1,1094.16,130.35
ZA-00022156,1,SKU27231,ZAV00673,1,273.12,116.72
ZA-00022157,1,SKU77707,ZAV00047,1,424.79,80.86
ZA-00022157,2,SKU56815,ZAV00498,1,279.47,119.32
ZA-00022158,1,SKU95225,ZAV00618,1,364.22,62.75
ZA-00022159,1,SKU68765,ZAV00382,1,1130.76,115.26
ZA-00022160,1,SKU83518,ZAV00634,1,250.35,56.3
ZA-00022160,2,SKU28126,ZAV00066,1,615.81,174.35
ZA-00022160,3,SKU12667,ZAV00498,1,295.98,157.79
ZA-00022161,1,SKU84788,ZAV00176,1,553.61,112.37
ZA-00022161,2,SKU34937,ZAV00386,1,317.54,86.17
ZA-00022162,1,SKU34609,ZAV00124,1,337.92,94.22
ZA-00022162,2,SKU49924,ZAV00695,1,312.16,119.41
ZA-00022163,1,SKU87323,ZAV00390,1,150.69,97.26
ZA-00022164,1,SKU60724,ZAV00006,1,871.69,142.78
ZA-00022165,1,SKU23829,ZAV00283,3,843.18,108.75
ZA-00022166,1,SKU27718,ZAV00737,1,594.75,72.52
ZA-00022167,1,SKU58665,ZAV00335,1,178.07,67.55
ZA-00022168,1,SKU91640,ZAV00288,1,406.86,87.48
ZA-00022169,1,SKU74586,ZAV00582,1,305.11,111.84
ZA-00022170,1,SKU87015,ZAV00353,1,137.79,130.82
ZA-00022171,1,SKU57728,ZAV00350,1,392.06,141.36
ZA-00022172,1,SKU23432,ZAV00676,1,508.6,122.49
ZA-00022173,1,SKU37681,ZAV00106,1,598.01,151.7
ZA-00022173,2,SKU24869,ZAV00511,1,34.83,68.68
ZA-00022174,1,SKU50330,ZAV00224,2,495.51,91.11
ZA-00022175,1,SKU18267,ZAV00322,1,123.42,132.49
ZA-00022176,1,SKU28742,ZAV00699,1,1156.33,80.88
ZA-00022177,1,SKU52342,ZAV00222,1,99.79,85.74
ZA-00022178,1,SKU47672,ZAV00283,1,1152.86,179.14
ZA-00022179,1,SKU21029,ZAV00320,2,1130.32,78.5
ZA-00022180,1,SKU28884,ZAV00311,1,225.6,123.44
ZA-00022181,1,SKU37468,ZAV00613,1,166.75,101.38
ZA-00022182,1,SKU53981,ZAV00144,2,243.08,159.55
ZA-00022183,1,SKU96626,ZAV00216,1,58.23,54.1
ZA-00022184,1,SKU69296,ZAV00240,1,650.98,111.46
ZA-00022184,2,SKU54008,ZAV00640,1,473.12,75.71
ZA-00022185,1,SKU17528,ZAV00264,1,1522.47,170.82
ZA-00022185,2,SKU66806,ZAV00362,1,970.38,163.39
ZA-00022185,3,SKU19629,ZAV00693,2,473.28,54.27
ZA-00022186,1,SKU89062,ZAV00220,1,1263.6,151.17
ZA-00022187,1,SKU89609,ZAV00798,1,238.2,104.27
ZA-00022187,2,SKU14316,ZAV00501,1,833.99,161.64
ZA-00022188,1,SKU13114,ZAV00527,1,305.23,151.77
ZA-00022189,1,SKU53142,ZAV00084,1,224.21,177.99
ZA-00022190,1,SKU70504,ZAV00140,2,851.08,76.26
ZA-00022190,2,SKU15213,ZAV00317,1,88.89,88.85
ZA-00022191,1,SKU94140,ZAV00444,1,175.25,136.8
ZA-00022192,1,SKU37449,ZAV00548,1,468.61,55.76
ZA-00022193,1,SKU74839,ZAV00606,2,1395.06,129.2
ZA-00022194,1,SKU99426,ZAV00295,1,1102.31,84.99
ZA-00022195,1,SKU62245,ZAV00337,1,648.33,165.46
ZA-00022196,1,SKU59674,ZAV00637,1,146.76,163.75
ZA-00022197,1,SKU99563,ZAV00065,2,317.43,42.01
ZA-00022198,1,SKU67323,ZAV00335,1,499.29,94.54
ZA-00022199,1,SKU44922,ZAV00279,1,223.75,85.81
ZA-00022200,1,SKU69459,ZAV00270,1,1559.04,70.88
ZA-00022200,2,SKU85230,ZAV00458,1,456.29,137.86
ZA-00022201,1,SKU11240,ZAV00350,2,193.98,129.48
ZA-00022202,1,SKU62204,ZAV00756,1,1289.52,98.56
ZA-00022203,1,SKU46755,ZAV00727,1,449.55,120.5
ZA-00022204,1,SKU33684,ZAV00791,1,294.45,76.99
ZA-00022205,1,SKU95435,ZAV00614,3,834.72,162.41
ZA-00022205,2,SKU25998,ZAV00062,1,151.95,97.17
ZA-00022206,1,SKU28783,ZAV00188,1,896.82,131.07
ZA-00022207,1,SKU31515,ZAV00523,1,1385.88,165.88
ZA-00022208,1,SKU43706,ZAV00202,1,196.73,135.0
ZA-00022209,1,SKU96984,ZAV00341,1,363.21,178.68
ZA-00022209,2,SKU25020,ZAV00338,1,952.03,53.11
ZA-00022210,1,SKU43526,ZAV00508,3,1270.27,153.45
ZA-00022211,1,SKU57540,ZAV00493,1,975.77,62.51
ZA-00022212,1,SKU69430,ZAV00375,2,317.93,75.81
ZA-00022212,2,SKU80853,ZAV00022,3,290.08,104.6
ZA-00022213,1,SKU72579,ZAV00376,3,502.58,42.0
ZA-00022213,2,SKU87534,ZAV00181,1,335.56,37.63
ZA-00022214,1,SKU83518,ZAV00425,1,476.35,100.4
ZA-00022215,1,SKU42792,ZAV00003,1,212.34,54.1
ZA-00022216,1,SKU14771,ZAV00783,1,323.33,49.55
ZA-00022217,1,SKU74493,ZAV00222,1,1108.14,132.87
ZA-00022217,2,SKU85909,ZAV00103,1,304.49,80.8
ZA-00022218,1,SKU82918,ZAV00084,1,4602.38,86.1
ZA-00022219,1,SKU21020,ZAV00511,1,87.3,89.03
ZA-00022220,1,SKU96685,ZAV00789,1,896.52,133.01
ZA-00022221,1,SKU25373,ZAV00299,1,1471.1,69.09
ZA-00022222,1,SKU88698,ZAV00117,1,487.17,136.22
ZA-00022223,1,SKU65767,ZAV00360,2,718.36,111.2
ZA-00022224,1,SKU46779,ZAV00740,1,1783.8,75.58
ZA-00022224,2,SKU74857,ZAV00795,1,183.36,128.74
ZA-00022224,3,SKU60957,ZAV00421,1,431.33,99.82
ZA-00022225,1,SKU90992,ZAV00314,1,2054.19,115.57
ZA-00022226,1,SKU62326,ZAV00210,1,545.47,71.79
ZA-00022227,1,SKU12911,ZAV00756,3,1017.29,152.51
ZA-00022228,1,SKU62926,ZAV00531,1,260.72,78.98
ZA-00022228,2,SKU25789,ZAV00060,1,1053.16,169.76
ZA-00022229,1,SKU18281,ZAV00270,1,222.71,92.68
ZA-00022230,1,SKU85572,ZAV00026,1,162.22,133.91
ZA-00022231,1,SKU61990,ZAV00530,1,1332.03,154.34
ZA-00022231,2,SKU45860,ZAV00350,1,414.39,177.74
ZA-00022231,3,SKU16428,ZAV00582,1,264.82,53.25
ZA-00022232,1,SKU69653,ZAV00735,1,229.0,165.72
ZA-00022233,1,SKU50591,ZAV00377,1,322.51,41.33
ZA-00022234,1,SKU16591,ZAV00067,1,222.49,141.6
ZA-00022235,1,SKU88605,ZAV00510,1,570.56,159.15
ZA-00022236,1,SKU36808,ZAV00030,3,470.45,150.84
ZA-00022237,1,SKU23919,ZAV00676,1,1047.93,57.07
ZA-00022238,1,SKU59205,ZAV00465,1,89.29,149.2
ZA-00022239,1,SKU64023,ZAV00328,1,1709.21,36.47
ZA-00022240,1,SKU59738,ZAV00417,1,191.44,111.96
ZA-00022241,1,SKU84407,ZAV00410,1,193.1,72.13
ZA-00022241,2,SKU43505,ZAV00364,1,373.22,103.22
ZA-00022242,1,SKU69328,ZAV00717,1,270.5,116.28
ZA-00022242,2,SKU59838,ZAV00199,1,50.62,158.46
ZA-00022243,1,SKU82227,ZAV00399,2,1915.59,65.24
ZA-00022244,1,SKU77763,ZAV00693,1,367.99,171.7
ZA-00022245,1,SKU25305,ZAV00451,1,20.87,98.99
ZA-00022245,2,SKU38722,ZAV00284,1,87.45,78.45
ZA-00022245,3,SKU80746,ZAV00435,1,239.79,118.02
ZA-00022246,1,SKU16252,ZAV00167,1,160.86,58.74
ZA-00022247,1,SKU86148,ZAV00357,1,221.99,168.87
ZA-00022247,2,SKU35917,ZAV00201,1,1724.12,125.04
ZA-00022247,3,SKU24142,ZAV00008,1,476.37,62.24
ZA-00022248,1,SKU53464,ZAV00330,1,486.72,127.47
ZA-00022248,2,SKU64992,ZAV00076,1,85.34,127.4
ZA-00022249,1,SKU47098,ZAV00699,1,417.38,86.17
ZA-00022250,1,SKU97454,ZAV00659,1,813.95,49.29
ZA-00022251,1,SKU62472,ZAV00286,1,268.41,110.73
ZA-00022252,1,SKU25967,ZAV00163,2,137.13,62.29
ZA-00022253,1,SKU41079,ZAV00490,2,1053.9,69.3
ZA-00022254,1,SKU77801,ZAV00607,1,447.9,119.87
ZA-00022255,1,SKU41974,ZAV00346,1,60.81,39.47
ZA-00022256,1,SKU38447,ZAV00372,1,653.97,73.26
ZA-00022257,1,SKU60785,ZAV00730,2,145.18,164.1
ZA-00022258,1,SKU50320,ZAV00038,1,688.88,118.11
ZA-00022258,2,SKU14986,ZAV00789,1,1534.46,83.0
ZA-00022259,1,SKU90156,ZAV00557,1,993.61,150.84
ZA-00022260,1,SKU75299,ZAV00312,2,444.12,106.97
ZA-00022261,1,SKU87644,ZAV00245,3,391.06,166.39
ZA-00022262,1,SKU70336,ZAV00080,1,980.85,153.73
ZA-00022263,1,SKU60125,ZAV00044,1,325.95,55.33
ZA-00022264,1,SKU96182,ZAV00085,1,607.72,151.62
ZA-00022265,1,SKU15408,ZAV00785,1,1510.46,131.56
ZA-00022266,1,SKU13634,ZAV00009,1,925.53,119.67
ZA-00022267,1,SKU26309,ZAV00316,1,437.45,151.18
ZA-00022268,1,SKU83350,ZAV00291,1,645.0,145.27
ZA-00022269,1,SKU23659,ZAV00319,1,581.78,175.89
ZA-00022269,2,SKU82776,ZAV00167,1,1232.58,84.11
ZA-00022270,1,SKU15602,ZAV00624,3,670.58,88.19
ZA-00022271,1,SKU27635,ZAV00521,1,361.15,167.41
ZA-00022271,2,SKU96523,ZAV00040,1,440.67,123.49
ZA-00022271,3,SKU81978,ZAV00582,1,316.74,158.55
ZA-00022272,1,SKU79585,ZAV00710,1,634.55,144.34
ZA-00022273,1,SKU82678,ZAV00426,1,708.58,42.88
ZA-00022274,1,SKU17679,ZAV00226,2,236.13,56.64
ZA-00022275,1,SKU90652,ZAV00349,1,231.29,157.37
ZA-00022276,1,SKU21399,ZAV00392,1,171.74,53.02
ZA-00022277,1,SKU75452,ZAV00496,1,101.78,167.12
ZA-00022278,1,SKU85585,ZAV00456,1,194.32,72.59
ZA-00022278,2,SKU12714,ZAV00377,1,168.02,155.1
ZA-00022279,1,SKU75406,ZAV00170,2,309.09,87.88
ZA-00022280,1,SKU77614,ZAV00264,1,152.41,146.17
ZA-00022281,1,SKU40061,ZAV00265,1,302.03,151.38
ZA-00022282,1,SKU55627,ZAV00569,1,339.29,91.47
ZA-00022283,1,SKU30085,ZAV00176,1,467.28,58.71
ZA-00022284,1,SKU19917,ZAV00679,1,549.5,133.92
ZA-00022285,1,SKU63313,ZAV00304,1,800.98,156.71
ZA-00022286,1,SKU85120,ZAV00662,1,3472.23,117.06
ZA-00022287,1,SKU78606,ZAV00681,1,910.18,99.0
ZA-00022287,2,SKU52118,ZAV00060,1,220.27,165.83
ZA-00022287,3,SKU18919,ZAV00087,1,357.79,70.73
ZA-00022288,1,SKU57092,ZAV00572,1,150.09,154.56
ZA-00022289,1,SKU93928,ZAV00084,3,288.21,66.79
ZA-00022290,1,SKU87068,ZAV00725,1,279.73,168.25
ZA-00022291,1,SKU75284,ZAV00624,1,197.94,120.17
ZA-00022292,1,SKU51820,ZAV00765,1,223.87,82.24
ZA-00022293,1,SKU21573,ZAV00755,1,280.45,147.73
ZA-00022293,2,SKU49648,ZAV00796,1,1476.56,169.35
ZA-00022294,1,SKU95842,ZAV00125,1,423.56,167.02
ZA-00022295,1,SKU28847,ZAV00281,1,577.78,169.09
ZA-00022296,1,SKU45093,ZAV00423,1,157.23,175.31
ZA-00022297,1,SKU27600,ZAV00663,1,729.36,97.84
ZA-00022298,1,SKU18453,ZAV00516,1,296.18,145.72
ZA-00022299,1,SKU74910,ZAV00661,2,1135.61,79.95
ZA-00022300,1,SKU91428,ZAV00631,1,458.6,45.7
ZA-00022301,1,SKU87567,ZAV00407,1,260.44,91.9
ZA-00022302,1,SKU22574,ZAV00300,1,698.83,165.12
ZA-00022303,1,SKU93882,ZAV00140,2,1753.68,114.55
ZA-00022304,1,SKU73965,ZAV00257,2,251.01,126.63
ZA-00022304,2,SKU61079,ZAV00362,1,3248.84,93.66
ZA-00022305,1,SKU93211,ZAV00679,1,636.77,83.52
ZA-00022306,1,SKU16210,ZAV00636,1,90.64,150.86
ZA-00022306,2,SKU48289,ZAV00026,1,160.19,95.94
ZA-00022307,1,SKU25952,ZAV00682,1,1135.12,131.37
ZA-00022307,2,SKU95784,ZAV00368,1,664.38,157.91
ZA-00022307,3,SKU97919,ZAV00308,1,73.12,93.01
ZA-00022308,1,SKU25035,ZAV00656,1,221.66,61.03
ZA-00022309,1,SKU16054,ZAV00435,1,1415.04,85.92
ZA-00022310,1,SKU31661,ZAV00755,1,100.37,45.42
ZA-00022311,1,SKU17094,ZAV00082,1,2397.78,71.67
ZA-00022311,2,SKU82265,ZAV00388,1,408.14,117.15
ZA-00022311,3,SKU31470,ZAV00601,1,635.67,36.03
ZA-00022312,1,SKU59050,ZAV00154,1,133.37,107.85
ZA-00022313,1,SKU92942,ZAV00764,3,97.69,105.96
ZA-00022314,1,SKU10007,ZAV00372,1,414.43,49.37
ZA-00022315,1,SKU69602,ZAV00413,2,1062.82,101.36
ZA-00022316,1,SKU96101,ZAV00702,1,610.83,51.59
ZA-00022316,2,SKU78210,ZAV00135,1,275.34,140.26
ZA-00022317,1,SKU99128,ZAV00329,1,740.72,175.07
ZA-00022318,1,SKU38013,ZAV00173,1,260.81,178.52
ZA-00022319,1,SKU46771,ZAV00371,1,226.37,93.52
ZA-00022320,1,SKU98306,ZAV00504,1,1436.13,128.96
ZA-00022321,1,SKU27534,ZAV00487,2,644.26,90.69
ZA-00022322,1,SKU87064,ZAV00733,1,570.35,110.87
ZA-00022322,2,SKU60559,ZAV00698,1,329.33,71.88
ZA-00022323,1,SKU85957,ZAV00419,1,540.27,62.09
ZA-00022324,1,SKU42648,ZAV00607,2,507.17,135.43
ZA-00022325,1,SKU55243,ZAV00206,1,1325.01,84.82
ZA-00022326,1,SKU29368,ZAV00299,1,3532.51,90.32
ZA-00022327,1,SKU30507,ZAV00352,3,261.21,148.15
ZA-00022328,1,SKU89088,ZAV00381,1,1324.41,136.37
ZA-00022328,2,SKU93914,ZAV00018,1,93.57,167.81
ZA-00022329,1,SKU70385,ZAV00743,1,478.84,54.49
ZA-00022330,1,SKU24873,ZAV00518,1,1042.38,40.94
ZA-00022331,1,SKU76933,ZAV00680,1,392.64,113.13
ZA-00022332,1,SKU54323,ZAV00108,1,1553.75,53.14
ZA-00022333,1,SKU55976,ZAV00729,1,621.76,132.56
ZA-00022334,1,SKU38575,ZAV00723,1,301.72,61.88
ZA-00022335,1,SKU85544,ZAV00583,1,198.89,141.16
ZA-00022336,1,SKU82052,ZAV00234,1,112.52,139.68
ZA-00022337,1,SKU55998,ZAV00547,1,765.81,108.57
ZA-00022338,1,SKU52707,ZAV00537,2,1586.63,118.43
ZA-00022338,2,SKU88891,ZAV00247,1,255.57,107.56
ZA-00022339,1,SKU44589,ZAV00789,1,613.72,165.19
ZA-00022340,1,SKU94759,ZAV00773,1,249.89,107.71
ZA-00022341,1,SKU12403,ZAV00115,1,245.9,40.35
ZA-00022342,1,SKU91362,ZAV00019,1,567.6,108.0
ZA-00022343,1,SKU66475,ZAV00169,1,1101.77,172.4
ZA-00022343,2,SKU43834,ZAV00363,1,304.55,57.85
ZA-00022344,1,SKU43144,ZAV00533,1,369.31,105.29
ZA-00022345,1,SKU34257,ZAV00215,1,216.44,64.29
ZA-00022346,1,SKU80034,ZAV00494,1,147.51,139.08
ZA-00022347,1,SKU20072,ZAV00436,1,338.96,130.71
ZA-00022348,1,SKU83822,ZAV00341,1,466.53,69.34
ZA-00022349,1,SKU12607,ZAV00366,1,821.16,85.69
ZA-00022350,1,SKU19294,ZAV00403,2,1052.1,178.8
ZA-00022350,2,SKU10037,ZAV00250,1,435.49,101.65
ZA-00022350,3,SKU88879,ZAV00019,1,862.15,51.64
ZA-00022351,1,SKU69746,ZAV00514,1,566.2,108.04
ZA-00022352,1,SKU25681,ZAV00411,1,173.44,137.07
ZA-00022353,1,SKU81964,ZAV00783,1,824.03,108.37
ZA-00022354,1,SKU40804,ZAV00181,1,901.56,115.88
ZA-00022354,2,SKU25098,ZAV00735,1,1099.14,82.11
ZA-00022355,1,SKU36956,ZAV00691,1,163.95,101.04
ZA-00022356,1,SKU58661,ZAV00099,1,687.47,66.71
ZA-00022357,1,SKU75968,ZAV00237,1,200.81,171.13
ZA-00022357,2,SKU47647,ZAV00184,3,526.96,103.84
ZA-00022358,1,SKU33920,ZAV00316,1,612.29,71.57
ZA-00022359,1,SKU65263,ZAV00212,1,370.79,95.27
ZA-00022360,1,SKU82432,ZAV00055,1,316.45,94.61
ZA-00022361,1,SKU99368,ZAV00408,1,586.43,142.46
ZA-00022362,1,SKU21946,ZAV00026,2,1641.32,71.64
ZA-00022363,1,SKU30882,ZAV00588,1,371.74,99.15
ZA-00022364,1,SKU82713,ZAV00415,1,286.21,115.28
ZA-00022364,2,SKU98148,ZAV00391,1,1096.81,171.52
ZA-00022365,1,SKU53039,ZAV00522,1,110.97,174.65
ZA-00022366,1,SKU73547,ZAV00418,1,379.41,60.12
ZA-00022367,1,SKU32111,ZAV00481,1,424.63,73.32
ZA-00022368,1,SKU50205,ZAV00005,1,167.91,70.08
ZA-00022369,1,SKU35819,ZAV00729,1,1625.03,142.88
ZA-00022370,1,SKU71388,ZAV00171,1,660.43,114.81
ZA-00022371,1,SKU79155,ZAV00669,1,692.0,162.81
ZA-00022372,1,SKU38468,ZAV00283,1,709.5,112.87
ZA-00022373,1,SKU31947,ZAV00016,1,615.38,79.46
ZA-00022374,1,SKU84654,ZAV00467,1,263.55,77.63
ZA-00022375,1,SKU12165,ZAV00714,1,507.69,120.53
ZA-00022375,2,SKU71306,ZAV00714,1,196.64,63.32
ZA-00022376,1,SKU49015,ZAV00234,1,332.81,40.87
ZA-00022377,1,SKU96948,ZAV00257,1,168.37,122.74
ZA-00022378,1,SKU42208,ZAV00708,1,381.92,88.1
ZA-00022379,1,SKU65118,ZAV00645,1,312.72,144.21
ZA-00022379,2,SKU91888,ZAV00440,1,989.1,43.87
ZA-00022380,1,SKU73390,ZAV00322,1,269.51,103.44
ZA-00022380,2,SKU58898,ZAV00735,1,627.46,177.28
ZA-00022380,3,SKU84708,ZAV00677,1,334.12,54.18
ZA-00022381,1,SKU23375,ZAV00149,1,511.24,114.14
ZA-00022382,1,SKU80390,ZAV00698,1,303.17,77.47
ZA-00022383,1,SKU17109,ZAV00474,1,1569.78,152.8
ZA-00022384,1,SKU65553,ZAV00136,2,278.57,82.93
ZA-00022384,2,SKU26419,ZAV00026,2,318.73,78.7
ZA-00022385,1,SKU77812,ZAV00606,1,772.64,36.86
ZA-00022386,1,SKU87006,ZAV00456,1,271.87,36.08
ZA-00022386,2,SKU52919,ZAV00325,1,396.72,71.3
ZA-00022387,1,SKU20029,ZAV00238,1,555.76,134.81
ZA-00022388,1,SKU30232,ZAV00326,1,3625.27,108.94
ZA-00022388,2,SKU28014,ZAV00569,1,751.36,178.91
ZA-00022389,1,SKU10818,ZAV00181,1,314.14,131.55
ZA-00022390,1,SKU53014,ZAV00022,1,377.73,153.66
ZA-00022391,1,SKU80293,ZAV00014,1,478.52,115.08
ZA-00022392,1,SKU61810,ZAV00763,1,388.16,106.01
ZA-00022393,1,SKU67777,ZAV00684,2,1065.93,174.07
ZA-00022394,1,SKU97963,ZAV00031,1,244.15,37.98
ZA-00022395,1,SKU50963,ZAV00320,1,1492.7,43.13
ZA-00022396,1,SKU85986,ZAV00116,1,1015.25,100.2
ZA-00022397,1,SKU61723,ZAV00678,1,534.68,138.63
ZA-00022397,2,SKU51990,ZAV00299,1,75.76,48.81
ZA-00022398,1,SKU43961,ZAV00082,1,861.86,147.21
ZA-00022399,1,SKU59366,ZAV00229,1,140.18,93.88
ZA-00022400,1,SKU46169,ZAV00608,1,108.53,118.47
ZA-00022401,1,SKU93440,ZAV00126,1,161.03,161.87
ZA-00022401,2,SKU10655,ZAV00721,1,386.13,159.87
ZA-00022402,1,SKU40537,ZAV00148,1,861.59,107.99
ZA-00022403,1,SKU85982,ZAV00336,1,644.03,160.18
ZA-00022404,1,SKU83488,ZAV00493,1,84.25,42.66
ZA-00022405,1,SKU90783,ZAV00108,1,1211.6,114.57
ZA-00022406,1,SKU85934,ZAV00281,1,192.63,35.42
ZA-00022407,1,SKU17747,ZAV00191,3,374.73,66.77
ZA-00022408,1,SKU12787,ZAV00374,1,682.92,150.79
ZA-00022409,1,SKU67427,ZAV00543,1,691.49,148.75
ZA-00022409,2,SKU68537,ZAV00347,1,2212.59,119.19
ZA-00022410,1,SKU91030,ZAV00486,1,78.41,131.37
ZA-00022411,1,SKU77815,ZAV00466,2,406.29,86.08
ZA-00022412,1,SKU80495,ZAV00004,1,899.7,148.03
ZA-00022412,2,SKU30268,ZAV00392,1,683.99,58.36
ZA-00022413,1,SKU39992,ZAV00288,1,375.42,80.38
ZA-00022414,1,SKU76665,ZAV00053,1,97.95,133.67
ZA-00022414,2,SKU17404,ZAV00780,1,404.0,89.81
ZA-00022415,1,SKU46597,ZAV00664,1,707.62,50.13
ZA-00022416,1,SKU83671,ZAV00352,1,285.83,127.52
ZA-00022417,1,SKU51291,ZAV00025,1,1851.85,93.18
ZA-00022418,1,SKU17097,ZAV00787,3,187.32,44.03
ZA-00022419,1,SKU98810,ZAV00272,1,370.67,65.16
ZA-00022420,1,SKU61115,ZAV00709,1,827.79,44.08
ZA-00022421,1,SKU48416,ZAV00018,1,511.91,82.49
ZA-00022422,1,SKU46770,ZAV00679,1,921.53,162.88
ZA-00022423,1,SKU75719,ZAV00067,1,177.67,97.49
ZA-00022423,2,SKU82877,ZAV00398,1,1011.11,52.38
ZA-00022424,1,SKU96630,ZAV00012,1,841.99,47.69
ZA-00022424,2,SKU37919,ZAV00011,1,452.63,115.29
ZA-00022424,3,SKU49549,ZAV00660,1,581.13,64.0
ZA-00022425,1,SKU76913,ZAV00344,1,477.95,178.18
ZA-00022426,1,SKU74292,ZAV00593,1,836.78,111.68
ZA-00022427,1,SKU24066,ZAV00010,1,924.76,42.49
ZA-00022427,2,SKU59756,ZAV00166,1,155.53,161.35
ZA-00022428,1,SKU53419,ZAV00663,2,506.57,36.79
ZA-00022429,1,SKU73010,ZAV00399,1,627.57,70.32
ZA-00022429,2,SKU85427,ZAV00727,1,331.12,134.33
ZA-00022430,1,SKU46631,ZAV00231,1,96.45,91.6
ZA-00022431,1,SKU59574,ZAV00597,1,170.85,106.14
ZA-00022432,1,SKU76465,ZAV00654,2,753.86,134.0
ZA-00022433,1,SKU79420,ZAV00630,1,575.46,42.66
ZA-00022434,1,SKU92060,ZAV00417,1,353.54,130.21
ZA-00022434,2,SKU24873,ZAV00685,1,959.85,55.94
ZA-00022435,1,SKU28383,ZAV00020,2,535.75,157.07
ZA-00022436,1,SKU80568,ZAV00337,3,666.0,68.17
ZA-00022437,1,SKU90543,ZAV00372,1,159.57,134.7
ZA-00022438,1,SKU52292,ZAV00371,1,303.44,44.78
ZA-00022438,2,SKU13935,ZAV00024,2,269.88,124.21
ZA-00022438,3,SKU11921,ZAV00197,1,169.22,71.36
ZA-00022439,1,SKU36903,ZAV00079,1,905.51,84.59
ZA-00022440,1,SKU30802,ZAV00719,1,1417.96,73.55
ZA-00022441,1,SKU62408,ZAV00246,1,548.48,116.74
ZA-00022442,1,SKU32528,ZAV00168,1,681.06,109.16
ZA-00022443,1,SKU42183,ZAV00562,1,790.1,65.28
ZA-00022444,1,SKU84248,ZAV00107,1,48.29,50.69
ZA-00022445,1,SKU75733,ZAV00102,1,558.08,153.23
ZA-00022446,1,SKU55056,ZAV00177,1,599.62,123.01
ZA-00022447,1,SKU89886,ZAV00639,2,167.47,132.1
ZA-00022448,1,SKU51577,ZAV00021,1,1201.77,81.22
ZA-00022449,1,SKU21959,ZAV00789,1,824.01,47.76
ZA-00022450,1,SKU41392,ZAV00291,1,358.47,173.78
ZA-00022451,1,SKU26245,ZAV00443,1,524.9,160.17
ZA-00022452,1,SKU15964,ZAV00645,1,565.06,168.89
ZA-00022452,2,SKU78617,ZAV00742,1,602.88,85.47
ZA-00022453,1,SKU46187,ZAV00258,1,349.64,149.55
ZA-00022454,1,SKU75185,ZAV00650,3,610.84,139.3
ZA-00022454,2,SKU98096,ZAV00541,1,1645.98,63.64
ZA-00022455,1,SKU25367,ZAV00533,2,814.11,128.55
ZA-00022456,1,SKU98098,ZAV00083,1,577.78,116.05
ZA-00022457,1,SKU79602,ZAV00339,1,146.73,63.3
ZA-00022458,1,SKU41682,ZAV00546,1,154.53,64.82
ZA-00022459,1,SKU44924,ZAV00107,1,1245.52,106.04
ZA-00022460,1,SKU19880,ZAV00152,2,512.23,56.36
ZA-00022461,1,SKU93941,ZAV00564,2,1503.89,155.68
ZA-00022461,2,SKU85359,ZAV00482,1,79.92,153.55
ZA-00022461,3,SKU78532,ZAV00574,3,751.51,131.17
ZA-00022462,1,SKU72238,ZAV00024,1,378.9,142.47
ZA-00022463,1,SKU67528,ZAV00469,2,146.88,155.28
ZA-00022464,1,SKU11999,ZAV00638,1,743.38,141.79
ZA-00022464,2,SKU93082,ZAV00549,1,680.93,113.77
ZA-00022465,1,SKU29835,ZAV00632,2,441.25,176.01
ZA-00022465,2,SKU65835,ZAV00700,1,121.24,119.0
ZA-00022465,3,SKU33430,ZAV00461,1,303.68,120.47
ZA-00022466,1,SKU93852,ZAV00266,1,745.69,63.25
ZA-00022467,1,SKU45994,ZAV00485,1,1839.38,128.89
ZA-00022468,1,SKU73600,ZAV00078,2,467.06,164.1
ZA-00022469,1,SKU45306,ZAV00016,1,1504.44,65.03
ZA-00022470,1,SKU81270,ZAV00446,1,381.02,38.25
ZA-00022471,1,SKU65195,ZAV00528,1,156.19,140.06
ZA-00022472,1,SKU41857,ZAV00705,1,951.29,132.87
ZA-00022472,2,SKU54279,ZAV00058,1,480.7,58.23
ZA-00022473,1,SKU89534,ZAV00778,1,1431.97,89.23
ZA-00022474,1,SKU95178,ZAV00669,3,356.25,80.59
ZA-00022475,1,SKU80666,ZAV00150,1,349.15,75.74
ZA-00022476,1,SKU85611,ZAV00045,1,318.84,85.42
ZA-00022476,2,SKU98071,ZAV00382,1,290.44,79.15
ZA-00022477,1,SKU68653,ZAV00479,1,155.85,93.2
ZA-00022478,1,SKU42994,ZAV00560,1,910.11,102.37
ZA-00022478,2,SKU10240,ZAV00767,1,2408.3,94.13
ZA-00022479,1,SKU88672,ZAV00299,1,477.94,155.89
ZA-00022480,1,SKU46404,ZAV00027,1,380.59,49.94
ZA-00022481,1,SKU26539,ZAV00129,1,310.85,160.91
ZA-00022482,1,SKU10279,ZAV00314,1,906.43,103.36
ZA-00022482,2,SKU92231,ZAV00191,1,304.77,47.35
ZA-00022483,1,SKU29663,ZAV00220,1,880.56,178.9
ZA-00022483,2,SKU39651,ZAV00560,1,253.32,56.91
ZA-00022484,1,SKU43696,ZAV00570,1,1271.41,102.32
ZA-00022485,1,SKU64829,ZAV00286,1,144.13,175.32
ZA-00022486,1,SKU40067,ZAV00710,1,223.86,78.79
ZA-00022487,1,SKU87193,ZAV00261,1,644.92,110.25
ZA-00022488,1,SKU84035,ZAV00759,1,333.79,57.31
ZA-00022489,1,SKU16035,ZAV00767,1,391.97,141.06
ZA-00022490,1,SKU34150,ZAV00106,1,356.93,90.98
ZA-00022491,1,SKU68082,ZAV00051,1,917.86,63.27
ZA-00022492,1,SKU89384,ZAV00096,1,756.29,61.4
ZA-00022492,2,SKU39078,ZAV00385,1,634.11,102.67
ZA-00022492,3,SKU26694,ZAV00725,2,3435.22,64.78
ZA-00022493,1,SKU55337,ZAV00437,1,164.15,162.75
ZA-00022494,1,SKU89878,ZAV00724,1,724.7,149.96
ZA-00022495,1,SKU57960,ZAV00062,1,769.65,83.73
ZA-00022495,2,SKU40021,ZAV00708,1,2821.38,158.63
ZA-00022496,1,SKU82627,ZAV00715,1,80.45,54.68
ZA-00022497,1,SKU23500,ZAV00173,1,462.54,86.04
ZA-00022498,1,SKU94883,ZAV00225,3,782.41,135.02
ZA-00022499,1,SKU92958,ZAV00559,1,616.21,42.62
ZA-00022500,1,SKU85993,ZAV00142,3,734.72,152.94
ZA-00022501,1,SKU35780,ZAV00053,2,305.92,88.62
ZA-00022502,1,SKU87247,ZAV00092,1,482.19,178.99
ZA-00022502,2,SKU32895,ZAV00495,1,1999.89,73.07
ZA-00022503,1,SKU95596,ZAV00543,1,460.5,112.44
ZA-00022504,1,SKU21804,ZAV00666,1,484.6,163.8
ZA-00022505,1,SKU41232,ZAV00089,1,497.58,52.92
ZA-00022506,1,SKU85812,ZAV00730,1,612.11,41.64
ZA-00022507,1,SKU21063,ZAV00336,1,514.43,97.07
ZA-00022508,1,SKU60224,ZAV00307,2,691.7,38.97
ZA-00022509,1,SKU48952,ZAV00231,1,186.42,170.71
ZA-00022510,1,SKU53085,ZAV00755,1,282.91,134.4
ZA-00022511,1,SKU36346,ZAV00739,1,2681.26,70.98
ZA-00022512,1,SKU96794,ZAV00074,1,645.93,156.05
ZA-00022513,1,SKU99566,ZAV00291,2,496.51,161.05
ZA-00022514,1,SKU23210,ZAV00054,2,1647.81,59.2
ZA-00022515,1,SKU95251,ZAV00560,1,1102.33,162.25
ZA-00022515,2,SKU10506,ZAV00371,2,986.68,68.25
ZA-00022516,1,SKU74306,ZAV00243,2,337.48,36.77
ZA-00022517,1,SKU84235,ZAV00312,1,833.33,105.28
ZA-00022518,1,SKU65466,ZAV00502,1,142.92,44.91
ZA-00022519,1,SKU90169,ZAV00531,2,1567.68,120.07
ZA-00022520,1,SKU27864,ZAV00578,2,237.47,178.81
ZA-00022521,1,SKU51698,ZAV00005,1,229.59,177.5
ZA-00022521,2,SKU74440,ZAV00563,1,224.87,158.33
ZA-00022522,1,SKU93255,ZAV00590,2,250.47,44.61
ZA-00022523,1,SKU91307,ZAV00681,1,1320.69,75.72
ZA-00022524,1,SKU24217,ZAV00329,1,220.61,172.19
ZA-00022525,1,SKU82177,ZAV00675,1,1055.41,60.38
ZA-00022526,1,SKU60724,ZAV00626,1,289.12,155.56
ZA-00022527,1,SKU30780,ZAV00528,1,750.6,81.49
ZA-00022528,1,SKU87135,ZAV00752,1,598.0,108.46
ZA-00022529,1,SKU10104,ZAV00586,1,137.38,104.85
ZA-00022530,1,SKU19451,ZAV00015,1,339.59,115.82
ZA-00022531,1,SKU73745,ZAV00648,1,515.84,96.75
ZA-00022531,2,SKU42569,ZAV00132,1,366.11,98.32
ZA-00022532,1,SKU17539,ZAV00029,3,237.08,96.03
ZA-00022533,1,SKU25527,ZAV00462,1,296.71,49.31
ZA-00022534,1,SKU33765,ZAV00434,2,200.45,54.7
ZA-00022535,1,SKU32063,ZAV00565,1,363.26,176.91
ZA-00022536,1,SKU89713,ZAV00378,1,67.65,45.14
ZA-00022537,1,SKU35144,ZAV00516,2,680.54,128.48
ZA-00022538,1,SKU73468,ZAV00695,1,358.92,123.66
ZA-00022539,1,SKU90200,ZAV00675,1,289.29,113.25
ZA-00022539,2,SKU95602,ZAV00283,1,782.1,36.45
ZA-00022540,1,SKU26492,ZAV00302,1,1006.55,91.0
ZA-00022541,1,SKU49747,ZAV00496,1,845.57,163.06
ZA-00022542,1,SKU57126,ZAV00081,1,244.03,100.08
ZA-00022543,1,SKU19096,ZAV00771,1,904.58,167.05
ZA-00022544,1,SKU78994,ZAV00007,1,304.58,143.15
ZA-00022545,1,SKU92815,ZAV00386,1,153.11,97.21
ZA-00022546,1,SKU14610,ZAV00728,2,425.21,87.93
ZA-00022547,1,SKU47981,ZAV00634,1,684.14,88.55
ZA-00022548,1,SKU98889,ZAV00287,1,491.98,174.49
ZA-00022549,1,SKU30722,ZAV00433,1,302.51,143.75
ZA-00022549,2,SKU81590,ZAV00130,1,386.23,80.1
ZA-00022550,1,SKU25112,ZAV00167,1,546.25,85.95
ZA-00022551,1,SKU87988,ZAV00501,1,906.02,103.98
ZA-00022552,1,SKU79475,ZAV00771,1,117.31,125.52
ZA-00022553,1,SKU80993,ZAV00680,1,235.81,135.82
ZA-00022554,1,SKU95336,ZAV00387,1,196.43,75.85
ZA-00022555,1,SKU53126,ZAV00173,1,1334.47,153.79
ZA-00022556,1,SKU12817,ZAV00218,1,344.27,91.03
ZA-00022557,1,SKU81337,ZAV00354,1,720.34,137.0
ZA-00022558,1,SKU82805,ZAV00345,1,326.19,69.0
ZA-00022559,1,SKU66204,ZAV00348,1,167.33,111.92
ZA-00022560,1,SKU57112,ZAV00605,1,278.01,36.65
ZA-00022561,1,SKU10584,ZAV00638,1,832.22,87.78
ZA-00022562,1,SKU62060,ZAV00457,1,363.0,152.11
ZA-00022563,1,SKU70937,ZAV00005,1,402.44,60.66
ZA-00022564,1,SKU96810,ZAV00318,1,577.28,82.82
ZA-00022565,1,SKU29922,ZAV00472,1,2483.41,105.11
ZA-00022566,1,SKU30003,ZAV00667,1,527.42,136.66
ZA-00022566,2,SKU71905,ZAV00629,1,1898.72,117.9
ZA-00022567,1,SKU70759,ZAV00634,1,289.6,63.56
ZA-00022568,1,SKU56106,ZAV00255,1,769.74,143.01
ZA-00022569,1,SKU14818,ZAV00270,2,283.89,170.74
ZA-00022570,1,SKU20737,ZAV00407,1,1609.1,126.38
ZA-00022570,2,SKU72065,ZAV00555,1,251.86,124.81
ZA-00022571,1,SKU14967,ZAV00254,1,527.29,179.3
ZA-00022572,1,SKU10007,ZAV00627,1,200.43,128.34
ZA-00022573,1,SKU15060,ZAV00308,3,276.47,143.54
ZA-00022574,1,SKU44313,ZAV00155,1,603.0,133.92
ZA-00022574,2,SKU98066,ZAV00335,1,214.46,100.63
ZA-00022575,1,SKU90319,ZAV00055,1,821.05,75.3
ZA-00022576,1,SKU98073,ZAV00626,2,437.64,103.47
ZA-00022577,1,SKU11022,ZAV00054,1,1669.29,96.34
ZA-00022578,1,SKU74060,ZAV00520,1,516.13,126.52
ZA-00022579,1,SKU18076,ZAV00116,1,240.16,62.9
ZA-00022580,1,SKU25645,ZAV00347,1,441.94,140.4
ZA-00022581,1,SKU30262,ZAV00410,1,603.06,124.57
ZA-00022581,2,SKU22391,ZAV00738,1,166.11,117.56
ZA-00022582,1,SKU27229,ZAV00014,1,235.77,38.77
ZA-00022583,1,SKU55343,ZAV00504,1,287.23,70.14
ZA-00022583,2,SKU16117,ZAV00217,1,420.46,169.06
ZA-00022584,1,SKU96467,ZAV00515,1,291.18,116.6
ZA-00022585,1,SKU58688,ZAV00122,2,1469.05,126.74
ZA-00022585,2,SKU61136,ZAV00008,1,504.07,160.32
ZA-00022586,1,SKU86479,ZAV00654,1,531.58,136.48
ZA-00022587,1,SKU69275,ZAV00385,1,88.03,35.64
ZA-00022587,2,SKU37243,ZAV00049,2,451.85,174.43
ZA-00022588,1,SKU71114,ZAV00609,1,328.89,149.97
ZA-00022588,2,SKU79939,ZAV00530,1,208.86,156.9
ZA-00022588,3,SKU31398,ZAV00742,1,259.74,139.83
ZA-00022589,1,SKU85042,ZAV00221,2,269.19,57.16
ZA-00022590,1,SKU85175,ZAV00541,1,433.85,154.47
ZA-00022590,2,SKU31398,ZAV00099,3,66.75,126.29
ZA-00022591,1,SKU99397,ZAV00698,1,370.08,176.27
ZA-00022592,1,SKU82215,ZAV00339,1,311.5,117.73
ZA-00022593,1,SKU86580,ZAV00459,1,2719.28,100.25
ZA-00022594,1,SKU56991,ZAV00426,1,234.6,155.99
ZA-00022595,1,SKU96550,ZAV00393,1,283.11,80.98
ZA-00022596,1,SKU74684,ZAV00141,1,105.61,73.46
ZA-00022597,1,SKU31672,ZAV00117,1,813.36,80.95
ZA-00022597,2,SKU76023,ZAV00521,1,692.28,59.04
ZA-00022598,1,SKU48665,ZAV00418,1,556.92,117.09
ZA-00022599,1,SKU87492,ZAV00774,1,352.57,162.48
ZA-00022599,2,SKU71988,ZAV00224,1,990.0,99.46
ZA-00022600,1,SKU50565,ZAV00204,1,358.08,83.54
ZA-00022601,1,SKU54682,ZAV00604,1,429.43,137.19
ZA-00022602,1,SKU62981,ZAV00644,1,688.06,46.39
ZA-00022603,1,SKU83318,ZAV00236,2,1110.37,156.26
ZA-00022604,1,SKU73072,ZAV00628,1,577.97,179.49
ZA-00022605,1,SKU36842,ZAV00717,1,1124.79,95.91
ZA-00022606,1,SKU20918,ZAV00560,2,575.18,69.29
ZA-00022607,1,SKU14621,ZAV00772,3,394.65,67.98
ZA-00022608,1,SKU29648,ZAV00606,1,187.76,105.17
ZA-00022609,1,SKU54005,ZAV00528,1,737.79,63.52
ZA-00022610,1,SKU17002,ZAV00171,1,160.95,59.05
ZA-00022611,1,SKU38612,ZAV00626,1,1431.73,109.22
ZA-00022611,2,SKU50998,ZAV00057,1,130.69,83.06
ZA-00022611,3,SKU38872,ZAV00222,1,1156.76,147.43
ZA-00022612,1,SKU79529,ZAV00553,1,250.25,51.89
ZA-00022613,1,SKU73729,ZAV00529,3,1441.74,75.64
ZA-00022614,1,SKU80701,ZAV00300,1,741.74,54.68
ZA-00022614,2,SKU64325,ZAV00015,1,1175.51,41.36
ZA-00022615,1,SKU46055,ZAV00618,1,144.19,96.45
ZA-00022616,1,SKU42467,ZAV00512,1,837.44,107.36
ZA-00022617,1,SKU73844,ZAV00236,1,1225.64,108.72
ZA-00022617,2,SKU48376,ZAV00021,1,742.32,117.42
ZA-00022618,1,SKU81360,ZAV00497,1,362.09,94.79
ZA-00022619,1,SKU79057,ZAV00584,1,257.27,35.56
ZA-00022619,2,SKU51459,ZAV00694,1,2125.72,76.15
ZA-00022620,1,SKU97996,ZAV00472,1,617.7,86.76
ZA-00022621,1,SKU93787,ZAV00041,1,2683.78,163.14
ZA-00022622,1,SKU22253,ZAV00096,1,253.04,94.97
ZA-00022623,1,SKU34787,ZAV00202,2,759.01,52.76
ZA-00022624,1,SKU81280,ZAV00720,1,303.14,158.69
ZA-00022624,2,SKU92649,ZAV00660,1,489.03,71.27
ZA-00022625,1,SKU72272,ZAV00311,1,310.29,94.21
ZA-00022625,2,SKU51353,ZAV00390,2,872.71,150.71
ZA-00022625,3,SKU52043,ZAV00055,1,227.73,162.95
ZA-00022626,1,SKU20115,ZAV00110,1,499.8,64.49
ZA-00022627,1,SKU42787,ZAV00612,2,167.79,36.14
ZA-00022628,1,SKU10096,ZAV00528,1,164.3,35.45
ZA-00022629,1,SKU30331,ZAV00578,1,690.19,113.39
ZA-00022630,1,SKU18443,ZAV00213,2,68.53,62.74
ZA-00022631,1,SKU30249,ZAV00093,1,1377.78,81.6
ZA-00022631,2,SKU37485,ZAV00198,1,331.13,97.35
ZA-00022632,1,SKU89501,ZAV00259,2,584.04,44.34
ZA-00022633,1,SKU67923,ZAV00081,1,262.43,69.55
ZA-00022634,1,SKU84749,ZAV00289,1,191.05,104.33
ZA-00022635,1,SKU92561,ZAV00069,2,234.69,159.79
ZA-00022636,1,SKU62305,ZAV00169,1,321.32,179.83
ZA-00022636,2,SKU51514,ZAV00696,1,900.45,143.03
ZA-00022637,1,SKU48632,ZAV00499,1,107.36,119.55
ZA-00022638,1,SKU98884,ZAV00621,1,103.61,158.4
ZA-00022639,1,SKU50943,ZAV00175,1,495.78,129.31
ZA-00022639,2,SKU48790,ZAV00249,1,611.51,74.81
ZA-00022640,1,SKU49035,ZAV00369,1,414.45,95.83
ZA-00022641,1,SKU92856,ZAV00302,1,1621.64,178.04
ZA-00022642,1,SKU77064,ZAV00495,1,688.93,164.49
ZA-00022642,2,SKU50997,ZAV00061,1,460.57,111.39
ZA-00022643,1,SKU82124,ZAV00431,1,276.25,129.91
ZA-00022644,1,SKU98215,ZAV00516,2,779.88,128.1
ZA-00022645,1,SKU88647,ZAV00001,1,188.5,171.99
ZA-00022646,1,SKU85110,ZAV00287,1,197.19,56.59
ZA-00022647,1,SKU71344,ZAV00707,1,498.44,124.17
ZA-00022648,1,SKU53873,ZAV00659,1,241.89,66.56
ZA-00022649,1,SKU14471,ZAV00096,1,513.96,97.53
ZA-00022650,1,SKU79941,ZAV00704,1,698.74,114.73
ZA-00022651,1,SKU99202,ZAV00697,1,1137.62,40.5
ZA-00022652,1,SKU39974,ZAV00738,2,1514.39,178.88
ZA-00022653,1,SKU26401,ZAV00593,2,728.47,161.84
ZA-00022653,2,SKU42601,ZAV00120,1,365.29,152.6
ZA-00022654,1,SKU35138,ZAV00732,1,311.21,114.56
ZA-00022655,1,SKU57637,ZAV00096,1,759.73,145.19
ZA-00022656,1,SKU91191,ZAV00595,1,2450.89,138.77
ZA-00022657,1,SKU94525,ZAV00338,1,1014.33,37.94
ZA-00022657,2,SKU65038,ZAV00559,1,2687.68,140.66
ZA-00022658,1,SKU64499,ZAV00143,1,1280.01,123.19
ZA-00022659,1,SKU46082,ZAV00064,1,736.26,124.85
ZA-00022660,1,SKU18447,ZAV00387,1,414.95,176.87
ZA-00022661,1,SKU66651,ZAV00025,2,843.89,65.36
ZA-00022662,1,SKU97532,ZAV00208,2,257.3,143.22
ZA-00022663,1,SKU83290,ZAV00247,1,237.97,71.57
ZA-00022664,1,SKU26150,ZAV00629,2,239.68,134.02
ZA-00022665,1,SKU41960,ZAV00573,1,249.54,159.86
ZA-00022665,2,SKU19070,ZAV00455,1,457.71,157.16
ZA-00022666,1,SKU54328,ZAV00055,1,188.03,154.92
ZA-00022667,1,SKU73385,ZAV00717,1,1683.06,36.21
ZA-00022668,1,SKU95716,ZAV00688,2,163.27,66.33
ZA-00022669,1,SKU80044,ZAV00615,1,194.19,163.51
ZA-00022670,1,SKU52634,ZAV00541,1,369.42,158.85
ZA-00022670,2,SKU33524,ZAV00197,2,831.25,163.17
ZA-00022671,1,SKU50241,ZAV00063,1,711.64,69.85
ZA-00022672,1,SKU21441,ZAV00379,1,733.43,54.83
ZA-00022673,1,SKU29376,ZAV00544,1,151.33,161.71
ZA-00022674,1,SKU92664,ZAV00181,1,213.37,133.19
ZA-00022675,1,SKU77575,ZAV00144,1,1073.38,166.69
ZA-00022676,1,SKU48465,ZAV00652,1,829.84,53.86
ZA-00022677,1,SKU10249,ZAV00081,1,159.81,168.61
ZA-00022677,2,SKU95805,ZAV00161,1,625.99,74.83
ZA-00022678,1,SKU76901,ZAV00046,1,426.82,80.39
ZA-00022678,2,SKU32058,ZAV00108,1,685.79,164.6
ZA-00022679,1,SKU48814,ZAV00601,1,173.9,107.03
ZA-00022680,1,SKU61010,ZAV00019,1,427.59,165.0
ZA-00022680,2,SKU31202,ZAV00012,1,1047.6,40.13
ZA-00022680,3,SKU62007,ZAV00067,1,223.55,139.05
ZA-00022681,1,SKU77464,ZAV00172,1,1395.27,133.55
ZA-00022681,2,SKU64713,ZAV00424,1,334.98,84.53
ZA-00022681,3,SKU86420,ZAV00780,1,567.77,177.61
ZA-00022682,1,SKU41663,ZAV00184,1,253.24,112.8
ZA-00022682,2,SKU92895,ZAV00046,1,1667.95,86.84
ZA-00022683,1,SKU86463,ZAV00487,1,986.69,96.14
ZA-00022684,1,SKU57327,ZAV00025,1,165.91,43.87
ZA-00022685,1,SKU94154,ZAV00323,1,159.36,90.8
ZA-00022686,1,SKU62484,ZAV00429,1,2283.01,52.93
ZA-00022687,1,SKU44432,ZAV00772,1,535.9,116.99
ZA-00022688,1,SKU84487,ZAV00528,1,506.28,42.82
ZA-00022689,1,SKU19966,ZAV00556,1,1485.12,56.3
ZA-00022690,1,SKU23378,ZAV00039,1,469.44,85.89
ZA-00022691,1,SKU99848,ZAV00439,1,994.02,118.2
ZA-00022692,1,SKU77602,ZAV00229,1,356.17,76.49
ZA-00022692,2,SKU16494,ZAV00749,1,579.18,135.36
ZA-00022692,3,SKU95850,ZAV00498,1,470.36,130.44
ZA-00022693,1,SKU73410,ZAV00075,1,698.47,94.47
ZA-00022694,1,SKU93399,ZAV00108,1,421.81,129.25
ZA-00022695,1,SKU26246,ZAV00126,1,975.42,82.71
ZA-00022696,1,SKU70707,ZAV00155,1,732.03,122.29
ZA-00022696,2,SKU58545,ZAV00270,1,694.91,111.29
ZA-00022697,1,SKU72762,ZAV00462,1,308.05,159.08
ZA-00022698,1,SKU32232,ZAV00141,1,352.43,54.3
ZA-00022699,1,SKU31142,ZAV00227,1,13.11,165.59
ZA-00022700,1,SKU61499,ZAV00090,1,419.62,161.71
ZA-00022700,2,SKU67620,ZAV00666,1,563.93,46.71
ZA-00022700,3,SKU62213,ZAV00293,1,209.83,142.06
ZA-00022701,1,SKU54806,ZAV00751,1,689.0,116.29
ZA-00022701,2,SKU28339,ZAV00411,2,421.6,167.0
ZA-00022702,1,SKU89958,ZAV00071,1,311.14,41.21
ZA-00022703,1,SKU98139,ZAV00144,1,544.53,174.69
ZA-00022704,1,SKU13579,ZAV00661,2,327.33,113.81
ZA-00022705,1,SKU32260,ZAV00060,1,287.06,178.88
ZA-00022706,1,SKU47343,ZAV00268,1,416.28,63.62
ZA-00022707,1,SKU94731,ZAV00636,2,190.62,152.79
ZA-00022708,1,SKU18037,ZAV00680,1,215.96,82.51
ZA-00022709,1,SKU58936,ZAV00431,1,1499.41,110.46
ZA-00022710,1,SKU49648,ZAV00492,1,479.16,172.77
ZA-00022711,1,SKU33595,ZAV00745,1,943.14,73.02
ZA-00022712,1,SKU71944,ZAV00525,1,91.94,165.54
ZA-00022713,1,SKU44030,ZAV00678,1,162.33,176.23
ZA-00022714,1,SKU81844,ZAV00704,1,1613.51,89.99
ZA-00022715,1,SKU84435,ZAV00203,1,850.68,179.97
ZA-00022715,2,SKU20479,ZAV00049,1,458.7,116.65
ZA-00022715,3,SKU14437,ZAV00277,1,249.45,60.61
ZA-00022716,1,SKU65883,ZAV00320,1,555.03,105.06
ZA-00022716,2,SKU75050,ZAV00452,1,212.8,58.06
ZA-00022716,3,SKU45929,ZAV00249,1,188.43,53.35
ZA-00022717,1,SKU83966,ZAV00773,1,248.56,99.81
ZA-00022718,1,SKU57170,ZAV00315,1,100.72,150.85
ZA-00022719,1,SKU21008,ZAV00661,1,377.35,179.07
ZA-00022719,2,SKU60697,ZAV00613,1,242.76,147.27
ZA-00022720,1,SKU32274,ZAV00756,1,776.91,105.57
ZA-00022720,2,SKU36744,ZAV00334,2,533.4,70.05
ZA-00022721,1,SKU66547,ZAV00292,1,446.94,170.3
ZA-00022722,1,SKU12361,ZAV00782,1,1112.8,145.89
ZA-00022722,2,SKU27201,ZAV00030,1,211.17,37.13
ZA-00022723,1,SKU33376,ZAV00198,1,1267.83,42.22
ZA-00022724,1,SKU69321,ZAV00242,1,265.67,150.84
ZA-00022725,1,SKU94541,ZAV00602,1,131.89,144.24
ZA-00022725,2,SKU49520,ZAV00389,1,181.33,145.09
ZA-00022726,1,SKU30961,ZAV00357,1,123.64,101.79
ZA-00022727,1,SKU45109,ZAV00175,1,626.03,96.33
ZA-00022728,1,SKU17662,ZAV00282,1,158.73,91.94
ZA-00022728,2,SKU26051,ZAV00610,1,1016.65,143.87
ZA-00022729,1,SKU25659,ZAV00298,1,976.36,117.83
ZA-00022730,1,SKU80035,ZAV00456,1,3173.88,159.41
ZA-00022731,1,SKU52325,ZAV00578,1,425.65,50.97
ZA-00022732,1,SKU92505,ZAV00422,1,703.34,64.71
ZA-00022733,1,SKU70959,ZAV00761,1,140.35,175.88
ZA-00022734,1,SKU62310,ZAV00449,1,828.89,76.16
ZA-00022735,1,SKU83424,ZAV00554,1,1122.78,121.85
ZA-00022736,1,SKU32268,ZAV00085,1,126.23,88.84
ZA-00022737,1,SKU68855,ZAV00143,2,2743.77,69.21
ZA-00022738,1,SKU22233,ZAV00052,1,381.73,116.91
ZA-00022739,1,SKU95206,ZAV00484,1,156.96,78.87
ZA-00022740,1,SKU14330,ZAV00584,1,393.69,138.9
ZA-00022741,1,SKU46320,ZAV00530,1,340.08,93.48
ZA-00022742,1,SKU43263,ZAV00591,1,49.44,101.63
ZA-00022743,1,SKU37157,ZAV00441,1,1374.08,53.17
ZA-00022744,1,SKU89845,ZAV00108,2,445.31,75.26
ZA-00022745,1,SKU26144,ZAV00504,1,217.4,118.77
ZA-00022745,2,SKU16941,ZAV00249,1,525.08,118.98
ZA-00022746,1,SKU92878,ZAV00122,1,292.87,143.76
ZA-00022747,1,SKU16425,ZAV00382,1,776.3,87.25
ZA-00022748,1,SKU89048,ZAV00679,1,512.96,57.08
ZA-00022749,1,SKU13702,ZAV00749,1,87.28,78.98
ZA-00022749,2,SKU86182,ZAV00249,2,175.96,93.23
ZA-00022750,1,SKU18807,ZAV00392,1,484.7,76.49
ZA-00022751,1,SKU82301,ZAV00488,1,1442.89,162.34
ZA-00022752,1,SKU37277,ZAV00772,1,571.7,69.5
ZA-00022753,1,SKU38247,ZAV00001,2,1244.34,161.27
ZA-00022754,1,SKU50568,ZAV00528,2,245.6,151.29
ZA-00022755,1,SKU30466,ZAV00725,1,991.49,146.69
ZA-00022756,1,SKU26445,ZAV00463,2,228.38,59.73
ZA-00022757,1,SKU88206,ZAV00032,1,122.98,103.43
ZA-00022758,1,SKU24514,ZAV00028,1,210.08,98.38
ZA-00022759,1,SKU66998,ZAV00307,1,504.52,77.5
ZA-00022759,2,SKU52439,ZAV00674,1,502.94,44.69
ZA-00022760,1,SKU55986,ZAV00357,1,378.94,84.27
ZA-00022761,1,SKU38200,ZAV00768,1,531.14,150.34
ZA-00022762,1,SKU12487,ZAV00216,1,206.26,164.41
ZA-00022763,1,SKU62043,ZAV00514,1,968.56,44.81
ZA-00022764,1,SKU90926,ZAV00247,1,70.07,135.18
ZA-00022764,2,SKU44797,ZAV00222,1,299.43,41.94
ZA-00022765,1,SKU45904,ZAV00265,2,1328.54,118.32
ZA-00022766,1,SKU68959,ZAV00651,1,291.8,148.48
ZA-00022767,1,SKU25516,ZAV00607,1,787.12,139.27
ZA-00022768,1,SKU35647,ZAV00329,1,325.97,35.44
ZA-00022769,1,SKU89444,ZAV00587,3,416.39,174.28
ZA-00022770,1,SKU21073,ZAV00430,1,87.76,130.22
ZA-00022770,2,SKU32723,ZAV00196,2,226.54,129.76
ZA-00022771,1,SKU28640,ZAV00493,1,766.63,59.69
ZA-00022772,1,SKU22136,ZAV00566,1,1271.61,47.85
ZA-00022773,1,SKU24454,ZAV00007,1,1825.35,142.51
ZA-00022774,1,SKU71323,ZAV00339,1,1035.69,171.49
ZA-00022775,1,SKU32660,ZAV00636,1,180.02,133.14
ZA-00022776,1,SKU76785,ZAV00419,1,1147.76,125.61
ZA-00022776,2,SKU77436,ZAV00548,1,470.49,170.52
ZA-00022777,1,SKU21301,ZAV00319,1,1765.07,116.95
ZA-00022778,1,SKU73483,ZAV00123,1,182.52,64.94
ZA-00022778,2,SKU31345,ZAV00061,1,190.08,55.09
ZA-00022779,1,SKU64289,ZAV00261,1,112.24,74.65
ZA-00022780,1,SKU20344,ZAV00088,1,650.62,106.93
ZA-00022781,1,SKU11317,ZAV00095,1,691.79,119.88
ZA-00022782,1,SKU85599,ZAV00376,1,299.02,178.78
ZA-00022783,1,SKU14603,ZAV00630,1,456.89,55.08
ZA-00022784,1,SKU21544,ZAV00289,1,2322.87,76.85
ZA-00022785,1,SKU17592,ZAV00249,1,410.36,120.21
ZA-00022786,1,SKU38897,ZAV00235,1,308.14,72.71
ZA-00022787,1,SKU34541,ZAV00292,1,429.84,62.51
ZA-00022788,1,SKU15689,ZAV00345,1,234.32,148.67
ZA-00022789,1,SKU35112,ZAV00745,1,954.66,141.25
ZA-00022790,1,SKU79962,ZAV00525,3,736.83,98.65
ZA-00022791,1,SKU79198,ZAV00331,1,983.45,60.96
ZA-00022791,2,SKU29531,ZAV00132,1,248.39,44.59
ZA-00022792,1,SKU68259,ZAV00665,1,1197.78,121.57
ZA-00022793,1,SKU47207,ZAV00219,1,1295.51,104.76
ZA-00022794,1,SKU52349,ZAV00042,2,4336.71,141.49
ZA-00022795,1,SKU80628,ZAV00657,1,210.71,69.12
ZA-00022795,2,SKU44063,ZAV00432,1,143.47,148.89
ZA-00022795,3,SKU82446,ZAV00725,1,495.05,66.73
ZA-00022796,1,SKU56913,ZAV00225,1,436.68,141.9
ZA-00022797,1,SKU39409,ZAV00506,1,153.01,119.43
ZA-00022798,1,SKU25368,ZAV00687,2,177.5,154.29
ZA-00022799,1,SKU58379,ZAV00378,1,309.18,40.16
ZA-00022800,1,SKU76179,ZAV00217,2,735.92,147.76
ZA-00022801,1,SKU67815,ZAV00647,1,1538.81,157.5
ZA-00022802,1,SKU77845,ZAV00169,1,285.07,130.7
ZA-00022802,2,SKU27146,ZAV00671,1,717.54,89.3
ZA-00022803,1,SKU47406,ZAV00164,1,4471.43,152.38
ZA-00022804,1,SKU17499,ZAV00307,1,720.43,149.63
ZA-00022805,1,SKU65485,ZAV00765,1,422.06,81.08
ZA-00022806,1,SKU70478,ZAV00632,1,1171.63,81.14
ZA-00022807,1,SKU98104,ZAV00409,1,340.34,117.34
ZA-00022807,2,SKU22190,ZAV00583,2,854.67,104.52
ZA-00022807,3,SKU33589,ZAV00591,1,507.15,81.1
ZA-00022808,1,SKU76922,ZAV00414,2,450.45,155.83
ZA-00022809,1,SKU65824,ZAV00497,1,281.88,64.11
ZA-00022810,1,SKU20946,ZAV00721,1,304.09,133.5
ZA-00022811,1,SKU97863,ZAV00725,1,302.23,136.93
ZA-00022811,2,SKU46170,ZAV00685,1,3165.55,75.35
ZA-00022812,1,SKU56414,ZAV00190,1,807.76,54.92
ZA-00022813,1,SKU69287,ZAV00102,1,627.63,120.16
ZA-00022814,1,SKU40766,ZAV00596,1,2728.43,53.23
ZA-00022815,1,SKU70625,ZAV00197,1,281.23,123.24
ZA-00022816,1,SKU42073,ZAV00118,1,334.76,83.18
ZA-00022816,2,SKU95327,ZAV00698,1,118.91,48.14
ZA-00022817,1,SKU71298,ZAV00638,1,341.24,71.67
ZA-00022818,1,SKU75423,ZAV00460,1,166.88,133.61
ZA-00022819,1,SKU67801,ZAV00439,1,1204.63,157.31
ZA-00022820,1,SKU86581,ZAV00145,1,932.95,90.08
ZA-00022821,1,SKU56969,ZAV00064,1,935.93,175.17
ZA-00022821,2,SKU95041,ZAV00306,1,149.65,106.78
ZA-00022822,1,SKU61898,ZAV00014,1,370.52,157.43
ZA-00022823,1,SKU15823,ZAV00106,1,1070.13,71.73
ZA-00022824,1,SKU20209,ZAV00537,1,573.1,41.44
ZA-00022825,1,SKU19357,ZAV00044,1,1113.26,173.14
ZA-00022825,2,SKU99179,ZAV00357,1,30.95,80.97
ZA-00022826,1,SKU59305,ZAV00450,1,113.75,61.32
ZA-00022827,1,SKU77389,ZAV00144,2,331.68,42.78
ZA-00022828,1,SKU80445,ZAV00102,1,602.55,78.68
ZA-00022829,1,SKU30916,ZAV00576,1,822.99,93.69
ZA-00022830,1,SKU74974,ZAV00285,1,314.35,177.59
ZA-00022831,1,SKU17015,ZAV00197,2,185.72,101.56
ZA-00022832,1,SKU93243,ZAV00080,1,1088.84,82.43
ZA-00022833,1,SKU80051,ZAV00132,1,246.31,107.13
ZA-00022834,1,SKU53932,ZAV00696,1,232.81,169.8
ZA-00022835,1,SKU84495,ZAV00198,1,813.16,40.76
ZA-00022836,1,SKU11563,ZAV00020,1,131.91,133.98
ZA-00022837,1,SKU64370,ZAV00029,1,419.97,72.15
ZA-00022838,1,SKU92320,ZAV00043,2,490.68,177.0
ZA-00022839,1,SKU24690,ZAV00188,1,408.49,96.25
ZA-00022840,1,SKU55838,ZAV00424,1,943.42,84.89
ZA-00022841,1,SKU38394,ZAV00718,1,850.28,148.52
ZA-00022842,1,SKU21923,ZAV00705,1,608.68,45.67
ZA-00022843,1,SKU56611,ZAV00382,1,493.3,141.76
ZA-00022844,1,SKU26764,ZAV00058,1,2960.51,133.19
ZA-00022845,1,SKU78078,ZAV00353,1,675.14,94.46
ZA-00022846,1,SKU59088,ZAV00684,1,409.32,68.69
ZA-00022847,1,SKU64998,ZAV00401,1,332.21,71.73
ZA-00022848,1,SKU82163,ZAV00220,1,1220.98,166.91
ZA-00022849,1,SKU29906,ZAV00593,2,471.2,105.31
ZA-00022850,1,SKU30487,ZAV00596,1,181.67,86.34
ZA-00022851,1,SKU84893,ZAV00685,1,90.19,140.01
ZA-00022852,1,SKU22056,ZAV00004,1,187.43,178.84
ZA-00022852,2,SKU52998,ZAV00062,1,652.62,157.56
ZA-00022852,3,SKU26350,ZAV00011,1,870.76,113.47
ZA-00022853,1,SKU80582,ZAV00334,1,701.78,165.21
ZA-00022853,2,SKU14297,ZAV00455,1,1126.03,123.35
ZA-00022854,1,SKU84975,ZAV00274,1,447.6,162.01
ZA-00022855,1,SKU56637,ZAV00155,1,243.67,127.72
ZA-00022856,1,SKU10638,ZAV00582,1,377.75,92.49
ZA-00022857,1,SKU16035,ZAV00122,1,1694.18,111.56
ZA-00022858,1,SKU25298,ZAV00404,1,2290.23,59.42
ZA-00022859,1,SKU58796,ZAV00227,1,1596.73,35.42
ZA-00022860,1,SKU86460,ZAV00560,1,1120.0,105.02
ZA-00022861,1,SKU17979,ZAV00664,2,204.4,157.25
ZA-00022862,1,SKU26965,ZAV00727,1,649.53,125.17
ZA-00022863,1,SKU50234,ZAV00128,1,615.9,139.84
ZA-00022863,2,SKU48886,ZAV00397,1,426.29,55.18
ZA-00022863,3,SKU49321,ZAV00690,1,219.2,115.12
ZA-00022864,1,SKU83380,ZAV00018,1,156.71,40.37
ZA-00022865,1,SKU78648,ZAV00193,1,935.82,43.12
ZA-00022866,1,SKU74304,ZAV00096,2,3603.49,72.76
ZA-00022867,1,SKU19342,ZAV00576,1,277.26,128.7
ZA-00022868,1,SKU10211,ZAV00276,1,850.85,156.48
ZA-00022869,1,SKU58383,ZAV00595,1,921.69,136.12
ZA-00022869,2,SKU98797,ZAV00734,1,539.26,82.99
ZA-00022869,3,SKU58063,ZAV00475,1,439.71,118.14
ZA-00022870,1,SKU17528,ZAV00591,2,403.47,144.02
ZA-00022871,1,SKU44335,ZAV00785,1,857.46,71.2
ZA-00022872,1,SKU99515,ZAV00648,1,561.83,149.39
ZA-00022873,1,SKU69431,ZAV00032,1,635.3,176.34
ZA-00022873,2,SKU15907,ZAV00761,1,228.45,94.06
ZA-00022874,1,SKU82765,ZAV00397,2,402.95,125.23
ZA-00022875,1,SKU47642,ZAV00125,1,1402.35,73.82
ZA-00022876,1,SKU43560,ZAV00482,1,323.84,89.13
ZA-00022877,1,SKU86720,ZAV00702,1,281.08,167.27
ZA-00022878,1,SKU67332,ZAV00350,1,287.89,150.53
ZA-00022878,2,SKU84018,ZAV00367,1,1796.16,35.6
ZA-00022879,1,SKU49161,ZAV00096,1,421.21,111.18
ZA-00022880,1,SKU24573,ZAV00422,1,839.19,76.47
ZA-00022881,1,SKU44431,ZAV00353,1,2176.93,153.83
ZA-00022882,1,SKU83812,ZAV00027,1,597.86,120.05
ZA-00022883,1,SKU74611,ZAV00521,1,257.91,145.74
ZA-00022883,2,SKU79288,ZAV00449,1,1129.7,55.67
ZA-00022884,1,SKU80196,ZAV00704,1,141.76,149.77
ZA-00022884,2,SKU45480,ZAV00509,1,146.55,133.53
ZA-00022885,1,SKU81443,ZAV00084,1,386.95,153.7
ZA-00022886,1,SKU74666,ZAV00691,1,890.0,98.2
ZA-00022887,1,SKU93459,ZAV00075,1,382.45,46.47
ZA-00022888,1,SKU16549,ZAV00107,3,235.92,159.7
ZA-00022889,1,SKU34877,ZAV00488,1,113.58,40.63
ZA-00022889,2,SKU94988,ZAV00604,1,1423.79,114.93
ZA-00022889,3,SKU60011,ZAV00102,1,170.47,159.39
ZA-00022890,1,SKU88027,ZAV00573,1,109.04,172.57
ZA-00022891,1,SKU17336,ZAV00391,1,155.93,127.53
ZA-00022892,1,SKU47699,ZAV00173,3,606.16,129.03
ZA-00022892,2,SKU10239,ZAV00230,1,810.1,92.24
ZA-00022893,1,SKU34191,ZAV00717,1,819.8,101.18
ZA-00022894,1,SKU14114,ZAV00387,1,832.59,169.85
ZA-00022895,1,SKU43467,ZAV00658,1,271.08,123.46
ZA-00022895,2,SKU72775,ZAV00547,1,463.38,179.04
ZA-00022896,1,SKU73638,ZAV00736,1,275.78,57.78
ZA-00022896,2,SKU36381,ZAV00230,2,540.56,151.58
ZA-00022896,3,SKU41339,ZAV00363,1,591.87,138.82
ZA-00022897,1,SKU92597,ZAV00660,1,322.51,38.94
ZA-00022898,1,SKU45022,ZAV00638,2,353.25,131.42
ZA-00022899,1,SKU57935,ZAV00225,1,110.1,121.39
ZA-00022900,1,SKU79171,ZAV00473,1,279.32,101.03
ZA-00022901,1,SKU43809,ZAV00568,1,324.59,68.02
ZA-00022901,2,SKU70716,ZAV00031,1,407.84,95.9
ZA-00022902,1,SKU52459,ZAV00042,1,445.95,146.63
ZA-00022903,1,SKU27658,ZAV00612,1,318.51,165.63
ZA-00022904,1,SKU45787,ZAV00628,1,415.68,126.99
ZA-00022904,2,SKU23427,ZAV00029,1,1467.38,117.89
ZA-00022904,3,SKU65083,ZAV00183,1,1670.52,161.52
ZA-00022905,1,SKU64159,ZAV00785,1,1870.95,123.09
ZA-00022906,1,SKU23094,ZAV00757,1,96.76,127.34
ZA-00022907,1,SKU77259,ZAV00332,2,4039.53,175.26
ZA-00022908,1,SKU63713,ZAV00096,1,193.28,72.51
ZA-00022909,1,SKU10354,ZAV00746,1,178.42,54.57
ZA-00022909,2,SKU22867,ZAV00738,1,610.94,171.28
ZA-00022910,1,SKU91622,ZAV00268,1,397.07,81.78
ZA-00022910,2,SKU36416,ZAV00602,1,587.91,58.28
ZA-00022911,1,SKU75620,ZAV00444,1,415.48,40.01
ZA-00022912,1,SKU73273,ZAV00361,1,4741.84,58.03
ZA-00022912,2,SKU25744,ZAV00251,1,192.18,96.7
ZA-00022913,1,SKU84979,ZAV00076,1,724.24,35.01
ZA-00022914,1,SKU92113,ZAV00200,1,314.57,106.18
ZA-00022915,1,SKU63395,ZAV00059,1,439.35,63.19
ZA-00022916,1,SKU21852,ZAV00065,1,558.2,67.22
ZA-00022917,1,SKU58197,ZAV00670,1,282.29,144.91
ZA-00022917,2,SKU82334,ZAV00709,1,304.25,62.38
ZA-00022918,1,SKU26051,ZAV00492,1,341.32,109.64
ZA-00022918,2,SKU75417,ZAV00224,2,985.25,121.84
ZA-00022919,1,SKU60338,ZAV00028,2,829.55,106.19
ZA-00022920,1,SKU28456,ZAV00356,1,293.9,72.0
ZA-00022920,2,SKU54160,ZAV00518,1,803.57,44.68
ZA-00022920,3,SKU53130,ZAV00568,1,373.88,157.87
ZA-00022921,1,SKU16214,ZAV00234,1,742.32,170.23
ZA-00022922,1,SKU91538,ZAV00021,2,143.6,175.47
ZA-00022923,1,SKU92655,ZAV00105,1,443.84,85.5
ZA-00022924,1,SKU63527,ZAV00573,1,625.31,66.0
ZA-00022924,2,SKU21518,ZAV00513,1,279.72,133.28
ZA-00022925,1,SKU73176,ZAV00694,2,58.2,72.85
ZA-00022926,1,SKU21357,ZAV00511,1,468.17,151.82
ZA-00022927,1,SKU36035,ZAV00595,1,2566.73,85.46
ZA-00022928,1,SKU41438,ZAV00471,2,680.56,162.66
ZA-00022929,1,SKU62179,ZAV00651,1,721.45,105.91
ZA-00022929,2,SKU75212,ZAV00402,1,435.22,163.21
ZA-00022930,1,SKU14920,ZAV00456,1,1084.95,142.34
ZA-00022930,2,SKU58109,ZAV00189,1,41.63,173.67
ZA-00022930,3,SKU40813,ZAV00201,1,136.7,45.75
ZA-00022931,1,SKU43146,ZAV00169,1,1142.75,53.86
ZA-00022932,1,SKU88523,ZAV00340,1,257.71,37.37
ZA-00022932,2,SKU42149,ZAV00787,3,221.38,59.48
ZA-00022933,1,SKU82866,ZAV00626,1,228.1,76.68
ZA-00022934,1,SKU52849,ZAV00487,1,631.41,52.18
ZA-00022935,1,SKU53065,ZAV00598,1,392.31,40.14
ZA-00022936,1,SKU84446,ZAV00789,1,3355.57,153.01
ZA-00022937,1,SKU81470,ZAV00472,1,344.33,46.17
ZA-00022938,1,SKU89495,ZAV00543,1,184.42,171.71
ZA-00022938,2,SKU44171,ZAV00591,1,2919.18,73.83
ZA-00022939,1,SKU94590,ZAV00662,1,264.65,162.91
ZA-00022940,1,SKU81860,ZAV00346,1,1720.7,92.32
ZA-00022941,1,SKU41519,ZAV00085,1,260.29,87.29
ZA-00022941,2,SKU42419,ZAV00584,2,469.22,140.9
ZA-00022942,1,SKU74795,ZAV00330,1,565.45,51.39
ZA-00022943,1,SKU16419,ZAV00472,1,817.11,73.09
ZA-00022944,1,SKU88623,ZAV00294,2,475.23,157.85
ZA-00022945,1,SKU93742,ZAV00048,1,768.9,130.91
ZA-00022946,1,SKU42333,ZAV00748,1,433.18,44.42
ZA-00022947,1,SKU39555,ZAV00464,1,701.79,152.49
ZA-00022947,2,SKU49538,ZAV00609,2,297.31,89.75
ZA-00022948,1,SKU80934,ZAV00468,2,1413.59,129.92
ZA-00022949,1,SKU22662,ZAV00198,1,1175.22,119.52
ZA-00022949,2,SKU69116,ZAV00474,1,62.51,173.9
ZA-00022950,1,SKU55996,ZAV00282,1,382.1,95.35
ZA-00022951,1,SKU93067,ZAV00782,1,320.28,64.76
ZA-00022952,1,SKU66384,ZAV00045,1,411.14,122.83
ZA-00022952,2,SKU14770,ZAV00380,1,342.98,114.49
ZA-00022953,1,SKU15757,ZAV00162,1,4036.68,41.25
ZA-00022954,1,SKU11729,ZAV00140,1,284.92,50.47
ZA-00022955,1,SKU69900,ZAV00501,1,347.26,154.82
ZA-00022956,1,SKU16756,ZAV00218,2,206.12,80.15
ZA-00022957,1,SKU37843,ZAV00057,1,706.14,169.34
ZA-00022958,1,SKU65050,ZAV00528,1,141.02,155.1
ZA-00022959,1,SKU17786,ZAV00260,1,1118.63,67.38
ZA-00022959,2,SKU69444,ZAV00261,1,417.18,102.58
ZA-00022959,3,SKU38261,ZAV00300,1,510.51,137.25
ZA-00022960,1,SKU62552,ZAV00117,2,318.12,60.63
ZA-00022961,1,SKU96889,ZAV00278,1,272.79,116.1
ZA-00022962,1,SKU76346,ZAV00677,1,157.12,136.65
ZA-00022963,1,SKU98329,ZAV00221,1,4568.59,105.62
ZA-00022964,1,SKU99869,ZAV00077,2,455.93,56.12
ZA-00022965,1,SKU70405,ZAV00710,1,125.29,51.39
ZA-00022966,1,SKU96389,ZAV00385,1,1488.33,106.8
ZA-00022966,2,SKU46404,ZAV00190,1,633.21,102.75
ZA-00022966,3,SKU97158,ZAV00751,1,1585.74,129.63
ZA-00022967,1,SKU11702,ZAV00222,1,759.95,159.86
ZA-00022968,1,SKU48393,ZAV00471,1,737.17,157.62
ZA-00022968,2,SKU48336,ZAV00130,1,407.21,85.83
ZA-00022969,1,SKU25205,ZAV00469,1,567.02,39.24
ZA-00022970,1,SKU17421,ZAV00518,1,146.06,126.15
ZA-00022971,1,SKU66092,ZAV00173,2,1360.09,36.51
ZA-00022972,1,SKU23859,ZAV00513,1,2217.94,175.45
ZA-00022973,1,SKU29560,ZAV00009,2,1250.04,167.53
ZA-00022973,2,SKU70375,ZAV00211,1,433.89,42.18
ZA-00022974,1,SKU76603,ZAV00397,1,379.89,164.03
ZA-00022975,1,SKU38492,ZAV00789,1,261.06,76.05
ZA-00022976,1,SKU64546,ZAV00744,1,646.45,142.63
ZA-00022977,1,SKU77504,ZAV00417,1,1872.04,90.79
ZA-00022978,1,SKU34268,ZAV00576,1,751.73,128.84
ZA-00022978,2,SKU46237,ZAV00356,1,335.35,117.65
ZA-00022979,1,SKU42551,ZAV00514,1,2205.93,40.59
ZA-00022980,1,SKU97348,ZAV00439,1,304.28,64.3
ZA-00022981,1,SKU73994,ZAV00060,3,1296.01,98.79
ZA-00022982,1,SKU23633,ZAV00077,1,195.68,72.42
ZA-00022982,2,SKU62270,ZAV00294,1,1333.52,73.17
ZA-00022983,1,SKU64285,ZAV00437,1,350.09,37.32
ZA-00022984,1,SKU85828,ZAV00609,1,213.0,93.43
ZA-00022985,1,SKU56430,ZAV00736,2,134.82,68.29
ZA-00022986,1,SKU16290,ZAV00021,1,154.15,41.19
ZA-00022987,1,SKU56872,ZAV00130,1,357.91,55.26
ZA-00022988,1,SKU27922,ZAV00713,1,522.7,151.94
ZA-00022988,2,SKU97073,ZAV00736,1,828.16,43.02
ZA-00022989,1,SKU74058,ZAV00485,1,264.05,81.89
ZA-00022990,1,SKU21245,ZAV00550,1,324.55,128.2
ZA-00022991,1,SKU67822,ZAV00355,1,89.65,88.06
ZA-00022992,1,SKU93033,ZAV00270,1,553.69,83.79
ZA-00022993,1,SKU32888,ZAV00251,1,99.58,170.53
ZA-00022993,2,SKU75690,ZAV00006,3,527.62,111.6
ZA-00022994,1,SKU75276,ZAV00640,2,1114.77,77.91
ZA-00022995,1,SKU84367,ZAV00160,1,153.45,67.06
ZA-00022996,1,SKU57495,ZAV00311,1,183.99,96.3
ZA-00022997,1,SKU96740,ZAV00408,1,453.98,87.88
ZA-00022997,2,SKU89354,ZAV00507,1,641.17,52.48
ZA-00022997,3,SKU15677,ZAV00313,1,117.43,80.04
ZA-00022998,1,SKU48742,ZAV00401,1,742.73,127.33
ZA-00022999,1,SKU65373,ZAV00099,2,98.94,132.57
ZA-00022999,2,SKU82541,ZAV00061,1,451.16,108.44
ZA-00023000,1,SKU90048,ZAV00151,1,281.1,51.23
ZA-00023001,1,SKU62957,ZAV00122,1,1405.82,80.58
ZA-00023002,1,SKU31611,ZAV00770,1,230.85,136.67
ZA-00023002,2,SKU36838,ZAV00318,1,271.86,87.98
ZA-00023003,1,SKU14588,ZAV00019,1,638.8,137.0
ZA-00023004,1,SKU50918,ZAV00477,1,209.14,51.11
ZA-00023005,1,SKU34135,ZAV00623,1,562.86,71.36
ZA-00023006,1,SKU35179,ZAV00570,1,208.73,97.08
ZA-00023006,2,SKU74760,ZAV00589,1,265.39,179.4
ZA-00023007,1,SKU18729,ZAV00513,3,528.84,72.76
ZA-00023008,1,SKU59136,ZAV00282,1,1121.71,149.35
ZA-00023009,1,SKU29939,ZAV00062,1,151.54,152.85
ZA-00023010,1,SKU80948,ZAV00203,1,406.69,95.55
ZA-00023011,1,SKU10027,ZAV00337,1,2512.72,108.63
ZA-00023012,1,SKU44777,ZAV00513,1,629.1,168.18
ZA-00023013,1,SKU68734,ZAV00392,1,622.07,125.02
ZA-00023013,2,SKU29212,ZAV00275,1,363.28,91.86
ZA-00023014,1,SKU46656,ZAV00475,1,129.14,158.88
ZA-00023015,1,SKU10719,ZAV00341,1,829.07,38.88
ZA-00023016,1,SKU67742,ZAV00194,2,687.46,166.2
ZA-00023017,1,SKU83539,ZAV00066,1,1113.82,64.63
ZA-00023018,1,SKU75849,ZAV00225,1,181.32,102.57
ZA-00023019,1,SKU42964,ZAV00766,1,366.13,36.5
ZA-00023019,2,SKU89407,ZAV00688,1,1481.78,115.91
ZA-00023020,1,SKU72303,ZAV00326,1,553.4,97.15
ZA-00023021,1,SKU58264,ZAV00249,1,236.15,178.83
ZA-00023022,1,SKU24257,ZAV00439,1,254.27,158.88
ZA-00023022,2,SKU61223,ZAV00131,1,98.78,56.44
ZA-00023023,1,SKU51461,ZAV00114,1,348.06,149.43
ZA-00023023,2,SKU85551,ZAV00315,1,343.29,110.97
ZA-00023024,1,SKU85626,ZAV00241,1,2763.89,57.38
ZA-00023025,1,SKU93838,ZAV00398,1,595.98,64.29
ZA-00023026,1,SKU87609,ZAV00611,1,190.04,43.72
ZA-00023027,1,SKU81178,ZAV00216,1,395.57,112.18
ZA-00023028,1,SKU28991,ZAV00654,1,367.09,121.22
ZA-00023029,1,SKU55535,ZAV00640,1,688.47,158.77
ZA-00023030,1,SKU16682,ZAV00024,1,353.0,135.83
ZA-00023031,1,SKU53819,ZAV00435,1,249.9,135.47
ZA-00023032,1,SKU78495,ZAV00190,1,342.84,122.84
ZA-00023033,1,SKU32076,ZAV00467,1,1607.29,97.96
ZA-00023034,1,SKU26691,ZAV00741,1,321.21,39.77
ZA-00023035,1,SKU66771,ZAV00556,1,92.72,44.86
ZA-00023036,1,SKU26164,ZAV00358,2,226.53,55.48
ZA-00023037,1,SKU94646,ZAV00158,1,463.43,65.93
ZA-00023038,1,SKU89921,ZAV00352,1,234.3,79.6
ZA-00023039,1,SKU20758,ZAV00054,1,171.77,63.27
ZA-00023040,1,SKU99691,ZAV00025,1,361.31,70.77
ZA-00023041,1,SKU87795,ZAV00572,2,43.2,58.04
ZA-00023042,1,SKU34555,ZAV00145,2,194.38,167.6
ZA-00023043,1,SKU11250,ZAV00167,1,700.8,73.61
ZA-00023043,2,SKU92768,ZAV00333,1,956.43,101.92
ZA-00023044,1,SKU91492,ZAV00021,1,549.26,48.63
ZA-00023044,2,SKU72830,ZAV00094,1,1034.69,175.94
ZA-00023045,1,SKU93282,ZAV00667,2,839.91,147.34
ZA-00023046,1,SKU93616,ZAV00424,1,273.32,45.24
ZA-00023047,1,SKU12820,ZAV00249,1,995.13,66.23
ZA-00023048,1,SKU40896,ZAV00299,1,988.22,145.14
ZA-00023049,1,SKU24788,ZAV00763,1,220.35,119.61
ZA-00023050,1,SKU71468,ZAV00731,2,905.68,54.05
ZA-00023051,1,SKU96421,ZAV00169,1,746.91,49.8
ZA-00023052,1,SKU53020,ZAV00168,1,269.9,117.2
ZA-00023053,1,SKU27292,ZAV00082,1,242.25,171.1
ZA-00023054,1,SKU89292,ZAV00090,1,1150.96,164.69
ZA-00023055,1,SKU38245,ZAV00346,1,74.94,73.41
ZA-00023056,1,SKU32559,ZAV00610,2,794.74,68.91
ZA-00023056,2,SKU43476,ZAV00753,1,319.33,117.28
ZA-00023056,3,SKU61443,ZAV00640,1,2407.86,90.27
ZA-00023057,1,SKU19642,ZAV00705,1,933.23,37.05
ZA-00023058,1,SKU26323,ZAV00242,2,225.07,139.79
ZA-00023059,1,SKU23075,ZAV00606,1,288.83,75.27
ZA-00023059,2,SKU87818,ZAV00073,3,303.11,121.0
ZA-00023060,1,SKU40843,ZAV00732,1,805.08,164.62
ZA-00023061,1,SKU32079,ZAV00010,1,515.2,135.26
ZA-00023062,1,SKU31104,ZAV00127,1,1308.65,93.86
ZA-00023063,1,SKU46966,ZAV00658,1,818.05,90.84
ZA-00023064,1,SKU25326,ZAV00478,1,132.46,108.19
ZA-00023065,1,SKU52169,ZAV00635,1,351.35,55.44
ZA-00023065,2,SKU55796,ZAV00585,1,929.33,165.01
ZA-00023066,1,SKU26033,ZAV00779,2,801.74,130.96
ZA-00023067,1,SKU52111,ZAV00130,1,1007.9,168.67
ZA-00023068,1,SKU48472,ZAV00755,1,571.73,129.38
ZA-00023069,1,SKU66784,ZAV00236,1,265.62,88.04
ZA-00023069,2,SKU11513,ZAV00170,1,265.96,69.58
ZA-00023070,1,SKU93152,ZAV00750,1,562.03,40.67
ZA-00023071,1,SKU96321,ZAV00730,1,585.28,56.7
ZA-00023072,1,SKU83047,ZAV00654,1,2277.5,82.71
ZA-00023073,1,SKU83622,ZAV00339,1,3078.16,166.83
ZA-00023073,2,SKU34294,ZAV00515,1,96.39,171.99
ZA-00023074,1,SKU44300,ZAV00194,1,189.76,75.93
ZA-00023075,1,SKU37050,ZAV00143,1,160.7,152.6
ZA-00023076,1,SKU38972,ZAV00793,3,566.07,60.26
ZA-00023077,1,SKU87783,ZAV00773,1,2224.98,83.34
ZA-00023078,1,SKU25160,ZAV00314,2,238.89,179.89
ZA-00023079,1,SKU89354,ZAV00607,1,633.92,106.91
ZA-00023080,1,SKU58913,ZAV00754,1,76.62,89.31
ZA-00023081,1,SKU26865,ZAV00679,1,276.46,104.3
ZA-00023082,1,SKU53668,ZAV00243,2,297.01,157.61
ZA-00023083,1,SKU96296,ZAV00373,1,1288.63,73.65
ZA-00023083,2,SKU40638,ZAV00365,1,112.61,162.56
ZA-00023084,1,SKU78750,ZAV00704,1,390.12,165.78
ZA-00023085,1,SKU86812,ZAV00129,1,583.77,36.62
ZA-00023085,2,SKU57316,ZAV00454,1,375.12,98.17
ZA-00023086,1,SKU24464,ZAV00509,1,980.45,38.45
ZA-00023087,1,SKU10657,ZAV00282,1,410.89,78.07
ZA-00023088,1,SKU88050,ZAV00670,1,499.76,69.22
ZA-00023089,1,SKU92616,ZAV00406,1,736.07,148.47
ZA-00023090,1,SKU51826,ZAV00540,1,234.82,66.19
ZA-00023090,2,SKU95461,ZAV00220,3,524.04,84.4
ZA-00023091,1,SKU26752,ZAV00627,2,775.41,118.29
ZA-00023092,1,SKU91751,ZAV00029,1,1172.84,131.57
ZA-00023093,1,SKU88455,ZAV00740,1,917.7,73.2
ZA-00023093,2,SKU12389,ZAV00199,1,474.41,166.38
ZA-00023094,1,SKU97020,ZAV00025,1,352.21,108.07
ZA-00023095,1,SKU95507,ZAV00703,1,333.97,170.82
ZA-00023096,1,SKU19130,ZAV00241,3,859.75,105.34
ZA-00023096,2,SKU99641,ZAV00573,1,152.07,118.24
ZA-00023097,1,SKU89670,ZAV00025,2,731.18,109.23
ZA-00023097,2,SKU75252,ZAV00432,1,139.59,86.59
ZA-00023098,1,SKU93816,ZAV00779,1,323.57,78.99
ZA-00023099,1,SKU90982,ZAV00773,1,1151.3,63.43
ZA-00023099,2,SKU73508,ZAV00177,1,369.76,48.89
ZA-00023100,1,SKU17160,ZAV00403,1,489.41,84.71
ZA-00023101,1,SKU74668,ZAV00156,1,145.66,168.29
ZA-00023102,1,SKU18987,ZAV00012,1,1909.18,119.97
ZA-00023103,1,SKU73913,ZAV00393,1,207.67,168.44
ZA-00023103,2,SKU20644,ZAV00130,1,423.99,102.2
ZA-00023103,3,SKU99600,ZAV00569,1,381.13,175.51
ZA-00023104,1,SKU81029,ZAV00712,1,102.09,136.81
ZA-00023105,1,SKU28339,ZAV00202,1,222.75,104.59
ZA-00023106,1,SKU24655,ZAV00706,2,374.13,57.33
ZA-00023107,1,SKU39946,ZAV00175,3,508.18,177.67
ZA-00023108,1,SKU21505,ZAV00114,1,1087.57,161.44
ZA-00023109,1,SKU23823,ZAV00399,1,654.28,115.97
ZA-00023110,1,SKU70560,ZAV00441,2,370.34,74.17
ZA-00023110,2,SKU59614,ZAV00101,1,617.93,106.42
ZA-00023111,1,SKU47753,ZAV00066,1,184.17,126.4
ZA-00023112,1,SKU67360,ZAV00250,1,1491.0,99.07
ZA-00023113,1,SKU15449,ZAV00062,1,1330.63,150.82
ZA-00023113,2,SKU63727,ZAV00747,1,272.53,87.34
ZA-00023113,3,SKU20300,ZAV00096,1,345.84,152.45
ZA-00023114,1,SKU52793,ZAV00343,1,300.5,53.44
ZA-00023115,1,SKU45861,ZAV00442,1,119.35,95.68
ZA-00023115,2,SKU23946,ZAV00164,1,2590.95,146.57
ZA-00023116,1,SKU87762,ZAV00185,1,125.99,38.01
ZA-00023117,1,SKU46113,ZAV00277,1,280.5,69.12
ZA-00023118,1,SKU59794,ZAV00331,1,932.75,85.6
ZA-00023119,1,SKU31717,ZAV00719,1,127.87,96.57
ZA-00023119,2,SKU42482,ZAV00263,1,246.85,44.02
ZA-00023120,1,SKU12682,ZAV00231,1,1345.02,79.6
ZA-00023121,1,SKU50474,ZAV00180,1,838.99,100.81
ZA-00023122,1,SKU11731,ZAV00225,1,414.72,58.29
ZA-00023123,1,SKU91602,ZAV00214,1,408.84,114.27
ZA-00023124,1,SKU50998,ZAV00116,1,211.1,131.86
ZA-00023125,1,SKU74198,ZAV00798,2,256.42,177.25
ZA-00023125,2,SKU12294,ZAV00139,2,228.49,131.28
ZA-00023126,1,SKU66734,ZAV00122,2,640.64,98.69
ZA-00023127,1,SKU68316,ZAV00753,1,1495.95,154.31
ZA-00023127,2,SKU48625,ZAV00662,2,199.87,61.88
ZA-00023127,3,SKU46421,ZAV00609,1,629.37,176.38
ZA-00023128,1,SKU52239,ZAV00741,1,526.47,170.94
ZA-00023129,1,SKU54260,ZAV00438,1,200.43,80.0
ZA-00023130,1,SKU62927,ZAV00124,1,561.13,113.14
ZA-00023131,1,SKU79706,ZAV00516,1,389.15,39.99
ZA-00023132,1,SKU73446,ZAV00105,1,848.46,136.46
ZA-00023132,2,SKU33716,ZAV00110,1,237.43,48.73
ZA-00023133,1,SKU68693,ZAV00637,1,435.11,124.89
ZA-00023134,1,SKU58523,ZAV00081,1,276.86,123.2
ZA-00023135,1,SKU23941,ZAV00650,1,2623.22,62.36
ZA-00023135,2,SKU17588,ZAV00563,2,258.85,112.42
ZA-00023136,1,SKU72882,ZAV00049,1,304.86,157.98
ZA-00023136,2,SKU44155,ZAV00619,1,391.29,112.32
ZA-00023136,3,SKU90599,ZAV00318,2,712.83,164.31
ZA-00023137,1,SKU70776,ZAV00398,1,125.13,163.03
ZA-00023138,1,SKU32668,ZAV00619,2,295.19,52.8
ZA-00023139,1,SKU94144,ZAV00096,1,157.9,63.72
ZA-00023140,1,SKU29919,ZAV00731,3,857.63,152.07
ZA-00023141,1,SKU64786,ZAV00261,1,491.45,107.59
ZA-00023142,1,SKU54428,ZAV00341,2,429.81,81.79
ZA-00023143,1,SKU80720,ZAV00236,1,652.37,42.69
ZA-00023143,2,SKU64388,ZAV00742,1,122.49,101.18
ZA-00023143,3,SKU34331,ZAV00627,1,1153.07,116.09
ZA-00023144,1,SKU39393,ZAV00678,3,517.89,148.49
ZA-00023145,1,SKU99697,ZAV00025,1,138.29,160.68
ZA-00023146,1,SKU65172,ZAV00778,3,559.52,158.61
ZA-00023147,1,SKU61129,ZAV00383,1,132.75,149.16
ZA-00023148,1,SKU73938,ZAV00196,1,403.18,173.39
ZA-00023148,2,SKU77982,ZAV00771,1,230.73,39.25
ZA-00023149,1,SKU18620,ZAV00354,2,253.27,74.81
ZA-00023150,1,SKU34738,ZAV00404,1,281.0,167.11
ZA-00023151,1,SKU86938,ZAV00728,1,605.5,125.39
ZA-00023152,1,SKU17230,ZAV00307,1,1464.75,108.41
ZA-00023153,1,SKU92431,ZAV00003,1,858.21,136.43
ZA-00023154,1,SKU86748,ZAV00175,1,1625.93,130.19
ZA-00023154,2,SKU59896,ZAV00492,1,630.87,114.44
ZA-00023155,1,SKU24187,ZAV00587,1,232.45,69.35
ZA-00023156,1,SKU94232,ZAV00041,1,879.77,139.82
ZA-00023157,1,SKU63138,ZAV00495,1,295.12,130.68
ZA-00023158,1,SKU99792,ZAV00560,1,513.88,144.27
ZA-00023159,1,SKU85199,ZAV00569,1,361.07,35.38
ZA-00023160,1,SKU15485,ZAV00489,1,1312.42,67.52
ZA-00023160,2,SKU43219,ZAV00067,2,487.6,56.51
ZA-00023161,1,SKU71341,ZAV00187,1,841.61,144.12
ZA-00023162,1,SKU19808,ZAV00317,1,617.02,65.22
ZA-00023163,1,SKU26108,ZAV00245,1,81.47,114.52
ZA-00023164,1,SKU59436,ZAV00255,1,406.71,99.72
ZA-00023165,1,SKU92425,ZAV00216,1,527.71,67.44
ZA-00023166,1,SKU43596,ZAV00722,1,302.97,74.16
ZA-00023167,1,SKU60267,ZAV00564,1,804.09,50.77
ZA-00023168,1,SKU44824,ZAV00485,1,1809.82,55.93
ZA-00023169,1,SKU88719,ZAV00197,1,1280.14,121.28
ZA-00023169,2,SKU14559,ZAV00018,1,350.94,143.94
ZA-00023169,3,SKU62890,ZAV00603,2,801.12,108.06
ZA-00023170,1,SKU98054,ZAV00437,2,424.7,69.25
ZA-00023171,1,SKU68304,ZAV00126,1,2197.43,131.21
ZA-00023172,1,SKU40992,ZAV00207,1,267.31,38.62
ZA-00023173,1,SKU57466,ZAV00420,1,286.08,134.28
ZA-00023174,1,SKU74861,ZAV00201,1,1565.08,109.35
ZA-00023175,1,SKU57778,ZAV00657,1,691.71,114.9
ZA-00023176,1,SKU69610,ZAV00275,2,173.52,156.95
ZA-00023177,1,SKU45222,ZAV00162,2,1056.01,51.06
ZA-00023178,1,SKU89710,ZAV00007,1,495.63,155.58
ZA-00023179,1,SKU20634,ZAV00399,1,222.58,66.98
ZA-00023179,2,SKU58525,ZAV00714,1,274.25,133.47
ZA-00023180,1,SKU49116,ZAV00363,1,2109.34,38.52
ZA-00023181,1,SKU15417,ZAV00084,1,1218.65,129.04
ZA-00023182,1,SKU66744,ZAV00245,2,111.15,119.58
ZA-00023183,1,SKU76644,ZAV00082,1,891.73,169.71
ZA-00023183,2,SKU21400,ZAV00775,1,264.09,162.18
ZA-00023183,3,SKU69170,ZAV00443,1,1407.08,151.45
ZA-00023184,1,SKU90033,ZAV00587,1,970.01,64.99
ZA-00023184,2,SKU37885,ZAV00543,2,75.48,134.18
ZA-00023184,3,SKU78104,ZAV00381,1,436.92,86.36
ZA-00023185,1,SKU55011,ZAV00505,1,513.26,175.94
ZA-00023186,1,SKU75767,ZAV00331,2,268.85,160.75
ZA-00023187,1,SKU47287,ZAV00002,1,1395.46,102.9
ZA-00023188,1,SKU15793,ZAV00302,1,505.95,89.31
ZA-00023188,2,SKU77549,ZAV00623,2,327.48,42.13
ZA-00023188,3,SKU27519,ZAV00123,1,437.44,173.1
ZA-00023189,1,SKU53432,ZAV00150,1,408.19,165.91
ZA-00023190,1,SKU12319,ZAV00179,1,1847.73,98.77
ZA-00023191,1,SKU93806,ZAV00429,2,1083.82,108.92
ZA-00023192,1,SKU33188,ZAV00377,1,904.72,98.26
ZA-00023193,1,SKU14040,ZAV00592,1,187.9,131.33
ZA-00023193,2,SKU90740,ZAV00285,1,465.37,109.04
ZA-00023194,1,SKU25832,ZAV00450,1,620.2,46.43
ZA-00023195,1,SKU56079,ZAV00170,1,722.15,156.83
ZA-00023196,1,SKU76650,ZAV00376,2,1382.52,107.01
ZA-00023196,2,SKU49803,ZAV00693,2,232.39,119.26
ZA-00023197,1,SKU88674,ZAV00130,1,881.48,108.35
ZA-00023197,2,SKU65529,ZAV00135,1,461.51,96.82
ZA-00023197,3,SKU54172,ZAV00641,1,595.75,90.85
ZA-00023198,1,SKU76228,ZAV00336,1,333.96,140.53
ZA-00023199,1,SKU57208,ZAV00737,2,1549.73,105.15
ZA-00023200,1,SKU41696,ZAV00223,1,332.24,122.37
ZA-00023201,1,SKU64514,ZAV00150,2,175.39,143.52
ZA-00023202,1,SKU48286,ZAV00088,1,256.52,113.13
ZA-00023202,2,SKU13459,ZAV00196,1,153.09,50.97
ZA-00023203,1,SKU60296,ZAV00727,1,138.98,47.15
ZA-00023204,1,SKU24969,ZAV00396,1,199.18,65.88
ZA-00023205,1,SKU28970,ZAV00488,1,371.23,40.99
ZA-00023206,1,SKU80145,ZAV00322,1,1696.91,54.99
ZA-00023207,1,SKU83543,ZAV00796,1,452.48,80.93
ZA-00023208,1,SKU77211,ZAV00561,1,751.26,62.64
ZA-00023209,1,SKU75444,ZAV00038,1,858.97,67.94
ZA-00023210,1,SKU96086,ZAV00636,1,95.9,135.91
ZA-00023211,1,SKU97099,ZAV00039,1,629.39,44.49
ZA-00023212,1,SKU95205,ZAV00282,1,696.38,121.18
ZA-00023213,1,SKU36764,ZAV00148,1,120.52,152.13
ZA-00023214,1,SKU83427,ZAV00688,1,216.46,145.25
ZA-00023215,1,SKU80343,ZAV00672,1,179.22,119.46
ZA-00023216,1,SKU34562,ZAV00513,2,328.03,119.71
ZA-00023217,1,SKU96265,ZAV00298,1,1019.43,89.05
ZA-00023217,2,SKU82721,ZAV00635,1,372.65,104.85
ZA-00023218,1,SKU76582,ZAV00086,1,238.31,83.79
ZA-00023219,1,SKU78551,ZAV00335,1,1017.14,80.88
ZA-00023220,1,SKU98480,ZAV00581,1,1110.91,114.12
ZA-00023221,1,SKU56042,ZAV00206,1,63.78,159.49
ZA-00023222,1,SKU86293,ZAV00459,1,498.57,177.64
ZA-00023223,1,SKU94473,ZAV00214,2,207.18,84.81
ZA-00023224,1,SKU64162,ZAV00170,1,97.64,110.83
ZA-00023224,2,SKU95739,ZAV00280,1,158.26,156.9
ZA-00023224,3,SKU46087,ZAV00689,1,494.11,167.65
ZA-00023225,1,SKU64426,ZAV00327,1,1317.48,60.27
ZA-00023226,1,SKU12548,ZAV00208,1,400.18,146.55
ZA-00023227,1,SKU91745,ZAV00354,1,97.06,72.6
ZA-00023228,1,SKU39898,ZAV00222,1,494.22,83.66
ZA-00023229,1,SKU17834,ZAV00351,2,926.87,145.12
ZA-00023230,1,SKU81773,ZAV00714,1,644.6,40.86
ZA-00023230,2,SKU16786,ZAV00060,1,980.24,164.1
ZA-00023231,1,SKU43771,ZAV00740,1,243.78,141.41
ZA-00023232,1,SKU27718,ZAV00470,1,573.83,58.79
ZA-00023233,1,SKU18197,ZAV00794,1,219.47,58.94
ZA-00023234,1,SKU30995,ZAV00775,1,530.85,144.33
ZA-00023234,2,SKU52194,ZAV00042,1,2612.31,106.64
ZA-00023235,1,SKU68439,ZAV00690,1,230.91,149.0
ZA-00023236,1,SKU42623,ZAV00792,1,180.98,115.38
ZA-00023237,1,SKU42660,ZAV00541,1,813.24,52.3
ZA-00023238,1,SKU71676,ZAV00543,1,479.3,80.12
ZA-00023239,1,SKU56874,ZAV00533,1,1073.87,152.58
ZA-00023240,1,SKU53556,ZAV00171,1,694.26,84.31
ZA-00023240,2,SKU37769,ZAV00432,1,782.69,86.07
ZA-00023241,1,SKU21664,ZAV00441,1,5646.58,129.24
ZA-00023241,2,SKU96324,ZAV00480,1,118.52,102.41
ZA-00023242,1,SKU10382,ZAV00016,1,676.25,136.4
ZA-00023243,1,SKU30513,ZAV00296,1,866.53,174.47
ZA-00023244,1,SKU48761,ZAV00523,1,260.09,113.4
ZA-00023245,1,SKU10588,ZAV00171,1,687.21,55.45
ZA-00023246,1,SKU56110,ZAV00112,1,782.05,45.03
ZA-00023247,1,SKU45480,ZAV00391,2,1401.99,119.15
ZA-00023248,1,SKU10217,ZAV00135,1,707.56,135.96
ZA-00023248,2,SKU98577,ZAV00583,1,329.69,162.44
ZA-00023249,1,SKU20815,ZAV00330,1,211.04,141.94
ZA-00023250,1,SKU91718,ZAV00699,1,996.48,58.09
ZA-00023251,1,SKU76929,ZAV00379,1,1321.72,58.16
ZA-00023252,1,SKU41679,ZAV00747,1,588.62,125.46
ZA-00023252,2,SKU67513,ZAV00513,1,1629.34,60.89
ZA-00023252,3,SKU47920,ZAV00134,1,118.62,100.51
ZA-00023253,1,SKU59768,ZAV00556,1,406.9,132.12
ZA-00023253,2,SKU10737,ZAV00753,1,467.65,38.4
ZA-00023254,1,SKU67042,ZAV00054,1,718.49,178.62
ZA-00023255,1,SKU15943,ZAV00588,1,160.67,36.48
ZA-00023256,1,SKU80305,ZAV00653,1,1292.37,142.31
ZA-00023257,1,SKU32697,ZAV00495,1,184.98,156.59
ZA-00023257,2,SKU84620,ZAV00630,1,242.23,42.58
ZA-00023258,1,SKU55212,ZAV00743,1,434.74,161.37
ZA-00023259,1,SKU24377,ZAV00479,1,146.46,94.28
ZA-00023260,1,SKU80010,ZAV00696,2,1530.86,55.62
ZA-00023261,1,SKU97222,ZAV00343,1,229.22,142.79
ZA-00023262,1,SKU62392,ZAV00174,1,184.04,36.6
ZA-00023263,1,SKU36530,ZAV00161,2,186.95,70.55
ZA-00023263,2,SKU64681,ZAV00766,1,96.32,56.77
ZA-00023264,1,SKU53352,ZAV00048,1,297.15,131.23
ZA-00023265,1,SKU53436,ZAV00134,1,994.06,84.97
ZA-00023266,1,SKU18932,ZAV00716,1,63.13,64.77
ZA-00023267,1,SKU85490,ZAV00660,1,105.65,108.33
ZA-00023268,1,SKU45370,ZAV00086,1,1424.76,134.71
ZA-00023269,1,SKU59068,ZAV00057,2,792.43,126.82
ZA-00023270,1,SKU23702,ZAV00337,1,503.73,48.79
ZA-00023270,2,SKU72401,ZAV00276,1,191.54,42.96
ZA-00023270,3,SKU58689,ZAV00127,1,810.36,96.34
ZA-00023271,1,SKU43942,ZAV00668,1,311.51,108.57
ZA-00023272,1,SKU50044,ZAV00411,1,1383.89,138.23
ZA-00023272,2,SKU57944,ZAV00117,1,496.84,116.08
ZA-00023273,1,SKU17454,ZAV00078,1,570.15,107.74
ZA-00023274,1,SKU82743,ZAV00434,3,1594.39,144.99
ZA-00023275,1,SKU71565,ZAV00256,1,824.17,157.12
ZA-00023276,1,SKU53997,ZAV00459,1,846.01,92.41
ZA-00023277,1,SKU42581,ZAV00750,1,233.29,121.38
ZA-00023277,2,SKU74943,ZAV00288,1,450.76,37.6
ZA-00023278,1,SKU44590,ZAV00064,2,241.19,106.94
ZA-00023279,1,SKU41131,ZAV00287,1,298.8,136.64
ZA-00023280,1,SKU18905,ZAV00171,1,537.74,57.37
ZA-00023280,2,SKU38484,ZAV00032,2,1278.45,70.47
ZA-00023281,1,SKU41765,ZAV00401,1,547.2,124.89
ZA-00023281,2,SKU99836,ZAV00295,1,544.79,82.66
ZA-00023282,1,SKU35900,ZAV00531,1,185.98,117.45
ZA-00023283,1,SKU36799,ZAV00030,1,173.42,125.85
ZA-00023283,2,SKU58473,ZAV00076,1,334.83,164.22
ZA-00023283,3,SKU52147,ZAV00755,1,950.84,70.53
ZA-00023284,1,SKU93637,ZAV00244,2,377.07,175.88
ZA-00023285,1,SKU65467,ZAV00108,1,884.39,40.34
ZA-00023286,1,SKU34494,ZAV00760,1,283.77,89.14
ZA-00023287,1,SKU25107,ZAV00362,1,1204.54,63.85
ZA-00023288,1,SKU76600,ZAV00567,1,1135.94,79.69
ZA-00023288,2,SKU46819,ZAV00066,1,1289.46,60.28
ZA-00023289,1,SKU83663,ZAV00576,1,248.98,106.55
ZA-00023290,1,SKU54818,ZAV00273,1,575.59,170.19
ZA-00023291,1,SKU65596,ZAV00359,1,360.86,124.52
ZA-00023292,1,SKU26807,ZAV00324,1,688.27,44.48
