ord_ref,line_no,sku,vendor_code,qty,unit_price_zar,delivery_fee_zar
ZA-00032793,1,SKU65471,ZAV00610,2,1129.4,176.59
ZA-00032794,1,SKU56210,ZAV00624,1,818.03,110.69
ZA-00032795,1,SKU77694,ZAV00287,1,131.27,149.86
ZA-00032795,2,SKU51844,ZAV00627,1,1061.61,73.04
ZA-00032796,1,SKU40859,ZAV00311,1,211.9,92.0
ZA-00032797,1,SKU29582,ZAV00286,1,407.09,54.86
ZA-00032798,1,SKU16280,ZAV00476,1,455.46,96.92
ZA-00032799,1,SKU64741,ZAV00218,1,404.96,100.65
ZA-00032800,1,SKU29739,ZAV00567,1,348.95,97.06
ZA-00032801,1,SKU80765,ZAV00380,1,1163.03,55.44
ZA-00032802,1,SKU66356,ZAV00264,1,164.67,173.11
ZA-00032802,2,SKU31664,ZAV00561,1,902.33,36.24
ZA-00032803,1,SKU89217,ZAV00790,1,194.08,57.51
ZA-00032804,1,SKU85826,ZAV00479,1,630.98,177.05
ZA-00032804,2,SKU90106,ZAV00029,1,310.97,127.17
ZA-00032805,1,SKU42238,ZAV00328,1,1341.08,61.71
ZA-00032805,2,SKU32509,ZAV00310,1,380.26,154.49
ZA-00032805,3,SKU74854,ZAV00243,1,2960.18,35.39
ZA-00032806,1,SKU83323,ZAV00246,1,221.59,135.51
ZA-00032806,2,SKU20358,ZAV00511,1,350.99,67.47
ZA-00032806,3,SKU87567,ZAV00390,3,234.93,147.13
ZA-00032807,1,SKU61618,ZAV00731,1,102.55,125.75
ZA-00032808,1,SKU79099,ZAV00669,1,708.32,172.51
ZA-00032808,2,SKU14033,ZAV00009,1,300.27,161.97
ZA-00032809,1,SKU18548,ZAV00103,1,3073.88,130.86
ZA-00032810,1,SKU18618,ZAV00173,2,149.82,113.24
ZA-00032811,1,SKU96685,ZAV00269,1,2287.51,123.15
ZA-00032811,2,SKU69821,ZAV00110,1,248.57,41.9
ZA-00032812,1,SKU33377,ZAV00377,1,1353.52,172.66
ZA-00032813,1,SKU69726,ZAV00575,1,1020.85,145.02
ZA-00032814,1,SKU99951,ZAV00560,1,452.68,49.0
ZA-00032815,1,SKU85070,ZAV00270,1,167.49,93.34
ZA-00032815,2,SKU12505,ZAV00450,3,1288.32,96.32
ZA-00032816,1,SKU15543,ZAV00717,1,145.4,145.81
ZA-00032817,1,SKU36905,ZAV00084,1,1219.42,74.74
ZA-00032818,1,SKU85400,ZAV00573,1,171.18,38.87
ZA-00032818,2,SKU79525,ZAV00519,1,3055.46,111.71
ZA-00032819,1,SKU96058,ZAV00029,1,195.79,147.26
ZA-00032819,2,SKU28200,ZAV00062,1,332.46,159.25
ZA-00032820,1,SKU38710,ZAV00338,1,203.86,46.12
ZA-00032821,1,SKU74354,ZAV00052,1,1394.83,164.87
ZA-00032822,1,SKU87472,ZAV00755,1,534.97,37.21
ZA-00032822,2,SKU39498,ZAV00224,1,2080.01,35.64
ZA-00032823,1,SKU45847,ZAV00672,1,214.3,52.07
ZA-00032823,2,SKU97551,ZAV00358,2,244.57,109.72
ZA-00032824,1,SKU83531,ZAV00283,1,1154.1,128.02
ZA-00032825,1,SKU19964,ZAV00800,1,188.06,60.62
ZA-00032826,1,SKU88779,ZAV00562,1,284.01,130.14
ZA-00032826,2,SKU38822,ZAV00263,1,1351.62,151.85
ZA-00032827,1,SKU57624,ZAV00567,1,1333.73,166.3
ZA-00032828,1,SKU90928,ZAV00551,1,242.87,91.76
ZA-00032829,1,SKU69468,ZAV00341,1,3895.12,124.8
ZA-00032830,1,SKU33109,ZAV00619,1,59.97,42.12
ZA-00032831,1,SKU19159,ZAV00057,1,425.35,60.57
ZA-00032832,1,SKU38696,ZAV00283,1,447.14,176.56
ZA-00032833,1,SKU98823,ZAV00671,1,1013.57,169.35
ZA-00032834,1,SKU51309,ZAV00525,1,463.82,81.28
ZA-00032835,1,SKU23450,ZAV00241,1,509.83,123.06
ZA-00032836,1,SKU59300,ZAV00064,2,349.35,69.25
ZA-00032836,2,SKU33884,ZAV00490,1,312.18,91.24
ZA-00032836,3,SKU58346,ZAV00646,1,301.62,177.8
ZA-00032837,1,SKU46847,ZAV00780,1,790.09,49.19
ZA-00032837,2,SKU25246,ZAV00474,2,701.6,98.8
ZA-00032837,3,SKU51034,ZAV00707,1,876.37,122.18
ZA-00032838,1,SKU97590,ZAV00505,1,1172.5,137.83
ZA-00032839,1,SKU55053,ZAV00386,1,1141.61,93.26
ZA-00032840,1,SKU48761,ZAV00508,1,313.44,62.44
ZA-00032841,1,SKU72136,ZAV00040,1,132.81,43.46
ZA-00032842,1,SKU54374,ZAV00364,1,183.76,98.46
ZA-00032843,1,SKU76712,ZAV00119,1,1039.69,64.6
ZA-00032844,1,SKU89509,ZAV00395,1,127.85,113.37
ZA-00032845,1,SKU99377,ZAV00056,1,1087.52,54.44
ZA-00032845,2,SKU69285,ZAV00461,2,115.08,44.78
ZA-00032846,1,SKU20625,ZAV00244,1,561.6,70.52
ZA-00032847,1,SKU65418,ZAV00105,1,653.05,75.38
ZA-00032848,1,SKU63771,ZAV00577,1,341.45,40.42
ZA-00032848,2,SKU22693,ZAV00127,1,408.29,91.67
ZA-00032849,1,SKU52790,ZAV00243,1,882.28,174.96
ZA-00032850,1,SKU57379,ZAV00265,1,157.05,143.7
ZA-00032851,1,SKU48685,ZAV00003,1,226.5,150.25
ZA-00032852,1,SKU18589,ZAV00678,1,265.92,87.35
ZA-00032853,1,SKU12845,ZAV00246,2,207.63,162.24
ZA-00032854,1,SKU91418,ZAV00449,1,1173.17,155.36
ZA-00032855,1,SKU66891,ZAV00344,1,1613.43,90.45
ZA-00032856,1,SKU68972,ZAV00625,1,474.59,93.03
ZA-00032856,2,SKU68347,ZAV00121,1,294.6,63.64
ZA-00032857,1,SKU72398,ZAV00300,1,169.67,58.33
ZA-00032858,1,SKU69106,ZAV00675,1,296.24,102.5
ZA-00032859,1,SKU64464,ZAV00279,1,450.21,154.08
ZA-00032860,1,SKU71760,ZAV00059,1,565.7,70.59
ZA-00032861,1,SKU54316,ZAV00134,1,2014.03,67.14
ZA-00032862,1,SKU88400,ZAV00675,1,612.07,123.09
ZA-00032863,1,SKU21147,ZAV00672,2,476.68,98.94
ZA-00032864,1,SKU94975,ZAV00684,1,224.06,131.9
ZA-00032865,1,SKU44241,ZAV00331,1,105.62,155.85
ZA-00032866,1,SKU17469,ZAV00377,2,153.99,48.48
ZA-00032867,1,SKU47836,ZAV00255,1,160.09,97.73
ZA-00032868,1,SKU17687,ZAV00704,1,88.63,115.24
ZA-00032869,1,SKU73957,ZAV00275,1,443.13,131.63
ZA-00032869,2,SKU15095,ZAV00306,1,447.51,118.65
ZA-00032869,3,SKU50922,ZAV00204,1,135.21,135.72
ZA-00032870,1,SKU24759,ZAV00261,1,705.92,136.32
ZA-00032871,1,SKU14819,ZAV00294,3,463.8,118.81
ZA-00032872,1,SKU43122,ZAV00442,1,654.88,51.4
ZA-00032872,2,SKU38646,ZAV00478,1,250.77,122.4
ZA-00032873,1,SKU89703,ZAV00685,1,1116.92,100.75
ZA-00032874,1,SKU74715,ZAV00775,2,362.73,165.96
ZA-00032875,1,SKU86227,ZAV00017,1,113.66,176.25
ZA-00032876,1,SKU79973,ZAV00543,1,326.04,95.62
ZA-00032877,1,SKU16685,ZAV00180,1,1424.87,136.99
ZA-00032878,1,SKU13219,ZAV00670,1,133.21,107.94
ZA-00032879,1,SKU92829,ZAV00170,1,411.54,149.46
ZA-00032880,1,SKU98452,ZAV00413,2,500.62,69.2
ZA-00032881,1,SKU99403,ZAV00392,1,405.42,178.37
ZA-00032882,1,SKU80463,ZAV00725,1,199.41,157.93
ZA-00032883,1,SKU32825,ZAV00566,1,698.56,91.0
ZA-00032884,1,SKU38766,ZAV00760,1,886.57,75.82
ZA-00032884,2,SKU69730,ZAV00446,1,683.23,93.52
ZA-00032885,1,SKU40616,ZAV00317,1,340.26,94.91
ZA-00032886,1,SKU66339,ZAV00774,1,1482.28,42.38
ZA-00032887,1,SKU85036,ZAV00268,2,403.28,97.36
ZA-00032888,1,SKU91453,ZAV00620,1,81.0,153.92
ZA-00032889,1,SKU51317,ZAV00276,1,170.74,53.89
ZA-00032890,1,SKU14412,ZAV00047,1,1943.66,123.01
ZA-00032891,1,SKU69361,ZAV00490,1,1259.62,107.69
ZA-00032892,1,SKU38564,ZAV00236,1,120.32,65.46
ZA-00032893,1,SKU24799,ZAV00780,2,128.62,79.33
ZA-00032894,1,SKU70680,ZAV00194,1,497.32,57.55
ZA-00032894,2,SKU12328,ZAV00363,1,262.45,149.52
ZA-00032894,3,SKU18266,ZAV00435,1,979.99,47.86
ZA-00032895,1,SKU36240,ZAV00186,1,303.07,89.32
ZA-00032896,1,SKU16454,ZAV00215,2,1061.75,59.1
ZA-00032896,2,SKU55659,ZAV00521,2,430.15,114.13
ZA-00032897,1,SKU23456,ZAV00014,1,444.97,42.77
ZA-00032898,1,SKU54600,ZAV00097,3,445.93,125.09
ZA-00032899,1,SKU83201,ZAV00684,3,771.66,153.54
ZA-00032900,1,SKU89872,ZAV00529,1,168.91,118.15
ZA-00032901,1,SKU56121,ZAV00487,1,99.51,171.2
ZA-00032902,1,SKU84068,ZAV00046,1,276.26,72.82
ZA-00032903,1,SKU53359,ZAV00315,2,902.12,63.93
ZA-00032904,1,SKU25177,ZAV00779,1,468.94,101.07
ZA-00032905,1,SKU41308,ZAV00721,1,460.59,153.37
ZA-00032906,1,SKU61408,ZAV00190,1,283.06,70.43
ZA-00032907,1,SKU60932,ZAV00715,1,306.35,173.7
ZA-00032908,1,SKU45285,ZAV00457,1,1121.04,122.48
ZA-00032909,1,SKU65983,ZAV00241,1,201.1,121.21
ZA-00032909,2,SKU38360,ZAV00358,1,1026.87,50.77
ZA-00032910,1,SKU44418,ZAV00304,1,672.67,92.06
ZA-00032911,1,SKU25842,ZAV00514,1,239.62,45.18
ZA-00032912,1,SKU20261,ZAV00446,1,965.45,118.57
ZA-00032913,1,SKU41935,ZAV00464,1,697.19,66.74
ZA-00032914,1,SKU27716,ZAV00149,1,814.81,143.99
ZA-00032914,2,SKU48542,ZAV00717,1,212.61,98.61
ZA-00032914,3,SKU14919,ZAV00359,1,76.66,167.8
ZA-00032915,1,SKU57475,ZAV00349,1,320.57,119.19
ZA-00032916,1,SKU27914,ZAV00375,1,124.81,52.4
ZA-00032916,2,SKU59373,ZAV00582,1,71.24,72.57
ZA-00032917,1,SKU67360,ZAV00208,2,614.65,91.91
ZA-00032917,2,SKU14329,ZAV00311,1,1013.75,116.43
ZA-00032917,3,SKU98796,ZAV00121,1,394.21,140.22
ZA-00032918,1,SKU96864,ZAV00106,1,466.36,149.89
ZA-00032919,1,SKU75087,ZAV00723,1,262.38,135.39
ZA-00032920,1,SKU22106,ZAV00381,1,211.98,130.94
ZA-00032921,1,SKU52005,ZAV00251,3,2790.08,150.34
ZA-00032922,1,SKU69561,ZAV00233,2,492.03,56.47
ZA-00032923,1,SKU81127,ZAV00437,1,2076.7,178.92
ZA-00032923,2,SKU35066,ZAV00740,1,117.91,94.99
ZA-00032924,1,SKU91839,ZAV00375,1,720.0,41.79
ZA-00032925,1,SKU83816,ZAV00008,3,210.72,45.82
ZA-00032926,1,SKU47433,ZAV00798,1,475.06,164.64
ZA-00032927,1,SKU72165,ZAV00231,1,1978.97,170.7
ZA-00032928,1,SKU75989,ZAV00265,1,292.2,38.1
ZA-00032928,2,SKU62818,ZAV00648,1,346.51,87.03
ZA-00032929,1,SKU27479,ZAV00519,1,253.3,36.21
ZA-00032930,1,SKU74842,ZAV00738,1,157.31,164.32
ZA-00032931,1,SKU28227,ZAV00532,1,641.71,80.41
ZA-00032932,1,SKU22890,ZAV00589,1,1987.65,89.88
ZA-00032933,1,SKU68598,ZAV00541,1,530.68,165.95
ZA-00032934,1,SKU64858,ZAV00306,1,472.19,35.96
ZA-00032934,2,SKU13413,ZAV00300,1,631.11,177.44
ZA-00032935,1,SKU88452,ZAV00526,1,227.55,147.88
ZA-00032936,1,SKU17951,ZAV00203,3,496.38,72.29
ZA-00032937,1,SKU88087,ZAV00488,1,255.15,163.37
ZA-00032938,1,SKU60060,ZAV00315,1,476.58,74.06
ZA-00032939,1,SKU61380,ZAV00122,1,499.29,67.72
ZA-00032940,1,SKU25964,ZAV00636,1,396.08,36.92
ZA-00032941,1,SKU86768,ZAV00605,1,816.83,88.42
ZA-00032942,1,SKU64636,ZAV00303,1,947.84,135.81
ZA-00032943,1,SKU14059,ZAV00668,1,220.46,133.13
ZA-00032944,1,SKU17924,ZAV00018,1,406.22,43.23
ZA-00032945,1,SKU63408,ZAV00772,2,333.18,69.23
ZA-00032945,2,SKU49810,ZAV00742,1,496.49,94.35
ZA-00032946,1,SKU81422,ZAV00043,1,1400.26,120.14
ZA-00032947,1,SKU62013,ZAV00117,1,1549.27,130.58
ZA-00032948,1,SKU41508,ZAV00593,1,376.75,77.81
ZA-00032949,1,SKU30742,ZAV00344,1,458.51,150.56
ZA-00032950,1,SKU28253,ZAV00507,1,703.92,168.05
ZA-00032950,2,SKU69419,ZAV00513,1,640.48,64.3
ZA-00032951,1,SKU42007,ZAV00025,1,171.68,95.76
ZA-00032952,1,SKU78487,ZAV00387,1,366.92,77.98
ZA-00032953,1,SKU21528,ZAV00082,1,1093.66,52.95
ZA-00032954,1,SKU17021,ZAV00373,1,757.12,150.74
ZA-00032954,2,SKU42343,ZAV00707,1,731.87,90.37
ZA-00032955,1,SKU73745,ZAV00171,1,255.97,81.86
ZA-00032956,1,SKU21540,ZAV00195,1,376.73,104.24
ZA-00032957,1,SKU61252,ZAV00202,1,344.3,102.09
ZA-00032957,2,SKU34909,ZAV00008,1,107.42,35.92
ZA-00032958,1,SKU34553,ZAV00676,1,135.57,36.46
ZA-00032959,1,SKU68326,ZAV00519,1,482.04,99.78
ZA-00032960,1,SKU19536,ZAV00187,1,842.44,138.38
ZA-00032961,1,SKU73701,ZAV00666,1,352.94,67.43
ZA-00032962,1,SKU82852,ZAV00510,1,32.77,140.89
ZA-00032963,1,SKU31314,ZAV00614,1,140.91,177.36
ZA-00032964,1,SKU27906,ZAV00487,1,749.72,109.66
ZA-00032965,1,SKU36445,ZAV00079,1,1381.3,170.67
ZA-00032966,1,SKU33507,ZAV00280,1,1864.6,112.0
ZA-00032967,1,SKU10247,ZAV00059,2,113.03,80.0
ZA-00032968,1,SKU42209,ZAV00551,1,3379.82,129.53
ZA-00032968,2,SKU25370,ZAV00402,1,353.05,36.31
ZA-00032969,1,SKU60995,ZAV00131,1,1079.99,105.61
ZA-00032970,1,SKU24695,ZAV00303,1,1401.85,175.11
ZA-00032971,1,SKU78622,ZAV00331,1,735.44,119.24
ZA-00032972,1,SKU23195,ZAV00417,2,382.83,69.75
ZA-00032972,2,SKU84860,ZAV00448,1,970.95,143.64
ZA-00032973,1,SKU64088,ZAV00596,1,832.97,118.05
ZA-00032974,1,SKU72904,ZAV00571,1,759.24,129.31
ZA-00032975,1,SKU44658,ZAV00762,1,319.03,38.85
ZA-00032976,1,SKU90320,ZAV00680,1,816.93,62.54
ZA-00032977,1,SKU83418,ZAV00060,1,444.91,169.51
ZA-00032978,1,SKU46120,ZAV00745,1,444.92,177.48
ZA-00032979,1,SKU48745,ZAV00511,1,853.69,116.47
ZA-00032980,1,SKU88388,ZAV00779,1,759.56,147.89
ZA-00032981,1,SKU87359,ZAV00272,1,155.71,77.0
ZA-00032981,2,SKU29971,ZAV00082,1,1477.04,102.55
ZA-00032982,1,SKU84609,ZAV00692,1,1105.83,42.5
ZA-00032983,1,SKU58820,ZAV00355,2,415.51,127.89
ZA-00032983,2,SKU11722,ZAV00664,2,421.2,171.05
ZA-00032984,1,SKU84392,ZAV00660,1,653.59,112.22
ZA-00032985,1,SKU42353,ZAV00170,1,183.61,134.05
ZA-00032986,1,SKU46963,ZAV00138,2,613.79,39.71
ZA-00032986,2,SKU55449,ZAV00514,1,492.93,166.19
ZA-00032987,1,SKU99239,ZAV00461,1,1112.22,163.22
ZA-00032987,2,SKU83054,ZAV00396,1,386.32,40.91
ZA-00032987,3,SKU13737,ZAV00741,1,1193.6,42.48
ZA-00032988,1,SKU66923,ZAV00538,1,1416.87,174.56
ZA-00032989,1,SKU24767,ZAV00340,1,757.89,178.64
ZA-00032990,1,SKU17353,ZAV00318,1,794.54,129.64
ZA-00032991,1,SKU68461,ZAV00176,1,1369.65,39.19
ZA-00032991,2,SKU86748,ZAV00191,1,272.59,38.13
ZA-00032992,1,SKU75988,ZAV00662,1,332.72,103.01
ZA-00032992,2,SKU21904,ZAV00777,1,371.68,88.25
ZA-00032992,3,SKU19735,ZAV00614,1,1175.19,172.69
ZA-00032993,1,SKU18399,ZAV00152,1,500.98,90.92
ZA-00032994,1,SKU22891,ZAV00190,1,406.04,50.85
ZA-00032995,1,SKU85800,ZAV00408,1,471.8,154.83
ZA-00032996,1,SKU35382,ZAV00532,1,935.23,92.52
ZA-00032997,1,SKU57479,ZAV00626,1,373.66,117.76
ZA-00032998,1,SKU73271,ZAV00718,1,145.36,177.76
ZA-00032999,1,SKU69829,ZAV00045,1,1649.04,103.96
ZA-00032999,2,SKU12544,ZAV00415,1,306.52,164.97
ZA-00032999,3,SKU36916,ZAV00246,1,196.43,156.74
ZA-00033000,1,SKU44207,ZAV00348,1,827.61,167.97
ZA-00033001,1,SKU58687,ZAV00217,1,1872.31,168.99
ZA-00033002,1,SKU99360,ZAV00252,1,1631.55,137.94
ZA-00033003,1,SKU49533,ZAV00304,1,611.03,105.64
ZA-00033004,1,SKU81122,ZAV00547,1,821.17,155.56
ZA-00033005,1,SKU78100,ZAV00769,1,351.7,89.29
ZA-00033006,1,SKU43230,ZAV00379,1,1037.5,178.96
ZA-00033007,1,SKU98143,ZAV00100,2,376.65,158.74
ZA-00033007,2,SKU83673,ZAV00608,1,196.56,99.46
ZA-00033008,1,SKU90030,ZAV00787,1,1516.29,53.43
ZA-00033009,1,SKU50011,ZAV00045,1,400.04,131.23
ZA-00033010,1,SKU74701,ZAV00381,1,299.77,44.15
ZA-00033011,1,SKU93146,ZAV00715,1,610.71,45.15
ZA-00033012,1,SKU51272,ZAV00266,1,1150.61,160.17
ZA-00033013,1,SKU70777,ZAV00695,1,2244.48,123.19
ZA-00033014,1,SKU63361,ZAV00782,1,204.57,88.71
ZA-00033015,1,SKU82075,ZAV00430,2,490.34,92.68
ZA-00033016,1,SKU50621,ZAV00752,1,169.18,74.69
ZA-00033017,1,SKU31142,ZAV00359,1,2717.82,68.08
ZA-00033017,2,SKU64803,ZAV00597,1,1575.5,54.85
ZA-00033018,1,SKU63552,ZAV00329,1,520.57,82.12
ZA-00033019,1,SKU99350,ZAV00481,1,344.02,92.24
ZA-00033020,1,SKU86570,ZAV00068,1,182.13,79.68
ZA-00033021,1,SKU23033,ZAV00478,1,283.36,155.05
ZA-00033022,1,SKU61419,ZAV00012,1,346.42,155.41
ZA-00033023,1,SKU70760,ZAV00429,1,470.56,118.77
ZA-00033024,1,SKU90936,ZAV00024,1,2694.95,158.65
ZA-00033025,1,SKU89861,ZAV00723,1,221.12,112.7
ZA-00033025,2,SKU83622,ZAV00020,2,418.98,59.73
ZA-00033026,1,SKU62408,ZAV00391,1,213.94,57.6
ZA-00033026,2,SKU88013,ZAV00757,1,119.5,44.48
ZA-00033027,1,SKU40356,ZAV00452,2,1580.09,105.66
ZA-00033028,1,SKU68976,ZAV00073,1,461.12,160.81
ZA-00033029,1,SKU48309,ZAV00191,2,960.19,53.7
ZA-00033030,1,SKU78201,ZAV00717,1,358.38,164.23
ZA-00033031,1,SKU14945,ZAV00226,1,329.03,39.42
ZA-00033032,1,SKU14156,ZAV00259,1,286.2,142.85
ZA-00033033,1,SKU61566,ZAV00623,1,706.55,139.4
ZA-00033034,1,SKU23247,ZAV00426,1,347.76,104.43
ZA-00033035,1,SKU27907,ZAV00647,1,286.58,139.06
ZA-00033036,1,SKU98024,ZAV00450,1,257.09,95.13
ZA-00033037,1,SKU21264,ZAV00047,1,1804.77,116.75
ZA-00033038,1,SKU93030,ZAV00185,1,736.56,156.22
ZA-00033039,1,SKU43628,ZAV00637,1,169.81,103.29
ZA-00033040,1,SKU41866,ZAV00217,1,258.07,90.96
ZA-00033041,1,SKU87621,ZAV00076,1,1521.41,178.99
ZA-00033042,1,SKU10450,ZAV00054,1,241.22,69.41
ZA-00033042,2,SKU28317,ZAV00129,1,945.66,37.72
ZA-00033042,3,SKU72323,ZAV00716,1,337.61,91.44
ZA-00033043,1,SKU42130,ZAV00643,1,488.55,92.69
ZA-00033043,2,SKU56882,ZAV00658,1,167.26,149.82
ZA-00033044,1,SKU31998,ZAV00211,2,143.99,73.73
ZA-00033045,1,SKU35380,ZAV00608,1,2375.02,57.41
ZA-00033046,1,SKU91063,ZAV00409,1,243.34,130.26
ZA-00033047,1,SKU92980,ZAV00502,1,193.54,131.44
ZA-00033048,1,SKU24490,ZAV00551,1,1010.06,125.12
ZA-00033049,1,SKU79690,ZAV00369,1,263.39,147.7
ZA-00033049,2,SKU76910,ZAV00220,1,865.78,93.23
ZA-00033050,1,SKU24567,ZAV00407,1,1721.9,120.68
ZA-00033050,2,SKU77943,ZAV00215,1,788.2,141.72
ZA-00033051,1,SKU14307,ZAV00728,1,863.94,104.3
ZA-00033051,2,SKU88007,ZAV00584,1,296.47,80.77
ZA-00033052,1,SKU79715,ZAV00179,3,320.83,105.56
ZA-00033053,1,SKU32359,ZAV00401,2,563.51,100.91
ZA-00033054,1,SKU72147,ZAV00771,1,182.19,89.81
ZA-00033055,1,SKU84807,ZAV00451,1,519.5,149.66
ZA-00033056,1,SKU97833,ZAV00376,1,578.48,135.72
ZA-00033057,1,SKU27799,ZAV00469,1,460.17,124.75
ZA-00033057,2,SKU39503,ZAV00456,1,495.87,158.02
ZA-00033058,1,SKU30323,ZAV00635,1,342.82,80.56
ZA-00033059,1,SKU10595,ZAV00579,1,414.56,175.15
ZA-00033060,1,SKU26155,ZAV00120,1,967.3,139.8
ZA-00033060,2,SKU24159,ZAV00497,2,3442.08,179.24
ZA-00033061,1,SKU28175,ZAV00105,1,880.2,123.13
ZA-00033062,1,SKU30384,ZAV00181,1,475.62,53.89
ZA-00033063,1,SKU51319,ZAV00799,1,215.26,114.83
ZA-00033063,2,SKU61046,ZAV00337,1,450.77,173.4
ZA-00033064,1,SKU98224,ZAV00518,1,818.65,90.63
ZA-00033065,1,SKU23763,ZAV00060,1,214.29,39.65
ZA-00033065,2,SKU45527,ZAV00269,1,319.47,42.49
ZA-00033066,1,SKU70874,ZAV00652,1,451.41,137.18
ZA-00033067,1,SKU86802,ZAV00492,1,367.88,93.84
ZA-00033067,2,SKU90487,ZAV00453,1,582.2,174.09
ZA-00033068,1,SKU46962,ZAV00286,1,213.99,104.47
ZA-00033068,2,SKU84073,ZAV00257,1,470.03,155.16
ZA-00033069,1,SKU11303,ZAV00082,1,459.81,67.12
ZA-00033070,1,SKU64811,ZAV00141,2,225.61,118.17
ZA-00033070,2,SKU63216,ZAV00298,1,236.43,146.17
ZA-00033071,1,SKU72187,ZAV00776,1,196.37,46.76
ZA-00033072,1,SKU17848,ZAV00352,1,591.59,129.45
ZA-00033073,1,SKU91383,ZAV00106,1,1227.03,57.23
ZA-00033074,1,SKU31342,ZAV00033,1,556.83,119.91
ZA-00033074,2,SKU86718,ZAV00786,1,245.31,148.9
ZA-00033075,1,SKU47533,ZAV00095,1,821.02,156.99
ZA-00033075,2,SKU57077,ZAV00301,1,552.71,78.83
ZA-00033075,3,SKU92666,ZAV00174,1,1003.37,88.49
ZA-00033076,1,SKU64804,ZAV00115,1,286.86,122.31
ZA-00033077,1,SKU50334,ZAV00763,1,854.66,162.98
ZA-00033078,1,SKU56959,ZAV00053,1,20.47,75.73
ZA-00033078,2,SKU46668,ZAV00519,1,145.86,143.98
ZA-00033079,1,SKU73873,ZAV00514,1,336.22,73.19
ZA-00033079,2,SKU27352,ZAV00751,1,417.45,105.8
ZA-00033079,3,SKU24419,ZAV00769,1,696.26,164.07
ZA-00033080,1,SKU45026,ZAV00772,1,782.8,71.97
ZA-00033081,1,SKU99995,ZAV00263,1,1142.78,116.54
ZA-00033082,1,SKU73192,ZAV00625,1,2895.61,118.28
ZA-00033083,1,SKU56966,ZAV00142,1,774.81,71.99
ZA-00033083,2,SKU45498,ZAV00586,2,868.72,144.49
ZA-00033084,1,SKU88085,ZAV00151,2,1411.26,167.63
ZA-00033085,1,SKU32412,ZAV00204,1,895.1,56.46
ZA-00033086,1,SKU47035,ZAV00562,1,269.05,126.51
ZA-00033086,2,SKU49927,ZAV00626,2,185.03,53.61
ZA-00033087,1,SKU82205,ZAV00334,1,572.13,154.81
ZA-00033088,1,SKU45976,ZAV00322,1,796.32,81.92
ZA-00033089,1,SKU56868,ZAV00065,1,984.6,140.84
ZA-00033090,1,SKU54404,ZAV00650,1,1185.18,152.49
ZA-00033091,1,SKU29365,ZAV00627,1,594.91,175.08
ZA-00033092,1,SKU44449,ZAV00123,1,486.98,50.4
ZA-00033092,2,SKU82270,ZAV00462,1,313.39,165.35
ZA-00033093,1,SKU24502,ZAV00640,1,251.46,98.13
ZA-00033094,1,SKU77029,ZAV00333,1,400.83,51.77
ZA-00033095,1,SKU24635,ZAV00173,1,232.11,115.68
ZA-00033096,1,SKU89868,ZAV00423,1,948.43,121.88
ZA-00033097,1,SKU36166,ZAV00363,1,375.88,124.84
ZA-00033098,1,SKU15473,ZAV00371,1,230.04,93.15
ZA-00033099,1,SKU82029,ZAV00316,1,209.74,102.77
ZA-00033100,1,SKU57083,ZAV00769,1,419.87,37.62
ZA-00033101,1,SKU13265,ZAV00329,1,26.2,165.21
ZA-00033102,1,SKU52213,ZAV00029,1,230.57,68.84
ZA-00033103,1,SKU77816,ZAV00088,1,725.48,65.05
ZA-00033104,1,SKU72343,ZAV00729,1,2192.66,136.42
ZA-00033105,1,SKU51004,ZAV00493,1,276.66,53.88
ZA-00033105,2,SKU75188,ZAV00166,1,937.92,78.07
ZA-00033105,3,SKU20106,ZAV00345,1,3453.94,163.67
ZA-00033106,1,SKU36464,ZAV00462,1,459.55,157.85
ZA-00033107,1,SKU15194,ZAV00195,1,938.67,69.08
ZA-00033107,2,SKU80465,ZAV00219,1,257.67,128.4
ZA-00033108,1,SKU94596,ZAV00192,1,203.76,170.03
ZA-00033109,1,SKU70001,ZAV00205,1,175.44,125.6
ZA-00033109,2,SKU94663,ZAV00481,1,213.43,63.17
ZA-00033110,1,SKU88703,ZAV00060,1,847.69,97.88
ZA-00033110,2,SKU46402,ZAV00305,1,613.37,88.15
ZA-00033111,1,SKU46935,ZAV00599,2,1238.04,127.77
ZA-00033112,1,SKU90067,ZAV00611,3,235.54,75.58
ZA-00033113,1,SKU35913,ZAV00342,1,536.24,74.85
ZA-00033114,1,SKU39232,ZAV00379,2,431.26,158.47
ZA-00033115,1,SKU26190,ZAV00414,1,904.63,154.51
ZA-00033116,1,SKU99738,ZAV00308,1,335.32,147.69
ZA-00033117,1,SKU75753,ZAV00210,2,554.36,98.05
ZA-00033118,1,SKU55986,ZAV00383,1,52.48,169.42
ZA-00033119,1,SKU23672,ZAV00482,1,819.89,151.51
ZA-00033120,1,SKU95541,ZAV00429,1,1470.81,127.27
ZA-00033121,1,SKU97598,ZAV00275,1,481.78,147.38
ZA-00033122,1,SKU28097,ZAV00364,1,372.06,149.68
ZA-00033123,1,SKU40479,ZAV00423,1,220.3,39.48
ZA-00033124,1,SKU34290,ZAV00405,1,256.75,150.65
ZA-00033125,1,SKU75679,ZAV00534,1,1392.79,114.54
ZA-00033126,1,SKU29044,ZAV00691,1,1121.64,133.28
ZA-00033127,1,SKU71180,ZAV00433,1,1048.49,76.33
ZA-00033128,1,SKU25530,ZAV00505,1,1700.78,124.36
ZA-00033129,1,SKU96018,ZAV00641,1,979.54,117.69
ZA-00033130,1,SKU27579,ZAV00226,1,354.49,119.56
ZA-00033130,2,SKU31475,ZAV00450,1,773.63,94.55
ZA-00033131,1,SKU27930,ZAV00403,1,1556.07,58.88
ZA-00033132,1,SKU17297,ZAV00597,1,795.09,163.27
ZA-00033132,2,SKU41156,ZAV00308,1,164.28,175.46
ZA-00033133,1,SKU41843,ZAV00473,1,422.9,179.15
ZA-00033133,2,SKU42827,ZAV00450,1,350.41,176.91
ZA-00033134,1,SKU39037,ZAV00343,1,324.67,114.8
ZA-00033134,2,SKU54503,ZAV00634,1,301.18,98.07
ZA-00033135,1,SKU89961,ZAV00532,1,515.9,51.38
ZA-00033135,2,SKU87468,ZAV00268,1,2368.97,155.44
ZA-00033136,1,SKU78860,ZAV00688,1,1226.53,155.33
ZA-00033137,1,SKU63443,ZAV00107,1,328.19,97.18
ZA-00033137,2,SKU26864,ZAV00420,1,570.78,62.0
ZA-00033137,3,SKU39385,ZAV00636,1,1275.43,129.54
ZA-00033138,1,SKU89148,ZAV00265,1,409.42,105.08
ZA-00033138,2,SKU72872,ZAV00365,1,1497.62,167.8
ZA-00033139,1,SKU19389,ZAV00088,1,219.95,158.52
ZA-00033140,1,SKU36351,ZAV00120,1,574.12,71.93
ZA-00033141,1,SKU25479,ZAV00096,1,635.27,159.91
ZA-00033142,1,SKU42672,ZAV00013,2,531.03,110.1
ZA-00033143,1,SKU46823,ZAV00272,1,1046.45,170.34
ZA-00033144,1,SKU40556,ZAV00418,1,240.36,171.24
ZA-00033144,2,SKU49636,ZAV00279,1,341.93,52.17
ZA-00033145,1,SKU81249,ZAV00429,1,263.14,125.25
ZA-00033146,1,SKU86331,ZAV00089,1,708.5,68.89
ZA-00033147,1,SKU48006,ZAV00173,3,69.85,99.74
ZA-00033148,1,SKU35889,ZAV00093,1,1492.49,136.93
ZA-00033148,2,SKU31224,ZAV00688,1,1336.29,116.58
ZA-00033149,1,SKU17309,ZAV00049,2,2034.71,90.66
ZA-00033150,1,SKU89861,ZAV00753,1,895.64,85.54
ZA-00033151,1,SKU51045,ZAV00678,1,142.5,53.7
ZA-00033151,2,SKU78299,ZAV00610,1,254.93,105.55
ZA-00033151,3,SKU99024,ZAV00215,1,1257.17,86.38
ZA-00033152,1,SKU61761,ZAV00756,1,415.52,160.27
ZA-00033152,2,SKU75556,ZAV00035,2,459.17,129.2
ZA-00033153,1,SKU79935,ZAV00046,1,786.12,159.08
ZA-00033153,2,SKU29889,ZAV00118,1,1172.75,170.13
ZA-00033153,3,SKU18194,ZAV00158,1,120.58,97.72
ZA-00033154,1,SKU74437,ZAV00377,1,959.62,60.47
ZA-00033155,1,SKU83594,ZAV00740,1,903.88,171.61
ZA-00033156,1,SKU60876,ZAV00557,1,481.82,126.9
ZA-00033157,1,SKU33417,ZAV00696,1,594.4,42.67
ZA-00033158,1,SKU26371,ZAV00119,1,1152.44,133.96
ZA-00033158,2,SKU82978,ZAV00797,1,154.61,118.61
ZA-00033159,1,SKU70602,ZAV00048,1,295.61,150.99
ZA-00033160,1,SKU75420,ZAV00261,1,310.46,60.9
ZA-00033161,1,SKU40881,ZAV00252,1,1275.82,128.34
ZA-00033161,2,SKU82602,ZAV00793,1,949.37,67.7
ZA-00033162,1,SKU68332,ZAV00460,1,391.59,152.4
ZA-00033163,1,SKU82766,ZAV00547,1,708.23,122.91
ZA-00033164,1,SKU47676,ZAV00315,1,170.38,97.92
ZA-00033165,1,SKU31250,ZAV00429,1,357.47,107.24
ZA-00033166,1,SKU32653,ZAV00737,1,113.52,53.26
ZA-00033167,1,SKU97081,ZAV00407,1,220.18,108.56
ZA-00033168,1,SKU74635,ZAV00005,2,207.75,58.13
ZA-00033169,1,SKU66156,ZAV00629,1,1000.12,157.9
ZA-00033170,1,SKU13091,ZAV00561,2,322.19,123.7
ZA-00033171,1,SKU54060,ZAV00089,1,320.13,167.15
ZA-00033172,1,SKU42640,ZAV00117,1,425.99,79.97
ZA-00033173,1,SKU16926,ZAV00413,1,230.16,70.75
ZA-00033174,1,SKU95486,ZAV00609,2,345.68,94.82
ZA-00033174,2,SKU59261,ZAV00578,1,332.4,101.53
ZA-00033175,1,SKU64699,ZAV00365,1,691.01,40.9
ZA-00033176,1,SKU47308,ZAV00208,1,762.73,56.43
ZA-00033176,2,SKU68737,ZAV00402,1,125.1,155.73
ZA-00033177,1,SKU51164,ZAV00554,2,463.39,101.16
ZA-00033178,1,SKU65262,ZAV00051,1,460.56,99.31
ZA-00033178,2,SKU67161,ZAV00163,1,1194.5,81.23
ZA-00033179,1,SKU25823,ZAV00453,1,478.94,130.07
ZA-00033180,1,SKU25006,ZAV00155,1,307.54,115.77
ZA-00033181,1,SKU33847,ZAV00303,1,496.45,38.08
ZA-00033182,1,SKU83358,ZAV00488,1,389.45,91.5
ZA-00033183,1,SKU72787,ZAV00208,1,397.16,170.47
ZA-00033183,2,SKU40412,ZAV00123,1,901.97,43.45
ZA-00033184,1,SKU60879,ZAV00485,1,537.04,135.34
ZA-00033185,1,SKU69386,ZAV00075,2,956.39,153.93
ZA-00033186,1,SKU25236,ZAV00349,1,816.3,166.51
ZA-00033187,1,SKU13685,ZAV00718,1,3220.21,132.97
ZA-00033188,1,SKU55548,ZAV00507,1,823.29,122.19
ZA-00033189,1,SKU26959,ZAV00661,1,3177.82,109.26
ZA-00033190,1,SKU94905,ZAV00407,1,1289.38,175.78
ZA-00033191,1,SKU82152,ZAV00702,1,788.72,161.7
ZA-00033191,2,SKU60836,ZAV00262,1,236.96,121.95
ZA-00033191,3,SKU56142,ZAV00737,1,130.9,109.4
ZA-00033192,1,SKU35144,ZAV00689,1,304.41,166.91
ZA-00033192,2,SKU44616,ZAV00629,1,1616.73,147.4
ZA-00033192,3,SKU41393,ZAV00070,1,649.42,111.0
ZA-00033193,1,SKU98953,ZAV00013,1,540.49,162.89
ZA-00033194,1,SKU33478,ZAV00780,1,347.58,55.36
ZA-00033195,1,SKU18355,ZAV00539,1,394.87,95.63
ZA-00033196,1,SKU98145,ZAV00642,1,260.76,86.47
ZA-00033197,1,SKU30497,ZAV00413,2,1805.44,52.75
ZA-00033198,1,SKU47166,ZAV00380,1,206.94,45.1
ZA-00033199,1,SKU32585,ZAV00413,1,180.58,80.78
ZA-00033200,1,SKU32131,ZAV00733,1,776.48,109.39
ZA-00033200,2,SKU94622,ZAV00393,1,125.83,74.3
ZA-00033201,1,SKU96109,ZAV00295,1,1408.66,110.19
ZA-00033202,1,SKU54298,ZAV00018,2,987.19,85.56
ZA-00033203,1,SKU95792,ZAV00222,1,612.61,109.43
ZA-00033203,2,SKU30544,ZAV00657,1,1642.42,63.13
ZA-00033204,1,SKU68387,ZAV00272,1,720.16,102.78
ZA-00033205,1,SKU61251,ZAV00024,2,500.49,50.11
ZA-00033205,2,SKU84338,ZAV00181,1,621.51,170.96
ZA-00033205,3,SKU48696,ZAV00609,2,1436.33,160.77
ZA-00033206,1,SKU56184,ZAV00334,1,401.18,68.04
ZA-00033207,1,SKU23840,ZAV00725,1,814.56,141.57
ZA-00033208,1,SKU66142,ZAV00523,1,1391.57,103.33
ZA-00033209,1,SKU53210,ZAV00029,1,372.85,40.6
ZA-00033210,1,SKU12678,ZAV00263,1,335.9,170.41
ZA-00033211,1,SKU71573,ZAV00670,1,446.47,97.31
ZA-00033212,1,SKU98571,ZAV00559,3,3372.33,79.9
ZA-00033212,2,SKU90601,ZAV00352,1,412.52,61.57
ZA-00033213,1,SKU56288,ZAV00763,1,1927.65,115.72
ZA-00033213,2,SKU46932,ZAV00234,3,682.56,40.29
ZA-00033213,3,SKU60631,ZAV00540,2,401.57,136.89
ZA-00033214,1,SKU49352,ZAV00483,1,860.74,100.59
ZA-00033214,2,SKU45811,ZAV00718,1,1260.72,36.07
ZA-00033215,1,SKU79299,ZAV00483,1,153.79,72.91
ZA-00033215,2,SKU14157,ZAV00081,2,238.11,116.25
ZA-00033216,1,SKU95116,ZAV00025,1,794.22,157.81
ZA-00033217,1,SKU51903,ZAV00126,1,276.46,140.69
ZA-00033218,1,SKU28749,ZAV00700,1,196.62,145.37
ZA-00033219,1,SKU23714,ZAV00255,1,778.46,137.79
ZA-00033220,1,SKU84778,ZAV00281,1,521.77,96.7
ZA-00033221,1,SKU37149,ZAV00572,1,953.35,120.13
ZA-00033222,1,SKU19847,ZAV00398,1,1280.31,110.14
ZA-00033223,1,SKU32014,ZAV00035,1,768.63,175.42
ZA-00033224,1,SKU64217,ZAV00312,1,450.13,148.56
ZA-00033225,1,SKU87504,ZAV00651,1,207.6,95.95
ZA-00033226,1,SKU67515,ZAV00342,1,176.24,55.22
ZA-00033227,1,SKU86853,ZAV00674,1,392.9,68.5
ZA-00033228,1,SKU68020,ZAV00438,1,707.23,175.2
ZA-00033229,1,SKU27827,ZAV00502,1,1714.35,163.2
ZA-00033230,1,SKU90940,ZAV00455,1,289.38,154.81
ZA-00033231,1,SKU68115,ZAV00094,1,260.52,156.77
ZA-00033231,2,SKU50210,ZAV00617,1,239.32,116.44
ZA-00033232,1,SKU19970,ZAV00630,1,301.75,94.34
ZA-00033233,1,SKU76594,ZAV00001,1,1008.72,147.16
ZA-00033233,2,SKU15693,ZAV00781,1,1225.98,66.96
ZA-00033233,3,SKU15210,ZAV00355,1,154.49,177.58
ZA-00033234,1,SKU42720,ZAV00615,1,207.15,114.11
ZA-00033235,1,SKU20824,ZAV00424,1,792.92,143.87
ZA-00033236,1,SKU84748,ZAV00135,2,231.72,44.24
ZA-00033237,1,SKU52124,ZAV00703,1,167.2,153.48
ZA-00033238,1,SKU92680,ZAV00718,1,1339.66,145.14
ZA-00033239,1,SKU80034,ZAV00627,1,267.37,41.47
ZA-00033240,1,SKU32382,ZAV00571,1,660.78,143.12
ZA-00033240,2,SKU26928,ZAV00616,1,934.73,90.59
ZA-00033241,1,SKU20947,ZAV00437,1,485.39,167.51
ZA-00033241,2,SKU29762,ZAV00007,1,668.24,55.37
ZA-00033242,1,SKU41081,ZAV00380,1,733.41,87.95
ZA-00033242,2,SKU85116,ZAV00095,1,866.2,88.26
ZA-00033242,3,SKU84371,ZAV00499,1,455.8,138.14
ZA-00033243,1,SKU66029,ZAV00118,1,414.09,144.79
ZA-00033244,1,SKU11059,ZAV00184,1,148.39,151.5
ZA-00033245,1,SKU67874,ZAV00315,1,256.54,62.75
ZA-00033246,1,SKU43997,ZAV00014,1,444.77,76.47
ZA-00033247,1,SKU27950,ZAV00678,1,999.96,90.95
ZA-00033248,1,SKU34970,ZAV00700,1,638.99,122.29
ZA-00033249,1,SKU21559,ZAV00182,1,473.88,150.78
ZA-00033250,1,SKU98097,ZAV00346,3,110.84,44.75
ZA-00033250,2,SKU39659,ZAV00104,1,233.12,123.58
ZA-00033250,3,SKU70412,ZAV00072,1,281.36,147.27
ZA-00033251,1,SKU68794,ZAV00204,1,943.62,165.52
ZA-00033252,1,SKU48656,ZAV00556,1,438.77,42.84
ZA-00033253,1,SKU53361,ZAV00110,3,373.13,69.15
ZA-00033254,1,SKU19633,ZAV00132,1,808.6,56.89
ZA-00033255,1,SKU60222,ZAV00543,1,685.3,38.83
ZA-00033256,1,SKU18223,ZAV00218,2,353.1,149.97
ZA-00033257,1,SKU42537,ZAV00316,1,561.6,60.56
ZA-00033258,1,SKU72335,ZAV00397,1,919.08,97.68
ZA-00033259,1,SKU82516,ZAV00782,1,326.06,167.43
ZA-00033260,1,SKU97792,ZAV00323,1,454.54,144.1
ZA-00033261,1,SKU58074,ZAV00412,1,582.13,44.52
ZA-00033262,1,SKU21238,ZAV00328,1,4260.62,176.71
ZA-00033263,1,SKU41866,ZAV00363,2,166.81,177.5
ZA-00033264,1,SKU16218,ZAV00272,1,964.0,121.33
ZA-00033265,1,SKU75441,ZAV00497,1,598.22,103.9
ZA-00033266,1,SKU43602,ZAV00766,1,694.57,178.1
ZA-00033266,2,SKU14894,ZAV00554,1,759.57,86.44
ZA-00033267,1,SKU56117,ZAV00563,1,725.88,77.38
ZA-00033268,1,SKU64804,ZAV00756,1,526.61,77.14
ZA-00033269,1,SKU98561,ZAV00775,3,797.33,83.16
ZA-00033269,2,SKU41719,ZAV00493,1,562.01,172.07
ZA-00033270,1,SKU66845,ZAV00360,1,1111.24,128.84
ZA-00033270,2,SKU80514,ZAV00445,1,733.83,151.21
ZA-00033271,1,SKU16967,ZAV00318,2,947.65,102.44
ZA-00033272,1,SKU30536,ZAV00334,1,236.59,93.9
ZA-00033273,1,SKU43323,ZAV00308,2,499.09,146.25
ZA-00033274,1,SKU87417,ZAV00647,1,342.69,66.14
ZA-00033275,1,SKU79434,ZAV00400,1,152.45,147.06
ZA-00033275,2,SKU57801,ZAV00127,1,796.39,44.18
ZA-00033275,3,SKU82876,ZAV00089,1,310.34,167.67
ZA-00033276,1,SKU91046,ZAV00243,1,766.62,123.34
ZA-00033276,2,SKU71025,ZAV00359,1,314.86,151.33
ZA-00033276,3,SKU48124,ZAV00403,1,486.09,77.55
ZA-00033277,1,SKU78912,ZAV00637,1,300.5,163.62
ZA-00033277,2,SKU23783,ZAV00763,1,136.06,90.08
ZA-00033278,1,SKU53614,ZAV00182,2,203.19,178.06
ZA-00033279,1,SKU13873,ZAV00609,2,201.69,167.94
ZA-00033280,1,SKU46447,ZAV00010,1,1807.1,161.02
ZA-00033281,1,SKU90682,ZAV00642,1,221.68,129.28
ZA-00033282,1,SKU74549,ZAV00047,1,788.89,158.91
ZA-00033283,1,SKU34317,ZAV00023,1,872.71,170.91
ZA-00033284,1,SKU76328,ZAV00247,1,405.45,122.2
ZA-00033285,1,SKU92711,ZAV00621,1,217.79,99.7
ZA-00033286,1,SKU67202,ZAV00021,1,334.8,178.88
ZA-00033287,1,SKU23160,ZAV00241,1,1141.57,58.27
ZA-00033288,1,SKU18827,ZAV00256,1,714.36,39.51
ZA-00033289,1,SKU66378,ZAV00198,3,573.97,49.0
ZA-00033290,1,SKU74642,ZAV00551,1,130.6,80.39
ZA-00033291,1,SKU93537,ZAV00377,1,282.76,55.58
ZA-00033292,1,SKU86914,ZAV00624,1,324.9,122.69
ZA-00033293,1,SKU96520,ZAV00014,1,579.04,89.13
ZA-00033293,2,SKU59343,ZAV00021,1,632.21,93.93
ZA-00033294,1,SKU67922,ZAV00047,1,419.14,121.56
ZA-00033295,1,SKU37838,ZAV00665,1,349.66,87.04
ZA-00033296,1,SKU97595,ZAV00559,1,833.11,134.84
ZA-00033297,1,SKU16387,ZAV00027,1,348.28,51.1
ZA-00033298,1,SKU72529,ZAV00800,1,101.26,80.99
ZA-00033299,1,SKU53082,ZAV00375,2,218.92,120.49
ZA-00033299,2,SKU75473,ZAV00552,2,1350.06,70.82
ZA-00033299,3,SKU12316,ZAV00572,1,978.83,43.23
ZA-00033300,1,SKU81833,ZAV00614,1,1745.69,149.39
ZA-00033300,2,SKU54836,ZAV00290,1,206.36,163.54
ZA-00033301,1,SKU20607,ZAV00047,2,57.65,91.49
ZA-00033302,1,SKU29050,ZAV00021,1,696.44,150.53
ZA-00033302,2,SKU59504,ZAV00279,1,546.86,53.24
ZA-00033303,1,SKU63780,ZAV00453,3,172.65,59.72
ZA-00033303,2,SKU84294,ZAV00014,1,1054.62,156.56
ZA-00033304,1,SKU63350,ZAV00345,1,66.36,60.61
ZA-00033305,1,SKU93694,ZAV00090,1,290.08,166.84
ZA-00033305,2,SKU56168,ZAV00796,1,1179.52,88.15
ZA-00033306,1,SKU89829,ZAV00145,1,290.18,101.94
ZA-00033307,1,SKU96482,ZAV00234,1,3882.87,38.02
ZA-00033308,1,SKU98017,ZAV00447,1,178.06,102.07
ZA-00033308,2,SKU17559,ZAV00444,1,201.01,79.98
ZA-00033309,1,SKU19062,ZAV00439,1,105.87,148.13
ZA-00033309,2,SKU70449,ZAV00376,2,644.65,87.36
ZA-00033310,1,SKU82373,ZAV00555,2,113.9,90.82
ZA-00033311,1,SKU53407,ZAV00007,1,245.78,76.4
ZA-00033312,1,SKU87861,ZAV00396,1,223.81,98.93
ZA-00033313,1,SKU54428,ZAV00281,1,1425.52,85.4
ZA-00033314,1,SKU27179,ZAV00653,1,1082.27,49.79
ZA-00033314,2,SKU15603,ZAV00100,1,413.92,113.55
ZA-00033315,1,SKU51434,ZAV00445,1,472.82,116.96
ZA-00033315,2,SKU33152,ZAV00607,1,244.77,94.82
ZA-00033316,1,SKU14452,ZAV00202,1,44.95,61.24
ZA-00033317,1,SKU67613,ZAV00743,1,3625.02,55.02
ZA-00033318,1,SKU24014,ZAV00798,1,400.55,134.76
ZA-00033319,1,SKU54654,ZAV00178,1,478.72,70.13
ZA-00033320,1,SKU20292,ZAV00252,1,241.9,161.55
ZA-00033321,1,SKU75590,ZAV00320,1,2363.09,97.15
ZA-00033322,1,SKU25706,ZAV00495,1,295.69,168.93
ZA-00033322,2,SKU12317,ZAV00799,1,698.98,73.78
ZA-00033323,1,SKU57898,ZAV00149,1,273.54,109.86
ZA-00033323,2,SKU99735,ZAV00681,1,326.5,176.65
ZA-00033324,1,SKU47909,ZAV00696,1,462.28,36.57
ZA-00033325,1,SKU21438,ZAV00755,1,487.08,66.48
ZA-00033325,2,SKU78316,ZAV00732,1,424.94,105.52
ZA-00033326,1,SKU10291,ZAV00095,1,385.63,138.07
ZA-00033326,2,SKU90986,ZAV00688,1,661.48,75.26
ZA-00033327,1,SKU53586,ZAV00592,1,177.83,99.4
ZA-00033328,1,SKU30505,ZAV00030,2,806.65,62.75
ZA-00033329,1,SKU80117,ZAV00376,1,292.55,104.88
ZA-00033330,1,SKU67296,ZAV00361,2,693.73,150.94
ZA-00033331,1,SKU63933,ZAV00771,1,940.95,97.14
ZA-00033332,1,SKU19381,ZAV00275,1,1033.22,145.19
ZA-00033333,1,SKU75976,ZAV00073,1,362.65,74.85
ZA-00033334,1,SKU62831,ZAV00392,1,174.33,170.84
ZA-00033335,1,SKU73577,ZAV00372,1,295.25,57.03
ZA-00033336,1,SKU89422,ZAV00484,1,165.13,53.86
ZA-00033336,2,SKU54579,ZAV00600,1,443.82,108.11
ZA-00033337,1,SKU42520,ZAV00256,1,279.46,79.27
ZA-00033338,1,SKU35783,ZAV00483,1,1586.1,70.47
ZA-00033338,2,SKU50482,ZAV00790,1,304.58,109.5
ZA-00033339,1,SKU95177,ZAV00552,1,1478.57,121.49
ZA-00033340,1,SKU34033,ZAV00617,1,491.41,129.31
ZA-00033341,1,SKU50090,ZAV00618,1,2973.71,127.69
ZA-00033342,1,SKU48339,ZAV00676,1,285.23,98.4
ZA-00033343,1,SKU72045,ZAV00159,1,476.6,74.88
ZA-00033344,1,SKU24282,ZAV00461,1,457.06,93.98
ZA-00033345,1,SKU30160,ZAV00062,1,212.84,124.55
ZA-00033346,1,SKU85915,ZAV00700,2,615.15,150.06
ZA-00033347,1,SKU30452,ZAV00576,1,486.6,119.07
ZA-00033348,1,SKU41264,ZAV00045,1,162.86,40.19
ZA-00033348,2,SKU40910,ZAV00119,2,1554.46,49.89
ZA-00033349,1,SKU48442,ZAV00326,1,1123.94,120.75
ZA-00033350,1,SKU30382,ZAV00046,1,87.09,128.85
ZA-00033350,2,SKU48236,ZAV00795,1,395.18,75.65
ZA-00033351,1,SKU40360,ZAV00021,2,274.1,47.25
ZA-00033352,1,SKU37989,ZAV00493,1,1026.46,132.4
ZA-00033352,2,SKU18304,ZAV00425,1,242.59,88.2
ZA-00033353,1,SKU48827,ZAV00082,1,812.17,65.07
ZA-00033354,1,SKU53292,ZAV00796,1,1182.73,146.69
ZA-00033355,1,SKU42773,ZAV00160,1,289.34,99.79
ZA-00033356,1,SKU78460,ZAV00720,1,416.16,50.12
ZA-00033357,1,SKU99220,ZAV00204,1,1219.57,114.88
ZA-00033358,1,SKU98025,ZAV00273,1,2393.35,102.91
ZA-00033359,1,SKU13536,ZAV00667,1,86.1,108.08
ZA-00033360,1,SKU90071,ZAV00712,1,3695.16,84.53
ZA-00033361,1,SKU97009,ZAV00502,1,117.45,76.53
ZA-00033362,1,SKU23355,ZAV00376,1,1786.69,116.6
ZA-00033362,2,SKU14602,ZAV00388,1,257.35,107.87
ZA-00033363,1,SKU40865,ZAV00381,1,377.55,136.12
ZA-00033364,1,SKU14065,ZAV00680,1,534.75,170.4
ZA-00033365,1,SKU38586,ZAV00536,1,867.58,42.35
ZA-00033366,1,SKU45507,ZAV00755,1,564.27,98.1
ZA-00033366,2,SKU99044,ZAV00183,2,450.3,109.23
ZA-00033367,1,SKU68095,ZAV00372,1,207.89,61.18
ZA-00033367,2,SKU15106,ZAV00778,1,356.01,58.08
ZA-00033368,1,SKU20113,ZAV00577,3,3096.09,138.21
ZA-00033369,1,SKU45141,ZAV00065,1,198.41,91.56
ZA-00033370,1,SKU24793,ZAV00309,1,507.47,140.02
ZA-00033371,1,SKU90153,ZAV00509,1,391.6,80.36
ZA-00033372,1,SKU53255,ZAV00547,1,237.83,121.39
ZA-00033373,1,SKU10584,ZAV00734,2,888.16,160.4
ZA-00033374,1,SKU33339,ZAV00763,1,345.7,106.76
ZA-00033375,1,SKU65809,ZAV00139,1,1111.09,77.81
ZA-00033376,1,SKU42329,ZAV00566,1,113.09,101.64
ZA-00033377,1,SKU88351,ZAV00500,1,548.42,77.03
ZA-00033378,1,SKU27898,ZAV00205,1,375.28,89.3
ZA-00033379,1,SKU19162,ZAV00659,1,718.48,103.2
ZA-00033380,1,SKU30518,ZAV00652,1,1239.96,81.22
ZA-00033381,1,SKU66479,ZAV00042,1,340.54,40.5
ZA-00033381,2,SKU46982,ZAV00595,1,215.65,52.55
ZA-00033382,1,SKU88302,ZAV00304,1,351.87,123.73
ZA-00033382,2,SKU29155,ZAV00029,1,99.35,138.39
ZA-00033383,1,SKU20685,ZAV00150,1,490.91,159.43
ZA-00033384,1,SKU32358,ZAV00531,1,2551.07,46.53
ZA-00033385,1,SKU77334,ZAV00173,2,679.07,150.31
ZA-00033385,2,SKU73677,ZAV00072,1,372.48,84.14
ZA-00033386,1,SKU76066,ZAV00265,1,825.55,90.42
ZA-00033387,1,SKU60000,ZAV00320,1,447.67,124.83
ZA-00033387,2,SKU25685,ZAV00767,2,663.23,52.04
ZA-00033388,1,SKU71647,ZAV00422,1,983.12,138.36
ZA-00033389,1,SKU55869,ZAV00312,1,388.7,176.87
ZA-00033390,1,SKU72798,ZAV00045,1,1085.21,175.9
ZA-00033391,1,SKU61093,ZAV00549,1,95.2,145.01
ZA-00033392,1,SKU50270,ZAV00387,1,409.7,97.07
ZA-00033393,1,SKU39843,ZAV00454,1,541.55,101.56
ZA-00033394,1,SKU42460,ZAV00536,1,865.85,54.65
ZA-00033395,1,SKU52118,ZAV00643,1,156.48,135.35
ZA-00033395,2,SKU86733,ZAV00432,1,443.44,36.81
ZA-00033396,1,SKU29438,ZAV00188,1,436.84,49.61
ZA-00033396,2,SKU26677,ZAV00054,1,577.18,50.0
ZA-00033397,1,SKU34175,ZAV00665,1,439.8,136.97
ZA-00033398,1,SKU98831,ZAV00001,1,197.97,40.21
ZA-00033399,1,SKU32745,ZAV00061,1,1217.67,40.21
ZA-00033400,1,SKU29084,ZAV00302,1,621.26,159.55
ZA-00033401,1,SKU23242,ZAV00794,1,271.5,139.57
ZA-00033402,1,SKU45996,ZAV00292,1,1009.26,57.27
ZA-00033402,2,SKU58259,ZAV00322,1,942.4,64.14
ZA-00033403,1,SKU24946,ZAV00290,1,1015.59,98.04
ZA-00033404,1,SKU92402,ZAV00377,1,113.67,137.36
ZA-00033405,1,SKU52376,ZAV00027,1,436.36,112.67
ZA-00033405,2,SKU17479,ZAV00386,1,3142.92,157.77
ZA-00033406,1,SKU99031,ZAV00735,1,1531.39,76.04
ZA-00033407,1,SKU22811,ZAV00368,2,936.13,36.36
ZA-00033408,1,SKU76417,ZAV00632,1,246.82,130.76
ZA-00033408,2,SKU11671,ZAV00305,1,407.68,121.88
ZA-00033409,1,SKU76516,ZAV00033,1,74.11,63.49
ZA-00033410,1,SKU56490,ZAV00196,2,513.36,178.47
ZA-00033411,1,SKU41873,ZAV00050,1,679.41,67.47
ZA-00033412,1,SKU11112,ZAV00227,1,460.82,94.83
ZA-00033412,2,SKU97474,ZAV00237,1,116.77,102.9
ZA-00033413,1,SKU11187,ZAV00576,1,2034.01,177.03
ZA-00033413,2,SKU28780,ZAV00052,1,1771.13,68.78
ZA-00033413,3,SKU96738,ZAV00545,1,304.06,81.69
ZA-00033414,1,SKU46746,ZAV00060,2,252.97,159.81
ZA-00033415,1,SKU82454,ZAV00719,1,421.04,126.98
ZA-00033415,2,SKU28819,ZAV00698,1,1184.34,111.3
ZA-00033416,1,SKU98925,ZAV00480,1,1050.3,47.98
ZA-00033417,1,SKU72209,ZAV00630,1,793.83,123.79
ZA-00033418,1,SKU44571,ZAV00686,1,407.4,47.57
ZA-00033419,1,SKU60112,ZAV00419,1,279.1,107.03
ZA-00033419,2,SKU49542,ZAV00625,1,417.86,74.95
ZA-00033420,1,SKU23414,ZAV00592,1,601.74,71.43
ZA-00033421,1,SKU24297,ZAV00147,1,377.7,79.47
ZA-00033421,2,SKU12764,ZAV00578,1,592.02,121.73
ZA-00033422,1,SKU53918,ZAV00659,1,1046.56,91.39
ZA-00033423,1,SKU97935,ZAV00764,1,159.11,73.57
ZA-00033423,2,SKU97012,ZAV00146,1,24.49,175.57
ZA-00033424,1,SKU13736,ZAV00755,1,645.51,151.14
ZA-00033424,2,SKU11876,ZAV00263,1,663.32,171.39
ZA-00033425,1,SKU11585,ZAV00435,2,443.82,80.04
ZA-00033425,2,SKU75185,ZAV00471,1,228.84,35.02
ZA-00033426,1,SKU13020,ZAV00683,1,365.01,144.4
ZA-00033427,1,SKU22347,ZAV00594,1,323.69,79.16
ZA-00033428,1,SKU25266,ZAV00345,1,687.81,179.2
ZA-00033429,1,SKU97981,ZAV00530,1,1656.45,141.67
ZA-00033430,1,SKU30381,ZAV00276,1,291.13,157.65
ZA-00033431,1,SKU97415,ZAV00218,1,1138.36,152.23
ZA-00033432,1,SKU22826,ZAV00323,1,187.08,160.76
ZA-00033433,1,SKU22307,ZAV00067,1,399.65,111.93
ZA-00033434,1,SKU10280,ZAV00617,1,75.57,113.7
ZA-00033435,1,SKU10239,ZAV00288,1,865.84,165.8
ZA-00033436,1,SKU93587,ZAV00058,1,491.92,95.96
ZA-00033436,2,SKU35682,ZAV00447,1,580.5,92.21
ZA-00033437,1,SKU42528,ZAV00112,1,194.56,114.44
ZA-00033438,1,SKU61893,ZAV00704,1,479.77,148.78
ZA-00033438,2,SKU25695,ZAV00164,1,836.07,137.18
ZA-00033439,1,SKU92226,ZAV00131,1,765.79,58.75
ZA-00033440,1,SKU83017,ZAV00043,1,208.13,93.38
ZA-00033441,1,SKU73772,ZAV00301,1,413.83,143.97
ZA-00033442,1,SKU31648,ZAV00330,1,327.61,131.28
ZA-00033443,1,SKU39747,ZAV00252,1,860.31,118.75
ZA-00033444,1,SKU54834,ZAV00314,1,164.32,55.45
ZA-00033445,1,SKU75373,ZAV00654,2,595.59,60.62
ZA-00033446,1,SKU21030,ZAV00231,1,1654.63,85.8
ZA-00033447,1,SKU86482,ZAV00081,2,2343.11,145.55
ZA-00033448,1,SKU21648,ZAV00696,1,341.25,78.8
ZA-00033449,1,SKU21352,ZAV00596,1,353.67,137.39
ZA-00033450,1,SKU38230,ZAV00711,2,367.52,127.27
ZA-00033450,2,SKU25782,ZAV00637,1,595.29,161.32
ZA-00033450,3,SKU31380,ZAV00595,1,1602.32,122.9
ZA-00033451,1,SKU64138,ZAV00541,1,1698.46,51.31
ZA-00033452,1,SKU47547,ZAV00184,1,192.07,139.59
ZA-00033453,1,SKU22067,ZAV00045,1,518.78,76.48
ZA-00033454,1,SKU36205,ZAV00330,1,155.02,95.49
ZA-00033455,1,SKU54306,ZAV00278,2,601.45,90.15
ZA-00033456,1,SKU21017,ZAV00228,1,924.51,47.12
ZA-00033457,1,SKU49888,ZAV00240,1,645.97,163.45
ZA-00033458,1,SKU20798,ZAV00737,1,599.25,159.7
ZA-00033459,1,SKU83062,ZAV00271,1,64.54,124.14
ZA-00033460,1,SKU89909,ZAV00704,2,391.62,80.15
ZA-00033461,1,SKU17359,ZAV00122,1,324.67,105.09
ZA-00033462,1,SKU83635,ZAV00522,1,52.19,98.84
ZA-00033462,2,SKU83904,ZAV00157,1,1724.85,63.72
ZA-00033463,1,SKU81368,ZAV00044,1,1692.07,111.84
ZA-00033464,1,SKU69266,ZAV00072,1,1529.63,80.28
ZA-00033465,1,SKU60750,ZAV00352,2,512.38,127.6
ZA-00033466,1,SKU76302,ZAV00367,1,960.2,154.8
ZA-00033467,1,SKU91907,ZAV00306,1,257.38,161.48
ZA-00033468,1,SKU57071,ZAV00605,2,254.59,148.08
ZA-00033469,1,SKU76438,ZAV00642,1,768.19,132.55
ZA-00033470,1,SKU53867,ZAV00567,1,3315.73,157.84
ZA-00033471,1,SKU62387,ZAV00177,1,198.0,134.55
ZA-00033472,1,SKU39909,ZAV00133,2,102.24,177.03
ZA-00033473,1,SKU96323,ZAV00701,1,1118.9,166.72
ZA-00033474,1,SKU84603,ZAV00522,1,82.52,138.96
ZA-00033475,1,SKU97216,ZAV00528,1,1264.93,178.52
ZA-00033476,1,SKU86943,ZAV00373,1,1203.42,135.48
ZA-00033476,2,SKU92108,ZAV00473,1,1439.43,148.04
ZA-00033477,1,SKU10442,ZAV00386,1,516.76,130.77
ZA-00033478,1,SKU47389,ZAV00642,2,757.14,94.06
ZA-00033479,1,SKU13312,ZAV00380,2,492.01,68.89
ZA-00033479,2,SKU63534,ZAV00567,2,1617.42,173.37
ZA-00033480,1,SKU21473,ZAV00242,1,1427.66,37.73
ZA-00033481,1,SKU71991,ZAV00437,1,485.09,155.23
ZA-00033481,2,SKU64950,ZAV00245,1,325.94,53.94
ZA-00033482,1,SKU32060,ZAV00696,2,550.45,123.75
ZA-00033483,1,SKU57937,ZAV00776,1,823.34,108.6
ZA-00033484,1,SKU98906,ZAV00779,1,420.28,136.94
ZA-00033485,1,SKU92675,ZAV00762,2,403.33,115.66
ZA-00033486,1,SKU59812,ZAV00187,1,1076.56,89.24
ZA-00033487,1,SKU54387,ZAV00236,1,318.28,75.17
ZA-00033488,1,SKU71964,ZAV00295,2,46.78,91.56
ZA-00033488,2,SKU18595,ZAV00358,1,101.15,171.31
ZA-00033489,1,SKU12971,ZAV00107,1,143.72,36.44
ZA-00033490,1,SKU54040,ZAV00609,1,309.9,176.11
ZA-00033490,2,SKU29416,ZAV00387,1,501.16,142.64
ZA-00033491,1,SKU34536,ZAV00135,1,431.05,87.27
ZA-00033491,2,SKU27278,ZAV00567,1,596.53,42.83
ZA-00033491,3,SKU27991,ZAV00512,1,237.77,133.28
ZA-00033492,1,SKU70151,ZAV00640,1,578.87,79.19
ZA-00033493,1,SKU31540,ZAV00723,1,2539.02,38.81
ZA-00033494,1,SKU60870,ZAV00459,1,1856.45,126.21
ZA-00033495,1,SKU84773,ZAV00772,1,171.54,67.93
ZA-00033496,1,SKU12947,ZAV00089,3,452.08,76.93
ZA-00033497,1,SKU42494,ZAV00309,1,762.28,79.79
ZA-00033498,1,SKU40872,ZAV00771,2,745.01,132.39
ZA-00033499,1,SKU86649,ZAV00109,2,2582.1,104.76
ZA-00033500,1,SKU39484,ZAV00781,1,138.3,60.93
ZA-00033501,1,SKU36830,ZAV00301,3,1119.6,131.61
ZA-00033502,1,SKU56254,ZAV00719,1,345.88,55.47
ZA-00033503,1,SKU25549,ZAV00036,2,375.63,103.43
ZA-00033504,1,SKU34842,ZAV00507,1,740.21,161.72
ZA-00033504,2,SKU74875,ZAV00252,1,786.55,129.53
ZA-00033504,3,SKU91373,ZAV00341,3,300.51,37.97
ZA-00033505,1,SKU50946,ZAV00530,1,267.16,62.14
ZA-00033506,1,SKU19128,ZAV00747,1,1611.02,35.34
ZA-00033507,1,SKU11167,ZAV00032,1,473.8,172.19
ZA-00033508,1,SKU77759,ZAV00218,1,125.25,36.28
ZA-00033509,1,SKU27310,ZAV00607,1,473.68,174.23
ZA-00033509,2,SKU88426,ZAV00399,1,210.53,57.72
ZA-00033510,1,SKU36255,ZAV00531,1,187.12,113.74
ZA-00033510,2,SKU16163,ZAV00123,1,180.53,62.53
ZA-00033510,3,SKU90240,ZAV00756,1,202.05,85.59
ZA-00033511,1,SKU45382,ZAV00012,1,268.15,147.24
ZA-00033512,1,SKU65940,ZAV00628,1,219.84,157.66
ZA-00033513,1,SKU29269,ZAV00197,1,244.54,42.25
ZA-00033514,1,SKU88900,ZAV00416,1,1126.46,170.5
ZA-00033515,1,SKU93435,ZAV00470,2,213.66,125.35
ZA-00033516,1,SKU91493,ZAV00537,2,541.69,119.48
ZA-00033517,1,SKU74370,ZAV00670,1,509.32,121.09
ZA-00033518,1,SKU54474,ZAV00578,1,543.64,64.5
ZA-00033518,2,SKU26415,ZAV00690,1,171.24,122.81
ZA-00033519,1,SKU45948,ZAV00331,1,322.4,88.15
ZA-00033520,1,SKU63534,ZAV00502,1,297.0,97.44
ZA-00033521,1,SKU25161,ZAV00550,1,212.82,57.41
ZA-00033522,1,SKU50668,ZAV00266,1,270.77,108.51
ZA-00033522,2,SKU30907,ZAV00321,1,677.15,41.9
ZA-00033523,1,SKU89565,ZAV00310,2,880.65,68.3
ZA-00033524,1,SKU87635,ZAV00623,1,712.21,104.54
ZA-00033524,2,SKU20574,ZAV00054,2,299.02,53.69
ZA-00033525,1,SKU46035,ZAV00128,1,2110.36,178.8
ZA-00033525,2,SKU84108,ZAV00092,1,1626.95,39.42
ZA-00033526,1,SKU31854,ZAV00596,1,291.95,140.75
ZA-00033527,1,SKU52049,ZAV00728,1,525.51,61.98
ZA-00033528,1,SKU36931,ZAV00325,1,173.77,85.18
ZA-00033529,1,SKU21459,ZAV00285,1,1886.7,107.86
ZA-00033530,1,SKU11977,ZAV00383,1,298.97,139.78
ZA-00033530,2,SKU31959,ZAV00096,2,591.53,108.27
ZA-00033531,1,SKU38411,ZAV00456,1,249.33,88.46
ZA-00033532,1,SKU66130,ZAV00373,1,696.94,170.74
ZA-00033533,1,SKU19065,ZAV00186,1,1201.31,39.79
ZA-00033534,1,SKU55945,ZAV00113,1,983.22,158.44
ZA-00033534,2,SKU71665,ZAV00634,1,126.21,130.07
ZA-00033535,1,SKU78585,ZAV00316,2,876.55,92.14
ZA-00033536,1,SKU17731,ZAV00746,1,715.81,109.71
ZA-00033536,2,SKU38645,ZAV00796,1,542.01,92.93
ZA-00033537,1,SKU17221,ZAV00611,1,428.98,37.79
ZA-00033538,1,SKU67007,ZAV00134,1,1286.14,154.68
ZA-00033539,1,SKU96070,ZAV00708,1,269.95,58.5
ZA-00033540,1,SKU46809,ZAV00220,1,774.34,103.26
ZA-00033541,1,SKU51903,ZAV00164,1,527.32,51.05
ZA-00033541,2,SKU63455,ZAV00202,1,316.79,57.07
ZA-00033542,1,SKU84334,ZAV00391,1,1508.31,89.04
ZA-00033543,1,SKU27801,ZAV00432,1,399.69,40.03
ZA-00033544,1,SKU58057,ZAV00598,2,341.31,106.32
ZA-00033545,1,SKU52556,ZAV00455,1,514.69,171.35
ZA-00033546,1,SKU48392,ZAV00298,1,545.35,115.67
ZA-00033547,1,SKU61675,ZAV00600,2,252.77,94.43
ZA-00033548,1,SKU46671,ZAV00492,1,271.66,171.74
ZA-00033548,2,SKU37217,ZAV00052,1,318.89,90.09
ZA-00033549,1,SKU83750,ZAV00211,1,658.12,123.09
ZA-00033549,2,SKU79138,ZAV00033,1,496.24,108.19
ZA-00033550,1,SKU63206,ZAV00534,1,523.51,110.17
ZA-00033551,1,SKU41958,ZAV00491,2,1021.99,174.63
ZA-00033552,1,SKU83451,ZAV00466,1,2039.34,65.31
ZA-00033553,1,SKU85075,ZAV00169,1,606.75,174.29
ZA-00033554,1,SKU28125,ZAV00405,1,166.02,39.5
ZA-00033555,1,SKU27200,ZAV00797,1,683.18,101.86
ZA-00033556,1,SKU38965,ZAV00358,1,107.41,58.45
ZA-00033556,2,SKU68429,ZAV00325,1,813.32,72.21
ZA-00033556,3,SKU21052,ZAV00022,2,1282.79,119.51
ZA-00033557,1,SKU50258,ZAV00721,1,559.48,48.97
ZA-00033557,2,SKU74143,ZAV00316,1,976.27,178.04
ZA-00033558,1,SKU31253,ZAV00680,1,230.21,42.21
ZA-00033559,1,SKU64362,ZAV00128,1,350.94,173.9
ZA-00033560,1,SKU29289,ZAV00740,1,212.06,67.06
ZA-00033560,2,SKU67326,ZAV00237,2,1475.19,178.55
ZA-00033561,1,SKU56547,ZAV00021,1,938.16,93.01
ZA-00033562,1,SKU35692,ZAV00275,1,1085.45,47.14
ZA-00033562,2,SKU58668,ZAV00194,1,594.07,91.23
ZA-00033563,1,SKU56276,ZAV00342,1,933.68,60.79
ZA-00033564,1,SKU31771,ZAV00022,1,1242.58,112.74
ZA-00033565,1,SKU78137,ZAV00292,2,614.32,91.38
ZA-00033566,1,SKU84256,ZAV00271,1,653.39,81.7
ZA-00033567,1,SKU30464,ZAV00682,1,653.98,139.07
ZA-00033568,1,SKU49584,ZAV00739,1,795.63,120.82
ZA-00033569,1,SKU56608,ZAV00741,1,360.83,87.49
ZA-00033570,1,SKU32575,ZAV00446,1,247.06,129.34
ZA-00033571,1,SKU41776,ZAV00274,1,168.71,110.15
ZA-00033571,2,SKU35828,ZAV00231,2,273.17,65.52
ZA-00033572,1,SKU15810,ZAV00403,1,303.95,41.18
ZA-00033573,1,SKU64017,ZAV00075,2,349.7,153.54
ZA-00033574,1,SKU97422,ZAV00584,1,285.37,81.48
ZA-00033574,2,SKU56308,ZAV00356,2,634.74,125.71
ZA-00033575,1,SKU79046,ZAV00717,1,1240.49,72.38
ZA-00033576,1,SKU21756,ZAV00402,1,463.09,101.71
ZA-00033577,1,SKU81488,ZAV00161,2,508.79,175.44
ZA-00033577,2,SKU18360,ZAV00606,1,334.0,90.41
ZA-00033577,3,SKU10758,ZAV00697,3,32.71,109.65
ZA-00033578,1,SKU54889,ZAV00179,1,348.64,161.76
ZA-00033578,2,SKU93572,ZAV00489,3,463.15,108.47
ZA-00033578,3,SKU82736,ZAV00629,1,225.47,135.17
ZA-00033579,1,SKU39663,ZAV00566,1,251.0,36.2
ZA-00033580,1,SKU46655,ZAV00352,1,200.28,67.0
ZA-00033580,2,SKU27925,ZAV00546,1,2430.31,73.9
ZA-00033581,1,SKU77920,ZAV00503,1,207.04,91.25
ZA-00033582,1,SKU98105,ZAV00529,2,5002.55,41.21
ZA-00033583,1,SKU97165,ZAV00187,1,1627.08,141.25
ZA-00033583,2,SKU75786,ZAV00148,1,2580.59,89.58
ZA-00033584,1,SKU21329,ZAV00561,1,218.1,105.24
ZA-00033585,1,SKU96437,ZAV00314,1,488.19,174.66
ZA-00033586,1,SKU27824,ZAV00016,1,334.57,128.24
ZA-00033587,1,SKU23162,ZAV00582,1,608.21,48.62
ZA-00033588,1,SKU78096,ZAV00204,1,1087.54,44.55
ZA-00033589,1,SKU57418,ZAV00507,1,96.37,140.0
ZA-00033590,1,SKU29118,ZAV00750,1,719.04,133.13
ZA-00033591,1,SKU55352,ZAV00676,2,553.69,53.38
ZA-00033592,1,SKU49111,ZAV00734,1,218.75,83.06
ZA-00033593,1,SKU52505,ZAV00327,1,1108.57,77.51
ZA-00033594,1,SKU73041,ZAV00110,1,1512.67,52.74
ZA-00033595,1,SKU12280,ZAV00601,1,877.86,168.48
ZA-00033596,1,SKU69884,ZAV00343,1,192.66,118.53
ZA-00033597,1,SKU43947,ZAV00103,1,474.46,172.0
ZA-00033598,1,SKU62987,ZAV00466,1,141.2,152.63
ZA-00033598,2,SKU15228,ZAV00239,3,513.16,53.51
ZA-00033599,1,SKU65823,ZAV00679,1,339.26,171.14
ZA-00033600,1,SKU19769,ZAV00359,1,1019.68,81.93
ZA-00033601,1,SKU87493,ZAV00190,1,192.54,83.73
ZA-00033602,1,SKU94901,ZAV00400,1,349.14,177.37
ZA-00033602,2,SKU93362,ZAV00133,1,512.24,106.74
ZA-00033603,1,SKU48302,ZAV00437,1,719.04,94.51
ZA-00033604,1,SKU49636,ZAV00727,1,804.07,119.65
ZA-00033605,1,SKU78604,ZAV00601,2,215.37,136.84
ZA-00033606,1,SKU54259,ZAV00193,1,697.0,89.87
ZA-00033606,2,SKU21428,ZAV00315,1,359.67,146.47
ZA-00033607,1,SKU65998,ZAV00750,1,1150.51,149.88
ZA-00033608,1,SKU23765,ZAV00212,1,2725.12,53.24
ZA-00033609,1,SKU53303,ZAV00526,1,719.45,60.49
ZA-00033610,1,SKU91859,ZAV00217,1,336.8,95.61
ZA-00033611,1,SKU91956,ZAV00404,1,160.01,104.87
ZA-00033612,1,SKU74965,ZAV00596,1,1099.27,52.06
ZA-00033613,1,SKU50478,ZAV00531,1,530.71,67.18
ZA-00033614,1,SKU34602,ZAV00045,1,1022.9,37.24
ZA-00033615,1,SKU78111,ZAV00144,1,482.74,96.39
ZA-00033616,1,SKU86657,ZAV00082,1,136.26,62.24
ZA-00033617,1,SKU50128,ZAV00462,1,446.86,173.97
ZA-00033618,1,SKU98069,ZAV00548,1,408.53,169.05
ZA-00033619,1,SKU76764,ZAV00533,1,492.08,170.82
ZA-00033620,1,SKU63462,ZAV00749,1,1075.31,127.45
ZA-00033621,1,SKU94946,ZAV00305,1,451.94,74.86
ZA-00033622,1,SKU61686,ZAV00674,1,292.78,161.33
ZA-00033622,2,SKU11242,ZAV00171,1,237.21,130.4
ZA-00033622,3,SKU72207,ZAV00138,1,1239.89,130.62
ZA-00033623,1,SKU55606,ZAV00611,1,547.12,172.64
ZA-00033624,1,SKU83486,ZAV00684,1,475.74,122.95
ZA-00033625,1,SKU66280,ZAV00477,1,257.29,92.7
ZA-00033625,2,SKU83525,ZAV00345,1,268.02,133.57
ZA-00033626,1,SKU35304,ZAV00459,1,583.94,130.7
ZA-00033627,1,SKU94492,ZAV00359,1,213.21,43.41
ZA-00033628,1,SKU68292,ZAV00601,1,166.25,79.22
ZA-00033628,2,SKU98168,ZAV00150,1,231.86,111.74
ZA-00033628,3,SKU48574,ZAV00525,1,607.12,108.85
ZA-00033629,1,SKU18222,ZAV00110,1,284.74,70.92
ZA-00033630,1,SKU78050,ZAV00296,1,823.74,156.31
ZA-00033631,1,SKU37164,ZAV00049,1,166.91,35.42
ZA-00033631,2,SKU46776,ZAV00097,1,605.45,130.82
ZA-00033632,1,SKU95756,ZAV00591,1,887.11,45.43
ZA-00033633,1,SKU29058,ZAV00102,1,241.54,124.27
ZA-00033634,1,SKU40108,ZAV00775,1,550.27,92.05
ZA-00033635,1,SKU83644,ZAV00117,1,242.96,54.7
ZA-00033636,1,SKU77585,ZAV00085,2,237.51,83.95
ZA-00033637,1,SKU85496,ZAV00191,1,1349.07,53.38
ZA-00033638,1,SKU92470,ZAV00112,1,1016.26,143.63
ZA-00033639,1,SKU11891,ZAV00270,1,246.25,131.08
ZA-00033640,1,SKU43046,ZAV00683,1,123.31,175.69
ZA-00033641,1,SKU56140,ZAV00444,1,515.05,128.55
ZA-00033642,1,SKU48781,ZAV00086,1,205.59,122.71
ZA-00033642,2,SKU50731,ZAV00746,2,876.78,120.21
ZA-00033643,1,SKU48975,ZAV00438,1,303.17,137.87
ZA-00033643,2,SKU80228,ZAV00324,1,830.24,46.54
ZA-00033643,3,SKU34090,ZAV00230,1,1357.39,131.43
ZA-00033644,1,SKU96164,ZAV00426,1,234.23,102.19
ZA-00033644,2,SKU42941,ZAV00762,1,1241.65,132.42
ZA-00033645,1,SKU53919,ZAV00221,1,323.57,147.85
ZA-00033645,2,SKU44215,ZAV00333,1,849.59,176.01
ZA-00033646,1,SKU57936,ZAV00028,1,406.34,179.91
ZA-00033647,1,SKU76335,ZAV00490,1,1736.92,111.78
ZA-00033648,1,SKU81821,ZAV00624,1,390.29,84.12
ZA-00033649,1,SKU34100,ZAV00654,1,684.63,68.59
ZA-00033650,1,SKU38455,ZAV00080,1,27.58,61.22
ZA-00033651,1,SKU38178,ZAV00234,1,501.46,174.79
ZA-00033651,2,SKU98955,ZAV00051,2,315.0,162.33
ZA-00033652,1,SKU12295,ZAV00497,1,556.35,76.98
ZA-00033653,1,SKU74613,ZAV00338,1,631.39,66.8
ZA-00033654,1,SKU44552,ZAV00777,1,264.5,37.45
ZA-00033655,1,SKU88018,ZAV00297,1,248.94,134.83
ZA-00033656,1,SKU77503,ZAV00680,1,973.68,51.48
ZA-00033657,1,SKU19850,ZAV00513,1,1975.62,91.02
ZA-00033657,2,SKU35037,ZAV00225,1,75.96,144.77
ZA-00033658,1,SKU95229,ZAV00254,2,160.96,71.0
ZA-00033659,1,SKU18442,ZAV00647,1,191.87,179.84
ZA-00033660,1,SKU85105,ZAV00211,1,117.29,161.09
ZA-00033661,1,SKU39947,ZAV00156,1,169.08,153.94
ZA-00033661,2,SKU80430,ZAV00476,1,331.56,86.01
ZA-00033662,1,SKU53464,ZAV00431,1,226.33,179.14
ZA-00033663,1,SKU59375,ZAV00263,1,151.33,125.62
ZA-00033664,1,SKU18620,ZAV00654,1,418.85,50.79
ZA-00033665,1,SKU94371,ZAV00155,1,625.88,105.44
ZA-00033666,1,SKU36062,ZAV00067,1,384.91,35.31
ZA-00033667,1,SKU22302,ZAV00167,1,461.87,176.12
ZA-00033668,1,SKU71973,ZAV00520,2,978.05,154.68
ZA-00033669,1,SKU77800,ZAV00567,1,235.01,36.82
ZA-00033670,1,SKU68078,ZAV00138,1,612.78,116.19
ZA-00033671,1,SKU50021,ZAV00643,1,527.17,158.38
ZA-00033671,2,SKU50363,ZAV00642,1,339.66,149.25
ZA-00033672,1,SKU92576,ZAV00749,1,1043.01,163.99
ZA-00033673,1,SKU75133,ZAV00021,1,258.91,55.57
ZA-00033674,1,SKU20609,ZAV00070,1,900.0,52.03
ZA-00033675,1,SKU24412,ZAV00316,3,943.44,75.0
ZA-00033675,2,SKU71648,ZAV00493,1,895.13,84.0
ZA-00033676,1,SKU74037,ZAV00680,1,408.62,178.17
ZA-00033677,1,SKU87948,ZAV00726,2,510.73,39.93
ZA-00033678,1,SKU91202,ZAV00588,1,353.04,130.74
ZA-00033678,2,SKU62094,ZAV00161,1,493.91,157.02
ZA-00033679,1,SKU54887,ZAV00314,2,433.26,86.84
ZA-00033680,1,SKU70241,ZAV00741,1,329.14,170.29
ZA-00033681,1,SKU51278,ZAV00429,1,1184.03,83.73
ZA-00033682,1,SKU45954,ZAV00626,1,353.97,73.21
ZA-00033682,2,SKU79744,ZAV00137,1,200.86,110.08
ZA-00033682,3,SKU44725,ZAV00154,1,476.42,61.02
ZA-00033683,1,SKU27749,ZAV00009,1,205.24,95.21
ZA-00033684,1,SKU96961,ZAV00111,1,169.86,158.28
ZA-00033684,2,SKU35443,ZAV00486,1,256.83,118.46
ZA-00033685,1,SKU22777,ZAV00686,1,736.89,106.06
ZA-00033686,1,SKU82548,ZAV00385,1,128.06,85.1
ZA-00033686,2,SKU27001,ZAV00174,1,159.09,38.66
ZA-00033687,1,SKU46298,ZAV00765,1,224.7,112.66
ZA-00033688,1,SKU80392,ZAV00749,1,324.92,41.94
ZA-00033689,1,SKU60188,ZAV00580,1,1088.89,163.21
ZA-00033690,1,SKU31433,ZAV00324,1,1427.98,85.18
ZA-00033691,1,SKU50152,ZAV00309,1,1572.39,159.41
ZA-00033692,1,SKU30274,ZAV00392,1,272.73,108.64
ZA-00033692,2,SKU49261,ZAV00536,1,107.63,66.45
ZA-00033692,3,SKU80231,ZAV00146,1,692.55,56.6
ZA-00033693,1,SKU29917,ZAV00780,1,149.52,43.64
ZA-00033694,1,SKU90905,ZAV00255,1,2321.8,82.96
ZA-00033694,2,SKU87487,ZAV00185,1,435.23,137.47
ZA-00033695,1,SKU93903,ZAV00735,1,145.08,175.94
ZA-00033696,1,SKU38225,ZAV00549,1,566.64,111.11
ZA-00033696,2,SKU49813,ZAV00728,2,1560.28,108.6
ZA-00033697,1,SKU97077,ZAV00044,1,1025.51,122.19
ZA-00033698,1,SKU31922,ZAV00738,1,143.73,49.0
ZA-00033699,1,SKU18962,ZAV00297,1,87.84,179.33
ZA-00033700,1,SKU32893,ZAV00020,1,298.65,103.63
ZA-00033701,1,SKU57803,ZAV00748,1,2241.73,106.01
ZA-00033702,1,SKU30636,ZAV00402,1,172.02,141.95
ZA-00033703,1,SKU75878,ZAV00361,2,115.62,155.99
ZA-00033704,1,SKU81643,ZAV00496,1,325.99,173.37
ZA-00033705,1,SKU23128,ZAV00769,1,1012.74,163.78
ZA-00033706,1,SKU12411,ZAV00287,1,206.52,63.41
ZA-00033707,1,SKU23011,ZAV00394,1,491.82,118.31
ZA-00033708,1,SKU92459,ZAV00064,1,95.39,75.35
ZA-00033709,1,SKU18224,ZAV00755,1,1317.16,112.49
ZA-00033710,1,SKU63204,ZAV00381,1,1120.73,91.74
ZA-00033711,1,SKU42786,ZAV00708,1,683.53,131.52
ZA-00033712,1,SKU20997,ZAV00412,1,392.44,65.3
ZA-00033713,1,SKU82487,ZAV00453,1,555.76,103.47
ZA-00033714,1,SKU79586,ZAV00400,1,163.46,65.93
ZA-00033715,1,SKU32724,ZAV00315,1,454.18,82.67
ZA-00033716,1,SKU95575,ZAV00608,1,340.84,124.79
ZA-00033717,1,SKU87063,ZAV00119,1,83.58,167.21
ZA-00033717,2,SKU96179,ZAV00105,1,243.56,151.53
ZA-00033718,1,SKU95648,ZAV00339,1,318.53,90.75
ZA-00033719,1,SKU44362,ZAV00596,1,313.45,148.06
ZA-00033720,1,SKU21903,ZAV00003,1,348.66,48.01
ZA-00033721,1,SKU56033,ZAV00480,1,1101.98,36.52
ZA-00033722,1,SKU55353,ZAV00032,1,756.88,149.87
ZA-00033722,2,SKU37322,ZAV00428,1,189.69,121.34
ZA-00033723,1,SKU59540,ZAV00222,1,258.92,89.01
ZA-00033724,1,SKU16797,ZAV00206,1,558.61,143.69
ZA-00033724,2,SKU14094,ZAV00728,2,507.85,82.58
ZA-00033725,1,SKU65888,ZAV00334,1,334.55,140.83
ZA-00033726,1,SKU21620,ZAV00440,1,196.22,125.92
ZA-00033727,1,SKU81817,ZAV00002,1,802.77,126.12
ZA-00033728,1,SKU14304,ZAV00584,1,273.57,128.1
ZA-00033729,1,SKU50691,ZAV00119,1,267.58,156.67
ZA-00033730,1,SKU59578,ZAV00488,1,543.38,154.27
ZA-00033730,2,SKU57643,ZAV00654,1,437.87,178.69
ZA-00033731,1,SKU73698,ZAV00216,1,570.83,167.03
ZA-00033732,1,SKU48234,ZAV00349,1,116.32,59.67
ZA-00033732,2,SKU96046,ZAV00672,3,397.13,107.94
ZA-00033732,3,SKU13044,ZAV00430,2,738.91,118.84
ZA-00033733,1,SKU40624,ZAV00316,1,631.08,61.52
ZA-00033734,1,SKU28046,ZAV00516,1,394.79,109.79
ZA-00033735,1,SKU32126,ZAV00488,2,670.65,65.7
ZA-00033736,1,SKU89209,ZAV00319,1,336.35,105.83
ZA-00033736,2,SKU86844,ZAV00269,1,663.49,79.23
ZA-00033737,1,SKU65422,ZAV00637,1,606.28,68.98
ZA-00033737,2,SKU55562,ZAV00070,1,212.23,68.05
ZA-00033737,3,SKU17912,ZAV00250,1,572.85,79.61
ZA-00033738,1,SKU63470,ZAV00294,2,474.57,67.24
ZA-00033738,2,SKU74879,ZAV00297,2,406.61,125.88
ZA-00033739,1,SKU80993,ZAV00068,1,312.88,160.92
ZA-00033739,2,SKU60854,ZAV00474,1,584.3,57.96
ZA-00033740,1,SKU79224,ZAV00758,1,514.93,94.02
ZA-00033741,1,SKU51055,ZAV00430,2,333.64,141.4
ZA-00033741,2,SKU85640,ZAV00781,1,181.62,177.6
ZA-00033741,3,SKU48359,ZAV00428,1,756.29,171.21
ZA-00033742,1,SKU84240,ZAV00170,1,213.06,129.78
ZA-00033742,2,SKU18055,ZAV00031,1,494.13,55.3
ZA-00033743,1,SKU98777,ZAV00635,1,79.85,108.09
ZA-00033743,2,SKU63869,ZAV00583,1,347.84,168.43
ZA-00033744,1,SKU65415,ZAV00737,1,780.52,66.13
ZA-00033745,1,SKU25726,ZAV00412,1,215.55,159.11
ZA-00033746,1,SKU40484,ZAV00786,1,230.9,102.91
ZA-00033746,2,SKU72087,ZAV00059,1,312.29,71.65
ZA-00033747,1,SKU88958,ZAV00094,2,264.32,126.89
ZA-00033748,1,SKU23265,ZAV00205,1,518.65,112.58
ZA-00033749,1,SKU17298,ZAV00635,1,449.86,73.98
ZA-00033750,1,SKU56624,ZAV00050,1,948.25,128.5
ZA-00033751,1,SKU71936,ZAV00396,1,309.29,137.57
ZA-00033752,1,SKU33478,ZAV00238,2,899.92,95.95
ZA-00033753,1,SKU83046,ZAV00720,1,1371.53,106.39
ZA-00033753,2,SKU58212,ZAV00240,1,2136.98,70.12
ZA-00033754,1,SKU79802,ZAV00160,2,385.35,109.0
ZA-00033755,1,SKU99594,ZAV00315,1,605.83,64.86
ZA-00033756,1,SKU30863,ZAV00159,1,76.09,144.98
ZA-00033756,2,SKU32189,ZAV00746,1,789.22,63.23
ZA-00033757,1,SKU48368,ZAV00200,1,259.42,135.6
ZA-00033758,1,SKU99279,ZAV00471,1,571.91,72.11
ZA-00033758,2,SKU65852,ZAV00542,1,438.97,78.07
ZA-00033758,3,SKU62056,ZAV00498,1,612.05,58.75
ZA-00033759,1,SKU82950,ZAV00758,1,663.15,116.24
ZA-00033760,1,SKU23680,ZAV00642,1,206.59,87.34
ZA-00033761,1,SKU56388,ZAV00310,1,207.96,74.14
ZA-00033762,1,SKU52780,ZAV00495,2,361.61,174.79
ZA-00033762,2,SKU27807,ZAV00682,1,466.01,148.96
ZA-00033763,1,SKU43816,ZAV00531,1,881.35,136.58
ZA-00033764,1,SKU45224,ZAV00336,1,736.5,49.58
ZA-00033765,1,SKU43046,ZAV00079,1,470.41,92.5
ZA-00033766,1,SKU40808,ZAV00258,1,349.1,140.7
ZA-00033767,1,SKU72332,ZAV00147,3,379.95,122.66
ZA-00033768,1,SKU50891,ZAV00186,1,295.4,80.77
ZA-00033769,1,SKU97542,ZAV00088,1,400.87,117.19
ZA-00033769,2,SKU55065,ZAV00165,1,371.72,65.67
ZA-00033770,1,SKU99900,ZAV00204,1,178.34,56.88
ZA-00033771,1,SKU55600,ZAV00434,1,117.53,103.45
ZA-00033771,2,SKU82129,ZAV00657,1,1619.99,161.26
ZA-00033772,1,SKU82077,ZAV00180,1,948.58,104.54
ZA-00033773,1,SKU99815,ZAV00436,2,97.4,112.21
ZA-00033774,1,SKU23240,ZAV00374,1,364.98,127.35
ZA-00033775,1,SKU52947,ZAV00420,1,238.78,148.41
ZA-00033776,1,SKU27472,ZAV00224,1,682.94,72.33
ZA-00033777,1,SKU50493,ZAV00412,1,1260.02,167.11
ZA-00033778,1,SKU59526,ZAV00677,1,330.93,58.12
ZA-00033779,1,SKU38205,ZAV00302,1,174.4,77.9
ZA-00033780,1,SKU65870,ZAV00246,1,430.46,114.77
ZA-00033781,1,SKU43203,ZAV00576,1,284.78,57.23
ZA-00033782,1,SKU79438,ZAV00523,1,40.79,65.79
ZA-00033783,1,SKU21203,ZAV00735,1,828.17,43.47
ZA-00033784,1,SKU32925,ZAV00441,1,219.64,122.65
ZA-00033784,2,SKU40782,ZAV00436,1,176.31,173.63
ZA-00033785,1,SKU80289,ZAV00103,1,1038.27,67.99
ZA-00033785,2,SKU10110,ZAV00626,1,143.52,165.87
ZA-00033786,1,SKU44534,ZAV00490,2,338.92,160.63
ZA-00033787,1,SKU42687,ZAV00061,1,1050.77,97.9
ZA-00033788,1,SKU57508,ZAV00425,1,459.03,173.3
ZA-00033789,1,SKU56582,ZAV00323,1,1612.96,163.76
ZA-00033789,2,SKU45010,ZAV00477,1,302.5,98.88
ZA-00033790,1,SKU59048,ZAV00122,1,468.56,92.09
ZA-00033791,1,SKU82863,ZAV00531,1,294.64,65.35
ZA-00033792,1,SKU82040,ZAV00234,1,689.35,44.77
ZA-00033793,1,SKU20311,ZAV00316,1,1981.02,100.51
ZA-00033794,1,SKU55277,ZAV00330,1,217.26,172.96
ZA-00033795,1,SKU40529,ZAV00593,1,1446.69,126.53
ZA-00033796,1,SKU17170,ZAV00070,3,339.95,109.35
ZA-00033797,1,SKU19166,ZAV00457,2,165.57,135.39
ZA-00033798,1,SKU39513,ZAV00791,1,301.67,88.9
ZA-00033799,1,SKU38658,ZAV00423,1,370.92,69.57
ZA-00033800,1,SKU29221,ZAV00002,1,728.98,52.76
ZA-00033801,1,SKU42019,ZAV00052,1,761.13,50.83
ZA-00033802,1,SKU10486,ZAV00013,1,2833.19,137.33
ZA-00033803,1,SKU80457,ZAV00364,1,344.29,64.23
ZA-00033804,1,SKU42247,ZAV00550,2,775.84,48.57
ZA-00033805,1,SKU83171,ZAV00294,1,497.68,144.3
ZA-00033806,1,SKU64950,ZAV00610,1,592.77,65.86
ZA-00033806,2,SKU38052,ZAV00315,2,779.0,126.84
ZA-00033807,1,SKU52401,ZAV00450,1,231.48,117.38
ZA-00033808,1,SKU86852,ZAV00505,1,232.15,155.89
ZA-00033808,2,SKU76799,ZAV00778,1,583.4,179.93
ZA-00033808,3,SKU72974,ZAV00766,1,214.88,163.06
ZA-00033809,1,SKU89844,ZAV00568,1,491.72,54.62
ZA-00033810,1,SKU35097,ZAV00192,1,383.98,65.12
ZA-00033810,2,SKU59304,ZAV00418,1,104.65,95.59
ZA-00033811,1,SKU23653,ZAV00133,1,499.28,40.52
ZA-00033812,1,SKU27168,ZAV00217,1,421.51,151.11
ZA-00033813,1,SKU60494,ZAV00429,1,533.06,149.65
ZA-00033814,1,SKU55633,ZAV00178,1,285.66,75.48
ZA-00033815,1,SKU89701,ZAV00618,1,306.41,116.77
ZA-00033816,1,SKU14691,ZAV00756,1,109.8,52.21
ZA-00033817,1,SKU81053,ZAV00059,2,488.62,142.84
ZA-00033818,1,SKU62470,ZAV00575,1,225.59,172.33
ZA-00033819,1,SKU72142,ZAV00069,2,259.67,101.81
ZA-00033820,1,SKU89720,ZAV00634,1,109.55,156.02
ZA-00033820,2,SKU92072,ZAV00168,1,879.22,97.1
ZA-00033821,1,SKU37658,ZAV00412,1,117.34,179.7
ZA-00033822,1,SKU72929,ZAV00299,1,39.46,174.42
ZA-00033822,2,SKU73573,ZAV00686,1,493.32,51.05
ZA-00033823,1,SKU79499,ZAV00521,1,682.84,163.74
ZA-00033824,1,SKU51943,ZAV00409,1,47.23,120.55
ZA-00033825,1,SKU17583,ZAV00203,1,238.87,74.48
ZA-00033826,1,SKU89721,ZAV00575,1,1887.61,102.56
ZA-00033827,1,SKU65314,ZAV00409,1,495.11,159.97
ZA-00033828,1,SKU55675,ZAV00308,1,186.57,145.21
ZA-00033828,2,SKU66186,ZAV00149,1,44.05,40.47
ZA-00033829,1,SKU99344,ZAV00315,1,888.3,60.69
ZA-00033829,2,SKU81559,ZAV00033,1,681.77,125.45
ZA-00033830,1,SKU30728,ZAV00175,1,2090.91,106.65
ZA-00033831,1,SKU90915,ZAV00037,1,176.0,86.54
ZA-00033832,1,SKU48633,ZAV00252,2,605.32,131.74
ZA-00033833,1,SKU94659,ZAV00288,1,313.35,80.82
ZA-00033833,2,SKU96139,ZAV00564,1,128.74,166.66
ZA-00033834,1,SKU30995,ZAV00686,1,297.56,112.39
ZA-00033835,1,SKU45039,ZAV00503,1,2201.13,168.45
ZA-00033836,1,SKU78919,ZAV00433,1,634.79,60.33
ZA-00033837,1,SKU90413,ZAV00106,2,514.74,155.66
ZA-00033837,2,SKU59303,ZAV00110,1,326.55,60.15
ZA-00033838,1,SKU10920,ZAV00459,1,502.07,39.73
ZA-00033838,2,SKU29299,ZAV00127,1,620.13,158.15
ZA-00033839,1,SKU14267,ZAV00453,1,1782.91,79.79
ZA-00033839,2,SKU22619,ZAV00369,1,925.75,59.71
ZA-00033840,1,SKU56952,ZAV00151,1,341.82,132.9
ZA-00033841,1,SKU59083,ZAV00021,1,1434.36,82.94
ZA-00033842,1,SKU49114,ZAV00585,1,196.14,89.87
ZA-00033843,1,SKU82608,ZAV00560,1,633.72,176.77
ZA-00033844,1,SKU39968,ZAV00139,1,512.59,82.73
ZA-00033844,2,SKU32269,ZAV00691,3,651.3,132.31
ZA-00033844,3,SKU43295,ZAV00630,1,631.7,93.28
ZA-00033845,1,SKU31326,ZAV00278,1,2737.42,51.58
ZA-00033846,1,SKU32106,ZAV00081,1,402.86,66.69
ZA-00033847,1,SKU56528,ZAV00711,1,981.84,124.2
ZA-00033848,1,SKU21287,ZAV00680,1,3725.21,174.2
ZA-00033849,1,SKU61246,ZAV00695,1,1946.68,110.72
ZA-00033850,1,SKU58145,ZAV00712,1,686.03,100.22
ZA-00033851,1,SKU47367,ZAV00388,1,541.12,142.43
ZA-00033851,2,SKU51889,ZAV00532,1,100.4,64.05
ZA-00033852,1,SKU10965,ZAV00786,1,549.75,106.26
ZA-00033852,2,SKU30922,ZAV00285,2,165.35,94.62
ZA-00033853,1,SKU30046,ZAV00771,1,508.39,43.88
ZA-00033854,1,SKU23336,ZAV00503,1,158.46,57.27
ZA-00033854,2,SKU57666,ZAV00714,1,596.57,100.15
ZA-00033855,1,SKU90596,ZAV00662,1,275.96,164.39
ZA-00033856,1,SKU57929,ZAV00111,3,2735.83,35.51
ZA-00033857,1,SKU67889,ZAV00536,1,167.51,116.41
ZA-00033858,1,SKU83918,ZAV00745,1,217.63,60.84
ZA-00033859,1,SKU83083,ZAV00288,1,152.08,165.97
ZA-00033859,2,SKU60243,ZAV00729,2,246.5,85.37
ZA-00033860,1,SKU22351,ZAV00515,1,146.36,43.81
ZA-00033860,2,SKU19677,ZAV00659,1,1077.49,127.05
ZA-00033861,1,SKU18970,ZAV00593,1,356.92,91.57
ZA-00033862,1,SKU94566,ZAV00264,1,287.5,160.75
ZA-00033863,1,SKU63857,ZAV00279,1,726.58,169.95
ZA-00033864,1,SKU23453,ZAV00164,1,133.1,86.52
ZA-00033864,2,SKU98727,ZAV00530,1,148.5,150.73
ZA-00033865,1,SKU61650,ZAV00386,1,382.97,120.71
ZA-00033865,2,SKU92869,ZAV00705,1,109.54,64.81
ZA-00033866,1,SKU45098,ZAV00290,1,675.43,109.27
ZA-00033867,1,SKU61724,ZAV00074,1,320.76,114.71
ZA-00033868,1,SKU93664,ZAV00757,1,747.76,161.78
ZA-00033869,1,SKU50577,ZAV00524,1,278.09,54.21
ZA-00033870,1,SKU24040,ZAV00448,1,785.91,146.04
ZA-00033871,1,SKU99185,ZAV00281,1,318.27,42.92
ZA-00033872,1,SKU92327,ZAV00604,1,91.82,47.96
ZA-00033873,1,SKU91101,ZAV00674,1,287.0,115.89
ZA-00033874,1,SKU53586,ZAV00290,1,168.81,93.73
ZA-00033875,1,SKU98954,ZAV00198,1,1006.24,156.68
ZA-00033875,2,SKU79619,ZAV00578,1,967.57,135.3
ZA-00033876,1,SKU42054,ZAV00120,3,511.57,60.57
ZA-00033877,1,SKU89095,ZAV00460,1,1041.11,150.09
ZA-00033878,1,SKU80781,ZAV00577,1,343.66,124.19
ZA-00033879,1,SKU43563,ZAV00564,2,595.49,160.17
ZA-00033880,1,SKU79725,ZAV00010,1,374.15,49.63
ZA-00033881,1,SKU29613,ZAV00299,1,734.36,131.17
ZA-00033882,1,SKU10477,ZAV00592,1,197.91,168.56
ZA-00033883,1,SKU68586,ZAV00668,1,289.84,131.16
ZA-00033884,1,SKU51015,ZAV00605,1,253.88,98.7
ZA-00033884,2,SKU65614,ZAV00229,1,113.83,166.27
ZA-00033885,1,SKU31343,ZAV00100,1,1015.82,94.81
ZA-00033886,1,SKU10998,ZAV00578,1,246.51,110.4
ZA-00033887,1,SKU63777,ZAV00355,1,1024.85,45.22
ZA-00033888,1,SKU17010,ZAV00588,1,196.59,107.3
ZA-00033889,1,SKU65027,ZAV00137,1,641.32,59.38
ZA-00033890,1,SKU71635,ZAV00692,1,190.26,72.18
ZA-00033891,1,SKU33325,ZAV00112,1,705.82,149.73
ZA-00033892,1,SKU60736,ZAV00435,1,637.11,68.3
ZA-00033893,1,SKU18435,ZAV00495,1,268.07,76.51
ZA-00033894,1,SKU79406,ZAV00578,1,2685.56,69.81
ZA-00033895,1,SKU83274,ZAV00678,1,271.66,124.69
ZA-00033895,2,SKU52999,ZAV00250,1,151.63,168.48
ZA-00033896,1,SKU60219,ZAV00685,1,444.7,77.75
ZA-00033897,1,SKU97453,ZAV00669,1,486.69,48.07
ZA-00033898,1,SKU87687,ZAV00540,1,503.44,176.04
ZA-00033898,2,SKU47551,ZAV00660,2,383.66,161.33
ZA-00033899,1,SKU17483,ZAV00705,1,528.91,141.54
ZA-00033900,1,SKU65115,ZAV00375,1,1270.35,127.52
ZA-00033901,1,SKU21177,ZAV00533,1,159.31,162.98
ZA-00033902,1,SKU81121,ZAV00349,1,381.64,52.44
ZA-00033902,2,SKU45243,ZAV00729,2,98.15,112.82
ZA-00033903,1,SKU21914,ZAV00440,2,537.37,128.44
ZA-00033904,1,SKU90844,ZAV00579,1,410.75,102.12
ZA-00033905,1,SKU74060,ZAV00219,1,337.58,160.77
ZA-00033906,1,SKU47311,ZAV00618,1,1472.79,49.06
ZA-00033907,1,SKU63181,ZAV00426,1,291.39,174.32
ZA-00033908,1,SKU20153,ZAV00492,1,347.47,58.77
ZA-00033909,1,SKU53532,ZAV00576,1,327.47,48.84
ZA-00033909,2,SKU69219,ZAV00683,1,67.21,88.63
ZA-00033910,1,SKU32401,ZAV00287,2,268.55,43.07
ZA-00033911,1,SKU77407,ZAV00579,1,172.34,159.01
ZA-00033912,1,SKU75782,ZAV00009,1,195.94,133.36
ZA-00033913,1,SKU63575,ZAV00728,1,791.33,125.78
ZA-00033914,1,SKU83912,ZAV00668,2,1891.61,87.22
ZA-00033915,1,SKU30709,ZAV00536,1,256.46,120.69
ZA-00033915,2,SKU38740,ZAV00616,1,569.38,44.03
ZA-00033916,1,SKU81119,ZAV00179,1,373.53,140.89
ZA-00033917,1,SKU18987,ZAV00086,1,1189.46,76.88
ZA-00033918,1,SKU82770,ZAV00718,1,225.63,164.19
ZA-00033919,1,SKU68613,ZAV00148,1,223.46,93.95
ZA-00033920,1,SKU28378,ZAV00064,1,162.46,62.1
ZA-00033921,1,SKU55606,ZAV00528,1,702.91,143.07
ZA-00033922,1,SKU49205,ZAV00646,1,68.94,161.12
ZA-00033923,1,SKU59857,ZAV00311,1,328.02,41.75
ZA-00033924,1,SKU12017,ZAV00338,1,357.87,49.56
ZA-00033924,2,SKU10176,ZAV00733,2,307.05,115.31
ZA-00033925,1,SKU89891,ZAV00238,1,234.01,145.04
ZA-00033925,2,SKU37447,ZAV00583,1,408.62,128.86
ZA-00033925,3,SKU21680,ZAV00591,1,82.12,110.4
ZA-00033926,1,SKU70951,ZAV00607,1,797.69,119.47
ZA-00033927,1,SKU60296,ZAV00660,1,875.46,55.21
ZA-00033928,1,SKU35149,ZAV00565,1,243.52,69.36
ZA-00033929,1,SKU92891,ZAV00790,1,379.14,166.0
ZA-00033930,1,SKU10821,ZAV00323,1,733.56,162.83
ZA-00033931,1,SKU96406,ZAV00017,1,626.05,86.62
ZA-00033932,1,SKU28439,ZAV00631,1,63.73,35.71
ZA-00033933,1,SKU48136,ZAV00062,1,762.22,42.59
ZA-00033934,1,SKU77835,ZAV00260,1,261.87,153.79
ZA-00033935,1,SKU96050,ZAV00637,1,57.72,36.54
ZA-00033936,1,SKU62461,ZAV00069,1,3716.56,64.6
ZA-00033937,1,SKU40264,ZAV00659,1,2599.91,126.25
ZA-00033938,1,SKU89708,ZAV00710,1,809.82,166.12
ZA-00033939,1,SKU58737,ZAV00714,1,228.69,91.24
ZA-00033940,1,SKU13861,ZAV00717,1,1210.76,66.97
ZA-00033941,1,SKU94141,ZAV00556,2,407.51,104.06
ZA-00033942,1,SKU42078,ZAV00612,1,557.35,160.73
ZA-00033943,1,SKU16180,ZAV00008,1,740.24,63.36
ZA-00033944,1,SKU41087,ZAV00702,1,426.06,119.16
ZA-00033945,1,SKU40647,ZAV00764,2,1587.78,106.09
ZA-00033946,1,SKU53689,ZAV00154,1,328.82,141.23
ZA-00033947,1,SKU83397,ZAV00322,1,1142.68,94.45
ZA-00033948,1,SKU34203,ZAV00565,1,669.05,58.27
ZA-00033949,1,SKU18615,ZAV00232,1,540.52,96.35
ZA-00033949,2,SKU14510,ZAV00180,1,1098.96,161.5
ZA-00033949,3,SKU24904,ZAV00629,1,2014.74,103.36
ZA-00033950,1,SKU14149,ZAV00239,1,262.94,114.86
ZA-00033951,1,SKU40027,ZAV00074,1,283.95,148.9
ZA-00033952,1,SKU18685,ZAV00736,1,561.52,43.77
ZA-00033953,1,SKU15870,ZAV00787,1,1438.46,84.14
ZA-00033953,2,SKU47092,ZAV00151,1,64.4,169.35
ZA-00033954,1,SKU93609,ZAV00263,1,414.25,150.28
ZA-00033955,1,SKU30208,ZAV00730,2,800.54,103.62
ZA-00033956,1,SKU94797,ZAV00102,2,246.03,159.62
ZA-00033957,1,SKU47166,ZAV00563,1,373.09,78.32
ZA-00033957,2,SKU52573,ZAV00569,2,306.15,66.92
ZA-00033957,3,SKU67941,ZAV00101,1,734.7,155.66
ZA-00033958,1,SKU57351,ZAV00575,1,1175.28,81.63
ZA-00033959,1,SKU78957,ZAV00442,2,171.27,144.15
ZA-00033960,1,SKU41101,ZAV00173,1,1415.93,149.09
ZA-00033961,1,SKU15086,ZAV00069,1,285.33,92.86
ZA-00033962,1,SKU36950,ZAV00010,1,234.4,46.59
ZA-00033963,1,SKU99071,ZAV00523,1,243.64,136.64
ZA-00033964,1,SKU62214,ZAV00284,1,330.3,140.39
ZA-00033965,1,SKU32585,ZAV00767,1,456.0,80.64
ZA-00033966,1,SKU25712,ZAV00488,1,2233.51,137.23
ZA-00033967,1,SKU62054,ZAV00038,1,603.36,166.41
ZA-00033968,1,SKU11868,ZAV00133,1,502.75,48.35
ZA-00033969,1,SKU19995,ZAV00667,1,151.24,39.87
ZA-00033969,2,SKU78901,ZAV00428,1,68.56,148.78
ZA-00033970,1,SKU86603,ZAV00061,1,221.57,42.94
ZA-00033971,1,SKU64223,ZAV00718,1,298.29,143.56
ZA-00033972,1,SKU66982,ZAV00241,1,352.25,140.63
ZA-00033972,2,SKU21221,ZAV00029,1,990.01,124.96
ZA-00033973,1,SKU33314,ZAV00329,1,368.06,100.34
ZA-00033974,1,SKU60316,ZAV00414,1,375.37,150.88
ZA-00033975,1,SKU68285,ZAV00518,1,748.72,58.03
ZA-00033976,1,SKU47192,ZAV00192,3,1239.3,163.58
ZA-00033977,1,SKU72305,ZAV00488,1,234.03,104.37
ZA-00033978,1,SKU28734,ZAV00739,1,334.35,113.35
ZA-00033979,1,SKU14084,ZAV00149,1,412.5,149.7
ZA-00033979,2,SKU83784,ZAV00095,1,455.75,48.37
ZA-00033980,1,SKU82219,ZAV00610,1,263.53,119.38
ZA-00033980,2,SKU53171,ZAV00309,1,236.45,90.43
ZA-00033981,1,SKU86589,ZAV00398,1,205.99,106.19
ZA-00033981,2,SKU17636,ZAV00379,3,1069.29,115.33
ZA-00033982,1,SKU61178,ZAV00440,1,522.7,128.18
ZA-00033983,1,SKU86621,ZAV00085,1,1632.74,176.56
ZA-00033983,2,SKU31007,ZAV00754,1,567.24,37.0
ZA-00033983,3,SKU20385,ZAV00464,3,192.65,163.84
ZA-00033984,1,SKU15605,ZAV00137,1,1016.24,139.23
ZA-00033984,2,SKU86264,ZAV00782,1,771.93,133.27
ZA-00033984,3,SKU71842,ZAV00339,1,279.19,117.78
ZA-00033985,1,SKU53311,ZAV00377,2,713.43,57.26
ZA-00033986,1,SKU44903,ZAV00395,1,142.58,76.22
ZA-00033986,2,SKU22264,ZAV00297,2,465.78,159.63
ZA-00033987,1,SKU86474,ZAV00182,1,813.62,70.12
ZA-00033987,2,SKU79182,ZAV00102,1,440.97,176.58
ZA-00033988,1,SKU39805,ZAV00108,1,241.27,50.66
ZA-00033989,1,SKU24484,ZAV00521,1,855.71,75.41
ZA-00033990,1,SKU48001,ZAV00016,1,255.06,75.2
ZA-00033990,2,SKU30229,ZAV00473,1,2543.35,172.8
ZA-00033991,1,SKU97815,ZAV00195,1,1716.03,139.73
ZA-00033991,2,SKU68332,ZAV00082,1,379.03,54.36
ZA-00033992,1,SKU94378,ZAV00160,1,183.8,118.05
ZA-00033993,1,SKU41711,ZAV00757,1,781.42,178.53
ZA-00033994,1,SKU96757,ZAV00575,2,77.76,122.81
ZA-00033994,2,SKU96024,ZAV00568,1,313.34,149.02
ZA-00033995,1,SKU96241,ZAV00575,1,224.18,69.65
ZA-00033996,1,SKU62384,ZAV00562,1,432.02,159.22
ZA-00033997,1,SKU38549,ZAV00357,1,185.11,131.23
ZA-00033998,1,SKU17445,ZAV00077,1,304.85,173.91
ZA-00033999,1,SKU86121,ZAV00609,1,413.83,42.9
ZA-00033999,2,SKU31959,ZAV00760,1,2979.91,114.51
ZA-00034000,1,SKU37346,ZAV00080,1,173.5,122.24
ZA-00034000,2,SKU11177,ZAV00744,1,579.31,155.79
ZA-00034001,1,SKU54264,ZAV00667,2,258.77,42.43
ZA-00034002,1,SKU63985,ZAV00449,1,140.04,101.73
ZA-00034002,2,SKU45466,ZAV00471,1,482.02,110.97
ZA-00034003,1,SKU64543,ZAV00268,1,341.78,74.13
ZA-00034004,1,SKU95660,ZAV00035,2,215.97,56.7
ZA-00034004,2,SKU41662,ZAV00364,1,442.52,166.16
ZA-00034005,1,SKU37656,ZAV00190,1,162.04,159.53
ZA-00034006,1,SKU65444,ZAV00177,1,754.97,144.34
ZA-00034007,1,SKU26480,ZAV00432,1,218.23,138.16
ZA-00034008,1,SKU18834,ZAV00454,1,110.97,102.29
ZA-00034008,2,SKU24704,ZAV00379,1,235.32,128.29
ZA-00034008,3,SKU29155,ZAV00709,1,612.04,64.28
ZA-00034009,1,SKU97159,ZAV00153,1,129.09,80.2
ZA-00034010,1,SKU83912,ZAV00645,1,119.79,113.38
ZA-00034011,1,SKU99558,ZAV00527,1,132.05,36.6
ZA-00034011,2,SKU81446,ZAV00480,1,231.42,63.04
ZA-00034012,1,SKU98415,ZAV00749,1,119.02,64.88
ZA-00034012,2,SKU82345,ZAV00218,1,765.29,53.7
ZA-00034013,1,SKU90216,ZAV00409,2,397.03,139.36
ZA-00034014,1,SKU69056,ZAV00221,1,383.89,84.77
ZA-00034015,1,SKU77274,ZAV00066,1,100.95,71.41
ZA-00034015,2,SKU31042,ZAV00715,1,387.98,146.95
ZA-00034016,1,SKU44451,ZAV00718,1,240.77,146.53
ZA-00034017,1,SKU51168,ZAV00257,1,439.29,42.44
ZA-00034017,2,SKU28088,ZAV00165,1,312.58,57.18
ZA-00034018,1,SKU61799,ZAV00539,2,728.24,164.06
ZA-00034018,2,SKU22032,ZAV00515,1,350.39,149.06
ZA-00034019,1,SKU83903,ZAV00324,2,292.27,53.13
ZA-00034019,2,SKU10109,ZAV00085,1,473.18,163.81
ZA-00034020,1,SKU15184,ZAV00634,3,111.64,40.04
ZA-00034021,1,SKU58480,ZAV00220,1,241.68,146.89
ZA-00034022,1,SKU23850,ZAV00269,1,428.45,151.86
ZA-00034023,1,SKU24832,ZAV00473,1,155.32,120.09
ZA-00034024,1,SKU71823,ZAV00415,1,159.35,65.66
ZA-00034024,2,SKU74647,ZAV00797,1,233.74,131.88
ZA-00034025,1,SKU74189,ZAV00687,2,298.18,107.36
ZA-00034026,1,SKU25306,ZAV00752,1,443.09,162.71
ZA-00034027,1,SKU62696,ZAV00475,1,194.29,49.37
ZA-00034028,1,SKU16956,ZAV00183,1,127.93,49.4
ZA-00034028,2,SKU24661,ZAV00620,1,536.05,42.77
ZA-00034028,3,SKU24950,ZAV00777,2,296.67,84.16
ZA-00034029,1,SKU16848,ZAV00005,1,177.67,95.5
ZA-00034030,1,SKU81174,ZAV00354,1,212.81,92.7
ZA-00034031,1,SKU29668,ZAV00413,1,267.37,146.8
ZA-00034032,1,SKU29789,ZAV00406,1,246.43,49.14
ZA-00034032,2,SKU13678,ZAV00013,1,970.82,71.02
ZA-00034033,1,SKU93141,ZAV00453,1,1428.01,141.7
ZA-00034034,1,SKU24084,ZAV00434,2,1585.91,57.98
ZA-00034034,2,SKU15450,ZAV00535,1,334.27,165.12
ZA-00034035,1,SKU45727,ZAV00442,1,358.0,44.73
ZA-00034036,1,SKU37898,ZAV00270,1,132.37,63.74
ZA-00034037,1,SKU79967,ZAV00632,1,282.54,158.44
ZA-00034038,1,SKU27617,ZAV00448,2,325.4,162.6
ZA-00034039,1,SKU93283,ZAV00456,1,660.1,38.89
ZA-00034039,2,SKU26629,ZAV00610,1,543.11,173.55
ZA-00034039,3,SKU63641,ZAV00610,1,167.68,134.24
ZA-00034040,1,SKU40005,ZAV00291,1,453.19,98.29
ZA-00034041,1,SKU86559,ZAV00331,1,510.43,116.19
ZA-00034042,1,SKU54032,ZAV00055,1,1217.73,154.72
ZA-00034043,1,SKU89851,ZAV00610,2,235.08,48.37
ZA-00034044,1,SKU10827,ZAV00318,1,413.68,159.6
ZA-00034044,2,SKU78800,ZAV00347,1,297.05,72.6
ZA-00034045,1,SKU11038,ZAV00492,1,62.23,91.38
ZA-00034046,1,SKU77718,ZAV00490,3,194.08,61.54
ZA-00034047,1,SKU65091,ZAV00047,1,646.73,61.58
ZA-00034047,2,SKU60220,ZAV00014,1,984.02,96.9
ZA-00034048,1,SKU47467,ZAV00164,2,146.15,37.06
ZA-00034049,1,SKU64951,ZAV00195,1,741.61,81.12
ZA-00034050,1,SKU68852,ZAV00312,1,105.26,104.28
ZA-00034051,1,SKU19420,ZAV00598,1,714.93,67.43
ZA-00034052,1,SKU96743,ZAV00161,1,228.62,147.86
ZA-00034052,2,SKU79533,ZAV00654,1,81.22,64.24
ZA-00034053,1,SKU18250,ZAV00207,1,142.14,98.66
ZA-00034054,1,SKU69053,ZAV00218,1,1637.39,169.83
ZA-00034055,1,SKU31788,ZAV00449,1,76.0,87.52
ZA-00034056,1,SKU44109,ZAV00491,1,133.0,161.52
ZA-00034057,1,SKU39725,ZAV00257,2,219.95,115.05
ZA-00034058,1,SKU73943,ZAV00759,1,308.82,70.73
ZA-00034059,1,SKU90682,ZAV00537,1,201.15,94.17
ZA-00034060,1,SKU42795,ZAV00693,3,241.37,178.17
ZA-00034061,1,SKU37935,ZAV00788,3,3145.92,92.01
ZA-00034061,2,SKU57576,ZAV00470,1,537.71,80.61
ZA-00034062,1,SKU78579,ZAV00419,1,2595.3,75.06
ZA-00034063,1,SKU41770,ZAV00399,1,212.74,72.37
ZA-00034064,1,SKU40182,ZAV00748,1,632.32,148.92
ZA-00034065,1,SKU82621,ZAV00432,2,3376.23,99.31
ZA-00034065,2,SKU96505,ZAV00726,1,977.41,118.56
ZA-00034065,3,SKU80742,ZAV00106,1,442.36,51.51
ZA-00034066,1,SKU37536,ZAV00453,1,53.35,53.65
ZA-00034067,1,SKU79587,ZAV00103,1,161.33,76.26
ZA-00034067,2,SKU58375,ZAV00094,3,622.72,115.56
ZA-00034068,1,SKU35660,ZAV00512,1,187.46,38.47
ZA-00034069,1,SKU15994,ZAV00664,1,201.36,76.73
ZA-00034070,1,SKU48004,ZAV00514,1,394.55,88.39
ZA-00034071,1,SKU51063,ZAV00790,1,545.6,69.53
ZA-00034071,2,SKU67500,ZAV00622,1,678.71,49.73
ZA-00034072,1,SKU39576,ZAV00686,1,804.59,178.04
ZA-00034072,2,SKU88556,ZAV00049,1,189.05,99.69
ZA-00034073,1,SKU50737,ZAV00415,1,568.9,77.16
ZA-00034074,1,SKU18641,ZAV00043,1,339.48,39.76
ZA-00034074,2,SKU36202,ZAV00642,1,391.67,120.38
ZA-00034075,1,SKU85379,ZAV00707,1,108.82,109.83
ZA-00034076,1,SKU14782,ZAV00319,1,385.97,93.44
ZA-00034076,2,SKU59925,ZAV00331,3,353.3,62.81
ZA-00034077,1,SKU30187,ZAV00768,1,281.27,146.89
ZA-00034078,1,SKU80462,ZAV00245,1,315.82,153.96
ZA-00034079,1,SKU22647,ZAV00694,1,361.87,63.05
ZA-00034080,1,SKU70016,ZAV00769,1,565.37,87.84
ZA-00034081,1,SKU65994,ZAV00216,2,860.58,41.51
ZA-00034082,1,SKU91390,ZAV00592,1,942.69,120.34
ZA-00034083,1,SKU49244,ZAV00694,1,309.02,149.98
ZA-00034083,2,SKU95195,ZAV00793,1,136.72,124.91
ZA-00034084,1,SKU83510,ZAV00208,1,521.26,44.83
ZA-00034085,1,SKU31389,ZAV00470,2,125.43,115.47
ZA-00034086,1,SKU59482,ZAV00743,1,640.49,100.05
ZA-00034087,1,SKU82396,ZAV00311,1,1707.05,166.32
ZA-00034088,1,SKU59610,ZAV00237,1,206.53,61.39
ZA-00034089,1,SKU26708,ZAV00221,1,933.03,116.54
ZA-00034090,1,SKU21227,ZAV00456,1,326.02,165.52
ZA-00034091,1,SKU21415,ZAV00738,1,518.41,177.69
ZA-00034092,1,SKU68184,ZAV00618,2,326.1,138.64
ZA-00034093,1,SKU89836,ZAV00640,1,146.61,117.79
ZA-00034094,1,SKU99680,ZAV00436,1,896.26,175.55
ZA-00034095,1,SKU35594,ZAV00185,1,158.76,40.73
ZA-00034096,1,SKU35638,ZAV00010,1,1010.61,167.99
ZA-00034097,1,SKU23135,ZAV00402,1,267.85,113.59
ZA-00034098,1,SKU33030,ZAV00514,1,318.71,36.93
ZA-00034099,1,SKU72179,ZAV00330,2,107.61,115.09
ZA-00034100,1,SKU77237,ZAV00011,1,2334.34,141.22
ZA-00034101,1,SKU12625,ZAV00333,1,234.54,88.83
ZA-00034101,2,SKU40805,ZAV00538,1,477.4,132.94
ZA-00034102,1,SKU97780,ZAV00398,1,500.43,100.99
ZA-00034102,2,SKU78739,ZAV00001,1,544.08,143.41
ZA-00034103,1,SKU48809,ZAV00246,2,218.96,66.87
ZA-00034104,1,SKU95306,ZAV00065,3,261.86,140.14
ZA-00034104,2,SKU84229,ZAV00600,1,870.17,134.61
ZA-00034105,1,SKU57434,ZAV00550,1,304.0,175.08
ZA-00034106,1,SKU88870,ZAV00035,1,486.88,106.9
ZA-00034106,2,SKU50753,ZAV00650,1,334.62,67.75
ZA-00034106,3,SKU67582,ZAV00727,1,713.21,55.98
ZA-00034107,1,SKU43059,ZAV00063,2,872.12,52.95
ZA-00034108,1,SKU99891,ZAV00673,1,892.34,92.12
ZA-00034109,1,SKU15407,ZAV00436,1,103.12,161.56
ZA-00034110,1,SKU43959,ZAV00273,1,5126.45,73.33
ZA-00034111,1,SKU65661,ZAV00511,1,1017.99,178.04
ZA-00034112,1,SKU97578,ZAV00670,1,329.31,116.96
ZA-00034113,1,SKU45669,ZAV00041,1,2269.66,105.76
ZA-00034114,1,SKU20105,ZAV00749,1,541.73,68.46
ZA-00034114,2,SKU63655,ZAV00508,1,1085.76,148.08
ZA-00034115,1,SKU99981,ZAV00070,3,345.77,168.63
ZA-00034116,1,SKU16139,ZAV00071,2,1341.85,71.06
ZA-00034117,1,SKU38197,ZAV00206,1,452.24,117.15
ZA-00034117,2,SKU60611,ZAV00164,3,1015.63,113.13
ZA-00034117,3,SKU30462,ZAV00624,2,625.82,178.57
ZA-00034118,1,SKU42422,ZAV00751,1,804.8,122.77
ZA-00034119,1,SKU54295,ZAV00468,1,148.96,80.56
ZA-00034120,1,SKU85651,ZAV00693,1,93.04,36.88
ZA-00034121,1,SKU27113,ZAV00515,1,662.51,157.71
ZA-00034122,1,SKU36033,ZAV00195,1,892.54,170.59
ZA-00034123,1,SKU51417,ZAV00085,1,441.57,55.83
ZA-00034124,1,SKU88900,ZAV00339,1,656.25,169.71
ZA-00034125,1,SKU41181,ZAV00780,1,1239.6,175.67
ZA-00034126,1,SKU80906,ZAV00619,1,433.95,93.49
ZA-00034126,2,SKU42685,ZAV00662,3,311.82,59.7
ZA-00034127,1,SKU51340,ZAV00096,1,847.76,135.27
ZA-00034128,1,SKU86185,ZAV00197,1,1631.48,171.84
ZA-00034129,1,SKU48727,ZAV00270,1,902.74,63.08
ZA-00034130,1,SKU20444,ZAV00546,1,183.37,174.21
ZA-00034131,1,SKU33712,ZAV00491,1,215.31,115.03
ZA-00034131,2,SKU23385,ZAV00693,1,300.1,167.54
ZA-00034132,1,SKU29371,ZAV00793,1,506.23,51.89
ZA-00034133,1,SKU92818,ZAV00071,1,645.59,147.17
ZA-00034134,1,SKU55383,ZAV00295,1,362.08,41.73
ZA-00034135,1,SKU20167,ZAV00677,1,179.13,96.47
ZA-00034135,2,SKU78506,ZAV00353,2,532.44,136.62
ZA-00034136,1,SKU36607,ZAV00776,1,384.82,144.38
ZA-00034137,1,SKU30137,ZAV00066,1,137.47,140.61
ZA-00034137,2,SKU77199,ZAV00452,1,598.18,148.74
ZA-00034138,1,SKU41871,ZAV00636,1,604.91,135.26
ZA-00034139,1,SKU86045,ZAV00626,1,549.49,134.45
ZA-00034140,1,SKU74577,ZAV00393,1,444.66,177.59
ZA-00034141,1,SKU29032,ZAV00610,2,429.23,65.8
ZA-00034142,1,SKU24269,ZAV00433,1,268.29,178.08
ZA-00034143,1,SKU46895,ZAV00463,1,145.5,94.33
ZA-00034144,1,SKU47097,ZAV00046,1,154.06,110.48
ZA-00034145,1,SKU63867,ZAV00476,1,3990.37,152.11
ZA-00034146,1,SKU49537,ZAV00462,1,186.77,84.94
ZA-00034146,2,SKU70186,ZAV00766,3,53.96,146.34
ZA-00034147,1,SKU56813,ZAV00152,1,264.04,171.63
ZA-00034148,1,SKU66056,ZAV00799,2,185.6,115.69
ZA-00034149,1,SKU30664,ZAV00722,2,144.47,157.52
ZA-00034150,1,SKU71198,ZAV00785,1,319.86,168.65
ZA-00034151,1,SKU48190,ZAV00446,1,2963.2,38.93
ZA-00034152,1,SKU56213,ZAV00793,2,771.06,40.19
ZA-00034153,1,SKU38624,ZAV00138,2,879.84,67.68
ZA-00034153,2,SKU29332,ZAV00460,1,713.41,156.79
ZA-00034154,1,SKU21250,ZAV00793,1,641.47,80.71
ZA-00034155,1,SKU50322,ZAV00748,1,194.84,48.86
ZA-00034156,1,SKU35948,ZAV00516,1,308.94,127.47
ZA-00034157,1,SKU62831,ZAV00180,1,1876.29,112.76
ZA-00034158,1,SKU18114,ZAV00716,2,709.65,151.24
ZA-00034159,1,SKU58920,ZAV00754,1,867.58,102.02
ZA-00034160,1,SKU59670,ZAV00324,1,1344.83,179.08
ZA-00034161,1,SKU35887,ZAV00693,1,154.44,109.31
ZA-00034162,1,SKU25467,ZAV00588,1,146.81,125.55
ZA-00034163,1,SKU61253,ZAV00791,1,305.58,89.98
ZA-00034164,1,SKU71213,ZAV00649,1,548.92,46.74
ZA-00034165,1,SKU11558,ZAV00134,1,1358.55,70.25
ZA-00034165,2,SKU53216,ZAV00062,1,303.12,78.14
ZA-00034165,3,SKU21504,ZAV00762,1,334.98,52.4
ZA-00034166,1,SKU66137,ZAV00466,1,366.71,129.12
ZA-00034167,1,SKU29408,ZAV00639,2,1483.69,149.14
ZA-00034168,1,SKU67139,ZAV00094,1,417.31,35.92
ZA-00034169,1,SKU51596,ZAV00472,1,134.9,128.9
ZA-00034170,1,SKU41021,ZAV00722,1,1642.93,105.37
ZA-00034171,1,SKU62543,ZAV00282,1,68.78,151.86
ZA-00034171,2,SKU10716,ZAV00480,1,1384.34,67.72
ZA-00034172,1,SKU19948,ZAV00596,1,2605.52,71.69
ZA-00034172,2,SKU77471,ZAV00276,1,608.99,180.0
ZA-00034173,1,SKU30182,ZAV00539,2,1851.55,157.91
ZA-00034174,1,SKU39392,ZAV00585,1,288.17,60.29
ZA-00034175,1,SKU94268,ZAV00468,1,655.47,91.18
ZA-00034176,1,SKU41641,ZAV00723,1,2246.19,51.16
ZA-00034177,1,SKU62079,ZAV00661,1,1450.56,147.92
ZA-00034178,1,SKU40117,ZAV00440,1,638.12,160.87
ZA-00034179,1,SKU32089,ZAV00630,3,257.75,98.1
ZA-00034179,2,SKU10328,ZAV00244,1,306.84,52.68
ZA-00034180,1,SKU52048,ZAV00525,1,88.87,102.67
ZA-00034180,2,SKU29777,ZAV00165,1,499.82,50.44
ZA-00034181,1,SKU29620,ZAV00129,1,130.14,73.8
ZA-00034182,1,SKU45113,ZAV00650,1,80.41,39.86
ZA-00034182,2,SKU89842,ZAV00641,1,5829.73,168.32
ZA-00034183,1,SKU11908,ZAV00732,1,588.3,104.26
ZA-00034183,2,SKU91251,ZAV00501,1,296.29,73.17
ZA-00034184,1,SKU33667,ZAV00414,1,447.95,106.04
ZA-00034184,2,SKU44240,ZAV00528,1,437.27,101.71
ZA-00034185,1,SKU28831,ZAV00316,2,673.14,105.76
ZA-00034186,1,SKU60488,ZAV00408,1,206.54,172.16
ZA-00034187,1,SKU15305,ZAV00151,1,286.72,89.71
ZA-00034187,2,SKU61869,ZAV00604,2,585.68,66.44
ZA-00034188,1,SKU93832,ZAV00042,1,2254.35,119.51
ZA-00034189,1,SKU51336,ZAV00141,1,789.81,177.98
ZA-00034190,1,SKU86754,ZAV00638,2,275.01,148.52
ZA-00034191,1,SKU66457,ZAV00100,1,350.49,88.46
ZA-00034191,2,SKU88717,ZAV00095,1,716.06,89.44
ZA-00034191,3,SKU52655,ZAV00458,1,183.34,164.23
ZA-00034192,1,SKU82465,ZAV00198,1,1078.4,132.02
ZA-00034192,2,SKU67555,ZAV00161,1,426.46,64.04
ZA-00034193,1,SKU85789,ZAV00176,1,866.8,120.26
ZA-00034194,1,SKU74609,ZAV00382,1,935.54,156.14
ZA-00034195,1,SKU82157,ZAV00462,1,118.78,159.43
ZA-00034196,1,SKU34851,ZAV00378,1,142.51,54.81
ZA-00034197,1,SKU30047,ZAV00040,1,1311.95,47.48
ZA-00034198,1,SKU77668,ZAV00521,1,298.9,166.03
ZA-00034198,2,SKU20095,ZAV00626,1,137.53,66.86
ZA-00034199,1,SKU91842,ZAV00152,2,582.38,50.75
ZA-00034199,2,SKU97491,ZAV00730,1,352.92,36.56
ZA-00034200,1,SKU68652,ZAV00681,1,197.4,172.51
ZA-00034201,1,SKU85946,ZAV00050,1,350.25,41.38
ZA-00034202,1,SKU43264,ZAV00648,1,253.71,160.04
ZA-00034203,1,SKU36604,ZAV00190,1,1517.0,109.51
ZA-00034204,1,SKU37121,ZAV00216,2,457.04,138.18
ZA-00034204,2,SKU70975,ZAV00093,1,802.32,36.57
ZA-00034204,3,SKU35508,ZAV00503,2,401.83,142.43
ZA-00034205,1,SKU43165,ZAV00278,1,173.11,56.27
ZA-00034206,1,SKU82889,ZAV00370,2,583.37,120.48
ZA-00034206,2,SKU26623,ZAV00473,2,244.29,165.21
ZA-00034207,1,SKU40372,ZAV00755,1,776.03,111.97
ZA-00034207,2,SKU96658,ZAV00576,1,1379.68,167.08
ZA-00034207,3,SKU61750,ZAV00103,1,1601.77,53.84
ZA-00034208,1,SKU49269,ZAV00129,1,288.99,138.63
ZA-00034209,1,SKU46401,ZAV00674,1,705.86,74.59
ZA-00034210,1,SKU86128,ZAV00406,1,554.5,147.45
ZA-00034211,1,SKU91903,ZAV00458,1,961.92,152.74
ZA-00034211,2,SKU46134,ZAV00611,1,297.72,51.55
ZA-00034212,1,SKU82044,ZAV00206,1,323.6,60.96
ZA-00034213,1,SKU86590,ZAV00583,1,120.68,169.78
ZA-00034214,1,SKU55208,ZAV00080,1,707.13,62.33
ZA-00034215,1,SKU83557,ZAV00377,2,2056.88,59.97
ZA-00034216,1,SKU10416,ZAV00222,1,2951.89,96.92
ZA-00034217,1,SKU14705,ZAV00378,1,193.88,45.74
ZA-00034218,1,SKU14339,ZAV00158,1,258.43,121.37
ZA-00034218,2,SKU28898,ZAV00711,1,2722.14,95.72
ZA-00034218,3,SKU69996,ZAV00163,1,2164.02,153.57
ZA-00034219,1,SKU50742,ZAV00630,2,446.85,116.74
ZA-00034220,1,SKU93519,ZAV00195,1,4662.87,74.17
ZA-00034220,2,SKU39279,ZAV00301,1,318.0,118.8
ZA-00034220,3,SKU61338,ZAV00755,1,728.15,78.09
ZA-00034221,1,SKU63119,ZAV00057,1,436.78,118.78
ZA-00034222,1,SKU38767,ZAV00433,1,149.07,83.73
ZA-00034223,1,SKU59418,ZAV00351,1,665.5,138.54
ZA-00034224,1,SKU66536,ZAV00791,1,1294.51,135.71
ZA-00034225,1,SKU70937,ZAV00575,1,308.57,69.92
ZA-00034226,1,SKU25196,ZAV00280,1,405.14,166.06
ZA-00034227,1,SKU43033,ZAV00180,1,727.78,71.36
ZA-00034228,1,SKU35386,ZAV00199,3,622.56,70.03
ZA-00034228,2,SKU45255,ZAV00316,1,225.13,123.94
ZA-00034229,1,SKU45527,ZAV00585,2,162.89,116.43
ZA-00034230,1,SKU29893,ZAV00238,1,102.09,80.72
ZA-00034231,1,SKU15486,ZAV00234,1,696.09,87.6
ZA-00034231,2,SKU54772,ZAV00537,1,268.75,61.09
ZA-00034231,3,SKU59865,ZAV00241,1,235.2,41.75
ZA-00034232,1,SKU17373,ZAV00492,1,281.16,148.44
ZA-00034232,2,SKU26799,ZAV00624,1,276.4,81.87
ZA-00034233,1,SKU77139,ZAV00517,2,681.2,127.82
ZA-00034234,1,SKU18854,ZAV00063,1,518.5,137.98
ZA-00034234,2,SKU18945,ZAV00595,1,1325.61,147.37
ZA-00034235,1,SKU19313,ZAV00404,1,984.15,175.76
ZA-00034236,1,SKU86382,ZAV00438,1,1071.84,115.96
ZA-00034236,2,SKU37253,ZAV00122,1,273.45,146.88
ZA-00034237,1,SKU11503,ZAV00016,3,1135.07,116.64
ZA-00034238,1,SKU43457,ZAV00471,1,665.74,158.4
ZA-00034239,1,SKU85030,ZAV00708,1,194.26,178.48
ZA-00034240,1,SKU45751,ZAV00037,2,704.77,177.67
ZA-00034241,1,SKU91689,ZAV00703,1,80.69,62.36
ZA-00034242,1,SKU61491,ZAV00396,3,1197.85,84.43
ZA-00034243,1,SKU96829,ZAV00647,1,329.46,178.38
ZA-00034244,1,SKU40603,ZAV00030,1,379.61,118.05
ZA-00034244,2,SKU51212,ZAV00762,2,230.51,139.11
ZA-00034245,1,SKU37066,ZAV00527,1,267.32,162.1
ZA-00034246,1,SKU62843,ZAV00385,1,372.44,42.03
ZA-00034247,1,SKU27018,ZAV00593,1,559.15,140.45
ZA-00034248,1,SKU93688,ZAV00175,1,1066.69,103.06
ZA-00034248,2,SKU66763,ZAV00732,2,1329.96,38.72
ZA-00034249,1,SKU17583,ZAV00339,1,607.0,41.5
ZA-00034249,2,SKU38504,ZAV00415,1,1007.07,39.45
ZA-00034250,1,SKU54824,ZAV00583,1,167.84,40.71
ZA-00034250,2,SKU79987,ZAV00461,1,678.78,107.12
ZA-00034250,3,SKU35454,ZAV00330,1,244.83,56.61
ZA-00034251,1,SKU76622,ZAV00121,1,211.22,44.83
ZA-00034252,1,SKU57836,ZAV00751,1,1219.92,117.93
ZA-00034253,1,SKU64315,ZAV00173,1,413.64,145.94
ZA-00034254,1,SKU74765,ZAV00502,1,4636.8,93.45
ZA-00034254,2,SKU31356,ZAV00781,1,703.13,96.92
ZA-00034255,1,SKU47670,ZAV00626,1,502.49,65.4
ZA-00034256,1,SKU73901,ZAV00393,1,154.08,179.29
ZA-00034257,1,SKU10772,ZAV00636,1,529.99,46.57
ZA-00034258,1,SKU30249,ZAV00640,1,64.59,104.44
ZA-00034259,1,SKU41526,ZAV00745,1,386.74,69.26
ZA-00034260,1,SKU98718,ZAV00445,1,363.71,157.84
ZA-00034260,2,SKU73148,ZAV00017,1,254.75,69.43
ZA-00034261,1,SKU98704,ZAV00485,1,1150.75,53.91
ZA-00034262,1,SKU72678,ZAV00461,1,6405.74,129.04
ZA-00034262,2,SKU22693,ZAV00777,1,85.82,142.09
ZA-00034263,1,SKU32361,ZAV00380,1,912.42,179.5
ZA-00034264,1,SKU23141,ZAV00048,2,552.09,55.12
ZA-00034265,1,SKU22212,ZAV00029,1,1119.99,97.1
ZA-00034265,2,SKU84875,ZAV00156,1,1509.76,95.89
ZA-00034266,1,SKU66937,ZAV00584,1,396.48,153.9
ZA-00034267,1,SKU30339,ZAV00533,1,2474.66,113.64
ZA-00034267,2,SKU92586,ZAV00543,1,464.97,42.15
ZA-00034267,3,SKU63296,ZAV00434,1,160.67,64.58
ZA-00034268,1,SKU77425,ZAV00508,1,518.34,74.2
ZA-00034269,1,SKU93320,ZAV00106,1,483.73,86.24
ZA-00034269,2,SKU61647,ZAV00177,1,228.08,46.52
ZA-00034270,1,SKU79695,ZAV00788,1,522.77,176.36
ZA-00034271,1,SKU65879,ZAV00467,1,834.26,159.23
ZA-00034272,1,SKU23372,ZAV00289,1,320.1,172.03
ZA-00034273,1,SKU46690,ZAV00283,1,215.15,125.42
ZA-00034273,2,SKU91955,ZAV00654,1,403.4,112.76
ZA-00034273,3,SKU48920,ZAV00741,1,227.75,39.02
ZA-00034274,1,SKU83827,ZAV00361,1,1161.45,177.91
ZA-00034275,1,SKU70387,ZAV00257,1,444.14,83.7
ZA-00034276,1,SKU84038,ZAV00241,1,271.52,177.72
ZA-00034277,1,SKU87039,ZAV00591,1,598.32,47.59
ZA-00034278,1,SKU40665,ZAV00711,2,339.87,35.74
ZA-00034279,1,SKU66312,ZAV00368,1,674.5,129.25
ZA-00034280,1,SKU57468,ZAV00540,1,259.45,177.94
ZA-00034281,1,SKU15054,ZAV00492,1,759.37,58.8
ZA-00034282,1,SKU67073,ZAV00118,1,523.58,122.26
ZA-00034283,1,SKU57846,ZAV00484,1,282.46,132.07
ZA-00034284,1,SKU12885,ZAV00384,1,934.84,153.12
ZA-00034285,1,SKU33858,ZAV00322,1,631.73,153.11
ZA-00034286,1,SKU33685,ZAV00523,1,553.94,113.25
ZA-00034287,1,SKU53842,ZAV00633,1,747.83,106.57
ZA-00034288,1,SKU24747,ZAV00132,1,220.31,126.96
ZA-00034288,2,SKU30673,ZAV00414,1,146.75,79.92
ZA-00034289,1,SKU46914,ZAV00637,1,967.1,47.6
ZA-00034290,1,SKU24184,ZAV00216,1,719.87,84.69
ZA-00034291,1,SKU14046,ZAV00227,1,108.3,154.1
ZA-00034292,1,SKU25535,ZAV00256,1,373.43,50.38
ZA-00034293,1,SKU93126,ZAV00786,1,467.71,165.48
ZA-00034294,1,SKU18029,ZAV00386,1,2520.25,116.74
ZA-00034294,2,SKU83753,ZAV00094,2,245.2,135.9
ZA-00034295,1,SKU67281,ZAV00226,1,1135.41,64.58
ZA-00034296,1,SKU76000,ZAV00551,1,644.96,133.96
ZA-00034297,1,SKU92354,ZAV00390,2,224.19,111.33
ZA-00034298,1,SKU56790,ZAV00295,3,299.09,127.98
ZA-00034299,1,SKU57201,ZAV00045,1,1344.56,112.52
ZA-00034299,2,SKU62167,ZAV00537,1,363.8,141.36
ZA-00034299,3,SKU57096,ZAV00333,1,99.53,79.73
ZA-00034300,1,SKU95628,ZAV00709,1,565.89,121.4
ZA-00034301,1,SKU47152,ZAV00612,1,1155.1,63.38
ZA-00034301,2,SKU87750,ZAV00226,1,629.6,167.02
ZA-00034302,1,SKU32586,ZAV00060,1,269.97,95.07
ZA-00034303,1,SKU59923,ZAV00459,1,1111.44,111.15
ZA-00034304,1,SKU18754,ZAV00298,1,1174.11,138.15
ZA-00034305,1,SKU37877,ZAV00710,1,2752.63,112.42
ZA-00034306,1,SKU23002,ZAV00209,1,214.42,156.63
ZA-00034307,1,SKU40772,ZAV00117,1,347.46,93.35
ZA-00034308,1,SKU80995,ZAV00032,1,101.06,50.07
ZA-00034308,2,SKU66830,ZAV00040,1,347.27,74.01
ZA-00034309,1,SKU88363,ZAV00240,1,184.3,165.15
ZA-00034309,2,SKU99713,ZAV00416,2,167.77,169.15
ZA-00034310,1,SKU50607,ZAV00668,1,789.73,160.11
ZA-00034311,1,SKU54946,ZAV00701,1,461.51,114.42
ZA-00034311,2,SKU30104,ZAV00101,1,652.0,73.72
ZA-00034311,3,SKU14785,ZAV00111,1,715.68,121.61
ZA-00034312,1,SKU79938,ZAV00399,1,318.98,154.78
ZA-00034312,2,SKU28349,ZAV00590,1,260.54,169.76
ZA-00034313,1,SKU96814,ZAV00082,3,137.89,167.39
ZA-00034314,1,SKU13036,ZAV00504,1,1255.29,61.22
ZA-00034314,2,SKU83395,ZAV00130,1,1248.73,138.81
ZA-00034314,3,SKU74967,ZAV00311,2,190.2,137.17
ZA-00034315,1,SKU67202,ZAV00100,1,901.29,176.99
ZA-00034316,1,SKU35064,ZAV00097,1,2574.63,140.67
ZA-00034317,1,SKU65614,ZAV00639,1,388.53,44.26
ZA-00034318,1,SKU19278,ZAV00577,1,517.05,39.28
ZA-00034319,1,SKU76959,ZAV00725,1,2232.46,104.87
ZA-00034320,1,SKU19411,ZAV00378,1,228.49,141.5
ZA-00034321,1,SKU76554,ZAV00120,1,88.18,65.99
ZA-00034321,2,SKU47710,ZAV00200,1,915.72,132.79
ZA-00034322,1,SKU99593,ZAV00533,1,201.22,67.5
ZA-00034323,1,SKU22568,ZAV00309,1,477.31,47.51
ZA-00034324,1,SKU27314,ZAV00468,1,689.84,105.24
ZA-00034325,1,SKU79620,ZAV00752,1,643.25,67.29
ZA-00034326,1,SKU17935,ZAV00010,1,407.47,113.39
ZA-00034326,2,SKU57474,ZAV00513,1,333.44,84.25
ZA-00034327,1,SKU86955,ZAV00028,1,185.28,125.52
ZA-00034327,2,SKU99476,ZAV00066,1,496.88,153.19
ZA-00034328,1,SKU56360,ZAV00431,1,307.9,40.01
ZA-00034329,1,SKU15812,ZAV00234,1,2644.26,176.87
ZA-00034329,2,SKU34108,ZAV00018,3,1334.0,51.46
ZA-00034329,3,SKU23998,ZAV00098,2,503.79,135.78
ZA-00034330,1,SKU77081,ZAV00718,1,1375.02,164.84
ZA-00034331,1,SKU62007,ZAV00192,1,491.73,46.85
ZA-00034332,1,SKU31770,ZAV00079,1,746.95,149.36
ZA-00034333,1,SKU65203,ZAV00495,1,2172.14,122.91
ZA-00034334,1,SKU41239,ZAV00029,2,129.49,162.97
ZA-00034334,2,SKU67835,ZAV00248,2,559.45,108.19
ZA-00034334,3,SKU87035,ZAV00735,1,492.03,104.53
ZA-00034335,1,SKU83120,ZAV00247,1,915.57,65.07
ZA-00034336,1,SKU37193,ZAV00543,1,229.82,127.37
ZA-00034337,1,SKU87475,ZAV00340,1,922.54,70.51
ZA-00034338,1,SKU96849,ZAV00204,1,446.35,145.21
ZA-00034338,2,SKU76301,ZAV00531,1,1286.69,53.85
ZA-00034338,3,SKU75656,ZAV00239,1,292.3,129.39
ZA-00034339,1,SKU97226,ZAV00145,1,569.92,104.64
ZA-00034340,1,SKU30373,ZAV00634,1,348.33,54.05
ZA-00034341,1,SKU99076,ZAV00410,2,1781.35,174.81
ZA-00034342,1,SKU93719,ZAV00551,1,67.45,169.84
ZA-00034343,1,SKU33776,ZAV00246,1,332.74,99.98
ZA-00034343,2,SKU87684,ZAV00427,1,129.61,124.36
ZA-00034344,1,SKU39608,ZAV00087,1,230.55,121.4
ZA-00034345,1,SKU97218,ZAV00355,1,73.19,132.52
ZA-00034346,1,SKU69018,ZAV00709,1,118.0,54.74
ZA-00034347,1,SKU29622,ZAV00556,1,640.22,149.4
ZA-00034348,1,SKU42913,ZAV00718,1,57.13,114.66
ZA-00034349,1,SKU32717,ZAV00484,1,441.89,139.75
ZA-00034350,1,SKU39847,ZAV00466,1,1499.0,112.41
ZA-00034351,1,SKU38655,ZAV00475,1,464.85,115.11
ZA-00034352,1,SKU13260,ZAV00569,1,1355.57,91.42
ZA-00034353,1,SKU91801,ZAV00555,1,532.24,151.88
ZA-00034354,1,SKU96753,ZAV00385,1,594.38,108.24
ZA-00034355,1,SKU76538,ZAV00127,1,1462.05,156.66
ZA-00034356,1,SKU45728,ZAV00774,1,514.41,87.85
ZA-00034356,2,SKU46448,ZAV00154,1,844.47,155.29
ZA-00034357,1,SKU64972,ZAV00380,1,1082.17,43.56
ZA-00034358,1,SKU12567,ZAV00304,1,1674.63,128.98
ZA-00034358,2,SKU58360,ZAV00592,1,516.31,42.68
ZA-00034358,3,SKU48981,ZAV00094,1,415.39,173.53
ZA-00034359,1,SKU60073,ZAV00258,1,295.19,95.04
ZA-00034360,1,SKU75316,ZAV00731,1,317.63,63.76
ZA-00034361,1,SKU24593,ZAV00459,1,1153.18,84.75
ZA-00034362,1,SKU51958,ZAV00614,1,3229.52,157.84
ZA-00034363,1,SKU82755,ZAV00512,1,138.98,75.15
ZA-00034364,1,SKU13973,ZAV00528,1,1139.23,122.33
ZA-00034365,1,SKU31878,ZAV00699,2,158.24,117.01
ZA-00034366,1,SKU94787,ZAV00576,1,257.36,87.79
ZA-00034367,1,SKU64121,ZAV00360,1,74.54,138.27
ZA-00034368,1,SKU89768,ZAV00678,1,134.93,170.05
ZA-00034369,1,SKU35984,ZAV00522,1,641.56,97.83
ZA-00034370,1,SKU84767,ZAV00629,1,322.65,114.07
ZA-00034371,1,SKU65890,ZAV00591,1,700.73,145.11
ZA-00034372,1,SKU53408,ZAV00369,1,1548.82,132.5
ZA-00034373,1,SKU46847,ZAV00369,1,690.17,95.71
ZA-00034373,2,SKU20795,ZAV00572,1,390.73,90.76
ZA-00034373,3,SKU66394,ZAV00145,2,546.07,165.08
ZA-00034374,1,SKU79980,ZAV00756,1,214.29,116.02
ZA-00034375,1,SKU10406,ZAV00192,1,622.49,40.75
ZA-00034376,1,SKU16388,ZAV00792,1,550.92,126.0
ZA-00034377,1,SKU72365,ZAV00271,1,145.69,94.7
ZA-00034378,1,SKU76673,ZAV00527,1,486.83,98.56
ZA-00034378,2,SKU68125,ZAV00079,1,535.93,114.92
ZA-00034379,1,SKU78601,ZAV00208,1,2153.66,125.7
ZA-00034379,2,SKU87038,ZAV00729,1,1058.61,126.46
ZA-00034380,1,SKU56558,ZAV00416,3,81.83,97.91
ZA-00034381,1,SKU87479,ZAV00310,1,116.61,50.05
ZA-00034382,1,SKU21209,ZAV00756,1,418.05,138.46
ZA-00034382,2,SKU65959,ZAV00369,1,208.95,175.79
ZA-00034383,1,SKU24537,ZAV00328,1,1096.82,122.06
ZA-00034384,1,SKU34946,ZAV00292,2,487.93,157.36
ZA-00034385,1,SKU58393,ZAV00361,1,293.74,153.76
ZA-00034386,1,SKU46311,ZAV00128,1,614.17,59.94
ZA-00034387,1,SKU61627,ZAV00326,1,393.89,36.75
ZA-00034388,1,SKU49997,ZAV00515,2,146.03,66.16
ZA-00034389,1,SKU43225,ZAV00373,2,487.65,147.92
ZA-00034390,1,SKU25963,ZAV00256,1,131.62,103.26
ZA-00034391,1,SKU27169,ZAV00229,1,1265.44,50.07
ZA-00034392,1,SKU14565,ZAV00145,1,640.34,86.08
ZA-00034392,2,SKU44157,ZAV00327,1,173.73,130.19
ZA-00034393,1,SKU47931,ZAV00292,1,434.16,111.41
ZA-00034394,1,SKU71754,ZAV00487,3,1371.04,94.89
ZA-00034395,1,SKU70450,ZAV00263,1,442.87,139.73
ZA-00034396,1,SKU27156,ZAV00168,1,1171.55,147.88
ZA-00034397,1,SKU59268,ZAV00717,1,680.23,90.09
ZA-00034397,2,SKU71363,ZAV00449,2,178.73,74.99
ZA-00034398,1,SKU14921,ZAV00660,1,392.39,73.0
ZA-00034398,2,SKU77490,ZAV00459,1,1015.68,71.03
ZA-00034399,1,SKU42939,ZAV00775,1,534.72,179.67
ZA-00034399,2,SKU98394,ZAV00161,2,198.99,74.46
ZA-00034400,1,SKU88786,ZAV00693,1,3142.72,58.27
ZA-00034401,1,SKU38990,ZAV00273,1,2139.39,55.84
ZA-00034402,1,SKU16646,ZAV00509,1,234.21,133.36
ZA-00034403,1,SKU20044,ZAV00582,1,1036.17,109.36
ZA-00034404,1,SKU35598,ZAV00117,2,1677.45,171.07
ZA-00034405,1,SKU74443,ZAV00578,2,800.23,87.81
ZA-00034406,1,SKU36664,ZAV00348,1,603.32,75.75
ZA-00034407,1,SKU13511,ZAV00168,2,1922.41,87.82
ZA-00034408,1,SKU35153,ZAV00568,1,303.3,139.58
ZA-00034409,1,SKU42504,ZAV00464,1,64.19,169.0
ZA-00034410,1,SKU19806,ZAV00408,1,762.22,66.61
ZA-00034411,1,SKU88368,ZAV00476,1,542.23,135.35
ZA-00034412,1,SKU56442,ZAV00076,2,91.77,161.22
ZA-00034413,1,SKU34167,ZAV00688,1,1121.88,79.4
ZA-00034414,1,SKU77880,ZAV00124,1,513.45,176.24
ZA-00034415,1,SKU19245,ZAV00607,1,173.55,177.36
ZA-00034416,1,SKU75203,ZAV00436,1,888.22,88.98
ZA-00034417,1,SKU59186,ZAV00559,1,290.74,41.81
ZA-00034418,1,SKU66453,ZAV00183,1,123.56,158.37
ZA-00034419,1,SKU56288,ZAV00479,1,143.63,119.93
ZA-00034420,1,SKU97179,ZAV00725,1,1043.34,179.91
ZA-00034420,2,SKU11093,ZAV00462,1,157.92,146.99
ZA-00034421,1,SKU78919,ZAV00255,1,109.99,95.36
ZA-00034422,1,SKU78867,ZAV00184,1,632.13,142.56
ZA-00034422,2,SKU45740,ZAV00383,1,571.32,107.62
ZA-00034423,1,SKU17580,ZAV00732,2,638.68,66.91
ZA-00034424,1,SKU33464,ZAV00002,1,317.34,49.0
ZA-00034424,2,SKU35109,ZAV00690,1,155.21,167.98
ZA-00034425,1,SKU88833,ZAV00471,2,3677.04,122.4
ZA-00034426,1,SKU78044,ZAV00322,1,1004.06,108.59
ZA-00034427,1,SKU33375,ZAV00555,1,310.67,164.76
ZA-00034428,1,SKU21605,ZAV00265,1,211.1,141.5
ZA-00034428,2,SKU68770,ZAV00058,1,1052.04,36.04
ZA-00034428,3,SKU65461,ZAV00028,1,2159.32,163.07
ZA-00034429,1,SKU65261,ZAV00159,1,113.95,47.27
ZA-00034430,1,SKU64296,ZAV00124,1,326.72,49.46
ZA-00034431,1,SKU97404,ZAV00079,1,780.92,74.0
ZA-00034432,1,SKU87980,ZAV00004,1,320.23,105.27
ZA-00034432,2,SKU97145,ZAV00773,1,292.43,56.48
ZA-00034433,1,SKU78775,ZAV00778,1,4497.72,133.78
ZA-00034434,1,SKU80691,ZAV00566,1,907.77,124.93
ZA-00034435,1,SKU94094,ZAV00430,3,2870.84,111.56
ZA-00034436,1,SKU82606,ZAV00463,1,304.73,134.64
ZA-00034436,2,SKU19654,ZAV00155,3,109.53,131.3
ZA-00034437,1,SKU73723,ZAV00676,1,269.99,141.3
ZA-00034438,1,SKU24334,ZAV00008,2,442.65,157.96
ZA-00034439,1,SKU77726,ZAV00038,1,977.53,65.89
ZA-00034440,1,SKU53899,ZAV00063,1,266.99,150.8
ZA-00034441,1,SKU86080,ZAV00041,1,273.16,124.62
ZA-00034442,1,SKU10880,ZAV00112,1,1081.31,120.57
ZA-00034443,1,SKU40997,ZAV00192,1,478.04,38.54
ZA-00034444,1,SKU69566,ZAV00577,2,312.86,118.25
ZA-00034445,1,SKU35666,ZAV00544,1,1474.82,124.26
ZA-00034446,1,SKU10458,ZAV00628,1,1798.23,145.25
ZA-00034447,1,SKU72787,ZAV00343,1,947.86,56.5
ZA-00034448,1,SKU55555,ZAV00556,1,298.83,51.28
ZA-00034449,1,SKU25784,ZAV00688,1,802.15,130.65
ZA-00034450,1,SKU44299,ZAV00341,1,493.86,146.54
ZA-00034451,1,SKU72549,ZAV00371,1,147.79,54.25
ZA-00034451,2,SKU22354,ZAV00737,1,568.59,65.72
ZA-00034452,1,SKU33539,ZAV00582,1,148.42,158.96
ZA-00034452,2,SKU87858,ZAV00439,1,392.93,112.44
ZA-00034453,1,SKU15543,ZAV00586,1,452.43,170.27
ZA-00034454,1,SKU93217,ZAV00741,1,145.5,63.29
ZA-00034455,1,SKU37207,ZAV00226,1,285.95,164.79
ZA-00034456,1,SKU45753,ZAV00419,1,309.02,60.4
ZA-00034457,1,SKU46785,ZAV00507,1,239.47,111.84
ZA-00034457,2,SKU25117,ZAV00441,1,876.94,75.92
ZA-00034458,1,SKU17369,ZAV00617,1,204.12,165.27
ZA-00034459,1,SKU31179,ZAV00276,1,687.85,152.53
ZA-00034460,1,SKU41993,ZAV00193,2,212.13,132.14
ZA-00034461,1,SKU62492,ZAV00563,1,136.93,55.94
ZA-00034462,1,SKU54246,ZAV00714,1,114.1,59.18
ZA-00034463,1,SKU26461,ZAV00204,1,403.07,118.24
ZA-00034464,1,SKU21441,ZAV00396,1,209.77,104.54
ZA-00034464,2,SKU83640,ZAV00305,2,1492.5,85.91
ZA-00034465,1,SKU27712,ZAV00444,2,341.08,132.8
ZA-00034466,1,SKU30070,ZAV00620,1,1879.89,161.48
ZA-00034467,1,SKU83111,ZAV00120,1,885.71,167.91
ZA-00034467,2,SKU60113,ZAV00476,1,74.68,81.77
ZA-00034468,1,SKU95034,ZAV00081,1,727.02,104.12
ZA-00034468,2,SKU83571,ZAV00153,1,289.3,100.96
ZA-00034469,1,SKU97070,ZAV00665,1,1094.9,49.78
ZA-00034470,1,SKU30205,ZAV00010,1,462.38,149.13
ZA-00034470,2,SKU56560,ZAV00468,1,695.84,127.82
ZA-00034471,1,SKU54752,ZAV00264,1,93.18,44.36
ZA-00034471,2,SKU37048,ZAV00016,1,358.72,61.54
ZA-00034471,3,SKU84258,ZAV00201,1,349.46,127.07
ZA-00034472,1,SKU42154,ZAV00489,1,756.36,39.45
ZA-00034473,1,SKU99968,ZAV00255,1,1697.51,66.31
ZA-00034474,1,SKU66619,ZAV00280,1,474.88,92.43
ZA-00034474,2,SKU49359,ZAV00555,1,313.83,54.04
ZA-00034475,1,SKU39314,ZAV00131,1,1055.51,73.31
ZA-00034476,1,SKU64886,ZAV00096,1,1049.61,179.74
ZA-00034477,1,SKU47642,ZAV00608,2,2218.49,98.69
ZA-00034478,1,SKU35449,ZAV00296,1,146.94,123.03
ZA-00034479,1,SKU72665,ZAV00096,1,1966.23,57.94
ZA-00034480,1,SKU93273,ZAV00031,1,983.4,56.9
ZA-00034481,1,SKU41763,ZAV00265,1,680.5,87.6
ZA-00034481,2,SKU62662,ZAV00218,1,706.21,58.03
ZA-00034481,3,SKU32485,ZAV00649,1,237.02,99.77
ZA-00034482,1,SKU18881,ZAV00364,1,451.64,168.41
ZA-00034483,1,SKU16421,ZAV00096,1,273.21,116.17
ZA-00034483,2,SKU10799,ZAV00203,1,598.15,146.28
ZA-00034483,3,SKU97514,ZAV00188,1,127.87,103.33
ZA-00034484,1,SKU82662,ZAV00047,1,355.48,149.2
ZA-00034485,1,SKU79724,ZAV00120,1,854.68,100.83
ZA-00034485,2,SKU41441,ZAV00189,1,655.1,68.81
ZA-00034486,1,SKU84673,ZAV00130,1,590.78,60.29
ZA-00034487,1,SKU45190,ZAV00160,2,1186.51,170.07
ZA-00034488,1,SKU71460,ZAV00315,1,249.07,168.62
ZA-00034489,1,SKU55909,ZAV00565,1,605.01,85.84
ZA-00034490,1,SKU26040,ZAV00789,1,893.0,161.61
ZA-00034490,2,SKU28955,ZAV00476,1,554.69,60.76
ZA-00034491,1,SKU14880,ZAV00184,1,1506.92,103.41
ZA-00034491,2,SKU24943,ZAV00630,2,2072.11,109.07
ZA-00034492,1,SKU67191,ZAV00454,1,380.68,141.65
ZA-00034493,1,SKU32460,ZAV00526,1,706.16,47.27
ZA-00034494,1,SKU27083,ZAV00720,1,298.75,77.52
ZA-00034495,1,SKU17071,ZAV00253,3,389.36,92.76
ZA-00034496,1,SKU25889,ZAV00123,1,343.73,69.04
ZA-00034496,2,SKU97940,ZAV00300,1,732.38,142.31
ZA-00034497,1,SKU56642,ZAV00738,1,1640.91,140.29
ZA-00034498,1,SKU34675,ZAV00074,1,623.62,161.38
ZA-00034499,1,SKU93298,ZAV00652,1,1520.08,43.61
ZA-00034500,1,SKU83833,ZAV00600,1,836.95,68.94
ZA-00034501,1,SKU92132,ZAV00298,1,409.81,100.5
ZA-00034502,1,SKU13015,ZAV00049,1,433.59,165.41
ZA-00034503,1,SKU71142,ZAV00345,1,959.64,156.75
ZA-00034504,1,SKU18806,ZAV00043,1,175.01,98.25
ZA-00034505,1,SKU49224,ZAV00170,1,673.41,153.69
ZA-00034506,1,SKU72985,ZAV00140,1,145.54,76.45
ZA-00034507,1,SKU38413,ZAV00446,1,857.72,177.38
ZA-00034508,1,SKU97382,ZAV00525,1,271.62,43.87
ZA-00034509,1,SKU93828,ZAV00467,1,279.15,91.42
ZA-00034510,1,SKU76597,ZAV00272,1,1128.82,50.83
ZA-00034510,2,SKU99050,ZAV00093,1,397.47,166.19
ZA-00034511,1,SKU84423,ZAV00672,1,1767.47,133.34
ZA-00034512,1,SKU82010,ZAV00245,1,487.76,117.6
ZA-00034513,1,SKU61203,ZAV00187,1,506.5,156.99
ZA-00034514,1,SKU82477,ZAV00393,1,1197.69,156.09
ZA-00034515,1,SKU60466,ZAV00371,1,262.88,36.71
ZA-00034516,1,SKU67802,ZAV00308,1,547.6,105.96
ZA-00034517,1,SKU46039,ZAV00299,1,166.77,148.47
ZA-00034518,1,SKU87696,ZAV00782,1,487.69,67.18
ZA-00034518,2,SKU40477,ZAV00426,1,1522.05,90.64
ZA-00034519,1,SKU45868,ZAV00390,2,107.0,64.38
ZA-00034519,2,SKU96484,ZAV00034,1,124.22,46.68
ZA-00034520,1,SKU92904,ZAV00643,3,967.62,48.05
ZA-00034521,1,SKU40979,ZAV00498,1,721.96,42.32
ZA-00034522,1,SKU46201,ZAV00415,1,457.62,124.16
ZA-00034522,2,SKU68734,ZAV00242,1,68.38,59.92
ZA-00034523,1,SKU49452,ZAV00501,1,367.4,67.08
ZA-00034524,1,SKU34410,ZAV00732,1,212.68,174.44
ZA-00034524,2,SKU58414,ZAV00704,1,405.72,148.1
ZA-00034524,3,SKU51009,ZAV00290,1,345.85,77.49
ZA-00034525,1,SKU37117,ZAV00308,1,739.6,97.32
ZA-00034526,1,SKU91845,ZAV00119,1,176.65,145.62
ZA-00034527,1,SKU71703,ZAV00717,1,1164.85,82.31
ZA-00034528,1,SKU71693,ZAV00207,1,152.86,152.55
ZA-00034529,1,SKU46669,ZAV00323,1,305.15,75.93
ZA-00034530,1,SKU29548,ZAV00126,1,302.46,118.86
ZA-00034530,2,SKU73070,ZAV00113,1,674.51,107.99
ZA-00034531,1,SKU52143,ZAV00319,1,1382.48,36.55
ZA-00034532,1,SKU96180,ZAV00430,1,258.87,76.45
ZA-00034533,1,SKU57075,ZAV00667,1,136.83,109.38
ZA-00034534,1,SKU51394,ZAV00463,1,503.34,119.81
ZA-00034534,2,SKU29370,ZAV00381,1,315.54,89.06
ZA-00034534,3,SKU59672,ZAV00301,1,695.36,176.04
ZA-00034535,1,SKU36885,ZAV00203,1,669.84,45.64
ZA-00034536,1,SKU77778,ZAV00102,1,1460.71,46.2
ZA-00034537,1,SKU82786,ZAV00456,1,715.95,161.57
ZA-00034538,1,SKU62820,ZAV00122,1,311.31,163.08
ZA-00034539,1,SKU68327,ZAV00394,1,987.05,37.72
ZA-00034540,1,SKU47732,ZAV00256,1,1211.2,140.12
ZA-00034540,2,SKU99940,ZAV00729,1,917.09,173.77
ZA-00034540,3,SKU36539,ZAV00417,1,235.86,111.1
ZA-00034541,1,SKU56940,ZAV00327,1,241.23,126.9
ZA-00034541,2,SKU78189,ZAV00757,1,188.14,55.72
ZA-00034541,3,SKU92697,ZAV00492,1,249.86,161.03
ZA-00034542,1,SKU21306,ZAV00429,1,301.25,126.2
ZA-00034543,1,SKU68155,ZAV00181,1,1206.37,73.97
ZA-00034543,2,SKU88083,ZAV00765,1,687.94,110.29
ZA-00034544,1,SKU45069,ZAV00102,1,309.56,115.98
ZA-00034545,1,SKU99575,ZAV00313,2,263.28,111.95
ZA-00034546,1,SKU49585,ZAV00591,1,1478.08,66.77
ZA-00034547,1,SKU26194,ZAV00772,1,368.65,63.52
ZA-00034547,2,SKU22918,ZAV00793,1,373.54,87.62
ZA-00034548,1,SKU82539,ZAV00036,3,166.12,167.69
ZA-00034549,1,SKU24933,ZAV00137,1,309.09,139.34
ZA-00034549,2,SKU16753,ZAV00116,1,1083.69,118.68
ZA-00034550,1,SKU97673,ZAV00763,2,605.83,41.98
ZA-00034551,1,SKU18162,ZAV00794,1,435.46,52.21
ZA-00034552,1,SKU95960,ZAV00080,1,881.36,83.99
ZA-00034553,1,SKU89291,ZAV00704,2,94.28,39.79
ZA-00034554,1,SKU65969,ZAV00526,1,622.69,45.69
ZA-00034554,2,SKU43308,ZAV00573,1,584.22,130.56
ZA-00034555,1,SKU58568,ZAV00141,1,550.21,60.93
ZA-00034555,2,SKU26505,ZAV00017,3,980.53,140.33
ZA-00034556,1,SKU18379,ZAV00693,1,672.82,37.9
ZA-00034557,1,SKU42072,ZAV00580,1,2436.83,104.18
ZA-00034557,2,SKU51055,ZAV00377,1,148.02,88.36
ZA-00034557,3,SKU44667,ZAV00642,1,609.65,160.83
ZA-00034558,1,SKU59256,ZAV00149,1,1698.49,170.93
ZA-00034559,1,SKU96796,ZAV00348,1,185.9,81.43
ZA-00034560,1,SKU68551,ZAV00196,1,315.11,176.26
ZA-00034560,2,SKU50439,ZAV00293,2,2484.6,93.12
ZA-00034561,1,SKU46052,ZAV00738,1,143.34,117.55
ZA-00034562,1,SKU62660,ZAV00192,1,167.27,130.15
ZA-00034562,2,SKU51060,ZAV00057,1,1001.72,169.44
ZA-00034563,1,SKU46767,ZAV00280,1,602.71,102.35
ZA-00034564,1,SKU16861,ZAV00579,1,357.22,112.35
ZA-00034564,2,SKU60265,ZAV00198,1,539.52,98.39
ZA-00034565,1,SKU88558,ZAV00660,1,607.64,137.98
ZA-00034566,1,SKU80499,ZAV00628,1,570.6,56.77
ZA-00034567,1,SKU70002,ZAV00657,1,839.19,176.96
ZA-00034568,1,SKU45421,ZAV00636,1,365.25,89.53
ZA-00034568,2,SKU33853,ZAV00424,1,340.99,167.96
ZA-00034569,1,SKU19302,ZAV00100,1,1537.71,87.59
ZA-00034570,1,SKU15083,ZAV00726,1,260.51,74.01
ZA-00034571,1,SKU89383,ZAV00523,1,1198.67,80.27
ZA-00034572,1,SKU71991,ZAV00700,1,320.73,177.94
ZA-00034573,1,SKU87565,ZAV00237,1,380.9,118.7
ZA-00034574,1,SKU19594,ZAV00767,2,186.05,38.64
ZA-00034575,1,SKU33134,ZAV00785,3,1324.57,165.66
ZA-00034575,2,SKU57618,ZAV00169,1,492.2,58.47
ZA-00034576,1,SKU57074,ZAV00477,1,968.58,142.91
ZA-00034577,1,SKU54225,ZAV00381,1,522.7,155.51
ZA-00034577,2,SKU77364,ZAV00332,2,248.81,171.11
ZA-00034578,1,SKU82167,ZAV00537,1,346.26,97.62
ZA-00034579,1,SKU57758,ZAV00300,1,1496.58,35.58
ZA-00034580,1,SKU28001,ZAV00144,2,1156.22,78.12
ZA-00034581,1,SKU21740,ZAV00264,1,1501.55,162.92
ZA-00034582,1,SKU82222,ZAV00379,1,285.32,70.5
ZA-00034583,1,SKU65977,ZAV00099,1,188.53,91.12
ZA-00034584,1,SKU94694,ZAV00086,1,3059.13,140.75
ZA-00034585,1,SKU96109,ZAV00763,2,3250.89,117.02
ZA-00034585,2,SKU69027,ZAV00027,1,522.81,136.05
ZA-00034586,1,SKU19701,ZAV00159,1,505.48,146.88
ZA-00034587,1,SKU52637,ZAV00029,1,522.77,168.26
ZA-00034587,2,SKU19750,ZAV00461,1,529.27,44.1
ZA-00034587,3,SKU71058,ZAV00612,1,129.08,145.33
ZA-00034588,1,SKU85365,ZAV00666,3,1303.13,121.66
ZA-00034589,1,SKU75750,ZAV00577,1,1199.58,111.77
ZA-00034590,1,SKU81092,ZAV00273,1,1295.32,77.88
ZA-00034590,2,SKU91475,ZAV00058,1,147.64,35.52
ZA-00034591,1,SKU47041,ZAV00018,1,755.85,81.52
ZA-00034592,1,SKU41587,ZAV00209,2,585.4,139.06
ZA-00034593,1,SKU91170,ZAV00464,2,273.92,37.52
ZA-00034594,1,SKU87181,ZAV00166,1,929.3,93.35
ZA-00034595,1,SKU94322,ZAV00467,1,371.29,148.32
ZA-00034595,2,SKU92037,ZAV00394,1,368.56,80.17
ZA-00034596,1,SKU46336,ZAV00057,1,2408.94,65.02
ZA-00034596,2,SKU88701,ZAV00702,1,108.2,81.35
ZA-00034596,3,SKU36168,ZAV00378,1,330.3,98.38
ZA-00034597,1,SKU68178,ZAV00205,1,571.08,160.8
ZA-00034598,1,SKU84939,ZAV00696,1,518.69,67.28
ZA-00034599,1,SKU67466,ZAV00404,1,262.53,176.63
ZA-00034600,1,SKU21235,ZAV00315,1,418.43,112.4
ZA-00034601,1,SKU11751,ZAV00356,1,205.19,152.37
ZA-00034601,2,SKU86176,ZAV00211,3,1583.22,74.67
ZA-00034602,1,SKU68395,ZAV00385,1,296.97,87.73
ZA-00034603,1,SKU54705,ZAV00293,3,1210.27,53.09
ZA-00034604,1,SKU98868,ZAV00548,1,363.99,77.67
ZA-00034604,2,SKU90458,ZAV00258,1,339.4,85.45
ZA-00034605,1,SKU35320,ZAV00335,1,509.6,110.79
ZA-00034606,1,SKU25189,ZAV00596,2,654.21,41.67
ZA-00034607,1,SKU38339,ZAV00344,1,141.89,108.26
ZA-00034608,1,SKU83395,ZAV00174,1,536.24,48.66
ZA-00034609,1,SKU77408,ZAV00341,1,904.23,44.2
ZA-00034610,1,SKU28209,ZAV00634,1,672.31,97.67
ZA-00034610,2,SKU47187,ZAV00579,1,312.29,58.74
ZA-00034611,1,SKU51334,ZAV00090,1,824.21,165.09
ZA-00034612,1,SKU35420,ZAV00616,1,217.11,163.49
ZA-00034613,1,SKU80124,ZAV00330,1,521.39,39.39
ZA-00034614,1,SKU51471,ZAV00344,1,250.51,158.35
ZA-00034614,2,SKU66594,ZAV00324,1,1343.8,146.0
ZA-00034615,1,SKU97501,ZAV00432,1,276.38,40.73
ZA-00034616,1,SKU43408,ZAV00361,1,649.99,107.44
ZA-00034617,1,SKU69564,ZAV00705,1,1707.7,106.01
ZA-00034618,1,SKU67815,ZAV00246,1,225.54,175.82
ZA-00034618,2,SKU98300,ZAV00282,1,767.12,132.8
ZA-00034619,1,SKU93752,ZAV00493,1,411.43,113.95
ZA-00034620,1,SKU34223,ZAV00101,1,273.53,94.0
ZA-00034620,2,SKU30984,ZAV00521,1,2600.34,107.33
ZA-00034621,1,SKU45450,ZAV00674,1,156.76,47.25
ZA-00034622,1,SKU32762,ZAV00762,1,212.59,175.76
ZA-00034623,1,SKU12926,ZAV00367,1,455.05,138.28
ZA-00034624,1,SKU15564,ZAV00513,1,453.79,83.99
ZA-00034625,1,SKU90767,ZAV00543,1,659.53,155.74
ZA-00034626,1,SKU29117,ZAV00669,1,275.12,42.53
ZA-00034627,1,SKU25908,ZAV00155,1,228.43,157.91
ZA-00034628,1,SKU68111,ZAV00661,1,134.25,133.84
ZA-00034629,1,SKU27319,ZAV00280,1,581.45,126.94
ZA-00034629,2,SKU32541,ZAV00415,1,1062.43,155.66
ZA-00034630,1,SKU80127,ZAV00215,1,366.14,61.52
ZA-00034631,1,SKU17120,ZAV00068,1,350.63,48.63
ZA-00034631,2,SKU90064,ZAV00672,1,310.32,70.14
ZA-00034632,1,SKU17970,ZAV00403,1,821.32,163.72
ZA-00034632,2,SKU69643,ZAV00246,1,774.24,50.55
ZA-00034633,1,SKU96567,ZAV00467,1,182.97,113.63
ZA-00034634,1,SKU29918,ZAV00650,1,366.06,154.57
ZA-00034634,2,SKU31902,ZAV00479,1,324.35,106.26
ZA-00034635,1,SKU89716,ZAV00153,1,559.55,37.83
ZA-00034636,1,SKU93753,ZAV00719,1,924.13,77.7
ZA-00034637,1,SKU38030,ZAV00183,1,617.55,117.94
ZA-00034638,1,SKU54264,ZAV00305,1,794.18,139.54
ZA-00034638,2,SKU10818,ZAV00131,1,255.92,72.94
ZA-00034639,1,SKU78204,ZAV00248,1,552.09,133.73
ZA-00034639,2,SKU76156,ZAV00050,1,118.41,148.74
ZA-00034640,1,SKU43544,ZAV00359,1,924.13,126.84
ZA-00034641,1,SKU19620,ZAV00467,1,1818.09,101.59
ZA-00034641,2,SKU85232,ZAV00101,3,558.06,148.82
ZA-00034641,3,SKU98711,ZAV00496,1,1411.08,148.68
ZA-00034642,1,SKU52042,ZAV00473,1,178.8,69.52
ZA-00034643,1,SKU61351,ZAV00184,1,475.9,87.68
ZA-00034643,2,SKU78459,ZAV00141,1,392.27,139.27
ZA-00034644,1,SKU15515,ZAV00376,1,472.33,67.56
ZA-00034645,1,SKU79231,ZAV00799,1,897.95,70.6
ZA-00034646,1,SKU67069,ZAV00567,1,495.7,112.4
ZA-00034646,2,SKU39118,ZAV00345,1,317.59,83.01
ZA-00034647,1,SKU32238,ZAV00721,3,117.22,75.05
ZA-00034648,1,SKU34248,ZAV00339,3,505.17,104.34
ZA-00034648,2,SKU73212,ZAV00075,1,322.82,104.92
ZA-00034648,3,SKU16030,ZAV00025,1,276.76,51.02
ZA-00034649,1,SKU42356,ZAV00338,1,154.07,166.83
ZA-00034650,1,SKU39874,ZAV00655,1,449.07,112.51
ZA-00034650,2,SKU32113,ZAV00650,1,160.32,123.74
ZA-00034651,1,SKU97167,ZAV00106,1,550.62,119.12
ZA-00034652,1,SKU70822,ZAV00771,1,132.81,168.76
ZA-00034653,1,SKU61431,ZAV00113,1,306.81,80.8
ZA-00034654,1,SKU17059,ZAV00621,1,628.88,128.87
ZA-00034655,1,SKU45381,ZAV00692,1,216.64,145.95
ZA-00034656,1,SKU92532,ZAV00768,1,961.56,72.45
ZA-00034656,2,SKU18036,ZAV00470,1,1571.44,112.41
ZA-00034657,1,SKU61920,ZAV00483,1,592.06,61.91
ZA-00034657,2,SKU80290,ZAV00685,1,838.75,97.62
ZA-00034658,1,SKU96765,ZAV00761,1,343.6,162.47
ZA-00034659,1,SKU35739,ZAV00607,1,976.85,124.19
ZA-00034660,1,SKU56088,ZAV00749,1,783.31,44.7
ZA-00034661,1,SKU43558,ZAV00205,1,379.72,84.7
ZA-00034661,2,SKU55812,ZAV00352,1,6029.73,147.45
ZA-00034662,1,SKU12437,ZAV00694,1,365.39,161.89
ZA-00034662,2,SKU83634,ZAV00213,1,83.64,109.92
ZA-00034663,1,SKU91521,ZAV00778,1,319.19,103.68
ZA-00034664,1,SKU61993,ZAV00131,1,530.97,88.4
ZA-00034664,2,SKU20331,ZAV00473,1,126.85,112.8
ZA-00034665,1,SKU48017,ZAV00269,1,146.38,129.69
ZA-00034666,1,SKU71232,ZAV00661,2,868.49,133.69
ZA-00034666,2,SKU74984,ZAV00674,1,96.0,57.27
ZA-00034666,3,SKU36995,ZAV00565,1,401.87,119.42
ZA-00034667,1,SKU70597,ZAV00140,1,2598.01,56.12
ZA-00034668,1,SKU78089,ZAV00386,1,452.05,174.89
ZA-00034668,2,SKU20445,ZAV00168,2,528.18,84.23
ZA-00034669,1,SKU45748,ZAV00603,1,1759.05,91.73
ZA-00034669,2,SKU42129,ZAV00289,1,411.09,169.89
ZA-00034670,1,SKU77892,ZAV00706,2,1291.86,159.93
ZA-00034671,1,SKU83228,ZAV00441,1,76.01,172.36
ZA-00034671,2,SKU23426,ZAV00688,3,223.79,132.83
ZA-00034672,1,SKU45247,ZAV00315,1,978.14,88.26
ZA-00034673,1,SKU43201,ZAV00527,1,420.52,126.21
ZA-00034673,2,SKU88354,ZAV00643,1,501.64,116.62
ZA-00034674,1,SKU43915,ZAV00308,2,267.78,51.69
ZA-00034675,1,SKU20210,ZAV00776,1,312.68,169.33
ZA-00034676,1,SKU92017,ZAV00529,1,1819.79,110.81
ZA-00034677,1,SKU88824,ZAV00719,1,67.12,143.1
ZA-00034678,1,SKU82823,ZAV00194,1,261.53,68.39
ZA-00034679,1,SKU15827,ZAV00643,1,1010.95,148.56
ZA-00034680,1,SKU46256,ZAV00722,1,92.89,42.03
ZA-00034680,2,SKU56734,ZAV00499,1,184.44,170.84
ZA-00034681,1,SKU14135,ZAV00547,1,553.55,158.87
ZA-00034681,2,SKU37904,ZAV00587,1,886.62,74.35
ZA-00034682,1,SKU30940,ZAV00693,1,307.97,158.98
ZA-00034683,1,SKU46741,ZAV00642,1,788.18,169.37
ZA-00034684,1,SKU28205,ZAV00590,1,1021.14,99.03
ZA-00034685,1,SKU98637,ZAV00723,1,1661.31,123.69
ZA-00034685,2,SKU19435,ZAV00087,3,311.1,79.62
ZA-00034686,1,SKU16989,ZAV00218,1,289.41,151.1
ZA-00034687,1,SKU57989,ZAV00681,1,2810.73,120.87
ZA-00034687,2,SKU81297,ZAV00186,1,860.41,173.2
ZA-00034688,1,SKU52772,ZAV00168,1,739.37,166.61
ZA-00034689,1,SKU49980,ZAV00196,1,471.25,165.45
ZA-00034690,1,SKU11227,ZAV00386,2,229.14,89.71
ZA-00034691,1,SKU63527,ZAV00115,2,1251.52,103.62
ZA-00034692,1,SKU84995,ZAV00172,1,220.79,126.71
ZA-00034693,1,SKU57073,ZAV00111,1,184.05,100.66
ZA-00034694,1,SKU37382,ZAV00745,1,259.22,154.48
ZA-00034695,1,SKU35341,ZAV00228,1,582.92,176.39
ZA-00034696,1,SKU62643,ZAV00631,1,246.53,85.24
ZA-00034697,1,SKU23656,ZAV00423,1,145.4,64.11
ZA-00034698,1,SKU47297,ZAV00695,1,669.62,55.32
ZA-00034699,1,SKU80849,ZAV00111,1,786.79,44.75
ZA-00034700,1,SKU60437,ZAV00154,1,328.51,47.25
ZA-00034701,1,SKU32201,ZAV00047,1,269.31,133.77
ZA-00034702,1,SKU72529,ZAV00343,1,1425.55,42.15
ZA-00034702,2,SKU42703,ZAV00019,1,2244.18,153.35
ZA-00034703,1,SKU35161,ZAV00026,1,265.19,56.65
ZA-00034704,1,SKU61567,ZAV00734,1,221.97,134.9
ZA-00034705,1,SKU74830,ZAV00655,1,389.04,151.35
ZA-00034705,2,SKU76275,ZAV00588,1,307.5,170.33
ZA-00034705,3,SKU29847,ZAV00538,1,418.05,158.1
ZA-00034706,1,SKU45399,ZAV00566,1,260.58,108.09
ZA-00034707,1,SKU52302,ZAV00214,3,588.18,39.35
ZA-00034707,2,SKU70404,ZAV00222,1,1098.59,142.6
ZA-00034707,3,SKU75034,ZAV00702,1,776.82,114.71
ZA-00034708,1,SKU39564,ZAV00668,1,635.87,103.96
ZA-00034709,1,SKU25513,ZAV00217,1,1155.54,169.29
ZA-00034710,1,SKU35997,ZAV00743,2,293.93,40.27
ZA-00034711,1,SKU20317,ZAV00665,1,395.03,102.87
ZA-00034711,2,SKU57771,ZAV00679,2,936.81,160.53
ZA-00034711,3,SKU65679,ZAV00622,1,398.67,176.8
ZA-00034712,1,SKU53405,ZAV00375,1,599.97,92.26
ZA-00034713,1,SKU21601,ZAV00118,3,2687.09,96.9
ZA-00034714,1,SKU43640,ZAV00274,2,2614.83,176.77
ZA-00034715,1,SKU99256,ZAV00692,1,526.17,153.63
ZA-00034715,2,SKU19422,ZAV00107,1,181.05,55.84
ZA-00034716,1,SKU55397,ZAV00573,1,620.86,119.51
ZA-00034717,1,SKU52679,ZAV00024,1,301.49,46.44
ZA-00034717,2,SKU54384,ZAV00763,1,436.86,53.78
ZA-00034718,1,SKU39930,ZAV00632,1,100.95,101.13
ZA-00034719,1,SKU74630,ZAV00789,1,546.65,129.62
ZA-00034720,1,SKU24303,ZAV00791,1,675.89,169.37
ZA-00034720,2,SKU23773,ZAV00667,1,69.16,130.82
ZA-00034721,1,SKU37978,ZAV00217,1,448.8,88.57
ZA-00034722,1,SKU48370,ZAV00142,1,174.49,51.64
ZA-00034723,1,SKU14679,ZAV00714,1,326.96,69.63
ZA-00034724,1,SKU33756,ZAV00273,1,83.66,154.14
ZA-00034725,1,SKU11847,ZAV00142,1,279.69,88.28
ZA-00034726,1,SKU42229,ZAV00650,2,1168.23,127.64
ZA-00034727,1,SKU62834,ZAV00662,1,1809.56,109.39
ZA-00034727,2,SKU88617,ZAV00051,1,273.11,123.23
ZA-00034727,3,SKU77488,ZAV00246,1,1016.37,56.02
ZA-00034728,1,SKU11663,ZAV00457,1,107.55,165.88
ZA-00034729,1,SKU97763,ZAV00463,1,875.89,154.97
ZA-00034730,1,SKU62934,ZAV00718,1,1249.17,108.86
ZA-00034731,1,SKU30182,ZAV00475,1,82.24,121.89
ZA-00034732,1,SKU68019,ZAV00172,1,1770.16,96.1
ZA-00034732,2,SKU68440,ZAV00455,1,149.64,114.93
ZA-00034733,1,SKU82789,ZAV00278,1,1342.19,70.97
ZA-00034733,2,SKU12215,ZAV00160,1,509.46,54.64
ZA-00034734,1,SKU10981,ZAV00645,1,858.61,126.85
ZA-00034735,1,SKU83082,ZAV00004,1,299.47,46.99
ZA-00034736,1,SKU50458,ZAV00254,1,731.87,35.05
ZA-00034737,1,SKU20852,ZAV00113,1,170.87,124.45
ZA-00034738,1,SKU20551,ZAV00729,1,210.42,143.84
ZA-00034739,1,SKU12644,ZAV00772,1,204.51,50.54
ZA-00034739,2,SKU33398,ZAV00232,1,683.55,55.3
ZA-00034739,3,SKU34676,ZAV00753,1,312.89,142.16
ZA-00034740,1,SKU92224,ZAV00314,1,736.87,145.0
ZA-00034741,1,SKU51914,ZAV00724,1,468.74,175.32
ZA-00034742,1,SKU16225,ZAV00460,1,2349.2,36.72
ZA-00034743,1,SKU11798,ZAV00097,3,753.96,116.45
ZA-00034744,1,SKU46126,ZAV00767,1,1402.02,85.05
ZA-00034744,2,SKU99173,ZAV00792,1,1155.27,134.42
ZA-00034744,3,SKU90641,ZAV00765,1,483.32,108.03
ZA-00034745,1,SKU79993,ZAV00636,1,1397.38,77.94
ZA-00034746,1,SKU72265,ZAV00579,2,674.06,156.5
ZA-00034747,1,SKU97098,ZAV00781,1,257.56,177.72
ZA-00034748,1,SKU15791,ZAV00583,1,221.24,164.34
ZA-00034749,1,SKU73165,ZAV00275,1,553.34,39.26
ZA-00034750,1,SKU39390,ZAV00670,1,239.46,100.04
ZA-00034751,1,SKU57965,ZAV00285,1,554.31,142.27
ZA-00034752,1,SKU93229,ZAV00608,1,872.46,74.02
ZA-00034753,1,SKU53099,ZAV00147,1,214.09,159.31
ZA-00034754,1,SKU78505,ZAV00024,1,435.3,115.7
ZA-00034755,1,SKU41068,ZAV00470,2,1578.82,42.45
ZA-00034756,1,SKU52020,ZAV00452,1,1081.42,37.67
ZA-00034757,1,SKU46594,ZAV00695,1,346.98,109.43
ZA-00034758,1,SKU74590,ZAV00159,1,209.63,94.01
ZA-00034759,1,SKU58530,ZAV00594,1,699.36,38.34
ZA-00034760,1,SKU66894,ZAV00070,1,591.67,106.73
ZA-00034761,1,SKU28081,ZAV00177,1,554.33,92.41
ZA-00034762,1,SKU57171,ZAV00177,1,2293.79,50.14
ZA-00034763,1,SKU26536,ZAV00054,1,160.72,55.67
ZA-00034764,1,SKU64420,ZAV00537,1,472.28,93.94
ZA-00034764,2,SKU26016,ZAV00044,1,264.98,103.72
ZA-00034765,1,SKU27336,ZAV00296,1,238.21,96.16
ZA-00034766,1,SKU28798,ZAV00663,1,2866.15,151.41
ZA-00034767,1,SKU26693,ZAV00360,1,523.29,82.63
ZA-00034768,1,SKU89250,ZAV00191,1,1087.23,75.82
ZA-00034769,1,SKU30328,ZAV00047,1,5170.09,85.44
ZA-00034770,1,SKU26825,ZAV00363,1,117.27,173.42
ZA-00034771,1,SKU70599,ZAV00551,1,703.62,72.0
ZA-00034772,1,SKU82443,ZAV00775,3,73.81,147.84
ZA-00034773,1,SKU40941,ZAV00582,1,449.05,174.99
ZA-00034774,1,SKU66449,ZAV00020,1,102.24,49.73
ZA-00034775,1,SKU31887,ZAV00402,1,572.81,177.16
ZA-00034776,1,SKU55441,ZAV00646,1,632.32,75.7
ZA-00034777,1,SKU55090,ZAV00205,1,657.39,167.92
ZA-00034778,1,SKU60483,ZAV00625,1,847.71,77.18
ZA-00034779,1,SKU34828,ZAV00245,1,565.75,41.62
ZA-00034780,1,SKU69117,ZAV00024,1,277.74,170.58
ZA-00034781,1,SKU10131,ZAV00191,1,313.0,132.79
ZA-00034782,1,SKU55778,ZAV00582,1,283.35,63.63
ZA-00034783,1,SKU22579,ZAV00382,1,1277.44,166.81
ZA-00034784,1,SKU32783,ZAV00371,1,1080.79,100.33
ZA-00034785,1,SKU47450,ZAV00692,1,555.4,99.93
ZA-00034786,1,SKU39424,ZAV00104,1,158.62,114.11
ZA-00034787,1,SKU85401,ZAV00305,1,890.7,90.51
ZA-00034788,1,SKU78544,ZAV00137,1,736.58,37.05
ZA-00034789,1,SKU66700,ZAV00025,1,718.27,105.43
ZA-00034790,1,SKU74957,ZAV00774,1,135.94,106.53
ZA-00034790,2,SKU41859,ZAV00773,2,145.66,94.47
ZA-00034791,1,SKU74957,ZAV00417,1,213.33,101.23
ZA-00034791,2,SKU14242,ZAV00562,1,1141.56,138.53
ZA-00034792,1,SKU36141,ZAV00102,1,406.13,122.24
ZA-00034793,1,SKU99249,ZAV00602,1,121.18,121.2
ZA-00034793,2,SKU20294,ZAV00217,1,66.5,57.65
ZA-00034794,1,SKU54309,ZAV00624,1,82.8,92.09
ZA-00034795,1,SKU78363,ZAV00032,1,229.43,135.73
ZA-00034796,1,SKU74115,ZAV00444,1,827.78,161.27
ZA-00034797,1,SKU33955,ZAV00520,1,1424.73,170.29
ZA-00034797,2,SKU75373,ZAV00073,1,446.01,64.3
ZA-00034798,1,SKU97834,ZAV00787,1,583.15,66.84
ZA-00034799,1,SKU82149,ZAV00598,1,1420.89,42.42
ZA-00034799,2,SKU55884,ZAV00193,1,1504.37,148.39
ZA-00034799,3,SKU62573,ZAV00763,1,235.73,165.66
ZA-00034800,1,SKU63412,ZAV00170,1,451.28,42.5
ZA-00034801,1,SKU66073,ZAV00087,1,216.55,57.44
ZA-00034802,1,SKU31793,ZAV00255,1,1321.56,149.86
ZA-00034803,1,SKU96449,ZAV00605,1,163.95,91.89
ZA-00034804,1,SKU72267,ZAV00449,2,715.13,174.41
ZA-00034804,2,SKU75584,ZAV00245,1,3699.03,143.65
ZA-00034805,1,SKU61016,ZAV00106,1,404.35,134.77
ZA-00034806,1,SKU59703,ZAV00301,1,100.67,50.84
ZA-00034807,1,SKU19265,ZAV00550,1,615.37,122.92
ZA-00034808,1,SKU81498,ZAV00451,1,1386.68,143.31
ZA-00034809,1,SKU42287,ZAV00408,2,145.26,128.88
ZA-00034810,1,SKU17325,ZAV00204,1,871.75,129.88
ZA-00034811,1,SKU57545,ZAV00245,1,378.77,48.98
ZA-00034812,1,SKU87976,ZAV00218,1,262.39,157.15
ZA-00034813,1,SKU40735,ZAV00478,1,261.86,141.6
ZA-00034813,2,SKU66934,ZAV00774,2,720.21,73.24
ZA-00034814,1,SKU80412,ZAV00512,1,329.08,45.92
ZA-00034814,2,SKU76699,ZAV00378,1,667.19,160.82
ZA-00034815,1,SKU92008,ZAV00721,1,78.22,82.62
ZA-00034816,1,SKU40939,ZAV00703,1,454.12,85.38
ZA-00034817,1,SKU52628,ZAV00309,1,1638.98,132.71
ZA-00034817,2,SKU44387,ZAV00538,1,569.12,51.73
ZA-00034818,1,SKU44881,ZAV00577,1,300.13,142.49
ZA-00034819,1,SKU40206,ZAV00707,2,526.67,123.55
ZA-00034819,2,SKU90289,ZAV00610,1,746.95,165.55
ZA-00034820,1,SKU41574,ZAV00441,1,209.8,138.65
ZA-00034821,1,SKU58826,ZAV00540,1,387.0,114.8
ZA-00034822,1,SKU11392,ZAV00751,2,881.73,138.3
ZA-00034823,1,SKU78920,ZAV00128,1,279.1,147.79
ZA-00034824,1,SKU13976,ZAV00778,1,1428.2,47.49
ZA-00034825,1,SKU79481,ZAV00067,1,1219.48,171.42
ZA-00034826,1,SKU30284,ZAV00112,1,500.3,134.21
ZA-00034827,1,SKU77069,ZAV00498,2,272.37,163.84
ZA-00034828,1,SKU26451,ZAV00041,1,468.68,162.19
ZA-00034829,1,SKU98711,ZAV00352,1,399.71,120.65
ZA-00034830,1,SKU83682,ZAV00060,1,145.72,82.74
ZA-00034831,1,SKU13923,ZAV00783,1,1986.88,104.26
ZA-00034832,1,SKU93603,ZAV00571,1,1964.85,67.55
ZA-00034832,2,SKU14177,ZAV00741,1,235.08,140.17
ZA-00034832,3,SKU79304,ZAV00222,1,605.73,122.8
ZA-00034833,1,SKU44054,ZAV00313,1,520.19,120.07
ZA-00034834,1,SKU85383,ZAV00663,1,299.66,72.23
ZA-00034835,1,SKU69320,ZAV00669,1,265.76,130.51
ZA-00034836,1,SKU65410,ZAV00194,1,1457.84,150.36
ZA-00034837,1,SKU13342,ZAV00532,1,178.6,59.53
ZA-00034838,1,SKU17812,ZAV00498,2,1273.58,63.63
ZA-00034839,1,SKU41702,ZAV00152,1,264.29,54.6
ZA-00034839,2,SKU61647,ZAV00127,2,145.36,67.49
ZA-00034840,1,SKU23966,ZAV00165,2,330.33,118.15
ZA-00034841,1,SKU84559,ZAV00158,1,126.4,131.41
ZA-00034842,1,SKU77324,ZAV00245,3,1233.65,95.17
ZA-00034843,1,SKU35230,ZAV00764,1,511.04,162.04
ZA-00034844,1,SKU23607,ZAV00155,1,1330.23,84.56
ZA-00034844,2,SKU58570,ZAV00018,2,1003.25,167.09
ZA-00034845,1,SKU20763,ZAV00564,1,376.95,52.78
ZA-00034846,1,SKU41832,ZAV00554,1,124.31,176.06
ZA-00034846,2,SKU72399,ZAV00795,1,694.49,58.12
ZA-00034847,1,SKU79821,ZAV00030,1,962.83,90.92
ZA-00034848,1,SKU81006,ZAV00645,1,162.21,129.29
ZA-00034849,1,SKU97405,ZAV00443,1,435.55,71.78
ZA-00034849,2,SKU48921,ZAV00402,1,953.69,78.78
ZA-00034850,1,SKU96547,ZAV00555,1,929.13,157.27
ZA-00034851,1,SKU35305,ZAV00442,2,1864.19,52.62
ZA-00034852,1,SKU77893,ZAV00003,3,489.46,90.32
ZA-00034853,1,SKU36459,ZAV00038,1,399.78,159.16
ZA-00034854,1,SKU25597,ZAV00787,1,327.5,65.86
ZA-00034855,1,SKU63016,ZAV00456,1,786.82,79.71
ZA-00034856,1,SKU75391,ZAV00667,1,291.05,144.68
ZA-00034857,1,SKU41783,ZAV00397,1,1731.57,84.92
ZA-00034857,2,SKU74104,ZAV00397,1,423.48,103.09
ZA-00034858,1,SKU22160,ZAV00055,1,180.46,123.28
ZA-00034858,2,SKU10794,ZAV00581,1,340.24,151.64
ZA-00034858,3,SKU93747,ZAV00374,2,155.8,59.83
ZA-00034859,1,SKU41115,ZAV00071,1,1486.44,118.08
ZA-00034860,1,SKU13552,ZAV00036,1,556.6,79.62
ZA-00034861,1,SKU95435,ZAV00338,1,735.09,74.01
ZA-00034862,1,SKU64078,ZAV00305,2,865.49,109.15
ZA-00034862,2,SKU17772,ZAV00704,1,1694.81,107.02
ZA-00034863,1,SKU13718,ZAV00631,1,150.12,55.1
ZA-00034863,2,SKU76268,ZAV00251,2,404.09,126.4
ZA-00034864,1,SKU72493,ZAV00434,1,464.51,132.8
ZA-00034865,1,SKU17131,ZAV00799,1,352.48,57.77
ZA-00034866,1,SKU88156,ZAV00261,2,516.42,115.3
ZA-00034867,1,SKU92095,ZAV00565,1,150.42,100.47
ZA-00034868,1,SKU97778,ZAV00169,1,1907.84,132.15
ZA-00034869,1,SKU79558,ZAV00623,1,377.75,140.7
ZA-00034870,1,SKU45326,ZAV00266,1,1054.36,140.04
ZA-00034871,1,SKU52336,ZAV00492,2,446.82,125.39
ZA-00034872,1,SKU43716,ZAV00696,1,427.77,157.6
ZA-00034873,1,SKU39586,ZAV00152,1,197.15,94.7
ZA-00034874,1,SKU63809,ZAV00379,2,925.71,61.29
ZA-00034875,1,SKU79137,ZAV00702,1,1059.61,157.42
ZA-00034876,1,SKU59720,ZAV00662,1,258.82,148.32
ZA-00034877,1,SKU54055,ZAV00344,1,383.38,112.37
ZA-00034878,1,SKU20786,ZAV00263,1,257.17,82.64
ZA-00034879,1,SKU79474,ZAV00271,1,3083.15,179.31
ZA-00034880,1,SKU70048,ZAV00501,1,160.29,57.99
ZA-00034881,1,SKU44805,ZAV00006,2,893.22,100.04
ZA-00034882,1,SKU14710,ZAV00628,1,466.21,141.01
ZA-00034883,1,SKU94183,ZAV00338,1,432.16,126.81
ZA-00034884,1,SKU60188,ZAV00241,1,481.08,160.89
ZA-00034885,1,SKU54673,ZAV00581,2,353.75,140.24
ZA-00034886,1,SKU49005,ZAV00101,3,185.28,106.67
ZA-00034887,1,SKU92016,ZAV00479,1,208.39,76.92
ZA-00034887,2,SKU87956,ZAV00218,1,77.61,159.08
ZA-00034888,1,SKU42505,ZAV00217,1,115.2,178.85
ZA-00034888,2,SKU10686,ZAV00666,1,330.9,127.16
ZA-00034889,1,SKU30568,ZAV00088,1,275.97,109.89
ZA-00034890,1,SKU60776,ZAV00497,1,223.27,125.93
ZA-00034891,1,SKU86022,ZAV00336,1,349.93,64.71
ZA-00034892,1,SKU64072,ZAV00098,2,424.59,124.57
ZA-00034892,2,SKU92911,ZAV00160,1,3424.12,56.13
ZA-00034893,1,SKU70342,ZAV00243,3,353.74,173.85
ZA-00034894,1,SKU95348,ZAV00490,1,226.15,148.74
ZA-00034895,1,SKU89966,ZAV00720,2,154.16,177.23
ZA-00034895,2,SKU53529,ZAV00584,1,370.66,36.98
ZA-00034896,1,SKU72158,ZAV00139,1,134.32,82.18
ZA-00034897,1,SKU60350,ZAV00441,1,1163.34,125.59
ZA-00034898,1,SKU30983,ZAV00179,1,107.81,45.12
ZA-00034898,2,SKU69105,ZAV00722,1,279.17,101.68
ZA-00034899,1,SKU93044,ZAV00245,1,561.67,145.91
ZA-00034900,1,SKU11637,ZAV00411,1,488.89,76.95
ZA-00034901,1,SKU92937,ZAV00778,2,2067.48,157.97
ZA-00034901,2,SKU56538,ZAV00234,2,193.99,80.34
ZA-00034902,1,SKU14558,ZAV00659,1,192.85,111.93
ZA-00034903,1,SKU38500,ZAV00105,2,427.78,169.4
ZA-00034904,1,SKU53399,ZAV00258,1,425.78,37.33
ZA-00034904,2,SKU89927,ZAV00798,2,314.43,98.71
ZA-00034905,1,SKU96712,ZAV00737,1,74.03,40.41
ZA-00034906,1,SKU41283,ZAV00049,1,277.1,40.92
ZA-00034907,1,SKU24249,ZAV00472,2,1973.48,175.75
ZA-00034908,1,SKU74692,ZAV00163,1,529.19,128.87
ZA-00034909,1,SKU85495,ZAV00057,1,2882.49,49.46
ZA-00034910,1,SKU28746,ZAV00267,1,1317.16,38.4
ZA-00034911,1,SKU91392,ZAV00430,1,921.72,53.07
ZA-00034912,1,SKU49542,ZAV00488,1,2010.59,166.27
ZA-00034913,1,SKU80642,ZAV00321,3,330.37,157.29
ZA-00034914,1,SKU58658,ZAV00503,1,100.87,108.7
ZA-00034915,1,SKU52407,ZAV00741,1,238.69,38.03
ZA-00034916,1,SKU41090,ZAV00157,1,575.45,176.95
ZA-00034917,1,SKU20462,ZAV00208,1,510.24,45.22
ZA-00034918,1,SKU65299,ZAV00660,1,546.93,103.95
ZA-00034918,2,SKU36168,ZAV00320,1,744.32,67.14
ZA-00034919,1,SKU66036,ZAV00019,1,829.99,112.6
ZA-00034919,2,SKU37491,ZAV00203,1,633.02,86.33
ZA-00034920,1,SKU96279,ZAV00693,1,1382.68,90.25
ZA-00034921,1,SKU49409,ZAV00324,1,940.29,100.24
ZA-00034922,1,SKU85230,ZAV00621,1,303.05,172.57
ZA-00034923,1,SKU79065,ZAV00689,2,685.45,127.58
ZA-00034924,1,SKU81015,ZAV00581,2,160.51,85.28
ZA-00034924,2,SKU47096,ZAV00219,2,1493.91,58.44
ZA-00034925,1,SKU66873,ZAV00031,1,424.14,125.67
ZA-00034926,1,SKU83110,ZAV00752,1,1268.44,93.31
ZA-00034927,1,SKU15079,ZAV00287,1,335.75,72.15
ZA-00034928,1,SKU31722,ZAV00634,2,197.68,145.02
ZA-00034929,1,SKU33859,ZAV00423,1,624.06,127.71
ZA-00034930,1,SKU33292,ZAV00276,1,566.51,136.13
ZA-00034931,1,SKU95775,ZAV00613,1,459.74,94.15
ZA-00034932,1,SKU51540,ZAV00148,1,687.84,69.7
ZA-00034933,1,SKU96838,ZAV00018,1,956.41,75.49
ZA-00034934,1,SKU56471,ZAV00355,2,1209.42,126.73
ZA-00034935,1,SKU89598,ZAV00555,1,277.61,76.17
ZA-00034936,1,SKU98171,ZAV00156,1,98.42,85.1
ZA-00034937,1,SKU47182,ZAV00498,1,491.07,156.13
ZA-00034938,1,SKU58639,ZAV00197,1,157.69,67.3
ZA-00034938,2,SKU45828,ZAV00401,1,205.58,103.92
ZA-00034939,1,SKU68792,ZAV00712,2,501.95,62.7
ZA-00034940,1,SKU25595,ZAV00620,3,3936.68,134.98
ZA-00034941,1,SKU45618,ZAV00247,1,1005.1,97.05
ZA-00034942,1,SKU64172,ZAV00591,1,224.97,45.45
ZA-00034943,1,SKU54615,ZAV00020,1,180.74,63.16
ZA-00034944,1,SKU92092,ZAV00189,1,953.4,151.56
ZA-00034944,2,SKU49085,ZAV00782,1,414.09,108.98
ZA-00034945,1,SKU64303,ZAV00205,1,776.2,77.69
ZA-00034945,2,SKU18391,ZAV00675,1,860.25,116.69
ZA-00034946,1,SKU86312,ZAV00712,1,143.81,104.45
ZA-00034947,1,SKU53778,ZAV00283,1,89.34,135.14
ZA-00034948,1,SKU62890,ZAV00434,1,417.36,80.05
ZA-00034949,1,SKU31597,ZAV00270,1,500.78,62.64
ZA-00034950,1,SKU98351,ZAV00636,1,661.41,70.28
ZA-00034951,1,SKU53171,ZAV00768,2,1027.35,65.69
ZA-00034952,1,SKU48723,ZAV00566,2,1336.29,106.72
ZA-00034953,1,SKU77756,ZAV00297,1,837.3,46.13
ZA-00034953,2,SKU83901,ZAV00166,1,771.49,125.83
ZA-00034953,3,SKU80454,ZAV00599,1,463.08,35.28
ZA-00034954,1,SKU61060,ZAV00121,1,418.89,36.84
ZA-00034954,2,SKU99804,ZAV00773,3,555.66,127.01
ZA-00034955,1,SKU79125,ZAV00760,1,368.12,117.43
ZA-00034956,1,SKU85209,ZAV00165,1,207.24,44.24
ZA-00034957,1,SKU25005,ZAV00180,1,193.26,157.39
ZA-00034958,1,SKU16531,ZAV00271,1,2342.07,101.2
ZA-00034959,1,SKU33283,ZAV00507,1,4279.81,68.22
ZA-00034959,2,SKU43913,ZAV00010,1,404.39,53.64
ZA-00034960,1,SKU38574,ZAV00283,1,599.4,144.07
ZA-00034961,1,SKU94825,ZAV00363,3,1164.01,68.61
ZA-00034962,1,SKU28481,ZAV00135,1,414.48,179.3
ZA-00034963,1,SKU53112,ZAV00283,2,290.95,123.49
ZA-00034964,1,SKU46826,ZAV00139,1,262.5,74.75
ZA-00034965,1,SKU74568,ZAV00250,1,316.16,54.77
ZA-00034966,1,SKU77095,ZAV00253,1,216.96,79.92
ZA-00034967,1,SKU63855,ZAV00601,1,1179.56,62.04
ZA-00034968,1,SKU92684,ZAV00763,1,1258.51,148.38
ZA-00034969,1,SKU45682,ZAV00590,1,545.28,78.28
ZA-00034970,1,SKU98647,ZAV00594,1,216.4,99.44
ZA-00034971,1,SKU69976,ZAV00528,1,2949.5,70.18
ZA-00034972,1,SKU99809,ZAV00240,1,194.64,125.15
ZA-00034973,1,SKU20738,ZAV00349,1,571.04,43.67
ZA-00034974,1,SKU15924,ZAV00116,1,134.99,151.82
ZA-00034975,1,SKU99821,ZAV00268,1,1495.47,100.65
ZA-00034976,1,SKU84767,ZAV00764,1,117.57,90.84
ZA-00034977,1,SKU11684,ZAV00281,1,275.09,119.27
ZA-00034977,2,SKU16031,ZAV00076,1,355.68,40.81
ZA-00034977,3,SKU78254,ZAV00392,2,90.57,58.62
ZA-00034978,1,SKU33966,ZAV00487,1,122.02,85.54
ZA-00034979,1,SKU76212,ZAV00574,1,165.17,116.91
ZA-00034980,1,SKU46388,ZAV00364,1,948.62,122.17
ZA-00034981,1,SKU79219,ZAV00564,1,842.56,168.65
ZA-00034982,1,SKU16554,ZAV00468,1,1222.12,134.77
ZA-00034983,1,SKU72925,ZAV00112,1,1038.76,119.96
ZA-00034984,1,SKU21881,ZAV00168,2,359.03,58.98
ZA-00034985,1,SKU49131,ZAV00287,1,391.33,158.3
ZA-00034986,1,SKU92499,ZAV00232,2,321.8,75.28
ZA-00034986,2,SKU47736,ZAV00059,1,777.29,48.07
ZA-00034987,1,SKU65444,ZAV00635,1,1056.45,123.77
ZA-00034988,1,SKU89118,ZAV00735,1,649.89,145.89
ZA-00034989,1,SKU46800,ZAV00242,1,392.96,155.14
ZA-00034989,2,SKU83764,ZAV00006,1,193.97,103.88
ZA-00034990,1,SKU35183,ZAV00185,2,369.98,131.82
ZA-00034991,1,SKU54950,ZAV00541,1,190.98,179.77
ZA-00034991,2,SKU95883,ZAV00627,2,366.44,54.68
ZA-00034992,1,SKU93592,ZAV00644,1,281.8,68.54
ZA-00034993,1,SKU32961,ZAV00519,1,847.06,66.94
ZA-00034994,1,SKU76501,ZAV00452,1,496.03,84.38
ZA-00034994,2,SKU30807,ZAV00231,1,832.1,113.62
ZA-00034994,3,SKU92240,ZAV00488,2,461.46,121.07
ZA-00034995,1,SKU68074,ZAV00005,1,142.67,171.76
ZA-00034996,1,SKU16391,ZAV00429,1,733.15,95.29
ZA-00034996,2,SKU71517,ZAV00246,1,162.09,51.41
ZA-00034997,1,SKU35600,ZAV00400,1,203.16,148.02
ZA-00034998,1,SKU54312,ZAV00238,1,1077.56,104.68
ZA-00034998,2,SKU40629,ZAV00130,1,76.35,83.07
ZA-00034999,1,SKU23577,ZAV00197,2,307.32,161.7
ZA-00034999,2,SKU23169,ZAV00779,2,214.83,92.86
ZA-00035000,1,SKU15751,ZAV00185,1,903.76,117.99
