ord_ref,line_no,sku,vendor_code,qty,unit_price_zar,delivery_fee_zar
ZA-00016752,1,SKU87461,ZAV00357,1,453.07,52.58
ZA-00016753,1,SKU60227,ZAV00332,1,127.1,54.19
ZA-00016754,1,SKU82733,ZAV00091,1,1057.21,161.09
ZA-00016755,1,SKU64603,ZAV00229,1,1143.64,174.78
ZA-00016756,1,SKU69820,ZAV00638,1,1277.84,142.18
ZA-00016757,1,SKU46236,ZAV00352,3,123.26,82.18
ZA-00016757,2,SKU34826,ZAV00335,1,172.63,174.19
ZA-00016758,1,SKU96195,ZAV00773,1,280.9,79.7
ZA-00016759,1,SKU41582,ZAV00375,1,540.53,174.37
ZA-00016760,1,SKU80810,ZAV00689,1,1968.75,66.37
ZA-00016761,1,SKU29553,ZAV00493,1,674.75,37.4
ZA-00016762,1,SKU95801,ZAV00458,2,158.72,151.56
ZA-00016763,1,SKU54255,ZAV00499,1,403.05,129.4
ZA-00016764,1,SKU45614,ZAV00545,1,1215.35,178.45
ZA-00016765,1,SKU45444,ZAV00104,1,440.89,178.61
ZA-00016766,1,SKU49199,ZAV00651,1,1415.21,134.33
ZA-00016767,1,SKU82421,ZAV00773,1,801.71,93.43
ZA-00016768,1,SKU34517,ZAV00170,1,236.75,131.58
ZA-00016769,1,SKU56282,ZAV00404,1,1437.84,66.56
ZA-00016770,1,SKU59580,ZAV00065,1,295.04,178.78
ZA-00016770,2,SKU76096,ZAV00476,1,537.12,151.36
ZA-00016771,1,SKU72394,ZAV00357,1,315.63,165.06
ZA-00016771,2,SKU47535,ZAV00390,1,701.75,124.75
ZA-00016772,1,SKU12224,ZAV00549,1,385.6,171.18
ZA-00016772,2,SKU85968,ZAV00461,1,945.17,140.72
ZA-00016772,3,SKU17882,ZAV00047,1,139.73,37.95
ZA-00016773,1,SKU19895,ZAV00389,1,402.14,64.75
ZA-00016774,1,SKU18800,ZAV00021,1,1283.07,100.27
ZA-00016775,1,SKU67060,ZAV00772,2,256.43,173.81
ZA-00016776,1,SKU84815,ZAV00584,1,423.92,167.83
ZA-00016777,1,SKU85328,ZAV00098,1,2164.28,176.47
ZA-00016778,1,SKU49687,ZAV00597,1,493.13,115.43
ZA-00016779,1,SKU52898,ZAV00639,1,346.88,61.74
ZA-00016779,2,SKU73295,ZAV00472,1,1477.5,88.4
ZA-00016780,1,SKU60346,ZAV00547,1,895.53,142.66
ZA-00016780,2,SKU81011,ZAV00642,1,741.16,51.57
ZA-00016780,3,SKU81361,ZAV00071,1,591.71,66.26
ZA-00016781,1,SKU79190,ZAV00232,1,1573.96,41.46
ZA-00016782,1,SKU85291,ZAV00631,2,587.3,133.48
ZA-00016782,2,SKU94607,ZAV00281,1,121.46,69.12
ZA-00016783,1,SKU44834,ZAV00378,1,1310.59,157.51
ZA-00016784,1,SKU94178,ZAV00710,1,509.04,174.99
ZA-00016784,2,SKU74746,ZAV00191,1,435.89,106.64
ZA-00016785,1,SKU98342,ZAV00266,1,231.99,65.53
ZA-00016786,1,SKU49836,ZAV00193,1,61.04,174.18
ZA-00016786,2,SKU75340,ZAV00391,2,921.05,107.73
ZA-00016787,1,SKU25157,ZAV00226,1,196.61,156.62
ZA-00016788,1,SKU49489,ZAV00032,1,1588.57,64.29
ZA-00016789,1,SKU69128,ZAV00064,1,84.59,179.72
ZA-00016790,1,SKU94946,ZAV00048,1,421.06,47.74
ZA-00016791,1,SKU54769,ZAV00600,1,888.61,54.85
ZA-00016792,1,SKU81986,ZAV00362,1,343.06,167.65
ZA-00016793,1,SKU62259,ZAV00135,1,175.98,77.09
ZA-00016794,1,SKU59357,ZAV00443,1,921.81,172.27
ZA-00016794,2,SKU41592,ZAV00163,1,287.45,88.02
ZA-00016795,1,SKU15631,ZAV00102,1,1285.17,162.02
ZA-00016795,2,SKU30249,ZAV00584,1,532.4,175.07
ZA-00016796,1,SKU61259,ZAV00502,1,865.92,113.23
ZA-00016797,1,SKU99510,ZAV00466,1,359.32,114.26
ZA-00016798,1,SKU71797,ZAV00619,2,964.6,131.64
ZA-00016798,2,SKU82765,ZAV00358,2,794.15,77.88
ZA-00016799,1,SKU27665,ZAV00764,1,531.75,119.65
ZA-00016800,1,SKU16405,ZAV00500,1,677.17,48.36
ZA-00016800,2,SKU73881,ZAV00247,1,466.75,35.87
ZA-00016801,1,SKU63460,ZAV00345,1,293.47,129.59
ZA-00016802,1,SKU76116,ZAV00202,1,646.29,62.34
ZA-00016803,1,SKU15426,ZAV00449,1,376.5,113.24
ZA-00016803,2,SKU15937,ZAV00493,1,437.32,98.86
ZA-00016804,1,SKU54360,ZAV00027,2,770.98,148.16
ZA-00016805,1,SKU92948,ZAV00611,1,117.46,72.89
ZA-00016806,1,SKU11763,ZAV00689,1,196.68,178.24
ZA-00016807,1,SKU77105,ZAV00411,1,722.64,141.08
ZA-00016808,1,SKU39593,ZAV00431,1,966.8,101.76
ZA-00016808,2,SKU85126,ZAV00358,1,1166.28,164.41
ZA-00016808,3,SKU77093,ZAV00690,1,346.54,176.36
ZA-00016809,1,SKU74588,ZAV00367,1,405.99,49.72
ZA-00016809,2,SKU45536,ZAV00572,1,266.95,135.35
ZA-00016810,1,SKU36899,ZAV00497,1,497.72,153.9
ZA-00016810,2,SKU91665,ZAV00280,1,2811.37,161.78
ZA-00016810,3,SKU13272,ZAV00223,1,2596.33,138.03
ZA-00016811,1,SKU22323,ZAV00442,1,246.86,148.59
ZA-00016812,1,SKU70034,ZAV00611,1,473.67,105.96
ZA-00016812,2,SKU56819,ZAV00250,1,855.37,49.89
ZA-00016813,1,SKU18702,ZAV00420,1,412.06,117.36
ZA-00016814,1,SKU80281,ZAV00019,1,289.66,149.92
ZA-00016815,1,SKU19999,ZAV00078,1,285.44,114.04
ZA-00016815,2,SKU67328,ZAV00678,1,367.41,155.92
ZA-00016815,3,SKU44725,ZAV00692,1,894.24,46.75
ZA-00016816,1,SKU17987,ZAV00415,1,1011.34,120.02
ZA-00016817,1,SKU81024,ZAV00735,2,640.05,113.2
ZA-00016818,1,SKU43298,ZAV00469,1,305.94,168.82
ZA-00016819,1,SKU29172,ZAV00785,1,1204.13,162.88
ZA-00016820,1,SKU80274,ZAV00032,1,116.74,136.54
ZA-00016820,2,SKU99708,ZAV00417,1,1529.19,170.37
ZA-00016821,1,SKU83678,ZAV00572,1,672.92,123.25
ZA-00016822,1,SKU83379,ZAV00568,1,5754.13,39.87
ZA-00016823,1,SKU47845,ZAV00037,1,337.21,123.68
ZA-00016824,1,SKU43325,ZAV00487,1,159.52,130.61
ZA-00016825,1,SKU58298,ZAV00475,1,1692.15,88.71
ZA-00016826,1,SKU39676,ZAV00485,1,262.03,48.82
ZA-00016827,1,SKU42699,ZAV00210,1,53.18,104.52
ZA-00016828,1,SKU32922,ZAV00011,1,714.94,67.99
ZA-00016828,2,SKU41218,ZAV00040,1,1671.17,66.71
ZA-00016829,1,SKU24869,ZAV00355,1,798.16,109.48
ZA-00016829,2,SKU19081,ZAV00672,1,409.98,71.51
ZA-00016830,1,SKU47251,ZAV00177,2,658.63,83.16
ZA-00016831,1,SKU12454,ZAV00581,1,379.36,127.86
ZA-00016832,1,SKU89119,ZAV00452,2,949.65,133.25
ZA-00016833,1,SKU37340,ZAV00153,1,148.38,55.17
ZA-00016834,1,SKU21221,ZAV00009,1,1457.05,97.16
ZA-00016835,1,SKU10213,ZAV00613,1,549.81,123.22
ZA-00016836,1,SKU68489,ZAV00259,1,347.83,98.38
ZA-00016837,1,SKU91847,ZAV00080,1,547.13,114.9
ZA-00016837,2,SKU95216,ZAV00471,1,1014.62,56.83
ZA-00016838,1,SKU98836,ZAV00416,1,218.61,45.16
ZA-00016839,1,SKU22344,ZAV00212,1,290.88,175.06
ZA-00016840,1,SKU30951,ZAV00518,1,459.55,105.36
ZA-00016841,1,SKU76342,ZAV00314,1,984.6,103.79
ZA-00016842,1,SKU34355,ZAV00026,1,647.15,172.17
ZA-00016843,1,SKU20150,ZAV00657,1,580.32,145.32
ZA-00016844,1,SKU92933,ZAV00228,1,609.33,85.27
ZA-00016845,1,SKU24913,ZAV00242,3,2368.04,103.41
ZA-00016846,1,SKU99641,ZAV00713,1,1054.06,155.1
ZA-00016846,2,SKU47341,ZAV00288,1,535.13,141.55
ZA-00016847,1,SKU13696,ZAV00760,1,275.15,167.81
ZA-00016848,1,SKU55946,ZAV00192,1,275.07,113.95
ZA-00016849,1,SKU17108,ZAV00386,1,1759.06,174.32
ZA-00016850,1,SKU23225,ZAV00389,1,397.69,44.29
ZA-00016850,2,SKU58552,ZAV00647,1,230.7,105.39
ZA-00016850,3,SKU24141,ZAV00044,2,217.81,109.07
ZA-00016851,1,SKU19430,ZAV00248,1,505.46,164.58
ZA-00016852,1,SKU63749,ZAV00432,1,241.18,131.02
ZA-00016853,1,SKU58784,ZAV00059,1,1356.79,178.46
ZA-00016854,1,SKU47720,ZAV00561,1,106.25,101.16
ZA-00016855,1,SKU88697,ZAV00662,1,404.74,61.79
ZA-00016856,1,SKU70167,ZAV00516,1,881.58,167.72
ZA-00016857,1,SKU75758,ZAV00232,1,863.09,162.76
ZA-00016858,1,SKU89044,ZAV00412,1,1757.82,65.08
ZA-00016859,1,SKU81807,ZAV00780,2,194.34,108.2
ZA-00016860,1,SKU54107,ZAV00610,1,627.16,83.98
ZA-00016861,1,SKU85344,ZAV00099,1,619.7,136.68
ZA-00016862,1,SKU34738,ZAV00068,1,261.12,92.26
ZA-00016863,1,SKU92982,ZAV00214,1,1488.99,89.64
ZA-00016863,2,SKU54837,ZAV00770,1,965.6,119.55
ZA-00016864,1,SKU64959,ZAV00011,1,1326.34,65.91
ZA-00016865,1,SKU11711,ZAV00163,1,717.21,109.93
ZA-00016866,1,SKU51580,ZAV00647,1,368.11,177.21
ZA-00016867,1,SKU36728,ZAV00725,1,1125.37,74.7
ZA-00016868,1,SKU54572,ZAV00233,1,139.97,39.16
ZA-00016868,2,SKU10451,ZAV00013,1,216.94,178.34
ZA-00016869,1,SKU62366,ZAV00150,1,903.76,128.41
ZA-00016870,1,SKU79096,ZAV00297,1,538.89,119.26
ZA-00016871,1,SKU83615,ZAV00342,1,109.43,107.63
ZA-00016872,1,SKU25488,ZAV00082,1,1060.27,175.28
ZA-00016873,1,SKU38789,ZAV00570,1,1764.69,88.91
ZA-00016874,1,SKU49588,ZAV00700,1,170.27,81.69
ZA-00016875,1,SKU25632,ZAV00076,1,416.32,147.97
ZA-00016876,1,SKU95306,ZAV00023,1,606.69,130.93
ZA-00016877,1,SKU88082,ZAV00427,1,577.11,97.49
ZA-00016877,2,SKU20303,ZAV00427,1,1412.44,138.15
ZA-00016878,1,SKU39014,ZAV00694,1,679.43,63.84
ZA-00016879,1,SKU62036,ZAV00067,1,1323.05,43.25
ZA-00016880,1,SKU77552,ZAV00463,1,992.72,119.06
ZA-00016881,1,SKU62520,ZAV00734,1,188.14,90.4
ZA-00016882,1,SKU26208,ZAV00462,1,294.72,108.87
ZA-00016883,1,SKU23724,ZAV00510,1,868.02,40.65
ZA-00016884,1,SKU36507,ZAV00742,1,248.51,121.7
ZA-00016884,2,SKU70732,ZAV00761,1,421.09,59.59
ZA-00016885,1,SKU97414,ZAV00561,1,440.83,66.87
ZA-00016886,1,SKU21031,ZAV00072,2,579.31,155.96
ZA-00016886,2,SKU23948,ZAV00416,1,452.33,145.16
ZA-00016887,1,SKU73198,ZAV00370,1,736.97,139.65
ZA-00016887,2,SKU17934,ZAV00077,1,1383.38,59.98
ZA-00016888,1,SKU32603,ZAV00761,3,562.14,125.25
ZA-00016889,1,SKU79047,ZAV00495,2,183.77,60.88
ZA-00016890,1,SKU45164,ZAV00254,1,608.17,83.4
ZA-00016891,1,SKU82160,ZAV00406,1,306.74,75.0
ZA-00016892,1,SKU99266,ZAV00568,1,450.8,140.68
ZA-00016892,2,SKU30391,ZAV00653,1,348.28,135.95
ZA-00016893,1,SKU51925,ZAV00752,1,777.76,140.7
ZA-00016893,2,SKU69250,ZAV00349,1,294.13,172.99
ZA-00016894,1,SKU36202,ZAV00676,1,543.28,117.37
ZA-00016895,1,SKU48449,ZAV00498,1,122.19,124.73
ZA-00016896,1,SKU81129,ZAV00652,1,95.96,135.74
ZA-00016897,1,SKU18876,ZAV00436,1,41.38,63.49
ZA-00016897,2,SKU80177,ZAV00611,2,855.59,157.42
ZA-00016898,1,SKU47994,ZAV00799,1,785.44,143.17
ZA-00016898,2,SKU17894,ZAV00527,2,205.07,79.95
ZA-00016899,1,SKU26099,ZAV00232,1,1422.2,156.6
ZA-00016899,2,SKU68448,ZAV00504,1,358.29,159.57
ZA-00016900,1,SKU46043,ZAV00262,1,529.08,174.95
ZA-00016901,1,SKU53437,ZAV00336,1,117.82,130.3
ZA-00016901,2,SKU27292,ZAV00227,1,500.82,158.35
ZA-00016902,1,SKU60175,ZAV00518,1,222.28,125.87
ZA-00016903,1,SKU92300,ZAV00326,1,56.66,125.25
ZA-00016904,1,SKU58797,ZAV00690,1,264.61,67.41
ZA-00016905,1,SKU39562,ZAV00018,1,332.2,105.27
ZA-00016906,1,SKU95984,ZAV00452,1,111.17,122.3
ZA-00016907,1,SKU39195,ZAV00013,1,100.02,61.98
ZA-00016908,1,SKU19323,ZAV00431,1,1600.31,79.32
ZA-00016909,1,SKU23953,ZAV00541,1,820.49,54.36
ZA-00016910,1,SKU84548,ZAV00411,1,460.56,101.74
ZA-00016911,1,SKU28640,ZAV00235,1,288.9,90.94
ZA-00016912,1,SKU19577,ZAV00250,1,674.24,63.14
ZA-00016913,1,SKU89255,ZAV00109,1,532.36,155.26
ZA-00016914,1,SKU17846,ZAV00378,2,903.95,73.16
ZA-00016914,2,SKU37180,ZAV00100,1,1049.47,78.64
ZA-00016914,3,SKU28498,ZAV00565,1,871.68,143.61
ZA-00016915,1,SKU67047,ZAV00490,1,293.83,126.37
ZA-00016916,1,SKU86951,ZAV00528,1,149.66,43.35
ZA-00016916,2,SKU58992,ZAV00238,1,576.91,44.55
ZA-00016917,1,SKU22923,ZAV00168,1,569.77,127.99
ZA-00016918,1,SKU53239,ZAV00579,1,3030.38,35.3
ZA-00016919,1,SKU90861,ZAV00262,1,847.78,65.15
ZA-00016920,1,SKU19917,ZAV00129,1,1423.38,118.07
ZA-00016921,1,SKU47289,ZAV00140,3,632.35,148.06
ZA-00016922,1,SKU55254,ZAV00306,1,581.0,92.31
ZA-00016923,1,SKU98020,ZAV00336,1,349.46,141.86
ZA-00016923,2,SKU42812,ZAV00413,2,1395.21,94.68
ZA-00016924,1,SKU74279,ZAV00019,1,322.22,45.81
ZA-00016925,1,SKU90021,ZAV00080,2,165.11,63.94
ZA-00016926,1,SKU63655,ZAV00081,1,622.73,165.26
ZA-00016927,1,SKU79734,ZAV00031,1,583.74,91.64
ZA-00016927,2,SKU87465,ZAV00240,1,280.62,115.21
ZA-00016928,1,SKU41660,ZAV00038,1,920.59,126.22
ZA-00016929,1,SKU65457,ZAV00041,1,203.7,90.46
ZA-00016930,1,SKU13281,ZAV00649,1,460.5,99.76
ZA-00016931,1,SKU47420,ZAV00673,2,297.8,152.24
ZA-00016932,1,SKU12178,ZAV00514,1,83.64,134.27
ZA-00016932,2,SKU32265,ZAV00279,1,820.13,114.6
ZA-00016933,1,SKU78345,ZAV00330,1,2056.58,127.19
ZA-00016934,1,SKU48662,ZAV00207,1,813.13,111.78
ZA-00016935,1,SKU69972,ZAV00031,1,248.95,149.16
ZA-00016936,1,SKU19484,ZAV00477,1,92.16,143.12
ZA-00016936,2,SKU44704,ZAV00111,1,1424.5,146.85
ZA-00016937,1,SKU33666,ZAV00202,1,987.21,140.03
ZA-00016937,2,SKU48903,ZAV00786,1,186.61,82.69
ZA-00016938,1,SKU25833,ZAV00131,1,165.11,102.23
ZA-00016938,2,SKU91365,ZAV00722,1,490.36,56.74
ZA-00016938,3,SKU96772,ZAV00271,1,696.3,56.69
ZA-00016939,1,SKU86583,ZAV00612,1,181.36,174.97
ZA-00016940,1,SKU87554,ZAV00102,1,324.24,43.6
ZA-00016941,1,SKU48515,ZAV00768,1,445.73,173.24
ZA-00016942,1,SKU84783,ZAV00496,1,298.93,178.4
ZA-00016943,1,SKU86386,ZAV00757,1,218.95,145.03
ZA-00016944,1,SKU98133,ZAV00291,1,369.71,140.47
ZA-00016945,1,SKU55941,ZAV00232,1,104.85,159.59
ZA-00016946,1,SKU26418,ZAV00643,1,775.27,115.06
ZA-00016947,1,SKU92776,ZAV00512,2,159.77,60.72
ZA-00016948,1,SKU71135,ZAV00648,1,159.82,164.6
ZA-00016949,1,SKU94724,ZAV00238,1,362.69,153.84
ZA-00016950,1,SKU45250,ZAV00047,2,260.0,39.06
ZA-00016951,1,SKU17137,ZAV00629,3,496.29,158.5
ZA-00016952,1,SKU18630,ZAV00208,2,509.44,168.02
ZA-00016953,1,SKU10572,ZAV00327,1,630.71,79.57
ZA-00016953,2,SKU36851,ZAV00292,1,212.6,84.91
ZA-00016953,3,SKU99351,ZAV00475,2,212.01,37.06
ZA-00016954,1,SKU78879,ZAV00706,1,807.39,118.85
ZA-00016954,2,SKU85922,ZAV00052,1,549.45,47.89
ZA-00016954,3,SKU81614,ZAV00357,1,746.68,52.09
ZA-00016955,1,SKU30833,ZAV00206,1,2672.34,97.74
ZA-00016956,1,SKU11659,ZAV00172,1,186.76,143.87
ZA-00016956,2,SKU44529,ZAV00280,1,319.94,124.26
ZA-00016956,3,SKU61558,ZAV00009,1,2813.22,85.81
ZA-00016957,1,SKU94612,ZAV00321,1,482.24,92.38
ZA-00016958,1,SKU34583,ZAV00708,2,1951.12,174.45
ZA-00016959,1,SKU24479,ZAV00498,1,204.14,106.23
ZA-00016959,2,SKU17566,ZAV00507,2,1021.55,96.35
ZA-00016960,1,SKU69856,ZAV00195,1,197.02,141.18
ZA-00016961,1,SKU53909,ZAV00510,1,380.81,52.59
ZA-00016962,1,SKU68449,ZAV00263,3,355.32,60.7
ZA-00016962,2,SKU39563,ZAV00270,1,305.76,88.24
ZA-00016963,1,SKU17389,ZAV00680,1,1484.65,96.25
ZA-00016964,1,SKU75547,ZAV00348,1,492.26,35.5
ZA-00016965,1,SKU28444,ZAV00108,2,758.96,43.08
ZA-00016966,1,SKU93093,ZAV00105,2,237.48,50.94
ZA-00016966,2,SKU54621,ZAV00344,1,260.64,81.61
ZA-00016967,1,SKU56126,ZAV00406,1,127.74,137.37
ZA-00016967,2,SKU83424,ZAV00671,1,137.01,92.08
ZA-00016968,1,SKU96313,ZAV00455,1,216.45,169.7
ZA-00016969,1,SKU97895,ZAV00167,1,509.27,79.18
ZA-00016970,1,SKU80918,ZAV00497,1,359.98,43.42
ZA-00016970,2,SKU97212,ZAV00095,2,578.21,158.34
ZA-00016970,3,SKU79674,ZAV00648,1,475.15,152.45
ZA-00016971,1,SKU35141,ZAV00761,1,484.12,59.91
ZA-00016972,1,SKU42115,ZAV00588,1,666.61,79.32
ZA-00016973,1,SKU68058,ZAV00181,1,180.26,179.29
ZA-00016974,1,SKU67144,ZAV00513,1,213.84,145.35
ZA-00016975,1,SKU43193,ZAV00543,2,683.03,119.95
ZA-00016976,1,SKU62305,ZAV00549,1,450.35,173.49
ZA-00016977,1,SKU41886,ZAV00211,1,178.46,149.16
ZA-00016978,1,SKU17633,ZAV00314,1,167.51,79.37
ZA-00016979,1,SKU55571,ZAV00595,1,324.83,44.85
ZA-00016980,1,SKU12562,ZAV00297,1,981.49,154.9
ZA-00016981,1,SKU77816,ZAV00274,2,2891.95,137.91
ZA-00016982,1,SKU97877,ZAV00490,1,767.79,36.15
ZA-00016982,2,SKU10636,ZAV00166,2,75.0,98.49
ZA-00016983,1,SKU99012,ZAV00713,3,146.03,102.55
ZA-00016984,1,SKU79274,ZAV00551,1,1689.96,53.62
ZA-00016985,1,SKU49401,ZAV00060,1,1650.09,75.76
ZA-00016986,1,SKU38947,ZAV00349,1,1032.42,74.35
ZA-00016986,2,SKU79536,ZAV00324,1,140.42,99.84
ZA-00016987,1,SKU97926,ZAV00037,1,651.95,36.04
ZA-00016987,2,SKU19738,ZAV00663,1,612.13,108.54
ZA-00016988,1,SKU97190,ZAV00555,1,1130.65,138.72
ZA-00016988,2,SKU28723,ZAV00461,2,371.22,93.96
ZA-00016989,1,SKU94645,ZAV00617,1,4280.66,74.14
ZA-00016990,1,SKU50351,ZAV00730,1,118.77,61.16
ZA-00016990,2,SKU77538,ZAV00353,1,264.36,42.3
ZA-00016991,1,SKU98973,ZAV00625,1,464.17,91.44
ZA-00016991,2,SKU53634,ZAV00742,1,105.75,114.35
ZA-00016992,1,SKU47124,ZAV00078,1,376.41,95.19
ZA-00016993,1,SKU80022,ZAV00260,1,4261.3,141.29
ZA-00016994,1,SKU65456,ZAV00239,1,696.48,167.15
ZA-00016995,1,SKU56605,ZAV00660,1,325.54,94.29
ZA-00016996,1,SKU55915,ZAV00073,2,521.64,109.01
ZA-00016997,1,SKU45721,ZAV00399,1,165.98,133.43
ZA-00016998,1,SKU82266,ZAV00098,1,679.51,154.52
ZA-00016998,2,SKU72575,ZAV00560,2,96.08,131.58
ZA-00016999,1,SKU44003,ZAV00455,1,316.95,112.82
ZA-00017000,1,SKU33124,ZAV00028,1,210.61,88.4
ZA-00017000,2,SKU18876,ZAV00779,1,917.57,135.16
ZA-00017001,1,SKU49126,ZAV00591,1,311.38,72.42
ZA-00017002,1,SKU36702,ZAV00544,1,698.37,39.56
ZA-00017002,2,SKU32434,ZAV00499,1,609.64,76.71
ZA-00017003,1,SKU23960,ZAV00529,1,246.46,113.71
ZA-00017004,1,SKU71080,ZAV00542,2,769.45,172.92
ZA-00017004,2,SKU20094,ZAV00283,1,298.1,47.52
ZA-00017005,1,SKU86260,ZAV00522,1,633.57,68.59
ZA-00017006,1,SKU10924,ZAV00229,2,448.35,94.44
ZA-00017007,1,SKU26615,ZAV00278,1,61.4,83.18
ZA-00017008,1,SKU59839,ZAV00158,1,604.91,93.03
ZA-00017009,1,SKU28387,ZAV00797,1,689.56,100.9
ZA-00017010,1,SKU84984,ZAV00107,1,300.73,162.46
ZA-00017011,1,SKU99404,ZAV00086,1,254.04,118.61
ZA-00017012,1,SKU35758,ZAV00189,1,901.97,152.93
ZA-00017012,2,SKU91344,ZAV00309,1,258.72,152.51
ZA-00017013,1,SKU64048,ZAV00450,1,216.69,146.76
ZA-00017014,1,SKU49442,ZAV00305,1,1161.74,82.1
ZA-00017014,2,SKU72600,ZAV00617,1,2322.24,84.53
ZA-00017014,3,SKU50401,ZAV00299,1,270.49,131.89
ZA-00017015,1,SKU57551,ZAV00411,1,420.68,153.93
ZA-00017016,1,SKU45334,ZAV00148,1,1709.65,40.99
ZA-00017016,2,SKU91570,ZAV00715,2,243.97,167.19
ZA-00017017,1,SKU28502,ZAV00676,1,390.09,163.81
ZA-00017018,1,SKU88554,ZAV00033,1,363.48,165.22
ZA-00017019,1,SKU24829,ZAV00754,1,2157.44,114.54
ZA-00017020,1,SKU82183,ZAV00091,2,906.24,75.49
ZA-00017021,1,SKU11472,ZAV00166,1,184.54,90.31
ZA-00017022,1,SKU23031,ZAV00505,1,903.79,142.07
ZA-00017023,1,SKU50741,ZAV00265,1,550.57,57.11
ZA-00017023,2,SKU26933,ZAV00351,1,2018.41,97.25
ZA-00017024,1,SKU50678,ZAV00119,3,422.14,65.01
ZA-00017025,1,SKU15527,ZAV00307,1,857.55,106.19
ZA-00017026,1,SKU43015,ZAV00717,1,898.63,81.37
ZA-00017027,1,SKU49653,ZAV00115,1,259.27,120.47
ZA-00017028,1,SKU18065,ZAV00624,1,357.68,40.74
ZA-00017028,2,SKU60481,ZAV00742,1,426.99,131.67
ZA-00017028,3,SKU33269,ZAV00290,1,490.73,179.15
ZA-00017029,1,SKU98769,ZAV00481,1,26.5,163.55
ZA-00017030,1,SKU60349,ZAV00289,2,1270.77,156.63
ZA-00017031,1,SKU49787,ZAV00377,1,504.79,135.99
ZA-00017032,1,SKU51259,ZAV00684,1,245.52,65.96
ZA-00017033,1,SKU96076,ZAV00512,1,649.88,90.11
ZA-00017034,1,SKU17511,ZAV00736,1,608.81,96.92
ZA-00017034,2,SKU67691,ZAV00447,2,412.12,69.82
ZA-00017034,3,SKU42572,ZAV00135,1,504.13,126.01
ZA-00017035,1,SKU12751,ZAV00061,1,1033.02,40.13
ZA-00017036,1,SKU37454,ZAV00375,2,1416.44,162.49
ZA-00017037,1,SKU64003,ZAV00727,1,179.63,39.88
ZA-00017037,2,SKU18885,ZAV00237,1,908.1,96.64
ZA-00017038,1,SKU35852,ZAV00648,1,507.36,116.17
ZA-00017039,1,SKU79061,ZAV00675,1,1007.88,46.59
ZA-00017040,1,SKU12845,ZAV00600,1,531.57,90.04
ZA-00017041,1,SKU21903,ZAV00161,1,639.09,80.49
ZA-00017041,2,SKU78159,ZAV00357,1,590.39,55.65
ZA-00017042,1,SKU96886,ZAV00225,1,1242.02,81.38
ZA-00017043,1,SKU85730,ZAV00578,1,440.59,118.11
ZA-00017044,1,SKU55423,ZAV00067,2,632.0,163.6
ZA-00017045,1,SKU49751,ZAV00164,1,1306.61,60.68
ZA-00017045,2,SKU10691,ZAV00372,1,339.88,105.32
ZA-00017046,1,SKU71492,ZAV00495,1,681.87,42.5
ZA-00017047,1,SKU83033,ZAV00023,1,440.96,90.12
ZA-00017048,1,SKU28462,ZAV00530,1,264.22,59.81
ZA-00017049,1,SKU14539,ZAV00660,1,124.54,139.35
ZA-00017050,1,SKU37027,ZAV00153,1,558.64,65.7
ZA-00017051,1,SKU76959,ZAV00756,1,2000.33,152.32
ZA-00017052,1,SKU19513,ZAV00307,1,148.63,100.88
ZA-00017053,1,SKU75781,ZAV00560,1,203.75,146.48
ZA-00017054,1,SKU41824,ZAV00312,1,962.5,99.59
ZA-00017055,1,SKU88811,ZAV00295,1,142.23,113.46
ZA-00017056,1,SKU38481,ZAV00439,1,245.83,100.05
ZA-00017057,1,SKU85870,ZAV00127,1,181.08,151.57
ZA-00017058,1,SKU40502,ZAV00321,1,734.07,77.35
ZA-00017058,2,SKU87064,ZAV00453,1,136.52,113.47
ZA-00017059,1,SKU46233,ZAV00325,1,661.94,57.62
ZA-00017059,2,SKU89582,ZAV00369,1,505.45,58.04
ZA-00017060,1,SKU26537,ZAV00482,1,179.04,151.96
ZA-00017061,1,SKU45332,ZAV00796,3,378.45,174.03
ZA-00017061,2,SKU25451,ZAV00704,1,264.94,116.15
ZA-00017062,1,SKU51537,ZAV00118,1,106.19,164.45
ZA-00017063,1,SKU41582,ZAV00370,1,2994.93,44.34
ZA-00017064,1,SKU17407,ZAV00487,1,471.08,73.09
ZA-00017065,1,SKU41405,ZAV00118,1,887.23,53.13
ZA-00017066,1,SKU16579,ZAV00600,1,565.5,177.78
ZA-00017067,1,SKU31999,ZAV00257,1,91.47,126.61
ZA-00017067,2,SKU81513,ZAV00475,1,2057.01,131.08
ZA-00017068,1,SKU55345,ZAV00260,1,891.65,98.34
ZA-00017069,1,SKU89655,ZAV00635,1,218.03,108.2
ZA-00017070,1,SKU54440,ZAV00502,1,395.37,94.13
ZA-00017071,1,SKU93612,ZAV00461,1,224.1,163.89
ZA-00017071,2,SKU92421,ZAV00628,1,411.81,75.24
ZA-00017072,1,SKU21038,ZAV00404,1,538.21,39.92
ZA-00017073,1,SKU22179,ZAV00346,1,445.49,57.86
ZA-00017073,2,SKU69537,ZAV00100,1,344.68,135.7
ZA-00017074,1,SKU97172,ZAV00538,2,769.18,152.99
ZA-00017075,1,SKU25662,ZAV00648,1,686.29,153.43
ZA-00017076,1,SKU57727,ZAV00274,2,443.78,55.23
ZA-00017076,2,SKU56027,ZAV00389,1,634.95,36.91
ZA-00017076,3,SKU63031,ZAV00539,1,152.91,150.99
ZA-00017077,1,SKU77552,ZAV00282,1,312.24,44.73
ZA-00017078,1,SKU16187,ZAV00531,1,1989.81,163.23
ZA-00017079,1,SKU89978,ZAV00304,1,188.12,89.68
ZA-00017080,1,SKU49229,ZAV00420,1,794.64,52.13
ZA-00017081,1,SKU38859,ZAV00601,1,797.93,40.18
ZA-00017081,2,SKU64739,ZAV00397,1,515.79,179.74
ZA-00017081,3,SKU53470,ZAV00349,1,1076.82,57.02
ZA-00017082,1,SKU36295,ZAV00440,1,667.21,64.64
ZA-00017082,2,SKU23280,ZAV00297,1,780.57,146.64
ZA-00017083,1,SKU45663,ZAV00505,2,406.27,42.48
ZA-00017084,1,SKU97633,ZAV00033,2,165.23,55.11
ZA-00017084,2,SKU44761,ZAV00028,1,170.09,39.23
ZA-00017085,1,SKU84612,ZAV00543,1,316.18,41.82
ZA-00017086,1,SKU84012,ZAV00449,2,1892.89,57.44
ZA-00017086,2,SKU48623,ZAV00341,2,678.94,161.51
ZA-00017087,1,SKU39324,ZAV00457,1,1611.71,122.31
ZA-00017088,1,SKU52777,ZAV00681,1,460.18,94.24
ZA-00017089,1,SKU52138,ZAV00430,1,221.36,102.8
ZA-00017090,1,SKU56355,ZAV00040,1,450.11,113.8
ZA-00017091,1,SKU97020,ZAV00390,1,573.86,37.74
ZA-00017092,1,SKU91626,ZAV00080,1,524.2,47.92
ZA-00017093,1,SKU59025,ZAV00739,2,66.57,35.72
ZA-00017094,1,SKU28391,ZAV00045,1,1659.35,67.55
ZA-00017094,2,SKU45088,ZAV00766,1,671.52,80.3
ZA-00017094,3,SKU65334,ZAV00136,2,176.25,177.7
ZA-00017095,1,SKU24407,ZAV00336,1,338.98,86.34
ZA-00017095,2,SKU18558,ZAV00654,1,889.92,37.82
ZA-00017096,1,SKU44114,ZAV00261,2,129.91,94.75
ZA-00017097,1,SKU76744,ZAV00451,1,368.51,75.29
ZA-00017098,1,SKU28896,ZAV00591,1,114.35,153.99
ZA-00017099,1,SKU73960,ZAV00435,1,577.63,149.5
ZA-00017099,2,SKU46604,ZAV00575,1,2690.24,39.33
ZA-00017100,1,SKU46231,ZAV00103,1,309.19,68.42
ZA-00017101,1,SKU37902,ZAV00066,2,357.95,116.37
ZA-00017101,2,SKU52870,ZAV00653,1,596.29,95.63
ZA-00017101,3,SKU24477,ZAV00259,1,924.16,168.31
ZA-00017102,1,SKU67260,ZAV00076,1,410.78,130.5
ZA-00017102,2,SKU20594,ZAV00115,1,238.02,57.81
ZA-00017103,1,SKU28413,ZAV00651,1,310.82,91.48
ZA-00017103,2,SKU33192,ZAV00336,2,499.31,106.84
ZA-00017104,1,SKU92710,ZAV00121,1,1035.34,147.19
ZA-00017105,1,SKU18281,ZAV00380,1,385.11,75.0
ZA-00017106,1,SKU17193,ZAV00390,1,130.28,56.2
ZA-00017106,2,SKU33177,ZAV00525,1,1585.99,122.22
ZA-00017107,1,SKU36880,ZAV00422,1,2099.3,87.86
ZA-00017108,1,SKU14660,ZAV00731,1,861.64,116.65
ZA-00017108,2,SKU29740,ZAV00508,1,394.47,96.69
ZA-00017108,3,SKU50971,ZAV00008,1,307.11,108.35
ZA-00017109,1,SKU89591,ZAV00667,1,151.51,89.51
ZA-00017110,1,SKU45411,ZAV00035,1,763.76,104.61
ZA-00017111,1,SKU79722,ZAV00269,1,347.21,157.43
ZA-00017112,1,SKU99367,ZAV00371,1,1028.99,97.18
ZA-00017113,1,SKU98243,ZAV00300,1,203.4,60.93
ZA-00017114,1,SKU92111,ZAV00441,1,767.72,43.26
ZA-00017115,1,SKU35348,ZAV00144,1,73.38,88.41
ZA-00017116,1,SKU70066,ZAV00239,2,122.77,127.91
ZA-00017117,1,SKU96708,ZAV00443,1,1067.91,120.59
ZA-00017117,2,SKU81795,ZAV00068,1,398.11,50.62
ZA-00017118,1,SKU79371,ZAV00384,1,159.58,133.62
ZA-00017119,1,SKU70328,ZAV00582,1,304.64,110.21
ZA-00017120,1,SKU73648,ZAV00307,1,193.25,132.65
ZA-00017121,1,SKU87259,ZAV00275,1,301.6,57.99
ZA-00017121,2,SKU59440,ZAV00681,1,529.55,46.54
ZA-00017122,1,SKU66870,ZAV00109,1,578.84,91.71
ZA-00017123,1,SKU53276,ZAV00561,3,188.6,101.83
ZA-00017124,1,SKU95027,ZAV00475,1,1155.44,66.26
ZA-00017125,1,SKU41548,ZAV00774,1,130.12,66.58
ZA-00017125,2,SKU78781,ZAV00531,1,120.56,40.35
ZA-00017126,1,SKU28428,ZAV00636,1,417.04,130.24
ZA-00017127,1,SKU89562,ZAV00624,1,543.64,137.27
ZA-00017128,1,SKU95703,ZAV00144,1,970.47,70.61
ZA-00017129,1,SKU77643,ZAV00048,1,1386.58,117.45
ZA-00017130,1,SKU56233,ZAV00605,2,6085.8,128.66
ZA-00017130,2,SKU20872,ZAV00743,1,113.91,144.11
ZA-00017131,1,SKU79115,ZAV00471,1,357.3,47.08
ZA-00017132,1,SKU55443,ZAV00707,1,269.72,102.92
ZA-00017133,1,SKU13675,ZAV00421,1,516.73,94.32
ZA-00017133,2,SKU97764,ZAV00322,1,813.25,129.1
ZA-00017133,3,SKU32233,ZAV00778,1,29.17,43.55
ZA-00017134,1,SKU42574,ZAV00336,1,330.34,38.09
ZA-00017134,2,SKU56982,ZAV00519,1,1114.34,179.5
ZA-00017135,1,SKU46956,ZAV00066,1,665.46,149.04
ZA-00017136,1,SKU53638,ZAV00419,1,576.12,88.39
ZA-00017136,2,SKU31643,ZAV00536,1,974.15,170.75
ZA-00017137,1,SKU83877,ZAV00054,1,195.33,118.14
ZA-00017138,1,SKU59469,ZAV00483,2,96.45,82.32
ZA-00017139,1,SKU18158,ZAV00447,1,2302.5,179.31
ZA-00017139,2,SKU51483,ZAV00355,1,1716.47,76.44
ZA-00017140,1,SKU11455,ZAV00326,1,519.1,160.56
ZA-00017141,1,SKU75371,ZAV00504,1,511.93,165.15
ZA-00017142,1,SKU60863,ZAV00543,1,1353.82,77.01
ZA-00017143,1,SKU24011,ZAV00298,1,494.97,83.69
ZA-00017143,2,SKU53929,ZAV00590,1,266.93,130.84
ZA-00017144,1,SKU21164,ZAV00461,1,65.47,144.68
ZA-00017145,1,SKU24544,ZAV00277,1,672.38,78.63
ZA-00017146,1,SKU44624,ZAV00528,1,729.78,62.6
ZA-00017146,2,SKU77640,ZAV00491,1,286.53,41.39
ZA-00017147,1,SKU72712,ZAV00612,1,1657.48,99.67
ZA-00017148,1,SKU23762,ZAV00009,1,942.84,156.17
ZA-00017149,1,SKU14975,ZAV00075,2,494.15,158.46
ZA-00017150,1,SKU61409,ZAV00730,1,116.65,159.54
ZA-00017151,1,SKU29893,ZAV00227,1,556.73,66.84
ZA-00017152,1,SKU72831,ZAV00519,1,357.92,126.86
ZA-00017153,1,SKU85815,ZAV00685,1,470.58,157.87
ZA-00017154,1,SKU16189,ZAV00058,2,240.42,113.54
ZA-00017155,1,SKU45888,ZAV00794,1,619.41,93.31
ZA-00017156,1,SKU61427,ZAV00035,1,867.89,89.9
ZA-00017157,1,SKU73591,ZAV00547,1,274.35,136.43
ZA-00017158,1,SKU25429,ZAV00444,1,569.08,73.62
ZA-00017159,1,SKU45168,ZAV00443,2,203.89,161.3
ZA-00017160,1,SKU28888,ZAV00075,1,222.23,111.12
ZA-00017161,1,SKU18787,ZAV00573,1,580.08,109.32
ZA-00017162,1,SKU75221,ZAV00504,1,929.19,128.64
ZA-00017162,2,SKU82168,ZAV00182,1,1053.62,138.15
ZA-00017163,1,SKU21320,ZAV00085,1,2882.36,43.35
ZA-00017164,1,SKU92477,ZAV00665,1,1161.5,166.86
ZA-00017164,2,SKU76295,ZAV00577,1,1834.92,116.12
ZA-00017165,1,SKU20306,ZAV00069,1,1486.09,63.62
ZA-00017165,2,SKU88991,ZAV00226,1,484.6,148.06
ZA-00017166,1,SKU70653,ZAV00638,1,379.99,44.7
ZA-00017167,1,SKU92546,ZAV00653,1,810.23,104.52
ZA-00017167,2,SKU46942,ZAV00145,1,927.54,79.35
ZA-00017168,1,SKU91813,ZAV00661,1,1072.52,106.68
ZA-00017169,1,SKU98502,ZAV00450,1,581.18,123.22
ZA-00017170,1,SKU19229,ZAV00388,1,360.22,101.01
ZA-00017170,2,SKU76839,ZAV00136,1,138.15,59.48
ZA-00017171,1,SKU88875,ZAV00128,1,877.23,70.54
ZA-00017171,2,SKU11833,ZAV00461,1,616.04,60.9
ZA-00017172,1,SKU31665,ZAV00330,1,122.05,124.48
ZA-00017173,1,SKU70781,ZAV00284,2,623.37,127.02
ZA-00017173,2,SKU15216,ZAV00068,1,327.11,46.49
ZA-00017174,1,SKU64466,ZAV00068,1,358.27,164.52
ZA-00017175,1,SKU87287,ZAV00019,1,269.92,93.47
ZA-00017176,1,SKU35373,ZAV00193,1,414.1,110.55
ZA-00017177,1,SKU53045,ZAV00145,1,415.1,149.63
ZA-00017178,1,SKU96052,ZAV00279,1,953.94,117.44
ZA-00017179,1,SKU36384,ZAV00440,1,636.31,113.75
ZA-00017180,1,SKU47338,ZAV00623,1,631.16,130.98
ZA-00017181,1,SKU75859,ZAV00524,1,164.97,119.78
ZA-00017182,1,SKU53480,ZAV00498,1,558.75,165.44
ZA-00017183,1,SKU18387,ZAV00179,1,442.73,174.19
ZA-00017184,1,SKU38829,ZAV00709,1,114.92,52.65
ZA-00017185,1,SKU38168,ZAV00782,1,834.26,170.03
ZA-00017185,2,SKU37541,ZAV00500,1,1090.76,119.34
ZA-00017186,1,SKU50218,ZAV00374,1,1838.23,38.67
ZA-00017187,1,SKU71734,ZAV00274,1,285.42,90.95
ZA-00017188,1,SKU69546,ZAV00717,1,143.86,75.24
ZA-00017189,1,SKU14094,ZAV00138,1,835.24,96.88
ZA-00017190,1,SKU11457,ZAV00772,2,171.9,154.22
ZA-00017191,1,SKU94391,ZAV00309,2,267.91,36.1
ZA-00017192,1,SKU38441,ZAV00798,1,1190.08,36.36
ZA-00017193,1,SKU76177,ZAV00774,1,1276.92,44.59
ZA-00017193,2,SKU83297,ZAV00045,1,464.69,146.42
ZA-00017194,1,SKU44942,ZAV00273,1,706.94,55.72
ZA-00017194,2,SKU40151,ZAV00429,1,183.23,152.49
ZA-00017195,1,SKU33400,ZAV00013,1,756.13,167.08
ZA-00017196,1,SKU93740,ZAV00053,1,657.37,114.09
ZA-00017197,1,SKU93721,ZAV00096,2,976.14,96.22
ZA-00017198,1,SKU24993,ZAV00158,1,328.57,113.06
ZA-00017199,1,SKU50302,ZAV00154,1,401.47,98.29
ZA-00017200,1,SKU71648,ZAV00515,1,688.94,55.26
ZA-00017201,1,SKU43024,ZAV00335,1,283.39,93.04
ZA-00017202,1,SKU94269,ZAV00129,1,507.82,122.65
ZA-00017203,1,SKU83012,ZAV00414,1,715.25,146.11
ZA-00017204,1,SKU22215,ZAV00494,1,480.35,135.73
ZA-00017205,1,SKU65732,ZAV00586,1,100.85,84.82
ZA-00017206,1,SKU98671,ZAV00278,2,520.48,71.2
ZA-00017207,1,SKU97593,ZAV00081,1,488.41,86.73
ZA-00017208,1,SKU32967,ZAV00627,1,183.86,139.28
ZA-00017209,1,SKU68521,ZAV00743,1,2426.31,54.53
ZA-00017209,2,SKU96692,ZAV00266,1,141.54,141.54
ZA-00017210,1,SKU12684,ZAV00735,1,247.5,174.96
ZA-00017211,1,SKU32457,ZAV00367,1,746.09,95.38
ZA-00017212,1,SKU48322,ZAV00167,1,112.49,67.91
ZA-00017213,1,SKU73410,ZAV00341,1,907.34,157.15
ZA-00017213,2,SKU29269,ZAV00315,1,349.23,133.1
ZA-00017214,1,SKU91845,ZAV00106,1,321.17,84.79
ZA-00017215,1,SKU78577,ZAV00154,2,567.57,102.7
ZA-00017216,1,SKU97003,ZAV00527,1,388.17,78.27
ZA-00017216,2,SKU46395,ZAV00641,1,207.36,101.71
ZA-00017217,1,SKU41778,ZAV00680,1,54.49,146.71
ZA-00017218,1,SKU25536,ZAV00038,1,700.45,150.26
ZA-00017219,1,SKU45693,ZAV00385,1,1071.41,103.13
ZA-00017220,1,SKU49918,ZAV00088,1,90.99,65.25
ZA-00017221,1,SKU78617,ZAV00190,1,284.88,71.88
ZA-00017222,1,SKU37131,ZAV00395,1,1356.84,175.55
ZA-00017223,1,SKU70524,ZAV00338,1,14.47,63.03
ZA-00017224,1,SKU67855,ZAV00564,1,1135.17,157.04
ZA-00017225,1,SKU49266,ZAV00291,1,349.86,40.74
ZA-00017226,1,SKU79510,ZAV00701,2,277.33,101.85
ZA-00017227,1,SKU58030,ZAV00493,1,119.67,65.42
ZA-00017228,1,SKU12137,ZAV00195,1,1390.63,55.55
ZA-00017229,1,SKU96110,ZAV00259,2,228.31,62.54
ZA-00017230,1,SKU77135,ZAV00483,1,207.82,69.5
ZA-00017230,2,SKU44357,ZAV00501,1,109.57,170.74
ZA-00017231,1,SKU28760,ZAV00650,1,939.26,77.77
ZA-00017232,1,SKU87833,ZAV00139,3,232.57,175.88
ZA-00017233,1,SKU27282,ZAV00691,3,592.97,135.98
ZA-00017234,1,SKU36504,ZAV00675,1,846.58,163.17
ZA-00017235,1,SKU95225,ZAV00185,1,107.84,151.52
ZA-00017235,2,SKU57832,ZAV00294,1,350.4,114.41
ZA-00017235,3,SKU62962,ZAV00672,1,645.8,136.33
ZA-00017236,1,SKU49624,ZAV00596,1,726.83,149.2
ZA-00017237,1,SKU98615,ZAV00377,1,591.72,165.7
ZA-00017238,1,SKU12112,ZAV00631,1,873.64,129.56
ZA-00017239,1,SKU34123,ZAV00563,1,425.14,83.38
ZA-00017240,1,SKU40305,ZAV00017,1,418.54,171.32
ZA-00017240,2,SKU29874,ZAV00369,1,817.45,86.89
ZA-00017241,1,SKU28374,ZAV00529,1,2086.51,95.51
ZA-00017242,1,SKU50232,ZAV00791,1,400.34,43.7
ZA-00017243,1,SKU45292,ZAV00484,1,481.5,134.16
ZA-00017243,2,SKU58319,ZAV00334,1,3773.97,94.37
ZA-00017244,1,SKU74493,ZAV00497,1,2976.18,124.34
ZA-00017244,2,SKU65381,ZAV00090,1,276.19,82.02
ZA-00017245,1,SKU90971,ZAV00338,1,144.85,87.38
ZA-00017246,1,SKU36003,ZAV00070,1,94.19,144.7
ZA-00017247,1,SKU71291,ZAV00098,1,176.24,38.65
ZA-00017248,1,SKU16862,ZAV00179,1,1017.31,43.3
ZA-00017249,1,SKU94565,ZAV00429,3,342.86,127.55
ZA-00017250,1,SKU93747,ZAV00666,1,2557.69,79.49
ZA-00017250,2,SKU18131,ZAV00663,1,191.5,137.8
ZA-00017250,3,SKU56449,ZAV00275,3,33.88,117.43
ZA-00017251,1,SKU86376,ZAV00158,1,1128.71,150.98
ZA-00017252,1,SKU16861,ZAV00234,1,527.56,61.39
ZA-00017253,1,SKU74724,ZAV00503,1,546.33,137.36
ZA-00017254,1,SKU70212,ZAV00275,1,237.11,164.43
ZA-00017255,1,SKU61393,ZAV00510,1,514.75,118.5
ZA-00017256,1,SKU12751,ZAV00485,1,175.41,165.7
ZA-00017256,2,SKU46545,ZAV00321,1,663.97,83.3
ZA-00017257,1,SKU13693,ZAV00429,1,96.37,57.46
ZA-00017258,1,SKU41810,ZAV00437,1,305.39,115.39
ZA-00017259,1,SKU42794,ZAV00352,1,325.56,47.49
ZA-00017260,1,SKU50317,ZAV00696,1,276.38,162.8
ZA-00017261,1,SKU13857,ZAV00387,2,215.2,178.93
ZA-00017261,2,SKU48234,ZAV00277,1,797.48,102.58
ZA-00017262,1,SKU36586,ZAV00472,1,162.68,148.72
ZA-00017263,1,SKU73348,ZAV00061,3,2006.57,118.98
ZA-00017264,1,SKU12659,ZAV00117,1,515.48,140.03
ZA-00017265,1,SKU97509,ZAV00315,1,269.23,64.91
ZA-00017266,1,SKU88778,ZAV00011,2,329.28,138.17
ZA-00017267,1,SKU65536,ZAV00199,1,149.76,101.92
ZA-00017268,1,SKU21106,ZAV00170,1,667.14,150.65
ZA-00017269,1,SKU95597,ZAV00041,1,522.74,159.09
ZA-00017270,1,SKU22751,ZAV00025,1,1839.36,71.57
ZA-00017270,2,SKU32522,ZAV00434,1,230.41,58.32
ZA-00017271,1,SKU40425,ZAV00768,1,1384.87,35.73
ZA-00017272,1,SKU64124,ZAV00323,2,596.24,117.91
ZA-00017273,1,SKU66307,ZAV00147,2,851.92,80.32
ZA-00017274,1,SKU57674,ZAV00251,1,329.99,42.92
ZA-00017275,1,SKU62772,ZAV00030,1,141.32,125.24
ZA-00017276,1,SKU62790,ZAV00342,1,1274.18,89.0
ZA-00017276,2,SKU88488,ZAV00529,1,412.22,53.35
ZA-00017276,3,SKU87247,ZAV00331,1,228.56,89.61
ZA-00017277,1,SKU66014,ZAV00513,3,740.95,59.22
ZA-00017278,1,SKU19808,ZAV00445,1,1798.35,172.5
ZA-00017279,1,SKU30573,ZAV00083,1,1176.5,63.55
ZA-00017279,2,SKU25317,ZAV00021,1,354.59,157.25
ZA-00017279,3,SKU62632,ZAV00148,2,693.49,157.56
ZA-00017280,1,SKU67822,ZAV00410,1,219.65,55.19
ZA-00017281,1,SKU98183,ZAV00472,1,257.98,101.7
ZA-00017282,1,SKU44329,ZAV00114,1,2606.79,63.08
ZA-00017283,1,SKU29168,ZAV00147,1,355.58,115.51
ZA-00017283,2,SKU63705,ZAV00562,1,291.3,62.27
ZA-00017284,1,SKU36091,ZAV00107,1,2113.21,168.85
ZA-00017285,1,SKU54744,ZAV00474,1,566.75,84.94
ZA-00017286,1,SKU13895,ZAV00281,1,352.64,84.92
ZA-00017287,1,SKU87677,ZAV00455,1,514.09,165.98
ZA-00017288,1,SKU50570,ZAV00058,1,430.22,131.47
ZA-00017289,1,SKU24529,ZAV00430,1,579.62,141.11
ZA-00017290,1,SKU72627,ZAV00531,1,1343.47,42.19
ZA-00017290,2,SKU21903,ZAV00560,2,156.32,143.36
ZA-00017291,1,SKU10704,ZAV00758,1,1775.36,172.63
ZA-00017291,2,SKU97342,ZAV00633,1,223.55,142.65
ZA-00017292,1,SKU99885,ZAV00768,1,494.75,179.91
ZA-00017293,1,SKU88387,ZAV00582,1,427.98,167.24
ZA-00017294,1,SKU69228,ZAV00736,1,220.02,168.26
ZA-00017295,1,SKU97422,ZAV00455,1,347.22,64.03
ZA-00017296,1,SKU87534,ZAV00617,3,252.27,63.71
ZA-00017297,1,SKU54779,ZAV00527,1,1372.09,37.81
ZA-00017298,1,SKU70746,ZAV00431,2,652.9,169.55
ZA-00017299,1,SKU87368,ZAV00776,1,832.58,113.19
ZA-00017300,1,SKU37258,ZAV00338,1,328.28,82.16
ZA-00017301,1,SKU50528,ZAV00080,1,673.23,46.2
ZA-00017302,1,SKU37652,ZAV00229,1,265.49,173.65
ZA-00017303,1,SKU56760,ZAV00646,1,1287.5,131.54
ZA-00017304,1,SKU69475,ZAV00769,1,374.76,124.7
ZA-00017305,1,SKU41523,ZAV00717,1,5505.05,150.03
ZA-00017306,1,SKU31460,ZAV00565,1,268.85,175.82
ZA-00017307,1,SKU46026,ZAV00337,1,1062.47,68.37
ZA-00017308,1,SKU18702,ZAV00176,1,1026.75,102.56
ZA-00017309,1,SKU43448,ZAV00375,1,598.39,109.34
ZA-00017310,1,SKU23820,ZAV00681,1,228.02,131.72
ZA-00017311,1,SKU90698,ZAV00430,1,1930.59,164.3
ZA-00017312,1,SKU74321,ZAV00707,1,277.89,103.28
ZA-00017312,2,SKU48069,ZAV00152,1,374.88,172.59
ZA-00017313,1,SKU98817,ZAV00111,1,370.78,172.11
ZA-00017313,2,SKU80049,ZAV00167,1,152.02,94.55
ZA-00017314,1,SKU22395,ZAV00142,1,508.98,99.49
ZA-00017315,1,SKU39186,ZAV00170,1,429.77,156.45
ZA-00017316,1,SKU41417,ZAV00007,1,2620.57,162.47
ZA-00017317,1,SKU56638,ZAV00558,2,423.49,138.43
ZA-00017318,1,SKU30385,ZAV00100,1,945.61,75.65
ZA-00017319,1,SKU13635,ZAV00679,1,368.28,77.81
ZA-00017319,2,SKU63950,ZAV00635,1,100.58,159.15
ZA-00017320,1,SKU95538,ZAV00238,1,305.51,55.62
ZA-00017321,1,SKU33673,ZAV00238,1,342.58,62.9
ZA-00017322,1,SKU40269,ZAV00237,1,264.6,174.97
ZA-00017323,1,SKU82738,ZAV00410,1,59.84,43.4
ZA-00017324,1,SKU47474,ZAV00791,1,995.63,132.0
ZA-00017324,2,SKU43248,ZAV00440,1,212.16,132.59
ZA-00017325,1,SKU18049,ZAV00106,1,1130.55,66.32
ZA-00017326,1,SKU77727,ZAV00625,2,211.64,161.19
ZA-00017327,1,SKU62240,ZAV00242,1,298.3,66.19
ZA-00017328,1,SKU87234,ZAV00674,1,141.82,141.9
ZA-00017329,1,SKU94768,ZAV00417,1,754.26,174.73
ZA-00017329,2,SKU56636,ZAV00668,1,553.93,179.73
ZA-00017329,3,SKU32663,ZAV00736,1,56.78,38.86
ZA-00017330,1,SKU15446,ZAV00542,1,787.06,143.88
ZA-00017331,1,SKU34365,ZAV00373,1,344.26,69.78
ZA-00017332,1,SKU77992,ZAV00207,1,244.27,52.95
ZA-00017332,2,SKU88308,ZAV00675,1,1408.62,51.05
ZA-00017333,1,SKU33404,ZAV00551,1,1883.47,149.34
ZA-00017334,1,SKU11732,ZAV00073,1,4011.32,123.73
ZA-00017335,1,SKU31601,ZAV00761,1,584.48,118.43
ZA-00017336,1,SKU43131,ZAV00390,1,439.69,129.39
ZA-00017337,1,SKU18507,ZAV00194,1,262.16,143.94
ZA-00017338,1,SKU48023,ZAV00742,1,289.99,124.63
ZA-00017339,1,SKU93386,ZAV00575,2,1060.18,95.8
ZA-00017340,1,SKU36759,ZAV00027,1,144.63,76.05
ZA-00017341,1,SKU10921,ZAV00536,1,541.0,90.43
ZA-00017342,1,SKU36223,ZAV00565,1,3070.39,103.81
ZA-00017342,2,SKU83855,ZAV00553,1,762.62,75.2
ZA-00017343,1,SKU67908,ZAV00181,1,69.66,51.45
ZA-00017343,2,SKU31065,ZAV00310,1,319.57,57.06
ZA-00017343,3,SKU46773,ZAV00406,1,228.63,97.45
ZA-00017344,1,SKU26979,ZAV00113,1,638.6,143.23
ZA-00017345,1,SKU50468,ZAV00740,1,653.6,140.01
ZA-00017346,1,SKU21477,ZAV00138,1,428.81,142.71
ZA-00017347,1,SKU31157,ZAV00423,1,326.14,108.47
ZA-00017348,1,SKU69519,ZAV00425,1,469.77,157.93
ZA-00017349,1,SKU25555,ZAV00231,1,841.65,80.72
ZA-00017350,1,SKU16044,ZAV00683,1,87.14,84.57
ZA-00017351,1,SKU31822,ZAV00392,1,248.51,163.61
ZA-00017352,1,SKU46153,ZAV00357,1,483.42,84.37
ZA-00017352,2,SKU58761,ZAV00320,1,589.82,43.26
ZA-00017352,3,SKU97200,ZAV00753,1,532.63,179.89
ZA-00017353,1,SKU43890,ZAV00520,1,930.37,147.46
ZA-00017354,1,SKU45216,ZAV00563,1,1108.81,97.47
ZA-00017355,1,SKU26804,ZAV00380,1,116.57,95.91
ZA-00017356,1,SKU59671,ZAV00677,1,560.76,81.93
ZA-00017357,1,SKU44793,ZAV00123,3,175.16,69.95
ZA-00017358,1,SKU37028,ZAV00083,2,127.16,152.99
ZA-00017359,1,SKU71235,ZAV00203,1,321.02,70.52
ZA-00017360,1,SKU11016,ZAV00240,1,220.71,55.05
ZA-00017361,1,SKU62151,ZAV00715,2,112.15,172.44
ZA-00017362,1,SKU52080,ZAV00462,1,114.7,160.98
ZA-00017363,1,SKU70512,ZAV00622,2,378.41,162.2
ZA-00017364,1,SKU88796,ZAV00726,1,237.15,87.18
ZA-00017365,1,SKU35026,ZAV00457,1,219.76,131.35
ZA-00017366,1,SKU35760,ZAV00164,2,205.36,157.55
ZA-00017367,1,SKU96486,ZAV00486,1,931.22,123.46
ZA-00017368,1,SKU61898,ZAV00612,1,159.43,107.32
ZA-00017369,1,SKU53343,ZAV00407,1,316.96,128.24
ZA-00017370,1,SKU59702,ZAV00196,1,133.15,63.48
ZA-00017371,1,SKU95123,ZAV00119,1,186.33,59.99
ZA-00017372,1,SKU87084,ZAV00707,1,534.6,177.23
ZA-00017373,1,SKU67010,ZAV00482,1,563.6,52.11
ZA-00017374,1,SKU90307,ZAV00331,1,262.9,142.66
ZA-00017375,1,SKU40078,ZAV00133,1,336.21,116.88
ZA-00017376,1,SKU60909,ZAV00775,2,807.92,88.41
ZA-00017377,1,SKU70268,ZAV00667,1,314.84,64.09
ZA-00017378,1,SKU13039,ZAV00638,1,33.41,54.8
ZA-00017379,1,SKU14751,ZAV00676,1,1161.99,176.76
ZA-00017380,1,SKU47634,ZAV00020,1,836.28,101.79
ZA-00017381,1,SKU65788,ZAV00429,1,177.04,108.11
ZA-00017382,1,SKU68655,ZAV00297,1,226.98,150.81
ZA-00017383,1,SKU81985,ZAV00050,1,654.24,174.34
ZA-00017383,2,SKU66122,ZAV00455,2,313.68,57.86
ZA-00017383,3,SKU23172,ZAV00375,1,2332.48,139.71
ZA-00017384,1,SKU78797,ZAV00040,1,676.25,52.02
ZA-00017384,2,SKU78401,ZAV00202,1,574.9,35.83
ZA-00017384,3,SKU89937,ZAV00793,1,254.78,139.66
ZA-00017385,1,SKU17344,ZAV00751,1,374.14,135.8
ZA-00017386,1,SKU62501,ZAV00168,1,517.42,95.4
ZA-00017387,1,SKU85595,ZAV00225,1,167.84,121.76
ZA-00017388,1,SKU43098,ZAV00687,1,526.0,108.37
ZA-00017388,2,SKU30521,ZAV00214,2,682.6,178.76
ZA-00017389,1,SKU29112,ZAV00154,2,277.29,81.85
ZA-00017389,2,SKU10247,ZAV00423,1,297.78,178.43
ZA-00017390,1,SKU70048,ZAV00623,1,762.4,40.56
ZA-00017391,1,SKU84459,ZAV00295,2,143.71,127.52
ZA-00017391,2,SKU29231,ZAV00205,1,280.18,63.51
ZA-00017392,1,SKU51017,ZAV00514,2,1125.77,131.27
ZA-00017393,1,SKU43118,ZAV00164,1,179.6,91.45
ZA-00017393,2,SKU17912,ZAV00291,1,908.65,164.35
ZA-00017393,3,SKU98413,ZAV00616,1,483.91,99.11
ZA-00017394,1,SKU55927,ZAV00276,1,255.82,106.99
ZA-00017395,1,SKU65194,ZAV00309,1,412.92,74.73
ZA-00017396,1,SKU73601,ZAV00707,1,4056.97,113.72
ZA-00017397,1,SKU28856,ZAV00271,1,823.11,55.06
ZA-00017398,1,SKU43602,ZAV00223,2,526.85,104.42
ZA-00017399,1,SKU59477,ZAV00527,1,1285.74,160.01
ZA-00017400,1,SKU77431,ZAV00387,2,344.97,37.22
ZA-00017401,1,SKU15747,ZAV00698,1,812.96,113.33
ZA-00017402,1,SKU18114,ZAV00288,1,272.91,131.67
ZA-00017403,1,SKU54863,ZAV00027,1,156.48,130.95
ZA-00017404,1,SKU88876,ZAV00578,1,305.31,44.14
ZA-00017405,1,SKU81349,ZAV00269,1,341.69,90.79
ZA-00017405,2,SKU19686,ZAV00118,3,534.18,47.58
ZA-00017405,3,SKU73248,ZAV00591,1,416.59,140.95
ZA-00017406,1,SKU24075,ZAV00583,1,322.34,154.69
ZA-00017407,1,SKU29456,ZAV00675,1,390.15,138.77
ZA-00017408,1,SKU40696,ZAV00054,1,498.09,142.74
ZA-00017409,1,SKU41678,ZAV00259,1,597.31,71.22
ZA-00017409,2,SKU89911,ZAV00025,1,59.63,63.31
ZA-00017410,1,SKU71391,ZAV00067,1,747.67,54.66
ZA-00017411,1,SKU16445,ZAV00290,1,224.79,66.49
ZA-00017412,1,SKU98109,ZAV00795,1,730.16,163.4
ZA-00017413,1,SKU86528,ZAV00116,1,1634.79,96.42
ZA-00017414,1,SKU89804,ZAV00381,1,414.87,114.26
ZA-00017415,1,SKU93987,ZAV00086,1,600.05,94.3
ZA-00017415,2,SKU99895,ZAV00353,1,939.61,90.29
ZA-00017416,1,SKU41751,ZAV00069,1,572.88,174.65
ZA-00017416,2,SKU31787,ZAV00563,2,272.74,138.48
ZA-00017416,3,SKU33833,ZAV00517,1,69.82,154.37
ZA-00017417,1,SKU44743,ZAV00270,2,1064.45,124.48
ZA-00017418,1,SKU48598,ZAV00696,1,899.76,123.88
ZA-00017419,1,SKU65202,ZAV00721,2,656.81,137.96
ZA-00017419,2,SKU97599,ZAV00311,1,679.97,55.72
ZA-00017420,1,SKU37346,ZAV00366,1,1052.7,91.32
ZA-00017421,1,SKU58800,ZAV00040,1,1510.46,157.66
ZA-00017421,2,SKU92825,ZAV00683,1,1077.53,51.02
ZA-00017421,3,SKU68561,ZAV00276,1,3758.43,129.18
ZA-00017422,1,SKU94386,ZAV00680,1,710.45,59.24
ZA-00017423,1,SKU23874,ZAV00758,1,402.98,91.62
ZA-00017424,1,SKU46950,ZAV00236,1,3055.14,52.22
ZA-00017424,2,SKU28571,ZAV00723,2,1533.68,156.21
ZA-00017424,3,SKU81611,ZAV00112,1,1976.95,161.23
ZA-00017425,1,SKU31105,ZAV00155,1,150.37,106.57
ZA-00017426,1,SKU58309,ZAV00006,1,671.87,165.06
ZA-00017426,2,SKU39272,ZAV00110,2,839.71,163.93
ZA-00017426,3,SKU65051,ZAV00281,1,277.01,53.22
ZA-00017427,1,SKU98914,ZAV00288,1,771.84,51.09
ZA-00017428,1,SKU62376,ZAV00559,1,280.68,170.0
ZA-00017428,2,SKU26500,ZAV00379,2,319.06,85.53
ZA-00017429,1,SKU80895,ZAV00270,1,156.04,146.89
ZA-00017430,1,SKU92919,ZAV00220,1,603.54,61.09
ZA-00017431,1,SKU97977,ZAV00102,1,292.41,133.57
ZA-00017432,1,SKU64702,ZAV00637,1,1317.86,50.46
ZA-00017433,1,SKU64189,ZAV00348,1,846.87,156.48
ZA-00017434,1,SKU58393,ZAV00165,1,632.86,57.91
ZA-00017435,1,SKU17466,ZAV00179,1,184.58,41.05
ZA-00017435,2,SKU42058,ZAV00029,1,442.41,71.65
ZA-00017436,1,SKU76590,ZAV00060,1,180.98,48.48
ZA-00017437,1,SKU15677,ZAV00702,1,1410.15,149.25
ZA-00017438,1,SKU16220,ZAV00282,1,508.68,125.68
ZA-00017439,1,SKU29304,ZAV00361,1,1733.46,177.35
ZA-00017440,1,SKU58462,ZAV00552,1,923.09,106.47
ZA-00017440,2,SKU25517,ZAV00578,1,389.93,163.01
ZA-00017441,1,SKU94381,ZAV00437,1,378.6,129.29
ZA-00017442,1,SKU60110,ZAV00216,2,289.51,122.33
ZA-00017443,1,SKU24974,ZAV00576,1,367.26,85.49
ZA-00017443,2,SKU13336,ZAV00645,3,344.2,141.37
ZA-00017444,1,SKU81889,ZAV00196,1,367.32,139.2
ZA-00017445,1,SKU36717,ZAV00159,1,263.13,67.32
ZA-00017445,2,SKU66385,ZAV00586,1,469.72,139.54
ZA-00017445,3,SKU10835,ZAV00367,1,278.7,114.02
ZA-00017446,1,SKU27476,ZAV00652,1,336.3,143.23
ZA-00017446,2,SKU67520,ZAV00209,2,1693.99,178.76
ZA-00017447,1,SKU51143,ZAV00787,1,188.0,140.19
ZA-00017448,1,SKU76611,ZAV00031,2,2410.8,160.65
ZA-00017448,2,SKU37476,ZAV00474,1,1756.43,73.64
ZA-00017449,1,SKU46847,ZAV00593,1,654.29,79.69
ZA-00017450,1,SKU30013,ZAV00517,1,313.78,159.44
ZA-00017450,2,SKU16936,ZAV00397,1,499.61,81.84
ZA-00017451,1,SKU77664,ZAV00496,1,533.41,118.09
ZA-00017452,1,SKU73723,ZAV00471,1,739.18,66.35
ZA-00017453,1,SKU12179,ZAV00653,1,253.61,79.24
ZA-00017454,1,SKU94829,ZAV00545,1,448.21,74.42
ZA-00017454,2,SKU30797,ZAV00663,1,276.28,54.99
ZA-00017454,3,SKU36358,ZAV00247,1,981.36,106.92
ZA-00017455,1,SKU36972,ZAV00114,1,501.62,111.99
ZA-00017456,1,SKU56275,ZAV00672,1,331.2,158.96
ZA-00017457,1,SKU47835,ZAV00346,1,581.78,42.76
ZA-00017458,1,SKU70693,ZAV00137,1,254.27,37.74
ZA-00017459,1,SKU70093,ZAV00433,1,119.4,35.22
ZA-00017460,1,SKU75386,ZAV00458,1,909.83,165.49
ZA-00017461,1,SKU75394,ZAV00075,1,2392.54,69.79
ZA-00017462,1,SKU59994,ZAV00294,1,126.18,151.14
ZA-00017463,1,SKU80917,ZAV00157,1,303.43,90.5
ZA-00017464,1,SKU52934,ZAV00214,1,767.93,142.86
ZA-00017465,1,SKU68360,ZAV00564,1,320.99,81.2
ZA-00017466,1,SKU80032,ZAV00274,1,480.9,83.96
ZA-00017467,1,SKU26370,ZAV00727,1,601.79,124.0
ZA-00017468,1,SKU65637,ZAV00174,1,594.57,163.84
ZA-00017469,1,SKU58608,ZAV00139,1,1032.84,39.87
ZA-00017470,1,SKU26220,ZAV00623,1,2175.37,56.98
ZA-00017471,1,SKU76671,ZAV00217,1,595.1,79.89
ZA-00017472,1,SKU21189,ZAV00169,1,145.03,64.86
ZA-00017473,1,SKU51649,ZAV00715,1,224.17,61.1
ZA-00017474,1,SKU34877,ZAV00023,1,734.13,133.28
ZA-00017474,2,SKU46614,ZAV00477,1,767.85,158.36
ZA-00017475,1,SKU99774,ZAV00654,3,244.57,133.94
ZA-00017475,2,SKU83566,ZAV00363,2,755.69,148.33
ZA-00017476,1,SKU34462,ZAV00676,1,592.41,104.64
ZA-00017477,1,SKU80019,ZAV00772,1,1158.61,94.87
ZA-00017478,1,SKU98784,ZAV00345,2,259.0,144.83
ZA-00017478,2,SKU25012,ZAV00738,1,223.64,55.95
ZA-00017479,1,SKU29727,ZAV00490,2,375.89,156.5
ZA-00017480,1,SKU46817,ZAV00535,1,113.47,72.71
ZA-00017480,2,SKU48140,ZAV00698,1,2403.39,146.6
ZA-00017481,1,SKU73028,ZAV00775,1,189.31,122.98
ZA-00017482,1,SKU64552,ZAV00095,1,625.55,43.11
ZA-00017482,2,SKU89927,ZAV00391,1,196.11,167.46
ZA-00017483,1,SKU44652,ZAV00193,1,639.64,172.26
ZA-00017484,1,SKU36962,ZAV00335,2,393.64,129.99
ZA-00017485,1,SKU90246,ZAV00551,1,228.42,116.16
ZA-00017486,1,SKU93350,ZAV00405,1,995.51,55.7
ZA-00017486,2,SKU21396,ZAV00287,1,431.09,171.33
ZA-00017487,1,SKU61316,ZAV00746,1,188.42,129.01
ZA-00017488,1,SKU39940,ZAV00594,2,91.87,44.15
ZA-00017489,1,SKU95425,ZAV00263,1,306.41,98.16
ZA-00017489,2,SKU33578,ZAV00750,1,307.21,76.44
ZA-00017490,1,SKU78370,ZAV00484,1,482.87,102.82
ZA-00017491,1,SKU88502,ZAV00616,2,1240.6,40.01
ZA-00017492,1,SKU33054,ZAV00107,1,746.72,134.17
ZA-00017493,1,SKU30875,ZAV00759,1,1292.47,113.25
ZA-00017494,1,SKU50657,ZAV00479,1,326.28,64.09
ZA-00017495,1,SKU50242,ZAV00640,1,368.13,112.79
ZA-00017496,1,SKU46087,ZAV00782,2,1437.31,172.35
ZA-00017497,1,SKU14260,ZAV00337,1,1347.85,113.55
ZA-00017498,1,SKU45509,ZAV00584,1,297.52,123.05
ZA-00017498,2,SKU56758,ZAV00586,1,207.54,117.83
ZA-00017499,1,SKU19988,ZAV00427,1,258.3,59.69
ZA-00017500,1,SKU85468,ZAV00695,2,495.4,110.27
ZA-00017500,2,SKU82555,ZAV00497,2,371.43,151.45
ZA-00017501,1,SKU20693,ZAV00223,1,58.48,76.94
ZA-00017502,1,SKU87261,ZAV00359,1,208.49,48.32
ZA-00017503,1,SKU12770,ZAV00060,1,340.56,158.13
ZA-00017503,2,SKU63974,ZAV00229,2,556.87,47.22
ZA-00017504,1,SKU39857,ZAV00199,1,672.4,38.46
ZA-00017505,1,SKU79134,ZAV00112,1,290.55,46.84
ZA-00017506,1,SKU28955,ZAV00171,1,568.85,175.73
ZA-00017507,1,SKU76222,ZAV00354,1,802.17,66.95
ZA-00017507,2,SKU66556,ZAV00095,1,227.29,150.78
ZA-00017508,1,SKU48373,ZAV00425,1,1935.02,86.4
ZA-00017508,2,SKU64769,ZAV00045,1,1331.84,64.5
ZA-00017508,3,SKU34871,ZAV00339,3,278.17,103.01
ZA-00017509,1,SKU58765,ZAV00598,1,285.62,92.5
ZA-00017510,1,SKU26296,ZAV00046,1,379.58,162.01
ZA-00017510,2,SKU50976,ZAV00236,1,451.6,169.12
ZA-00017511,1,SKU44790,ZAV00088,1,497.66,35.31
ZA-00017512,1,SKU97346,ZAV00387,1,1911.19,161.08
ZA-00017513,1,SKU11231,ZAV00296,1,825.79,137.6
ZA-00017514,1,SKU24052,ZAV00318,1,549.29,144.95
ZA-00017515,1,SKU75238,ZAV00561,1,983.81,58.66
ZA-00017516,1,SKU46629,ZAV00372,1,398.97,157.43
ZA-00017517,1,SKU67546,ZAV00705,2,239.51,179.05
ZA-00017518,1,SKU92317,ZAV00422,1,1777.19,58.45
ZA-00017518,2,SKU60226,ZAV00103,1,291.0,84.2
ZA-00017519,1,SKU47338,ZAV00673,1,330.37,81.45
ZA-00017520,1,SKU68490,ZAV00054,1,363.2,88.96
ZA-00017521,1,SKU71929,ZAV00643,1,262.68,92.54
ZA-00017521,2,SKU35076,ZAV00588,1,1555.67,72.64
ZA-00017522,1,SKU40492,ZAV00114,1,119.79,82.19
ZA-00017523,1,SKU25575,ZAV00549,1,805.28,81.66
ZA-00017523,2,SKU64015,ZAV00144,1,391.66,76.57
ZA-00017524,1,SKU14415,ZAV00438,1,364.48,171.76
ZA-00017525,1,SKU60969,ZAV00113,1,3321.62,67.77
ZA-00017526,1,SKU32976,ZAV00778,1,744.07,40.81
ZA-00017527,1,SKU75469,ZAV00644,1,481.82,170.27
ZA-00017528,1,SKU82146,ZAV00046,1,353.22,166.45
ZA-00017529,1,SKU14240,ZAV00025,1,604.7,140.67
ZA-00017529,2,SKU69765,ZAV00279,1,459.9,72.02
ZA-00017529,3,SKU28286,ZAV00469,1,857.46,46.75
ZA-00017530,1,SKU50001,ZAV00531,2,1116.58,59.89
ZA-00017531,1,SKU59626,ZAV00485,1,541.31,148.26
ZA-00017532,1,SKU97730,ZAV00354,1,1681.97,37.78
ZA-00017532,2,SKU55779,ZAV00159,1,222.53,122.19
ZA-00017532,3,SKU49661,ZAV00514,1,314.26,57.0
ZA-00017533,1,SKU89339,ZAV00488,1,220.94,136.28
ZA-00017534,1,SKU46506,ZAV00425,1,307.97,55.56
ZA-00017535,1,SKU18341,ZAV00558,1,937.54,88.73
ZA-00017536,1,SKU35742,ZAV00550,1,438.2,113.73
ZA-00017536,2,SKU93983,ZAV00568,1,566.48,46.23
ZA-00017537,1,SKU15110,ZAV00107,1,324.96,35.48
ZA-00017538,1,SKU59366,ZAV00184,1,276.36,150.86
ZA-00017539,1,SKU46598,ZAV00677,1,665.61,140.46
ZA-00017540,1,SKU20935,ZAV00383,1,197.63,171.25
ZA-00017541,1,SKU27298,ZAV00688,1,927.52,86.28
ZA-00017541,2,SKU95030,ZAV00151,1,280.83,98.53
ZA-00017542,1,SKU75638,ZAV00182,1,209.29,141.0
ZA-00017542,2,SKU49991,ZAV00522,1,760.77,161.11
ZA-00017543,1,SKU86771,ZAV00125,1,324.57,108.16
ZA-00017544,1,SKU51772,ZAV00724,1,676.61,151.14
ZA-00017544,2,SKU63278,ZAV00109,1,40.2,86.13
ZA-00017545,1,SKU34418,ZAV00504,1,591.23,61.55
ZA-00017546,1,SKU76791,ZAV00043,1,336.59,114.38
ZA-00017547,1,SKU11893,ZAV00002,1,185.41,105.43
ZA-00017548,1,SKU68156,ZAV00411,1,1082.29,101.73
ZA-00017549,1,SKU44553,ZAV00134,1,651.14,81.09
ZA-00017550,1,SKU43559,ZAV00559,1,880.18,42.96
ZA-00017550,2,SKU62338,ZAV00571,3,1431.81,74.78
ZA-00017551,1,SKU68405,ZAV00666,1,392.22,140.65
ZA-00017552,1,SKU58043,ZAV00695,2,663.22,139.36
ZA-00017553,1,SKU84111,ZAV00237,1,151.24,109.67
ZA-00017554,1,SKU71608,ZAV00542,1,209.31,41.17
ZA-00017555,1,SKU39346,ZAV00005,2,311.97,58.3
ZA-00017555,2,SKU30869,ZAV00268,1,368.63,40.33
ZA-00017556,1,SKU78925,ZAV00130,1,453.21,127.15
ZA-00017557,1,SKU15076,ZAV00676,1,980.31,134.12
ZA-00017558,1,SKU61968,ZAV00730,1,743.23,156.36
ZA-00017559,1,SKU31576,ZAV00660,1,119.08,168.9
ZA-00017560,1,SKU72561,ZAV00467,1,4746.22,129.46
ZA-00017560,2,SKU92583,ZAV00406,1,926.52,154.08
ZA-00017561,1,SKU67768,ZAV00227,1,445.73,48.25
ZA-00017562,1,SKU31918,ZAV00566,2,105.38,65.56
ZA-00017563,1,SKU71113,ZAV00063,2,495.78,99.65
ZA-00017564,1,SKU65829,ZAV00408,1,362.41,103.3
ZA-00017565,1,SKU18692,ZAV00436,1,887.2,43.37
ZA-00017566,1,SKU73955,ZAV00109,1,551.35,121.41
ZA-00017567,1,SKU17366,ZAV00189,1,364.7,122.28
ZA-00017568,1,SKU18024,ZAV00597,1,644.8,132.22
ZA-00017568,2,SKU28267,ZAV00014,2,1129.5,121.28
ZA-00017569,1,SKU52342,ZAV00419,1,289.3,153.07
ZA-00017570,1,SKU42082,ZAV00097,1,920.85,124.63
ZA-00017571,1,SKU35532,ZAV00332,1,478.11,68.72
ZA-00017572,1,SKU70257,ZAV00424,1,1112.1,67.01
ZA-00017573,1,SKU87112,ZAV00331,1,543.12,169.16
ZA-00017574,1,SKU51703,ZAV00630,1,505.94,154.77
ZA-00017575,1,SKU43413,ZAV00295,1,159.5,117.87
ZA-00017576,1,SKU59648,ZAV00011,1,1018.03,40.23
ZA-00017577,1,SKU61643,ZAV00307,1,272.08,108.1
ZA-00017578,1,SKU14951,ZAV00366,1,468.24,148.26
ZA-00017579,1,SKU73474,ZAV00153,1,526.76,76.7
ZA-00017580,1,SKU85926,ZAV00554,1,722.05,147.56
ZA-00017580,2,SKU93316,ZAV00192,1,972.81,117.9
ZA-00017581,1,SKU57589,ZAV00319,1,278.47,100.54
ZA-00017582,1,SKU47820,ZAV00627,1,853.42,158.87
ZA-00017582,2,SKU51587,ZAV00301,1,822.72,169.85
ZA-00017583,1,SKU84989,ZAV00432,3,110.7,166.36
ZA-00017584,1,SKU92069,ZAV00155,1,349.19,49.37
ZA-00017585,1,SKU75720,ZAV00187,1,236.67,130.73
ZA-00017585,2,SKU56758,ZAV00292,1,842.16,84.84
ZA-00017586,1,SKU28445,ZAV00649,1,2119.51,100.49
ZA-00017587,1,SKU81766,ZAV00644,1,1215.72,117.52
ZA-00017588,1,SKU29473,ZAV00332,1,785.73,43.8
ZA-00017589,1,SKU93348,ZAV00596,1,347.09,75.59
ZA-00017590,1,SKU50151,ZAV00511,1,220.97,43.21
ZA-00017591,1,SKU57188,ZAV00143,1,358.85,150.18
ZA-00017591,2,SKU70638,ZAV00164,1,2649.21,78.52
ZA-00017592,1,SKU75530,ZAV00280,1,260.15,176.03
ZA-00017592,2,SKU85823,ZAV00626,1,138.32,159.48
ZA-00017593,1,SKU96848,ZAV00094,1,273.61,93.64
ZA-00017594,1,SKU14517,ZAV00728,1,504.07,126.57
ZA-00017595,1,SKU38129,ZAV00322,1,212.72,110.1
ZA-00017596,1,SKU37239,ZAV00393,2,148.72,164.39
ZA-00017597,1,SKU38796,ZAV00440,1,717.54,162.93
ZA-00017598,1,SKU23343,ZAV00115,1,525.99,116.83
ZA-00017599,1,SKU61816,ZAV00632,1,874.2,155.21
ZA-00017600,1,SKU59067,ZAV00006,1,355.05,42.95
ZA-00017600,2,SKU77183,ZAV00493,2,1032.01,137.01
ZA-00017601,1,SKU41494,ZAV00706,1,76.79,71.32
ZA-00017601,2,SKU82380,ZAV00408,1,221.1,130.54
ZA-00017601,3,SKU41592,ZAV00787,1,1960.46,79.4
ZA-00017602,1,SKU24732,ZAV00640,1,323.36,61.29
ZA-00017603,1,SKU27524,ZAV00694,1,84.87,106.51
ZA-00017604,1,SKU22077,ZAV00508,1,1613.1,115.79
ZA-00017605,1,SKU16648,ZAV00028,2,540.6,142.71
ZA-00017606,1,SKU75201,ZAV00215,1,263.8,73.31
ZA-00017607,1,SKU99471,ZAV00463,1,151.6,65.22
ZA-00017608,1,SKU43384,ZAV00551,1,434.68,129.7
ZA-00017608,2,SKU85188,ZAV00094,3,386.1,77.77
ZA-00017608,3,SKU69116,ZAV00366,1,134.19,157.54
ZA-00017609,1,SKU15262,ZAV00367,1,1043.91,47.18
ZA-00017609,2,SKU26525,ZAV00231,1,809.39,83.55
ZA-00017609,3,SKU64191,ZAV00456,1,307.31,151.34
ZA-00017610,1,SKU68821,ZAV00549,2,739.24,82.27
ZA-00017611,1,SKU74013,ZAV00296,1,177.0,112.97
ZA-00017612,1,SKU44197,ZAV00282,1,223.33,107.86
ZA-00017613,1,SKU43910,ZAV00108,1,444.91,78.93
ZA-00017614,1,SKU41771,ZAV00189,1,293.64,146.31
ZA-00017615,1,SKU25784,ZAV00371,1,138.56,141.33
ZA-00017616,1,SKU46470,ZAV00063,1,831.09,70.95
ZA-00017617,1,SKU80115,ZAV00419,1,1290.98,55.03
ZA-00017617,2,SKU26852,ZAV00524,1,340.21,44.81
ZA-00017618,1,SKU81482,ZAV00458,1,382.15,175.38
ZA-00017619,1,SKU27628,ZAV00008,2,2536.71,129.44
ZA-00017620,1,SKU36658,ZAV00181,1,126.91,128.78
ZA-00017621,1,SKU13899,ZAV00337,1,350.56,179.09
ZA-00017622,1,SKU30958,ZAV00718,1,319.28,95.37
ZA-00017623,1,SKU71211,ZAV00045,1,2433.87,92.03
ZA-00017624,1,SKU35456,ZAV00118,1,1132.74,154.47
ZA-00017625,1,SKU78747,ZAV00444,1,225.67,107.43
ZA-00017626,1,SKU41874,ZAV00278,1,291.7,148.5
ZA-00017627,1,SKU66247,ZAV00282,1,394.29,73.23
ZA-00017628,1,SKU95368,ZAV00586,1,1905.11,79.07
ZA-00017629,1,SKU54961,ZAV00584,1,809.59,128.56
ZA-00017629,2,SKU30126,ZAV00177,1,148.54,110.96
ZA-00017629,3,SKU79102,ZAV00393,3,239.05,158.89
ZA-00017630,1,SKU29015,ZAV00156,1,568.44,82.69
ZA-00017631,1,SKU60175,ZAV00459,1,68.98,63.64
ZA-00017632,1,SKU72621,ZAV00423,1,708.1,146.58
ZA-00017632,2,SKU75211,ZAV00394,1,317.17,125.91
ZA-00017633,1,SKU21495,ZAV00394,1,247.79,144.28
ZA-00017634,1,SKU89048,ZAV00393,1,198.09,130.97
ZA-00017635,1,SKU56877,ZAV00539,1,77.76,100.04
ZA-00017636,1,SKU53360,ZAV00727,1,2247.19,55.26
ZA-00017637,1,SKU42591,ZAV00268,2,1360.72,110.29
ZA-00017638,1,SKU94596,ZAV00724,1,179.27,68.28
ZA-00017639,1,SKU74313,ZAV00638,1,497.38,155.23
ZA-00017640,1,SKU94006,ZAV00636,1,169.11,134.13
ZA-00017640,2,SKU43405,ZAV00054,1,288.86,44.84
ZA-00017640,3,SKU88439,ZAV00030,1,310.63,102.08
ZA-00017641,1,SKU56816,ZAV00621,1,278.06,104.26
ZA-00017642,1,SKU50093,ZAV00131,1,549.13,138.09
ZA-00017643,1,SKU99836,ZAV00555,1,575.51,52.97
ZA-00017644,1,SKU19127,ZAV00733,1,393.29,81.78
ZA-00017644,2,SKU30023,ZAV00176,1,146.71,47.47
ZA-00017644,3,SKU30153,ZAV00161,1,1194.52,67.02
ZA-00017645,1,SKU14151,ZAV00617,1,655.55,152.04
ZA-00017646,1,SKU78544,ZAV00486,1,545.31,111.01
ZA-00017647,1,SKU48845,ZAV00350,1,799.05,107.39
ZA-00017648,1,SKU57272,ZAV00295,1,121.12,153.6
ZA-00017649,1,SKU71278,ZAV00363,1,1159.68,121.35
ZA-00017650,1,SKU98337,ZAV00123,1,324.76,143.98
ZA-00017651,1,SKU52523,ZAV00773,2,99.9,66.7
ZA-00017652,1,SKU85941,ZAV00392,1,402.11,84.54
ZA-00017653,1,SKU95034,ZAV00693,1,364.02,148.07
ZA-00017654,1,SKU48913,ZAV00658,1,158.8,50.37
ZA-00017655,1,SKU56376,ZAV00140,2,356.62,177.08
ZA-00017655,2,SKU80573,ZAV00607,1,280.57,53.5
ZA-00017656,1,SKU93600,ZAV00260,1,1130.22,35.92
ZA-00017657,1,SKU24292,ZAV00138,1,232.72,80.92
ZA-00017658,1,SKU10180,ZAV00070,2,88.2,138.48
ZA-00017659,1,SKU34838,ZAV00517,1,212.23,69.13
ZA-00017659,2,SKU76228,ZAV00500,1,213.96,138.41
ZA-00017659,3,SKU62440,ZAV00207,1,252.55,159.46
ZA-00017660,1,SKU18016,ZAV00346,2,843.81,96.23
ZA-00017661,1,SKU50023,ZAV00787,3,236.26,128.03
ZA-00017662,1,SKU71435,ZAV00704,1,110.01,179.52
ZA-00017662,2,SKU10888,ZAV00535,1,61.78,126.18
ZA-00017663,1,SKU29911,ZAV00534,2,215.62,133.31
ZA-00017664,1,SKU19981,ZAV00566,1,686.39,68.71
ZA-00017665,1,SKU24496,ZAV00023,2,1839.62,105.95
ZA-00017665,2,SKU45202,ZAV00470,1,225.15,149.67
ZA-00017666,1,SKU14673,ZAV00480,1,545.88,144.68
ZA-00017667,1,SKU59768,ZAV00640,1,356.76,173.86
ZA-00017668,1,SKU47055,ZAV00064,1,195.08,50.75
ZA-00017669,1,SKU79995,ZAV00712,2,363.46,118.11
ZA-00017669,2,SKU65389,ZAV00108,1,114.66,164.93
ZA-00017670,1,SKU97054,ZAV00029,2,906.3,36.83
ZA-00017670,2,SKU40746,ZAV00085,1,2451.56,120.99
ZA-00017671,1,SKU63959,ZAV00149,1,210.53,175.57
ZA-00017671,2,SKU73821,ZAV00153,1,252.82,118.06
ZA-00017671,3,SKU91742,ZAV00632,1,967.64,95.16
ZA-00017672,1,SKU49318,ZAV00162,1,402.97,141.17
ZA-00017673,1,SKU66197,ZAV00750,1,240.36,91.83
ZA-00017674,1,SKU82299,ZAV00505,1,501.85,128.42
ZA-00017674,2,SKU67165,ZAV00453,1,690.68,90.27
ZA-00017675,1,SKU45610,ZAV00292,1,826.67,122.92
ZA-00017676,1,SKU89450,ZAV00661,1,235.35,134.75
ZA-00017677,1,SKU91339,ZAV00048,1,149.43,120.43
ZA-00017678,1,SKU82472,ZAV00179,1,378.7,87.5
ZA-00017679,1,SKU82288,ZAV00755,1,239.62,151.71
ZA-00017680,1,SKU28985,ZAV00317,2,804.14,178.4
ZA-00017680,2,SKU33132,ZAV00035,1,88.25,36.44
ZA-00017680,3,SKU57729,ZAV00572,1,593.11,44.39
ZA-00017681,1,SKU57019,ZAV00189,1,3454.08,134.66
ZA-00017682,1,SKU24877,ZAV00397,1,448.29,95.97
ZA-00017683,1,SKU93597,ZAV00365,1,1122.25,154.02
ZA-00017684,1,SKU26304,ZAV00608,2,709.33,76.21
ZA-00017685,1,SKU36153,ZAV00607,1,345.64,175.53
ZA-00017686,1,SKU13605,ZAV00588,2,508.14,114.15
ZA-00017687,1,SKU84431,ZAV00470,1,256.24,119.71
ZA-00017688,1,SKU66024,ZAV00111,1,149.15,35.68
ZA-00017688,2,SKU45177,ZAV00761,1,186.47,119.69
ZA-00017689,1,SKU38996,ZAV00769,1,243.96,45.01
ZA-00017690,1,SKU84158,ZAV00108,1,1874.57,115.8
ZA-00017690,2,SKU42020,ZAV00412,1,47.41,54.86
ZA-00017691,1,SKU43543,ZAV00728,1,222.09,106.97
ZA-00017692,1,SKU11870,ZAV00228,2,345.1,136.77
ZA-00017693,1,SKU15135,ZAV00621,1,1078.97,137.66
ZA-00017693,2,SKU96163,ZAV00462,1,506.38,171.49
ZA-00017694,1,SKU73056,ZAV00613,1,441.29,74.13
ZA-00017694,2,SKU41727,ZAV00270,1,277.85,53.8
ZA-00017695,1,SKU78889,ZAV00078,1,704.03,70.63
ZA-00017696,1,SKU13283,ZAV00075,2,140.38,152.8
ZA-00017697,1,SKU66902,ZAV00629,2,2169.82,54.28
ZA-00017697,2,SKU74861,ZAV00536,1,744.84,93.1
ZA-00017698,1,SKU76273,ZAV00742,1,170.99,73.88
ZA-00017699,1,SKU33710,ZAV00038,2,384.38,37.08
ZA-00017700,1,SKU54670,ZAV00643,1,479.03,96.79
ZA-00017700,2,SKU15432,ZAV00527,1,894.18,47.27
ZA-00017700,3,SKU57501,ZAV00574,1,736.15,171.46
ZA-00017701,1,SKU32542,ZAV00352,1,1783.81,159.52
ZA-00017702,1,SKU11946,ZAV00217,1,205.08,79.02
ZA-00017703,1,SKU35554,ZAV00196,1,62.11,88.11
ZA-00017704,1,SKU57449,ZAV00077,1,809.47,47.48
ZA-00017705,1,SKU76872,ZAV00445,1,301.88,161.4
ZA-00017706,1,SKU20603,ZAV00134,1,317.38,107.13
ZA-00017706,2,SKU75746,ZAV00667,1,332.29,164.41
ZA-00017707,1,SKU49964,ZAV00427,1,91.18,80.69
ZA-00017708,1,SKU62991,ZAV00721,1,320.34,54.86
ZA-00017708,2,SKU27535,ZAV00330,1,626.63,101.67
ZA-00017708,3,SKU68483,ZAV00112,1,131.19,173.02
ZA-00017709,1,SKU24420,ZAV00608,1,425.01,105.28
ZA-00017710,1,SKU56555,ZAV00005,1,462.24,133.93
ZA-00017710,2,SKU87548,ZAV00634,1,460.37,37.25
ZA-00017711,1,SKU63747,ZAV00427,1,570.67,113.24
ZA-00017711,2,SKU64304,ZAV00121,1,402.11,165.9
ZA-00017712,1,SKU28474,ZAV00172,1,223.78,119.34
ZA-00017713,1,SKU54770,ZAV00081,1,241.28,46.79
ZA-00017714,1,SKU64784,ZAV00523,1,1053.02,78.7
ZA-00017715,1,SKU96279,ZAV00660,1,503.65,142.78
ZA-00017715,2,SKU40645,ZAV00619,1,102.42,41.57
ZA-00017716,1,SKU40662,ZAV00586,1,723.11,131.95
ZA-00017717,1,SKU48020,ZAV00638,1,1911.19,35.33
ZA-00017718,1,SKU76068,ZAV00597,1,202.22,148.15
ZA-00017719,1,SKU90184,ZAV00696,1,804.92,87.03
ZA-00017719,2,SKU47530,ZAV00580,1,285.21,43.06
ZA-00017720,1,SKU78480,ZAV00674,2,377.19,107.9
ZA-00017721,1,SKU42560,ZAV00104,1,693.48,160.7
ZA-00017722,1,SKU48542,ZAV00723,1,96.1,129.24
ZA-00017722,2,SKU70851,ZAV00564,2,676.67,124.79
ZA-00017723,1,SKU63933,ZAV00681,1,188.37,156.2
ZA-00017724,1,SKU17958,ZAV00180,2,475.18,40.5
ZA-00017724,2,SKU84960,ZAV00634,1,782.45,65.3
ZA-00017724,3,SKU74942,ZAV00539,1,1531.08,102.38
ZA-00017725,1,SKU26067,ZAV00373,3,368.12,122.53
ZA-00017726,1,SKU39284,ZAV00014,1,109.92,40.78
ZA-00017727,1,SKU56147,ZAV00615,2,314.18,109.01
ZA-00017728,1,SKU41288,ZAV00456,1,965.35,88.36
ZA-00017729,1,SKU57013,ZAV00670,1,1317.46,121.34
ZA-00017730,1,SKU69249,ZAV00151,1,782.73,91.93
ZA-00017731,1,SKU12101,ZAV00265,1,2710.2,147.79
ZA-00017732,1,SKU89377,ZAV00228,1,304.36,165.99
ZA-00017732,2,SKU12080,ZAV00356,1,658.04,141.59
ZA-00017732,3,SKU28110,ZAV00673,1,243.86,38.39
ZA-00017733,1,SKU37259,ZAV00217,1,395.16,165.97
ZA-00017733,2,SKU33468,ZAV00294,1,329.67,177.37
ZA-00017733,3,SKU49232,ZAV00611,1,344.4,58.71
ZA-00017734,1,SKU81721,ZAV00270,1,311.53,73.27
ZA-00017735,1,SKU83275,ZAV00162,1,903.88,71.69
ZA-00017735,2,SKU34069,ZAV00429,1,272.35,129.68
ZA-00017735,3,SKU63860,ZAV00045,1,434.79,75.87
ZA-00017736,1,SKU30032,ZAV00535,1,333.54,44.14
ZA-00017737,1,SKU93950,ZAV00556,1,1300.47,127.39
ZA-00017738,1,SKU36612,ZAV00429,1,505.51,113.79
ZA-00017739,1,SKU50404,ZAV00274,1,348.94,151.41
ZA-00017740,1,SKU33007,ZAV00622,1,937.31,108.97
ZA-00017741,1,SKU32203,ZAV00602,1,1327.25,111.82
ZA-00017742,1,SKU14356,ZAV00559,1,584.15,51.03
ZA-00017743,1,SKU88213,ZAV00006,1,83.92,128.0
ZA-00017744,1,SKU74062,ZAV00194,1,707.87,95.79
ZA-00017745,1,SKU48807,ZAV00329,1,2659.34,62.13
ZA-00017745,2,SKU51642,ZAV00756,1,204.37,95.47
ZA-00017745,3,SKU58611,ZAV00622,3,203.96,59.06
ZA-00017746,1,SKU63766,ZAV00445,1,133.77,48.77
ZA-00017747,1,SKU43451,ZAV00458,2,1296.53,41.04
ZA-00017748,1,SKU33337,ZAV00738,2,370.9,130.04
ZA-00017749,1,SKU94851,ZAV00484,1,104.46,164.07
ZA-00017750,1,SKU11327,ZAV00227,1,960.25,157.66
ZA-00017751,1,SKU89151,ZAV00147,1,1514.41,49.36
ZA-00017751,2,SKU48813,ZAV00772,1,478.25,56.32
ZA-00017751,3,SKU48368,ZAV00590,1,53.67,177.77
ZA-00017752,1,SKU30293,ZAV00426,1,295.56,96.86
ZA-00017753,1,SKU41511,ZAV00558,1,140.4,118.59
ZA-00017753,2,SKU85966,ZAV00230,2,497.68,71.66
ZA-00017754,1,SKU34804,ZAV00737,3,598.35,56.93
ZA-00017755,1,SKU53982,ZAV00707,1,425.46,36.46
ZA-00017756,1,SKU76056,ZAV00177,1,244.3,56.15
ZA-00017757,1,SKU97827,ZAV00340,1,507.59,58.11
ZA-00017758,1,SKU61138,ZAV00395,1,83.01,151.8
ZA-00017758,2,SKU95678,ZAV00652,1,871.93,46.05
ZA-00017759,1,SKU32806,ZAV00760,1,214.14,70.14
ZA-00017760,1,SKU35550,ZAV00345,1,3163.82,133.65
ZA-00017761,1,SKU43793,ZAV00709,1,637.29,106.59
ZA-00017762,1,SKU36272,ZAV00229,1,549.09,145.21
ZA-00017763,1,SKU43061,ZAV00759,1,228.53,135.79
ZA-00017764,1,SKU67944,ZAV00003,1,679.42,121.6
ZA-00017765,1,SKU92764,ZAV00399,1,1607.02,110.96
ZA-00017766,1,SKU98648,ZAV00500,1,2541.35,161.55
ZA-00017767,1,SKU81887,ZAV00457,1,320.77,168.0
ZA-00017768,1,SKU49446,ZAV00275,1,306.11,50.81
ZA-00017769,1,SKU50276,ZAV00292,1,499.69,113.41
ZA-00017769,2,SKU35623,ZAV00662,1,1310.25,115.81
ZA-00017770,1,SKU45986,ZAV00267,1,596.63,103.17
ZA-00017771,1,SKU73980,ZAV00182,1,2247.68,106.65
ZA-00017772,1,SKU92749,ZAV00512,1,1058.02,40.53
ZA-00017773,1,SKU85260,ZAV00542,1,442.74,137.16
ZA-00017774,1,SKU13180,ZAV00165,1,279.17,101.81
ZA-00017775,1,SKU55895,ZAV00754,2,239.44,113.1
ZA-00017775,2,SKU12964,ZAV00381,1,635.92,64.87
ZA-00017776,1,SKU75663,ZAV00681,1,303.73,148.58
ZA-00017777,1,SKU79438,ZAV00501,1,1338.04,171.22
ZA-00017778,1,SKU66961,ZAV00692,1,90.32,169.71
ZA-00017779,1,SKU67425,ZAV00212,1,480.11,128.74
ZA-00017780,1,SKU54334,ZAV00463,1,593.45,124.58
ZA-00017781,1,SKU47400,ZAV00032,1,732.45,36.41
ZA-00017782,1,SKU82631,ZAV00662,1,435.41,177.72
ZA-00017783,1,SKU61869,ZAV00132,1,435.03,151.86
ZA-00017784,1,SKU10898,ZAV00744,2,82.06,66.65
ZA-00017785,1,SKU99949,ZAV00688,1,762.73,144.96
ZA-00017785,2,SKU19262,ZAV00103,1,1165.61,156.75
ZA-00017785,3,SKU62790,ZAV00297,1,1834.25,86.08
ZA-00017786,1,SKU95660,ZAV00107,1,353.41,62.22
ZA-00017786,2,SKU22465,ZAV00374,1,233.12,162.96
ZA-00017787,1,SKU36672,ZAV00188,1,220.2,134.82
ZA-00017788,1,SKU18089,ZAV00414,1,133.62,83.98
ZA-00017789,1,SKU68480,ZAV00387,1,186.65,175.4
ZA-00017790,1,SKU70413,ZAV00132,2,1833.85,106.3
ZA-00017790,2,SKU83103,ZAV00330,2,173.65,86.46
ZA-00017791,1,SKU42199,ZAV00394,1,107.17,171.29
ZA-00017792,1,SKU86601,ZAV00534,1,669.18,173.44
ZA-00017792,2,SKU65002,ZAV00023,1,324.62,64.12
ZA-00017792,3,SKU43791,ZAV00699,1,150.28,104.2
ZA-00017793,1,SKU17445,ZAV00749,2,394.72,84.43
ZA-00017794,1,SKU69933,ZAV00475,1,387.24,70.57
ZA-00017794,2,SKU72797,ZAV00172,1,303.03,122.44
ZA-00017795,1,SKU19128,ZAV00512,2,411.34,114.94
ZA-00017796,1,SKU11089,ZAV00212,1,500.51,94.98
ZA-00017797,1,SKU48423,ZAV00577,1,776.58,113.84
ZA-00017797,2,SKU53204,ZAV00312,2,3338.12,46.42
ZA-00017798,1,SKU72287,ZAV00369,1,329.25,52.1
ZA-00017799,1,SKU85589,ZAV00761,1,576.58,155.43
ZA-00017800,1,SKU12883,ZAV00579,1,560.2,154.51
ZA-00017801,1,SKU11532,ZAV00329,1,644.27,76.74
ZA-00017801,2,SKU39973,ZAV00455,1,675.21,166.3
ZA-00017802,1,SKU36697,ZAV00046,2,1084.4,44.62
ZA-00017803,1,SKU11512,ZAV00695,1,703.87,170.82
ZA-00017804,1,SKU29890,ZAV00453,1,460.29,68.12
ZA-00017805,1,SKU75369,ZAV00505,1,291.68,56.39
ZA-00017806,1,SKU81311,ZAV00131,1,1219.12,178.27
ZA-00017806,2,SKU62717,ZAV00374,1,600.49,69.05
ZA-00017807,1,SKU46308,ZAV00616,1,658.1,164.97
ZA-00017807,2,SKU31396,ZAV00783,1,1454.66,163.36
ZA-00017808,1,SKU92911,ZAV00239,3,208.76,113.24
ZA-00017809,1,SKU66210,ZAV00425,1,310.97,83.41
ZA-00017810,1,SKU30943,ZAV00562,1,144.58,47.32
ZA-00017811,1,SKU99656,ZAV00777,1,131.6,44.26
ZA-00017812,1,SKU24413,ZAV00699,2,858.71,135.86
ZA-00017812,2,SKU26252,ZAV00433,1,193.79,48.17
ZA-00017813,1,SKU47342,ZAV00479,1,267.79,61.0
ZA-00017813,2,SKU13527,ZAV00155,1,407.31,151.44
ZA-00017814,1,SKU69720,ZAV00617,1,555.7,134.33
ZA-00017815,1,SKU97711,ZAV00135,1,263.15,163.96
ZA-00017816,1,SKU22225,ZAV00035,2,36.51,157.26
ZA-00017817,1,SKU57174,ZAV00712,1,1537.94,38.34
ZA-00017818,1,SKU22685,ZAV00295,1,754.62,87.99
ZA-00017819,1,SKU15488,ZAV00253,3,285.73,36.66
ZA-00017819,2,SKU13754,ZAV00515,1,1498.67,131.59
ZA-00017820,1,SKU92452,ZAV00736,1,2705.09,106.02
ZA-00017821,1,SKU85874,ZAV00579,1,627.67,70.71
ZA-00017822,1,SKU71662,ZAV00758,1,543.81,90.48
ZA-00017822,2,SKU77269,ZAV00263,1,408.7,76.93
ZA-00017823,1,SKU64708,ZAV00634,1,389.71,178.4
ZA-00017824,1,SKU77420,ZAV00652,1,921.8,102.07
ZA-00017824,2,SKU22580,ZAV00444,1,141.38,117.44
ZA-00017825,1,SKU71047,ZAV00036,1,343.23,139.24
ZA-00017826,1,SKU74018,ZAV00529,1,576.26,121.21
ZA-00017827,1,SKU79000,ZAV00114,2,430.43,142.63
ZA-00017828,1,SKU47753,ZAV00623,1,249.71,175.03
ZA-00017828,2,SKU16636,ZAV00272,1,96.43,131.73
ZA-00017829,1,SKU19193,ZAV00680,1,144.56,137.45
ZA-00017830,1,SKU56374,ZAV00476,1,1946.99,88.14
ZA-00017831,1,SKU89505,ZAV00680,1,1104.27,156.11
ZA-00017832,1,SKU78220,ZAV00011,1,306.06,158.14
ZA-00017833,1,SKU98664,ZAV00035,1,109.96,116.04
ZA-00017834,1,SKU87262,ZAV00644,1,273.8,174.7
ZA-00017835,1,SKU95362,ZAV00386,1,331.48,118.06
ZA-00017836,1,SKU12267,ZAV00242,1,1143.96,150.19
ZA-00017837,1,SKU87823,ZAV00178,1,927.93,112.59
ZA-00017838,1,SKU92941,ZAV00440,1,378.72,162.82
ZA-00017839,1,SKU84083,ZAV00792,1,1307.35,119.34
ZA-00017839,2,SKU13326,ZAV00283,1,1517.76,163.58
ZA-00017840,1,SKU52480,ZAV00736,1,948.75,104.15
ZA-00017841,1,SKU55175,ZAV00800,2,901.2,55.39
ZA-00017842,1,SKU14462,ZAV00370,2,333.68,44.52
ZA-00017843,1,SKU12672,ZAV00435,2,816.41,165.07
ZA-00017843,2,SKU83840,ZAV00233,1,334.27,111.73
ZA-00017844,1,SKU98146,ZAV00447,1,847.74,128.03
ZA-00017845,1,SKU11091,ZAV00704,2,1151.36,40.88
ZA-00017846,1,SKU68262,ZAV00646,2,375.05,105.82
ZA-00017846,2,SKU74946,ZAV00472,2,941.69,82.7
ZA-00017847,1,SKU19966,ZAV00533,1,1415.41,137.29
ZA-00017848,1,SKU94807,ZAV00459,1,703.49,125.82
ZA-00017848,2,SKU48871,ZAV00738,2,429.27,91.21
ZA-00017848,3,SKU40595,ZAV00600,1,1229.68,74.82
ZA-00017849,1,SKU43497,ZAV00453,1,126.72,139.35
ZA-00017850,1,SKU34005,ZAV00005,3,491.66,98.06
ZA-00017851,1,SKU70266,ZAV00148,2,464.06,143.82
ZA-00017852,1,SKU71451,ZAV00728,1,768.37,115.65
ZA-00017853,1,SKU88146,ZAV00478,1,1608.75,41.69
ZA-00017854,1,SKU90046,ZAV00307,1,2197.85,74.88
ZA-00017854,2,SKU65448,ZAV00514,1,731.82,99.85
ZA-00017855,1,SKU12305,ZAV00097,1,432.78,99.06
ZA-00017855,2,SKU12533,ZAV00427,1,479.99,65.04
ZA-00017856,1,SKU15485,ZAV00694,1,566.04,123.99
ZA-00017857,1,SKU63354,ZAV00772,1,467.05,71.0
ZA-00017857,2,SKU31328,ZAV00156,1,667.59,59.48
ZA-00017858,1,SKU30886,ZAV00786,1,63.3,169.49
ZA-00017859,1,SKU82710,ZAV00211,1,429.5,171.01
ZA-00017859,2,SKU53575,ZAV00666,1,198.07,179.61
ZA-00017860,1,SKU11743,ZAV00722,1,241.71,74.49
ZA-00017861,1,SKU94361,ZAV00784,2,333.05,102.17
ZA-00017862,1,SKU85822,ZAV00602,1,381.46,129.21
ZA-00017862,2,SKU51829,ZAV00261,2,1737.1,62.37
ZA-00017863,1,SKU34506,ZAV00535,2,95.92,122.33
ZA-00017864,1,SKU67991,ZAV00468,1,523.31,94.93
ZA-00017865,1,SKU56644,ZAV00011,1,1262.07,89.7
ZA-00017866,1,SKU20414,ZAV00526,2,314.02,53.29
ZA-00017867,1,SKU12966,ZAV00082,2,129.48,104.39
ZA-00017868,1,SKU21127,ZAV00381,2,1281.14,132.59
ZA-00017869,1,SKU51381,ZAV00302,1,462.04,144.89
ZA-00017869,2,SKU58102,ZAV00539,1,289.04,145.98
ZA-00017870,1,SKU98052,ZAV00711,1,502.84,41.36
ZA-00017871,1,SKU54698,ZAV00595,2,510.59,165.16
ZA-00017872,1,SKU56059,ZAV00676,1,421.24,78.17
ZA-00017873,1,SKU17514,ZAV00627,1,515.08,161.13
ZA-00017874,1,SKU21941,ZAV00506,1,467.0,64.66
ZA-00017875,1,SKU16715,ZAV00089,1,319.29,46.76
ZA-00017876,1,SKU29116,ZAV00526,1,142.86,106.4
ZA-00017877,1,SKU73818,ZAV00422,1,117.06,109.71
ZA-00017878,1,SKU30102,ZAV00198,1,234.3,177.1
ZA-00017879,1,SKU71730,ZAV00359,1,182.68,179.71
ZA-00017880,1,SKU40692,ZAV00004,1,2293.83,129.51
ZA-00017880,2,SKU69960,ZAV00021,1,2716.04,166.65
ZA-00017881,1,SKU51281,ZAV00777,1,106.89,104.3
ZA-00017881,2,SKU90632,ZAV00624,1,481.68,120.62
ZA-00017882,1,SKU52755,ZAV00491,1,133.15,110.37
ZA-00017883,1,SKU82634,ZAV00572,1,478.83,53.15
ZA-00017883,2,SKU91946,ZAV00508,1,1026.28,154.09
ZA-00017883,3,SKU33439,ZAV00251,1,510.52,54.98
ZA-00017884,1,SKU87487,ZAV00432,3,197.57,58.57
ZA-00017885,1,SKU74105,ZAV00500,1,124.24,94.0
ZA-00017886,1,SKU50654,ZAV00757,1,368.41,170.28
ZA-00017887,1,SKU31882,ZAV00417,1,848.48,122.99
ZA-00017888,1,SKU49616,ZAV00486,3,588.8,107.28
ZA-00017889,1,SKU34908,ZAV00330,1,1591.88,171.54
ZA-00017890,1,SKU97042,ZAV00434,1,205.82,39.61
ZA-00017890,2,SKU40633,ZAV00463,2,141.59,53.65
ZA-00017891,1,SKU39367,ZAV00380,1,186.06,56.82
ZA-00017892,1,SKU88528,ZAV00310,1,190.05,79.56
ZA-00017893,1,SKU11320,ZAV00473,1,204.03,61.95
ZA-00017894,1,SKU67871,ZAV00095,2,309.39,87.82
ZA-00017895,1,SKU69286,ZAV00658,1,119.51,89.82
ZA-00017896,1,SKU96439,ZAV00174,1,183.91,65.49
ZA-00017897,1,SKU13381,ZAV00018,1,222.51,170.23
ZA-00017898,1,SKU45664,ZAV00611,1,122.08,81.36
ZA-00017899,1,SKU97057,ZAV00441,1,114.38,97.38
ZA-00017900,1,SKU61819,ZAV00107,1,275.57,158.47
ZA-00017901,1,SKU33527,ZAV00234,1,161.65,121.67
ZA-00017902,1,SKU67836,ZAV00297,2,1385.94,148.44
ZA-00017903,1,SKU65029,ZAV00110,1,1602.34,137.28
ZA-00017903,2,SKU59078,ZAV00724,1,217.79,106.11
ZA-00017904,1,SKU55603,ZAV00695,2,1079.71,60.64
ZA-00017904,2,SKU73664,ZAV00406,1,2280.96,110.24
ZA-00017905,1,SKU53846,ZAV00205,1,331.98,167.17
ZA-00017906,1,SKU76360,ZAV00013,1,743.54,156.89
ZA-00017906,2,SKU79429,ZAV00331,3,767.24,140.64
ZA-00017907,1,SKU55508,ZAV00758,1,1166.11,44.88
ZA-00017908,1,SKU67029,ZAV00309,2,457.55,75.84
ZA-00017908,2,SKU42824,ZAV00003,1,216.52,151.3
ZA-00017909,1,SKU63684,ZAV00774,1,1702.07,82.67
ZA-00017910,1,SKU11509,ZAV00334,1,273.87,45.12
ZA-00017911,1,SKU58399,ZAV00680,2,94.65,58.37
ZA-00017912,1,SKU58486,ZAV00297,1,547.2,57.9
ZA-00017913,1,SKU94004,ZAV00524,1,1465.43,119.39
ZA-00017913,2,SKU66167,ZAV00210,2,388.74,114.94
ZA-00017913,3,SKU57089,ZAV00700,2,257.13,138.54
ZA-00017914,1,SKU20154,ZAV00440,1,572.34,150.86
ZA-00017915,1,SKU72892,ZAV00641,1,1435.25,140.09
ZA-00017916,1,SKU43208,ZAV00279,1,119.3,87.68
ZA-00017917,1,SKU22218,ZAV00466,1,1055.61,92.62
ZA-00017918,1,SKU12874,ZAV00468,1,425.7,170.27
ZA-00017919,1,SKU58987,ZAV00024,2,139.08,95.18
ZA-00017920,1,SKU82833,ZAV00034,1,146.85,117.95
ZA-00017920,2,SKU18927,ZAV00376,2,754.43,100.42
ZA-00017921,1,SKU70236,ZAV00249,2,582.31,63.99
ZA-00017922,1,SKU83919,ZAV00682,2,466.21,117.04
ZA-00017923,1,SKU59538,ZAV00778,1,1152.09,73.69
ZA-00017924,1,SKU64804,ZAV00003,1,1088.41,42.6
ZA-00017925,1,SKU48695,ZAV00166,2,318.51,42.16
ZA-00017925,2,SKU33392,ZAV00170,1,305.23,35.82
ZA-00017925,3,SKU58552,ZAV00504,1,436.9,112.19
ZA-00017926,1,SKU72971,ZAV00637,2,102.69,159.07
ZA-00017927,1,SKU77531,ZAV00419,2,450.94,140.14
ZA-00017928,1,SKU30459,ZAV00076,1,1003.89,91.77
ZA-00017928,2,SKU12783,ZAV00716,1,353.31,50.11
ZA-00017929,1,SKU94288,ZAV00311,1,929.5,127.36
ZA-00017930,1,SKU44854,ZAV00740,1,710.14,171.87
ZA-00017931,1,SKU52376,ZAV00778,1,60.55,66.56
ZA-00017932,1,SKU71249,ZAV00019,1,470.53,119.52
ZA-00017933,1,SKU17638,ZAV00489,1,448.85,158.05
ZA-00017934,1,SKU59554,ZAV00419,1,3096.12,65.61
ZA-00017935,1,SKU67874,ZAV00691,1,370.52,49.72
ZA-00017936,1,SKU52236,ZAV00501,1,171.07,105.06
ZA-00017937,1,SKU64329,ZAV00753,1,250.43,158.08
ZA-00017938,1,SKU93465,ZAV00160,1,397.31,58.24
ZA-00017938,2,SKU75964,ZAV00622,1,223.56,49.22
ZA-00017939,1,SKU39470,ZAV00516,2,157.16,152.54
ZA-00017940,1,SKU12137,ZAV00472,1,295.68,177.34
ZA-00017940,2,SKU55854,ZAV00068,1,336.43,147.62
ZA-00017941,1,SKU93047,ZAV00573,1,1115.38,166.65
ZA-00017942,1,SKU23314,ZAV00795,1,841.24,155.63
ZA-00017943,1,SKU55330,ZAV00236,1,409.92,46.37
ZA-00017944,1,SKU25023,ZAV00290,1,578.31,173.55
ZA-00017945,1,SKU54019,ZAV00620,1,338.3,54.67
ZA-00017946,1,SKU43853,ZAV00746,1,226.35,93.04
ZA-00017947,1,SKU63839,ZAV00664,1,646.14,120.99
ZA-00017947,2,SKU60559,ZAV00326,1,764.08,168.06
ZA-00017948,1,SKU47575,ZAV00469,1,678.22,169.66
ZA-00017949,1,SKU36858,ZAV00090,1,394.13,77.58
ZA-00017950,1,SKU50611,ZAV00068,1,608.05,118.25
ZA-00017951,1,SKU69839,ZAV00393,1,747.72,135.38
ZA-00017951,2,SKU29920,ZAV00510,1,270.35,169.71
ZA-00017951,3,SKU50065,ZAV00240,1,467.61,66.17
ZA-00017952,1,SKU65293,ZAV00438,1,352.0,49.01
ZA-00017952,2,SKU91837,ZAV00369,1,130.4,59.24
ZA-00017953,1,SKU48995,ZAV00188,1,253.04,58.98
ZA-00017954,1,SKU35995,ZAV00577,2,157.56,149.7
ZA-00017955,1,SKU26795,ZAV00351,1,519.73,164.08
ZA-00017956,1,SKU36624,ZAV00206,2,991.46,110.85
ZA-00017956,2,SKU51434,ZAV00536,1,553.18,88.69
ZA-00017956,3,SKU18592,ZAV00554,1,599.63,47.29
ZA-00017957,1,SKU66579,ZAV00214,3,248.49,80.62
ZA-00017958,1,SKU87814,ZAV00037,1,664.17,87.01
ZA-00017959,1,SKU62387,ZAV00428,1,196.02,157.58
ZA-00017960,1,SKU99677,ZAV00422,1,1608.72,161.92
ZA-00017961,1,SKU60520,ZAV00038,1,392.12,130.34
ZA-00017962,1,SKU49194,ZAV00137,1,101.71,76.31
ZA-00017963,1,SKU95377,ZAV00306,2,167.95,178.53
ZA-00017963,2,SKU76380,ZAV00773,2,335.61,73.12
ZA-00017964,1,SKU47851,ZAV00373,1,580.2,173.74
ZA-00017965,1,SKU99670,ZAV00175,1,371.1,36.7
ZA-00017966,1,SKU87427,ZAV00768,1,110.84,140.51
ZA-00017966,2,SKU93074,ZAV00793,1,234.68,119.65
ZA-00017967,1,SKU42920,ZAV00268,1,2082.16,177.46
ZA-00017968,1,SKU35852,ZAV00727,1,167.65,133.11
ZA-00017969,1,SKU45860,ZAV00513,1,376.19,151.39
ZA-00017970,1,SKU30083,ZAV00567,1,453.44,90.05
ZA-00017970,2,SKU48784,ZAV00320,1,2314.71,118.84
ZA-00017971,1,SKU32147,ZAV00760,1,520.73,58.58
ZA-00017972,1,SKU76487,ZAV00346,1,816.23,101.48
ZA-00017973,1,SKU59682,ZAV00640,1,395.67,74.64
ZA-00017974,1,SKU64905,ZAV00141,1,127.82,144.73
ZA-00017974,2,SKU61205,ZAV00205,1,1158.91,41.68
ZA-00017974,3,SKU49100,ZAV00163,1,1279.27,138.4
ZA-00017975,1,SKU22620,ZAV00637,1,749.81,105.3
ZA-00017976,1,SKU95971,ZAV00371,1,825.8,91.07
ZA-00017976,2,SKU80451,ZAV00766,1,4113.5,151.53
ZA-00017976,3,SKU80539,ZAV00572,1,429.49,72.16
ZA-00017977,1,SKU68913,ZAV00796,1,1371.95,157.63
ZA-00017978,1,SKU21502,ZAV00464,1,137.79,87.87
ZA-00017979,1,SKU64105,ZAV00112,1,700.39,56.02
ZA-00017980,1,SKU31471,ZAV00497,2,530.5,40.14
ZA-00017981,1,SKU23016,ZAV00723,1,732.88,174.02
ZA-00017981,2,SKU78371,ZAV00783,1,574.67,116.06
ZA-00017982,1,SKU72743,ZAV00225,1,698.86,80.51
ZA-00017983,1,SKU44952,ZAV00002,1,592.42,90.15
ZA-00017984,1,SKU15322,ZAV00548,1,483.58,79.93
ZA-00017985,1,SKU61148,ZAV00583,2,976.3,89.57
ZA-00017986,1,SKU55809,ZAV00530,1,223.22,43.67
ZA-00017987,1,SKU94007,ZAV00261,1,1332.01,61.03
ZA-00017988,1,SKU96659,ZAV00643,1,1683.69,166.28
ZA-00017989,1,SKU63938,ZAV00631,1,211.13,80.94
ZA-00017989,2,SKU25972,ZAV00396,1,704.69,106.13
ZA-00017990,1,SKU10891,ZAV00077,1,399.7,168.64
ZA-00017990,2,SKU10924,ZAV00080,1,358.02,70.17
ZA-00017991,1,SKU92008,ZAV00326,3,1779.44,157.64
ZA-00017992,1,SKU20346,ZAV00700,2,857.19,35.76
ZA-00017993,1,SKU57273,ZAV00597,1,211.06,150.07
ZA-00017994,1,SKU35860,ZAV00040,1,252.48,103.95
ZA-00017995,1,SKU39869,ZAV00043,1,184.62,120.96
ZA-00017996,1,SKU51094,ZAV00236,1,514.92,124.52
ZA-00017997,1,SKU67425,ZAV00465,1,280.78,69.09
ZA-00017997,2,SKU68430,ZAV00059,1,617.89,39.55
ZA-00017997,3,SKU91127,ZAV00599,1,1777.69,42.18
ZA-00017998,1,SKU72107,ZAV00160,1,185.8,114.9
ZA-00017999,1,SKU35653,ZAV00003,1,938.85,167.19
ZA-00018000,1,SKU88070,ZAV00562,1,545.87,122.05
ZA-00018001,1,SKU96590,ZAV00227,1,117.76,140.44
ZA-00018002,1,SKU72351,ZAV00531,1,237.15,45.92
ZA-00018003,1,SKU21491,ZAV00449,1,942.31,53.57
ZA-00018003,2,SKU83021,ZAV00749,1,382.73,154.21
ZA-00018004,1,SKU55155,ZAV00798,1,986.79,50.6
ZA-00018005,1,SKU74700,ZAV00038,1,272.81,77.49
ZA-00018006,1,SKU51507,ZAV00736,1,254.54,56.4
ZA-00018007,1,SKU60032,ZAV00247,1,109.0,58.77
ZA-00018008,1,SKU45928,ZAV00148,1,105.22,151.94
ZA-00018009,1,SKU78624,ZAV00638,1,409.64,167.34
ZA-00018009,2,SKU81400,ZAV00032,2,642.53,124.49
ZA-00018009,3,SKU19145,ZAV00668,1,281.91,145.01
ZA-00018010,1,SKU96787,ZAV00246,1,313.08,154.44
ZA-00018011,1,SKU90222,ZAV00231,1,166.88,122.02
ZA-00018012,1,SKU67364,ZAV00213,1,636.47,55.95
ZA-00018013,1,SKU54743,ZAV00654,1,1204.27,136.63
ZA-00018013,2,SKU53873,ZAV00733,1,372.46,54.28
ZA-00018014,1,SKU27680,ZAV00529,1,945.2,152.17
ZA-00018015,1,SKU38812,ZAV00291,2,141.7,47.49
ZA-00018016,1,SKU59922,ZAV00102,1,339.48,63.24
ZA-00018017,1,SKU14457,ZAV00378,1,320.3,158.04
ZA-00018018,1,SKU64472,ZAV00195,1,296.8,68.18
ZA-00018019,1,SKU58905,ZAV00386,1,1720.33,105.15
ZA-00018019,2,SKU11857,ZAV00198,1,1864.12,72.0
ZA-00018020,1,SKU52217,ZAV00551,1,2250.7,70.87
ZA-00018021,1,SKU22116,ZAV00315,1,721.05,83.25
ZA-00018022,1,SKU29979,ZAV00020,1,383.73,172.47
ZA-00018023,1,SKU74097,ZAV00190,2,152.12,92.7
ZA-00018024,1,SKU23309,ZAV00355,1,206.53,118.92
ZA-00018025,1,SKU68083,ZAV00366,1,533.45,119.1
ZA-00018026,1,SKU95763,ZAV00430,2,411.12,177.94
ZA-00018027,1,SKU22574,ZAV00465,1,461.82,148.96
ZA-00018027,2,SKU65225,ZAV00472,1,276.52,138.37
ZA-00018028,1,SKU19479,ZAV00393,2,497.38,94.37
ZA-00018029,1,SKU94908,ZAV00070,1,842.47,109.93
ZA-00018030,1,SKU88317,ZAV00463,1,298.11,56.13
ZA-00018031,1,SKU47437,ZAV00327,1,909.34,121.31
ZA-00018032,1,SKU65674,ZAV00706,1,1082.54,52.41
ZA-00018033,1,SKU69416,ZAV00660,1,621.01,146.37
ZA-00018034,1,SKU23224,ZAV00665,1,391.7,154.54
ZA-00018035,1,SKU89256,ZAV00138,1,184.66,136.65
ZA-00018036,1,SKU30107,ZAV00439,1,474.2,83.91
ZA-00018037,1,SKU70025,ZAV00092,1,1806.66,37.01
ZA-00018037,2,SKU69351,ZAV00435,1,342.04,70.73
ZA-00018037,3,SKU67683,ZAV00753,1,546.29,118.77
ZA-00018038,1,SKU17997,ZAV00715,1,241.04,98.66
ZA-00018039,1,SKU73535,ZAV00303,1,683.97,165.73
ZA-00018040,1,SKU82299,ZAV00196,1,288.22,59.82
ZA-00018041,1,SKU86695,ZAV00188,1,519.68,120.27
ZA-00018042,1,SKU89317,ZAV00384,1,1651.77,125.33
ZA-00018042,2,SKU86123,ZAV00018,1,1963.77,47.92
ZA-00018043,1,SKU29283,ZAV00776,2,262.94,178.52
ZA-00018043,2,SKU20325,ZAV00356,1,2655.05,150.59
ZA-00018044,1,SKU94951,ZAV00606,1,247.14,35.51
ZA-00018045,1,SKU25532,ZAV00511,1,531.32,121.29
ZA-00018046,1,SKU95212,ZAV00144,1,310.81,141.77
ZA-00018047,1,SKU80330,ZAV00176,1,170.52,46.97
ZA-00018048,1,SKU57040,ZAV00501,1,2488.22,176.52
ZA-00018048,2,SKU58249,ZAV00551,1,254.55,145.87
ZA-00018049,1,SKU79315,ZAV00076,2,937.31,138.83
ZA-00018050,1,SKU82809,ZAV00340,1,822.76,148.25
ZA-00018050,2,SKU64008,ZAV00143,1,392.75,73.07
ZA-00018051,1,SKU68142,ZAV00059,1,1871.91,80.2
ZA-00018052,1,SKU31810,ZAV00267,1,2460.98,122.79
ZA-00018053,1,SKU92431,ZAV00672,2,636.45,151.89
ZA-00018054,1,SKU58249,ZAV00511,1,2003.53,127.97
ZA-00018055,1,SKU21445,ZAV00101,1,245.4,122.33
ZA-00018056,1,SKU43333,ZAV00296,2,237.46,99.32
ZA-00018057,1,SKU68372,ZAV00432,2,169.06,70.67
ZA-00018058,1,SKU30855,ZAV00570,1,1681.74,140.76
ZA-00018058,2,SKU88176,ZAV00158,1,160.86,147.56
ZA-00018058,3,SKU26813,ZAV00474,1,718.06,127.04
ZA-00018059,1,SKU39393,ZAV00565,1,214.34,111.76
ZA-00018060,1,SKU69657,ZAV00271,1,170.25,143.87
ZA-00018061,1,SKU32203,ZAV00135,1,343.64,122.49
ZA-00018062,1,SKU25882,ZAV00232,2,361.2,58.62
ZA-00018063,1,SKU80573,ZAV00300,2,567.95,69.55
ZA-00018064,1,SKU31196,ZAV00634,1,710.75,104.46
ZA-00018064,2,SKU83933,ZAV00537,1,2087.51,56.51
ZA-00018065,1,SKU52067,ZAV00410,1,170.94,71.19
ZA-00018066,1,SKU43022,ZAV00589,1,1454.67,81.14
ZA-00018067,1,SKU71923,ZAV00192,1,419.13,44.51
ZA-00018067,2,SKU32785,ZAV00136,2,1946.3,101.82
ZA-00018067,3,SKU72767,ZAV00770,1,422.8,91.77
ZA-00018068,1,SKU78461,ZAV00625,1,118.71,97.25
ZA-00018069,1,SKU92126,ZAV00600,1,1494.42,58.83
ZA-00018070,1,SKU50898,ZAV00615,1,1856.42,166.06
ZA-00018071,1,SKU11396,ZAV00065,1,646.82,176.72
ZA-00018072,1,SKU28782,ZAV00002,1,877.94,57.09
ZA-00018073,1,SKU78406,ZAV00200,3,315.35,49.75
ZA-00018074,1,SKU84101,ZAV00510,1,1505.75,55.93
ZA-00018075,1,SKU26706,ZAV00784,1,887.75,102.21
ZA-00018075,2,SKU68774,ZAV00238,1,534.44,68.5
ZA-00018076,1,SKU99852,ZAV00559,1,256.97,149.35
ZA-00018077,1,SKU42779,ZAV00309,1,263.53,78.37
ZA-00018077,2,SKU99290,ZAV00292,1,365.42,125.07
ZA-00018078,1,SKU64901,ZAV00063,1,670.03,86.85
ZA-00018079,1,SKU81369,ZAV00158,1,220.35,56.43
ZA-00018080,1,SKU30046,ZAV00050,1,869.07,126.87
ZA-00018081,1,SKU80532,ZAV00164,1,357.77,149.88
ZA-00018081,2,SKU21965,ZAV00572,1,835.95,58.8
ZA-00018081,3,SKU19060,ZAV00362,1,584.8,92.69
ZA-00018082,1,SKU62763,ZAV00005,1,734.46,86.71
ZA-00018082,2,SKU42548,ZAV00512,1,438.38,84.61
ZA-00018083,1,SKU27648,ZAV00645,1,1106.89,39.18
ZA-00018084,1,SKU52446,ZAV00774,1,370.31,89.17
ZA-00018085,1,SKU48531,ZAV00430,2,305.45,132.66
ZA-00018086,1,SKU17571,ZAV00535,1,291.48,103.16
ZA-00018087,1,SKU50301,ZAV00344,1,331.5,95.11
ZA-00018088,1,SKU88450,ZAV00572,1,561.84,175.54
ZA-00018089,1,SKU36537,ZAV00125,1,221.43,127.98
ZA-00018090,1,SKU93169,ZAV00592,1,184.19,171.62
ZA-00018091,1,SKU20029,ZAV00619,1,259.51,89.73
ZA-00018092,1,SKU81906,ZAV00221,1,1544.67,164.22
ZA-00018092,2,SKU68265,ZAV00012,1,167.29,48.67
ZA-00018093,1,SKU80901,ZAV00225,1,1232.91,148.12
ZA-00018094,1,SKU45457,ZAV00010,1,192.87,84.39
ZA-00018094,2,SKU68330,ZAV00313,1,394.21,61.9
ZA-00018095,1,SKU68943,ZAV00531,1,383.33,171.36
ZA-00018096,1,SKU34003,ZAV00058,1,286.38,169.94
ZA-00018097,1,SKU56206,ZAV00166,1,616.14,135.93
ZA-00018098,1,SKU71596,ZAV00450,1,427.29,66.53
ZA-00018099,1,SKU71973,ZAV00382,1,179.68,116.68
ZA-00018099,2,SKU95776,ZAV00235,1,236.55,145.44
ZA-00018100,1,SKU37470,ZAV00488,1,636.1,164.07
ZA-00018100,2,SKU56260,ZAV00622,1,673.03,119.3
ZA-00018101,1,SKU13220,ZAV00374,1,1113.71,162.81
ZA-00018102,1,SKU61801,ZAV00312,1,773.02,143.09
ZA-00018103,1,SKU24035,ZAV00282,1,602.67,73.95
ZA-00018104,1,SKU73993,ZAV00650,1,538.16,115.57
ZA-00018105,1,SKU95855,ZAV00690,2,472.84,157.03
ZA-00018106,1,SKU75818,ZAV00464,1,782.26,41.04
ZA-00018106,2,SKU30452,ZAV00780,1,603.65,167.38
ZA-00018107,1,SKU95398,ZAV00133,2,189.43,117.98
ZA-00018108,1,SKU12889,ZAV00279,1,259.35,163.31
ZA-00018108,2,SKU17734,ZAV00136,1,184.74,108.62
ZA-00018109,1,SKU61100,ZAV00112,1,396.03,73.55
ZA-00018110,1,SKU15883,ZAV00756,1,142.18,48.8
ZA-00018111,1,SKU32516,ZAV00667,1,260.19,118.43
ZA-00018111,2,SKU30273,ZAV00694,1,432.86,52.09
ZA-00018111,3,SKU29556,ZAV00518,1,711.2,122.29
ZA-00018112,1,SKU82153,ZAV00304,1,831.65,64.7
ZA-00018113,1,SKU23807,ZAV00492,1,803.41,35.9
ZA-00018114,1,SKU30010,ZAV00210,2,201.41,36.49
ZA-00018114,2,SKU11287,ZAV00593,1,155.69,173.56
ZA-00018115,1,SKU63729,ZAV00392,1,733.14,112.8
ZA-00018115,2,SKU73733,ZAV00174,1,227.73,101.57
ZA-00018116,1,SKU96366,ZAV00030,1,543.95,76.98
ZA-00018117,1,SKU90674,ZAV00430,1,522.65,98.11
ZA-00018118,1,SKU72797,ZAV00613,2,793.98,93.97
ZA-00018119,1,SKU82315,ZAV00537,1,616.29,130.74
ZA-00018119,2,SKU59010,ZAV00762,1,151.74,132.94
ZA-00018120,1,SKU15233,ZAV00396,1,648.42,95.75
ZA-00018121,1,SKU30563,ZAV00527,1,755.98,114.9
ZA-00018122,1,SKU99721,ZAV00600,1,109.28,78.84
ZA-00018123,1,SKU49591,ZAV00635,1,184.02,85.38
ZA-00018124,1,SKU38169,ZAV00795,2,1695.89,130.02
ZA-00018125,1,SKU28374,ZAV00121,1,662.24,161.66
ZA-00018125,2,SKU63839,ZAV00369,1,595.98,81.29
ZA-00018126,1,SKU74988,ZAV00314,2,394.73,130.35
ZA-00018126,2,SKU88962,ZAV00259,1,550.77,48.4
ZA-00018127,1,SKU31359,ZAV00159,1,95.17,179.0
ZA-00018127,2,SKU23050,ZAV00419,1,246.21,128.8
ZA-00018128,1,SKU84568,ZAV00162,1,481.13,86.16
ZA-00018129,1,SKU19579,ZAV00317,1,384.37,139.26
ZA-00018129,2,SKU73875,ZAV00662,1,332.54,172.83
ZA-00018129,3,SKU52817,ZAV00579,1,1687.8,164.04
ZA-00018130,1,SKU23761,ZAV00773,1,198.78,86.24
ZA-00018131,1,SKU93705,ZAV00780,1,138.07,116.76
ZA-00018132,1,SKU16235,ZAV00584,1,165.29,50.48
ZA-00018133,1,SKU22137,ZAV00194,1,182.43,52.17
ZA-00018134,1,SKU73277,ZAV00120,1,99.68,114.02
ZA-00018135,1,SKU56085,ZAV00788,1,111.84,156.3
ZA-00018136,1,SKU75861,ZAV00685,1,520.04,36.5
ZA-00018137,1,SKU64680,ZAV00285,1,131.68,127.73
ZA-00018138,1,SKU53489,ZAV00065,1,285.43,68.17
ZA-00018139,1,SKU70294,ZAV00034,1,108.14,159.17
ZA-00018140,1,SKU27893,ZAV00588,1,204.56,43.05
ZA-00018141,1,SKU56888,ZAV00261,1,972.85,139.39
ZA-00018142,1,SKU44878,ZAV00620,2,88.9,63.17
ZA-00018143,1,SKU73369,ZAV00696,1,17.85,122.38
ZA-00018144,1,SKU82433,ZAV00484,1,1232.85,165.45
ZA-00018145,1,SKU71648,ZAV00341,1,1367.25,98.68
ZA-00018145,2,SKU48830,ZAV00079,1,303.74,72.09
ZA-00018146,1,SKU42851,ZAV00238,1,234.86,36.6
ZA-00018147,1,SKU96913,ZAV00709,1,129.7,153.48
ZA-00018148,1,SKU78188,ZAV00369,1,580.56,54.92
ZA-00018149,1,SKU67181,ZAV00758,1,255.78,106.73
ZA-00018150,1,SKU81288,ZAV00650,1,584.16,161.29
ZA-00018151,1,SKU99410,ZAV00175,1,502.02,148.82
ZA-00018152,1,SKU64044,ZAV00348,1,1237.94,102.56
ZA-00018153,1,SKU10343,ZAV00410,1,345.95,106.82
ZA-00018153,2,SKU20119,ZAV00286,1,1122.72,109.95
ZA-00018154,1,SKU46181,ZAV00151,2,384.33,75.7
ZA-00018155,1,SKU67640,ZAV00778,2,167.22,74.93
ZA-00018156,1,SKU36656,ZAV00517,1,550.98,47.81
ZA-00018157,1,SKU17401,ZAV00625,1,178.59,99.57
ZA-00018157,2,SKU80445,ZAV00311,1,775.84,111.27
ZA-00018158,1,SKU28628,ZAV00249,1,105.51,165.76
ZA-00018158,2,SKU26914,ZAV00789,1,1045.32,123.36
ZA-00018159,1,SKU48119,ZAV00490,1,242.41,158.19
ZA-00018160,1,SKU84770,ZAV00061,1,117.43,78.8
ZA-00018161,1,SKU27573,ZAV00082,1,145.73,97.87
ZA-00018162,1,SKU89908,ZAV00625,1,376.36,129.3
ZA-00018163,1,SKU97426,ZAV00449,1,882.81,160.29
ZA-00018164,1,SKU50313,ZAV00634,1,157.55,40.86
ZA-00018165,1,SKU60868,ZAV00797,1,339.37,84.95
ZA-00018166,1,SKU75391,ZAV00635,1,582.33,51.09
ZA-00018167,1,SKU41814,ZAV00424,3,175.34,164.18
ZA-00018167,2,SKU35967,ZAV00662,1,818.01,42.5
ZA-00018168,1,SKU44044,ZAV00493,1,389.92,111.58
ZA-00018169,1,SKU19892,ZAV00712,1,296.31,108.94
ZA-00018170,1,SKU86849,ZAV00480,2,676.64,144.7
ZA-00018171,1,SKU39439,ZAV00333,1,482.3,125.47
ZA-00018172,1,SKU46543,ZAV00353,1,311.8,71.09
ZA-00018173,1,SKU52303,ZAV00701,1,709.3,61.17
ZA-00018174,1,SKU90959,ZAV00499,2,452.77,110.45
ZA-00018175,1,SKU32621,ZAV00086,1,1278.38,118.77
ZA-00018176,1,SKU80785,ZAV00059,1,625.63,55.56
ZA-00018177,1,SKU13550,ZAV00554,2,342.57,51.79
ZA-00018177,2,SKU35092,ZAV00798,1,218.45,108.64
ZA-00018178,1,SKU21611,ZAV00308,1,820.43,145.93
ZA-00018179,1,SKU55604,ZAV00685,1,466.72,71.83
ZA-00018180,1,SKU54174,ZAV00017,1,444.72,99.68
ZA-00018181,1,SKU48380,ZAV00485,1,1604.94,69.51
ZA-00018182,1,SKU94707,ZAV00450,1,247.17,136.01
ZA-00018183,1,SKU43002,ZAV00615,1,2131.81,164.06
ZA-00018184,1,SKU67569,ZAV00128,1,103.78,124.23
ZA-00018185,1,SKU61574,ZAV00286,1,1429.54,37.27
ZA-00018185,2,SKU35578,ZAV00185,3,629.6,150.03
ZA-00018185,3,SKU91882,ZAV00766,1,339.09,86.36
ZA-00018186,1,SKU30673,ZAV00793,1,353.7,57.13
ZA-00018187,1,SKU85716,ZAV00583,1,160.5,111.4
ZA-00018188,1,SKU90173,ZAV00343,1,934.49,65.12
ZA-00018189,1,SKU74214,ZAV00340,1,418.42,62.68
ZA-00018190,1,SKU44671,ZAV00549,1,324.16,129.35
ZA-00018191,1,SKU41389,ZAV00526,1,87.27,38.85
ZA-00018192,1,SKU30499,ZAV00795,2,188.85,86.89
ZA-00018193,1,SKU16376,ZAV00642,1,1010.91,174.58
ZA-00018194,1,SKU28367,ZAV00128,1,160.74,89.28
ZA-00018195,1,SKU15102,ZAV00200,1,487.55,44.59
ZA-00018196,1,SKU73582,ZAV00170,1,1887.11,148.61
ZA-00018196,2,SKU81873,ZAV00187,1,3802.1,165.7
ZA-00018196,3,SKU21056,ZAV00392,1,697.13,106.2
ZA-00018197,1,SKU13562,ZAV00186,1,462.51,121.22
ZA-00018198,1,SKU91699,ZAV00339,1,1621.83,73.37
ZA-00018199,1,SKU60967,ZAV00465,1,379.64,131.31
ZA-00018199,2,SKU31764,ZAV00797,1,613.4,73.49
ZA-00018200,1,SKU26722,ZAV00399,2,514.44,155.4
ZA-00018201,1,SKU38927,ZAV00271,1,976.84,130.65
ZA-00018202,1,SKU13678,ZAV00487,1,531.52,106.75
ZA-00018203,1,SKU69730,ZAV00448,1,638.05,49.18
ZA-00018204,1,SKU58388,ZAV00766,1,249.53,141.93
ZA-00018205,1,SKU78228,ZAV00048,1,495.68,105.4
ZA-00018206,1,SKU88308,ZAV00425,1,801.19,97.57
ZA-00018207,1,SKU76580,ZAV00269,1,66.53,100.73
ZA-00018208,1,SKU42594,ZAV00256,1,984.47,36.97
ZA-00018208,2,SKU41176,ZAV00263,2,297.53,83.75
ZA-00018208,3,SKU34180,ZAV00605,2,723.07,132.56
ZA-00018209,1,SKU54750,ZAV00609,1,741.61,68.66
ZA-00018210,1,SKU72826,ZAV00226,1,1093.17,52.75
ZA-00018211,1,SKU92831,ZAV00580,1,606.1,75.74
ZA-00018212,1,SKU55885,ZAV00794,1,553.51,85.46
ZA-00018213,1,SKU95565,ZAV00137,1,194.04,126.27
ZA-00018214,1,SKU28626,ZAV00283,1,143.89,37.19
ZA-00018215,1,SKU20689,ZAV00446,1,279.95,162.46
ZA-00018216,1,SKU37865,ZAV00224,1,216.04,79.27
ZA-00018217,1,SKU48828,ZAV00726,1,652.16,75.78
ZA-00018218,1,SKU37533,ZAV00459,2,655.32,177.88
ZA-00018219,1,SKU89395,ZAV00586,1,71.97,167.92
ZA-00018220,1,SKU81749,ZAV00764,1,519.22,100.97
ZA-00018220,2,SKU26514,ZAV00103,1,2097.53,136.92
ZA-00018221,1,SKU44559,ZAV00293,1,400.42,167.45
ZA-00018221,2,SKU29594,ZAV00696,1,243.0,161.78
ZA-00018222,1,SKU83538,ZAV00057,1,311.31,95.45
ZA-00018223,1,SKU71614,ZAV00687,1,722.22,136.19
ZA-00018224,1,SKU20026,ZAV00198,1,440.04,65.67
ZA-00018224,2,SKU64510,ZAV00217,1,324.93,77.08
ZA-00018225,1,SKU38246,ZAV00697,1,358.68,102.12
ZA-00018226,1,SKU24562,ZAV00007,1,205.4,79.32
ZA-00018226,2,SKU13929,ZAV00674,1,1106.77,173.98
ZA-00018227,1,SKU16824,ZAV00376,1,25.3,161.15
ZA-00018228,1,SKU76591,ZAV00542,1,791.11,76.27
ZA-00018229,1,SKU39652,ZAV00258,3,1079.98,110.38
ZA-00018229,2,SKU17263,ZAV00714,1,537.48,84.22
ZA-00018230,1,SKU41034,ZAV00077,1,146.44,119.48
ZA-00018231,1,SKU63640,ZAV00785,2,317.85,103.32
ZA-00018232,1,SKU31086,ZAV00360,1,700.59,121.26
ZA-00018233,1,SKU74374,ZAV00778,1,632.9,147.32
ZA-00018234,1,SKU86029,ZAV00148,1,1598.16,115.07
ZA-00018235,1,SKU36846,ZAV00187,1,590.21,165.04
ZA-00018236,1,SKU95488,ZAV00616,1,508.3,96.73
ZA-00018237,1,SKU40585,ZAV00307,1,584.39,134.95
ZA-00018238,1,SKU16586,ZAV00364,1,736.51,36.16
ZA-00018239,1,SKU22098,ZAV00610,1,1057.98,109.98
ZA-00018239,2,SKU29273,ZAV00647,1,626.31,115.26
ZA-00018239,3,SKU81622,ZAV00214,1,284.36,101.11
ZA-00018240,1,SKU41232,ZAV00287,1,443.4,60.93
ZA-00018241,1,SKU44811,ZAV00093,1,2652.6,50.85
ZA-00018242,1,SKU41299,ZAV00793,1,220.69,124.39
ZA-00018243,1,SKU43650,ZAV00376,1,901.69,162.22
ZA-00018244,1,SKU65271,ZAV00678,3,1299.48,113.08
ZA-00018245,1,SKU62704,ZAV00282,1,896.02,114.04
ZA-00018246,1,SKU87427,ZAV00241,1,1330.52,51.27
ZA-00018246,2,SKU71006,ZAV00495,2,589.66,36.1
ZA-00018247,1,SKU19825,ZAV00160,1,291.0,166.14
ZA-00018247,2,SKU38960,ZAV00304,1,33.28,41.68
ZA-00018247,3,SKU39063,ZAV00656,1,731.59,42.47
ZA-00018248,1,SKU21019,ZAV00655,1,1102.92,93.84
ZA-00018249,1,SKU82743,ZAV00484,1,1453.68,103.54
ZA-00018250,1,SKU82117,ZAV00302,1,163.96,112.67
ZA-00018251,1,SKU52150,ZAV00132,1,63.3,97.41
ZA-00018252,1,SKU57617,ZAV00670,1,321.78,67.52
ZA-00018252,2,SKU16079,ZAV00714,1,151.72,134.5
ZA-00018253,1,SKU93910,ZAV00070,1,1520.3,154.76
ZA-00018254,1,SKU98886,ZAV00344,1,299.7,113.63
ZA-00018255,1,SKU44475,ZAV00148,1,2405.14,171.86
ZA-00018255,2,SKU23202,ZAV00653,1,606.45,132.89
ZA-00018255,3,SKU61130,ZAV00375,1,386.46,109.15
ZA-00018256,1,SKU72500,ZAV00532,1,346.76,168.99
ZA-00018257,1,SKU95146,ZAV00626,1,362.17,91.61
ZA-00018258,1,SKU96060,ZAV00330,1,186.42,46.56
ZA-00018259,1,SKU26491,ZAV00448,1,885.53,82.97
ZA-00018260,1,SKU47329,ZAV00696,1,561.67,155.74
ZA-00018261,1,SKU97007,ZAV00487,1,538.71,94.3
ZA-00018261,2,SKU54029,ZAV00531,1,649.84,44.36
ZA-00018262,1,SKU63749,ZAV00123,1,63.07,46.19
ZA-00018263,1,SKU51468,ZAV00034,2,437.47,169.95
ZA-00018264,1,SKU35067,ZAV00286,3,535.67,103.6
ZA-00018265,1,SKU35949,ZAV00617,1,302.76,80.7
ZA-00018266,1,SKU27940,ZAV00552,1,437.53,63.78
ZA-00018267,1,SKU72550,ZAV00196,1,892.19,50.43
ZA-00018268,1,SKU22727,ZAV00778,1,135.37,149.35
ZA-00018269,1,SKU96103,ZAV00749,1,1551.54,89.32
ZA-00018270,1,SKU94072,ZAV00345,1,302.9,36.74
ZA-00018271,1,SKU75470,ZAV00793,1,186.93,135.75
ZA-00018272,1,SKU86159,ZAV00135,1,1546.4,139.42
ZA-00018273,1,SKU53183,ZAV00073,1,379.86,153.79
ZA-00018274,1,SKU12948,ZAV00132,1,620.24,125.51
ZA-00018275,1,SKU52161,ZAV00012,2,245.77,124.29
ZA-00018276,1,SKU40524,ZAV00094,2,282.06,63.87
ZA-00018277,1,SKU87594,ZAV00533,1,708.92,79.82
ZA-00018278,1,SKU43908,ZAV00291,1,606.17,80.83
ZA-00018279,1,SKU82576,ZAV00474,2,773.69,70.34
ZA-00018280,1,SKU41359,ZAV00427,1,481.76,146.84
ZA-00018281,1,SKU44516,ZAV00115,1,540.68,164.52
ZA-00018282,1,SKU69912,ZAV00385,1,1538.02,178.0
ZA-00018283,1,SKU27013,ZAV00368,1,545.66,44.69
ZA-00018284,1,SKU80881,ZAV00758,1,524.35,122.88
ZA-00018285,1,SKU61165,ZAV00108,1,151.76,179.62
ZA-00018286,1,SKU73245,ZAV00205,1,293.48,58.94
ZA-00018287,1,SKU59523,ZAV00143,1,494.52,87.91
ZA-00018288,1,SKU72246,ZAV00048,1,118.53,117.5
ZA-00018289,1,SKU10527,ZAV00755,1,135.39,142.15
ZA-00018289,2,SKU18568,ZAV00539,1,242.97,175.09
ZA-00018289,3,SKU86639,ZAV00782,1,187.24,145.31
ZA-00018290,1,SKU71567,ZAV00657,1,326.28,56.75
ZA-00018291,1,SKU67133,ZAV00097,1,792.02,79.95
ZA-00018292,1,SKU36548,ZAV00061,1,1652.59,142.6
ZA-00018293,1,SKU83877,ZAV00538,1,96.43,164.84
ZA-00018294,1,SKU17923,ZAV00680,1,336.77,143.36
ZA-00018295,1,SKU14086,ZAV00665,1,1485.53,85.5
ZA-00018296,1,SKU85693,ZAV00379,1,315.83,50.19
ZA-00018297,1,SKU42652,ZAV00759,1,331.32,104.39
ZA-00018298,1,SKU49802,ZAV00774,1,182.96,135.37
ZA-00018299,1,SKU54687,ZAV00168,1,358.34,93.16
ZA-00018300,1,SKU76305,ZAV00362,1,432.76,127.08
ZA-00018300,2,SKU83416,ZAV00292,1,1191.0,165.79
ZA-00018300,3,SKU29973,ZAV00599,1,215.37,60.09
ZA-00018301,1,SKU79203,ZAV00562,1,692.28,125.21
ZA-00018302,1,SKU53782,ZAV00788,1,516.0,171.87
ZA-00018302,2,SKU22578,ZAV00129,1,368.34,97.07
ZA-00018303,1,SKU97858,ZAV00774,1,211.38,149.3
ZA-00018304,1,SKU39729,ZAV00704,1,322.19,135.11
ZA-00018305,1,SKU43202,ZAV00267,1,465.6,134.76
ZA-00018306,1,SKU15767,ZAV00369,1,246.4,92.46
ZA-00018307,1,SKU79075,ZAV00789,2,241.33,60.54
ZA-00018308,1,SKU44381,ZAV00114,1,2747.31,83.45
ZA-00018309,1,SKU77554,ZAV00516,1,359.16,73.4
ZA-00018310,1,SKU13049,ZAV00390,2,199.22,85.77
ZA-00018311,1,SKU84595,ZAV00775,1,1093.83,45.07
ZA-00018312,1,SKU14091,ZAV00620,1,42.89,82.93
ZA-00018312,2,SKU38904,ZAV00010,2,692.39,51.96
ZA-00018313,1,SKU16476,ZAV00051,1,181.4,160.75
ZA-00018314,1,SKU79141,ZAV00387,1,1249.36,62.95
ZA-00018315,1,SKU10701,ZAV00545,1,685.74,46.53
ZA-00018316,1,SKU24506,ZAV00761,1,1565.61,157.81
ZA-00018317,1,SKU97561,ZAV00096,1,124.07,120.89
ZA-00018317,2,SKU38072,ZAV00560,1,544.77,45.29
ZA-00018317,3,SKU37548,ZAV00692,1,234.31,170.5
ZA-00018318,1,SKU48161,ZAV00191,1,58.99,136.99
ZA-00018319,1,SKU42805,ZAV00230,1,678.25,92.91
ZA-00018320,1,SKU51911,ZAV00112,1,221.13,41.9
ZA-00018321,1,SKU44576,ZAV00335,1,264.57,108.23
ZA-00018322,1,SKU51142,ZAV00724,1,678.36,131.4
ZA-00018322,2,SKU70122,ZAV00701,1,470.62,174.55
ZA-00018323,1,SKU88579,ZAV00659,1,240.68,108.42
ZA-00018324,1,SKU72046,ZAV00133,1,315.41,120.58
ZA-00018324,2,SKU51375,ZAV00063,2,397.35,147.7
ZA-00018325,1,SKU85186,ZAV00377,1,84.84,91.52
ZA-00018326,1,SKU87780,ZAV00627,1,296.88,145.58
ZA-00018327,1,SKU74739,ZAV00542,1,885.53,91.75
ZA-00018328,1,SKU70267,ZAV00596,2,274.22,108.37
ZA-00018329,1,SKU54371,ZAV00435,1,463.74,91.71
ZA-00018330,1,SKU85832,ZAV00151,2,1994.1,105.92
ZA-00018331,1,SKU70039,ZAV00043,1,974.64,172.41
ZA-00018332,1,SKU21185,ZAV00025,1,223.61,156.67
ZA-00018333,1,SKU70274,ZAV00629,1,79.74,77.7
ZA-00018334,1,SKU22949,ZAV00768,1,600.67,75.32
ZA-00018335,1,SKU90591,ZAV00199,1,170.2,124.94
ZA-00018335,2,SKU28608,ZAV00108,1,978.52,84.21
ZA-00018335,3,SKU35223,ZAV00439,2,1059.7,40.53
ZA-00018336,1,SKU11598,ZAV00560,1,189.63,37.1
ZA-00018336,2,SKU84331,ZAV00478,1,339.38,159.11
ZA-00018337,1,SKU44752,ZAV00609,3,249.77,85.21
ZA-00018338,1,SKU83126,ZAV00622,1,239.16,65.63
ZA-00018339,1,SKU87195,ZAV00692,1,173.87,49.36
ZA-00018340,1,SKU62407,ZAV00637,1,652.05,115.16
ZA-00018341,1,SKU82728,ZAV00258,2,352.96,63.65
ZA-00018342,1,SKU51556,ZAV00422,1,690.22,70.21
ZA-00018343,1,SKU51680,ZAV00470,1,208.34,55.03
ZA-00018344,1,SKU53793,ZAV00166,1,260.97,111.92
ZA-00018345,1,SKU91388,ZAV00766,1,1227.66,65.9
ZA-00018346,1,SKU82390,ZAV00355,1,138.6,167.99
ZA-00018346,2,SKU74054,ZAV00084,1,631.03,148.1
ZA-00018347,1,SKU54856,ZAV00028,1,210.58,116.52
ZA-00018347,2,SKU92021,ZAV00148,1,284.08,148.99
ZA-00018348,1,SKU63489,ZAV00247,1,346.64,162.12
ZA-00018349,1,SKU69478,ZAV00499,1,155.95,156.67
ZA-00018350,1,SKU97770,ZAV00489,1,356.49,97.82
ZA-00018351,1,SKU12661,ZAV00190,1,422.73,38.37
ZA-00018352,1,SKU76561,ZAV00252,1,974.05,118.23
ZA-00018352,2,SKU48335,ZAV00269,1,679.33,150.39
ZA-00018352,3,SKU31954,ZAV00223,2,122.31,102.69
ZA-00018353,1,SKU20603,ZAV00456,1,254.44,173.67
ZA-00018354,1,SKU77987,ZAV00799,1,611.81,54.93
ZA-00018355,1,SKU69624,ZAV00385,1,303.74,110.19
ZA-00018356,1,SKU32247,ZAV00233,1,1429.63,55.3
ZA-00018357,1,SKU61149,ZAV00335,1,221.31,101.65
ZA-00018358,1,SKU97520,ZAV00110,1,191.27,155.93
ZA-00018359,1,SKU24320,ZAV00190,1,542.89,67.52
ZA-00018360,1,SKU83197,ZAV00150,2,939.23,126.87
ZA-00018361,1,SKU90920,ZAV00177,1,285.74,71.53
ZA-00018362,1,SKU73810,ZAV00628,1,1192.92,168.35
ZA-00018363,1,SKU16108,ZAV00051,1,1229.8,150.97
ZA-00018363,2,SKU50446,ZAV00286,2,442.57,41.21
ZA-00018364,1,SKU19414,ZAV00401,2,474.46,142.34
ZA-00018364,2,SKU99498,ZAV00632,1,3560.33,53.43
ZA-00018364,3,SKU87342,ZAV00782,1,219.06,59.13
ZA-00018365,1,SKU40006,ZAV00498,1,530.45,37.1
ZA-00018365,2,SKU21978,ZAV00661,1,1322.57,174.84
ZA-00018366,1,SKU58841,ZAV00774,1,1427.84,59.81
ZA-00018367,1,SKU70757,ZAV00735,1,226.22,55.24
ZA-00018368,1,SKU31244,ZAV00703,1,495.1,141.32
ZA-00018369,1,SKU29024,ZAV00567,1,1108.94,152.05
ZA-00018369,2,SKU19054,ZAV00251,1,563.91,100.41
ZA-00018370,1,SKU66776,ZAV00029,1,170.45,86.18
ZA-00018371,1,SKU51884,ZAV00526,1,207.68,132.27
ZA-00018372,1,SKU22773,ZAV00167,2,407.2,65.12
ZA-00018373,1,SKU65089,ZAV00503,1,342.92,147.19
ZA-00018374,1,SKU21034,ZAV00496,1,337.23,177.73
ZA-00018375,1,SKU17547,ZAV00568,2,2283.7,157.03
ZA-00018376,1,SKU10386,ZAV00159,2,650.6,39.92
ZA-00018377,1,SKU37528,ZAV00274,1,424.11,152.01
ZA-00018378,1,SKU94148,ZAV00431,1,402.74,89.26
ZA-00018378,2,SKU55074,ZAV00730,1,213.0,38.85
ZA-00018378,3,SKU97924,ZAV00654,2,488.26,90.47
ZA-00018379,1,SKU10537,ZAV00419,1,904.6,54.2
ZA-00018380,1,SKU90859,ZAV00207,2,376.24,55.71
ZA-00018380,2,SKU70650,ZAV00458,1,663.51,72.03
ZA-00018381,1,SKU23571,ZAV00571,1,1012.31,118.37
ZA-00018381,2,SKU35138,ZAV00692,1,361.15,131.23
ZA-00018382,1,SKU80211,ZAV00430,1,587.13,157.49
ZA-00018383,1,SKU61905,ZAV00258,1,489.87,76.93
ZA-00018384,1,SKU71195,ZAV00242,2,668.97,132.33
ZA-00018385,1,SKU47989,ZAV00461,1,260.8,72.05
ZA-00018386,1,SKU44248,ZAV00365,1,1131.79,58.22
ZA-00018387,1,SKU81294,ZAV00401,1,564.4,69.33
ZA-00018388,1,SKU72283,ZAV00432,1,347.93,89.96
ZA-00018389,1,SKU73324,ZAV00734,1,400.06,136.65
ZA-00018390,1,SKU83960,ZAV00695,1,321.78,66.4
ZA-00018391,1,SKU82497,ZAV00478,1,441.4,152.73
ZA-00018392,1,SKU12200,ZAV00405,1,72.85,129.23
ZA-00018393,1,SKU70865,ZAV00709,1,175.92,35.75
ZA-00018394,1,SKU11948,ZAV00318,3,317.17,65.03
ZA-00018395,1,SKU32317,ZAV00023,1,498.9,42.55
ZA-00018396,1,SKU67267,ZAV00739,1,426.85,137.4
ZA-00018397,1,SKU60166,ZAV00665,1,470.07,125.32
ZA-00018398,1,SKU61890,ZAV00249,1,1080.45,96.87
ZA-00018399,1,SKU70150,ZAV00340,1,695.65,110.24
ZA-00018399,2,SKU53675,ZAV00658,1,5838.91,105.84
ZA-00018400,1,SKU27535,ZAV00747,1,685.38,58.27
ZA-00018400,2,SKU89057,ZAV00474,1,361.31,147.1
ZA-00018401,1,SKU61767,ZAV00328,1,617.63,123.78
ZA-00018402,1,SKU52181,ZAV00428,1,207.93,108.61
ZA-00018403,1,SKU95900,ZAV00529,1,2205.19,76.23
ZA-00018404,1,SKU61759,ZAV00357,1,258.89,85.83
ZA-00018405,1,SKU41222,ZAV00028,2,453.57,99.7
ZA-00018406,1,SKU36517,ZAV00042,2,233.51,137.14
ZA-00018407,1,SKU38398,ZAV00249,1,283.67,112.48
ZA-00018408,1,SKU97642,ZAV00406,1,494.35,51.87
ZA-00018409,1,SKU11104,ZAV00765,1,285.22,174.98
ZA-00018410,1,SKU28885,ZAV00494,1,300.4,167.7
ZA-00018411,1,SKU72768,ZAV00109,1,191.38,151.0
ZA-00018412,1,SKU66415,ZAV00446,1,633.01,128.87
ZA-00018413,1,SKU34160,ZAV00340,1,147.84,156.03
ZA-00018414,1,SKU55924,ZAV00603,1,674.8,140.56
ZA-00018414,2,SKU91561,ZAV00380,1,166.64,179.47
ZA-00018414,3,SKU17389,ZAV00609,2,345.96,138.15
ZA-00018415,1,SKU99436,ZAV00720,1,890.87,170.53
ZA-00018416,1,SKU88681,ZAV00108,1,1169.76,142.23
ZA-00018417,1,SKU20847,ZAV00778,1,185.01,127.71
ZA-00018418,1,SKU37421,ZAV00760,1,670.45,123.65
ZA-00018419,1,SKU32542,ZAV00459,1,1238.62,155.43
ZA-00018420,1,SKU60534,ZAV00531,1,282.09,120.33
ZA-00018421,1,SKU75635,ZAV00592,1,1186.64,118.16
ZA-00018422,1,SKU93027,ZAV00716,2,1273.59,130.35
ZA-00018423,1,SKU32574,ZAV00235,1,243.73,176.42
ZA-00018424,1,SKU20399,ZAV00716,1,548.15,40.32
ZA-00018425,1,SKU70444,ZAV00462,1,570.66,58.29
ZA-00018426,1,SKU89726,ZAV00069,1,653.55,78.0
ZA-00018427,1,SKU47699,ZAV00750,1,1167.31,171.98
ZA-00018428,1,SKU63199,ZAV00503,1,720.65,124.01
ZA-00018429,1,SKU50884,ZAV00795,1,163.08,106.16
ZA-00018430,1,SKU89257,ZAV00216,1,158.83,122.15
ZA-00018431,1,SKU43676,ZAV00525,1,437.76,154.59
ZA-00018432,1,SKU65169,ZAV00606,1,448.75,122.33
ZA-00018433,1,SKU71121,ZAV00402,1,568.05,50.88
ZA-00018434,1,SKU35491,ZAV00569,1,374.32,170.19
ZA-00018435,1,SKU71838,ZAV00062,1,453.37,178.39
ZA-00018436,1,SKU77387,ZAV00588,3,1141.6,168.57
ZA-00018436,2,SKU24034,ZAV00716,1,142.38,139.02
ZA-00018437,1,SKU46577,ZAV00379,1,241.95,48.84
ZA-00018438,1,SKU13370,ZAV00355,1,116.3,120.43
ZA-00018439,1,SKU49696,ZAV00143,1,297.58,163.18
ZA-00018439,2,SKU53140,ZAV00216,3,652.5,62.26
ZA-00018440,1,SKU94878,ZAV00082,1,315.97,176.27
ZA-00018441,1,SKU48171,ZAV00480,2,805.85,47.46
ZA-00018442,1,SKU20607,ZAV00437,1,1390.66,153.52
ZA-00018443,1,SKU92728,ZAV00612,1,92.3,35.04
ZA-00018444,1,SKU98781,ZAV00010,1,1157.92,89.91
ZA-00018444,2,SKU42441,ZAV00654,1,1117.02,35.2
ZA-00018445,1,SKU60740,ZAV00001,1,354.74,38.11
ZA-00018446,1,SKU33738,ZAV00421,1,968.8,138.86
ZA-00018447,1,SKU59117,ZAV00117,1,239.39,138.07
ZA-00018447,2,SKU74459,ZAV00700,1,274.84,152.0
ZA-00018448,1,SKU53406,ZAV00763,1,1723.64,177.59
ZA-00018449,1,SKU41375,ZAV00424,1,1275.39,124.51
ZA-00018449,2,SKU69547,ZAV00702,1,1389.41,141.7
ZA-00018450,1,SKU48843,ZAV00633,1,226.61,90.33
ZA-00018450,2,SKU81528,ZAV00075,1,369.39,146.03
ZA-00018451,1,SKU46386,ZAV00070,1,318.84,62.08
ZA-00018452,1,SKU17537,ZAV00470,1,387.1,114.92
ZA-00018453,1,SKU89633,ZAV00487,1,692.63,66.05
ZA-00018454,1,SKU81763,ZAV00386,1,424.61,158.67
ZA-00018455,1,SKU87030,ZAV00780,1,631.17,89.42
ZA-00018456,1,SKU14739,ZAV00797,1,766.2,134.76
ZA-00018457,1,SKU92696,ZAV00091,1,602.69,137.89
ZA-00018458,1,SKU51722,ZAV00730,1,341.87,144.18
ZA-00018459,1,SKU11023,ZAV00184,1,765.15,93.87
ZA-00018460,1,SKU36615,ZAV00728,1,696.18,52.25
ZA-00018461,1,SKU46762,ZAV00391,1,755.28,136.6
ZA-00018462,1,SKU30950,ZAV00465,1,813.78,177.5
ZA-00018463,1,SKU78613,ZAV00268,1,1278.27,54.41
ZA-00018464,1,SKU87870,ZAV00284,1,552.87,164.62
ZA-00018464,2,SKU65275,ZAV00674,1,338.69,134.45
ZA-00018465,1,SKU22641,ZAV00476,2,2865.14,65.5
ZA-00018466,1,SKU94545,ZAV00503,1,782.93,43.01
ZA-00018467,1,SKU31796,ZAV00033,1,323.55,111.34
ZA-00018467,2,SKU99985,ZAV00323,1,222.99,79.44
ZA-00018468,1,SKU60748,ZAV00669,1,468.33,46.25
ZA-00018469,1,SKU85979,ZAV00407,1,289.63,56.27
ZA-00018469,2,SKU90250,ZAV00782,1,672.06,127.01
ZA-00018470,1,SKU27947,ZAV00646,2,600.2,147.82
ZA-00018471,1,SKU96311,ZAV00598,1,1349.09,153.56
ZA-00018472,1,SKU14955,ZAV00371,2,325.38,133.68
ZA-00018473,1,SKU75852,ZAV00146,1,176.89,83.35
ZA-00018473,2,SKU33061,ZAV00510,1,236.91,112.28
ZA-00018474,1,SKU72529,ZAV00060,1,236.53,116.79
ZA-00018475,1,SKU81545,ZAV00760,2,470.78,39.52
ZA-00018476,1,SKU59774,ZAV00037,1,740.32,63.89
ZA-00018477,1,SKU31553,ZAV00702,1,503.64,125.04
ZA-00018478,1,SKU57875,ZAV00635,2,244.5,149.47
ZA-00018478,2,SKU86506,ZAV00112,1,324.06,74.52
ZA-00018479,1,SKU72172,ZAV00264,2,1403.27,75.71
ZA-00018480,1,SKU91598,ZAV00648,1,256.92,164.48
ZA-00018481,1,SKU57329,ZAV00561,1,244.33,59.06
ZA-00018481,2,SKU32994,ZAV00315,1,432.62,89.47
ZA-00018482,1,SKU82561,ZAV00483,1,690.89,121.42
ZA-00018482,2,SKU48364,ZAV00047,1,990.05,61.02
ZA-00018483,1,SKU19882,ZAV00395,1,1005.5,59.88
ZA-00018484,1,SKU55208,ZAV00549,1,649.46,159.1
ZA-00018485,1,SKU96446,ZAV00022,3,185.44,78.83
ZA-00018486,1,SKU23530,ZAV00669,1,166.5,115.68
ZA-00018486,2,SKU88757,ZAV00416,1,1325.03,68.07
ZA-00018487,1,SKU78348,ZAV00292,2,526.1,122.93
ZA-00018488,1,SKU94925,ZAV00063,1,578.7,150.43
ZA-00018489,1,SKU17084,ZAV00250,3,851.35,108.82
ZA-00018489,2,SKU18424,ZAV00782,1,221.29,176.14
ZA-00018490,1,SKU56810,ZAV00091,1,156.68,178.25
ZA-00018491,1,SKU87340,ZAV00256,2,348.82,69.81
ZA-00018492,1,SKU11025,ZAV00436,1,2542.75,72.53
ZA-00018492,2,SKU57048,ZAV00447,1,142.47,157.0
ZA-00018492,3,SKU53616,ZAV00106,1,636.4,159.62
ZA-00018493,1,SKU30329,ZAV00496,1,742.38,105.48
ZA-00018494,1,SKU11180,ZAV00264,1,320.61,78.45
ZA-00018495,1,SKU60490,ZAV00218,1,543.58,65.75
ZA-00018495,2,SKU29209,ZAV00216,1,567.11,136.21
ZA-00018495,3,SKU45663,ZAV00782,1,101.1,70.81
ZA-00018496,1,SKU64296,ZAV00073,1,523.02,35.27
ZA-00018497,1,SKU73123,ZAV00133,3,1411.35,79.23
ZA-00018498,1,SKU45006,ZAV00694,1,327.74,136.88
ZA-00018499,1,SKU89249,ZAV00368,1,593.08,161.14
ZA-00018499,2,SKU76019,ZAV00774,1,381.57,52.88
ZA-00018500,1,SKU74453,ZAV00691,1,206.78,75.15
ZA-00018501,1,SKU61157,ZAV00410,1,635.46,175.6
ZA-00018501,2,SKU10863,ZAV00037,2,169.95,148.42
ZA-00018502,1,SKU15045,ZAV00293,1,155.36,152.27
ZA-00018503,1,SKU32221,ZAV00487,1,1246.85,50.31
ZA-00018503,2,SKU95336,ZAV00457,1,979.52,149.57
ZA-00018504,1,SKU33008,ZAV00029,1,180.12,69.6
ZA-00018504,2,SKU61170,ZAV00578,1,662.37,78.23
ZA-00018505,1,SKU88578,ZAV00673,1,709.68,143.1
ZA-00018506,1,SKU33587,ZAV00411,2,612.37,53.41
ZA-00018507,1,SKU30534,ZAV00683,1,1030.08,144.36
ZA-00018508,1,SKU11052,ZAV00383,2,112.46,165.11
ZA-00018509,1,SKU63909,ZAV00734,1,256.26,174.73
ZA-00018510,1,SKU70702,ZAV00588,2,1058.09,164.26
ZA-00018511,1,SKU20706,ZAV00187,1,636.45,164.3
ZA-00018512,1,SKU40810,ZAV00059,1,562.13,165.3
ZA-00018513,1,SKU72736,ZAV00115,1,314.77,129.51
ZA-00018514,1,SKU86113,ZAV00456,1,393.44,154.41
ZA-00018515,1,SKU28838,ZAV00602,1,224.4,160.3
ZA-00018516,1,SKU29953,ZAV00081,1,584.07,148.91
ZA-00018516,2,SKU20947,ZAV00025,1,112.41,166.16
ZA-00018517,1,SKU33198,ZAV00658,1,195.55,161.88
ZA-00018518,1,SKU88466,ZAV00196,1,655.76,123.96
ZA-00018518,2,SKU30101,ZAV00079,1,582.18,104.45
ZA-00018519,1,SKU96975,ZAV00140,1,494.57,90.43
ZA-00018520,1,SKU77546,ZAV00443,1,659.14,73.47
ZA-00018521,1,SKU68136,ZAV00089,1,213.71,143.7
ZA-00018521,2,SKU24763,ZAV00034,2,468.94,107.61
ZA-00018522,1,SKU98252,ZAV00601,1,213.63,168.31
ZA-00018523,1,SKU58556,ZAV00219,1,371.61,143.91
ZA-00018523,2,SKU64977,ZAV00015,1,379.26,76.76
ZA-00018524,1,SKU77386,ZAV00744,1,196.24,158.98
ZA-00018524,2,SKU52606,ZAV00033,1,271.68,43.8
ZA-00018525,1,SKU98222,ZAV00671,1,680.19,125.94
ZA-00018526,1,SKU18012,ZAV00013,1,669.92,63.41
ZA-00018527,1,SKU85189,ZAV00547,1,60.17,155.48
ZA-00018528,1,SKU79065,ZAV00475,3,226.49,131.22
ZA-00018529,1,SKU24581,ZAV00340,1,239.24,61.24
ZA-00018530,1,SKU11897,ZAV00099,1,636.66,42.48
ZA-00018531,1,SKU93271,ZAV00369,1,200.63,99.47
ZA-00018531,2,SKU96507,ZAV00165,1,68.62,36.99
ZA-00018532,1,SKU81981,ZAV00546,2,372.42,37.83
ZA-00018533,1,SKU25106,ZAV00344,1,400.15,70.62
ZA-00018533,2,SKU34229,ZAV00732,1,450.99,70.92
ZA-00018534,1,SKU14852,ZAV00596,1,204.05,78.31
ZA-00018535,1,SKU44638,ZAV00181,1,285.95,162.55
ZA-00018535,2,SKU63651,ZAV00575,3,272.88,130.26
ZA-00018535,3,SKU91410,ZAV00046,1,357.82,105.87
ZA-00018536,1,SKU73569,ZAV00584,1,449.79,45.22
ZA-00018536,2,SKU68061,ZAV00649,1,536.1,177.79
ZA-00018536,3,SKU32513,ZAV00584,1,238.0,46.28
ZA-00018537,1,SKU14951,ZAV00068,1,140.19,155.24
ZA-00018538,1,SKU82788,ZAV00644,1,294.44,128.32
ZA-00018538,2,SKU61493,ZAV00560,1,486.36,169.65
ZA-00018539,1,SKU79710,ZAV00657,1,473.59,82.71
ZA-00018540,1,SKU86105,ZAV00550,1,355.18,114.63
ZA-00018541,1,SKU92385,ZAV00156,2,474.73,72.86
ZA-00018542,1,SKU42877,ZAV00352,1,652.9,168.39
ZA-00018543,1,SKU41939,ZAV00773,1,1573.07,74.15
ZA-00018544,1,SKU93531,ZAV00168,1,273.05,36.32
ZA-00018544,2,SKU18258,ZAV00269,1,1385.18,96.05
ZA-00018545,1,SKU87073,ZAV00107,1,2911.18,65.0
ZA-00018546,1,SKU83459,ZAV00324,1,1202.87,171.32
ZA-00018547,1,SKU29245,ZAV00718,1,134.49,56.02
ZA-00018547,2,SKU50625,ZAV00334,1,314.27,61.34
ZA-00018548,1,SKU37670,ZAV00281,1,384.28,101.93
ZA-00018549,1,SKU11735,ZAV00510,1,1681.18,96.12
ZA-00018550,1,SKU23138,ZAV00713,1,221.51,106.24
ZA-00018551,1,SKU34982,ZAV00401,1,486.76,65.79
ZA-00018552,1,SKU50786,ZAV00533,1,488.92,173.19
ZA-00018553,1,SKU95064,ZAV00503,2,223.14,152.18
ZA-00018554,1,SKU69601,ZAV00236,2,303.05,82.98
ZA-00018555,1,SKU90326,ZAV00755,1,566.17,49.62
ZA-00018555,2,SKU97426,ZAV00703,3,436.54,67.31
ZA-00018556,1,SKU43990,ZAV00694,2,683.81,168.44
ZA-00018556,2,SKU83360,ZAV00092,1,1414.6,79.19
ZA-00018557,1,SKU18609,ZAV00055,1,469.1,131.78
ZA-00018558,1,SKU49417,ZAV00177,1,554.55,106.62
ZA-00018559,1,SKU50502,ZAV00238,1,275.86,52.65
ZA-00018559,2,SKU47129,ZAV00224,1,498.14,92.97
ZA-00018560,1,SKU22948,ZAV00615,1,86.77,102.15
ZA-00018560,2,SKU99401,ZAV00130,1,192.76,161.15
ZA-00018561,1,SKU63695,ZAV00572,1,445.21,59.63
ZA-00018561,2,SKU27220,ZAV00366,1,119.46,138.56
ZA-00018562,1,SKU15296,ZAV00081,1,318.8,152.8
ZA-00018563,1,SKU36657,ZAV00147,1,766.31,129.88
ZA-00018564,1,SKU66068,ZAV00251,1,271.81,40.83
ZA-00018565,1,SKU30092,ZAV00297,1,489.3,63.72
ZA-00018565,2,SKU53563,ZAV00478,1,396.38,148.85
ZA-00018566,1,SKU85020,ZAV00535,1,141.28,52.6
ZA-00018567,1,SKU52410,ZAV00266,1,128.75,74.12
ZA-00018567,2,SKU29537,ZAV00420,1,295.53,123.02
ZA-00018567,3,SKU20382,ZAV00179,2,1142.83,100.04
ZA-00018568,1,SKU35489,ZAV00352,1,236.89,129.62
ZA-00018568,2,SKU98421,ZAV00479,1,455.25,155.94
ZA-00018568,3,SKU98325,ZAV00112,1,609.51,128.67
ZA-00018569,1,SKU25033,ZAV00180,1,719.17,52.31
ZA-00018570,1,SKU69420,ZAV00179,1,320.9,152.51
ZA-00018571,1,SKU62525,ZAV00220,1,1848.59,156.07
ZA-00018572,1,SKU47592,ZAV00771,1,146.35,124.71
ZA-00018573,1,SKU80566,ZAV00013,1,1458.79,53.12
ZA-00018574,1,SKU48544,ZAV00663,1,1029.53,38.97
ZA-00018575,1,SKU77670,ZAV00049,1,1496.32,56.14
ZA-00018576,1,SKU45144,ZAV00695,1,1389.37,38.64
ZA-00018577,1,SKU67583,ZAV00157,1,138.99,133.74
ZA-00018578,1,SKU90665,ZAV00348,1,412.2,109.9
ZA-00018579,1,SKU65473,ZAV00360,1,258.88,110.68
ZA-00018579,2,SKU53532,ZAV00420,1,128.17,69.27
ZA-00018580,1,SKU94500,ZAV00367,1,385.19,108.68
ZA-00018581,1,SKU97254,ZAV00702,1,65.07,46.45
ZA-00018582,1,SKU57848,ZAV00175,1,121.2,174.69
ZA-00018583,1,SKU52742,ZAV00242,1,515.89,67.48
ZA-00018583,2,SKU74609,ZAV00317,1,133.8,134.35
ZA-00018584,1,SKU48546,ZAV00684,1,395.31,82.94
ZA-00018585,1,SKU52366,ZAV00759,1,1149.0,49.36
ZA-00018585,2,SKU96729,ZAV00438,1,348.65,134.39
ZA-00018586,1,SKU83586,ZAV00333,1,1010.01,171.37
ZA-00018587,1,SKU54027,ZAV00373,1,948.85,167.07
ZA-00018588,1,SKU31854,ZAV00020,1,454.89,88.03
ZA-00018588,2,SKU94816,ZAV00246,1,1696.41,36.21
ZA-00018589,1,SKU95684,ZAV00708,1,170.36,73.13
ZA-00018590,1,SKU97614,ZAV00732,1,678.42,53.39
ZA-00018591,1,SKU55060,ZAV00426,1,490.63,143.11
ZA-00018592,1,SKU33909,ZAV00470,1,496.2,112.78
ZA-00018593,1,SKU60472,ZAV00739,1,363.94,61.85
ZA-00018594,1,SKU46258,ZAV00326,1,106.14,96.32
ZA-00018595,1,SKU35066,ZAV00678,1,351.27,74.15
ZA-00018596,1,SKU20602,ZAV00179,1,116.0,132.05
ZA-00018597,1,SKU54059,ZAV00214,1,2496.76,50.09
ZA-00018598,1,SKU65982,ZAV00088,1,1595.48,149.49
ZA-00018599,1,SKU62627,ZAV00104,2,2929.66,63.77
ZA-00018600,1,SKU96554,ZAV00135,1,391.85,142.67
ZA-00018601,1,SKU41174,ZAV00482,1,329.85,110.05
ZA-00018602,1,SKU66366,ZAV00743,1,1267.18,170.14
ZA-00018603,1,SKU30117,ZAV00703,2,1908.03,107.26
ZA-00018603,2,SKU45887,ZAV00670,1,99.31,175.62
ZA-00018604,1,SKU89992,ZAV00151,3,281.96,69.37
ZA-00018605,1,SKU27668,ZAV00010,1,558.49,167.02
ZA-00018606,1,SKU57231,ZAV00540,1,575.32,64.32
ZA-00018607,1,SKU47401,ZAV00730,1,368.4,114.77
ZA-00018608,1,SKU75057,ZAV00555,1,360.51,49.33
ZA-00018609,1,SKU57305,ZAV00646,1,687.61,75.96
ZA-00018609,2,SKU46338,ZAV00657,1,463.11,69.94
ZA-00018610,1,SKU54332,ZAV00246,1,661.79,100.46
ZA-00018611,1,SKU54261,ZAV00113,1,343.91,88.67
ZA-00018612,1,SKU12793,ZAV00320,1,196.93,134.12
ZA-00018613,1,SKU70615,ZAV00213,1,308.88,103.1
ZA-00018614,1,SKU78077,ZAV00434,1,172.23,61.57
ZA-00018615,1,SKU89321,ZAV00398,1,860.31,99.62
ZA-00018616,1,SKU11868,ZAV00440,2,116.89,35.66
ZA-00018617,1,SKU85998,ZAV00577,1,270.25,141.32
ZA-00018617,2,SKU60361,ZAV00705,1,275.01,114.19
ZA-00018618,1,SKU38878,ZAV00694,1,532.07,95.51
ZA-00018619,1,SKU63048,ZAV00573,1,558.43,51.02
ZA-00018620,1,SKU33690,ZAV00361,1,589.74,155.92
ZA-00018621,1,SKU22772,ZAV00180,1,868.8,74.96
ZA-00018622,1,SKU25739,ZAV00621,1,176.02,129.32
ZA-00018623,1,SKU16452,ZAV00103,1,550.72,157.04
ZA-00018624,1,SKU24985,ZAV00284,1,265.52,151.12
ZA-00018625,1,SKU29387,ZAV00736,1,205.96,136.86
ZA-00018626,1,SKU99951,ZAV00718,1,513.35,146.67
ZA-00018626,2,SKU92269,ZAV00624,1,1920.5,122.64
ZA-00018627,1,SKU45170,ZAV00692,1,316.89,79.84
ZA-00018628,1,SKU97216,ZAV00472,1,1739.39,167.14
ZA-00018628,2,SKU98178,ZAV00524,1,124.23,55.59
ZA-00018629,1,SKU33639,ZAV00596,1,300.75,72.03
ZA-00018630,1,SKU83034,ZAV00198,1,1012.85,110.88
ZA-00018631,1,SKU96831,ZAV00192,1,602.32,164.75
ZA-00018632,1,SKU76101,ZAV00512,1,1703.06,179.73
ZA-00018633,1,SKU95661,ZAV00314,1,982.99,103.23
ZA-00018633,2,SKU19830,ZAV00126,1,241.78,173.04
ZA-00018634,1,SKU89916,ZAV00035,1,333.47,54.23
ZA-00018634,2,SKU39965,ZAV00792,1,488.68,95.35
ZA-00018634,3,SKU81719,ZAV00774,3,621.7,69.95
ZA-00018635,1,SKU24605,ZAV00048,1,558.55,95.97
ZA-00018636,1,SKU80227,ZAV00132,2,675.89,97.8
ZA-00018636,2,SKU41384,ZAV00441,1,325.34,94.75
ZA-00018637,1,SKU19249,ZAV00175,1,1285.03,73.89
ZA-00018638,1,SKU60141,ZAV00785,1,253.69,43.45
ZA-00018639,1,SKU70593,ZAV00009,1,807.99,69.1
ZA-00018640,1,SKU89659,ZAV00498,1,239.77,157.81
ZA-00018640,2,SKU52334,ZAV00482,1,457.53,100.51
ZA-00018641,1,SKU79470,ZAV00668,2,1045.8,116.75
ZA-00018642,1,SKU68759,ZAV00636,1,1057.91,158.81
ZA-00018643,1,SKU84798,ZAV00430,1,760.54,117.47
ZA-00018644,1,SKU66598,ZAV00660,1,289.41,78.32
ZA-00018645,1,SKU72275,ZAV00712,1,219.37,152.19
ZA-00018646,1,SKU10313,ZAV00101,1,725.92,161.63
ZA-00018647,1,SKU47567,ZAV00072,1,778.47,103.97
ZA-00018647,2,SKU70209,ZAV00456,1,135.84,46.22
ZA-00018648,1,SKU79089,ZAV00454,1,287.59,172.22
ZA-00018648,2,SKU33877,ZAV00195,1,1213.19,38.79
ZA-00018649,1,SKU99993,ZAV00069,1,548.67,97.51
ZA-00018650,1,SKU50374,ZAV00012,1,522.88,60.22
ZA-00018651,1,SKU94162,ZAV00069,1,465.47,129.19
ZA-00018652,1,SKU83742,ZAV00385,1,690.76,84.39
ZA-00018653,1,SKU23685,ZAV00639,1,499.85,61.92
ZA-00018653,2,SKU57421,ZAV00247,1,198.57,82.36
ZA-00018653,3,SKU98223,ZAV00235,1,107.9,106.53
ZA-00018654,1,SKU88675,ZAV00454,1,283.43,137.34
ZA-00018654,2,SKU42140,ZAV00301,1,127.83,178.45
ZA-00018655,1,SKU40530,ZAV00179,1,154.96,91.18
ZA-00018655,2,SKU92143,ZAV00571,1,287.95,48.18
ZA-00018656,1,SKU13436,ZAV00642,1,537.82,60.37
ZA-00018657,1,SKU49618,ZAV00393,1,963.12,75.05
ZA-00018658,1,SKU58707,ZAV00085,1,1166.74,72.08
ZA-00018658,2,SKU77922,ZAV00681,1,3494.79,73.49
ZA-00018659,1,SKU40833,ZAV00290,1,258.86,67.89
ZA-00018660,1,SKU81444,ZAV00140,1,536.56,175.87
ZA-00018661,1,SKU20331,ZAV00450,1,2583.27,142.6
ZA-00018662,1,SKU20001,ZAV00720,1,206.72,88.89
ZA-00018662,2,SKU98979,ZAV00602,1,556.2,69.35
ZA-00018663,1,SKU32582,ZAV00651,1,1194.53,123.07
ZA-00018663,2,SKU22191,ZAV00765,1,1257.53,157.37
ZA-00018664,1,SKU26522,ZAV00778,1,181.41,128.87
ZA-00018665,1,SKU70097,ZAV00554,1,1727.69,128.34
ZA-00018666,1,SKU73469,ZAV00543,1,682.03,117.7
ZA-00018667,1,SKU49207,ZAV00515,3,1284.76,177.28
ZA-00018668,1,SKU27034,ZAV00419,1,923.11,128.4
ZA-00018669,1,SKU23773,ZAV00188,1,212.77,175.39
ZA-00018669,2,SKU59893,ZAV00649,1,2788.77,104.34
ZA-00018670,1,SKU37092,ZAV00076,2,361.6,49.42
ZA-00018671,1,SKU74979,ZAV00094,1,912.83,106.83
ZA-00018672,1,SKU92836,ZAV00351,1,214.89,98.78
ZA-00018673,1,SKU82651,ZAV00071,1,188.73,66.22
ZA-00018674,1,SKU19673,ZAV00777,1,771.63,141.95
ZA-00018675,1,SKU23857,ZAV00670,1,278.09,151.24
ZA-00018676,1,SKU64928,ZAV00683,2,995.38,143.55
ZA-00018677,1,SKU50482,ZAV00348,2,212.51,162.75
ZA-00018678,1,SKU55555,ZAV00068,1,436.68,143.51
ZA-00018679,1,SKU26233,ZAV00077,1,282.03,121.37
ZA-00018679,2,SKU58307,ZAV00752,1,201.84,153.69
ZA-00018679,3,SKU78005,ZAV00025,3,326.81,156.18
ZA-00018680,1,SKU70209,ZAV00539,1,462.08,170.9
ZA-00018680,2,SKU58573,ZAV00775,1,1724.33,162.85
ZA-00018680,3,SKU15407,ZAV00255,1,379.35,109.81
ZA-00018681,1,SKU57268,ZAV00623,1,1216.2,111.98
ZA-00018682,1,SKU28677,ZAV00183,1,904.13,62.05
ZA-00018683,1,SKU68143,ZAV00516,1,1596.42,92.28
ZA-00018683,2,SKU59073,ZAV00012,1,478.08,65.82
ZA-00018684,1,SKU29603,ZAV00714,2,726.71,64.27
ZA-00018685,1,SKU50310,ZAV00629,2,594.22,77.22
ZA-00018686,1,SKU10994,ZAV00523,1,1144.36,156.09
ZA-00018686,2,SKU66599,ZAV00664,1,1460.4,151.66
ZA-00018687,1,SKU49067,ZAV00312,1,355.15,135.51
ZA-00018688,1,SKU75804,ZAV00060,1,412.14,38.14
ZA-00018688,2,SKU82652,ZAV00109,1,2434.33,66.24
ZA-00018689,1,SKU40569,ZAV00659,1,85.75,60.9
ZA-00018690,1,SKU90559,ZAV00167,1,94.4,129.79
ZA-00018691,1,SKU55793,ZAV00343,1,727.51,96.66
ZA-00018692,1,SKU32993,ZAV00613,1,2915.71,79.13
ZA-00018693,1,SKU26870,ZAV00002,1,153.57,160.94
ZA-00018694,1,SKU95803,ZAV00481,1,237.19,123.98
ZA-00018695,1,SKU19125,ZAV00316,1,619.62,99.75
ZA-00018695,2,SKU98872,ZAV00331,1,247.15,177.51
ZA-00018695,3,SKU86182,ZAV00743,1,603.64,99.33
ZA-00018696,1,SKU60908,ZAV00512,1,442.85,177.33
ZA-00018697,1,SKU77261,ZAV00216,1,1267.74,78.76
ZA-00018698,1,SKU98261,ZAV00256,1,144.52,75.3
ZA-00018699,1,SKU27346,ZAV00191,1,172.53,135.53
ZA-00018700,1,SKU63402,ZAV00044,1,442.38,131.26
ZA-00018701,1,SKU31402,ZAV00644,2,563.19,73.24
ZA-00018701,2,SKU93424,ZAV00140,1,134.12,169.37
ZA-00018702,1,SKU29703,ZAV00181,1,474.07,40.38
ZA-00018702,2,SKU16311,ZAV00018,1,102.6,175.41
ZA-00018702,3,SKU96194,ZAV00058,1,2612.4,142.73
ZA-00018703,1,SKU34254,ZAV00452,2,761.89,58.44
ZA-00018704,1,SKU64691,ZAV00159,1,328.13,93.82
ZA-00018705,1,SKU41569,ZAV00637,1,943.63,35.12
ZA-00018706,1,SKU16579,ZAV00630,1,309.79,111.19
ZA-00018707,1,SKU98750,ZAV00532,1,1268.82,141.6
ZA-00018708,1,SKU29745,ZAV00178,1,522.31,98.93
ZA-00018709,1,SKU31460,ZAV00450,1,1063.72,44.82
ZA-00018710,1,SKU15109,ZAV00261,1,515.04,149.68
ZA-00018711,1,SKU19242,ZAV00259,1,2161.01,71.76
ZA-00018712,1,SKU41767,ZAV00316,1,997.91,137.28
ZA-00018713,1,SKU52640,ZAV00550,1,826.45,120.71
ZA-00018714,1,SKU13683,ZAV00024,1,557.57,130.59
ZA-00018715,1,SKU72121,ZAV00564,2,161.08,178.35
ZA-00018716,1,SKU30881,ZAV00759,1,175.24,48.51
ZA-00018717,1,SKU82024,ZAV00481,2,937.41,160.24
ZA-00018718,1,SKU50371,ZAV00092,1,219.98,47.98
ZA-00018718,2,SKU82416,ZAV00173,1,473.41,167.93
ZA-00018719,1,SKU96448,ZAV00136,1,521.83,56.07
ZA-00018719,2,SKU44758,ZAV00558,1,451.04,77.05
ZA-00018719,3,SKU82396,ZAV00351,1,54.8,157.62
ZA-00018720,1,SKU86196,ZAV00195,1,873.93,68.27
ZA-00018721,1,SKU32977,ZAV00625,1,380.68,96.87
ZA-00018722,1,SKU37708,ZAV00711,1,677.43,97.75
ZA-00018723,1,SKU30454,ZAV00148,1,190.5,60.74
ZA-00018724,1,SKU72504,ZAV00408,1,952.34,101.49
ZA-00018725,1,SKU79710,ZAV00147,1,543.57,100.89
ZA-00018726,1,SKU90816,ZAV00707,1,869.98,84.44
ZA-00018727,1,SKU77051,ZAV00270,1,248.36,78.8
ZA-00018728,1,SKU72770,ZAV00084,1,579.65,113.51
ZA-00018729,1,SKU22948,ZAV00166,1,719.67,74.58
ZA-00018729,2,SKU14129,ZAV00260,1,494.83,99.53
ZA-00018730,1,SKU64936,ZAV00265,1,466.58,63.48
ZA-00018731,1,SKU44114,ZAV00228,1,357.02,173.45
ZA-00018732,1,SKU22171,ZAV00501,1,1256.86,140.43
ZA-00018733,1,SKU77248,ZAV00092,1,645.63,60.43
ZA-00018734,1,SKU73571,ZAV00683,2,424.06,152.71
ZA-00018735,1,SKU38031,ZAV00038,3,1393.29,120.21
ZA-00018736,1,SKU17953,ZAV00503,2,689.13,156.4
ZA-00018737,1,SKU96544,ZAV00243,1,313.86,60.09
ZA-00018738,1,SKU73089,ZAV00459,1,279.92,100.38
ZA-00018739,1,SKU27797,ZAV00153,1,356.61,128.8
ZA-00018740,1,SKU39653,ZAV00548,1,1094.55,151.46
ZA-00018740,2,SKU75449,ZAV00674,1,629.57,112.41
ZA-00018741,1,SKU41099,ZAV00016,1,1153.57,108.54
ZA-00018742,1,SKU57017,ZAV00494,1,340.83,140.02
ZA-00018743,1,SKU76334,ZAV00186,1,222.71,156.65
ZA-00018744,1,SKU30203,ZAV00284,1,1893.22,125.21
ZA-00018745,1,SKU28784,ZAV00680,1,375.35,90.6
ZA-00018746,1,SKU57220,ZAV00409,1,1438.32,97.11
ZA-00018747,1,SKU89348,ZAV00126,1,480.05,143.04
ZA-00018748,1,SKU49984,ZAV00268,1,1459.03,98.52
ZA-00018749,1,SKU19026,ZAV00405,2,255.38,173.79
ZA-00018749,2,SKU29804,ZAV00117,2,407.17,160.41
ZA-00018750,1,SKU22638,ZAV00761,1,217.26,107.31
ZA-00018751,1,SKU85354,ZAV00295,1,166.56,35.97
ZA-00018752,1,SKU70443,ZAV00248,1,347.2,101.85
ZA-00018752,2,SKU19835,ZAV00072,3,409.36,53.91
ZA-00018753,1,SKU83852,ZAV00321,1,461.34,35.12
ZA-00018754,1,SKU49898,ZAV00525,1,196.62,137.52
ZA-00018754,2,SKU72386,ZAV00097,1,673.12,166.11
ZA-00018755,1,SKU93087,ZAV00204,1,269.96,119.78
ZA-00018755,2,SKU38993,ZAV00047,1,291.95,172.64
ZA-00018756,1,SKU98657,ZAV00617,1,74.34,125.62
ZA-00018757,1,SKU80949,ZAV00725,1,188.85,106.63
ZA-00018758,1,SKU82465,ZAV00338,1,732.9,54.78
ZA-00018758,2,SKU10601,ZAV00691,1,206.8,73.17
ZA-00018759,1,SKU77438,ZAV00126,1,419.91,86.03
ZA-00018759,2,SKU40382,ZAV00260,1,267.69,51.16
ZA-00018759,3,SKU19752,ZAV00328,1,631.96,103.61
ZA-00018760,1,SKU37288,ZAV00048,1,402.09,129.35
ZA-00018761,1,SKU72525,ZAV00101,1,516.66,37.97
ZA-00018762,1,SKU13815,ZAV00081,1,190.09,35.27
ZA-00018763,1,SKU48824,ZAV00564,1,335.73,138.94
ZA-00018764,1,SKU21766,ZAV00362,1,357.03,124.71
ZA-00018765,1,SKU48385,ZAV00636,1,548.41,135.52
ZA-00018765,2,SKU85397,ZAV00704,1,300.33,139.1
ZA-00018766,1,SKU75376,ZAV00401,1,51.94,159.04
ZA-00018766,2,SKU31117,ZAV00631,1,186.44,141.0
ZA-00018767,1,SKU49174,ZAV00495,1,395.79,51.72
ZA-00018768,1,SKU29254,ZAV00468,1,139.98,139.63
ZA-00018769,1,SKU47296,ZAV00691,1,181.5,95.79
ZA-00018769,2,SKU60089,ZAV00131,1,216.4,113.92
ZA-00018770,1,SKU92646,ZAV00149,1,344.78,149.58
ZA-00018771,1,SKU79587,ZAV00332,2,538.36,168.28
ZA-00018772,1,SKU93077,ZAV00493,1,994.15,111.05
ZA-00018773,1,SKU66833,ZAV00320,1,196.58,57.92
ZA-00018773,2,SKU66665,ZAV00431,1,3397.76,177.19
ZA-00018774,1,SKU16741,ZAV00513,1,136.19,168.65
ZA-00018775,1,SKU36708,ZAV00346,1,821.87,61.58
ZA-00018776,1,SKU62666,ZAV00380,1,583.34,154.67
ZA-00018777,1,SKU95520,ZAV00619,1,3346.64,58.09
ZA-00018777,2,SKU46147,ZAV00376,1,1784.89,90.15
ZA-00018778,1,SKU14421,ZAV00354,1,926.78,128.23
ZA-00018779,1,SKU53942,ZAV00186,1,236.3,155.74
ZA-00018779,2,SKU51309,ZAV00115,1,232.65,105.53
ZA-00018779,3,SKU82116,ZAV00462,1,879.03,106.01
ZA-00018780,1,SKU36854,ZAV00610,1,654.04,103.98
ZA-00018781,1,SKU30948,ZAV00203,1,230.42,123.61
ZA-00018782,1,SKU92546,ZAV00716,1,86.92,102.35
ZA-00018783,1,SKU51184,ZAV00484,1,236.64,134.17
ZA-00018783,2,SKU17529,ZAV00609,1,856.41,38.22
ZA-00018784,1,SKU83565,ZAV00098,1,414.61,140.15
ZA-00018785,1,SKU26314,ZAV00159,1,276.45,73.23
ZA-00018786,1,SKU47479,ZAV00177,1,86.04,89.6
ZA-00018787,1,SKU53485,ZAV00333,2,493.76,120.42
ZA-00018788,1,SKU75129,ZAV00733,1,2118.43,46.13
ZA-00018789,1,SKU81530,ZAV00081,1,769.31,140.31
ZA-00018789,2,SKU64154,ZAV00164,1,368.42,171.84
ZA-00018790,1,SKU58661,ZAV00401,1,751.95,65.2
ZA-00018791,1,SKU35537,ZAV00027,1,477.36,117.32
ZA-00018792,1,SKU33671,ZAV00531,1,637.53,100.56
ZA-00018793,1,SKU90520,ZAV00613,1,1344.19,113.91
ZA-00018794,1,SKU50711,ZAV00530,1,1175.36,111.27
ZA-00018794,2,SKU62423,ZAV00763,1,835.22,43.63
ZA-00018795,1,SKU57902,ZAV00110,1,2020.35,60.01
ZA-00018796,1,SKU48007,ZAV00061,1,386.48,164.99
ZA-00018797,1,SKU94681,ZAV00441,1,682.39,89.54
ZA-00018798,1,SKU29997,ZAV00642,1,1013.12,132.93
ZA-00018799,1,SKU90556,ZAV00140,1,532.92,62.29
ZA-00018800,1,SKU56671,ZAV00097,1,553.13,62.76
ZA-00018801,1,SKU30420,ZAV00661,1,288.15,87.41
ZA-00018801,2,SKU14897,ZAV00156,1,467.27,55.06
ZA-00018802,1,SKU35173,ZAV00421,1,1174.39,111.88
ZA-00018803,1,SKU11314,ZAV00571,1,625.06,165.96
ZA-00018804,1,SKU40649,ZAV00403,1,722.12,47.68
ZA-00018805,1,SKU21002,ZAV00790,2,540.07,138.84
ZA-00018806,1,SKU38673,ZAV00182,1,1357.54,161.53
ZA-00018807,1,SKU44599,ZAV00392,1,206.39,176.91
ZA-00018808,1,SKU13839,ZAV00510,1,275.31,119.27
ZA-00018808,2,SKU47896,ZAV00017,1,226.29,43.57
ZA-00018809,1,SKU85752,ZAV00004,1,338.0,110.59
ZA-00018810,1,SKU50207,ZAV00434,2,352.95,138.41
ZA-00018811,1,SKU84995,ZAV00500,1,415.85,41.48
ZA-00018812,1,SKU69562,ZAV00494,1,423.72,36.97
ZA-00018812,2,SKU68041,ZAV00659,1,2514.98,165.17
ZA-00018813,1,SKU87918,ZAV00196,2,576.9,55.86
ZA-00018814,1,SKU58794,ZAV00132,1,512.52,98.88
ZA-00018814,2,SKU41791,ZAV00349,3,248.05,170.88
ZA-00018815,1,SKU41544,ZAV00048,1,1086.0,54.98
ZA-00018815,2,SKU76711,ZAV00033,1,774.06,133.8
ZA-00018816,1,SKU57683,ZAV00691,1,113.37,72.47
ZA-00018817,1,SKU75558,ZAV00522,1,372.81,133.36
ZA-00018817,2,SKU82890,ZAV00068,1,508.7,128.42
ZA-00018818,1,SKU82703,ZAV00779,2,260.87,53.64
ZA-00018819,1,SKU88003,ZAV00162,1,1269.46,144.33
ZA-00018820,1,SKU68016,ZAV00019,1,293.89,177.52
ZA-00018821,1,SKU61285,ZAV00033,2,884.5,159.65
ZA-00018821,2,SKU48282,ZAV00697,1,512.82,124.99
ZA-00018822,1,SKU18107,ZAV00086,2,284.28,172.72
ZA-00018823,1,SKU79891,ZAV00121,1,116.38,102.15
ZA-00018824,1,SKU69260,ZAV00538,1,1114.03,64.29
ZA-00018825,1,SKU45150,ZAV00428,1,314.73,52.23
ZA-00018825,2,SKU39797,ZAV00406,1,172.91,39.22
ZA-00018826,1,SKU26613,ZAV00404,1,477.29,112.1
ZA-00018827,1,SKU51703,ZAV00475,1,317.25,172.83
ZA-00018828,1,SKU53093,ZAV00473,1,340.84,168.88
ZA-00018829,1,SKU21310,ZAV00640,3,73.55,85.21
ZA-00018830,1,SKU61732,ZAV00616,1,152.04,110.14
ZA-00018831,1,SKU43984,ZAV00396,1,1678.84,40.88
ZA-00018832,1,SKU59265,ZAV00394,2,523.7,146.78
ZA-00018833,1,SKU76608,ZAV00400,1,233.58,57.99
ZA-00018834,1,SKU99302,ZAV00263,1,268.49,92.08
ZA-00018834,2,SKU88352,ZAV00639,1,736.0,61.81
ZA-00018835,1,SKU48534,ZAV00002,2,233.43,119.09
ZA-00018835,2,SKU54258,ZAV00414,1,1023.45,127.0
ZA-00018836,1,SKU84491,ZAV00540,3,178.0,156.48
ZA-00018837,1,SKU68941,ZAV00676,1,2101.24,108.23
ZA-00018838,1,SKU39953,ZAV00690,1,1778.06,167.65
ZA-00018838,2,SKU49754,ZAV00167,1,3447.21,120.46
