ord_ref,buyer_ref,ord_dt,ord_state,dispatch_dt,received_dt,promised_dt,promo_code
ZA-00011078,ZAC0007133,01/12/2017 13:44,COMPLETE,04/12/2017 20:09,08/12/2017 11:22,08/12/2017,
ZA-00011079,ZAC0002280,01/12/2017 06:28,COMPLETE,02/12/2017 15:04,10/12/2017 13:40,07/12/2017,
ZA-00011080,ZAC0016007,01/12/2017 21:06,COMPLETE,03/12/2017 19:02,06/12/2017 10:36,10/12/2017,
ZA-00011081,ZAC0005580,01/12/2017 09:43,COMPLETE,03/12/2017 22:17,08/12/2017 07:36,07/12/2017,
ZA-00011082,ZAC0016978,01/12/2017 09:03,DISPATCHED,02/12/2017 16:16,,12/12/2017,WINTER15
ZA-00011083,ZAC0023713,01/12/2017 22:51,COMPLETE,03/12/2017 06:39,08/12/2017 02:54,07/12/2017,
ZA-00011084,ZAC0020754,01/12/2017 09:54,COMPLETE,08/12/2017 22:59,13/12/2017 06:51,11/12/2017,
ZA-00011085,ZAC0015197,01/12/2017 19:41,COMPLETE,08/12/2017 10:16,09/12/2017 12:35,15/12/2017,
ZA-00011086,ZAC0022952,01/12/2017 11:04,COMPLETE,04/12/2017 16:32,06/12/2017 01:05,08/12/2017,
ZA-00011087,ZAC0019707,01/12/2017 19:47,COMPLETE,01/12/2017 20:56,03/12/2017 15:27,08/12/2017,
ZA-00011088,ZAC0008883,01/12/2017 15:40,COMPLETE,02/12/2017 18:25,06/12/2017 11:00,09/12/2017,
ZA-00011089,ZAC0011560,01/12/2017 18:28,COMPLETE,02/12/2017 09:25,08/12/2017 12:03,09/12/2017,
ZA-00011090,ZAC0007496,01/12/2017 12:45,COMPLETE,03/12/2017 16:18,05/12/2017 14:55,07/12/2017,
ZA-00011091,ZAC0018305,01/12/2017 12:09,COMPLETE,05/12/2017 01:06,05/12/2017 21:56,15/12/2017,
ZA-00011092,ZAC0011404,01/12/2017 11:54,COMPLETE,03/12/2017 23:07,10/12/2017 00:47,07/12/2017,
ZA-00011093,ZAC0010227,01/12/2017 22:00,COMPLETE,04/12/2017 06:12,09/12/2017 08:35,11/12/2017,
ZA-00011094,ZAC0020617,01/12/2017 07:06,COMPLETE,03/12/2017 02:41,08/12/2017 10:27,08/12/2017,
ZA-00011095,ZAC0007184,01/12/2017 11:18,COMPLETE,01/12/2017 20:38,06/12/2017 06:58,08/12/2017,WELCOME10
ZA-00011096,ZAC0010964,01/12/2017 09:47,COMPLETE,01/12/2017 18:07,04/12/2017 07:17,05/12/2017,
ZA-00011097,ZAC0008841,01/12/2017 19:38,COMPLETE,02/12/2017 19:36,05/12/2017 13:15,05/12/2017,
ZA-00011098,ZAC0023141,01/12/2017 19:12,COMPLETE,06/12/2017 04:06,08/12/2017 18:52,16/12/2017,
ZA-00011099,ZAC0002186,01/12/2017 09:09,COMPLETE,05/12/2017 15:19,06/12/2017 08:57,15/12/2017,
ZA-00011100,ZAC0018763,01/12/2017 15:05,COMPLETE,02/12/2017 14:04,05/12/2017 23:43,12/12/2017,
ZA-00011101,ZAC0010455,01/12/2017 18:25,COMPLETE,03/12/2017 17:11,07/12/2017 12:23,13/12/2017,
ZA-00011102,ZAC0021491,01/12/2017 18:20,COMPLETE,02/12/2017 23:40,09/12/2017 19:50,12/12/2017,
ZA-00011103,ZAC0007989,01/12/2017 22:13,COMPLETE,02/12/2017 19:46,03/12/2017 15:13,12/12/2017,
ZA-00011104,ZAC0000738,01/12/2017 07:21,COMPLETE,01/12/2017 12:56,02/12/2017 18:59,06/12/2017,
ZA-00011105,ZAC0000488,01/12/2017 08:45,COMPLETE,04/12/2017 15:07,13/12/2017 14:24,14/12/2017,WELCOME10
ZA-00011106,ZAC0022572,01/12/2017 12:04,COMPLETE,05/12/2017 14:07,10/12/2017 13:26,09/12/2017,
ZA-00011107,ZAC0022502,01/12/2017 19:47,COMPLETE,10/12/2017 01:38,13/12/2017 00:18,14/12/2017,WINTER15
ZA-00011108,ZAC0008479,01/12/2017 16:27,COMPLETE,02/12/2017 22:31,07/12/2017 14:54,05/12/2017,
ZA-00011109,ZAC0004961,01/12/2017 16:28,COMPLETE,05/12/2017 11:56,09/12/2017 07:54,08/12/2017,
ZA-00011110,ZAC0023351,01/12/2017 08:30,COMPLETE,02/12/2017 17:13,05/12/2017 13:27,12/12/2017,
ZA-00011111,ZAC0005572,01/12/2017 07:02,COMPLETE,03/12/2017 06:48,10/12/2017 15:14,06/12/2017,
ZA-00011112,ZAC0002927,01/12/2017 08:01,COMPLETE,03/12/2017 09:28,06/12/2017 20:35,08/12/2017,
ZA-00011113,ZAC0010739,01/12/2017 11:20,COMPLETE,02/12/2017 06:37,02/12/2017 21:50,07/12/2017,LOYAL5
ZA-00011114,ZAC0019324,01/12/2017 18:12,COMPLETE,02/12/2017 05:37,08/12/2017 13:57,07/12/2017,
ZA-00011115,ZAC0023841,01/12/2017 12:24,CANCELLED,,,,
ZA-00011116,ZAC0021495,01/12/2017 12:38,COMPLETE,02/12/2017 13:34,09/12/2017 22:04,09/12/2017,
ZA-00011117,ZAC0021201,01/12/2017 07:46,COMPLETE,03/12/2017 04:30,06/12/2017 10:05,06/12/2017,
ZA-00011118,ZAC0004955,01/12/2017 15:18,COMPLETE,03/12/2017 18:46,05/12/2017 11:49,06/12/2017,
ZA-00011119,ZAC0016742,01/12/2017 19:22,DISPATCHED,04/12/2017 17:46,,08/12/2017,
ZA-00011120,ZAC0007140,01/12/2017 14:33,COMPLETE,03/12/2017 17:03,13/12/2017 06:11,07/12/2017,
ZA-00011121,ZAC0018616,01/12/2017 15:29,COMPLETE,03/12/2017 17:02,09/12/2017 23:22,10/12/2017,
ZA-00011122,ZAC0004144,01/12/2017 18:09,COMPLETE,04/12/2017 08:33,08/12/2017 14:41,08/12/2017,
ZA-00011123,ZAC0015660,01/12/2017 21:48,COMPLETE,06/12/2017 02:06,07/12/2017 19:07,10/12/2017,
ZA-00011124,ZAC0005682,01/12/2017 13:17,COMPLETE,02/12/2017 22:14,07/12/2017 03:22,05/12/2017,
ZA-00011125,ZAC0005102,01/12/2017 06:49,COMPLETE,02/12/2017 00:31,05/12/2017 21:49,12/12/2017,WELCOME10
ZA-00011126,ZAC0020326,01/12/2017 12:07,COMPLETE,03/12/2017 00:40,08/12/2017 23:15,06/12/2017,
ZA-00011127,ZAC0003366,01/12/2017 15:05,COMPLETE,01/12/2017 23:50,09/12/2017 05:56,08/12/2017,BULK20
ZA-00011128,ZAC0014721,01/12/2017 13:21,COMPLETE,06/12/2017 12:15,13/12/2017 09:09,10/12/2017,
ZA-00011129,ZAC0018603,01/12/2017 11:45,COMPLETE,02/12/2017 10:57,06/12/2017 11:15,09/12/2017,
ZA-00011130,ZAC0019687,01/12/2017 08:18,COMPLETE,06/12/2017 09:16,10/12/2017 00:07,10/12/2017,
ZA-00011131,ZAC0014879,01/12/2017 13:52,COMPLETE,03/12/2017 11:52,08/12/2017 07:53,08/12/2017,
ZA-00011132,ZAC0004472,01/12/2017 11:30,COMPLETE,03/12/2017 03:02,12/12/2017 20:24,06/12/2017,WINTER15
ZA-00011133,ZAC0006582,02/12/2017 18:22,COMPLETE,06/12/2017 10:28,07/12/2017 19:28,10/12/2017,
ZA-00011134,ZAC0017425,02/12/2017 21:36,CANCELLED,,,,BULK20
ZA-00011135,ZAC0018800,02/12/2017 07:02,COMPLETE,04/12/2017 07:48,06/12/2017 15:26,08/12/2017,
ZA-00011136,ZAC0003749,02/12/2017 10:07,COMPLETE,04/12/2017 22:50,14/12/2017 16:28,08/12/2017,
ZA-00011137,ZAC0007859,02/12/2017 11:16,COMPLETE,04/12/2017 18:09,07/12/2017 19:56,11/12/2017,
ZA-00011138,ZAC0008357,02/12/2017 13:30,COMPLETE,03/12/2017 12:12,08/12/2017 03:22,08/12/2017,
ZA-00011139,ZAC0004587,02/12/2017 16:03,COMPLETE,04/12/2017 18:23,07/12/2017 03:04,11/12/2017,
ZA-00011140,ZAC0014810,02/12/2017 10:14,COMPLETE,04/12/2017 03:51,06/12/2017 08:22,08/12/2017,
ZA-00011141,ZAC0007948,02/12/2017 11:01,COMPLETE,05/12/2017 23:01,08/12/2017 10:06,10/12/2017,WINTER15
ZA-00011142,ZAC0002063,02/12/2017 10:36,COMPLETE,04/12/2017 00:15,14/12/2017 18:31,08/12/2017,WINTER15
ZA-00011143,ZAC0021022,02/12/2017 22:56,COMPLETE,03/12/2017 03:43,06/12/2017 16:34,07/12/2017,
ZA-00011144,ZAC0003248,02/12/2017 17:26,DISPATCHED,04/12/2017 05:19,,09/12/2017,
ZA-00011145,ZAC0005721,02/12/2017 16:23,COMPLETE,05/12/2017 06:40,08/12/2017 06:22,10/12/2017,
ZA-00011146,ZAC0002304,02/12/2017 13:37,COMPLETE,05/12/2017 13:43,19/12/2017 11:56,09/12/2017,
ZA-00011147,ZAC0013630,02/12/2017 15:36,COMPLETE,05/12/2017 01:33,14/12/2017 11:45,09/12/2017,
ZA-00011148,ZAC0012081,02/12/2017 21:06,CANCELLED,,,,
ZA-00011149,ZAC0005807,02/12/2017 09:55,COMPLETE,06/12/2017 17:53,10/12/2017 08:10,10/12/2017,
ZA-00011150,ZAC0017563,02/12/2017 15:27,COMPLETE,06/12/2017 10:14,17/12/2017 00:35,10/12/2017,
ZA-00011151,ZAC0021778,02/12/2017 12:27,COMPLETE,03/12/2017 05:42,08/12/2017 10:33,06/12/2017,BULK20
ZA-00011152,ZAC0020888,02/12/2017 20:41,COMPLETE,03/12/2017 08:26,04/12/2017 08:32,07/12/2017,
ZA-00011153,ZAC0010955,02/12/2017 12:43,COMPLETE,04/12/2017 21:47,07/12/2017 03:50,08/12/2017,
ZA-00011154,ZAC0023418,02/12/2017 09:26,COMPLETE,03/12/2017 06:53,06/12/2017 23:33,07/12/2017,
ZA-00011155,ZAC0013709,02/12/2017 20:02,COMPLETE,03/12/2017 09:21,04/12/2017 01:00,08/12/2017,WELCOME10
ZA-00011156,ZAC0020651,02/12/2017 19:34,COMPLETE,04/12/2017 14:57,07/12/2017 20:20,08/12/2017,WINTER15
ZA-00011157,ZAC0019231,02/12/2017 13:14,COMPLETE,02/12/2017 14:43,06/12/2017 16:45,12/12/2017,
ZA-00011158,ZAC0017975,02/12/2017 16:57,COMPLETE,03/12/2017 17:37,16/12/2017 19:54,08/12/2017,
ZA-00011159,ZAC0010546,02/12/2017 15:44,COMPLETE,04/12/2017 04:04,14/12/2017 19:46,07/12/2017,WINTER15
ZA-00011160,ZAC0000374,02/12/2017 08:07,RETURNED,07/12/2017 23:28,09/12/2017 00:47,12/12/2017,BULK20
ZA-00011161,ZAC0003508,02/12/2017 09:14,COMPLETE,06/12/2017 14:10,11/12/2017 04:10,10/12/2017,
ZA-00011162,ZAC0019380,02/12/2017 22:23,COMPLETE,06/12/2017 10:06,13/12/2017 17:50,13/12/2017,
ZA-00011163,ZAC0020228,02/12/2017 18:02,COMPLETE,03/12/2017 18:17,05/12/2017 18:12,07/12/2017,
ZA-00011164,ZAC0009850,02/12/2017 22:36,COMPLETE,04/12/2017 12:34,05/12/2017 10:17,09/12/2017,
ZA-00011165,ZAC0020541,02/12/2017 17:10,COMPLETE,05/12/2017 12:27,08/12/2017 21:58,09/12/2017,
ZA-00011166,ZAC0003445,02/12/2017 09:43,COMPLETE,04/12/2017 09:28,07/12/2017 14:07,09/12/2017,BULK20
ZA-00011167,ZAC0014055,02/12/2017 08:38,COMPLETE,02/12/2017 13:54,03/12/2017 16:28,07/12/2017,
ZA-00011168,ZAC0012413,02/12/2017 12:15,COMPLETE,05/12/2017 00:06,13/12/2017 22:03,10/12/2017,
ZA-00011169,ZAC0007162,02/12/2017 06:53,COMPLETE,04/12/2017 03:47,08/12/2017 00:42,07/12/2017,
ZA-00011170,ZAC0023793,02/12/2017 07:00,COMPLETE,05/12/2017 03:24,06/12/2017 02:12,10/12/2017,FREESHIP
ZA-00011171,ZAC0005732,02/12/2017 12:28,RETURNED,07/12/2017 23:36,13/12/2017 00:23,12/12/2017,
ZA-00011172,ZAC0007024,02/12/2017 18:54,COMPLETE,03/12/2017 01:13,11/12/2017 19:47,08/12/2017,
ZA-00011173,ZAC0018767,02/12/2017 14:35,COMPLETE,03/12/2017 10:14,04/12/2017 19:56,07/12/2017,
ZA-00011174,ZAC0015272,02/12/2017 18:09,COMPLETE,06/12/2017 02:48,11/12/2017 15:19,11/12/2017,
ZA-00011175,ZAC0015727,02/12/2017 14:39,COMPLETE,04/12/2017 20:33,07/12/2017 18:00,08/12/2017,
ZA-00011176,ZAC0006616,02/12/2017 21:24,COMPLETE,04/12/2017 03:59,09/12/2017 21:26,08/12/2017,FLASH25
ZA-00011177,ZAC0013231,02/12/2017 22:11,COMPLETE,06/12/2017 02:26,07/12/2017 15:23,09/12/2017,
ZA-00011178,ZAC0013089,02/12/2017 20:16,COMPLETE,06/12/2017 11:46,13/12/2017 09:52,11/12/2017,FLASH25
ZA-00011179,ZAC0023668,02/12/2017 15:43,COMPLETE,04/12/2017 18:25,13/12/2017 07:33,08/12/2017,
ZA-00011180,ZAC0015117,02/12/2017 17:04,COMPLETE,04/12/2017 23:32,06/12/2017 21:30,11/12/2017,WINTER15
ZA-00011181,ZAC0018409,02/12/2017 08:26,COMPLETE,04/12/2017 10:52,09/12/2017 14:40,08/12/2017,
ZA-00011182,ZAC0011606,02/12/2017 19:39,COMPLETE,04/12/2017 15:19,08/12/2017 10:55,11/12/2017,
ZA-00011183,ZAC0009201,02/12/2017 16:00,COMPLETE,06/12/2017 03:01,08/12/2017 06:23,09/12/2017,
ZA-00011184,ZAC0001698,02/12/2017 08:09,COMPLETE,04/12/2017 01:55,10/12/2017 02:06,11/12/2017,
ZA-00011185,ZAC0018947,02/12/2017 19:19,COMPLETE,09/12/2017 23:27,15/12/2017 19:55,12/12/2017,
ZA-00011186,ZAC0009941,02/12/2017 18:29,COMPLETE,05/12/2017 01:00,07/12/2017 19:47,08/12/2017,LOYAL5
ZA-00011187,ZAC0022686,02/12/2017 10:24,COMPLETE,05/12/2017 08:57,14/12/2017 20:37,08/12/2017,WELCOME10
ZA-00011188,ZAC0007682,02/12/2017 16:41,COMPLETE,04/12/2017 18:10,11/12/2017 17:08,07/12/2017,
ZA-00011189,ZAC0021833,02/12/2017 20:25,COMPLETE,05/12/2017 05:39,06/12/2017 10:16,08/12/2017,FREESHIP
ZA-00011190,ZAC0003814,02/12/2017 21:03,COMPLETE,04/12/2017 22:22,08/12/2017 06:25,08/12/2017,
ZA-00011191,ZAC0001819,02/12/2017 16:57,COMPLETE,04/12/2017 14:56,10/12/2017 13:54,09/12/2017,FLASH25
ZA-00011192,ZAC0003597,03/12/2017 11:15,CANCELLED,,,,
ZA-00011193,ZAC0004473,03/12/2017 18:49,COMPLETE,10/12/2017 09:24,15/12/2017 06:53,13/12/2017,
ZA-00011194,ZAC0020271,03/12/2017 20:58,COMPLETE,05/12/2017 13:17,16/12/2017 12:53,12/12/2017,
ZA-00011195,ZAC0004785,03/12/2017 16:28,COMPLETE,05/12/2017 12:12,07/12/2017 01:32,09/12/2017,
ZA-00011196,ZAC0020572,03/12/2017 17:23,COMPLETE,04/12/2017 20:12,07/12/2017 02:02,08/12/2017,
ZA-00011197,ZAC0001080,03/12/2017 17:29,COMPLETE,04/12/2017 07:50,09/12/2017 01:58,08/12/2017,WELCOME10
ZA-00011198,ZAC0005878,03/12/2017 07:00,COMPLETE,05/12/2017 03:24,08/12/2017 12:45,09/12/2017,
ZA-00011199,ZAC0022116,03/12/2017 10:17,COMPLETE,05/12/2017 21:55,09/12/2017 01:20,09/12/2017,
ZA-00011200,ZAC0005629,03/12/2017 07:18,COMPLETE,04/12/2017 01:52,05/12/2017 22:27,09/12/2017,LOYAL5
ZA-00011201,ZAC0003956,03/12/2017 11:28,COMPLETE,05/12/2017 20:47,15/12/2017 15:14,12/12/2017,
ZA-00011202,ZAC0004435,03/12/2017 11:08,COMPLETE,06/12/2017 23:13,09/12/2017 11:02,11/12/2017,FLASH25
ZA-00011203,ZAC0009796,03/12/2017 15:00,DISPATCHED,04/12/2017 03:04,,09/12/2017,FREESHIP
ZA-00011204,ZAC0021938,03/12/2017 10:34,COMPLETE,10/12/2017 16:44,15/12/2017 09:45,17/12/2017,BULK20
ZA-00011205,ZAC0007009,03/12/2017 15:08,COMPLETE,06/12/2017 19:57,09/12/2017 16:01,10/12/2017,
ZA-00011206,ZAC0023915,03/12/2017 15:21,COMPLETE,05/12/2017 08:00,08/12/2017 04:29,09/12/2017,
ZA-00011207,ZAC0005638,03/12/2017 09:54,COMPLETE,06/12/2017 04:25,12/12/2017 21:53,11/12/2017,
ZA-00011208,ZAC0002690,03/12/2017 15:18,COMPLETE,05/12/2017 09:49,07/12/2017 18:29,09/12/2017,
ZA-00011209,ZAC0005699,03/12/2017 06:34,COMPLETE,06/12/2017 01:38,08/12/2017 05:06,09/12/2017,WINTER15
ZA-00011210,ZAC0008007,03/12/2017 13:55,COMPLETE,04/12/2017 10:13,05/12/2017 10:24,09/12/2017,
ZA-00011211,ZAC0008783,03/12/2017 15:23,COMPLETE,04/12/2017 20:34,07/12/2017 11:38,09/12/2017,
ZA-00011212,ZAC0002369,03/12/2017 08:38,COMPLETE,08/12/2017 19:28,13/12/2017 11:21,13/12/2017,
ZA-00011213,ZAC0020355,03/12/2017 06:07,COMPLETE,05/12/2017 20:57,08/12/2017 04:55,10/12/2017,
ZA-00011214,ZAC0002202,03/12/2017 17:48,COMPLETE,04/12/2017 13:44,05/12/2017 08:57,07/12/2017,
ZA-00011215,ZAC0022259,03/12/2017 08:32,COMPLETE,08/12/2017 01:05,11/12/2017 03:57,15/12/2017,
ZA-00011216,ZAC0001562,03/12/2017 22:27,COMPLETE,05/12/2017 11:08,12/12/2017 07:23,10/12/2017,
ZA-00011217,ZAC0017862,03/12/2017 18:31,COMPLETE,06/12/2017 18:09,13/12/2017 00:18,11/12/2017,
ZA-00011218,ZAC0018367,03/12/2017 21:59,COMPLETE,06/12/2017 16:13,07/12/2017 00:16,10/12/2017,
ZA-00011219,ZAC0019938,03/12/2017 16:15,COMPLETE,04/12/2017 13:19,06/12/2017 20:21,07/12/2017,FLASH25
ZA-00011220,ZAC0014429,03/12/2017 10:56,COMPLETE,05/12/2017 02:59,13/12/2017 04:35,08/12/2017,
ZA-00011221,ZAC0017866,03/12/2017 16:49,COMPLETE,04/12/2017 14:30,10/12/2017 02:03,09/12/2017,
ZA-00011222,ZAC0021678,03/12/2017 15:26,COMPLETE,04/12/2017 10:37,05/12/2017 08:56,09/12/2017,
ZA-00011223,ZAC0001548,03/12/2017 10:24,COMPLETE,05/12/2017 01:18,11/12/2017 19:47,09/12/2017,
ZA-00011224,ZAC0005918,03/12/2017 07:41,DISPATCHED,04/12/2017 22:20,,11/12/2017,FREESHIP
ZA-00011225,ZAC0020945,03/12/2017 09:49,COMPLETE,08/12/2017 21:00,14/12/2017 12:25,12/12/2017,WELCOME10
ZA-00011226,ZAC0002483,03/12/2017 14:02,COMPLETE,06/12/2017 13:36,08/12/2017 06:08,13/12/2017,
ZA-00011227,ZAC0007457,03/12/2017 20:42,COMPLETE,07/12/2017 14:03,13/12/2017 09:19,14/12/2017,
ZA-00011228,ZAC0018966,03/12/2017 13:21,COMPLETE,07/12/2017 03:12,07/12/2017 19:35,12/12/2017,LOYAL5
ZA-00011229,ZAC0004991,03/12/2017 10:38,COMPLETE,11/12/2017 00:55,18/12/2017 06:57,16/12/2017,
ZA-00011230,ZAC0004191,03/12/2017 21:26,COMPLETE,05/12/2017 05:19,07/12/2017 05:49,09/12/2017,
ZA-00011231,ZAC0008363,03/12/2017 21:59,COMPLETE,09/12/2017 15:37,12/12/2017 15:33,14/12/2017,
ZA-00011232,ZAC0009232,03/12/2017 13:23,COMPLETE,05/12/2017 11:17,06/12/2017 11:44,08/12/2017,
ZA-00011233,ZAC0018170,03/12/2017 20:52,COMPLETE,08/12/2017 06:23,12/12/2017 06:16,12/12/2017,WELCOME10
ZA-00011234,ZAC0002062,03/12/2017 06:28,COMPLETE,04/12/2017 22:17,07/12/2017 09:34,08/12/2017,
ZA-00011235,ZAC0007920,03/12/2017 06:45,COMPLETE,04/12/2017 04:37,08/12/2017 04:36,08/12/2017,
ZA-00011236,ZAC0004055,03/12/2017 15:49,COMPLETE,05/12/2017 12:37,09/12/2017 12:14,12/12/2017,FLASH25
ZA-00011237,ZAC0022420,03/12/2017 16:25,COMPLETE,07/12/2017 19:07,12/12/2017 11:29,14/12/2017,
ZA-00011238,ZAC0007806,03/12/2017 11:55,COMPLETE,03/12/2017 17:04,10/12/2017 02:59,07/12/2017,
ZA-00011239,ZAC0009774,03/12/2017 19:16,COMPLETE,07/12/2017 19:38,14/12/2017 17:23,12/12/2017,
ZA-00011240,ZAC0012262,03/12/2017 11:52,COMPLETE,05/12/2017 09:49,09/12/2017 16:02,10/12/2017,
ZA-00011241,ZAC0023841,03/12/2017 17:37,COMPLETE,04/12/2017 14:48,04/12/2017 22:40,08/12/2017,
ZA-00011242,ZAC0005803,03/12/2017 18:49,COMPLETE,06/12/2017 02:29,12/12/2017 06:50,16/12/2017,BULK20
ZA-00011243,ZAC0017496,03/12/2017 07:52,COMPLETE,05/12/2017 00:30,07/12/2017 08:21,08/12/2017,
ZA-00011244,ZAC0022656,03/12/2017 19:17,DISPATCHED,06/12/2017 18:20,,10/12/2017,FLASH25
ZA-00011245,ZAC0009283,03/12/2017 21:48,COMPLETE,06/12/2017 05:32,06/12/2017 17:12,11/12/2017,
ZA-00011246,ZAC0020980,03/12/2017 21:44,COMPLETE,04/12/2017 07:06,11/12/2017 05:59,07/12/2017,
ZA-00011247,ZAC0020223,03/12/2017 09:18,COMPLETE,04/12/2017 02:42,12/12/2017 22:12,08/12/2017,
ZA-00011248,ZAC0003967,03/12/2017 16:56,COMPLETE,03/12/2017 20:46,08/12/2017 06:32,10/12/2017,
ZA-00011249,ZAC0021157,04/12/2017 15:49,COMPLETE,06/12/2017 15:22,09/12/2017 22:47,13/12/2017,
ZA-00011250,ZAC0020193,04/12/2017 22:34,COMPLETE,05/12/2017 15:39,13/12/2017 04:02,12/12/2017,
ZA-00011251,ZAC0001889,04/12/2017 18:46,COMPLETE,07/12/2017 05:18,11/12/2017 22:36,11/12/2017,BULK20
ZA-00011252,ZAC0017983,04/12/2017 20:38,COMPLETE,06/12/2017 09:11,10/12/2017 07:35,13/12/2017,
ZA-00011253,ZAC0021040,04/12/2017 15:08,COMPLETE,10/12/2017 02:09,13/12/2017 03:56,14/12/2017,
ZA-00011254,ZAC0023898,04/12/2017 09:05,COMPLETE,10/12/2017 09:16,11/12/2017 14:46,14/12/2017,
ZA-00011255,ZAC0022394,04/12/2017 13:36,COMPLETE,05/12/2017 19:26,09/12/2017 04:46,12/12/2017,FLASH25
ZA-00011256,ZAC0002490,04/12/2017 14:42,COMPLETE,06/12/2017 01:38,14/12/2017 21:05,11/12/2017,
ZA-00011257,ZAC0019677,04/12/2017 14:19,COMPLETE,05/12/2017 03:58,06/12/2017 03:51,10/12/2017,
ZA-00011258,ZAC0009421,04/12/2017 09:57,COMPLETE,05/12/2017 16:10,07/12/2017 13:02,10/12/2017,
ZA-00011259,ZAC0012488,04/12/2017 10:27,COMPLETE,05/12/2017 04:55,09/12/2017 15:05,08/12/2017,
ZA-00011260,ZAC0001109,04/12/2017 08:10,COMPLETE,05/12/2017 10:02,07/12/2017 18:32,08/12/2017,
ZA-00011261,ZAC0010290,04/12/2017 09:31,COMPLETE,07/12/2017 03:34,08/12/2017 07:12,10/12/2017,
ZA-00011262,ZAC0004494,04/12/2017 08:08,COMPLETE,06/12/2017 02:08,07/12/2017 16:06,09/12/2017,
ZA-00011263,ZAC0006845,04/12/2017 09:16,COMPLETE,07/12/2017 10:50,12/12/2017 19:47,14/12/2017,
ZA-00011264,ZAC0008280,04/12/2017 11:00,COMPLETE,06/12/2017 01:12,11/12/2017 16:50,16/12/2017,
ZA-00011265,ZAC0006500,04/12/2017 12:41,COMPLETE,06/12/2017 10:44,08/12/2017 05:53,11/12/2017,
ZA-00011266,ZAC0000269,04/12/2017 19:16,COMPLETE,05/12/2017 06:40,07/12/2017 14:40,08/12/2017,
ZA-00011267,ZAC0019973,04/12/2017 10:18,COMPLETE,07/12/2017 20:50,09/12/2017 09:57,14/12/2017,
ZA-00011268,ZAC0003567,04/12/2017 07:15,COMPLETE,05/12/2017 04:59,06/12/2017 12:12,08/12/2017,
ZA-00011269,ZAC0015201,04/12/2017 09:45,COMPLETE,05/12/2017 21:25,11/12/2017 01:28,09/12/2017,
ZA-00011270,ZAC0007389,04/12/2017 19:55,COMPLETE,05/12/2017 00:45,11/12/2017 19:19,09/12/2017,FLASH25
ZA-00011271,ZAC0012844,04/12/2017 13:01,COMPLETE,08/12/2017 00:24,12/12/2017 08:00,15/12/2017,
ZA-00011272,ZAC0004616,04/12/2017 06:09,COMPLETE,06/12/2017 03:50,11/12/2017 14:13,10/12/2017,
ZA-00011273,ZAC0005344,04/12/2017 17:04,COMPLETE,04/12/2017 22:03,10/12/2017 12:03,11/12/2017,
ZA-00011274,ZAC0016224,04/12/2017 10:30,COMPLETE,04/12/2017 20:54,07/12/2017 00:22,08/12/2017,
ZA-00011275,ZAC0023823,04/12/2017 07:13,COMPLETE,07/12/2017 10:03,12/12/2017 15:12,10/12/2017,LOYAL5
ZA-00011276,ZAC0005490,04/12/2017 08:13,COMPLETE,07/12/2017 06:37,13/12/2017 03:46,17/12/2017,FREESHIP
ZA-00011277,ZAC0006873,04/12/2017 19:53,COMPLETE,05/12/2017 00:14,09/12/2017 02:06,09/12/2017,
ZA-00011278,ZAC0008120,04/12/2017 06:54,COMPLETE,06/12/2017 16:25,16/12/2017 16:01,09/12/2017,
ZA-00011279,ZAC0004654,04/12/2017 06:52,RETURNED,05/12/2017 13:31,10/12/2017 16:13,09/12/2017,
ZA-00011280,ZAC0017962,04/12/2017 13:20,COMPLETE,08/12/2017 20:20,11/12/2017 17:43,12/12/2017,BULK20
ZA-00011281,ZAC0006867,04/12/2017 21:58,COMPLETE,05/12/2017 06:16,08/12/2017 09:20,10/12/2017,
ZA-00011282,ZAC0009557,04/12/2017 15:49,CANCELLED,,,,
ZA-00011283,ZAC0002930,04/12/2017 20:50,COMPLETE,05/12/2017 06:28,09/12/2017 03:32,15/12/2017,
ZA-00011284,ZAC0010251,04/12/2017 10:32,COMPLETE,07/12/2017 23:34,09/12/2017 03:35,14/12/2017,
ZA-00011285,ZAC0020144,04/12/2017 17:51,COMPLETE,05/12/2017 00:27,06/12/2017 10:25,12/12/2017,
ZA-00011286,ZAC0021721,04/12/2017 18:34,COMPLETE,06/12/2017 11:17,09/12/2017 22:06,13/12/2017,
ZA-00011287,ZAC0023171,04/12/2017 16:19,COMPLETE,05/12/2017 18:29,07/12/2017 22:14,10/12/2017,
ZA-00011288,ZAC0006742,04/12/2017 20:55,COMPLETE,08/12/2017 18:45,13/12/2017 12:51,12/12/2017,
ZA-00011289,ZAC0016995,04/12/2017 22:11,COMPLETE,06/12/2017 17:50,09/12/2017 01:42,09/12/2017,FREESHIP
ZA-00011290,ZAC0020088,04/12/2017 11:05,COMPLETE,09/12/2017 02:55,12/12/2017 22:36,14/12/2017,
ZA-00011291,ZAC0014644,04/12/2017 09:32,COMPLETE,07/12/2017 18:26,12/12/2017 13:47,17/12/2017,
ZA-00011292,ZAC0017598,04/12/2017 12:02,COMPLETE,05/12/2017 13:36,09/12/2017 23:30,09/12/2017,
ZA-00011293,ZAC0018103,04/12/2017 17:57,COMPLETE,04/12/2017 21:40,06/12/2017 14:05,09/12/2017,
ZA-00011294,ZAC0022346,04/12/2017 14:33,COMPLETE,06/12/2017 13:21,08/12/2017 07:41,13/12/2017,
ZA-00011295,ZAC0018402,04/12/2017 22:51,COMPLETE,07/12/2017 06:10,17/12/2017 06:44,14/12/2017,
ZA-00011296,ZAC0014779,04/12/2017 19:33,COMPLETE,07/12/2017 01:29,08/12/2017 20:27,11/12/2017,
ZA-00011297,ZAC0006811,04/12/2017 07:51,COMPLETE,05/12/2017 00:40,05/12/2017 05:56,15/12/2017,WELCOME10
ZA-00011298,ZAC0018069,04/12/2017 11:24,COMPLETE,05/12/2017 13:43,13/12/2017 07:48,10/12/2017,
ZA-00011299,ZAC0015541,04/12/2017 10:08,COMPLETE,04/12/2017 22:46,09/12/2017 11:24,08/12/2017,
ZA-00011300,ZAC0012861,05/12/2017 18:51,COMPLETE,09/12/2017 06:03,10/12/2017 13:22,19/12/2017,
ZA-00011301,ZAC0001898,05/12/2017 07:52,COMPLETE,05/12/2017 14:48,08/12/2017 13:01,10/12/2017,
ZA-00011302,ZAC0012560,05/12/2017 21:05,COMPLETE,10/12/2017 04:29,12/12/2017 17:23,14/12/2017,
ZA-00011303,ZAC0019093,05/12/2017 11:27,COMPLETE,07/12/2017 18:28,16/12/2017 11:54,12/12/2017,
ZA-00011304,ZAC0018453,05/12/2017 18:28,COMPLETE,08/12/2017 15:11,21/12/2017 10:39,18/12/2017,
ZA-00011305,ZAC0017626,05/12/2017 21:03,COMPLETE,09/12/2017 10:26,13/12/2017 03:49,13/12/2017,BULK20
ZA-00011306,ZAC0007216,05/12/2017 18:52,COMPLETE,09/12/2017 01:25,17/12/2017 11:25,14/12/2017,LOYAL5
ZA-00011307,ZAC0008253,05/12/2017 08:59,COMPLETE,05/12/2017 14:37,11/12/2017 23:34,08/12/2017,WELCOME10
ZA-00011308,ZAC0005256,05/12/2017 15:29,COMPLETE,07/12/2017 06:24,09/12/2017 14:50,12/12/2017,FREESHIP
ZA-00011309,ZAC0022300,05/12/2017 08:07,COMPLETE,06/12/2017 12:57,08/12/2017 06:36,09/12/2017,
ZA-00011310,ZAC0012902,05/12/2017 13:51,COMPLETE,06/12/2017 09:33,14/12/2017 08:17,11/12/2017,BULK20
ZA-00011311,ZAC0003253,05/12/2017 07:26,COMPLETE,07/12/2017 00:31,15/12/2017 01:08,12/12/2017,
ZA-00011312,ZAC0022220,05/12/2017 17:40,COMPLETE,06/12/2017 09:54,12/12/2017 11:45,10/12/2017,
ZA-00011313,ZAC0012758,05/12/2017 22:12,COMPLETE,11/12/2017 19:25,12/12/2017 22:02,16/12/2017,
ZA-00011314,ZAC0013319,05/12/2017 20:22,COMPLETE,07/12/2017 18:11,17/12/2017 23:28,12/12/2017,
ZA-00011315,ZAC0012915,05/12/2017 19:07,CANCELLED,,,,
ZA-00011316,ZAC0002069,05/12/2017 09:30,COMPLETE,14/12/2017 22:38,16/12/2017 08:28,17/12/2017,
ZA-00011317,ZAC0013472,05/12/2017 16:21,COMPLETE,08/12/2017 08:30,13/12/2017 11:02,11/12/2017,
ZA-00011318,ZAC0000008,05/12/2017 21:52,COMPLETE,07/12/2017 00:46,09/12/2017 08:45,14/12/2017,
ZA-00011319,ZAC0001558,05/12/2017 15:32,CANCELLED,,,,LOYAL5
ZA-00011320,ZAC0003423,05/12/2017 17:14,COMPLETE,06/12/2017 20:10,12/12/2017 16:26,10/12/2017,LOYAL5
ZA-00011321,ZAC0023000,05/12/2017 16:50,COMPLETE,06/12/2017 09:53,14/12/2017 19:09,10/12/2017,
ZA-00011322,ZAC0021462,05/12/2017 20:45,COMPLETE,06/12/2017 19:32,09/12/2017 11:32,10/12/2017,
ZA-00011323,ZAC0020232,05/12/2017 19:57,COMPLETE,06/12/2017 16:13,13/12/2017 03:16,13/12/2017,BULK20
ZA-00011324,ZAC0004437,05/12/2017 21:13,COMPLETE,05/12/2017 23:39,06/12/2017 22:23,10/12/2017,
ZA-00011325,ZAC0023614,05/12/2017 14:51,COMPLETE,08/12/2017 17:04,10/12/2017 12:42,13/12/2017,
ZA-00011326,ZAC0002489,05/12/2017 11:50,COMPLETE,08/12/2017 01:55,10/12/2017 14:14,12/12/2017,
ZA-00011327,ZAC0009659,05/12/2017 09:10,COMPLETE,06/12/2017 21:33,09/12/2017 06:10,10/12/2017,WINTER15
ZA-00011328,ZAC0018704,05/12/2017 10:01,COMPLETE,07/12/2017 09:18,15/12/2017 17:12,11/12/2017,
ZA-00011329,ZAC0019427,05/12/2017 21:02,COMPLETE,06/12/2017 22:49,08/12/2017 14:57,10/12/2017,
ZA-00011330,ZAC0007634,05/12/2017 20:09,COMPLETE,11/12/2017 04:46,15/12/2017 18:06,14/12/2017,
ZA-00011331,ZAC0005906,05/12/2017 09:34,COMPLETE,06/12/2017 05:50,07/12/2017 16:42,13/12/2017,FREESHIP
ZA-00011332,ZAC0011645,05/12/2017 10:41,COMPLETE,08/12/2017 15:04,11/12/2017 21:40,15/12/2017,
ZA-00011333,ZAC0004793,05/12/2017 07:37,COMPLETE,05/12/2017 17:15,07/12/2017 06:12,10/12/2017,
ZA-00011334,ZAC0008296,05/12/2017 06:00,COMPLETE,05/12/2017 19:07,16/12/2017 05:00,12/12/2017,
ZA-00011335,ZAC0006084,05/12/2017 17:11,COMPLETE,07/12/2017 15:40,08/12/2017 12:55,10/12/2017,
ZA-00011336,ZAC0007308,05/12/2017 16:29,COMPLETE,11/12/2017 05:35,14/12/2017 21:23,16/12/2017,
ZA-00011337,ZAC0012106,05/12/2017 21:16,COMPLETE,07/12/2017 08:12,11/12/2017 22:03,14/12/2017,
ZA-00011338,ZAC0012757,05/12/2017 20:02,CANCELLED,,,,
ZA-00011339,ZAC0015365,05/12/2017 14:18,COMPLETE,07/12/2017 17:33,09/12/2017 02:11,12/12/2017,
ZA-00011340,ZAC0020736,05/12/2017 09:33,COMPLETE,06/12/2017 18:49,10/12/2017 16:55,11/12/2017,
ZA-00011341,ZAC0010639,05/12/2017 17:53,COMPLETE,07/12/2017 22:10,11/12/2017 07:30,10/12/2017,LOYAL5
ZA-00011342,ZAC0016564,05/12/2017 15:54,COMPLETE,08/12/2017 23:29,11/12/2017 21:54,12/12/2017,
ZA-00011343,ZAC0015880,05/12/2017 08:42,COMPLETE,05/12/2017 20:02,07/12/2017 08:25,15/12/2017,
ZA-00011344,ZAC0022025,05/12/2017 09:45,COMPLETE,10/12/2017 13:14,20/12/2017 17:06,17/12/2017,
ZA-00011345,ZAC0010654,05/12/2017 20:03,COMPLETE,06/12/2017 15:08,17/12/2017 07:24,11/12/2017,
ZA-00011346,ZAC0015228,05/12/2017 11:32,COMPLETE,07/12/2017 08:14,09/12/2017 17:32,11/12/2017,FREESHIP
ZA-00011347,ZAC0016135,05/12/2017 19:31,COMPLETE,10/12/2017 10:59,21/12/2017 01:50,14/12/2017,
ZA-00011348,ZAC0009871,05/12/2017 20:26,COMPLETE,07/12/2017 08:19,11/12/2017 10:09,12/12/2017,FLASH25
ZA-00011349,ZAC0007706,05/12/2017 16:52,COMPLETE,10/12/2017 05:29,21/12/2017 13:30,14/12/2017,
ZA-00011350,ZAC0002830,05/12/2017 06:39,COMPLETE,09/12/2017 03:35,13/12/2017 17:26,14/12/2017,WINTER15
ZA-00011351,ZAC0010595,05/12/2017 22:01,COMPLETE,12/12/2017 10:56,16/12/2017 11:53,15/12/2017,
ZA-00011352,ZAC0001922,05/12/2017 22:45,COMPLETE,06/12/2017 17:43,09/12/2017 13:12,10/12/2017,
ZA-00011353,ZAC0020799,05/12/2017 17:11,COMPLETE,10/12/2017 16:18,11/12/2017 18:43,17/12/2017,
ZA-00011354,ZAC0017736,05/12/2017 11:34,COMPLETE,07/12/2017 10:39,11/12/2017 21:54,14/12/2017,
ZA-00011355,ZAC0011175,05/12/2017 21:02,COMPLETE,07/12/2017 13:31,12/12/2017 19:33,17/12/2017,
ZA-00011356,ZAC0012863,05/12/2017 19:07,COMPLETE,09/12/2017 21:40,18/12/2017 10:33,19/12/2017,
ZA-00011357,ZAC0016610,06/12/2017 12:41,COMPLETE,07/12/2017 07:19,15/12/2017 14:51,10/12/2017,
ZA-00011358,ZAC0022213,06/12/2017 16:55,COMPLETE,07/12/2017 09:20,10/12/2017 18:52,11/12/2017,
ZA-00011359,ZAC0012738,06/12/2017 19:12,COMPLETE,09/12/2017 01:03,10/12/2017 07:34,14/12/2017,
ZA-00011360,ZAC0011555,06/12/2017 07:41,COMPLETE,06/12/2017 16:42,12/12/2017 12:21,16/12/2017,
ZA-00011361,ZAC0012085,06/12/2017 21:33,COMPLETE,08/12/2017 00:25,13/12/2017 00:00,15/12/2017,
ZA-00011362,ZAC0010020,06/12/2017 09:58,COMPLETE,10/12/2017 11:42,16/12/2017 17:01,15/12/2017,
ZA-00011363,ZAC0014508,06/12/2017 19:26,COMPLETE,07/12/2017 19:15,11/12/2017 20:04,14/12/2017,
ZA-00011364,ZAC0004225,06/12/2017 13:03,COMPLETE,08/12/2017 00:17,13/12/2017 10:02,11/12/2017,
ZA-00011365,ZAC0023074,06/12/2017 22:25,COMPLETE,08/12/2017 00:13,10/12/2017 10:52,13/12/2017,
ZA-00011366,ZAC0023238,06/12/2017 20:22,COMPLETE,07/12/2017 18:18,08/12/2017 07:29,11/12/2017,
ZA-00011367,ZAC0011990,06/12/2017 17:24,RETURNED,07/12/2017 08:11,08/12/2017 21:56,11/12/2017,
ZA-00011368,ZAC0020412,06/12/2017 14:57,COMPLETE,09/12/2017 00:46,10/12/2017 02:15,19/12/2017,
ZA-00011369,ZAC0017241,06/12/2017 10:55,COMPLETE,07/12/2017 07:20,15/12/2017 04:47,12/12/2017,
ZA-00011370,ZAC0001209,06/12/2017 12:48,COMPLETE,08/12/2017 07:56,14/12/2017 21:40,13/12/2017,
ZA-00011371,ZAC0002658,06/12/2017 19:19,COMPLETE,08/12/2017 19:53,09/12/2017 06:49,13/12/2017,
ZA-00011372,ZAC0018706,06/12/2017 10:21,CANCELLED,,,,
ZA-00011373,ZAC0007171,06/12/2017 09:05,COMPLETE,08/12/2017 05:38,16/12/2017 00:58,12/12/2017,BULK20
ZA-00011374,ZAC0000504,06/12/2017 18:19,COMPLETE,08/12/2017 13:38,11/12/2017 14:22,12/12/2017,
ZA-00011375,ZAC0023889,06/12/2017 10:55,COMPLETE,07/12/2017 03:53,14/12/2017 17:07,12/12/2017,
ZA-00011376,ZAC0011731,06/12/2017 10:09,COMPLETE,07/12/2017 02:28,14/12/2017 02:19,12/12/2017,
ZA-00011377,ZAC0021683,06/12/2017 06:32,DISPATCHED,10/12/2017 17:26,,14/12/2017,
ZA-00011378,ZAC0021266,06/12/2017 11:02,PENDING,,,,FREESHIP
ZA-00011379,ZAC0012583,06/12/2017 15:52,COMPLETE,09/12/2017 10:50,11/12/2017 02:48,13/12/2017,
ZA-00011380,ZAC0011031,06/12/2017 10:16,COMPLETE,06/12/2017 21:16,11/12/2017 05:30,11/12/2017,
ZA-00011381,ZAC0012346,06/12/2017 21:23,COMPLETE,08/12/2017 06:35,09/12/2017 07:07,12/12/2017,
ZA-00011382,ZAC0013690,06/12/2017 16:14,COMPLETE,06/12/2017 22:42,08/12/2017 10:18,09/12/2017,
ZA-00011383,ZAC0005243,06/12/2017 17:09,COMPLETE,10/12/2017 17:27,24/12/2017 13:34,17/12/2017,
ZA-00011384,ZAC0007502,06/12/2017 11:17,COMPLETE,07/12/2017 13:47,14/12/2017 03:17,10/12/2017,
ZA-00011385,ZAC0004546,06/12/2017 10:18,COMPLETE,07/12/2017 21:02,10/12/2017 01:30,11/12/2017,FLASH25
ZA-00011386,ZAC0007771,06/12/2017 12:02,DISPATCHED,08/12/2017 16:58,,13/12/2017,
ZA-00011387,ZAC0023682,06/12/2017 13:33,COMPLETE,07/12/2017 14:20,09/12/2017 14:17,11/12/2017,
ZA-00011388,ZAC0016215,06/12/2017 14:39,COMPLETE,08/12/2017 01:17,11/12/2017 06:57,12/12/2017,
ZA-00011389,ZAC0021117,06/12/2017 08:56,COMPLETE,10/12/2017 18:44,15/12/2017 01:05,14/12/2017,LOYAL5
ZA-00011390,ZAC0012881,06/12/2017 22:27,COMPLETE,11/12/2017 17:08,20/12/2017 23:43,14/12/2017,
ZA-00011391,ZAC0014457,06/12/2017 20:29,COMPLETE,07/12/2017 15:14,12/12/2017 07:19,12/12/2017,
ZA-00011392,ZAC0013336,06/12/2017 17:43,COMPLETE,10/12/2017 07:13,14/12/2017 07:07,15/12/2017,
ZA-00011393,ZAC0016652,06/12/2017 17:50,COMPLETE,09/12/2017 16:11,10/12/2017 11:13,16/12/2017,WELCOME10
ZA-00011394,ZAC0022266,06/12/2017 07:34,COMPLETE,09/12/2017 15:43,17/12/2017 06:30,14/12/2017,BULK20
ZA-00011395,ZAC0006959,06/12/2017 14:21,COMPLETE,11/12/2017 01:11,16/12/2017 08:09,15/12/2017,
ZA-00011396,ZAC0005709,06/12/2017 16:18,COMPLETE,10/12/2017 11:16,23/12/2017 11:20,14/12/2017,
ZA-00011397,ZAC0023103,06/12/2017 10:04,COMPLETE,07/12/2017 09:40,09/12/2017 22:26,14/12/2017,
ZA-00011398,ZAC0007706,06/12/2017 10:29,COMPLETE,08/12/2017 02:21,12/12/2017 03:46,12/12/2017,
ZA-00011399,ZAC0007103,06/12/2017 09:34,RETURNED,07/12/2017 22:39,09/12/2017 00:32,11/12/2017,
ZA-00011400,ZAC0007041,06/12/2017 21:36,COMPLETE,07/12/2017 11:15,08/12/2017 19:59,11/12/2017,
ZA-00011401,ZAC0009197,06/12/2017 19:18,COMPLETE,08/12/2017 09:10,11/12/2017 20:52,12/12/2017,BULK20
ZA-00011402,ZAC0000281,06/12/2017 22:24,COMPLETE,08/12/2017 11:14,13/12/2017 10:52,12/12/2017,WINTER15
ZA-00011403,ZAC0007725,07/12/2017 11:49,COMPLETE,09/12/2017 17:14,11/12/2017 23:19,14/12/2017,
ZA-00011404,ZAC0003196,07/12/2017 16:10,COMPLETE,09/12/2017 07:19,09/12/2017 20:50,14/12/2017,
ZA-00011405,ZAC0004035,07/12/2017 08:13,COMPLETE,11/12/2017 13:29,12/12/2017 09:22,14/12/2017,BULK20
ZA-00011406,ZAC0002163,07/12/2017 08:51,COMPLETE,11/12/2017 09:36,17/12/2017 06:20,16/12/2017,
ZA-00011407,ZAC0020223,07/12/2017 20:40,COMPLETE,10/12/2017 09:31,11/12/2017 15:33,20/12/2017,
ZA-00011408,ZAC0003245,07/12/2017 22:06,PENDING,,,,
ZA-00011409,ZAC0005772,07/12/2017 13:37,COMPLETE,09/12/2017 02:42,11/12/2017 19:02,13/12/2017,
ZA-00011410,ZAC0000590,07/12/2017 15:06,COMPLETE,09/12/2017 07:00,12/12/2017 12:50,12/12/2017,
ZA-00011411,ZAC0007521,07/12/2017 17:52,COMPLETE,12/12/2017 17:32,16/12/2017 18:41,17/12/2017,
ZA-00011412,ZAC0022646,07/12/2017 16:52,COMPLETE,08/12/2017 07:59,15/12/2017 13:54,11/12/2017,
ZA-00011413,ZAC0021596,07/12/2017 20:48,COMPLETE,08/12/2017 16:57,17/12/2017 17:41,18/12/2017,
ZA-00011414,ZAC0002434,07/12/2017 07:48,COMPLETE,10/12/2017 19:27,14/12/2017 09:52,13/12/2017,
ZA-00011415,ZAC0008632,07/12/2017 06:44,COMPLETE,09/12/2017 23:44,12/12/2017 21:28,13/12/2017,
ZA-00011416,ZAC0006634,07/12/2017 19:20,COMPLETE,14/12/2017 15:42,19/12/2017 16:16,17/12/2017,
ZA-00011417,ZAC0006391,07/12/2017 18:56,COMPLETE,11/12/2017 07:53,17/12/2017 02:50,16/12/2017,
ZA-00011418,ZAC0004957,07/12/2017 22:28,COMPLETE,08/12/2017 17:59,11/12/2017 09:57,11/12/2017,
ZA-00011419,ZAC0023306,07/12/2017 09:45,COMPLETE,09/12/2017 17:58,12/12/2017 19:48,13/12/2017,
ZA-00011420,ZAC0020027,07/12/2017 10:02,COMPLETE,09/12/2017 09:41,11/12/2017 01:40,13/12/2017,
ZA-00011421,ZAC0011471,07/12/2017 21:24,COMPLETE,11/12/2017 10:59,16/12/2017 13:12,16/12/2017,
ZA-00011422,ZAC0013264,07/12/2017 19:58,COMPLETE,08/12/2017 03:45,09/12/2017 11:52,18/12/2017,
ZA-00011423,ZAC0022296,07/12/2017 16:30,COMPLETE,12/12/2017 01:29,13/12/2017 01:32,17/12/2017,
ZA-00011424,ZAC0019183,07/12/2017 12:02,COMPLETE,08/12/2017 17:48,11/12/2017 22:19,12/12/2017,
ZA-00011425,ZAC0020421,07/12/2017 22:40,COMPLETE,09/12/2017 21:35,14/12/2017 13:56,12/12/2017,
ZA-00011426,ZAC0005623,07/12/2017 22:18,COMPLETE,10/12/2017 16:12,15/12/2017 04:38,15/12/2017,WELCOME10
ZA-00011427,ZAC0018571,07/12/2017 08:31,COMPLETE,09/12/2017 04:52,11/12/2017 12:25,13/12/2017,
ZA-00011428,ZAC0005418,07/12/2017 21:11,CANCELLED,,,,
ZA-00011429,ZAC0020490,07/12/2017 15:38,COMPLETE,10/12/2017 15:54,14/12/2017 17:25,13/12/2017,
ZA-00011430,ZAC0011114,07/12/2017 13:06,COMPLETE,11/12/2017 02:37,11/12/2017 10:23,15/12/2017,BULK20
ZA-00011431,ZAC0023826,07/12/2017 08:16,COMPLETE,09/12/2017 09:34,12/12/2017 15:01,16/12/2017,FREESHIP
ZA-00011432,ZAC0018676,07/12/2017 20:49,DISPATCHED,07/12/2017 23:31,,14/12/2017,
ZA-00011433,ZAC0015350,07/12/2017 19:59,COMPLETE,10/12/2017 13:21,17/12/2017 17:04,14/12/2017,
ZA-00011434,ZAC0004503,07/12/2017 11:33,COMPLETE,10/12/2017 21:36,18/12/2017 13:30,15/12/2017,
ZA-00011435,ZAC0009097,07/12/2017 07:05,COMPLETE,10/12/2017 19:47,16/12/2017 17:39,15/12/2017,
ZA-00011436,ZAC0003141,07/12/2017 10:10,COMPLETE,07/12/2017 19:27,10/12/2017 17:20,11/12/2017,
ZA-00011437,ZAC0000555,07/12/2017 16:42,COMPLETE,13/12/2017 11:09,24/12/2017 13:12,18/12/2017,
ZA-00011438,ZAC0004664,07/12/2017 10:52,COMPLETE,09/12/2017 00:16,10/12/2017 23:18,16/12/2017,
ZA-00011439,ZAC0005704,07/12/2017 10:46,COMPLETE,09/12/2017 20:50,16/12/2017 09:32,13/12/2017,
ZA-00011440,ZAC0017720,07/12/2017 17:43,COMPLETE,12/12/2017 02:43,18/12/2017 13:00,19/12/2017,
ZA-00011441,ZAC0004420,07/12/2017 12:41,COMPLETE,08/12/2017 07:46,10/12/2017 22:26,12/12/2017,BULK20
ZA-00011442,ZAC0017842,07/12/2017 06:47,COMPLETE,08/12/2017 11:11,16/12/2017 04:09,18/12/2017,
ZA-00011443,ZAC0012295,07/12/2017 12:13,COMPLETE,08/12/2017 00:30,12/12/2017 01:15,15/12/2017,
ZA-00011444,ZAC0017294,07/12/2017 14:35,COMPLETE,08/12/2017 12:36,14/12/2017 14:15,12/12/2017,
ZA-00011445,ZAC0022519,07/12/2017 14:36,COMPLETE,10/12/2017 05:38,10/12/2017 21:40,17/12/2017,LOYAL5
ZA-00011446,ZAC0002686,07/12/2017 16:13,COMPLETE,14/12/2017 02:58,16/12/2017 16:53,19/12/2017,
ZA-00011447,ZAC0001575,07/12/2017 08:15,COMPLETE,08/12/2017 00:37,11/12/2017 05:42,13/12/2017,BULK20
ZA-00011448,ZAC0001674,07/12/2017 21:12,COMPLETE,08/12/2017 10:34,19/12/2017 13:35,18/12/2017,
ZA-00011449,ZAC0000486,07/12/2017 21:36,COMPLETE,09/12/2017 04:41,14/12/2017 11:27,14/12/2017,
ZA-00011450,ZAC0007510,07/12/2017 21:54,COMPLETE,10/12/2017 12:29,12/12/2017 23:44,14/12/2017,
ZA-00011451,ZAC0006354,07/12/2017 18:58,COMPLETE,09/12/2017 01:49,12/12/2017 09:46,16/12/2017,
ZA-00011452,ZAC0021122,07/12/2017 21:15,COMPLETE,11/12/2017 09:53,14/12/2017 00:54,15/12/2017,
ZA-00011453,ZAC0019404,07/12/2017 17:29,COMPLETE,08/12/2017 17:38,13/12/2017 03:51,15/12/2017,
ZA-00011454,ZAC0023242,07/12/2017 07:20,COMPLETE,08/12/2017 16:31,10/12/2017 15:46,12/12/2017,
ZA-00011455,ZAC0000231,07/12/2017 19:39,COMPLETE,09/12/2017 20:25,16/12/2017 23:56,16/12/2017,WINTER15
ZA-00011456,ZAC0007033,07/12/2017 18:49,COMPLETE,08/12/2017 19:54,12/12/2017 01:35,12/12/2017,
ZA-00011457,ZAC0012039,07/12/2017 22:47,COMPLETE,10/12/2017 23:06,11/12/2017 14:53,17/12/2017,LOYAL5
ZA-00011458,ZAC0004319,07/12/2017 22:39,COMPLETE,10/12/2017 01:01,14/12/2017 21:40,14/12/2017,
ZA-00011459,ZAC0019456,07/12/2017 20:34,COMPLETE,09/12/2017 17:59,15/12/2017 04:04,13/12/2017,
ZA-00011460,ZAC0000475,07/12/2017 14:31,COMPLETE,13/12/2017 08:14,17/12/2017 20:28,20/12/2017,
ZA-00011461,ZAC0022484,07/12/2017 07:17,COMPLETE,11/12/2017 01:19,12/12/2017 23:35,16/12/2017,
ZA-00011462,ZAC0008026,07/12/2017 14:26,COMPLETE,09/12/2017 10:26,22/12/2017 01:58,13/12/2017,
ZA-00011463,ZAC0011683,07/12/2017 11:59,COMPLETE,07/12/2017 20:15,11/12/2017 20:07,14/12/2017,FLASH25
ZA-00011464,ZAC0022182,07/12/2017 17:25,COMPLETE,09/12/2017 01:07,15/12/2017 15:11,12/12/2017,
ZA-00011465,ZAC0003808,07/12/2017 11:02,COMPLETE,10/12/2017 14:28,11/12/2017 15:15,20/12/2017,
ZA-00011466,ZAC0001938,07/12/2017 15:11,COMPLETE,08/12/2017 14:50,12/12/2017 03:04,11/12/2017,FREESHIP
ZA-00011467,ZAC0010783,07/12/2017 09:32,COMPLETE,10/12/2017 15:22,16/12/2017 18:51,15/12/2017,BULK20
ZA-00011468,ZAC0001580,07/12/2017 10:20,COMPLETE,08/12/2017 11:14,14/12/2017 12:53,12/12/2017,WINTER15
ZA-00011469,ZAC0010742,07/12/2017 14:18,COMPLETE,08/12/2017 12:44,14/12/2017 22:34,12/12/2017,
ZA-00011470,ZAC0023776,07/12/2017 08:06,COMPLETE,09/12/2017 00:54,13/12/2017 01:03,13/12/2017,
ZA-00011471,ZAC0015765,07/12/2017 06:54,COMPLETE,09/12/2017 21:13,12/12/2017 23:42,14/12/2017,
ZA-00011472,ZAC0012251,07/12/2017 16:59,COMPLETE,12/12/2017 04:38,15/12/2017 00:48,17/12/2017,
ZA-00011473,ZAC0008378,07/12/2017 22:03,COMPLETE,09/12/2017 15:18,11/12/2017 01:49,14/12/2017,
ZA-00011474,ZAC0022247,07/12/2017 07:32,COMPLETE,12/12/2017 23:50,17/12/2017 09:24,15/12/2017,
ZA-00011475,ZAC0003026,07/12/2017 09:41,COMPLETE,08/12/2017 14:34,18/12/2017 13:24,15/12/2017,
ZA-00011476,ZAC0011361,08/12/2017 22:10,COMPLETE,09/12/2017 16:11,15/12/2017 02:23,12/12/2017,
ZA-00011477,ZAC0007994,08/12/2017 17:27,DISPATCHED,09/12/2017 17:44,,14/12/2017,
ZA-00011478,ZAC0005281,08/12/2017 20:04,COMPLETE,10/12/2017 04:34,13/12/2017 16:22,14/12/2017,
ZA-00011479,ZAC0022048,08/12/2017 10:12,COMPLETE,08/12/2017 13:03,15/12/2017 04:00,13/12/2017,WINTER15
ZA-00011480,ZAC0022179,08/12/2017 13:14,COMPLETE,09/12/2017 08:55,14/12/2017 20:55,13/12/2017,FLASH25
ZA-00011481,ZAC0003981,08/12/2017 19:17,COMPLETE,10/12/2017 06:16,11/12/2017 22:27,17/12/2017,
ZA-00011482,ZAC0004554,08/12/2017 17:10,CANCELLED,,,,
ZA-00011483,ZAC0011050,08/12/2017 13:36,COMPLETE,09/12/2017 19:24,14/12/2017 21:41,13/12/2017,
ZA-00011484,ZAC0022285,08/12/2017 19:36,COMPLETE,09/12/2017 22:27,13/12/2017 18:00,12/12/2017,
ZA-00011485,ZAC0020027,08/12/2017 10:48,COMPLETE,09/12/2017 04:19,10/12/2017 05:56,12/12/2017,
ZA-00011486,ZAC0023845,08/12/2017 20:04,CANCELLED,,,,
ZA-00011487,ZAC0015563,08/12/2017 14:21,COMPLETE,10/12/2017 00:43,15/12/2017 07:53,15/12/2017,
ZA-00011488,ZAC0003841,08/12/2017 13:00,COMPLETE,08/12/2017 17:41,12/12/2017 03:36,12/12/2017,
ZA-00011489,ZAC0002397,08/12/2017 16:18,COMPLETE,09/12/2017 02:56,13/12/2017 21:01,12/12/2017,
ZA-00011490,ZAC0011736,08/12/2017 11:29,COMPLETE,08/12/2017 22:53,17/12/2017 10:50,12/12/2017,
ZA-00011491,ZAC0004532,08/12/2017 13:13,COMPLETE,09/12/2017 07:08,11/12/2017 11:45,19/12/2017,
ZA-00011492,ZAC0014856,08/12/2017 17:44,COMPLETE,09/12/2017 06:25,12/12/2017 04:04,14/12/2017,
ZA-00011493,ZAC0008452,08/12/2017 16:13,COMPLETE,10/12/2017 00:11,12/12/2017 00:41,14/12/2017,LOYAL5
ZA-00011494,ZAC0022791,08/12/2017 17:43,COMPLETE,14/12/2017 02:38,16/12/2017 03:26,17/12/2017,
ZA-00011495,ZAC0006522,08/12/2017 21:46,RETURNED,14/12/2017 19:45,18/12/2017 01:38,18/12/2017,
ZA-00011496,ZAC0019903,08/12/2017 22:53,COMPLETE,13/12/2017 12:37,22/12/2017 02:59,17/12/2017,FREESHIP
ZA-00011497,ZAC0016719,08/12/2017 06:38,COMPLETE,10/12/2017 08:55,19/12/2017 09:40,17/12/2017,FLASH25
ZA-00011498,ZAC0017565,08/12/2017 19:46,DISPATCHED,10/12/2017 04:46,,14/12/2017,
ZA-00011499,ZAC0007298,08/12/2017 14:47,DISPATCHED,10/12/2017 03:28,,13/12/2017,
ZA-00011500,ZAC0013079,08/12/2017 18:06,COMPLETE,10/12/2017 02:52,14/12/2017 14:47,14/12/2017,
ZA-00011501,ZAC0018664,08/12/2017 17:13,COMPLETE,09/12/2017 19:06,11/12/2017 19:55,13/12/2017,
ZA-00011502,ZAC0016317,08/12/2017 19:47,COMPLETE,10/12/2017 07:59,15/12/2017 13:04,14/12/2017,BULK20
ZA-00011503,ZAC0010113,08/12/2017 11:17,COMPLETE,10/12/2017 04:44,13/12/2017 14:33,14/12/2017,
ZA-00011504,ZAC0015886,08/12/2017 11:58,COMPLETE,09/12/2017 05:59,18/12/2017 08:57,13/12/2017,FREESHIP
ZA-00011505,ZAC0017003,08/12/2017 21:34,PENDING,,,,
ZA-00011506,ZAC0003688,08/12/2017 12:47,COMPLETE,11/12/2017 01:18,12/12/2017 01:38,16/12/2017,WINTER15
ZA-00011507,ZAC0016785,08/12/2017 20:20,COMPLETE,12/12/2017 22:05,16/12/2017 22:20,16/12/2017,
ZA-00011508,ZAC0018461,08/12/2017 15:24,COMPLETE,11/12/2017 02:57,13/12/2017 08:24,14/12/2017,
ZA-00011509,ZAC0021651,08/12/2017 21:41,COMPLETE,11/12/2017 01:35,12/12/2017 19:00,14/12/2017,
ZA-00011510,ZAC0004822,08/12/2017 12:47,COMPLETE,09/12/2017 11:25,19/12/2017 03:04,13/12/2017,WINTER15
ZA-00011511,ZAC0016380,08/12/2017 12:14,COMPLETE,10/12/2017 05:59,12/12/2017 11:17,14/12/2017,
ZA-00011512,ZAC0021118,08/12/2017 08:57,COMPLETE,08/12/2017 15:52,08/12/2017 21:21,11/12/2017,
ZA-00011513,ZAC0009160,08/12/2017 11:18,COMPLETE,10/12/2017 22:45,14/12/2017 14:38,13/12/2017,
ZA-00011514,ZAC0016180,08/12/2017 07:49,COMPLETE,08/12/2017 20:33,10/12/2017 06:15,13/12/2017,
ZA-00011515,ZAC0009284,08/12/2017 10:49,COMPLETE,09/12/2017 13:26,14/12/2017 16:33,12/12/2017,
ZA-00011516,ZAC0000581,08/12/2017 13:56,COMPLETE,10/12/2017 08:43,16/12/2017 18:04,14/12/2017,WINTER15
ZA-00011517,ZAC0020334,08/12/2017 18:58,COMPLETE,10/12/2017 22:04,11/12/2017 22:51,14/12/2017,
ZA-00011518,ZAC0010206,08/12/2017 09:56,COMPLETE,11/12/2017 21:21,17/12/2017 12:54,16/12/2017,
ZA-00011519,ZAC0016917,08/12/2017 08:16,COMPLETE,09/12/2017 10:44,14/12/2017 03:18,12/12/2017,
ZA-00011520,ZAC0021952,08/12/2017 09:12,COMPLETE,08/12/2017 23:21,14/12/2017 15:35,13/12/2017,
ZA-00011521,ZAC0001632,08/12/2017 18:27,COMPLETE,09/12/2017 08:41,12/12/2017 09:13,13/12/2017,FLASH25
ZA-00011522,ZAC0018007,08/12/2017 12:19,DISPATCHED,09/12/2017 17:48,,14/12/2017,
ZA-00011523,ZAC0005492,08/12/2017 14:26,COMPLETE,09/12/2017 22:05,14/12/2017 05:53,12/12/2017,
ZA-00011524,ZAC0001046,08/12/2017 15:19,COMPLETE,10/12/2017 06:40,12/12/2017 14:55,14/12/2017,
ZA-00011525,ZAC0005317,08/12/2017 17:10,COMPLETE,10/12/2017 23:35,16/12/2017 12:50,15/12/2017,FLASH25
ZA-00011526,ZAC0004309,08/12/2017 13:11,COMPLETE,09/12/2017 13:14,10/12/2017 19:24,16/12/2017,
ZA-00011527,ZAC0013658,08/12/2017 17:39,COMPLETE,10/12/2017 08:52,14/12/2017 22:53,14/12/2017,
ZA-00011528,ZAC0005674,08/12/2017 21:58,COMPLETE,09/12/2017 14:29,15/12/2017 08:38,13/12/2017,
ZA-00011529,ZAC0015639,08/12/2017 22:18,COMPLETE,11/12/2017 18:04,17/12/2017 04:51,14/12/2017,
ZA-00011530,ZAC0011261,08/12/2017 10:55,COMPLETE,11/12/2017 23:17,17/12/2017 15:08,21/12/2017,BULK20
ZA-00011531,ZAC0014528,08/12/2017 20:32,COMPLETE,09/12/2017 17:12,15/12/2017 06:40,13/12/2017,
ZA-00011532,ZAC0015762,08/12/2017 15:15,COMPLETE,10/12/2017 13:22,17/12/2017 22:07,15/12/2017,
ZA-00011533,ZAC0000487,08/12/2017 06:34,COMPLETE,08/12/2017 23:38,21/12/2017 15:38,12/12/2017,
ZA-00011534,ZAC0023537,08/12/2017 19:35,COMPLETE,12/12/2017 21:34,16/12/2017 22:59,16/12/2017,
ZA-00011535,ZAC0021644,08/12/2017 09:20,COMPLETE,12/12/2017 16:38,17/12/2017 08:03,19/12/2017,
ZA-00011536,ZAC0017278,08/12/2017 17:20,COMPLETE,11/12/2017 23:50,16/12/2017 06:48,15/12/2017,
ZA-00011537,ZAC0005809,08/12/2017 06:54,COMPLETE,09/12/2017 17:11,11/12/2017 23:02,14/12/2017,LOYAL5
ZA-00011538,ZAC0018366,08/12/2017 17:45,COMPLETE,16/12/2017 06:45,19/12/2017 19:22,23/12/2017,
ZA-00011539,ZAC0013318,08/12/2017 11:03,COMPLETE,11/12/2017 06:13,14/12/2017 11:06,16/12/2017,
ZA-00011540,ZAC0007379,08/12/2017 22:51,COMPLETE,10/12/2017 02:49,14/12/2017 23:36,15/12/2017,
ZA-00011541,ZAC0020292,08/12/2017 09:53,COMPLETE,11/12/2017 01:18,15/12/2017 11:53,15/12/2017,
ZA-00011542,ZAC0014629,08/12/2017 12:02,COMPLETE,09/12/2017 14:23,13/12/2017 14:38,12/12/2017,
ZA-00011543,ZAC0022963,08/12/2017 13:55,COMPLETE,10/12/2017 20:57,11/12/2017 17:05,17/12/2017,
ZA-00011544,ZAC0015014,08/12/2017 13:57,COMPLETE,09/12/2017 07:36,10/12/2017 17:10,13/12/2017,
ZA-00011545,ZAC0010030,08/12/2017 09:05,COMPLETE,09/12/2017 18:18,13/12/2017 02:14,14/12/2017,
ZA-00011546,ZAC0010213,08/12/2017 19:56,COMPLETE,11/12/2017 03:46,12/12/2017 00:10,15/12/2017,
ZA-00011547,ZAC0018887,09/12/2017 10:42,COMPLETE,11/12/2017 12:03,15/12/2017 14:40,18/12/2017,FREESHIP
ZA-00011548,ZAC0019442,09/12/2017 19:14,COMPLETE,10/12/2017 05:08,15/12/2017 02:23,14/12/2017,
ZA-00011549,ZAC0014300,09/12/2017 14:27,COMPLETE,10/12/2017 13:15,17/12/2017 11:47,20/12/2017,LOYAL5
ZA-00011550,ZAC0016480,09/12/2017 20:11,COMPLETE,11/12/2017 20:12,22/12/2017 20:57,15/12/2017,
ZA-00011551,ZAC0021120,09/12/2017 22:32,COMPLETE,14/12/2017 00:02,22/12/2017 11:36,19/12/2017,BULK20
ZA-00011552,ZAC0022867,09/12/2017 20:42,COMPLETE,11/12/2017 17:01,14/12/2017 11:39,15/12/2017,
ZA-00011553,ZAC0014613,09/12/2017 13:47,COMPLETE,11/12/2017 09:21,12/12/2017 04:06,21/12/2017,
ZA-00011554,ZAC0021517,09/12/2017 07:14,COMPLETE,09/12/2017 14:08,11/12/2017 04:10,16/12/2017,WELCOME10
ZA-00011555,ZAC0021967,09/12/2017 11:57,COMPLETE,10/12/2017 20:43,12/12/2017 07:08,14/12/2017,LOYAL5
ZA-00011556,ZAC0017797,09/12/2017 20:57,COMPLETE,12/12/2017 02:59,15/12/2017 18:22,19/12/2017,
ZA-00011557,ZAC0023789,09/12/2017 19:20,COMPLETE,13/12/2017 22:58,17/12/2017 08:14,17/12/2017,FLASH25
ZA-00011558,ZAC0014726,09/12/2017 17:24,COMPLETE,14/12/2017 09:11,19/12/2017 09:48,18/12/2017,
ZA-00011559,ZAC0020625,09/12/2017 13:27,COMPLETE,12/12/2017 03:08,15/12/2017 05:56,16/12/2017,
ZA-00011560,ZAC0021325,09/12/2017 18:07,COMPLETE,12/12/2017 01:16,16/12/2017 19:14,17/12/2017,
ZA-00011561,ZAC0021779,09/12/2017 21:19,COMPLETE,14/12/2017 11:29,16/12/2017 18:44,18/12/2017,WINTER15
ZA-00011562,ZAC0006633,09/12/2017 17:52,COMPLETE,12/12/2017 01:48,13/12/2017 18:44,17/12/2017,FLASH25
ZA-00011563,ZAC0014695,09/12/2017 11:49,COMPLETE,09/12/2017 18:17,10/12/2017 16:37,16/12/2017,
ZA-00011564,ZAC0005472,09/12/2017 20:19,COMPLETE,10/12/2017 08:25,11/12/2017 06:20,13/12/2017,WINTER15
ZA-00011565,ZAC0022071,09/12/2017 21:01,COMPLETE,12/12/2017 17:32,20/12/2017 00:16,15/12/2017,
ZA-00011566,ZAC0007518,09/12/2017 19:44,COMPLETE,11/12/2017 19:41,20/12/2017 16:26,14/12/2017,
ZA-00011567,ZAC0011924,09/12/2017 22:43,COMPLETE,11/12/2017 13:58,23/12/2017 21:52,18/12/2017,
ZA-00011568,ZAC0008086,09/12/2017 22:21,COMPLETE,11/12/2017 12:15,16/12/2017 22:03,14/12/2017,
ZA-00011569,ZAC0005555,09/12/2017 12:34,DISPATCHED,10/12/2017 02:22,,15/12/2017,FREESHIP
ZA-00011570,ZAC0012072,09/12/2017 09:16,COMPLETE,12/12/2017 22:39,16/12/2017 05:47,16/12/2017,
ZA-00011571,ZAC0015014,09/12/2017 20:11,COMPLETE,10/12/2017 05:02,11/12/2017 20:10,13/12/2017,FLASH25
ZA-00011572,ZAC0000758,09/12/2017 20:38,COMPLETE,15/12/2017 00:22,21/12/2017 02:03,18/12/2017,
ZA-00011573,ZAC0000006,09/12/2017 19:43,COMPLETE,12/12/2017 23:27,15/12/2017 17:02,16/12/2017,FREESHIP
ZA-00011574,ZAC0020247,09/12/2017 06:40,COMPLETE,11/12/2017 03:29,14/12/2017 15:08,15/12/2017,
ZA-00011575,ZAC0019220,09/12/2017 18:13,COMPLETE,10/12/2017 16:49,12/12/2017 02:35,13/12/2017,
ZA-00011576,ZAC0019788,09/12/2017 10:22,COMPLETE,09/12/2017 21:59,14/12/2017 22:21,19/12/2017,FREESHIP
ZA-00011577,ZAC0008895,09/12/2017 07:35,COMPLETE,11/12/2017 12:34,18/12/2017 18:19,15/12/2017,
ZA-00011578,ZAC0014840,09/12/2017 19:44,COMPLETE,11/12/2017 06:52,17/12/2017 03:19,18/12/2017,
ZA-00011579,ZAC0021371,09/12/2017 10:57,COMPLETE,10/12/2017 12:32,15/12/2017 00:31,17/12/2017,WELCOME10
ZA-00011580,ZAC0012679,09/12/2017 15:45,COMPLETE,11/12/2017 03:22,17/12/2017 07:45,16/12/2017,
ZA-00011581,ZAC0002430,09/12/2017 16:14,COMPLETE,11/12/2017 09:10,13/12/2017 17:07,21/12/2017,
ZA-00011582,ZAC0019608,09/12/2017 14:28,COMPLETE,13/12/2017 01:25,15/12/2017 14:32,17/12/2017,
ZA-00011583,ZAC0021198,09/12/2017 07:29,COMPLETE,13/12/2017 23:14,17/12/2017 10:21,18/12/2017,
ZA-00011584,ZAC0001694,09/12/2017 18:46,COMPLETE,11/12/2017 21:15,19/12/2017 15:06,15/12/2017,
ZA-00011585,ZAC0014296,09/12/2017 16:41,COMPLETE,10/12/2017 12:17,12/12/2017 19:26,17/12/2017,
ZA-00011586,ZAC0014130,09/12/2017 21:16,COMPLETE,13/12/2017 14:31,25/12/2017 09:52,16/12/2017,
ZA-00011587,ZAC0017189,09/12/2017 13:16,COMPLETE,11/12/2017 18:04,17/12/2017 07:10,15/12/2017,
ZA-00011588,ZAC0023236,09/12/2017 20:06,COMPLETE,12/12/2017 04:13,17/12/2017 19:34,17/12/2017,
ZA-00011589,ZAC0012314,09/12/2017 10:39,COMPLETE,12/12/2017 00:12,15/12/2017 03:38,22/12/2017,
ZA-00011590,ZAC0003762,09/12/2017 21:59,COMPLETE,13/12/2017 08:58,17/12/2017 20:35,17/12/2017,WINTER15
ZA-00011591,ZAC0010009,09/12/2017 16:54,COMPLETE,12/12/2017 05:30,21/12/2017 03:25,17/12/2017,FREESHIP
ZA-00011592,ZAC0007241,09/12/2017 17:41,COMPLETE,12/12/2017 17:55,14/12/2017 07:05,17/12/2017,WINTER15
ZA-00011593,ZAC0009378,09/12/2017 11:14,COMPLETE,12/12/2017 04:20,17/12/2017 13:20,19/12/2017,LOYAL5
ZA-00011594,ZAC0005623,09/12/2017 08:02,COMPLETE,09/12/2017 21:51,19/12/2017 18:56,12/12/2017,WINTER15
ZA-00011595,ZAC0013969,09/12/2017 15:20,COMPLETE,11/12/2017 08:13,14/12/2017 10:33,16/12/2017,FREESHIP
ZA-00011596,ZAC0000302,09/12/2017 09:16,COMPLETE,09/12/2017 19:36,16/12/2017 21:18,16/12/2017,FREESHIP
ZA-00011597,ZAC0011524,09/12/2017 21:41,COMPLETE,10/12/2017 21:44,13/12/2017 20:48,15/12/2017,
ZA-00011598,ZAC0016196,09/12/2017 11:04,COMPLETE,11/12/2017 16:57,12/12/2017 17:16,16/12/2017,
ZA-00011599,ZAC0001235,09/12/2017 12:10,COMPLETE,13/12/2017 06:36,16/12/2017 02:30,18/12/2017,
ZA-00011600,ZAC0007238,09/12/2017 19:49,COMPLETE,12/12/2017 05:01,14/12/2017 11:15,15/12/2017,
ZA-00011601,ZAC0003136,09/12/2017 07:13,COMPLETE,10/12/2017 15:32,19/12/2017 13:47,13/12/2017,
ZA-00011602,ZAC0022762,09/12/2017 06:10,COMPLETE,09/12/2017 12:54,10/12/2017 10:27,12/12/2017,
ZA-00011603,ZAC0003227,09/12/2017 13:37,COMPLETE,10/12/2017 15:12,13/12/2017 15:57,15/12/2017,FREESHIP
ZA-00011604,ZAC0023484,09/12/2017 22:34,COMPLETE,12/12/2017 18:32,16/12/2017 17:46,19/12/2017,
ZA-00011605,ZAC0011328,09/12/2017 20:31,COMPLETE,13/12/2017 11:08,18/12/2017 16:31,20/12/2017,BULK20
ZA-00011606,ZAC0001584,09/12/2017 10:51,COMPLETE,10/12/2017 17:40,31/12/2017 18:28,14/12/2017,
ZA-00011607,ZAC0016310,09/12/2017 20:54,COMPLETE,14/12/2017 10:01,19/12/2017 15:45,19/12/2017,
ZA-00011608,ZAC0012980,09/12/2017 16:10,CANCELLED,,,,
ZA-00011609,ZAC0005411,09/12/2017 14:02,COMPLETE,14/12/2017 19:15,23/12/2017 20:12,21/12/2017,
ZA-00011610,ZAC0023362,09/12/2017 08:04,COMPLETE,11/12/2017 09:39,15/12/2017 18:02,15/12/2017,
ZA-00011611,ZAC0013441,10/12/2017 18:40,COMPLETE,16/12/2017 02:58,20/12/2017 17:09,23/12/2017,LOYAL5
ZA-00011612,ZAC0023989,10/12/2017 07:59,COMPLETE,13/12/2017 09:32,15/12/2017 08:18,17/12/2017,
ZA-00011613,ZAC0022928,10/12/2017 22:27,COMPLETE,11/12/2017 13:49,13/12/2017 15:05,14/12/2017,
ZA-00011614,ZAC0020818,10/12/2017 20:47,COMPLETE,14/12/2017 12:51,22/12/2017 09:26,21/12/2017,
ZA-00011615,ZAC0019327,10/12/2017 12:17,COMPLETE,17/12/2017 21:17,19/12/2017 09:28,21/12/2017,
ZA-00011616,ZAC0007007,10/12/2017 08:29,COMPLETE,12/12/2017 23:08,19/12/2017 22:20,15/12/2017,
ZA-00011617,ZAC0023460,10/12/2017 19:11,COMPLETE,11/12/2017 10:44,12/12/2017 05:25,16/12/2017,BULK20
ZA-00011618,ZAC0005956,10/12/2017 18:17,COMPLETE,14/12/2017 11:28,16/12/2017 02:31,17/12/2017,
ZA-00011619,ZAC0006116,10/12/2017 13:23,COMPLETE,13/12/2017 22:27,19/12/2017 01:01,16/12/2017,
ZA-00011620,ZAC0009581,10/12/2017 11:28,COMPLETE,12/12/2017 22:49,16/12/2017 14:09,16/12/2017,
ZA-00011621,ZAC0005846,10/12/2017 22:56,COMPLETE,11/12/2017 02:09,15/12/2017 13:31,18/12/2017,
ZA-00011622,ZAC0006573,10/12/2017 19:16,COMPLETE,13/12/2017 06:27,15/12/2017 09:45,18/12/2017,
ZA-00011623,ZAC0001740,10/12/2017 18:23,COMPLETE,13/12/2017 09:58,14/12/2017 19:03,20/12/2017,
ZA-00011624,ZAC0017972,10/12/2017 19:19,COMPLETE,12/12/2017 05:49,15/12/2017 09:38,16/12/2017,
ZA-00011625,ZAC0006028,10/12/2017 16:45,COMPLETE,12/12/2017 10:47,16/12/2017 21:50,17/12/2017,
ZA-00011626,ZAC0006883,10/12/2017 21:59,COMPLETE,13/12/2017 06:00,16/12/2017 06:23,23/12/2017,
ZA-00011627,ZAC0019277,10/12/2017 12:03,COMPLETE,13/12/2017 22:45,16/12/2017 12:58,20/12/2017,
ZA-00011628,ZAC0000815,10/12/2017 13:15,COMPLETE,14/12/2017 06:30,19/12/2017 02:25,21/12/2017,BULK20
ZA-00011629,ZAC0022666,10/12/2017 22:02,COMPLETE,11/12/2017 22:17,25/12/2017 01:02,14/12/2017,BULK20
ZA-00011630,ZAC0022257,10/12/2017 13:10,COMPLETE,11/12/2017 04:32,13/12/2017 12:15,15/12/2017,FLASH25
ZA-00011631,ZAC0023706,10/12/2017 20:48,COMPLETE,14/12/2017 15:11,17/12/2017 09:26,18/12/2017,LOYAL5
ZA-00011632,ZAC0000410,10/12/2017 22:42,DISPATCHED,22/12/2017 03:32,,29/12/2017,
ZA-00011633,ZAC0014509,10/12/2017 14:05,COMPLETE,11/12/2017 01:33,15/12/2017 20:53,18/12/2017,FLASH25
ZA-00011634,ZAC0011711,10/12/2017 08:38,RETURNED,11/12/2017 15:17,13/12/2017 10:13,14/12/2017,FLASH25
ZA-00011635,ZAC0010285,10/12/2017 06:44,COMPLETE,10/12/2017 20:58,11/12/2017 09:51,17/12/2017,
ZA-00011636,ZAC0021622,10/12/2017 12:45,COMPLETE,11/12/2017 05:49,14/12/2017 22:17,14/12/2017,FREESHIP
ZA-00011637,ZAC0014700,10/12/2017 16:12,COMPLETE,13/12/2017 02:59,18/12/2017 04:24,17/12/2017,
ZA-00011638,ZAC0023479,10/12/2017 16:14,COMPLETE,12/12/2017 15:54,18/12/2017 20:47,15/12/2017,
ZA-00011639,ZAC0001001,10/12/2017 09:19,COMPLETE,11/12/2017 04:00,16/12/2017 14:08,16/12/2017,
ZA-00011640,ZAC0016088,10/12/2017 17:37,COMPLETE,12/12/2017 00:45,15/12/2017 05:38,19/12/2017,BULK20
ZA-00011641,ZAC0003996,10/12/2017 10:13,COMPLETE,11/12/2017 19:51,16/12/2017 01:57,15/12/2017,
ZA-00011642,ZAC0016824,10/12/2017 19:03,COMPLETE,13/12/2017 16:27,19/12/2017 04:34,20/12/2017,
ZA-00011643,ZAC0020889,10/12/2017 19:16,COMPLETE,11/12/2017 13:22,15/12/2017 22:28,14/12/2017,
ZA-00011644,ZAC0015887,10/12/2017 10:53,COMPLETE,12/12/2017 07:45,15/12/2017 15:52,17/12/2017,
ZA-00011645,ZAC0007834,10/12/2017 13:37,COMPLETE,13/12/2017 00:27,15/12/2017 02:25,18/12/2017,LOYAL5
ZA-00011646,ZAC0023965,10/12/2017 17:35,COMPLETE,11/12/2017 14:14,14/12/2017 16:15,16/12/2017,
ZA-00011647,ZAC0009369,10/12/2017 19:25,COMPLETE,12/12/2017 10:18,13/12/2017 14:59,15/12/2017,FREESHIP
ZA-00011648,ZAC0011492,10/12/2017 18:53,COMPLETE,15/12/2017 10:09,19/12/2017 09:33,18/12/2017,
ZA-00011649,ZAC0002999,10/12/2017 13:15,COMPLETE,11/12/2017 07:04,14/12/2017 12:06,15/12/2017,
ZA-00011650,ZAC0007616,10/12/2017 19:30,COMPLETE,12/12/2017 20:44,23/12/2017 06:02,19/12/2017,
ZA-00011651,ZAC0002238,10/12/2017 15:50,COMPLETE,14/12/2017 06:06,20/12/2017 20:16,18/12/2017,
ZA-00011652,ZAC0013921,10/12/2017 12:17,RETURNED,12/12/2017 09:04,17/12/2017 18:46,16/12/2017,
ZA-00011653,ZAC0005547,10/12/2017 06:11,COMPLETE,11/12/2017 20:57,16/12/2017 08:43,16/12/2017,
ZA-00011654,ZAC0023838,10/12/2017 22:26,COMPLETE,11/12/2017 15:37,14/12/2017 07:50,15/12/2017,
ZA-00011655,ZAC0003016,10/12/2017 07:04,COMPLETE,11/12/2017 04:34,26/12/2017 10:04,14/12/2017,
ZA-00011656,ZAC0017493,10/12/2017 13:17,COMPLETE,14/12/2017 08:26,20/12/2017 06:44,19/12/2017,
ZA-00011657,ZAC0015008,10/12/2017 06:03,COMPLETE,10/12/2017 21:39,13/12/2017 19:23,20/12/2017,
ZA-00011658,ZAC0007528,10/12/2017 10:05,COMPLETE,12/12/2017 16:59,17/12/2017 09:23,19/12/2017,
ZA-00011659,ZAC0007859,10/12/2017 19:15,COMPLETE,11/12/2017 22:10,12/12/2017 17:05,16/12/2017,
ZA-00011660,ZAC0013439,10/12/2017 12:23,COMPLETE,11/12/2017 13:32,19/12/2017 15:51,16/12/2017,
ZA-00011661,ZAC0009929,10/12/2017 11:54,CANCELLED,,,,
ZA-00011662,ZAC0018170,10/12/2017 16:40,COMPLETE,11/12/2017 14:18,12/12/2017 17:31,16/12/2017,FREESHIP
ZA-00011663,ZAC0013509,10/12/2017 16:25,COMPLETE,14/12/2017 20:06,19/12/2017 07:47,19/12/2017,
ZA-00011664,ZAC0001798,10/12/2017 13:38,COMPLETE,15/12/2017 23:47,16/12/2017 22:39,20/12/2017,
ZA-00011665,ZAC0021488,10/12/2017 11:17,COMPLETE,13/12/2017 01:04,15/12/2017 14:31,18/12/2017,
ZA-00011666,ZAC0022418,10/12/2017 10:33,COMPLETE,13/12/2017 02:24,28/12/2017 18:16,17/12/2017,FLASH25
ZA-00011667,ZAC0023405,10/12/2017 13:14,COMPLETE,12/12/2017 21:31,20/12/2017 03:25,17/12/2017,
ZA-00011668,ZAC0001933,10/12/2017 13:29,COMPLETE,12/12/2017 15:01,13/12/2017 03:49,15/12/2017,
ZA-00011669,ZAC0009248,10/12/2017 11:13,COMPLETE,13/12/2017 10:16,24/12/2017 17:35,17/12/2017,BULK20
ZA-00011670,ZAC0019000,10/12/2017 10:56,COMPLETE,13/12/2017 01:59,16/12/2017 03:49,16/12/2017,
ZA-00011671,ZAC0011317,10/12/2017 17:35,COMPLETE,12/12/2017 01:53,15/12/2017 20:42,15/12/2017,
ZA-00011672,ZAC0011994,11/12/2017 10:08,COMPLETE,12/12/2017 09:18,15/12/2017 12:47,15/12/2017,
ZA-00011673,ZAC0011135,11/12/2017 17:35,COMPLETE,12/12/2017 06:31,19/12/2017 09:19,19/12/2017,
ZA-00011674,ZAC0012475,11/12/2017 21:23,COMPLETE,12/12/2017 05:03,13/12/2017 18:05,15/12/2017,
ZA-00011675,ZAC0005487,11/12/2017 18:34,COMPLETE,16/12/2017 06:30,19/12/2017 06:47,20/12/2017,
ZA-00011676,ZAC0013715,11/12/2017 13:52,COMPLETE,13/12/2017 23:24,16/12/2017 23:42,18/12/2017,LOYAL5
ZA-00011677,ZAC0013187,11/12/2017 14:41,COMPLETE,11/12/2017 16:20,26/12/2017 11:18,18/12/2017,
ZA-00011678,ZAC0000994,11/12/2017 18:51,CANCELLED,,,,
ZA-00011679,ZAC0015436,11/12/2017 18:54,COMPLETE,16/12/2017 05:54,19/12/2017 21:02,20/12/2017,
ZA-00011680,ZAC0012894,11/12/2017 15:29,COMPLETE,12/12/2017 16:20,16/12/2017 00:01,17/12/2017,
ZA-00011681,ZAC0020104,11/12/2017 06:42,COMPLETE,13/12/2017 09:05,21/12/2017 02:49,20/12/2017,
ZA-00011682,ZAC0011812,11/12/2017 12:36,CANCELLED,,,,
ZA-00011683,ZAC0011874,11/12/2017 10:23,COMPLETE,15/12/2017 00:49,15/12/2017 12:02,19/12/2017,WELCOME10
ZA-00011684,ZAC0013222,11/12/2017 10:44,COMPLETE,13/12/2017 03:59,17/12/2017 14:57,18/12/2017,
ZA-00011685,ZAC0021092,11/12/2017 19:08,COMPLETE,13/12/2017 10:07,15/12/2017 20:50,16/12/2017,
ZA-00011686,ZAC0020757,11/12/2017 06:51,COMPLETE,13/12/2017 05:34,15/12/2017 14:37,16/12/2017,WINTER15
ZA-00011687,ZAC0020305,11/12/2017 09:10,COMPLETE,14/12/2017 15:39,19/12/2017 13:53,21/12/2017,
ZA-00011688,ZAC0003889,11/12/2017 21:45,COMPLETE,12/12/2017 23:15,15/12/2017 07:12,16/12/2017,
ZA-00011689,ZAC0001164,11/12/2017 14:55,COMPLETE,18/12/2017 03:02,23/12/2017 12:47,25/12/2017,
ZA-00011690,ZAC0016187,11/12/2017 15:00,COMPLETE,13/12/2017 20:24,18/12/2017 13:06,18/12/2017,
ZA-00011691,ZAC0013308,11/12/2017 17:14,COMPLETE,12/12/2017 21:17,16/12/2017 08:54,19/12/2017,
ZA-00011692,ZAC0004567,11/12/2017 08:50,COMPLETE,13/12/2017 23:14,19/12/2017 14:22,17/12/2017,
ZA-00011693,ZAC0023932,11/12/2017 08:29,COMPLETE,13/12/2017 01:05,13/12/2017 18:55,18/12/2017,
ZA-00011694,ZAC0015292,11/12/2017 13:18,COMPLETE,13/12/2017 13:29,24/12/2017 06:40,16/12/2017,
ZA-00011695,ZAC0001092,11/12/2017 07:31,COMPLETE,12/12/2017 02:58,21/12/2017 00:16,19/12/2017,BULK20
ZA-00011696,ZAC0014576,11/12/2017 08:36,COMPLETE,13/12/2017 15:38,17/12/2017 18:42,16/12/2017,FLASH25
ZA-00011697,ZAC0009507,11/12/2017 21:39,COMPLETE,12/12/2017 22:29,17/12/2017 11:19,19/12/2017,
ZA-00011698,ZAC0017376,11/12/2017 09:26,COMPLETE,14/12/2017 16:59,16/12/2017 10:24,17/12/2017,
ZA-00011699,ZAC0009227,11/12/2017 08:08,COMPLETE,12/12/2017 08:22,17/12/2017 04:57,16/12/2017,
ZA-00011700,ZAC0000887,11/12/2017 08:09,COMPLETE,12/12/2017 15:03,14/12/2017 13:13,16/12/2017,
ZA-00011701,ZAC0002747,11/12/2017 18:53,COMPLETE,13/12/2017 20:35,14/12/2017 11:27,20/12/2017,
ZA-00011702,ZAC0014843,11/12/2017 16:01,COMPLETE,11/12/2017 20:41,13/12/2017 01:21,21/12/2017,
ZA-00011703,ZAC0002733,11/12/2017 10:05,COMPLETE,12/12/2017 11:05,23/12/2017 16:33,16/12/2017,
ZA-00011704,ZAC0014341,11/12/2017 18:59,COMPLETE,12/12/2017 04:49,15/12/2017 17:44,22/12/2017,BULK20
ZA-00011705,ZAC0023151,11/12/2017 10:13,COMPLETE,12/12/2017 15:20,17/12/2017 07:46,15/12/2017,WELCOME10
ZA-00011706,ZAC0004103,11/12/2017 08:30,COMPLETE,15/12/2017 20:31,18/12/2017 12:22,20/12/2017,
ZA-00011707,ZAC0002833,11/12/2017 07:43,COMPLETE,13/12/2017 03:38,16/12/2017 02:19,18/12/2017,
ZA-00011708,ZAC0021380,11/12/2017 14:23,COMPLETE,19/12/2017 11:48,26/12/2017 10:21,26/12/2017,
ZA-00011709,ZAC0017336,11/12/2017 16:13,COMPLETE,12/12/2017 06:47,16/12/2017 03:15,16/12/2017,
ZA-00011710,ZAC0014896,11/12/2017 17:05,COMPLETE,11/12/2017 21:06,13/12/2017 04:42,15/12/2017,
ZA-00011711,ZAC0004463,11/12/2017 12:30,COMPLETE,13/12/2017 17:32,19/12/2017 13:55,20/12/2017,
ZA-00011712,ZAC0004322,11/12/2017 15:14,COMPLETE,14/12/2017 00:53,14/12/2017 14:10,18/12/2017,
ZA-00011713,ZAC0011882,11/12/2017 08:44,COMPLETE,12/12/2017 06:23,17/12/2017 03:16,15/12/2017,
ZA-00011714,ZAC0007423,11/12/2017 12:32,COMPLETE,14/12/2017 14:28,15/12/2017 21:15,21/12/2017,
ZA-00011715,ZAC0017288,11/12/2017 22:59,COMPLETE,16/12/2017 04:18,20/12/2017 08:33,20/12/2017,
ZA-00011716,ZAC0010073,11/12/2017 12:05,COMPLETE,12/12/2017 23:13,14/12/2017 03:25,19/12/2017,
ZA-00011717,ZAC0010677,11/12/2017 17:17,COMPLETE,13/12/2017 14:48,15/12/2017 12:47,18/12/2017,
ZA-00011718,ZAC0016590,11/12/2017 11:05,COMPLETE,12/12/2017 02:39,14/12/2017 18:56,16/12/2017,LOYAL5
ZA-00011719,ZAC0020140,11/12/2017 15:30,COMPLETE,14/12/2017 06:25,18/12/2017 21:20,19/12/2017,
ZA-00011720,ZAC0000672,11/12/2017 10:24,COMPLETE,13/12/2017 17:21,19/12/2017 15:09,18/12/2017,
ZA-00011721,ZAC0007201,11/12/2017 11:49,COMPLETE,13/12/2017 20:15,17/12/2017 19:49,17/12/2017,WINTER15
ZA-00011722,ZAC0017998,11/12/2017 18:13,COMPLETE,13/12/2017 15:08,22/12/2017 08:50,17/12/2017,
ZA-00011723,ZAC0008642,11/12/2017 08:50,COMPLETE,13/12/2017 14:11,16/12/2017 01:55,17/12/2017,
ZA-00011724,ZAC0008337,11/12/2017 21:33,COMPLETE,13/12/2017 10:30,15/12/2017 19:14,17/12/2017,
ZA-00011725,ZAC0002899,11/12/2017 07:50,COMPLETE,14/12/2017 18:48,18/12/2017 01:48,17/12/2017,
ZA-00011726,ZAC0020647,11/12/2017 21:29,COMPLETE,12/12/2017 19:19,19/12/2017 11:53,15/12/2017,LOYAL5
ZA-00011727,ZAC0018504,11/12/2017 08:50,COMPLETE,11/12/2017 14:58,17/12/2017 23:04,15/12/2017,
ZA-00011728,ZAC0017939,11/12/2017 17:25,DISPATCHED,14/12/2017 22:46,,19/12/2017,
ZA-00011729,ZAC0014893,11/12/2017 07:51,COMPLETE,11/12/2017 20:20,15/12/2017 14:44,18/12/2017,
ZA-00011730,ZAC0021616,11/12/2017 12:24,COMPLETE,13/12/2017 03:54,23/12/2017 06:16,18/12/2017,
ZA-00011731,ZAC0004831,11/12/2017 22:05,COMPLETE,15/12/2017 14:06,19/12/2017 14:31,18/12/2017,
ZA-00011732,ZAC0023376,11/12/2017 19:06,COMPLETE,16/12/2017 04:00,18/12/2017 05:39,19/12/2017,
ZA-00011733,ZAC0016984,11/12/2017 17:12,COMPLETE,13/12/2017 14:10,15/12/2017 05:31,16/12/2017,
ZA-00011734,ZAC0017752,12/12/2017 10:01,CANCELLED,,,,FREESHIP
ZA-00011735,ZAC0004158,12/12/2017 08:57,COMPLETE,13/12/2017 20:48,21/12/2017 14:05,16/12/2017,
ZA-00011736,ZAC0023121,12/12/2017 17:40,COMPLETE,13/12/2017 16:50,18/12/2017 09:46,18/12/2017,
ZA-00011737,ZAC0018807,12/12/2017 20:10,RETURNED,14/12/2017 16:58,20/12/2017 03:00,19/12/2017,
ZA-00011738,ZAC0023130,12/12/2017 09:51,COMPLETE,15/12/2017 08:17,21/12/2017 22:32,19/12/2017,
ZA-00011739,ZAC0013704,12/12/2017 19:00,COMPLETE,17/12/2017 09:19,18/12/2017 12:30,20/12/2017,
ZA-00011740,ZAC0020410,12/12/2017 17:24,COMPLETE,13/12/2017 16:27,14/12/2017 01:30,23/12/2017,
ZA-00011741,ZAC0012202,12/12/2017 13:11,COMPLETE,14/12/2017 14:35,20/12/2017 18:17,19/12/2017,
ZA-00011742,ZAC0010946,12/12/2017 15:26,COMPLETE,13/12/2017 05:56,21/12/2017 12:21,23/12/2017,
ZA-00011743,ZAC0009676,12/12/2017 20:00,COMPLETE,14/12/2017 22:46,16/12/2017 13:51,18/12/2017,FREESHIP
ZA-00011744,ZAC0007691,12/12/2017 07:55,COMPLETE,12/12/2017 14:58,18/12/2017 20:33,16/12/2017,
ZA-00011745,ZAC0021138,12/12/2017 19:27,COMPLETE,15/12/2017 08:31,18/12/2017 00:41,25/12/2017,
ZA-00011746,ZAC0016968,12/12/2017 18:42,COMPLETE,13/12/2017 11:43,15/12/2017 00:47,18/12/2017,
ZA-00011747,ZAC0007172,12/12/2017 18:48,COMPLETE,14/12/2017 08:45,19/12/2017 03:53,18/12/2017,
ZA-00011748,ZAC0000682,12/12/2017 09:18,COMPLETE,12/12/2017 15:03,21/12/2017 08:35,17/12/2017,FLASH25
ZA-00011749,ZAC0009228,12/12/2017 14:48,COMPLETE,14/12/2017 00:30,18/12/2017 21:11,21/12/2017,
ZA-00011750,ZAC0021276,12/12/2017 08:16,COMPLETE,15/12/2017 15:12,21/12/2017 21:13,20/12/2017,
ZA-00011751,ZAC0002150,12/12/2017 06:49,COMPLETE,13/12/2017 18:40,15/12/2017 16:55,20/12/2017,
ZA-00011752,ZAC0018030,12/12/2017 16:21,CANCELLED,,,,
ZA-00011753,ZAC0003307,12/12/2017 11:15,COMPLETE,12/12/2017 16:01,20/12/2017 19:51,15/12/2017,
ZA-00011754,ZAC0001321,12/12/2017 15:50,COMPLETE,15/12/2017 23:53,21/12/2017 17:31,25/12/2017,FREESHIP
ZA-00011755,ZAC0011566,12/12/2017 08:31,COMPLETE,13/12/2017 03:57,15/12/2017 03:28,18/12/2017,
ZA-00011756,ZAC0016260,12/12/2017 09:42,COMPLETE,16/12/2017 17:40,19/12/2017 21:13,20/12/2017,
ZA-00011757,ZAC0000702,12/12/2017 13:29,COMPLETE,12/12/2017 23:00,19/12/2017 00:31,16/12/2017,
ZA-00011758,ZAC0013112,12/12/2017 21:51,COMPLETE,13/12/2017 01:57,16/12/2017 15:14,17/12/2017,
ZA-00011759,ZAC0009731,12/12/2017 14:58,COMPLETE,15/12/2017 20:11,27/12/2017 21:27,25/12/2017,BULK20
ZA-00011760,ZAC0022466,12/12/2017 20:33,COMPLETE,13/12/2017 04:59,14/12/2017 20:07,20/12/2017,
ZA-00011761,ZAC0021801,12/12/2017 20:58,COMPLETE,13/12/2017 19:09,15/12/2017 09:44,23/12/2017,FLASH25
ZA-00011762,ZAC0018707,12/12/2017 17:51,COMPLETE,13/12/2017 20:36,16/12/2017 09:52,17/12/2017,
ZA-00011763,ZAC0016839,12/12/2017 11:04,COMPLETE,18/12/2017 17:01,21/12/2017 05:41,21/12/2017,
ZA-00011764,ZAC0018897,12/12/2017 14:00,COMPLETE,12/12/2017 15:41,13/12/2017 15:14,15/12/2017,
ZA-00011765,ZAC0012229,12/12/2017 08:29,COMPLETE,17/12/2017 06:07,23/12/2017 09:33,22/12/2017,
ZA-00011766,ZAC0006140,12/12/2017 20:45,COMPLETE,13/12/2017 23:09,16/12/2017 22:18,17/12/2017,
ZA-00011767,ZAC0022176,12/12/2017 11:57,COMPLETE,12/12/2017 16:09,19/12/2017 17:05,19/12/2017,
ZA-00011768,ZAC0022717,12/12/2017 09:57,COMPLETE,13/12/2017 06:58,16/12/2017 08:14,18/12/2017,
ZA-00011769,ZAC0018303,12/12/2017 07:41,COMPLETE,14/12/2017 21:27,24/12/2017 13:25,18/12/2017,FLASH25
ZA-00011770,ZAC0019501,12/12/2017 07:30,COMPLETE,13/12/2017 19:27,21/12/2017 18:25,18/12/2017,
ZA-00011771,ZAC0021184,12/12/2017 21:14,COMPLETE,16/12/2017 11:07,24/12/2017 23:27,20/12/2017,
ZA-00011772,ZAC0013567,12/12/2017 13:53,COMPLETE,14/12/2017 07:31,18/12/2017 17:39,18/12/2017,
ZA-00011773,ZAC0006237,12/12/2017 12:26,PENDING,,,,
ZA-00011774,ZAC0017963,12/12/2017 13:41,COMPLETE,14/12/2017 11:52,15/12/2017 23:56,18/12/2017,WELCOME10
ZA-00011775,ZAC0002851,12/12/2017 20:27,COMPLETE,15/12/2017 01:44,16/12/2017 12:46,25/12/2017,
ZA-00011776,ZAC0023419,12/12/2017 09:03,COMPLETE,15/12/2017 21:18,21/12/2017 18:28,19/12/2017,
ZA-00011777,ZAC0009565,12/12/2017 09:59,COMPLETE,13/12/2017 11:54,16/12/2017 08:33,17/12/2017,
ZA-00011778,ZAC0023671,12/12/2017 17:48,COMPLETE,13/12/2017 10:55,20/12/2017 08:27,18/12/2017,
ZA-00011779,ZAC0001734,12/12/2017 17:15,RETURNED,13/12/2017 23:37,16/12/2017 22:22,20/12/2017,
ZA-00011780,ZAC0018068,12/12/2017 15:45,COMPLETE,13/12/2017 15:32,16/12/2017 22:11,20/12/2017,
ZA-00011781,ZAC0003490,12/12/2017 14:59,COMPLETE,15/12/2017 23:21,16/12/2017 13:32,20/12/2017,
ZA-00011782,ZAC0016380,12/12/2017 06:58,COMPLETE,14/12/2017 15:05,16/12/2017 07:09,18/12/2017,LOYAL5
ZA-00011783,ZAC0010555,12/12/2017 14:04,COMPLETE,15/12/2017 02:52,21/12/2017 10:14,20/12/2017,
ZA-00011784,ZAC0001533,12/12/2017 07:02,COMPLETE,14/12/2017 23:54,17/12/2017 22:41,18/12/2017,
ZA-00011785,ZAC0019409,12/12/2017 20:03,COMPLETE,14/12/2017 19:29,22/12/2017 13:02,21/12/2017,
ZA-00011786,ZAC0015903,12/12/2017 16:19,COMPLETE,14/12/2017 19:19,20/12/2017 07:26,19/12/2017,
ZA-00011787,ZAC0003515,12/12/2017 19:49,COMPLETE,15/12/2017 03:48,18/12/2017 14:22,22/12/2017,
ZA-00011788,ZAC0000133,12/12/2017 10:36,COMPLETE,14/12/2017 08:35,15/12/2017 21:10,17/12/2017,
ZA-00011789,ZAC0018140,12/12/2017 14:51,COMPLETE,13/12/2017 15:12,15/12/2017 14:24,17/12/2017,
ZA-00011790,ZAC0023373,12/12/2017 06:46,COMPLETE,14/12/2017 19:47,20/12/2017 10:08,21/12/2017,
ZA-00011791,ZAC0001542,12/12/2017 16:59,COMPLETE,14/12/2017 09:39,21/12/2017 12:34,19/12/2017,
ZA-00011792,ZAC0002487,12/12/2017 10:36,COMPLETE,16/12/2017 09:52,19/12/2017 09:12,23/12/2017,
ZA-00011793,ZAC0008901,12/12/2017 12:53,COMPLETE,12/12/2017 23:45,18/12/2017 17:15,19/12/2017,
ZA-00011794,ZAC0021457,12/12/2017 18:55,COMPLETE,14/12/2017 14:40,17/12/2017 02:42,21/12/2017,
ZA-00011795,ZAC0017306,12/12/2017 17:59,COMPLETE,15/12/2017 22:05,19/12/2017 01:29,20/12/2017,
ZA-00011796,ZAC0021380,12/12/2017 22:48,COMPLETE,17/12/2017 02:39,20/12/2017 00:33,27/12/2017,
ZA-00011797,ZAC0009371,12/12/2017 08:59,COMPLETE,14/12/2017 07:52,22/12/2017 12:13,18/12/2017,
ZA-00011798,ZAC0022258,12/12/2017 13:24,COMPLETE,12/12/2017 21:33,21/12/2017 04:50,19/12/2017,
ZA-00011799,ZAC0006164,13/12/2017 06:40,COMPLETE,18/12/2017 15:00,21/12/2017 07:41,28/12/2017,
ZA-00011800,ZAC0009861,13/12/2017 16:28,COMPLETE,14/12/2017 10:51,19/12/2017 08:57,17/12/2017,
ZA-00011801,ZAC0009538,13/12/2017 08:11,COMPLETE,14/12/2017 16:56,22/12/2017 20:37,17/12/2017,
ZA-00011802,ZAC0008922,13/12/2017 15:20,CANCELLED,,,,
ZA-00011803,ZAC0018037,13/12/2017 12:57,COMPLETE,16/12/2017 19:48,21/12/2017 09:41,23/12/2017,
ZA-00011804,ZAC0015841,13/12/2017 10:52,COMPLETE,18/12/2017 11:43,29/12/2017 02:40,22/12/2017,
ZA-00011805,ZAC0018003,13/12/2017 17:30,COMPLETE,17/12/2017 20:22,19/12/2017 04:21,24/12/2017,
ZA-00011806,ZAC0012225,13/12/2017 15:03,COMPLETE,17/12/2017 13:40,23/12/2017 13:53,27/12/2017,FREESHIP
ZA-00011807,ZAC0013447,13/12/2017 06:08,COMPLETE,14/12/2017 16:29,15/12/2017 10:46,18/12/2017,
ZA-00011808,ZAC0008092,13/12/2017 22:18,COMPLETE,14/12/2017 09:41,27/12/2017 20:57,21/12/2017,
ZA-00011809,ZAC0018850,13/12/2017 15:10,COMPLETE,15/12/2017 14:59,17/12/2017 15:36,19/12/2017,
ZA-00011810,ZAC0019448,13/12/2017 09:50,COMPLETE,16/12/2017 07:21,16/12/2017 17:14,26/12/2017,
ZA-00011811,ZAC0021862,13/12/2017 17:04,COMPLETE,17/12/2017 14:54,21/12/2017 05:22,22/12/2017,
ZA-00011812,ZAC0006104,13/12/2017 20:01,COMPLETE,16/12/2017 19:22,19/12/2017 04:57,20/12/2017,BULK20
ZA-00011813,ZAC0020846,13/12/2017 16:13,COMPLETE,17/12/2017 13:10,21/12/2017 03:19,21/12/2017,
ZA-00011814,ZAC0017481,13/12/2017 10:03,COMPLETE,16/12/2017 11:04,23/12/2017 17:02,23/12/2017,
ZA-00011815,ZAC0007349,13/12/2017 16:29,DISPATCHED,14/12/2017 14:17,,19/12/2017,FREESHIP
ZA-00011816,ZAC0017632,13/12/2017 19:58,COMPLETE,15/12/2017 00:05,28/12/2017 01:12,18/12/2017,
ZA-00011817,ZAC0004268,13/12/2017 13:56,COMPLETE,14/12/2017 19:11,19/12/2017 20:25,17/12/2017,
ZA-00011818,ZAC0021169,13/12/2017 10:30,COMPLETE,16/12/2017 09:21,19/12/2017 03:35,20/12/2017,
ZA-00011819,ZAC0000028,13/12/2017 16:18,COMPLETE,18/12/2017 12:34,25/12/2017 10:26,28/12/2017,WINTER15
ZA-00011820,ZAC0013484,13/12/2017 15:50,COMPLETE,15/12/2017 13:57,26/12/2017 15:16,22/12/2017,
ZA-00011821,ZAC0005022,13/12/2017 19:59,COMPLETE,14/12/2017 03:36,22/12/2017 06:22,17/12/2017,
ZA-00011822,ZAC0018748,13/12/2017 22:09,COMPLETE,17/12/2017 21:55,25/12/2017 01:10,20/12/2017,
ZA-00011823,ZAC0018929,13/12/2017 15:48,COMPLETE,19/12/2017 20:13,23/12/2017 02:29,24/12/2017,
ZA-00011824,ZAC0017353,13/12/2017 17:22,RETURNED,14/12/2017 03:38,27/12/2017 18:44,24/12/2017,BULK20
ZA-00011825,ZAC0014516,13/12/2017 08:50,COMPLETE,16/12/2017 12:42,23/12/2017 09:59,26/12/2017,
ZA-00011826,ZAC0020796,13/12/2017 09:38,COMPLETE,15/12/2017 03:30,21/12/2017 03:50,18/12/2017,WELCOME10
ZA-00011827,ZAC0013090,13/12/2017 09:33,COMPLETE,15/12/2017 20:50,19/12/2017 02:54,19/12/2017,
ZA-00011828,ZAC0005480,13/12/2017 12:05,COMPLETE,15/12/2017 05:36,21/12/2017 21:21,20/12/2017,
ZA-00011829,ZAC0012085,13/12/2017 12:30,COMPLETE,16/12/2017 07:25,18/12/2017 18:58,23/12/2017,FLASH25
ZA-00011830,ZAC0018811,13/12/2017 20:06,COMPLETE,15/12/2017 03:48,18/12/2017 04:05,18/12/2017,
ZA-00011831,ZAC0016730,13/12/2017 14:54,COMPLETE,15/12/2017 21:40,18/12/2017 19:34,22/12/2017,
ZA-00011832,ZAC0020971,13/12/2017 16:12,COMPLETE,19/12/2017 03:51,25/12/2017 07:14,26/12/2017,
ZA-00011833,ZAC0016503,13/12/2017 06:03,COMPLETE,13/12/2017 14:09,17/12/2017 18:07,17/12/2017,FLASH25
ZA-00011834,ZAC0014834,13/12/2017 15:30,COMPLETE,13/12/2017 21:36,15/12/2017 23:21,23/12/2017,
ZA-00011835,ZAC0014139,13/12/2017 22:15,DISPATCHED,20/12/2017 09:16,,27/12/2017,
ZA-00011836,ZAC0020497,13/12/2017 16:46,COMPLETE,22/12/2017 03:54,25/12/2017 04:06,26/12/2017,
ZA-00011837,ZAC0013702,13/12/2017 12:46,COMPLETE,16/12/2017 11:37,17/12/2017 03:08,19/12/2017,
ZA-00011838,ZAC0019102,13/12/2017 14:37,COMPLETE,14/12/2017 07:43,15/12/2017 21:05,17/12/2017,
ZA-00011839,ZAC0012679,13/12/2017 13:25,COMPLETE,15/12/2017 20:46,18/12/2017 22:11,19/12/2017,
ZA-00011840,ZAC0006210,13/12/2017 18:45,COMPLETE,15/12/2017 14:41,22/12/2017 15:04,20/12/2017,
ZA-00011841,ZAC0001805,13/12/2017 18:44,COMPLETE,17/12/2017 10:33,26/12/2017 12:30,20/12/2017,
ZA-00011842,ZAC0000080,13/12/2017 15:42,COMPLETE,17/12/2017 05:22,19/12/2017 03:22,21/12/2017,
ZA-00011843,ZAC0013240,13/12/2017 07:08,COMPLETE,14/12/2017 06:20,18/12/2017 01:32,18/12/2017,
ZA-00011844,ZAC0019881,13/12/2017 13:20,COMPLETE,15/12/2017 21:11,22/12/2017 16:21,19/12/2017,
ZA-00011845,ZAC0015130,13/12/2017 17:25,COMPLETE,17/12/2017 01:42,20/12/2017 16:06,20/12/2017,
ZA-00011846,ZAC0008947,13/12/2017 11:47,COMPLETE,14/12/2017 16:34,22/12/2017 06:11,17/12/2017,
ZA-00011847,ZAC0020150,13/12/2017 17:01,COMPLETE,17/12/2017 02:33,20/12/2017 01:42,24/12/2017,
ZA-00011848,ZAC0007740,13/12/2017 17:23,COMPLETE,15/12/2017 11:44,19/12/2017 18:02,22/12/2017,
ZA-00011849,ZAC0022999,13/12/2017 10:30,COMPLETE,17/12/2017 08:44,20/12/2017 11:04,20/12/2017,
ZA-00011850,ZAC0003244,13/12/2017 19:56,CANCELLED,,,,
ZA-00011851,ZAC0007115,13/12/2017 09:05,COMPLETE,13/12/2017 09:54,14/12/2017 12:10,23/12/2017,WELCOME10
ZA-00011852,ZAC0001850,13/12/2017 07:15,COMPLETE,14/12/2017 23:28,25/12/2017 03:18,18/12/2017,
ZA-00011853,ZAC0001815,13/12/2017 06:57,COMPLETE,14/12/2017 21:44,18/12/2017 07:29,19/12/2017,FLASH25
ZA-00011854,ZAC0016785,14/12/2017 20:10,COMPLETE,17/12/2017 02:57,22/12/2017 03:54,22/12/2017,
ZA-00011855,ZAC0007410,14/12/2017 10:22,COMPLETE,17/12/2017 11:58,25/12/2017 22:19,21/12/2017,FLASH25
ZA-00011856,ZAC0008784,14/12/2017 20:55,COMPLETE,15/12/2017 23:37,21/12/2017 22:34,18/12/2017,
ZA-00011857,ZAC0016247,14/12/2017 12:47,COMPLETE,17/12/2017 18:25,19/12/2017 19:21,21/12/2017,WELCOME10
ZA-00011858,ZAC0022187,14/12/2017 18:44,COMPLETE,15/12/2017 19:56,19/12/2017 08:26,19/12/2017,
ZA-00011859,ZAC0014901,14/12/2017 09:39,COMPLETE,15/12/2017 22:03,21/12/2017 06:39,18/12/2017,
ZA-00011860,ZAC0008512,14/12/2017 17:57,COMPLETE,16/12/2017 00:01,25/12/2017 11:44,21/12/2017,
ZA-00011861,ZAC0007076,14/12/2017 12:09,COMPLETE,15/12/2017 08:04,21/12/2017 08:11,22/12/2017,BULK20
ZA-00011862,ZAC0009724,14/12/2017 15:07,COMPLETE,17/12/2017 14:28,23/12/2017 15:00,21/12/2017,
ZA-00011863,ZAC0020980,14/12/2017 12:23,COMPLETE,16/12/2017 15:28,29/12/2017 06:35,21/12/2017,
ZA-00011864,ZAC0019270,14/12/2017 10:37,COMPLETE,15/12/2017 04:28,20/12/2017 08:49,19/12/2017,FLASH25
ZA-00011865,ZAC0014775,14/12/2017 15:44,COMPLETE,16/12/2017 11:33,19/12/2017 08:42,21/12/2017,WINTER15
ZA-00011866,ZAC0002079,14/12/2017 07:10,COMPLETE,16/12/2017 14:25,28/12/2017 01:31,21/12/2017,
ZA-00011867,ZAC0015385,14/12/2017 17:47,COMPLETE,20/12/2017 16:28,24/12/2017 04:34,27/12/2017,
ZA-00011868,ZAC0011059,14/12/2017 17:59,COMPLETE,15/12/2017 16:29,19/12/2017 23:57,20/12/2017,
ZA-00011869,ZAC0003088,14/12/2017 15:11,COMPLETE,16/12/2017 21:46,20/12/2017 18:08,21/12/2017,
ZA-00011870,ZAC0000143,14/12/2017 08:04,COMPLETE,18/12/2017 04:02,20/12/2017 20:45,25/12/2017,WELCOME10
ZA-00011871,ZAC0007960,14/12/2017 10:45,COMPLETE,15/12/2017 21:35,24/12/2017 05:41,22/12/2017,
ZA-00011872,ZAC0014690,14/12/2017 16:17,COMPLETE,17/12/2017 09:08,17/12/2017 23:52,22/12/2017,
ZA-00011873,ZAC0012226,14/12/2017 18:52,COMPLETE,15/12/2017 01:06,27/12/2017 12:22,25/12/2017,
ZA-00011874,ZAC0009802,14/12/2017 18:37,COMPLETE,18/12/2017 10:04,24/12/2017 05:49,23/12/2017,
ZA-00011875,ZAC0013467,14/12/2017 18:14,COMPLETE,14/12/2017 22:41,16/12/2017 18:03,19/12/2017,WINTER15
ZA-00011876,ZAC0018444,14/12/2017 19:35,COMPLETE,15/12/2017 13:04,24/12/2017 10:39,25/12/2017,
ZA-00011877,ZAC0001600,14/12/2017 15:51,COMPLETE,23/12/2017 23:18,25/12/2017 19:21,26/12/2017,LOYAL5
ZA-00011878,ZAC0023916,14/12/2017 07:32,COMPLETE,14/12/2017 08:52,17/12/2017 11:49,18/12/2017,
ZA-00011879,ZAC0009308,14/12/2017 14:09,COMPLETE,17/12/2017 06:24,17/12/2017 20:27,24/12/2017,
ZA-00011880,ZAC0010751,14/12/2017 07:55,COMPLETE,16/12/2017 09:52,27/12/2017 16:40,19/12/2017,WELCOME10
ZA-00011881,ZAC0003896,14/12/2017 08:45,COMPLETE,15/12/2017 03:39,16/12/2017 17:34,20/12/2017,
ZA-00011882,ZAC0013783,14/12/2017 10:51,COMPLETE,15/12/2017 04:20,23/12/2017 05:59,19/12/2017,
ZA-00011883,ZAC0022671,14/12/2017 07:09,COMPLETE,17/12/2017 12:48,20/12/2017 18:32,20/12/2017,
ZA-00011884,ZAC0003109,14/12/2017 19:09,COMPLETE,15/12/2017 14:29,23/12/2017 01:37,20/12/2017,
ZA-00011885,ZAC0014238,14/12/2017 12:30,COMPLETE,19/12/2017 20:48,23/12/2017 22:06,26/12/2017,
ZA-00011886,ZAC0017678,14/12/2017 19:43,COMPLETE,17/12/2017 02:07,17/12/2017 21:50,21/12/2017,
ZA-00011887,ZAC0009594,14/12/2017 21:11,COMPLETE,18/12/2017 11:07,26/12/2017 21:19,25/12/2017,
ZA-00011888,ZAC0014383,14/12/2017 07:25,COMPLETE,16/12/2017 11:06,23/12/2017 06:04,19/12/2017,BULK20
ZA-00011889,ZAC0001491,14/12/2017 16:26,COMPLETE,18/12/2017 07:21,24/12/2017 13:37,21/12/2017,
ZA-00011890,ZAC0017723,14/12/2017 20:27,COMPLETE,19/12/2017 18:34,20/12/2017 17:21,23/12/2017,
ZA-00011891,ZAC0016831,14/12/2017 13:12,COMPLETE,15/12/2017 14:34,17/12/2017 02:14,19/12/2017,
ZA-00011892,ZAC0008284,14/12/2017 17:55,COMPLETE,17/12/2017 12:50,22/12/2017 03:13,22/12/2017,
ZA-00011893,ZAC0007525,14/12/2017 15:22,COMPLETE,15/12/2017 20:22,22/12/2017 19:57,22/12/2017,BULK20
ZA-00011894,ZAC0020673,14/12/2017 06:04,COMPLETE,16/12/2017 01:28,18/12/2017 07:09,19/12/2017,
ZA-00011895,ZAC0007080,14/12/2017 12:26,COMPLETE,16/12/2017 06:35,22/12/2017 00:46,20/12/2017,
ZA-00011896,ZAC0009118,14/12/2017 09:51,COMPLETE,15/12/2017 13:42,17/12/2017 20:45,18/12/2017,
ZA-00011897,ZAC0011762,14/12/2017 14:46,COMPLETE,16/12/2017 13:41,22/12/2017 02:30,20/12/2017,
ZA-00011898,ZAC0010329,14/12/2017 16:40,PENDING,,,,
ZA-00011899,ZAC0014331,14/12/2017 13:40,COMPLETE,16/12/2017 16:42,18/12/2017 08:47,19/12/2017,
ZA-00011900,ZAC0003159,14/12/2017 11:28,COMPLETE,16/12/2017 03:43,25/12/2017 23:29,19/12/2017,
ZA-00011901,ZAC0022842,14/12/2017 22:17,CANCELLED,,,,LOYAL5
ZA-00011902,ZAC0022199,14/12/2017 09:07,COMPLETE,15/12/2017 05:07,19/12/2017 01:07,19/12/2017,
ZA-00011903,ZAC0001446,14/12/2017 15:20,COMPLETE,15/12/2017 21:12,20/12/2017 03:51,22/12/2017,FLASH25
ZA-00011904,ZAC0005358,14/12/2017 21:04,COMPLETE,16/12/2017 08:13,19/12/2017 09:56,21/12/2017,
ZA-00011905,ZAC0010821,14/12/2017 20:59,COMPLETE,16/12/2017 04:12,20/12/2017 10:49,19/12/2017,
ZA-00011906,ZAC0013965,14/12/2017 12:51,COMPLETE,15/12/2017 07:03,17/12/2017 13:45,18/12/2017,
ZA-00011907,ZAC0006244,14/12/2017 14:54,COMPLETE,16/12/2017 02:20,19/12/2017 20:45,23/12/2017,
ZA-00011908,ZAC0021771,14/12/2017 07:03,COMPLETE,16/12/2017 22:32,25/12/2017 15:10,26/12/2017,
ZA-00011909,ZAC0018314,14/12/2017 16:29,COMPLETE,16/12/2017 04:55,20/12/2017 21:24,20/12/2017,
ZA-00011910,ZAC0011081,14/12/2017 13:10,COMPLETE,15/12/2017 01:51,15/12/2017 18:04,20/12/2017,
ZA-00011911,ZAC0022310,14/12/2017 21:42,COMPLETE,16/12/2017 17:56,19/12/2017 09:13,20/12/2017,
ZA-00011912,ZAC0015456,14/12/2017 07:21,COMPLETE,19/12/2017 09:40,22/12/2017 20:20,23/12/2017,
ZA-00011913,ZAC0006120,14/12/2017 16:45,COMPLETE,16/12/2017 03:35,17/12/2017 05:40,21/12/2017,
ZA-00011914,ZAC0023425,14/12/2017 17:10,COMPLETE,15/12/2017 21:48,17/12/2017 14:35,19/12/2017,
ZA-00011915,ZAC0015734,14/12/2017 21:45,COMPLETE,16/12/2017 01:26,18/12/2017 08:57,20/12/2017,
ZA-00011916,ZAC0014078,14/12/2017 21:43,COMPLETE,16/12/2017 01:47,20/12/2017 21:11,20/12/2017,
ZA-00011917,ZAC0000920,14/12/2017 17:27,COMPLETE,15/12/2017 20:53,25/12/2017 10:20,25/12/2017,
ZA-00011918,ZAC0014874,14/12/2017 19:32,COMPLETE,15/12/2017 10:56,18/12/2017 17:23,22/12/2017,
ZA-00011919,ZAC0006957,14/12/2017 13:56,COMPLETE,20/12/2017 22:08,26/12/2017 16:38,27/12/2017,
ZA-00011920,ZAC0018810,14/12/2017 16:29,COMPLETE,15/12/2017 17:18,18/12/2017 14:57,19/12/2017,WELCOME10
ZA-00011921,ZAC0020408,14/12/2017 20:57,COMPLETE,15/12/2017 07:58,17/12/2017 01:36,19/12/2017,
ZA-00011922,ZAC0023031,14/12/2017 11:16,COMPLETE,16/12/2017 23:54,20/12/2017 04:44,20/12/2017,
ZA-00011923,ZAC0009173,14/12/2017 13:01,COMPLETE,17/12/2017 14:10,22/12/2017 17:12,20/12/2017,
ZA-00011924,ZAC0019593,14/12/2017 15:14,COMPLETE,17/12/2017 01:14,20/12/2017 14:57,22/12/2017,
ZA-00011925,ZAC0006350,15/12/2017 21:15,COMPLETE,18/12/2017 10:51,29/12/2017 02:18,23/12/2017,
ZA-00011926,ZAC0018838,15/12/2017 10:38,COMPLETE,17/12/2017 16:10,24/12/2017 04:25,22/12/2017,
ZA-00011927,ZAC0002539,15/12/2017 13:11,COMPLETE,19/12/2017 11:32,29/12/2017 07:34,26/12/2017,
ZA-00011928,ZAC0000312,15/12/2017 22:48,COMPLETE,16/12/2017 12:17,17/12/2017 21:23,19/12/2017,
ZA-00011929,ZAC0023067,15/12/2017 08:38,COMPLETE,16/12/2017 02:45,19/12/2017 03:50,21/12/2017,
ZA-00011930,ZAC0022273,15/12/2017 19:07,COMPLETE,16/12/2017 15:20,19/12/2017 08:35,23/12/2017,
ZA-00011931,ZAC0000236,15/12/2017 10:58,COMPLETE,16/12/2017 20:41,24/12/2017 08:54,20/12/2017,
ZA-00011932,ZAC0001881,15/12/2017 14:11,CANCELLED,,,,
ZA-00011933,ZAC0020365,15/12/2017 18:39,COMPLETE,17/12/2017 20:32,01/01/2018 10:22,20/12/2017,WINTER15
ZA-00011934,ZAC0008399,15/12/2017 06:39,COMPLETE,17/12/2017 04:26,18/12/2017 13:13,27/12/2017,
ZA-00011935,ZAC0008213,15/12/2017 11:24,COMPLETE,16/12/2017 00:07,20/12/2017 11:19,21/12/2017,
ZA-00011936,ZAC0013348,15/12/2017 08:53,COMPLETE,15/12/2017 18:51,18/12/2017 03:19,19/12/2017,
ZA-00011937,ZAC0002136,15/12/2017 18:36,COMPLETE,16/12/2017 22:21,18/12/2017 12:45,20/12/2017,
ZA-00011938,ZAC0007209,15/12/2017 12:16,COMPLETE,15/12/2017 19:09,16/12/2017 13:43,22/12/2017,
ZA-00011939,ZAC0019828,15/12/2017 11:53,COMPLETE,16/12/2017 10:28,20/12/2017 10:59,20/12/2017,
ZA-00011940,ZAC0002387,15/12/2017 21:28,COMPLETE,17/12/2017 16:19,21/12/2017 09:11,21/12/2017,
ZA-00011941,ZAC0017148,15/12/2017 10:40,COMPLETE,16/12/2017 20:07,18/12/2017 11:50,19/12/2017,
ZA-00011942,ZAC0006221,15/12/2017 12:28,COMPLETE,16/12/2017 09:50,18/12/2017 09:51,26/12/2017,LOYAL5
ZA-00011943,ZAC0013150,15/12/2017 22:50,COMPLETE,16/12/2017 07:24,23/12/2017 18:56,19/12/2017,
ZA-00011944,ZAC0017357,15/12/2017 14:10,COMPLETE,16/12/2017 08:36,21/12/2017 07:10,20/12/2017,
ZA-00011945,ZAC0013182,15/12/2017 08:10,PENDING,,,,FLASH25
ZA-00011946,ZAC0021797,15/12/2017 19:21,COMPLETE,17/12/2017 09:29,20/12/2017 06:09,24/12/2017,
ZA-00011947,ZAC0001672,15/12/2017 09:08,COMPLETE,16/12/2017 09:36,17/12/2017 03:51,21/12/2017,BULK20
ZA-00011948,ZAC0000042,15/12/2017 19:23,COMPLETE,21/12/2017 00:06,29/12/2017 14:15,31/12/2017,
ZA-00011949,ZAC0004003,15/12/2017 18:52,CANCELLED,,,,
ZA-00011950,ZAC0015360,15/12/2017 13:05,DISPATCHED,17/12/2017 22:08,,21/12/2017,
ZA-00011951,ZAC0011560,15/12/2017 09:04,COMPLETE,18/12/2017 10:34,19/12/2017 16:54,25/12/2017,
ZA-00011952,ZAC0003530,15/12/2017 07:18,COMPLETE,17/12/2017 09:31,18/12/2017 12:07,27/12/2017,
ZA-00011953,ZAC0008132,15/12/2017 22:41,COMPLETE,17/12/2017 09:29,22/12/2017 18:06,22/12/2017,
ZA-00011954,ZAC0001468,15/12/2017 08:26,COMPLETE,16/12/2017 20:53,02/01/2018 13:47,20/12/2017,
ZA-00011955,ZAC0016012,15/12/2017 13:18,COMPLETE,16/12/2017 16:17,18/12/2017 13:04,21/12/2017,
ZA-00011956,ZAC0000460,15/12/2017 08:04,COMPLETE,19/12/2017 03:04,20/12/2017 14:54,23/12/2017,
ZA-00011957,ZAC0003499,15/12/2017 21:38,COMPLETE,18/12/2017 19:52,22/12/2017 09:59,21/12/2017,
ZA-00011958,ZAC0021420,15/12/2017 16:39,COMPLETE,17/12/2017 17:23,22/12/2017 08:17,21/12/2017,BULK20
ZA-00011959,ZAC0009305,15/12/2017 16:16,COMPLETE,16/12/2017 18:03,22/12/2017 21:29,23/12/2017,FLASH25
ZA-00011960,ZAC0006880,15/12/2017 11:46,COMPLETE,17/12/2017 04:11,22/12/2017 04:07,22/12/2017,
ZA-00011961,ZAC0001681,15/12/2017 13:11,COMPLETE,16/12/2017 08:56,18/12/2017 18:28,20/12/2017,
ZA-00011962,ZAC0003558,15/12/2017 16:35,COMPLETE,18/12/2017 14:21,21/12/2017 06:11,25/12/2017,
ZA-00011963,ZAC0004890,15/12/2017 18:03,DISPATCHED,19/12/2017 08:17,,26/12/2017,
ZA-00011964,ZAC0010796,15/12/2017 17:43,COMPLETE,22/12/2017 13:29,27/12/2017 19:44,27/12/2017,
ZA-00011965,ZAC0004739,15/12/2017 17:19,COMPLETE,17/12/2017 11:31,26/12/2017 20:53,22/12/2017,LOYAL5
ZA-00011966,ZAC0009619,15/12/2017 22:16,COMPLETE,17/12/2017 02:33,23/12/2017 20:17,22/12/2017,
ZA-00011967,ZAC0003958,15/12/2017 08:00,COMPLETE,17/12/2017 14:56,23/12/2017 21:11,27/12/2017,
ZA-00011968,ZAC0002172,15/12/2017 09:39,COMPLETE,15/12/2017 14:21,18/12/2017 08:50,22/12/2017,FREESHIP
ZA-00011969,ZAC0012828,15/12/2017 21:12,COMPLETE,19/12/2017 11:25,20/12/2017 03:46,24/12/2017,
ZA-00011970,ZAC0018006,15/12/2017 07:20,COMPLETE,17/12/2017 22:24,24/12/2017 23:10,27/12/2017,
ZA-00011971,ZAC0006882,15/12/2017 17:47,COMPLETE,17/12/2017 04:51,20/12/2017 07:21,24/12/2017,
ZA-00011972,ZAC0012205,15/12/2017 13:20,COMPLETE,16/12/2017 11:24,27/12/2017 16:01,23/12/2017,BULK20
ZA-00011973,ZAC0015844,15/12/2017 22:18,COMPLETE,17/12/2017 19:28,02/01/2018 07:37,24/12/2017,
ZA-00011974,ZAC0021139,15/12/2017 07:42,COMPLETE,16/12/2017 20:34,17/12/2017 19:12,20/12/2017,
ZA-00011975,ZAC0020016,15/12/2017 19:28,COMPLETE,17/12/2017 00:58,21/12/2017 23:01,20/12/2017,
ZA-00011976,ZAC0018150,15/12/2017 07:49,COMPLETE,20/12/2017 18:22,21/12/2017 03:34,27/12/2017,
ZA-00011977,ZAC0013438,15/12/2017 19:28,COMPLETE,16/12/2017 15:47,18/12/2017 05:43,19/12/2017,
ZA-00011978,ZAC0014397,15/12/2017 21:32,COMPLETE,16/12/2017 12:08,20/12/2017 11:07,19/12/2017,
ZA-00011979,ZAC0019566,15/12/2017 22:53,COMPLETE,17/12/2017 08:39,20/12/2017 10:31,21/12/2017,
ZA-00011980,ZAC0016903,15/12/2017 06:14,COMPLETE,17/12/2017 05:43,18/12/2017 16:01,22/12/2017,BULK20
ZA-00011981,ZAC0006207,15/12/2017 06:16,COMPLETE,17/12/2017 04:01,23/12/2017 04:17,20/12/2017,
ZA-00011982,ZAC0010290,15/12/2017 18:03,COMPLETE,17/12/2017 11:39,23/12/2017 13:14,24/12/2017,
ZA-00011983,ZAC0003859,15/12/2017 13:08,COMPLETE,16/12/2017 04:14,27/12/2017 18:10,20/12/2017,
ZA-00011984,ZAC0010365,15/12/2017 18:26,COMPLETE,16/12/2017 20:48,25/12/2017 01:23,19/12/2017,
ZA-00011985,ZAC0022278,15/12/2017 08:15,COMPLETE,18/12/2017 13:00,22/12/2017 14:02,21/12/2017,
ZA-00011986,ZAC0019684,15/12/2017 10:44,COMPLETE,16/12/2017 10:05,17/12/2017 23:00,19/12/2017,
ZA-00011987,ZAC0016977,15/12/2017 10:59,COMPLETE,18/12/2017 13:08,25/12/2017 06:22,23/12/2017,
ZA-00011988,ZAC0021700,15/12/2017 22:46,COMPLETE,18/12/2017 16:05,25/12/2017 04:06,21/12/2017,LOYAL5
ZA-00011989,ZAC0004982,15/12/2017 11:23,COMPLETE,17/12/2017 03:42,17/12/2017 23:28,22/12/2017,
ZA-00011990,ZAC0019224,15/12/2017 22:37,DISPATCHED,17/12/2017 00:33,,24/12/2017,
ZA-00011991,ZAC0015564,15/12/2017 11:25,COMPLETE,17/12/2017 12:40,22/12/2017 21:58,22/12/2017,
ZA-00011992,ZAC0003424,15/12/2017 20:13,DISPATCHED,16/12/2017 10:54,,23/12/2017,
ZA-00011993,ZAC0018887,15/12/2017 17:17,COMPLETE,17/12/2017 08:16,18/12/2017 05:01,20/12/2017,
ZA-00011994,ZAC0003176,16/12/2017 13:38,COMPLETE,19/12/2017 15:23,25/12/2017 06:14,26/12/2017,
ZA-00011995,ZAC0018089,16/12/2017 17:43,COMPLETE,20/12/2017 07:47,22/12/2017 14:14,27/12/2017,
ZA-00011996,ZAC0008522,16/12/2017 20:15,COMPLETE,18/12/2017 15:24,27/12/2017 12:37,22/12/2017,
ZA-00011997,ZAC0014996,16/12/2017 20:36,COMPLETE,20/12/2017 00:55,22/12/2017 04:30,24/12/2017,
ZA-00011998,ZAC0018017,16/12/2017 17:12,COMPLETE,17/12/2017 18:02,21/12/2017 18:02,21/12/2017,FREESHIP
ZA-00011999,ZAC0004552,16/12/2017 19:42,COMPLETE,18/12/2017 21:58,23/12/2017 18:49,23/12/2017,
ZA-00012000,ZAC0011948,16/12/2017 16:34,COMPLETE,21/12/2017 04:20,27/12/2017 21:17,26/12/2017,
ZA-00012001,ZAC0001969,16/12/2017 07:29,COMPLETE,19/12/2017 04:35,23/12/2017 14:54,26/12/2017,LOYAL5
ZA-00012002,ZAC0015490,16/12/2017 09:03,COMPLETE,18/12/2017 21:22,29/12/2017 09:56,28/12/2017,
ZA-00012003,ZAC0015576,16/12/2017 21:19,COMPLETE,17/12/2017 22:42,20/12/2017 01:33,22/12/2017,
ZA-00012004,ZAC0017056,16/12/2017 16:02,COMPLETE,21/12/2017 06:45,28/12/2017 16:38,25/12/2017,
ZA-00012005,ZAC0001840,16/12/2017 17:48,COMPLETE,21/12/2017 11:35,22/12/2017 07:40,24/12/2017,
ZA-00012006,ZAC0000715,16/12/2017 09:56,COMPLETE,18/12/2017 11:25,26/12/2017 20:36,25/12/2017,
ZA-00012007,ZAC0004815,16/12/2017 08:10,COMPLETE,19/12/2017 13:17,24/12/2017 09:00,23/12/2017,BULK20
ZA-00012008,ZAC0012013,16/12/2017 10:52,COMPLETE,19/12/2017 13:40,25/12/2017 11:01,22/12/2017,FLASH25
ZA-00012009,ZAC0006457,16/12/2017 20:10,DISPATCHED,21/12/2017 08:50,,26/12/2017,
ZA-00012010,ZAC0015889,16/12/2017 11:29,COMPLETE,18/12/2017 04:48,22/12/2017 19:38,21/12/2017,
ZA-00012011,ZAC0001917,16/12/2017 12:19,COMPLETE,17/12/2017 09:13,26/12/2017 01:20,22/12/2017,
ZA-00012012,ZAC0011614,16/12/2017 13:02,COMPLETE,19/12/2017 13:11,20/12/2017 23:46,22/12/2017,
ZA-00012013,ZAC0005700,16/12/2017 17:39,COMPLETE,18/12/2017 00:35,18/12/2017 22:20,25/12/2017,FREESHIP
ZA-00012014,ZAC0001505,16/12/2017 20:26,COMPLETE,17/12/2017 09:32,19/12/2017 02:48,20/12/2017,
ZA-00012015,ZAC0014872,16/12/2017 13:39,COMPLETE,18/12/2017 09:25,21/12/2017 03:32,28/12/2017,LOYAL5
ZA-00012016,ZAC0023004,16/12/2017 14:34,COMPLETE,21/12/2017 07:36,22/12/2017 17:24,25/12/2017,
ZA-00012017,ZAC0006272,16/12/2017 20:07,COMPLETE,18/12/2017 16:13,01/01/2018 10:10,23/12/2017,
ZA-00012018,ZAC0017975,16/12/2017 10:52,CANCELLED,,,,
ZA-00012019,ZAC0003970,16/12/2017 22:58,COMPLETE,18/12/2017 09:36,19/12/2017 10:27,22/12/2017,
ZA-00012020,ZAC0004336,16/12/2017 19:31,COMPLETE,19/12/2017 19:45,22/12/2017 12:27,26/12/2017,FREESHIP
ZA-00012021,ZAC0003342,16/12/2017 14:36,COMPLETE,19/12/2017 06:45,20/12/2017 19:50,23/12/2017,WINTER15
ZA-00012022,ZAC0010170,16/12/2017 22:49,COMPLETE,18/12/2017 08:03,22/12/2017 03:04,21/12/2017,
ZA-00012023,ZAC0021198,16/12/2017 13:48,COMPLETE,17/12/2017 15:46,23/12/2017 06:47,20/12/2017,
ZA-00012024,ZAC0023868,16/12/2017 13:17,COMPLETE,16/12/2017 22:48,20/12/2017 08:56,20/12/2017,
ZA-00012025,ZAC0000967,16/12/2017 14:51,COMPLETE,17/12/2017 22:35,24/12/2017 03:48,24/12/2017,FLASH25
ZA-00012026,ZAC0006023,16/12/2017 21:42,COMPLETE,20/12/2017 15:48,22/12/2017 18:50,24/12/2017,
ZA-00012027,ZAC0009538,16/12/2017 18:55,COMPLETE,19/12/2017 00:51,19/12/2017 19:50,29/12/2017,
ZA-00012028,ZAC0010545,16/12/2017 15:58,COMPLETE,22/12/2017 10:12,03/01/2018 01:42,29/12/2017,
ZA-00012029,ZAC0016316,16/12/2017 12:47,COMPLETE,22/12/2017 12:10,24/12/2017 14:55,29/12/2017,
ZA-00012030,ZAC0004995,16/12/2017 19:32,COMPLETE,21/12/2017 04:44,23/12/2017 17:32,24/12/2017,WINTER15
ZA-00012031,ZAC0021031,16/12/2017 07:39,COMPLETE,18/12/2017 14:07,22/12/2017 10:27,22/12/2017,
ZA-00012032,ZAC0006628,16/12/2017 10:35,DISPATCHED,19/12/2017 10:31,,22/12/2017,
ZA-00012033,ZAC0003827,16/12/2017 14:16,COMPLETE,20/12/2017 11:51,22/12/2017 06:32,24/12/2017,
ZA-00012034,ZAC0014622,16/12/2017 11:04,COMPLETE,18/12/2017 11:09,19/12/2017 17:35,21/12/2017,
ZA-00012035,ZAC0023852,16/12/2017 18:23,COMPLETE,21/12/2017 19:26,26/12/2017 11:49,24/12/2017,
ZA-00012036,ZAC0008062,16/12/2017 22:29,COMPLETE,20/12/2017 03:00,23/12/2017 19:26,27/12/2017,
ZA-00012037,ZAC0004342,16/12/2017 13:29,COMPLETE,17/12/2017 17:09,25/12/2017 05:11,21/12/2017,LOYAL5
ZA-00012038,ZAC0001897,16/12/2017 13:59,COMPLETE,18/12/2017 11:58,22/12/2017 12:47,25/12/2017,
ZA-00012039,ZAC0004029,16/12/2017 09:23,COMPLETE,19/12/2017 06:42,21/12/2017 17:50,23/12/2017,
ZA-00012040,ZAC0005568,16/12/2017 06:11,COMPLETE,17/12/2017 22:52,25/12/2017 22:18,22/12/2017,
ZA-00012041,ZAC0012093,16/12/2017 16:09,COMPLETE,18/12/2017 02:58,24/12/2017 11:31,23/12/2017,
ZA-00012042,ZAC0015528,16/12/2017 21:01,COMPLETE,20/12/2017 09:55,22/12/2017 04:33,24/12/2017,
ZA-00012043,ZAC0009608,16/12/2017 07:42,COMPLETE,19/12/2017 07:36,23/12/2017 10:09,23/12/2017,
ZA-00012044,ZAC0022037,16/12/2017 13:18,COMPLETE,17/12/2017 10:18,19/12/2017 21:21,21/12/2017,
ZA-00012045,ZAC0014221,16/12/2017 12:09,COMPLETE,18/12/2017 09:00,23/12/2017 00:54,23/12/2017,
ZA-00012046,ZAC0002506,16/12/2017 14:33,COMPLETE,17/12/2017 14:19,23/12/2017 15:22,22/12/2017,BULK20
ZA-00012047,ZAC0005757,16/12/2017 18:25,COMPLETE,21/12/2017 20:27,31/12/2017 09:39,28/12/2017,
ZA-00012048,ZAC0017247,16/12/2017 11:02,COMPLETE,21/12/2017 12:47,25/12/2017 19:15,28/12/2017,
ZA-00012049,ZAC0006986,16/12/2017 21:47,COMPLETE,18/12/2017 15:48,25/12/2017 15:21,22/12/2017,
ZA-00012050,ZAC0014923,17/12/2017 17:21,COMPLETE,17/12/2017 22:40,19/12/2017 03:14,20/12/2017,LOYAL5
ZA-00012051,ZAC0019542,17/12/2017 06:48,COMPLETE,18/12/2017 11:21,24/12/2017 01:54,23/12/2017,
ZA-00012052,ZAC0003109,17/12/2017 17:37,PENDING,,,,
ZA-00012053,ZAC0003305,17/12/2017 06:26,COMPLETE,19/12/2017 05:31,21/12/2017 13:11,29/12/2017,
ZA-00012054,ZAC0000731,17/12/2017 18:48,COMPLETE,18/12/2017 06:12,18/12/2017 19:13,22/12/2017,
ZA-00012055,ZAC0016999,17/12/2017 08:49,COMPLETE,21/12/2017 02:28,21/12/2017 08:33,31/12/2017,WINTER15
ZA-00012056,ZAC0014918,17/12/2017 20:43,COMPLETE,21/12/2017 13:15,23/12/2017 14:09,25/12/2017,
ZA-00012057,ZAC0014710,17/12/2017 13:17,COMPLETE,19/12/2017 03:11,25/12/2017 05:01,29/12/2017,WINTER15
ZA-00012058,ZAC0007295,17/12/2017 13:13,COMPLETE,23/12/2017 20:35,26/12/2017 22:17,27/12/2017,
ZA-00012059,ZAC0016058,17/12/2017 15:22,COMPLETE,19/12/2017 12:23,23/12/2017 18:23,26/12/2017,WINTER15
ZA-00012060,ZAC0019268,17/12/2017 07:19,COMPLETE,18/12/2017 18:45,21/12/2017 04:25,21/12/2017,
ZA-00012061,ZAC0023022,17/12/2017 06:13,COMPLETE,19/12/2017 20:24,21/12/2017 04:14,22/12/2017,
ZA-00012062,ZAC0006969,17/12/2017 16:12,COMPLETE,19/12/2017 03:14,22/12/2017 11:02,29/12/2017,
ZA-00012063,ZAC0014175,17/12/2017 17:13,COMPLETE,18/12/2017 14:02,22/12/2017 20:34,22/12/2017,WELCOME10
ZA-00012064,ZAC0013570,17/12/2017 09:25,COMPLETE,23/12/2017 15:35,27/12/2017 21:14,27/12/2017,
ZA-00012065,ZAC0003700,17/12/2017 07:28,COMPLETE,18/12/2017 22:10,25/12/2017 12:53,23/12/2017,
ZA-00012066,ZAC0015520,17/12/2017 19:11,COMPLETE,18/12/2017 02:34,23/12/2017 04:00,25/12/2017,WINTER15
ZA-00012067,ZAC0000531,17/12/2017 13:01,COMPLETE,19/12/2017 02:56,22/12/2017 14:23,24/12/2017,FREESHIP
ZA-00012068,ZAC0017006,17/12/2017 18:39,COMPLETE,21/12/2017 10:41,23/12/2017 13:05,26/12/2017,
ZA-00012069,ZAC0012786,17/12/2017 15:33,COMPLETE,18/12/2017 01:53,18/12/2017 10:06,23/12/2017,
ZA-00012070,ZAC0009621,17/12/2017 08:53,COMPLETE,18/12/2017 23:15,23/12/2017 16:15,22/12/2017,WINTER15
ZA-00012071,ZAC0008838,17/12/2017 12:59,COMPLETE,19/12/2017 06:48,23/12/2017 08:09,29/12/2017,
ZA-00012072,ZAC0020317,17/12/2017 12:17,COMPLETE,21/12/2017 01:32,23/12/2017 07:39,28/12/2017,
ZA-00012073,ZAC0022306,17/12/2017 14:04,COMPLETE,18/12/2017 10:26,24/12/2017 06:49,22/12/2017,FLASH25
ZA-00012074,ZAC0006265,17/12/2017 09:43,COMPLETE,18/12/2017 00:51,22/12/2017 05:21,22/12/2017,
ZA-00012075,ZAC0016655,17/12/2017 17:37,COMPLETE,19/12/2017 12:13,23/12/2017 16:13,24/12/2017,WINTER15
ZA-00012076,ZAC0017153,17/12/2017 17:31,COMPLETE,21/12/2017 08:57,24/12/2017 22:09,24/12/2017,
ZA-00012077,ZAC0001661,17/12/2017 11:41,COMPLETE,21/12/2017 01:44,26/12/2017 19:02,26/12/2017,WINTER15
ZA-00012078,ZAC0003870,17/12/2017 15:50,COMPLETE,19/12/2017 13:02,25/12/2017 19:33,22/12/2017,
ZA-00012079,ZAC0017906,17/12/2017 18:03,COMPLETE,18/12/2017 20:35,21/12/2017 19:43,22/12/2017,LOYAL5
ZA-00012080,ZAC0003826,17/12/2017 16:53,COMPLETE,20/12/2017 21:18,25/12/2017 09:16,25/12/2017,
ZA-00012081,ZAC0002419,17/12/2017 18:12,COMPLETE,18/12/2017 20:34,24/12/2017 23:05,21/12/2017,FLASH25
ZA-00012082,ZAC0013273,17/12/2017 20:42,COMPLETE,21/12/2017 18:07,23/12/2017 17:18,24/12/2017,
ZA-00012083,ZAC0015838,17/12/2017 19:19,COMPLETE,19/12/2017 10:17,23/12/2017 21:06,26/12/2017,
ZA-00012084,ZAC0012544,17/12/2017 16:31,COMPLETE,18/12/2017 15:58,21/12/2017 15:45,21/12/2017,FREESHIP
ZA-00012085,ZAC0012532,17/12/2017 09:14,COMPLETE,20/12/2017 04:02,27/12/2017 02:03,24/12/2017,
ZA-00012086,ZAC0015024,17/12/2017 14:57,COMPLETE,18/12/2017 18:43,30/12/2017 06:35,23/12/2017,
ZA-00012087,ZAC0005525,17/12/2017 08:15,COMPLETE,18/12/2017 20:30,24/12/2017 02:06,25/12/2017,WINTER15
ZA-00012088,ZAC0003980,17/12/2017 20:12,COMPLETE,19/12/2017 16:25,21/12/2017 21:08,23/12/2017,BULK20
ZA-00012089,ZAC0007897,17/12/2017 08:04,COMPLETE,18/12/2017 19:55,23/12/2017 12:31,25/12/2017,
ZA-00012090,ZAC0014121,17/12/2017 13:18,COMPLETE,18/12/2017 21:40,29/12/2017 16:18,25/12/2017,
ZA-00012091,ZAC0012544,17/12/2017 21:05,COMPLETE,18/12/2017 08:33,22/12/2017 17:55,21/12/2017,
ZA-00012092,ZAC0013187,17/12/2017 20:21,COMPLETE,18/12/2017 02:39,21/12/2017 18:57,25/12/2017,
ZA-00012093,ZAC0004586,17/12/2017 22:01,COMPLETE,20/12/2017 11:37,02/01/2018 08:43,24/12/2017,WELCOME10
ZA-00012094,ZAC0008901,17/12/2017 16:25,COMPLETE,21/12/2017 21:12,25/12/2017 07:51,24/12/2017,WELCOME10
ZA-00012095,ZAC0023683,17/12/2017 22:29,COMPLETE,19/12/2017 05:15,21/12/2017 09:55,23/12/2017,
ZA-00012096,ZAC0017610,17/12/2017 14:43,COMPLETE,19/12/2017 03:30,20/12/2017 19:27,24/12/2017,FREESHIP
ZA-00012097,ZAC0017622,17/12/2017 18:06,COMPLETE,21/12/2017 01:25,22/12/2017 13:14,28/12/2017,
ZA-00012098,ZAC0017119,17/12/2017 18:53,COMPLETE,19/12/2017 09:10,23/12/2017 11:10,24/12/2017,
ZA-00012099,ZAC0018593,17/12/2017 10:30,COMPLETE,17/12/2017 20:01,23/12/2017 04:28,22/12/2017,LOYAL5
ZA-00012100,ZAC0013145,17/12/2017 16:58,COMPLETE,18/12/2017 20:14,20/12/2017 19:03,22/12/2017,
ZA-00012101,ZAC0013392,17/12/2017 17:10,COMPLETE,18/12/2017 18:00,20/12/2017 18:07,23/12/2017,
ZA-00012102,ZAC0009196,17/12/2017 20:53,COMPLETE,22/12/2017 17:19,25/12/2017 07:06,29/12/2017,
ZA-00012103,ZAC0012745,18/12/2017 20:17,COMPLETE,19/12/2017 03:08,23/12/2017 19:42,24/12/2017,
ZA-00012104,ZAC0023121,18/12/2017 06:04,COMPLETE,19/12/2017 10:20,24/12/2017 14:18,22/12/2017,
ZA-00012105,ZAC0002417,18/12/2017 11:21,COMPLETE,21/12/2017 00:06,26/12/2017 21:18,31/12/2017,
ZA-00012106,ZAC0018017,18/12/2017 13:24,COMPLETE,20/12/2017 05:21,20/12/2017 23:08,27/12/2017,
ZA-00012107,ZAC0010662,18/12/2017 17:08,COMPLETE,21/12/2017 00:59,27/12/2017 04:36,28/12/2017,
ZA-00012108,ZAC0018457,18/12/2017 22:38,COMPLETE,19/12/2017 03:14,22/12/2017 05:27,23/12/2017,
ZA-00012109,ZAC0011868,18/12/2017 12:15,DISPATCHED,19/12/2017 17:58,,23/12/2017,
ZA-00012110,ZAC0022933,18/12/2017 06:11,RETURNED,21/12/2017 13:48,23/12/2017 15:22,28/12/2017,
ZA-00012111,ZAC0009475,18/12/2017 18:58,DISPATCHED,23/12/2017 13:52,,30/12/2017,FREESHIP
ZA-00012112,ZAC0007423,18/12/2017 18:51,COMPLETE,23/12/2017 01:06,23/12/2017 14:20,28/12/2017,
ZA-00012113,ZAC0010325,18/12/2017 07:31,COMPLETE,20/12/2017 02:40,21/12/2017 23:08,27/12/2017,
ZA-00012114,ZAC0002558,18/12/2017 21:52,COMPLETE,20/12/2017 21:29,24/12/2017 07:22,25/12/2017,
ZA-00012115,ZAC0022420,18/12/2017 11:36,COMPLETE,18/12/2017 18:42,23/12/2017 13:05,25/12/2017,
ZA-00012116,ZAC0000489,18/12/2017 22:47,CANCELLED,,,,
ZA-00012117,ZAC0005687,18/12/2017 13:13,COMPLETE,22/12/2017 18:10,24/12/2017 10:03,27/12/2017,LOYAL5
ZA-00012118,ZAC0009034,18/12/2017 14:40,COMPLETE,21/12/2017 09:59,29/12/2017 14:50,25/12/2017,FLASH25
ZA-00012119,ZAC0009325,18/12/2017 19:31,COMPLETE,22/12/2017 19:04,01/01/2018 20:49,29/12/2017,
ZA-00012120,ZAC0009217,18/12/2017 18:19,COMPLETE,21/12/2017 06:42,31/12/2017 14:51,25/12/2017,BULK20
ZA-00012121,ZAC0000809,18/12/2017 12:28,COMPLETE,21/12/2017 02:59,01/01/2018 04:12,31/12/2017,
ZA-00012122,ZAC0014206,18/12/2017 16:42,COMPLETE,19/12/2017 21:08,27/12/2017 00:30,26/12/2017,
ZA-00012123,ZAC0014573,18/12/2017 13:13,COMPLETE,18/12/2017 18:12,27/12/2017 21:26,21/12/2017,
ZA-00012124,ZAC0004337,18/12/2017 11:28,COMPLETE,21/12/2017 14:27,01/01/2018 20:39,31/12/2017,
ZA-00012125,ZAC0002983,18/12/2017 13:22,COMPLETE,22/12/2017 05:20,01/01/2018 02:30,29/12/2017,WINTER15
ZA-00012126,ZAC0022865,18/12/2017 17:48,COMPLETE,21/12/2017 04:21,29/12/2017 03:05,25/12/2017,LOYAL5
ZA-00012127,ZAC0020383,18/12/2017 11:20,COMPLETE,19/12/2017 23:40,22/12/2017 21:03,22/12/2017,
ZA-00012128,ZAC0020578,18/12/2017 17:14,DISPATCHED,20/12/2017 00:51,,23/12/2017,
ZA-00012129,ZAC0013860,18/12/2017 09:37,COMPLETE,21/12/2017 14:13,27/12/2017 02:59,25/12/2017,BULK20
ZA-00012130,ZAC0017211,18/12/2017 08:37,COMPLETE,18/12/2017 10:13,21/12/2017 18:20,23/12/2017,
ZA-00012131,ZAC0014761,18/12/2017 07:57,COMPLETE,18/12/2017 20:32,25/12/2017 19:08,23/12/2017,
ZA-00012132,ZAC0009445,18/12/2017 13:14,COMPLETE,19/12/2017 13:28,22/12/2017 16:21,24/12/2017,
ZA-00012133,ZAC0008246,18/12/2017 08:41,COMPLETE,19/12/2017 04:43,25/12/2017 20:58,23/12/2017,
ZA-00012134,ZAC0013754,18/12/2017 19:12,DISPATCHED,22/12/2017 02:57,,27/12/2017,BULK20
ZA-00012135,ZAC0017163,18/12/2017 08:20,COMPLETE,20/12/2017 18:44,22/12/2017 12:43,24/12/2017,
ZA-00012136,ZAC0009893,18/12/2017 10:03,COMPLETE,20/12/2017 08:23,24/12/2017 15:08,25/12/2017,WINTER15
ZA-00012137,ZAC0009349,18/12/2017 17:15,COMPLETE,22/12/2017 05:45,26/12/2017 20:07,26/12/2017,FREESHIP
ZA-00012138,ZAC0008734,18/12/2017 18:44,COMPLETE,22/12/2017 03:48,30/12/2017 03:36,25/12/2017,BULK20
ZA-00012139,ZAC0016017,18/12/2017 19:23,COMPLETE,20/12/2017 00:00,27/12/2017 19:07,25/12/2017,
ZA-00012140,ZAC0020606,18/12/2017 17:12,COMPLETE,22/12/2017 01:07,28/12/2017 14:57,25/12/2017,FREESHIP
ZA-00012141,ZAC0011916,18/12/2017 18:11,COMPLETE,22/12/2017 01:54,02/01/2018 11:05,26/12/2017,
ZA-00012142,ZAC0015652,18/12/2017 20:11,COMPLETE,21/12/2017 10:47,24/12/2017 08:09,31/12/2017,
ZA-00012143,ZAC0023582,18/12/2017 06:52,COMPLETE,18/12/2017 23:07,25/12/2017 07:15,25/12/2017,FREESHIP
ZA-00012144,ZAC0007396,18/12/2017 13:16,COMPLETE,23/12/2017 06:14,26/12/2017 03:21,27/12/2017,
ZA-00012145,ZAC0019971,18/12/2017 21:49,CANCELLED,,,,
ZA-00012146,ZAC0003794,18/12/2017 16:34,COMPLETE,20/12/2017 06:32,22/12/2017 21:51,25/12/2017,
ZA-00012147,ZAC0009799,18/12/2017 08:51,RETURNED,25/12/2017 04:14,01/01/2018 05:36,28/12/2017,
ZA-00012148,ZAC0017906,18/12/2017 18:17,COMPLETE,19/12/2017 10:26,01/01/2018 17:30,23/12/2017,
ZA-00012149,ZAC0014433,18/12/2017 08:32,COMPLETE,20/12/2017 21:32,27/12/2017 13:19,27/12/2017,WELCOME10
ZA-00012150,ZAC0021792,18/12/2017 20:20,COMPLETE,20/12/2017 11:28,24/12/2017 21:19,24/12/2017,BULK20
ZA-00012151,ZAC0003171,18/12/2017 13:34,COMPLETE,20/12/2017 10:36,23/12/2017 13:40,25/12/2017,
ZA-00012152,ZAC0011992,18/12/2017 16:25,RETURNED,20/12/2017 18:02,22/12/2017 04:48,24/12/2017,BULK20
ZA-00012153,ZAC0008163,18/12/2017 15:47,COMPLETE,22/12/2017 00:38,01/01/2018 00:21,29/12/2017,
ZA-00012154,ZAC0008798,18/12/2017 07:58,COMPLETE,20/12/2017 06:32,27/12/2017 19:33,24/12/2017,
ZA-00012155,ZAC0017818,18/12/2017 14:07,COMPLETE,23/12/2017 11:21,24/12/2017 16:38,30/12/2017,
ZA-00012156,ZAC0019207,18/12/2017 14:28,COMPLETE,19/12/2017 06:53,23/12/2017 10:41,22/12/2017,
ZA-00012157,ZAC0013258,18/12/2017 14:46,COMPLETE,19/12/2017 21:44,23/12/2017 23:10,29/12/2017,
ZA-00012158,ZAC0023918,18/12/2017 15:09,COMPLETE,21/12/2017 04:34,27/12/2017 22:26,24/12/2017,
ZA-00012159,ZAC0009297,18/12/2017 19:20,COMPLETE,19/12/2017 06:53,21/12/2017 10:27,24/12/2017,
ZA-00012160,ZAC0002613,18/12/2017 10:41,COMPLETE,20/12/2017 18:28,30/12/2017 15:16,24/12/2017,
ZA-00012161,ZAC0003662,18/12/2017 10:39,COMPLETE,19/12/2017 10:29,27/12/2017 18:18,23/12/2017,FLASH25
ZA-00012162,ZAC0005755,18/12/2017 08:53,COMPLETE,18/12/2017 20:53,22/12/2017 01:18,21/12/2017,FREESHIP
ZA-00012163,ZAC0010056,18/12/2017 21:44,COMPLETE,19/12/2017 00:22,25/12/2017 18:12,24/12/2017,
ZA-00012164,ZAC0011597,18/12/2017 22:28,COMPLETE,21/12/2017 05:40,23/12/2017 11:51,24/12/2017,WINTER15
ZA-00012165,ZAC0006682,18/12/2017 18:29,COMPLETE,19/12/2017 21:26,23/12/2017 22:00,23/12/2017,WELCOME10
ZA-00012166,ZAC0020502,18/12/2017 15:28,PENDING,,,,
ZA-00012167,ZAC0019139,18/12/2017 21:55,COMPLETE,22/12/2017 12:48,23/12/2017 17:22,26/12/2017,FREESHIP
ZA-00012168,ZAC0018568,18/12/2017 22:35,COMPLETE,24/12/2017 05:04,30/12/2017 17:48,27/12/2017,
ZA-00012169,ZAC0014438,18/12/2017 15:59,COMPLETE,20/12/2017 07:40,22/12/2017 23:02,27/12/2017,WELCOME10
ZA-00012170,ZAC0000661,18/12/2017 10:02,COMPLETE,20/12/2017 11:28,27/12/2017 05:23,23/12/2017,
ZA-00012171,ZAC0018049,18/12/2017 15:22,COMPLETE,19/12/2017 01:33,22/12/2017 00:03,26/12/2017,
ZA-00012172,ZAC0000096,18/12/2017 07:13,COMPLETE,20/12/2017 19:59,21/12/2017 14:56,23/12/2017,
ZA-00012173,ZAC0007135,18/12/2017 11:59,COMPLETE,19/12/2017 05:38,25/12/2017 02:24,22/12/2017,
ZA-00012174,ZAC0007472,18/12/2017 18:49,COMPLETE,20/12/2017 21:33,22/12/2017 10:00,27/12/2017,
ZA-00012175,ZAC0019898,18/12/2017 15:11,COMPLETE,20/12/2017 19:14,25/12/2017 23:37,24/12/2017,
ZA-00012176,ZAC0015446,18/12/2017 13:14,COMPLETE,20/12/2017 12:51,22/12/2017 11:23,24/12/2017,
ZA-00012177,ZAC0006608,18/12/2017 11:08,COMPLETE,20/12/2017 14:51,26/12/2017 10:26,25/12/2017,WINTER15
ZA-00012178,ZAC0007044,18/12/2017 14:49,COMPLETE,20/12/2017 03:09,25/12/2017 07:40,25/12/2017,WINTER15
ZA-00012179,ZAC0001059,18/12/2017 17:57,COMPLETE,19/12/2017 03:14,26/12/2017 15:36,22/12/2017,
ZA-00012180,ZAC0011784,18/12/2017 10:08,COMPLETE,21/12/2017 00:00,24/12/2017 09:49,28/12/2017,
ZA-00012181,ZAC0015807,18/12/2017 17:06,COMPLETE,18/12/2017 23:46,24/12/2017 04:53,25/12/2017,WINTER15
ZA-00012182,ZAC0001175,19/12/2017 14:54,CANCELLED,,,,
ZA-00012183,ZAC0022050,19/12/2017 15:37,COMPLETE,20/12/2017 19:15,25/12/2017 13:21,24/12/2017,
ZA-00012184,ZAC0005831,19/12/2017 22:06,COMPLETE,21/12/2017 15:41,24/12/2017 05:50,28/12/2017,
ZA-00012185,ZAC0002158,19/12/2017 13:43,COMPLETE,21/12/2017 03:20,25/12/2017 05:58,24/12/2017,
ZA-00012186,ZAC0013439,19/12/2017 14:04,COMPLETE,25/12/2017 20:44,31/12/2017 04:47,30/12/2017,
ZA-00012187,ZAC0016459,19/12/2017 15:16,COMPLETE,23/12/2017 17:13,24/12/2017 22:56,27/12/2017,
ZA-00012188,ZAC0001145,19/12/2017 11:47,CANCELLED,,,,FREESHIP
ZA-00012189,ZAC0020875,19/12/2017 16:32,COMPLETE,21/12/2017 04:46,25/12/2017 23:14,26/12/2017,
ZA-00012190,ZAC0013256,19/12/2017 15:44,PENDING,,,,
ZA-00012191,ZAC0022734,19/12/2017 16:27,COMPLETE,21/12/2017 16:52,25/12/2017 00:30,25/12/2017,
ZA-00012192,ZAC0022035,19/12/2017 09:05,COMPLETE,20/12/2017 12:36,24/12/2017 01:37,23/12/2017,
ZA-00012193,ZAC0017885,19/12/2017 16:45,COMPLETE,20/12/2017 14:39,22/12/2017 18:05,25/12/2017,
ZA-00012194,ZAC0002399,19/12/2017 15:57,COMPLETE,20/12/2017 21:01,28/12/2017 23:13,23/12/2017,
ZA-00012195,ZAC0020509,19/12/2017 11:49,COMPLETE,19/12/2017 12:59,20/12/2017 20:54,22/12/2017,
ZA-00012196,ZAC0013077,19/12/2017 16:58,COMPLETE,20/12/2017 10:44,23/12/2017 11:55,27/12/2017,
ZA-00012197,ZAC0020795,19/12/2017 07:18,COMPLETE,22/12/2017 01:15,26/12/2017 03:54,26/12/2017,
ZA-00012198,ZAC0003813,19/12/2017 21:53,COMPLETE,21/12/2017 09:19,25/12/2017 14:35,24/12/2017,
ZA-00012199,ZAC0017518,19/12/2017 12:49,COMPLETE,21/12/2017 18:30,28/12/2017 16:26,31/12/2017,
ZA-00012200,ZAC0017247,19/12/2017 11:57,COMPLETE,23/12/2017 08:07,25/12/2017 07:53,26/12/2017,BULK20
ZA-00012201,ZAC0001937,19/12/2017 21:01,COMPLETE,22/12/2017 09:53,23/12/2017 15:19,26/12/2017,
ZA-00012202,ZAC0011825,19/12/2017 16:29,COMPLETE,23/12/2017 10:31,28/12/2017 18:16,30/12/2017,
ZA-00012203,ZAC0023392,19/12/2017 08:47,COMPLETE,20/12/2017 02:10,20/12/2017 17:32,30/12/2017,
ZA-00012204,ZAC0016740,19/12/2017 21:09,COMPLETE,22/12/2017 23:23,25/12/2017 00:58,27/12/2017,
ZA-00012205,ZAC0018656,19/12/2017 22:15,COMPLETE,26/12/2017 23:57,03/01/2018 10:01,31/12/2017,
ZA-00012206,ZAC0002885,19/12/2017 11:45,COMPLETE,22/12/2017 14:55,31/12/2017 01:04,26/12/2017,
ZA-00012207,ZAC0000152,19/12/2017 15:13,COMPLETE,20/12/2017 23:23,30/12/2017 09:33,25/12/2017,
ZA-00012208,ZAC0019330,19/12/2017 17:11,COMPLETE,21/12/2017 12:39,28/12/2017 09:36,25/12/2017,
ZA-00012209,ZAC0004119,19/12/2017 10:34,COMPLETE,21/12/2017 05:49,29/12/2017 14:48,25/12/2017,
ZA-00012210,ZAC0017356,19/12/2017 21:00,COMPLETE,20/12/2017 10:14,28/12/2017 13:51,27/12/2017,
ZA-00012211,ZAC0014627,19/12/2017 11:13,COMPLETE,24/12/2017 10:22,28/12/2017 04:13,29/12/2017,FREESHIP
ZA-00012212,ZAC0007404,19/12/2017 16:08,DISPATCHED,20/12/2017 19:28,,25/12/2017,
ZA-00012213,ZAC0022560,19/12/2017 15:36,COMPLETE,20/12/2017 21:25,22/12/2017 23:10,25/12/2017,
ZA-00012214,ZAC0009955,19/12/2017 12:08,COMPLETE,19/12/2017 16:36,21/12/2017 01:00,26/12/2017,
ZA-00012215,ZAC0023423,19/12/2017 11:21,COMPLETE,21/12/2017 21:21,26/12/2017 12:21,24/12/2017,
ZA-00012216,ZAC0001946,19/12/2017 13:06,COMPLETE,22/12/2017 07:48,27/12/2017 08:58,26/12/2017,
ZA-00012217,ZAC0010680,19/12/2017 10:05,COMPLETE,23/12/2017 05:51,26/12/2017 09:07,28/12/2017,
ZA-00012218,ZAC0022635,19/12/2017 14:01,COMPLETE,21/12/2017 09:07,24/12/2017 21:49,28/12/2017,
ZA-00012219,ZAC0022705,19/12/2017 20:44,COMPLETE,20/12/2017 19:01,25/12/2017 07:31,23/12/2017,WINTER15
ZA-00012220,ZAC0023486,19/12/2017 19:05,COMPLETE,22/12/2017 14:17,24/12/2017 11:43,25/12/2017,
ZA-00012221,ZAC0007028,19/12/2017 15:55,COMPLETE,21/12/2017 16:06,28/12/2017 19:42,28/12/2017,
ZA-00012222,ZAC0009537,19/12/2017 13:24,COMPLETE,22/12/2017 09:04,28/12/2017 02:02,26/12/2017,
ZA-00012223,ZAC0007279,19/12/2017 10:38,COMPLETE,20/12/2017 13:48,31/12/2017 06:47,24/12/2017,
ZA-00012224,ZAC0010602,19/12/2017 14:57,PENDING,,,,
ZA-00012225,ZAC0011884,19/12/2017 17:26,COMPLETE,23/12/2017 12:30,27/12/2017 08:00,26/12/2017,
ZA-00012226,ZAC0009267,19/12/2017 17:32,COMPLETE,22/12/2017 21:47,28/12/2017 19:08,25/12/2017,
ZA-00012227,ZAC0022551,19/12/2017 10:18,COMPLETE,23/12/2017 07:25,24/12/2017 18:44,02/01/2018,WELCOME10
ZA-00012228,ZAC0003858,19/12/2017 17:57,DISPATCHED,21/12/2017 16:42,,25/12/2017,
ZA-00012229,ZAC0001615,19/12/2017 07:37,COMPLETE,19/12/2017 20:50,27/12/2017 00:49,24/12/2017,
ZA-00012230,ZAC0001762,19/12/2017 17:49,COMPLETE,22/12/2017 15:28,05/01/2018 22:04,26/12/2017,
ZA-00012231,ZAC0003611,19/12/2017 20:33,COMPLETE,21/12/2017 02:48,22/12/2017 23:41,24/12/2017,
ZA-00012232,ZAC0008728,19/12/2017 10:42,COMPLETE,23/12/2017 14:40,24/12/2017 14:16,27/12/2017,
ZA-00012233,ZAC0007985,19/12/2017 09:10,COMPLETE,20/12/2017 23:09,24/12/2017 20:50,30/12/2017,
ZA-00012234,ZAC0017785,19/12/2017 22:57,COMPLETE,21/12/2017 16:31,02/01/2018 06:43,26/12/2017,
ZA-00012235,ZAC0022638,19/12/2017 16:14,COMPLETE,22/12/2017 19:24,26/12/2017 15:23,26/12/2017,WINTER15
ZA-00012236,ZAC0014340,19/12/2017 08:58,COMPLETE,20/12/2017 23:01,24/12/2017 17:02,27/12/2017,BULK20
ZA-00012237,ZAC0013928,19/12/2017 11:11,COMPLETE,20/12/2017 15:59,29/12/2017 17:08,25/12/2017,
ZA-00012238,ZAC0015067,19/12/2017 17:12,COMPLETE,24/12/2017 15:58,26/12/2017 11:35,31/12/2017,
ZA-00012239,ZAC0002783,19/12/2017 10:43,COMPLETE,20/12/2017 16:41,24/12/2017 17:03,24/12/2017,
ZA-00012240,ZAC0013272,19/12/2017 17:12,COMPLETE,20/12/2017 09:51,24/12/2017 23:35,27/12/2017,
ZA-00012241,ZAC0007992,19/12/2017 16:29,COMPLETE,21/12/2017 08:27,25/12/2017 08:13,26/12/2017,
ZA-00012242,ZAC0005884,19/12/2017 20:27,RETURNED,23/12/2017 15:38,30/12/2017 06:19,26/12/2017,WELCOME10
ZA-00012243,ZAC0017022,19/12/2017 11:51,COMPLETE,19/12/2017 22:18,27/12/2017 21:08,23/12/2017,
ZA-00012244,ZAC0015995,19/12/2017 14:59,COMPLETE,24/12/2017 16:05,27/12/2017 15:52,27/12/2017,WELCOME10
ZA-00012245,ZAC0018034,19/12/2017 14:41,CANCELLED,,,,
ZA-00012246,ZAC0014022,19/12/2017 13:29,PENDING,,,,
ZA-00012247,ZAC0022204,19/12/2017 06:23,COMPLETE,23/12/2017 17:39,29/12/2017 07:04,27/12/2017,
ZA-00012248,ZAC0001910,19/12/2017 12:07,COMPLETE,20/12/2017 16:44,24/12/2017 23:43,24/12/2017,
ZA-00012249,ZAC0017139,19/12/2017 16:06,COMPLETE,20/12/2017 03:20,01/01/2018 08:24,27/12/2017,
ZA-00012250,ZAC0021857,19/12/2017 12:44,COMPLETE,20/12/2017 06:01,20/12/2017 23:00,25/12/2017,WINTER15
ZA-00012251,ZAC0019997,19/12/2017 14:59,COMPLETE,20/12/2017 19:13,23/12/2017 10:30,23/12/2017,
ZA-00012252,ZAC0011750,19/12/2017 18:30,CANCELLED,,,,
ZA-00012253,ZAC0018065,19/12/2017 18:35,COMPLETE,20/12/2017 15:13,27/12/2017 05:06,30/12/2017,
ZA-00012254,ZAC0014145,19/12/2017 13:42,COMPLETE,20/12/2017 15:46,26/12/2017 02:04,24/12/2017,
ZA-00012255,ZAC0001211,19/12/2017 10:30,COMPLETE,22/12/2017 06:19,25/12/2017 20:18,26/12/2017,WINTER15
ZA-00012256,ZAC0015443,19/12/2017 20:50,COMPLETE,21/12/2017 18:07,27/12/2017 15:48,28/12/2017,
ZA-00012257,ZAC0015839,19/12/2017 11:31,COMPLETE,23/12/2017 07:47,27/12/2017 17:09,26/12/2017,WINTER15
ZA-00012258,ZAC0021121,19/12/2017 19:00,COMPLETE,20/12/2017 16:14,24/12/2017 20:33,23/12/2017,WINTER15
ZA-00012259,ZAC0019632,20/12/2017 07:34,COMPLETE,21/12/2017 14:26,24/12/2017 09:22,26/12/2017,
ZA-00012260,ZAC0008382,20/12/2017 18:09,COMPLETE,21/12/2017 12:14,02/01/2018 19:49,24/12/2017,
ZA-00012261,ZAC0003189,20/12/2017 15:03,COMPLETE,24/12/2017 01:33,29/12/2017 00:10,31/12/2017,
ZA-00012262,ZAC0021453,20/12/2017 13:50,COMPLETE,25/12/2017 02:21,28/12/2017 08:40,28/12/2017,
ZA-00012263,ZAC0007145,20/12/2017 13:49,COMPLETE,21/12/2017 16:28,24/12/2017 18:34,25/12/2017,
ZA-00012264,ZAC0012128,20/12/2017 12:33,COMPLETE,22/12/2017 14:32,25/12/2017 15:51,25/12/2017,
ZA-00012265,ZAC0022030,20/12/2017 08:53,COMPLETE,21/12/2017 05:53,31/12/2017 11:49,25/12/2017,BULK20
ZA-00012266,ZAC0015365,20/12/2017 21:38,COMPLETE,21/12/2017 08:04,26/12/2017 09:28,24/12/2017,
ZA-00012267,ZAC0000685,20/12/2017 19:03,COMPLETE,21/12/2017 09:13,22/12/2017 06:11,31/12/2017,
ZA-00012268,ZAC0005609,20/12/2017 14:27,COMPLETE,21/12/2017 17:02,26/12/2017 15:35,26/12/2017,
ZA-00012269,ZAC0010051,20/12/2017 21:58,COMPLETE,23/12/2017 21:38,26/12/2017 22:22,28/12/2017,BULK20
ZA-00012270,ZAC0006830,20/12/2017 17:49,COMPLETE,21/12/2017 00:06,21/12/2017 09:43,25/12/2017,
ZA-00012271,ZAC0022991,20/12/2017 21:02,COMPLETE,26/12/2017 18:42,03/01/2018 00:38,31/12/2017,
ZA-00012272,ZAC0018330,20/12/2017 16:50,COMPLETE,21/12/2017 19:25,27/12/2017 18:12,28/12/2017,
ZA-00012273,ZAC0009400,20/12/2017 20:55,COMPLETE,22/12/2017 05:30,25/12/2017 17:21,27/12/2017,
ZA-00012274,ZAC0015866,20/12/2017 21:16,COMPLETE,22/12/2017 13:52,29/12/2017 01:40,26/12/2017,
ZA-00012275,ZAC0022279,20/12/2017 10:06,COMPLETE,22/12/2017 08:44,23/12/2017 11:06,25/12/2017,FREESHIP
ZA-00012276,ZAC0006190,20/12/2017 22:57,COMPLETE,24/12/2017 14:09,28/12/2017 01:51,28/12/2017,
ZA-00012277,ZAC0020979,20/12/2017 10:07,COMPLETE,21/12/2017 23:14,23/12/2017 13:26,25/12/2017,FLASH25
ZA-00012278,ZAC0007179,20/12/2017 10:15,COMPLETE,21/12/2017 16:13,23/12/2017 12:29,25/12/2017,
ZA-00012279,ZAC0000277,20/12/2017 18:49,COMPLETE,22/12/2017 09:25,23/12/2017 04:53,27/12/2017,
ZA-00012280,ZAC0007256,20/12/2017 22:51,COMPLETE,25/12/2017 08:50,29/12/2017 16:51,28/12/2017,
ZA-00012281,ZAC0015902,20/12/2017 13:03,COMPLETE,20/12/2017 17:45,21/12/2017 23:31,25/12/2017,
ZA-00012282,ZAC0011651,20/12/2017 17:32,COMPLETE,22/12/2017 22:34,26/12/2017 06:56,29/12/2017,
ZA-00012283,ZAC0005769,20/12/2017 21:28,COMPLETE,26/12/2017 11:16,03/01/2018 11:00,31/12/2017,
ZA-00012284,ZAC0022832,20/12/2017 10:35,COMPLETE,22/12/2017 07:01,30/12/2017 01:27,27/12/2017,
ZA-00012285,ZAC0009709,20/12/2017 18:22,CANCELLED,,,,
ZA-00012286,ZAC0015506,20/12/2017 09:46,COMPLETE,22/12/2017 16:42,26/12/2017 19:32,27/12/2017,
ZA-00012287,ZAC0011187,20/12/2017 12:17,COMPLETE,22/12/2017 01:31,25/12/2017 00:51,27/12/2017,
ZA-00012288,ZAC0018843,20/12/2017 13:49,COMPLETE,23/12/2017 08:00,28/12/2017 20:09,28/12/2017,FREESHIP
ZA-00012289,ZAC0002302,20/12/2017 10:44,COMPLETE,23/12/2017 05:33,29/12/2017 20:32,30/12/2017,
ZA-00012290,ZAC0021375,20/12/2017 12:39,COMPLETE,20/12/2017 17:07,22/12/2017 21:10,23/12/2017,
ZA-00012291,ZAC0007707,20/12/2017 19:35,DISPATCHED,22/12/2017 00:42,,25/12/2017,
ZA-00012292,ZAC0012286,20/12/2017 17:36,COMPLETE,21/12/2017 23:01,23/12/2017 19:54,25/12/2017,BULK20
ZA-00012293,ZAC0004543,20/12/2017 16:48,COMPLETE,23/12/2017 16:50,26/12/2017 02:11,27/12/2017,
ZA-00012294,ZAC0002373,20/12/2017 12:26,COMPLETE,22/12/2017 06:36,24/12/2017 16:20,26/12/2017,WINTER15
ZA-00012295,ZAC0005513,20/12/2017 18:59,COMPLETE,20/12/2017 23:16,23/12/2017 04:58,25/12/2017,WINTER15
ZA-00012296,ZAC0010487,20/12/2017 14:55,COMPLETE,22/12/2017 13:54,24/12/2017 06:14,26/12/2017,
ZA-00012297,ZAC0007778,20/12/2017 07:35,COMPLETE,23/12/2017 02:45,24/12/2017 06:05,02/01/2018,WINTER15
ZA-00012298,ZAC0000135,20/12/2017 17:21,COMPLETE,21/12/2017 13:11,28/12/2017 13:22,24/12/2017,
ZA-00012299,ZAC0007797,20/12/2017 16:31,RETURNED,22/12/2017 04:20,29/12/2017 15:01,26/12/2017,BULK20
ZA-00012300,ZAC0001491,20/12/2017 22:29,COMPLETE,22/12/2017 13:35,28/12/2017 14:27,27/12/2017,
ZA-00012301,ZAC0009947,20/12/2017 15:35,COMPLETE,21/12/2017 02:26,27/12/2017 19:52,31/12/2017,
ZA-00012302,ZAC0019648,20/12/2017 20:06,COMPLETE,21/12/2017 00:14,24/12/2017 17:18,28/12/2017,LOYAL5
ZA-00012303,ZAC0017187,20/12/2017 16:14,COMPLETE,21/12/2017 13:17,24/12/2017 10:47,25/12/2017,
ZA-00012304,ZAC0023206,20/12/2017 07:20,COMPLETE,21/12/2017 10:21,23/12/2017 09:54,25/12/2017,
ZA-00012305,ZAC0008682,20/12/2017 21:58,COMPLETE,21/12/2017 12:23,27/12/2017 07:56,28/12/2017,
ZA-00012306,ZAC0015934,20/12/2017 20:31,COMPLETE,22/12/2017 08:01,26/12/2017 18:38,29/12/2017,
ZA-00012307,ZAC0009271,20/12/2017 22:59,COMPLETE,21/12/2017 01:21,26/12/2017 13:29,24/12/2017,
ZA-00012308,ZAC0021101,20/12/2017 22:55,COMPLETE,24/12/2017 22:11,01/01/2018 22:30,31/12/2017,
ZA-00012309,ZAC0019613,20/12/2017 21:49,COMPLETE,24/12/2017 06:31,25/12/2017 21:27,28/12/2017,
ZA-00012310,ZAC0012620,20/12/2017 16:16,COMPLETE,25/12/2017 01:17,01/01/2018 13:58,01/01/2018,
ZA-00012311,ZAC0017415,20/12/2017 21:56,COMPLETE,21/12/2017 17:53,22/12/2017 21:01,28/12/2017,
ZA-00012312,ZAC0019942,20/12/2017 16:10,COMPLETE,21/12/2017 17:24,01/01/2018 03:19,31/12/2017,
ZA-00012313,ZAC0004931,20/12/2017 10:38,COMPLETE,22/12/2017 18:08,27/12/2017 11:11,27/12/2017,LOYAL5
ZA-00012314,ZAC0006768,20/12/2017 06:16,COMPLETE,21/12/2017 11:47,02/01/2018 10:39,28/12/2017,
ZA-00012315,ZAC0000599,20/12/2017 20:18,COMPLETE,21/12/2017 15:54,23/12/2017 16:02,24/12/2017,
ZA-00012316,ZAC0016049,20/12/2017 08:03,COMPLETE,21/12/2017 07:03,25/12/2017 02:40,26/12/2017,LOYAL5
ZA-00012317,ZAC0012709,20/12/2017 07:24,COMPLETE,21/12/2017 04:03,25/12/2017 05:42,28/12/2017,
ZA-00012318,ZAC0023979,20/12/2017 20:56,COMPLETE,21/12/2017 15:50,26/12/2017 20:18,25/12/2017,BULK20
ZA-00012319,ZAC0005442,20/12/2017 11:32,COMPLETE,23/12/2017 10:24,27/12/2017 00:46,02/01/2018,
ZA-00012320,ZAC0008907,20/12/2017 16:12,COMPLETE,22/12/2017 13:21,24/12/2017 11:29,26/12/2017,LOYAL5
ZA-00012321,ZAC0016777,20/12/2017 09:05,COMPLETE,24/12/2017 21:19,27/12/2017 21:35,31/12/2017,LOYAL5
ZA-00012322,ZAC0016328,20/12/2017 20:56,COMPLETE,21/12/2017 04:15,26/12/2017 15:08,25/12/2017,
ZA-00012323,ZAC0004403,20/12/2017 15:15,COMPLETE,22/12/2017 21:37,30/12/2017 09:16,27/12/2017,
ZA-00012324,ZAC0023715,20/12/2017 16:22,COMPLETE,21/12/2017 09:38,29/12/2017 08:25,26/12/2017,
ZA-00012325,ZAC0000733,20/12/2017 21:04,COMPLETE,22/12/2017 23:37,24/12/2017 12:03,29/12/2017,FLASH25
ZA-00012326,ZAC0018835,20/12/2017 09:07,COMPLETE,22/12/2017 10:47,27/12/2017 10:42,27/12/2017,
ZA-00012327,ZAC0001744,20/12/2017 14:23,COMPLETE,25/12/2017 00:52,28/12/2017 01:00,01/01/2018,
ZA-00012328,ZAC0007831,20/12/2017 06:27,COMPLETE,20/12/2017 22:31,25/12/2017 02:43,24/12/2017,
ZA-00012329,ZAC0012847,20/12/2017 16:32,CANCELLED,,,,
ZA-00012330,ZAC0010260,20/12/2017 12:46,COMPLETE,21/12/2017 06:57,22/12/2017 08:17,24/12/2017,BULK20
ZA-00012331,ZAC0002360,20/12/2017 13:32,COMPLETE,21/12/2017 04:59,24/12/2017 05:28,25/12/2017,BULK20
ZA-00012332,ZAC0006569,20/12/2017 12:48,COMPLETE,21/12/2017 14:17,23/12/2017 03:07,24/12/2017,WINTER15
ZA-00012333,ZAC0005024,21/12/2017 09:53,DISPATCHED,24/12/2017 02:08,,29/12/2017,
ZA-00012334,ZAC0001554,21/12/2017 12:45,PENDING,,,,
ZA-00012335,ZAC0005715,21/12/2017 07:04,COMPLETE,24/12/2017 01:54,25/12/2017 08:46,27/12/2017,
ZA-00012336,ZAC0004286,21/12/2017 08:56,COMPLETE,22/12/2017 18:35,25/12/2017 02:25,29/12/2017,
ZA-00012337,ZAC0007104,21/12/2017 21:41,DISPATCHED,23/12/2017 08:06,,27/12/2017,
ZA-00012338,ZAC0009100,21/12/2017 19:00,DISPATCHED,25/12/2017 23:56,,30/12/2017,WINTER15
ZA-00012339,ZAC0020302,21/12/2017 16:46,DISPATCHED,23/12/2017 13:44,,26/12/2017,
ZA-00012340,ZAC0000061,21/12/2017 18:01,COMPLETE,23/12/2017 03:32,29/12/2017 00:50,28/12/2017,
ZA-00012341,ZAC0021892,21/12/2017 12:18,COMPLETE,23/12/2017 19:16,24/12/2017 18:04,27/12/2017,WELCOME10
ZA-00012342,ZAC0008417,21/12/2017 14:59,COMPLETE,22/12/2017 22:19,02/01/2018 16:58,25/12/2017,
ZA-00012343,ZAC0023164,21/12/2017 08:14,COMPLETE,24/12/2017 08:55,31/12/2017 02:00,31/12/2017,
ZA-00012344,ZAC0018299,21/12/2017 07:24,CANCELLED,,,,
ZA-00012345,ZAC0011986,21/12/2017 10:57,COMPLETE,23/12/2017 11:13,28/12/2017 13:40,26/12/2017,
ZA-00012346,ZAC0004322,21/12/2017 08:00,COMPLETE,25/12/2017 21:36,30/12/2017 05:29,28/12/2017,BULK20
ZA-00012347,ZAC0001976,21/12/2017 15:10,COMPLETE,23/12/2017 20:47,06/01/2018 20:16,28/12/2017,
ZA-00012348,ZAC0002900,21/12/2017 17:33,COMPLETE,25/12/2017 08:51,29/12/2017 19:46,30/12/2017,
ZA-00012349,ZAC0004919,21/12/2017 20:37,COMPLETE,26/12/2017 13:15,31/12/2017 22:00,30/12/2017,
ZA-00012350,ZAC0004366,21/12/2017 08:33,DISPATCHED,23/12/2017 07:25,,27/12/2017,
ZA-00012351,ZAC0019085,21/12/2017 18:03,COMPLETE,24/12/2017 05:59,26/12/2017 02:46,31/12/2017,
ZA-00012352,ZAC0016226,21/12/2017 16:07,COMPLETE,26/12/2017 13:33,30/12/2017 10:05,30/12/2017,
ZA-00012353,ZAC0022837,21/12/2017 06:09,COMPLETE,23/12/2017 22:35,28/12/2017 14:37,02/01/2018,LOYAL5
ZA-00012354,ZAC0013209,21/12/2017 08:37,COMPLETE,24/12/2017 08:52,25/12/2017 21:44,27/12/2017,
ZA-00012355,ZAC0003735,21/12/2017 07:56,COMPLETE,23/12/2017 23:13,02/01/2018 21:35,28/12/2017,
ZA-00012356,ZAC0013052,21/12/2017 11:25,COMPLETE,22/12/2017 01:19,26/12/2017 22:43,29/12/2017,
ZA-00012357,ZAC0016061,21/12/2017 09:07,COMPLETE,22/12/2017 21:44,26/12/2017 07:32,27/12/2017,FREESHIP
ZA-00012358,ZAC0009509,21/12/2017 21:12,DISPATCHED,22/12/2017 18:46,,29/12/2017,WELCOME10
ZA-00012359,ZAC0020313,21/12/2017 21:36,COMPLETE,22/12/2017 07:32,06/01/2018 09:38,27/12/2017,
ZA-00012360,ZAC0015991,21/12/2017 06:37,COMPLETE,23/12/2017 19:29,26/12/2017 14:48,27/12/2017,
ZA-00012361,ZAC0010403,21/12/2017 12:23,COMPLETE,24/12/2017 20:57,26/12/2017 00:46,28/12/2017,
ZA-00012362,ZAC0013435,21/12/2017 16:53,PENDING,,,,WELCOME10
ZA-00012363,ZAC0007077,21/12/2017 13:28,COMPLETE,23/12/2017 16:10,31/12/2017 13:20,27/12/2017,
ZA-00012364,ZAC0002003,21/12/2017 20:37,COMPLETE,25/12/2017 08:06,01/01/2018 11:45,30/12/2017,
ZA-00012365,ZAC0014200,21/12/2017 09:39,COMPLETE,23/12/2017 06:44,27/12/2017 09:33,27/12/2017,
ZA-00012366,ZAC0011259,21/12/2017 12:25,COMPLETE,24/12/2017 18:22,29/12/2017 13:38,31/12/2017,
ZA-00012367,ZAC0013401,21/12/2017 21:33,COMPLETE,23/12/2017 19:46,26/12/2017 01:16,26/12/2017,LOYAL5
ZA-00012368,ZAC0002817,21/12/2017 20:58,COMPLETE,23/12/2017 05:53,29/12/2017 07:02,28/12/2017,
ZA-00012369,ZAC0012174,21/12/2017 06:35,COMPLETE,22/12/2017 08:11,25/12/2017 09:00,01/01/2018,
ZA-00012370,ZAC0011795,21/12/2017 15:19,COMPLETE,23/12/2017 13:07,27/12/2017 13:22,27/12/2017,
ZA-00012371,ZAC0018302,21/12/2017 06:54,COMPLETE,24/12/2017 18:01,03/01/2018 09:10,28/12/2017,
ZA-00012372,ZAC0002331,21/12/2017 21:24,COMPLETE,23/12/2017 04:05,28/12/2017 17:29,30/12/2017,WELCOME10
ZA-00012373,ZAC0007635,21/12/2017 11:33,COMPLETE,26/12/2017 04:13,28/12/2017 23:44,31/12/2017,
ZA-00012374,ZAC0008165,21/12/2017 14:22,COMPLETE,22/12/2017 02:46,28/12/2017 14:20,27/12/2017,
ZA-00012375,ZAC0019918,21/12/2017 16:17,COMPLETE,22/12/2017 19:01,28/12/2017 12:00,27/12/2017,
ZA-00012376,ZAC0019777,21/12/2017 10:30,COMPLETE,22/12/2017 00:07,24/12/2017 06:55,29/12/2017,
ZA-00012377,ZAC0010519,21/12/2017 14:37,DISPATCHED,22/12/2017 03:24,,25/12/2017,
ZA-00012378,ZAC0016215,21/12/2017 16:05,COMPLETE,24/12/2017 17:36,25/12/2017 19:00,27/12/2017,
ZA-00012379,ZAC0001475,21/12/2017 12:08,COMPLETE,21/12/2017 18:25,24/12/2017 01:14,25/12/2017,
ZA-00012380,ZAC0005805,21/12/2017 09:30,COMPLETE,23/12/2017 02:47,29/12/2017 17:40,26/12/2017,
ZA-00012381,ZAC0014526,21/12/2017 18:07,COMPLETE,23/12/2017 00:18,25/12/2017 21:47,30/12/2017,
ZA-00012382,ZAC0019649,22/12/2017 21:34,COMPLETE,25/12/2017 06:22,28/12/2017 16:22,28/12/2017,
ZA-00012383,ZAC0021733,22/12/2017 06:37,COMPLETE,22/12/2017 15:08,30/12/2017 12:46,29/12/2017,
ZA-00012384,ZAC0023618,22/12/2017 11:28,DISPATCHED,26/12/2017 08:13,,29/12/2017,
ZA-00012385,ZAC0009017,22/12/2017 08:49,COMPLETE,26/12/2017 03:58,30/12/2017 00:40,02/01/2018,WINTER15
ZA-00012386,ZAC0001060,22/12/2017 20:41,COMPLETE,25/12/2017 10:04,01/01/2018 00:14,29/12/2017,
ZA-00012387,ZAC0003841,22/12/2017 06:43,COMPLETE,23/12/2017 11:47,25/12/2017 21:29,30/12/2017,
ZA-00012388,ZAC0007896,22/12/2017 18:49,COMPLETE,28/12/2017 12:18,01/01/2018 21:37,02/01/2018,
ZA-00012389,ZAC0018569,22/12/2017 17:12,COMPLETE,24/12/2017 07:07,06/01/2018 07:56,31/12/2017,FLASH25
ZA-00012390,ZAC0017471,22/12/2017 09:40,COMPLETE,25/12/2017 10:53,29/12/2017 04:52,28/12/2017,FLASH25
ZA-00012391,ZAC0002471,22/12/2017 21:40,COMPLETE,26/12/2017 03:58,31/12/2017 09:42,29/12/2017,FREESHIP
ZA-00012392,ZAC0010149,22/12/2017 11:54,COMPLETE,24/12/2017 01:05,26/12/2017 23:13,29/12/2017,FLASH25
ZA-00012393,ZAC0013676,22/12/2017 17:59,COMPLETE,24/12/2017 03:49,27/12/2017 05:23,28/12/2017,
ZA-00012394,ZAC0011872,22/12/2017 10:58,COMPLETE,22/12/2017 20:15,25/12/2017 12:38,01/01/2018,
ZA-00012395,ZAC0013058,22/12/2017 10:59,COMPLETE,24/12/2017 01:29,27/12/2017 04:05,27/12/2017,WELCOME10
ZA-00012396,ZAC0005797,22/12/2017 06:45,COMPLETE,22/12/2017 18:38,23/12/2017 14:59,29/12/2017,
ZA-00012397,ZAC0014394,22/12/2017 21:45,COMPLETE,24/12/2017 15:26,27/12/2017 21:34,31/12/2017,WELCOME10
ZA-00012398,ZAC0023607,22/12/2017 22:59,PENDING,,,,
ZA-00012399,ZAC0016768,22/12/2017 09:03,COMPLETE,25/12/2017 10:46,29/12/2017 19:55,29/12/2017,
ZA-00012400,ZAC0021788,22/12/2017 22:39,COMPLETE,23/12/2017 11:53,30/12/2017 22:19,30/12/2017,
ZA-00012401,ZAC0019370,22/12/2017 14:40,PENDING,,,,
ZA-00012402,ZAC0020186,22/12/2017 16:40,RETURNED,30/12/2017 20:29,02/01/2018 21:16,06/01/2018,
ZA-00012403,ZAC0013914,22/12/2017 22:09,COMPLETE,26/12/2017 06:21,30/12/2017 18:25,02/01/2018,
ZA-00012404,ZAC0019000,22/12/2017 07:25,COMPLETE,27/12/2017 01:14,02/01/2018 16:19,03/01/2018,FREESHIP
ZA-00012405,ZAC0006701,22/12/2017 18:48,COMPLETE,24/12/2017 07:40,26/12/2017 04:53,28/12/2017,
ZA-00012406,ZAC0015655,22/12/2017 22:33,COMPLETE,23/12/2017 14:26,31/12/2017 21:44,30/12/2017,LOYAL5
ZA-00012407,ZAC0008277,22/12/2017 15:10,COMPLETE,25/12/2017 13:12,30/12/2017 03:40,29/12/2017,
ZA-00012408,ZAC0005362,22/12/2017 17:26,COMPLETE,27/12/2017 19:19,31/12/2017 11:59,30/12/2017,
ZA-00012409,ZAC0016006,22/12/2017 08:03,COMPLETE,25/12/2017 03:14,28/12/2017 14:06,28/12/2017,
ZA-00012410,ZAC0007010,22/12/2017 16:38,DISPATCHED,23/12/2017 21:39,,26/12/2017,
ZA-00012411,ZAC0009451,22/12/2017 21:48,COMPLETE,23/12/2017 23:55,28/12/2017 23:46,28/12/2017,
ZA-00012412,ZAC0007989,22/12/2017 22:28,COMPLETE,24/12/2017 08:02,29/12/2017 18:14,28/12/2017,
ZA-00012413,ZAC0019732,22/12/2017 18:46,COMPLETE,23/12/2017 09:33,30/12/2017 23:35,27/12/2017,
ZA-00012414,ZAC0016052,22/12/2017 10:27,COMPLETE,23/12/2017 09:11,29/12/2017 19:50,27/12/2017,
ZA-00012415,ZAC0018135,22/12/2017 16:42,COMPLETE,26/12/2017 10:31,31/12/2017 15:07,31/12/2017,
ZA-00012416,ZAC0009348,22/12/2017 13:46,COMPLETE,25/12/2017 16:24,31/12/2017 05:34,28/12/2017,
ZA-00012417,ZAC0018869,22/12/2017 19:12,COMPLETE,24/12/2017 09:42,31/12/2017 19:36,31/12/2017,WINTER15
ZA-00012418,ZAC0013433,22/12/2017 21:45,COMPLETE,25/12/2017 16:11,27/12/2017 20:09,29/12/2017,
ZA-00012419,ZAC0011198,22/12/2017 15:31,COMPLETE,27/12/2017 17:18,06/01/2018 07:47,31/12/2017,
ZA-00012420,ZAC0022287,22/12/2017 07:14,COMPLETE,22/12/2017 12:13,25/12/2017 04:54,29/12/2017,
ZA-00012421,ZAC0020333,22/12/2017 14:15,COMPLETE,24/12/2017 09:06,26/12/2017 18:07,28/12/2017,
ZA-00012422,ZAC0017062,22/12/2017 09:09,COMPLETE,25/12/2017 07:12,31/12/2017 02:33,01/01/2018,
ZA-00012423,ZAC0012333,22/12/2017 09:48,COMPLETE,23/12/2017 07:01,23/12/2017 23:41,27/12/2017,FREESHIP
ZA-00012424,ZAC0023611,22/12/2017 20:53,COMPLETE,29/12/2017 05:22,30/12/2017 17:38,01/01/2018,WELCOME10
ZA-00012425,ZAC0000128,22/12/2017 17:29,COMPLETE,28/12/2017 11:27,02/01/2018 00:25,04/01/2018,
ZA-00012426,ZAC0009251,22/12/2017 08:27,COMPLETE,23/12/2017 17:13,31/12/2017 15:55,30/12/2017,
ZA-00012427,ZAC0023305,22/12/2017 13:05,COMPLETE,25/12/2017 01:46,28/12/2017 03:05,01/01/2018,
ZA-00012428,ZAC0014370,22/12/2017 15:56,COMPLETE,24/12/2017 01:39,24/12/2017 15:42,31/12/2017,
ZA-00012429,ZAC0000052,22/12/2017 19:24,COMPLETE,28/12/2017 12:01,02/01/2018 05:16,02/01/2018,
ZA-00012430,ZAC0001716,22/12/2017 17:05,COMPLETE,24/12/2017 14:15,28/12/2017 04:59,28/12/2017,
ZA-00012431,ZAC0015840,22/12/2017 18:46,COMPLETE,24/12/2017 01:17,29/12/2017 09:27,28/12/2017,
ZA-00012432,ZAC0021481,22/12/2017 16:32,COMPLETE,25/12/2017 05:36,28/12/2017 04:36,30/12/2017,
ZA-00012433,ZAC0003182,22/12/2017 19:44,COMPLETE,23/12/2017 22:20,25/12/2017 07:14,27/12/2017,LOYAL5
ZA-00012434,ZAC0014081,22/12/2017 17:29,COMPLETE,25/12/2017 12:10,30/12/2017 05:50,29/12/2017,
ZA-00012435,ZAC0014190,22/12/2017 14:26,COMPLETE,25/12/2017 07:58,26/12/2017 14:26,30/12/2017,
ZA-00012436,ZAC0000817,22/12/2017 08:43,COMPLETE,23/12/2017 17:52,25/12/2017 08:38,28/12/2017,
ZA-00012437,ZAC0023245,22/12/2017 11:04,COMPLETE,23/12/2017 21:14,25/12/2017 19:43,26/12/2017,
ZA-00012438,ZAC0021108,22/12/2017 09:24,COMPLETE,22/12/2017 17:38,25/12/2017 22:25,26/12/2017,
ZA-00012439,ZAC0018915,22/12/2017 13:35,COMPLETE,25/12/2017 22:31,29/12/2017 01:16,30/12/2017,
ZA-00012440,ZAC0018148,22/12/2017 15:14,COMPLETE,24/12/2017 22:09,01/01/2018 09:05,28/12/2017,
ZA-00012441,ZAC0019939,22/12/2017 18:24,COMPLETE,27/12/2017 02:37,04/01/2018 12:47,01/01/2018,BULK20
ZA-00012442,ZAC0013562,22/12/2017 17:07,COMPLETE,25/12/2017 08:35,27/12/2017 22:19,29/12/2017,
ZA-00012443,ZAC0021786,22/12/2017 12:42,COMPLETE,24/12/2017 16:10,27/12/2017 18:55,28/12/2017,
ZA-00012444,ZAC0020257,22/12/2017 20:57,COMPLETE,25/12/2017 07:11,31/12/2017 22:49,28/12/2017,
ZA-00012445,ZAC0019473,22/12/2017 07:08,COMPLETE,23/12/2017 02:12,24/12/2017 08:06,28/12/2017,
ZA-00012446,ZAC0022260,22/12/2017 07:09,COMPLETE,01/01/2018 19:55,06/01/2018 15:55,06/01/2018,
ZA-00012447,ZAC0005060,22/12/2017 12:51,CANCELLED,,,,
ZA-00012448,ZAC0003984,22/12/2017 21:13,COMPLETE,24/12/2017 08:19,26/12/2017 04:52,29/12/2017,
ZA-00012449,ZAC0011225,22/12/2017 14:45,COMPLETE,23/12/2017 15:46,28/12/2017 13:52,30/12/2017,
ZA-00012450,ZAC0007354,22/12/2017 19:07,COMPLETE,27/12/2017 22:46,29/12/2017 14:00,31/12/2017,
ZA-00012451,ZAC0004854,23/12/2017 09:54,COMPLETE,24/12/2017 17:52,05/01/2018 05:01,28/12/2017,
ZA-00012452,ZAC0008997,23/12/2017 14:03,COMPLETE,27/12/2017 17:44,03/01/2018 11:02,03/01/2018,
ZA-00012453,ZAC0008466,23/12/2017 16:13,COMPLETE,24/12/2017 00:23,03/01/2018 03:47,28/12/2017,
ZA-00012454,ZAC0012169,23/12/2017 09:31,COMPLETE,23/12/2017 23:08,06/01/2018 15:31,30/12/2017,
ZA-00012455,ZAC0015961,23/12/2017 19:35,COMPLETE,27/12/2017 03:29,31/12/2017 07:48,31/12/2017,
ZA-00012456,ZAC0022639,23/12/2017 18:41,COMPLETE,25/12/2017 14:06,30/12/2017 22:29,29/12/2017,
ZA-00012457,ZAC0011837,23/12/2017 17:21,COMPLETE,28/12/2017 23:58,01/01/2018 12:10,31/12/2017,
ZA-00012458,ZAC0002471,23/12/2017 14:37,CANCELLED,,,,
ZA-00012459,ZAC0014699,23/12/2017 16:11,COMPLETE,25/12/2017 01:44,28/12/2017 11:33,29/12/2017,
ZA-00012460,ZAC0004634,23/12/2017 15:05,COMPLETE,24/12/2017 16:44,31/12/2017 10:25,27/12/2017,FREESHIP
ZA-00012461,ZAC0011169,23/12/2017 16:51,COMPLETE,26/12/2017 08:47,29/12/2017 16:28,02/01/2018,
ZA-00012462,ZAC0002803,23/12/2017 06:29,COMPLETE,24/12/2017 08:22,28/12/2017 06:43,29/12/2017,
ZA-00012463,ZAC0010375,23/12/2017 14:13,COMPLETE,26/12/2017 00:14,27/12/2017 10:11,30/12/2017,
ZA-00012464,ZAC0001476,23/12/2017 18:12,COMPLETE,25/12/2017 15:17,28/12/2017 12:06,29/12/2017,
ZA-00012465,ZAC0001343,23/12/2017 18:32,COMPLETE,30/12/2017 01:38,30/12/2017 07:52,02/01/2018,
ZA-00012466,ZAC0017643,23/12/2017 08:47,COMPLETE,26/12/2017 06:12,04/01/2018 11:44,29/12/2017,
ZA-00012467,ZAC0016725,23/12/2017 11:42,COMPLETE,24/12/2017 05:49,26/12/2017 04:26,03/01/2018,FLASH25
ZA-00012468,ZAC0015376,23/12/2017 19:11,COMPLETE,25/12/2017 03:10,26/12/2017 10:48,01/01/2018,
ZA-00012469,ZAC0013413,23/12/2017 10:31,COMPLETE,25/12/2017 10:45,25/12/2017 23:03,29/12/2017,
ZA-00012470,ZAC0010907,23/12/2017 09:11,COMPLETE,25/12/2017 09:23,30/12/2017 06:41,29/12/2017,
ZA-00012471,ZAC0001028,23/12/2017 10:00,COMPLETE,23/12/2017 21:33,31/12/2017 18:55,30/12/2017,
ZA-00012472,ZAC0002222,23/12/2017 20:03,COMPLETE,27/12/2017 01:45,28/12/2017 21:37,01/01/2018,
ZA-00012473,ZAC0020102,23/12/2017 20:29,COMPLETE,26/12/2017 16:50,31/12/2017 15:42,29/12/2017,
ZA-00012474,ZAC0003936,23/12/2017 16:19,COMPLETE,26/12/2017 04:10,02/01/2018 13:24,31/12/2017,
ZA-00012475,ZAC0003471,23/12/2017 12:13,COMPLETE,26/12/2017 04:31,27/12/2017 23:05,29/12/2017,
ZA-00012476,ZAC0009026,23/12/2017 15:03,COMPLETE,26/12/2017 02:50,28/12/2017 13:20,30/12/2017,
ZA-00012477,ZAC0017601,23/12/2017 16:51,COMPLETE,25/12/2017 00:49,28/12/2017 16:19,01/01/2018,
ZA-00012478,ZAC0003412,23/12/2017 12:28,COMPLETE,26/12/2017 05:14,29/12/2017 15:25,31/12/2017,
ZA-00012479,ZAC0013278,23/12/2017 13:57,COMPLETE,26/12/2017 00:19,01/01/2018 16:50,30/12/2017,FLASH25
ZA-00012480,ZAC0000109,23/12/2017 22:19,CANCELLED,,,,FREESHIP
ZA-00012481,ZAC0023979,23/12/2017 16:14,COMPLETE,26/12/2017 08:33,28/12/2017 00:07,30/12/2017,
ZA-00012482,ZAC0020818,23/12/2017 14:09,COMPLETE,26/12/2017 07:55,02/01/2018 11:03,02/01/2018,
ZA-00012483,ZAC0013979,23/12/2017 10:37,PENDING,,,,
ZA-00012484,ZAC0021231,23/12/2017 13:42,COMPLETE,24/12/2017 20:40,29/12/2017 22:45,28/12/2017,
ZA-00012485,ZAC0016563,23/12/2017 17:53,COMPLETE,26/12/2017 21:28,31/12/2017 00:34,30/12/2017,
ZA-00012486,ZAC0012551,23/12/2017 09:57,COMPLETE,25/12/2017 11:13,02/01/2018 20:33,01/01/2018,
ZA-00012487,ZAC0012324,23/12/2017 07:28,COMPLETE,28/12/2017 20:16,05/01/2018 19:33,02/01/2018,
ZA-00012488,ZAC0010511,23/12/2017 10:37,COMPLETE,24/12/2017 19:37,27/12/2017 00:05,31/12/2017,
ZA-00012489,ZAC0004240,23/12/2017 11:17,COMPLETE,25/12/2017 15:44,30/12/2017 01:58,29/12/2017,
ZA-00012490,ZAC0020594,23/12/2017 07:33,COMPLETE,01/01/2018 19:07,07/01/2018 11:07,05/01/2018,
ZA-00012491,ZAC0012433,23/12/2017 07:25,COMPLETE,23/12/2017 18:55,29/12/2017 08:45,27/12/2017,
ZA-00012492,ZAC0017864,23/12/2017 06:10,COMPLETE,24/12/2017 16:59,27/12/2017 22:32,29/12/2017,
ZA-00012493,ZAC0002840,23/12/2017 15:46,COMPLETE,25/12/2017 04:38,27/12/2017 13:41,01/01/2018,
ZA-00012494,ZAC0004780,23/12/2017 20:29,COMPLETE,26/12/2017 00:34,29/12/2017 08:48,29/12/2017,WINTER15
ZA-00012495,ZAC0019572,23/12/2017 17:06,COMPLETE,25/12/2017 02:45,28/12/2017 02:58,28/12/2017,LOYAL5
ZA-00012496,ZAC0011049,23/12/2017 09:43,COMPLETE,26/12/2017 12:37,30/12/2017 23:05,05/01/2018,
ZA-00012497,ZAC0016680,23/12/2017 20:31,COMPLETE,24/12/2017 23:07,05/01/2018 20:58,28/12/2017,
ZA-00012498,ZAC0007749,23/12/2017 09:24,COMPLETE,23/12/2017 21:45,26/12/2017 07:26,26/12/2017,
ZA-00012499,ZAC0012226,23/12/2017 15:54,COMPLETE,25/12/2017 06:55,31/12/2017 21:44,29/12/2017,
ZA-00012500,ZAC0013688,23/12/2017 17:40,COMPLETE,24/12/2017 17:08,04/01/2018 16:35,31/12/2017,
ZA-00012501,ZAC0010335,23/12/2017 20:40,COMPLETE,27/12/2017 02:14,12/01/2018 14:36,03/01/2018,FLASH25
ZA-00012502,ZAC0014832,23/12/2017 22:25,PENDING,,,,WINTER15
ZA-00012503,ZAC0008314,23/12/2017 16:45,COMPLETE,24/12/2017 16:23,03/01/2018 07:20,27/12/2017,
ZA-00012504,ZAC0003313,23/12/2017 11:41,COMPLETE,24/12/2017 21:17,30/12/2017 03:51,03/01/2018,LOYAL5
ZA-00012505,ZAC0004285,23/12/2017 18:35,COMPLETE,25/12/2017 17:04,30/12/2017 07:09,29/12/2017,
ZA-00012506,ZAC0004128,23/12/2017 15:56,COMPLETE,26/12/2017 06:53,31/12/2017 15:29,31/12/2017,LOYAL5
ZA-00012507,ZAC0019879,23/12/2017 12:12,COMPLETE,25/12/2017 10:42,31/12/2017 23:08,04/01/2018,LOYAL5
ZA-00012508,ZAC0002386,23/12/2017 20:37,COMPLETE,24/12/2017 02:50,28/12/2017 10:47,31/12/2017,BULK20
ZA-00012509,ZAC0020149,23/12/2017 16:39,COMPLETE,27/12/2017 11:46,03/01/2018 08:49,01/01/2018,BULK20
ZA-00012510,ZAC0017563,23/12/2017 18:29,COMPLETE,25/12/2017 05:25,01/01/2018 15:25,04/01/2018,
ZA-00012511,ZAC0019099,23/12/2017 07:34,COMPLETE,28/12/2017 01:53,02/01/2018 22:06,02/01/2018,
ZA-00012512,ZAC0011735,23/12/2017 07:41,COMPLETE,26/12/2017 03:17,31/12/2017 02:29,02/01/2018,
ZA-00012513,ZAC0019803,23/12/2017 14:57,COMPLETE,24/12/2017 08:43,28/12/2017 05:24,27/12/2017,
ZA-00012514,ZAC0002377,23/12/2017 06:02,COMPLETE,24/12/2017 19:14,02/01/2018 18:45,27/12/2017,LOYAL5
ZA-00012515,ZAC0009107,23/12/2017 14:52,COMPLETE,25/12/2017 04:58,09/01/2018 11:28,29/12/2017,
ZA-00012516,ZAC0003181,23/12/2017 17:49,COMPLETE,26/12/2017 19:18,31/12/2017 05:35,31/12/2017,WINTER15
ZA-00012517,ZAC0008773,23/12/2017 19:36,COMPLETE,24/12/2017 18:24,28/12/2017 01:37,28/12/2017,
ZA-00012518,ZAC0005787,23/12/2017 11:23,COMPLETE,24/12/2017 00:34,26/12/2017 00:47,28/12/2017,
ZA-00012519,ZAC0019512,23/12/2017 22:45,COMPLETE,25/12/2017 02:15,27/12/2017 13:21,28/12/2017,
ZA-00012520,ZAC0005375,24/12/2017 10:33,COMPLETE,24/12/2017 19:49,03/01/2018 02:01,29/12/2017,WELCOME10
ZA-00012521,ZAC0020374,24/12/2017 15:04,COMPLETE,27/12/2017 20:20,31/12/2017 23:38,30/12/2017,
ZA-00012522,ZAC0014249,24/12/2017 09:31,COMPLETE,24/12/2017 16:00,27/12/2017 17:06,31/12/2017,
ZA-00012523,ZAC0001995,24/12/2017 17:57,COMPLETE,26/12/2017 04:19,31/12/2017 07:02,31/12/2017,
ZA-00012524,ZAC0014293,24/12/2017 18:23,COMPLETE,26/12/2017 10:57,30/12/2017 11:58,29/12/2017,
ZA-00012525,ZAC0008321,24/12/2017 22:38,COMPLETE,26/12/2017 12:55,04/01/2018 19:37,31/12/2017,
ZA-00012526,ZAC0004012,24/12/2017 19:31,COMPLETE,26/12/2017 14:14,27/12/2017 15:25,31/12/2017,
ZA-00012527,ZAC0005104,24/12/2017 13:02,COMPLETE,27/12/2017 19:02,01/01/2018 12:13,30/12/2017,
ZA-00012528,ZAC0002947,24/12/2017 08:24,COMPLETE,26/12/2017 19:36,28/12/2017 15:09,29/12/2017,
ZA-00012529,ZAC0015995,24/12/2017 11:04,COMPLETE,25/12/2017 17:19,29/12/2017 02:47,29/12/2017,FLASH25
ZA-00012530,ZAC0010529,24/12/2017 20:51,COMPLETE,25/12/2017 13:06,28/12/2017 12:56,28/12/2017,
ZA-00012531,ZAC0011611,24/12/2017 06:23,COMPLETE,27/12/2017 21:47,29/12/2017 20:04,31/12/2017,
ZA-00012532,ZAC0018422,24/12/2017 19:45,COMPLETE,27/12/2017 12:07,29/12/2017 14:25,30/12/2017,WELCOME10
ZA-00012533,ZAC0017359,24/12/2017 22:59,COMPLETE,25/12/2017 18:34,27/12/2017 21:40,29/12/2017,LOYAL5
ZA-00012534,ZAC0012493,24/12/2017 10:35,COMPLETE,25/12/2017 16:13,30/12/2017 20:48,04/01/2018,
ZA-00012535,ZAC0006054,24/12/2017 16:43,COMPLETE,27/12/2017 11:59,30/12/2017 12:24,30/12/2017,
ZA-00012536,ZAC0012252,24/12/2017 09:06,COMPLETE,25/12/2017 04:34,29/12/2017 07:24,28/12/2017,
ZA-00012537,ZAC0009295,24/12/2017 19:45,COMPLETE,28/12/2017 08:34,30/12/2017 21:41,04/01/2018,
ZA-00012538,ZAC0010573,24/12/2017 19:52,COMPLETE,26/12/2017 21:56,29/12/2017 12:12,30/12/2017,
ZA-00012539,ZAC0004852,24/12/2017 19:21,COMPLETE,26/12/2017 11:56,27/12/2017 09:34,05/01/2018,WELCOME10
ZA-00012540,ZAC0006547,24/12/2017 16:53,COMPLETE,27/12/2017 07:05,01/01/2018 13:32,30/12/2017,LOYAL5
ZA-00012541,ZAC0006576,24/12/2017 13:25,COMPLETE,25/12/2017 11:35,02/01/2018 13:02,30/12/2017,
ZA-00012542,ZAC0023582,24/12/2017 22:38,RETURNED,28/12/2017 03:45,01/01/2018 21:52,02/01/2018,
ZA-00012543,ZAC0014534,24/12/2017 11:13,COMPLETE,26/12/2017 21:52,30/12/2017 15:17,29/12/2017,
ZA-00012544,ZAC0004385,24/12/2017 15:12,COMPLETE,26/12/2017 22:58,28/12/2017 22:43,30/12/2017,
ZA-00012545,ZAC0018966,24/12/2017 19:27,COMPLETE,27/12/2017 14:06,05/01/2018 12:01,03/01/2018,
ZA-00012546,ZAC0003532,24/12/2017 12:42,COMPLETE,26/12/2017 01:19,31/12/2017 04:37,29/12/2017,
ZA-00012547,ZAC0018940,24/12/2017 17:22,COMPLETE,26/12/2017 02:46,28/12/2017 05:39,02/01/2018,
ZA-00012548,ZAC0004201,24/12/2017 13:10,CANCELLED,,,,BULK20
ZA-00012549,ZAC0014530,24/12/2017 12:18,COMPLETE,27/12/2017 04:39,29/12/2017 21:05,31/12/2017,WELCOME10
ZA-00012550,ZAC0017853,24/12/2017 13:01,COMPLETE,26/12/2017 08:18,30/12/2017 19:23,31/12/2017,
ZA-00012551,ZAC0005956,24/12/2017 12:03,COMPLETE,27/12/2017 09:33,31/12/2017 14:28,06/01/2018,WELCOME10
ZA-00012552,ZAC0021235,24/12/2017 12:22,COMPLETE,29/12/2017 11:36,01/01/2018 04:03,03/01/2018,
ZA-00012553,ZAC0002572,24/12/2017 11:13,COMPLETE,26/12/2017 00:03,05/01/2018 15:04,02/01/2018,
ZA-00012554,ZAC0015834,24/12/2017 09:36,COMPLETE,25/12/2017 17:41,29/12/2017 23:13,28/12/2017,
ZA-00012555,ZAC0016108,24/12/2017 20:25,COMPLETE,27/12/2017 12:16,28/12/2017 16:05,01/01/2018,FREESHIP
ZA-00012556,ZAC0011719,24/12/2017 16:50,COMPLETE,27/12/2017 01:53,01/01/2018 21:14,31/12/2017,
ZA-00012557,ZAC0001495,24/12/2017 22:20,COMPLETE,26/12/2017 21:46,29/12/2017 10:41,02/01/2018,
ZA-00012558,ZAC0004606,24/12/2017 09:54,COMPLETE,26/12/2017 01:26,29/12/2017 08:41,31/12/2017,
ZA-00012559,ZAC0022129,24/12/2017 19:54,DISPATCHED,25/12/2017 13:59,,30/12/2017,
ZA-00012560,ZAC0011511,24/12/2017 22:17,COMPLETE,26/12/2017 20:34,31/12/2017 10:41,02/01/2018,
ZA-00012561,ZAC0006540,24/12/2017 07:41,COMPLETE,26/12/2017 22:57,31/12/2017 18:34,02/01/2018,
ZA-00012562,ZAC0003180,24/12/2017 13:15,DISPATCHED,26/12/2017 21:58,,31/12/2017,
ZA-00012563,ZAC0015671,24/12/2017 20:34,COMPLETE,26/12/2017 23:57,09/01/2018 02:02,30/12/2017,
ZA-00012564,ZAC0010820,24/12/2017 10:20,COMPLETE,28/12/2017 05:58,08/01/2018 14:39,31/12/2017,
ZA-00012565,ZAC0005864,24/12/2017 13:56,COMPLETE,28/12/2017 06:49,04/01/2018 15:39,31/12/2017,
ZA-00012566,ZAC0019088,24/12/2017 15:49,COMPLETE,25/12/2017 17:32,27/12/2017 05:45,28/12/2017,
ZA-00012567,ZAC0021422,24/12/2017 16:21,COMPLETE,25/12/2017 18:07,27/12/2017 20:55,28/12/2017,
ZA-00012568,ZAC0015743,24/12/2017 09:01,COMPLETE,24/12/2017 19:52,27/12/2017 08:26,03/01/2018,
ZA-00012569,ZAC0014998,24/12/2017 11:52,COMPLETE,28/12/2017 11:34,01/01/2018 14:47,31/12/2017,
ZA-00012570,ZAC0014404,24/12/2017 14:21,COMPLETE,27/12/2017 16:32,29/12/2017 04:50,30/12/2017,FLASH25
ZA-00012571,ZAC0007822,24/12/2017 22:21,COMPLETE,27/12/2017 12:33,31/12/2017 13:31,03/01/2018,BULK20
ZA-00012572,ZAC0020735,24/12/2017 09:21,COMPLETE,24/12/2017 19:03,29/12/2017 00:12,27/12/2017,BULK20
ZA-00012573,ZAC0012277,24/12/2017 09:56,COMPLETE,26/12/2017 03:05,27/12/2017 12:13,31/12/2017,
ZA-00012574,ZAC0019676,24/12/2017 08:42,COMPLETE,25/12/2017 08:41,27/12/2017 01:20,01/01/2018,
ZA-00012575,ZAC0013690,24/12/2017 07:56,DISPATCHED,25/12/2017 19:59,,30/12/2017,
ZA-00012576,ZAC0000347,24/12/2017 12:13,COMPLETE,26/12/2017 03:42,28/12/2017 04:17,29/12/2017,
ZA-00012577,ZAC0011883,24/12/2017 22:14,RETURNED,28/12/2017 11:06,03/01/2018 02:13,31/12/2017,FLASH25
ZA-00012578,ZAC0007718,24/12/2017 15:39,RETURNED,26/12/2017 15:47,01/01/2018 17:17,30/12/2017,BULK20
ZA-00012579,ZAC0012670,24/12/2017 15:16,COMPLETE,26/12/2017 00:27,27/12/2017 22:16,02/01/2018,
ZA-00012580,ZAC0003610,24/12/2017 08:35,COMPLETE,25/12/2017 14:50,28/12/2017 09:55,28/12/2017,
ZA-00012581,ZAC0015157,24/12/2017 19:57,COMPLETE,26/12/2017 16:27,03/01/2018 12:52,30/12/2017,
ZA-00012582,ZAC0008410,24/12/2017 11:44,COMPLETE,28/12/2017 21:05,30/12/2017 22:42,02/01/2018,
ZA-00012583,ZAC0013291,24/12/2017 17:00,COMPLETE,28/12/2017 16:24,29/12/2017 23:30,31/12/2017,
ZA-00012584,ZAC0008171,24/12/2017 10:21,COMPLETE,24/12/2017 21:52,29/12/2017 02:07,28/12/2017,FLASH25
ZA-00012585,ZAC0012446,24/12/2017 11:59,COMPLETE,28/12/2017 19:01,01/01/2018 02:44,04/01/2018,
ZA-00012586,ZAC0017079,24/12/2017 14:12,COMPLETE,26/12/2017 04:17,05/01/2018 16:13,30/12/2017,
ZA-00012587,ZAC0015575,24/12/2017 21:43,COMPLETE,25/12/2017 19:30,28/12/2017 17:50,30/12/2017,
ZA-00012588,ZAC0009261,24/12/2017 20:44,COMPLETE,26/12/2017 12:15,29/12/2017 12:33,30/12/2017,FREESHIP
ZA-00012589,ZAC0009230,24/12/2017 11:16,COMPLETE,27/12/2017 01:10,29/12/2017 23:08,30/12/2017,WINTER15
ZA-00012590,ZAC0003383,25/12/2017 17:39,COMPLETE,27/12/2017 12:22,01/01/2018 11:34,30/12/2017,
ZA-00012591,ZAC0019244,25/12/2017 06:43,COMPLETE,25/12/2017 17:12,26/12/2017 15:26,29/12/2017,
ZA-00012592,ZAC0011009,25/12/2017 18:05,COMPLETE,26/12/2017 07:47,04/01/2018 01:45,05/01/2018,
ZA-00012593,ZAC0022542,25/12/2017 08:32,COMPLETE,25/12/2017 23:09,02/01/2018 21:33,01/01/2018,
ZA-00012594,ZAC0011196,25/12/2017 22:50,COMPLETE,29/12/2017 01:44,29/12/2017 06:17,01/01/2018,
ZA-00012595,ZAC0005639,25/12/2017 22:21,COMPLETE,28/12/2017 04:55,11/01/2018 22:41,01/01/2018,
ZA-00012596,ZAC0009211,25/12/2017 18:11,COMPLETE,27/12/2017 16:53,29/12/2017 03:21,30/12/2017,
ZA-00012597,ZAC0022935,25/12/2017 09:53,COMPLETE,27/12/2017 02:51,31/12/2017 22:00,31/12/2017,
ZA-00012598,ZAC0004363,25/12/2017 11:34,COMPLETE,26/12/2017 00:22,27/12/2017 14:20,02/01/2018,
ZA-00012599,ZAC0020191,25/12/2017 21:36,COMPLETE,28/12/2017 21:52,04/01/2018 22:37,31/12/2017,WELCOME10
ZA-00012600,ZAC0009086,25/12/2017 11:15,COMPLETE,27/12/2017 11:41,02/01/2018 10:15,30/12/2017,
ZA-00012601,ZAC0016775,25/12/2017 18:40,COMPLETE,01/01/2018 01:06,03/01/2018 06:31,11/01/2018,LOYAL5
ZA-00012602,ZAC0022719,25/12/2017 14:02,COMPLETE,26/12/2017 19:39,28/12/2017 12:38,31/12/2017,
ZA-00012603,ZAC0022235,25/12/2017 21:50,COMPLETE,29/12/2017 19:35,03/01/2018 22:08,05/01/2018,
ZA-00012604,ZAC0016729,25/12/2017 18:54,COMPLETE,26/12/2017 02:20,01/01/2018 07:32,02/01/2018,
ZA-00012605,ZAC0003460,25/12/2017 08:47,COMPLETE,25/12/2017 22:50,31/12/2017 09:10,30/12/2017,
ZA-00012606,ZAC0012532,25/12/2017 07:26,COMPLETE,27/12/2017 15:50,01/01/2018 02:30,31/12/2017,
ZA-00012607,ZAC0022967,25/12/2017 08:32,COMPLETE,29/12/2017 18:39,02/01/2018 12:32,05/01/2018,
ZA-00012608,ZAC0010767,25/12/2017 09:51,COMPLETE,27/12/2017 17:30,30/12/2017 11:38,30/12/2017,
ZA-00012609,ZAC0001910,25/12/2017 14:55,COMPLETE,29/12/2017 23:35,06/01/2018 21:07,03/01/2018,WINTER15
ZA-00012610,ZAC0013911,25/12/2017 21:13,COMPLETE,27/12/2017 01:52,28/12/2017 23:24,03/01/2018,
ZA-00012611,ZAC0021636,25/12/2017 19:18,COMPLETE,26/12/2017 01:54,30/12/2017 01:06,29/12/2017,
ZA-00012612,ZAC0012670,25/12/2017 07:36,COMPLETE,29/12/2017 07:49,30/12/2017 07:55,05/01/2018,
ZA-00012613,ZAC0013788,25/12/2017 06:45,COMPLETE,29/12/2017 07:44,01/01/2018 08:28,03/01/2018,
ZA-00012614,ZAC0008083,25/12/2017 17:43,COMPLETE,29/12/2017 09:54,05/01/2018 20:30,05/01/2018,
ZA-00012615,ZAC0021583,25/12/2017 07:38,COMPLETE,30/12/2017 00:05,04/01/2018 13:29,06/01/2018,LOYAL5
ZA-00012616,ZAC0013708,25/12/2017 22:16,COMPLETE,28/12/2017 23:13,08/01/2018 18:56,02/01/2018,
ZA-00012617,ZAC0012855,25/12/2017 17:05,COMPLETE,26/12/2017 15:43,27/12/2017 01:13,31/12/2017,
ZA-00012618,ZAC0006301,25/12/2017 11:50,COMPLETE,27/12/2017 03:22,12/01/2018 03:11,03/01/2018,
ZA-00012619,ZAC0000520,25/12/2017 08:33,RETURNED,29/12/2017 21:57,03/01/2018 04:21,01/01/2018,
ZA-00012620,ZAC0010622,25/12/2017 18:08,COMPLETE,26/12/2017 02:07,27/12/2017 09:29,31/12/2017,
ZA-00012621,ZAC0011631,25/12/2017 08:43,COMPLETE,26/12/2017 06:40,29/12/2017 17:28,29/12/2017,
ZA-00012622,ZAC0023129,25/12/2017 16:50,CANCELLED,,,,BULK20
ZA-00012623,ZAC0002462,25/12/2017 10:52,COMPLETE,02/01/2018 04:54,05/01/2018 06:11,07/01/2018,
ZA-00012624,ZAC0018631,25/12/2017 13:53,COMPLETE,27/12/2017 16:01,30/12/2017 06:34,03/01/2018,
ZA-00012625,ZAC0011029,25/12/2017 13:26,COMPLETE,29/12/2017 04:20,31/12/2017 03:46,08/01/2018,
ZA-00012626,ZAC0005304,25/12/2017 16:22,COMPLETE,28/12/2017 18:28,30/12/2017 16:37,31/12/2017,
ZA-00012627,ZAC0023233,25/12/2017 15:12,COMPLETE,26/12/2017 02:55,30/12/2017 07:19,31/12/2017,
ZA-00012628,ZAC0013266,25/12/2017 06:50,DISPATCHED,28/12/2017 16:08,,02/01/2018,FREESHIP
ZA-00012629,ZAC0016072,25/12/2017 09:44,COMPLETE,29/12/2017 04:52,31/12/2017 19:21,02/01/2018,
ZA-00012630,ZAC0018982,25/12/2017 21:54,COMPLETE,26/12/2017 08:49,29/12/2017 10:43,30/12/2017,
ZA-00012631,ZAC0014832,25/12/2017 09:55,COMPLETE,28/12/2017 09:08,31/12/2017 14:31,02/01/2018,WELCOME10
ZA-00012632,ZAC0016134,25/12/2017 07:37,COMPLETE,30/12/2017 10:00,05/01/2018 02:19,04/01/2018,
ZA-00012633,ZAC0002116,25/12/2017 07:30,COMPLETE,27/12/2017 05:50,06/01/2018 21:38,31/12/2017,
ZA-00012634,ZAC0006831,25/12/2017 07:21,COMPLETE,25/12/2017 17:48,28/12/2017 19:44,30/12/2017,
ZA-00012635,ZAC0012163,25/12/2017 07:18,COMPLETE,26/12/2017 19:10,28/12/2017 10:09,02/01/2018,
ZA-00012636,ZAC0008749,25/12/2017 17:46,COMPLETE,26/12/2017 21:01,31/12/2017 03:47,30/12/2017,
ZA-00012637,ZAC0022529,25/12/2017 06:03,COMPLETE,25/12/2017 19:51,01/01/2018 10:28,30/12/2017,
ZA-00012638,ZAC0009529,25/12/2017 18:05,COMPLETE,28/12/2017 16:25,01/01/2018 14:56,31/12/2017,
ZA-00012639,ZAC0022965,25/12/2017 12:09,COMPLETE,28/12/2017 03:25,30/12/2017 05:38,31/12/2017,
ZA-00012640,ZAC0021067,25/12/2017 06:42,COMPLETE,27/12/2017 14:02,29/12/2017 21:42,03/01/2018,
ZA-00012641,ZAC0020255,25/12/2017 09:02,COMPLETE,25/12/2017 14:20,26/12/2017 20:35,29/12/2017,
ZA-00012642,ZAC0017725,25/12/2017 10:34,COMPLETE,27/12/2017 21:06,02/01/2018 04:45,30/12/2017,
ZA-00012643,ZAC0007427,25/12/2017 12:12,COMPLETE,28/12/2017 04:14,04/01/2018 02:35,01/01/2018,
ZA-00012644,ZAC0014547,25/12/2017 19:12,COMPLETE,27/12/2017 11:29,28/12/2017 22:24,03/01/2018,FLASH25
ZA-00012645,ZAC0002217,25/12/2017 06:40,COMPLETE,26/12/2017 21:15,28/12/2017 16:02,02/01/2018,
ZA-00012646,ZAC0013692,25/12/2017 07:05,COMPLETE,25/12/2017 15:12,26/12/2017 19:51,28/12/2017,
ZA-00012647,ZAC0002677,25/12/2017 08:34,COMPLETE,30/12/2017 10:18,02/01/2018 18:15,04/01/2018,
ZA-00012648,ZAC0014643,25/12/2017 18:20,COMPLETE,26/12/2017 19:52,03/01/2018 18:22,02/01/2018,
ZA-00012649,ZAC0010782,25/12/2017 13:34,COMPLETE,27/12/2017 17:44,03/01/2018 03:33,01/01/2018,FLASH25
ZA-00012650,ZAC0006036,26/12/2017 15:13,COMPLETE,30/12/2017 11:34,01/01/2018 19:29,02/01/2018,
ZA-00012651,ZAC0001556,26/12/2017 14:31,COMPLETE,29/12/2017 11:53,01/01/2018 22:40,05/01/2018,
ZA-00012652,ZAC0011504,26/12/2017 08:00,COMPLETE,29/12/2017 16:18,31/12/2017 11:28,08/01/2018,
ZA-00012653,ZAC0009224,26/12/2017 08:04,COMPLETE,28/12/2017 03:29,04/01/2018 18:17,31/12/2017,FLASH25
ZA-00012654,ZAC0013582,26/12/2017 20:22,COMPLETE,30/12/2017 08:13,30/12/2017 23:43,03/01/2018,
ZA-00012655,ZAC0002495,26/12/2017 11:57,COMPLETE,27/12/2017 19:46,02/01/2018 20:04,31/12/2017,
ZA-00012656,ZAC0007186,26/12/2017 14:46,COMPLETE,28/12/2017 01:39,08/01/2018 04:14,31/12/2017,
ZA-00012657,ZAC0010309,26/12/2017 17:44,COMPLETE,30/12/2017 16:54,01/01/2018 01:21,02/01/2018,
ZA-00012658,ZAC0019708,26/12/2017 09:22,DISPATCHED,29/12/2017 19:14,,01/01/2018,WELCOME10
ZA-00012659,ZAC0010828,26/12/2017 14:40,COMPLETE,29/12/2017 17:07,03/01/2018 00:14,03/01/2018,
ZA-00012660,ZAC0016738,26/12/2017 13:03,COMPLETE,31/12/2017 17:58,03/01/2018 14:14,03/01/2018,
ZA-00012661,ZAC0001832,26/12/2017 12:22,COMPLETE,29/12/2017 04:44,31/12/2017 20:09,01/01/2018,LOYAL5
ZA-00012662,ZAC0020404,26/12/2017 07:10,COMPLETE,27/12/2017 10:39,02/01/2018 04:11,30/12/2017,
ZA-00012663,ZAC0020180,26/12/2017 20:10,DISPATCHED,29/12/2017 23:43,,01/01/2018,
ZA-00012664,ZAC0011941,26/12/2017 17:43,COMPLETE,27/12/2017 08:35,02/01/2018 19:48,30/12/2017,
ZA-00012665,ZAC0017624,26/12/2017 17:38,COMPLETE,27/12/2017 06:58,02/01/2018 16:15,01/01/2018,
ZA-00012666,ZAC0019450,26/12/2017 09:57,COMPLETE,28/12/2017 22:03,15/01/2018 18:16,02/01/2018,LOYAL5
ZA-00012667,ZAC0004754,26/12/2017 10:32,COMPLETE,28/12/2017 04:51,30/12/2017 17:33,04/01/2018,
ZA-00012668,ZAC0013832,26/12/2017 10:31,COMPLETE,29/12/2017 17:30,01/01/2018 07:16,05/01/2018,
ZA-00012669,ZAC0023115,26/12/2017 10:36,COMPLETE,28/12/2017 22:52,01/01/2018 00:32,01/01/2018,
ZA-00012670,ZAC0019975,26/12/2017 20:09,COMPLETE,27/12/2017 01:35,30/12/2017 23:41,01/01/2018,
ZA-00012671,ZAC0003518,26/12/2017 20:29,COMPLETE,27/12/2017 22:16,31/12/2017 04:05,01/01/2018,
ZA-00012672,ZAC0023202,26/12/2017 19:48,COMPLETE,27/12/2017 17:09,29/12/2017 12:13,31/12/2017,
ZA-00012673,ZAC0017380,26/12/2017 09:08,COMPLETE,27/12/2017 13:39,29/12/2017 23:39,31/12/2017,BULK20
ZA-00012674,ZAC0000794,26/12/2017 17:30,COMPLETE,28/12/2017 05:44,03/01/2018 18:38,31/12/2017,WINTER15
ZA-00012675,ZAC0021221,26/12/2017 15:49,COMPLETE,27/12/2017 16:53,31/12/2017 08:55,06/01/2018,
ZA-00012676,ZAC0008570,26/12/2017 16:36,COMPLETE,31/12/2017 06:47,04/01/2018 16:27,04/01/2018,
ZA-00012677,ZAC0023946,26/12/2017 21:22,DISPATCHED,28/12/2017 04:14,,02/01/2018,
ZA-00012678,ZAC0015823,26/12/2017 11:49,COMPLETE,29/12/2017 01:35,31/12/2017 23:53,03/01/2018,BULK20
ZA-00012679,ZAC0008747,26/12/2017 20:35,COMPLETE,27/12/2017 11:43,03/01/2018 18:44,03/01/2018,BULK20
ZA-00012680,ZAC0019573,26/12/2017 10:02,COMPLETE,01/01/2018 18:35,04/01/2018 21:05,05/01/2018,
ZA-00012681,ZAC0021718,26/12/2017 18:42,COMPLETE,27/12/2017 22:06,03/01/2018 11:02,01/01/2018,
ZA-00012682,ZAC0012868,26/12/2017 13:39,DISPATCHED,26/12/2017 14:37,,31/12/2017,
ZA-00012683,ZAC0003513,26/12/2017 09:37,COMPLETE,01/01/2018 13:03,05/01/2018 13:42,05/01/2018,
ZA-00012684,ZAC0009313,26/12/2017 06:22,COMPLETE,27/12/2017 03:00,28/12/2017 05:45,01/01/2018,FREESHIP
ZA-00012685,ZAC0010280,26/12/2017 14:31,COMPLETE,28/12/2017 19:12,01/01/2018 23:41,01/01/2018,BULK20
ZA-00012686,ZAC0017458,26/12/2017 09:11,COMPLETE,26/12/2017 16:48,30/12/2017 13:26,31/12/2017,
ZA-00012687,ZAC0017234,26/12/2017 22:24,COMPLETE,29/12/2017 01:29,01/01/2018 13:30,05/01/2018,LOYAL5
ZA-00012688,ZAC0006826,26/12/2017 08:48,COMPLETE,28/12/2017 13:13,30/12/2017 10:48,04/01/2018,
ZA-00012689,ZAC0017076,26/12/2017 09:35,COMPLETE,28/12/2017 23:55,29/12/2017 15:15,02/01/2018,
ZA-00012690,ZAC0021837,26/12/2017 22:26,COMPLETE,29/12/2017 02:01,03/01/2018 08:17,03/01/2018,
ZA-00012691,ZAC0009731,26/12/2017 18:57,COMPLETE,26/12/2017 20:39,28/12/2017 17:44,31/12/2017,
ZA-00012692,ZAC0011656,26/12/2017 09:09,COMPLETE,28/12/2017 03:26,30/12/2017 03:49,01/01/2018,FREESHIP
ZA-00012693,ZAC0000815,26/12/2017 16:30,COMPLETE,29/12/2017 09:50,01/01/2018 11:15,05/01/2018,
ZA-00012694,ZAC0023062,26/12/2017 21:06,COMPLETE,28/12/2017 08:36,02/01/2018 22:42,04/01/2018,
ZA-00012695,ZAC0004186,26/12/2017 07:30,COMPLETE,31/12/2017 09:03,08/01/2018 19:23,03/01/2018,WELCOME10
ZA-00012696,ZAC0023352,26/12/2017 22:32,COMPLETE,28/12/2017 05:10,29/12/2017 21:39,01/01/2018,
ZA-00012697,ZAC0022217,26/12/2017 16:13,CANCELLED,,,,
ZA-00012698,ZAC0009300,26/12/2017 10:25,COMPLETE,29/12/2017 13:41,02/01/2018 01:16,05/01/2018,
ZA-00012699,ZAC0016961,26/12/2017 13:26,COMPLETE,28/12/2017 05:06,05/01/2018 16:11,02/01/2018,
ZA-00012700,ZAC0019969,26/12/2017 06:40,COMPLETE,26/12/2017 06:59,30/12/2017 05:11,31/12/2017,
ZA-00012701,ZAC0019307,26/12/2017 16:41,COMPLETE,27/12/2017 18:05,29/12/2017 13:57,01/01/2018,
ZA-00012702,ZAC0023464,26/12/2017 08:33,COMPLETE,27/12/2017 08:09,31/12/2017 06:44,30/12/2017,LOYAL5
ZA-00012703,ZAC0001259,26/12/2017 22:08,COMPLETE,28/12/2017 23:38,02/01/2018 16:10,04/01/2018,
ZA-00012704,ZAC0006514,26/12/2017 06:36,COMPLETE,27/12/2017 16:43,30/12/2017 17:31,01/01/2018,
ZA-00012705,ZAC0010572,26/12/2017 06:57,CANCELLED,,,,
ZA-00012706,ZAC0002623,26/12/2017 12:09,COMPLETE,01/01/2018 13:09,07/01/2018 13:22,06/01/2018,
ZA-00012707,ZAC0014443,26/12/2017 09:10,COMPLETE,27/12/2017 14:14,29/12/2017 03:24,01/01/2018,
ZA-00012708,ZAC0005131,26/12/2017 20:39,COMPLETE,27/12/2017 14:38,01/01/2018 17:44,31/12/2017,LOYAL5
ZA-00012709,ZAC0011940,26/12/2017 12:48,COMPLETE,29/12/2017 22:58,07/01/2018 09:40,03/01/2018,FREESHIP
ZA-00012710,ZAC0008585,26/12/2017 09:53,COMPLETE,27/12/2017 00:28,30/12/2017 04:24,30/12/2017,
ZA-00012711,ZAC0001384,27/12/2017 10:01,COMPLETE,29/12/2017 18:58,01/01/2018 01:34,03/01/2018,
ZA-00012712,ZAC0005996,27/12/2017 07:36,COMPLETE,28/12/2017 02:40,01/01/2018 15:19,01/01/2018,
ZA-00012713,ZAC0003116,27/12/2017 20:42,COMPLETE,27/12/2017 21:32,31/12/2017 14:54,01/01/2018,
ZA-00012714,ZAC0003056,27/12/2017 17:57,COMPLETE,28/12/2017 05:07,31/12/2017 02:34,04/01/2018,LOYAL5
ZA-00012715,ZAC0008019,27/12/2017 18:42,COMPLETE,30/12/2017 22:02,01/01/2018 02:36,04/01/2018,FLASH25
ZA-00012716,ZAC0023023,27/12/2017 08:08,CANCELLED,,,,
ZA-00012717,ZAC0005822,27/12/2017 22:45,COMPLETE,29/12/2017 23:22,31/12/2017 12:49,03/01/2018,
ZA-00012718,ZAC0005837,27/12/2017 18:29,COMPLETE,31/12/2017 15:19,03/01/2018 00:45,07/01/2018,LOYAL5
ZA-00012719,ZAC0020306,27/12/2017 21:48,COMPLETE,29/12/2017 12:24,01/01/2018 04:16,03/01/2018,BULK20
ZA-00012720,ZAC0017513,27/12/2017 14:51,COMPLETE,28/12/2017 20:09,31/12/2017 10:28,02/01/2018,
ZA-00012721,ZAC0011198,27/12/2017 16:19,COMPLETE,02/01/2018 05:54,06/01/2018 23:42,07/01/2018,
ZA-00012722,ZAC0020588,27/12/2017 13:46,COMPLETE,28/12/2017 06:05,31/12/2017 11:26,02/01/2018,
ZA-00012723,ZAC0002016,27/12/2017 13:23,COMPLETE,29/12/2017 12:58,30/12/2017 05:09,01/01/2018,
ZA-00012724,ZAC0018821,27/12/2017 16:06,COMPLETE,31/12/2017 00:28,03/01/2018 07:56,04/01/2018,
ZA-00012725,ZAC0011234,27/12/2017 13:34,COMPLETE,28/12/2017 02:45,02/01/2018 03:07,31/12/2017,WELCOME10
ZA-00012726,ZAC0010961,27/12/2017 06:27,COMPLETE,31/12/2017 13:36,03/01/2018 21:56,07/01/2018,
ZA-00012727,ZAC0011818,27/12/2017 19:59,COMPLETE,28/12/2017 18:17,12/01/2018 14:54,02/01/2018,
ZA-00012728,ZAC0006666,27/12/2017 21:44,COMPLETE,05/01/2018 16:04,11/01/2018 15:34,08/01/2018,
ZA-00012729,ZAC0000854,27/12/2017 13:07,COMPLETE,31/12/2017 22:22,02/01/2018 15:17,04/01/2018,
ZA-00012730,ZAC0014983,27/12/2017 21:38,COMPLETE,29/12/2017 06:25,07/01/2018 05:15,02/01/2018,
ZA-00012731,ZAC0005116,27/12/2017 10:59,COMPLETE,30/12/2017 06:02,03/01/2018 14:55,02/01/2018,
ZA-00012732,ZAC0002620,27/12/2017 21:21,COMPLETE,28/12/2017 07:01,03/01/2018 14:11,31/12/2017,
ZA-00012733,ZAC0001374,27/12/2017 20:42,COMPLETE,29/12/2017 13:59,31/12/2017 09:19,08/01/2018,
ZA-00012734,ZAC0006917,27/12/2017 06:21,COMPLETE,27/12/2017 13:53,29/12/2017 17:50,06/01/2018,
ZA-00012735,ZAC0003695,27/12/2017 18:58,COMPLETE,29/12/2017 23:04,05/01/2018 05:01,03/01/2018,
ZA-00012736,ZAC0005438,27/12/2017 06:28,COMPLETE,29/12/2017 09:25,06/01/2018 10:14,05/01/2018,FLASH25
ZA-00012737,ZAC0005480,27/12/2017 15:57,COMPLETE,31/12/2017 09:58,10/01/2018 02:41,05/01/2018,
ZA-00012738,ZAC0005305,27/12/2017 22:54,COMPLETE,28/12/2017 20:42,02/01/2018 05:20,01/01/2018,
ZA-00012739,ZAC0010600,27/12/2017 08:17,COMPLETE,27/12/2017 16:34,08/01/2018 18:12,30/12/2017,
ZA-00012740,ZAC0015864,27/12/2017 18:05,COMPLETE,30/12/2017 05:57,06/01/2018 19:19,03/01/2018,FREESHIP
ZA-00012741,ZAC0000756,27/12/2017 19:14,COMPLETE,30/12/2017 15:14,03/01/2018 22:44,02/01/2018,
ZA-00012742,ZAC0014983,27/12/2017 10:37,CANCELLED,,,,
ZA-00012743,ZAC0019228,27/12/2017 14:03,DISPATCHED,31/12/2017 05:04,,05/01/2018,FREESHIP
ZA-00012744,ZAC0008170,27/12/2017 16:35,COMPLETE,31/12/2017 16:50,04/01/2018 09:46,07/01/2018,
ZA-00012745,ZAC0017979,27/12/2017 12:40,COMPLETE,29/12/2017 18:08,06/01/2018 20:21,02/01/2018,WELCOME10
ZA-00012746,ZAC0011267,27/12/2017 12:13,COMPLETE,28/12/2017 05:44,31/12/2017 07:24,01/01/2018,
ZA-00012747,ZAC0003299,27/12/2017 18:41,CANCELLED,,,,BULK20
ZA-00012748,ZAC0014808,27/12/2017 06:18,COMPLETE,28/12/2017 02:04,29/12/2017 01:26,02/01/2018,
ZA-00012749,ZAC0009313,27/12/2017 10:05,COMPLETE,29/12/2017 21:50,31/12/2017 11:11,03/01/2018,
ZA-00012750,ZAC0001980,27/12/2017 09:20,COMPLETE,29/12/2017 10:57,03/01/2018 10:29,05/01/2018,WINTER15
ZA-00012751,ZAC0019916,27/12/2017 20:53,COMPLETE,28/12/2017 05:21,31/12/2017 08:30,01/01/2018,
ZA-00012752,ZAC0012215,27/12/2017 20:33,COMPLETE,01/01/2018 22:19,04/01/2018 12:40,06/01/2018,
ZA-00012753,ZAC0018054,27/12/2017 19:03,COMPLETE,28/12/2017 19:20,03/01/2018 01:10,01/01/2018,FREESHIP
ZA-00012754,ZAC0005826,27/12/2017 17:47,DISPATCHED,07/01/2018 12:41,,11/01/2018,
ZA-00012755,ZAC0000232,27/12/2017 08:08,COMPLETE,28/12/2017 20:19,06/01/2018 05:27,02/01/2018,
ZA-00012756,ZAC0019737,27/12/2017 10:19,COMPLETE,02/01/2018 23:16,06/01/2018 16:54,06/01/2018,
ZA-00012757,ZAC0007413,27/12/2017 11:40,COMPLETE,29/12/2017 22:59,02/01/2018 19:53,05/01/2018,
ZA-00012758,ZAC0008091,27/12/2017 16:15,COMPLETE,28/12/2017 05:09,30/12/2017 16:25,04/01/2018,FREESHIP
ZA-00012759,ZAC0003346,27/12/2017 12:55,COMPLETE,28/12/2017 19:48,08/01/2018 10:22,02/01/2018,
ZA-00012760,ZAC0006543,27/12/2017 07:37,COMPLETE,01/01/2018 15:28,03/01/2018 11:14,05/01/2018,
ZA-00012761,ZAC0010300,27/12/2017 12:15,COMPLETE,28/12/2017 10:45,07/01/2018 17:57,31/12/2017,
ZA-00012762,ZAC0023452,27/12/2017 07:33,COMPLETE,29/12/2017 01:05,04/01/2018 17:31,01/01/2018,
ZA-00012763,ZAC0007597,27/12/2017 16:54,DISPATCHED,29/12/2017 21:13,,02/01/2018,
ZA-00012764,ZAC0000931,27/12/2017 13:23,COMPLETE,01/01/2018 09:41,03/01/2018 10:39,04/01/2018,
ZA-00012765,ZAC0022466,28/12/2017 13:43,COMPLETE,29/12/2017 14:22,06/01/2018 06:08,03/01/2018,
ZA-00012766,ZAC0016771,28/12/2017 18:13,COMPLETE,29/12/2017 23:34,03/01/2018 01:34,05/01/2018,
ZA-00012767,ZAC0007029,28/12/2017 20:10,COMPLETE,31/12/2017 15:16,02/01/2018 01:43,03/01/2018,
ZA-00012768,ZAC0021310,28/12/2017 06:38,COMPLETE,29/12/2017 07:45,31/12/2017 13:07,05/01/2018,
ZA-00012769,ZAC0023291,28/12/2017 18:13,COMPLETE,06/01/2018 19:12,07/01/2018 21:43,11/01/2018,
ZA-00012770,ZAC0011400,28/12/2017 09:03,DISPATCHED,29/12/2017 13:25,,03/01/2018,FREESHIP
ZA-00012771,ZAC0000583,28/12/2017 21:23,COMPLETE,29/12/2017 22:16,30/12/2017 18:23,08/01/2018,
ZA-00012772,ZAC0000357,28/12/2017 07:41,COMPLETE,29/12/2017 14:59,01/01/2018 14:38,02/01/2018,BULK20
ZA-00012773,ZAC0000615,28/12/2017 10:29,COMPLETE,31/12/2017 02:44,07/01/2018 02:26,03/01/2018,
ZA-00012774,ZAC0013814,28/12/2017 20:04,DISPATCHED,29/12/2017 22:03,,01/01/2018,FREESHIP
ZA-00012775,ZAC0018949,28/12/2017 18:08,COMPLETE,30/12/2017 20:23,04/01/2018 04:05,02/01/2018,
ZA-00012776,ZAC0023202,28/12/2017 16:28,COMPLETE,31/12/2017 13:27,04/01/2018 05:49,03/01/2018,
ZA-00012777,ZAC0016190,28/12/2017 19:19,COMPLETE,29/12/2017 18:44,30/12/2017 21:39,01/01/2018,
ZA-00012778,ZAC0000456,28/12/2017 17:31,COMPLETE,31/12/2017 05:08,03/01/2018 16:42,05/01/2018,
ZA-00012779,ZAC0009954,28/12/2017 11:56,COMPLETE,30/12/2017 15:32,01/01/2018 19:20,03/01/2018,
ZA-00012780,ZAC0017888,28/12/2017 14:17,COMPLETE,30/12/2017 22:17,06/01/2018 08:42,03/01/2018,BULK20
ZA-00012781,ZAC0011043,28/12/2017 21:17,COMPLETE,29/12/2017 07:31,03/01/2018 07:31,08/01/2018,
ZA-00012782,ZAC0010164,28/12/2017 08:00,DISPATCHED,01/01/2018 03:46,,06/01/2018,
ZA-00012783,ZAC0013022,28/12/2017 13:58,COMPLETE,30/12/2017 00:10,07/01/2018 14:09,02/01/2018,FREESHIP
ZA-00012784,ZAC0012285,28/12/2017 10:06,COMPLETE,29/12/2017 21:39,03/01/2018 11:26,01/01/2018,
ZA-00012785,ZAC0018088,28/12/2017 16:19,COMPLETE,29/12/2017 00:50,30/12/2017 22:49,08/01/2018,
ZA-00012786,ZAC0021272,28/12/2017 14:06,COMPLETE,02/01/2018 05:06,10/01/2018 20:47,07/01/2018,
ZA-00012787,ZAC0023710,28/12/2017 10:47,COMPLETE,30/12/2017 15:51,01/01/2018 20:16,03/01/2018,
ZA-00012788,ZAC0019334,28/12/2017 07:52,COMPLETE,03/01/2018 05:18,07/01/2018 11:14,08/01/2018,
ZA-00012789,ZAC0008008,28/12/2017 13:04,COMPLETE,30/12/2017 18:58,02/01/2018 02:40,06/01/2018,
ZA-00012790,ZAC0017729,28/12/2017 08:53,COMPLETE,31/12/2017 13:44,09/01/2018 02:12,03/01/2018,
ZA-00012791,ZAC0011113,28/12/2017 18:12,COMPLETE,31/12/2017 16:37,06/01/2018 02:30,04/01/2018,
ZA-00012792,ZAC0017660,28/12/2017 15:35,COMPLETE,29/12/2017 08:47,01/01/2018 13:57,01/01/2018,
ZA-00012793,ZAC0012580,28/12/2017 12:40,COMPLETE,29/12/2017 23:08,01/01/2018 15:45,03/01/2018,LOYAL5
ZA-00012794,ZAC0018062,28/12/2017 22:16,CANCELLED,,,,
ZA-00012795,ZAC0014998,28/12/2017 21:11,COMPLETE,31/12/2017 12:08,01/01/2018 08:30,05/01/2018,
ZA-00012796,ZAC0006688,28/12/2017 09:56,COMPLETE,30/12/2017 11:34,05/01/2018 09:02,02/01/2018,
ZA-00012797,ZAC0015519,28/12/2017 10:54,COMPLETE,28/12/2017 23:46,02/01/2018 12:28,31/12/2017,
ZA-00012798,ZAC0013777,28/12/2017 15:25,COMPLETE,30/12/2017 02:41,30/12/2017 17:01,06/01/2018,
ZA-00012799,ZAC0021507,28/12/2017 20:23,COMPLETE,29/12/2017 17:25,01/01/2018 20:31,01/01/2018,LOYAL5
ZA-00012800,ZAC0008432,28/12/2017 10:48,COMPLETE,02/01/2018 15:15,05/01/2018 01:28,05/01/2018,
ZA-00012801,ZAC0006207,28/12/2017 17:20,COMPLETE,01/01/2018 17:45,02/01/2018 14:32,05/01/2018,
ZA-00012802,ZAC0019684,28/12/2017 17:02,COMPLETE,30/12/2017 11:30,08/01/2018 07:55,06/01/2018,
ZA-00012803,ZAC0017257,28/12/2017 14:17,COMPLETE,29/12/2017 08:59,31/12/2017 11:27,05/01/2018,FREESHIP
ZA-00012804,ZAC0018473,28/12/2017 16:59,COMPLETE,02/01/2018 18:33,06/01/2018 22:09,06/01/2018,
ZA-00012805,ZAC0013644,28/12/2017 18:57,COMPLETE,30/12/2017 15:25,03/01/2018 11:38,02/01/2018,
ZA-00012806,ZAC0003291,28/12/2017 14:55,COMPLETE,01/01/2018 17:27,04/01/2018 17:15,05/01/2018,
ZA-00012807,ZAC0004438,28/12/2017 11:47,COMPLETE,04/01/2018 14:06,12/01/2018 07:08,09/01/2018,FLASH25
ZA-00012808,ZAC0007092,28/12/2017 20:07,COMPLETE,30/12/2017 01:36,09/01/2018 14:35,03/01/2018,LOYAL5
ZA-00012809,ZAC0000871,28/12/2017 16:51,COMPLETE,01/01/2018 19:12,03/01/2018 02:27,04/01/2018,
ZA-00012810,ZAC0001713,28/12/2017 15:45,COMPLETE,30/12/2017 18:51,31/12/2017 00:12,04/01/2018,
ZA-00012811,ZAC0009660,28/12/2017 10:23,COMPLETE,28/12/2017 19:02,01/01/2018 16:19,02/01/2018,
ZA-00012812,ZAC0018323,28/12/2017 13:03,COMPLETE,30/12/2017 00:23,01/01/2018 19:39,03/01/2018,
ZA-00012813,ZAC0021266,28/12/2017 11:21,COMPLETE,30/12/2017 19:43,03/01/2018 06:47,03/01/2018,WELCOME10
ZA-00012814,ZAC0021402,28/12/2017 17:10,COMPLETE,01/01/2018 19:56,07/01/2018 13:19,05/01/2018,
ZA-00012815,ZAC0008590,28/12/2017 10:28,COMPLETE,29/12/2017 04:57,30/12/2017 23:04,02/01/2018,
ZA-00012816,ZAC0019843,28/12/2017 18:08,COMPLETE,29/12/2017 19:28,05/01/2018 17:49,01/01/2018,
ZA-00012817,ZAC0015602,28/12/2017 10:53,COMPLETE,29/12/2017 18:33,31/12/2017 13:22,02/01/2018,
ZA-00012818,ZAC0018027,28/12/2017 17:41,COMPLETE,30/12/2017 03:51,09/01/2018 17:39,02/01/2018,
ZA-00012819,ZAC0017244,28/12/2017 16:38,COMPLETE,30/12/2017 00:28,03/01/2018 04:36,02/01/2018,
ZA-00012820,ZAC0017102,28/12/2017 16:42,CANCELLED,,,,
ZA-00012821,ZAC0013163,28/12/2017 19:55,COMPLETE,29/12/2017 20:55,02/01/2018 03:00,03/01/2018,
ZA-00012822,ZAC0021701,28/12/2017 21:03,COMPLETE,30/12/2017 19:50,04/01/2018 09:39,02/01/2018,
ZA-00012823,ZAC0013299,29/12/2017 08:01,COMPLETE,30/12/2017 15:28,04/01/2018 09:51,02/01/2018,
ZA-00012824,ZAC0011939,29/12/2017 13:21,COMPLETE,31/12/2017 14:07,03/01/2018 07:07,05/01/2018,
ZA-00012825,ZAC0020916,29/12/2017 14:15,COMPLETE,29/12/2017 23:35,07/01/2018 05:20,01/01/2018,
ZA-00012826,ZAC0001064,29/12/2017 12:22,COMPLETE,01/01/2018 01:51,05/01/2018 02:06,04/01/2018,WINTER15
ZA-00012827,ZAC0016030,29/12/2017 20:15,COMPLETE,01/01/2018 10:28,05/01/2018 15:38,04/01/2018,
ZA-00012828,ZAC0007561,29/12/2017 09:51,COMPLETE,31/12/2017 02:27,01/01/2018 14:18,05/01/2018,
ZA-00012829,ZAC0009039,29/12/2017 08:43,COMPLETE,01/01/2018 06:55,04/01/2018 15:06,11/01/2018,BULK20
ZA-00012830,ZAC0010217,29/12/2017 11:17,COMPLETE,03/01/2018 18:28,08/01/2018 13:07,08/01/2018,
ZA-00012831,ZAC0022945,29/12/2017 15:23,DISPATCHED,31/12/2017 04:48,,04/01/2018,
ZA-00012832,ZAC0022687,29/12/2017 10:46,RETURNED,01/01/2018 14:55,14/01/2018 02:19,05/01/2018,
ZA-00012833,ZAC0004121,29/12/2017 20:25,COMPLETE,31/12/2017 03:23,02/01/2018 09:02,07/01/2018,
ZA-00012834,ZAC0005880,29/12/2017 06:06,CANCELLED,,,,
ZA-00012835,ZAC0009221,29/12/2017 21:19,COMPLETE,02/01/2018 10:17,10/01/2018 20:27,07/01/2018,
ZA-00012836,ZAC0017216,29/12/2017 10:10,COMPLETE,31/12/2017 17:22,04/01/2018 19:04,03/01/2018,
ZA-00012837,ZAC0021931,29/12/2017 09:12,COMPLETE,02/01/2018 10:12,05/01/2018 17:26,05/01/2018,
ZA-00012838,ZAC0003017,29/12/2017 22:40,COMPLETE,31/12/2017 19:53,02/01/2018 20:37,05/01/2018,WELCOME10
ZA-00012839,ZAC0003601,29/12/2017 07:44,COMPLETE,01/01/2018 10:01,06/01/2018 20:54,04/01/2018,BULK20
ZA-00012840,ZAC0004098,29/12/2017 19:10,COMPLETE,29/12/2017 23:10,04/01/2018 10:29,01/01/2018,
ZA-00012841,ZAC0007584,29/12/2017 09:42,COMPLETE,31/12/2017 06:56,06/01/2018 18:55,10/01/2018,
ZA-00012842,ZAC0014079,29/12/2017 19:42,COMPLETE,07/01/2018 15:36,10/01/2018 07:52,12/01/2018,
ZA-00012843,ZAC0010764,29/12/2017 15:28,COMPLETE,01/01/2018 16:59,06/01/2018 04:30,05/01/2018,
ZA-00012844,ZAC0003731,29/12/2017 12:36,COMPLETE,01/01/2018 19:33,10/01/2018 22:30,08/01/2018,
ZA-00012845,ZAC0012673,29/12/2017 13:29,DISPATCHED,02/01/2018 07:04,,07/01/2018,
ZA-00012846,ZAC0005778,29/12/2017 12:16,COMPLETE,03/01/2018 06:28,14/01/2018 04:27,10/01/2018,
ZA-00012847,ZAC0014349,29/12/2017 08:12,COMPLETE,30/12/2017 07:54,03/01/2018 15:56,03/01/2018,FREESHIP
ZA-00012848,ZAC0002192,29/12/2017 09:57,COMPLETE,30/12/2017 18:39,01/01/2018 07:27,02/01/2018,BULK20
ZA-00012849,ZAC0012218,29/12/2017 10:10,COMPLETE,30/12/2017 10:46,30/12/2017 19:42,03/01/2018,
ZA-00012850,ZAC0017659,29/12/2017 20:38,COMPLETE,04/01/2018 19:32,08/01/2018 12:04,07/01/2018,WINTER15
ZA-00012851,ZAC0006064,29/12/2017 08:59,COMPLETE,30/12/2017 03:37,31/12/2017 13:57,03/01/2018,
ZA-00012852,ZAC0007819,29/12/2017 15:56,COMPLETE,01/01/2018 09:01,02/01/2018 13:48,05/01/2018,
ZA-00012853,ZAC0015240,29/12/2017 20:58,COMPLETE,02/01/2018 06:30,05/01/2018 13:09,07/01/2018,
ZA-00012854,ZAC0007078,29/12/2017 15:52,COMPLETE,31/12/2017 20:03,10/01/2018 10:59,04/01/2018,WINTER15
ZA-00012855,ZAC0015301,29/12/2017 17:02,COMPLETE,01/01/2018 06:32,02/01/2018 10:58,04/01/2018,
ZA-00012856,ZAC0006721,29/12/2017 14:45,COMPLETE,31/12/2017 16:31,02/01/2018 12:31,10/01/2018,
ZA-00012857,ZAC0023692,29/12/2017 14:34,COMPLETE,01/01/2018 07:52,05/01/2018 11:48,04/01/2018,LOYAL5
ZA-00012858,ZAC0001044,29/12/2017 18:20,COMPLETE,01/01/2018 05:20,04/01/2018 23:06,05/01/2018,
ZA-00012859,ZAC0015608,29/12/2017 08:01,COMPLETE,30/12/2017 11:05,03/01/2018 08:15,04/01/2018,
ZA-00012860,ZAC0021701,29/12/2017 17:23,COMPLETE,31/12/2017 17:13,03/01/2018 07:59,05/01/2018,
ZA-00012861,ZAC0008199,29/12/2017 08:28,COMPLETE,01/01/2018 03:22,06/01/2018 13:06,06/01/2018,WINTER15
ZA-00012862,ZAC0021503,29/12/2017 22:22,COMPLETE,01/01/2018 18:56,08/01/2018 00:36,05/01/2018,
ZA-00012863,ZAC0019244,29/12/2017 18:46,COMPLETE,02/01/2018 16:21,05/01/2018 23:46,06/01/2018,
ZA-00012864,ZAC0003985,29/12/2017 16:48,COMPLETE,01/01/2018 12:43,01/01/2018 23:14,08/01/2018,
ZA-00012865,ZAC0002829,29/12/2017 07:13,PENDING,,,,
ZA-00012866,ZAC0016679,29/12/2017 20:43,COMPLETE,30/12/2017 23:25,31/12/2017 22:55,03/01/2018,LOYAL5
ZA-00012867,ZAC0008724,29/12/2017 07:38,COMPLETE,30/12/2017 07:46,02/01/2018 14:48,02/01/2018,
ZA-00012868,ZAC0008575,29/12/2017 18:32,DISPATCHED,31/12/2017 01:03,,04/01/2018,
ZA-00012869,ZAC0018919,29/12/2017 08:04,COMPLETE,31/12/2017 17:36,09/01/2018 03:36,05/01/2018,
ZA-00012870,ZAC0005982,29/12/2017 15:33,COMPLETE,31/12/2017 09:19,01/01/2018 14:40,04/01/2018,
ZA-00012871,ZAC0016365,29/12/2017 22:54,COMPLETE,31/12/2017 07:30,04/01/2018 04:26,07/01/2018,
ZA-00012872,ZAC0009119,29/12/2017 11:21,COMPLETE,30/12/2017 01:33,04/01/2018 10:26,03/01/2018,
ZA-00012873,ZAC0022856,29/12/2017 08:14,COMPLETE,31/12/2017 15:59,05/01/2018 17:23,05/01/2018,
ZA-00012874,ZAC0022443,29/12/2017 08:58,COMPLETE,29/12/2017 19:15,30/12/2017 18:23,01/01/2018,
ZA-00012875,ZAC0009284,29/12/2017 06:07,COMPLETE,30/12/2017 07:33,03/01/2018 11:36,04/01/2018,
ZA-00012876,ZAC0005943,29/12/2017 14:25,CANCELLED,,,,
ZA-00012877,ZAC0007869,29/12/2017 16:40,COMPLETE,04/01/2018 11:50,09/01/2018 17:24,08/01/2018,
ZA-00012878,ZAC0022906,29/12/2017 18:14,COMPLETE,01/01/2018 09:21,04/01/2018 13:07,04/01/2018,
ZA-00012879,ZAC0016466,29/12/2017 20:11,COMPLETE,30/12/2017 18:47,03/01/2018 01:10,02/01/2018,
ZA-00012880,ZAC0007939,29/12/2017 18:19,COMPLETE,30/12/2017 17:59,01/01/2018 13:00,03/01/2018,
ZA-00012881,ZAC0016846,29/12/2017 21:47,COMPLETE,01/01/2018 23:39,03/01/2018 18:25,11/01/2018,
ZA-00012882,ZAC0023269,29/12/2017 07:27,COMPLETE,30/12/2017 10:12,01/01/2018 20:00,03/01/2018,
ZA-00012883,ZAC0002315,29/12/2017 20:57,COMPLETE,31/12/2017 13:28,01/01/2018 04:33,07/01/2018,
ZA-00012884,ZAC0019469,29/12/2017 21:09,COMPLETE,01/01/2018 15:45,04/01/2018 15:40,05/01/2018,
ZA-00012885,ZAC0007002,30/12/2017 16:43,COMPLETE,02/01/2018 15:23,07/01/2018 12:20,07/01/2018,
ZA-00012886,ZAC0023721,30/12/2017 16:32,COMPLETE,03/01/2018 22:56,06/01/2018 15:58,06/01/2018,
ZA-00012887,ZAC0009249,30/12/2017 15:56,COMPLETE,03/01/2018 16:00,09/01/2018 06:08,07/01/2018,
ZA-00012888,ZAC0022468,30/12/2017 07:38,COMPLETE,01/01/2018 00:11,07/01/2018 21:18,06/01/2018,
ZA-00012889,ZAC0014994,30/12/2017 12:04,COMPLETE,03/01/2018 13:27,04/01/2018 13:40,06/01/2018,
ZA-00012890,ZAC0001000,30/12/2017 19:48,DISPATCHED,01/01/2018 00:49,,04/01/2018,
ZA-00012891,ZAC0011689,30/12/2017 20:05,COMPLETE,01/01/2018 14:17,06/01/2018 00:43,05/01/2018,
ZA-00012892,ZAC0004488,30/12/2017 07:39,CANCELLED,,,,
ZA-00012893,ZAC0021253,30/12/2017 18:02,COMPLETE,04/01/2018 05:46,06/01/2018 16:52,09/01/2018,
ZA-00012894,ZAC0003149,30/12/2017 19:27,COMPLETE,31/12/2017 07:12,04/01/2018 02:03,05/01/2018,
ZA-00012895,ZAC0003443,30/12/2017 18:04,COMPLETE,01/01/2018 13:24,06/01/2018 00:03,06/01/2018,
ZA-00012896,ZAC0012320,30/12/2017 19:06,COMPLETE,01/01/2018 06:57,06/01/2018 08:17,06/01/2018,
ZA-00012897,ZAC0004421,30/12/2017 22:33,COMPLETE,05/01/2018 06:21,10/01/2018 05:08,09/01/2018,BULK20
ZA-00012898,ZAC0018751,30/12/2017 15:38,COMPLETE,02/01/2018 04:53,06/01/2018 22:41,06/01/2018,LOYAL5
ZA-00012899,ZAC0013066,30/12/2017 07:37,COMPLETE,31/12/2017 10:22,06/01/2018 18:03,04/01/2018,
ZA-00012900,ZAC0004894,30/12/2017 10:42,COMPLETE,31/12/2017 09:37,12/01/2018 01:05,03/01/2018,
ZA-00012901,ZAC0008528,30/12/2017 15:26,COMPLETE,03/01/2018 16:00,07/01/2018 19:19,08/01/2018,
ZA-00012902,ZAC0016977,30/12/2017 09:09,COMPLETE,30/12/2017 23:23,04/01/2018 06:42,04/01/2018,
ZA-00012903,ZAC0008376,30/12/2017 17:23,COMPLETE,03/01/2018 22:38,04/01/2018 07:33,07/01/2018,
ZA-00012904,ZAC0003856,30/12/2017 14:53,COMPLETE,01/01/2018 01:07,10/01/2018 23:53,08/01/2018,
ZA-00012905,ZAC0013838,30/12/2017 10:45,COMPLETE,31/12/2017 21:44,06/01/2018 12:22,07/01/2018,
ZA-00012906,ZAC0013492,30/12/2017 09:21,COMPLETE,03/01/2018 18:18,05/01/2018 08:04,06/01/2018,
ZA-00012907,ZAC0005537,30/12/2017 12:53,COMPLETE,31/12/2017 08:27,04/01/2018 03:14,04/01/2018,FREESHIP
ZA-00012908,ZAC0010771,30/12/2017 16:11,COMPLETE,02/01/2018 16:15,09/01/2018 12:22,09/01/2018,
ZA-00012909,ZAC0019846,30/12/2017 20:04,COMPLETE,01/01/2018 16:05,03/01/2018 11:50,05/01/2018,
ZA-00012910,ZAC0016085,30/12/2017 18:39,COMPLETE,01/01/2018 02:35,05/01/2018 05:12,05/01/2018,
ZA-00012911,ZAC0008006,30/12/2017 19:33,COMPLETE,08/01/2018 19:48,19/01/2018 07:38,13/01/2018,
ZA-00012912,ZAC0006364,30/12/2017 15:10,DISPATCHED,31/12/2017 14:52,,03/01/2018,WELCOME10
ZA-00012913,ZAC0018548,30/12/2017 16:03,COMPLETE,31/12/2017 08:28,04/01/2018 13:40,03/01/2018,
ZA-00012914,ZAC0015018,30/12/2017 19:17,COMPLETE,31/12/2017 08:07,02/01/2018 03:58,03/01/2018,WELCOME10
ZA-00012915,ZAC0020692,30/12/2017 09:34,DISPATCHED,04/01/2018 08:57,,09/01/2018,
ZA-00012916,ZAC0023598,30/12/2017 20:25,COMPLETE,02/01/2018 00:17,08/01/2018 19:45,09/01/2018,
ZA-00012917,ZAC0005689,30/12/2017 14:10,COMPLETE,01/01/2018 13:43,03/01/2018 21:09,06/01/2018,
ZA-00012918,ZAC0021287,30/12/2017 08:46,COMPLETE,31/12/2017 22:24,06/01/2018 07:20,05/01/2018,
ZA-00012919,ZAC0008956,30/12/2017 10:54,COMPLETE,30/12/2017 20:53,02/01/2018 21:26,06/01/2018,
ZA-00012920,ZAC0005458,30/12/2017 09:32,COMPLETE,03/01/2018 13:52,11/01/2018 11:58,08/01/2018,LOYAL5
ZA-00012921,ZAC0019082,30/12/2017 18:00,COMPLETE,31/12/2017 23:59,02/01/2018 09:33,04/01/2018,
ZA-00012922,ZAC0001467,30/12/2017 07:11,COMPLETE,31/12/2017 06:10,07/01/2018 19:15,05/01/2018,
ZA-00012923,ZAC0012707,30/12/2017 19:51,COMPLETE,01/01/2018 22:42,06/01/2018 07:49,05/01/2018,
ZA-00012924,ZAC0004233,30/12/2017 20:15,CANCELLED,,,,
ZA-00012925,ZAC0005230,30/12/2017 14:48,COMPLETE,31/12/2017 17:37,08/01/2018 14:06,05/01/2018,
ZA-00012926,ZAC0019565,31/12/2017 14:14,COMPLETE,02/01/2018 02:18,07/01/2018 01:09,06/01/2018,
ZA-00012927,ZAC0020615,31/12/2017 22:17,COMPLETE,01/01/2018 19:13,05/01/2018 12:16,04/01/2018,
ZA-00012928,ZAC0004976,31/12/2017 22:11,COMPLETE,02/01/2018 05:55,07/01/2018 06:14,05/01/2018,
ZA-00012929,ZAC0016983,31/12/2017 21:24,COMPLETE,03/01/2018 20:41,10/01/2018 11:18,07/01/2018,
ZA-00012930,ZAC0019829,31/12/2017 09:18,COMPLETE,02/01/2018 01:21,04/01/2018 13:53,06/01/2018,
ZA-00012931,ZAC0002162,31/12/2017 22:02,COMPLETE,01/01/2018 15:48,04/01/2018 06:19,05/01/2018,
ZA-00012932,ZAC0004852,31/12/2017 17:32,COMPLETE,01/01/2018 16:39,06/01/2018 19:45,05/01/2018,
ZA-00012933,ZAC0005324,31/12/2017 13:39,COMPLETE,02/01/2018 04:50,07/01/2018 11:11,06/01/2018,
ZA-00012934,ZAC0017738,31/12/2017 10:48,COMPLETE,01/01/2018 16:03,08/01/2018 17:44,06/01/2018,LOYAL5
ZA-00012935,ZAC0000439,31/12/2017 18:06,COMPLETE,04/01/2018 13:27,08/01/2018 05:21,14/01/2018,WINTER15
ZA-00012936,ZAC0023759,31/12/2017 19:03,COMPLETE,03/01/2018 18:48,05/01/2018 05:13,06/01/2018,
ZA-00012937,ZAC0016550,31/12/2017 21:39,COMPLETE,03/01/2018 05:22,04/01/2018 23:37,06/01/2018,FLASH25
ZA-00012938,ZAC0018675,31/12/2017 16:49,COMPLETE,03/01/2018 06:07,05/01/2018 16:20,08/01/2018,FLASH25
ZA-00012939,ZAC0019799,31/12/2017 11:22,COMPLETE,01/01/2018 15:06,04/01/2018 04:23,05/01/2018,
ZA-00012940,ZAC0015318,31/12/2017 17:57,COMPLETE,06/01/2018 22:32,13/01/2018 00:09,10/01/2018,
ZA-00012941,ZAC0016508,31/12/2017 18:50,COMPLETE,01/01/2018 08:19,05/01/2018 05:17,08/01/2018,
ZA-00012942,ZAC0010867,31/12/2017 09:53,COMPLETE,02/01/2018 20:47,13/01/2018 01:47,05/01/2018,
ZA-00012943,ZAC0010087,31/12/2017 16:36,COMPLETE,01/01/2018 17:29,07/01/2018 05:14,08/01/2018,
ZA-00012944,ZAC0005050,31/12/2017 07:31,COMPLETE,03/01/2018 09:06,07/01/2018 22:22,07/01/2018,
ZA-00012945,ZAC0014990,31/12/2017 20:18,COMPLETE,02/01/2018 23:49,05/01/2018 07:41,06/01/2018,
ZA-00012946,ZAC0017239,31/12/2017 06:13,COMPLETE,01/01/2018 06:37,07/01/2018 14:20,06/01/2018,
ZA-00012947,ZAC0017069,31/12/2017 17:45,COMPLETE,02/01/2018 19:57,06/01/2018 17:48,07/01/2018,
ZA-00012948,ZAC0012816,31/12/2017 11:38,COMPLETE,02/01/2018 03:00,07/01/2018 01:45,07/01/2018,LOYAL5
ZA-00012949,ZAC0017888,31/12/2017 17:15,COMPLETE,01/01/2018 11:49,04/01/2018 15:37,06/01/2018,
ZA-00012950,ZAC0016114,31/12/2017 08:40,COMPLETE,03/01/2018 05:13,06/01/2018 05:21,08/01/2018,
ZA-00012951,ZAC0006907,31/12/2017 17:28,COMPLETE,02/01/2018 15:34,09/01/2018 04:48,09/01/2018,
ZA-00012952,ZAC0001913,31/12/2017 22:05,COMPLETE,05/01/2018 10:52,06/01/2018 22:01,08/01/2018,
ZA-00012953,ZAC0012477,31/12/2017 06:45,COMPLETE,04/01/2018 12:07,11/01/2018 22:21,14/01/2018,FREESHIP
ZA-00012954,ZAC0004430,31/12/2017 13:58,COMPLETE,05/01/2018 22:28,15/01/2018 16:19,10/01/2018,
ZA-00012955,ZAC0020948,31/12/2017 14:12,COMPLETE,02/01/2018 10:11,04/01/2018 16:09,06/01/2018,
ZA-00012956,ZAC0018805,31/12/2017 15:43,COMPLETE,04/01/2018 05:47,05/01/2018 16:06,08/01/2018,
ZA-00012957,ZAC0016793,31/12/2017 08:20,COMPLETE,01/01/2018 01:05,17/01/2018 13:47,06/01/2018,
ZA-00012958,ZAC0004980,31/12/2017 11:43,COMPLETE,01/01/2018 14:03,04/01/2018 07:48,08/01/2018,
ZA-00012959,ZAC0018002,31/12/2017 20:42,COMPLETE,10/01/2018 07:45,28/01/2018 01:45,14/01/2018,
ZA-00012960,ZAC0015293,31/12/2017 19:38,COMPLETE,02/01/2018 15:54,03/01/2018 13:47,06/01/2018,
ZA-00012961,ZAC0006895,31/12/2017 08:12,COMPLETE,02/01/2018 14:37,04/01/2018 13:03,06/01/2018,
ZA-00012962,ZAC0005715,31/12/2017 18:11,COMPLETE,01/01/2018 20:07,04/01/2018 23:03,05/01/2018,
ZA-00012963,ZAC0009792,31/12/2017 08:22,COMPLETE,31/12/2017 19:38,01/01/2018 22:34,04/01/2018,
ZA-00012964,ZAC0008906,31/12/2017 18:16,COMPLETE,01/01/2018 01:07,05/01/2018 07:44,05/01/2018,
ZA-00012965,ZAC0016361,31/12/2017 14:22,COMPLETE,02/01/2018 17:19,04/01/2018 06:15,06/01/2018,
ZA-00012966,ZAC0009774,31/12/2017 19:14,COMPLETE,01/01/2018 16:18,05/01/2018 22:55,06/01/2018,
ZA-00012967,ZAC0004922,31/12/2017 13:28,COMPLETE,31/12/2017 21:57,02/01/2018 16:53,04/01/2018,
ZA-00012968,ZAC0011325,31/12/2017 21:40,COMPLETE,02/01/2018 00:51,03/01/2018 08:57,06/01/2018,
ZA-00012969,ZAC0008246,31/12/2017 14:59,COMPLETE,04/01/2018 16:02,07/01/2018 04:55,07/01/2018,
ZA-00012970,ZAC0016453,31/12/2017 22:55,COMPLETE,03/01/2018 09:43,05/01/2018 00:26,08/01/2018,
ZA-00012971,ZAC0016553,31/12/2017 10:40,COMPLETE,04/01/2018 02:24,20/01/2018 11:13,08/01/2018,
ZA-00012972,ZAC0015760,31/12/2017 17:26,COMPLETE,02/01/2018 03:29,03/01/2018 13:59,06/01/2018,LOYAL5
ZA-00012973,ZAC0018347,31/12/2017 21:17,COMPLETE,02/01/2018 21:33,08/01/2018 07:30,06/01/2018,
ZA-00012974,ZAC0023847,31/12/2017 17:38,COMPLETE,04/01/2018 06:03,06/01/2018 13:38,11/01/2018,
ZA-00012975,ZAC0006540,31/12/2017 14:08,COMPLETE,03/01/2018 22:30,05/01/2018 07:15,10/01/2018,
ZA-00012976,ZAC0011934,31/12/2017 09:05,COMPLETE,05/01/2018 23:32,09/01/2018 00:00,10/01/2018,
ZA-00012977,ZAC0015929,31/12/2017 19:08,COMPLETE,01/01/2018 04:10,06/01/2018 03:29,06/01/2018,
ZA-00012978,ZAC0005180,31/12/2017 13:20,COMPLETE,03/01/2018 03:24,09/01/2018 00:36,10/01/2018,WELCOME10
