ord_ref,buyer_ref,ord_dt,ord_state,dispatch_dt,received_dt,promised_dt,promo_code
ZA-00020991,ZAC0020323,01/05/2018 16:35,COMPLETE,05/05/2018 13:50,12/05/2018 13:32,08/05/2018,
ZA-00020992,ZAC0014796,01/05/2018 22:50,COMPLETE,04/05/2018 03:15,07/05/2018 08:41,09/05/2018,
ZA-00020993,ZAC0001979,01/05/2018 09:54,COMPLETE,02/05/2018 12:13,06/05/2018 15:16,09/05/2018,FLASH25
ZA-00020994,ZAC0005723,01/05/2018 18:13,COMPLETE,02/05/2018 16:25,10/05/2018 11:33,05/05/2018,
ZA-00020995,ZAC0023702,01/05/2018 21:01,COMPLETE,05/05/2018 13:26,11/05/2018 03:32,10/05/2018,WINTER15
ZA-00020996,ZAC0009533,01/05/2018 19:50,CANCELLED,,,,
ZA-00020997,ZAC0022798,01/05/2018 06:42,COMPLETE,02/05/2018 15:07,18/05/2018 05:03,09/05/2018,
ZA-00020998,ZAC0002122,01/05/2018 12:27,COMPLETE,03/05/2018 03:11,08/05/2018 01:59,08/05/2018,BULK20
ZA-00020999,ZAC0000432,01/05/2018 21:05,COMPLETE,02/05/2018 08:42,07/05/2018 07:36,07/05/2018,
ZA-00021000,ZAC0022961,01/05/2018 20:13,COMPLETE,03/05/2018 02:51,06/05/2018 00:25,07/05/2018,
ZA-00021001,ZAC0003999,01/05/2018 21:54,COMPLETE,02/05/2018 04:20,03/05/2018 20:37,05/05/2018,
ZA-00021002,ZAC0005734,01/05/2018 22:39,COMPLETE,04/05/2018 00:07,05/05/2018 07:24,11/05/2018,
ZA-00021003,ZAC0000831,01/05/2018 17:05,COMPLETE,04/05/2018 15:56,05/05/2018 14:42,11/05/2018,
ZA-00021004,ZAC0004022,01/05/2018 08:06,COMPLETE,04/05/2018 23:11,07/05/2018 07:54,14/05/2018,
ZA-00021005,ZAC0022972,01/05/2018 21:40,COMPLETE,02/05/2018 12:06,05/05/2018 14:26,07/05/2018,
ZA-00021006,ZAC0002327,01/05/2018 06:29,RETURNED,01/05/2018 23:49,05/05/2018 18:33,04/05/2018,
ZA-00021007,ZAC0008412,01/05/2018 07:14,COMPLETE,02/05/2018 21:27,09/05/2018 00:09,09/05/2018,
ZA-00021008,ZAC0011059,01/05/2018 18:57,COMPLETE,04/05/2018 02:46,11/05/2018 20:39,11/05/2018,
ZA-00021009,ZAC0015669,01/05/2018 11:55,COMPLETE,01/05/2018 18:24,08/05/2018 21:45,06/05/2018,
ZA-00021010,ZAC0021654,01/05/2018 18:06,COMPLETE,05/05/2018 17:46,11/05/2018 09:44,12/05/2018,
ZA-00021011,ZAC0004661,01/05/2018 22:01,COMPLETE,03/05/2018 10:14,05/05/2018 04:30,06/05/2018,
ZA-00021012,ZAC0019546,01/05/2018 12:09,COMPLETE,01/05/2018 20:31,19/05/2018 21:54,04/05/2018,
ZA-00021013,ZAC0006927,01/05/2018 08:08,COMPLETE,04/05/2018 11:30,07/05/2018 20:15,08/05/2018,
ZA-00021014,ZAC0000200,01/05/2018 20:10,RETURNED,04/05/2018 17:10,07/05/2018 03:35,09/05/2018,FREESHIP
ZA-00021015,ZAC0007888,01/05/2018 14:05,COMPLETE,03/05/2018 23:07,13/05/2018 02:01,06/05/2018,LOYAL5
ZA-00021016,ZAC0014026,01/05/2018 21:17,COMPLETE,03/05/2018 06:20,05/05/2018 04:31,06/05/2018,BULK20
ZA-00021017,ZAC0006482,01/05/2018 20:06,COMPLETE,05/05/2018 18:01,10/05/2018 13:55,09/05/2018,BULK20
ZA-00021018,ZAC0004852,01/05/2018 06:31,COMPLETE,02/05/2018 05:48,06/05/2018 10:43,06/05/2018,
ZA-00021019,ZAC0002063,01/05/2018 08:10,COMPLETE,04/05/2018 16:38,07/05/2018 01:00,11/05/2018,
ZA-00021020,ZAC0019930,01/05/2018 06:15,COMPLETE,02/05/2018 19:12,08/05/2018 16:57,05/05/2018,
ZA-00021021,ZAC0007954,01/05/2018 08:32,COMPLETE,04/05/2018 20:18,05/05/2018 15:09,11/05/2018,
ZA-00021022,ZAC0014300,01/05/2018 11:44,PENDING,,,,
ZA-00021023,ZAC0012034,01/05/2018 21:15,COMPLETE,05/05/2018 15:34,08/05/2018 18:37,12/05/2018,
ZA-00021024,ZAC0010045,01/05/2018 15:35,COMPLETE,02/05/2018 13:14,06/05/2018 11:42,07/05/2018,FREESHIP
ZA-00021025,ZAC0000725,01/05/2018 13:28,COMPLETE,06/05/2018 07:45,09/05/2018 06:51,13/05/2018,
ZA-00021026,ZAC0020819,01/05/2018 18:54,COMPLETE,06/05/2018 01:27,07/05/2018 07:53,13/05/2018,
ZA-00021027,ZAC0018590,01/05/2018 08:17,COMPLETE,01/05/2018 23:57,03/05/2018 21:25,05/05/2018,BULK20
ZA-00021028,ZAC0021281,01/05/2018 16:34,COMPLETE,06/05/2018 13:13,11/05/2018 01:17,10/05/2018,
ZA-00021029,ZAC0009834,01/05/2018 10:29,COMPLETE,03/05/2018 09:19,11/05/2018 17:01,13/05/2018,
ZA-00021030,ZAC0015961,01/05/2018 06:17,COMPLETE,02/05/2018 02:18,05/05/2018 02:54,09/05/2018,
ZA-00021031,ZAC0020868,01/05/2018 10:55,COMPLETE,02/05/2018 16:44,10/05/2018 11:30,06/05/2018,
ZA-00021032,ZAC0003360,01/05/2018 13:14,COMPLETE,03/05/2018 15:35,06/05/2018 00:15,07/05/2018,
ZA-00021033,ZAC0011743,01/05/2018 15:43,COMPLETE,03/05/2018 11:44,05/05/2018 05:02,10/05/2018,
ZA-00021034,ZAC0000792,01/05/2018 10:44,COMPLETE,02/05/2018 18:37,09/05/2018 07:00,07/05/2018,
ZA-00021035,ZAC0002186,01/05/2018 19:38,COMPLETE,02/05/2018 15:40,08/05/2018 17:36,07/05/2018,
ZA-00021036,ZAC0011911,01/05/2018 07:56,COMPLETE,02/05/2018 12:17,05/05/2018 05:16,09/05/2018,
ZA-00021037,ZAC0014336,01/05/2018 21:18,COMPLETE,02/05/2018 04:25,06/05/2018 08:48,07/05/2018,
ZA-00021038,ZAC0020958,01/05/2018 16:24,COMPLETE,04/05/2018 12:53,06/05/2018 05:10,09/05/2018,
ZA-00021039,ZAC0007523,01/05/2018 15:23,COMPLETE,03/05/2018 15:05,08/05/2018 02:07,10/05/2018,
ZA-00021040,ZAC0014805,01/05/2018 17:26,COMPLETE,02/05/2018 09:50,04/05/2018 23:16,05/05/2018,
ZA-00021041,ZAC0001500,01/05/2018 08:15,COMPLETE,05/05/2018 03:48,05/05/2018 22:23,15/05/2018,LOYAL5
ZA-00021042,ZAC0001217,01/05/2018 09:33,COMPLETE,02/05/2018 22:36,08/05/2018 06:05,07/05/2018,
ZA-00021043,ZAC0014734,01/05/2018 17:38,COMPLETE,03/05/2018 21:04,04/05/2018 20:33,07/05/2018,
ZA-00021044,ZAC0009120,01/05/2018 13:05,COMPLETE,03/05/2018 02:44,13/05/2018 15:55,08/05/2018,BULK20
ZA-00021045,ZAC0012387,01/05/2018 06:52,COMPLETE,01/05/2018 18:22,06/05/2018 15:08,11/05/2018,FREESHIP
ZA-00021046,ZAC0006765,01/05/2018 08:31,COMPLETE,02/05/2018 20:47,09/05/2018 04:29,09/05/2018,LOYAL5
ZA-00021047,ZAC0023801,01/05/2018 06:52,COMPLETE,02/05/2018 00:22,05/05/2018 18:04,06/05/2018,
ZA-00021048,ZAC0009809,01/05/2018 17:30,DISPATCHED,06/05/2018 08:19,,09/05/2018,
ZA-00021049,ZAC0008273,01/05/2018 20:16,COMPLETE,02/05/2018 06:23,11/05/2018 13:24,07/05/2018,
ZA-00021050,ZAC0019987,01/05/2018 08:33,CANCELLED,,,,
ZA-00021051,ZAC0008568,01/05/2018 20:33,PENDING,,,,
ZA-00021052,ZAC0016699,02/05/2018 12:00,COMPLETE,04/05/2018 10:29,06/05/2018 12:27,07/05/2018,
ZA-00021053,ZAC0010227,02/05/2018 16:08,COMPLETE,10/05/2018 00:34,21/05/2018 16:49,15/05/2018,
ZA-00021054,ZAC0003794,02/05/2018 21:43,COMPLETE,05/05/2018 13:50,09/05/2018 22:06,10/05/2018,FLASH25
ZA-00021055,ZAC0015984,02/05/2018 14:28,COMPLETE,03/05/2018 21:56,09/05/2018 01:31,06/05/2018,
ZA-00021056,ZAC0016928,02/05/2018 22:17,COMPLETE,06/05/2018 00:58,13/05/2018 01:36,13/05/2018,
ZA-00021057,ZAC0019773,02/05/2018 13:58,COMPLETE,04/05/2018 02:17,07/05/2018 07:24,09/05/2018,FLASH25
ZA-00021058,ZAC0020406,02/05/2018 21:46,COMPLETE,06/05/2018 17:35,09/05/2018 15:39,09/05/2018,WELCOME10
ZA-00021059,ZAC0011436,02/05/2018 17:55,COMPLETE,03/05/2018 06:59,04/05/2018 17:12,06/05/2018,
ZA-00021060,ZAC0000356,02/05/2018 18:47,COMPLETE,06/05/2018 12:28,07/05/2018 12:42,13/05/2018,
ZA-00021061,ZAC0021182,02/05/2018 12:42,COMPLETE,05/05/2018 18:13,09/05/2018 00:34,12/05/2018,
ZA-00021062,ZAC0010617,02/05/2018 16:39,COMPLETE,04/05/2018 01:05,07/05/2018 01:29,08/05/2018,WELCOME10
ZA-00021063,ZAC0016721,02/05/2018 17:01,CANCELLED,,,,WINTER15
ZA-00021064,ZAC0005672,02/05/2018 19:04,COMPLETE,07/05/2018 23:53,14/05/2018 12:21,11/05/2018,
ZA-00021065,ZAC0013276,02/05/2018 13:44,COMPLETE,09/05/2018 11:26,11/05/2018 18:24,14/05/2018,
ZA-00021066,ZAC0016223,02/05/2018 09:11,COMPLETE,05/05/2018 07:29,05/05/2018 20:07,10/05/2018,
ZA-00021067,ZAC0018679,02/05/2018 11:54,COMPLETE,06/05/2018 03:07,06/05/2018 19:42,10/05/2018,
ZA-00021068,ZAC0011871,02/05/2018 18:35,COMPLETE,03/05/2018 12:29,06/05/2018 12:22,06/05/2018,
ZA-00021069,ZAC0008715,02/05/2018 16:19,COMPLETE,06/05/2018 02:21,12/05/2018 02:56,09/05/2018,
ZA-00021070,ZAC0013166,02/05/2018 15:01,COMPLETE,03/05/2018 08:31,05/05/2018 10:50,10/05/2018,
ZA-00021071,ZAC0000697,02/05/2018 13:19,COMPLETE,03/05/2018 17:30,07/05/2018 02:33,10/05/2018,
ZA-00021072,ZAC0001509,02/05/2018 09:13,COMPLETE,03/05/2018 14:01,05/05/2018 15:57,07/05/2018,
ZA-00021073,ZAC0014664,02/05/2018 06:15,COMPLETE,03/05/2018 11:04,11/05/2018 17:06,07/05/2018,
ZA-00021074,ZAC0009879,02/05/2018 17:28,COMPLETE,04/05/2018 05:42,06/05/2018 09:35,14/05/2018,
ZA-00021075,ZAC0022094,02/05/2018 11:33,COMPLETE,03/05/2018 02:32,04/05/2018 14:30,06/05/2018,
ZA-00021076,ZAC0022913,02/05/2018 22:48,COMPLETE,06/05/2018 03:59,09/05/2018 15:28,09/05/2018,BULK20
ZA-00021077,ZAC0002730,02/05/2018 12:23,COMPLETE,04/05/2018 03:04,07/05/2018 13:19,11/05/2018,
ZA-00021078,ZAC0021780,02/05/2018 20:13,COMPLETE,05/05/2018 02:24,06/05/2018 22:06,12/05/2018,
ZA-00021079,ZAC0004735,02/05/2018 14:19,COMPLETE,04/05/2018 15:29,18/05/2018 17:42,08/05/2018,
ZA-00021080,ZAC0021154,02/05/2018 21:54,COMPLETE,04/05/2018 22:43,06/05/2018 05:49,07/05/2018,
ZA-00021081,ZAC0008062,02/05/2018 22:29,DISPATCHED,05/05/2018 02:25,,08/05/2018,
ZA-00021082,ZAC0013018,02/05/2018 14:37,COMPLETE,04/05/2018 08:44,08/05/2018 20:51,07/05/2018,
ZA-00021083,ZAC0022995,02/05/2018 11:43,COMPLETE,03/05/2018 09:08,04/05/2018 11:13,06/05/2018,
ZA-00021084,ZAC0007736,02/05/2018 11:52,DISPATCHED,02/05/2018 23:27,,05/05/2018,
ZA-00021085,ZAC0004384,02/05/2018 11:58,COMPLETE,05/05/2018 07:10,08/05/2018 17:26,09/05/2018,
ZA-00021086,ZAC0020418,02/05/2018 06:10,COMPLETE,03/05/2018 16:42,13/05/2018 03:13,07/05/2018,WELCOME10
ZA-00021087,ZAC0019337,02/05/2018 22:36,COMPLETE,05/05/2018 15:28,08/05/2018 07:32,12/05/2018,
ZA-00021088,ZAC0016372,02/05/2018 20:31,COMPLETE,05/05/2018 12:04,06/05/2018 01:52,10/05/2018,
ZA-00021089,ZAC0011259,02/05/2018 20:53,COMPLETE,06/05/2018 07:10,14/05/2018 18:10,10/05/2018,
ZA-00021090,ZAC0008267,02/05/2018 22:05,COMPLETE,08/05/2018 03:43,11/05/2018 03:06,12/05/2018,FLASH25
ZA-00021091,ZAC0019906,02/05/2018 21:25,COMPLETE,06/05/2018 05:58,11/05/2018 04:20,11/05/2018,
ZA-00021092,ZAC0000633,02/05/2018 22:13,COMPLETE,05/05/2018 11:55,08/05/2018 23:22,12/05/2018,
ZA-00021093,ZAC0021491,02/05/2018 07:20,COMPLETE,03/05/2018 19:16,17/05/2018 16:10,08/05/2018,
ZA-00021094,ZAC0020125,02/05/2018 15:32,COMPLETE,02/05/2018 17:14,05/05/2018 22:57,05/05/2018,BULK20
ZA-00021095,ZAC0020756,02/05/2018 07:37,COMPLETE,05/05/2018 10:32,07/05/2018 07:13,08/05/2018,LOYAL5
ZA-00021096,ZAC0001785,02/05/2018 11:14,COMPLETE,09/05/2018 00:32,11/05/2018 05:21,13/05/2018,
ZA-00021097,ZAC0012897,02/05/2018 17:23,COMPLETE,04/05/2018 16:10,06/05/2018 21:39,08/05/2018,
ZA-00021098,ZAC0010218,02/05/2018 17:11,DISPATCHED,03/05/2018 19:40,,10/05/2018,
ZA-00021099,ZAC0001687,02/05/2018 13:40,COMPLETE,04/05/2018 15:41,10/05/2018 18:41,07/05/2018,
ZA-00021100,ZAC0009813,02/05/2018 17:18,COMPLETE,04/05/2018 10:41,06/05/2018 18:37,07/05/2018,LOYAL5
ZA-00021101,ZAC0007441,02/05/2018 12:57,COMPLETE,04/05/2018 10:58,14/05/2018 03:05,11/05/2018,
ZA-00021102,ZAC0004525,02/05/2018 13:40,COMPLETE,05/05/2018 04:33,09/05/2018 15:32,09/05/2018,
ZA-00021103,ZAC0011782,02/05/2018 15:06,COMPLETE,06/05/2018 06:54,11/05/2018 05:03,10/05/2018,
ZA-00021104,ZAC0021891,02/05/2018 15:44,COMPLETE,05/05/2018 21:12,06/05/2018 13:11,12/05/2018,WELCOME10
ZA-00021105,ZAC0008219,02/05/2018 13:32,COMPLETE,03/05/2018 22:27,05/05/2018 22:12,07/05/2018,
ZA-00021106,ZAC0003822,02/05/2018 16:31,COMPLETE,03/05/2018 12:55,09/05/2018 21:00,08/05/2018,
ZA-00021107,ZAC0003278,02/05/2018 21:07,COMPLETE,04/05/2018 04:42,05/05/2018 07:25,09/05/2018,
ZA-00021108,ZAC0005438,02/05/2018 07:49,COMPLETE,05/05/2018 10:51,11/05/2018 04:12,08/05/2018,
ZA-00021109,ZAC0019913,02/05/2018 15:05,COMPLETE,04/05/2018 16:00,06/05/2018 07:26,09/05/2018,LOYAL5
ZA-00021110,ZAC0023686,02/05/2018 22:52,COMPLETE,06/05/2018 06:27,10/05/2018 15:14,10/05/2018,
ZA-00021111,ZAC0022523,02/05/2018 16:16,COMPLETE,03/05/2018 19:03,11/05/2018 05:05,06/05/2018,
ZA-00021112,ZAC0003832,02/05/2018 16:08,COMPLETE,10/05/2018 18:01,13/05/2018 06:38,14/05/2018,
ZA-00021113,ZAC0008773,03/05/2018 19:11,COMPLETE,04/05/2018 07:17,09/05/2018 14:36,08/05/2018,BULK20
ZA-00021114,ZAC0022367,03/05/2018 15:30,COMPLETE,04/05/2018 22:54,14/05/2018 08:07,14/05/2018,
ZA-00021115,ZAC0006608,03/05/2018 17:26,COMPLETE,04/05/2018 18:54,09/05/2018 00:58,09/05/2018,
ZA-00021116,ZAC0002204,03/05/2018 18:10,COMPLETE,06/05/2018 09:17,11/05/2018 17:22,10/05/2018,
ZA-00021117,ZAC0014676,03/05/2018 16:03,COMPLETE,05/05/2018 00:22,11/05/2018 05:10,10/05/2018,WELCOME10
ZA-00021118,ZAC0001635,03/05/2018 12:44,COMPLETE,03/05/2018 19:49,14/05/2018 05:43,07/05/2018,
ZA-00021119,ZAC0001329,03/05/2018 12:34,COMPLETE,04/05/2018 06:55,07/05/2018 02:11,08/05/2018,
ZA-00021120,ZAC0009095,03/05/2018 08:39,COMPLETE,05/05/2018 20:41,11/05/2018 17:34,10/05/2018,
ZA-00021121,ZAC0000038,03/05/2018 20:35,COMPLETE,04/05/2018 18:48,06/05/2018 04:59,07/05/2018,
ZA-00021122,ZAC0000172,03/05/2018 14:56,CANCELLED,,,,
ZA-00021123,ZAC0022326,03/05/2018 07:08,COMPLETE,04/05/2018 05:56,11/05/2018 14:46,07/05/2018,FREESHIP
ZA-00021124,ZAC0013934,03/05/2018 17:41,COMPLETE,08/05/2018 01:25,13/05/2018 07:20,13/05/2018,
ZA-00021125,ZAC0013377,03/05/2018 06:20,COMPLETE,06/05/2018 15:27,11/05/2018 12:19,13/05/2018,
ZA-00021126,ZAC0018340,03/05/2018 13:57,COMPLETE,05/05/2018 20:38,13/05/2018 01:26,10/05/2018,
ZA-00021127,ZAC0006416,03/05/2018 17:19,COMPLETE,04/05/2018 18:30,09/05/2018 23:08,07/05/2018,
ZA-00021128,ZAC0013027,03/05/2018 06:16,COMPLETE,04/05/2018 12:41,07/05/2018 01:04,07/05/2018,
ZA-00021129,ZAC0005459,03/05/2018 08:23,COMPLETE,04/05/2018 17:08,13/05/2018 16:05,08/05/2018,
ZA-00021130,ZAC0009702,03/05/2018 21:18,COMPLETE,05/05/2018 10:00,13/05/2018 05:45,09/05/2018,
ZA-00021131,ZAC0022131,03/05/2018 06:05,COMPLETE,04/05/2018 18:21,08/05/2018 21:04,08/05/2018,FLASH25
ZA-00021132,ZAC0023339,03/05/2018 15:06,COMPLETE,03/05/2018 23:10,06/05/2018 16:22,08/05/2018,FLASH25
ZA-00021133,ZAC0007679,03/05/2018 18:09,COMPLETE,04/05/2018 11:26,15/05/2018 15:01,08/05/2018,FREESHIP
ZA-00021134,ZAC0010048,03/05/2018 21:13,COMPLETE,04/05/2018 19:45,10/05/2018 07:53,08/05/2018,
ZA-00021135,ZAC0014820,03/05/2018 17:22,COMPLETE,04/05/2018 07:52,06/05/2018 19:32,09/05/2018,
ZA-00021136,ZAC0016090,03/05/2018 17:59,COMPLETE,05/05/2018 04:56,07/05/2018 16:13,08/05/2018,
ZA-00021137,ZAC0001433,03/05/2018 15:24,COMPLETE,05/05/2018 15:44,10/05/2018 03:41,09/05/2018,
ZA-00021138,ZAC0007568,03/05/2018 10:57,COMPLETE,08/05/2018 06:42,12/05/2018 13:53,15/05/2018,
ZA-00021139,ZAC0003703,03/05/2018 06:13,COMPLETE,06/05/2018 16:32,09/05/2018 17:15,10/05/2018,
ZA-00021140,ZAC0004466,03/05/2018 16:17,COMPLETE,06/05/2018 17:04,07/05/2018 13:02,09/05/2018,
ZA-00021141,ZAC0003705,03/05/2018 13:06,COMPLETE,05/05/2018 10:00,06/05/2018 22:23,10/05/2018,
ZA-00021142,ZAC0005692,03/05/2018 17:56,COMPLETE,05/05/2018 03:46,06/05/2018 14:55,09/05/2018,
ZA-00021143,ZAC0014650,03/05/2018 16:23,COMPLETE,03/05/2018 20:16,09/05/2018 16:23,07/05/2018,FLASH25
ZA-00021144,ZAC0006195,03/05/2018 21:35,COMPLETE,07/05/2018 18:15,11/05/2018 13:16,14/05/2018,
ZA-00021145,ZAC0010831,03/05/2018 12:16,COMPLETE,04/05/2018 16:35,06/05/2018 15:28,09/05/2018,LOYAL5
ZA-00021146,ZAC0015064,03/05/2018 08:06,COMPLETE,04/05/2018 00:12,05/05/2018 15:59,09/05/2018,
ZA-00021147,ZAC0000962,03/05/2018 17:13,COMPLETE,07/05/2018 05:16,11/05/2018 10:28,11/05/2018,
ZA-00021148,ZAC0019190,03/05/2018 12:14,DISPATCHED,04/05/2018 21:21,,07/05/2018,WINTER15
ZA-00021149,ZAC0021371,03/05/2018 06:10,RETURNED,05/05/2018 12:23,17/05/2018 11:39,09/05/2018,LOYAL5
ZA-00021150,ZAC0003098,03/05/2018 15:25,COMPLETE,05/05/2018 16:51,11/05/2018 19:21,12/05/2018,
ZA-00021151,ZAC0005784,03/05/2018 13:15,COMPLETE,06/05/2018 22:19,14/05/2018 13:25,10/05/2018,
ZA-00021152,ZAC0007159,03/05/2018 19:04,COMPLETE,04/05/2018 00:56,07/05/2018 17:00,11/05/2018,WINTER15
ZA-00021153,ZAC0020166,03/05/2018 16:48,COMPLETE,05/05/2018 06:46,16/05/2018 09:25,10/05/2018,
ZA-00021154,ZAC0004349,03/05/2018 13:18,COMPLETE,05/05/2018 23:09,11/05/2018 09:11,10/05/2018,
ZA-00021155,ZAC0020128,03/05/2018 06:19,COMPLETE,03/05/2018 20:21,07/05/2018 02:36,07/05/2018,
ZA-00021156,ZAC0009408,03/05/2018 15:50,COMPLETE,05/05/2018 12:26,08/05/2018 00:31,10/05/2018,LOYAL5
ZA-00021157,ZAC0010303,03/05/2018 21:24,COMPLETE,04/05/2018 21:55,10/05/2018 18:22,11/05/2018,
ZA-00021158,ZAC0021780,03/05/2018 11:33,COMPLETE,05/05/2018 09:37,19/05/2018 05:51,08/05/2018,
ZA-00021159,ZAC0023369,03/05/2018 22:50,COMPLETE,05/05/2018 21:03,09/05/2018 03:24,12/05/2018,
ZA-00021160,ZAC0006824,03/05/2018 12:52,COMPLETE,06/05/2018 11:30,09/05/2018 03:12,16/05/2018,LOYAL5
ZA-00021161,ZAC0022139,03/05/2018 13:37,COMPLETE,05/05/2018 06:39,18/05/2018 03:27,10/05/2018,
ZA-00021162,ZAC0013008,03/05/2018 11:49,COMPLETE,04/05/2018 00:06,06/05/2018 09:06,09/05/2018,WELCOME10
ZA-00021163,ZAC0011743,03/05/2018 12:45,COMPLETE,04/05/2018 00:42,09/05/2018 20:14,09/05/2018,
ZA-00021164,ZAC0004700,03/05/2018 17:12,COMPLETE,05/05/2018 14:28,13/05/2018 16:24,10/05/2018,
ZA-00021165,ZAC0003735,03/05/2018 18:46,COMPLETE,13/05/2018 23:03,23/05/2018 08:54,16/05/2018,
ZA-00021166,ZAC0022209,03/05/2018 22:14,COMPLETE,07/05/2018 05:42,08/05/2018 06:30,17/05/2018,
ZA-00021167,ZAC0018306,03/05/2018 21:44,COMPLETE,06/05/2018 15:48,08/05/2018 02:19,09/05/2018,
ZA-00021168,ZAC0016134,03/05/2018 12:52,COMPLETE,04/05/2018 19:09,07/05/2018 02:49,11/05/2018,
ZA-00021169,ZAC0003700,03/05/2018 21:19,COMPLETE,06/05/2018 14:05,10/05/2018 02:45,10/05/2018,
ZA-00021170,ZAC0017873,03/05/2018 20:12,COMPLETE,07/05/2018 04:11,09/05/2018 08:37,10/05/2018,
ZA-00021171,ZAC0005699,03/05/2018 11:46,COMPLETE,05/05/2018 07:20,07/05/2018 21:43,09/05/2018,
ZA-00021172,ZAC0010807,03/05/2018 08:55,COMPLETE,05/05/2018 16:51,10/05/2018 06:54,12/05/2018,FLASH25
ZA-00021173,ZAC0013821,03/05/2018 11:16,CANCELLED,,,,FREESHIP
ZA-00021174,ZAC0017966,03/05/2018 11:34,COMPLETE,09/05/2018 17:57,14/05/2018 04:19,19/05/2018,
ZA-00021175,ZAC0001149,03/05/2018 21:21,COMPLETE,06/05/2018 16:37,10/05/2018 07:59,09/05/2018,WELCOME10
ZA-00021176,ZAC0007611,03/05/2018 13:50,COMPLETE,05/05/2018 05:09,14/05/2018 06:13,15/05/2018,WINTER15
ZA-00021177,ZAC0020208,03/05/2018 13:02,COMPLETE,04/05/2018 02:58,13/05/2018 10:39,09/05/2018,
ZA-00021178,ZAC0021238,04/05/2018 08:28,COMPLETE,06/05/2018 12:05,09/05/2018 08:01,16/05/2018,
ZA-00021179,ZAC0009434,04/05/2018 08:20,COMPLETE,06/05/2018 02:50,11/05/2018 06:01,10/05/2018,WINTER15
ZA-00021180,ZAC0011989,04/05/2018 10:18,COMPLETE,06/05/2018 18:41,09/05/2018 04:06,10/05/2018,
ZA-00021181,ZAC0001228,04/05/2018 16:52,COMPLETE,05/05/2018 03:13,08/05/2018 00:39,12/05/2018,
ZA-00021182,ZAC0019221,04/05/2018 10:34,COMPLETE,06/05/2018 15:31,13/05/2018 02:12,09/05/2018,
ZA-00021183,ZAC0006742,04/05/2018 16:00,COMPLETE,07/05/2018 02:15,08/05/2018 15:57,11/05/2018,LOYAL5
ZA-00021184,ZAC0016906,04/05/2018 20:34,COMPLETE,06/05/2018 20:03,09/05/2018 19:27,10/05/2018,
ZA-00021185,ZAC0015170,04/05/2018 12:26,COMPLETE,06/05/2018 09:13,15/05/2018 05:09,11/05/2018,WELCOME10
ZA-00021186,ZAC0007100,04/05/2018 15:35,CANCELLED,,,,BULK20
ZA-00021187,ZAC0023248,04/05/2018 10:25,COMPLETE,05/05/2018 05:00,09/05/2018 14:48,08/05/2018,LOYAL5
ZA-00021188,ZAC0004678,04/05/2018 12:53,COMPLETE,05/05/2018 19:37,09/05/2018 15:17,12/05/2018,
ZA-00021189,ZAC0010559,04/05/2018 08:27,COMPLETE,06/05/2018 07:46,08/05/2018 14:54,10/05/2018,
ZA-00021190,ZAC0011287,04/05/2018 17:01,COMPLETE,06/05/2018 22:45,12/05/2018 18:59,13/05/2018,WINTER15
ZA-00021191,ZAC0023845,04/05/2018 12:49,COMPLETE,06/05/2018 13:56,19/05/2018 18:27,09/05/2018,
ZA-00021192,ZAC0016973,04/05/2018 13:05,COMPLETE,08/05/2018 07:15,11/05/2018 20:30,11/05/2018,
ZA-00021193,ZAC0021807,04/05/2018 17:51,COMPLETE,07/05/2018 17:35,13/05/2018 17:33,10/05/2018,WELCOME10
ZA-00021194,ZAC0019143,04/05/2018 12:52,COMPLETE,07/05/2018 03:26,09/05/2018 17:37,10/05/2018,
ZA-00021195,ZAC0007084,04/05/2018 21:13,COMPLETE,07/05/2018 17:23,10/05/2018 05:47,12/05/2018,
ZA-00021196,ZAC0002833,04/05/2018 18:21,COMPLETE,05/05/2018 22:19,11/05/2018 13:54,08/05/2018,
ZA-00021197,ZAC0022833,04/05/2018 15:45,COMPLETE,05/05/2018 07:39,07/05/2018 19:36,10/05/2018,
ZA-00021198,ZAC0015735,04/05/2018 17:05,COMPLETE,05/05/2018 07:08,10/05/2018 14:07,08/05/2018,BULK20
ZA-00021199,ZAC0014468,04/05/2018 21:25,COMPLETE,06/05/2018 15:05,11/05/2018 17:31,11/05/2018,
ZA-00021200,ZAC0022078,04/05/2018 14:12,COMPLETE,06/05/2018 12:46,14/05/2018 20:18,11/05/2018,WINTER15
ZA-00021201,ZAC0003271,04/05/2018 10:16,COMPLETE,05/05/2018 22:14,10/05/2018 14:48,12/05/2018,
ZA-00021202,ZAC0022650,04/05/2018 07:38,COMPLETE,08/05/2018 14:16,12/05/2018 06:57,13/05/2018,
ZA-00021203,ZAC0017161,04/05/2018 13:30,COMPLETE,05/05/2018 12:40,08/05/2018 03:30,12/05/2018,
ZA-00021204,ZAC0015819,04/05/2018 17:22,COMPLETE,05/05/2018 16:02,11/05/2018 18:29,10/05/2018,WINTER15
ZA-00021205,ZAC0016315,04/05/2018 10:52,COMPLETE,06/05/2018 03:21,08/05/2018 06:02,09/05/2018,
ZA-00021206,ZAC0011314,04/05/2018 15:00,COMPLETE,05/05/2018 16:50,08/05/2018 12:17,10/05/2018,
ZA-00021207,ZAC0016542,04/05/2018 11:53,COMPLETE,07/05/2018 17:28,09/05/2018 07:22,14/05/2018,LOYAL5
ZA-00021208,ZAC0002192,04/05/2018 16:44,COMPLETE,06/05/2018 00:11,09/05/2018 10:28,11/05/2018,
ZA-00021209,ZAC0021345,04/05/2018 09:23,CANCELLED,,,,
ZA-00021210,ZAC0016096,04/05/2018 17:16,COMPLETE,05/05/2018 12:22,11/05/2018 15:18,09/05/2018,
ZA-00021211,ZAC0023702,04/05/2018 08:44,COMPLETE,05/05/2018 05:46,05/05/2018 21:32,08/05/2018,
ZA-00021212,ZAC0021052,04/05/2018 13:04,COMPLETE,04/05/2018 23:00,07/05/2018 05:13,14/05/2018,
ZA-00021213,ZAC0015249,04/05/2018 21:20,COMPLETE,05/05/2018 03:48,10/05/2018 17:10,12/05/2018,
ZA-00021214,ZAC0009534,04/05/2018 09:57,COMPLETE,06/05/2018 00:21,07/05/2018 16:09,10/05/2018,
ZA-00021215,ZAC0010057,04/05/2018 22:37,COMPLETE,06/05/2018 17:40,07/05/2018 09:08,16/05/2018,
ZA-00021216,ZAC0013948,04/05/2018 11:49,COMPLETE,05/05/2018 02:45,09/05/2018 00:26,08/05/2018,
ZA-00021217,ZAC0012166,04/05/2018 10:58,COMPLETE,09/05/2018 14:26,14/05/2018 10:35,14/05/2018,WINTER15
ZA-00021218,ZAC0008702,04/05/2018 13:09,COMPLETE,05/05/2018 00:43,07/05/2018 22:06,08/05/2018,
ZA-00021219,ZAC0005635,04/05/2018 22:09,COMPLETE,06/05/2018 19:29,23/05/2018 14:53,13/05/2018,
ZA-00021220,ZAC0008816,04/05/2018 13:58,COMPLETE,05/05/2018 12:17,07/05/2018 12:31,12/05/2018,
ZA-00021221,ZAC0003086,04/05/2018 12:55,COMPLETE,05/05/2018 04:45,08/05/2018 14:05,09/05/2018,
ZA-00021222,ZAC0017747,04/05/2018 13:35,COMPLETE,06/05/2018 13:48,08/05/2018 08:26,10/05/2018,
ZA-00021223,ZAC0003401,04/05/2018 20:08,COMPLETE,05/05/2018 11:58,11/05/2018 04:32,12/05/2018,
ZA-00021224,ZAC0016011,04/05/2018 08:51,COMPLETE,07/05/2018 12:24,10/05/2018 00:42,11/05/2018,
ZA-00021225,ZAC0014161,04/05/2018 09:49,COMPLETE,04/05/2018 18:33,15/05/2018 08:39,11/05/2018,
ZA-00021226,ZAC0014959,04/05/2018 10:00,COMPLETE,06/05/2018 04:10,12/05/2018 01:17,09/05/2018,FLASH25
ZA-00021227,ZAC0006822,04/05/2018 22:48,COMPLETE,07/05/2018 16:42,08/05/2018 16:09,12/05/2018,
ZA-00021228,ZAC0011451,04/05/2018 20:40,COMPLETE,06/05/2018 10:07,08/05/2018 21:59,10/05/2018,
ZA-00021229,ZAC0021275,04/05/2018 20:25,COMPLETE,11/05/2018 07:08,19/05/2018 17:54,18/05/2018,
ZA-00021230,ZAC0010361,04/05/2018 06:02,COMPLETE,07/05/2018 19:00,10/05/2018 12:14,12/05/2018,
ZA-00021231,ZAC0016676,04/05/2018 17:14,COMPLETE,05/05/2018 13:05,09/05/2018 12:11,12/05/2018,
ZA-00021232,ZAC0006532,04/05/2018 11:19,COMPLETE,05/05/2018 16:30,16/05/2018 22:26,10/05/2018,LOYAL5
ZA-00021233,ZAC0023590,04/05/2018 21:41,COMPLETE,07/05/2018 04:25,17/05/2018 20:47,14/05/2018,
ZA-00021234,ZAC0020456,04/05/2018 07:08,COMPLETE,06/05/2018 00:39,09/05/2018 17:44,09/05/2018,
ZA-00021235,ZAC0012085,04/05/2018 15:57,COMPLETE,06/05/2018 17:10,10/05/2018 00:37,10/05/2018,WINTER15
ZA-00021236,ZAC0022628,04/05/2018 08:46,COMPLETE,05/05/2018 13:14,09/05/2018 13:12,09/05/2018,LOYAL5
ZA-00021237,ZAC0000860,04/05/2018 09:00,COMPLETE,05/05/2018 03:06,09/05/2018 05:21,15/05/2018,
ZA-00021238,ZAC0001593,04/05/2018 07:39,COMPLETE,10/05/2018 14:23,15/05/2018 15:31,14/05/2018,
ZA-00021239,ZAC0014414,04/05/2018 17:56,COMPLETE,05/05/2018 13:57,09/05/2018 11:11,09/05/2018,WINTER15
ZA-00021240,ZAC0023890,04/05/2018 06:14,COMPLETE,05/05/2018 08:50,10/05/2018 09:12,12/05/2018,
ZA-00021241,ZAC0013941,04/05/2018 14:59,DISPATCHED,07/05/2018 20:05,,11/05/2018,
ZA-00021242,ZAC0014784,04/05/2018 16:37,COMPLETE,06/05/2018 18:53,09/05/2018 15:40,13/05/2018,
ZA-00021243,ZAC0016506,04/05/2018 21:40,COMPLETE,07/05/2018 13:13,11/05/2018 18:53,12/05/2018,FREESHIP
ZA-00021244,ZAC0006383,04/05/2018 09:24,COMPLETE,12/05/2018 13:34,19/05/2018 14:29,19/05/2018,
ZA-00021245,ZAC0021914,04/05/2018 22:10,COMPLETE,05/05/2018 14:16,07/05/2018 08:40,15/05/2018,
ZA-00021246,ZAC0008415,04/05/2018 21:46,COMPLETE,05/05/2018 18:55,09/05/2018 12:21,08/05/2018,
ZA-00021247,ZAC0023930,05/05/2018 09:34,COMPLETE,09/05/2018 12:30,17/05/2018 02:41,14/05/2018,LOYAL5
ZA-00021248,ZAC0016279,05/05/2018 07:19,COMPLETE,07/05/2018 20:30,11/05/2018 13:15,12/05/2018,
ZA-00021249,ZAC0013166,05/05/2018 08:07,COMPLETE,06/05/2018 11:30,12/05/2018 01:52,10/05/2018,
ZA-00021250,ZAC0006830,05/05/2018 12:35,COMPLETE,11/05/2018 17:27,12/05/2018 01:18,21/05/2018,
ZA-00021251,ZAC0023096,05/05/2018 10:39,COMPLETE,06/05/2018 22:15,11/05/2018 10:39,10/05/2018,
ZA-00021252,ZAC0018676,05/05/2018 22:58,COMPLETE,10/05/2018 20:03,14/05/2018 14:48,20/05/2018,
ZA-00021253,ZAC0022255,05/05/2018 10:00,COMPLETE,05/05/2018 19:23,11/05/2018 12:03,12/05/2018,
ZA-00021254,ZAC0019289,05/05/2018 15:20,COMPLETE,09/05/2018 16:39,12/05/2018 10:49,14/05/2018,
ZA-00021255,ZAC0008506,05/05/2018 08:38,COMPLETE,05/05/2018 23:05,08/05/2018 22:02,09/05/2018,WINTER15
ZA-00021256,ZAC0015952,05/05/2018 19:58,DISPATCHED,07/05/2018 21:51,,14/05/2018,
ZA-00021257,ZAC0002845,05/05/2018 12:28,COMPLETE,07/05/2018 01:23,12/05/2018 05:36,11/05/2018,FREESHIP
ZA-00021258,ZAC0009814,05/05/2018 06:26,COMPLETE,06/05/2018 20:30,16/05/2018 06:09,10/05/2018,
ZA-00021259,ZAC0004538,05/05/2018 21:53,COMPLETE,10/05/2018 22:54,16/05/2018 15:05,14/05/2018,
ZA-00021260,ZAC0003388,05/05/2018 14:23,COMPLETE,06/05/2018 06:56,07/05/2018 00:11,11/05/2018,
ZA-00021261,ZAC0002702,05/05/2018 06:02,COMPLETE,08/05/2018 10:10,12/05/2018 00:20,13/05/2018,
ZA-00021262,ZAC0023585,05/05/2018 17:20,COMPLETE,08/05/2018 08:31,15/05/2018 04:07,12/05/2018,
ZA-00021263,ZAC0023558,05/05/2018 18:26,COMPLETE,10/05/2018 09:03,12/05/2018 21:47,15/05/2018,
ZA-00021264,ZAC0014142,05/05/2018 07:26,COMPLETE,06/05/2018 10:08,16/05/2018 02:26,09/05/2018,
ZA-00021265,ZAC0005834,05/05/2018 09:08,COMPLETE,06/05/2018 14:41,07/05/2018 20:38,10/05/2018,
ZA-00021266,ZAC0000178,05/05/2018 17:45,COMPLETE,08/05/2018 04:38,11/05/2018 11:22,15/05/2018,
ZA-00021267,ZAC0012742,05/05/2018 07:11,COMPLETE,10/05/2018 00:00,15/05/2018 06:54,14/05/2018,BULK20
ZA-00021268,ZAC0013241,05/05/2018 08:02,COMPLETE,09/05/2018 06:31,10/05/2018 01:41,13/05/2018,
ZA-00021269,ZAC0002285,05/05/2018 14:08,COMPLETE,06/05/2018 23:24,13/05/2018 04:18,13/05/2018,FLASH25
ZA-00021270,ZAC0002104,05/05/2018 06:56,COMPLETE,11/05/2018 08:31,14/05/2018 12:33,16/05/2018,
ZA-00021271,ZAC0000795,05/05/2018 13:02,COMPLETE,10/05/2018 04:52,13/05/2018 20:09,15/05/2018,
ZA-00021272,ZAC0004246,05/05/2018 12:19,COMPLETE,05/05/2018 12:52,07/05/2018 20:04,08/05/2018,FREESHIP
ZA-00021273,ZAC0019441,05/05/2018 15:17,COMPLETE,06/05/2018 14:14,07/05/2018 11:18,11/05/2018,
ZA-00021274,ZAC0006961,05/05/2018 11:54,COMPLETE,05/05/2018 15:54,11/05/2018 19:28,08/05/2018,
ZA-00021275,ZAC0015201,05/05/2018 08:15,COMPLETE,05/05/2018 15:30,07/05/2018 20:43,09/05/2018,BULK20
ZA-00021276,ZAC0009765,05/05/2018 11:47,COMPLETE,06/05/2018 04:00,08/05/2018 21:43,13/05/2018,LOYAL5
ZA-00021277,ZAC0016126,05/05/2018 16:04,COMPLETE,07/05/2018 00:25,15/05/2018 02:20,14/05/2018,
ZA-00021278,ZAC0005951,05/05/2018 06:02,COMPLETE,08/05/2018 12:12,12/05/2018 11:39,12/05/2018,
ZA-00021279,ZAC0003743,05/05/2018 07:32,COMPLETE,07/05/2018 21:43,10/05/2018 06:48,11/05/2018,
ZA-00021280,ZAC0013131,05/05/2018 09:06,COMPLETE,06/05/2018 02:53,08/05/2018 15:06,11/05/2018,
ZA-00021281,ZAC0018956,05/05/2018 20:12,COMPLETE,08/05/2018 00:32,16/05/2018 12:07,12/05/2018,
ZA-00021282,ZAC0023757,05/05/2018 15:53,COMPLETE,07/05/2018 11:26,10/05/2018 00:57,11/05/2018,
ZA-00021283,ZAC0008858,05/05/2018 06:28,COMPLETE,07/05/2018 00:45,19/05/2018 21:45,12/05/2018,WELCOME10
ZA-00021284,ZAC0023041,05/05/2018 15:01,COMPLETE,07/05/2018 01:23,10/05/2018 23:06,10/05/2018,
ZA-00021285,ZAC0018366,05/05/2018 12:44,COMPLETE,07/05/2018 08:34,16/05/2018 15:46,11/05/2018,
ZA-00021286,ZAC0015417,05/05/2018 20:16,COMPLETE,12/05/2018 11:42,14/05/2018 12:24,17/05/2018,
ZA-00021287,ZAC0021719,05/05/2018 11:52,COMPLETE,07/05/2018 16:00,12/05/2018 15:07,12/05/2018,
ZA-00021288,ZAC0021332,05/05/2018 21:56,COMPLETE,08/05/2018 03:06,11/05/2018 21:55,15/05/2018,
ZA-00021289,ZAC0007857,05/05/2018 22:26,COMPLETE,10/05/2018 03:08,14/05/2018 23:33,14/05/2018,
ZA-00021290,ZAC0013926,05/05/2018 22:04,COMPLETE,06/05/2018 10:58,10/05/2018 12:40,09/05/2018,
ZA-00021291,ZAC0003672,05/05/2018 15:24,COMPLETE,16/05/2018 06:47,18/05/2018 21:55,20/05/2018,
ZA-00021292,ZAC0022198,05/05/2018 06:54,COMPLETE,06/05/2018 09:22,11/05/2018 07:21,10/05/2018,
ZA-00021293,ZAC0005774,05/05/2018 22:44,COMPLETE,06/05/2018 07:59,12/05/2018 08:31,11/05/2018,
ZA-00021294,ZAC0008509,05/05/2018 18:29,PENDING,,,,FREESHIP
ZA-00021295,ZAC0011115,05/05/2018 06:13,COMPLETE,09/05/2018 07:49,11/05/2018 14:02,13/05/2018,FREESHIP
ZA-00021296,ZAC0007379,05/05/2018 16:09,COMPLETE,08/05/2018 04:02,10/05/2018 20:33,15/05/2018,
ZA-00021297,ZAC0012049,05/05/2018 20:42,DISPATCHED,07/05/2018 23:13,,11/05/2018,
ZA-00021298,ZAC0003814,05/05/2018 16:47,COMPLETE,08/05/2018 13:00,15/05/2018 03:45,15/05/2018,
ZA-00021299,ZAC0016062,05/05/2018 20:52,COMPLETE,06/05/2018 11:08,19/05/2018 07:36,11/05/2018,
ZA-00021300,ZAC0008366,05/05/2018 13:03,COMPLETE,06/05/2018 20:28,13/05/2018 11:52,11/05/2018,
ZA-00021301,ZAC0008565,05/05/2018 19:17,COMPLETE,07/05/2018 14:00,15/05/2018 07:56,17/05/2018,
ZA-00021302,ZAC0018160,05/05/2018 07:53,COMPLETE,08/05/2018 13:54,14/05/2018 09:28,18/05/2018,WINTER15
ZA-00021303,ZAC0018573,05/05/2018 19:08,COMPLETE,07/05/2018 06:04,10/05/2018 02:16,10/05/2018,
ZA-00021304,ZAC0000568,05/05/2018 17:36,COMPLETE,07/05/2018 21:56,10/05/2018 05:25,12/05/2018,LOYAL5
ZA-00021305,ZAC0004485,05/05/2018 06:38,COMPLETE,05/05/2018 22:39,08/05/2018 11:05,12/05/2018,
ZA-00021306,ZAC0011668,05/05/2018 16:50,COMPLETE,07/05/2018 08:33,11/05/2018 17:27,14/05/2018,
ZA-00021307,ZAC0011103,05/05/2018 12:44,COMPLETE,07/05/2018 18:27,14/05/2018 17:16,11/05/2018,
ZA-00021308,ZAC0016268,05/05/2018 22:58,COMPLETE,07/05/2018 23:25,09/05/2018 17:37,11/05/2018,
ZA-00021309,ZAC0014803,06/05/2018 09:13,COMPLETE,07/05/2018 08:04,11/05/2018 09:33,10/05/2018,
ZA-00021310,ZAC0010712,06/05/2018 16:11,COMPLETE,07/05/2018 21:56,11/05/2018 04:32,11/05/2018,
ZA-00021311,ZAC0022411,06/05/2018 08:16,COMPLETE,07/05/2018 10:18,14/05/2018 19:39,10/05/2018,
ZA-00021312,ZAC0001882,06/05/2018 06:07,COMPLETE,07/05/2018 09:41,07/05/2018 21:33,11/05/2018,
ZA-00021313,ZAC0020876,06/05/2018 15:39,COMPLETE,09/05/2018 02:55,15/05/2018 18:49,12/05/2018,
ZA-00021314,ZAC0023788,06/05/2018 22:09,COMPLETE,08/05/2018 23:44,10/05/2018 03:17,11/05/2018,FREESHIP
ZA-00021315,ZAC0022450,06/05/2018 12:41,COMPLETE,08/05/2018 15:57,11/05/2018 01:46,11/05/2018,BULK20
ZA-00021316,ZAC0013621,06/05/2018 13:49,COMPLETE,09/05/2018 08:08,16/05/2018 11:39,14/05/2018,WELCOME10
ZA-00021317,ZAC0014341,06/05/2018 10:29,COMPLETE,09/05/2018 04:44,19/05/2018 14:07,14/05/2018,
ZA-00021318,ZAC0011830,06/05/2018 16:30,COMPLETE,08/05/2018 07:11,08/05/2018 17:19,13/05/2018,BULK20
ZA-00021319,ZAC0020256,06/05/2018 14:31,COMPLETE,08/05/2018 05:24,11/05/2018 13:14,13/05/2018,
ZA-00021320,ZAC0022069,06/05/2018 07:46,COMPLETE,08/05/2018 05:35,09/05/2018 19:16,18/05/2018,
ZA-00021321,ZAC0005126,06/05/2018 10:22,COMPLETE,10/05/2018 15:55,14/05/2018 01:18,17/05/2018,
ZA-00021322,ZAC0016528,06/05/2018 18:03,COMPLETE,07/05/2018 14:19,09/05/2018 10:14,12/05/2018,
ZA-00021323,ZAC0008322,06/05/2018 09:22,COMPLETE,07/05/2018 13:20,13/05/2018 03:12,11/05/2018,BULK20
ZA-00021324,ZAC0017365,06/05/2018 13:19,COMPLETE,09/05/2018 06:26,11/05/2018 09:47,13/05/2018,WELCOME10
ZA-00021325,ZAC0019037,06/05/2018 17:05,COMPLETE,08/05/2018 21:29,16/05/2018 02:32,13/05/2018,LOYAL5
ZA-00021326,ZAC0005712,06/05/2018 17:57,COMPLETE,10/05/2018 04:10,14/05/2018 15:58,14/05/2018,WINTER15
ZA-00021327,ZAC0022020,06/05/2018 15:26,COMPLETE,09/05/2018 05:26,12/05/2018 16:15,14/05/2018,
ZA-00021328,ZAC0015276,06/05/2018 20:52,COMPLETE,09/05/2018 04:09,21/05/2018 05:55,14/05/2018,
ZA-00021329,ZAC0001436,06/05/2018 19:56,COMPLETE,08/05/2018 16:32,15/05/2018 01:26,11/05/2018,
ZA-00021330,ZAC0001586,06/05/2018 18:52,COMPLETE,08/05/2018 06:17,08/05/2018 17:15,18/05/2018,WINTER15
ZA-00021331,ZAC0004540,06/05/2018 19:13,COMPLETE,08/05/2018 18:23,09/05/2018 15:30,11/05/2018,
ZA-00021332,ZAC0000149,06/05/2018 14:59,COMPLETE,08/05/2018 13:11,17/05/2018 13:56,12/05/2018,
ZA-00021333,ZAC0001117,06/05/2018 12:17,COMPLETE,08/05/2018 18:18,11/05/2018 14:05,15/05/2018,
ZA-00021334,ZAC0012775,06/05/2018 15:55,COMPLETE,08/05/2018 13:33,14/05/2018 19:46,15/05/2018,
ZA-00021335,ZAC0000659,06/05/2018 17:15,COMPLETE,08/05/2018 03:54,12/05/2018 04:38,15/05/2018,LOYAL5
ZA-00021336,ZAC0002977,06/05/2018 17:42,COMPLETE,07/05/2018 03:02,13/05/2018 06:51,14/05/2018,
ZA-00021337,ZAC0005863,06/05/2018 10:00,COMPLETE,11/05/2018 16:04,17/05/2018 04:11,15/05/2018,
ZA-00021338,ZAC0006691,06/05/2018 15:50,COMPLETE,09/05/2018 00:44,09/05/2018 22:17,14/05/2018,
ZA-00021339,ZAC0012514,06/05/2018 18:24,COMPLETE,09/05/2018 08:54,17/05/2018 04:13,16/05/2018,LOYAL5
ZA-00021340,ZAC0003041,06/05/2018 17:14,COMPLETE,07/05/2018 06:45,14/05/2018 09:25,10/05/2018,
ZA-00021341,ZAC0017479,06/05/2018 08:18,COMPLETE,10/05/2018 09:54,17/05/2018 23:21,14/05/2018,
ZA-00021342,ZAC0002186,06/05/2018 13:10,COMPLETE,09/05/2018 11:06,10/05/2018 11:54,14/05/2018,BULK20
ZA-00021343,ZAC0016234,06/05/2018 17:05,COMPLETE,09/05/2018 06:12,11/05/2018 19:44,16/05/2018,WINTER15
ZA-00021344,ZAC0001337,06/05/2018 16:55,COMPLETE,08/05/2018 13:45,14/05/2018 16:09,12/05/2018,
ZA-00021345,ZAC0020053,06/05/2018 19:57,COMPLETE,10/05/2018 00:43,12/05/2018 13:14,15/05/2018,WINTER15
ZA-00021346,ZAC0015245,06/05/2018 07:20,COMPLETE,08/05/2018 15:24,11/05/2018 06:19,13/05/2018,
ZA-00021347,ZAC0021446,06/05/2018 12:01,COMPLETE,09/05/2018 00:11,13/05/2018 03:53,14/05/2018,
ZA-00021348,ZAC0009004,06/05/2018 15:49,DISPATCHED,12/05/2018 00:30,,17/05/2018,
ZA-00021349,ZAC0016390,06/05/2018 18:10,COMPLETE,08/05/2018 03:21,20/05/2018 08:52,15/05/2018,
ZA-00021350,ZAC0009139,06/05/2018 10:30,COMPLETE,08/05/2018 06:14,12/05/2018 11:27,15/05/2018,
ZA-00021351,ZAC0022930,06/05/2018 12:34,COMPLETE,08/05/2018 02:41,13/05/2018 09:32,13/05/2018,FLASH25
ZA-00021352,ZAC0002735,06/05/2018 14:11,COMPLETE,07/05/2018 20:50,14/05/2018 02:32,12/05/2018,
ZA-00021353,ZAC0020939,06/05/2018 21:32,COMPLETE,08/05/2018 20:19,11/05/2018 03:46,12/05/2018,
ZA-00021354,ZAC0020945,06/05/2018 11:41,COMPLETE,07/05/2018 11:19,09/05/2018 13:21,14/05/2018,
ZA-00021355,ZAC0013957,06/05/2018 16:00,COMPLETE,11/05/2018 18:20,18/05/2018 06:15,16/05/2018,
ZA-00021356,ZAC0023057,06/05/2018 12:15,COMPLETE,07/05/2018 21:47,10/05/2018 20:21,12/05/2018,BULK20
ZA-00021357,ZAC0001260,06/05/2018 18:12,COMPLETE,09/05/2018 03:27,16/05/2018 02:42,12/05/2018,
ZA-00021358,ZAC0015195,06/05/2018 17:33,COMPLETE,11/05/2018 21:14,13/05/2018 18:12,14/05/2018,
ZA-00021359,ZAC0000341,06/05/2018 20:13,COMPLETE,08/05/2018 13:39,12/05/2018 23:34,18/05/2018,
ZA-00021360,ZAC0023978,06/05/2018 19:48,COMPLETE,08/05/2018 01:03,09/05/2018 02:08,13/05/2018,
ZA-00021361,ZAC0007584,06/05/2018 19:56,COMPLETE,10/05/2018 23:03,12/05/2018 04:48,15/05/2018,
ZA-00021362,ZAC0020765,06/05/2018 16:26,COMPLETE,08/05/2018 07:56,10/05/2018 19:58,15/05/2018,LOYAL5
ZA-00021363,ZAC0012975,06/05/2018 10:22,COMPLETE,11/05/2018 04:49,12/05/2018 07:50,14/05/2018,
ZA-00021364,ZAC0014437,06/05/2018 12:01,COMPLETE,08/05/2018 20:15,16/05/2018 06:51,12/05/2018,
ZA-00021365,ZAC0011180,06/05/2018 07:00,COMPLETE,12/05/2018 01:36,18/05/2018 21:33,19/05/2018,
ZA-00021366,ZAC0018859,06/05/2018 06:17,COMPLETE,09/05/2018 10:58,14/05/2018 18:14,14/05/2018,LOYAL5
ZA-00021367,ZAC0023680,06/05/2018 15:10,COMPLETE,08/05/2018 22:58,09/05/2018 23:51,15/05/2018,WELCOME10
ZA-00021368,ZAC0021993,06/05/2018 20:54,COMPLETE,07/05/2018 08:05,20/05/2018 04:56,10/05/2018,
ZA-00021369,ZAC0017235,06/05/2018 06:22,COMPLETE,07/05/2018 19:29,11/05/2018 06:24,10/05/2018,
ZA-00021370,ZAC0001099,06/05/2018 13:35,COMPLETE,10/05/2018 09:45,11/05/2018 18:27,14/05/2018,
ZA-00021371,ZAC0013924,06/05/2018 19:37,COMPLETE,08/05/2018 15:14,10/05/2018 04:52,15/05/2018,
ZA-00021372,ZAC0006185,06/05/2018 21:02,COMPLETE,08/05/2018 07:18,10/05/2018 22:02,15/05/2018,BULK20
ZA-00021373,ZAC0009615,06/05/2018 13:15,COMPLETE,07/05/2018 14:03,16/05/2018 22:40,12/05/2018,
ZA-00021374,ZAC0011244,06/05/2018 22:52,COMPLETE,08/05/2018 20:01,14/05/2018 16:49,12/05/2018,
ZA-00021375,ZAC0009195,06/05/2018 09:57,DISPATCHED,06/05/2018 20:43,,13/05/2018,
ZA-00021376,ZAC0011607,06/05/2018 09:22,COMPLETE,07/05/2018 03:07,10/05/2018 05:43,11/05/2018,
ZA-00021377,ZAC0021397,06/05/2018 16:34,COMPLETE,08/05/2018 10:28,10/05/2018 15:26,13/05/2018,LOYAL5
ZA-00021378,ZAC0016895,06/05/2018 18:24,COMPLETE,08/05/2018 17:24,11/05/2018 15:04,15/05/2018,
ZA-00021379,ZAC0020243,06/05/2018 07:55,COMPLETE,08/05/2018 22:19,11/05/2018 03:33,18/05/2018,
ZA-00021380,ZAC0012020,06/05/2018 10:59,COMPLETE,07/05/2018 22:37,11/05/2018 13:45,14/05/2018,
ZA-00021381,ZAC0004363,06/05/2018 19:24,COMPLETE,09/05/2018 22:14,13/05/2018 10:23,14/05/2018,WINTER15
ZA-00021382,ZAC0007650,06/05/2018 16:02,PENDING,,,,
ZA-00021383,ZAC0022837,06/05/2018 08:33,COMPLETE,07/05/2018 09:06,18/05/2018 02:42,11/05/2018,
ZA-00021384,ZAC0023907,06/05/2018 11:02,COMPLETE,08/05/2018 05:12,11/05/2018 06:40,11/05/2018,
ZA-00021385,ZAC0006827,06/05/2018 10:43,COMPLETE,07/05/2018 07:17,14/05/2018 06:12,12/05/2018,
ZA-00021386,ZAC0014081,07/05/2018 20:43,COMPLETE,10/05/2018 11:21,11/05/2018 13:41,14/05/2018,
ZA-00021387,ZAC0003316,07/05/2018 14:34,COMPLETE,08/05/2018 20:50,11/05/2018 10:44,11/05/2018,LOYAL5
ZA-00021388,ZAC0015570,07/05/2018 22:50,COMPLETE,11/05/2018 06:08,14/05/2018 15:20,16/05/2018,
ZA-00021389,ZAC0005793,07/05/2018 21:55,COMPLETE,10/05/2018 17:17,12/05/2018 14:31,17/05/2018,
ZA-00021390,ZAC0008860,07/05/2018 15:47,COMPLETE,09/05/2018 16:25,23/05/2018 14:50,13/05/2018,
ZA-00021391,ZAC0007963,07/05/2018 19:40,COMPLETE,13/05/2018 14:42,23/05/2018 07:26,17/05/2018,
ZA-00021392,ZAC0006765,07/05/2018 06:33,COMPLETE,08/05/2018 07:29,13/05/2018 05:17,13/05/2018,
ZA-00021393,ZAC0017463,07/05/2018 13:02,COMPLETE,09/05/2018 13:09,18/05/2018 04:17,19/05/2018,
ZA-00021394,ZAC0015103,07/05/2018 11:12,COMPLETE,08/05/2018 08:00,11/05/2018 01:58,13/05/2018,
ZA-00021395,ZAC0013109,07/05/2018 14:28,COMPLETE,08/05/2018 04:44,11/05/2018 18:02,12/05/2018,
ZA-00021396,ZAC0021702,07/05/2018 17:30,COMPLETE,09/05/2018 00:15,13/05/2018 01:42,13/05/2018,
ZA-00021397,ZAC0007279,07/05/2018 12:41,COMPLETE,07/05/2018 23:13,11/05/2018 04:00,10/05/2018,
ZA-00021398,ZAC0017471,07/05/2018 15:49,COMPLETE,10/05/2018 09:19,14/05/2018 02:39,14/05/2018,
ZA-00021399,ZAC0011458,07/05/2018 20:12,COMPLETE,09/05/2018 09:25,12/05/2018 17:07,13/05/2018,WELCOME10
ZA-00021400,ZAC0021690,07/05/2018 06:01,COMPLETE,14/05/2018 14:47,21/05/2018 00:35,21/05/2018,
ZA-00021401,ZAC0019613,07/05/2018 17:04,COMPLETE,09/05/2018 07:25,14/05/2018 09:44,12/05/2018,
ZA-00021402,ZAC0016706,07/05/2018 10:54,COMPLETE,09/05/2018 09:13,12/05/2018 16:22,13/05/2018,
ZA-00021403,ZAC0017281,07/05/2018 21:12,COMPLETE,13/05/2018 06:33,20/05/2018 01:21,20/05/2018,
ZA-00021404,ZAC0005644,07/05/2018 10:02,COMPLETE,08/05/2018 07:36,17/05/2018 12:49,12/05/2018,
ZA-00021405,ZAC0006793,07/05/2018 21:34,COMPLETE,09/05/2018 21:55,13/05/2018 22:26,13/05/2018,
ZA-00021406,ZAC0006641,07/05/2018 20:26,COMPLETE,12/05/2018 09:23,17/05/2018 19:25,16/05/2018,
ZA-00021407,ZAC0003622,07/05/2018 13:34,COMPLETE,08/05/2018 17:53,23/05/2018 06:07,11/05/2018,WINTER15
ZA-00021408,ZAC0007211,07/05/2018 12:00,COMPLETE,09/05/2018 03:09,11/05/2018 03:35,13/05/2018,LOYAL5
ZA-00021409,ZAC0000070,07/05/2018 10:24,COMPLETE,10/05/2018 18:24,15/05/2018 19:42,17/05/2018,
ZA-00021410,ZAC0000754,07/05/2018 15:01,COMPLETE,10/05/2018 13:57,21/05/2018 22:09,20/05/2018,
ZA-00021411,ZAC0004002,07/05/2018 22:19,COMPLETE,10/05/2018 22:28,13/05/2018 08:56,13/05/2018,
ZA-00021412,ZAC0014841,07/05/2018 15:04,COMPLETE,08/05/2018 20:53,12/05/2018 19:05,12/05/2018,
ZA-00021413,ZAC0023340,07/05/2018 06:36,COMPLETE,09/05/2018 12:45,11/05/2018 19:13,14/05/2018,
ZA-00021414,ZAC0019886,07/05/2018 14:47,COMPLETE,11/05/2018 10:39,18/05/2018 21:31,18/05/2018,FLASH25
ZA-00021415,ZAC0016592,07/05/2018 16:31,COMPLETE,08/05/2018 04:52,11/05/2018 02:30,13/05/2018,
ZA-00021416,ZAC0010716,07/05/2018 11:02,COMPLETE,10/05/2018 00:26,14/05/2018 20:41,14/05/2018,
ZA-00021417,ZAC0005225,07/05/2018 09:47,COMPLETE,09/05/2018 06:49,11/05/2018 17:43,14/05/2018,
ZA-00021418,ZAC0023326,07/05/2018 17:09,COMPLETE,09/05/2018 21:25,17/05/2018 03:29,13/05/2018,
ZA-00021419,ZAC0020399,07/05/2018 21:35,COMPLETE,12/05/2018 01:48,22/05/2018 14:54,22/05/2018,
ZA-00021420,ZAC0006070,07/05/2018 06:50,COMPLETE,07/05/2018 17:56,10/05/2018 18:26,11/05/2018,
ZA-00021421,ZAC0012390,07/05/2018 17:58,COMPLETE,08/05/2018 02:39,13/05/2018 06:27,11/05/2018,
ZA-00021422,ZAC0008617,07/05/2018 14:39,CANCELLED,,,,
ZA-00021423,ZAC0021765,07/05/2018 20:07,COMPLETE,09/05/2018 04:29,11/05/2018 21:32,14/05/2018,
ZA-00021424,ZAC0021799,07/05/2018 18:45,CANCELLED,,,,
ZA-00021425,ZAC0002983,07/05/2018 11:24,COMPLETE,08/05/2018 06:02,12/05/2018 09:26,11/05/2018,
ZA-00021426,ZAC0022943,07/05/2018 06:41,COMPLETE,10/05/2018 13:47,13/05/2018 14:58,14/05/2018,
ZA-00021427,ZAC0001419,07/05/2018 22:51,COMPLETE,10/05/2018 23:21,14/05/2018 09:44,15/05/2018,BULK20
ZA-00021428,ZAC0013863,07/05/2018 13:26,COMPLETE,11/05/2018 06:24,17/05/2018 16:36,15/05/2018,
ZA-00021429,ZAC0013754,07/05/2018 21:21,COMPLETE,09/05/2018 19:20,13/05/2018 21:07,16/05/2018,
ZA-00021430,ZAC0011752,07/05/2018 21:13,COMPLETE,10/05/2018 02:58,15/05/2018 11:30,17/05/2018,
ZA-00021431,ZAC0004869,07/05/2018 13:36,COMPLETE,09/05/2018 05:52,10/05/2018 20:04,14/05/2018,
ZA-00021432,ZAC0000088,07/05/2018 11:08,CANCELLED,,,,
ZA-00021433,ZAC0006115,07/05/2018 08:55,CANCELLED,,,,
ZA-00021434,ZAC0004469,07/05/2018 06:26,COMPLETE,12/05/2018 06:30,18/05/2018 11:30,17/05/2018,
ZA-00021435,ZAC0004972,07/05/2018 10:12,COMPLETE,08/05/2018 00:26,12/05/2018 06:04,11/05/2018,
ZA-00021436,ZAC0006532,07/05/2018 21:03,COMPLETE,08/05/2018 23:10,10/05/2018 02:26,11/05/2018,LOYAL5
ZA-00021437,ZAC0015027,07/05/2018 10:29,COMPLETE,09/05/2018 09:01,11/05/2018 10:33,13/05/2018,
ZA-00021438,ZAC0017651,07/05/2018 17:23,COMPLETE,09/05/2018 17:45,16/05/2018 04:26,14/05/2018,
ZA-00021439,ZAC0003070,07/05/2018 18:09,COMPLETE,12/05/2018 14:11,16/05/2018 01:18,17/05/2018,
ZA-00021440,ZAC0011400,07/05/2018 16:54,COMPLETE,08/05/2018 03:15,13/05/2018 03:03,15/05/2018,
ZA-00021441,ZAC0011087,07/05/2018 10:04,COMPLETE,08/05/2018 15:20,11/05/2018 09:36,12/05/2018,
ZA-00021442,ZAC0005046,07/05/2018 08:08,COMPLETE,07/05/2018 22:24,08/05/2018 09:14,14/05/2018,
ZA-00021443,ZAC0012037,07/05/2018 22:21,COMPLETE,09/05/2018 02:34,10/05/2018 21:30,13/05/2018,
ZA-00021444,ZAC0022998,07/05/2018 09:37,COMPLETE,11/05/2018 15:04,14/05/2018 01:38,15/05/2018,
ZA-00021445,ZAC0015219,07/05/2018 17:19,COMPLETE,12/05/2018 19:02,20/05/2018 04:09,15/05/2018,
ZA-00021446,ZAC0009709,07/05/2018 22:25,COMPLETE,09/05/2018 03:52,10/05/2018 04:33,12/05/2018,
ZA-00021447,ZAC0004246,07/05/2018 09:36,DISPATCHED,07/05/2018 14:53,,17/05/2018,
ZA-00021448,ZAC0023275,07/05/2018 18:07,COMPLETE,12/05/2018 20:35,22/05/2018 08:28,19/05/2018,FREESHIP
ZA-00021449,ZAC0004695,07/05/2018 11:41,RETURNED,07/05/2018 20:14,09/05/2018 21:02,10/05/2018,
ZA-00021450,ZAC0020793,07/05/2018 15:08,COMPLETE,10/05/2018 08:32,12/05/2018 00:54,13/05/2018,
ZA-00021451,ZAC0015177,07/05/2018 20:37,COMPLETE,10/05/2018 00:53,11/05/2018 05:23,14/05/2018,
ZA-00021452,ZAC0016127,07/05/2018 21:24,COMPLETE,09/05/2018 14:01,12/05/2018 17:23,13/05/2018,
ZA-00021453,ZAC0007628,07/05/2018 12:19,COMPLETE,08/05/2018 13:34,14/05/2018 22:09,13/05/2018,FLASH25
ZA-00021454,ZAC0003425,07/05/2018 19:44,COMPLETE,10/05/2018 10:40,11/05/2018 11:27,17/05/2018,
ZA-00021455,ZAC0010108,07/05/2018 20:11,COMPLETE,09/05/2018 13:20,12/05/2018 01:53,19/05/2018,
ZA-00021456,ZAC0018202,07/05/2018 06:38,COMPLETE,09/05/2018 18:48,16/05/2018 17:32,12/05/2018,
ZA-00021457,ZAC0000897,07/05/2018 19:24,COMPLETE,12/05/2018 03:33,13/05/2018 07:30,16/05/2018,WINTER15
ZA-00021458,ZAC0017452,07/05/2018 10:56,COMPLETE,07/05/2018 13:46,09/05/2018 10:03,11/05/2018,
ZA-00021459,ZAC0023679,07/05/2018 07:40,COMPLETE,09/05/2018 08:23,10/05/2018 22:13,14/05/2018,
ZA-00021460,ZAC0019398,07/05/2018 15:02,COMPLETE,08/05/2018 03:52,13/05/2018 18:42,13/05/2018,
ZA-00021461,ZAC0018533,07/05/2018 09:28,CANCELLED,,,,FREESHIP
ZA-00021462,ZAC0000550,07/05/2018 15:51,COMPLETE,09/05/2018 15:14,12/05/2018 21:39,13/05/2018,
ZA-00021463,ZAC0021610,07/05/2018 10:12,COMPLETE,07/05/2018 19:49,14/05/2018 05:56,10/05/2018,
ZA-00021464,ZAC0020507,07/05/2018 07:37,COMPLETE,09/05/2018 06:18,12/05/2018 06:42,13/05/2018,
ZA-00021465,ZAC0003181,07/05/2018 15:51,COMPLETE,09/05/2018 19:35,14/05/2018 13:59,14/05/2018,
ZA-00021466,ZAC0018401,07/05/2018 19:23,COMPLETE,08/05/2018 04:13,09/05/2018 02:19,13/05/2018,
ZA-00021467,ZAC0019642,07/05/2018 11:33,DISPATCHED,10/05/2018 09:25,,15/05/2018,
ZA-00021468,ZAC0009236,07/05/2018 21:47,COMPLETE,11/05/2018 13:54,14/05/2018 05:45,18/05/2018,FLASH25
ZA-00021469,ZAC0013247,07/05/2018 16:12,COMPLETE,09/05/2018 17:00,15/05/2018 20:18,13/05/2018,
ZA-00021470,ZAC0008342,07/05/2018 10:00,COMPLETE,09/05/2018 06:34,10/05/2018 17:44,12/05/2018,WELCOME10
ZA-00021471,ZAC0022501,07/05/2018 20:02,COMPLETE,08/05/2018 16:44,14/05/2018 14:45,12/05/2018,
ZA-00021472,ZAC0021076,08/05/2018 14:55,COMPLETE,11/05/2018 19:08,14/05/2018 11:11,16/05/2018,
ZA-00021473,ZAC0007413,08/05/2018 17:43,COMPLETE,11/05/2018 07:27,20/05/2018 07:34,16/05/2018,
ZA-00021474,ZAC0013845,08/05/2018 09:33,COMPLETE,11/05/2018 03:31,14/05/2018 23:59,18/05/2018,
ZA-00021475,ZAC0019222,08/05/2018 06:13,COMPLETE,09/05/2018 21:24,15/05/2018 18:15,16/05/2018,
ZA-00021476,ZAC0017249,08/05/2018 16:37,COMPLETE,11/05/2018 15:09,16/05/2018 08:08,14/05/2018,
ZA-00021477,ZAC0008106,08/05/2018 10:36,COMPLETE,15/05/2018 20:10,20/05/2018 14:22,19/05/2018,
ZA-00021478,ZAC0001816,08/05/2018 19:32,COMPLETE,13/05/2018 08:01,15/05/2018 21:43,20/05/2018,
ZA-00021479,ZAC0009857,08/05/2018 18:39,COMPLETE,09/05/2018 12:11,12/05/2018 18:48,16/05/2018,
ZA-00021480,ZAC0001243,08/05/2018 12:56,COMPLETE,11/05/2018 03:23,20/05/2018 00:14,15/05/2018,
ZA-00021481,ZAC0015084,08/05/2018 13:27,COMPLETE,11/05/2018 14:44,18/05/2018 18:22,18/05/2018,
ZA-00021482,ZAC0023710,08/05/2018 12:43,COMPLETE,08/05/2018 21:25,10/05/2018 21:30,11/05/2018,
ZA-00021483,ZAC0022004,08/05/2018 19:38,COMPLETE,09/05/2018 23:48,15/05/2018 11:39,13/05/2018,WELCOME10
ZA-00021484,ZAC0013913,08/05/2018 13:47,COMPLETE,10/05/2018 01:04,15/05/2018 01:37,17/05/2018,
ZA-00021485,ZAC0013221,08/05/2018 09:20,COMPLETE,11/05/2018 13:50,17/05/2018 02:29,15/05/2018,
ZA-00021486,ZAC0018914,08/05/2018 17:32,COMPLETE,11/05/2018 07:10,12/05/2018 11:58,16/05/2018,WINTER15
ZA-00021487,ZAC0016496,08/05/2018 15:23,COMPLETE,10/05/2018 13:07,11/05/2018 21:03,17/05/2018,
ZA-00021488,ZAC0015837,08/05/2018 14:57,COMPLETE,09/05/2018 13:48,18/05/2018 03:17,14/05/2018,
ZA-00021489,ZAC0014760,08/05/2018 07:21,COMPLETE,12/05/2018 02:46,18/05/2018 12:01,15/05/2018,
ZA-00021490,ZAC0017141,08/05/2018 20:45,COMPLETE,13/05/2018 21:15,18/05/2018 21:57,17/05/2018,
ZA-00021491,ZAC0012809,08/05/2018 16:42,COMPLETE,10/05/2018 20:27,18/05/2018 16:50,20/05/2018,FLASH25
ZA-00021492,ZAC0023634,08/05/2018 09:38,COMPLETE,09/05/2018 11:37,15/05/2018 15:42,16/05/2018,BULK20
ZA-00021493,ZAC0018510,08/05/2018 18:25,COMPLETE,12/05/2018 09:47,18/05/2018 02:43,16/05/2018,
ZA-00021494,ZAC0012385,08/05/2018 20:18,COMPLETE,10/05/2018 08:02,14/05/2018 03:15,17/05/2018,
ZA-00021495,ZAC0014205,08/05/2018 22:28,COMPLETE,10/05/2018 01:12,13/05/2018 06:15,17/05/2018,
ZA-00021496,ZAC0011847,08/05/2018 22:55,COMPLETE,10/05/2018 13:50,12/05/2018 12:30,17/05/2018,
ZA-00021497,ZAC0009339,08/05/2018 10:46,COMPLETE,10/05/2018 05:06,14/05/2018 02:57,15/05/2018,
ZA-00021498,ZAC0008006,08/05/2018 22:05,COMPLETE,10/05/2018 21:55,20/05/2018 20:01,14/05/2018,
ZA-00021499,ZAC0020554,08/05/2018 11:03,COMPLETE,11/05/2018 15:21,15/05/2018 10:06,15/05/2018,
ZA-00021500,ZAC0018171,08/05/2018 21:38,COMPLETE,10/05/2018 22:17,17/05/2018 21:32,14/05/2018,
ZA-00021501,ZAC0012613,08/05/2018 22:35,COMPLETE,09/05/2018 12:46,14/05/2018 07:51,12/05/2018,
ZA-00021502,ZAC0018775,08/05/2018 09:45,COMPLETE,09/05/2018 10:01,12/05/2018 04:40,12/05/2018,
ZA-00021503,ZAC0010309,08/05/2018 18:35,COMPLETE,09/05/2018 09:42,09/05/2018 20:44,13/05/2018,
ZA-00021504,ZAC0023650,08/05/2018 16:17,COMPLETE,09/05/2018 11:23,14/05/2018 15:44,12/05/2018,
ZA-00021505,ZAC0018393,08/05/2018 13:34,COMPLETE,09/05/2018 11:28,12/05/2018 04:02,13/05/2018,
ZA-00021506,ZAC0007766,08/05/2018 08:05,COMPLETE,09/05/2018 06:23,20/05/2018 20:24,14/05/2018,
ZA-00021507,ZAC0015451,08/05/2018 10:21,COMPLETE,09/05/2018 18:05,11/05/2018 04:06,12/05/2018,
ZA-00021508,ZAC0005364,08/05/2018 15:43,COMPLETE,09/05/2018 06:52,15/05/2018 19:19,14/05/2018,
ZA-00021509,ZAC0019259,08/05/2018 10:13,COMPLETE,09/05/2018 02:33,10/05/2018 05:45,13/05/2018,
ZA-00021510,ZAC0003070,08/05/2018 09:46,COMPLETE,11/05/2018 04:31,12/05/2018 05:42,21/05/2018,
ZA-00021511,ZAC0004876,08/05/2018 14:40,COMPLETE,13/05/2018 22:22,15/05/2018 07:07,16/05/2018,
ZA-00021512,ZAC0002869,08/05/2018 08:20,COMPLETE,09/05/2018 21:58,13/05/2018 02:06,13/05/2018,
ZA-00021513,ZAC0014245,08/05/2018 18:03,RETURNED,09/05/2018 01:42,13/05/2018 09:02,13/05/2018,
ZA-00021514,ZAC0018855,08/05/2018 14:36,COMPLETE,13/05/2018 01:18,17/05/2018 23:28,17/05/2018,WINTER15
ZA-00021515,ZAC0018283,08/05/2018 10:21,COMPLETE,13/05/2018 00:43,20/05/2018 06:09,20/05/2018,
ZA-00021516,ZAC0020336,08/05/2018 10:58,CANCELLED,,,,
ZA-00021517,ZAC0000115,08/05/2018 19:15,COMPLETE,09/05/2018 04:32,12/05/2018 00:50,16/05/2018,
ZA-00021518,ZAC0013725,08/05/2018 10:57,CANCELLED,,,,
ZA-00021519,ZAC0013751,08/05/2018 11:44,COMPLETE,11/05/2018 10:36,13/05/2018 07:57,14/05/2018,
ZA-00021520,ZAC0014562,08/05/2018 14:57,COMPLETE,09/05/2018 16:45,12/05/2018 21:09,13/05/2018,
ZA-00021521,ZAC0023277,08/05/2018 11:46,COMPLETE,10/05/2018 21:14,14/05/2018 01:16,17/05/2018,
ZA-00021522,ZAC0014127,08/05/2018 13:27,COMPLETE,09/05/2018 05:08,19/05/2018 03:41,13/05/2018,
ZA-00021523,ZAC0016525,08/05/2018 13:17,COMPLETE,10/05/2018 21:12,15/05/2018 20:23,14/05/2018,
ZA-00021524,ZAC0012537,08/05/2018 15:16,COMPLETE,10/05/2018 15:07,19/05/2018 01:26,13/05/2018,
ZA-00021525,ZAC0015929,08/05/2018 21:22,CANCELLED,,,,LOYAL5
ZA-00021526,ZAC0017334,08/05/2018 07:45,COMPLETE,11/05/2018 17:46,12/05/2018 08:29,15/05/2018,
ZA-00021527,ZAC0012725,08/05/2018 21:22,COMPLETE,13/05/2018 20:10,16/05/2018 03:01,20/05/2018,
ZA-00021528,ZAC0006444,08/05/2018 11:47,COMPLETE,12/05/2018 09:54,13/05/2018 05:07,19/05/2018,WINTER15
ZA-00021529,ZAC0011961,08/05/2018 19:37,COMPLETE,09/05/2018 12:17,16/05/2018 10:34,12/05/2018,
ZA-00021530,ZAC0002412,08/05/2018 21:30,COMPLETE,10/05/2018 21:04,17/05/2018 02:16,15/05/2018,
ZA-00021531,ZAC0010949,08/05/2018 06:43,COMPLETE,09/05/2018 19:05,18/05/2018 08:50,12/05/2018,WELCOME10
ZA-00021532,ZAC0007989,08/05/2018 10:42,COMPLETE,12/05/2018 19:54,15/05/2018 07:55,17/05/2018,
ZA-00021533,ZAC0016457,08/05/2018 14:59,COMPLETE,11/05/2018 06:20,16/05/2018 21:02,15/05/2018,
ZA-00021534,ZAC0021889,09/05/2018 12:15,COMPLETE,15/05/2018 16:11,28/05/2018 18:48,18/05/2018,
ZA-00021535,ZAC0010237,09/05/2018 13:15,COMPLETE,14/05/2018 12:44,16/05/2018 21:13,19/05/2018,
ZA-00021536,ZAC0005047,09/05/2018 09:31,COMPLETE,11/05/2018 03:04,16/05/2018 21:31,15/05/2018,
ZA-00021537,ZAC0019358,09/05/2018 21:53,DISPATCHED,11/05/2018 13:24,,15/05/2018,
ZA-00021538,ZAC0006909,09/05/2018 17:58,COMPLETE,13/05/2018 09:51,17/05/2018 21:04,18/05/2018,
ZA-00021539,ZAC0017531,09/05/2018 08:49,PENDING,,,,
ZA-00021540,ZAC0011476,09/05/2018 12:30,COMPLETE,09/05/2018 18:52,15/05/2018 07:03,13/05/2018,
ZA-00021541,ZAC0019103,09/05/2018 12:50,COMPLETE,10/05/2018 00:35,17/05/2018 09:35,14/05/2018,
ZA-00021542,ZAC0023700,09/05/2018 22:23,COMPLETE,11/05/2018 07:06,19/05/2018 20:59,15/05/2018,
ZA-00021543,ZAC0000869,09/05/2018 18:31,COMPLETE,10/05/2018 19:21,15/05/2018 11:52,14/05/2018,FLASH25
ZA-00021544,ZAC0011169,09/05/2018 17:31,COMPLETE,12/05/2018 05:36,18/05/2018 02:42,15/05/2018,
ZA-00021545,ZAC0006732,09/05/2018 14:18,COMPLETE,10/05/2018 19:16,11/05/2018 14:36,13/05/2018,
ZA-00021546,ZAC0023357,09/05/2018 16:01,CANCELLED,,,,
ZA-00021547,ZAC0001459,09/05/2018 20:09,COMPLETE,12/05/2018 12:35,19/05/2018 19:36,17/05/2018,WELCOME10
ZA-00021548,ZAC0023230,09/05/2018 18:59,COMPLETE,13/05/2018 02:10,16/05/2018 02:52,18/05/2018,
ZA-00021549,ZAC0021769,09/05/2018 19:47,COMPLETE,13/05/2018 17:21,21/05/2018 06:08,17/05/2018,
ZA-00021550,ZAC0011251,09/05/2018 11:01,COMPLETE,09/05/2018 15:38,15/05/2018 05:15,12/05/2018,
ZA-00021551,ZAC0023422,09/05/2018 17:31,COMPLETE,12/05/2018 22:05,23/05/2018 06:13,17/05/2018,
ZA-00021552,ZAC0000259,09/05/2018 20:43,COMPLETE,12/05/2018 12:15,15/05/2018 14:17,16/05/2018,
ZA-00021553,ZAC0000230,09/05/2018 08:47,COMPLETE,15/05/2018 10:28,16/05/2018 23:07,19/05/2018,
ZA-00021554,ZAC0010854,09/05/2018 15:26,COMPLETE,11/05/2018 22:01,16/05/2018 21:06,16/05/2018,
ZA-00021555,ZAC0001054,09/05/2018 20:14,COMPLETE,10/05/2018 20:06,15/05/2018 10:18,15/05/2018,WINTER15
ZA-00021556,ZAC0012002,09/05/2018 07:17,COMPLETE,09/05/2018 19:31,12/05/2018 14:08,16/05/2018,
ZA-00021557,ZAC0000912,09/05/2018 09:26,COMPLETE,12/05/2018 01:02,17/05/2018 06:56,15/05/2018,
ZA-00021558,ZAC0019422,09/05/2018 11:45,COMPLETE,09/05/2018 19:02,15/05/2018 00:36,14/05/2018,
ZA-00021559,ZAC0002732,09/05/2018 12:42,COMPLETE,12/05/2018 04:56,15/05/2018 12:41,17/05/2018,
ZA-00021560,ZAC0007742,09/05/2018 16:03,COMPLETE,11/05/2018 14:35,14/05/2018 19:08,18/05/2018,
ZA-00021561,ZAC0018992,09/05/2018 20:20,COMPLETE,13/05/2018 15:23,23/05/2018 19:56,16/05/2018,
ZA-00021562,ZAC0003453,09/05/2018 14:59,COMPLETE,11/05/2018 13:45,17/05/2018 05:28,18/05/2018,
ZA-00021563,ZAC0014909,09/05/2018 21:14,COMPLETE,11/05/2018 11:38,15/05/2018 00:29,14/05/2018,
ZA-00021564,ZAC0019070,09/05/2018 07:40,COMPLETE,10/05/2018 14:15,12/05/2018 12:08,15/05/2018,
ZA-00021565,ZAC0004903,09/05/2018 06:58,CANCELLED,,,,
ZA-00021566,ZAC0011060,09/05/2018 12:45,COMPLETE,13/05/2018 23:08,20/05/2018 14:09,18/05/2018,
ZA-00021567,ZAC0019473,09/05/2018 22:56,COMPLETE,11/05/2018 05:56,13/05/2018 06:30,14/05/2018,
ZA-00021568,ZAC0000946,09/05/2018 21:32,COMPLETE,13/05/2018 20:59,16/05/2018 04:49,18/05/2018,
ZA-00021569,ZAC0020392,09/05/2018 19:20,COMPLETE,12/05/2018 13:21,23/05/2018 09:59,15/05/2018,BULK20
ZA-00021570,ZAC0019115,09/05/2018 07:28,COMPLETE,19/05/2018 03:54,19/05/2018 22:29,23/05/2018,
ZA-00021571,ZAC0003440,09/05/2018 10:05,COMPLETE,14/05/2018 23:43,23/05/2018 04:57,17/05/2018,
ZA-00021572,ZAC0008895,09/05/2018 13:39,COMPLETE,13/05/2018 23:46,15/05/2018 09:02,17/05/2018,
ZA-00021573,ZAC0010665,09/05/2018 20:13,COMPLETE,15/05/2018 04:50,19/05/2018 02:16,19/05/2018,BULK20
ZA-00021574,ZAC0000316,09/05/2018 14:44,COMPLETE,10/05/2018 18:21,14/05/2018 09:53,14/05/2018,
ZA-00021575,ZAC0018166,09/05/2018 16:16,DISPATCHED,10/05/2018 17:31,,15/05/2018,
ZA-00021576,ZAC0008549,09/05/2018 21:53,DISPATCHED,10/05/2018 22:13,,14/05/2018,
ZA-00021577,ZAC0018176,09/05/2018 16:37,COMPLETE,10/05/2018 22:57,14/05/2018 05:05,14/05/2018,
ZA-00021578,ZAC0006937,09/05/2018 11:59,COMPLETE,14/05/2018 07:06,16/05/2018 01:56,18/05/2018,
ZA-00021579,ZAC0005531,09/05/2018 19:42,COMPLETE,10/05/2018 08:02,14/05/2018 17:46,14/05/2018,WELCOME10
ZA-00021580,ZAC0000847,09/05/2018 21:54,COMPLETE,11/05/2018 23:21,14/05/2018 04:51,21/05/2018,FLASH25
ZA-00021581,ZAC0000825,09/05/2018 21:05,COMPLETE,15/05/2018 07:29,20/05/2018 18:11,19/05/2018,
ZA-00021582,ZAC0018161,09/05/2018 17:34,COMPLETE,12/05/2018 08:06,22/05/2018 12:53,19/05/2018,
ZA-00021583,ZAC0015074,09/05/2018 17:34,COMPLETE,20/05/2018 01:42,23/05/2018 14:14,23/05/2018,
ZA-00021584,ZAC0022201,09/05/2018 08:30,DISPATCHED,10/05/2018 10:49,,17/05/2018,
ZA-00021585,ZAC0019569,09/05/2018 09:50,COMPLETE,13/05/2018 06:58,17/05/2018 18:00,16/05/2018,
ZA-00021586,ZAC0008508,09/05/2018 18:17,COMPLETE,10/05/2018 11:53,17/05/2018 20:23,15/05/2018,LOYAL5
ZA-00021587,ZAC0006045,09/05/2018 16:54,COMPLETE,15/05/2018 17:01,18/05/2018 20:44,20/05/2018,WINTER15
ZA-00021588,ZAC0008296,09/05/2018 12:46,COMPLETE,13/05/2018 20:02,19/05/2018 05:21,20/05/2018,
ZA-00021589,ZAC0006232,09/05/2018 10:15,COMPLETE,10/05/2018 11:05,13/05/2018 12:58,15/05/2018,
ZA-00021590,ZAC0013286,09/05/2018 15:34,COMPLETE,11/05/2018 10:17,18/05/2018 08:15,15/05/2018,WINTER15
ZA-00021591,ZAC0011287,09/05/2018 10:04,COMPLETE,10/05/2018 16:56,13/05/2018 13:22,15/05/2018,FLASH25
ZA-00021592,ZAC0020888,09/05/2018 20:23,COMPLETE,15/05/2018 07:44,19/05/2018 22:16,25/05/2018,
ZA-00021593,ZAC0005474,09/05/2018 06:45,COMPLETE,15/05/2018 22:26,17/05/2018 16:39,19/05/2018,BULK20
ZA-00021594,ZAC0004086,09/05/2018 07:07,COMPLETE,12/05/2018 08:55,17/05/2018 01:02,19/05/2018,
ZA-00021595,ZAC0009523,09/05/2018 20:28,COMPLETE,12/05/2018 12:34,19/05/2018 13:30,16/05/2018,
ZA-00021596,ZAC0001443,09/05/2018 16:33,COMPLETE,10/05/2018 23:59,15/05/2018 09:42,13/05/2018,
ZA-00021597,ZAC0007407,09/05/2018 17:55,COMPLETE,10/05/2018 07:43,11/05/2018 16:12,15/05/2018,
ZA-00021598,ZAC0008760,09/05/2018 19:26,CANCELLED,,,,
ZA-00021599,ZAC0014482,09/05/2018 11:13,COMPLETE,11/05/2018 19:13,14/05/2018 16:11,15/05/2018,
ZA-00021600,ZAC0004063,09/05/2018 13:52,COMPLETE,11/05/2018 06:21,13/05/2018 12:21,21/05/2018,
ZA-00021601,ZAC0017195,09/05/2018 13:20,COMPLETE,10/05/2018 09:42,13/05/2018 20:45,13/05/2018,
ZA-00021602,ZAC0000906,09/05/2018 19:05,COMPLETE,11/05/2018 20:15,18/05/2018 08:53,18/05/2018,
ZA-00021603,ZAC0015245,09/05/2018 07:21,COMPLETE,13/05/2018 10:35,22/05/2018 01:44,18/05/2018,
ZA-00021604,ZAC0017936,09/05/2018 19:32,COMPLETE,12/05/2018 10:49,19/05/2018 15:58,15/05/2018,
ZA-00021605,ZAC0020134,09/05/2018 08:04,COMPLETE,10/05/2018 05:31,12/05/2018 05:16,15/05/2018,
ZA-00021606,ZAC0003002,09/05/2018 16:55,COMPLETE,11/05/2018 22:09,19/05/2018 16:56,16/05/2018,
ZA-00021607,ZAC0018731,09/05/2018 11:12,COMPLETE,13/05/2018 19:04,19/05/2018 17:41,16/05/2018,
ZA-00021608,ZAC0018082,09/05/2018 18:39,COMPLETE,12/05/2018 00:45,19/05/2018 04:03,16/05/2018,
ZA-00021609,ZAC0008570,09/05/2018 20:47,COMPLETE,10/05/2018 22:01,11/05/2018 10:00,20/05/2018,
ZA-00021610,ZAC0011801,09/05/2018 12:46,COMPLETE,13/05/2018 14:38,18/05/2018 14:56,17/05/2018,
ZA-00021611,ZAC0021681,09/05/2018 07:33,COMPLETE,12/05/2018 00:04,13/05/2018 21:32,19/05/2018,
ZA-00021612,ZAC0017344,10/05/2018 08:55,COMPLETE,11/05/2018 15:21,14/05/2018 03:45,16/05/2018,
ZA-00021613,ZAC0015663,10/05/2018 15:17,COMPLETE,14/05/2018 23:32,19/05/2018 11:21,19/05/2018,
ZA-00021614,ZAC0019115,10/05/2018 19:04,COMPLETE,12/05/2018 09:46,16/05/2018 09:04,16/05/2018,
ZA-00021615,ZAC0021152,10/05/2018 12:41,COMPLETE,12/05/2018 16:49,17/05/2018 09:53,15/05/2018,WELCOME10
ZA-00021616,ZAC0002432,10/05/2018 16:05,COMPLETE,11/05/2018 18:17,16/05/2018 09:44,16/05/2018,WINTER15
ZA-00021617,ZAC0017803,10/05/2018 08:48,COMPLETE,11/05/2018 02:01,13/05/2018 11:02,15/05/2018,
ZA-00021618,ZAC0018302,10/05/2018 16:30,COMPLETE,11/05/2018 17:17,13/05/2018 20:37,14/05/2018,
ZA-00021619,ZAC0005663,10/05/2018 15:10,COMPLETE,13/05/2018 01:30,15/05/2018 14:00,17/05/2018,
ZA-00021620,ZAC0015957,10/05/2018 13:01,COMPLETE,14/05/2018 13:51,21/05/2018 00:09,17/05/2018,
ZA-00021621,ZAC0019591,10/05/2018 11:43,COMPLETE,11/05/2018 07:12,18/05/2018 02:12,16/05/2018,FREESHIP
ZA-00021622,ZAC0008434,10/05/2018 21:00,COMPLETE,12/05/2018 19:28,14/05/2018 13:45,19/05/2018,
ZA-00021623,ZAC0019373,10/05/2018 12:37,COMPLETE,12/05/2018 21:29,17/05/2018 06:49,22/05/2018,
ZA-00021624,ZAC0013916,10/05/2018 07:33,COMPLETE,12/05/2018 14:42,15/05/2018 23:50,17/05/2018,LOYAL5
ZA-00021625,ZAC0022910,10/05/2018 14:14,COMPLETE,11/05/2018 22:40,15/05/2018 23:47,14/05/2018,
ZA-00021626,ZAC0011673,10/05/2018 17:14,COMPLETE,14/05/2018 01:54,14/05/2018 23:17,18/05/2018,
ZA-00021627,ZAC0016899,10/05/2018 20:54,COMPLETE,12/05/2018 02:16,15/05/2018 21:27,17/05/2018,
ZA-00021628,ZAC0022354,10/05/2018 09:59,DISPATCHED,14/05/2018 18:27,,24/05/2018,
ZA-00021629,ZAC0014631,10/05/2018 15:47,COMPLETE,11/05/2018 10:02,16/05/2018 14:07,14/05/2018,
ZA-00021630,ZAC0004129,10/05/2018 09:18,COMPLETE,11/05/2018 12:34,13/05/2018 14:29,18/05/2018,
ZA-00021631,ZAC0020574,10/05/2018 12:40,COMPLETE,12/05/2018 10:59,18/05/2018 17:50,16/05/2018,
ZA-00021632,ZAC0006967,10/05/2018 18:26,COMPLETE,15/05/2018 00:24,17/05/2018 18:04,22/05/2018,
ZA-00021633,ZAC0023697,10/05/2018 18:28,COMPLETE,12/05/2018 00:49,17/05/2018 13:01,15/05/2018,BULK20
ZA-00021634,ZAC0001123,10/05/2018 18:24,COMPLETE,13/05/2018 10:11,15/05/2018 23:14,18/05/2018,
ZA-00021635,ZAC0011569,10/05/2018 06:17,COMPLETE,11/05/2018 00:58,13/05/2018 11:48,15/05/2018,
ZA-00021636,ZAC0011509,10/05/2018 06:30,COMPLETE,12/05/2018 01:27,17/05/2018 21:38,16/05/2018,
ZA-00021637,ZAC0022679,10/05/2018 11:41,DISPATCHED,11/05/2018 09:11,,14/05/2018,
ZA-00021638,ZAC0013545,10/05/2018 22:41,COMPLETE,18/05/2018 00:47,23/05/2018 21:17,22/05/2018,
ZA-00021639,ZAC0023591,10/05/2018 19:29,DISPATCHED,12/05/2018 19:37,,15/05/2018,
ZA-00021640,ZAC0022926,10/05/2018 21:14,CANCELLED,,,,
ZA-00021641,ZAC0002099,10/05/2018 13:23,COMPLETE,13/05/2018 21:39,22/05/2018 02:37,18/05/2018,
ZA-00021642,ZAC0020206,10/05/2018 19:02,COMPLETE,14/05/2018 09:54,17/05/2018 03:39,18/05/2018,
ZA-00021643,ZAC0010681,10/05/2018 19:45,COMPLETE,14/05/2018 11:28,17/05/2018 17:54,19/05/2018,
ZA-00021644,ZAC0018822,10/05/2018 17:40,COMPLETE,12/05/2018 07:07,14/05/2018 22:03,19/05/2018,
ZA-00021645,ZAC0001210,10/05/2018 19:12,COMPLETE,13/05/2018 08:41,20/05/2018 01:37,17/05/2018,
ZA-00021646,ZAC0010557,10/05/2018 20:24,COMPLETE,16/05/2018 00:27,19/05/2018 01:31,26/05/2018,FREESHIP
ZA-00021647,ZAC0017042,10/05/2018 16:30,COMPLETE,12/05/2018 00:16,17/05/2018 17:25,16/05/2018,FREESHIP
ZA-00021648,ZAC0004517,10/05/2018 22:02,COMPLETE,15/05/2018 05:59,19/05/2018 12:56,19/05/2018,
ZA-00021649,ZAC0015183,10/05/2018 08:14,COMPLETE,11/05/2018 08:49,14/05/2018 20:24,18/05/2018,WELCOME10
ZA-00021650,ZAC0013033,10/05/2018 07:33,COMPLETE,14/05/2018 04:42,22/05/2018 16:02,19/05/2018,
ZA-00021651,ZAC0020253,10/05/2018 21:07,COMPLETE,11/05/2018 14:47,12/05/2018 12:36,21/05/2018,
ZA-00021652,ZAC0020841,10/05/2018 16:49,COMPLETE,16/05/2018 19:00,20/05/2018 08:30,20/05/2018,
ZA-00021653,ZAC0022530,10/05/2018 12:59,COMPLETE,16/05/2018 08:14,18/05/2018 19:54,20/05/2018,
ZA-00021654,ZAC0010204,10/05/2018 22:24,COMPLETE,17/05/2018 15:32,18/05/2018 04:09,22/05/2018,
ZA-00021655,ZAC0005575,10/05/2018 15:04,COMPLETE,12/05/2018 19:28,15/05/2018 16:57,17/05/2018,
ZA-00021656,ZAC0005581,10/05/2018 16:38,COMPLETE,12/05/2018 09:40,21/05/2018 17:46,22/05/2018,BULK20
ZA-00021657,ZAC0012014,10/05/2018 11:21,COMPLETE,12/05/2018 06:29,14/05/2018 19:43,19/05/2018,WELCOME10
ZA-00021658,ZAC0006701,10/05/2018 11:43,COMPLETE,11/05/2018 07:09,18/05/2018 17:02,15/05/2018,
ZA-00021659,ZAC0010401,10/05/2018 14:54,COMPLETE,12/05/2018 16:49,18/05/2018 11:24,17/05/2018,
ZA-00021660,ZAC0021055,10/05/2018 20:40,COMPLETE,12/05/2018 03:29,15/05/2018 17:55,16/05/2018,
ZA-00021661,ZAC0021631,10/05/2018 09:49,COMPLETE,11/05/2018 21:56,15/05/2018 15:35,16/05/2018,
ZA-00021662,ZAC0006999,10/05/2018 12:57,COMPLETE,13/05/2018 02:03,13/05/2018 09:03,20/05/2018,
ZA-00021663,ZAC0017138,10/05/2018 11:00,COMPLETE,11/05/2018 01:29,11/05/2018 14:44,18/05/2018,BULK20
ZA-00021664,ZAC0017101,10/05/2018 14:21,COMPLETE,12/05/2018 12:34,16/05/2018 17:24,17/05/2018,
ZA-00021665,ZAC0015813,10/05/2018 11:36,COMPLETE,12/05/2018 22:10,13/05/2018 21:25,17/05/2018,
ZA-00021666,ZAC0008906,10/05/2018 18:43,COMPLETE,12/05/2018 00:36,24/05/2018 05:30,16/05/2018,BULK20
ZA-00021667,ZAC0002970,10/05/2018 19:26,COMPLETE,14/05/2018 05:46,25/05/2018 21:28,19/05/2018,
ZA-00021668,ZAC0016785,10/05/2018 21:36,COMPLETE,12/05/2018 22:38,17/05/2018 17:50,15/05/2018,
ZA-00021669,ZAC0001419,10/05/2018 21:00,COMPLETE,19/05/2018 10:49,19/05/2018 21:07,24/05/2018,
ZA-00021670,ZAC0002568,10/05/2018 09:41,DISPATCHED,14/05/2018 01:16,,17/05/2018,
ZA-00021671,ZAC0013906,10/05/2018 08:11,COMPLETE,12/05/2018 08:52,13/05/2018 00:35,16/05/2018,
ZA-00021672,ZAC0011943,10/05/2018 09:56,COMPLETE,11/05/2018 08:43,15/05/2018 03:40,16/05/2018,
ZA-00021673,ZAC0022090,10/05/2018 13:25,COMPLETE,12/05/2018 14:03,15/05/2018 14:58,15/05/2018,
ZA-00021674,ZAC0019203,10/05/2018 08:46,COMPLETE,15/05/2018 04:06,18/05/2018 05:52,20/05/2018,
ZA-00021675,ZAC0007678,10/05/2018 10:47,COMPLETE,14/05/2018 01:25,17/05/2018 19:40,17/05/2018,
ZA-00021676,ZAC0003461,10/05/2018 11:45,RETURNED,11/05/2018 02:10,17/05/2018 23:17,15/05/2018,
ZA-00021677,ZAC0016172,10/05/2018 21:43,COMPLETE,11/05/2018 17:54,15/05/2018 11:55,18/05/2018,
ZA-00021678,ZAC0018591,10/05/2018 16:26,COMPLETE,11/05/2018 22:03,16/05/2018 04:06,16/05/2018,FLASH25
ZA-00021679,ZAC0009866,10/05/2018 09:59,COMPLETE,15/05/2018 12:37,17/05/2018 12:58,18/05/2018,
ZA-00021680,ZAC0018264,10/05/2018 14:52,COMPLETE,11/05/2018 02:14,12/05/2018 19:28,15/05/2018,
ZA-00021681,ZAC0009507,10/05/2018 17:57,RETURNED,11/05/2018 12:50,15/05/2018 01:00,18/05/2018,
ZA-00021682,ZAC0023464,10/05/2018 20:26,CANCELLED,,,,
ZA-00021683,ZAC0021623,10/05/2018 07:46,COMPLETE,11/05/2018 10:49,18/05/2018 20:11,14/05/2018,
ZA-00021684,ZAC0000786,11/05/2018 11:53,COMPLETE,13/05/2018 09:14,16/05/2018 14:41,17/05/2018,
ZA-00021685,ZAC0012480,11/05/2018 18:48,COMPLETE,12/05/2018 23:43,15/05/2018 20:21,17/05/2018,
ZA-00021686,ZAC0001822,11/05/2018 08:12,COMPLETE,12/05/2018 16:53,15/05/2018 18:07,17/05/2018,
ZA-00021687,ZAC0015743,11/05/2018 16:29,COMPLETE,12/05/2018 19:02,16/05/2018 02:28,17/05/2018,
ZA-00021688,ZAC0021644,11/05/2018 11:27,COMPLETE,16/05/2018 07:58,24/05/2018 10:35,21/05/2018,
ZA-00021689,ZAC0005077,11/05/2018 06:35,COMPLETE,13/05/2018 13:18,17/05/2018 03:40,16/05/2018,
ZA-00021690,ZAC0007592,11/05/2018 09:40,COMPLETE,13/05/2018 00:43,25/05/2018 08:41,18/05/2018,
ZA-00021691,ZAC0009534,11/05/2018 13:18,COMPLETE,12/05/2018 03:23,13/05/2018 13:29,19/05/2018,
ZA-00021692,ZAC0001765,11/05/2018 22:09,COMPLETE,13/05/2018 15:32,17/05/2018 14:48,17/05/2018,
ZA-00021693,ZAC0017191,11/05/2018 16:07,COMPLETE,11/05/2018 21:53,19/05/2018 05:21,18/05/2018,
ZA-00021694,ZAC0015790,11/05/2018 09:20,COMPLETE,11/05/2018 13:08,18/05/2018 13:57,16/05/2018,
ZA-00021695,ZAC0019737,11/05/2018 19:59,COMPLETE,13/05/2018 15:35,21/05/2018 17:38,17/05/2018,
ZA-00021696,ZAC0015358,11/05/2018 10:56,COMPLETE,12/05/2018 14:07,15/05/2018 21:27,15/05/2018,BULK20
ZA-00021697,ZAC0000270,11/05/2018 12:11,COMPLETE,16/05/2018 12:24,17/05/2018 06:16,23/05/2018,
ZA-00021698,ZAC0010822,11/05/2018 09:36,COMPLETE,12/05/2018 16:49,21/05/2018 09:52,15/05/2018,
ZA-00021699,ZAC0015646,11/05/2018 22:53,COMPLETE,12/05/2018 17:49,14/05/2018 22:14,22/05/2018,
ZA-00021700,ZAC0011505,11/05/2018 06:21,COMPLETE,11/05/2018 14:24,19/05/2018 23:34,16/05/2018,
ZA-00021701,ZAC0003070,11/05/2018 16:35,COMPLETE,13/05/2018 12:35,21/05/2018 09:26,18/05/2018,FREESHIP
ZA-00021702,ZAC0008693,11/05/2018 06:04,COMPLETE,14/05/2018 05:47,22/05/2018 08:48,18/05/2018,
ZA-00021703,ZAC0002671,11/05/2018 19:08,COMPLETE,14/05/2018 05:52,23/05/2018 17:13,19/05/2018,
ZA-00021704,ZAC0019188,11/05/2018 12:04,COMPLETE,13/05/2018 11:00,19/05/2018 00:36,20/05/2018,
ZA-00021705,ZAC0003299,11/05/2018 14:54,COMPLETE,12/05/2018 14:58,20/05/2018 10:56,17/05/2018,
ZA-00021706,ZAC0007814,11/05/2018 18:23,RETURNED,13/05/2018 09:27,16/05/2018 03:48,20/05/2018,
ZA-00021707,ZAC0005893,11/05/2018 17:45,COMPLETE,13/05/2018 12:57,16/05/2018 13:58,20/05/2018,
ZA-00021708,ZAC0020669,11/05/2018 14:22,COMPLETE,14/05/2018 19:19,17/05/2018 01:17,21/05/2018,
ZA-00021709,ZAC0012547,11/05/2018 06:15,COMPLETE,12/05/2018 04:00,20/05/2018 06:25,19/05/2018,FLASH25
ZA-00021710,ZAC0000342,11/05/2018 12:55,COMPLETE,12/05/2018 23:27,19/05/2018 14:08,16/05/2018,WINTER15
ZA-00021711,ZAC0010149,11/05/2018 18:19,COMPLETE,12/05/2018 02:12,15/05/2018 00:32,16/05/2018,
ZA-00021712,ZAC0000077,11/05/2018 06:16,COMPLETE,13/05/2018 20:26,16/05/2018 06:54,20/05/2018,
ZA-00021713,ZAC0005463,11/05/2018 19:42,COMPLETE,14/05/2018 21:42,18/05/2018 01:26,19/05/2018,
ZA-00021714,ZAC0013445,11/05/2018 15:37,COMPLETE,13/05/2018 15:35,18/05/2018 10:04,17/05/2018,
ZA-00021715,ZAC0000215,11/05/2018 15:03,COMPLETE,13/05/2018 23:46,17/05/2018 06:55,18/05/2018,
ZA-00021716,ZAC0020599,11/05/2018 10:59,COMPLETE,14/05/2018 01:56,15/05/2018 13:57,19/05/2018,
ZA-00021717,ZAC0016173,11/05/2018 21:26,COMPLETE,16/05/2018 01:03,17/05/2018 11:40,23/05/2018,FLASH25
ZA-00021718,ZAC0006483,11/05/2018 21:55,COMPLETE,13/05/2018 14:15,17/05/2018 10:58,17/05/2018,
ZA-00021719,ZAC0013257,11/05/2018 14:52,COMPLETE,12/05/2018 11:12,14/05/2018 15:55,16/05/2018,WINTER15
ZA-00021720,ZAC0008709,11/05/2018 19:08,COMPLETE,13/05/2018 09:33,15/05/2018 04:33,18/05/2018,WINTER15
ZA-00021721,ZAC0012597,11/05/2018 12:42,COMPLETE,15/05/2018 17:29,17/05/2018 10:22,20/05/2018,WINTER15
ZA-00021722,ZAC0007313,11/05/2018 21:31,COMPLETE,12/05/2018 00:02,14/05/2018 06:21,17/05/2018,FLASH25
ZA-00021723,ZAC0018731,11/05/2018 22:10,COMPLETE,13/05/2018 16:39,17/05/2018 19:31,20/05/2018,
ZA-00021724,ZAC0022167,11/05/2018 20:10,COMPLETE,14/05/2018 09:16,18/05/2018 12:49,21/05/2018,
ZA-00021725,ZAC0002729,11/05/2018 20:29,COMPLETE,14/05/2018 00:16,16/05/2018 06:45,18/05/2018,
ZA-00021726,ZAC0004166,11/05/2018 10:54,COMPLETE,13/05/2018 03:21,16/05/2018 19:48,20/05/2018,
ZA-00021727,ZAC0013134,11/05/2018 08:17,COMPLETE,14/05/2018 16:00,18/05/2018 02:37,18/05/2018,
ZA-00021728,ZAC0000906,11/05/2018 15:07,COMPLETE,11/05/2018 22:55,30/05/2018 14:51,15/05/2018,
ZA-00021729,ZAC0019181,11/05/2018 20:01,COMPLETE,14/05/2018 00:33,15/05/2018 15:04,19/05/2018,
ZA-00021730,ZAC0011868,11/05/2018 15:34,COMPLETE,12/05/2018 07:16,15/05/2018 06:04,17/05/2018,FLASH25
ZA-00021731,ZAC0014736,11/05/2018 06:47,COMPLETE,12/05/2018 14:02,14/05/2018 05:29,22/05/2018,
ZA-00021732,ZAC0009876,11/05/2018 17:14,COMPLETE,15/05/2018 03:57,18/05/2018 18:36,18/05/2018,BULK20
ZA-00021733,ZAC0008948,11/05/2018 21:38,DISPATCHED,13/05/2018 03:37,,18/05/2018,
ZA-00021734,ZAC0000542,11/05/2018 07:01,COMPLETE,11/05/2018 13:51,19/05/2018 21:45,16/05/2018,
ZA-00021735,ZAC0009682,11/05/2018 10:42,COMPLETE,16/05/2018 12:01,19/05/2018 15:59,20/05/2018,
ZA-00021736,ZAC0017097,11/05/2018 17:38,COMPLETE,13/05/2018 13:03,21/05/2018 05:06,20/05/2018,
ZA-00021737,ZAC0007138,11/05/2018 14:19,COMPLETE,12/05/2018 02:17,14/05/2018 14:26,19/05/2018,FREESHIP
ZA-00021738,ZAC0022533,11/05/2018 15:54,COMPLETE,12/05/2018 12:55,14/05/2018 10:30,15/05/2018,
ZA-00021739,ZAC0023485,11/05/2018 19:22,COMPLETE,16/05/2018 06:32,17/05/2018 02:30,21/05/2018,
ZA-00021740,ZAC0009882,11/05/2018 11:33,COMPLETE,14/05/2018 01:03,15/05/2018 11:12,18/05/2018,BULK20
ZA-00021741,ZAC0015482,11/05/2018 09:25,COMPLETE,14/05/2018 04:34,18/05/2018 08:15,19/05/2018,
ZA-00021742,ZAC0021315,11/05/2018 13:44,COMPLETE,12/05/2018 00:27,20/05/2018 04:21,19/05/2018,
ZA-00021743,ZAC0022305,11/05/2018 19:43,COMPLETE,12/05/2018 07:46,17/05/2018 20:53,15/05/2018,
ZA-00021744,ZAC0008924,11/05/2018 16:00,COMPLETE,13/05/2018 11:29,18/05/2018 20:31,18/05/2018,
ZA-00021745,ZAC0014006,11/05/2018 14:40,COMPLETE,12/05/2018 20:25,13/05/2018 16:53,15/05/2018,
ZA-00021746,ZAC0016516,11/05/2018 06:57,COMPLETE,11/05/2018 22:16,16/05/2018 05:49,21/05/2018,
ZA-00021747,ZAC0010270,11/05/2018 13:41,COMPLETE,15/05/2018 08:10,18/05/2018 09:33,18/05/2018,
ZA-00021748,ZAC0017697,11/05/2018 22:04,COMPLETE,14/05/2018 18:35,17/05/2018 23:31,17/05/2018,FREESHIP
ZA-00021749,ZAC0009397,11/05/2018 13:31,COMPLETE,14/05/2018 19:13,26/05/2018 22:58,17/05/2018,
ZA-00021750,ZAC0007873,11/05/2018 18:51,COMPLETE,14/05/2018 06:23,15/05/2018 20:34,19/05/2018,
ZA-00021751,ZAC0023610,11/05/2018 11:30,PENDING,,,,
ZA-00021752,ZAC0013137,11/05/2018 18:11,COMPLETE,17/05/2018 21:05,18/05/2018 12:34,24/05/2018,
ZA-00021753,ZAC0003330,11/05/2018 07:46,COMPLETE,14/05/2018 02:41,15/05/2018 09:17,18/05/2018,
ZA-00021754,ZAC0007914,11/05/2018 09:09,COMPLETE,15/05/2018 05:44,19/05/2018 07:49,19/05/2018,
ZA-00021755,ZAC0008328,11/05/2018 15:30,COMPLETE,13/05/2018 00:04,15/05/2018 10:54,16/05/2018,
ZA-00021756,ZAC0016954,11/05/2018 19:12,COMPLETE,12/05/2018 23:35,17/05/2018 04:18,19/05/2018,WINTER15
ZA-00021757,ZAC0017906,11/05/2018 10:16,COMPLETE,12/05/2018 15:04,22/05/2018 14:41,16/05/2018,
ZA-00021758,ZAC0005546,11/05/2018 07:24,COMPLETE,15/05/2018 00:42,16/05/2018 18:58,22/05/2018,
ZA-00021759,ZAC0002064,11/05/2018 07:57,COMPLETE,13/05/2018 20:01,18/05/2018 01:42,18/05/2018,
ZA-00021760,ZAC0018268,11/05/2018 10:21,COMPLETE,12/05/2018 11:12,18/05/2018 10:23,16/05/2018,
ZA-00021761,ZAC0019209,11/05/2018 09:44,COMPLETE,11/05/2018 20:23,13/05/2018 17:12,14/05/2018,
ZA-00021762,ZAC0015893,11/05/2018 11:28,COMPLETE,13/05/2018 05:04,15/05/2018 14:16,18/05/2018,LOYAL5
ZA-00021763,ZAC0023621,11/05/2018 06:03,COMPLETE,11/05/2018 12:12,12/05/2018 02:22,18/05/2018,LOYAL5
ZA-00021764,ZAC0006629,11/05/2018 21:49,COMPLETE,13/05/2018 16:39,16/05/2018 00:12,16/05/2018,WINTER15
ZA-00021765,ZAC0000028,11/05/2018 07:02,COMPLETE,16/05/2018 02:32,19/05/2018 18:37,21/05/2018,WINTER15
ZA-00021766,ZAC0006743,11/05/2018 07:59,COMPLETE,12/05/2018 06:04,15/05/2018 19:34,16/05/2018,
ZA-00021767,ZAC0017663,11/05/2018 06:52,COMPLETE,15/05/2018 21:37,21/05/2018 02:59,22/05/2018,BULK20
ZA-00021768,ZAC0012598,11/05/2018 08:33,COMPLETE,11/05/2018 19:08,21/05/2018 05:59,16/05/2018,
ZA-00021769,ZAC0007253,11/05/2018 19:30,COMPLETE,16/05/2018 21:57,25/05/2018 14:56,20/05/2018,LOYAL5
ZA-00021770,ZAC0005338,11/05/2018 06:58,COMPLETE,12/05/2018 23:19,14/05/2018 16:00,22/05/2018,
ZA-00021771,ZAC0007779,11/05/2018 21:26,COMPLETE,14/05/2018 05:36,18/05/2018 07:05,18/05/2018,
ZA-00021772,ZAC0022983,11/05/2018 17:36,COMPLETE,12/05/2018 04:16,18/05/2018 00:57,16/05/2018,
ZA-00021773,ZAC0019712,11/05/2018 14:59,DISPATCHED,12/05/2018 21:19,,19/05/2018,
ZA-00021774,ZAC0022730,12/05/2018 21:35,COMPLETE,13/05/2018 23:56,19/05/2018 05:35,16/05/2018,
ZA-00021775,ZAC0007164,12/05/2018 10:26,PENDING,,,,
ZA-00021776,ZAC0015251,12/05/2018 06:24,COMPLETE,13/05/2018 17:04,18/05/2018 20:44,18/05/2018,
ZA-00021777,ZAC0017491,12/05/2018 06:15,COMPLETE,13/05/2018 19:46,19/05/2018 11:54,16/05/2018,
ZA-00021778,ZAC0008208,12/05/2018 21:18,COMPLETE,14/05/2018 03:01,17/05/2018 22:45,18/05/2018,
ZA-00021779,ZAC0009263,12/05/2018 13:26,COMPLETE,16/05/2018 04:59,21/05/2018 14:07,23/05/2018,
ZA-00021780,ZAC0008629,12/05/2018 14:51,COMPLETE,13/05/2018 06:09,14/05/2018 12:43,18/05/2018,
ZA-00021781,ZAC0022030,12/05/2018 19:16,COMPLETE,15/05/2018 11:34,24/05/2018 12:33,19/05/2018,
ZA-00021782,ZAC0008041,12/05/2018 16:16,COMPLETE,13/05/2018 19:23,19/05/2018 05:37,20/05/2018,
ZA-00021783,ZAC0003700,12/05/2018 16:25,COMPLETE,15/05/2018 04:48,22/05/2018 22:45,19/05/2018,BULK20
ZA-00021784,ZAC0004923,12/05/2018 17:05,COMPLETE,15/05/2018 01:24,27/05/2018 06:49,20/05/2018,
ZA-00021785,ZAC0012807,12/05/2018 21:20,COMPLETE,14/05/2018 09:04,16/05/2018 18:37,21/05/2018,
ZA-00021786,ZAC0017303,12/05/2018 22:15,COMPLETE,14/05/2018 01:19,18/05/2018 04:44,19/05/2018,LOYAL5
ZA-00021787,ZAC0005000,12/05/2018 19:29,COMPLETE,13/05/2018 16:00,20/05/2018 10:28,16/05/2018,
ZA-00021788,ZAC0022096,12/05/2018 11:29,COMPLETE,12/05/2018 19:53,16/05/2018 03:43,15/05/2018,
ZA-00021789,ZAC0016867,12/05/2018 18:50,COMPLETE,15/05/2018 22:41,20/05/2018 18:27,22/05/2018,
ZA-00021790,ZAC0005245,12/05/2018 09:37,COMPLETE,14/05/2018 23:47,17/05/2018 09:46,19/05/2018,
ZA-00021791,ZAC0023987,12/05/2018 18:49,COMPLETE,14/05/2018 08:58,29/05/2018 13:56,18/05/2018,WINTER15
ZA-00021792,ZAC0007025,12/05/2018 15:41,COMPLETE,16/05/2018 13:09,21/05/2018 09:38,23/05/2018,
ZA-00021793,ZAC0015467,12/05/2018 13:48,COMPLETE,13/05/2018 23:22,15/05/2018 08:26,20/05/2018,
ZA-00021794,ZAC0004977,12/05/2018 08:54,COMPLETE,13/05/2018 15:15,21/05/2018 03:12,18/05/2018,
ZA-00021795,ZAC0002068,12/05/2018 15:41,COMPLETE,16/05/2018 07:37,17/05/2018 22:21,21/05/2018,
ZA-00021796,ZAC0015634,12/05/2018 21:40,COMPLETE,13/05/2018 10:43,17/05/2018 16:39,18/05/2018,
ZA-00021797,ZAC0016411,12/05/2018 19:01,COMPLETE,14/05/2018 14:37,19/05/2018 22:15,19/05/2018,FREESHIP
ZA-00021798,ZAC0022081,12/05/2018 15:45,COMPLETE,14/05/2018 16:27,17/05/2018 08:23,17/05/2018,FLASH25
ZA-00021799,ZAC0015961,12/05/2018 09:17,COMPLETE,13/05/2018 21:47,18/05/2018 14:43,17/05/2018,
ZA-00021800,ZAC0021271,12/05/2018 14:04,COMPLETE,14/05/2018 21:24,19/05/2018 12:02,21/05/2018,
ZA-00021801,ZAC0000080,12/05/2018 17:07,COMPLETE,15/05/2018 05:19,17/05/2018 00:00,20/05/2018,
ZA-00021802,ZAC0003090,12/05/2018 07:20,COMPLETE,12/05/2018 18:01,16/05/2018 12:38,15/05/2018,
ZA-00021803,ZAC0002232,12/05/2018 16:43,COMPLETE,13/05/2018 01:04,15/05/2018 22:38,18/05/2018,
ZA-00021804,ZAC0021029,12/05/2018 07:52,COMPLETE,14/05/2018 19:54,17/05/2018 13:18,18/05/2018,
ZA-00021805,ZAC0022143,12/05/2018 09:41,COMPLETE,13/05/2018 00:03,14/05/2018 22:41,20/05/2018,
ZA-00021806,ZAC0020910,12/05/2018 14:07,COMPLETE,16/05/2018 00:38,19/05/2018 21:24,21/05/2018,
ZA-00021807,ZAC0008667,12/05/2018 06:47,COMPLETE,14/05/2018 14:04,19/05/2018 22:38,18/05/2018,
ZA-00021808,ZAC0020471,12/05/2018 11:47,COMPLETE,14/05/2018 22:11,18/05/2018 07:08,17/05/2018,
ZA-00021809,ZAC0009019,12/05/2018 22:45,COMPLETE,13/05/2018 21:10,15/05/2018 23:05,17/05/2018,FREESHIP
ZA-00021810,ZAC0016554,12/05/2018 15:55,COMPLETE,13/05/2018 07:40,14/05/2018 19:06,20/05/2018,
ZA-00021811,ZAC0004445,12/05/2018 08:33,COMPLETE,13/05/2018 20:09,23/05/2018 01:56,16/05/2018,
ZA-00021812,ZAC0005013,12/05/2018 06:27,COMPLETE,13/05/2018 20:56,18/05/2018 01:18,16/05/2018,
ZA-00021813,ZAC0006925,12/05/2018 16:38,COMPLETE,14/05/2018 20:38,18/05/2018 04:20,19/05/2018,
ZA-00021814,ZAC0006762,12/05/2018 15:21,COMPLETE,17/05/2018 02:30,19/05/2018 04:24,22/05/2018,
ZA-00021815,ZAC0002249,12/05/2018 22:07,COMPLETE,14/05/2018 08:59,22/05/2018 11:20,19/05/2018,
ZA-00021816,ZAC0011506,12/05/2018 07:51,COMPLETE,16/05/2018 13:48,18/05/2018 17:49,20/05/2018,
ZA-00021817,ZAC0008405,12/05/2018 12:32,DISPATCHED,13/05/2018 18:55,,18/05/2018,
ZA-00021818,ZAC0003407,12/05/2018 06:41,COMPLETE,12/05/2018 19:28,23/05/2018 15:50,22/05/2018,
ZA-00021819,ZAC0004769,12/05/2018 22:02,COMPLETE,20/05/2018 00:54,23/05/2018 04:38,25/05/2018,
ZA-00021820,ZAC0007176,12/05/2018 08:41,COMPLETE,14/05/2018 07:38,19/05/2018 15:03,17/05/2018,
ZA-00021821,ZAC0014685,12/05/2018 15:57,DISPATCHED,14/05/2018 09:46,,21/05/2018,BULK20
ZA-00021822,ZAC0014157,12/05/2018 19:01,COMPLETE,14/05/2018 11:36,17/05/2018 12:13,19/05/2018,
ZA-00021823,ZAC0015384,12/05/2018 22:22,COMPLETE,15/05/2018 00:10,16/05/2018 05:31,20/05/2018,
ZA-00021824,ZAC0012008,12/05/2018 17:41,COMPLETE,13/05/2018 18:55,01/06/2018 16:47,18/05/2018,
ZA-00021825,ZAC0001374,12/05/2018 09:41,COMPLETE,17/05/2018 00:26,20/05/2018 09:49,21/05/2018,WELCOME10
ZA-00021826,ZAC0003274,12/05/2018 10:40,COMPLETE,13/05/2018 06:46,17/05/2018 13:16,18/05/2018,
ZA-00021827,ZAC0010135,12/05/2018 19:40,COMPLETE,13/05/2018 21:17,18/05/2018 06:23,17/05/2018,
ZA-00021828,ZAC0003094,12/05/2018 11:24,COMPLETE,13/05/2018 13:05,23/05/2018 12:49,20/05/2018,
ZA-00021829,ZAC0006614,12/05/2018 14:31,COMPLETE,13/05/2018 20:16,15/05/2018 08:30,16/05/2018,
ZA-00021830,ZAC0012415,12/05/2018 13:23,COMPLETE,13/05/2018 10:02,17/05/2018 23:49,20/05/2018,
ZA-00021831,ZAC0014379,12/05/2018 21:10,COMPLETE,13/05/2018 21:33,16/05/2018 17:58,17/05/2018,
ZA-00021832,ZAC0003931,12/05/2018 15:31,COMPLETE,14/05/2018 07:06,15/05/2018 14:12,21/05/2018,
ZA-00021833,ZAC0004742,12/05/2018 10:18,COMPLETE,14/05/2018 00:10,18/05/2018 02:03,17/05/2018,
ZA-00021834,ZAC0021253,12/05/2018 22:18,COMPLETE,14/05/2018 14:48,24/05/2018 07:57,21/05/2018,
ZA-00021835,ZAC0003410,12/05/2018 15:17,COMPLETE,15/05/2018 09:26,15/05/2018 22:50,19/05/2018,
ZA-00021836,ZAC0009031,12/05/2018 12:37,COMPLETE,13/05/2018 22:20,17/05/2018 21:15,17/05/2018,
ZA-00021837,ZAC0021364,12/05/2018 21:38,COMPLETE,13/05/2018 22:27,18/05/2018 00:16,23/05/2018,
ZA-00021838,ZAC0014449,12/05/2018 06:34,COMPLETE,13/05/2018 11:16,23/05/2018 03:35,20/05/2018,
ZA-00021839,ZAC0018148,12/05/2018 18:30,COMPLETE,12/05/2018 22:24,14/05/2018 03:12,16/05/2018,
ZA-00021840,ZAC0011553,12/05/2018 19:17,COMPLETE,15/05/2018 12:49,19/05/2018 20:33,19/05/2018,
ZA-00021841,ZAC0006298,12/05/2018 19:35,COMPLETE,19/05/2018 04:32,26/05/2018 14:36,24/05/2018,WELCOME10
ZA-00021842,ZAC0015274,12/05/2018 07:54,COMPLETE,15/05/2018 13:23,24/05/2018 09:34,22/05/2018,FREESHIP
ZA-00021843,ZAC0018130,12/05/2018 16:56,COMPLETE,14/05/2018 03:49,14/05/2018 17:25,17/05/2018,
ZA-00021844,ZAC0013290,12/05/2018 20:02,COMPLETE,16/05/2018 03:57,16/05/2018 23:50,20/05/2018,WINTER15
ZA-00021845,ZAC0000106,12/05/2018 22:35,COMPLETE,13/05/2018 01:59,20/05/2018 21:02,20/05/2018,WINTER15
ZA-00021846,ZAC0008750,12/05/2018 17:14,COMPLETE,14/05/2018 10:44,18/05/2018 10:06,17/05/2018,
ZA-00021847,ZAC0016397,12/05/2018 19:54,COMPLETE,14/05/2018 09:11,19/05/2018 15:58,19/05/2018,
ZA-00021848,ZAC0005538,12/05/2018 10:39,COMPLETE,16/05/2018 01:37,23/05/2018 15:05,19/05/2018,BULK20
ZA-00021849,ZAC0001202,12/05/2018 16:33,COMPLETE,15/05/2018 13:15,19/05/2018 12:04,25/05/2018,WINTER15
ZA-00021850,ZAC0003733,13/05/2018 11:53,CANCELLED,,,,
ZA-00021851,ZAC0008445,13/05/2018 17:14,COMPLETE,15/05/2018 07:51,17/05/2018 21:38,22/05/2018,
ZA-00021852,ZAC0023142,13/05/2018 18:30,COMPLETE,16/05/2018 11:19,20/05/2018 11:40,21/05/2018,FREESHIP
ZA-00021853,ZAC0002127,13/05/2018 10:08,COMPLETE,14/05/2018 02:54,20/05/2018 10:22,19/05/2018,
ZA-00021854,ZAC0017161,13/05/2018 16:16,COMPLETE,14/05/2018 18:50,16/05/2018 23:04,21/05/2018,
ZA-00021855,ZAC0019816,13/05/2018 12:24,COMPLETE,19/05/2018 07:39,27/05/2018 09:18,29/05/2018,
ZA-00021856,ZAC0012457,13/05/2018 20:27,COMPLETE,15/05/2018 07:32,17/05/2018 09:18,19/05/2018,FLASH25
ZA-00021857,ZAC0000682,13/05/2018 22:45,COMPLETE,15/05/2018 22:15,18/05/2018 21:35,20/05/2018,
ZA-00021858,ZAC0017528,13/05/2018 12:27,COMPLETE,14/05/2018 09:58,24/05/2018 14:51,19/05/2018,
ZA-00021859,ZAC0014995,13/05/2018 13:46,COMPLETE,14/05/2018 18:42,16/05/2018 14:19,17/05/2018,
ZA-00021860,ZAC0009387,13/05/2018 18:36,COMPLETE,14/05/2018 08:59,16/05/2018 13:06,21/05/2018,
ZA-00021861,ZAC0003631,13/05/2018 13:27,COMPLETE,17/05/2018 11:39,19/05/2018 22:05,21/05/2018,WELCOME10
ZA-00021862,ZAC0004167,13/05/2018 15:18,COMPLETE,15/05/2018 16:58,19/05/2018 01:17,19/05/2018,
ZA-00021863,ZAC0000707,13/05/2018 17:24,COMPLETE,17/05/2018 21:48,19/05/2018 00:36,27/05/2018,
ZA-00021864,ZAC0008494,13/05/2018 12:42,COMPLETE,15/05/2018 12:22,20/05/2018 20:11,22/05/2018,
ZA-00021865,ZAC0005344,13/05/2018 07:29,COMPLETE,14/05/2018 09:17,18/05/2018 20:38,18/05/2018,FREESHIP
ZA-00021866,ZAC0014622,13/05/2018 09:54,COMPLETE,13/05/2018 19:38,18/05/2018 09:12,16/05/2018,LOYAL5
ZA-00021867,ZAC0020270,13/05/2018 21:26,COMPLETE,14/05/2018 21:44,16/05/2018 22:52,18/05/2018,
ZA-00021868,ZAC0017407,13/05/2018 17:13,COMPLETE,15/05/2018 01:51,17/05/2018 16:16,22/05/2018,
ZA-00021869,ZAC0022087,13/05/2018 17:09,COMPLETE,15/05/2018 12:28,17/05/2018 21:30,19/05/2018,
ZA-00021870,ZAC0022355,13/05/2018 10:48,DISPATCHED,14/05/2018 08:35,,21/05/2018,WINTER15
ZA-00021871,ZAC0016106,13/05/2018 09:46,COMPLETE,15/05/2018 10:58,17/05/2018 14:24,22/05/2018,
ZA-00021872,ZAC0004312,13/05/2018 18:28,COMPLETE,14/05/2018 16:47,16/05/2018 05:51,19/05/2018,
ZA-00021873,ZAC0011251,13/05/2018 09:49,COMPLETE,15/05/2018 13:51,20/05/2018 16:18,18/05/2018,
ZA-00021874,ZAC0001993,13/05/2018 22:40,COMPLETE,14/05/2018 13:03,15/05/2018 22:48,18/05/2018,
ZA-00021875,ZAC0018596,13/05/2018 10:12,COMPLETE,14/05/2018 19:45,21/05/2018 03:56,17/05/2018,
ZA-00021876,ZAC0009217,13/05/2018 10:49,COMPLETE,14/05/2018 03:20,18/05/2018 11:34,18/05/2018,
ZA-00021877,ZAC0001408,13/05/2018 07:37,COMPLETE,16/05/2018 09:25,19/05/2018 17:37,23/05/2018,FLASH25
ZA-00021878,ZAC0016966,13/05/2018 19:30,COMPLETE,17/05/2018 07:43,22/05/2018 02:43,24/05/2018,WINTER15
ZA-00021879,ZAC0009333,13/05/2018 06:58,COMPLETE,13/05/2018 16:56,16/05/2018 18:14,17/05/2018,
ZA-00021880,ZAC0000762,13/05/2018 14:49,COMPLETE,14/05/2018 20:41,17/05/2018 00:32,19/05/2018,
ZA-00021881,ZAC0011664,13/05/2018 13:48,COMPLETE,15/05/2018 01:40,16/05/2018 21:43,20/05/2018,
ZA-00021882,ZAC0001244,13/05/2018 09:05,COMPLETE,14/05/2018 21:21,19/05/2018 01:16,24/05/2018,
ZA-00021883,ZAC0021997,13/05/2018 08:29,COMPLETE,14/05/2018 07:33,17/05/2018 21:46,21/05/2018,
ZA-00021884,ZAC0019343,13/05/2018 12:02,COMPLETE,15/05/2018 14:39,24/05/2018 08:29,20/05/2018,
ZA-00021885,ZAC0021666,13/05/2018 18:33,COMPLETE,15/05/2018 12:53,17/05/2018 04:33,19/05/2018,
ZA-00021886,ZAC0007032,13/05/2018 20:38,COMPLETE,16/05/2018 09:30,20/05/2018 12:25,20/05/2018,
ZA-00021887,ZAC0017425,13/05/2018 17:52,COMPLETE,16/05/2018 07:42,17/05/2018 19:13,19/05/2018,
ZA-00021888,ZAC0016469,13/05/2018 12:10,COMPLETE,15/05/2018 08:58,19/05/2018 09:22,20/05/2018,
ZA-00021889,ZAC0015677,13/05/2018 07:25,COMPLETE,18/05/2018 08:54,24/05/2018 08:52,21/05/2018,
ZA-00021890,ZAC0001324,13/05/2018 12:58,COMPLETE,15/05/2018 09:26,18/05/2018 11:06,20/05/2018,
ZA-00021891,ZAC0002568,13/05/2018 20:22,COMPLETE,17/05/2018 01:37,20/05/2018 16:08,27/05/2018,
ZA-00021892,ZAC0015043,13/05/2018 21:18,COMPLETE,14/05/2018 23:22,16/05/2018 17:50,24/05/2018,
ZA-00021893,ZAC0015609,13/05/2018 14:00,COMPLETE,16/05/2018 03:28,23/05/2018 17:07,20/05/2018,FREESHIP
ZA-00021894,ZAC0020852,13/05/2018 10:30,RETURNED,14/05/2018 12:04,16/05/2018 14:04,18/05/2018,
ZA-00021895,ZAC0023617,13/05/2018 19:16,COMPLETE,13/05/2018 22:34,20/05/2018 09:18,20/05/2018,
ZA-00021896,ZAC0019776,13/05/2018 13:00,COMPLETE,14/05/2018 04:53,16/05/2018 07:20,21/05/2018,FREESHIP
ZA-00021897,ZAC0009480,13/05/2018 18:15,COMPLETE,21/05/2018 00:00,24/05/2018 15:10,24/05/2018,WINTER15
ZA-00021898,ZAC0012769,13/05/2018 18:23,COMPLETE,14/05/2018 19:48,20/05/2018 02:22,24/05/2018,
ZA-00021899,ZAC0013531,13/05/2018 15:41,COMPLETE,15/05/2018 15:24,20/05/2018 03:10,22/05/2018,
ZA-00021900,ZAC0020062,13/05/2018 14:04,COMPLETE,17/05/2018 02:20,19/05/2018 09:30,20/05/2018,
ZA-00021901,ZAC0020566,13/05/2018 22:58,COMPLETE,15/05/2018 20:27,18/05/2018 14:19,18/05/2018,
ZA-00021902,ZAC0009646,13/05/2018 15:00,COMPLETE,15/05/2018 12:50,19/05/2018 04:47,19/05/2018,
ZA-00021903,ZAC0000837,13/05/2018 06:19,COMPLETE,14/05/2018 15:56,29/05/2018 01:37,24/05/2018,WELCOME10
ZA-00021904,ZAC0014629,13/05/2018 06:39,COMPLETE,14/05/2018 20:56,20/05/2018 17:00,18/05/2018,
ZA-00021905,ZAC0006978,13/05/2018 09:56,COMPLETE,14/05/2018 10:16,17/05/2018 11:04,19/05/2018,
ZA-00021906,ZAC0010667,13/05/2018 14:40,COMPLETE,16/05/2018 00:58,18/05/2018 22:50,19/05/2018,
ZA-00021907,ZAC0014069,13/05/2018 19:19,COMPLETE,16/05/2018 04:20,17/05/2018 15:33,20/05/2018,
ZA-00021908,ZAC0003861,13/05/2018 14:05,COMPLETE,13/05/2018 19:05,15/05/2018 22:02,18/05/2018,
ZA-00021909,ZAC0004289,13/05/2018 15:15,COMPLETE,15/05/2018 06:41,19/05/2018 01:28,22/05/2018,
ZA-00021910,ZAC0023037,13/05/2018 14:03,COMPLETE,14/05/2018 18:16,16/05/2018 02:45,18/05/2018,
ZA-00021911,ZAC0001207,13/05/2018 11:40,COMPLETE,14/05/2018 13:57,18/05/2018 09:47,19/05/2018,
ZA-00021912,ZAC0012210,13/05/2018 22:45,COMPLETE,14/05/2018 18:57,17/05/2018 13:58,18/05/2018,WINTER15
ZA-00021913,ZAC0001245,13/05/2018 20:38,COMPLETE,14/05/2018 07:30,18/05/2018 04:09,19/05/2018,FREESHIP
ZA-00021914,ZAC0005862,13/05/2018 07:58,DISPATCHED,14/05/2018 08:15,,19/05/2018,
ZA-00021915,ZAC0004856,13/05/2018 07:42,COMPLETE,15/05/2018 20:43,19/05/2018 07:50,18/05/2018,
ZA-00021916,ZAC0011245,13/05/2018 09:50,COMPLETE,14/05/2018 05:46,19/05/2018 16:06,17/05/2018,
ZA-00021917,ZAC0009143,13/05/2018 18:49,COMPLETE,14/05/2018 17:06,16/05/2018 11:20,21/05/2018,
ZA-00021918,ZAC0011990,13/05/2018 15:37,COMPLETE,16/05/2018 05:05,21/05/2018 04:41,21/05/2018,
ZA-00021919,ZAC0015569,13/05/2018 20:00,COMPLETE,14/05/2018 03:29,17/05/2018 10:26,19/05/2018,
ZA-00021920,ZAC0016155,13/05/2018 14:39,COMPLETE,15/05/2018 13:48,21/05/2018 15:45,22/05/2018,
ZA-00021921,ZAC0016408,13/05/2018 06:29,CANCELLED,,,,
ZA-00021922,ZAC0014380,13/05/2018 09:17,COMPLETE,15/05/2018 09:52,22/05/2018 11:05,18/05/2018,
ZA-00021923,ZAC0017299,13/05/2018 16:45,COMPLETE,15/05/2018 07:54,22/05/2018 02:33,20/05/2018,
ZA-00021924,ZAC0002789,13/05/2018 10:59,COMPLETE,15/05/2018 10:52,16/05/2018 04:25,20/05/2018,
ZA-00021925,ZAC0010576,13/05/2018 07:10,COMPLETE,14/05/2018 16:47,17/05/2018 11:04,21/05/2018,
ZA-00021926,ZAC0012838,13/05/2018 09:33,COMPLETE,14/05/2018 15:30,16/05/2018 15:46,21/05/2018,LOYAL5
ZA-00021927,ZAC0016075,13/05/2018 11:41,COMPLETE,17/05/2018 01:04,21/05/2018 06:31,22/05/2018,
ZA-00021928,ZAC0023492,13/05/2018 21:07,COMPLETE,18/05/2018 02:28,28/05/2018 11:39,23/05/2018,
ZA-00021929,ZAC0002395,13/05/2018 15:38,COMPLETE,14/05/2018 01:39,18/05/2018 10:32,17/05/2018,FLASH25
ZA-00021930,ZAC0014427,13/05/2018 18:54,COMPLETE,16/05/2018 18:35,21/05/2018 10:30,19/05/2018,
ZA-00021931,ZAC0001504,13/05/2018 08:22,COMPLETE,14/05/2018 08:39,19/05/2018 05:53,18/05/2018,
ZA-00021932,ZAC0018383,14/05/2018 17:14,COMPLETE,15/05/2018 21:35,17/05/2018 04:29,25/05/2018,WELCOME10
ZA-00021933,ZAC0009385,14/05/2018 10:53,COMPLETE,18/05/2018 04:44,18/05/2018 22:35,22/05/2018,
ZA-00021934,ZAC0019073,14/05/2018 06:17,COMPLETE,16/05/2018 15:31,20/05/2018 00:44,26/05/2018,WELCOME10
ZA-00021935,ZAC0007215,14/05/2018 08:58,COMPLETE,18/05/2018 03:59,02/06/2018 09:28,25/05/2018,
ZA-00021936,ZAC0003565,14/05/2018 06:38,COMPLETE,15/05/2018 17:24,21/05/2018 10:37,19/05/2018,
ZA-00021937,ZAC0005167,14/05/2018 14:34,COMPLETE,16/05/2018 07:16,23/05/2018 10:10,20/05/2018,
ZA-00021938,ZAC0019006,14/05/2018 22:00,COMPLETE,17/05/2018 07:42,21/05/2018 19:54,21/05/2018,BULK20
ZA-00021939,ZAC0009249,14/05/2018 08:40,COMPLETE,16/05/2018 06:51,21/05/2018 04:46,20/05/2018,
ZA-00021940,ZAC0010636,14/05/2018 20:03,COMPLETE,16/05/2018 20:46,21/05/2018 06:52,21/05/2018,WELCOME10
ZA-00021941,ZAC0012479,14/05/2018 18:40,COMPLETE,17/05/2018 18:23,19/05/2018 20:18,20/05/2018,FLASH25
ZA-00021942,ZAC0002679,14/05/2018 17:22,COMPLETE,17/05/2018 13:33,23/05/2018 03:32,22/05/2018,
ZA-00021943,ZAC0017005,14/05/2018 17:45,COMPLETE,17/05/2018 11:56,18/05/2018 23:41,22/05/2018,
ZA-00021944,ZAC0013436,14/05/2018 09:55,COMPLETE,16/05/2018 17:38,24/05/2018 03:57,19/05/2018,
ZA-00021945,ZAC0014734,14/05/2018 11:36,COMPLETE,15/05/2018 05:29,15/05/2018 18:38,18/05/2018,
ZA-00021946,ZAC0013028,14/05/2018 12:40,COMPLETE,18/05/2018 17:31,22/05/2018 09:56,23/05/2018,
ZA-00021947,ZAC0015414,14/05/2018 15:46,COMPLETE,19/05/2018 22:04,21/05/2018 14:39,26/05/2018,WELCOME10
ZA-00021948,ZAC0010437,14/05/2018 10:17,COMPLETE,15/05/2018 16:39,17/05/2018 03:25,18/05/2018,
ZA-00021949,ZAC0012209,14/05/2018 13:37,COMPLETE,17/05/2018 00:02,21/05/2018 18:46,22/05/2018,
ZA-00021950,ZAC0017410,14/05/2018 17:55,COMPLETE,15/05/2018 09:08,22/05/2018 08:13,19/05/2018,
ZA-00021951,ZAC0003414,14/05/2018 15:32,RETURNED,15/05/2018 00:17,22/05/2018 10:51,18/05/2018,
ZA-00021952,ZAC0007589,14/05/2018 11:07,COMPLETE,16/05/2018 03:59,23/05/2018 02:09,23/05/2018,
ZA-00021953,ZAC0004884,14/05/2018 20:06,COMPLETE,17/05/2018 07:04,27/05/2018 01:16,27/05/2018,
ZA-00021954,ZAC0002566,14/05/2018 18:11,COMPLETE,17/05/2018 06:45,21/05/2018 07:02,24/05/2018,
ZA-00021955,ZAC0013801,14/05/2018 10:23,CANCELLED,,,,
ZA-00021956,ZAC0006331,14/05/2018 20:40,COMPLETE,15/05/2018 12:59,20/05/2018 15:58,22/05/2018,
ZA-00021957,ZAC0021015,14/05/2018 08:13,COMPLETE,17/05/2018 03:33,28/05/2018 20:26,21/05/2018,
ZA-00021958,ZAC0003884,14/05/2018 20:42,COMPLETE,17/05/2018 22:36,21/05/2018 11:04,24/05/2018,
ZA-00021959,ZAC0010645,14/05/2018 15:49,COMPLETE,15/05/2018 15:36,23/05/2018 01:42,20/05/2018,
ZA-00021960,ZAC0001545,14/05/2018 18:11,COMPLETE,17/05/2018 14:22,20/05/2018 01:10,27/05/2018,
ZA-00021961,ZAC0003016,14/05/2018 15:52,COMPLETE,14/05/2018 23:26,20/05/2018 19:45,21/05/2018,WELCOME10
ZA-00021962,ZAC0017842,14/05/2018 11:15,COMPLETE,17/05/2018 14:49,20/05/2018 17:56,21/05/2018,
ZA-00021963,ZAC0018049,14/05/2018 22:50,COMPLETE,19/05/2018 12:14,26/05/2018 10:15,26/05/2018,BULK20
ZA-00021964,ZAC0015435,14/05/2018 06:59,COMPLETE,17/05/2018 01:52,21/05/2018 20:37,21/05/2018,
ZA-00021965,ZAC0023029,14/05/2018 09:58,COMPLETE,15/05/2018 23:19,22/05/2018 19:51,19/05/2018,FLASH25
ZA-00021966,ZAC0020216,14/05/2018 15:52,COMPLETE,16/05/2018 05:06,18/05/2018 03:09,19/05/2018,FLASH25
ZA-00021967,ZAC0007866,14/05/2018 10:50,COMPLETE,16/05/2018 19:46,21/05/2018 06:39,26/05/2018,
ZA-00021968,ZAC0011787,14/05/2018 16:09,COMPLETE,15/05/2018 08:12,19/05/2018 10:06,18/05/2018,LOYAL5
ZA-00021969,ZAC0000724,14/05/2018 21:08,COMPLETE,15/05/2018 11:25,16/05/2018 03:24,22/05/2018,
ZA-00021970,ZAC0000383,14/05/2018 19:37,COMPLETE,18/05/2018 03:01,22/05/2018 01:11,25/05/2018,
ZA-00021971,ZAC0015422,14/05/2018 10:17,COMPLETE,15/05/2018 08:59,21/05/2018 06:45,18/05/2018,
ZA-00021972,ZAC0007156,14/05/2018 18:21,COMPLETE,16/05/2018 05:04,21/05/2018 03:48,23/05/2018,
ZA-00021973,ZAC0003861,14/05/2018 10:24,COMPLETE,14/05/2018 20:05,18/05/2018 21:31,18/05/2018,
ZA-00021974,ZAC0009738,14/05/2018 17:15,COMPLETE,15/05/2018 02:36,17/05/2018 04:01,20/05/2018,
ZA-00021975,ZAC0001197,14/05/2018 13:24,COMPLETE,16/05/2018 05:16,18/05/2018 21:39,21/05/2018,FREESHIP
ZA-00021976,ZAC0018912,14/05/2018 10:24,COMPLETE,16/05/2018 04:29,20/05/2018 07:27,23/05/2018,
ZA-00021977,ZAC0016772,14/05/2018 06:04,COMPLETE,17/05/2018 20:20,20/05/2018 02:28,24/05/2018,
ZA-00021978,ZAC0003190,14/05/2018 09:51,COMPLETE,16/05/2018 10:01,21/05/2018 02:19,21/05/2018,
ZA-00021979,ZAC0017703,14/05/2018 19:57,COMPLETE,15/05/2018 04:49,18/05/2018 13:10,22/05/2018,WELCOME10
ZA-00021980,ZAC0021067,14/05/2018 15:02,COMPLETE,19/05/2018 06:50,20/05/2018 23:23,22/05/2018,
ZA-00021981,ZAC0008943,14/05/2018 20:37,COMPLETE,18/05/2018 11:56,26/05/2018 23:57,21/05/2018,WINTER15
ZA-00021982,ZAC0004496,14/05/2018 17:07,COMPLETE,20/05/2018 07:42,23/05/2018 03:29,23/05/2018,
ZA-00021983,ZAC0020384,14/05/2018 20:31,COMPLETE,19/05/2018 20:32,21/05/2018 18:22,29/05/2018,
ZA-00021984,ZAC0006612,14/05/2018 07:09,COMPLETE,14/05/2018 17:11,25/05/2018 02:15,18/05/2018,
ZA-00021985,ZAC0017132,14/05/2018 14:09,COMPLETE,16/05/2018 23:15,21/05/2018 16:06,20/05/2018,WELCOME10
ZA-00021986,ZAC0000226,14/05/2018 07:46,COMPLETE,16/05/2018 01:08,22/05/2018 11:54,23/05/2018,
ZA-00021987,ZAC0007817,14/05/2018 11:56,COMPLETE,18/05/2018 10:26,28/05/2018 07:55,25/05/2018,
ZA-00021988,ZAC0021407,14/05/2018 07:08,COMPLETE,16/05/2018 16:54,20/05/2018 03:09,19/05/2018,
ZA-00021989,ZAC0001711,14/05/2018 07:11,COMPLETE,16/05/2018 16:58,17/05/2018 03:38,20/05/2018,LOYAL5
ZA-00021990,ZAC0009442,14/05/2018 06:15,COMPLETE,17/05/2018 11:54,18/05/2018 06:43,21/05/2018,
ZA-00021991,ZAC0020127,14/05/2018 17:05,CANCELLED,,,,BULK20
ZA-00021992,ZAC0022615,14/05/2018 17:59,COMPLETE,19/05/2018 01:11,22/05/2018 21:50,23/05/2018,
ZA-00021993,ZAC0019994,14/05/2018 22:26,COMPLETE,17/05/2018 14:44,18/05/2018 12:03,20/05/2018,LOYAL5
ZA-00021994,ZAC0000831,14/05/2018 22:16,CANCELLED,,,,
ZA-00021995,ZAC0016364,14/05/2018 10:19,COMPLETE,17/05/2018 00:05,30/05/2018 23:39,20/05/2018,FLASH25
ZA-00021996,ZAC0021626,14/05/2018 19:53,COMPLETE,19/05/2018 09:45,20/05/2018 17:25,24/05/2018,
ZA-00021997,ZAC0019248,15/05/2018 19:55,COMPLETE,17/05/2018 22:05,22/05/2018 13:05,21/05/2018,
ZA-00021998,ZAC0001003,15/05/2018 06:31,COMPLETE,17/05/2018 03:01,21/05/2018 08:18,20/05/2018,
ZA-00021999,ZAC0003256,15/05/2018 07:33,COMPLETE,18/05/2018 09:11,19/05/2018 18:18,25/05/2018,
ZA-00022000,ZAC0002888,15/05/2018 16:35,COMPLETE,17/05/2018 15:48,19/05/2018 05:21,24/05/2018,WELCOME10
ZA-00022001,ZAC0015394,15/05/2018 09:42,COMPLETE,15/05/2018 20:14,16/05/2018 17:07,20/05/2018,
ZA-00022002,ZAC0018330,15/05/2018 16:36,COMPLETE,18/05/2018 21:54,20/05/2018 19:17,25/05/2018,
ZA-00022003,ZAC0017618,15/05/2018 20:28,COMPLETE,16/05/2018 02:39,19/05/2018 08:20,21/05/2018,
ZA-00022004,ZAC0006115,15/05/2018 14:11,DISPATCHED,18/05/2018 04:04,,22/05/2018,WELCOME10
ZA-00022005,ZAC0016808,15/05/2018 18:07,COMPLETE,16/05/2018 09:33,19/05/2018 01:30,19/05/2018,
ZA-00022006,ZAC0001513,15/05/2018 17:18,COMPLETE,16/05/2018 17:58,28/05/2018 11:42,19/05/2018,
ZA-00022007,ZAC0004853,15/05/2018 08:54,COMPLETE,18/05/2018 23:41,21/05/2018 13:34,25/05/2018,
ZA-00022008,ZAC0008934,15/05/2018 21:59,COMPLETE,22/05/2018 00:50,25/05/2018 12:16,01/06/2018,
ZA-00022009,ZAC0006449,15/05/2018 06:57,COMPLETE,17/05/2018 08:59,21/05/2018 05:40,22/05/2018,WELCOME10
ZA-00022010,ZAC0019533,15/05/2018 13:41,COMPLETE,19/05/2018 02:26,19/05/2018 19:13,26/05/2018,
ZA-00022011,ZAC0014228,15/05/2018 16:29,COMPLETE,18/05/2018 18:39,21/05/2018 00:10,23/05/2018,LOYAL5
ZA-00022012,ZAC0010591,15/05/2018 10:25,COMPLETE,16/05/2018 08:34,20/05/2018 04:53,19/05/2018,
ZA-00022013,ZAC0008448,15/05/2018 18:24,COMPLETE,16/05/2018 15:28,18/05/2018 23:31,20/05/2018,BULK20
ZA-00022014,ZAC0021760,15/05/2018 13:01,COMPLETE,17/05/2018 13:14,26/05/2018 10:15,20/05/2018,FLASH25
ZA-00022015,ZAC0017718,15/05/2018 22:22,COMPLETE,20/05/2018 01:02,21/05/2018 04:54,30/05/2018,BULK20
ZA-00022016,ZAC0021263,15/05/2018 22:02,COMPLETE,21/05/2018 01:56,24/05/2018 01:11,25/05/2018,
ZA-00022017,ZAC0016308,15/05/2018 19:39,COMPLETE,16/05/2018 15:39,17/05/2018 19:04,20/05/2018,
ZA-00022018,ZAC0008717,15/05/2018 12:01,COMPLETE,17/05/2018 17:13,21/05/2018 20:07,20/05/2018,
ZA-00022019,ZAC0001231,15/05/2018 12:28,COMPLETE,17/05/2018 02:09,18/05/2018 12:44,22/05/2018,FLASH25
ZA-00022020,ZAC0018591,15/05/2018 16:40,CANCELLED,,,,
ZA-00022021,ZAC0020867,15/05/2018 17:41,DISPATCHED,24/05/2018 06:24,,28/05/2018,FLASH25
ZA-00022022,ZAC0007988,15/05/2018 10:40,COMPLETE,17/05/2018 07:38,19/05/2018 12:05,24/05/2018,WELCOME10
ZA-00022023,ZAC0022183,15/05/2018 07:28,COMPLETE,17/05/2018 08:18,17/05/2018 18:33,20/05/2018,
ZA-00022024,ZAC0010235,15/05/2018 13:13,COMPLETE,17/05/2018 06:35,19/05/2018 14:53,24/05/2018,
ZA-00022025,ZAC0008672,15/05/2018 22:43,COMPLETE,16/05/2018 11:32,20/05/2018 06:38,20/05/2018,
ZA-00022026,ZAC0007056,15/05/2018 09:23,COMPLETE,19/05/2018 23:28,26/05/2018 21:44,26/05/2018,
ZA-00022027,ZAC0003627,15/05/2018 06:22,COMPLETE,16/05/2018 09:56,31/05/2018 17:14,20/05/2018,LOYAL5
ZA-00022028,ZAC0013417,15/05/2018 17:23,COMPLETE,18/05/2018 06:59,20/05/2018 03:41,25/05/2018,
ZA-00022029,ZAC0018799,15/05/2018 22:38,COMPLETE,16/05/2018 21:02,19/05/2018 20:27,23/05/2018,
ZA-00022030,ZAC0008950,15/05/2018 14:09,COMPLETE,17/05/2018 02:11,21/05/2018 03:25,21/05/2018,
ZA-00022031,ZAC0006234,15/05/2018 17:01,COMPLETE,19/05/2018 16:46,20/05/2018 05:20,23/05/2018,BULK20
ZA-00022032,ZAC0011829,15/05/2018 08:56,COMPLETE,17/05/2018 19:59,24/05/2018 07:08,20/05/2018,
ZA-00022033,ZAC0012848,15/05/2018 12:00,DISPATCHED,18/05/2018 20:43,,22/05/2018,
ZA-00022034,ZAC0020238,15/05/2018 17:55,COMPLETE,17/05/2018 07:54,19/05/2018 19:23,24/05/2018,
ZA-00022035,ZAC0021058,15/05/2018 11:30,COMPLETE,17/05/2018 03:43,19/05/2018 14:21,20/05/2018,
ZA-00022036,ZAC0014411,15/05/2018 18:21,COMPLETE,20/05/2018 00:52,21/05/2018 20:37,25/05/2018,
ZA-00022037,ZAC0006707,15/05/2018 14:41,COMPLETE,17/05/2018 03:33,24/05/2018 04:55,24/05/2018,
ZA-00022038,ZAC0014757,15/05/2018 14:11,COMPLETE,18/05/2018 04:19,27/05/2018 19:43,23/05/2018,
ZA-00022039,ZAC0007890,15/05/2018 15:56,COMPLETE,19/05/2018 15:04,22/05/2018 16:03,26/05/2018,
ZA-00022040,ZAC0004754,15/05/2018 19:04,COMPLETE,19/05/2018 08:32,24/05/2018 02:41,23/05/2018,FREESHIP
ZA-00022041,ZAC0017779,15/05/2018 22:19,COMPLETE,16/05/2018 21:45,24/05/2018 16:07,20/05/2018,
ZA-00022042,ZAC0010094,15/05/2018 15:46,COMPLETE,23/05/2018 02:21,25/05/2018 02:11,27/05/2018,
ZA-00022043,ZAC0022958,15/05/2018 15:45,COMPLETE,18/05/2018 02:23,23/05/2018 05:40,21/05/2018,WELCOME10
ZA-00022044,ZAC0020522,15/05/2018 07:27,DISPATCHED,15/05/2018 19:01,,18/05/2018,
ZA-00022045,ZAC0022021,15/05/2018 19:14,COMPLETE,20/05/2018 16:22,22/05/2018 21:40,24/05/2018,
ZA-00022046,ZAC0023284,15/05/2018 12:10,COMPLETE,16/05/2018 07:49,28/05/2018 00:43,21/05/2018,
ZA-00022047,ZAC0014612,15/05/2018 15:43,COMPLETE,16/05/2018 03:07,21/05/2018 04:04,23/05/2018,
ZA-00022048,ZAC0000548,15/05/2018 18:44,COMPLETE,16/05/2018 17:23,22/05/2018 12:45,20/05/2018,
ZA-00022049,ZAC0006210,15/05/2018 09:39,COMPLETE,15/05/2018 20:25,21/05/2018 04:01,22/05/2018,
ZA-00022050,ZAC0008544,15/05/2018 19:41,COMPLETE,16/05/2018 17:48,27/05/2018 21:49,19/05/2018,
ZA-00022051,ZAC0019739,15/05/2018 09:09,COMPLETE,16/05/2018 17:37,20/05/2018 16:25,19/05/2018,FLASH25
ZA-00022052,ZAC0023322,15/05/2018 17:14,COMPLETE,19/05/2018 20:39,25/05/2018 17:23,23/05/2018,
ZA-00022053,ZAC0020080,15/05/2018 21:31,COMPLETE,19/05/2018 06:21,25/05/2018 04:37,22/05/2018,LOYAL5
ZA-00022054,ZAC0000400,15/05/2018 07:00,COMPLETE,17/05/2018 03:19,26/05/2018 19:45,21/05/2018,
ZA-00022055,ZAC0019703,15/05/2018 19:04,COMPLETE,16/05/2018 15:23,21/05/2018 17:28,26/05/2018,FLASH25
ZA-00022056,ZAC0022950,15/05/2018 14:42,COMPLETE,17/05/2018 13:31,26/05/2018 12:01,20/05/2018,WELCOME10
ZA-00022057,ZAC0015684,15/05/2018 08:05,COMPLETE,18/05/2018 07:33,20/05/2018 14:12,22/05/2018,
ZA-00022058,ZAC0002464,15/05/2018 14:57,DISPATCHED,17/05/2018 16:13,,21/05/2018,
ZA-00022059,ZAC0012942,15/05/2018 12:45,COMPLETE,17/05/2018 08:49,25/05/2018 16:10,22/05/2018,
ZA-00022060,ZAC0007480,15/05/2018 08:45,COMPLETE,18/05/2018 00:09,07/06/2018 13:40,22/05/2018,
ZA-00022061,ZAC0015157,15/05/2018 22:37,COMPLETE,18/05/2018 07:50,20/05/2018 03:45,25/05/2018,
ZA-00022062,ZAC0008839,15/05/2018 10:59,COMPLETE,19/05/2018 02:05,28/05/2018 06:07,29/05/2018,
ZA-00022063,ZAC0000930,15/05/2018 16:56,COMPLETE,16/05/2018 19:59,23/05/2018 15:19,21/05/2018,WELCOME10
ZA-00022064,ZAC0018860,15/05/2018 11:08,COMPLETE,16/05/2018 23:31,21/05/2018 07:29,19/05/2018,
ZA-00022065,ZAC0003933,15/05/2018 19:43,COMPLETE,17/05/2018 02:07,17/05/2018 16:31,20/05/2018,
ZA-00022066,ZAC0013089,15/05/2018 16:57,COMPLETE,25/05/2018 20:44,29/05/2018 11:13,30/05/2018,
ZA-00022067,ZAC0009863,15/05/2018 11:36,COMPLETE,18/05/2018 19:47,25/05/2018 08:23,23/05/2018,
ZA-00022068,ZAC0011435,15/05/2018 19:38,COMPLETE,19/05/2018 06:48,28/05/2018 05:30,22/05/2018,
ZA-00022069,ZAC0018880,15/05/2018 06:56,DISPATCHED,18/05/2018 20:10,,22/05/2018,BULK20
ZA-00022070,ZAC0000248,15/05/2018 17:25,CANCELLED,,,,
ZA-00022071,ZAC0010140,15/05/2018 09:06,COMPLETE,15/05/2018 21:40,20/05/2018 15:07,20/05/2018,
ZA-00022072,ZAC0008808,15/05/2018 14:46,COMPLETE,20/05/2018 08:03,27/05/2018 15:07,24/05/2018,
ZA-00022073,ZAC0003488,15/05/2018 20:39,COMPLETE,16/05/2018 15:04,24/05/2018 07:55,23/05/2018,
ZA-00022074,ZAC0023253,15/05/2018 21:16,COMPLETE,22/05/2018 07:35,27/05/2018 14:16,26/05/2018,
ZA-00022075,ZAC0011121,15/05/2018 08:28,COMPLETE,16/05/2018 08:26,20/05/2018 03:57,19/05/2018,FREESHIP
ZA-00022076,ZAC0008441,15/05/2018 08:23,COMPLETE,17/05/2018 18:06,20/05/2018 08:20,20/05/2018,FREESHIP
ZA-00022077,ZAC0015184,16/05/2018 15:12,COMPLETE,18/05/2018 08:35,22/05/2018 16:48,23/05/2018,
ZA-00022078,ZAC0011033,16/05/2018 18:48,COMPLETE,17/05/2018 05:28,25/05/2018 16:53,27/05/2018,
ZA-00022079,ZAC0002702,16/05/2018 16:53,CANCELLED,,,,
ZA-00022080,ZAC0007591,16/05/2018 22:39,COMPLETE,20/05/2018 18:05,23/05/2018 11:51,24/05/2018,
ZA-00022081,ZAC0022103,16/05/2018 12:33,COMPLETE,17/05/2018 07:45,25/05/2018 16:43,20/05/2018,
ZA-00022082,ZAC0012173,16/05/2018 13:39,COMPLETE,18/05/2018 16:38,28/05/2018 10:45,22/05/2018,WELCOME10
ZA-00022083,ZAC0023567,16/05/2018 15:27,COMPLETE,18/05/2018 06:49,24/05/2018 12:58,22/05/2018,
ZA-00022084,ZAC0022944,16/05/2018 18:14,COMPLETE,18/05/2018 09:39,21/05/2018 12:46,23/05/2018,
ZA-00022085,ZAC0016289,16/05/2018 17:01,COMPLETE,18/05/2018 15:05,20/05/2018 05:17,21/05/2018,
ZA-00022086,ZAC0012735,16/05/2018 07:01,COMPLETE,17/05/2018 08:09,18/05/2018 11:45,27/05/2018,
ZA-00022087,ZAC0018928,16/05/2018 10:05,COMPLETE,17/05/2018 07:13,23/05/2018 12:36,24/05/2018,
ZA-00022088,ZAC0021769,16/05/2018 07:26,COMPLETE,17/05/2018 02:44,21/05/2018 13:42,21/05/2018,FLASH25
ZA-00022089,ZAC0015568,16/05/2018 06:39,COMPLETE,18/05/2018 13:23,19/05/2018 23:13,21/05/2018,
ZA-00022090,ZAC0011492,16/05/2018 14:08,COMPLETE,17/05/2018 21:10,27/05/2018 22:14,20/05/2018,FREESHIP
ZA-00022091,ZAC0008339,16/05/2018 08:54,COMPLETE,17/05/2018 08:06,19/05/2018 20:48,21/05/2018,
ZA-00022092,ZAC0010980,16/05/2018 21:13,COMPLETE,20/05/2018 19:14,26/05/2018 16:23,24/05/2018,
ZA-00022093,ZAC0000424,16/05/2018 19:41,COMPLETE,18/05/2018 08:31,19/05/2018 14:08,21/05/2018,
ZA-00022094,ZAC0014415,16/05/2018 18:11,COMPLETE,17/05/2018 05:44,21/05/2018 18:29,24/05/2018,
ZA-00022095,ZAC0022811,16/05/2018 20:31,COMPLETE,19/05/2018 07:15,22/05/2018 22:37,22/05/2018,
ZA-00022096,ZAC0019199,16/05/2018 17:35,COMPLETE,26/05/2018 20:41,29/05/2018 16:24,02/06/2018,
ZA-00022097,ZAC0003307,16/05/2018 20:56,COMPLETE,21/05/2018 03:57,24/05/2018 08:12,24/05/2018,
ZA-00022098,ZAC0017334,16/05/2018 10:58,COMPLETE,18/05/2018 11:42,22/05/2018 12:39,23/05/2018,
ZA-00022099,ZAC0013151,16/05/2018 10:42,COMPLETE,17/05/2018 18:34,19/05/2018 18:50,24/05/2018,
ZA-00022100,ZAC0017611,16/05/2018 19:17,COMPLETE,19/05/2018 02:34,26/05/2018 02:14,26/05/2018,
ZA-00022101,ZAC0020923,16/05/2018 17:14,COMPLETE,19/05/2018 17:03,25/05/2018 06:00,23/05/2018,
ZA-00022102,ZAC0003467,16/05/2018 17:12,COMPLETE,17/05/2018 11:31,19/05/2018 11:53,20/05/2018,
ZA-00022103,ZAC0006388,16/05/2018 19:25,COMPLETE,27/05/2018 06:50,04/06/2018 14:01,30/05/2018,WINTER15
ZA-00022104,ZAC0008543,16/05/2018 16:12,COMPLETE,21/05/2018 00:41,28/05/2018 08:10,24/05/2018,
ZA-00022105,ZAC0014354,16/05/2018 06:13,COMPLETE,18/05/2018 09:46,21/05/2018 22:23,22/05/2018,
ZA-00022106,ZAC0005459,16/05/2018 11:20,COMPLETE,25/05/2018 09:18,28/05/2018 05:23,30/05/2018,
ZA-00022107,ZAC0023475,16/05/2018 09:55,COMPLETE,17/05/2018 13:59,22/05/2018 20:55,20/05/2018,
ZA-00022108,ZAC0011553,16/05/2018 15:54,COMPLETE,17/05/2018 07:48,18/05/2018 22:07,24/05/2018,
ZA-00022109,ZAC0011110,16/05/2018 19:42,COMPLETE,19/05/2018 05:35,20/05/2018 23:45,24/05/2018,
ZA-00022110,ZAC0007995,16/05/2018 07:42,COMPLETE,21/05/2018 07:38,31/05/2018 06:25,24/05/2018,
ZA-00022111,ZAC0022068,16/05/2018 17:30,COMPLETE,18/05/2018 13:05,20/05/2018 14:33,25/05/2018,
ZA-00022112,ZAC0007629,16/05/2018 12:50,COMPLETE,18/05/2018 11:07,20/05/2018 09:55,23/05/2018,
ZA-00022113,ZAC0013556,16/05/2018 07:28,COMPLETE,17/05/2018 04:47,20/05/2018 04:31,22/05/2018,
ZA-00022114,ZAC0009399,16/05/2018 19:04,COMPLETE,17/05/2018 12:56,22/05/2018 13:39,22/05/2018,LOYAL5
ZA-00022115,ZAC0008153,16/05/2018 19:48,COMPLETE,21/05/2018 04:22,24/05/2018 15:32,31/05/2018,
ZA-00022116,ZAC0013143,16/05/2018 17:25,COMPLETE,17/05/2018 15:39,18/05/2018 16:48,22/05/2018,
ZA-00022117,ZAC0011584,16/05/2018 15:06,COMPLETE,18/05/2018 15:55,20/05/2018 20:37,23/05/2018,
ZA-00022118,ZAC0023694,16/05/2018 22:02,PENDING,,,,LOYAL5
ZA-00022119,ZAC0013432,16/05/2018 19:16,COMPLETE,17/05/2018 20:36,21/05/2018 05:04,24/05/2018,
ZA-00022120,ZAC0018284,16/05/2018 08:56,COMPLETE,20/05/2018 17:51,28/05/2018 17:53,27/05/2018,FLASH25
ZA-00022121,ZAC0018590,16/05/2018 15:52,COMPLETE,18/05/2018 15:23,21/05/2018 19:20,25/05/2018,FLASH25
ZA-00022122,ZAC0014734,16/05/2018 11:01,COMPLETE,19/05/2018 16:27,21/05/2018 19:21,23/05/2018,
ZA-00022123,ZAC0012842,16/05/2018 08:51,COMPLETE,18/05/2018 07:44,26/05/2018 13:33,23/05/2018,
ZA-00022124,ZAC0000663,16/05/2018 21:03,COMPLETE,17/05/2018 08:13,20/05/2018 01:51,20/05/2018,
ZA-00022125,ZAC0008581,16/05/2018 12:38,COMPLETE,19/05/2018 06:19,21/05/2018 04:12,24/05/2018,
ZA-00022126,ZAC0014628,16/05/2018 11:13,RETURNED,17/05/2018 01:13,20/05/2018 21:53,20/05/2018,
ZA-00022127,ZAC0005678,16/05/2018 16:47,COMPLETE,20/05/2018 16:23,29/05/2018 09:28,25/05/2018,WELCOME10
ZA-00022128,ZAC0010388,16/05/2018 19:48,COMPLETE,18/05/2018 16:16,01/06/2018 11:29,22/05/2018,
ZA-00022129,ZAC0001845,16/05/2018 10:02,COMPLETE,16/05/2018 22:00,19/05/2018 13:29,20/05/2018,
ZA-00022130,ZAC0019706,16/05/2018 17:55,COMPLETE,23/05/2018 04:54,25/05/2018 12:43,28/05/2018,
ZA-00022131,ZAC0000167,16/05/2018 19:30,COMPLETE,18/05/2018 17:43,21/05/2018 14:14,25/05/2018,
ZA-00022132,ZAC0011575,16/05/2018 17:22,COMPLETE,18/05/2018 07:20,19/05/2018 04:40,23/05/2018,
ZA-00022133,ZAC0003881,16/05/2018 09:50,COMPLETE,18/05/2018 19:28,21/05/2018 12:11,23/05/2018,
ZA-00022134,ZAC0000496,16/05/2018 09:36,COMPLETE,18/05/2018 06:38,26/05/2018 02:15,23/05/2018,
ZA-00022135,ZAC0017880,16/05/2018 12:09,COMPLETE,17/05/2018 00:20,20/05/2018 05:47,21/05/2018,
ZA-00022136,ZAC0006313,16/05/2018 07:21,COMPLETE,17/05/2018 18:21,19/05/2018 15:20,24/05/2018,
ZA-00022137,ZAC0006535,16/05/2018 14:45,COMPLETE,16/05/2018 21:13,21/05/2018 01:15,23/05/2018,FREESHIP
ZA-00022138,ZAC0020335,16/05/2018 19:37,COMPLETE,18/05/2018 13:48,21/05/2018 03:20,25/05/2018,
ZA-00022139,ZAC0016235,16/05/2018 11:04,CANCELLED,,,,
ZA-00022140,ZAC0016728,16/05/2018 14:57,COMPLETE,17/05/2018 10:19,22/05/2018 02:54,21/05/2018,
ZA-00022141,ZAC0001149,16/05/2018 13:05,COMPLETE,19/05/2018 23:45,27/05/2018 11:19,26/05/2018,
ZA-00022142,ZAC0018409,16/05/2018 13:14,COMPLETE,18/05/2018 02:36,19/05/2018 19:20,22/05/2018,
ZA-00022143,ZAC0022872,16/05/2018 06:20,CANCELLED,,,,
ZA-00022144,ZAC0004328,16/05/2018 15:42,COMPLETE,23/05/2018 02:58,29/05/2018 23:25,28/05/2018,
ZA-00022145,ZAC0002718,16/05/2018 12:29,CANCELLED,,,,
ZA-00022146,ZAC0010629,16/05/2018 13:37,COMPLETE,17/05/2018 04:50,22/05/2018 08:20,20/05/2018,
ZA-00022147,ZAC0002048,16/05/2018 21:37,COMPLETE,21/05/2018 00:11,02/06/2018 06:51,28/05/2018,BULK20
ZA-00022148,ZAC0001638,16/05/2018 12:50,COMPLETE,19/05/2018 13:22,21/05/2018 04:14,26/05/2018,
ZA-00022149,ZAC0004350,17/05/2018 16:44,COMPLETE,17/05/2018 22:20,27/05/2018 04:33,21/05/2018,
ZA-00022150,ZAC0006608,17/05/2018 09:35,COMPLETE,19/05/2018 17:41,23/05/2018 22:27,22/05/2018,
ZA-00022151,ZAC0018820,17/05/2018 20:04,COMPLETE,19/05/2018 23:32,23/05/2018 00:20,24/05/2018,FREESHIP
ZA-00022152,ZAC0007219,17/05/2018 22:06,COMPLETE,19/05/2018 10:28,20/05/2018 23:50,24/05/2018,
ZA-00022153,ZAC0015639,17/05/2018 10:12,COMPLETE,18/05/2018 08:38,19/05/2018 06:52,22/05/2018,
ZA-00022154,ZAC0019878,17/05/2018 08:46,COMPLETE,18/05/2018 22:27,23/05/2018 12:03,22/05/2018,
ZA-00022155,ZAC0018828,17/05/2018 14:18,COMPLETE,21/05/2018 15:08,01/06/2018 04:41,24/05/2018,
ZA-00022156,ZAC0013971,17/05/2018 12:35,COMPLETE,20/05/2018 08:14,26/05/2018 20:27,24/05/2018,
ZA-00022157,ZAC0020461,17/05/2018 16:00,COMPLETE,19/05/2018 07:02,21/05/2018 06:19,26/05/2018,
ZA-00022158,ZAC0014508,17/05/2018 22:12,DISPATCHED,20/05/2018 18:33,,23/05/2018,BULK20
ZA-00022159,ZAC0017773,17/05/2018 09:55,COMPLETE,18/05/2018 08:01,23/05/2018 16:50,23/05/2018,
ZA-00022160,ZAC0018947,17/05/2018 16:40,CANCELLED,,,,
ZA-00022161,ZAC0012942,17/05/2018 10:07,COMPLETE,21/05/2018 12:30,22/05/2018 15:00,28/05/2018,
ZA-00022162,ZAC0021772,17/05/2018 16:15,COMPLETE,27/05/2018 03:08,07/06/2018 05:30,03/06/2018,BULK20
ZA-00022163,ZAC0003161,17/05/2018 22:45,COMPLETE,19/05/2018 01:48,23/05/2018 06:32,23/05/2018,
ZA-00022164,ZAC0006225,17/05/2018 22:37,COMPLETE,18/05/2018 08:13,21/05/2018 21:14,22/05/2018,
ZA-00022165,ZAC0021322,17/05/2018 09:22,COMPLETE,19/05/2018 03:18,24/05/2018 08:41,24/05/2018,
ZA-00022166,ZAC0020048,17/05/2018 06:41,COMPLETE,21/05/2018 21:25,26/05/2018 08:40,24/05/2018,LOYAL5
ZA-00022167,ZAC0006419,17/05/2018 12:24,COMPLETE,21/05/2018 11:33,23/05/2018 10:04,26/05/2018,
ZA-00022168,ZAC0000097,17/05/2018 18:24,COMPLETE,21/05/2018 13:12,26/05/2018 13:19,26/05/2018,
ZA-00022169,ZAC0005823,17/05/2018 15:05,COMPLETE,17/05/2018 23:20,24/05/2018 07:01,21/05/2018,
ZA-00022170,ZAC0005082,17/05/2018 21:01,COMPLETE,18/05/2018 17:59,22/05/2018 11:24,22/05/2018,
ZA-00022171,ZAC0004984,17/05/2018 13:22,COMPLETE,19/05/2018 05:40,20/05/2018 20:42,26/05/2018,LOYAL5
ZA-00022172,ZAC0017899,17/05/2018 13:12,COMPLETE,19/05/2018 02:47,20/05/2018 04:02,23/05/2018,
ZA-00022173,ZAC0002034,17/05/2018 18:51,COMPLETE,20/05/2018 03:08,02/06/2018 12:02,25/05/2018,
ZA-00022174,ZAC0003734,17/05/2018 15:30,COMPLETE,19/05/2018 23:59,23/05/2018 07:38,24/05/2018,
ZA-00022175,ZAC0012853,17/05/2018 06:34,COMPLETE,19/05/2018 14:45,22/05/2018 13:56,23/05/2018,
ZA-00022176,ZAC0014960,17/05/2018 21:20,COMPLETE,19/05/2018 04:57,29/05/2018 08:56,29/05/2018,
ZA-00022177,ZAC0012973,17/05/2018 15:32,COMPLETE,19/05/2018 08:49,25/05/2018 09:36,23/05/2018,
ZA-00022178,ZAC0013899,17/05/2018 20:39,COMPLETE,22/05/2018 07:16,29/05/2018 03:41,26/05/2018,
ZA-00022179,ZAC0002965,17/05/2018 17:05,COMPLETE,19/05/2018 02:47,25/05/2018 01:35,22/05/2018,
ZA-00022180,ZAC0000737,17/05/2018 11:10,COMPLETE,19/05/2018 11:11,21/05/2018 20:47,29/05/2018,
ZA-00022181,ZAC0011482,17/05/2018 20:12,CANCELLED,,,,
ZA-00022182,ZAC0021626,17/05/2018 10:03,COMPLETE,18/05/2018 18:16,23/05/2018 09:29,23/05/2018,
ZA-00022183,ZAC0012913,17/05/2018 16:45,COMPLETE,25/05/2018 03:30,05/06/2018 22:55,04/06/2018,
ZA-00022184,ZAC0000908,17/05/2018 13:59,COMPLETE,20/05/2018 03:00,26/05/2018 11:05,25/05/2018,
ZA-00022185,ZAC0014598,17/05/2018 07:19,COMPLETE,19/05/2018 23:53,24/05/2018 03:06,22/05/2018,FLASH25
ZA-00022186,ZAC0023003,17/05/2018 11:48,COMPLETE,17/05/2018 23:37,28/05/2018 05:27,22/05/2018,
ZA-00022187,ZAC0000381,17/05/2018 11:18,COMPLETE,20/05/2018 09:56,23/05/2018 10:01,24/05/2018,
ZA-00022188,ZAC0004486,17/05/2018 14:12,COMPLETE,18/05/2018 08:06,21/05/2018 23:26,25/05/2018,FLASH25
ZA-00022189,ZAC0004538,17/05/2018 22:29,COMPLETE,19/05/2018 18:23,23/05/2018 11:31,22/05/2018,
ZA-00022190,ZAC0017685,17/05/2018 22:45,COMPLETE,20/05/2018 07:56,20/05/2018 23:02,27/05/2018,
ZA-00022191,ZAC0002953,17/05/2018 22:53,COMPLETE,21/05/2018 03:56,31/05/2018 17:54,28/05/2018,
ZA-00022192,ZAC0010959,17/05/2018 17:56,COMPLETE,21/05/2018 12:41,25/05/2018 05:16,24/05/2018,LOYAL5
ZA-00022193,ZAC0002877,17/05/2018 21:17,COMPLETE,20/05/2018 16:27,24/05/2018 15:40,27/05/2018,
ZA-00022194,ZAC0011426,17/05/2018 10:45,COMPLETE,18/05/2018 08:46,22/05/2018 10:55,22/05/2018,
ZA-00022195,ZAC0018760,17/05/2018 08:19,COMPLETE,18/05/2018 04:08,23/05/2018 13:31,28/05/2018,
ZA-00022196,ZAC0008853,17/05/2018 12:20,COMPLETE,19/05/2018 11:34,26/05/2018 21:45,24/05/2018,
ZA-00022197,ZAC0017939,17/05/2018 06:54,COMPLETE,18/05/2018 16:00,28/05/2018 03:04,22/05/2018,
ZA-00022198,ZAC0003179,17/05/2018 13:44,COMPLETE,19/05/2018 15:44,21/05/2018 12:15,23/05/2018,FLASH25
ZA-00022199,ZAC0013967,17/05/2018 11:39,COMPLETE,18/05/2018 16:47,31/05/2018 23:35,25/05/2018,
ZA-00022200,ZAC0016069,17/05/2018 21:23,COMPLETE,20/05/2018 19:52,26/05/2018 06:14,24/05/2018,
ZA-00022201,ZAC0015382,17/05/2018 14:26,COMPLETE,20/05/2018 19:26,21/05/2018 13:20,23/05/2018,
ZA-00022202,ZAC0008700,17/05/2018 10:31,COMPLETE,20/05/2018 23:16,26/05/2018 07:09,24/05/2018,LOYAL5
ZA-00022203,ZAC0010108,17/05/2018 15:31,COMPLETE,19/05/2018 11:22,25/05/2018 18:17,24/05/2018,
ZA-00022204,ZAC0012043,17/05/2018 20:50,COMPLETE,22/05/2018 09:33,28/05/2018 20:17,01/06/2018,
ZA-00022205,ZAC0006328,17/05/2018 06:33,COMPLETE,19/05/2018 09:59,19/05/2018 22:26,23/05/2018,
ZA-00022206,ZAC0014346,17/05/2018 07:59,COMPLETE,18/05/2018 05:27,23/05/2018 16:29,21/05/2018,
ZA-00022207,ZAC0001652,17/05/2018 06:22,COMPLETE,18/05/2018 11:41,26/05/2018 17:58,23/05/2018,LOYAL5
ZA-00022208,ZAC0023379,17/05/2018 10:26,COMPLETE,18/05/2018 07:28,26/05/2018 18:54,22/05/2018,
ZA-00022209,ZAC0012186,17/05/2018 15:30,COMPLETE,19/05/2018 17:30,21/05/2018 18:42,29/05/2018,
ZA-00022210,ZAC0004020,17/05/2018 06:08,COMPLETE,18/05/2018 02:13,27/05/2018 10:46,22/05/2018,
ZA-00022211,ZAC0005393,17/05/2018 17:24,COMPLETE,18/05/2018 05:17,19/05/2018 21:12,22/05/2018,
ZA-00022212,ZAC0006664,17/05/2018 18:17,COMPLETE,20/05/2018 13:37,23/05/2018 19:23,25/05/2018,
ZA-00022213,ZAC0022079,17/05/2018 11:15,COMPLETE,21/05/2018 01:16,25/05/2018 12:07,24/05/2018,LOYAL5
ZA-00022214,ZAC0004301,17/05/2018 12:34,COMPLETE,20/05/2018 17:00,24/05/2018 03:02,23/05/2018,FREESHIP
ZA-00022215,ZAC0000849,17/05/2018 06:37,PENDING,,,,WELCOME10
ZA-00022216,ZAC0009267,17/05/2018 18:31,COMPLETE,18/05/2018 06:28,22/05/2018 21:58,22/05/2018,FLASH25
ZA-00022217,ZAC0013812,17/05/2018 10:28,COMPLETE,19/05/2018 09:18,21/05/2018 18:02,23/05/2018,WELCOME10
ZA-00022218,ZAC0014169,17/05/2018 06:49,COMPLETE,19/05/2018 12:53,22/05/2018 12:15,24/05/2018,
ZA-00022219,ZAC0007164,17/05/2018 09:51,COMPLETE,18/05/2018 06:50,19/05/2018 14:17,22/05/2018,
ZA-00022220,ZAC0003788,17/05/2018 22:48,COMPLETE,18/05/2018 23:42,26/05/2018 12:05,23/05/2018,
ZA-00022221,ZAC0015025,18/05/2018 10:06,COMPLETE,18/05/2018 22:05,19/05/2018 19:20,22/05/2018,
ZA-00022222,ZAC0007756,18/05/2018 11:32,COMPLETE,19/05/2018 05:54,21/05/2018 01:10,29/05/2018,BULK20
ZA-00022223,ZAC0021022,18/05/2018 13:43,COMPLETE,22/05/2018 07:38,30/05/2018 20:05,29/05/2018,FREESHIP
ZA-00022224,ZAC0009273,18/05/2018 15:11,COMPLETE,20/05/2018 21:23,24/05/2018 20:34,24/05/2018,
ZA-00022225,ZAC0021674,18/05/2018 07:54,COMPLETE,24/05/2018 09:50,27/05/2018 14:25,29/05/2018,
ZA-00022226,ZAC0022605,18/05/2018 16:50,COMPLETE,21/05/2018 06:05,27/05/2018 11:59,28/05/2018,
ZA-00022227,ZAC0013437,18/05/2018 20:23,COMPLETE,18/05/2018 21:44,23/05/2018 20:08,21/05/2018,
ZA-00022228,ZAC0017384,18/05/2018 06:26,COMPLETE,22/05/2018 21:55,27/05/2018 03:52,26/05/2018,BULK20
ZA-00022229,ZAC0007316,18/05/2018 15:57,COMPLETE,19/05/2018 09:13,22/05/2018 09:52,22/05/2018,LOYAL5
ZA-00022230,ZAC0022818,18/05/2018 19:20,DISPATCHED,20/05/2018 11:50,,25/05/2018,
ZA-00022231,ZAC0002899,18/05/2018 14:55,COMPLETE,22/05/2018 19:22,30/05/2018 17:09,29/05/2018,
ZA-00022232,ZAC0014741,18/05/2018 07:56,COMPLETE,22/05/2018 12:38,26/05/2018 01:17,26/05/2018,
ZA-00022233,ZAC0003412,18/05/2018 16:04,COMPLETE,22/05/2018 02:12,28/05/2018 00:45,26/05/2018,
ZA-00022234,ZAC0005750,18/05/2018 13:23,COMPLETE,23/05/2018 19:22,26/05/2018 14:33,27/05/2018,
ZA-00022235,ZAC0008214,18/05/2018 17:03,COMPLETE,20/05/2018 05:10,23/05/2018 10:20,23/05/2018,LOYAL5
ZA-00022236,ZAC0011193,18/05/2018 14:06,DISPATCHED,21/05/2018 12:25,,25/05/2018,
ZA-00022237,ZAC0008208,18/05/2018 13:01,COMPLETE,18/05/2018 18:35,21/05/2018 21:01,23/05/2018,
ZA-00022238,ZAC0012846,18/05/2018 15:14,COMPLETE,21/05/2018 08:18,27/05/2018 21:06,28/05/2018,
ZA-00022239,ZAC0008366,18/05/2018 17:18,COMPLETE,22/05/2018 23:45,30/05/2018 12:54,27/05/2018,FREESHIP
ZA-00022240,ZAC0007255,18/05/2018 13:28,COMPLETE,19/05/2018 21:29,23/05/2018 14:35,26/05/2018,
ZA-00022241,ZAC0009416,18/05/2018 10:04,COMPLETE,19/05/2018 02:42,21/05/2018 15:16,22/05/2018,
ZA-00022242,ZAC0020279,18/05/2018 22:31,COMPLETE,19/05/2018 17:46,24/05/2018 06:51,26/05/2018,
ZA-00022243,ZAC0003216,18/05/2018 21:48,COMPLETE,21/05/2018 13:26,24/05/2018 14:07,28/05/2018,
ZA-00022244,ZAC0022041,18/05/2018 11:37,COMPLETE,20/05/2018 22:21,01/06/2018 23:30,24/05/2018,
ZA-00022245,ZAC0004324,18/05/2018 17:41,COMPLETE,19/05/2018 07:35,27/05/2018 02:14,22/05/2018,
ZA-00022246,ZAC0007794,18/05/2018 13:10,COMPLETE,21/05/2018 16:20,26/05/2018 03:44,26/05/2018,BULK20
ZA-00022247,ZAC0020720,18/05/2018 21:00,COMPLETE,20/05/2018 22:13,25/05/2018 20:11,25/05/2018,
ZA-00022248,ZAC0000756,18/05/2018 08:46,COMPLETE,19/05/2018 05:20,25/05/2018 12:28,26/05/2018,
ZA-00022249,ZAC0001005,18/05/2018 20:16,COMPLETE,19/05/2018 09:14,21/05/2018 18:36,26/05/2018,
ZA-00022250,ZAC0018101,18/05/2018 08:20,COMPLETE,28/05/2018 06:49,30/05/2018 21:14,01/06/2018,
ZA-00022251,ZAC0021935,18/05/2018 20:38,COMPLETE,22/05/2018 14:46,25/05/2018 03:31,29/05/2018,
ZA-00022252,ZAC0016238,18/05/2018 20:27,COMPLETE,22/05/2018 17:27,28/05/2018 18:34,26/05/2018,FLASH25
ZA-00022253,ZAC0020094,18/05/2018 17:58,COMPLETE,26/05/2018 04:36,27/05/2018 20:15,05/06/2018,WELCOME10
ZA-00022254,ZAC0010217,18/05/2018 21:01,CANCELLED,,,,
ZA-00022255,ZAC0000881,18/05/2018 21:27,COMPLETE,21/05/2018 00:20,24/05/2018 02:14,26/05/2018,FREESHIP
ZA-00022256,ZAC0001628,18/05/2018 16:07,COMPLETE,22/05/2018 12:34,24/05/2018 01:27,26/05/2018,
ZA-00022257,ZAC0005197,18/05/2018 13:12,CANCELLED,,,,
ZA-00022258,ZAC0009867,18/05/2018 09:52,COMPLETE,20/05/2018 12:45,21/05/2018 14:29,23/05/2018,
ZA-00022259,ZAC0010189,18/05/2018 14:42,COMPLETE,22/05/2018 00:23,23/05/2018 18:50,27/05/2018,
ZA-00022260,ZAC0009093,18/05/2018 17:22,COMPLETE,20/05/2018 04:19,28/05/2018 11:05,25/05/2018,
ZA-00022261,ZAC0011582,18/05/2018 11:20,COMPLETE,20/05/2018 08:52,21/05/2018 11:17,27/05/2018,
ZA-00022262,ZAC0013611,18/05/2018 20:16,COMPLETE,20/05/2018 22:22,31/05/2018 15:36,24/05/2018,FLASH25
ZA-00022263,ZAC0000090,18/05/2018 22:42,COMPLETE,20/05/2018 01:26,21/05/2018 05:02,24/05/2018,
ZA-00022264,ZAC0009613,18/05/2018 06:19,COMPLETE,21/05/2018 03:24,26/05/2018 19:54,26/05/2018,
ZA-00022265,ZAC0002033,18/05/2018 11:07,COMPLETE,20/05/2018 04:46,20/05/2018 20:02,23/05/2018,
ZA-00022266,ZAC0021402,18/05/2018 13:04,COMPLETE,22/05/2018 05:46,23/05/2018 10:32,29/05/2018,
ZA-00022267,ZAC0000876,18/05/2018 22:32,COMPLETE,19/05/2018 21:27,22/05/2018 15:02,29/05/2018,
ZA-00022268,ZAC0003232,18/05/2018 12:25,COMPLETE,21/05/2018 07:32,29/05/2018 11:14,25/05/2018,
ZA-00022269,ZAC0022413,18/05/2018 16:37,COMPLETE,19/05/2018 15:50,23/05/2018 15:39,26/05/2018,
ZA-00022270,ZAC0022220,18/05/2018 13:11,COMPLETE,19/05/2018 03:47,26/05/2018 16:43,22/05/2018,FREESHIP
ZA-00022271,ZAC0019352,18/05/2018 12:04,COMPLETE,19/05/2018 13:48,20/05/2018 15:25,24/05/2018,
ZA-00022272,ZAC0009439,18/05/2018 14:18,COMPLETE,21/05/2018 03:45,31/05/2018 06:37,24/05/2018,WINTER15
ZA-00022273,ZAC0010705,18/05/2018 22:44,COMPLETE,21/05/2018 00:06,25/05/2018 14:51,25/05/2018,
ZA-00022274,ZAC0001471,18/05/2018 11:14,COMPLETE,19/05/2018 19:53,21/05/2018 09:12,26/05/2018,
ZA-00022275,ZAC0021432,18/05/2018 08:27,COMPLETE,19/05/2018 09:53,19/05/2018 14:57,29/05/2018,
ZA-00022276,ZAC0022246,18/05/2018 09:55,COMPLETE,20/05/2018 03:55,21/05/2018 07:13,27/05/2018,WELCOME10
ZA-00022277,ZAC0009620,18/05/2018 15:17,COMPLETE,21/05/2018 04:47,27/05/2018 03:13,24/05/2018,WELCOME10
ZA-00022278,ZAC0016230,18/05/2018 20:01,COMPLETE,21/05/2018 18:34,23/05/2018 02:44,24/05/2018,
ZA-00022279,ZAC0005706,18/05/2018 08:32,COMPLETE,23/05/2018 15:26,26/05/2018 18:02,27/05/2018,
ZA-00022280,ZAC0012207,18/05/2018 08:32,COMPLETE,21/05/2018 00:34,24/05/2018 21:50,31/05/2018,
ZA-00022281,ZAC0012068,18/05/2018 14:40,COMPLETE,22/05/2018 00:57,23/05/2018 13:26,26/05/2018,
ZA-00022282,ZAC0003372,18/05/2018 13:13,COMPLETE,20/05/2018 01:43,22/05/2018 12:46,23/05/2018,BULK20
ZA-00022283,ZAC0011627,19/05/2018 20:15,COMPLETE,20/05/2018 17:55,23/05/2018 00:56,23/05/2018,
ZA-00022284,ZAC0011090,19/05/2018 18:20,COMPLETE,20/05/2018 16:10,22/05/2018 08:03,27/05/2018,WINTER15
ZA-00022285,ZAC0011783,19/05/2018 12:44,COMPLETE,24/05/2018 23:08,31/05/2018 21:58,28/05/2018,
ZA-00022286,ZAC0003763,19/05/2018 08:37,DISPATCHED,21/05/2018 04:32,,24/05/2018,
ZA-00022287,ZAC0011821,19/05/2018 10:33,COMPLETE,20/05/2018 22:46,23/05/2018 17:01,30/05/2018,
ZA-00022288,ZAC0014632,19/05/2018 09:59,COMPLETE,20/05/2018 21:18,25/05/2018 14:53,23/05/2018,
ZA-00022289,ZAC0001487,19/05/2018 14:44,COMPLETE,20/05/2018 05:14,27/05/2018 01:16,27/05/2018,FLASH25
ZA-00022290,ZAC0023977,19/05/2018 07:53,COMPLETE,24/05/2018 02:28,28/05/2018 01:41,28/05/2018,
ZA-00022291,ZAC0004397,19/05/2018 17:12,COMPLETE,20/05/2018 10:53,26/05/2018 00:20,27/05/2018,FREESHIP
ZA-00022292,ZAC0002660,19/05/2018 22:07,COMPLETE,25/05/2018 02:43,28/05/2018 07:23,29/05/2018,
ZA-00022293,ZAC0000636,19/05/2018 14:45,COMPLETE,21/05/2018 19:37,24/05/2018 18:34,24/05/2018,
ZA-00022294,ZAC0007054,19/05/2018 06:12,COMPLETE,19/05/2018 16:37,27/05/2018 02:17,24/05/2018,WINTER15
ZA-00022295,ZAC0006530,19/05/2018 07:42,COMPLETE,19/05/2018 18:51,26/05/2018 18:52,26/05/2018,
ZA-00022296,ZAC0006246,19/05/2018 16:59,COMPLETE,22/05/2018 20:56,25/05/2018 14:59,26/05/2018,BULK20
ZA-00022297,ZAC0021393,19/05/2018 06:11,COMPLETE,19/05/2018 18:06,22/05/2018 15:10,23/05/2018,
ZA-00022298,ZAC0013382,19/05/2018 19:00,COMPLETE,21/05/2018 06:40,30/05/2018 16:35,25/05/2018,FREESHIP
ZA-00022299,ZAC0022658,19/05/2018 09:43,COMPLETE,21/05/2018 04:56,26/05/2018 15:10,26/05/2018,
ZA-00022300,ZAC0002880,19/05/2018 06:49,COMPLETE,24/05/2018 13:29,31/05/2018 15:31,29/05/2018,
ZA-00022301,ZAC0013557,19/05/2018 16:08,COMPLETE,21/05/2018 18:18,27/05/2018 06:41,25/05/2018,
ZA-00022302,ZAC0019278,19/05/2018 15:22,COMPLETE,21/05/2018 06:05,28/05/2018 06:40,25/05/2018,
ZA-00022303,ZAC0008238,19/05/2018 18:35,COMPLETE,23/05/2018 07:28,25/05/2018 08:12,30/05/2018,
ZA-00022304,ZAC0003899,19/05/2018 22:27,COMPLETE,21/05/2018 07:45,22/05/2018 08:14,26/05/2018,
ZA-00022305,ZAC0018095,19/05/2018 14:03,PENDING,,,,
ZA-00022306,ZAC0002163,19/05/2018 19:37,COMPLETE,23/05/2018 18:34,30/05/2018 07:50,27/05/2018,
ZA-00022307,ZAC0007320,19/05/2018 13:56,COMPLETE,21/05/2018 05:42,24/05/2018 13:53,26/05/2018,
ZA-00022308,ZAC0005960,19/05/2018 06:09,COMPLETE,19/05/2018 18:49,22/05/2018 13:11,23/05/2018,BULK20
ZA-00022309,ZAC0012431,19/05/2018 20:50,COMPLETE,22/05/2018 22:08,27/05/2018 05:02,27/05/2018,
ZA-00022310,ZAC0007459,19/05/2018 09:39,COMPLETE,22/05/2018 02:41,28/05/2018 02:32,26/05/2018,
ZA-00022311,ZAC0006946,19/05/2018 13:28,COMPLETE,20/05/2018 03:42,27/05/2018 15:11,23/05/2018,WINTER15
ZA-00022312,ZAC0013837,19/05/2018 17:20,COMPLETE,21/05/2018 23:25,23/05/2018 19:10,28/05/2018,
ZA-00022313,ZAC0016399,19/05/2018 19:02,COMPLETE,21/05/2018 13:25,24/05/2018 16:37,24/05/2018,FLASH25
ZA-00022314,ZAC0006260,19/05/2018 06:41,COMPLETE,22/05/2018 09:47,26/05/2018 02:53,25/05/2018,WELCOME10
ZA-00022315,ZAC0018077,19/05/2018 22:30,COMPLETE,21/05/2018 11:22,30/05/2018 15:27,28/05/2018,FLASH25
ZA-00022316,ZAC0003367,19/05/2018 07:08,COMPLETE,22/05/2018 03:58,25/05/2018 09:37,26/05/2018,
ZA-00022317,ZAC0023904,19/05/2018 13:59,COMPLETE,20/05/2018 14:42,25/05/2018 15:09,24/05/2018,FLASH25
ZA-00022318,ZAC0018166,19/05/2018 16:23,COMPLETE,20/05/2018 08:07,24/05/2018 23:37,23/05/2018,
ZA-00022319,ZAC0015121,19/05/2018 17:52,COMPLETE,22/05/2018 09:51,24/05/2018 05:36,26/05/2018,
ZA-00022320,ZAC0008712,19/05/2018 13:11,COMPLETE,22/05/2018 19:16,25/05/2018 12:36,27/05/2018,
ZA-00022321,ZAC0009391,19/05/2018 22:39,COMPLETE,24/05/2018 14:47,28/05/2018 07:34,28/05/2018,
ZA-00022322,ZAC0011284,19/05/2018 21:52,COMPLETE,21/05/2018 22:19,30/05/2018 23:25,26/05/2018,
ZA-00022323,ZAC0020666,19/05/2018 22:29,COMPLETE,22/05/2018 21:25,29/05/2018 02:46,01/06/2018,WINTER15
ZA-00022324,ZAC0009838,19/05/2018 12:15,COMPLETE,23/05/2018 15:07,28/05/2018 20:57,26/05/2018,
ZA-00022325,ZAC0016538,19/05/2018 09:43,COMPLETE,23/05/2018 16:48,26/05/2018 13:27,27/05/2018,
ZA-00022326,ZAC0005604,19/05/2018 19:38,COMPLETE,23/05/2018 06:15,26/05/2018 22:39,28/05/2018,
ZA-00022327,ZAC0023644,19/05/2018 15:11,COMPLETE,20/05/2018 12:20,24/05/2018 07:13,27/05/2018,
ZA-00022328,ZAC0010493,19/05/2018 15:55,COMPLETE,23/05/2018 09:13,25/05/2018 15:51,30/05/2018,
ZA-00022329,ZAC0015937,19/05/2018 17:33,COMPLETE,21/05/2018 18:30,26/05/2018 13:40,24/05/2018,
ZA-00022330,ZAC0008958,19/05/2018 14:50,COMPLETE,19/05/2018 19:32,24/05/2018 23:16,26/05/2018,
ZA-00022331,ZAC0016463,19/05/2018 16:08,COMPLETE,24/05/2018 04:43,28/05/2018 19:09,29/05/2018,
ZA-00022332,ZAC0022622,19/05/2018 19:56,COMPLETE,22/05/2018 21:25,31/05/2018 12:02,26/05/2018,
ZA-00022333,ZAC0019829,19/05/2018 11:26,COMPLETE,20/05/2018 22:09,24/05/2018 08:07,24/05/2018,LOYAL5
ZA-00022334,ZAC0003444,19/05/2018 12:34,COMPLETE,20/05/2018 07:17,21/05/2018 12:43,24/05/2018,
ZA-00022335,ZAC0023498,19/05/2018 15:29,COMPLETE,19/05/2018 23:09,23/05/2018 18:39,23/05/2018,
ZA-00022336,ZAC0013496,19/05/2018 18:05,COMPLETE,20/05/2018 18:09,25/05/2018 07:45,25/05/2018,
ZA-00022337,ZAC0006340,19/05/2018 18:12,COMPLETE,20/05/2018 09:58,26/05/2018 19:19,27/05/2018,
ZA-00022338,ZAC0004271,19/05/2018 21:31,COMPLETE,21/05/2018 06:14,23/05/2018 09:40,25/05/2018,WINTER15
ZA-00022339,ZAC0004995,19/05/2018 12:21,COMPLETE,21/05/2018 20:52,27/05/2018 17:25,28/05/2018,
ZA-00022340,ZAC0017504,19/05/2018 08:42,COMPLETE,22/05/2018 03:30,30/05/2018 22:14,29/05/2018,
ZA-00022341,ZAC0012537,19/05/2018 07:32,COMPLETE,20/05/2018 03:51,22/05/2018 20:36,23/05/2018,LOYAL5
ZA-00022342,ZAC0016043,20/05/2018 09:08,COMPLETE,24/05/2018 07:25,01/06/2018 02:13,29/05/2018,
ZA-00022343,ZAC0014137,20/05/2018 19:16,COMPLETE,24/05/2018 11:08,30/05/2018 02:17,28/05/2018,
ZA-00022344,ZAC0018523,20/05/2018 11:50,COMPLETE,27/05/2018 13:34,31/05/2018 14:12,01/06/2018,WINTER15
ZA-00022345,ZAC0014640,20/05/2018 11:48,COMPLETE,21/05/2018 06:41,27/05/2018 19:50,26/05/2018,
ZA-00022346,ZAC0001473,20/05/2018 17:12,COMPLETE,24/05/2018 21:21,01/06/2018 11:06,29/05/2018,
ZA-00022347,ZAC0013249,20/05/2018 11:49,DISPATCHED,23/05/2018 15:51,,28/05/2018,
ZA-00022348,ZAC0021873,20/05/2018 10:58,COMPLETE,30/05/2018 14:53,08/06/2018 04:16,04/06/2018,FREESHIP
ZA-00022349,ZAC0011087,20/05/2018 21:22,CANCELLED,,,,
ZA-00022350,ZAC0013672,20/05/2018 15:21,COMPLETE,24/05/2018 02:46,31/05/2018 12:07,28/05/2018,
ZA-00022351,ZAC0008134,20/05/2018 22:49,COMPLETE,23/05/2018 00:01,26/05/2018 12:50,27/05/2018,
ZA-00022352,ZAC0007390,20/05/2018 07:38,COMPLETE,22/05/2018 18:47,25/05/2018 14:59,26/05/2018,
ZA-00022353,ZAC0008494,20/05/2018 11:04,COMPLETE,21/05/2018 10:12,25/05/2018 19:02,24/05/2018,
ZA-00022354,ZAC0007295,20/05/2018 06:19,COMPLETE,21/05/2018 20:16,27/05/2018 19:48,25/05/2018,
ZA-00022355,ZAC0020678,20/05/2018 11:37,COMPLETE,24/05/2018 07:09,25/05/2018 11:42,28/05/2018,
ZA-00022356,ZAC0007468,20/05/2018 07:13,DISPATCHED,21/05/2018 21:56,,25/05/2018,
ZA-00022357,ZAC0006959,20/05/2018 06:31,COMPLETE,21/05/2018 02:06,31/05/2018 08:54,25/05/2018,
ZA-00022358,ZAC0022562,20/05/2018 17:48,COMPLETE,30/05/2018 15:42,01/06/2018 22:51,04/06/2018,
ZA-00022359,ZAC0019793,20/05/2018 18:22,COMPLETE,24/05/2018 04:44,05/06/2018 17:37,28/05/2018,
ZA-00022360,ZAC0013733,20/05/2018 11:27,CANCELLED,,,,
ZA-00022361,ZAC0014124,20/05/2018 15:49,COMPLETE,22/05/2018 03:44,25/05/2018 04:42,26/05/2018,WINTER15
ZA-00022362,ZAC0011002,20/05/2018 06:20,COMPLETE,21/05/2018 02:46,23/05/2018 04:18,25/05/2018,
ZA-00022363,ZAC0023353,20/05/2018 17:21,COMPLETE,22/05/2018 04:30,22/05/2018 12:12,01/06/2018,
ZA-00022364,ZAC0011369,20/05/2018 18:00,COMPLETE,21/05/2018 08:13,25/05/2018 20:23,25/05/2018,
ZA-00022365,ZAC0003683,20/05/2018 16:48,COMPLETE,22/05/2018 17:24,26/05/2018 14:29,25/05/2018,
ZA-00022366,ZAC0021511,20/05/2018 11:56,COMPLETE,21/05/2018 10:33,26/05/2018 06:33,28/05/2018,
ZA-00022367,ZAC0017427,20/05/2018 07:43,COMPLETE,26/05/2018 16:16,27/05/2018 12:28,30/05/2018,
ZA-00022368,ZAC0017274,20/05/2018 13:59,COMPLETE,21/05/2018 08:10,22/05/2018 22:19,25/05/2018,
ZA-00022369,ZAC0010579,20/05/2018 19:21,COMPLETE,22/05/2018 23:09,23/05/2018 12:11,01/06/2018,
ZA-00022370,ZAC0020443,20/05/2018 14:54,COMPLETE,21/05/2018 09:03,27/05/2018 12:32,26/05/2018,LOYAL5
ZA-00022371,ZAC0008793,20/05/2018 20:57,COMPLETE,26/05/2018 09:20,27/05/2018 20:11,30/05/2018,FREESHIP
ZA-00022372,ZAC0017312,20/05/2018 19:38,COMPLETE,24/05/2018 05:06,27/05/2018 10:27,29/05/2018,FREESHIP
ZA-00022373,ZAC0019637,20/05/2018 13:45,COMPLETE,22/05/2018 11:20,08/06/2018 09:12,25/05/2018,
ZA-00022374,ZAC0010419,20/05/2018 18:42,COMPLETE,21/05/2018 09:11,25/05/2018 05:11,24/05/2018,
ZA-00022375,ZAC0010566,20/05/2018 11:16,COMPLETE,22/05/2018 01:41,25/05/2018 04:43,26/05/2018,
ZA-00022376,ZAC0001513,20/05/2018 08:41,COMPLETE,24/05/2018 04:05,27/05/2018 08:44,03/06/2018,
ZA-00022377,ZAC0008843,20/05/2018 10:00,COMPLETE,22/05/2018 08:50,30/05/2018 19:59,29/05/2018,
ZA-00022378,ZAC0022881,20/05/2018 15:34,COMPLETE,24/05/2018 00:15,27/05/2018 01:05,31/05/2018,
ZA-00022379,ZAC0021799,20/05/2018 08:04,COMPLETE,23/05/2018 02:17,26/05/2018 12:56,27/05/2018,
ZA-00022380,ZAC0019377,20/05/2018 17:40,COMPLETE,22/05/2018 21:16,02/06/2018 07:51,27/05/2018,
ZA-00022381,ZAC0003243,20/05/2018 08:26,COMPLETE,22/05/2018 11:16,23/05/2018 13:32,26/05/2018,
ZA-00022382,ZAC0017556,20/05/2018 20:42,COMPLETE,22/05/2018 16:32,24/05/2018 00:46,25/05/2018,
ZA-00022383,ZAC0000066,20/05/2018 12:16,COMPLETE,21/05/2018 09:49,23/05/2018 00:26,26/05/2018,
ZA-00022384,ZAC0005798,20/05/2018 17:04,COMPLETE,22/05/2018 19:04,27/05/2018 18:35,29/05/2018,BULK20
ZA-00022385,ZAC0009370,20/05/2018 06:29,COMPLETE,21/05/2018 15:17,25/05/2018 07:14,25/05/2018,
ZA-00022386,ZAC0006501,20/05/2018 07:57,COMPLETE,20/05/2018 21:28,25/05/2018 17:13,23/05/2018,WELCOME10
ZA-00022387,ZAC0017431,20/05/2018 17:29,COMPLETE,23/05/2018 13:35,29/05/2018 09:58,27/05/2018,
ZA-00022388,ZAC0000024,20/05/2018 13:11,COMPLETE,22/05/2018 15:41,27/05/2018 16:45,26/05/2018,
ZA-00022389,ZAC0012910,20/05/2018 11:28,RETURNED,21/05/2018 02:43,22/05/2018 00:14,26/05/2018,
ZA-00022390,ZAC0018426,20/05/2018 15:31,COMPLETE,21/05/2018 16:35,25/05/2018 21:33,25/05/2018,
ZA-00022391,ZAC0000968,20/05/2018 22:23,COMPLETE,24/05/2018 07:59,29/05/2018 09:00,03/06/2018,
ZA-00022392,ZAC0013838,20/05/2018 21:43,COMPLETE,22/05/2018 02:17,22/05/2018 23:43,29/05/2018,
ZA-00022393,ZAC0009888,20/05/2018 10:49,CANCELLED,,,,
ZA-00022394,ZAC0013814,20/05/2018 10:52,COMPLETE,21/05/2018 07:38,28/05/2018 15:49,25/05/2018,
ZA-00022395,ZAC0002888,20/05/2018 06:21,COMPLETE,23/05/2018 13:13,24/05/2018 22:38,30/05/2018,BULK20
ZA-00022396,ZAC0012956,20/05/2018 12:45,COMPLETE,24/05/2018 09:31,27/05/2018 16:57,27/05/2018,
ZA-00022397,ZAC0018443,20/05/2018 08:19,COMPLETE,23/05/2018 05:13,25/05/2018 22:44,28/05/2018,FREESHIP
ZA-00022398,ZAC0013115,20/05/2018 13:17,COMPLETE,23/05/2018 05:15,30/05/2018 12:28,30/05/2018,
ZA-00022399,ZAC0012531,20/05/2018 12:52,COMPLETE,23/05/2018 06:22,29/05/2018 03:34,27/05/2018,
ZA-00022400,ZAC0010235,20/05/2018 22:22,COMPLETE,23/05/2018 13:47,26/05/2018 02:37,27/05/2018,
ZA-00022401,ZAC0018627,20/05/2018 06:30,COMPLETE,21/05/2018 08:10,01/06/2018 08:52,28/05/2018,
ZA-00022402,ZAC0011575,20/05/2018 20:27,COMPLETE,23/05/2018 09:48,26/05/2018 22:51,26/05/2018,
ZA-00022403,ZAC0014202,20/05/2018 06:20,COMPLETE,21/05/2018 23:57,28/05/2018 05:29,25/05/2018,
ZA-00022404,ZAC0004686,20/05/2018 21:36,CANCELLED,,,,
ZA-00022405,ZAC0012802,20/05/2018 16:56,COMPLETE,23/05/2018 05:26,27/05/2018 11:09,28/05/2018,
ZA-00022406,ZAC0021179,20/05/2018 12:47,COMPLETE,21/05/2018 08:22,24/05/2018 10:07,26/05/2018,
ZA-00022407,ZAC0021028,20/05/2018 22:30,COMPLETE,22/05/2018 12:12,28/05/2018 23:10,25/05/2018,FREESHIP
ZA-00022408,ZAC0018324,20/05/2018 19:23,COMPLETE,23/05/2018 07:52,25/05/2018 01:49,27/05/2018,
ZA-00022409,ZAC0008887,20/05/2018 08:10,COMPLETE,21/05/2018 04:11,26/05/2018 05:40,24/05/2018,BULK20
ZA-00022410,ZAC0004015,20/05/2018 22:52,COMPLETE,21/05/2018 07:58,27/05/2018 07:48,24/05/2018,
ZA-00022411,ZAC0002449,20/05/2018 07:50,COMPLETE,22/05/2018 14:38,29/05/2018 05:56,27/05/2018,
ZA-00022412,ZAC0017933,20/05/2018 15:13,COMPLETE,21/05/2018 14:59,25/05/2018 09:33,25/05/2018,
ZA-00022413,ZAC0002204,20/05/2018 07:52,PENDING,,,,
ZA-00022414,ZAC0002623,20/05/2018 21:39,COMPLETE,24/05/2018 09:29,27/05/2018 12:32,29/05/2018,BULK20
ZA-00022415,ZAC0002328,20/05/2018 13:26,COMPLETE,21/05/2018 19:06,25/05/2018 01:30,25/05/2018,
ZA-00022416,ZAC0006237,20/05/2018 14:49,COMPLETE,22/05/2018 03:10,23/05/2018 08:39,25/05/2018,
ZA-00022417,ZAC0013295,20/05/2018 10:45,COMPLETE,22/05/2018 11:27,26/05/2018 03:26,27/05/2018,FREESHIP
ZA-00022418,ZAC0022580,21/05/2018 21:21,COMPLETE,24/05/2018 21:25,26/05/2018 20:20,28/05/2018,
ZA-00022419,ZAC0003225,21/05/2018 06:04,COMPLETE,22/05/2018 04:14,30/05/2018 00:39,26/05/2018,
ZA-00022420,ZAC0003223,21/05/2018 06:19,COMPLETE,23/05/2018 13:15,28/05/2018 07:28,26/05/2018,
ZA-00022421,ZAC0023066,21/05/2018 15:35,COMPLETE,22/05/2018 00:42,29/05/2018 07:16,27/05/2018,
ZA-00022422,ZAC0011997,21/05/2018 14:03,COMPLETE,26/05/2018 21:37,02/06/2018 03:41,31/05/2018,
ZA-00022423,ZAC0017233,21/05/2018 12:55,COMPLETE,23/05/2018 13:13,29/05/2018 06:55,02/06/2018,
ZA-00022424,ZAC0004203,21/05/2018 14:43,COMPLETE,22/05/2018 21:07,27/05/2018 09:27,27/05/2018,
ZA-00022425,ZAC0008463,21/05/2018 21:49,COMPLETE,24/05/2018 21:50,02/06/2018 10:12,29/05/2018,
ZA-00022426,ZAC0007046,21/05/2018 06:36,COMPLETE,22/05/2018 13:12,28/05/2018 03:09,27/05/2018,BULK20
ZA-00022427,ZAC0001461,21/05/2018 18:07,COMPLETE,23/05/2018 20:18,26/05/2018 11:12,26/05/2018,
ZA-00022428,ZAC0003727,21/05/2018 14:37,COMPLETE,22/05/2018 07:01,27/05/2018 09:37,26/05/2018,
ZA-00022429,ZAC0006245,21/05/2018 18:28,COMPLETE,23/05/2018 09:45,25/05/2018 11:47,27/05/2018,
ZA-00022430,ZAC0018041,21/05/2018 14:42,COMPLETE,21/05/2018 16:49,25/05/2018 13:45,25/05/2018,
ZA-00022431,ZAC0000616,21/05/2018 16:11,COMPLETE,21/05/2018 17:41,25/05/2018 11:31,24/05/2018,
ZA-00022432,ZAC0004868,21/05/2018 09:38,COMPLETE,22/05/2018 03:18,28/05/2018 00:57,27/05/2018,WINTER15
ZA-00022433,ZAC0012536,21/05/2018 22:27,COMPLETE,22/05/2018 12:17,25/05/2018 11:56,29/05/2018,FREESHIP
ZA-00022434,ZAC0011207,21/05/2018 13:42,COMPLETE,23/05/2018 08:38,26/05/2018 12:13,28/05/2018,
ZA-00022435,ZAC0007835,21/05/2018 21:50,COMPLETE,24/05/2018 02:41,26/05/2018 23:25,29/05/2018,WELCOME10
ZA-00022436,ZAC0019064,21/05/2018 18:45,COMPLETE,23/05/2018 15:53,25/05/2018 17:05,26/05/2018,
ZA-00022437,ZAC0006351,21/05/2018 13:31,COMPLETE,22/05/2018 09:49,29/05/2018 18:03,26/05/2018,
ZA-00022438,ZAC0004887,21/05/2018 18:55,COMPLETE,22/05/2018 17:49,01/06/2018 20:16,26/05/2018,
ZA-00022439,ZAC0019321,21/05/2018 21:33,COMPLETE,25/05/2018 00:15,27/05/2018 18:52,28/05/2018,
ZA-00022440,ZAC0005621,21/05/2018 13:27,COMPLETE,23/05/2018 15:09,28/05/2018 06:32,30/05/2018,
ZA-00022441,ZAC0022779,21/05/2018 18:34,COMPLETE,23/05/2018 22:30,26/05/2018 17:43,26/05/2018,
ZA-00022442,ZAC0018801,21/05/2018 21:32,COMPLETE,24/05/2018 07:45,25/05/2018 21:37,31/05/2018,
ZA-00022443,ZAC0021662,21/05/2018 12:08,COMPLETE,22/05/2018 12:47,29/05/2018 07:37,26/05/2018,
ZA-00022444,ZAC0003691,21/05/2018 06:16,CANCELLED,,,,
ZA-00022445,ZAC0007340,21/05/2018 13:07,COMPLETE,23/05/2018 07:14,31/05/2018 02:50,30/05/2018,
ZA-00022446,ZAC0009518,21/05/2018 21:10,COMPLETE,22/05/2018 09:39,25/05/2018 21:39,26/05/2018,FREESHIP
ZA-00022447,ZAC0009294,21/05/2018 17:51,COMPLETE,24/05/2018 01:10,27/05/2018 18:40,28/05/2018,
ZA-00022448,ZAC0005234,21/05/2018 11:10,COMPLETE,23/05/2018 04:37,07/06/2018 06:02,27/05/2018,
ZA-00022449,ZAC0010706,21/05/2018 13:01,COMPLETE,25/05/2018 11:47,26/05/2018 14:50,28/05/2018,
ZA-00022450,ZAC0005375,21/05/2018 15:49,COMPLETE,24/05/2018 21:56,31/05/2018 11:32,28/05/2018,
ZA-00022451,ZAC0011985,21/05/2018 07:30,COMPLETE,21/05/2018 20:36,25/05/2018 21:19,25/05/2018,
ZA-00022452,ZAC0004376,21/05/2018 21:01,COMPLETE,25/05/2018 04:29,29/05/2018 15:05,28/05/2018,
ZA-00022453,ZAC0020910,21/05/2018 09:08,COMPLETE,24/05/2018 01:19,31/05/2018 03:37,28/05/2018,WELCOME10
ZA-00022454,ZAC0008144,21/05/2018 11:20,COMPLETE,22/05/2018 10:13,24/05/2018 11:05,25/05/2018,
ZA-00022455,ZAC0016351,21/05/2018 16:18,COMPLETE,25/05/2018 14:46,30/05/2018 23:51,29/05/2018,
ZA-00022456,ZAC0012294,21/05/2018 22:19,COMPLETE,23/05/2018 06:01,25/05/2018 04:14,26/05/2018,
ZA-00022457,ZAC0013987,21/05/2018 08:43,COMPLETE,22/05/2018 15:49,24/05/2018 21:46,25/05/2018,FREESHIP
ZA-00022458,ZAC0004875,21/05/2018 13:20,COMPLETE,25/05/2018 05:59,28/05/2018 13:45,28/05/2018,
ZA-00022459,ZAC0016547,21/05/2018 19:23,COMPLETE,25/05/2018 23:43,29/05/2018 13:09,04/06/2018,
ZA-00022460,ZAC0014829,21/05/2018 15:19,RETURNED,23/05/2018 22:55,25/05/2018 19:55,27/05/2018,
ZA-00022461,ZAC0014028,21/05/2018 12:02,COMPLETE,22/05/2018 20:01,24/05/2018 09:52,25/05/2018,
ZA-00022462,ZAC0018537,21/05/2018 13:23,DISPATCHED,21/05/2018 21:07,,28/05/2018,
ZA-00022463,ZAC0010840,21/05/2018 06:15,COMPLETE,23/05/2018 02:38,27/05/2018 03:09,27/05/2018,
ZA-00022464,ZAC0015742,21/05/2018 18:42,PENDING,,,,
ZA-00022465,ZAC0023746,21/05/2018 22:39,COMPLETE,22/05/2018 18:14,02/06/2018 15:44,25/05/2018,
ZA-00022466,ZAC0015183,21/05/2018 14:26,COMPLETE,29/05/2018 03:31,30/05/2018 21:05,05/06/2018,BULK20
ZA-00022467,ZAC0012287,21/05/2018 13:04,COMPLETE,23/05/2018 05:49,28/05/2018 12:53,27/05/2018,
ZA-00022468,ZAC0001896,21/05/2018 13:02,COMPLETE,22/05/2018 23:20,23/05/2018 20:31,26/05/2018,
ZA-00022469,ZAC0001792,21/05/2018 07:47,COMPLETE,26/05/2018 09:24,29/05/2018 23:48,29/05/2018,
ZA-00022470,ZAC0002181,21/05/2018 11:15,COMPLETE,23/05/2018 04:32,02/06/2018 01:16,26/05/2018,
ZA-00022471,ZAC0012093,21/05/2018 22:18,COMPLETE,25/05/2018 20:31,28/05/2018 12:19,29/05/2018,LOYAL5
ZA-00022472,ZAC0011686,21/05/2018 09:01,COMPLETE,23/05/2018 21:43,27/05/2018 18:27,27/05/2018,WELCOME10
ZA-00022473,ZAC0017877,21/05/2018 13:38,COMPLETE,22/05/2018 07:51,27/05/2018 09:42,26/05/2018,BULK20
ZA-00022474,ZAC0009588,21/05/2018 21:19,COMPLETE,22/05/2018 08:30,27/05/2018 10:30,26/05/2018,
ZA-00022475,ZAC0009820,21/05/2018 09:47,COMPLETE,25/05/2018 09:01,27/05/2018 10:29,28/05/2018,
ZA-00022476,ZAC0014879,21/05/2018 11:04,COMPLETE,22/05/2018 23:38,26/05/2018 01:48,27/05/2018,FREESHIP
ZA-00022477,ZAC0011998,21/05/2018 13:28,COMPLETE,23/05/2018 00:40,29/05/2018 23:55,27/05/2018,
ZA-00022478,ZAC0016679,21/05/2018 09:07,COMPLETE,23/05/2018 16:51,30/05/2018 18:24,26/05/2018,BULK20
ZA-00022479,ZAC0008257,21/05/2018 13:23,COMPLETE,23/05/2018 00:03,28/05/2018 16:40,27/05/2018,
ZA-00022480,ZAC0002813,21/05/2018 21:35,COMPLETE,22/05/2018 06:50,25/05/2018 16:28,27/05/2018,
ZA-00022481,ZAC0002018,21/05/2018 11:45,COMPLETE,21/05/2018 23:40,26/05/2018 09:29,26/05/2018,
ZA-00022482,ZAC0020075,21/05/2018 21:58,COMPLETE,26/05/2018 08:49,31/05/2018 12:44,02/06/2018,
ZA-00022483,ZAC0011638,21/05/2018 11:09,COMPLETE,22/05/2018 14:54,24/05/2018 15:47,25/05/2018,
ZA-00022484,ZAC0001348,21/05/2018 15:14,COMPLETE,23/05/2018 04:02,26/05/2018 01:05,26/05/2018,
ZA-00022485,ZAC0022246,21/05/2018 06:46,COMPLETE,25/05/2018 09:23,26/05/2018 16:14,30/05/2018,
ZA-00022486,ZAC0006280,21/05/2018 10:46,COMPLETE,22/05/2018 23:55,24/05/2018 03:23,29/05/2018,WINTER15
ZA-00022487,ZAC0003953,21/05/2018 21:07,COMPLETE,22/05/2018 09:46,27/05/2018 20:22,29/05/2018,
ZA-00022488,ZAC0018941,21/05/2018 12:28,COMPLETE,30/05/2018 01:14,03/06/2018 21:54,03/06/2018,
ZA-00022489,ZAC0015917,21/05/2018 13:06,COMPLETE,24/05/2018 16:12,25/05/2018 21:20,27/05/2018,
ZA-00022490,ZAC0017867,21/05/2018 10:12,COMPLETE,23/05/2018 21:14,28/05/2018 05:59,02/06/2018,
ZA-00022491,ZAC0007495,21/05/2018 22:55,COMPLETE,23/05/2018 09:59,25/05/2018 00:33,30/05/2018,
ZA-00022492,ZAC0013670,21/05/2018 06:26,COMPLETE,22/05/2018 09:58,27/05/2018 04:33,01/06/2018,FLASH25
ZA-00022493,ZAC0013713,21/05/2018 18:14,DISPATCHED,24/05/2018 13:16,,29/05/2018,
ZA-00022494,ZAC0023423,21/05/2018 19:23,COMPLETE,25/05/2018 18:53,30/05/2018 16:31,01/06/2018,
ZA-00022495,ZAC0010250,21/05/2018 10:08,COMPLETE,22/05/2018 02:37,24/05/2018 15:23,25/05/2018,
ZA-00022496,ZAC0009983,21/05/2018 18:00,COMPLETE,22/05/2018 20:18,28/05/2018 20:23,26/05/2018,
ZA-00022497,ZAC0005771,21/05/2018 17:31,COMPLETE,27/05/2018 10:49,02/06/2018 18:56,01/06/2018,
ZA-00022498,ZAC0000950,21/05/2018 10:58,COMPLETE,24/05/2018 04:47,29/05/2018 02:51,31/05/2018,
ZA-00022499,ZAC0022864,21/05/2018 16:35,COMPLETE,22/05/2018 16:23,31/05/2018 20:20,27/05/2018,
ZA-00022500,ZAC0012613,21/05/2018 06:14,COMPLETE,23/05/2018 13:08,25/05/2018 17:03,28/05/2018,
ZA-00022501,ZAC0009144,22/05/2018 14:34,COMPLETE,22/05/2018 20:06,25/05/2018 02:04,25/05/2018,
ZA-00022502,ZAC0004540,22/05/2018 07:59,COMPLETE,24/05/2018 20:40,28/05/2018 14:11,27/05/2018,
ZA-00022503,ZAC0002053,22/05/2018 07:45,COMPLETE,23/05/2018 01:00,26/05/2018 18:31,28/05/2018,
ZA-00022504,ZAC0003918,22/05/2018 13:58,COMPLETE,23/05/2018 02:10,31/05/2018 00:45,28/05/2018,
ZA-00022505,ZAC0008270,22/05/2018 18:42,COMPLETE,25/05/2018 15:32,28/05/2018 15:06,04/06/2018,WELCOME10
ZA-00022506,ZAC0017470,22/05/2018 06:32,COMPLETE,30/05/2018 03:39,02/06/2018 13:07,03/06/2018,
ZA-00022507,ZAC0003564,22/05/2018 07:15,COMPLETE,25/05/2018 10:49,26/05/2018 13:25,28/05/2018,LOYAL5
ZA-00022508,ZAC0009608,22/05/2018 09:21,COMPLETE,26/05/2018 14:48,03/06/2018 03:44,29/05/2018,
ZA-00022509,ZAC0015052,22/05/2018 08:57,PENDING,,,,BULK20
ZA-00022510,ZAC0020266,22/05/2018 19:24,COMPLETE,24/05/2018 16:18,25/05/2018 10:54,31/05/2018,
ZA-00022511,ZAC0009562,22/05/2018 17:51,COMPLETE,24/05/2018 18:07,26/05/2018 04:00,03/06/2018,LOYAL5
ZA-00022512,ZAC0002596,22/05/2018 08:29,COMPLETE,24/05/2018 13:32,30/05/2018 20:22,03/06/2018,FREESHIP
ZA-00022513,ZAC0001631,22/05/2018 11:40,COMPLETE,24/05/2018 15:31,01/06/2018 09:14,28/05/2018,
ZA-00022514,ZAC0012354,22/05/2018 12:09,COMPLETE,23/05/2018 04:14,25/05/2018 14:46,27/05/2018,
ZA-00022515,ZAC0015608,22/05/2018 07:05,COMPLETE,23/05/2018 23:35,28/05/2018 16:59,27/05/2018,
ZA-00022516,ZAC0016325,22/05/2018 22:23,CANCELLED,,,,BULK20
ZA-00022517,ZAC0009246,22/05/2018 14:11,COMPLETE,23/05/2018 07:56,30/05/2018 03:27,30/05/2018,
ZA-00022518,ZAC0003122,22/05/2018 09:30,COMPLETE,23/05/2018 11:56,29/05/2018 02:01,26/05/2018,WINTER15
ZA-00022519,ZAC0023554,22/05/2018 16:22,COMPLETE,24/05/2018 07:42,26/05/2018 11:08,28/05/2018,
ZA-00022520,ZAC0011332,22/05/2018 07:50,COMPLETE,26/05/2018 14:28,13/06/2018 07:08,30/05/2018,
ZA-00022521,ZAC0021438,22/05/2018 11:18,COMPLETE,24/05/2018 18:17,27/05/2018 07:51,28/05/2018,
ZA-00022522,ZAC0002717,22/05/2018 19:02,COMPLETE,23/05/2018 16:07,24/05/2018 15:51,28/05/2018,WELCOME10
ZA-00022523,ZAC0015643,22/05/2018 15:55,COMPLETE,24/05/2018 16:27,01/06/2018 17:30,31/05/2018,WELCOME10
ZA-00022524,ZAC0019225,22/05/2018 21:23,COMPLETE,24/05/2018 08:35,25/05/2018 21:31,28/05/2018,
ZA-00022525,ZAC0020470,22/05/2018 16:54,COMPLETE,23/05/2018 09:45,24/05/2018 18:16,26/05/2018,
ZA-00022526,ZAC0001824,22/05/2018 08:46,COMPLETE,23/05/2018 12:08,27/05/2018 15:55,28/05/2018,
ZA-00022527,ZAC0020199,22/05/2018 12:54,COMPLETE,26/05/2018 14:20,29/05/2018 00:48,30/05/2018,WELCOME10
ZA-00022528,ZAC0008825,22/05/2018 16:39,COMPLETE,25/05/2018 05:53,29/05/2018 11:21,29/05/2018,
ZA-00022529,ZAC0021356,22/05/2018 20:40,COMPLETE,24/05/2018 04:52,01/06/2018 00:42,31/05/2018,
ZA-00022530,ZAC0000728,22/05/2018 18:06,COMPLETE,24/05/2018 10:52,01/06/2018 08:55,28/05/2018,
ZA-00022531,ZAC0011918,22/05/2018 10:15,COMPLETE,23/05/2018 15:05,25/05/2018 08:33,28/05/2018,
ZA-00022532,ZAC0023284,22/05/2018 12:13,COMPLETE,25/05/2018 10:37,30/05/2018 01:22,29/05/2018,
ZA-00022533,ZAC0014923,22/05/2018 22:47,COMPLETE,23/05/2018 21:54,30/05/2018 22:30,28/05/2018,
ZA-00022534,ZAC0001970,22/05/2018 14:59,COMPLETE,23/05/2018 18:35,25/05/2018 10:14,27/05/2018,
ZA-00022535,ZAC0004517,22/05/2018 16:23,COMPLETE,23/05/2018 14:01,27/05/2018 02:12,28/05/2018,
ZA-00022536,ZAC0023707,22/05/2018 16:13,CANCELLED,,,,
ZA-00022537,ZAC0018995,22/05/2018 08:06,COMPLETE,24/05/2018 09:09,01/06/2018 14:31,27/05/2018,
ZA-00022538,ZAC0006808,22/05/2018 12:21,COMPLETE,23/05/2018 19:31,30/05/2018 16:06,30/05/2018,LOYAL5
ZA-00022539,ZAC0000868,22/05/2018 09:32,COMPLETE,23/05/2018 17:44,05/06/2018 04:05,26/05/2018,
ZA-00022540,ZAC0001293,22/05/2018 22:27,COMPLETE,24/05/2018 16:22,27/05/2018 14:24,27/05/2018,
ZA-00022541,ZAC0018762,22/05/2018 10:35,COMPLETE,25/05/2018 01:49,28/05/2018 07:15,04/06/2018,
ZA-00022542,ZAC0016608,22/05/2018 15:56,COMPLETE,24/05/2018 02:37,29/05/2018 07:00,31/05/2018,
ZA-00022543,ZAC0005145,22/05/2018 06:15,COMPLETE,28/05/2018 02:46,30/05/2018 15:01,04/06/2018,
ZA-00022544,ZAC0001041,22/05/2018 11:04,COMPLETE,24/05/2018 21:48,30/05/2018 00:57,28/05/2018,
ZA-00022545,ZAC0002964,22/05/2018 08:17,COMPLETE,22/05/2018 20:14,29/05/2018 23:13,26/05/2018,WINTER15
ZA-00022546,ZAC0007023,22/05/2018 18:51,COMPLETE,24/05/2018 00:29,28/05/2018 23:26,27/05/2018,
ZA-00022547,ZAC0001691,22/05/2018 20:01,COMPLETE,24/05/2018 21:54,01/06/2018 04:06,27/05/2018,
ZA-00022548,ZAC0011835,22/05/2018 09:05,COMPLETE,25/05/2018 05:12,27/05/2018 23:57,29/05/2018,
ZA-00022549,ZAC0010553,22/05/2018 13:43,COMPLETE,25/05/2018 07:07,29/05/2018 10:16,28/05/2018,
ZA-00022550,ZAC0000334,22/05/2018 06:40,COMPLETE,23/05/2018 08:13,29/05/2018 07:11,28/05/2018,
ZA-00022551,ZAC0016040,22/05/2018 10:28,COMPLETE,30/05/2018 01:38,02/06/2018 15:07,06/06/2018,WELCOME10
ZA-00022552,ZAC0016225,22/05/2018 12:26,COMPLETE,27/05/2018 20:47,29/05/2018 18:12,03/06/2018,WINTER15
ZA-00022553,ZAC0004431,22/05/2018 06:32,COMPLETE,25/05/2018 23:34,02/06/2018 00:27,29/05/2018,
ZA-00022554,ZAC0016083,22/05/2018 10:15,COMPLETE,24/05/2018 08:42,26/05/2018 10:04,31/05/2018,BULK20
ZA-00022555,ZAC0009155,22/05/2018 18:48,COMPLETE,24/05/2018 18:40,30/05/2018 14:49,28/05/2018,FREESHIP
ZA-00022556,ZAC0016199,22/05/2018 08:55,COMPLETE,25/05/2018 22:58,30/05/2018 23:10,29/05/2018,
ZA-00022557,ZAC0018892,22/05/2018 14:49,COMPLETE,23/05/2018 04:54,25/05/2018 12:44,27/05/2018,BULK20
ZA-00022558,ZAC0018459,22/05/2018 11:31,COMPLETE,24/05/2018 04:50,26/05/2018 23:32,29/05/2018,
ZA-00022559,ZAC0017248,22/05/2018 17:11,RETURNED,24/05/2018 05:05,28/05/2018 00:56,29/05/2018,
ZA-00022560,ZAC0022795,22/05/2018 15:27,COMPLETE,24/05/2018 18:42,31/05/2018 18:49,29/05/2018,
ZA-00022561,ZAC0014998,22/05/2018 14:45,COMPLETE,23/05/2018 17:02,01/06/2018 00:05,30/05/2018,
ZA-00022562,ZAC0008604,22/05/2018 18:36,COMPLETE,25/05/2018 05:49,28/05/2018 01:39,28/05/2018,
ZA-00022563,ZAC0022566,22/05/2018 13:10,COMPLETE,23/05/2018 11:39,26/05/2018 13:29,26/05/2018,
ZA-00022564,ZAC0010739,22/05/2018 06:11,COMPLETE,24/05/2018 22:47,25/05/2018 12:01,28/05/2018,FLASH25
ZA-00022565,ZAC0003197,22/05/2018 20:47,COMPLETE,24/05/2018 14:41,28/05/2018 04:31,28/05/2018,WELCOME10
ZA-00022566,ZAC0020606,22/05/2018 19:24,COMPLETE,24/05/2018 17:23,29/05/2018 12:42,28/05/2018,
ZA-00022567,ZAC0018605,22/05/2018 09:21,COMPLETE,23/05/2018 14:46,30/05/2018 09:40,27/05/2018,
ZA-00022568,ZAC0005198,22/05/2018 11:11,COMPLETE,23/05/2018 16:46,26/05/2018 15:27,26/05/2018,WELCOME10
ZA-00022569,ZAC0005314,22/05/2018 13:48,COMPLETE,25/05/2018 06:45,01/06/2018 14:44,29/05/2018,LOYAL5
ZA-00022570,ZAC0001353,22/05/2018 13:42,COMPLETE,24/05/2018 00:27,27/05/2018 12:42,28/05/2018,
ZA-00022571,ZAC0018779,22/05/2018 14:02,COMPLETE,25/05/2018 12:13,31/05/2018 15:59,01/06/2018,
ZA-00022572,ZAC0016722,22/05/2018 08:48,COMPLETE,28/05/2018 01:12,31/05/2018 00:37,02/06/2018,FLASH25
ZA-00022573,ZAC0012828,22/05/2018 09:13,COMPLETE,25/05/2018 06:53,27/05/2018 22:38,29/05/2018,
ZA-00022574,ZAC0009870,22/05/2018 19:00,CANCELLED,,,,
ZA-00022575,ZAC0012603,22/05/2018 18:00,COMPLETE,28/05/2018 21:01,02/06/2018 01:21,02/06/2018,
ZA-00022576,ZAC0010251,22/05/2018 22:07,COMPLETE,28/05/2018 02:47,29/05/2018 06:37,31/05/2018,
ZA-00022577,ZAC0015121,22/05/2018 20:55,COMPLETE,23/05/2018 15:37,25/05/2018 11:29,30/05/2018,
ZA-00022578,ZAC0014453,22/05/2018 20:12,COMPLETE,24/05/2018 20:51,27/05/2018 12:09,28/05/2018,
ZA-00022579,ZAC0023507,22/05/2018 15:51,DISPATCHED,24/05/2018 03:52,,27/05/2018,WINTER15
ZA-00022580,ZAC0005607,22/05/2018 18:14,COMPLETE,23/05/2018 21:54,27/05/2018 08:15,27/05/2018,
ZA-00022581,ZAC0018077,22/05/2018 22:33,COMPLETE,24/05/2018 08:15,28/05/2018 22:03,27/05/2018,
ZA-00022582,ZAC0022099,22/05/2018 19:08,COMPLETE,26/05/2018 11:53,30/05/2018 11:03,31/05/2018,
ZA-00022583,ZAC0007152,22/05/2018 13:40,COMPLETE,25/05/2018 12:33,29/05/2018 17:38,29/05/2018,FLASH25
ZA-00022584,ZAC0018991,22/05/2018 20:49,COMPLETE,26/05/2018 10:56,02/06/2018 09:34,02/06/2018,
ZA-00022585,ZAC0012202,22/05/2018 20:38,COMPLETE,24/05/2018 23:42,25/05/2018 22:19,28/05/2018,WELCOME10
ZA-00022586,ZAC0012025,22/05/2018 22:09,CANCELLED,,,,
ZA-00022587,ZAC0009063,22/05/2018 13:25,COMPLETE,23/05/2018 22:50,31/05/2018 12:14,30/05/2018,
ZA-00022588,ZAC0005510,23/05/2018 22:36,COMPLETE,30/05/2018 05:21,02/06/2018 05:42,04/06/2018,
ZA-00022589,ZAC0022175,23/05/2018 09:56,COMPLETE,25/05/2018 22:38,26/05/2018 12:35,01/06/2018,LOYAL5
ZA-00022590,ZAC0023789,23/05/2018 14:44,COMPLETE,25/05/2018 23:22,28/05/2018 10:22,29/05/2018,
ZA-00022591,ZAC0000022,23/05/2018 10:53,COMPLETE,25/05/2018 20:35,28/05/2018 05:06,30/05/2018,
ZA-00022592,ZAC0000380,23/05/2018 22:54,COMPLETE,24/05/2018 05:17,28/05/2018 05:31,29/05/2018,WINTER15
ZA-00022593,ZAC0018313,23/05/2018 19:52,COMPLETE,24/05/2018 15:55,28/05/2018 03:59,29/05/2018,
ZA-00022594,ZAC0005035,23/05/2018 09:08,COMPLETE,25/05/2018 15:55,28/05/2018 17:50,28/05/2018,
ZA-00022595,ZAC0019082,23/05/2018 16:11,COMPLETE,25/05/2018 16:18,27/05/2018 22:39,30/05/2018,
ZA-00022596,ZAC0016233,23/05/2018 10:56,COMPLETE,24/05/2018 05:52,30/05/2018 12:49,03/06/2018,
ZA-00022597,ZAC0004213,23/05/2018 19:29,DISPATCHED,28/05/2018 04:53,,07/06/2018,
ZA-00022598,ZAC0014465,23/05/2018 18:17,COMPLETE,26/05/2018 05:09,28/05/2018 22:08,31/05/2018,WINTER15
ZA-00022599,ZAC0022677,23/05/2018 20:11,COMPLETE,24/05/2018 10:03,31/05/2018 07:57,28/05/2018,
ZA-00022600,ZAC0000580,23/05/2018 17:35,COMPLETE,27/05/2018 07:44,08/06/2018 08:47,03/06/2018,
ZA-00022601,ZAC0023638,23/05/2018 21:41,COMPLETE,26/05/2018 14:39,29/05/2018 09:33,31/05/2018,
ZA-00022602,ZAC0013686,23/05/2018 13:57,COMPLETE,23/05/2018 21:53,09/06/2018 04:31,27/05/2018,
ZA-00022603,ZAC0001248,23/05/2018 12:07,DISPATCHED,25/05/2018 19:26,,28/05/2018,WINTER15
ZA-00022604,ZAC0015650,23/05/2018 16:11,PENDING,,,,
ZA-00022605,ZAC0022910,23/05/2018 22:53,COMPLETE,26/05/2018 23:26,29/05/2018 09:58,30/05/2018,BULK20
ZA-00022606,ZAC0000283,23/05/2018 19:05,COMPLETE,24/05/2018 17:17,29/05/2018 16:44,29/05/2018,
ZA-00022607,ZAC0015783,23/05/2018 07:34,COMPLETE,25/05/2018 21:23,29/05/2018 15:40,01/06/2018,
ZA-00022608,ZAC0020742,23/05/2018 07:26,COMPLETE,23/05/2018 13:56,27/05/2018 07:07,02/06/2018,
ZA-00022609,ZAC0004089,23/05/2018 17:01,COMPLETE,27/05/2018 19:16,04/06/2018 21:13,01/06/2018,
ZA-00022610,ZAC0013361,23/05/2018 19:41,COMPLETE,23/05/2018 23:12,26/05/2018 03:40,26/05/2018,
ZA-00022611,ZAC0016954,23/05/2018 21:47,COMPLETE,24/05/2018 10:48,28/05/2018 23:50,29/05/2018,
ZA-00022612,ZAC0004372,23/05/2018 21:55,COMPLETE,26/05/2018 03:38,30/05/2018 18:05,29/05/2018,WELCOME10
ZA-00022613,ZAC0002844,23/05/2018 10:47,COMPLETE,30/05/2018 13:11,12/06/2018 08:59,06/06/2018,
ZA-00022614,ZAC0004601,23/05/2018 21:46,CANCELLED,,,,
ZA-00022615,ZAC0001643,23/05/2018 16:40,COMPLETE,24/05/2018 14:57,02/06/2018 22:10,29/05/2018,
ZA-00022616,ZAC0003533,23/05/2018 17:25,COMPLETE,26/05/2018 16:57,28/05/2018 23:03,30/05/2018,
ZA-00022617,ZAC0012053,23/05/2018 15:02,COMPLETE,29/05/2018 17:52,04/06/2018 02:02,02/06/2018,FREESHIP
ZA-00022618,ZAC0006928,23/05/2018 16:35,COMPLETE,24/05/2018 23:53,26/05/2018 13:33,28/05/2018,
ZA-00022619,ZAC0012246,23/05/2018 16:00,COMPLETE,23/05/2018 22:47,28/05/2018 04:23,26/05/2018,
ZA-00022620,ZAC0020772,23/05/2018 10:50,COMPLETE,26/05/2018 21:23,30/05/2018 21:23,29/05/2018,FREESHIP
ZA-00022621,ZAC0017319,23/05/2018 06:52,COMPLETE,23/05/2018 18:31,26/05/2018 16:26,26/05/2018,WINTER15
ZA-00022622,ZAC0000816,23/05/2018 09:36,COMPLETE,25/05/2018 01:41,30/05/2018 06:26,01/06/2018,
ZA-00022623,ZAC0014709,23/05/2018 14:24,COMPLETE,24/05/2018 11:41,28/05/2018 13:05,28/05/2018,FLASH25
ZA-00022624,ZAC0012007,23/05/2018 11:23,COMPLETE,26/05/2018 10:34,01/06/2018 19:16,02/06/2018,
ZA-00022625,ZAC0000388,23/05/2018 11:10,COMPLETE,26/05/2018 21:39,01/06/2018 13:14,31/05/2018,
ZA-00022626,ZAC0008550,23/05/2018 09:50,COMPLETE,25/05/2018 17:54,07/06/2018 16:26,30/05/2018,
ZA-00022627,ZAC0007046,23/05/2018 10:24,COMPLETE,25/05/2018 16:41,05/06/2018 06:11,01/06/2018,
ZA-00022628,ZAC0009052,23/05/2018 15:00,RETURNED,28/05/2018 03:42,04/06/2018 19:54,02/06/2018,BULK20
ZA-00022629,ZAC0018033,23/05/2018 21:03,COMPLETE,26/05/2018 10:08,29/05/2018 05:07,31/05/2018,
ZA-00022630,ZAC0009004,23/05/2018 18:24,COMPLETE,25/05/2018 03:16,28/05/2018 08:50,28/05/2018,
ZA-00022631,ZAC0021477,23/05/2018 14:57,COMPLETE,26/05/2018 08:42,02/06/2018 20:18,30/05/2018,
ZA-00022632,ZAC0006300,23/05/2018 07:34,CANCELLED,,,,BULK20
ZA-00022633,ZAC0000058,23/05/2018 09:22,COMPLETE,25/05/2018 02:08,28/05/2018 15:25,30/05/2018,
ZA-00022634,ZAC0011897,23/05/2018 18:05,COMPLETE,24/05/2018 04:17,27/05/2018 19:10,27/05/2018,
ZA-00022635,ZAC0002582,23/05/2018 10:06,DISPATCHED,26/05/2018 16:09,,31/05/2018,
ZA-00022636,ZAC0008467,23/05/2018 12:13,COMPLETE,23/05/2018 14:59,27/05/2018 20:34,27/05/2018,
ZA-00022637,ZAC0002092,23/05/2018 09:37,COMPLETE,24/05/2018 07:07,28/05/2018 11:56,28/05/2018,
ZA-00022638,ZAC0011786,23/05/2018 15:30,COMPLETE,24/05/2018 16:41,29/05/2018 09:14,03/06/2018,LOYAL5
ZA-00022639,ZAC0013608,23/05/2018 14:29,DISPATCHED,24/05/2018 21:38,,03/06/2018,
ZA-00022640,ZAC0003113,23/05/2018 07:25,COMPLETE,24/05/2018 20:57,25/05/2018 15:05,29/05/2018,BULK20
ZA-00022641,ZAC0001389,23/05/2018 06:54,COMPLETE,24/05/2018 22:47,27/05/2018 06:02,28/05/2018,
ZA-00022642,ZAC0010503,23/05/2018 17:27,COMPLETE,25/05/2018 18:35,28/05/2018 18:28,01/06/2018,
ZA-00022643,ZAC0016212,23/05/2018 15:42,COMPLETE,26/05/2018 13:04,28/05/2018 05:50,31/05/2018,
ZA-00022644,ZAC0006998,23/05/2018 13:06,COMPLETE,24/05/2018 13:05,30/05/2018 04:49,29/05/2018,
ZA-00022645,ZAC0009358,23/05/2018 08:33,COMPLETE,26/05/2018 08:55,27/05/2018 12:50,29/05/2018,
ZA-00022646,ZAC0015016,23/05/2018 20:52,COMPLETE,27/05/2018 12:42,30/05/2018 02:01,31/05/2018,
ZA-00022647,ZAC0009206,23/05/2018 12:59,COMPLETE,28/05/2018 13:02,01/06/2018 16:14,31/05/2018,
ZA-00022648,ZAC0016598,23/05/2018 07:31,COMPLETE,24/05/2018 22:27,29/05/2018 17:02,28/05/2018,
ZA-00022649,ZAC0016369,23/05/2018 19:01,COMPLETE,30/05/2018 13:31,02/06/2018 04:56,02/06/2018,
ZA-00022650,ZAC0006519,23/05/2018 06:53,COMPLETE,29/05/2018 23:20,10/06/2018 00:44,03/06/2018,BULK20
ZA-00022651,ZAC0004277,23/05/2018 07:57,COMPLETE,26/05/2018 03:59,29/05/2018 16:33,30/05/2018,
ZA-00022652,ZAC0017432,23/05/2018 13:47,COMPLETE,24/05/2018 09:27,26/05/2018 06:16,27/05/2018,
ZA-00022653,ZAC0002202,23/05/2018 17:05,COMPLETE,24/05/2018 14:32,01/06/2018 20:16,27/05/2018,
ZA-00022654,ZAC0023834,23/05/2018 22:38,COMPLETE,24/05/2018 01:48,26/05/2018 03:55,29/05/2018,
ZA-00022655,ZAC0018782,23/05/2018 22:09,COMPLETE,24/05/2018 21:29,28/05/2018 11:17,29/05/2018,
ZA-00022656,ZAC0001639,23/05/2018 11:49,COMPLETE,25/05/2018 20:04,29/05/2018 08:52,30/05/2018,LOYAL5
ZA-00022657,ZAC0012654,23/05/2018 06:05,COMPLETE,24/05/2018 17:59,28/05/2018 19:01,27/05/2018,
ZA-00022658,ZAC0009498,23/05/2018 15:25,COMPLETE,25/05/2018 16:08,03/06/2018 12:36,28/05/2018,
ZA-00022659,ZAC0023478,23/05/2018 16:01,COMPLETE,25/05/2018 21:39,27/05/2018 20:17,28/05/2018,
ZA-00022660,ZAC0006032,23/05/2018 17:39,COMPLETE,25/05/2018 08:59,30/05/2018 05:22,28/05/2018,
ZA-00022661,ZAC0003659,23/05/2018 08:31,COMPLETE,25/05/2018 01:01,30/05/2018 02:40,29/05/2018,
ZA-00022662,ZAC0002989,23/05/2018 14:15,COMPLETE,26/05/2018 09:44,31/05/2018 09:50,31/05/2018,
ZA-00022663,ZAC0009938,23/05/2018 16:11,COMPLETE,26/05/2018 09:07,03/06/2018 14:15,30/05/2018,FREESHIP
ZA-00022664,ZAC0009945,23/05/2018 06:16,COMPLETE,24/05/2018 23:45,01/06/2018 16:59,27/05/2018,
ZA-00022665,ZAC0021530,24/05/2018 08:27,COMPLETE,27/05/2018 10:50,31/05/2018 08:25,31/05/2018,
ZA-00022666,ZAC0017869,24/05/2018 18:35,COMPLETE,25/05/2018 16:00,27/05/2018 23:42,01/06/2018,
ZA-00022667,ZAC0023658,24/05/2018 08:07,COMPLETE,30/05/2018 18:40,06/06/2018 05:26,06/06/2018,
ZA-00022668,ZAC0017400,24/05/2018 17:24,COMPLETE,25/05/2018 10:22,30/05/2018 16:31,01/06/2018,FREESHIP
ZA-00022669,ZAC0021417,24/05/2018 07:26,COMPLETE,25/05/2018 05:32,27/05/2018 00:06,30/05/2018,
ZA-00022670,ZAC0023284,24/05/2018 22:08,COMPLETE,26/05/2018 12:50,29/05/2018 05:09,29/05/2018,
ZA-00022671,ZAC0022046,24/05/2018 17:10,COMPLETE,25/05/2018 18:22,29/05/2018 11:19,04/06/2018,WINTER15
ZA-00022672,ZAC0021769,24/05/2018 10:26,COMPLETE,24/05/2018 23:33,26/05/2018 14:11,28/05/2018,
ZA-00022673,ZAC0023429,24/05/2018 22:09,COMPLETE,26/05/2018 19:58,30/05/2018 00:03,05/06/2018,
ZA-00022674,ZAC0017587,24/05/2018 06:14,COMPLETE,24/05/2018 15:07,02/06/2018 08:55,27/05/2018,
ZA-00022675,ZAC0008019,24/05/2018 19:33,COMPLETE,28/05/2018 04:18,29/05/2018 03:53,07/06/2018,FREESHIP
ZA-00022676,ZAC0015232,24/05/2018 14:12,COMPLETE,26/05/2018 11:01,27/05/2018 16:09,05/06/2018,
ZA-00022677,ZAC0008966,24/05/2018 12:28,COMPLETE,27/05/2018 01:18,29/05/2018 07:33,06/06/2018,
ZA-00022678,ZAC0007236,24/05/2018 15:02,COMPLETE,26/05/2018 02:38,01/06/2018 11:52,29/05/2018,
ZA-00022679,ZAC0010502,24/05/2018 17:13,DISPATCHED,25/05/2018 21:16,,30/05/2018,
ZA-00022680,ZAC0012805,24/05/2018 14:36,COMPLETE,26/05/2018 06:11,31/05/2018 13:06,30/05/2018,FREESHIP
ZA-00022681,ZAC0019166,24/05/2018 10:12,COMPLETE,26/05/2018 10:37,27/05/2018 12:18,30/05/2018,
ZA-00022682,ZAC0009378,24/05/2018 09:23,COMPLETE,26/05/2018 17:15,30/05/2018 10:40,30/05/2018,FREESHIP
ZA-00022683,ZAC0019673,24/05/2018 18:52,COMPLETE,27/05/2018 05:40,30/05/2018 14:12,31/05/2018,
ZA-00022684,ZAC0020364,24/05/2018 22:00,COMPLETE,28/05/2018 09:19,30/05/2018 16:38,01/06/2018,
ZA-00022685,ZAC0005080,24/05/2018 09:44,COMPLETE,25/05/2018 00:22,29/05/2018 12:32,29/05/2018,
ZA-00022686,ZAC0000301,24/05/2018 17:47,COMPLETE,27/05/2018 11:41,29/05/2018 03:08,31/05/2018,
ZA-00022687,ZAC0010321,24/05/2018 06:39,COMPLETE,28/05/2018 00:44,05/06/2018 12:32,04/06/2018,
ZA-00022688,ZAC0012358,24/05/2018 10:06,COMPLETE,26/05/2018 09:18,03/06/2018 08:01,05/06/2018,
ZA-00022689,ZAC0007947,24/05/2018 19:16,COMPLETE,25/05/2018 09:10,27/05/2018 20:40,30/05/2018,
ZA-00022690,ZAC0023152,24/05/2018 07:15,COMPLETE,27/05/2018 23:56,30/05/2018 12:07,31/05/2018,
ZA-00022691,ZAC0017733,24/05/2018 13:27,COMPLETE,25/05/2018 01:02,01/06/2018 13:10,01/06/2018,
ZA-00022692,ZAC0006378,24/05/2018 08:37,COMPLETE,02/06/2018 03:33,10/06/2018 17:57,07/06/2018,
ZA-00022693,ZAC0009685,24/05/2018 19:02,CANCELLED,,,,
ZA-00022694,ZAC0019059,24/05/2018 18:17,COMPLETE,26/05/2018 01:08,01/06/2018 14:06,30/05/2018,
ZA-00022695,ZAC0023048,24/05/2018 14:25,COMPLETE,25/05/2018 05:14,05/06/2018 23:27,28/05/2018,
ZA-00022696,ZAC0004525,24/05/2018 22:57,COMPLETE,28/05/2018 19:05,29/05/2018 05:48,01/06/2018,
ZA-00022697,ZAC0013401,24/05/2018 13:32,COMPLETE,27/05/2018 02:57,31/05/2018 23:11,01/06/2018,WINTER15
ZA-00022698,ZAC0014056,24/05/2018 22:55,COMPLETE,26/05/2018 22:14,31/05/2018 23:59,30/05/2018,
ZA-00022699,ZAC0007065,24/05/2018 08:22,CANCELLED,,,,
ZA-00022700,ZAC0010213,24/05/2018 16:19,CANCELLED,,,,BULK20
ZA-00022701,ZAC0008044,24/05/2018 11:36,COMPLETE,26/05/2018 12:42,31/05/2018 14:05,30/05/2018,
ZA-00022702,ZAC0012732,24/05/2018 15:06,COMPLETE,27/05/2018 07:07,02/06/2018 04:08,01/06/2018,LOYAL5
ZA-00022703,ZAC0011866,24/05/2018 12:22,COMPLETE,26/05/2018 19:01,03/06/2018 07:30,31/05/2018,BULK20
ZA-00022704,ZAC0019045,24/05/2018 19:56,COMPLETE,26/05/2018 13:56,29/05/2018 12:17,30/05/2018,
ZA-00022705,ZAC0003147,24/05/2018 18:54,COMPLETE,28/05/2018 19:19,31/05/2018 21:36,04/06/2018,BULK20
ZA-00022706,ZAC0007814,24/05/2018 15:46,COMPLETE,24/05/2018 20:59,28/05/2018 05:04,03/06/2018,
ZA-00022707,ZAC0021074,24/05/2018 06:21,COMPLETE,25/05/2018 03:19,01/06/2018 06:19,28/05/2018,
ZA-00022708,ZAC0009004,24/05/2018 18:46,COMPLETE,28/05/2018 01:11,30/05/2018 09:11,01/06/2018,
ZA-00022709,ZAC0000983,24/05/2018 10:11,COMPLETE,25/05/2018 04:41,29/05/2018 02:25,30/05/2018,
ZA-00022710,ZAC0002589,24/05/2018 08:52,COMPLETE,30/05/2018 17:46,01/06/2018 03:47,06/06/2018,WELCOME10
ZA-00022711,ZAC0010667,24/05/2018 12:27,COMPLETE,26/05/2018 14:28,30/05/2018 15:53,30/05/2018,
ZA-00022712,ZAC0006848,24/05/2018 10:24,COMPLETE,24/05/2018 22:26,31/05/2018 02:08,29/05/2018,
ZA-00022713,ZAC0023280,24/05/2018 10:49,COMPLETE,26/05/2018 14:48,30/05/2018 01:16,30/05/2018,
ZA-00022714,ZAC0016383,24/05/2018 08:55,COMPLETE,01/06/2018 12:55,07/06/2018 10:34,08/06/2018,
ZA-00022715,ZAC0019167,24/05/2018 19:02,COMPLETE,26/05/2018 05:17,30/05/2018 16:51,30/05/2018,
ZA-00022716,ZAC0013306,24/05/2018 15:14,COMPLETE,27/05/2018 13:24,31/05/2018 01:08,01/06/2018,
ZA-00022717,ZAC0016898,24/05/2018 13:38,COMPLETE,25/05/2018 09:02,30/05/2018 03:15,30/05/2018,
ZA-00022718,ZAC0011234,24/05/2018 18:47,COMPLETE,25/05/2018 09:52,03/06/2018 15:22,29/05/2018,WELCOME10
ZA-00022719,ZAC0016570,24/05/2018 13:37,COMPLETE,24/05/2018 23:26,29/05/2018 05:41,29/05/2018,
ZA-00022720,ZAC0004444,24/05/2018 07:45,COMPLETE,26/05/2018 12:55,31/05/2018 09:54,29/05/2018,
ZA-00022721,ZAC0008711,24/05/2018 15:23,COMPLETE,30/05/2018 04:52,01/06/2018 10:35,02/06/2018,
ZA-00022722,ZAC0008430,24/05/2018 20:23,RETURNED,25/05/2018 12:06,31/05/2018 04:41,28/05/2018,WELCOME10
ZA-00022723,ZAC0017082,24/05/2018 14:58,COMPLETE,26/05/2018 19:12,11/06/2018 23:08,29/05/2018,
ZA-00022724,ZAC0017662,24/05/2018 21:02,COMPLETE,26/05/2018 03:59,29/05/2018 08:06,31/05/2018,
ZA-00022725,ZAC0012265,24/05/2018 14:42,COMPLETE,26/05/2018 11:30,28/05/2018 11:29,02/06/2018,WELCOME10
ZA-00022726,ZAC0010628,24/05/2018 19:41,COMPLETE,25/05/2018 19:08,31/05/2018 05:49,30/05/2018,
ZA-00022727,ZAC0008105,24/05/2018 09:37,COMPLETE,26/05/2018 09:46,05/06/2018 02:57,31/05/2018,
ZA-00022728,ZAC0005121,24/05/2018 17:05,COMPLETE,27/05/2018 04:05,30/05/2018 18:14,03/06/2018,
ZA-00022729,ZAC0007708,24/05/2018 22:49,COMPLETE,28/05/2018 04:55,31/05/2018 01:13,02/06/2018,
ZA-00022730,ZAC0006332,24/05/2018 15:04,COMPLETE,25/05/2018 09:27,31/05/2018 00:15,28/05/2018,
ZA-00022731,ZAC0023191,24/05/2018 19:46,COMPLETE,25/05/2018 18:59,02/06/2018 08:05,30/05/2018,FREESHIP
ZA-00022732,ZAC0011936,24/05/2018 09:47,COMPLETE,31/05/2018 12:17,03/06/2018 21:53,10/06/2018,
ZA-00022733,ZAC0013831,24/05/2018 14:45,COMPLETE,27/05/2018 11:38,01/06/2018 00:44,31/05/2018,FREESHIP
ZA-00022734,ZAC0021323,24/05/2018 17:10,COMPLETE,26/05/2018 08:38,28/05/2018 12:11,30/05/2018,
ZA-00022735,ZAC0005254,24/05/2018 09:31,COMPLETE,25/05/2018 04:37,26/05/2018 08:38,01/06/2018,
ZA-00022736,ZAC0000591,24/05/2018 06:41,COMPLETE,25/05/2018 03:18,27/05/2018 13:57,29/05/2018,
ZA-00022737,ZAC0001121,24/05/2018 06:19,COMPLETE,28/05/2018 02:14,30/05/2018 06:52,04/06/2018,BULK20
ZA-00022738,ZAC0017855,24/05/2018 11:05,COMPLETE,27/05/2018 05:45,28/05/2018 18:07,01/06/2018,
ZA-00022739,ZAC0018294,24/05/2018 07:25,COMPLETE,26/05/2018 05:20,29/05/2018 07:28,31/05/2018,
ZA-00022740,ZAC0001705,24/05/2018 15:23,COMPLETE,28/05/2018 02:31,01/06/2018 14:14,02/06/2018,LOYAL5
ZA-00022741,ZAC0001344,24/05/2018 20:34,COMPLETE,28/05/2018 19:15,30/05/2018 00:39,01/06/2018,
ZA-00022742,ZAC0006214,24/05/2018 14:58,COMPLETE,26/05/2018 15:34,30/05/2018 06:50,30/05/2018,
ZA-00022743,ZAC0003830,24/05/2018 21:03,COMPLETE,28/05/2018 11:08,31/05/2018 15:41,01/06/2018,
ZA-00022744,ZAC0023919,24/05/2018 21:03,COMPLETE,25/05/2018 21:00,29/05/2018 15:05,04/06/2018,
ZA-00022745,ZAC0007622,24/05/2018 08:33,COMPLETE,24/05/2018 22:51,30/05/2018 10:14,27/05/2018,WELCOME10
ZA-00022746,ZAC0009463,24/05/2018 22:20,COMPLETE,28/05/2018 13:47,07/06/2018 00:42,01/06/2018,FREESHIP
ZA-00022747,ZAC0008350,24/05/2018 07:54,COMPLETE,26/05/2018 08:01,27/05/2018 18:47,29/05/2018,WELCOME10
ZA-00022748,ZAC0019594,24/05/2018 07:44,COMPLETE,25/05/2018 00:46,27/05/2018 01:56,29/05/2018,
ZA-00022749,ZAC0012728,24/05/2018 07:46,COMPLETE,26/05/2018 22:43,27/05/2018 20:59,29/05/2018,
ZA-00022750,ZAC0010474,24/05/2018 14:16,COMPLETE,27/05/2018 00:18,28/05/2018 11:40,30/05/2018,
ZA-00022751,ZAC0009394,24/05/2018 18:14,COMPLETE,26/05/2018 17:14,28/05/2018 17:14,29/05/2018,
ZA-00022752,ZAC0000177,24/05/2018 15:50,COMPLETE,25/05/2018 22:40,31/05/2018 07:46,28/05/2018,BULK20
ZA-00022753,ZAC0012358,24/05/2018 20:18,COMPLETE,28/05/2018 18:48,30/05/2018 05:43,01/06/2018,
ZA-00022754,ZAC0020293,24/05/2018 22:17,COMPLETE,27/05/2018 10:03,29/05/2018 13:20,01/06/2018,
ZA-00022755,ZAC0000863,25/05/2018 14:36,COMPLETE,27/05/2018 12:54,04/06/2018 03:52,01/06/2018,
ZA-00022756,ZAC0006700,25/05/2018 14:07,COMPLETE,27/05/2018 15:15,05/06/2018 00:42,01/06/2018,
ZA-00022757,ZAC0000010,25/05/2018 11:17,COMPLETE,28/05/2018 02:23,31/05/2018 06:29,31/05/2018,
ZA-00022758,ZAC0020682,25/05/2018 15:51,COMPLETE,26/05/2018 12:23,03/06/2018 19:21,30/05/2018,
ZA-00022759,ZAC0014881,25/05/2018 10:53,COMPLETE,26/05/2018 13:36,30/05/2018 00:28,31/05/2018,
ZA-00022760,ZAC0008156,25/05/2018 08:45,COMPLETE,26/05/2018 13:59,02/06/2018 21:35,05/06/2018,WINTER15
ZA-00022761,ZAC0004883,25/05/2018 21:33,CANCELLED,,,,
ZA-00022762,ZAC0009892,25/05/2018 14:02,COMPLETE,28/05/2018 05:22,03/06/2018 03:17,01/06/2018,
ZA-00022763,ZAC0022032,25/05/2018 22:12,CANCELLED,,,,
ZA-00022764,ZAC0023631,25/05/2018 21:50,CANCELLED,,,,FLASH25
ZA-00022765,ZAC0023462,25/05/2018 12:49,COMPLETE,26/05/2018 23:15,02/06/2018 00:30,30/05/2018,BULK20
ZA-00022766,ZAC0023401,25/05/2018 16:46,COMPLETE,26/05/2018 08:49,27/05/2018 16:44,31/05/2018,
ZA-00022767,ZAC0009702,25/05/2018 18:09,COMPLETE,27/05/2018 12:39,05/06/2018 14:19,03/06/2018,
ZA-00022768,ZAC0021587,25/05/2018 07:29,COMPLETE,26/05/2018 07:26,27/05/2018 00:39,30/05/2018,FLASH25
ZA-00022769,ZAC0009147,25/05/2018 13:47,COMPLETE,28/05/2018 01:18,02/06/2018 18:46,31/05/2018,
ZA-00022770,ZAC0022918,25/05/2018 08:51,COMPLETE,30/05/2018 11:54,05/06/2018 03:14,06/06/2018,
ZA-00022771,ZAC0021960,25/05/2018 16:45,COMPLETE,26/05/2018 04:46,31/05/2018 18:18,05/06/2018,
ZA-00022772,ZAC0007570,25/05/2018 14:39,COMPLETE,26/05/2018 23:37,28/05/2018 21:36,30/05/2018,
ZA-00022773,ZAC0012861,25/05/2018 08:52,COMPLETE,26/05/2018 07:57,03/06/2018 14:28,29/05/2018,
ZA-00022774,ZAC0014424,25/05/2018 15:25,COMPLETE,29/05/2018 19:58,06/06/2018 11:50,05/06/2018,
ZA-00022775,ZAC0014169,25/05/2018 11:21,COMPLETE,27/05/2018 12:42,02/06/2018 17:42,01/06/2018,
ZA-00022776,ZAC0009120,25/05/2018 20:25,COMPLETE,26/05/2018 20:40,29/05/2018 00:06,30/05/2018,WELCOME10
ZA-00022777,ZAC0012576,25/05/2018 12:58,CANCELLED,,,,
ZA-00022778,ZAC0003020,25/05/2018 16:11,CANCELLED,,,,
ZA-00022779,ZAC0020338,25/05/2018 13:39,CANCELLED,,,,
ZA-00022780,ZAC0001840,25/05/2018 12:21,COMPLETE,28/05/2018 01:11,01/06/2018 15:29,01/06/2018,WELCOME10
ZA-00022781,ZAC0016873,25/05/2018 17:47,COMPLETE,26/05/2018 09:15,31/05/2018 17:11,31/05/2018,
ZA-00022782,ZAC0015932,25/05/2018 19:46,COMPLETE,28/05/2018 09:58,01/06/2018 11:28,31/05/2018,
ZA-00022783,ZAC0001758,25/05/2018 07:41,COMPLETE,27/05/2018 02:47,04/06/2018 01:49,03/06/2018,
ZA-00022784,ZAC0011112,25/05/2018 10:14,COMPLETE,29/05/2018 05:15,01/06/2018 17:38,05/06/2018,WINTER15
ZA-00022785,ZAC0023640,25/05/2018 09:41,COMPLETE,27/05/2018 18:02,30/05/2018 05:54,31/05/2018,
ZA-00022786,ZAC0018919,25/05/2018 09:14,COMPLETE,27/05/2018 19:41,31/05/2018 17:02,30/05/2018,WINTER15
ZA-00022787,ZAC0016426,25/05/2018 13:46,COMPLETE,31/05/2018 15:02,08/06/2018 03:54,04/06/2018,FLASH25
ZA-00022788,ZAC0021036,25/05/2018 22:58,COMPLETE,28/05/2018 00:38,28/05/2018 12:09,02/06/2018,
ZA-00022789,ZAC0012182,25/05/2018 13:10,COMPLETE,27/05/2018 12:58,30/05/2018 23:09,31/05/2018,
ZA-00022790,ZAC0015876,25/05/2018 08:18,COMPLETE,28/05/2018 08:49,31/05/2018 05:52,07/06/2018,BULK20
ZA-00022791,ZAC0003061,25/05/2018 08:25,COMPLETE,25/05/2018 14:24,01/06/2018 13:37,04/06/2018,
ZA-00022792,ZAC0006129,25/05/2018 22:16,COMPLETE,28/05/2018 02:02,29/05/2018 18:35,01/06/2018,
ZA-00022793,ZAC0007402,25/05/2018 14:17,COMPLETE,27/05/2018 20:12,06/06/2018 15:27,31/05/2018,
ZA-00022794,ZAC0021404,25/05/2018 20:47,COMPLETE,27/05/2018 23:06,31/05/2018 01:30,06/06/2018,LOYAL5
ZA-00022795,ZAC0010047,25/05/2018 18:10,COMPLETE,28/05/2018 14:56,02/06/2018 03:32,31/05/2018,BULK20
ZA-00022796,ZAC0012024,25/05/2018 21:57,RETURNED,26/05/2018 13:01,01/06/2018 20:44,30/05/2018,
ZA-00022797,ZAC0006622,25/05/2018 09:25,COMPLETE,26/05/2018 00:30,27/05/2018 09:47,31/05/2018,
ZA-00022798,ZAC0006904,25/05/2018 09:14,COMPLETE,26/05/2018 17:50,29/05/2018 06:45,30/05/2018,
ZA-00022799,ZAC0005720,25/05/2018 18:03,COMPLETE,26/05/2018 05:11,31/05/2018 03:58,30/05/2018,
ZA-00022800,ZAC0019424,25/05/2018 10:37,COMPLETE,26/05/2018 12:10,29/05/2018 11:52,30/05/2018,BULK20
ZA-00022801,ZAC0002542,25/05/2018 14:57,COMPLETE,25/05/2018 23:19,27/05/2018 10:52,30/05/2018,WINTER15
ZA-00022802,ZAC0005488,25/05/2018 06:21,COMPLETE,25/05/2018 23:34,26/05/2018 14:02,01/06/2018,
ZA-00022803,ZAC0000393,25/05/2018 14:53,COMPLETE,29/05/2018 10:14,02/06/2018 07:57,02/06/2018,
ZA-00022804,ZAC0004347,25/05/2018 22:23,COMPLETE,27/05/2018 21:36,31/05/2018 22:10,31/05/2018,
ZA-00022805,ZAC0014191,25/05/2018 08:09,COMPLETE,27/05/2018 16:43,04/06/2018 10:49,01/06/2018,
ZA-00022806,ZAC0011858,25/05/2018 10:29,COMPLETE,26/05/2018 22:03,30/05/2018 14:06,29/05/2018,LOYAL5
ZA-00022807,ZAC0009355,25/05/2018 06:43,COMPLETE,27/05/2018 10:07,28/05/2018 08:01,30/05/2018,
ZA-00022808,ZAC0021581,25/05/2018 17:55,COMPLETE,30/05/2018 14:07,04/06/2018 03:17,06/06/2018,
ZA-00022809,ZAC0001532,25/05/2018 15:26,PENDING,,,,
ZA-00022810,ZAC0013125,25/05/2018 15:54,COMPLETE,27/05/2018 19:38,04/06/2018 07:18,03/06/2018,
ZA-00022811,ZAC0023113,25/05/2018 12:02,COMPLETE,28/05/2018 20:03,01/06/2018 05:16,01/06/2018,
ZA-00022812,ZAC0007029,25/05/2018 11:47,COMPLETE,27/05/2018 02:20,05/06/2018 12:34,01/06/2018,WINTER15
ZA-00022813,ZAC0020877,25/05/2018 18:15,COMPLETE,27/05/2018 02:39,09/06/2018 11:58,30/05/2018,
ZA-00022814,ZAC0012041,25/05/2018 06:19,COMPLETE,27/05/2018 06:03,03/06/2018 16:46,31/05/2018,
ZA-00022815,ZAC0013226,25/05/2018 17:23,COMPLETE,26/05/2018 15:00,03/06/2018 12:43,29/05/2018,FLASH25
ZA-00022816,ZAC0020809,25/05/2018 15:51,COMPLETE,31/05/2018 18:01,07/06/2018 15:57,07/06/2018,
ZA-00022817,ZAC0015371,25/05/2018 08:36,COMPLETE,25/05/2018 21:08,27/05/2018 09:09,30/05/2018,
ZA-00022818,ZAC0000540,25/05/2018 18:25,COMPLETE,26/05/2018 17:46,31/05/2018 05:46,02/06/2018,
ZA-00022819,ZAC0013101,25/05/2018 21:07,COMPLETE,31/05/2018 08:27,03/06/2018 10:14,05/06/2018,
ZA-00022820,ZAC0009385,25/05/2018 18:51,COMPLETE,28/05/2018 03:09,29/05/2018 15:51,04/06/2018,
ZA-00022821,ZAC0011359,25/05/2018 14:20,CANCELLED,,,,WELCOME10
ZA-00022822,ZAC0017716,25/05/2018 08:30,COMPLETE,25/05/2018 17:45,05/06/2018 03:06,30/05/2018,
ZA-00022823,ZAC0006875,25/05/2018 10:07,COMPLETE,28/05/2018 21:39,31/05/2018 01:06,04/06/2018,
ZA-00022824,ZAC0009142,25/05/2018 17:19,COMPLETE,03/06/2018 05:34,07/06/2018 05:43,08/06/2018,
ZA-00022825,ZAC0000085,25/05/2018 19:02,COMPLETE,29/05/2018 10:17,04/06/2018 06:20,02/06/2018,
ZA-00022826,ZAC0011730,25/05/2018 16:37,COMPLETE,26/05/2018 20:13,04/06/2018 20:44,30/05/2018,LOYAL5
ZA-00022827,ZAC0004335,25/05/2018 22:17,COMPLETE,26/05/2018 12:45,27/05/2018 14:13,31/05/2018,
ZA-00022828,ZAC0002456,25/05/2018 11:41,COMPLETE,28/05/2018 01:06,29/05/2018 19:19,01/06/2018,
ZA-00022829,ZAC0015781,25/05/2018 14:10,COMPLETE,26/05/2018 07:41,31/05/2018 10:17,30/05/2018,
ZA-00022830,ZAC0005661,25/05/2018 13:32,COMPLETE,26/05/2018 14:16,01/06/2018 10:25,30/05/2018,
ZA-00022831,ZAC0019954,25/05/2018 20:30,COMPLETE,31/05/2018 10:21,04/06/2018 17:30,07/06/2018,
ZA-00022832,ZAC0005471,25/05/2018 10:35,COMPLETE,28/05/2018 19:13,31/05/2018 17:05,02/06/2018,
ZA-00022833,ZAC0003222,25/05/2018 22:32,COMPLETE,26/05/2018 22:54,30/05/2018 09:32,31/05/2018,
ZA-00022834,ZAC0019210,25/05/2018 18:53,COMPLETE,27/05/2018 17:14,28/05/2018 05:39,03/06/2018,
ZA-00022835,ZAC0018921,25/05/2018 08:35,COMPLETE,26/05/2018 20:47,30/05/2018 08:56,29/05/2018,BULK20
ZA-00022836,ZAC0021509,25/05/2018 18:23,COMPLETE,29/05/2018 00:42,03/06/2018 07:43,02/06/2018,FREESHIP
ZA-00022837,ZAC0023007,25/05/2018 12:54,COMPLETE,28/05/2018 12:58,01/06/2018 17:08,02/06/2018,
ZA-00022838,ZAC0019167,25/05/2018 08:13,COMPLETE,25/05/2018 17:25,28/05/2018 15:54,29/05/2018,
ZA-00022839,ZAC0013468,25/05/2018 07:34,COMPLETE,26/05/2018 22:15,31/05/2018 05:22,30/05/2018,FLASH25
ZA-00022840,ZAC0015823,25/05/2018 13:35,COMPLETE,28/05/2018 05:09,05/06/2018 05:28,01/06/2018,
ZA-00022841,ZAC0014110,25/05/2018 19:35,COMPLETE,28/05/2018 18:54,31/05/2018 20:42,31/05/2018,
ZA-00022842,ZAC0000085,25/05/2018 12:16,COMPLETE,27/05/2018 22:30,05/06/2018 05:25,31/05/2018,
ZA-00022843,ZAC0012531,25/05/2018 07:18,COMPLETE,27/05/2018 00:23,28/05/2018 18:49,31/05/2018,FLASH25
ZA-00022844,ZAC0018991,25/05/2018 17:20,COMPLETE,25/05/2018 22:54,28/05/2018 01:14,01/06/2018,
ZA-00022845,ZAC0001144,26/05/2018 07:20,COMPLETE,28/05/2018 07:25,31/05/2018 20:31,01/06/2018,
ZA-00022846,ZAC0020781,26/05/2018 18:00,COMPLETE,28/05/2018 03:10,30/05/2018 21:14,01/06/2018,FREESHIP
ZA-00022847,ZAC0000854,26/05/2018 15:25,COMPLETE,27/05/2018 20:13,29/05/2018 16:58,01/06/2018,
ZA-00022848,ZAC0013168,26/05/2018 07:24,PENDING,,,,
ZA-00022849,ZAC0012373,26/05/2018 07:43,COMPLETE,27/05/2018 02:42,29/05/2018 06:56,01/06/2018,FLASH25
ZA-00022850,ZAC0004425,26/05/2018 13:11,COMPLETE,27/05/2018 20:16,31/05/2018 09:17,30/05/2018,
ZA-00022851,ZAC0011416,26/05/2018 09:17,COMPLETE,01/06/2018 13:41,06/06/2018 08:04,05/06/2018,FLASH25
ZA-00022852,ZAC0012989,26/05/2018 20:11,CANCELLED,,,,
ZA-00022853,ZAC0021161,26/05/2018 21:21,COMPLETE,28/05/2018 23:56,01/06/2018 12:16,01/06/2018,BULK20
ZA-00022854,ZAC0003623,26/05/2018 16:34,COMPLETE,28/05/2018 07:37,02/06/2018 05:42,04/06/2018,
ZA-00022855,ZAC0022084,26/05/2018 15:14,COMPLETE,30/05/2018 00:41,10/06/2018 02:25,02/06/2018,
ZA-00022856,ZAC0016804,26/05/2018 18:36,RETURNED,27/05/2018 18:30,05/06/2018 02:33,31/05/2018,WELCOME10
ZA-00022857,ZAC0001849,26/05/2018 10:30,COMPLETE,29/05/2018 23:47,31/05/2018 14:16,02/06/2018,
ZA-00022858,ZAC0004393,26/05/2018 09:40,COMPLETE,28/05/2018 12:56,29/05/2018 16:30,02/06/2018,WELCOME10
ZA-00022859,ZAC0008511,26/05/2018 17:56,COMPLETE,28/05/2018 17:28,01/06/2018 09:18,02/06/2018,
ZA-00022860,ZAC0008250,26/05/2018 07:56,COMPLETE,27/05/2018 07:33,05/06/2018 00:21,30/05/2018,
ZA-00022861,ZAC0012308,26/05/2018 08:40,COMPLETE,02/06/2018 05:26,09/06/2018 11:52,09/06/2018,
ZA-00022862,ZAC0022634,26/05/2018 14:56,COMPLETE,27/05/2018 11:55,30/05/2018 05:50,30/05/2018,
ZA-00022863,ZAC0013844,26/05/2018 13:17,COMPLETE,28/05/2018 00:13,29/05/2018 19:59,02/06/2018,WELCOME10
ZA-00022864,ZAC0023522,26/05/2018 06:29,COMPLETE,26/05/2018 18:25,02/06/2018 19:31,02/06/2018,
ZA-00022865,ZAC0006086,26/05/2018 10:18,COMPLETE,28/05/2018 09:42,31/05/2018 20:55,07/06/2018,
ZA-00022866,ZAC0023372,26/05/2018 21:27,COMPLETE,28/05/2018 07:52,30/05/2018 04:07,01/06/2018,
ZA-00022867,ZAC0007746,26/05/2018 09:03,COMPLETE,27/05/2018 10:45,29/05/2018 19:55,31/05/2018,
ZA-00022868,ZAC0019546,26/05/2018 17:35,CANCELLED,,,,
ZA-00022869,ZAC0010027,26/05/2018 21:28,COMPLETE,28/05/2018 12:55,30/05/2018 19:25,01/06/2018,BULK20
ZA-00022870,ZAC0021847,26/05/2018 19:03,COMPLETE,31/05/2018 16:25,07/06/2018 21:42,03/06/2018,
ZA-00022871,ZAC0014434,26/05/2018 21:19,RETURNED,29/05/2018 20:07,02/06/2018 06:16,01/06/2018,FREESHIP
ZA-00022872,ZAC0020858,26/05/2018 20:24,COMPLETE,27/05/2018 03:23,31/05/2018 16:49,03/06/2018,
ZA-00022873,ZAC0005286,26/05/2018 10:04,COMPLETE,27/05/2018 03:23,28/05/2018 17:14,03/06/2018,
ZA-00022874,ZAC0020966,26/05/2018 18:57,COMPLETE,29/05/2018 17:12,06/06/2018 23:38,03/06/2018,
ZA-00022875,ZAC0023106,26/05/2018 18:57,COMPLETE,27/05/2018 08:08,31/05/2018 17:04,01/06/2018,
ZA-00022876,ZAC0010206,26/05/2018 10:08,COMPLETE,30/05/2018 03:43,03/06/2018 17:41,02/06/2018,
ZA-00022877,ZAC0010109,26/05/2018 06:41,COMPLETE,28/05/2018 02:13,02/06/2018 13:28,02/06/2018,
ZA-00022878,ZAC0012942,26/05/2018 18:42,CANCELLED,,,,WINTER15
ZA-00022879,ZAC0012521,26/05/2018 12:46,COMPLETE,29/05/2018 01:09,31/05/2018 20:18,03/06/2018,
ZA-00022880,ZAC0010919,26/05/2018 17:56,RETURNED,31/05/2018 09:40,03/06/2018 01:18,03/06/2018,FREESHIP
ZA-00022881,ZAC0011360,26/05/2018 10:42,COMPLETE,27/05/2018 08:34,02/06/2018 11:08,31/05/2018,FLASH25
ZA-00022882,ZAC0019227,26/05/2018 21:14,COMPLETE,28/05/2018 14:04,07/06/2018 15:17,01/06/2018,
ZA-00022883,ZAC0006917,26/05/2018 22:33,COMPLETE,29/05/2018 18:10,04/06/2018 19:21,02/06/2018,
ZA-00022884,ZAC0005510,26/05/2018 11:45,COMPLETE,28/05/2018 22:36,14/06/2018 02:15,02/06/2018,
ZA-00022885,ZAC0018957,26/05/2018 16:45,COMPLETE,28/05/2018 13:16,06/06/2018 14:33,02/06/2018,WELCOME10
ZA-00022886,ZAC0017295,26/05/2018 09:50,COMPLETE,27/05/2018 04:06,30/05/2018 20:25,30/05/2018,FLASH25
ZA-00022887,ZAC0001400,26/05/2018 22:37,COMPLETE,02/06/2018 13:56,04/06/2018 19:22,12/06/2018,
ZA-00022888,ZAC0015399,26/05/2018 09:20,COMPLETE,29/05/2018 08:08,30/05/2018 20:22,01/06/2018,
ZA-00022889,ZAC0005836,26/05/2018 07:56,COMPLETE,27/05/2018 11:44,31/05/2018 02:28,01/06/2018,
ZA-00022890,ZAC0006516,26/05/2018 07:40,COMPLETE,29/05/2018 04:04,02/06/2018 12:49,08/06/2018,
ZA-00022891,ZAC0009704,26/05/2018 12:08,COMPLETE,26/05/2018 15:52,28/05/2018 22:20,30/05/2018,
ZA-00022892,ZAC0000974,26/05/2018 17:37,COMPLETE,27/05/2018 02:20,28/05/2018 18:25,03/06/2018,
ZA-00022893,ZAC0016546,26/05/2018 09:51,COMPLETE,30/05/2018 17:40,05/06/2018 23:58,04/06/2018,FLASH25
ZA-00022894,ZAC0013189,26/05/2018 10:16,COMPLETE,29/05/2018 19:12,01/06/2018 02:27,02/06/2018,
ZA-00022895,ZAC0018475,26/05/2018 06:52,COMPLETE,29/05/2018 02:07,04/06/2018 14:29,08/06/2018,
ZA-00022896,ZAC0018826,26/05/2018 11:57,COMPLETE,27/05/2018 15:30,28/05/2018 09:48,31/05/2018,
ZA-00022897,ZAC0010613,26/05/2018 12:33,COMPLETE,29/05/2018 00:22,04/06/2018 10:10,03/06/2018,
ZA-00022898,ZAC0015415,26/05/2018 09:49,COMPLETE,29/05/2018 21:24,11/06/2018 00:54,05/06/2018,
ZA-00022899,ZAC0014852,26/05/2018 09:43,COMPLETE,27/05/2018 20:06,30/05/2018 17:17,01/06/2018,
ZA-00022900,ZAC0009992,26/05/2018 22:23,COMPLETE,27/05/2018 05:07,03/06/2018 20:43,30/05/2018,
ZA-00022901,ZAC0020411,26/05/2018 10:51,COMPLETE,28/05/2018 09:29,01/06/2018 16:22,01/06/2018,WELCOME10
ZA-00022902,ZAC0015937,26/05/2018 11:39,COMPLETE,27/05/2018 19:12,05/06/2018 17:26,30/05/2018,
ZA-00022903,ZAC0006442,26/05/2018 14:52,COMPLETE,27/05/2018 16:30,28/05/2018 01:55,06/06/2018,
ZA-00022904,ZAC0023002,26/05/2018 21:12,COMPLETE,31/05/2018 03:38,06/06/2018 18:28,04/06/2018,
ZA-00022905,ZAC0018407,26/05/2018 19:28,DISPATCHED,29/05/2018 04:12,,05/06/2018,
ZA-00022906,ZAC0020019,26/05/2018 07:37,COMPLETE,03/06/2018 15:00,12/06/2018 11:41,08/06/2018,
ZA-00022907,ZAC0017066,26/05/2018 18:12,COMPLETE,28/05/2018 06:01,05/06/2018 12:49,01/06/2018,BULK20
ZA-00022908,ZAC0022593,26/05/2018 11:07,COMPLETE,27/05/2018 21:02,29/05/2018 17:32,06/06/2018,
ZA-00022909,ZAC0006861,26/05/2018 18:57,COMPLETE,27/05/2018 18:46,28/05/2018 19:11,01/06/2018,BULK20
ZA-00022910,ZAC0020425,26/05/2018 10:33,COMPLETE,29/05/2018 14:49,03/06/2018 23:30,02/06/2018,
ZA-00022911,ZAC0019220,26/05/2018 07:55,COMPLETE,26/05/2018 15:29,28/05/2018 19:07,29/05/2018,
ZA-00022912,ZAC0006913,26/05/2018 10:58,DISPATCHED,29/05/2018 02:51,,03/06/2018,
ZA-00022913,ZAC0012835,26/05/2018 19:07,COMPLETE,28/05/2018 03:16,01/06/2018 12:09,02/06/2018,
ZA-00022914,ZAC0020236,26/05/2018 08:51,COMPLETE,27/05/2018 09:59,02/06/2018 23:31,31/05/2018,
ZA-00022915,ZAC0019840,26/05/2018 10:20,COMPLETE,27/05/2018 15:12,05/06/2018 20:40,03/06/2018,
ZA-00022916,ZAC0005800,26/05/2018 08:17,COMPLETE,26/05/2018 14:29,28/05/2018 00:04,31/05/2018,
ZA-00022917,ZAC0018802,26/05/2018 09:54,COMPLETE,28/05/2018 11:38,04/06/2018 12:19,02/06/2018,BULK20
ZA-00022918,ZAC0014898,27/05/2018 20:02,COMPLETE,29/05/2018 22:35,08/06/2018 13:53,02/06/2018,FLASH25
ZA-00022919,ZAC0001316,27/05/2018 18:47,COMPLETE,28/05/2018 17:07,31/05/2018 13:58,02/06/2018,
ZA-00022920,ZAC0017861,27/05/2018 10:41,COMPLETE,28/05/2018 15:29,02/06/2018 05:11,01/06/2018,
ZA-00022921,ZAC0009425,27/05/2018 12:17,COMPLETE,28/05/2018 09:31,05/06/2018 05:32,02/06/2018,
ZA-00022922,ZAC0013537,27/05/2018 15:24,DISPATCHED,05/06/2018 08:36,,09/06/2018,
ZA-00022923,ZAC0008196,27/05/2018 06:06,COMPLETE,29/05/2018 04:08,05/06/2018 17:03,01/06/2018,
ZA-00022924,ZAC0011292,27/05/2018 09:14,COMPLETE,01/06/2018 23:23,10/06/2018 05:39,04/06/2018,LOYAL5
ZA-00022925,ZAC0009954,27/05/2018 15:17,COMPLETE,30/05/2018 08:52,03/06/2018 23:04,09/06/2018,FLASH25
ZA-00022926,ZAC0018142,27/05/2018 14:32,COMPLETE,29/05/2018 03:53,30/05/2018 00:39,02/06/2018,WELCOME10
ZA-00022927,ZAC0018990,27/05/2018 12:29,COMPLETE,30/05/2018 07:34,05/06/2018 08:53,02/06/2018,
ZA-00022928,ZAC0008699,27/05/2018 07:34,COMPLETE,03/06/2018 16:30,12/06/2018 20:32,10/06/2018,
ZA-00022929,ZAC0019943,27/05/2018 17:01,COMPLETE,30/05/2018 16:30,05/06/2018 23:37,04/06/2018,
ZA-00022930,ZAC0005666,27/05/2018 19:52,COMPLETE,31/05/2018 22:54,01/06/2018 09:18,03/06/2018,
ZA-00022931,ZAC0010641,27/05/2018 21:23,COMPLETE,30/05/2018 09:38,01/06/2018 06:54,04/06/2018,
ZA-00022932,ZAC0008161,27/05/2018 07:58,COMPLETE,27/05/2018 12:02,01/06/2018 21:22,01/06/2018,
ZA-00022933,ZAC0023281,27/05/2018 22:41,COMPLETE,28/05/2018 07:09,01/06/2018 09:29,31/05/2018,
ZA-00022934,ZAC0004397,27/05/2018 11:11,COMPLETE,29/05/2018 08:53,05/06/2018 18:56,08/06/2018,
ZA-00022935,ZAC0009111,27/05/2018 12:06,COMPLETE,29/05/2018 07:10,02/06/2018 21:58,02/06/2018,
ZA-00022936,ZAC0006146,27/05/2018 21:49,COMPLETE,28/05/2018 02:10,30/05/2018 05:56,31/05/2018,
ZA-00022937,ZAC0021134,27/05/2018 07:01,CANCELLED,,,,
ZA-00022938,ZAC0019391,27/05/2018 22:54,COMPLETE,28/05/2018 17:25,30/05/2018 15:02,02/06/2018,
ZA-00022939,ZAC0019224,27/05/2018 06:08,COMPLETE,31/05/2018 07:58,06/06/2018 20:19,04/06/2018,
ZA-00022940,ZAC0020665,27/05/2018 16:07,COMPLETE,30/05/2018 12:58,04/06/2018 08:47,06/06/2018,
ZA-00022941,ZAC0000123,27/05/2018 21:04,COMPLETE,28/05/2018 20:14,31/05/2018 07:38,01/06/2018,
ZA-00022942,ZAC0000402,27/05/2018 14:42,COMPLETE,01/06/2018 06:46,06/06/2018 21:16,05/06/2018,
ZA-00022943,ZAC0019914,27/05/2018 10:35,COMPLETE,27/05/2018 20:58,30/05/2018 10:13,01/06/2018,BULK20
ZA-00022944,ZAC0011906,27/05/2018 16:51,COMPLETE,30/05/2018 23:04,04/06/2018 17:08,03/06/2018,
ZA-00022945,ZAC0010486,27/05/2018 15:23,COMPLETE,29/05/2018 03:05,01/06/2018 13:27,01/06/2018,BULK20
ZA-00022946,ZAC0014604,27/05/2018 20:29,COMPLETE,29/05/2018 14:12,04/06/2018 05:29,03/06/2018,
ZA-00022947,ZAC0008688,27/05/2018 16:04,COMPLETE,29/05/2018 22:15,07/06/2018 02:16,05/06/2018,FREESHIP
ZA-00022948,ZAC0021178,27/05/2018 10:14,COMPLETE,28/05/2018 11:43,31/05/2018 12:17,02/06/2018,
ZA-00022949,ZAC0016527,27/05/2018 19:38,COMPLETE,28/05/2018 11:48,02/06/2018 19:47,31/05/2018,
ZA-00022950,ZAC0014931,27/05/2018 18:20,COMPLETE,29/05/2018 13:56,30/05/2018 15:38,03/06/2018,
ZA-00022951,ZAC0022439,27/05/2018 17:41,COMPLETE,29/05/2018 10:26,31/05/2018 08:00,08/06/2018,WELCOME10
ZA-00022952,ZAC0020347,27/05/2018 14:52,COMPLETE,02/06/2018 05:50,04/06/2018 20:43,09/06/2018,
ZA-00022953,ZAC0011367,27/05/2018 17:22,RETURNED,29/05/2018 14:27,01/06/2018 09:37,05/06/2018,
ZA-00022954,ZAC0003888,27/05/2018 10:01,COMPLETE,01/06/2018 14:02,12/06/2018 05:18,05/06/2018,
ZA-00022955,ZAC0001639,27/05/2018 09:30,COMPLETE,28/05/2018 06:00,03/06/2018 05:26,02/06/2018,
ZA-00022956,ZAC0007904,27/05/2018 11:50,COMPLETE,30/05/2018 01:01,02/06/2018 21:21,06/06/2018,BULK20
ZA-00022957,ZAC0005852,27/05/2018 07:28,COMPLETE,28/05/2018 12:56,30/05/2018 16:38,04/06/2018,
ZA-00022958,ZAC0023092,27/05/2018 07:05,COMPLETE,28/05/2018 19:51,03/06/2018 22:15,04/06/2018,
ZA-00022959,ZAC0023032,27/05/2018 15:34,COMPLETE,30/05/2018 11:13,11/06/2018 05:47,04/06/2018,
ZA-00022960,ZAC0000392,27/05/2018 07:37,PENDING,,,,
ZA-00022961,ZAC0013526,27/05/2018 07:07,COMPLETE,29/05/2018 18:08,11/06/2018 21:40,03/06/2018,LOYAL5
ZA-00022962,ZAC0001488,27/05/2018 19:34,COMPLETE,30/05/2018 17:40,02/06/2018 14:51,06/06/2018,BULK20
ZA-00022963,ZAC0001492,27/05/2018 12:38,COMPLETE,28/05/2018 18:45,30/05/2018 22:06,31/05/2018,
ZA-00022964,ZAC0010255,27/05/2018 11:48,COMPLETE,31/05/2018 00:34,05/06/2018 03:48,04/06/2018,WINTER15
ZA-00022965,ZAC0009384,27/05/2018 06:47,COMPLETE,30/05/2018 07:14,01/06/2018 11:38,02/06/2018,
ZA-00022966,ZAC0017289,27/05/2018 06:23,COMPLETE,28/05/2018 14:45,02/06/2018 19:44,01/06/2018,
ZA-00022967,ZAC0016430,27/05/2018 19:37,CANCELLED,,,,LOYAL5
ZA-00022968,ZAC0010787,27/05/2018 16:30,COMPLETE,29/05/2018 18:45,31/05/2018 11:55,01/06/2018,
ZA-00022969,ZAC0009916,27/05/2018 21:09,COMPLETE,28/05/2018 22:14,02/06/2018 12:20,04/06/2018,
ZA-00022970,ZAC0022419,27/05/2018 22:50,COMPLETE,01/06/2018 05:18,03/06/2018 16:42,05/06/2018,
ZA-00022971,ZAC0013474,27/05/2018 06:54,COMPLETE,29/05/2018 06:42,01/06/2018 19:12,08/06/2018,WINTER15
ZA-00022972,ZAC0021568,27/05/2018 12:11,COMPLETE,29/05/2018 06:45,30/05/2018 19:20,02/06/2018,
ZA-00022973,ZAC0012384,27/05/2018 21:47,COMPLETE,01/06/2018 20:48,04/06/2018 02:02,06/06/2018,WELCOME10
ZA-00022974,ZAC0004180,27/05/2018 14:02,COMPLETE,29/05/2018 14:57,06/06/2018 05:14,02/06/2018,
ZA-00022975,ZAC0016867,27/05/2018 18:14,COMPLETE,30/05/2018 06:41,07/06/2018 02:58,03/06/2018,
ZA-00022976,ZAC0022377,27/05/2018 08:00,CANCELLED,,,,
ZA-00022977,ZAC0023822,27/05/2018 07:14,COMPLETE,30/05/2018 11:10,01/06/2018 21:25,06/06/2018,LOYAL5
ZA-00022978,ZAC0007607,27/05/2018 19:29,COMPLETE,28/05/2018 08:54,02/06/2018 06:17,04/06/2018,
ZA-00022979,ZAC0003012,27/05/2018 08:38,COMPLETE,28/05/2018 08:04,31/05/2018 20:21,02/06/2018,
ZA-00022980,ZAC0014546,27/05/2018 10:56,COMPLETE,30/05/2018 08:56,05/06/2018 23:49,02/06/2018,FREESHIP
ZA-00022981,ZAC0017217,27/05/2018 20:24,COMPLETE,28/05/2018 17:29,02/06/2018 01:07,02/06/2018,
ZA-00022982,ZAC0021998,27/05/2018 16:06,COMPLETE,29/05/2018 17:03,03/06/2018 17:56,01/06/2018,
ZA-00022983,ZAC0012397,27/05/2018 12:58,COMPLETE,29/05/2018 15:18,02/06/2018 03:24,01/06/2018,LOYAL5
ZA-00022984,ZAC0003262,28/05/2018 16:57,COMPLETE,30/05/2018 02:55,04/06/2018 21:13,03/06/2018,
ZA-00022985,ZAC0009903,28/05/2018 22:22,COMPLETE,29/05/2018 05:14,07/06/2018 13:49,08/06/2018,
ZA-00022986,ZAC0001915,28/05/2018 17:01,COMPLETE,29/05/2018 06:30,29/05/2018 17:36,03/06/2018,BULK20
ZA-00022987,ZAC0000840,28/05/2018 14:35,COMPLETE,28/05/2018 21:54,31/05/2018 11:22,01/06/2018,
ZA-00022988,ZAC0004227,28/05/2018 08:43,COMPLETE,30/05/2018 19:16,02/06/2018 13:00,06/06/2018,
ZA-00022989,ZAC0002027,28/05/2018 11:40,DISPATCHED,31/05/2018 09:48,,04/06/2018,WINTER15
ZA-00022990,ZAC0003472,28/05/2018 10:39,COMPLETE,31/05/2018 13:41,12/06/2018 07:00,07/06/2018,
ZA-00022991,ZAC0022632,28/05/2018 11:50,COMPLETE,29/05/2018 12:39,05/06/2018 01:20,03/06/2018,
ZA-00022992,ZAC0016597,28/05/2018 18:36,COMPLETE,01/06/2018 16:33,05/06/2018 11:58,04/06/2018,
ZA-00022993,ZAC0021575,28/05/2018 21:40,COMPLETE,01/06/2018 00:48,03/06/2018 09:11,05/06/2018,FREESHIP
ZA-00022994,ZAC0004232,28/05/2018 08:42,COMPLETE,03/06/2018 22:41,06/06/2018 08:11,10/06/2018,
ZA-00022995,ZAC0002605,28/05/2018 18:52,COMPLETE,29/05/2018 10:39,29/05/2018 22:44,02/06/2018,
ZA-00022996,ZAC0003448,28/05/2018 06:40,COMPLETE,29/05/2018 00:26,30/05/2018 17:02,05/06/2018,
ZA-00022997,ZAC0020073,28/05/2018 13:49,COMPLETE,29/05/2018 00:50,07/06/2018 09:08,02/06/2018,LOYAL5
ZA-00022998,ZAC0003271,28/05/2018 22:15,COMPLETE,03/06/2018 01:18,03/06/2018 12:14,07/06/2018,
ZA-00022999,ZAC0012003,28/05/2018 07:56,DISPATCHED,29/05/2018 00:16,,02/06/2018,
ZA-00023000,ZAC0023831,28/05/2018 07:24,COMPLETE,31/05/2018 17:23,05/06/2018 22:31,05/06/2018,WELCOME10
ZA-00023001,ZAC0000185,28/05/2018 20:16,COMPLETE,29/05/2018 09:31,05/06/2018 00:19,03/06/2018,
ZA-00023002,ZAC0017674,28/05/2018 18:19,COMPLETE,30/05/2018 21:20,02/06/2018 13:46,06/06/2018,
ZA-00023003,ZAC0006063,28/05/2018 16:08,COMPLETE,29/05/2018 00:07,02/06/2018 10:03,01/06/2018,WINTER15
ZA-00023004,ZAC0019132,28/05/2018 07:23,COMPLETE,30/05/2018 19:40,04/06/2018 19:03,06/06/2018,
ZA-00023005,ZAC0019662,28/05/2018 17:26,COMPLETE,29/05/2018 23:38,01/06/2018 10:05,01/06/2018,
ZA-00023006,ZAC0005319,28/05/2018 10:13,COMPLETE,29/05/2018 17:22,01/06/2018 00:38,03/06/2018,
ZA-00023007,ZAC0016789,28/05/2018 21:34,COMPLETE,03/06/2018 04:17,09/06/2018 07:44,13/06/2018,FREESHIP
ZA-00023008,ZAC0021054,28/05/2018 09:29,COMPLETE,29/05/2018 11:23,06/06/2018 21:17,01/06/2018,
ZA-00023009,ZAC0010386,28/05/2018 15:05,COMPLETE,29/05/2018 11:27,02/06/2018 13:57,02/06/2018,
ZA-00023010,ZAC0001701,28/05/2018 17:08,COMPLETE,30/05/2018 21:07,01/06/2018 16:27,02/06/2018,
ZA-00023011,ZAC0011347,28/05/2018 09:34,COMPLETE,30/05/2018 19:58,02/06/2018 13:49,04/06/2018,
ZA-00023012,ZAC0009309,28/05/2018 07:52,COMPLETE,29/05/2018 07:41,31/05/2018 06:50,02/06/2018,
ZA-00023013,ZAC0023319,28/05/2018 15:02,COMPLETE,29/05/2018 00:48,31/05/2018 19:42,03/06/2018,
ZA-00023014,ZAC0007476,28/05/2018 13:27,COMPLETE,28/05/2018 21:46,30/05/2018 23:04,01/06/2018,
ZA-00023015,ZAC0002379,28/05/2018 18:38,COMPLETE,30/05/2018 00:08,04/06/2018 00:58,03/06/2018,
ZA-00023016,ZAC0003230,28/05/2018 16:18,COMPLETE,29/05/2018 13:21,06/06/2018 11:43,02/06/2018,
ZA-00023017,ZAC0003345,28/05/2018 09:24,COMPLETE,31/05/2018 17:12,03/06/2018 11:24,03/06/2018,
ZA-00023018,ZAC0013136,28/05/2018 19:08,COMPLETE,30/05/2018 21:02,09/06/2018 05:06,02/06/2018,FLASH25
ZA-00023019,ZAC0005393,28/05/2018 12:25,COMPLETE,30/05/2018 18:55,31/05/2018 09:15,03/06/2018,
ZA-00023020,ZAC0005474,28/05/2018 17:58,DISPATCHED,02/06/2018 03:13,,05/06/2018,
ZA-00023021,ZAC0002414,28/05/2018 18:37,COMPLETE,30/05/2018 03:25,07/06/2018 07:25,02/06/2018,FREESHIP
ZA-00023022,ZAC0018612,28/05/2018 18:32,DISPATCHED,01/06/2018 05:47,,04/06/2018,
ZA-00023023,ZAC0013009,28/05/2018 08:48,COMPLETE,31/05/2018 15:19,02/06/2018 05:32,07/06/2018,
ZA-00023024,ZAC0010882,28/05/2018 06:54,COMPLETE,28/05/2018 14:02,30/05/2018 06:13,31/05/2018,FLASH25
ZA-00023025,ZAC0011602,28/05/2018 11:35,COMPLETE,30/05/2018 02:28,02/06/2018 17:15,04/06/2018,FLASH25
ZA-00023026,ZAC0011180,28/05/2018 08:55,COMPLETE,01/06/2018 10:21,03/06/2018 20:52,05/06/2018,
ZA-00023027,ZAC0012692,28/05/2018 10:59,COMPLETE,03/06/2018 03:09,07/06/2018 21:47,08/06/2018,
ZA-00023028,ZAC0014595,28/05/2018 06:43,COMPLETE,30/05/2018 01:28,08/06/2018 17:09,09/06/2018,
ZA-00023029,ZAC0019672,28/05/2018 16:28,COMPLETE,29/05/2018 09:28,07/06/2018 17:01,02/06/2018,
ZA-00023030,ZAC0001417,28/05/2018 20:37,COMPLETE,31/05/2018 00:23,04/06/2018 14:13,07/06/2018,
ZA-00023031,ZAC0011868,28/05/2018 09:12,COMPLETE,30/05/2018 05:49,02/06/2018 17:35,04/06/2018,
ZA-00023032,ZAC0011065,28/05/2018 19:53,COMPLETE,31/05/2018 02:11,04/06/2018 11:42,04/06/2018,
ZA-00023033,ZAC0002482,28/05/2018 16:34,COMPLETE,31/05/2018 11:03,05/06/2018 11:41,07/06/2018,FREESHIP
ZA-00023034,ZAC0010768,28/05/2018 16:27,COMPLETE,28/05/2018 18:40,03/06/2018 21:29,04/06/2018,
ZA-00023035,ZAC0013853,28/05/2018 08:48,COMPLETE,29/05/2018 01:03,01/06/2018 03:33,03/06/2018,
ZA-00023036,ZAC0020813,28/05/2018 10:58,COMPLETE,30/05/2018 11:29,02/06/2018 03:01,06/06/2018,
ZA-00023037,ZAC0023076,28/05/2018 08:59,COMPLETE,31/05/2018 07:25,01/06/2018 14:58,03/06/2018,
ZA-00023038,ZAC0003672,28/05/2018 18:50,COMPLETE,31/05/2018 21:32,05/06/2018 05:14,05/06/2018,FREESHIP
ZA-00023039,ZAC0016877,28/05/2018 16:55,COMPLETE,29/05/2018 09:23,01/06/2018 07:03,03/06/2018,
ZA-00023040,ZAC0021375,28/05/2018 18:15,COMPLETE,30/05/2018 09:08,05/06/2018 02:24,03/06/2018,FREESHIP
ZA-00023041,ZAC0006259,28/05/2018 10:22,COMPLETE,04/06/2018 10:03,07/06/2018 01:55,14/06/2018,
ZA-00023042,ZAC0017611,28/05/2018 15:28,COMPLETE,30/05/2018 15:09,01/06/2018 12:14,03/06/2018,
ZA-00023043,ZAC0009526,28/05/2018 07:50,COMPLETE,29/05/2018 06:06,01/06/2018 00:15,02/06/2018,
ZA-00023044,ZAC0005988,28/05/2018 13:12,COMPLETE,28/05/2018 16:31,31/05/2018 17:42,07/06/2018,
ZA-00023045,ZAC0007472,28/05/2018 17:41,COMPLETE,29/05/2018 23:42,03/06/2018 07:02,02/06/2018,
ZA-00023046,ZAC0015646,28/05/2018 14:26,COMPLETE,02/06/2018 01:43,05/06/2018 19:42,05/06/2018,
ZA-00023047,ZAC0002318,28/05/2018 22:11,COMPLETE,29/05/2018 15:17,05/06/2018 03:55,08/06/2018,
ZA-00023048,ZAC0006587,28/05/2018 15:53,COMPLETE,30/05/2018 15:50,08/06/2018 06:12,03/06/2018,
ZA-00023049,ZAC0005524,28/05/2018 06:13,COMPLETE,29/05/2018 15:03,12/06/2018 11:56,01/06/2018,
ZA-00023050,ZAC0013062,28/05/2018 08:45,COMPLETE,29/05/2018 10:38,02/06/2018 05:43,01/06/2018,
ZA-00023051,ZAC0017559,28/05/2018 09:46,COMPLETE,31/05/2018 23:27,04/06/2018 14:53,07/06/2018,
ZA-00023052,ZAC0010956,28/05/2018 10:33,COMPLETE,30/05/2018 12:06,31/05/2018 23:12,02/06/2018,
ZA-00023053,ZAC0022203,28/05/2018 13:10,COMPLETE,31/05/2018 09:17,03/06/2018 16:39,04/06/2018,
ZA-00023054,ZAC0011113,28/05/2018 20:02,CANCELLED,,,,
ZA-00023055,ZAC0015837,28/05/2018 10:27,COMPLETE,29/05/2018 18:54,30/05/2018 09:27,03/06/2018,
ZA-00023056,ZAC0018851,28/05/2018 18:47,COMPLETE,30/05/2018 16:22,04/06/2018 22:03,04/06/2018,
ZA-00023057,ZAC0012294,28/05/2018 15:01,COMPLETE,30/05/2018 07:15,02/06/2018 03:14,04/06/2018,
ZA-00023058,ZAC0004383,28/05/2018 11:45,COMPLETE,29/05/2018 09:54,06/06/2018 01:54,02/06/2018,
ZA-00023059,ZAC0013395,28/05/2018 09:32,COMPLETE,31/05/2018 00:39,06/06/2018 17:00,04/06/2018,
ZA-00023060,ZAC0006097,28/05/2018 13:29,COMPLETE,28/05/2018 18:47,31/05/2018 21:35,02/06/2018,
ZA-00023061,ZAC0018460,28/05/2018 20:16,COMPLETE,30/05/2018 21:25,01/06/2018 22:38,06/06/2018,
ZA-00023062,ZAC0014127,28/05/2018 21:24,COMPLETE,29/05/2018 11:30,10/06/2018 01:25,01/06/2018,BULK20
ZA-00023063,ZAC0016631,28/05/2018 17:26,COMPLETE,01/06/2018 18:05,06/06/2018 06:27,04/06/2018,
ZA-00023064,ZAC0009696,28/05/2018 08:50,COMPLETE,02/06/2018 20:43,07/06/2018 06:53,12/06/2018,
ZA-00023065,ZAC0009448,28/05/2018 09:41,COMPLETE,30/05/2018 15:00,04/06/2018 06:06,04/06/2018,
ZA-00023066,ZAC0014195,28/05/2018 09:48,CANCELLED,,,,
ZA-00023067,ZAC0014116,28/05/2018 15:35,COMPLETE,01/06/2018 01:30,05/06/2018 16:42,08/06/2018,
ZA-00023068,ZAC0002652,28/05/2018 06:19,COMPLETE,29/05/2018 10:41,07/06/2018 19:57,01/06/2018,
ZA-00023069,ZAC0001639,28/05/2018 13:33,COMPLETE,30/05/2018 13:58,06/06/2018 13:52,04/06/2018,
ZA-00023070,ZAC0008046,28/05/2018 19:50,COMPLETE,29/05/2018 10:25,30/05/2018 21:03,02/06/2018,
ZA-00023071,ZAC0013114,28/05/2018 09:41,PENDING,,,,WELCOME10
ZA-00023072,ZAC0015721,29/05/2018 13:25,COMPLETE,30/05/2018 06:01,01/06/2018 08:30,04/06/2018,
ZA-00023073,ZAC0021102,29/05/2018 21:39,COMPLETE,31/05/2018 20:03,07/06/2018 03:37,07/06/2018,LOYAL5
ZA-00023074,ZAC0018063,29/05/2018 18:08,COMPLETE,05/06/2018 10:19,11/06/2018 00:54,10/06/2018,
ZA-00023075,ZAC0014160,29/05/2018 20:30,COMPLETE,31/05/2018 09:16,04/06/2018 15:11,05/06/2018,
ZA-00023076,ZAC0010475,29/05/2018 22:12,COMPLETE,01/06/2018 03:19,04/06/2018 23:57,05/06/2018,LOYAL5
ZA-00023077,ZAC0008726,29/05/2018 19:16,COMPLETE,01/06/2018 11:48,09/06/2018 08:06,05/06/2018,
ZA-00023078,ZAC0023332,29/05/2018 22:37,COMPLETE,31/05/2018 11:38,04/06/2018 06:47,04/06/2018,
ZA-00023079,ZAC0007295,29/05/2018 06:04,COMPLETE,31/05/2018 12:33,05/06/2018 09:17,05/06/2018,
ZA-00023080,ZAC0023954,29/05/2018 22:58,COMPLETE,31/05/2018 15:56,03/06/2018 13:30,05/06/2018,
ZA-00023081,ZAC0001272,29/05/2018 06:20,COMPLETE,30/05/2018 14:40,05/06/2018 01:35,02/06/2018,
ZA-00023082,ZAC0017793,29/05/2018 07:10,COMPLETE,30/05/2018 23:15,01/06/2018 16:18,06/06/2018,
ZA-00023083,ZAC0010322,29/05/2018 13:12,COMPLETE,01/06/2018 07:50,04/06/2018 15:51,11/06/2018,WINTER15
ZA-00023084,ZAC0005116,29/05/2018 15:42,COMPLETE,30/05/2018 00:30,31/05/2018 14:02,02/06/2018,BULK20
ZA-00023085,ZAC0002303,29/05/2018 12:33,COMPLETE,06/06/2018 10:09,07/06/2018 21:46,11/06/2018,
ZA-00023086,ZAC0015968,29/05/2018 13:44,COMPLETE,31/05/2018 19:38,02/06/2018 19:49,03/06/2018,
ZA-00023087,ZAC0021186,29/05/2018 14:03,COMPLETE,01/06/2018 15:51,04/06/2018 14:06,08/06/2018,FREESHIP
ZA-00023088,ZAC0023319,29/05/2018 19:15,COMPLETE,31/05/2018 09:41,01/06/2018 18:09,03/06/2018,
ZA-00023089,ZAC0011735,29/05/2018 17:47,COMPLETE,30/05/2018 13:29,04/06/2018 23:41,02/06/2018,
ZA-00023090,ZAC0012616,29/05/2018 06:13,COMPLETE,30/05/2018 02:08,01/06/2018 03:48,03/06/2018,LOYAL5
ZA-00023091,ZAC0020762,29/05/2018 11:03,COMPLETE,02/06/2018 01:36,04/06/2018 13:37,07/06/2018,
ZA-00023092,ZAC0018175,29/05/2018 08:30,COMPLETE,02/06/2018 05:47,05/06/2018 15:32,07/06/2018,
ZA-00023093,ZAC0018158,29/05/2018 08:09,COMPLETE,01/06/2018 07:34,06/06/2018 10:17,05/06/2018,
ZA-00023094,ZAC0023076,29/05/2018 06:41,COMPLETE,30/05/2018 13:46,01/06/2018 18:20,09/06/2018,BULK20
ZA-00023095,ZAC0017686,29/05/2018 09:52,COMPLETE,31/05/2018 19:59,02/06/2018 13:38,07/06/2018,
ZA-00023096,ZAC0011985,29/05/2018 13:15,COMPLETE,31/05/2018 20:23,05/06/2018 00:22,05/06/2018,BULK20
ZA-00023097,ZAC0014419,29/05/2018 07:45,COMPLETE,29/05/2018 18:58,01/06/2018 03:24,08/06/2018,
ZA-00023098,ZAC0009215,29/05/2018 09:42,COMPLETE,01/06/2018 17:01,06/06/2018 22:10,04/06/2018,FREESHIP
ZA-00023099,ZAC0017473,29/05/2018 22:03,COMPLETE,31/05/2018 16:13,05/06/2018 06:01,04/06/2018,
ZA-00023100,ZAC0004533,29/05/2018 11:13,COMPLETE,04/06/2018 06:24,06/06/2018 13:40,11/06/2018,
ZA-00023101,ZAC0018813,29/05/2018 22:27,COMPLETE,30/05/2018 22:05,02/06/2018 06:55,04/06/2018,
ZA-00023102,ZAC0013971,29/05/2018 18:44,COMPLETE,31/05/2018 17:34,05/06/2018 06:28,04/06/2018,
ZA-00023103,ZAC0020102,29/05/2018 09:28,COMPLETE,31/05/2018 09:09,03/06/2018 08:47,07/06/2018,FLASH25
ZA-00023104,ZAC0007787,29/05/2018 22:32,COMPLETE,02/06/2018 03:59,06/06/2018 10:45,07/06/2018,
ZA-00023105,ZAC0011071,29/05/2018 11:28,COMPLETE,04/06/2018 02:53,05/06/2018 00:31,11/06/2018,LOYAL5
ZA-00023106,ZAC0001421,29/05/2018 20:00,COMPLETE,30/05/2018 05:46,01/06/2018 11:32,06/06/2018,
ZA-00023107,ZAC0017469,29/05/2018 10:47,COMPLETE,31/05/2018 11:37,03/06/2018 10:27,04/06/2018,
ZA-00023108,ZAC0007737,29/05/2018 10:22,CANCELLED,,,,
ZA-00023109,ZAC0009631,29/05/2018 14:02,COMPLETE,01/06/2018 03:17,05/06/2018 18:10,11/06/2018,FLASH25
ZA-00023110,ZAC0019914,29/05/2018 11:11,COMPLETE,02/06/2018 07:33,11/06/2018 05:13,09/06/2018,
ZA-00023111,ZAC0005015,29/05/2018 07:49,COMPLETE,01/06/2018 05:48,04/06/2018 11:30,05/06/2018,
ZA-00023112,ZAC0000512,29/05/2018 16:48,COMPLETE,30/05/2018 01:39,05/06/2018 12:56,02/06/2018,
ZA-00023113,ZAC0004307,29/05/2018 10:16,COMPLETE,02/06/2018 11:25,08/06/2018 05:47,09/06/2018,
ZA-00023114,ZAC0007054,29/05/2018 15:18,COMPLETE,30/05/2018 10:26,02/06/2018 12:42,03/06/2018,LOYAL5
ZA-00023115,ZAC0015941,29/05/2018 20:16,COMPLETE,30/05/2018 23:38,01/06/2018 06:09,06/06/2018,
ZA-00023116,ZAC0013798,29/05/2018 20:21,COMPLETE,31/05/2018 09:41,08/06/2018 18:35,07/06/2018,
ZA-00023117,ZAC0013153,29/05/2018 21:45,COMPLETE,31/05/2018 05:34,01/06/2018 02:32,07/06/2018,
ZA-00023118,ZAC0014918,29/05/2018 19:03,COMPLETE,01/06/2018 23:55,05/06/2018 10:36,05/06/2018,BULK20
ZA-00023119,ZAC0002128,29/05/2018 07:51,COMPLETE,30/05/2018 02:24,01/06/2018 22:45,02/06/2018,FLASH25
ZA-00023120,ZAC0010810,29/05/2018 18:39,COMPLETE,02/06/2018 02:34,05/06/2018 07:41,09/06/2018,
ZA-00023121,ZAC0001693,29/05/2018 06:50,COMPLETE,03/06/2018 00:20,14/06/2018 14:19,10/06/2018,
ZA-00023122,ZAC0016517,29/05/2018 08:18,COMPLETE,29/05/2018 23:58,04/06/2018 03:53,01/06/2018,LOYAL5
ZA-00023123,ZAC0002040,29/05/2018 10:42,DISPATCHED,31/05/2018 18:21,,07/06/2018,
ZA-00023124,ZAC0001156,29/05/2018 15:16,COMPLETE,31/05/2018 15:11,05/06/2018 07:45,03/06/2018,LOYAL5
ZA-00023125,ZAC0022276,29/05/2018 16:08,COMPLETE,01/06/2018 07:30,02/06/2018 19:17,04/06/2018,
ZA-00023126,ZAC0002441,29/05/2018 14:36,COMPLETE,31/05/2018 20:41,08/06/2018 08:41,04/06/2018,
ZA-00023127,ZAC0018031,29/05/2018 15:56,COMPLETE,31/05/2018 06:23,05/06/2018 06:00,07/06/2018,WINTER15
ZA-00023128,ZAC0019811,29/05/2018 08:45,COMPLETE,30/05/2018 13:36,09/06/2018 14:04,03/06/2018,
ZA-00023129,ZAC0020124,29/05/2018 11:07,COMPLETE,30/05/2018 22:06,03/06/2018 13:50,04/06/2018,
ZA-00023130,ZAC0007833,29/05/2018 06:41,COMPLETE,01/06/2018 06:10,06/06/2018 03:36,05/06/2018,
ZA-00023131,ZAC0000231,29/05/2018 12:57,COMPLETE,02/06/2018 05:43,07/06/2018 20:55,06/06/2018,WELCOME10
ZA-00023132,ZAC0018816,29/05/2018 10:33,COMPLETE,31/05/2018 02:44,31/05/2018 20:07,04/06/2018,
ZA-00023133,ZAC0017304,29/05/2018 13:03,COMPLETE,01/06/2018 22:31,05/06/2018 07:10,06/06/2018,
ZA-00023134,ZAC0003042,30/05/2018 13:54,COMPLETE,01/06/2018 03:06,04/06/2018 08:17,04/06/2018,BULK20
ZA-00023135,ZAC0021572,30/05/2018 22:37,COMPLETE,03/06/2018 06:57,05/06/2018 15:43,07/06/2018,
ZA-00023136,ZAC0017440,30/05/2018 13:25,COMPLETE,01/06/2018 07:23,09/06/2018 10:29,08/06/2018,
ZA-00023137,ZAC0015651,30/05/2018 18:13,COMPLETE,02/06/2018 05:33,03/06/2018 09:40,07/06/2018,
ZA-00023138,ZAC0012395,30/05/2018 13:41,COMPLETE,31/05/2018 23:10,04/06/2018 05:25,03/06/2018,FLASH25
ZA-00023139,ZAC0010684,30/05/2018 12:25,COMPLETE,03/06/2018 17:24,08/06/2018 02:51,06/06/2018,
ZA-00023140,ZAC0006102,30/05/2018 19:47,COMPLETE,02/06/2018 05:48,22/06/2018 17:06,09/06/2018,
ZA-00023141,ZAC0006849,30/05/2018 12:08,COMPLETE,01/06/2018 16:37,04/06/2018 15:28,04/06/2018,WINTER15
ZA-00023142,ZAC0015964,30/05/2018 11:52,COMPLETE,31/05/2018 14:58,09/06/2018 14:27,04/06/2018,
ZA-00023143,ZAC0017969,30/05/2018 15:42,CANCELLED,,,,
ZA-00023144,ZAC0018910,30/05/2018 10:06,COMPLETE,30/05/2018 21:14,02/06/2018 13:40,03/06/2018,
ZA-00023145,ZAC0012349,30/05/2018 12:51,COMPLETE,30/05/2018 22:15,10/06/2018 06:43,04/06/2018,
ZA-00023146,ZAC0004177,30/05/2018 07:21,COMPLETE,01/06/2018 00:26,03/06/2018 07:07,06/06/2018,
ZA-00023147,ZAC0006281,30/05/2018 18:10,COMPLETE,03/06/2018 01:32,08/06/2018 16:34,07/06/2018,
ZA-00023148,ZAC0023115,30/05/2018 20:14,COMPLETE,01/06/2018 03:16,06/06/2018 13:25,08/06/2018,
ZA-00023149,ZAC0012393,30/05/2018 18:14,COMPLETE,31/05/2018 15:24,09/06/2018 06:19,03/06/2018,
ZA-00023150,ZAC0001557,30/05/2018 08:27,COMPLETE,03/06/2018 21:44,08/06/2018 06:07,08/06/2018,
ZA-00023151,ZAC0001719,30/05/2018 07:23,COMPLETE,02/06/2018 12:27,08/06/2018 08:42,09/06/2018,
ZA-00023152,ZAC0022180,30/05/2018 13:55,COMPLETE,01/06/2018 12:01,06/06/2018 13:43,06/06/2018,
ZA-00023153,ZAC0009739,30/05/2018 10:15,COMPLETE,31/05/2018 06:35,02/06/2018 05:34,07/06/2018,
ZA-00023154,ZAC0012263,30/05/2018 20:45,COMPLETE,02/06/2018 03:06,06/06/2018 19:54,06/06/2018,
ZA-00023155,ZAC0014031,30/05/2018 16:49,COMPLETE,02/06/2018 12:02,10/06/2018 10:53,07/06/2018,
ZA-00023156,ZAC0021003,30/05/2018 12:40,COMPLETE,02/06/2018 22:00,11/06/2018 09:44,06/06/2018,FREESHIP
ZA-00023157,ZAC0008555,30/05/2018 15:00,COMPLETE,31/05/2018 11:38,08/06/2018 13:01,07/06/2018,
ZA-00023158,ZAC0000569,30/05/2018 21:41,COMPLETE,01/06/2018 09:33,04/06/2018 08:09,11/06/2018,FLASH25
ZA-00023159,ZAC0012503,30/05/2018 22:26,COMPLETE,04/06/2018 03:06,06/06/2018 07:01,08/06/2018,
ZA-00023160,ZAC0002564,30/05/2018 12:27,COMPLETE,30/05/2018 14:58,03/06/2018 20:02,06/06/2018,
ZA-00023161,ZAC0017388,30/05/2018 12:54,COMPLETE,04/06/2018 19:40,05/06/2018 11:23,08/06/2018,
ZA-00023162,ZAC0023831,30/05/2018 12:53,COMPLETE,03/06/2018 11:05,04/06/2018 20:49,06/06/2018,
ZA-00023163,ZAC0017056,30/05/2018 22:10,COMPLETE,01/06/2018 04:25,06/06/2018 08:29,05/06/2018,LOYAL5
ZA-00023164,ZAC0019978,30/05/2018 22:56,COMPLETE,01/06/2018 12:16,09/06/2018 00:26,11/06/2018,LOYAL5
ZA-00023165,ZAC0019698,30/05/2018 09:13,COMPLETE,02/06/2018 05:52,06/06/2018 13:23,05/06/2018,
ZA-00023166,ZAC0006804,30/05/2018 08:54,COMPLETE,02/06/2018 03:33,09/06/2018 10:20,06/06/2018,
ZA-00023167,ZAC0005489,30/05/2018 18:31,COMPLETE,03/06/2018 02:58,09/06/2018 14:57,13/06/2018,
ZA-00023168,ZAC0012694,30/05/2018 14:37,COMPLETE,02/06/2018 19:37,06/06/2018 00:38,06/06/2018,
ZA-00023169,ZAC0005856,30/05/2018 16:41,COMPLETE,31/05/2018 07:24,03/06/2018 05:11,04/06/2018,
ZA-00023170,ZAC0015145,30/05/2018 16:32,COMPLETE,04/06/2018 16:16,09/06/2018 12:40,07/06/2018,
ZA-00023171,ZAC0016587,30/05/2018 13:30,COMPLETE,31/05/2018 11:57,05/06/2018 16:36,10/06/2018,LOYAL5
ZA-00023172,ZAC0001772,30/05/2018 13:59,COMPLETE,04/06/2018 16:06,06/06/2018 21:11,11/06/2018,
ZA-00023173,ZAC0007151,30/05/2018 20:47,COMPLETE,31/05/2018 10:52,05/06/2018 19:00,03/06/2018,
ZA-00023174,ZAC0018277,30/05/2018 17:35,COMPLETE,01/06/2018 08:59,05/06/2018 23:34,11/06/2018,
ZA-00023175,ZAC0010813,30/05/2018 15:54,COMPLETE,31/05/2018 01:30,03/06/2018 00:38,03/06/2018,
ZA-00023176,ZAC0010090,30/05/2018 07:21,COMPLETE,05/06/2018 01:49,08/06/2018 14:11,09/06/2018,
ZA-00023177,ZAC0009149,30/05/2018 18:14,CANCELLED,,,,
ZA-00023178,ZAC0012853,30/05/2018 18:58,COMPLETE,31/05/2018 15:43,06/06/2018 17:40,03/06/2018,
ZA-00023179,ZAC0003264,30/05/2018 10:51,COMPLETE,06/06/2018 09:01,08/06/2018 00:34,11/06/2018,
ZA-00023180,ZAC0002769,30/05/2018 14:57,COMPLETE,31/05/2018 14:14,03/06/2018 20:32,03/06/2018,
ZA-00023181,ZAC0016147,30/05/2018 16:19,COMPLETE,31/05/2018 15:53,05/06/2018 06:06,03/06/2018,
ZA-00023182,ZAC0014856,30/05/2018 22:25,COMPLETE,03/06/2018 00:40,08/06/2018 10:38,06/06/2018,BULK20
ZA-00023183,ZAC0009515,30/05/2018 17:42,COMPLETE,31/05/2018 14:05,05/06/2018 21:21,03/06/2018,FREESHIP
ZA-00023184,ZAC0000515,30/05/2018 16:02,COMPLETE,03/06/2018 21:05,10/06/2018 08:11,07/06/2018,
ZA-00023185,ZAC0010210,30/05/2018 10:16,COMPLETE,02/06/2018 22:31,05/06/2018 06:02,09/06/2018,
ZA-00023186,ZAC0018960,30/05/2018 17:58,CANCELLED,,,,
ZA-00023187,ZAC0023276,30/05/2018 18:12,COMPLETE,31/05/2018 10:58,07/06/2018 22:36,04/06/2018,BULK20
ZA-00023188,ZAC0003334,30/05/2018 19:41,COMPLETE,03/06/2018 00:05,10/06/2018 04:47,08/06/2018,
ZA-00023189,ZAC0021656,30/05/2018 14:30,COMPLETE,03/06/2018 02:38,03/06/2018 12:59,07/06/2018,
ZA-00023190,ZAC0015301,30/05/2018 16:54,COMPLETE,02/06/2018 07:06,05/06/2018 03:50,07/06/2018,WINTER15
ZA-00023191,ZAC0011395,30/05/2018 17:40,COMPLETE,31/05/2018 16:55,01/06/2018 16:37,10/06/2018,
ZA-00023192,ZAC0016784,30/05/2018 12:05,COMPLETE,31/05/2018 12:13,01/06/2018 22:36,04/06/2018,
ZA-00023193,ZAC0005149,30/05/2018 08:22,COMPLETE,31/05/2018 03:47,01/06/2018 20:02,04/06/2018,WELCOME10
ZA-00023194,ZAC0001422,30/05/2018 22:56,COMPLETE,02/06/2018 10:17,10/06/2018 19:58,07/06/2018,
ZA-00023195,ZAC0012184,30/05/2018 13:59,COMPLETE,07/06/2018 11:54,10/06/2018 11:31,14/06/2018,
ZA-00023196,ZAC0002968,30/05/2018 21:46,COMPLETE,01/06/2018 18:38,06/06/2018 16:49,08/06/2018,
ZA-00023197,ZAC0021017,30/05/2018 20:48,COMPLETE,02/06/2018 00:15,03/06/2018 10:10,09/06/2018,
ZA-00023198,ZAC0014424,30/05/2018 21:53,COMPLETE,31/05/2018 06:54,05/06/2018 12:50,04/06/2018,WELCOME10
ZA-00023199,ZAC0016864,30/05/2018 12:21,COMPLETE,31/05/2018 19:01,01/06/2018 01:53,04/06/2018,
ZA-00023200,ZAC0012012,30/05/2018 18:13,COMPLETE,01/06/2018 14:01,04/06/2018 14:14,04/06/2018,
ZA-00023201,ZAC0006159,30/05/2018 07:44,COMPLETE,30/05/2018 14:32,12/06/2018 23:45,04/06/2018,
ZA-00023202,ZAC0023772,30/05/2018 19:47,COMPLETE,02/06/2018 22:10,13/06/2018 15:11,06/06/2018,
ZA-00023203,ZAC0020183,30/05/2018 07:12,DISPATCHED,31/05/2018 13:16,,03/06/2018,
ZA-00023204,ZAC0002244,30/05/2018 12:03,COMPLETE,31/05/2018 16:14,20/06/2018 05:03,05/06/2018,
ZA-00023205,ZAC0001905,30/05/2018 07:55,COMPLETE,01/06/2018 00:59,03/06/2018 19:47,05/06/2018,WELCOME10
ZA-00023206,ZAC0023446,30/05/2018 14:15,COMPLETE,31/05/2018 13:49,19/06/2018 15:58,04/06/2018,
ZA-00023207,ZAC0001713,30/05/2018 17:02,DISPATCHED,02/06/2018 03:09,,09/06/2018,
ZA-00023208,ZAC0019585,30/05/2018 16:50,COMPLETE,31/05/2018 01:35,05/06/2018 02:49,04/06/2018,FLASH25
ZA-00023209,ZAC0004225,30/05/2018 13:13,COMPLETE,31/05/2018 21:26,08/06/2018 19:01,04/06/2018,
ZA-00023210,ZAC0007071,30/05/2018 17:54,COMPLETE,31/05/2018 12:18,07/06/2018 07:33,07/06/2018,
ZA-00023211,ZAC0022112,30/05/2018 08:24,COMPLETE,01/06/2018 17:17,04/06/2018 09:42,06/06/2018,WELCOME10
ZA-00023212,ZAC0011474,30/05/2018 17:17,COMPLETE,01/06/2018 11:30,02/06/2018 21:30,06/06/2018,
ZA-00023213,ZAC0003023,31/05/2018 11:14,COMPLETE,02/06/2018 23:13,11/06/2018 23:05,06/06/2018,
ZA-00023214,ZAC0018223,31/05/2018 06:12,COMPLETE,02/06/2018 01:42,05/06/2018 23:27,06/06/2018,
ZA-00023215,ZAC0020481,31/05/2018 07:08,COMPLETE,01/06/2018 13:05,03/06/2018 13:20,05/06/2018,
ZA-00023216,ZAC0006167,31/05/2018 06:19,COMPLETE,01/06/2018 01:09,01/06/2018 16:55,04/06/2018,
ZA-00023217,ZAC0013810,31/05/2018 08:01,COMPLETE,01/06/2018 18:26,08/06/2018 16:00,05/06/2018,BULK20
ZA-00023218,ZAC0005405,31/05/2018 18:11,COMPLETE,04/06/2018 14:11,12/06/2018 07:33,09/06/2018,
ZA-00023219,ZAC0005602,31/05/2018 17:51,COMPLETE,03/06/2018 07:43,06/06/2018 21:56,07/06/2018,
ZA-00023220,ZAC0001234,31/05/2018 21:18,COMPLETE,03/06/2018 12:02,05/06/2018 23:51,07/06/2018,
ZA-00023221,ZAC0007337,31/05/2018 11:45,COMPLETE,01/06/2018 19:54,07/06/2018 09:06,05/06/2018,
ZA-00023222,ZAC0022179,31/05/2018 19:23,COMPLETE,02/06/2018 18:01,06/06/2018 00:40,05/06/2018,
ZA-00023223,ZAC0015093,31/05/2018 08:04,COMPLETE,07/06/2018 11:04,11/06/2018 07:18,12/06/2018,
ZA-00023224,ZAC0013730,31/05/2018 15:10,COMPLETE,01/06/2018 15:23,05/06/2018 11:52,04/06/2018,
ZA-00023225,ZAC0004612,31/05/2018 13:51,COMPLETE,04/06/2018 22:04,08/06/2018 14:42,07/06/2018,
ZA-00023226,ZAC0012817,31/05/2018 21:50,COMPLETE,01/06/2018 13:35,06/06/2018 23:01,04/06/2018,
ZA-00023227,ZAC0004103,31/05/2018 18:30,COMPLETE,03/06/2018 06:01,08/06/2018 11:35,06/06/2018,LOYAL5
ZA-00023228,ZAC0012869,31/05/2018 08:20,COMPLETE,02/06/2018 04:03,05/06/2018 09:19,07/06/2018,FREESHIP
ZA-00023229,ZAC0013686,31/05/2018 19:44,COMPLETE,02/06/2018 01:46,03/06/2018 00:38,06/06/2018,
ZA-00023230,ZAC0009566,31/05/2018 10:26,COMPLETE,01/06/2018 06:25,08/06/2018 23:21,06/06/2018,
ZA-00023231,ZAC0006221,31/05/2018 06:19,COMPLETE,05/06/2018 02:01,07/06/2018 21:14,08/06/2018,
ZA-00023232,ZAC0017521,31/05/2018 13:19,COMPLETE,01/06/2018 08:41,07/06/2018 19:46,04/06/2018,FLASH25
ZA-00023233,ZAC0021396,31/05/2018 22:33,COMPLETE,05/06/2018 11:50,08/06/2018 19:42,08/06/2018,FLASH25
ZA-00023234,ZAC0006175,31/05/2018 14:00,COMPLETE,02/06/2018 00:30,08/06/2018 06:35,06/06/2018,
ZA-00023235,ZAC0013311,31/05/2018 10:52,COMPLETE,07/06/2018 06:15,09/06/2018 13:22,10/06/2018,
ZA-00023236,ZAC0003399,31/05/2018 18:00,COMPLETE,03/06/2018 20:07,10/06/2018 11:30,08/06/2018,LOYAL5
ZA-00023237,ZAC0007420,31/05/2018 10:24,COMPLETE,01/06/2018 19:55,04/06/2018 15:38,04/06/2018,
ZA-00023238,ZAC0016046,31/05/2018 18:19,COMPLETE,01/06/2018 19:47,04/06/2018 12:08,05/06/2018,FREESHIP
ZA-00023239,ZAC0012104,31/05/2018 21:21,COMPLETE,03/06/2018 10:41,07/06/2018 13:58,06/06/2018,
ZA-00023240,ZAC0023944,31/05/2018 21:35,COMPLETE,04/06/2018 00:26,11/06/2018 21:51,07/06/2018,
ZA-00023241,ZAC0011957,31/05/2018 07:02,COMPLETE,02/06/2018 06:30,03/06/2018 02:54,07/06/2018,
ZA-00023242,ZAC0015429,31/05/2018 11:50,COMPLETE,03/06/2018 10:36,04/06/2018 19:05,06/06/2018,
ZA-00023243,ZAC0016043,31/05/2018 09:35,COMPLETE,02/06/2018 09:15,03/06/2018 11:31,06/06/2018,
ZA-00023244,ZAC0013123,31/05/2018 11:14,COMPLETE,04/06/2018 06:04,06/06/2018 11:37,09/06/2018,
ZA-00023245,ZAC0012672,31/05/2018 11:57,CANCELLED,,,,
ZA-00023246,ZAC0017420,31/05/2018 11:29,COMPLETE,02/06/2018 21:54,09/06/2018 08:02,07/06/2018,
ZA-00023247,ZAC0002663,31/05/2018 18:07,COMPLETE,05/06/2018 17:09,19/06/2018 03:47,09/06/2018,WINTER15
ZA-00023248,ZAC0002967,31/05/2018 22:16,COMPLETE,02/06/2018 21:49,11/06/2018 19:29,06/06/2018,
ZA-00023249,ZAC0019379,31/05/2018 18:02,DISPATCHED,01/06/2018 15:57,,08/06/2018,
ZA-00023250,ZAC0009919,31/05/2018 13:19,COMPLETE,04/06/2018 02:36,10/06/2018 03:05,09/06/2018,
ZA-00023251,ZAC0006842,31/05/2018 16:22,COMPLETE,02/06/2018 15:38,06/06/2018 12:06,05/06/2018,
ZA-00023252,ZAC0012784,31/05/2018 07:04,COMPLETE,02/06/2018 08:16,07/06/2018 17:01,07/06/2018,
ZA-00023253,ZAC0021989,31/05/2018 15:18,COMPLETE,02/06/2018 18:19,05/06/2018 11:52,09/06/2018,
ZA-00023254,ZAC0010641,31/05/2018 06:50,COMPLETE,03/06/2018 10:49,06/06/2018 01:32,07/06/2018,
ZA-00023255,ZAC0023642,31/05/2018 11:38,COMPLETE,02/06/2018 20:11,04/06/2018 06:15,09/06/2018,
ZA-00023256,ZAC0014249,31/05/2018 18:33,COMPLETE,06/06/2018 22:55,19/06/2018 09:11,11/06/2018,
ZA-00023257,ZAC0001220,31/05/2018 13:27,COMPLETE,31/05/2018 18:15,01/06/2018 02:15,04/06/2018,
ZA-00023258,ZAC0006318,31/05/2018 14:22,COMPLETE,01/06/2018 18:19,04/06/2018 06:05,06/06/2018,BULK20
ZA-00023259,ZAC0007795,31/05/2018 21:06,COMPLETE,02/06/2018 07:48,07/06/2018 19:29,05/06/2018,WELCOME10
ZA-00023260,ZAC0014467,31/05/2018 17:40,COMPLETE,04/06/2018 10:21,11/06/2018 18:27,07/06/2018,
ZA-00023261,ZAC0015827,31/05/2018 06:55,COMPLETE,02/06/2018 22:52,04/06/2018 16:06,06/06/2018,
ZA-00023262,ZAC0007412,31/05/2018 19:06,RETURNED,01/06/2018 17:26,06/06/2018 15:03,08/06/2018,
ZA-00023263,ZAC0005864,31/05/2018 15:56,COMPLETE,01/06/2018 10:09,06/06/2018 15:44,05/06/2018,
ZA-00023264,ZAC0023595,31/05/2018 12:22,COMPLETE,06/06/2018 00:38,10/06/2018 15:02,10/06/2018,
ZA-00023265,ZAC0009849,31/05/2018 14:28,COMPLETE,02/06/2018 23:42,07/06/2018 13:19,05/06/2018,
ZA-00023266,ZAC0008628,31/05/2018 19:10,COMPLETE,01/06/2018 20:24,02/06/2018 02:53,04/06/2018,
ZA-00023267,ZAC0015503,31/05/2018 17:28,DISPATCHED,02/06/2018 16:26,,07/06/2018,
ZA-00023268,ZAC0017107,31/05/2018 09:09,COMPLETE,02/06/2018 10:33,07/06/2018 06:27,05/06/2018,
ZA-00023269,ZAC0011193,31/05/2018 21:03,COMPLETE,04/06/2018 17:49,08/06/2018 12:39,08/06/2018,
ZA-00023270,ZAC0009966,31/05/2018 16:04,COMPLETE,01/06/2018 22:11,07/06/2018 08:11,05/06/2018,WINTER15
ZA-00023271,ZAC0007443,31/05/2018 20:27,COMPLETE,03/06/2018 02:52,11/06/2018 08:44,10/06/2018,FREESHIP
ZA-00023272,ZAC0004328,31/05/2018 20:27,DISPATCHED,03/06/2018 02:56,,06/06/2018,
ZA-00023273,ZAC0015374,31/05/2018 06:46,COMPLETE,02/06/2018 06:26,14/06/2018 12:38,07/06/2018,
ZA-00023274,ZAC0011872,31/05/2018 15:38,COMPLETE,01/06/2018 00:20,05/06/2018 05:50,05/06/2018,
ZA-00023275,ZAC0002250,31/05/2018 22:41,COMPLETE,01/06/2018 17:03,03/06/2018 07:08,05/06/2018,
ZA-00023276,ZAC0023593,31/05/2018 13:03,COMPLETE,03/06/2018 06:34,09/06/2018 04:23,08/06/2018,
ZA-00023277,ZAC0016248,31/05/2018 10:29,CANCELLED,,,,
ZA-00023278,ZAC0019338,31/05/2018 07:27,COMPLETE,02/06/2018 21:56,09/06/2018 07:01,07/06/2018,
ZA-00023279,ZAC0021988,31/05/2018 15:18,COMPLETE,03/06/2018 06:28,05/06/2018 06:16,06/06/2018,
ZA-00023280,ZAC0021342,31/05/2018 11:24,COMPLETE,01/06/2018 19:18,04/06/2018 03:32,06/06/2018,
ZA-00023281,ZAC0002219,31/05/2018 06:08,COMPLETE,03/06/2018 12:56,09/06/2018 06:44,06/06/2018,WELCOME10
ZA-00023282,ZAC0023090,31/05/2018 07:01,COMPLETE,31/05/2018 19:39,13/06/2018 13:08,07/06/2018,
ZA-00023283,ZAC0002265,31/05/2018 19:41,COMPLETE,01/06/2018 16:12,11/06/2018 13:14,06/06/2018,
ZA-00023284,ZAC0022580,31/05/2018 14:50,COMPLETE,03/06/2018 01:07,09/06/2018 03:57,07/06/2018,WELCOME10
ZA-00023285,ZAC0007204,31/05/2018 20:41,COMPLETE,01/06/2018 19:23,03/06/2018 20:44,04/06/2018,
ZA-00023286,ZAC0020179,31/05/2018 10:29,DISPATCHED,01/06/2018 15:19,,04/06/2018,
ZA-00023287,ZAC0009121,31/05/2018 14:12,COMPLETE,05/06/2018 09:32,09/06/2018 18:02,09/06/2018,
ZA-00023288,ZAC0022318,31/05/2018 14:31,COMPLETE,02/06/2018 07:11,11/06/2018 02:25,09/06/2018,
ZA-00023289,ZAC0005279,31/05/2018 19:21,COMPLETE,01/06/2018 23:17,09/06/2018 20:00,08/06/2018,
ZA-00023290,ZAC0019603,31/05/2018 08:04,COMPLETE,06/06/2018 08:50,12/06/2018 00:47,11/06/2018,
ZA-00023291,ZAC0017412,31/05/2018 22:47,COMPLETE,04/06/2018 01:51,12/06/2018 23:53,11/06/2018,
ZA-00023292,ZAC0007258,31/05/2018 09:37,COMPLETE,03/06/2018 09:25,06/06/2018 08:06,07/06/2018,
