ord_ref,buyer_ref,ord_dt,ord_state,dispatch_dt,received_dt,promised_dt
ZA-00003755,ZAC0008994,01/07/2017 16:51,COMPLETE,04/07/2017 04:54,11/07/2017 10:30,07/07/2017
ZA-00003756,ZAC0003082,01/07/2017 19:26,COMPLETE,07/07/2017 05:45,07/07/2017 20:06,17/07/2017
ZA-00003757,ZAC0001236,01/07/2017 19:10,COMPLETE,05/07/2017 10:56,15/07/2017 04:49,09/07/2017
ZA-00003758,ZAC0020443,01/07/2017 22:29,COMPLETE,03/07/2017 19:33,07/07/2017 10:36,08/07/2017
ZA-00003759,ZAC0017105,01/07/2017 18:45,COMPLETE,02/07/2017 03:41,05/07/2017 16:59,09/07/2017
ZA-00003760,ZAC0006706,01/07/2017 07:50,COMPLETE,02/07/2017 01:38,08/07/2017 15:20,06/07/2017
ZA-00003761,ZAC0018869,01/07/2017 20:34,COMPLETE,06/07/2017 00:00,11/07/2017 13:01,09/07/2017
ZA-00003762,ZAC0016301,01/07/2017 19:52,COMPLETE,03/07/2017 21:42,10/07/2017 18:39,07/07/2017
ZA-00003763,ZAC0022979,01/07/2017 17:27,COMPLETE,02/07/2017 02:16,10/07/2017 01:52,06/07/2017
ZA-00003764,ZAC0021397,01/07/2017 17:10,COMPLETE,04/07/2017 03:08,04/07/2017 15:47,09/07/2017
ZA-00003765,ZAC0004825,01/07/2017 08:57,COMPLETE,02/07/2017 18:27,03/07/2017 10:20,06/07/2017
ZA-00003766,ZAC0009847,01/07/2017 06:26,COMPLETE,01/07/2017 15:38,02/07/2017 15:00,05/07/2017
ZA-00003767,ZAC0011839,01/07/2017 06:37,COMPLETE,05/07/2017 02:02,14/07/2017 11:25,09/07/2017
ZA-00003768,ZAC0022963,01/07/2017 20:49,COMPLETE,06/07/2017 12:40,09/07/2017 01:42,09/07/2017
ZA-00003769,ZAC0007378,01/07/2017 11:12,COMPLETE,03/07/2017 07:35,06/07/2017 12:09,08/07/2017
ZA-00003770,ZAC0005973,01/07/2017 14:13,COMPLETE,11/07/2017 05:15,12/07/2017 08:04,21/07/2017
ZA-00003771,ZAC0010884,01/07/2017 08:09,COMPLETE,01/07/2017 16:11,09/07/2017 19:16,05/07/2017
ZA-00003772,ZAC0001777,01/07/2017 12:21,COMPLETE,02/07/2017 00:45,03/07/2017 22:41,09/07/2017
ZA-00003773,ZAC0008497,01/07/2017 13:59,COMPLETE,02/07/2017 06:39,09/07/2017 01:56,09/07/2017
ZA-00003774,ZAC0006900,01/07/2017 18:59,COMPLETE,09/07/2017 01:39,15/07/2017 20:58,12/07/2017
ZA-00003775,ZAC0003935,01/07/2017 16:57,COMPLETE,04/07/2017 20:20,07/07/2017 17:30,08/07/2017
ZA-00003776,ZAC0002164,01/07/2017 07:27,COMPLETE,02/07/2017 09:04,07/07/2017 07:58,06/07/2017
ZA-00003777,ZAC0017599,01/07/2017 19:24,COMPLETE,03/07/2017 23:26,06/07/2017 20:49,06/07/2017
ZA-00003778,ZAC0016178,01/07/2017 11:19,COMPLETE,04/07/2017 21:28,14/07/2017 07:47,14/07/2017
ZA-00003779,ZAC0014178,01/07/2017 09:51,COMPLETE,01/07/2017 13:12,09/07/2017 01:36,05/07/2017
ZA-00003780,ZAC0016731,01/07/2017 07:08,COMPLETE,02/07/2017 13:52,08/07/2017 13:11,05/07/2017
ZA-00003781,ZAC0005945,01/07/2017 12:09,COMPLETE,02/07/2017 09:06,04/07/2017 04:51,09/07/2017
ZA-00003782,ZAC0010762,01/07/2017 10:50,COMPLETE,02/07/2017 23:56,06/07/2017 05:09,06/07/2017
ZA-00003783,ZAC0012735,01/07/2017 07:06,COMPLETE,04/07/2017 01:59,06/07/2017 09:13,08/07/2017
ZA-00003784,ZAC0022380,01/07/2017 07:23,COMPLETE,03/07/2017 12:26,06/07/2017 03:07,10/07/2017
ZA-00003785,ZAC0000780,01/07/2017 14:22,CANCELLED,,,
ZA-00003786,ZAC0022757,01/07/2017 15:08,COMPLETE,06/07/2017 11:36,14/07/2017 01:23,09/07/2017
ZA-00003787,ZAC0018374,01/07/2017 06:07,COMPLETE,03/07/2017 06:40,07/07/2017 13:04,13/07/2017
ZA-00003788,ZAC0023354,01/07/2017 12:59,COMPLETE,01/07/2017 21:21,05/07/2017 22:11,04/07/2017
ZA-00003789,ZAC0001154,01/07/2017 18:30,COMPLETE,07/07/2017 04:28,09/07/2017 01:33,14/07/2017
ZA-00003790,ZAC0004673,01/07/2017 14:21,COMPLETE,04/07/2017 14:34,10/07/2017 15:20,09/07/2017
ZA-00003791,ZAC0011897,01/07/2017 08:24,CANCELLED,,,
ZA-00003792,ZAC0013540,02/07/2017 10:55,COMPLETE,06/07/2017 03:21,13/07/2017 13:03,09/07/2017
ZA-00003793,ZAC0006628,02/07/2017 20:10,COMPLETE,04/07/2017 09:51,06/07/2017 22:23,08/07/2017
ZA-00003794,ZAC0011282,02/07/2017 16:29,COMPLETE,04/07/2017 03:50,07/07/2017 06:17,09/07/2017
ZA-00003795,ZAC0001762,02/07/2017 17:43,COMPLETE,05/07/2017 11:59,06/07/2017 11:06,09/07/2017
ZA-00003796,ZAC0007770,02/07/2017 22:45,COMPLETE,04/07/2017 18:35,13/07/2017 14:05,11/07/2017
ZA-00003797,ZAC0017093,02/07/2017 19:52,COMPLETE,10/07/2017 06:09,12/07/2017 01:22,17/07/2017
ZA-00003798,ZAC0011895,02/07/2017 17:40,COMPLETE,04/07/2017 21:40,12/07/2017 20:17,08/07/2017
ZA-00003799,ZAC0002412,02/07/2017 11:21,COMPLETE,04/07/2017 17:32,09/07/2017 04:26,11/07/2017
ZA-00003800,ZAC0021422,02/07/2017 06:28,COMPLETE,06/07/2017 17:10,10/07/2017 02:51,11/07/2017
ZA-00003801,ZAC0022671,02/07/2017 11:44,COMPLETE,03/07/2017 00:39,06/07/2017 06:53,08/07/2017
ZA-00003802,ZAC0006585,02/07/2017 15:18,COMPLETE,03/07/2017 11:31,08/07/2017 19:11,08/07/2017
ZA-00003803,ZAC0006515,02/07/2017 06:16,COMPLETE,05/07/2017 15:44,07/07/2017 10:32,08/07/2017
ZA-00003804,ZAC0023591,02/07/2017 15:43,COMPLETE,03/07/2017 05:05,05/07/2017 09:55,07/07/2017
ZA-00003805,ZAC0002459,02/07/2017 12:07,COMPLETE,03/07/2017 08:19,08/07/2017 00:55,08/07/2017
ZA-00003806,ZAC0023328,02/07/2017 21:39,COMPLETE,07/07/2017 12:18,07/07/2017 22:24,10/07/2017
ZA-00003807,ZAC0002734,02/07/2017 12:14,COMPLETE,03/07/2017 04:31,04/07/2017 00:22,08/07/2017
ZA-00003808,ZAC0010201,02/07/2017 15:28,COMPLETE,04/07/2017 07:24,08/07/2017 22:02,09/07/2017
ZA-00003809,ZAC0017850,02/07/2017 06:37,COMPLETE,03/07/2017 17:40,05/07/2017 16:32,06/07/2017
ZA-00003810,ZAC0008655,02/07/2017 21:30,COMPLETE,03/07/2017 20:23,08/07/2017 07:20,08/07/2017
ZA-00003811,ZAC0019589,02/07/2017 09:46,COMPLETE,04/07/2017 08:54,08/07/2017 17:28,14/07/2017
ZA-00003812,ZAC0023162,02/07/2017 11:22,COMPLETE,04/07/2017 16:52,05/07/2017 12:35,14/07/2017
ZA-00003813,ZAC0017477,02/07/2017 14:18,COMPLETE,03/07/2017 23:53,08/07/2017 02:02,07/07/2017
ZA-00003814,ZAC0011211,02/07/2017 07:47,COMPLETE,03/07/2017 13:31,10/07/2017 15:55,07/07/2017
ZA-00003815,ZAC0010065,02/07/2017 19:46,COMPLETE,04/07/2017 01:22,13/07/2017 02:36,09/07/2017
ZA-00003816,ZAC0012276,02/07/2017 06:26,COMPLETE,04/07/2017 22:29,07/07/2017 05:00,11/07/2017
ZA-00003817,ZAC0011755,02/07/2017 16:31,COMPLETE,04/07/2017 14:50,11/07/2017 11:45,08/07/2017
ZA-00003818,ZAC0010344,02/07/2017 19:07,COMPLETE,04/07/2017 12:31,09/07/2017 13:07,08/07/2017
ZA-00003819,ZAC0001677,02/07/2017 13:56,COMPLETE,04/07/2017 10:32,05/07/2017 11:07,14/07/2017
ZA-00003820,ZAC0000177,02/07/2017 19:40,DISPATCHED,05/07/2017 15:52,,10/07/2017
ZA-00003821,ZAC0021297,02/07/2017 18:16,COMPLETE,07/07/2017 11:11,16/07/2017 16:04,12/07/2017
ZA-00003822,ZAC0019521,02/07/2017 21:33,COMPLETE,04/07/2017 13:08,10/07/2017 08:17,07/07/2017
ZA-00003823,ZAC0005650,02/07/2017 20:24,CANCELLED,,,
ZA-00003824,ZAC0022882,02/07/2017 09:06,COMPLETE,04/07/2017 07:00,10/07/2017 18:37,07/07/2017
ZA-00003825,ZAC0013541,03/07/2017 12:07,COMPLETE,05/07/2017 09:16,10/07/2017 22:24,10/07/2017
ZA-00003826,ZAC0014906,03/07/2017 17:20,COMPLETE,09/07/2017 16:56,18/07/2017 18:08,13/07/2017
ZA-00003827,ZAC0005481,03/07/2017 12:26,COMPLETE,05/07/2017 03:29,06/07/2017 04:51,09/07/2017
ZA-00003828,ZAC0023225,03/07/2017 18:55,COMPLETE,05/07/2017 07:53,09/07/2017 15:49,08/07/2017
ZA-00003829,ZAC0013328,03/07/2017 10:23,COMPLETE,06/07/2017 09:29,08/07/2017 10:14,10/07/2017
ZA-00003830,ZAC0015477,03/07/2017 13:44,COMPLETE,05/07/2017 08:58,07/07/2017 16:16,12/07/2017
ZA-00003831,ZAC0023655,03/07/2017 07:48,COMPLETE,10/07/2017 00:12,10/07/2017 18:39,13/07/2017
ZA-00003832,ZAC0012131,03/07/2017 18:13,COMPLETE,07/07/2017 21:48,08/07/2017 20:52,12/07/2017
ZA-00003833,ZAC0023006,03/07/2017 19:09,COMPLETE,04/07/2017 16:19,07/07/2017 23:28,08/07/2017
ZA-00003834,ZAC0010626,03/07/2017 21:19,COMPLETE,06/07/2017 21:28,14/07/2017 10:43,10/07/2017
ZA-00003835,ZAC0010233,03/07/2017 12:23,COMPLETE,05/07/2017 18:28,14/07/2017 06:48,15/07/2017
ZA-00003836,ZAC0001516,03/07/2017 12:28,COMPLETE,08/07/2017 07:04,10/07/2017 19:44,12/07/2017
ZA-00003837,ZAC0016004,03/07/2017 11:20,COMPLETE,03/07/2017 18:38,05/07/2017 18:31,10/07/2017
ZA-00003838,ZAC0004557,03/07/2017 22:43,COMPLETE,07/07/2017 18:34,09/07/2017 15:54,17/07/2017
ZA-00003839,ZAC0012992,03/07/2017 14:31,COMPLETE,05/07/2017 16:02,08/07/2017 00:06,09/07/2017
ZA-00003840,ZAC0020512,03/07/2017 06:04,COMPLETE,06/07/2017 09:18,07/07/2017 08:44,10/07/2017
ZA-00003841,ZAC0009638,03/07/2017 22:08,COMPLETE,05/07/2017 14:05,15/07/2017 04:37,15/07/2017
ZA-00003842,ZAC0014429,03/07/2017 17:50,COMPLETE,04/07/2017 18:59,06/07/2017 10:59,08/07/2017
ZA-00003843,ZAC0011079,03/07/2017 22:08,COMPLETE,05/07/2017 16:05,08/07/2017 19:53,09/07/2017
ZA-00003844,ZAC0000302,03/07/2017 19:16,COMPLETE,07/07/2017 09:54,18/07/2017 18:36,10/07/2017
ZA-00003845,ZAC0014578,03/07/2017 22:18,COMPLETE,06/07/2017 03:14,10/07/2017 04:43,10/07/2017
ZA-00003846,ZAC0015125,03/07/2017 13:11,COMPLETE,03/07/2017 18:15,05/07/2017 16:56,10/07/2017
ZA-00003847,ZAC0013628,03/07/2017 14:40,COMPLETE,04/07/2017 08:28,05/07/2017 02:03,07/07/2017
ZA-00003848,ZAC0023715,04/07/2017 11:09,COMPLETE,07/07/2017 04:04,09/07/2017 17:41,11/07/2017
ZA-00003849,ZAC0015282,04/07/2017 14:50,COMPLETE,07/07/2017 03:47,16/07/2017 17:33,10/07/2017
ZA-00003850,ZAC0007591,04/07/2017 14:17,COMPLETE,04/07/2017 22:09,10/07/2017 16:33,14/07/2017
ZA-00003851,ZAC0007388,04/07/2017 15:32,COMPLETE,06/07/2017 20:46,12/07/2017 22:02,10/07/2017
ZA-00003852,ZAC0003781,04/07/2017 08:45,COMPLETE,04/07/2017 10:46,16/07/2017 15:02,09/07/2017
ZA-00003853,ZAC0011756,04/07/2017 11:16,COMPLETE,05/07/2017 05:05,09/07/2017 10:53,08/07/2017
ZA-00003854,ZAC0021027,04/07/2017 19:28,COMPLETE,05/07/2017 05:44,07/07/2017 17:45,08/07/2017
ZA-00003855,ZAC0018758,04/07/2017 18:54,COMPLETE,06/07/2017 11:39,13/07/2017 05:04,11/07/2017
ZA-00003856,ZAC0005798,04/07/2017 22:50,COMPLETE,06/07/2017 12:00,09/07/2017 04:05,10/07/2017
ZA-00003857,ZAC0006225,04/07/2017 07:47,COMPLETE,06/07/2017 19:19,14/07/2017 00:32,16/07/2017
ZA-00003858,ZAC0020049,04/07/2017 08:27,COMPLETE,05/07/2017 17:08,10/07/2017 17:14,15/07/2017
ZA-00003859,ZAC0018191,04/07/2017 11:35,COMPLETE,06/07/2017 20:24,14/07/2017 00:22,11/07/2017
ZA-00003860,ZAC0009675,04/07/2017 21:42,COMPLETE,05/07/2017 20:09,12/07/2017 00:57,08/07/2017
ZA-00003861,ZAC0003272,04/07/2017 19:05,COMPLETE,06/07/2017 07:32,07/07/2017 11:07,10/07/2017
ZA-00003862,ZAC0016588,04/07/2017 21:53,COMPLETE,06/07/2017 10:04,11/07/2017 02:32,10/07/2017
ZA-00003863,ZAC0020579,04/07/2017 18:14,COMPLETE,07/07/2017 07:20,10/07/2017 01:58,11/07/2017
ZA-00003864,ZAC0017177,04/07/2017 17:38,COMPLETE,05/07/2017 07:01,08/07/2017 06:02,09/07/2017
ZA-00003865,ZAC0020227,04/07/2017 11:47,COMPLETE,06/07/2017 05:11,07/07/2017 19:54,13/07/2017
ZA-00003866,ZAC0006769,04/07/2017 20:06,COMPLETE,05/07/2017 10:15,08/07/2017 07:59,10/07/2017
ZA-00003867,ZAC0015513,04/07/2017 09:55,COMPLETE,08/07/2017 14:23,13/07/2017 04:41,15/07/2017
ZA-00003868,ZAC0018062,04/07/2017 08:28,COMPLETE,06/07/2017 00:15,09/07/2017 06:42,10/07/2017
ZA-00003869,ZAC0011179,04/07/2017 16:16,CANCELLED,,,
ZA-00003870,ZAC0022686,04/07/2017 22:07,COMPLETE,06/07/2017 18:04,14/07/2017 04:18,09/07/2017
ZA-00003871,ZAC0007589,04/07/2017 17:29,COMPLETE,08/07/2017 01:22,11/07/2017 08:11,12/07/2017
ZA-00003872,ZAC0008969,04/07/2017 12:46,COMPLETE,06/07/2017 00:29,08/07/2017 09:29,10/07/2017
ZA-00003873,ZAC0015263,04/07/2017 15:29,COMPLETE,06/07/2017 02:11,09/07/2017 11:39,13/07/2017
ZA-00003874,ZAC0004307,04/07/2017 12:59,DISPATCHED,05/07/2017 05:14,,15/07/2017
ZA-00003875,ZAC0017917,04/07/2017 09:57,COMPLETE,06/07/2017 17:27,10/07/2017 16:46,16/07/2017
ZA-00003876,ZAC0007963,04/07/2017 20:14,COMPLETE,09/07/2017 02:53,21/07/2017 09:37,12/07/2017
ZA-00003877,ZAC0013693,04/07/2017 11:42,COMPLETE,05/07/2017 03:50,06/07/2017 06:36,08/07/2017
ZA-00003878,ZAC0015110,04/07/2017 18:27,COMPLETE,06/07/2017 10:40,11/07/2017 03:58,10/07/2017
ZA-00003879,ZAC0023100,04/07/2017 11:02,COMPLETE,06/07/2017 16:56,16/07/2017 00:05,11/07/2017
ZA-00003880,ZAC0002423,04/07/2017 14:44,COMPLETE,08/07/2017 14:50,12/07/2017 04:25,15/07/2017
ZA-00003881,ZAC0014827,04/07/2017 06:24,COMPLETE,05/07/2017 01:04,06/07/2017 19:02,09/07/2017
ZA-00003882,ZAC0017117,04/07/2017 09:49,COMPLETE,06/07/2017 06:28,11/07/2017 23:58,13/07/2017
ZA-00003883,ZAC0014544,04/07/2017 16:06,COMPLETE,05/07/2017 16:25,09/07/2017 16:06,12/07/2017
ZA-00003884,ZAC0009805,04/07/2017 22:34,COMPLETE,06/07/2017 23:58,15/07/2017 07:09,11/07/2017
ZA-00003885,ZAC0006455,04/07/2017 22:00,COMPLETE,06/07/2017 05:31,13/07/2017 11:12,09/07/2017
ZA-00003886,ZAC0013994,04/07/2017 22:33,PENDING,,,
ZA-00003887,ZAC0000874,05/07/2017 12:12,COMPLETE,07/07/2017 15:28,11/07/2017 04:09,17/07/2017
ZA-00003888,ZAC0023092,05/07/2017 20:30,COMPLETE,06/07/2017 16:41,18/07/2017 20:14,11/07/2017
ZA-00003889,ZAC0007368,05/07/2017 07:08,COMPLETE,06/07/2017 09:37,13/07/2017 21:49,16/07/2017
ZA-00003890,ZAC0011244,05/07/2017 13:35,COMPLETE,06/07/2017 19:37,08/07/2017 19:23,16/07/2017
ZA-00003891,ZAC0020794,05/07/2017 17:09,COMPLETE,07/07/2017 17:27,19/07/2017 10:49,11/07/2017
ZA-00003892,ZAC0006597,05/07/2017 12:44,COMPLETE,08/07/2017 00:41,11/07/2017 00:28,18/07/2017
ZA-00003893,ZAC0003732,05/07/2017 20:27,COMPLETE,05/07/2017 23:54,08/07/2017 23:13,10/07/2017
ZA-00003894,ZAC0016682,05/07/2017 17:25,COMPLETE,09/07/2017 02:11,12/07/2017 06:04,12/07/2017
ZA-00003895,ZAC0004682,05/07/2017 07:39,CANCELLED,,,
ZA-00003896,ZAC0009419,05/07/2017 07:51,COMPLETE,09/07/2017 21:42,11/07/2017 21:02,13/07/2017
ZA-00003897,ZAC0005286,05/07/2017 15:07,DISPATCHED,07/07/2017 10:41,,10/07/2017
ZA-00003898,ZAC0008396,05/07/2017 09:48,COMPLETE,06/07/2017 15:03,09/07/2017 21:58,10/07/2017
ZA-00003899,ZAC0009470,05/07/2017 20:07,COMPLETE,08/07/2017 03:00,11/07/2017 13:08,12/07/2017
ZA-00003900,ZAC0003547,05/07/2017 08:27,COMPLETE,08/07/2017 01:41,18/07/2017 18:18,13/07/2017
ZA-00003901,ZAC0021808,05/07/2017 06:44,COMPLETE,06/07/2017 04:47,09/07/2017 21:21,11/07/2017
ZA-00003902,ZAC0012365,05/07/2017 11:44,COMPLETE,09/07/2017 15:36,10/07/2017 15:13,12/07/2017
ZA-00003903,ZAC0009198,05/07/2017 12:13,COMPLETE,06/07/2017 06:57,10/07/2017 20:48,10/07/2017
ZA-00003904,ZAC0011946,05/07/2017 09:18,COMPLETE,07/07/2017 20:16,12/07/2017 13:16,10/07/2017
ZA-00003905,ZAC0012421,05/07/2017 10:55,COMPLETE,07/07/2017 02:31,14/07/2017 07:41,10/07/2017
ZA-00003906,ZAC0007750,05/07/2017 16:13,COMPLETE,06/07/2017 23:16,11/07/2017 06:25,09/07/2017
ZA-00003907,ZAC0010456,05/07/2017 10:21,COMPLETE,08/07/2017 05:35,12/07/2017 18:39,13/07/2017
ZA-00003908,ZAC0010597,05/07/2017 15:12,CANCELLED,,,
ZA-00003909,ZAC0004725,05/07/2017 13:26,COMPLETE,13/07/2017 20:57,18/07/2017 12:53,16/07/2017
ZA-00003910,ZAC0002254,05/07/2017 22:11,COMPLETE,06/07/2017 17:21,11/07/2017 21:34,10/07/2017
ZA-00003911,ZAC0007109,05/07/2017 08:37,COMPLETE,09/07/2017 03:39,12/07/2017 04:55,19/07/2017
ZA-00003912,ZAC0013197,05/07/2017 22:31,COMPLETE,06/07/2017 16:37,14/07/2017 00:20,16/07/2017
ZA-00003913,ZAC0004779,05/07/2017 18:22,COMPLETE,06/07/2017 20:43,10/07/2017 12:12,10/07/2017
ZA-00003914,ZAC0010812,05/07/2017 13:53,COMPLETE,07/07/2017 15:51,24/07/2017 01:09,12/07/2017
ZA-00003915,ZAC0002024,05/07/2017 15:22,COMPLETE,09/07/2017 04:24,13/07/2017 12:16,13/07/2017
ZA-00003916,ZAC0022211,05/07/2017 17:55,COMPLETE,09/07/2017 09:20,13/07/2017 07:22,12/07/2017
ZA-00003917,ZAC0021923,05/07/2017 18:20,COMPLETE,07/07/2017 01:22,11/07/2017 07:45,11/07/2017
ZA-00003918,ZAC0022746,05/07/2017 20:29,RETURNED,06/07/2017 14:49,10/07/2017 00:53,11/07/2017
ZA-00003919,ZAC0001968,05/07/2017 18:26,COMPLETE,08/07/2017 11:10,10/07/2017 07:30,13/07/2017
ZA-00003920,ZAC0022472,05/07/2017 16:38,COMPLETE,07/07/2017 20:28,10/07/2017 01:19,10/07/2017
ZA-00003921,ZAC0016739,05/07/2017 15:56,COMPLETE,08/07/2017 12:19,11/07/2017 12:09,13/07/2017
ZA-00003922,ZAC0021190,05/07/2017 11:32,CANCELLED,,,
ZA-00003923,ZAC0020301,05/07/2017 21:37,COMPLETE,08/07/2017 14:02,10/07/2017 08:19,13/07/2017
ZA-00003924,ZAC0023435,05/07/2017 07:50,COMPLETE,08/07/2017 21:19,17/07/2017 08:47,13/07/2017
ZA-00003925,ZAC0009684,05/07/2017 07:15,COMPLETE,05/07/2017 21:06,07/07/2017 12:10,09/07/2017
ZA-00003926,ZAC0005338,05/07/2017 09:02,COMPLETE,06/07/2017 18:50,11/07/2017 07:14,11/07/2017
ZA-00003927,ZAC0014505,05/07/2017 09:21,COMPLETE,06/07/2017 09:12,07/07/2017 02:40,09/07/2017
ZA-00003928,ZAC0018684,05/07/2017 09:44,COMPLETE,08/07/2017 23:55,10/07/2017 22:50,12/07/2017
ZA-00003929,ZAC0018822,05/07/2017 12:30,COMPLETE,09/07/2017 02:02,11/07/2017 00:35,14/07/2017
ZA-00003930,ZAC0011923,06/07/2017 15:46,COMPLETE,06/07/2017 22:36,12/07/2017 21:06,11/07/2017
ZA-00003931,ZAC0017989,06/07/2017 06:54,COMPLETE,06/07/2017 16:42,13/07/2017 01:55,13/07/2017
ZA-00003932,ZAC0004483,06/07/2017 18:57,COMPLETE,08/07/2017 07:33,21/07/2017 11:36,12/07/2017
ZA-00003933,ZAC0003812,06/07/2017 16:04,COMPLETE,11/07/2017 08:09,11/07/2017 17:26,21/07/2017
ZA-00003934,ZAC0011685,06/07/2017 21:18,COMPLETE,08/07/2017 13:45,10/07/2017 06:42,13/07/2017
ZA-00003935,ZAC0020432,06/07/2017 12:34,COMPLETE,08/07/2017 19:14,10/07/2017 17:20,12/07/2017
ZA-00003936,ZAC0014875,06/07/2017 14:01,COMPLETE,07/07/2017 19:35,10/07/2017 01:32,11/07/2017
ZA-00003937,ZAC0021096,06/07/2017 09:11,COMPLETE,07/07/2017 12:19,15/07/2017 00:31,12/07/2017
ZA-00003938,ZAC0007301,06/07/2017 07:05,COMPLETE,07/07/2017 09:12,13/07/2017 09:44,17/07/2017
ZA-00003939,ZAC0006905,06/07/2017 13:32,COMPLETE,07/07/2017 23:29,10/07/2017 12:08,11/07/2017
ZA-00003940,ZAC0001630,06/07/2017 20:34,COMPLETE,08/07/2017 16:03,13/07/2017 08:34,12/07/2017
ZA-00003941,ZAC0004292,06/07/2017 06:16,COMPLETE,11/07/2017 03:58,12/07/2017 14:04,16/07/2017
ZA-00003942,ZAC0007864,06/07/2017 17:15,COMPLETE,12/07/2017 05:05,18/07/2017 14:57,15/07/2017
ZA-00003943,ZAC0021545,06/07/2017 20:20,COMPLETE,08/07/2017 15:52,16/07/2017 07:20,13/07/2017
ZA-00003944,ZAC0002228,06/07/2017 14:54,COMPLETE,07/07/2017 04:51,15/07/2017 01:34,17/07/2017
ZA-00003945,ZAC0001268,06/07/2017 13:14,COMPLETE,08/07/2017 08:51,15/07/2017 05:40,11/07/2017
ZA-00003946,ZAC0013580,06/07/2017 07:59,COMPLETE,08/07/2017 16:13,09/07/2017 12:29,12/07/2017
ZA-00003947,ZAC0016281,06/07/2017 16:00,COMPLETE,10/07/2017 10:08,15/07/2017 10:50,14/07/2017
ZA-00003948,ZAC0008881,06/07/2017 18:11,COMPLETE,08/07/2017 09:52,13/07/2017 19:24,11/07/2017
ZA-00003949,ZAC0014177,06/07/2017 20:14,COMPLETE,08/07/2017 23:01,18/07/2017 01:52,15/07/2017
ZA-00003950,ZAC0000456,06/07/2017 10:44,COMPLETE,09/07/2017 04:48,17/07/2017 08:46,13/07/2017
ZA-00003951,ZAC0001000,06/07/2017 14:38,COMPLETE,07/07/2017 12:24,12/07/2017 11:41,17/07/2017
ZA-00003952,ZAC0018816,06/07/2017 19:21,COMPLETE,08/07/2017 19:33,11/07/2017 03:30,13/07/2017
ZA-00003953,ZAC0001562,06/07/2017 16:56,COMPLETE,08/07/2017 00:22,08/07/2017 14:16,12/07/2017
ZA-00003954,ZAC0007996,06/07/2017 08:06,COMPLETE,09/07/2017 15:33,12/07/2017 10:05,13/07/2017
ZA-00003955,ZAC0022209,06/07/2017 20:47,COMPLETE,07/07/2017 01:57,09/07/2017 17:28,11/07/2017
ZA-00003956,ZAC0005006,06/07/2017 10:01,COMPLETE,09/07/2017 11:24,17/07/2017 01:12,19/07/2017
ZA-00003957,ZAC0001442,06/07/2017 10:21,COMPLETE,07/07/2017 20:05,09/07/2017 20:33,12/07/2017
ZA-00003958,ZAC0007544,06/07/2017 17:09,COMPLETE,07/07/2017 12:33,09/07/2017 06:17,12/07/2017
ZA-00003959,ZAC0004626,06/07/2017 22:56,CANCELLED,,,
ZA-00003960,ZAC0018956,06/07/2017 13:39,DISPATCHED,08/07/2017 11:23,,15/07/2017
ZA-00003961,ZAC0003127,06/07/2017 11:27,PENDING,,,
ZA-00003962,ZAC0012351,06/07/2017 19:25,COMPLETE,07/07/2017 02:12,09/07/2017 16:52,17/07/2017
ZA-00003963,ZAC0005766,06/07/2017 22:25,COMPLETE,07/07/2017 22:44,10/07/2017 09:41,14/07/2017
ZA-00003964,ZAC0013607,06/07/2017 17:31,COMPLETE,09/07/2017 06:02,14/07/2017 20:02,13/07/2017
ZA-00003965,ZAC0021696,06/07/2017 13:39,COMPLETE,07/07/2017 19:43,16/07/2017 20:25,14/07/2017
ZA-00003966,ZAC0020407,07/07/2017 17:27,COMPLETE,09/07/2017 11:17,12/07/2017 05:38,14/07/2017
ZA-00003967,ZAC0020254,07/07/2017 12:07,COMPLETE,07/07/2017 23:30,08/07/2017 18:21,17/07/2017
ZA-00003968,ZAC0007857,07/07/2017 11:06,COMPLETE,08/07/2017 08:19,14/07/2017 08:56,13/07/2017
ZA-00003969,ZAC0009228,07/07/2017 13:36,COMPLETE,09/07/2017 07:51,11/07/2017 12:41,12/07/2017
ZA-00003970,ZAC0014694,07/07/2017 10:18,COMPLETE,09/07/2017 23:55,10/07/2017 17:09,16/07/2017
ZA-00003971,ZAC0005519,07/07/2017 09:08,COMPLETE,11/07/2017 17:48,24/07/2017 14:59,18/07/2017
ZA-00003972,ZAC0016939,07/07/2017 17:46,DISPATCHED,09/07/2017 21:51,,14/07/2017
ZA-00003973,ZAC0011362,07/07/2017 15:32,COMPLETE,09/07/2017 01:26,11/07/2017 18:55,13/07/2017
ZA-00003974,ZAC0014772,07/07/2017 21:17,COMPLETE,10/07/2017 18:41,12/07/2017 04:36,14/07/2017
ZA-00003975,ZAC0006085,07/07/2017 13:52,COMPLETE,08/07/2017 08:09,09/07/2017 23:37,15/07/2017
ZA-00003976,ZAC0019692,07/07/2017 19:20,COMPLETE,11/07/2017 01:59,12/07/2017 18:37,14/07/2017
ZA-00003977,ZAC0018203,07/07/2017 09:40,COMPLETE,09/07/2017 14:57,15/07/2017 05:04,16/07/2017
ZA-00003978,ZAC0010262,07/07/2017 20:09,COMPLETE,08/07/2017 12:07,10/07/2017 11:03,13/07/2017
ZA-00003979,ZAC0007764,07/07/2017 14:43,COMPLETE,12/07/2017 12:36,17/07/2017 19:25,22/07/2017
ZA-00003980,ZAC0021484,07/07/2017 06:53,CANCELLED,,,
ZA-00003981,ZAC0005642,07/07/2017 22:39,COMPLETE,08/07/2017 07:24,16/07/2017 07:41,15/07/2017
ZA-00003982,ZAC0022985,07/07/2017 13:43,COMPLETE,09/07/2017 21:42,15/07/2017 20:53,13/07/2017
ZA-00003983,ZAC0002302,07/07/2017 14:51,COMPLETE,09/07/2017 14:24,16/07/2017 08:51,12/07/2017
ZA-00003984,ZAC0016587,07/07/2017 12:49,COMPLETE,10/07/2017 01:48,12/07/2017 06:15,17/07/2017
ZA-00003985,ZAC0015254,07/07/2017 09:34,COMPLETE,13/07/2017 09:11,15/07/2017 11:00,16/07/2017
ZA-00003986,ZAC0008156,07/07/2017 20:36,COMPLETE,10/07/2017 07:05,17/07/2017 07:52,15/07/2017
ZA-00003987,ZAC0005933,07/07/2017 21:49,COMPLETE,09/07/2017 14:24,15/07/2017 22:19,12/07/2017
ZA-00003988,ZAC0003834,07/07/2017 14:00,COMPLETE,10/07/2017 16:19,23/07/2017 00:09,15/07/2017
ZA-00003989,ZAC0022939,07/07/2017 11:04,COMPLETE,09/07/2017 22:06,11/07/2017 10:53,12/07/2017
ZA-00003990,ZAC0023680,07/07/2017 22:23,COMPLETE,10/07/2017 00:44,14/07/2017 03:41,14/07/2017
ZA-00003991,ZAC0022813,07/07/2017 18:00,COMPLETE,11/07/2017 12:46,14/07/2017 04:34,15/07/2017
ZA-00003992,ZAC0011047,07/07/2017 09:04,COMPLETE,09/07/2017 12:22,12/07/2017 13:31,12/07/2017
ZA-00003993,ZAC0014846,07/07/2017 16:00,COMPLETE,09/07/2017 08:11,22/07/2017 18:16,14/07/2017
ZA-00003994,ZAC0008878,07/07/2017 12:31,COMPLETE,09/07/2017 20:44,18/07/2017 22:29,16/07/2017
ZA-00003995,ZAC0007650,07/07/2017 06:16,PENDING,,,
ZA-00003996,ZAC0008112,07/07/2017 22:34,COMPLETE,08/07/2017 18:03,15/07/2017 14:34,12/07/2017
ZA-00003997,ZAC0008731,07/07/2017 15:49,COMPLETE,08/07/2017 19:39,12/07/2017 02:39,11/07/2017
ZA-00003998,ZAC0011660,07/07/2017 10:00,COMPLETE,11/07/2017 16:55,15/07/2017 11:42,18/07/2017
ZA-00003999,ZAC0020303,07/07/2017 09:40,COMPLETE,08/07/2017 00:53,10/07/2017 18:54,12/07/2017
ZA-00004000,ZAC0017360,07/07/2017 21:23,COMPLETE,09/07/2017 05:58,12/07/2017 22:08,13/07/2017
ZA-00004001,ZAC0003738,07/07/2017 10:27,COMPLETE,08/07/2017 18:03,10/07/2017 02:20,11/07/2017
ZA-00004002,ZAC0020933,07/07/2017 16:17,COMPLETE,10/07/2017 00:43,14/07/2017 17:06,14/07/2017
ZA-00004003,ZAC0001608,07/07/2017 20:29,COMPLETE,08/07/2017 21:43,16/07/2017 13:40,11/07/2017
ZA-00004004,ZAC0021999,07/07/2017 07:14,COMPLETE,11/07/2017 06:32,16/07/2017 18:59,18/07/2017
ZA-00004005,ZAC0001621,07/07/2017 19:39,COMPLETE,10/07/2017 17:41,12/07/2017 10:18,13/07/2017
ZA-00004006,ZAC0003476,07/07/2017 19:32,COMPLETE,08/07/2017 10:57,23/07/2017 00:16,13/07/2017
ZA-00004007,ZAC0017297,07/07/2017 12:10,COMPLETE,13/07/2017 01:50,16/07/2017 13:29,16/07/2017
ZA-00004008,ZAC0014747,07/07/2017 13:25,COMPLETE,09/07/2017 11:41,18/07/2017 10:56,14/07/2017
ZA-00004009,ZAC0004992,07/07/2017 06:46,COMPLETE,08/07/2017 19:48,13/07/2017 00:39,13/07/2017
ZA-00004010,ZAC0008268,07/07/2017 13:20,COMPLETE,09/07/2017 12:27,13/07/2017 02:27,16/07/2017
ZA-00004011,ZAC0001734,07/07/2017 16:26,COMPLETE,08/07/2017 21:16,14/07/2017 14:22,13/07/2017
ZA-00004012,ZAC0001778,07/07/2017 17:55,COMPLETE,10/07/2017 00:28,18/07/2017 08:43,15/07/2017
ZA-00004013,ZAC0020559,07/07/2017 15:02,COMPLETE,09/07/2017 11:31,13/07/2017 11:11,14/07/2017
ZA-00004014,ZAC0018933,07/07/2017 22:11,COMPLETE,11/07/2017 03:33,16/07/2017 11:28,16/07/2017
ZA-00004015,ZAC0022357,07/07/2017 16:50,COMPLETE,10/07/2017 23:33,15/07/2017 14:22,13/07/2017
ZA-00004016,ZAC0008684,07/07/2017 11:16,COMPLETE,10/07/2017 10:00,16/07/2017 00:02,20/07/2017
ZA-00004017,ZAC0015572,08/07/2017 17:06,COMPLETE,09/07/2017 01:20,12/07/2017 18:45,12/07/2017
ZA-00004018,ZAC0021226,08/07/2017 13:11,COMPLETE,13/07/2017 14:25,20/07/2017 02:18,17/07/2017
ZA-00004019,ZAC0008416,08/07/2017 19:26,COMPLETE,10/07/2017 23:34,12/07/2017 04:47,15/07/2017
ZA-00004020,ZAC0006020,08/07/2017 18:53,DISPATCHED,12/07/2017 21:09,,17/07/2017
ZA-00004021,ZAC0023673,08/07/2017 10:50,COMPLETE,09/07/2017 20:21,12/07/2017 20:42,14/07/2017
ZA-00004022,ZAC0013476,08/07/2017 19:59,RETURNED,10/07/2017 17:23,15/07/2017 06:13,14/07/2017
ZA-00004023,ZAC0006125,08/07/2017 20:13,DISPATCHED,11/07/2017 04:52,,14/07/2017
ZA-00004024,ZAC0019757,08/07/2017 14:50,COMPLETE,11/07/2017 02:09,17/07/2017 12:57,16/07/2017
ZA-00004025,ZAC0008332,08/07/2017 07:01,COMPLETE,08/07/2017 21:46,13/07/2017 22:33,18/07/2017
ZA-00004026,ZAC0007026,08/07/2017 09:38,COMPLETE,09/07/2017 01:55,11/07/2017 06:37,14/07/2017
ZA-00004027,ZAC0004660,08/07/2017 12:27,COMPLETE,10/07/2017 23:18,16/07/2017 05:48,13/07/2017
ZA-00004028,ZAC0013024,08/07/2017 12:49,COMPLETE,10/07/2017 14:06,14/07/2017 01:45,17/07/2017
ZA-00004029,ZAC0019951,08/07/2017 17:09,COMPLETE,10/07/2017 10:10,12/07/2017 07:42,14/07/2017
ZA-00004030,ZAC0003442,08/07/2017 19:43,COMPLETE,13/07/2017 09:40,14/07/2017 12:54,16/07/2017
ZA-00004031,ZAC0019946,08/07/2017 21:46,COMPLETE,11/07/2017 21:59,22/07/2017 14:07,15/07/2017
ZA-00004032,ZAC0015367,08/07/2017 18:37,COMPLETE,09/07/2017 13:27,24/07/2017 01:05,14/07/2017
ZA-00004033,ZAC0007680,08/07/2017 19:32,COMPLETE,10/07/2017 11:38,12/07/2017 08:08,14/07/2017
ZA-00004034,ZAC0010509,08/07/2017 18:51,COMPLETE,12/07/2017 06:31,15/07/2017 05:09,15/07/2017
ZA-00004035,ZAC0023115,08/07/2017 21:41,COMPLETE,12/07/2017 05:02,18/07/2017 07:53,17/07/2017
ZA-00004036,ZAC0015499,08/07/2017 14:56,COMPLETE,09/07/2017 23:19,14/07/2017 12:54,14/07/2017
ZA-00004037,ZAC0022485,08/07/2017 22:25,COMPLETE,11/07/2017 08:04,12/07/2017 21:33,15/07/2017
ZA-00004038,ZAC0002267,08/07/2017 09:53,COMPLETE,10/07/2017 00:27,13/07/2017 21:05,15/07/2017
ZA-00004039,ZAC0014321,08/07/2017 08:01,COMPLETE,11/07/2017 07:09,16/07/2017 00:34,14/07/2017
ZA-00004040,ZAC0016930,08/07/2017 18:06,COMPLETE,09/07/2017 10:43,17/07/2017 01:08,14/07/2017
ZA-00004041,ZAC0023903,08/07/2017 11:05,COMPLETE,09/07/2017 16:11,10/07/2017 03:14,16/07/2017
ZA-00004042,ZAC0018717,08/07/2017 10:50,COMPLETE,10/07/2017 11:05,11/07/2017 16:37,15/07/2017
ZA-00004043,ZAC0011095,08/07/2017 06:42,COMPLETE,11/07/2017 00:21,27/07/2017 05:32,15/07/2017
ZA-00004044,ZAC0011486,08/07/2017 10:52,COMPLETE,09/07/2017 14:30,10/07/2017 10:10,12/07/2017
ZA-00004045,ZAC0006754,08/07/2017 12:59,COMPLETE,09/07/2017 12:41,10/07/2017 21:25,12/07/2017
ZA-00004046,ZAC0019878,08/07/2017 11:04,COMPLETE,09/07/2017 11:04,13/07/2017 08:59,13/07/2017
ZA-00004047,ZAC0008528,08/07/2017 17:31,COMPLETE,11/07/2017 00:05,13/07/2017 09:43,16/07/2017
ZA-00004048,ZAC0021390,08/07/2017 12:06,COMPLETE,10/07/2017 20:26,12/07/2017 13:55,13/07/2017
ZA-00004049,ZAC0010964,08/07/2017 06:20,COMPLETE,08/07/2017 19:41,15/07/2017 15:00,15/07/2017
ZA-00004050,ZAC0022604,08/07/2017 22:32,COMPLETE,09/07/2017 19:28,17/07/2017 07:02,12/07/2017
ZA-00004051,ZAC0006958,08/07/2017 16:08,COMPLETE,09/07/2017 06:40,11/07/2017 08:28,16/07/2017
ZA-00004052,ZAC0008277,08/07/2017 16:49,COMPLETE,12/07/2017 00:14,14/07/2017 15:35,16/07/2017
ZA-00004053,ZAC0012664,09/07/2017 15:10,COMPLETE,11/07/2017 01:11,16/07/2017 16:28,16/07/2017
ZA-00004054,ZAC0015290,09/07/2017 12:19,COMPLETE,11/07/2017 09:43,18/07/2017 07:37,18/07/2017
ZA-00004055,ZAC0018642,09/07/2017 06:44,COMPLETE,09/07/2017 19:43,13/07/2017 08:52,14/07/2017
ZA-00004056,ZAC0022619,09/07/2017 14:30,COMPLETE,10/07/2017 22:43,14/07/2017 00:52,13/07/2017
ZA-00004057,ZAC0016068,09/07/2017 21:51,COMPLETE,11/07/2017 00:26,13/07/2017 14:11,16/07/2017
ZA-00004058,ZAC0003087,09/07/2017 07:57,COMPLETE,12/07/2017 08:09,18/07/2017 14:34,17/07/2017
ZA-00004059,ZAC0012454,09/07/2017 18:56,PENDING,,,
ZA-00004060,ZAC0016061,09/07/2017 22:52,COMPLETE,13/07/2017 06:33,16/07/2017 09:14,17/07/2017
ZA-00004061,ZAC0019020,09/07/2017 13:58,COMPLETE,10/07/2017 05:25,11/07/2017 03:38,13/07/2017
ZA-00004062,ZAC0014919,09/07/2017 11:30,COMPLETE,11/07/2017 16:15,16/07/2017 20:51,15/07/2017
ZA-00004063,ZAC0004581,09/07/2017 19:34,COMPLETE,12/07/2017 09:34,15/07/2017 07:37,16/07/2017
ZA-00004064,ZAC0005429,09/07/2017 12:48,COMPLETE,11/07/2017 00:42,14/07/2017 20:19,14/07/2017
ZA-00004065,ZAC0012585,09/07/2017 14:31,COMPLETE,10/07/2017 14:05,16/07/2017 08:59,15/07/2017
ZA-00004066,ZAC0022780,09/07/2017 18:05,COMPLETE,11/07/2017 05:54,12/07/2017 17:46,16/07/2017
ZA-00004067,ZAC0012816,09/07/2017 08:36,COMPLETE,11/07/2017 16:48,16/07/2017 23:01,15/07/2017
ZA-00004068,ZAC0013637,09/07/2017 17:05,COMPLETE,11/07/2017 10:25,11/07/2017 19:29,18/07/2017
ZA-00004069,ZAC0021810,09/07/2017 20:34,COMPLETE,11/07/2017 13:17,16/07/2017 03:36,14/07/2017
ZA-00004070,ZAC0014658,09/07/2017 17:18,COMPLETE,10/07/2017 19:06,14/07/2017 03:55,17/07/2017
ZA-00004071,ZAC0001181,09/07/2017 11:05,COMPLETE,14/07/2017 23:14,15/07/2017 14:18,21/07/2017
ZA-00004072,ZAC0003921,09/07/2017 20:02,COMPLETE,11/07/2017 12:20,19/07/2017 10:12,14/07/2017
ZA-00004073,ZAC0011783,09/07/2017 13:45,COMPLETE,11/07/2017 12:23,13/07/2017 19:28,14/07/2017
ZA-00004074,ZAC0013601,09/07/2017 20:02,COMPLETE,14/07/2017 18:07,21/07/2017 09:33,18/07/2017
ZA-00004075,ZAC0006950,09/07/2017 13:23,COMPLETE,12/07/2017 09:39,19/07/2017 04:18,16/07/2017
ZA-00004076,ZAC0016764,09/07/2017 22:55,COMPLETE,12/07/2017 02:29,18/07/2017 22:19,16/07/2017
ZA-00004077,ZAC0015986,09/07/2017 20:22,COMPLETE,11/07/2017 10:31,16/07/2017 23:31,16/07/2017
ZA-00004078,ZAC0006387,09/07/2017 21:10,COMPLETE,11/07/2017 18:12,16/07/2017 20:33,15/07/2017
ZA-00004079,ZAC0007258,09/07/2017 12:58,COMPLETE,12/07/2017 15:11,18/07/2017 23:27,15/07/2017
ZA-00004080,ZAC0023335,09/07/2017 07:33,COMPLETE,12/07/2017 14:21,18/07/2017 19:46,16/07/2017
ZA-00004081,ZAC0007436,09/07/2017 07:08,COMPLETE,10/07/2017 20:35,14/07/2017 22:33,17/07/2017
ZA-00004082,ZAC0013496,09/07/2017 08:21,COMPLETE,10/07/2017 14:58,15/07/2017 16:40,14/07/2017
ZA-00004083,ZAC0004798,09/07/2017 19:56,COMPLETE,10/07/2017 02:09,14/07/2017 11:10,13/07/2017
ZA-00004084,ZAC0000908,09/07/2017 10:49,COMPLETE,11/07/2017 05:31,15/07/2017 17:31,15/07/2017
ZA-00004085,ZAC0002408,09/07/2017 16:47,COMPLETE,12/07/2017 03:48,13/07/2017 23:34,17/07/2017
ZA-00004086,ZAC0002798,09/07/2017 14:17,COMPLETE,10/07/2017 18:27,13/07/2017 04:24,14/07/2017
ZA-00004087,ZAC0007789,09/07/2017 16:18,COMPLETE,10/07/2017 22:01,17/07/2017 20:37,17/07/2017
ZA-00004088,ZAC0000900,10/07/2017 10:48,COMPLETE,12/07/2017 05:26,15/07/2017 08:32,15/07/2017
ZA-00004089,ZAC0001978,10/07/2017 18:18,COMPLETE,11/07/2017 07:22,23/07/2017 01:07,18/07/2017
ZA-00004090,ZAC0016197,10/07/2017 10:10,COMPLETE,12/07/2017 00:52,15/07/2017 03:45,17/07/2017
ZA-00004091,ZAC0019478,10/07/2017 20:06,COMPLETE,13/07/2017 06:57,18/07/2017 17:41,23/07/2017
ZA-00004092,ZAC0011737,10/07/2017 16:39,COMPLETE,11/07/2017 15:21,16/07/2017 01:21,14/07/2017
ZA-00004093,ZAC0009234,10/07/2017 19:03,COMPLETE,11/07/2017 23:21,16/07/2017 16:26,16/07/2017
ZA-00004094,ZAC0000586,10/07/2017 07:44,COMPLETE,11/07/2017 01:45,19/07/2017 23:11,18/07/2017
ZA-00004095,ZAC0007251,10/07/2017 21:18,COMPLETE,12/07/2017 16:43,14/07/2017 19:50,17/07/2017
ZA-00004096,ZAC0012262,10/07/2017 10:25,COMPLETE,13/07/2017 17:54,15/07/2017 11:55,16/07/2017
ZA-00004097,ZAC0007292,10/07/2017 10:27,CANCELLED,,,
ZA-00004098,ZAC0007355,10/07/2017 21:41,COMPLETE,11/07/2017 11:37,21/07/2017 06:15,15/07/2017
ZA-00004099,ZAC0012000,10/07/2017 13:02,COMPLETE,14/07/2017 00:37,19/07/2017 08:48,21/07/2017
ZA-00004100,ZAC0019928,10/07/2017 20:33,COMPLETE,13/07/2017 14:37,24/07/2017 06:43,17/07/2017
ZA-00004101,ZAC0022807,10/07/2017 14:34,COMPLETE,12/07/2017 19:05,20/07/2017 18:47,17/07/2017
ZA-00004102,ZAC0021177,10/07/2017 14:33,COMPLETE,12/07/2017 11:01,19/07/2017 13:23,19/07/2017
ZA-00004103,ZAC0006486,10/07/2017 07:56,COMPLETE,11/07/2017 22:49,14/07/2017 14:22,14/07/2017
ZA-00004104,ZAC0017913,10/07/2017 09:34,COMPLETE,16/07/2017 10:58,19/07/2017 06:43,26/07/2017
ZA-00004105,ZAC0015531,10/07/2017 16:32,COMPLETE,12/07/2017 04:57,14/07/2017 09:06,19/07/2017
ZA-00004106,ZAC0019186,10/07/2017 10:23,COMPLETE,15/07/2017 23:34,21/07/2017 04:26,20/07/2017
ZA-00004107,ZAC0017007,10/07/2017 08:17,COMPLETE,11/07/2017 06:17,16/07/2017 06:22,15/07/2017
ZA-00004108,ZAC0000274,10/07/2017 14:48,DISPATCHED,10/07/2017 22:49,,14/07/2017
ZA-00004109,ZAC0022722,10/07/2017 18:32,COMPLETE,12/07/2017 17:17,14/07/2017 09:32,19/07/2017
ZA-00004110,ZAC0002248,10/07/2017 09:55,COMPLETE,12/07/2017 08:04,17/07/2017 13:03,17/07/2017
ZA-00004111,ZAC0005784,10/07/2017 12:17,COMPLETE,14/07/2017 02:21,27/07/2017 00:36,18/07/2017
ZA-00004112,ZAC0018004,10/07/2017 19:34,COMPLETE,11/07/2017 04:05,13/07/2017 00:26,16/07/2017
ZA-00004113,ZAC0014215,10/07/2017 11:01,COMPLETE,12/07/2017 09:16,16/07/2017 04:29,22/07/2017
ZA-00004114,ZAC0014243,10/07/2017 16:13,COMPLETE,12/07/2017 06:22,18/07/2017 16:26,16/07/2017
ZA-00004115,ZAC0011371,10/07/2017 15:07,COMPLETE,13/07/2017 02:13,14/07/2017 08:51,16/07/2017
ZA-00004116,ZAC0000280,10/07/2017 22:04,COMPLETE,11/07/2017 21:19,15/07/2017 18:25,15/07/2017
ZA-00004117,ZAC0004024,10/07/2017 12:57,COMPLETE,13/07/2017 10:01,14/07/2017 18:16,20/07/2017
ZA-00004118,ZAC0017833,10/07/2017 10:39,COMPLETE,13/07/2017 04:06,15/07/2017 06:07,16/07/2017
ZA-00004119,ZAC0004022,10/07/2017 20:00,COMPLETE,10/07/2017 22:26,12/07/2017 06:14,15/07/2017
ZA-00004120,ZAC0018427,10/07/2017 08:17,COMPLETE,12/07/2017 22:30,14/07/2017 22:13,19/07/2017
ZA-00004121,ZAC0007493,10/07/2017 17:58,COMPLETE,13/07/2017 02:39,14/07/2017 09:58,16/07/2017
ZA-00004122,ZAC0011973,10/07/2017 10:33,COMPLETE,16/07/2017 17:44,22/07/2017 15:12,20/07/2017
ZA-00004123,ZAC0016184,10/07/2017 13:24,COMPLETE,12/07/2017 22:12,22/07/2017 02:43,17/07/2017
ZA-00004124,ZAC0007172,10/07/2017 07:54,COMPLETE,12/07/2017 02:58,16/07/2017 15:03,15/07/2017
ZA-00004125,ZAC0011701,10/07/2017 14:51,COMPLETE,14/07/2017 14:55,21/07/2017 15:15,24/07/2017
ZA-00004126,ZAC0000535,10/07/2017 18:29,COMPLETE,11/07/2017 06:18,14/07/2017 06:10,18/07/2017
ZA-00004127,ZAC0007348,10/07/2017 06:43,COMPLETE,11/07/2017 00:31,13/07/2017 05:12,14/07/2017
ZA-00004128,ZAC0004217,10/07/2017 19:56,COMPLETE,11/07/2017 16:05,16/07/2017 23:44,14/07/2017
ZA-00004129,ZAC0002129,10/07/2017 14:01,COMPLETE,12/07/2017 08:47,30/07/2017 10:23,16/07/2017
ZA-00004130,ZAC0018350,11/07/2017 18:38,COMPLETE,14/07/2017 19:36,21/07/2017 23:22,17/07/2017
ZA-00004131,ZAC0005946,11/07/2017 12:55,COMPLETE,14/07/2017 13:36,19/07/2017 21:23,18/07/2017
ZA-00004132,ZAC0018767,11/07/2017 13:46,RETURNED,15/07/2017 09:28,20/07/2017 10:39,22/07/2017
ZA-00004133,ZAC0013510,11/07/2017 07:48,COMPLETE,14/07/2017 01:49,19/07/2017 12:40,24/07/2017
ZA-00004134,ZAC0013631,11/07/2017 12:44,COMPLETE,17/07/2017 03:10,22/07/2017 15:38,21/07/2017
ZA-00004135,ZAC0015542,11/07/2017 18:09,COMPLETE,12/07/2017 14:04,16/07/2017 17:53,16/07/2017
ZA-00004136,ZAC0019160,11/07/2017 08:34,COMPLETE,15/07/2017 20:35,21/07/2017 13:32,18/07/2017
ZA-00004137,ZAC0002888,11/07/2017 13:30,COMPLETE,13/07/2017 02:02,20/07/2017 11:23,17/07/2017
ZA-00004138,ZAC0011499,11/07/2017 09:43,CANCELLED,,,
ZA-00004139,ZAC0008526,11/07/2017 18:05,CANCELLED,,,
ZA-00004140,ZAC0004763,11/07/2017 12:19,COMPLETE,13/07/2017 03:21,22/07/2017 06:20,20/07/2017
ZA-00004141,ZAC0001830,11/07/2017 20:27,COMPLETE,15/07/2017 23:39,22/07/2017 23:50,22/07/2017
ZA-00004142,ZAC0022068,11/07/2017 19:58,COMPLETE,14/07/2017 23:09,20/07/2017 17:52,17/07/2017
ZA-00004143,ZAC0010087,11/07/2017 16:02,COMPLETE,16/07/2017 20:18,18/07/2017 07:49,26/07/2017
ZA-00004144,ZAC0004087,11/07/2017 09:18,COMPLETE,12/07/2017 19:42,17/07/2017 23:23,16/07/2017
ZA-00004145,ZAC0005315,11/07/2017 10:34,COMPLETE,12/07/2017 07:07,14/07/2017 00:31,16/07/2017
ZA-00004146,ZAC0016325,11/07/2017 19:15,COMPLETE,12/07/2017 01:44,14/07/2017 23:05,17/07/2017
ZA-00004147,ZAC0020465,11/07/2017 22:28,COMPLETE,12/07/2017 02:05,15/07/2017 03:49,17/07/2017
ZA-00004148,ZAC0021728,11/07/2017 15:50,COMPLETE,13/07/2017 18:56,21/07/2017 10:51,16/07/2017
ZA-00004149,ZAC0005004,11/07/2017 15:38,COMPLETE,12/07/2017 20:51,16/07/2017 02:28,17/07/2017
ZA-00004150,ZAC0014695,11/07/2017 18:50,COMPLETE,14/07/2017 04:44,16/07/2017 12:45,19/07/2017
ZA-00004151,ZAC0005801,11/07/2017 12:04,COMPLETE,12/07/2017 12:38,26/07/2017 13:53,16/07/2017
ZA-00004152,ZAC0017875,11/07/2017 13:55,DISPATCHED,13/07/2017 02:59,,17/07/2017
ZA-00004153,ZAC0006250,11/07/2017 19:00,COMPLETE,12/07/2017 06:32,15/07/2017 04:16,15/07/2017
ZA-00004154,ZAC0003159,11/07/2017 18:30,COMPLETE,13/07/2017 19:47,17/07/2017 16:52,20/07/2017
ZA-00004155,ZAC0010045,11/07/2017 12:23,COMPLETE,14/07/2017 18:26,20/07/2017 18:34,18/07/2017
ZA-00004156,ZAC0009302,11/07/2017 09:41,COMPLETE,12/07/2017 17:36,22/07/2017 11:16,16/07/2017
ZA-00004157,ZAC0019738,11/07/2017 18:13,COMPLETE,17/07/2017 04:37,21/07/2017 01:05,21/07/2017
ZA-00004158,ZAC0009116,11/07/2017 19:50,COMPLETE,12/07/2017 05:29,14/07/2017 23:35,17/07/2017
ZA-00004159,ZAC0000546,11/07/2017 21:16,COMPLETE,12/07/2017 02:26,16/07/2017 10:38,19/07/2017
ZA-00004160,ZAC0006585,11/07/2017 10:32,COMPLETE,15/07/2017 02:19,25/07/2017 02:11,20/07/2017
ZA-00004161,ZAC0001880,11/07/2017 14:33,COMPLETE,12/07/2017 20:19,20/07/2017 10:01,19/07/2017
ZA-00004162,ZAC0014355,11/07/2017 16:25,COMPLETE,13/07/2017 21:35,20/07/2017 02:35,20/07/2017
ZA-00004163,ZAC0009401,11/07/2017 16:39,COMPLETE,14/07/2017 15:44,20/07/2017 04:27,18/07/2017
ZA-00004164,ZAC0007773,11/07/2017 14:49,COMPLETE,13/07/2017 14:50,17/07/2017 21:27,18/07/2017
ZA-00004165,ZAC0012490,11/07/2017 13:46,CANCELLED,,,
ZA-00004166,ZAC0016097,11/07/2017 18:01,COMPLETE,12/07/2017 15:37,17/07/2017 20:55,15/07/2017
ZA-00004167,ZAC0011128,11/07/2017 21:37,DISPATCHED,14/07/2017 02:43,,17/07/2017
ZA-00004168,ZAC0014592,11/07/2017 07:12,COMPLETE,12/07/2017 20:26,28/07/2017 02:12,19/07/2017
ZA-00004169,ZAC0011196,11/07/2017 18:44,COMPLETE,17/07/2017 19:20,22/07/2017 13:15,24/07/2017
ZA-00004170,ZAC0023037,11/07/2017 06:18,COMPLETE,14/07/2017 00:42,14/07/2017 16:51,17/07/2017
ZA-00004171,ZAC0010812,11/07/2017 09:18,COMPLETE,14/07/2017 20:22,15/07/2017 16:08,18/07/2017
ZA-00004172,ZAC0021495,11/07/2017 09:42,COMPLETE,12/07/2017 22:10,18/07/2017 00:57,16/07/2017
ZA-00004173,ZAC0023737,11/07/2017 08:11,COMPLETE,12/07/2017 12:40,13/07/2017 08:53,17/07/2017
ZA-00004174,ZAC0020724,11/07/2017 06:54,COMPLETE,14/07/2017 02:17,20/07/2017 16:39,19/07/2017
ZA-00004175,ZAC0017243,12/07/2017 16:20,COMPLETE,15/07/2017 20:52,18/07/2017 15:10,19/07/2017
ZA-00004176,ZAC0003279,12/07/2017 18:53,COMPLETE,14/07/2017 04:44,16/07/2017 03:29,18/07/2017
ZA-00004177,ZAC0018665,12/07/2017 06:15,COMPLETE,12/07/2017 20:37,16/07/2017 12:41,16/07/2017
ZA-00004178,ZAC0007583,12/07/2017 12:33,COMPLETE,12/07/2017 20:36,13/07/2017 22:52,19/07/2017
ZA-00004179,ZAC0022536,12/07/2017 10:36,COMPLETE,13/07/2017 09:53,27/07/2017 08:03,17/07/2017
ZA-00004180,ZAC0017052,12/07/2017 16:07,COMPLETE,14/07/2017 08:30,15/07/2017 23:16,19/07/2017
ZA-00004181,ZAC0011014,12/07/2017 14:44,COMPLETE,13/07/2017 01:11,17/07/2017 04:54,20/07/2017
ZA-00004182,ZAC0016863,12/07/2017 08:18,COMPLETE,16/07/2017 09:28,19/07/2017 15:17,20/07/2017
ZA-00004183,ZAC0012372,12/07/2017 18:36,COMPLETE,13/07/2017 11:20,19/07/2017 20:48,20/07/2017
ZA-00004184,ZAC0003999,12/07/2017 10:56,COMPLETE,16/07/2017 04:10,17/07/2017 12:39,21/07/2017
ZA-00004185,ZAC0018707,12/07/2017 14:49,COMPLETE,14/07/2017 23:07,20/07/2017 01:17,17/07/2017
ZA-00004186,ZAC0010396,12/07/2017 12:59,COMPLETE,14/07/2017 06:59,16/07/2017 09:34,18/07/2017
ZA-00004187,ZAC0019759,12/07/2017 21:15,COMPLETE,13/07/2017 08:05,17/07/2017 20:20,17/07/2017
ZA-00004188,ZAC0005871,12/07/2017 19:06,COMPLETE,15/07/2017 05:27,17/07/2017 19:19,20/07/2017
ZA-00004189,ZAC0000752,12/07/2017 19:12,COMPLETE,14/07/2017 22:00,16/07/2017 21:47,19/07/2017
ZA-00004190,ZAC0012820,12/07/2017 12:11,COMPLETE,13/07/2017 06:57,17/07/2017 16:46,20/07/2017
ZA-00004191,ZAC0002820,12/07/2017 19:39,COMPLETE,14/07/2017 07:34,17/07/2017 16:26,18/07/2017
ZA-00004192,ZAC0012117,12/07/2017 19:09,COMPLETE,13/07/2017 18:52,17/07/2017 14:20,18/07/2017
ZA-00004193,ZAC0006654,12/07/2017 15:56,COMPLETE,13/07/2017 08:30,21/07/2017 09:13,16/07/2017
ZA-00004194,ZAC0005073,12/07/2017 21:08,COMPLETE,14/07/2017 10:38,19/07/2017 19:07,18/07/2017
ZA-00004195,ZAC0002789,12/07/2017 22:21,COMPLETE,14/07/2017 19:24,15/07/2017 07:52,18/07/2017
ZA-00004196,ZAC0008587,12/07/2017 13:44,COMPLETE,17/07/2017 10:24,30/07/2017 22:22,22/07/2017
ZA-00004197,ZAC0014816,12/07/2017 18:48,COMPLETE,17/07/2017 19:33,20/07/2017 04:07,20/07/2017
ZA-00004198,ZAC0014597,12/07/2017 17:16,COMPLETE,14/07/2017 04:59,21/07/2017 14:29,19/07/2017
ZA-00004199,ZAC0012291,12/07/2017 15:01,COMPLETE,13/07/2017 03:48,13/07/2017 23:37,17/07/2017
ZA-00004200,ZAC0010454,12/07/2017 22:40,COMPLETE,15/07/2017 04:12,21/07/2017 18:37,18/07/2017
ZA-00004201,ZAC0001439,12/07/2017 13:37,COMPLETE,14/07/2017 03:56,15/07/2017 18:22,19/07/2017
ZA-00004202,ZAC0014214,12/07/2017 17:48,COMPLETE,17/07/2017 06:07,21/07/2017 05:22,21/07/2017
ZA-00004203,ZAC0003966,12/07/2017 14:32,COMPLETE,14/07/2017 11:43,21/07/2017 07:49,24/07/2017
ZA-00004204,ZAC0020407,12/07/2017 09:31,COMPLETE,18/07/2017 19:11,21/07/2017 03:22,25/07/2017
ZA-00004205,ZAC0018609,12/07/2017 16:34,COMPLETE,14/07/2017 01:00,23/07/2017 17:10,19/07/2017
ZA-00004206,ZAC0009644,12/07/2017 21:19,COMPLETE,17/07/2017 22:27,23/07/2017 06:35,20/07/2017
ZA-00004207,ZAC0009860,12/07/2017 21:49,COMPLETE,15/07/2017 19:08,25/07/2017 22:45,19/07/2017
ZA-00004208,ZAC0000515,12/07/2017 10:34,COMPLETE,13/07/2017 11:09,15/07/2017 17:00,17/07/2017
ZA-00004209,ZAC0019543,12/07/2017 15:08,COMPLETE,13/07/2017 01:35,20/07/2017 19:46,18/07/2017
ZA-00004210,ZAC0001874,12/07/2017 06:59,COMPLETE,15/07/2017 03:53,18/07/2017 09:20,20/07/2017
ZA-00004211,ZAC0007517,13/07/2017 22:30,COMPLETE,16/07/2017 19:30,29/07/2017 06:08,20/07/2017
ZA-00004212,ZAC0017956,13/07/2017 15:52,COMPLETE,13/07/2017 20:00,14/07/2017 01:04,17/07/2017
ZA-00004213,ZAC0019727,13/07/2017 18:43,CANCELLED,,,
ZA-00004214,ZAC0018582,13/07/2017 12:57,COMPLETE,16/07/2017 06:08,20/07/2017 01:09,20/07/2017
ZA-00004215,ZAC0008107,13/07/2017 09:06,COMPLETE,13/07/2017 22:25,16/07/2017 21:57,18/07/2017
ZA-00004216,ZAC0000838,13/07/2017 16:00,COMPLETE,15/07/2017 07:36,17/07/2017 21:32,22/07/2017
ZA-00004217,ZAC0022499,13/07/2017 13:46,COMPLETE,14/07/2017 14:32,25/07/2017 13:16,21/07/2017
ZA-00004218,ZAC0002166,13/07/2017 07:10,COMPLETE,17/07/2017 05:21,21/07/2017 00:43,21/07/2017
ZA-00004219,ZAC0001961,13/07/2017 11:44,DISPATCHED,14/07/2017 20:10,,17/07/2017
ZA-00004220,ZAC0001881,13/07/2017 18:22,COMPLETE,15/07/2017 16:23,22/07/2017 22:54,19/07/2017
ZA-00004221,ZAC0012280,13/07/2017 14:54,COMPLETE,15/07/2017 04:09,19/07/2017 14:21,20/07/2017
ZA-00004222,ZAC0013366,13/07/2017 13:15,COMPLETE,14/07/2017 17:42,16/07/2017 02:06,18/07/2017
ZA-00004223,ZAC0017275,13/07/2017 11:28,COMPLETE,15/07/2017 03:51,21/07/2017 05:21,19/07/2017
ZA-00004224,ZAC0019650,13/07/2017 14:21,COMPLETE,14/07/2017 12:54,17/07/2017 09:17,21/07/2017
ZA-00004225,ZAC0000660,13/07/2017 20:57,COMPLETE,15/07/2017 05:45,18/07/2017 23:20,18/07/2017
ZA-00004226,ZAC0012836,13/07/2017 15:49,COMPLETE,14/07/2017 20:18,19/07/2017 01:56,18/07/2017
ZA-00004227,ZAC0007760,13/07/2017 10:11,COMPLETE,14/07/2017 05:50,16/07/2017 02:08,18/07/2017
ZA-00004228,ZAC0009333,13/07/2017 10:09,COMPLETE,18/07/2017 03:48,20/07/2017 01:14,23/07/2017
ZA-00004229,ZAC0004200,13/07/2017 17:35,COMPLETE,17/07/2017 17:11,21/07/2017 16:37,21/07/2017
ZA-00004230,ZAC0007992,13/07/2017 12:19,COMPLETE,15/07/2017 18:20,20/07/2017 23:52,22/07/2017
ZA-00004231,ZAC0000928,13/07/2017 06:40,COMPLETE,15/07/2017 05:05,20/07/2017 08:04,19/07/2017
ZA-00004232,ZAC0003175,13/07/2017 16:17,COMPLETE,15/07/2017 06:26,17/07/2017 15:55,22/07/2017
ZA-00004233,ZAC0022884,13/07/2017 18:02,COMPLETE,14/07/2017 08:43,15/07/2017 22:07,24/07/2017
ZA-00004234,ZAC0011880,13/07/2017 18:18,COMPLETE,14/07/2017 15:37,20/07/2017 22:32,21/07/2017
ZA-00004235,ZAC0019436,13/07/2017 19:18,COMPLETE,17/07/2017 14:52,23/07/2017 23:39,22/07/2017
ZA-00004236,ZAC0018850,13/07/2017 19:16,COMPLETE,17/07/2017 20:28,18/07/2017 22:16,24/07/2017
ZA-00004237,ZAC0008404,13/07/2017 08:23,COMPLETE,15/07/2017 18:18,16/07/2017 23:02,18/07/2017
ZA-00004238,ZAC0015656,13/07/2017 16:25,COMPLETE,15/07/2017 15:59,19/07/2017 21:39,19/07/2017
ZA-00004239,ZAC0005616,14/07/2017 15:02,COMPLETE,16/07/2017 03:03,23/07/2017 20:32,23/07/2017
ZA-00004240,ZAC0019017,14/07/2017 08:53,COMPLETE,17/07/2017 06:59,19/07/2017 13:08,22/07/2017
ZA-00004241,ZAC0020344,14/07/2017 11:05,COMPLETE,15/07/2017 10:57,26/07/2017 20:06,19/07/2017
ZA-00004242,ZAC0022050,14/07/2017 13:57,COMPLETE,18/07/2017 22:27,25/07/2017 07:15,22/07/2017
ZA-00004243,ZAC0023329,14/07/2017 06:00,COMPLETE,16/07/2017 08:00,24/07/2017 17:28,20/07/2017
ZA-00004244,ZAC0013184,14/07/2017 10:11,COMPLETE,15/07/2017 07:51,24/07/2017 03:47,19/07/2017
ZA-00004245,ZAC0010054,14/07/2017 11:23,COMPLETE,15/07/2017 04:42,19/07/2017 01:11,20/07/2017
ZA-00004246,ZAC0001693,14/07/2017 22:54,COMPLETE,16/07/2017 07:56,18/07/2017 21:49,21/07/2017
ZA-00004247,ZAC0020034,14/07/2017 20:50,COMPLETE,15/07/2017 03:48,17/07/2017 03:27,20/07/2017
ZA-00004248,ZAC0004446,14/07/2017 06:54,PENDING,,,
ZA-00004249,ZAC0004542,14/07/2017 07:49,COMPLETE,17/07/2017 02:31,24/07/2017 00:29,21/07/2017
ZA-00004250,ZAC0015677,14/07/2017 08:51,COMPLETE,19/07/2017 08:15,27/07/2017 06:27,23/07/2017
ZA-00004251,ZAC0007364,14/07/2017 07:35,COMPLETE,18/07/2017 05:20,20/07/2017 21:16,21/07/2017
ZA-00004252,ZAC0019586,14/07/2017 07:54,COMPLETE,16/07/2017 02:38,22/07/2017 21:51,23/07/2017
ZA-00004253,ZAC0014682,14/07/2017 16:37,COMPLETE,15/07/2017 06:50,17/07/2017 17:26,20/07/2017
ZA-00004254,ZAC0015841,14/07/2017 22:53,COMPLETE,15/07/2017 18:24,17/07/2017 18:08,19/07/2017
ZA-00004255,ZAC0011806,14/07/2017 18:43,COMPLETE,15/07/2017 22:24,18/07/2017 01:44,19/07/2017
ZA-00004256,ZAC0009036,14/07/2017 16:28,COMPLETE,16/07/2017 16:48,23/07/2017 10:52,21/07/2017
ZA-00004257,ZAC0014418,14/07/2017 19:15,COMPLETE,15/07/2017 04:19,20/07/2017 23:24,22/07/2017
ZA-00004258,ZAC0012684,14/07/2017 14:16,COMPLETE,15/07/2017 20:36,26/07/2017 15:45,20/07/2017
ZA-00004259,ZAC0020717,14/07/2017 15:15,COMPLETE,15/07/2017 00:52,22/07/2017 01:39,22/07/2017
ZA-00004260,ZAC0015434,14/07/2017 15:36,COMPLETE,16/07/2017 12:35,18/07/2017 21:53,23/07/2017
ZA-00004261,ZAC0003037,14/07/2017 19:39,COMPLETE,16/07/2017 16:54,21/07/2017 19:46,19/07/2017
ZA-00004262,ZAC0007823,14/07/2017 16:23,COMPLETE,19/07/2017 07:57,22/07/2017 18:23,23/07/2017
ZA-00004263,ZAC0001856,14/07/2017 22:18,COMPLETE,15/07/2017 09:50,24/07/2017 07:09,19/07/2017
ZA-00004264,ZAC0004810,14/07/2017 19:45,COMPLETE,16/07/2017 00:15,21/07/2017 01:22,20/07/2017
ZA-00004265,ZAC0021903,14/07/2017 20:01,COMPLETE,17/07/2017 00:22,27/07/2017 17:11,20/07/2017
ZA-00004266,ZAC0019558,14/07/2017 16:41,COMPLETE,16/07/2017 07:26,21/07/2017 00:21,23/07/2017
ZA-00004267,ZAC0016270,14/07/2017 22:48,COMPLETE,16/07/2017 11:58,17/07/2017 08:02,23/07/2017
ZA-00004268,ZAC0007102,14/07/2017 14:43,COMPLETE,15/07/2017 16:53,18/07/2017 22:30,20/07/2017
ZA-00004269,ZAC0009668,14/07/2017 22:15,COMPLETE,22/07/2017 15:51,26/07/2017 06:05,25/07/2017
ZA-00004270,ZAC0021474,14/07/2017 12:45,COMPLETE,19/07/2017 09:02,19/07/2017 18:23,23/07/2017
ZA-00004271,ZAC0010742,14/07/2017 18:02,COMPLETE,16/07/2017 22:11,21/07/2017 07:54,23/07/2017
ZA-00004272,ZAC0008417,14/07/2017 06:35,COMPLETE,17/07/2017 03:22,24/07/2017 23:24,20/07/2017
ZA-00004273,ZAC0023713,14/07/2017 22:06,COMPLETE,16/07/2017 04:05,18/07/2017 23:18,21/07/2017
ZA-00004274,ZAC0018163,14/07/2017 15:26,COMPLETE,16/07/2017 07:25,17/07/2017 15:47,19/07/2017
ZA-00004275,ZAC0003250,14/07/2017 15:46,COMPLETE,15/07/2017 14:14,28/07/2017 23:19,19/07/2017
ZA-00004276,ZAC0002365,14/07/2017 10:37,COMPLETE,15/07/2017 23:42,17/07/2017 15:56,22/07/2017
ZA-00004277,ZAC0018767,15/07/2017 17:51,COMPLETE,20/07/2017 03:53,28/07/2017 10:22,30/07/2017
ZA-00004278,ZAC0020117,15/07/2017 16:40,COMPLETE,19/07/2017 14:12,27/07/2017 14:00,26/07/2017
ZA-00004279,ZAC0008627,15/07/2017 07:38,COMPLETE,16/07/2017 09:41,18/07/2017 16:34,20/07/2017
ZA-00004280,ZAC0009607,15/07/2017 12:49,COMPLETE,20/07/2017 14:31,23/07/2017 20:30,25/07/2017
ZA-00004281,ZAC0007421,15/07/2017 10:50,COMPLETE,15/07/2017 20:48,21/07/2017 06:13,18/07/2017
ZA-00004282,ZAC0015147,15/07/2017 18:46,COMPLETE,16/07/2017 20:13,19/07/2017 13:58,19/07/2017
ZA-00004283,ZAC0002233,15/07/2017 07:52,COMPLETE,15/07/2017 12:26,16/07/2017 17:18,18/07/2017
ZA-00004284,ZAC0018444,15/07/2017 09:22,COMPLETE,16/07/2017 09:37,18/07/2017 23:10,26/07/2017
ZA-00004285,ZAC0014271,15/07/2017 12:35,COMPLETE,17/07/2017 00:00,26/07/2017 18:09,27/07/2017
ZA-00004286,ZAC0019196,15/07/2017 11:08,COMPLETE,15/07/2017 19:04,18/07/2017 06:57,19/07/2017
ZA-00004287,ZAC0022376,15/07/2017 21:16,COMPLETE,19/07/2017 16:40,24/07/2017 10:46,26/07/2017
ZA-00004288,ZAC0005868,15/07/2017 14:18,COMPLETE,16/07/2017 10:37,22/07/2017 01:23,21/07/2017
ZA-00004289,ZAC0010961,15/07/2017 19:54,COMPLETE,17/07/2017 17:52,20/07/2017 04:15,24/07/2017
ZA-00004290,ZAC0005160,15/07/2017 08:18,COMPLETE,16/07/2017 02:59,17/07/2017 04:22,23/07/2017
ZA-00004291,ZAC0003781,15/07/2017 18:47,COMPLETE,18/07/2017 11:56,20/07/2017 12:49,25/07/2017
ZA-00004292,ZAC0006670,15/07/2017 07:56,COMPLETE,20/07/2017 15:38,25/07/2017 14:03,24/07/2017
ZA-00004293,ZAC0010653,15/07/2017 12:00,COMPLETE,16/07/2017 09:04,18/07/2017 03:47,21/07/2017
ZA-00004294,ZAC0009769,15/07/2017 15:38,COMPLETE,19/07/2017 16:30,21/07/2017 20:48,23/07/2017
ZA-00004295,ZAC0015068,15/07/2017 16:44,CANCELLED,,,
ZA-00004296,ZAC0018231,15/07/2017 07:00,COMPLETE,17/07/2017 03:58,18/07/2017 12:37,22/07/2017
ZA-00004297,ZAC0014401,15/07/2017 14:13,COMPLETE,16/07/2017 16:29,20/07/2017 05:36,19/07/2017
ZA-00004298,ZAC0017389,15/07/2017 14:07,COMPLETE,16/07/2017 01:16,19/07/2017 14:30,19/07/2017
ZA-00004299,ZAC0013362,15/07/2017 09:47,COMPLETE,20/07/2017 23:49,23/07/2017 06:02,30/07/2017
ZA-00004300,ZAC0013107,15/07/2017 09:34,COMPLETE,18/07/2017 02:51,22/07/2017 00:25,22/07/2017
ZA-00004301,ZAC0002977,15/07/2017 15:56,COMPLETE,18/07/2017 20:49,23/07/2017 15:06,23/07/2017
ZA-00004302,ZAC0010278,15/07/2017 20:09,COMPLETE,18/07/2017 06:34,20/07/2017 03:23,23/07/2017
ZA-00004303,ZAC0005546,15/07/2017 21:44,COMPLETE,17/07/2017 04:21,17/07/2017 12:34,21/07/2017
ZA-00004304,ZAC0005691,15/07/2017 08:40,COMPLETE,16/07/2017 12:01,21/07/2017 13:39,21/07/2017
ZA-00004305,ZAC0021368,15/07/2017 21:45,COMPLETE,17/07/2017 23:15,18/07/2017 22:29,24/07/2017
ZA-00004306,ZAC0001827,15/07/2017 19:35,COMPLETE,17/07/2017 11:07,19/07/2017 03:40,22/07/2017
ZA-00004307,ZAC0021303,15/07/2017 16:48,COMPLETE,17/07/2017 12:24,23/07/2017 01:31,21/07/2017
ZA-00004308,ZAC0009100,15/07/2017 08:37,COMPLETE,19/07/2017 20:02,03/08/2017 18:11,22/07/2017
ZA-00004309,ZAC0009866,15/07/2017 12:13,COMPLETE,18/07/2017 09:18,22/07/2017 22:14,22/07/2017
ZA-00004310,ZAC0016179,15/07/2017 20:32,CANCELLED,,,
ZA-00004311,ZAC0020642,15/07/2017 22:38,COMPLETE,18/07/2017 09:37,22/07/2017 00:38,25/07/2017
ZA-00004312,ZAC0006430,15/07/2017 16:45,COMPLETE,16/07/2017 14:48,19/07/2017 23:14,20/07/2017
ZA-00004313,ZAC0003971,15/07/2017 19:14,COMPLETE,20/07/2017 05:54,26/07/2017 16:32,23/07/2017
ZA-00004314,ZAC0014310,15/07/2017 06:09,COMPLETE,18/07/2017 10:28,06/08/2017 16:38,22/07/2017
ZA-00004315,ZAC0014568,15/07/2017 06:50,DISPATCHED,17/07/2017 04:52,,22/07/2017
ZA-00004316,ZAC0000827,15/07/2017 06:45,COMPLETE,17/07/2017 02:32,17/07/2017 21:48,20/07/2017
ZA-00004317,ZAC0006396,16/07/2017 16:41,COMPLETE,18/07/2017 15:02,29/07/2017 12:03,21/07/2017
ZA-00004318,ZAC0008408,16/07/2017 07:27,COMPLETE,17/07/2017 22:25,20/07/2017 14:51,24/07/2017
ZA-00004319,ZAC0018716,16/07/2017 10:19,COMPLETE,18/07/2017 07:39,26/07/2017 10:29,23/07/2017
ZA-00004320,ZAC0019097,16/07/2017 17:18,COMPLETE,17/07/2017 15:19,19/07/2017 11:36,21/07/2017
ZA-00004321,ZAC0017242,16/07/2017 20:08,COMPLETE,17/07/2017 10:57,27/07/2017 11:19,24/07/2017
ZA-00004322,ZAC0007710,16/07/2017 18:10,COMPLETE,17/07/2017 07:14,20/07/2017 22:41,21/07/2017
ZA-00004323,ZAC0001581,16/07/2017 10:13,COMPLETE,19/07/2017 11:57,23/07/2017 06:37,23/07/2017
ZA-00004324,ZAC0023464,16/07/2017 15:23,COMPLETE,21/07/2017 03:38,28/07/2017 00:30,25/07/2017
ZA-00004325,ZAC0020916,16/07/2017 12:13,COMPLETE,20/07/2017 03:10,27/07/2017 07:00,27/07/2017
ZA-00004326,ZAC0022263,16/07/2017 22:58,COMPLETE,17/07/2017 18:38,19/07/2017 22:23,21/07/2017
ZA-00004327,ZAC0008749,16/07/2017 21:29,COMPLETE,21/07/2017 14:02,24/07/2017 07:44,25/07/2017
ZA-00004328,ZAC0005763,16/07/2017 21:19,COMPLETE,21/07/2017 00:25,26/07/2017 03:36,25/07/2017
ZA-00004329,ZAC0020222,16/07/2017 18:45,COMPLETE,18/07/2017 09:05,18/07/2017 14:37,21/07/2017
ZA-00004330,ZAC0018991,16/07/2017 13:37,COMPLETE,21/07/2017 15:56,27/07/2017 01:37,25/07/2017
ZA-00004331,ZAC0014928,16/07/2017 16:29,COMPLETE,17/07/2017 12:11,20/07/2017 08:08,24/07/2017
ZA-00004332,ZAC0010055,16/07/2017 18:16,COMPLETE,18/07/2017 21:50,28/07/2017 02:55,21/07/2017
ZA-00004333,ZAC0015155,16/07/2017 06:37,RETURNED,17/07/2017 15:55,20/07/2017 22:36,24/07/2017
ZA-00004334,ZAC0011299,16/07/2017 07:05,CANCELLED,,,
ZA-00004335,ZAC0023564,16/07/2017 14:23,COMPLETE,17/07/2017 15:42,26/07/2017 15:13,22/07/2017
ZA-00004336,ZAC0009783,16/07/2017 06:11,COMPLETE,19/07/2017 15:23,23/07/2017 09:12,22/07/2017
ZA-00004337,ZAC0002663,16/07/2017 15:36,COMPLETE,17/07/2017 11:50,19/07/2017 20:51,22/07/2017
ZA-00004338,ZAC0023305,16/07/2017 11:32,COMPLETE,19/07/2017 12:52,26/07/2017 03:25,23/07/2017
ZA-00004339,ZAC0016557,16/07/2017 21:50,COMPLETE,17/07/2017 12:08,21/07/2017 01:32,24/07/2017
ZA-00004340,ZAC0007348,16/07/2017 15:45,COMPLETE,18/07/2017 14:30,29/07/2017 20:48,28/07/2017
ZA-00004341,ZAC0006765,16/07/2017 22:16,COMPLETE,18/07/2017 22:05,24/07/2017 08:56,21/07/2017
ZA-00004342,ZAC0015440,16/07/2017 09:34,COMPLETE,17/07/2017 16:04,22/07/2017 19:26,22/07/2017
ZA-00004343,ZAC0014642,16/07/2017 12:58,COMPLETE,16/07/2017 17:50,20/07/2017 03:19,19/07/2017
ZA-00004344,ZAC0019953,16/07/2017 10:26,COMPLETE,18/07/2017 02:46,21/07/2017 15:24,22/07/2017
ZA-00004345,ZAC0008026,16/07/2017 06:04,COMPLETE,20/07/2017 23:40,29/07/2017 04:53,23/07/2017
ZA-00004346,ZAC0022194,16/07/2017 14:16,COMPLETE,19/07/2017 08:12,23/07/2017 07:35,24/07/2017
ZA-00004347,ZAC0012317,16/07/2017 10:34,COMPLETE,19/07/2017 20:47,22/07/2017 10:56,23/07/2017
ZA-00004348,ZAC0018270,16/07/2017 20:10,COMPLETE,22/07/2017 06:57,25/07/2017 11:36,27/07/2017
ZA-00004349,ZAC0013905,17/07/2017 17:36,COMPLETE,20/07/2017 05:05,25/07/2017 07:02,25/07/2017
ZA-00004350,ZAC0004563,17/07/2017 18:03,COMPLETE,19/07/2017 09:45,21/07/2017 20:46,23/07/2017
ZA-00004351,ZAC0007113,17/07/2017 22:50,COMPLETE,19/07/2017 15:13,26/07/2017 15:46,29/07/2017
ZA-00004352,ZAC0010052,17/07/2017 07:47,COMPLETE,20/07/2017 01:15,24/07/2017 10:12,23/07/2017
ZA-00004353,ZAC0016717,17/07/2017 18:00,COMPLETE,18/07/2017 01:10,21/07/2017 12:28,28/07/2017
ZA-00004354,ZAC0003209,17/07/2017 06:43,COMPLETE,18/07/2017 23:18,28/07/2017 13:53,22/07/2017
ZA-00004355,ZAC0001917,17/07/2017 09:48,COMPLETE,17/07/2017 23:16,19/07/2017 00:37,24/07/2017
ZA-00004356,ZAC0011303,17/07/2017 10:16,COMPLETE,18/07/2017 06:08,21/07/2017 07:02,21/07/2017
ZA-00004357,ZAC0012867,17/07/2017 20:59,COMPLETE,20/07/2017 04:07,30/07/2017 17:23,24/07/2017
ZA-00004358,ZAC0020926,17/07/2017 10:34,COMPLETE,20/07/2017 17:23,20/07/2017 21:32,24/07/2017
ZA-00004359,ZAC0008046,17/07/2017 08:43,COMPLETE,18/07/2017 17:52,25/07/2017 14:29,23/07/2017
ZA-00004360,ZAC0001838,17/07/2017 14:58,COMPLETE,19/07/2017 05:52,20/07/2017 23:21,24/07/2017
ZA-00004361,ZAC0001784,17/07/2017 14:28,COMPLETE,19/07/2017 10:58,20/07/2017 22:05,22/07/2017
ZA-00004362,ZAC0020601,17/07/2017 19:24,COMPLETE,18/07/2017 04:21,19/07/2017 16:09,28/07/2017
ZA-00004363,ZAC0008867,17/07/2017 12:21,COMPLETE,18/07/2017 04:29,21/07/2017 23:01,22/07/2017
ZA-00004364,ZAC0001941,17/07/2017 08:49,COMPLETE,21/07/2017 20:02,28/07/2017 05:16,25/07/2017
ZA-00004365,ZAC0020106,17/07/2017 11:41,COMPLETE,21/07/2017 13:28,23/07/2017 02:42,25/07/2017
ZA-00004366,ZAC0017075,17/07/2017 08:38,PENDING,,,
ZA-00004367,ZAC0007491,17/07/2017 19:30,COMPLETE,21/07/2017 05:27,24/07/2017 03:59,25/07/2017
ZA-00004368,ZAC0020136,17/07/2017 08:50,COMPLETE,19/07/2017 13:13,20/07/2017 01:31,22/07/2017
ZA-00004369,ZAC0014669,17/07/2017 10:48,DISPATCHED,18/07/2017 19:56,,21/07/2017
ZA-00004370,ZAC0007686,17/07/2017 11:30,COMPLETE,18/07/2017 09:12,24/07/2017 04:10,28/07/2017
ZA-00004371,ZAC0019744,17/07/2017 15:17,COMPLETE,17/07/2017 17:51,22/07/2017 22:57,24/07/2017
ZA-00004372,ZAC0015538,17/07/2017 15:36,COMPLETE,18/07/2017 19:06,24/07/2017 22:34,22/07/2017
ZA-00004373,ZAC0005937,17/07/2017 13:42,COMPLETE,18/07/2017 00:51,23/07/2017 10:01,22/07/2017
ZA-00004374,ZAC0008942,17/07/2017 19:02,COMPLETE,19/07/2017 22:24,25/07/2017 05:48,23/07/2017
ZA-00004375,ZAC0012433,17/07/2017 22:27,COMPLETE,19/07/2017 07:29,19/07/2017 22:05,26/07/2017
ZA-00004376,ZAC0014110,17/07/2017 06:41,COMPLETE,18/07/2017 14:12,20/07/2017 11:13,23/07/2017
ZA-00004377,ZAC0016369,18/07/2017 17:00,COMPLETE,20/07/2017 21:41,21/07/2017 15:21,27/07/2017
ZA-00004378,ZAC0009473,18/07/2017 21:31,PENDING,,,
ZA-00004379,ZAC0002069,18/07/2017 14:33,COMPLETE,20/07/2017 12:01,26/07/2017 04:16,25/07/2017
ZA-00004380,ZAC0005210,18/07/2017 12:48,COMPLETE,19/07/2017 07:25,28/07/2017 00:45,23/07/2017
ZA-00004381,ZAC0000503,18/07/2017 09:50,COMPLETE,19/07/2017 13:37,23/07/2017 14:24,23/07/2017
ZA-00004382,ZAC0012583,18/07/2017 16:43,COMPLETE,20/07/2017 07:32,29/07/2017 21:17,24/07/2017
ZA-00004383,ZAC0007012,18/07/2017 16:45,DISPATCHED,18/07/2017 23:13,,28/07/2017
ZA-00004384,ZAC0005809,18/07/2017 14:11,COMPLETE,22/07/2017 08:49,27/07/2017 19:46,29/07/2017
ZA-00004385,ZAC0015149,18/07/2017 13:57,COMPLETE,20/07/2017 05:24,24/07/2017 20:34,27/07/2017
ZA-00004386,ZAC0009586,18/07/2017 11:03,COMPLETE,19/07/2017 15:40,22/07/2017 05:59,23/07/2017
ZA-00004387,ZAC0008191,18/07/2017 20:49,DISPATCHED,20/07/2017 08:45,,23/07/2017
ZA-00004388,ZAC0000469,18/07/2017 16:35,COMPLETE,20/07/2017 06:20,22/07/2017 06:55,23/07/2017
ZA-00004389,ZAC0017023,18/07/2017 15:09,CANCELLED,,,
ZA-00004390,ZAC0002155,18/07/2017 10:11,COMPLETE,19/07/2017 19:33,20/07/2017 07:49,23/07/2017
ZA-00004391,ZAC0000254,18/07/2017 13:40,COMPLETE,19/07/2017 16:56,25/07/2017 06:46,22/07/2017
ZA-00004392,ZAC0006135,18/07/2017 20:49,COMPLETE,21/07/2017 06:26,23/07/2017 09:38,28/07/2017
ZA-00004393,ZAC0017211,18/07/2017 20:39,COMPLETE,19/07/2017 11:28,23/07/2017 15:26,26/07/2017
ZA-00004394,ZAC0014777,18/07/2017 18:07,CANCELLED,,,
ZA-00004395,ZAC0003670,18/07/2017 11:43,COMPLETE,19/07/2017 08:41,23/07/2017 03:19,24/07/2017
ZA-00004396,ZAC0023154,18/07/2017 09:54,COMPLETE,21/07/2017 00:35,30/07/2017 01:44,26/07/2017
ZA-00004397,ZAC0011826,18/07/2017 11:00,COMPLETE,23/07/2017 04:57,31/07/2017 06:48,27/07/2017
ZA-00004398,ZAC0000087,18/07/2017 06:54,COMPLETE,19/07/2017 18:15,26/07/2017 22:45,24/07/2017
ZA-00004399,ZAC0017373,18/07/2017 09:53,PENDING,,,
ZA-00004400,ZAC0023459,18/07/2017 15:51,COMPLETE,21/07/2017 05:38,26/07/2017 04:32,28/07/2017
ZA-00004401,ZAC0005514,18/07/2017 22:12,COMPLETE,21/07/2017 19:46,30/07/2017 17:45,28/07/2017
ZA-00004402,ZAC0020445,18/07/2017 16:23,COMPLETE,19/07/2017 13:04,22/07/2017 13:58,24/07/2017
ZA-00004403,ZAC0016823,18/07/2017 09:57,COMPLETE,19/07/2017 17:57,22/07/2017 20:25,24/07/2017
ZA-00004404,ZAC0003491,18/07/2017 17:07,COMPLETE,20/07/2017 12:10,23/07/2017 03:48,27/07/2017
ZA-00004405,ZAC0006322,18/07/2017 16:03,COMPLETE,21/07/2017 03:54,26/07/2017 07:52,28/07/2017
ZA-00004406,ZAC0018483,18/07/2017 14:09,COMPLETE,19/07/2017 22:45,03/08/2017 17:16,23/07/2017
ZA-00004407,ZAC0010473,18/07/2017 11:34,COMPLETE,22/07/2017 02:23,26/07/2017 09:26,26/07/2017
ZA-00004408,ZAC0010204,18/07/2017 15:55,COMPLETE,21/07/2017 10:45,26/07/2017 18:48,26/07/2017
ZA-00004409,ZAC0013269,18/07/2017 22:29,COMPLETE,20/07/2017 21:25,26/07/2017 21:27,25/07/2017
ZA-00004410,ZAC0002762,18/07/2017 09:49,COMPLETE,19/07/2017 15:44,22/07/2017 16:55,26/07/2017
ZA-00004411,ZAC0006374,18/07/2017 13:03,COMPLETE,20/07/2017 15:06,23/07/2017 14:21,25/07/2017
ZA-00004412,ZAC0014416,18/07/2017 17:40,COMPLETE,20/07/2017 20:26,22/07/2017 05:22,25/07/2017
ZA-00004413,ZAC0002504,18/07/2017 08:57,COMPLETE,21/07/2017 00:15,06/08/2017 08:46,28/07/2017
ZA-00004414,ZAC0007881,18/07/2017 21:52,COMPLETE,19/07/2017 07:17,19/07/2017 18:33,26/07/2017
ZA-00004415,ZAC0001138,18/07/2017 09:49,COMPLETE,24/07/2017 13:19,04/08/2017 18:49,31/07/2017
ZA-00004416,ZAC0002900,18/07/2017 21:56,COMPLETE,20/07/2017 11:08,22/07/2017 13:24,24/07/2017
ZA-00004417,ZAC0004832,18/07/2017 16:45,COMPLETE,20/07/2017 18:16,26/07/2017 10:00,23/07/2017
ZA-00004418,ZAC0018863,18/07/2017 13:35,COMPLETE,18/07/2017 20:23,20/07/2017 01:36,25/07/2017
ZA-00004419,ZAC0014659,18/07/2017 09:13,COMPLETE,18/07/2017 17:03,20/07/2017 11:55,23/07/2017
ZA-00004420,ZAC0010030,18/07/2017 17:47,COMPLETE,20/07/2017 02:50,26/07/2017 09:29,27/07/2017
ZA-00004421,ZAC0019127,18/07/2017 08:18,COMPLETE,20/07/2017 00:47,21/07/2017 22:38,23/07/2017
ZA-00004422,ZAC0006932,18/07/2017 06:20,COMPLETE,18/07/2017 19:41,19/07/2017 07:13,25/07/2017
ZA-00004423,ZAC0009801,19/07/2017 15:00,COMPLETE,25/07/2017 12:23,01/08/2017 15:54,30/07/2017
ZA-00004424,ZAC0014835,19/07/2017 17:43,COMPLETE,19/07/2017 20:11,26/07/2017 20:33,23/07/2017
ZA-00004425,ZAC0003099,19/07/2017 10:51,COMPLETE,21/07/2017 23:48,28/07/2017 04:52,26/07/2017
ZA-00004426,ZAC0021804,19/07/2017 18:30,COMPLETE,21/07/2017 12:08,25/07/2017 02:07,28/07/2017
ZA-00004427,ZAC0002232,19/07/2017 15:29,COMPLETE,20/07/2017 03:57,27/07/2017 03:23,25/07/2017
ZA-00004428,ZAC0018305,19/07/2017 19:56,COMPLETE,19/07/2017 22:28,03/08/2017 14:59,22/07/2017
ZA-00004429,ZAC0013024,19/07/2017 19:59,COMPLETE,20/07/2017 13:24,27/07/2017 04:19,27/07/2017
ZA-00004430,ZAC0003506,19/07/2017 16:44,COMPLETE,22/07/2017 12:56,24/07/2017 07:32,29/07/2017
ZA-00004431,ZAC0021804,19/07/2017 22:25,COMPLETE,21/07/2017 13:31,26/07/2017 18:04,25/07/2017
ZA-00004432,ZAC0021231,19/07/2017 07:30,COMPLETE,20/07/2017 18:12,24/07/2017 14:02,24/07/2017
ZA-00004433,ZAC0018414,19/07/2017 08:14,COMPLETE,21/07/2017 04:03,27/07/2017 12:11,25/07/2017
ZA-00004434,ZAC0011052,19/07/2017 13:15,COMPLETE,21/07/2017 08:24,02/08/2017 13:54,25/07/2017
ZA-00004435,ZAC0021459,19/07/2017 17:05,COMPLETE,20/07/2017 17:15,22/07/2017 22:53,27/07/2017
ZA-00004436,ZAC0008914,19/07/2017 14:01,COMPLETE,21/07/2017 01:58,23/07/2017 21:05,24/07/2017
ZA-00004437,ZAC0022581,19/07/2017 21:29,CANCELLED,,,
ZA-00004438,ZAC0017120,19/07/2017 17:23,COMPLETE,23/07/2017 22:04,28/07/2017 12:53,30/07/2017
ZA-00004439,ZAC0012963,19/07/2017 08:21,COMPLETE,21/07/2017 04:56,26/07/2017 16:48,31/07/2017
ZA-00004440,ZAC0009529,19/07/2017 15:43,COMPLETE,21/07/2017 03:51,21/07/2017 20:02,24/07/2017
ZA-00004441,ZAC0010279,19/07/2017 11:52,COMPLETE,21/07/2017 23:08,25/07/2017 19:22,25/07/2017
ZA-00004442,ZAC0007979,19/07/2017 19:35,COMPLETE,21/07/2017 01:59,24/07/2017 13:08,26/07/2017
ZA-00004443,ZAC0014476,19/07/2017 21:58,COMPLETE,21/07/2017 22:09,26/07/2017 05:53,24/07/2017
ZA-00004444,ZAC0020243,19/07/2017 17:26,COMPLETE,23/07/2017 01:17,27/07/2017 17:47,30/07/2017
ZA-00004445,ZAC0022104,19/07/2017 10:29,COMPLETE,22/07/2017 23:29,27/07/2017 00:08,25/07/2017
ZA-00004446,ZAC0017436,19/07/2017 13:41,COMPLETE,26/07/2017 17:08,27/07/2017 11:21,31/07/2017
ZA-00004447,ZAC0001884,19/07/2017 21:50,COMPLETE,21/07/2017 22:00,25/07/2017 23:17,25/07/2017
ZA-00004448,ZAC0023655,19/07/2017 08:09,COMPLETE,21/07/2017 00:58,25/07/2017 03:48,26/07/2017
ZA-00004449,ZAC0008141,19/07/2017 17:22,COMPLETE,21/07/2017 12:41,26/07/2017 12:29,26/07/2017
ZA-00004450,ZAC0023656,19/07/2017 17:53,COMPLETE,24/07/2017 19:29,27/07/2017 03:18,28/07/2017
ZA-00004451,ZAC0014050,19/07/2017 08:13,COMPLETE,23/07/2017 22:20,30/07/2017 18:15,02/08/2017
ZA-00004452,ZAC0018431,19/07/2017 12:36,PENDING,,,
ZA-00004453,ZAC0000408,19/07/2017 16:40,COMPLETE,20/07/2017 13:12,01/08/2017 14:33,25/07/2017
ZA-00004454,ZAC0019689,19/07/2017 12:24,PENDING,,,
ZA-00004455,ZAC0011243,19/07/2017 12:56,COMPLETE,22/07/2017 14:51,24/07/2017 03:47,26/07/2017
ZA-00004456,ZAC0011701,19/07/2017 11:27,COMPLETE,21/07/2017 20:40,31/07/2017 11:51,28/07/2017
ZA-00004457,ZAC0016912,19/07/2017 06:08,COMPLETE,20/07/2017 23:26,27/07/2017 12:21,25/07/2017
ZA-00004458,ZAC0001199,19/07/2017 07:23,COMPLETE,22/07/2017 12:15,29/07/2017 11:18,29/07/2017
ZA-00004459,ZAC0004659,19/07/2017 15:07,PENDING,,,
ZA-00004460,ZAC0008743,19/07/2017 12:41,COMPLETE,24/07/2017 06:03,24/07/2017 19:23,28/07/2017
ZA-00004461,ZAC0021901,19/07/2017 13:15,COMPLETE,21/07/2017 00:14,28/07/2017 16:28,25/07/2017
ZA-00004462,ZAC0006740,19/07/2017 14:22,COMPLETE,20/07/2017 11:41,22/07/2017 10:06,23/07/2017
ZA-00004463,ZAC0020396,19/07/2017 06:40,COMPLETE,25/07/2017 18:36,26/07/2017 20:42,30/07/2017
ZA-00004464,ZAC0013082,19/07/2017 07:30,COMPLETE,21/07/2017 10:11,25/07/2017 21:56,24/07/2017
ZA-00004465,ZAC0021571,19/07/2017 09:29,COMPLETE,21/07/2017 10:40,29/07/2017 01:31,26/07/2017
ZA-00004466,ZAC0004386,19/07/2017 15:30,PENDING,,,
ZA-00004467,ZAC0023301,19/07/2017 11:53,COMPLETE,21/07/2017 04:53,25/07/2017 23:16,24/07/2017
ZA-00004468,ZAC0022630,19/07/2017 14:06,COMPLETE,20/07/2017 06:11,01/08/2017 09:50,27/07/2017
ZA-00004469,ZAC0009467,19/07/2017 07:00,COMPLETE,19/07/2017 13:37,24/07/2017 00:39,23/07/2017
ZA-00004470,ZAC0019502,19/07/2017 13:59,COMPLETE,21/07/2017 14:48,24/07/2017 01:59,24/07/2017
ZA-00004471,ZAC0000222,19/07/2017 12:52,RETURNED,20/07/2017 02:06,24/07/2017 14:25,23/07/2017
ZA-00004472,ZAC0018074,19/07/2017 16:35,COMPLETE,20/07/2017 21:27,21/07/2017 22:14,24/07/2017
ZA-00004473,ZAC0007078,19/07/2017 13:15,COMPLETE,21/07/2017 17:02,25/07/2017 02:48,26/07/2017
ZA-00004474,ZAC0008510,19/07/2017 18:53,COMPLETE,22/07/2017 03:53,26/07/2017 14:16,25/07/2017
ZA-00004475,ZAC0010664,19/07/2017 13:19,COMPLETE,21/07/2017 06:42,22/07/2017 08:20,25/07/2017
ZA-00004476,ZAC0014502,19/07/2017 18:43,COMPLETE,22/07/2017 15:39,25/07/2017 10:00,27/07/2017
ZA-00004477,ZAC0008904,20/07/2017 14:31,COMPLETE,22/07/2017 00:59,28/07/2017 23:31,25/07/2017
ZA-00004478,ZAC0023919,20/07/2017 06:09,COMPLETE,21/07/2017 19:26,22/07/2017 07:41,24/07/2017
ZA-00004479,ZAC0012939,20/07/2017 21:22,COMPLETE,25/07/2017 06:21,27/07/2017 13:44,30/07/2017
ZA-00004480,ZAC0006234,20/07/2017 19:01,COMPLETE,23/07/2017 16:03,28/07/2017 08:18,27/07/2017
ZA-00004481,ZAC0019924,20/07/2017 17:09,COMPLETE,21/07/2017 01:37,25/07/2017 05:31,25/07/2017
ZA-00004482,ZAC0015450,20/07/2017 22:52,COMPLETE,27/07/2017 23:14,29/07/2017 13:22,01/08/2017
ZA-00004483,ZAC0021386,20/07/2017 07:18,COMPLETE,22/07/2017 21:23,05/08/2017 03:10,27/07/2017
ZA-00004484,ZAC0015142,20/07/2017 21:59,COMPLETE,21/07/2017 18:38,26/07/2017 09:58,24/07/2017
ZA-00004485,ZAC0007144,20/07/2017 14:05,COMPLETE,21/07/2017 01:40,25/07/2017 02:26,26/07/2017
ZA-00004486,ZAC0006067,20/07/2017 10:21,COMPLETE,24/07/2017 21:31,26/07/2017 23:55,28/07/2017
ZA-00004487,ZAC0023706,20/07/2017 07:57,COMPLETE,22/07/2017 03:08,23/07/2017 09:18,25/07/2017
ZA-00004488,ZAC0022599,20/07/2017 14:31,COMPLETE,21/07/2017 11:42,24/07/2017 03:43,26/07/2017
ZA-00004489,ZAC0001383,20/07/2017 07:17,DISPATCHED,23/07/2017 17:12,,28/07/2017
ZA-00004490,ZAC0005019,20/07/2017 15:10,COMPLETE,24/07/2017 05:42,25/07/2017 07:44,29/07/2017
ZA-00004491,ZAC0015865,20/07/2017 17:21,COMPLETE,23/07/2017 07:21,25/07/2017 19:53,27/07/2017
ZA-00004492,ZAC0001846,20/07/2017 17:09,CANCELLED,,,
ZA-00004493,ZAC0019965,20/07/2017 20:13,COMPLETE,22/07/2017 02:19,25/07/2017 20:36,25/07/2017
ZA-00004494,ZAC0020405,20/07/2017 17:16,COMPLETE,24/07/2017 12:47,28/07/2017 18:06,29/07/2017
ZA-00004495,ZAC0023080,20/07/2017 14:02,COMPLETE,22/07/2017 10:41,26/07/2017 11:52,26/07/2017
ZA-00004496,ZAC0022753,20/07/2017 06:49,COMPLETE,22/07/2017 10:06,27/07/2017 23:49,27/07/2017
ZA-00004497,ZAC0018935,20/07/2017 16:55,RETURNED,27/07/2017 15:24,01/08/2017 01:56,03/08/2017
ZA-00004498,ZAC0006787,20/07/2017 18:30,COMPLETE,22/07/2017 10:58,24/07/2017 13:22,26/07/2017
ZA-00004499,ZAC0004564,20/07/2017 14:54,COMPLETE,24/07/2017 05:02,30/07/2017 08:29,28/07/2017
ZA-00004500,ZAC0002849,20/07/2017 07:45,COMPLETE,22/07/2017 09:41,26/07/2017 10:29,26/07/2017
ZA-00004501,ZAC0015048,20/07/2017 08:55,COMPLETE,21/07/2017 07:06,23/07/2017 09:51,28/07/2017
ZA-00004502,ZAC0009764,20/07/2017 16:21,COMPLETE,24/07/2017 23:57,27/07/2017 08:45,28/07/2017
ZA-00004503,ZAC0009178,20/07/2017 06:34,COMPLETE,21/07/2017 03:38,23/07/2017 16:17,25/07/2017
ZA-00004504,ZAC0002716,20/07/2017 07:42,COMPLETE,21/07/2017 22:41,23/07/2017 20:36,26/07/2017
ZA-00004505,ZAC0009065,20/07/2017 22:08,COMPLETE,22/07/2017 22:21,26/07/2017 07:41,29/07/2017
ZA-00004506,ZAC0005646,20/07/2017 16:10,COMPLETE,22/07/2017 21:21,27/07/2017 07:11,26/07/2017
ZA-00004507,ZAC0013342,20/07/2017 12:47,COMPLETE,27/07/2017 12:39,29/07/2017 14:18,03/08/2017
ZA-00004508,ZAC0012685,20/07/2017 21:43,COMPLETE,22/07/2017 01:16,30/07/2017 03:45,29/07/2017
ZA-00004509,ZAC0015476,20/07/2017 21:51,COMPLETE,24/07/2017 10:37,27/07/2017 18:13,28/07/2017
ZA-00004510,ZAC0014701,20/07/2017 15:21,COMPLETE,23/07/2017 23:14,27/07/2017 17:56,26/07/2017
ZA-00004511,ZAC0021406,20/07/2017 20:01,COMPLETE,22/07/2017 20:28,24/07/2017 07:03,29/07/2017
ZA-00004512,ZAC0013737,20/07/2017 06:59,COMPLETE,22/07/2017 00:15,23/07/2017 17:02,27/07/2017
ZA-00004513,ZAC0010115,20/07/2017 12:35,COMPLETE,23/07/2017 21:44,02/08/2017 12:57,28/07/2017
ZA-00004514,ZAC0004019,20/07/2017 09:10,COMPLETE,21/07/2017 02:32,24/07/2017 14:02,24/07/2017
ZA-00004515,ZAC0015636,20/07/2017 13:43,COMPLETE,23/07/2017 15:58,30/07/2017 02:30,30/07/2017
ZA-00004516,ZAC0022605,21/07/2017 13:53,CANCELLED,,,
ZA-00004517,ZAC0016694,21/07/2017 21:00,COMPLETE,25/07/2017 18:18,28/07/2017 02:39,28/07/2017
ZA-00004518,ZAC0006632,21/07/2017 08:51,COMPLETE,25/07/2017 09:31,31/07/2017 16:01,01/08/2017
ZA-00004519,ZAC0017102,21/07/2017 10:29,COMPLETE,21/07/2017 20:46,23/07/2017 20:16,24/07/2017
ZA-00004520,ZAC0022318,21/07/2017 22:21,COMPLETE,24/07/2017 06:00,27/07/2017 20:22,27/07/2017
ZA-00004521,ZAC0002090,21/07/2017 12:21,COMPLETE,23/07/2017 20:31,25/07/2017 10:57,27/07/2017
ZA-00004522,ZAC0003731,21/07/2017 12:51,DISPATCHED,22/07/2017 12:21,,01/08/2017
ZA-00004523,ZAC0010094,21/07/2017 19:50,COMPLETE,26/07/2017 03:06,29/07/2017 04:08,29/07/2017
ZA-00004524,ZAC0009212,21/07/2017 09:44,COMPLETE,23/07/2017 03:23,26/07/2017 07:36,28/07/2017
ZA-00004525,ZAC0004181,21/07/2017 20:57,COMPLETE,23/07/2017 10:28,27/07/2017 00:39,30/07/2017
ZA-00004526,ZAC0009435,21/07/2017 19:25,COMPLETE,22/07/2017 19:04,24/07/2017 01:45,01/08/2017
ZA-00004527,ZAC0000843,21/07/2017 11:17,COMPLETE,23/07/2017 10:55,27/07/2017 09:08,28/07/2017
ZA-00004528,ZAC0019281,21/07/2017 22:04,COMPLETE,22/07/2017 03:07,25/07/2017 12:42,27/07/2017
ZA-00004529,ZAC0008518,21/07/2017 14:31,COMPLETE,22/07/2017 01:08,25/07/2017 23:06,26/07/2017
ZA-00004530,ZAC0020873,21/07/2017 08:01,COMPLETE,22/07/2017 09:53,26/07/2017 01:53,25/07/2017
ZA-00004531,ZAC0012034,21/07/2017 15:41,COMPLETE,23/07/2017 13:25,02/08/2017 03:37,27/07/2017
ZA-00004532,ZAC0015320,21/07/2017 17:15,COMPLETE,22/07/2017 10:10,27/07/2017 13:08,25/07/2017
ZA-00004533,ZAC0021218,21/07/2017 22:29,COMPLETE,25/07/2017 10:23,28/07/2017 23:03,29/07/2017
ZA-00004534,ZAC0001895,21/07/2017 16:04,COMPLETE,23/07/2017 15:11,25/07/2017 18:19,30/07/2017
ZA-00004535,ZAC0021763,21/07/2017 16:05,COMPLETE,23/07/2017 22:43,25/07/2017 20:26,30/07/2017
ZA-00004536,ZAC0000962,21/07/2017 09:14,COMPLETE,25/07/2017 21:17,30/07/2017 14:03,01/08/2017
ZA-00004537,ZAC0000644,21/07/2017 19:22,COMPLETE,24/07/2017 12:04,25/07/2017 22:56,31/07/2017
ZA-00004538,ZAC0022755,21/07/2017 15:07,COMPLETE,24/07/2017 16:08,31/07/2017 08:41,31/07/2017
ZA-00004539,ZAC0006056,21/07/2017 19:21,RETURNED,22/07/2017 05:26,30/07/2017 21:39,25/07/2017
ZA-00004540,ZAC0007622,21/07/2017 15:42,COMPLETE,22/07/2017 14:36,27/07/2017 04:12,29/07/2017
ZA-00004541,ZAC0006228,21/07/2017 12:19,DISPATCHED,22/07/2017 05:19,,25/07/2017
ZA-00004542,ZAC0005925,21/07/2017 09:04,CANCELLED,,,
ZA-00004543,ZAC0006993,21/07/2017 09:04,COMPLETE,24/07/2017 08:06,28/07/2017 02:57,28/07/2017
ZA-00004544,ZAC0004950,21/07/2017 13:49,COMPLETE,22/07/2017 16:55,25/07/2017 09:56,27/07/2017
ZA-00004545,ZAC0009738,21/07/2017 13:18,COMPLETE,22/07/2017 05:57,26/07/2017 18:07,27/07/2017
ZA-00004546,ZAC0000724,21/07/2017 09:03,COMPLETE,25/07/2017 04:38,30/07/2017 04:10,01/08/2017
ZA-00004547,ZAC0016331,21/07/2017 10:32,COMPLETE,26/07/2017 01:19,29/07/2017 14:51,29/07/2017
ZA-00004548,ZAC0014743,21/07/2017 17:39,COMPLETE,23/07/2017 19:15,25/07/2017 09:13,28/07/2017
ZA-00004549,ZAC0020879,21/07/2017 12:28,COMPLETE,26/07/2017 20:16,30/07/2017 08:29,02/08/2017
ZA-00004550,ZAC0006051,22/07/2017 09:17,DISPATCHED,23/07/2017 01:36,,27/07/2017
ZA-00004551,ZAC0002194,22/07/2017 08:45,COMPLETE,24/07/2017 02:00,02/08/2017 01:11,29/07/2017
ZA-00004552,ZAC0000456,22/07/2017 22:39,COMPLETE,24/07/2017 05:52,04/08/2017 06:54,29/07/2017
ZA-00004553,ZAC0022844,22/07/2017 21:52,RETURNED,24/07/2017 15:15,27/07/2017 06:26,31/07/2017
ZA-00004554,ZAC0012085,22/07/2017 09:19,COMPLETE,23/07/2017 19:53,25/07/2017 18:43,27/07/2017
ZA-00004555,ZAC0002591,22/07/2017 13:53,DISPATCHED,23/07/2017 12:07,,27/07/2017
ZA-00004556,ZAC0015707,22/07/2017 18:21,COMPLETE,25/07/2017 01:09,31/07/2017 23:14,04/08/2017
ZA-00004557,ZAC0016689,22/07/2017 15:17,COMPLETE,24/07/2017 08:42,02/08/2017 22:54,03/08/2017
ZA-00004558,ZAC0023354,22/07/2017 11:21,CANCELLED,,,
ZA-00004559,ZAC0002395,22/07/2017 17:37,COMPLETE,23/07/2017 18:59,26/07/2017 03:56,28/07/2017
ZA-00004560,ZAC0017293,22/07/2017 11:56,COMPLETE,25/07/2017 09:48,27/07/2017 23:39,28/07/2017
ZA-00004561,ZAC0017115,22/07/2017 22:45,COMPLETE,23/07/2017 16:07,29/07/2017 15:12,27/07/2017
ZA-00004562,ZAC0021213,22/07/2017 14:51,COMPLETE,27/07/2017 00:17,31/07/2017 13:37,30/07/2017
ZA-00004563,ZAC0012463,22/07/2017 19:47,COMPLETE,27/07/2017 06:17,31/07/2017 20:00,01/08/2017
ZA-00004564,ZAC0008032,22/07/2017 11:08,COMPLETE,23/07/2017 18:09,27/07/2017 06:05,27/07/2017
ZA-00004565,ZAC0011185,22/07/2017 17:47,COMPLETE,26/07/2017 12:37,29/07/2017 21:08,31/07/2017
ZA-00004566,ZAC0017344,22/07/2017 20:33,COMPLETE,26/07/2017 01:43,05/08/2017 06:12,05/08/2017
ZA-00004567,ZAC0005685,22/07/2017 19:19,COMPLETE,24/07/2017 12:07,26/07/2017 19:53,28/07/2017
ZA-00004568,ZAC0007578,22/07/2017 20:59,COMPLETE,23/07/2017 23:12,26/07/2017 08:34,28/07/2017
ZA-00004569,ZAC0016777,22/07/2017 22:13,COMPLETE,23/07/2017 06:51,30/07/2017 06:14,27/07/2017
ZA-00004570,ZAC0021699,22/07/2017 21:02,COMPLETE,23/07/2017 20:33,26/07/2017 13:38,27/07/2017
ZA-00004571,ZAC0023632,22/07/2017 15:38,COMPLETE,24/07/2017 08:08,27/07/2017 21:39,29/07/2017
ZA-00004572,ZAC0019155,22/07/2017 21:50,COMPLETE,23/07/2017 09:22,28/07/2017 07:19,30/07/2017
ZA-00004573,ZAC0000931,22/07/2017 06:48,COMPLETE,23/07/2017 17:48,27/07/2017 16:48,26/07/2017
ZA-00004574,ZAC0019248,22/07/2017 07:48,COMPLETE,25/07/2017 11:40,29/07/2017 18:37,01/08/2017
ZA-00004575,ZAC0012615,22/07/2017 06:44,COMPLETE,23/07/2017 02:34,29/07/2017 08:21,28/07/2017
ZA-00004576,ZAC0022261,22/07/2017 15:25,COMPLETE,25/07/2017 05:45,27/07/2017 02:51,29/07/2017
ZA-00004577,ZAC0010438,22/07/2017 20:37,COMPLETE,25/07/2017 03:41,30/07/2017 19:32,28/07/2017
ZA-00004578,ZAC0009785,22/07/2017 17:19,COMPLETE,24/07/2017 23:10,28/07/2017 06:55,27/07/2017
ZA-00004579,ZAC0018238,22/07/2017 18:12,COMPLETE,25/07/2017 09:58,25/07/2017 22:10,29/07/2017
ZA-00004580,ZAC0008047,22/07/2017 16:00,COMPLETE,24/07/2017 03:11,26/07/2017 02:20,31/07/2017
ZA-00004581,ZAC0013700,22/07/2017 13:58,CANCELLED,,,
ZA-00004582,ZAC0008155,22/07/2017 18:38,COMPLETE,24/07/2017 23:42,30/07/2017 04:48,28/07/2017
ZA-00004583,ZAC0016313,22/07/2017 08:50,COMPLETE,25/07/2017 04:42,27/07/2017 13:00,01/08/2017
ZA-00004584,ZAC0012676,22/07/2017 22:40,COMPLETE,23/07/2017 09:53,27/07/2017 08:27,28/07/2017
ZA-00004585,ZAC0001570,22/07/2017 10:50,COMPLETE,23/07/2017 20:03,25/07/2017 18:21,26/07/2017
ZA-00004586,ZAC0016858,22/07/2017 09:56,COMPLETE,26/07/2017 17:06,28/07/2017 20:24,29/07/2017
ZA-00004587,ZAC0009442,22/07/2017 10:44,COMPLETE,23/07/2017 21:39,30/07/2017 12:21,27/07/2017
ZA-00004588,ZAC0021877,22/07/2017 22:23,COMPLETE,24/07/2017 20:24,29/07/2017 06:09,31/07/2017
ZA-00004589,ZAC0018554,22/07/2017 15:32,COMPLETE,25/07/2017 07:52,28/07/2017 16:19,29/07/2017
ZA-00004590,ZAC0009053,22/07/2017 07:26,COMPLETE,26/07/2017 03:13,27/07/2017 13:08,30/07/2017
ZA-00004591,ZAC0022983,22/07/2017 14:23,COMPLETE,25/07/2017 05:25,27/07/2017 02:54,01/08/2017
ZA-00004592,ZAC0005911,22/07/2017 18:03,COMPLETE,24/07/2017 07:51,27/07/2017 20:50,28/07/2017
ZA-00004593,ZAC0016607,22/07/2017 07:03,COMPLETE,23/07/2017 07:53,29/07/2017 02:54,28/07/2017
ZA-00004594,ZAC0000729,22/07/2017 18:23,COMPLETE,23/07/2017 23:01,03/08/2017 09:02,27/07/2017
ZA-00004595,ZAC0004974,22/07/2017 15:59,COMPLETE,24/07/2017 01:45,30/07/2017 23:51,29/07/2017
ZA-00004596,ZAC0017400,23/07/2017 09:10,DISPATCHED,25/07/2017 04:19,,29/07/2017
ZA-00004597,ZAC0014390,23/07/2017 15:50,CANCELLED,,,
ZA-00004598,ZAC0006750,23/07/2017 21:15,COMPLETE,25/07/2017 04:29,27/07/2017 03:07,30/07/2017
ZA-00004599,ZAC0004793,23/07/2017 12:09,CANCELLED,,,
ZA-00004600,ZAC0003665,23/07/2017 09:24,COMPLETE,24/07/2017 10:11,07/08/2017 17:01,31/07/2017
ZA-00004601,ZAC0009150,23/07/2017 20:21,COMPLETE,25/07/2017 09:49,27/07/2017 10:48,04/08/2017
ZA-00004602,ZAC0016474,23/07/2017 10:38,COMPLETE,27/07/2017 12:03,28/07/2017 23:53,03/08/2017
ZA-00004603,ZAC0015436,23/07/2017 21:36,COMPLETE,27/07/2017 05:15,30/07/2017 03:48,01/08/2017
ZA-00004604,ZAC0018836,23/07/2017 18:20,COMPLETE,25/07/2017 14:55,26/07/2017 21:21,28/07/2017
ZA-00004605,ZAC0009797,23/07/2017 21:37,COMPLETE,24/07/2017 13:43,27/07/2017 16:40,29/07/2017
ZA-00004606,ZAC0018801,23/07/2017 07:28,COMPLETE,23/07/2017 21:08,29/07/2017 04:05,26/07/2017
ZA-00004607,ZAC0017966,23/07/2017 07:25,COMPLETE,25/07/2017 23:08,27/07/2017 12:47,29/07/2017
ZA-00004608,ZAC0001500,23/07/2017 06:44,COMPLETE,24/07/2017 13:16,30/07/2017 14:39,27/07/2017
ZA-00004609,ZAC0008436,23/07/2017 06:27,COMPLETE,23/07/2017 20:44,30/07/2017 00:05,28/07/2017
ZA-00004610,ZAC0016967,23/07/2017 07:47,COMPLETE,24/07/2017 07:09,04/08/2017 13:00,27/07/2017
ZA-00004611,ZAC0023530,23/07/2017 17:31,COMPLETE,26/07/2017 13:30,30/07/2017 10:29,02/08/2017
ZA-00004612,ZAC0015815,23/07/2017 17:08,COMPLETE,28/07/2017 06:39,29/07/2017 06:53,01/08/2017
ZA-00004613,ZAC0013695,23/07/2017 11:09,COMPLETE,24/07/2017 01:22,29/07/2017 14:21,29/07/2017
ZA-00004614,ZAC0023566,23/07/2017 15:48,COMPLETE,24/07/2017 17:45,25/07/2017 16:18,03/08/2017
ZA-00004615,ZAC0000389,23/07/2017 14:09,COMPLETE,24/07/2017 03:02,27/07/2017 13:18,28/07/2017
ZA-00004616,ZAC0009732,23/07/2017 11:19,COMPLETE,29/07/2017 11:36,31/07/2017 11:19,05/08/2017
ZA-00004617,ZAC0023824,23/07/2017 20:58,COMPLETE,24/07/2017 12:35,02/08/2017 11:27,28/07/2017
ZA-00004618,ZAC0016204,23/07/2017 15:13,COMPLETE,24/07/2017 21:41,04/08/2017 07:28,27/07/2017
ZA-00004619,ZAC0008719,23/07/2017 09:10,COMPLETE,30/07/2017 04:06,04/08/2017 06:38,06/08/2017
ZA-00004620,ZAC0023026,23/07/2017 20:44,COMPLETE,24/07/2017 17:35,31/07/2017 02:31,28/07/2017
ZA-00004621,ZAC0001853,23/07/2017 22:00,COMPLETE,24/07/2017 04:03,26/07/2017 15:39,29/07/2017
ZA-00004622,ZAC0000844,23/07/2017 07:08,COMPLETE,25/07/2017 10:22,28/07/2017 14:28,01/08/2017
ZA-00004623,ZAC0016941,23/07/2017 14:01,CANCELLED,,,
ZA-00004624,ZAC0013810,23/07/2017 15:31,COMPLETE,30/07/2017 04:16,02/08/2017 13:00,06/08/2017
ZA-00004625,ZAC0005042,23/07/2017 09:47,COMPLETE,25/07/2017 03:02,29/07/2017 03:59,01/08/2017
ZA-00004626,ZAC0006986,23/07/2017 09:23,COMPLETE,26/07/2017 06:48,04/08/2017 09:53,02/08/2017
ZA-00004627,ZAC0019271,23/07/2017 20:23,COMPLETE,24/07/2017 21:01,26/07/2017 13:58,29/07/2017
ZA-00004628,ZAC0001761,23/07/2017 13:48,COMPLETE,24/07/2017 10:04,04/08/2017 16:38,27/07/2017
ZA-00004629,ZAC0023636,23/07/2017 12:36,COMPLETE,26/07/2017 18:42,29/07/2017 17:38,29/07/2017
ZA-00004630,ZAC0012084,23/07/2017 08:09,COMPLETE,23/07/2017 16:47,30/07/2017 08:37,26/07/2017
ZA-00004631,ZAC0003402,23/07/2017 07:04,COMPLETE,25/07/2017 16:34,27/07/2017 09:13,30/07/2017
ZA-00004632,ZAC0001267,23/07/2017 17:42,COMPLETE,27/07/2017 12:44,06/08/2017 21:32,03/08/2017
ZA-00004633,ZAC0013214,23/07/2017 15:20,COMPLETE,25/07/2017 02:24,26/07/2017 17:14,01/08/2017
ZA-00004634,ZAC0022715,23/07/2017 07:55,COMPLETE,23/07/2017 15:07,24/07/2017 23:27,27/07/2017
ZA-00004635,ZAC0009350,23/07/2017 16:59,COMPLETE,26/07/2017 04:52,27/07/2017 02:58,31/07/2017
ZA-00004636,ZAC0013435,24/07/2017 18:59,COMPLETE,27/07/2017 14:05,31/07/2017 15:06,01/08/2017
ZA-00004637,ZAC0012870,24/07/2017 14:08,COMPLETE,27/07/2017 12:04,03/08/2017 00:01,31/07/2017
ZA-00004638,ZAC0003054,24/07/2017 20:24,COMPLETE,26/07/2017 21:23,04/08/2017 23:56,30/07/2017
ZA-00004639,ZAC0002832,24/07/2017 14:42,COMPLETE,28/07/2017 03:59,03/08/2017 05:27,01/08/2017
ZA-00004640,ZAC0000920,24/07/2017 17:19,COMPLETE,25/07/2017 20:06,28/07/2017 19:02,30/07/2017
ZA-00004641,ZAC0003648,24/07/2017 13:48,COMPLETE,26/07/2017 11:04,28/07/2017 14:38,31/07/2017
ZA-00004642,ZAC0017887,24/07/2017 20:31,PENDING,,,
ZA-00004643,ZAC0000870,24/07/2017 07:30,COMPLETE,25/07/2017 04:16,27/07/2017 22:45,28/07/2017
ZA-00004644,ZAC0009758,24/07/2017 19:51,COMPLETE,25/07/2017 12:58,28/07/2017 05:42,30/07/2017
ZA-00004645,ZAC0010248,24/07/2017 13:07,COMPLETE,25/07/2017 20:52,28/07/2017 20:19,04/08/2017
ZA-00004646,ZAC0013321,24/07/2017 07:54,CANCELLED,,,
ZA-00004647,ZAC0003978,24/07/2017 12:11,COMPLETE,26/07/2017 23:51,03/08/2017 14:01,29/07/2017
ZA-00004648,ZAC0009872,24/07/2017 16:00,COMPLETE,01/08/2017 05:20,07/08/2017 20:03,05/08/2017
ZA-00004649,ZAC0012536,24/07/2017 21:22,COMPLETE,26/07/2017 15:30,05/08/2017 03:41,02/08/2017
ZA-00004650,ZAC0021602,24/07/2017 12:33,COMPLETE,25/07/2017 06:38,27/07/2017 22:43,28/07/2017
ZA-00004651,ZAC0000567,24/07/2017 13:28,COMPLETE,29/07/2017 09:57,04/08/2017 07:22,03/08/2017
ZA-00004652,ZAC0017110,24/07/2017 07:18,CANCELLED,,,
ZA-00004653,ZAC0014265,24/07/2017 22:11,COMPLETE,25/07/2017 09:03,28/07/2017 21:55,29/07/2017
ZA-00004654,ZAC0008335,24/07/2017 17:54,COMPLETE,25/07/2017 13:10,01/08/2017 19:51,01/08/2017
ZA-00004655,ZAC0015148,24/07/2017 13:17,COMPLETE,28/07/2017 09:59,06/08/2017 04:14,02/08/2017
ZA-00004656,ZAC0007527,24/07/2017 21:18,COMPLETE,28/07/2017 15:55,09/08/2017 05:21,31/07/2017
ZA-00004657,ZAC0007784,24/07/2017 20:46,COMPLETE,25/07/2017 16:05,30/07/2017 11:40,30/07/2017
ZA-00004658,ZAC0014014,24/07/2017 16:35,COMPLETE,28/07/2017 17:07,02/08/2017 16:18,01/08/2017
ZA-00004659,ZAC0000105,24/07/2017 06:33,COMPLETE,25/07/2017 19:17,27/07/2017 13:34,01/08/2017
ZA-00004660,ZAC0005761,24/07/2017 06:34,COMPLETE,25/07/2017 21:35,29/07/2017 19:48,30/07/2017
ZA-00004661,ZAC0002581,24/07/2017 09:23,COMPLETE,28/07/2017 09:21,29/07/2017 09:15,31/07/2017
ZA-00004662,ZAC0001392,24/07/2017 17:49,CANCELLED,,,
ZA-00004663,ZAC0000684,24/07/2017 16:59,DISPATCHED,28/07/2017 14:46,,02/08/2017
ZA-00004664,ZAC0013703,24/07/2017 10:56,COMPLETE,25/07/2017 11:49,27/07/2017 13:17,04/08/2017
ZA-00004665,ZAC0000850,24/07/2017 10:49,COMPLETE,25/07/2017 18:26,28/07/2017 22:52,29/07/2017
ZA-00004666,ZAC0013151,24/07/2017 06:02,COMPLETE,24/07/2017 17:58,26/07/2017 12:26,29/07/2017
ZA-00004667,ZAC0012195,24/07/2017 08:02,COMPLETE,26/07/2017 13:53,05/08/2017 21:33,31/07/2017
ZA-00004668,ZAC0007259,24/07/2017 19:16,CANCELLED,,,
ZA-00004669,ZAC0012613,24/07/2017 13:54,COMPLETE,24/07/2017 18:24,31/07/2017 02:57,03/08/2017
ZA-00004670,ZAC0001094,24/07/2017 16:37,COMPLETE,26/07/2017 03:06,27/07/2017 14:10,30/07/2017
ZA-00004671,ZAC0022713,24/07/2017 14:45,COMPLETE,28/07/2017 09:54,02/08/2017 23:20,01/08/2017
ZA-00004672,ZAC0013492,24/07/2017 18:43,COMPLETE,27/07/2017 13:57,30/07/2017 22:05,31/07/2017
ZA-00004673,ZAC0009770,24/07/2017 22:11,COMPLETE,25/07/2017 05:35,25/07/2017 15:22,29/07/2017
ZA-00004674,ZAC0006402,24/07/2017 10:32,COMPLETE,26/07/2017 08:31,28/07/2017 08:10,29/07/2017
ZA-00004675,ZAC0015324,24/07/2017 09:45,COMPLETE,25/07/2017 14:21,27/07/2017 15:57,04/08/2017
ZA-00004676,ZAC0007255,24/07/2017 07:32,DISPATCHED,25/07/2017 21:49,,28/07/2017
ZA-00004677,ZAC0008030,25/07/2017 10:56,COMPLETE,26/07/2017 12:04,27/07/2017 18:53,29/07/2017
ZA-00004678,ZAC0011381,25/07/2017 06:36,COMPLETE,27/07/2017 20:25,03/08/2017 21:25,31/07/2017
ZA-00004679,ZAC0023057,25/07/2017 15:32,COMPLETE,26/07/2017 16:11,27/07/2017 16:20,29/07/2017
ZA-00004680,ZAC0020846,25/07/2017 21:35,COMPLETE,29/07/2017 20:43,02/08/2017 05:00,03/08/2017
ZA-00004681,ZAC0020053,25/07/2017 16:41,COMPLETE,27/07/2017 23:42,01/08/2017 21:32,30/07/2017
ZA-00004682,ZAC0019685,25/07/2017 19:45,COMPLETE,26/07/2017 12:57,31/07/2017 02:54,29/07/2017
ZA-00004683,ZAC0017399,25/07/2017 12:16,COMPLETE,29/07/2017 16:59,05/08/2017 03:20,02/08/2017
ZA-00004684,ZAC0009073,25/07/2017 15:11,COMPLETE,29/07/2017 01:34,06/08/2017 03:17,05/08/2017
ZA-00004685,ZAC0011506,25/07/2017 21:51,COMPLETE,29/07/2017 16:19,01/08/2017 23:25,01/08/2017
ZA-00004686,ZAC0022234,25/07/2017 14:21,COMPLETE,27/07/2017 17:32,05/08/2017 22:02,30/07/2017
ZA-00004687,ZAC0014602,25/07/2017 21:27,COMPLETE,27/07/2017 10:37,29/07/2017 18:08,31/07/2017
ZA-00004688,ZAC0016436,25/07/2017 12:22,COMPLETE,27/07/2017 21:29,28/07/2017 16:38,03/08/2017
ZA-00004689,ZAC0022033,25/07/2017 11:27,DISPATCHED,26/07/2017 12:41,,30/07/2017
ZA-00004690,ZAC0018565,25/07/2017 18:38,COMPLETE,28/07/2017 11:00,07/08/2017 03:38,07/08/2017
ZA-00004691,ZAC0010105,25/07/2017 10:37,COMPLETE,27/07/2017 18:10,28/07/2017 12:53,01/08/2017
ZA-00004692,ZAC0012531,25/07/2017 09:47,COMPLETE,28/07/2017 06:08,29/07/2017 08:26,04/08/2017
ZA-00004693,ZAC0018612,25/07/2017 19:10,COMPLETE,26/07/2017 23:50,01/08/2017 09:07,02/08/2017
ZA-00004694,ZAC0007685,25/07/2017 20:59,COMPLETE,03/08/2017 22:29,05/08/2017 17:02,08/08/2017
ZA-00004695,ZAC0005081,25/07/2017 22:41,COMPLETE,27/07/2017 04:53,28/07/2017 06:46,31/07/2017
ZA-00004696,ZAC0002170,25/07/2017 12:31,COMPLETE,25/07/2017 20:08,31/07/2017 12:02,01/08/2017
ZA-00004697,ZAC0013294,25/07/2017 08:06,DISPATCHED,27/07/2017 18:44,,06/08/2017
ZA-00004698,ZAC0017368,25/07/2017 16:23,COMPLETE,04/08/2017 18:16,07/08/2017 03:20,07/08/2017
ZA-00004699,ZAC0013115,25/07/2017 21:08,COMPLETE,28/07/2017 02:13,08/08/2017 08:55,04/08/2017
ZA-00004700,ZAC0023164,25/07/2017 13:33,COMPLETE,27/07/2017 12:16,02/08/2017 06:27,30/07/2017
ZA-00004701,ZAC0018218,25/07/2017 06:10,COMPLETE,25/07/2017 23:06,06/08/2017 15:02,29/07/2017
ZA-00004702,ZAC0018097,25/07/2017 22:23,DISPATCHED,28/07/2017 21:23,,02/08/2017
ZA-00004703,ZAC0012559,25/07/2017 16:06,COMPLETE,27/07/2017 23:15,04/08/2017 21:15,30/07/2017
ZA-00004704,ZAC0006124,25/07/2017 22:13,COMPLETE,28/07/2017 22:23,02/08/2017 04:16,04/08/2017
ZA-00004705,ZAC0001032,25/07/2017 12:25,COMPLETE,27/07/2017 12:38,01/08/2017 22:32,31/07/2017
ZA-00004706,ZAC0016639,25/07/2017 13:43,COMPLETE,26/07/2017 17:53,29/07/2017 01:16,29/07/2017
ZA-00004707,ZAC0004184,25/07/2017 21:52,COMPLETE,27/07/2017 02:29,03/08/2017 13:45,30/07/2017
ZA-00004708,ZAC0008477,25/07/2017 22:28,COMPLETE,27/07/2017 23:43,01/08/2017 21:39,01/08/2017
ZA-00004709,ZAC0022805,25/07/2017 08:03,COMPLETE,28/07/2017 06:14,01/08/2017 07:57,01/08/2017
ZA-00004710,ZAC0007380,25/07/2017 06:58,DISPATCHED,25/07/2017 21:24,,28/07/2017
ZA-00004711,ZAC0021731,25/07/2017 17:29,COMPLETE,26/07/2017 07:26,28/07/2017 02:22,29/07/2017
ZA-00004712,ZAC0022038,25/07/2017 13:36,COMPLETE,26/07/2017 20:19,29/07/2017 07:27,05/08/2017
ZA-00004713,ZAC0009969,25/07/2017 18:44,CANCELLED,,,
ZA-00004714,ZAC0020026,25/07/2017 13:30,COMPLETE,27/07/2017 03:26,01/08/2017 00:50,30/07/2017
ZA-00004715,ZAC0018084,25/07/2017 07:39,COMPLETE,27/07/2017 09:53,01/08/2017 01:24,31/07/2017
ZA-00004716,ZAC0003522,25/07/2017 06:09,COMPLETE,26/07/2017 17:58,01/08/2017 00:16,30/07/2017
ZA-00004717,ZAC0006331,25/07/2017 14:46,COMPLETE,26/07/2017 10:37,31/07/2017 10:37,02/08/2017
ZA-00004718,ZAC0017183,25/07/2017 15:55,COMPLETE,02/08/2017 15:47,10/08/2017 12:01,07/08/2017
ZA-00004719,ZAC0021394,25/07/2017 15:43,COMPLETE,26/07/2017 22:53,28/07/2017 03:12,29/07/2017
ZA-00004720,ZAC0014188,25/07/2017 16:29,COMPLETE,28/07/2017 08:39,01/08/2017 08:36,04/08/2017
ZA-00004721,ZAC0007388,25/07/2017 18:10,COMPLETE,29/07/2017 07:28,02/08/2017 05:08,01/08/2017
ZA-00004722,ZAC0011174,25/07/2017 14:46,COMPLETE,27/07/2017 11:32,01/08/2017 01:07,03/08/2017
ZA-00004723,ZAC0016304,26/07/2017 22:47,COMPLETE,27/07/2017 14:38,02/08/2017 03:05,30/07/2017
ZA-00004724,ZAC0010607,26/07/2017 06:58,COMPLETE,29/07/2017 08:54,02/08/2017 06:21,01/08/2017
ZA-00004725,ZAC0023308,26/07/2017 09:35,COMPLETE,29/07/2017 19:43,04/08/2017 08:28,03/08/2017
ZA-00004726,ZAC0012160,26/07/2017 20:25,COMPLETE,29/07/2017 07:10,31/07/2017 23:29,03/08/2017
ZA-00004727,ZAC0011915,26/07/2017 13:01,COMPLETE,27/07/2017 08:20,29/07/2017 14:58,06/08/2017
ZA-00004728,ZAC0006925,26/07/2017 14:22,COMPLETE,27/07/2017 09:22,30/07/2017 16:47,31/07/2017
ZA-00004729,ZAC0015624,26/07/2017 09:11,COMPLETE,29/07/2017 15:50,03/08/2017 23:48,03/08/2017
ZA-00004730,ZAC0006411,26/07/2017 18:33,RETURNED,31/07/2017 20:14,07/08/2017 04:49,04/08/2017
ZA-00004731,ZAC0017028,26/07/2017 16:54,DISPATCHED,28/07/2017 23:05,,02/08/2017
ZA-00004732,ZAC0006482,26/07/2017 09:19,COMPLETE,26/07/2017 21:16,28/07/2017 17:32,31/07/2017
ZA-00004733,ZAC0005225,26/07/2017 08:19,COMPLETE,29/07/2017 08:05,04/08/2017 19:40,08/08/2017
ZA-00004734,ZAC0011741,26/07/2017 07:19,COMPLETE,27/07/2017 20:16,28/07/2017 12:11,01/08/2017
ZA-00004735,ZAC0023131,26/07/2017 13:46,COMPLETE,28/07/2017 17:11,30/07/2017 08:38,02/08/2017
ZA-00004736,ZAC0013428,26/07/2017 20:47,COMPLETE,27/07/2017 23:27,01/08/2017 06:22,03/08/2017
ZA-00004737,ZAC0023249,26/07/2017 19:16,COMPLETE,28/07/2017 03:28,31/07/2017 12:19,04/08/2017
ZA-00004738,ZAC0022428,26/07/2017 18:01,COMPLETE,27/07/2017 21:35,02/08/2017 16:43,30/07/2017
ZA-00004739,ZAC0012483,26/07/2017 16:53,COMPLETE,27/07/2017 20:05,04/08/2017 01:10,31/07/2017
ZA-00004740,ZAC0002823,26/07/2017 18:45,COMPLETE,28/07/2017 03:19,31/07/2017 00:55,31/07/2017
ZA-00004741,ZAC0022397,26/07/2017 11:04,COMPLETE,30/07/2017 21:13,01/08/2017 08:34,04/08/2017
ZA-00004742,ZAC0002682,26/07/2017 20:31,COMPLETE,28/07/2017 09:36,01/08/2017 03:24,01/08/2017
ZA-00004743,ZAC0009331,26/07/2017 14:17,COMPLETE,27/07/2017 16:12,29/07/2017 15:22,03/08/2017
ZA-00004744,ZAC0018188,26/07/2017 09:04,COMPLETE,28/07/2017 03:12,02/08/2017 23:51,04/08/2017
ZA-00004745,ZAC0018841,26/07/2017 08:10,COMPLETE,28/07/2017 12:22,30/07/2017 04:32,04/08/2017
ZA-00004746,ZAC0007208,26/07/2017 12:52,COMPLETE,27/07/2017 03:24,04/08/2017 11:29,31/07/2017
ZA-00004747,ZAC0018409,26/07/2017 15:31,COMPLETE,27/07/2017 02:40,07/08/2017 15:12,06/08/2017
ZA-00004748,ZAC0017864,26/07/2017 10:15,COMPLETE,29/07/2017 18:59,30/07/2017 23:09,02/08/2017
ZA-00004749,ZAC0015341,26/07/2017 07:13,COMPLETE,28/07/2017 02:42,03/08/2017 13:57,02/08/2017
ZA-00004750,ZAC0021239,26/07/2017 09:17,PENDING,,,
ZA-00004751,ZAC0005651,26/07/2017 15:26,COMPLETE,28/07/2017 22:33,30/07/2017 18:11,01/08/2017
ZA-00004752,ZAC0009827,26/07/2017 17:13,COMPLETE,29/07/2017 10:11,31/07/2017 00:26,05/08/2017
ZA-00004753,ZAC0016832,26/07/2017 12:14,COMPLETE,27/07/2017 19:26,29/07/2017 06:36,03/08/2017
ZA-00004754,ZAC0004105,26/07/2017 07:25,COMPLETE,28/07/2017 07:54,30/07/2017 22:22,31/07/2017
ZA-00004755,ZAC0001671,26/07/2017 17:12,COMPLETE,28/07/2017 19:18,31/07/2017 05:58,01/08/2017
ZA-00004756,ZAC0023202,26/07/2017 08:18,COMPLETE,26/07/2017 15:01,31/07/2017 09:40,30/07/2017
ZA-00004757,ZAC0000812,26/07/2017 10:28,COMPLETE,29/07/2017 21:12,01/08/2017 00:55,01/08/2017
ZA-00004758,ZAC0023919,26/07/2017 19:51,COMPLETE,27/07/2017 15:16,06/08/2017 13:47,30/07/2017
ZA-00004759,ZAC0007166,27/07/2017 11:38,COMPLETE,27/07/2017 16:11,31/07/2017 23:30,31/07/2017
ZA-00004760,ZAC0019707,27/07/2017 08:16,COMPLETE,01/08/2017 04:54,06/08/2017 13:24,08/08/2017
ZA-00004761,ZAC0001247,27/07/2017 10:46,COMPLETE,27/07/2017 19:00,01/08/2017 18:14,01/08/2017
ZA-00004762,ZAC0022461,27/07/2017 18:53,COMPLETE,29/07/2017 22:49,03/08/2017 05:43,02/08/2017
ZA-00004763,ZAC0013956,27/07/2017 07:46,COMPLETE,28/07/2017 18:14,01/08/2017 02:45,31/07/2017
ZA-00004764,ZAC0007586,27/07/2017 09:45,COMPLETE,27/07/2017 23:14,30/07/2017 11:22,01/08/2017
ZA-00004765,ZAC0022409,27/07/2017 14:31,COMPLETE,30/07/2017 09:49,08/08/2017 18:41,03/08/2017
ZA-00004766,ZAC0022327,27/07/2017 19:03,COMPLETE,31/07/2017 22:38,05/08/2017 10:10,05/08/2017
ZA-00004767,ZAC0022594,27/07/2017 17:47,COMPLETE,29/07/2017 04:06,03/08/2017 00:52,02/08/2017
ZA-00004768,ZAC0014113,27/07/2017 17:17,COMPLETE,29/07/2017 02:26,01/08/2017 09:26,03/08/2017
ZA-00004769,ZAC0005984,27/07/2017 17:38,COMPLETE,31/07/2017 01:34,04/08/2017 08:47,04/08/2017
ZA-00004770,ZAC0005541,27/07/2017 09:27,COMPLETE,02/08/2017 01:42,10/08/2017 11:23,06/08/2017
ZA-00004771,ZAC0010417,27/07/2017 22:02,COMPLETE,30/07/2017 22:45,08/08/2017 19:10,06/08/2017
ZA-00004772,ZAC0011326,27/07/2017 20:22,COMPLETE,28/07/2017 17:18,01/08/2017 14:16,04/08/2017
ZA-00004773,ZAC0007523,27/07/2017 22:58,COMPLETE,28/07/2017 13:48,30/07/2017 16:38,02/08/2017
ZA-00004774,ZAC0001858,27/07/2017 18:26,COMPLETE,28/07/2017 18:19,04/08/2017 11:41,02/08/2017
ZA-00004775,ZAC0014746,27/07/2017 17:35,COMPLETE,30/07/2017 21:58,01/08/2017 06:50,03/08/2017
ZA-00004776,ZAC0020234,27/07/2017 14:02,COMPLETE,31/07/2017 13:01,06/08/2017 02:45,07/08/2017
ZA-00004777,ZAC0017277,27/07/2017 17:33,COMPLETE,01/08/2017 07:46,05/08/2017 22:24,06/08/2017
ZA-00004778,ZAC0001285,27/07/2017 16:07,COMPLETE,29/07/2017 16:32,02/08/2017 03:05,02/08/2017
ZA-00004779,ZAC0015775,27/07/2017 09:00,COMPLETE,28/07/2017 03:52,07/08/2017 22:53,31/07/2017
ZA-00004780,ZAC0016230,27/07/2017 22:52,COMPLETE,02/08/2017 21:30,04/08/2017 04:06,06/08/2017
ZA-00004781,ZAC0002466,27/07/2017 20:18,COMPLETE,28/07/2017 09:01,02/08/2017 05:51,01/08/2017
ZA-00004782,ZAC0022406,27/07/2017 18:41,COMPLETE,02/08/2017 10:32,06/08/2017 01:55,06/08/2017
ZA-00004783,ZAC0015922,27/07/2017 09:45,COMPLETE,27/07/2017 20:39,08/08/2017 21:18,30/07/2017
ZA-00004784,ZAC0023680,27/07/2017 11:26,COMPLETE,28/07/2017 17:47,29/07/2017 23:48,07/08/2017
ZA-00004785,ZAC0016911,27/07/2017 10:27,COMPLETE,28/07/2017 16:22,02/08/2017 03:10,04/08/2017
ZA-00004786,ZAC0003033,27/07/2017 06:09,COMPLETE,29/07/2017 05:19,30/07/2017 13:03,03/08/2017
ZA-00004787,ZAC0002101,27/07/2017 18:11,COMPLETE,30/07/2017 10:05,31/07/2017 20:15,03/08/2017
ZA-00004788,ZAC0006041,27/07/2017 16:04,COMPLETE,29/07/2017 00:28,05/08/2017 14:35,05/08/2017
ZA-00004789,ZAC0011335,27/07/2017 11:15,COMPLETE,29/07/2017 07:44,31/07/2017 19:05,02/08/2017
ZA-00004790,ZAC0016603,27/07/2017 16:02,COMPLETE,31/07/2017 02:23,11/08/2017 13:36,03/08/2017
ZA-00004791,ZAC0004229,27/07/2017 18:47,COMPLETE,28/07/2017 03:52,30/07/2017 15:40,01/08/2017
ZA-00004792,ZAC0001164,28/07/2017 21:52,COMPLETE,01/08/2017 07:44,09/08/2017 13:52,05/08/2017
ZA-00004793,ZAC0004626,28/07/2017 10:59,COMPLETE,02/08/2017 06:55,11/08/2017 17:06,05/08/2017
ZA-00004794,ZAC0008986,28/07/2017 16:43,COMPLETE,31/07/2017 07:22,04/08/2017 02:56,04/08/2017
ZA-00004795,ZAC0014766,28/07/2017 20:59,COMPLETE,29/07/2017 09:02,01/08/2017 09:06,02/08/2017
ZA-00004796,ZAC0000617,28/07/2017 21:53,COMPLETE,03/08/2017 03:28,07/08/2017 19:02,13/08/2017
ZA-00004797,ZAC0000254,28/07/2017 12:07,COMPLETE,30/07/2017 20:50,01/08/2017 22:58,02/08/2017
ZA-00004798,ZAC0020692,28/07/2017 11:37,COMPLETE,29/07/2017 21:17,05/08/2017 20:03,05/08/2017
ZA-00004799,ZAC0011273,28/07/2017 10:15,COMPLETE,02/08/2017 12:31,10/08/2017 13:36,06/08/2017
ZA-00004800,ZAC0005388,28/07/2017 22:15,CANCELLED,,,
ZA-00004801,ZAC0007411,28/07/2017 07:41,COMPLETE,29/07/2017 21:35,02/08/2017 01:09,03/08/2017
ZA-00004802,ZAC0014229,28/07/2017 20:21,COMPLETE,30/07/2017 08:03,06/08/2017 03:24,03/08/2017
ZA-00004803,ZAC0011735,28/07/2017 16:41,COMPLETE,31/07/2017 00:03,31/07/2017 02:26,10/08/2017
ZA-00004804,ZAC0020619,28/07/2017 10:41,COMPLETE,30/07/2017 08:12,01/08/2017 16:49,03/08/2017
ZA-00004805,ZAC0008046,28/07/2017 19:58,RETURNED,30/07/2017 01:30,30/07/2017 16:18,04/08/2017
ZA-00004806,ZAC0023464,28/07/2017 15:57,COMPLETE,31/07/2017 17:09,03/08/2017 03:13,04/08/2017
ZA-00004807,ZAC0000602,28/07/2017 20:55,COMPLETE,30/07/2017 16:45,04/08/2017 12:49,06/08/2017
ZA-00004808,ZAC0016203,28/07/2017 11:20,COMPLETE,01/08/2017 15:03,11/08/2017 01:13,06/08/2017
ZA-00004809,ZAC0003232,28/07/2017 17:46,COMPLETE,01/08/2017 18:56,18/08/2017 09:45,05/08/2017
ZA-00004810,ZAC0010059,28/07/2017 09:31,COMPLETE,28/07/2017 17:23,31/07/2017 16:11,02/08/2017
ZA-00004811,ZAC0002646,28/07/2017 13:29,COMPLETE,30/07/2017 02:20,03/08/2017 09:27,03/08/2017
ZA-00004812,ZAC0007768,28/07/2017 06:57,COMPLETE,28/07/2017 21:35,02/08/2017 00:48,02/08/2017
ZA-00004813,ZAC0000376,28/07/2017 13:33,COMPLETE,31/07/2017 10:36,08/08/2017 18:57,05/08/2017
ZA-00004814,ZAC0010089,28/07/2017 11:41,COMPLETE,03/08/2017 15:55,10/08/2017 15:02,10/08/2017
ZA-00004815,ZAC0015927,28/07/2017 21:37,COMPLETE,29/07/2017 23:42,01/08/2017 07:24,02/08/2017
ZA-00004816,ZAC0001843,28/07/2017 11:50,COMPLETE,01/08/2017 07:58,08/08/2017 01:23,05/08/2017
ZA-00004817,ZAC0023920,28/07/2017 10:16,COMPLETE,28/07/2017 22:01,31/07/2017 12:56,01/08/2017
ZA-00004818,ZAC0002401,28/07/2017 09:02,COMPLETE,01/08/2017 09:28,08/08/2017 05:56,11/08/2017
ZA-00004819,ZAC0004326,28/07/2017 18:21,COMPLETE,29/07/2017 12:13,31/07/2017 16:34,02/08/2017
ZA-00004820,ZAC0013294,28/07/2017 13:29,CANCELLED,,,
ZA-00004821,ZAC0002548,28/07/2017 15:21,COMPLETE,30/07/2017 09:37,04/08/2017 04:29,09/08/2017
ZA-00004822,ZAC0022512,28/07/2017 16:13,COMPLETE,31/07/2017 08:00,02/08/2017 17:07,07/08/2017
ZA-00004823,ZAC0022520,28/07/2017 08:37,COMPLETE,31/07/2017 08:26,07/08/2017 23:38,03/08/2017
ZA-00004824,ZAC0010899,28/07/2017 10:03,COMPLETE,29/07/2017 19:50,30/07/2017 11:18,03/08/2017
ZA-00004825,ZAC0018319,28/07/2017 17:46,COMPLETE,30/07/2017 14:39,31/07/2017 04:41,02/08/2017
ZA-00004826,ZAC0014101,28/07/2017 09:05,COMPLETE,30/07/2017 09:58,31/07/2017 18:33,09/08/2017
ZA-00004827,ZAC0007669,28/07/2017 19:47,COMPLETE,29/07/2017 22:41,02/08/2017 01:50,03/08/2017
ZA-00004828,ZAC0001631,28/07/2017 20:18,COMPLETE,05/08/2017 01:41,05/08/2017 22:02,08/08/2017
ZA-00004829,ZAC0007432,29/07/2017 11:30,COMPLETE,01/08/2017 04:43,02/08/2017 18:57,05/08/2017
ZA-00004830,ZAC0002143,29/07/2017 08:34,COMPLETE,04/08/2017 05:43,07/08/2017 08:34,09/08/2017
ZA-00004831,ZAC0010121,29/07/2017 18:15,COMPLETE,06/08/2017 01:43,11/08/2017 18:46,11/08/2017
ZA-00004832,ZAC0011875,29/07/2017 17:38,COMPLETE,31/07/2017 09:00,04/08/2017 08:18,05/08/2017
ZA-00004833,ZAC0010867,29/07/2017 09:37,COMPLETE,31/07/2017 14:18,03/08/2017 21:07,07/08/2017
ZA-00004834,ZAC0020624,29/07/2017 21:24,COMPLETE,30/07/2017 05:00,03/08/2017 06:01,04/08/2017
ZA-00004835,ZAC0008291,29/07/2017 22:02,COMPLETE,30/07/2017 18:20,03/08/2017 11:55,06/08/2017
ZA-00004836,ZAC0016428,29/07/2017 06:11,COMPLETE,02/08/2017 01:39,05/08/2017 21:06,06/08/2017
ZA-00004837,ZAC0003812,29/07/2017 20:25,COMPLETE,31/07/2017 04:05,10/08/2017 15:10,04/08/2017
ZA-00004838,ZAC0022345,29/07/2017 07:45,COMPLETE,29/07/2017 20:17,02/08/2017 14:18,01/08/2017
ZA-00004839,ZAC0018409,29/07/2017 22:24,COMPLETE,30/07/2017 17:25,04/08/2017 07:39,06/08/2017
ZA-00004840,ZAC0005943,29/07/2017 06:05,COMPLETE,01/08/2017 12:33,05/08/2017 15:44,04/08/2017
ZA-00004841,ZAC0016141,29/07/2017 06:09,COMPLETE,02/08/2017 23:15,03/08/2017 08:34,06/08/2017
ZA-00004842,ZAC0014481,29/07/2017 12:38,COMPLETE,01/08/2017 19:46,02/08/2017 03:48,08/08/2017
ZA-00004843,ZAC0010346,29/07/2017 13:48,COMPLETE,29/07/2017 19:44,01/08/2017 16:45,03/08/2017
ZA-00004844,ZAC0022761,29/07/2017 13:37,COMPLETE,02/08/2017 02:57,02/08/2017 15:44,07/08/2017
ZA-00004845,ZAC0003224,29/07/2017 20:11,COMPLETE,30/07/2017 00:27,02/08/2017 08:28,06/08/2017
ZA-00004846,ZAC0014620,29/07/2017 12:44,COMPLETE,02/08/2017 20:11,03/08/2017 21:02,09/08/2017
ZA-00004847,ZAC0010319,29/07/2017 11:29,COMPLETE,31/07/2017 02:46,07/08/2017 12:11,03/08/2017
ZA-00004848,ZAC0006815,29/07/2017 08:36,COMPLETE,01/08/2017 13:01,10/08/2017 13:31,06/08/2017
ZA-00004849,ZAC0019020,29/07/2017 12:11,COMPLETE,31/07/2017 20:11,03/08/2017 21:55,04/08/2017
ZA-00004850,ZAC0016620,29/07/2017 22:40,COMPLETE,03/08/2017 18:34,05/08/2017 15:55,07/08/2017
ZA-00004851,ZAC0017140,29/07/2017 15:47,COMPLETE,31/07/2017 21:39,06/08/2017 04:32,03/08/2017
ZA-00004852,ZAC0005993,29/07/2017 09:50,COMPLETE,30/07/2017 12:27,02/08/2017 21:02,04/08/2017
ZA-00004853,ZAC0017286,29/07/2017 07:30,COMPLETE,31/07/2017 07:35,02/08/2017 23:29,07/08/2017
ZA-00004854,ZAC0019061,29/07/2017 18:15,COMPLETE,03/08/2017 16:30,20/08/2017 13:13,06/08/2017
ZA-00004855,ZAC0000144,29/07/2017 15:24,COMPLETE,06/08/2017 18:03,12/08/2017 22:33,10/08/2017
ZA-00004856,ZAC0013238,29/07/2017 06:34,COMPLETE,30/07/2017 22:21,02/08/2017 18:09,09/08/2017
ZA-00004857,ZAC0015325,29/07/2017 13:20,COMPLETE,02/08/2017 03:39,13/08/2017 07:22,06/08/2017
ZA-00004858,ZAC0014504,29/07/2017 15:50,COMPLETE,02/08/2017 16:19,08/08/2017 08:12,06/08/2017
ZA-00004859,ZAC0013940,29/07/2017 18:50,COMPLETE,31/07/2017 07:00,13/08/2017 11:20,03/08/2017
ZA-00004860,ZAC0020561,29/07/2017 19:27,COMPLETE,30/07/2017 21:00,01/08/2017 00:02,09/08/2017
ZA-00004861,ZAC0003031,29/07/2017 08:10,COMPLETE,31/07/2017 13:25,03/08/2017 23:07,07/08/2017
ZA-00004862,ZAC0008411,30/07/2017 17:49,COMPLETE,31/07/2017 08:18,05/08/2017 19:42,05/08/2017
ZA-00004863,ZAC0007302,30/07/2017 18:19,COMPLETE,04/08/2017 22:48,10/08/2017 16:12,08/08/2017
ZA-00004864,ZAC0002004,30/07/2017 08:08,COMPLETE,03/08/2017 19:40,05/08/2017 18:47,07/08/2017
ZA-00004865,ZAC0009377,30/07/2017 06:38,COMPLETE,01/08/2017 07:55,06/08/2017 10:28,05/08/2017
ZA-00004866,ZAC0008293,30/07/2017 07:18,COMPLETE,31/07/2017 22:39,04/08/2017 15:31,04/08/2017
ZA-00004867,ZAC0020018,30/07/2017 07:12,COMPLETE,30/07/2017 20:46,11/08/2017 13:07,04/08/2017
ZA-00004868,ZAC0020824,30/07/2017 21:56,COMPLETE,02/08/2017 19:30,03/08/2017 14:24,07/08/2017
ZA-00004869,ZAC0010258,30/07/2017 21:38,COMPLETE,01/08/2017 19:24,11/08/2017 19:05,04/08/2017
ZA-00004870,ZAC0009656,30/07/2017 06:14,COMPLETE,03/08/2017 21:59,07/08/2017 01:56,10/08/2017
ZA-00004871,ZAC0009598,30/07/2017 09:32,COMPLETE,30/07/2017 19:39,03/08/2017 09:32,03/08/2017
ZA-00004872,ZAC0011996,30/07/2017 18:41,COMPLETE,31/07/2017 20:56,02/08/2017 16:15,07/08/2017
ZA-00004873,ZAC0021929,30/07/2017 11:22,COMPLETE,31/07/2017 15:11,02/08/2017 16:34,04/08/2017
ZA-00004874,ZAC0007559,30/07/2017 08:20,COMPLETE,01/08/2017 08:29,03/08/2017 12:55,08/08/2017
ZA-00004875,ZAC0012950,30/07/2017 17:11,DISPATCHED,05/08/2017 13:41,,10/08/2017
ZA-00004876,ZAC0002857,30/07/2017 09:24,COMPLETE,31/07/2017 20:44,04/08/2017 09:40,05/08/2017
ZA-00004877,ZAC0007468,30/07/2017 16:33,COMPLETE,02/08/2017 10:32,08/08/2017 13:03,05/08/2017
ZA-00004878,ZAC0015656,30/07/2017 15:39,COMPLETE,02/08/2017 06:00,04/08/2017 20:11,07/08/2017
ZA-00004879,ZAC0021274,30/07/2017 15:52,COMPLETE,01/08/2017 08:47,06/08/2017 00:41,06/08/2017
ZA-00004880,ZAC0006626,30/07/2017 20:27,COMPLETE,31/07/2017 20:53,04/08/2017 22:21,03/08/2017
ZA-00004881,ZAC0019153,30/07/2017 16:56,COMPLETE,09/08/2017 04:35,15/08/2017 02:11,14/08/2017
ZA-00004882,ZAC0017545,30/07/2017 19:20,COMPLETE,31/07/2017 18:38,03/08/2017 09:41,05/08/2017
ZA-00004883,ZAC0009291,30/07/2017 22:30,COMPLETE,01/08/2017 19:42,05/08/2017 03:12,05/08/2017
ZA-00004884,ZAC0002009,30/07/2017 15:49,COMPLETE,31/07/2017 11:08,03/08/2017 22:29,04/08/2017
ZA-00004885,ZAC0019111,30/07/2017 16:52,COMPLETE,02/08/2017 18:44,06/08/2017 12:44,06/08/2017
ZA-00004886,ZAC0015628,30/07/2017 10:58,COMPLETE,01/08/2017 14:51,04/08/2017 11:02,08/08/2017
ZA-00004887,ZAC0016816,30/07/2017 06:45,COMPLETE,31/07/2017 04:23,01/08/2017 07:13,07/08/2017
ZA-00004888,ZAC0010047,30/07/2017 15:36,COMPLETE,31/07/2017 19:27,05/08/2017 09:04,03/08/2017
ZA-00004889,ZAC0017054,30/07/2017 20:54,COMPLETE,01/08/2017 17:58,02/08/2017 22:33,06/08/2017
ZA-00004890,ZAC0001534,30/07/2017 15:13,COMPLETE,02/08/2017 10:05,06/08/2017 16:44,09/08/2017
ZA-00004891,ZAC0018484,30/07/2017 08:45,COMPLETE,03/08/2017 06:55,09/08/2017 19:27,10/08/2017
ZA-00004892,ZAC0008946,30/07/2017 17:08,COMPLETE,02/08/2017 00:13,06/08/2017 08:43,05/08/2017
ZA-00004893,ZAC0015013,30/07/2017 22:32,COMPLETE,01/08/2017 21:39,10/08/2017 00:05,06/08/2017
ZA-00004894,ZAC0023183,30/07/2017 19:09,COMPLETE,02/08/2017 00:33,02/08/2017 15:17,07/08/2017
ZA-00004895,ZAC0017408,30/07/2017 16:54,COMPLETE,31/07/2017 13:55,03/08/2017 16:37,10/08/2017
ZA-00004896,ZAC0023954,30/07/2017 14:04,COMPLETE,02/08/2017 10:14,11/08/2017 07:25,06/08/2017
ZA-00004897,ZAC0002082,30/07/2017 07:09,COMPLETE,31/07/2017 21:37,05/08/2017 13:15,07/08/2017
ZA-00004898,ZAC0003844,30/07/2017 08:23,COMPLETE,03/08/2017 00:23,12/08/2017 21:16,07/08/2017
ZA-00004899,ZAC0019437,30/07/2017 08:29,COMPLETE,01/08/2017 21:57,05/08/2017 23:08,11/08/2017
ZA-00004900,ZAC0011150,30/07/2017 08:44,COMPLETE,01/08/2017 09:39,06/08/2017 02:37,04/08/2017
ZA-00004901,ZAC0012829,30/07/2017 09:07,COMPLETE,03/08/2017 15:25,05/08/2017 13:57,10/08/2017
ZA-00004902,ZAC0013480,30/07/2017 10:35,COMPLETE,04/08/2017 09:05,07/08/2017 10:33,09/08/2017
ZA-00004903,ZAC0004767,31/07/2017 20:31,COMPLETE,06/08/2017 02:23,07/08/2017 03:40,10/08/2017
ZA-00004904,ZAC0000399,31/07/2017 11:53,COMPLETE,31/07/2017 23:37,06/08/2017 22:34,07/08/2017
ZA-00004905,ZAC0021952,31/07/2017 12:36,COMPLETE,02/08/2017 23:44,05/08/2017 08:39,07/08/2017
ZA-00004906,ZAC0002634,31/07/2017 10:22,COMPLETE,03/08/2017 21:23,12/08/2017 10:08,06/08/2017
ZA-00004907,ZAC0002978,31/07/2017 16:07,COMPLETE,05/08/2017 13:24,08/08/2017 15:30,08/08/2017
ZA-00004908,ZAC0019046,31/07/2017 21:14,COMPLETE,05/08/2017 02:55,08/08/2017 11:05,12/08/2017
ZA-00004909,ZAC0021215,31/07/2017 20:47,COMPLETE,07/08/2017 04:44,11/08/2017 14:54,11/08/2017
ZA-00004910,ZAC0017155,31/07/2017 14:55,COMPLETE,02/08/2017 03:45,07/08/2017 22:30,06/08/2017
ZA-00004911,ZAC0022621,31/07/2017 11:43,COMPLETE,03/08/2017 10:56,06/08/2017 11:15,08/08/2017
ZA-00004912,ZAC0023690,31/07/2017 19:42,COMPLETE,06/08/2017 10:50,10/08/2017 22:38,13/08/2017
ZA-00004913,ZAC0001715,31/07/2017 14:47,COMPLETE,01/08/2017 09:19,03/08/2017 12:46,08/08/2017
ZA-00004914,ZAC0015453,31/07/2017 18:39,COMPLETE,05/08/2017 16:11,09/08/2017 11:43,15/08/2017
ZA-00004915,ZAC0006212,31/07/2017 19:11,COMPLETE,01/08/2017 06:38,03/08/2017 07:34,11/08/2017
ZA-00004916,ZAC0001202,31/07/2017 09:42,COMPLETE,06/08/2017 08:07,10/08/2017 22:09,11/08/2017
ZA-00004917,ZAC0005301,31/07/2017 07:10,COMPLETE,01/08/2017 04:23,05/08/2017 18:52,06/08/2017
ZA-00004918,ZAC0020066,31/07/2017 21:55,DISPATCHED,03/08/2017 23:45,,08/08/2017
ZA-00004919,ZAC0022492,31/07/2017 12:06,COMPLETE,31/07/2017 19:32,03/08/2017 02:56,07/08/2017
ZA-00004920,ZAC0000845,31/07/2017 13:58,COMPLETE,01/08/2017 21:05,06/08/2017 05:19,05/08/2017
ZA-00004921,ZAC0023852,31/07/2017 08:28,COMPLETE,31/07/2017 21:45,05/08/2017 11:32,04/08/2017
ZA-00004922,ZAC0016344,31/07/2017 10:21,COMPLETE,02/08/2017 03:33,10/08/2017 09:39,07/08/2017
ZA-00004923,ZAC0014823,31/07/2017 09:38,RETURNED,01/08/2017 04:58,07/08/2017 17:23,08/08/2017
ZA-00004924,ZAC0014255,31/07/2017 10:03,COMPLETE,02/08/2017 20:06,04/08/2017 19:52,09/08/2017
ZA-00004925,ZAC0016736,31/07/2017 07:04,COMPLETE,02/08/2017 02:20,05/08/2017 16:14,07/08/2017
ZA-00004926,ZAC0000583,31/07/2017 07:41,COMPLETE,05/08/2017 03:18,06/08/2017 22:54,12/08/2017
ZA-00004927,ZAC0001207,31/07/2017 20:42,COMPLETE,04/08/2017 12:45,08/08/2017 10:31,08/08/2017
ZA-00004928,ZAC0014743,31/07/2017 18:51,COMPLETE,03/08/2017 17:10,06/08/2017 06:14,06/08/2017
ZA-00004929,ZAC0012940,31/07/2017 18:25,CANCELLED,,,
ZA-00004930,ZAC0000123,31/07/2017 07:08,COMPLETE,02/08/2017 08:26,10/08/2017 15:01,06/08/2017
ZA-00004931,ZAC0004023,31/07/2017 13:23,COMPLETE,01/08/2017 06:54,06/08/2017 10:46,08/08/2017
ZA-00004932,ZAC0018733,31/07/2017 10:08,COMPLETE,01/08/2017 17:18,04/08/2017 06:27,08/08/2017
ZA-00004933,ZAC0020772,31/07/2017 09:34,COMPLETE,03/08/2017 18:01,08/08/2017 19:23,10/08/2017
ZA-00004934,ZAC0011744,31/07/2017 12:02,COMPLETE,31/07/2017 20:43,02/08/2017 03:46,03/08/2017
ZA-00004935,ZAC0007853,31/07/2017 17:20,COMPLETE,01/08/2017 15:28,07/08/2017 03:20,08/08/2017
ZA-00004936,ZAC0007880,31/07/2017 18:56,COMPLETE,04/08/2017 06:29,08/08/2017 08:54,11/08/2017
ZA-00004937,ZAC0022956,31/07/2017 08:29,COMPLETE,02/08/2017 20:42,05/08/2017 20:00,07/08/2017
ZA-00004938,ZAC0007174,31/07/2017 14:59,COMPLETE,04/08/2017 00:57,09/08/2017 02:50,09/08/2017
ZA-00004939,ZAC0022137,31/07/2017 20:40,COMPLETE,01/08/2017 11:31,02/08/2017 14:28,04/08/2017
ZA-00004940,ZAC0021987,31/07/2017 22:32,COMPLETE,03/08/2017 06:25,04/08/2017 15:42,10/08/2017
ZA-00004941,ZAC0007026,31/07/2017 06:07,COMPLETE,02/08/2017 00:27,04/08/2017 15:41,05/08/2017
ZA-00004942,ZAC0005185,31/07/2017 15:53,COMPLETE,03/08/2017 19:55,07/08/2017 07:14,07/08/2017
ZA-00004943,ZAC0012655,31/07/2017 21:13,COMPLETE,03/08/2017 05:20,04/08/2017 12:24,07/08/2017
ZA-00004944,ZAC0015547,31/07/2017 08:27,COMPLETE,31/07/2017 17:12,01/08/2017 16:04,03/08/2017
ZA-00004945,ZAC0016655,31/07/2017 14:58,COMPLETE,02/08/2017 00:11,02/08/2017 17:56,06/08/2017
ZA-00004946,ZAC0013891,31/07/2017 20:21,COMPLETE,01/08/2017 13:48,12/08/2017 08:36,06/08/2017
