ord_ref,buyer_ref,ord_dt,ord_state,dispatch_dt,received_dt,promised_dt,promo_code
ZA-00032793,ZAC0015047,01/10/2018 22:45,COMPLETE,02/10/2018 13:45,04/10/2018 19:49,06/10/2018,
ZA-00032794,ZAC0017695,01/10/2018 21:04,COMPLETE,02/10/2018 00:06,03/10/2018 14:53,09/10/2018,
ZA-00032795,ZAC0003564,01/10/2018 10:44,COMPLETE,03/10/2018 09:11,10/10/2018 19:36,08/10/2018,FREESHIP
ZA-00032796,ZAC0003710,01/10/2018 18:21,COMPLETE,02/10/2018 08:44,07/10/2018 09:27,06/10/2018,
ZA-00032797,ZAC0002433,01/10/2018 10:41,COMPLETE,03/10/2018 04:50,08/10/2018 02:26,07/10/2018,FREESHIP
ZA-00032798,ZAC0013407,01/10/2018 19:45,COMPLETE,04/10/2018 18:42,09/10/2018 18:05,07/10/2018,
ZA-00032799,ZAC0004504,01/10/2018 14:59,COMPLETE,02/10/2018 06:40,04/10/2018 04:11,05/10/2018,
ZA-00032800,ZAC0001149,01/10/2018 20:23,COMPLETE,02/10/2018 18:16,06/10/2018 08:32,06/10/2018,
ZA-00032801,ZAC0013481,01/10/2018 15:17,COMPLETE,03/10/2018 07:23,05/10/2018 09:10,07/10/2018,
ZA-00032802,ZAC0011293,01/10/2018 20:31,COMPLETE,04/10/2018 01:09,10/10/2018 07:27,14/10/2018,
ZA-00032803,ZAC0013524,01/10/2018 06:19,COMPLETE,03/10/2018 00:19,06/10/2018 12:31,08/10/2018,
ZA-00032804,ZAC0022042,01/10/2018 12:16,COMPLETE,03/10/2018 23:32,07/10/2018 09:33,06/10/2018,
ZA-00032805,ZAC0013134,01/10/2018 16:20,COMPLETE,05/10/2018 08:48,08/10/2018 21:29,09/10/2018,
ZA-00032806,ZAC0000021,01/10/2018 10:40,COMPLETE,02/10/2018 16:25,07/10/2018 12:00,07/10/2018,FLASH25
ZA-00032807,ZAC0022397,01/10/2018 17:31,COMPLETE,07/10/2018 02:50,12/10/2018 21:44,10/10/2018,
ZA-00032808,ZAC0001410,01/10/2018 15:23,COMPLETE,03/10/2018 05:07,03/10/2018 20:03,06/10/2018,
ZA-00032809,ZAC0012160,01/10/2018 13:34,COMPLETE,03/10/2018 12:40,07/10/2018 13:21,07/10/2018,
ZA-00032810,ZAC0007990,01/10/2018 12:00,COMPLETE,02/10/2018 18:53,06/10/2018 16:39,07/10/2018,
ZA-00032811,ZAC0007377,01/10/2018 21:03,COMPLETE,03/10/2018 01:03,03/10/2018 08:10,07/10/2018,
ZA-00032812,ZAC0002589,01/10/2018 06:05,COMPLETE,03/10/2018 20:20,05/10/2018 08:49,10/10/2018,
ZA-00032813,ZAC0017258,01/10/2018 13:17,COMPLETE,04/10/2018 06:22,06/10/2018 10:59,07/10/2018,WELCOME10
ZA-00032814,ZAC0001516,01/10/2018 19:56,COMPLETE,04/10/2018 11:56,04/10/2018 23:16,09/10/2018,
ZA-00032815,ZAC0015037,01/10/2018 15:09,COMPLETE,04/10/2018 00:38,06/10/2018 06:37,11/10/2018,
ZA-00032816,ZAC0016790,01/10/2018 13:32,COMPLETE,04/10/2018 15:10,10/10/2018 11:12,08/10/2018,
ZA-00032817,ZAC0002127,01/10/2018 16:05,COMPLETE,02/10/2018 18:54,08/10/2018 09:55,09/10/2018,WELCOME10
ZA-00032818,ZAC0001490,01/10/2018 14:50,COMPLETE,05/10/2018 05:09,09/10/2018 02:08,09/10/2018,
ZA-00032819,ZAC0018485,01/10/2018 15:24,COMPLETE,04/10/2018 02:46,13/10/2018 23:51,08/10/2018,
ZA-00032820,ZAC0006609,01/10/2018 11:35,COMPLETE,05/10/2018 01:02,06/10/2018 22:26,15/10/2018,
ZA-00032821,ZAC0013372,01/10/2018 08:06,COMPLETE,02/10/2018 10:16,04/10/2018 23:31,05/10/2018,
ZA-00032822,ZAC0006022,01/10/2018 10:42,COMPLETE,02/10/2018 02:48,05/10/2018 14:10,05/10/2018,
ZA-00032823,ZAC0014452,01/10/2018 14:45,COMPLETE,02/10/2018 10:20,04/10/2018 08:42,09/10/2018,WELCOME10
ZA-00032824,ZAC0017335,01/10/2018 14:46,COMPLETE,05/10/2018 00:25,12/10/2018 23:59,09/10/2018,
ZA-00032825,ZAC0023996,01/10/2018 18:29,COMPLETE,07/10/2018 21:55,12/10/2018 16:58,11/10/2018,
ZA-00032826,ZAC0010364,01/10/2018 22:36,COMPLETE,04/10/2018 02:41,08/10/2018 14:37,07/10/2018,LOYAL5
ZA-00032827,ZAC0012498,01/10/2018 07:31,COMPLETE,03/10/2018 01:53,05/10/2018 19:03,07/10/2018,
ZA-00032828,ZAC0023053,01/10/2018 17:45,COMPLETE,03/10/2018 07:40,06/10/2018 08:35,06/10/2018,
ZA-00032829,ZAC0017358,01/10/2018 07:38,COMPLETE,02/10/2018 13:01,06/10/2018 05:05,05/10/2018,
ZA-00032830,ZAC0022615,01/10/2018 12:58,COMPLETE,03/10/2018 12:47,11/10/2018 06:22,08/10/2018,WELCOME10
ZA-00032831,ZAC0006556,01/10/2018 08:37,RETURNED,01/10/2018 16:43,03/10/2018 01:49,04/10/2018,BULK20
ZA-00032832,ZAC0010391,01/10/2018 18:16,COMPLETE,03/10/2018 06:06,05/10/2018 08:01,06/10/2018,
ZA-00032833,ZAC0017430,01/10/2018 11:22,COMPLETE,04/10/2018 21:21,07/10/2018 00:28,11/10/2018,FREESHIP
ZA-00032834,ZAC0018769,01/10/2018 18:23,COMPLETE,03/10/2018 21:42,06/10/2018 19:57,10/10/2018,WINTER15
ZA-00032835,ZAC0009890,01/10/2018 19:05,COMPLETE,03/10/2018 12:09,05/10/2018 21:57,06/10/2018,
ZA-00032836,ZAC0002769,01/10/2018 06:35,COMPLETE,03/10/2018 18:13,11/10/2018 06:08,07/10/2018,
ZA-00032837,ZAC0021553,01/10/2018 21:40,CANCELLED,,,,WINTER15
ZA-00032838,ZAC0010360,01/10/2018 20:30,DISPATCHED,02/10/2018 15:21,,06/10/2018,
ZA-00032839,ZAC0011002,01/10/2018 17:51,COMPLETE,10/10/2018 21:58,14/10/2018 14:17,14/10/2018,
ZA-00032840,ZAC0003158,01/10/2018 12:57,COMPLETE,02/10/2018 14:19,05/10/2018 22:29,06/10/2018,
ZA-00032841,ZAC0011107,01/10/2018 06:49,COMPLETE,02/10/2018 06:38,05/10/2018 17:11,09/10/2018,
ZA-00032842,ZAC0021127,01/10/2018 18:45,COMPLETE,02/10/2018 01:53,11/10/2018 08:36,07/10/2018,
ZA-00032843,ZAC0007585,01/10/2018 07:57,COMPLETE,04/10/2018 11:23,08/10/2018 07:32,09/10/2018,
ZA-00032844,ZAC0011278,01/10/2018 16:11,COMPLETE,03/10/2018 19:33,07/10/2018 07:45,10/10/2018,
ZA-00032845,ZAC0017592,01/10/2018 19:47,COMPLETE,02/10/2018 13:54,13/10/2018 16:50,05/10/2018,
ZA-00032846,ZAC0015458,01/10/2018 08:31,COMPLETE,02/10/2018 22:15,05/10/2018 21:20,07/10/2018,
ZA-00032847,ZAC0010941,01/10/2018 12:51,COMPLETE,03/10/2018 04:27,05/10/2018 08:58,13/10/2018,
ZA-00032848,ZAC0012446,01/10/2018 12:19,COMPLETE,03/10/2018 08:06,14/10/2018 15:40,13/10/2018,
ZA-00032849,ZAC0011689,01/10/2018 06:28,COMPLETE,04/10/2018 04:53,05/10/2018 21:59,08/10/2018,FLASH25
ZA-00032850,ZAC0017614,01/10/2018 07:25,COMPLETE,02/10/2018 16:45,05/10/2018 15:42,07/10/2018,
ZA-00032851,ZAC0010521,01/10/2018 14:50,COMPLETE,05/10/2018 04:59,11/10/2018 15:39,10/10/2018,
ZA-00032852,ZAC0007412,01/10/2018 17:21,COMPLETE,03/10/2018 11:46,04/10/2018 17:21,08/10/2018,
ZA-00032853,ZAC0016971,01/10/2018 10:15,COMPLETE,03/10/2018 06:45,08/10/2018 12:16,07/10/2018,
ZA-00032854,ZAC0005831,01/10/2018 17:59,COMPLETE,02/10/2018 03:48,08/10/2018 09:19,05/10/2018,
ZA-00032855,ZAC0015288,01/10/2018 11:34,COMPLETE,01/10/2018 21:18,07/10/2018 02:47,04/10/2018,
ZA-00032856,ZAC0016526,01/10/2018 20:46,COMPLETE,03/10/2018 03:25,11/10/2018 12:22,06/10/2018,WINTER15
ZA-00032857,ZAC0020052,01/10/2018 13:04,COMPLETE,02/10/2018 10:56,13/10/2018 21:35,07/10/2018,
ZA-00032858,ZAC0016567,01/10/2018 06:56,COMPLETE,02/10/2018 22:25,04/10/2018 19:07,09/10/2018,FREESHIP
ZA-00032859,ZAC0011482,01/10/2018 07:17,COMPLETE,02/10/2018 23:39,09/10/2018 20:30,12/10/2018,LOYAL5
ZA-00032860,ZAC0005988,01/10/2018 08:47,COMPLETE,02/10/2018 08:40,06/10/2018 16:06,06/10/2018,
ZA-00032861,ZAC0014292,01/10/2018 20:17,COMPLETE,03/10/2018 13:22,08/10/2018 02:43,06/10/2018,
ZA-00032862,ZAC0002712,01/10/2018 13:56,COMPLETE,02/10/2018 22:50,04/10/2018 02:24,07/10/2018,
ZA-00032863,ZAC0005205,01/10/2018 06:17,COMPLETE,02/10/2018 11:46,04/10/2018 18:07,09/10/2018,
ZA-00032864,ZAC0012491,01/10/2018 19:47,COMPLETE,02/10/2018 08:45,06/10/2018 05:12,07/10/2018,
ZA-00032865,ZAC0012872,01/10/2018 06:58,COMPLETE,02/10/2018 17:31,08/10/2018 18:51,06/10/2018,
ZA-00032866,ZAC0013925,01/10/2018 20:56,COMPLETE,03/10/2018 14:50,07/10/2018 15:39,06/10/2018,FLASH25
ZA-00032867,ZAC0007069,01/10/2018 12:03,COMPLETE,04/10/2018 08:17,08/10/2018 12:03,11/10/2018,
ZA-00032868,ZAC0006651,01/10/2018 06:45,COMPLETE,03/10/2018 02:19,06/10/2018 02:06,13/10/2018,
ZA-00032869,ZAC0012943,01/10/2018 22:50,COMPLETE,02/10/2018 13:55,03/10/2018 23:37,07/10/2018,
ZA-00032870,ZAC0015048,01/10/2018 18:15,COMPLETE,02/10/2018 07:26,04/10/2018 18:25,05/10/2018,
ZA-00032871,ZAC0016462,01/10/2018 18:09,COMPLETE,02/10/2018 06:00,03/10/2018 18:42,05/10/2018,BULK20
ZA-00032872,ZAC0010815,01/10/2018 21:34,COMPLETE,03/10/2018 13:41,09/10/2018 01:33,08/10/2018,WELCOME10
ZA-00032873,ZAC0006757,01/10/2018 10:52,COMPLETE,01/10/2018 23:19,05/10/2018 19:38,08/10/2018,FLASH25
ZA-00032874,ZAC0002571,01/10/2018 11:30,COMPLETE,02/10/2018 09:04,06/10/2018 09:12,09/10/2018,
ZA-00032875,ZAC0007859,01/10/2018 13:18,DISPATCHED,02/10/2018 03:42,,07/10/2018,
ZA-00032876,ZAC0023531,01/10/2018 08:11,COMPLETE,03/10/2018 10:18,06/10/2018 16:38,06/10/2018,
ZA-00032877,ZAC0019502,01/10/2018 06:02,COMPLETE,05/10/2018 13:42,08/10/2018 22:51,09/10/2018,
ZA-00032878,ZAC0022605,01/10/2018 09:48,COMPLETE,05/10/2018 17:59,14/10/2018 08:51,10/10/2018,
ZA-00032879,ZAC0004867,01/10/2018 16:36,COMPLETE,04/10/2018 05:01,09/10/2018 09:53,09/10/2018,
ZA-00032880,ZAC0002304,01/10/2018 15:50,COMPLETE,05/10/2018 04:13,05/10/2018 14:06,09/10/2018,
ZA-00032881,ZAC0007369,01/10/2018 06:49,COMPLETE,05/10/2018 10:35,16/10/2018 21:57,09/10/2018,WELCOME10
ZA-00032882,ZAC0002715,01/10/2018 13:39,CANCELLED,,,,
ZA-00032883,ZAC0003231,01/10/2018 21:19,COMPLETE,04/10/2018 08:40,06/10/2018 01:43,08/10/2018,
ZA-00032884,ZAC0020728,01/10/2018 19:41,COMPLETE,04/10/2018 13:37,16/10/2018 04:41,08/10/2018,
ZA-00032885,ZAC0003578,01/10/2018 09:19,COMPLETE,03/10/2018 16:29,13/10/2018 03:32,13/10/2018,
ZA-00032886,ZAC0008142,02/10/2018 12:40,COMPLETE,05/10/2018 16:03,07/10/2018 05:41,09/10/2018,
ZA-00032887,ZAC0006975,02/10/2018 18:53,COMPLETE,02/10/2018 23:08,05/10/2018 05:49,09/10/2018,
ZA-00032888,ZAC0013470,02/10/2018 11:20,COMPLETE,03/10/2018 23:20,04/10/2018 16:53,10/10/2018,
ZA-00032889,ZAC0014858,02/10/2018 08:05,COMPLETE,04/10/2018 06:43,10/10/2018 13:15,08/10/2018,
ZA-00032890,ZAC0009703,02/10/2018 10:37,COMPLETE,03/10/2018 21:55,05/10/2018 23:33,07/10/2018,
ZA-00032891,ZAC0023584,02/10/2018 19:15,COMPLETE,05/10/2018 13:24,06/10/2018 13:13,12/10/2018,
ZA-00032892,ZAC0010423,02/10/2018 18:25,COMPLETE,04/10/2018 10:03,07/10/2018 01:58,08/10/2018,LOYAL5
ZA-00032893,ZAC0020024,02/10/2018 09:15,COMPLETE,06/10/2018 14:57,11/10/2018 17:20,09/10/2018,
ZA-00032894,ZAC0019317,02/10/2018 08:37,COMPLETE,05/10/2018 20:41,08/10/2018 14:57,10/10/2018,
ZA-00032895,ZAC0008905,02/10/2018 07:51,COMPLETE,05/10/2018 04:05,08/10/2018 05:58,08/10/2018,
ZA-00032896,ZAC0022958,02/10/2018 14:26,COMPLETE,06/10/2018 05:53,12/10/2018 00:47,16/10/2018,
ZA-00032897,ZAC0002221,02/10/2018 17:38,COMPLETE,06/10/2018 05:08,11/10/2018 14:07,11/10/2018,
ZA-00032898,ZAC0009845,02/10/2018 22:59,COMPLETE,05/10/2018 03:37,08/10/2018 01:49,10/10/2018,
ZA-00032899,ZAC0010028,02/10/2018 20:48,COMPLETE,04/10/2018 22:57,09/10/2018 04:51,08/10/2018,
ZA-00032900,ZAC0014619,02/10/2018 21:10,COMPLETE,04/10/2018 23:11,05/10/2018 14:13,07/10/2018,
ZA-00032901,ZAC0011227,02/10/2018 11:28,COMPLETE,04/10/2018 01:46,06/10/2018 00:25,09/10/2018,
ZA-00032902,ZAC0005472,02/10/2018 08:40,COMPLETE,04/10/2018 04:50,07/10/2018 15:40,09/10/2018,
ZA-00032903,ZAC0018905,02/10/2018 16:50,COMPLETE,03/10/2018 22:39,06/10/2018 05:59,10/10/2018,FREESHIP
ZA-00032904,ZAC0013710,02/10/2018 08:39,COMPLETE,04/10/2018 06:51,23/10/2018 12:10,07/10/2018,
ZA-00032905,ZAC0021929,02/10/2018 18:10,COMPLETE,07/10/2018 04:30,11/10/2018 23:51,17/10/2018,
ZA-00032906,ZAC0010374,02/10/2018 14:38,COMPLETE,04/10/2018 08:35,10/10/2018 01:48,08/10/2018,
ZA-00032907,ZAC0015578,02/10/2018 17:42,COMPLETE,05/10/2018 09:21,12/10/2018 06:00,09/10/2018,
ZA-00032908,ZAC0018779,02/10/2018 06:38,COMPLETE,03/10/2018 07:09,04/10/2018 06:58,10/10/2018,
ZA-00032909,ZAC0008464,02/10/2018 19:00,COMPLETE,09/10/2018 20:32,12/10/2018 05:53,12/10/2018,
ZA-00032910,ZAC0016102,02/10/2018 12:42,DISPATCHED,03/10/2018 16:40,,06/10/2018,
ZA-00032911,ZAC0008874,02/10/2018 07:53,COMPLETE,04/10/2018 05:23,07/10/2018 21:16,09/10/2018,
ZA-00032912,ZAC0000995,02/10/2018 16:25,RETURNED,03/10/2018 18:14,07/10/2018 17:53,13/10/2018,LOYAL5
ZA-00032913,ZAC0008836,02/10/2018 14:56,COMPLETE,03/10/2018 02:56,08/10/2018 00:01,08/10/2018,LOYAL5
ZA-00032914,ZAC0019455,02/10/2018 07:01,COMPLETE,03/10/2018 08:57,08/10/2018 22:21,08/10/2018,
ZA-00032915,ZAC0008951,02/10/2018 07:28,COMPLETE,03/10/2018 10:21,03/10/2018 19:11,08/10/2018,
ZA-00032916,ZAC0020047,02/10/2018 15:52,COMPLETE,04/10/2018 02:01,10/10/2018 23:54,08/10/2018,
ZA-00032917,ZAC0015486,02/10/2018 15:16,COMPLETE,02/10/2018 19:46,06/10/2018 17:56,07/10/2018,
ZA-00032918,ZAC0011505,02/10/2018 06:11,COMPLETE,04/10/2018 20:22,07/10/2018 01:05,11/10/2018,
ZA-00032919,ZAC0012462,02/10/2018 20:51,DISPATCHED,03/10/2018 22:26,,07/10/2018,
ZA-00032920,ZAC0012035,02/10/2018 22:10,COMPLETE,04/10/2018 02:42,05/10/2018 20:47,11/10/2018,
ZA-00032921,ZAC0001474,02/10/2018 19:56,CANCELLED,,,,
ZA-00032922,ZAC0001290,02/10/2018 22:38,COMPLETE,04/10/2018 19:25,07/10/2018 23:22,09/10/2018,FREESHIP
ZA-00032923,ZAC0007544,02/10/2018 11:02,COMPLETE,03/10/2018 22:10,07/10/2018 00:04,08/10/2018,FLASH25
ZA-00032924,ZAC0007551,02/10/2018 22:29,COMPLETE,05/10/2018 19:53,08/10/2018 14:38,10/10/2018,LOYAL5
ZA-00032925,ZAC0000447,02/10/2018 17:42,COMPLETE,02/10/2018 23:14,06/10/2018 15:04,06/10/2018,FLASH25
ZA-00032926,ZAC0008036,02/10/2018 16:42,COMPLETE,05/10/2018 14:25,10/10/2018 04:28,10/10/2018,
ZA-00032927,ZAC0017282,02/10/2018 14:44,COMPLETE,03/10/2018 02:07,07/10/2018 20:00,10/10/2018,
ZA-00032928,ZAC0006807,02/10/2018 18:23,COMPLETE,03/10/2018 05:56,10/10/2018 04:11,07/10/2018,
ZA-00032929,ZAC0014684,02/10/2018 21:53,COMPLETE,04/10/2018 00:14,07/10/2018 02:42,07/10/2018,
ZA-00032930,ZAC0011101,02/10/2018 09:04,COMPLETE,03/10/2018 11:32,08/10/2018 05:53,07/10/2018,FLASH25
ZA-00032931,ZAC0002247,02/10/2018 08:34,COMPLETE,04/10/2018 07:52,04/10/2018 18:11,08/10/2018,
ZA-00032932,ZAC0009727,02/10/2018 17:47,COMPLETE,04/10/2018 22:23,09/10/2018 08:44,11/10/2018,
ZA-00032933,ZAC0002777,02/10/2018 12:04,COMPLETE,04/10/2018 17:25,08/10/2018 19:33,11/10/2018,
ZA-00032934,ZAC0023535,02/10/2018 15:36,COMPLETE,05/10/2018 17:31,12/10/2018 06:53,08/10/2018,
ZA-00032935,ZAC0021450,02/10/2018 16:30,CANCELLED,,,,
ZA-00032936,ZAC0001323,02/10/2018 22:42,COMPLETE,06/10/2018 13:29,13/10/2018 16:06,13/10/2018,
ZA-00032937,ZAC0012840,02/10/2018 07:04,COMPLETE,05/10/2018 20:16,10/10/2018 01:17,08/10/2018,
ZA-00032938,ZAC0017138,02/10/2018 18:24,COMPLETE,04/10/2018 12:23,08/10/2018 06:56,08/10/2018,
ZA-00032939,ZAC0000091,02/10/2018 19:46,COMPLETE,05/10/2018 20:23,11/10/2018 16:42,12/10/2018,
ZA-00032940,ZAC0013457,02/10/2018 09:04,CANCELLED,,,,
ZA-00032941,ZAC0023313,02/10/2018 19:40,COMPLETE,05/10/2018 12:05,11/10/2018 03:11,09/10/2018,
ZA-00032942,ZAC0001500,02/10/2018 10:07,COMPLETE,04/10/2018 17:54,09/10/2018 04:07,08/10/2018,
ZA-00032943,ZAC0008573,02/10/2018 13:27,COMPLETE,04/10/2018 14:50,07/10/2018 01:37,14/10/2018,
ZA-00032944,ZAC0018453,02/10/2018 15:05,COMPLETE,04/10/2018 07:24,07/10/2018 00:15,08/10/2018,
ZA-00032945,ZAC0000914,02/10/2018 13:43,COMPLETE,05/10/2018 12:19,06/10/2018 18:24,09/10/2018,
ZA-00032946,ZAC0003038,02/10/2018 19:49,COMPLETE,13/10/2018 00:49,15/10/2018 17:42,17/10/2018,
ZA-00032947,ZAC0000175,02/10/2018 12:08,COMPLETE,03/10/2018 09:16,06/10/2018 07:05,08/10/2018,
ZA-00032948,ZAC0008886,02/10/2018 21:16,COMPLETE,06/10/2018 01:41,10/10/2018 11:19,10/10/2018,
ZA-00032949,ZAC0019049,02/10/2018 17:39,COMPLETE,03/10/2018 23:46,07/10/2018 10:09,06/10/2018,WINTER15
ZA-00032950,ZAC0016879,02/10/2018 20:08,COMPLETE,03/10/2018 14:25,10/10/2018 09:56,07/10/2018,
ZA-00032951,ZAC0013025,02/10/2018 13:41,RETURNED,02/10/2018 17:29,06/10/2018 00:06,06/10/2018,
ZA-00032952,ZAC0007397,02/10/2018 17:52,COMPLETE,04/10/2018 10:38,11/10/2018 05:57,08/10/2018,
ZA-00032953,ZAC0011413,02/10/2018 07:29,COMPLETE,04/10/2018 02:42,09/10/2018 23:00,11/10/2018,
ZA-00032954,ZAC0007388,02/10/2018 21:47,COMPLETE,04/10/2018 09:00,12/10/2018 11:22,09/10/2018,
ZA-00032955,ZAC0014269,02/10/2018 14:54,COMPLETE,04/10/2018 12:50,20/10/2018 05:13,09/10/2018,
ZA-00032956,ZAC0006529,02/10/2018 13:16,COMPLETE,02/10/2018 19:28,04/10/2018 09:51,09/10/2018,FLASH25
ZA-00032957,ZAC0007758,03/10/2018 12:55,COMPLETE,03/10/2018 20:59,06/10/2018 09:11,07/10/2018,
ZA-00032958,ZAC0013232,03/10/2018 12:23,COMPLETE,05/10/2018 09:17,14/10/2018 00:57,15/10/2018,
ZA-00032959,ZAC0017702,03/10/2018 11:17,DISPATCHED,13/10/2018 02:08,,17/10/2018,
ZA-00032960,ZAC0016863,03/10/2018 11:29,COMPLETE,04/10/2018 13:58,05/10/2018 20:19,08/10/2018,
ZA-00032961,ZAC0000396,03/10/2018 17:53,COMPLETE,07/10/2018 23:05,14/10/2018 04:37,17/10/2018,FREESHIP
ZA-00032962,ZAC0010187,03/10/2018 09:10,COMPLETE,08/10/2018 15:42,11/10/2018 18:46,13/10/2018,
ZA-00032963,ZAC0000308,03/10/2018 06:52,COMPLETE,03/10/2018 16:15,09/10/2018 15:28,06/10/2018,
ZA-00032964,ZAC0007134,03/10/2018 19:30,COMPLETE,04/10/2018 16:59,07/10/2018 12:17,11/10/2018,
ZA-00032965,ZAC0016008,03/10/2018 10:35,COMPLETE,08/10/2018 02:03,12/10/2018 09:26,13/10/2018,
ZA-00032966,ZAC0003135,03/10/2018 19:20,COMPLETE,06/10/2018 17:09,13/10/2018 19:45,09/10/2018,WELCOME10
ZA-00032967,ZAC0022225,03/10/2018 16:01,COMPLETE,05/10/2018 17:23,07/10/2018 23:38,15/10/2018,
ZA-00032968,ZAC0005795,03/10/2018 21:41,COMPLETE,04/10/2018 12:51,07/10/2018 16:09,09/10/2018,
ZA-00032969,ZAC0017935,03/10/2018 15:43,COMPLETE,07/10/2018 12:23,09/10/2018 00:41,14/10/2018,
ZA-00032970,ZAC0010881,03/10/2018 20:47,COMPLETE,04/10/2018 03:59,10/10/2018 02:15,08/10/2018,
ZA-00032971,ZAC0013352,03/10/2018 13:53,COMPLETE,06/10/2018 10:53,09/10/2018 11:28,10/10/2018,
ZA-00032972,ZAC0012362,03/10/2018 14:33,COMPLETE,04/10/2018 00:20,11/10/2018 06:09,08/10/2018,
ZA-00032973,ZAC0002708,03/10/2018 07:50,COMPLETE,04/10/2018 06:15,05/10/2018 23:38,09/10/2018,BULK20
ZA-00032974,ZAC0014368,03/10/2018 21:48,COMPLETE,06/10/2018 13:48,11/10/2018 00:28,16/10/2018,
ZA-00032975,ZAC0017462,03/10/2018 16:11,COMPLETE,05/10/2018 09:02,10/10/2018 10:04,10/10/2018,
ZA-00032976,ZAC0011643,03/10/2018 21:45,COMPLETE,05/10/2018 02:07,09/10/2018 20:45,09/10/2018,
ZA-00032977,ZAC0022822,03/10/2018 11:47,COMPLETE,04/10/2018 17:15,08/10/2018 12:39,07/10/2018,
ZA-00032978,ZAC0009783,03/10/2018 19:13,COMPLETE,04/10/2018 04:36,08/10/2018 06:45,07/10/2018,
ZA-00032979,ZAC0004539,03/10/2018 08:47,COMPLETE,07/10/2018 21:20,13/10/2018 01:56,17/10/2018,
ZA-00032980,ZAC0005824,03/10/2018 15:48,COMPLETE,05/10/2018 17:16,14/10/2018 15:31,09/10/2018,LOYAL5
ZA-00032981,ZAC0015744,03/10/2018 14:20,COMPLETE,03/10/2018 22:53,08/10/2018 23:17,08/10/2018,
ZA-00032982,ZAC0019924,03/10/2018 16:57,COMPLETE,05/10/2018 02:27,19/10/2018 18:34,09/10/2018,
ZA-00032983,ZAC0015877,03/10/2018 19:57,COMPLETE,04/10/2018 22:06,10/10/2018 11:48,08/10/2018,
ZA-00032984,ZAC0013407,03/10/2018 15:15,COMPLETE,05/10/2018 07:54,06/10/2018 07:43,12/10/2018,
ZA-00032985,ZAC0009585,03/10/2018 13:42,COMPLETE,05/10/2018 17:34,07/10/2018 02:23,10/10/2018,
ZA-00032986,ZAC0020803,03/10/2018 14:43,COMPLETE,08/10/2018 01:26,13/10/2018 07:01,13/10/2018,
ZA-00032987,ZAC0020591,03/10/2018 12:37,COMPLETE,04/10/2018 13:11,09/10/2018 08:33,08/10/2018,WELCOME10
ZA-00032988,ZAC0012910,03/10/2018 11:04,COMPLETE,07/10/2018 19:17,15/10/2018 21:57,14/10/2018,FREESHIP
ZA-00032989,ZAC0004222,03/10/2018 08:37,COMPLETE,09/10/2018 02:45,11/10/2018 13:18,13/10/2018,
ZA-00032990,ZAC0005918,03/10/2018 10:45,COMPLETE,04/10/2018 23:58,13/10/2018 19:12,07/10/2018,
ZA-00032991,ZAC0015794,03/10/2018 13:26,COMPLETE,04/10/2018 23:09,06/10/2018 21:01,08/10/2018,
ZA-00032992,ZAC0020829,03/10/2018 20:09,COMPLETE,07/10/2018 20:38,08/10/2018 17:29,11/10/2018,
ZA-00032993,ZAC0003036,03/10/2018 17:37,COMPLETE,05/10/2018 18:52,13/10/2018 05:46,08/10/2018,
ZA-00032994,ZAC0014828,03/10/2018 13:58,COMPLETE,04/10/2018 21:19,10/10/2018 22:52,08/10/2018,
ZA-00032995,ZAC0005315,03/10/2018 07:30,COMPLETE,05/10/2018 11:15,16/10/2018 17:57,15/10/2018,
ZA-00032996,ZAC0009213,03/10/2018 10:21,COMPLETE,04/10/2018 06:58,08/10/2018 09:27,11/10/2018,
ZA-00032997,ZAC0014053,03/10/2018 22:40,COMPLETE,12/10/2018 18:03,14/10/2018 10:58,16/10/2018,
ZA-00032998,ZAC0009985,03/10/2018 15:28,COMPLETE,07/10/2018 04:34,12/10/2018 19:26,12/10/2018,WINTER15
ZA-00032999,ZAC0017113,03/10/2018 10:44,COMPLETE,07/10/2018 01:09,10/10/2018 12:06,11/10/2018,
ZA-00033000,ZAC0017480,03/10/2018 21:58,COMPLETE,08/10/2018 01:46,13/10/2018 19:47,15/10/2018,
ZA-00033001,ZAC0010422,03/10/2018 12:25,COMPLETE,06/10/2018 17:21,12/10/2018 09:31,09/10/2018,
ZA-00033002,ZAC0015546,03/10/2018 17:55,COMPLETE,08/10/2018 17:32,13/10/2018 03:51,12/10/2018,
ZA-00033003,ZAC0017853,03/10/2018 10:11,COMPLETE,07/10/2018 15:34,12/10/2018 06:20,11/10/2018,BULK20
ZA-00033004,ZAC0006984,03/10/2018 18:32,COMPLETE,04/10/2018 19:55,06/10/2018 10:02,14/10/2018,
ZA-00033005,ZAC0022120,03/10/2018 12:01,COMPLETE,07/10/2018 07:26,12/10/2018 14:51,11/10/2018,FREESHIP
ZA-00033006,ZAC0010798,03/10/2018 06:41,COMPLETE,06/10/2018 12:26,08/10/2018 05:05,13/10/2018,
ZA-00033007,ZAC0020554,03/10/2018 19:18,COMPLETE,08/10/2018 11:48,11/10/2018 19:28,15/10/2018,
ZA-00033008,ZAC0020921,03/10/2018 11:40,COMPLETE,05/10/2018 13:14,09/10/2018 05:06,09/10/2018,
ZA-00033009,ZAC0022667,03/10/2018 06:32,CANCELLED,,,,
ZA-00033010,ZAC0001831,03/10/2018 18:06,COMPLETE,06/10/2018 12:07,12/10/2018 09:26,10/10/2018,
ZA-00033011,ZAC0011598,03/10/2018 15:45,COMPLETE,05/10/2018 17:38,08/10/2018 05:12,08/10/2018,
ZA-00033012,ZAC0014427,03/10/2018 16:23,COMPLETE,04/10/2018 10:52,06/10/2018 21:28,14/10/2018,LOYAL5
ZA-00033013,ZAC0006672,03/10/2018 20:13,DISPATCHED,08/10/2018 03:05,,12/10/2018,LOYAL5
ZA-00033014,ZAC0019534,03/10/2018 07:54,COMPLETE,06/10/2018 10:15,11/10/2018 10:10,10/10/2018,FLASH25
ZA-00033015,ZAC0022751,03/10/2018 10:25,COMPLETE,09/10/2018 04:55,12/10/2018 20:35,13/10/2018,
ZA-00033016,ZAC0014416,03/10/2018 10:18,COMPLETE,03/10/2018 19:21,05/10/2018 14:05,06/10/2018,
ZA-00033017,ZAC0016865,03/10/2018 12:13,COMPLETE,04/10/2018 05:14,09/10/2018 00:56,09/10/2018,
ZA-00033018,ZAC0000141,03/10/2018 07:47,COMPLETE,05/10/2018 00:30,05/10/2018 18:41,12/10/2018,
ZA-00033019,ZAC0005952,03/10/2018 12:07,COMPLETE,04/10/2018 23:27,05/10/2018 09:25,09/10/2018,
ZA-00033020,ZAC0003107,03/10/2018 17:06,COMPLETE,05/10/2018 14:18,08/10/2018 14:58,09/10/2018,
ZA-00033021,ZAC0005092,03/10/2018 21:18,COMPLETE,06/10/2018 00:00,06/10/2018 23:14,10/10/2018,BULK20
ZA-00033022,ZAC0009259,03/10/2018 18:11,COMPLETE,04/10/2018 01:49,05/10/2018 05:53,08/10/2018,
ZA-00033023,ZAC0022263,03/10/2018 06:32,COMPLETE,03/10/2018 16:35,06/10/2018 04:13,10/10/2018,
ZA-00033024,ZAC0013269,03/10/2018 12:20,COMPLETE,04/10/2018 08:59,11/10/2018 22:11,08/10/2018,
ZA-00033025,ZAC0003705,03/10/2018 07:31,COMPLETE,05/10/2018 20:16,08/10/2018 21:43,10/10/2018,
ZA-00033026,ZAC0008193,03/10/2018 21:45,COMPLETE,05/10/2018 09:40,08/10/2018 16:10,09/10/2018,
ZA-00033027,ZAC0005316,03/10/2018 18:54,COMPLETE,06/10/2018 06:11,15/10/2018 07:14,10/10/2018,
ZA-00033028,ZAC0009160,03/10/2018 21:43,CANCELLED,,,,WINTER15
ZA-00033029,ZAC0020760,03/10/2018 11:43,COMPLETE,04/10/2018 20:10,06/10/2018 14:54,11/10/2018,
ZA-00033030,ZAC0000021,03/10/2018 21:51,COMPLETE,07/10/2018 21:41,10/10/2018 16:41,10/10/2018,
ZA-00033031,ZAC0016611,03/10/2018 06:15,COMPLETE,08/10/2018 09:10,11/10/2018 09:09,12/10/2018,
ZA-00033032,ZAC0023640,03/10/2018 12:44,COMPLETE,04/10/2018 23:22,06/10/2018 08:23,11/10/2018,
ZA-00033033,ZAC0014197,03/10/2018 10:24,COMPLETE,04/10/2018 23:56,11/10/2018 01:52,08/10/2018,
ZA-00033034,ZAC0021254,03/10/2018 18:20,COMPLETE,06/10/2018 10:53,15/10/2018 20:35,09/10/2018,
ZA-00033035,ZAC0012357,04/10/2018 07:55,COMPLETE,08/10/2018 04:39,13/10/2018 05:28,11/10/2018,
ZA-00033036,ZAC0001877,04/10/2018 12:04,COMPLETE,05/10/2018 08:41,07/10/2018 22:53,15/10/2018,
ZA-00033037,ZAC0009125,04/10/2018 13:28,COMPLETE,05/10/2018 05:27,07/10/2018 15:51,09/10/2018,
ZA-00033038,ZAC0018447,04/10/2018 11:55,COMPLETE,06/10/2018 07:31,11/10/2018 07:28,11/10/2018,
ZA-00033039,ZAC0015926,04/10/2018 10:10,COMPLETE,06/10/2018 07:25,08/10/2018 10:26,10/10/2018,WELCOME10
ZA-00033040,ZAC0010482,04/10/2018 13:00,COMPLETE,05/10/2018 07:46,07/10/2018 05:44,10/10/2018,
ZA-00033041,ZAC0008100,04/10/2018 09:34,COMPLETE,04/10/2018 15:14,08/10/2018 08:08,11/10/2018,
ZA-00033042,ZAC0003227,04/10/2018 06:04,CANCELLED,,,,
ZA-00033043,ZAC0013426,04/10/2018 06:28,COMPLETE,06/10/2018 17:41,10/10/2018 04:50,13/10/2018,
ZA-00033044,ZAC0023124,04/10/2018 14:58,COMPLETE,08/10/2018 09:23,08/10/2018 15:58,12/10/2018,
ZA-00033045,ZAC0005458,04/10/2018 07:46,COMPLETE,07/10/2018 17:44,17/10/2018 20:26,11/10/2018,
ZA-00033046,ZAC0001971,04/10/2018 13:19,COMPLETE,07/10/2018 00:12,09/10/2018 16:59,10/10/2018,
ZA-00033047,ZAC0001849,04/10/2018 21:55,COMPLETE,07/10/2018 08:54,09/10/2018 01:33,12/10/2018,
ZA-00033048,ZAC0017432,04/10/2018 21:17,COMPLETE,06/10/2018 11:44,11/10/2018 04:40,10/10/2018,
ZA-00033049,ZAC0005926,04/10/2018 21:19,DISPATCHED,11/10/2018 14:34,,18/10/2018,
ZA-00033050,ZAC0003539,04/10/2018 11:47,COMPLETE,06/10/2018 16:08,09/10/2018 20:48,16/10/2018,FLASH25
ZA-00033051,ZAC0000889,04/10/2018 13:43,COMPLETE,12/10/2018 09:57,16/10/2018 02:33,16/10/2018,
ZA-00033052,ZAC0018074,04/10/2018 09:45,COMPLETE,07/10/2018 08:07,15/10/2018 11:49,11/10/2018,
ZA-00033053,ZAC0018049,04/10/2018 10:36,COMPLETE,05/10/2018 11:39,10/10/2018 00:56,09/10/2018,
ZA-00033054,ZAC0020492,04/10/2018 13:25,COMPLETE,07/10/2018 21:03,20/10/2018 19:58,11/10/2018,
ZA-00033055,ZAC0006261,04/10/2018 06:38,COMPLETE,04/10/2018 09:41,08/10/2018 10:05,07/10/2018,
ZA-00033056,ZAC0005207,04/10/2018 15:04,COMPLETE,08/10/2018 20:55,10/10/2018 23:26,12/10/2018,
ZA-00033057,ZAC0003721,04/10/2018 18:00,COMPLETE,05/10/2018 08:26,15/10/2018 14:51,10/10/2018,
ZA-00033058,ZAC0021041,04/10/2018 10:16,COMPLETE,05/10/2018 08:03,06/10/2018 21:04,10/10/2018,WINTER15
ZA-00033059,ZAC0017881,04/10/2018 12:23,COMPLETE,09/10/2018 23:50,14/10/2018 20:56,12/10/2018,WELCOME10
ZA-00033060,ZAC0003544,04/10/2018 18:35,COMPLETE,06/10/2018 10:02,10/10/2018 08:45,10/10/2018,
ZA-00033061,ZAC0014755,04/10/2018 11:32,COMPLETE,05/10/2018 18:21,10/10/2018 12:49,12/10/2018,
ZA-00033062,ZAC0005007,04/10/2018 13:54,COMPLETE,08/10/2018 15:20,10/10/2018 04:50,11/10/2018,
ZA-00033063,ZAC0007023,04/10/2018 09:05,COMPLETE,07/10/2018 12:00,12/10/2018 09:35,12/10/2018,
ZA-00033064,ZAC0012906,04/10/2018 12:36,COMPLETE,04/10/2018 21:25,06/10/2018 20:14,08/10/2018,WELCOME10
ZA-00033065,ZAC0015994,04/10/2018 14:15,COMPLETE,06/10/2018 01:45,06/10/2018 15:33,16/10/2018,
ZA-00033066,ZAC0010489,04/10/2018 21:09,COMPLETE,06/10/2018 06:18,14/10/2018 19:02,13/10/2018,BULK20
ZA-00033067,ZAC0009025,04/10/2018 20:42,COMPLETE,08/10/2018 03:12,12/10/2018 20:14,15/10/2018,
ZA-00033068,ZAC0023358,04/10/2018 13:26,COMPLETE,05/10/2018 13:23,12/10/2018 05:40,09/10/2018,
ZA-00033069,ZAC0013447,04/10/2018 06:55,COMPLETE,06/10/2018 12:31,11/10/2018 13:18,10/10/2018,
ZA-00033070,ZAC0016256,04/10/2018 09:51,COMPLETE,05/10/2018 22:24,10/10/2018 22:29,08/10/2018,
ZA-00033071,ZAC0007071,04/10/2018 20:21,COMPLETE,07/10/2018 02:54,10/10/2018 06:37,11/10/2018,BULK20
ZA-00033072,ZAC0001294,04/10/2018 13:24,COMPLETE,06/10/2018 05:06,21/10/2018 06:40,09/10/2018,
ZA-00033073,ZAC0021359,04/10/2018 22:10,COMPLETE,07/10/2018 02:35,11/10/2018 23:30,14/10/2018,
ZA-00033074,ZAC0022120,04/10/2018 19:48,COMPLETE,09/10/2018 21:55,13/10/2018 21:04,12/10/2018,LOYAL5
ZA-00033075,ZAC0001561,04/10/2018 13:13,COMPLETE,06/10/2018 23:35,17/10/2018 22:49,13/10/2018,
ZA-00033076,ZAC0022977,04/10/2018 14:00,COMPLETE,09/10/2018 13:14,17/10/2018 17:10,13/10/2018,
ZA-00033077,ZAC0011692,04/10/2018 06:03,COMPLETE,04/10/2018 15:20,06/10/2018 10:55,08/10/2018,
ZA-00033078,ZAC0011281,04/10/2018 19:19,COMPLETE,06/10/2018 09:19,08/10/2018 20:39,10/10/2018,
ZA-00033079,ZAC0020107,04/10/2018 15:19,COMPLETE,05/10/2018 14:35,11/10/2018 18:28,10/10/2018,
ZA-00033080,ZAC0023529,04/10/2018 07:11,COMPLETE,05/10/2018 02:30,08/10/2018 23:21,09/10/2018,
ZA-00033081,ZAC0020881,04/10/2018 15:26,COMPLETE,06/10/2018 12:02,08/10/2018 03:13,10/10/2018,LOYAL5
ZA-00033082,ZAC0018465,04/10/2018 08:53,COMPLETE,05/10/2018 11:32,09/10/2018 22:33,12/10/2018,
ZA-00033083,ZAC0018804,04/10/2018 20:40,COMPLETE,05/10/2018 04:14,11/10/2018 14:05,09/10/2018,
ZA-00033084,ZAC0001392,04/10/2018 09:12,COMPLETE,11/10/2018 13:41,13/10/2018 04:08,14/10/2018,
ZA-00033085,ZAC0014262,04/10/2018 07:35,COMPLETE,07/10/2018 16:03,12/10/2018 05:52,11/10/2018,
ZA-00033086,ZAC0016382,04/10/2018 22:43,COMPLETE,05/10/2018 23:21,16/10/2018 01:17,08/10/2018,
ZA-00033087,ZAC0001690,04/10/2018 12:47,COMPLETE,11/10/2018 14:24,14/10/2018 16:14,14/10/2018,
ZA-00033088,ZAC0000854,04/10/2018 19:45,CANCELLED,,,,WINTER15
ZA-00033089,ZAC0015519,04/10/2018 17:17,COMPLETE,04/10/2018 23:06,12/10/2018 21:17,11/10/2018,
ZA-00033090,ZAC0003320,04/10/2018 22:50,COMPLETE,07/10/2018 04:08,13/10/2018 07:49,11/10/2018,BULK20
ZA-00033091,ZAC0012876,04/10/2018 09:46,COMPLETE,05/10/2018 19:51,08/10/2018 07:43,08/10/2018,
ZA-00033092,ZAC0022484,04/10/2018 16:44,COMPLETE,06/10/2018 06:17,09/10/2018 17:16,13/10/2018,FREESHIP
ZA-00033093,ZAC0006437,04/10/2018 14:38,COMPLETE,06/10/2018 08:23,08/10/2018 06:18,16/10/2018,
ZA-00033094,ZAC0007126,04/10/2018 11:48,COMPLETE,08/10/2018 09:44,11/10/2018 22:42,15/10/2018,
ZA-00033095,ZAC0013016,04/10/2018 18:48,COMPLETE,07/10/2018 18:43,11/10/2018 19:59,14/10/2018,
ZA-00033096,ZAC0022825,04/10/2018 10:08,COMPLETE,05/10/2018 05:42,07/10/2018 08:03,12/10/2018,
ZA-00033097,ZAC0019624,04/10/2018 18:07,COMPLETE,06/10/2018 14:27,11/10/2018 12:15,10/10/2018,WELCOME10
ZA-00033098,ZAC0011920,04/10/2018 13:45,COMPLETE,07/10/2018 09:36,08/10/2018 20:22,11/10/2018,
ZA-00033099,ZAC0014875,04/10/2018 12:01,COMPLETE,04/10/2018 16:59,05/10/2018 13:16,14/10/2018,
ZA-00033100,ZAC0018986,04/10/2018 14:37,COMPLETE,05/10/2018 10:47,08/10/2018 23:15,09/10/2018,
ZA-00033101,ZAC0018236,04/10/2018 12:07,COMPLETE,05/10/2018 16:26,06/10/2018 17:08,09/10/2018,
ZA-00033102,ZAC0022551,04/10/2018 15:30,COMPLETE,07/10/2018 04:27,13/10/2018 18:59,12/10/2018,
ZA-00033103,ZAC0019707,04/10/2018 16:00,COMPLETE,05/10/2018 15:15,10/10/2018 14:03,10/10/2018,
ZA-00033104,ZAC0022671,04/10/2018 10:40,COMPLETE,06/10/2018 00:13,15/10/2018 21:48,11/10/2018,
ZA-00033105,ZAC0023995,04/10/2018 06:40,COMPLETE,05/10/2018 15:37,13/10/2018 10:01,08/10/2018,
ZA-00033106,ZAC0022115,04/10/2018 17:19,COMPLETE,06/10/2018 15:16,09/10/2018 10:05,11/10/2018,
ZA-00033107,ZAC0002752,04/10/2018 06:33,COMPLETE,04/10/2018 09:59,07/10/2018 05:03,08/10/2018,WELCOME10
ZA-00033108,ZAC0004407,04/10/2018 18:05,COMPLETE,05/10/2018 21:52,09/10/2018 11:28,09/10/2018,
ZA-00033109,ZAC0001299,04/10/2018 19:48,COMPLETE,06/10/2018 21:11,12/10/2018 00:03,10/10/2018,
ZA-00033110,ZAC0004202,04/10/2018 11:46,COMPLETE,04/10/2018 23:35,13/10/2018 12:17,11/10/2018,
ZA-00033111,ZAC0011785,04/10/2018 11:25,COMPLETE,06/10/2018 17:37,09/10/2018 01:03,10/10/2018,BULK20
ZA-00033112,ZAC0014999,04/10/2018 15:29,CANCELLED,,,,
ZA-00033113,ZAC0023290,04/10/2018 22:49,COMPLETE,09/10/2018 04:06,14/10/2018 09:10,12/10/2018,WELCOME10
ZA-00033114,ZAC0013076,04/10/2018 19:53,COMPLETE,16/10/2018 02:17,23/10/2018 08:22,23/10/2018,LOYAL5
ZA-00033115,ZAC0005362,04/10/2018 17:59,CANCELLED,,,,
ZA-00033116,ZAC0018510,04/10/2018 20:41,COMPLETE,08/10/2018 00:05,10/10/2018 09:20,18/10/2018,
ZA-00033117,ZAC0010508,04/10/2018 15:28,COMPLETE,07/10/2018 00:37,09/10/2018 02:22,11/10/2018,
ZA-00033118,ZAC0009569,04/10/2018 22:08,COMPLETE,06/10/2018 05:07,09/10/2018 08:50,10/10/2018,
ZA-00033119,ZAC0012546,04/10/2018 18:14,COMPLETE,12/10/2018 00:16,29/10/2018 09:20,15/10/2018,
ZA-00033120,ZAC0012522,04/10/2018 18:33,COMPLETE,06/10/2018 23:59,11/10/2018 14:06,11/10/2018,WELCOME10
ZA-00033121,ZAC0007399,04/10/2018 12:28,COMPLETE,09/10/2018 04:08,17/10/2018 22:06,16/10/2018,
ZA-00033122,ZAC0004569,04/10/2018 09:03,COMPLETE,09/10/2018 01:26,10/10/2018 16:20,13/10/2018,
ZA-00033123,ZAC0011681,04/10/2018 17:30,COMPLETE,10/10/2018 00:55,14/10/2018 22:48,17/10/2018,
ZA-00033124,ZAC0016102,04/10/2018 18:30,COMPLETE,07/10/2018 10:35,11/10/2018 00:08,12/10/2018,
ZA-00033125,ZAC0020210,04/10/2018 10:28,COMPLETE,05/10/2018 05:17,06/10/2018 01:46,09/10/2018,
ZA-00033126,ZAC0011094,04/10/2018 14:50,COMPLETE,05/10/2018 17:38,08/10/2018 10:16,12/10/2018,
ZA-00033127,ZAC0006552,04/10/2018 08:38,COMPLETE,05/10/2018 17:10,06/10/2018 10:41,10/10/2018,
ZA-00033128,ZAC0007883,04/10/2018 11:23,COMPLETE,05/10/2018 20:24,07/10/2018 06:25,15/10/2018,
ZA-00033129,ZAC0007831,04/10/2018 20:08,COMPLETE,05/10/2018 07:50,07/10/2018 23:58,10/10/2018,
ZA-00033130,ZAC0001847,04/10/2018 13:21,COMPLETE,07/10/2018 19:31,15/10/2018 09:23,12/10/2018,
ZA-00033131,ZAC0022106,04/10/2018 07:24,DISPATCHED,04/10/2018 23:06,,09/10/2018,
ZA-00033132,ZAC0020434,04/10/2018 18:49,COMPLETE,05/10/2018 12:22,10/10/2018 09:06,10/10/2018,
ZA-00033133,ZAC0017668,05/10/2018 19:01,COMPLETE,08/10/2018 07:29,11/10/2018 05:43,15/10/2018,
ZA-00033134,ZAC0017477,05/10/2018 11:15,COMPLETE,06/10/2018 19:04,12/10/2018 07:48,11/10/2018,
ZA-00033135,ZAC0013448,05/10/2018 20:49,COMPLETE,11/10/2018 11:40,15/10/2018 07:23,16/10/2018,WINTER15
ZA-00033136,ZAC0000014,05/10/2018 18:51,COMPLETE,09/10/2018 08:25,17/10/2018 06:02,14/10/2018,
ZA-00033137,ZAC0016296,05/10/2018 11:36,COMPLETE,09/10/2018 08:27,12/10/2018 12:10,16/10/2018,FREESHIP
ZA-00033138,ZAC0019614,05/10/2018 07:15,COMPLETE,06/10/2018 10:55,11/10/2018 23:21,11/10/2018,WINTER15
ZA-00033139,ZAC0002291,05/10/2018 13:35,COMPLETE,07/10/2018 18:17,20/10/2018 12:19,11/10/2018,
ZA-00033140,ZAC0018468,05/10/2018 16:08,COMPLETE,09/10/2018 08:56,14/10/2018 07:24,19/10/2018,
ZA-00033141,ZAC0005168,05/10/2018 21:54,COMPLETE,07/10/2018 23:50,11/10/2018 18:45,10/10/2018,WINTER15
ZA-00033142,ZAC0018425,05/10/2018 22:14,COMPLETE,08/10/2018 09:12,11/10/2018 20:53,18/10/2018,
ZA-00033143,ZAC0001539,05/10/2018 09:06,COMPLETE,07/10/2018 00:21,07/10/2018 17:55,10/10/2018,
ZA-00033144,ZAC0006964,05/10/2018 11:40,DISPATCHED,09/10/2018 05:11,,14/10/2018,
ZA-00033145,ZAC0007031,05/10/2018 16:35,COMPLETE,06/10/2018 23:07,11/10/2018 22:59,10/10/2018,
ZA-00033146,ZAC0015631,05/10/2018 09:21,COMPLETE,07/10/2018 03:41,12/10/2018 17:59,14/10/2018,
ZA-00033147,ZAC0015505,05/10/2018 18:36,CANCELLED,,,,
ZA-00033148,ZAC0019155,05/10/2018 20:37,COMPLETE,08/10/2018 08:05,12/10/2018 15:05,18/10/2018,
ZA-00033149,ZAC0000118,05/10/2018 20:11,COMPLETE,07/10/2018 02:37,15/10/2018 22:57,10/10/2018,
ZA-00033150,ZAC0022839,05/10/2018 22:07,COMPLETE,06/10/2018 19:50,08/10/2018 06:51,13/10/2018,
ZA-00033151,ZAC0013886,05/10/2018 09:37,COMPLETE,06/10/2018 12:39,09/10/2018 20:41,10/10/2018,
ZA-00033152,ZAC0023554,05/10/2018 14:58,COMPLETE,06/10/2018 11:20,16/10/2018 19:48,10/10/2018,
ZA-00033153,ZAC0023960,05/10/2018 19:48,CANCELLED,,,,
ZA-00033154,ZAC0007417,05/10/2018 10:53,COMPLETE,08/10/2018 08:29,09/10/2018 21:18,12/10/2018,
ZA-00033155,ZAC0010953,05/10/2018 15:58,COMPLETE,07/10/2018 10:59,07/10/2018 13:59,12/10/2018,
ZA-00033156,ZAC0006601,05/10/2018 17:45,COMPLETE,08/10/2018 10:58,13/10/2018 04:53,11/10/2018,BULK20
ZA-00033157,ZAC0016481,05/10/2018 13:29,COMPLETE,07/10/2018 10:07,12/10/2018 02:18,11/10/2018,
ZA-00033158,ZAC0014479,05/10/2018 14:09,COMPLETE,07/10/2018 11:03,11/10/2018 19:37,17/10/2018,BULK20
ZA-00033159,ZAC0000591,05/10/2018 22:25,COMPLETE,09/10/2018 00:43,19/10/2018 16:25,13/10/2018,
ZA-00033160,ZAC0001141,05/10/2018 19:59,COMPLETE,07/10/2018 16:58,10/10/2018 08:15,11/10/2018,
ZA-00033161,ZAC0003741,05/10/2018 13:01,COMPLETE,08/10/2018 02:27,13/10/2018 08:40,15/10/2018,
ZA-00033162,ZAC0008925,05/10/2018 11:37,DISPATCHED,06/10/2018 15:31,,11/10/2018,
ZA-00033163,ZAC0012671,05/10/2018 12:20,COMPLETE,11/10/2018 03:04,15/10/2018 17:08,18/10/2018,LOYAL5
ZA-00033164,ZAC0010530,05/10/2018 18:00,COMPLETE,09/10/2018 06:50,11/10/2018 03:28,16/10/2018,
ZA-00033165,ZAC0003017,05/10/2018 10:05,COMPLETE,05/10/2018 21:14,09/10/2018 18:43,10/10/2018,FREESHIP
ZA-00033166,ZAC0009504,05/10/2018 10:07,COMPLETE,09/10/2018 22:53,12/10/2018 04:50,16/10/2018,LOYAL5
ZA-00033167,ZAC0013924,05/10/2018 20:19,COMPLETE,07/10/2018 06:29,10/10/2018 14:32,17/10/2018,
ZA-00033168,ZAC0000361,05/10/2018 14:15,COMPLETE,08/10/2018 10:26,17/10/2018 10:58,12/10/2018,
ZA-00033169,ZAC0019697,05/10/2018 09:50,COMPLETE,06/10/2018 15:34,09/10/2018 10:53,11/10/2018,
ZA-00033170,ZAC0022182,05/10/2018 06:41,COMPLETE,06/10/2018 00:07,13/10/2018 07:39,11/10/2018,
ZA-00033171,ZAC0023716,05/10/2018 21:51,COMPLETE,07/10/2018 01:05,10/10/2018 19:36,12/10/2018,
ZA-00033172,ZAC0009684,05/10/2018 06:24,COMPLETE,08/10/2018 17:38,16/10/2018 07:50,12/10/2018,LOYAL5
ZA-00033173,ZAC0009975,05/10/2018 18:22,COMPLETE,06/10/2018 17:41,09/10/2018 17:16,13/10/2018,
ZA-00033174,ZAC0006271,05/10/2018 07:36,COMPLETE,06/10/2018 05:05,10/10/2018 03:02,13/10/2018,
ZA-00033175,ZAC0020775,05/10/2018 07:15,COMPLETE,06/10/2018 10:07,08/10/2018 03:43,11/10/2018,
ZA-00033176,ZAC0020441,05/10/2018 17:41,CANCELLED,,,,
ZA-00033177,ZAC0023978,05/10/2018 22:18,COMPLETE,11/10/2018 03:38,14/10/2018 12:49,14/10/2018,
ZA-00033178,ZAC0003642,05/10/2018 11:21,COMPLETE,07/10/2018 22:34,11/10/2018 09:03,14/10/2018,LOYAL5
ZA-00033179,ZAC0022509,05/10/2018 14:49,COMPLETE,09/10/2018 18:23,12/10/2018 23:26,12/10/2018,
ZA-00033180,ZAC0016498,05/10/2018 19:15,COMPLETE,06/10/2018 16:16,11/10/2018 02:06,10/10/2018,
ZA-00033181,ZAC0007382,05/10/2018 15:12,COMPLETE,06/10/2018 13:51,08/10/2018 20:40,11/10/2018,
ZA-00033182,ZAC0020459,05/10/2018 15:54,COMPLETE,06/10/2018 14:54,10/10/2018 18:03,11/10/2018,
ZA-00033183,ZAC0010314,05/10/2018 19:20,CANCELLED,,,,
ZA-00033184,ZAC0017993,05/10/2018 08:33,COMPLETE,08/10/2018 12:53,20/10/2018 01:29,11/10/2018,
ZA-00033185,ZAC0018786,05/10/2018 08:14,COMPLETE,07/10/2018 10:30,11/10/2018 09:49,11/10/2018,
ZA-00033186,ZAC0018140,05/10/2018 15:02,COMPLETE,06/10/2018 04:03,08/10/2018 18:04,10/10/2018,
ZA-00033187,ZAC0013451,05/10/2018 20:49,COMPLETE,09/10/2018 00:06,18/10/2018 00:56,13/10/2018,
ZA-00033188,ZAC0023837,05/10/2018 19:01,COMPLETE,10/10/2018 02:12,13/10/2018 15:17,15/10/2018,
ZA-00033189,ZAC0008678,05/10/2018 22:05,COMPLETE,06/10/2018 09:03,10/10/2018 16:48,10/10/2018,
ZA-00033190,ZAC0013311,05/10/2018 14:28,COMPLETE,07/10/2018 22:43,11/10/2018 12:13,11/10/2018,
ZA-00033191,ZAC0011274,05/10/2018 08:36,COMPLETE,07/10/2018 05:38,11/10/2018 05:08,11/10/2018,
ZA-00033192,ZAC0013418,05/10/2018 10:54,COMPLETE,08/10/2018 17:58,13/10/2018 19:43,13/10/2018,
ZA-00033193,ZAC0015624,05/10/2018 09:58,COMPLETE,09/10/2018 13:28,10/10/2018 19:25,16/10/2018,
ZA-00033194,ZAC0021665,05/10/2018 06:01,COMPLETE,14/10/2018 06:52,21/10/2018 04:08,19/10/2018,
ZA-00033195,ZAC0012782,05/10/2018 08:01,COMPLETE,09/10/2018 16:30,20/10/2018 06:55,13/10/2018,
ZA-00033196,ZAC0019694,05/10/2018 19:00,COMPLETE,06/10/2018 23:22,12/10/2018 15:07,10/10/2018,FLASH25
ZA-00033197,ZAC0010501,05/10/2018 12:18,CANCELLED,,,,
ZA-00033198,ZAC0011130,05/10/2018 18:59,COMPLETE,06/10/2018 18:53,08/10/2018 19:38,13/10/2018,
ZA-00033199,ZAC0008705,05/10/2018 19:05,COMPLETE,07/10/2018 11:52,12/10/2018 22:57,12/10/2018,
ZA-00033200,ZAC0000061,05/10/2018 18:26,COMPLETE,07/10/2018 12:34,07/10/2018 21:47,10/10/2018,WELCOME10
ZA-00033201,ZAC0004558,05/10/2018 13:17,COMPLETE,08/10/2018 19:05,09/10/2018 09:14,12/10/2018,
ZA-00033202,ZAC0016774,05/10/2018 19:03,COMPLETE,09/10/2018 09:00,12/10/2018 09:51,13/10/2018,
ZA-00033203,ZAC0016687,05/10/2018 07:37,COMPLETE,06/10/2018 14:48,08/10/2018 15:30,13/10/2018,FLASH25
ZA-00033204,ZAC0023005,06/10/2018 18:19,COMPLETE,09/10/2018 10:47,11/10/2018 08:48,13/10/2018,BULK20
ZA-00033205,ZAC0016252,06/10/2018 15:09,COMPLETE,08/10/2018 10:02,12/10/2018 00:28,11/10/2018,
ZA-00033206,ZAC0015811,06/10/2018 21:25,COMPLETE,07/10/2018 19:05,12/10/2018 01:47,17/10/2018,FLASH25
ZA-00033207,ZAC0018331,06/10/2018 20:45,COMPLETE,10/10/2018 04:16,15/10/2018 14:07,14/10/2018,FLASH25
ZA-00033208,ZAC0020077,06/10/2018 21:13,COMPLETE,09/10/2018 05:38,20/10/2018 18:49,19/10/2018,
ZA-00033209,ZAC0000232,06/10/2018 07:10,CANCELLED,,,,
ZA-00033210,ZAC0020317,06/10/2018 07:26,COMPLETE,08/10/2018 15:20,12/10/2018 06:58,15/10/2018,
ZA-00033211,ZAC0011682,06/10/2018 19:53,COMPLETE,08/10/2018 03:57,13/10/2018 08:04,18/10/2018,FREESHIP
ZA-00033212,ZAC0007276,06/10/2018 21:00,COMPLETE,07/10/2018 03:16,24/10/2018 23:49,14/10/2018,LOYAL5
ZA-00033213,ZAC0008831,06/10/2018 13:05,COMPLETE,08/10/2018 03:49,12/10/2018 05:43,11/10/2018,
ZA-00033214,ZAC0017284,06/10/2018 07:40,COMPLETE,06/10/2018 15:09,10/10/2018 23:00,11/10/2018,FLASH25
ZA-00033215,ZAC0020442,06/10/2018 15:23,COMPLETE,08/10/2018 07:07,11/10/2018 12:42,13/10/2018,
ZA-00033216,ZAC0018879,06/10/2018 19:35,COMPLETE,09/10/2018 08:52,14/10/2018 13:30,12/10/2018,
ZA-00033217,ZAC0017505,06/10/2018 06:16,COMPLETE,09/10/2018 03:42,18/10/2018 12:41,16/10/2018,
ZA-00033218,ZAC0023095,06/10/2018 08:10,COMPLETE,09/10/2018 22:40,13/10/2018 16:55,16/10/2018,
ZA-00033219,ZAC0004614,06/10/2018 20:13,COMPLETE,08/10/2018 05:29,11/10/2018 14:47,15/10/2018,
ZA-00033220,ZAC0022511,06/10/2018 13:48,COMPLETE,07/10/2018 18:31,13/10/2018 05:35,10/10/2018,
ZA-00033221,ZAC0001178,06/10/2018 12:46,COMPLETE,08/10/2018 13:04,19/10/2018 19:49,13/10/2018,BULK20
ZA-00033222,ZAC0016347,06/10/2018 07:14,COMPLETE,08/10/2018 16:23,11/10/2018 00:31,15/10/2018,
ZA-00033223,ZAC0015054,06/10/2018 11:34,COMPLETE,08/10/2018 17:08,12/10/2018 22:33,12/10/2018,
ZA-00033224,ZAC0003049,06/10/2018 22:10,COMPLETE,07/10/2018 17:50,08/10/2018 16:40,11/10/2018,
ZA-00033225,ZAC0018972,06/10/2018 13:47,COMPLETE,09/10/2018 08:18,15/10/2018 03:50,13/10/2018,
ZA-00033226,ZAC0002995,06/10/2018 10:42,COMPLETE,09/10/2018 19:28,15/10/2018 09:42,12/10/2018,
ZA-00033227,ZAC0011060,06/10/2018 17:00,COMPLETE,09/10/2018 14:35,17/10/2018 14:05,14/10/2018,
ZA-00033228,ZAC0008134,06/10/2018 07:19,COMPLETE,08/10/2018 10:00,10/10/2018 21:22,12/10/2018,
ZA-00033229,ZAC0000311,06/10/2018 13:17,COMPLETE,07/10/2018 14:14,12/10/2018 11:30,11/10/2018,
ZA-00033230,ZAC0002323,06/10/2018 22:10,COMPLETE,12/10/2018 19:00,19/10/2018 00:00,17/10/2018,
ZA-00033231,ZAC0016989,06/10/2018 20:23,COMPLETE,07/10/2018 22:24,14/10/2018 19:32,11/10/2018,
ZA-00033232,ZAC0020050,06/10/2018 15:03,COMPLETE,10/10/2018 17:42,13/10/2018 09:11,20/10/2018,
ZA-00033233,ZAC0003814,06/10/2018 20:22,COMPLETE,10/10/2018 16:51,19/10/2018 08:05,17/10/2018,
ZA-00033234,ZAC0020636,06/10/2018 12:53,COMPLETE,08/10/2018 11:00,15/10/2018 13:18,13/10/2018,
ZA-00033235,ZAC0005399,06/10/2018 11:07,COMPLETE,08/10/2018 17:19,11/10/2018 03:50,12/10/2018,WELCOME10
ZA-00033236,ZAC0006832,06/10/2018 10:47,COMPLETE,07/10/2018 06:55,08/10/2018 19:56,12/10/2018,
ZA-00033237,ZAC0004097,06/10/2018 21:34,COMPLETE,07/10/2018 15:24,09/10/2018 17:27,10/10/2018,
ZA-00033238,ZAC0009431,06/10/2018 10:41,COMPLETE,07/10/2018 15:33,11/10/2018 04:14,11/10/2018,
ZA-00033239,ZAC0019004,06/10/2018 15:20,COMPLETE,08/10/2018 00:16,11/10/2018 20:58,15/10/2018,
ZA-00033240,ZAC0023164,06/10/2018 07:26,COMPLETE,11/10/2018 04:24,17/10/2018 12:18,14/10/2018,
ZA-00033241,ZAC0020574,06/10/2018 18:11,COMPLETE,07/10/2018 13:49,18/10/2018 17:25,11/10/2018,
ZA-00033242,ZAC0007266,06/10/2018 06:40,COMPLETE,07/10/2018 16:53,11/10/2018 06:34,11/10/2018,
ZA-00033243,ZAC0004196,06/10/2018 15:09,CANCELLED,,,,
ZA-00033244,ZAC0004481,06/10/2018 22:59,COMPLETE,08/10/2018 05:17,11/10/2018 10:39,12/10/2018,LOYAL5
ZA-00033245,ZAC0008663,06/10/2018 19:00,COMPLETE,08/10/2018 22:02,11/10/2018 19:59,18/10/2018,
ZA-00033246,ZAC0013376,06/10/2018 18:07,COMPLETE,08/10/2018 13:35,09/10/2018 23:12,18/10/2018,
ZA-00033247,ZAC0022034,06/10/2018 10:49,COMPLETE,07/10/2018 01:51,15/10/2018 16:01,12/10/2018,
ZA-00033248,ZAC0018136,06/10/2018 20:07,COMPLETE,10/10/2018 22:40,14/10/2018 06:53,15/10/2018,FLASH25
ZA-00033249,ZAC0006105,06/10/2018 21:06,COMPLETE,08/10/2018 19:59,12/10/2018 16:04,11/10/2018,
ZA-00033250,ZAC0019400,06/10/2018 21:04,COMPLETE,09/10/2018 00:56,11/10/2018 02:27,16/10/2018,
ZA-00033251,ZAC0021876,06/10/2018 19:50,COMPLETE,07/10/2018 15:40,10/10/2018 22:25,11/10/2018,
ZA-00033252,ZAC0019703,06/10/2018 18:18,COMPLETE,09/10/2018 10:24,09/10/2018 18:39,12/10/2018,
ZA-00033253,ZAC0001280,06/10/2018 13:31,COMPLETE,09/10/2018 11:27,12/10/2018 07:18,14/10/2018,BULK20
ZA-00033254,ZAC0019133,06/10/2018 17:50,COMPLETE,08/10/2018 14:59,10/10/2018 07:21,12/10/2018,
ZA-00033255,ZAC0020726,06/10/2018 06:34,COMPLETE,06/10/2018 13:29,08/10/2018 01:39,09/10/2018,
ZA-00033256,ZAC0007022,06/10/2018 06:51,COMPLETE,08/10/2018 08:41,14/10/2018 00:02,13/10/2018,
ZA-00033257,ZAC0013757,06/10/2018 16:50,COMPLETE,06/10/2018 23:35,13/10/2018 16:27,09/10/2018,WINTER15
ZA-00033258,ZAC0009220,06/10/2018 14:56,COMPLETE,08/10/2018 05:21,11/10/2018 01:21,11/10/2018,
ZA-00033259,ZAC0002904,06/10/2018 17:45,COMPLETE,09/10/2018 19:46,14/10/2018 12:35,12/10/2018,LOYAL5
ZA-00033260,ZAC0006174,06/10/2018 17:05,COMPLETE,07/10/2018 11:12,10/10/2018 20:39,10/10/2018,
ZA-00033261,ZAC0006303,06/10/2018 14:40,COMPLETE,07/10/2018 13:12,14/10/2018 18:41,12/10/2018,
ZA-00033262,ZAC0009306,06/10/2018 07:32,COMPLETE,07/10/2018 06:32,11/10/2018 11:22,14/10/2018,WELCOME10
ZA-00033263,ZAC0014770,06/10/2018 06:11,COMPLETE,06/10/2018 19:47,09/10/2018 19:38,13/10/2018,
ZA-00033264,ZAC0017180,06/10/2018 14:02,COMPLETE,07/10/2018 09:14,15/10/2018 01:01,11/10/2018,
ZA-00033265,ZAC0013124,06/10/2018 09:37,COMPLETE,11/10/2018 15:27,22/10/2018 02:13,14/10/2018,
ZA-00033266,ZAC0012699,06/10/2018 11:01,COMPLETE,09/10/2018 15:50,19/10/2018 08:27,13/10/2018,
ZA-00033267,ZAC0017723,06/10/2018 14:09,COMPLETE,09/10/2018 13:32,15/10/2018 12:42,16/10/2018,
ZA-00033268,ZAC0010162,06/10/2018 15:54,DISPATCHED,07/10/2018 16:29,,11/10/2018,
ZA-00033269,ZAC0004189,06/10/2018 20:55,COMPLETE,09/10/2018 12:25,12/10/2018 22:43,19/10/2018,
ZA-00033270,ZAC0023093,06/10/2018 20:13,COMPLETE,06/10/2018 22:48,18/10/2018 21:14,10/10/2018,
ZA-00033271,ZAC0013399,06/10/2018 19:01,COMPLETE,09/10/2018 12:31,11/10/2018 00:42,12/10/2018,FLASH25
ZA-00033272,ZAC0023519,06/10/2018 18:47,COMPLETE,08/10/2018 18:50,14/10/2018 12:57,13/10/2018,
ZA-00033273,ZAC0006833,06/10/2018 15:13,COMPLETE,08/10/2018 07:36,11/10/2018 10:04,11/10/2018,
ZA-00033274,ZAC0013741,06/10/2018 10:54,COMPLETE,08/10/2018 14:34,14/10/2018 12:59,12/10/2018,LOYAL5
ZA-00033275,ZAC0016560,06/10/2018 16:22,COMPLETE,10/10/2018 01:02,12/10/2018 04:53,13/10/2018,
ZA-00033276,ZAC0001448,06/10/2018 15:34,COMPLETE,09/10/2018 14:03,15/10/2018 11:13,16/10/2018,BULK20
ZA-00033277,ZAC0001209,06/10/2018 20:08,COMPLETE,09/10/2018 14:21,10/10/2018 03:00,19/10/2018,
ZA-00033278,ZAC0007801,06/10/2018 16:49,COMPLETE,10/10/2018 22:43,14/10/2018 19:51,15/10/2018,
ZA-00033279,ZAC0021296,06/10/2018 22:38,COMPLETE,10/10/2018 13:18,13/10/2018 08:56,15/10/2018,
ZA-00033280,ZAC0023162,06/10/2018 20:54,COMPLETE,07/10/2018 03:38,07/10/2018 15:36,14/10/2018,LOYAL5
ZA-00033281,ZAC0000237,06/10/2018 06:13,COMPLETE,06/10/2018 19:15,10/10/2018 14:31,11/10/2018,
ZA-00033282,ZAC0023697,07/10/2018 19:30,COMPLETE,08/10/2018 00:11,17/10/2018 19:09,12/10/2018,WELCOME10
ZA-00033283,ZAC0010856,07/10/2018 08:09,COMPLETE,10/10/2018 15:25,12/10/2018 01:46,14/10/2018,
ZA-00033284,ZAC0015109,07/10/2018 13:46,COMPLETE,08/10/2018 06:45,13/10/2018 20:05,11/10/2018,
ZA-00033285,ZAC0002818,07/10/2018 13:19,COMPLETE,09/10/2018 10:37,17/10/2018 06:41,19/10/2018,
ZA-00033286,ZAC0017004,07/10/2018 18:49,COMPLETE,08/10/2018 14:04,18/10/2018 22:47,12/10/2018,FLASH25
ZA-00033287,ZAC0014293,07/10/2018 10:48,COMPLETE,13/10/2018 08:05,15/10/2018 20:29,20/10/2018,
ZA-00033288,ZAC0009269,07/10/2018 11:17,COMPLETE,08/10/2018 10:26,17/10/2018 02:39,15/10/2018,LOYAL5
ZA-00033289,ZAC0007753,07/10/2018 09:05,COMPLETE,07/10/2018 13:19,11/10/2018 02:51,17/10/2018,FREESHIP
ZA-00033290,ZAC0008663,07/10/2018 14:34,COMPLETE,08/10/2018 23:52,15/10/2018 14:34,12/10/2018,
ZA-00033291,ZAC0008217,07/10/2018 19:13,COMPLETE,08/10/2018 16:01,10/10/2018 01:45,15/10/2018,
ZA-00033292,ZAC0018284,07/10/2018 15:47,COMPLETE,08/10/2018 22:52,17/10/2018 08:11,12/10/2018,
ZA-00033293,ZAC0005192,07/10/2018 22:03,COMPLETE,09/10/2018 19:59,13/10/2018 01:34,13/10/2018,BULK20
ZA-00033294,ZAC0005612,07/10/2018 13:13,COMPLETE,07/10/2018 20:15,13/10/2018 14:59,11/10/2018,
ZA-00033295,ZAC0014374,07/10/2018 08:00,COMPLETE,09/10/2018 08:19,11/10/2018 17:27,12/10/2018,
ZA-00033296,ZAC0006695,07/10/2018 17:31,COMPLETE,13/10/2018 04:41,17/10/2018 17:31,18/10/2018,
ZA-00033297,ZAC0010108,07/10/2018 15:55,DISPATCHED,08/10/2018 15:12,,13/10/2018,
ZA-00033298,ZAC0010873,07/10/2018 08:08,COMPLETE,10/10/2018 06:14,11/10/2018 23:19,17/10/2018,
ZA-00033299,ZAC0002363,07/10/2018 11:35,COMPLETE,09/10/2018 06:15,12/10/2018 10:56,14/10/2018,
ZA-00033300,ZAC0013788,07/10/2018 16:09,COMPLETE,08/10/2018 21:18,11/10/2018 10:07,13/10/2018,WINTER15
ZA-00033301,ZAC0010381,07/10/2018 10:04,COMPLETE,08/10/2018 16:16,12/10/2018 06:12,13/10/2018,
ZA-00033302,ZAC0016863,07/10/2018 08:47,CANCELLED,,,,
ZA-00033303,ZAC0005392,07/10/2018 19:55,COMPLETE,08/10/2018 18:25,10/10/2018 01:01,13/10/2018,
ZA-00033304,ZAC0019990,07/10/2018 14:31,COMPLETE,11/10/2018 01:31,22/10/2018 03:51,14/10/2018,
ZA-00033305,ZAC0019597,07/10/2018 07:58,COMPLETE,08/10/2018 03:25,14/10/2018 22:05,12/10/2018,BULK20
ZA-00033306,ZAC0014357,07/10/2018 16:27,COMPLETE,09/10/2018 04:55,18/10/2018 11:35,13/10/2018,
ZA-00033307,ZAC0020632,07/10/2018 20:11,COMPLETE,12/10/2018 12:19,19/10/2018 06:32,16/10/2018,
ZA-00033308,ZAC0007712,07/10/2018 22:55,COMPLETE,09/10/2018 12:39,18/10/2018 11:40,12/10/2018,
ZA-00033309,ZAC0017687,07/10/2018 22:30,COMPLETE,11/10/2018 11:11,17/10/2018 18:43,21/10/2018,
ZA-00033310,ZAC0011255,07/10/2018 17:19,COMPLETE,08/10/2018 00:53,12/10/2018 14:16,15/10/2018,FREESHIP
ZA-00033311,ZAC0005971,07/10/2018 13:25,COMPLETE,08/10/2018 04:48,11/10/2018 17:20,12/10/2018,
ZA-00033312,ZAC0022177,07/10/2018 20:11,COMPLETE,09/10/2018 04:01,10/10/2018 18:46,12/10/2018,WINTER15
ZA-00033313,ZAC0017594,07/10/2018 06:50,CANCELLED,,,,
ZA-00033314,ZAC0014733,07/10/2018 12:01,COMPLETE,11/10/2018 21:37,19/10/2018 16:54,14/10/2018,
ZA-00033315,ZAC0011262,07/10/2018 19:07,COMPLETE,09/10/2018 21:23,11/10/2018 21:47,12/10/2018,
ZA-00033316,ZAC0001019,07/10/2018 16:20,COMPLETE,09/10/2018 07:37,16/10/2018 04:18,13/10/2018,
ZA-00033317,ZAC0010136,07/10/2018 07:42,COMPLETE,08/10/2018 16:05,10/10/2018 01:56,18/10/2018,
ZA-00033318,ZAC0002498,07/10/2018 18:47,COMPLETE,09/10/2018 03:54,14/10/2018 02:42,13/10/2018,
ZA-00033319,ZAC0020596,07/10/2018 17:02,PENDING,,,,
ZA-00033320,ZAC0008173,07/10/2018 13:48,COMPLETE,08/10/2018 08:28,10/10/2018 02:03,13/10/2018,
ZA-00033321,ZAC0009810,07/10/2018 16:04,COMPLETE,09/10/2018 19:32,13/10/2018 05:25,12/10/2018,LOYAL5
ZA-00033322,ZAC0019615,07/10/2018 07:12,COMPLETE,11/10/2018 16:43,13/10/2018 05:01,15/10/2018,
ZA-00033323,ZAC0022263,07/10/2018 16:59,COMPLETE,08/10/2018 15:47,12/10/2018 05:46,15/10/2018,BULK20
ZA-00033324,ZAC0012981,07/10/2018 08:26,COMPLETE,08/10/2018 22:45,10/10/2018 02:51,12/10/2018,
ZA-00033325,ZAC0011145,07/10/2018 16:20,COMPLETE,09/10/2018 01:12,18/10/2018 13:44,13/10/2018,
ZA-00033326,ZAC0007533,07/10/2018 13:07,COMPLETE,15/10/2018 08:23,25/10/2018 02:36,18/10/2018,
ZA-00033327,ZAC0008219,07/10/2018 20:35,COMPLETE,09/10/2018 12:46,12/10/2018 00:24,16/10/2018,
ZA-00033328,ZAC0010723,07/10/2018 16:59,COMPLETE,08/10/2018 19:47,10/10/2018 04:25,12/10/2018,
ZA-00033329,ZAC0008156,07/10/2018 17:25,COMPLETE,08/10/2018 03:46,16/10/2018 03:09,18/10/2018,
ZA-00033330,ZAC0020848,07/10/2018 21:54,COMPLETE,10/10/2018 04:16,12/10/2018 18:50,14/10/2018,FLASH25
ZA-00033331,ZAC0013558,07/10/2018 11:44,COMPLETE,10/10/2018 17:04,13/10/2018 17:10,14/10/2018,
ZA-00033332,ZAC0016912,07/10/2018 12:59,COMPLETE,11/10/2018 16:18,16/10/2018 22:07,14/10/2018,
ZA-00033333,ZAC0003546,07/10/2018 19:57,COMPLETE,10/10/2018 13:03,18/10/2018 10:52,15/10/2018,
ZA-00033334,ZAC0016992,07/10/2018 13:40,COMPLETE,08/10/2018 21:27,17/10/2018 12:41,15/10/2018,
ZA-00033335,ZAC0021367,07/10/2018 10:30,COMPLETE,08/10/2018 12:18,13/10/2018 12:50,12/10/2018,
ZA-00033336,ZAC0000036,07/10/2018 21:04,COMPLETE,08/10/2018 18:52,17/10/2018 04:34,11/10/2018,
ZA-00033337,ZAC0022278,07/10/2018 11:51,COMPLETE,09/10/2018 05:01,10/10/2018 20:48,16/10/2018,
ZA-00033338,ZAC0002105,07/10/2018 21:47,COMPLETE,10/10/2018 05:28,13/10/2018 02:28,17/10/2018,
ZA-00033339,ZAC0014325,07/10/2018 12:58,COMPLETE,07/10/2018 18:13,10/10/2018 20:52,12/10/2018,
ZA-00033340,ZAC0000641,07/10/2018 13:53,COMPLETE,11/10/2018 02:10,14/10/2018 05:27,16/10/2018,
ZA-00033341,ZAC0000376,07/10/2018 18:35,COMPLETE,10/10/2018 02:04,14/10/2018 20:12,14/10/2018,
ZA-00033342,ZAC0008410,07/10/2018 11:02,COMPLETE,10/10/2018 02:08,16/10/2018 01:50,13/10/2018,
ZA-00033343,ZAC0016077,07/10/2018 17:08,CANCELLED,,,,
ZA-00033344,ZAC0020805,07/10/2018 12:53,DISPATCHED,09/10/2018 15:13,,19/10/2018,
ZA-00033345,ZAC0006832,07/10/2018 10:39,COMPLETE,09/10/2018 16:57,11/10/2018 20:46,14/10/2018,
ZA-00033346,ZAC0007247,07/10/2018 11:40,COMPLETE,09/10/2018 04:31,15/10/2018 15:59,14/10/2018,
ZA-00033347,ZAC0020557,07/10/2018 10:34,COMPLETE,09/10/2018 20:22,17/10/2018 13:43,19/10/2018,
ZA-00033348,ZAC0006923,07/10/2018 08:43,CANCELLED,,,,FLASH25
ZA-00033349,ZAC0020226,07/10/2018 11:47,COMPLETE,10/10/2018 23:21,15/10/2018 08:53,13/10/2018,
ZA-00033350,ZAC0013476,07/10/2018 19:28,COMPLETE,10/10/2018 09:08,13/10/2018 12:40,13/10/2018,
ZA-00033351,ZAC0002233,07/10/2018 14:56,CANCELLED,,,,
ZA-00033352,ZAC0000494,07/10/2018 12:05,COMPLETE,08/10/2018 12:51,13/10/2018 00:11,13/10/2018,
ZA-00033353,ZAC0006073,07/10/2018 15:04,DISPATCHED,10/10/2018 03:37,,13/10/2018,
ZA-00033354,ZAC0017563,07/10/2018 10:56,COMPLETE,13/10/2018 12:50,17/10/2018 01:47,20/10/2018,
ZA-00033355,ZAC0001363,07/10/2018 21:39,COMPLETE,10/10/2018 17:47,14/10/2018 13:34,17/10/2018,
ZA-00033356,ZAC0020746,08/10/2018 17:24,COMPLETE,11/10/2018 03:22,16/10/2018 06:05,15/10/2018,
ZA-00033357,ZAC0004817,08/10/2018 12:45,COMPLETE,10/10/2018 12:53,13/10/2018 05:16,15/10/2018,
ZA-00033358,ZAC0021540,08/10/2018 18:21,COMPLETE,11/10/2018 13:09,19/10/2018 19:39,15/10/2018,
ZA-00033359,ZAC0023327,08/10/2018 15:59,COMPLETE,12/10/2018 18:29,29/10/2018 10:13,17/10/2018,
ZA-00033360,ZAC0005634,08/10/2018 20:06,COMPLETE,11/10/2018 11:58,15/10/2018 10:45,14/10/2018,
ZA-00033361,ZAC0014132,08/10/2018 06:06,COMPLETE,11/10/2018 09:13,15/10/2018 22:09,14/10/2018,
ZA-00033362,ZAC0022415,08/10/2018 16:28,COMPLETE,10/10/2018 17:38,12/10/2018 01:57,14/10/2018,
ZA-00033363,ZAC0001605,08/10/2018 17:10,COMPLETE,09/10/2018 00:43,13/10/2018 23:58,12/10/2018,WINTER15
ZA-00033364,ZAC0022853,08/10/2018 19:43,COMPLETE,11/10/2018 15:49,15/10/2018 06:18,16/10/2018,
ZA-00033365,ZAC0007938,08/10/2018 08:09,COMPLETE,10/10/2018 13:28,13/10/2018 05:53,14/10/2018,
ZA-00033366,ZAC0009008,08/10/2018 16:06,COMPLETE,10/10/2018 21:34,14/10/2018 10:05,13/10/2018,
ZA-00033367,ZAC0021858,08/10/2018 11:56,COMPLETE,12/10/2018 01:18,16/10/2018 04:08,17/10/2018,
ZA-00033368,ZAC0007233,08/10/2018 20:30,COMPLETE,10/10/2018 21:27,15/10/2018 09:19,20/10/2018,FLASH25
ZA-00033369,ZAC0002712,08/10/2018 20:41,COMPLETE,10/10/2018 05:04,13/10/2018 15:14,14/10/2018,
ZA-00033370,ZAC0009098,08/10/2018 21:23,COMPLETE,09/10/2018 04:43,12/10/2018 03:01,13/10/2018,LOYAL5
ZA-00033371,ZAC0023002,08/10/2018 19:39,CANCELLED,,,,
ZA-00033372,ZAC0009995,08/10/2018 12:07,COMPLETE,09/10/2018 00:12,14/10/2018 11:23,13/10/2018,
ZA-00033373,ZAC0005333,08/10/2018 16:04,COMPLETE,11/10/2018 01:29,12/10/2018 02:50,18/10/2018,
ZA-00033374,ZAC0004200,08/10/2018 10:15,COMPLETE,09/10/2018 00:50,13/10/2018 01:56,16/10/2018,
ZA-00033375,ZAC0009506,08/10/2018 21:45,COMPLETE,09/10/2018 22:12,15/10/2018 18:57,13/10/2018,
ZA-00033376,ZAC0000910,08/10/2018 12:43,COMPLETE,11/10/2018 18:48,13/10/2018 16:32,15/10/2018,WINTER15
ZA-00033377,ZAC0019726,08/10/2018 13:55,COMPLETE,11/10/2018 21:17,13/10/2018 11:41,14/10/2018,
ZA-00033378,ZAC0018229,08/10/2018 20:14,COMPLETE,09/10/2018 23:47,13/10/2018 12:20,14/10/2018,
ZA-00033379,ZAC0020578,08/10/2018 19:47,COMPLETE,12/10/2018 07:34,17/10/2018 13:32,15/10/2018,
ZA-00033380,ZAC0021234,08/10/2018 12:24,COMPLETE,11/10/2018 02:24,14/10/2018 15:06,14/10/2018,
ZA-00033381,ZAC0014333,08/10/2018 13:17,COMPLETE,11/10/2018 16:06,12/10/2018 22:58,14/10/2018,
ZA-00033382,ZAC0010425,08/10/2018 16:20,COMPLETE,10/10/2018 03:20,11/10/2018 11:26,14/10/2018,
ZA-00033383,ZAC0000364,08/10/2018 12:32,COMPLETE,12/10/2018 14:39,22/10/2018 23:22,17/10/2018,
ZA-00033384,ZAC0012095,08/10/2018 22:46,COMPLETE,11/10/2018 00:18,13/10/2018 10:10,18/10/2018,
ZA-00033385,ZAC0020350,08/10/2018 09:20,COMPLETE,09/10/2018 08:34,16/10/2018 17:41,12/10/2018,
ZA-00033386,ZAC0007362,08/10/2018 07:19,COMPLETE,09/10/2018 13:42,11/10/2018 00:30,12/10/2018,
ZA-00033387,ZAC0004775,08/10/2018 15:30,COMPLETE,14/10/2018 23:27,18/10/2018 04:41,21/10/2018,
ZA-00033388,ZAC0000833,08/10/2018 17:46,COMPLETE,09/10/2018 07:55,16/10/2018 20:42,13/10/2018,
ZA-00033389,ZAC0023681,08/10/2018 21:37,COMPLETE,12/10/2018 01:41,13/10/2018 16:42,15/10/2018,
ZA-00033390,ZAC0017824,08/10/2018 10:56,COMPLETE,12/10/2018 17:38,17/10/2018 08:30,16/10/2018,FREESHIP
ZA-00033391,ZAC0014963,08/10/2018 16:44,COMPLETE,08/10/2018 22:15,12/10/2018 02:20,13/10/2018,
ZA-00033392,ZAC0005408,08/10/2018 09:16,COMPLETE,10/10/2018 19:52,14/10/2018 17:54,13/10/2018,
ZA-00033393,ZAC0016647,08/10/2018 17:15,DISPATCHED,09/10/2018 08:31,,12/10/2018,
ZA-00033394,ZAC0018012,08/10/2018 19:47,CANCELLED,,,,FLASH25
ZA-00033395,ZAC0016723,08/10/2018 16:43,COMPLETE,09/10/2018 08:02,13/10/2018 04:34,13/10/2018,
ZA-00033396,ZAC0011525,08/10/2018 14:48,COMPLETE,12/10/2018 09:51,19/10/2018 22:35,19/10/2018,
ZA-00033397,ZAC0000574,08/10/2018 10:40,COMPLETE,09/10/2018 19:34,12/10/2018 05:13,13/10/2018,
ZA-00033398,ZAC0004377,08/10/2018 20:12,COMPLETE,11/10/2018 12:23,12/10/2018 12:18,21/10/2018,FREESHIP
ZA-00033399,ZAC0007152,08/10/2018 22:02,COMPLETE,10/10/2018 23:56,18/10/2018 13:27,15/10/2018,
ZA-00033400,ZAC0014051,08/10/2018 21:35,DISPATCHED,09/10/2018 11:07,,13/10/2018,
ZA-00033401,ZAC0005745,08/10/2018 18:02,COMPLETE,10/10/2018 13:35,13/10/2018 06:49,15/10/2018,
ZA-00033402,ZAC0022130,08/10/2018 21:45,COMPLETE,09/10/2018 05:54,16/10/2018 02:34,13/10/2018,
ZA-00033403,ZAC0016764,08/10/2018 12:21,COMPLETE,10/10/2018 08:05,13/10/2018 21:12,14/10/2018,
ZA-00033404,ZAC0017493,08/10/2018 20:29,COMPLETE,09/10/2018 06:07,10/10/2018 15:27,14/10/2018,
ZA-00033405,ZAC0014030,08/10/2018 09:22,COMPLETE,10/10/2018 17:44,21/10/2018 00:56,14/10/2018,
ZA-00033406,ZAC0000184,08/10/2018 19:36,COMPLETE,13/10/2018 16:40,14/10/2018 18:24,17/10/2018,
ZA-00033407,ZAC0017958,08/10/2018 09:49,COMPLETE,09/10/2018 09:05,12/10/2018 00:37,14/10/2018,
ZA-00033408,ZAC0006865,08/10/2018 12:47,COMPLETE,11/10/2018 09:43,17/10/2018 04:52,14/10/2018,
ZA-00033409,ZAC0022460,08/10/2018 12:53,COMPLETE,09/10/2018 05:23,14/10/2018 10:26,14/10/2018,
ZA-00033410,ZAC0001749,08/10/2018 13:22,COMPLETE,09/10/2018 00:35,09/10/2018 22:26,16/10/2018,
ZA-00033411,ZAC0000504,08/10/2018 06:59,COMPLETE,09/10/2018 16:42,12/10/2018 00:47,19/10/2018,FREESHIP
ZA-00033412,ZAC0019249,08/10/2018 12:26,DISPATCHED,14/10/2018 03:06,,19/10/2018,BULK20
ZA-00033413,ZAC0000742,08/10/2018 13:07,COMPLETE,10/10/2018 09:47,13/10/2018 19:06,13/10/2018,
ZA-00033414,ZAC0001675,08/10/2018 11:52,COMPLETE,11/10/2018 06:47,13/10/2018 15:46,14/10/2018,
ZA-00033415,ZAC0007142,08/10/2018 06:00,COMPLETE,09/10/2018 17:53,15/10/2018 06:23,14/10/2018,
ZA-00033416,ZAC0009591,08/10/2018 11:29,COMPLETE,11/10/2018 05:45,12/10/2018 02:41,16/10/2018,
ZA-00033417,ZAC0010076,08/10/2018 19:48,COMPLETE,10/10/2018 01:28,14/10/2018 14:20,13/10/2018,BULK20
ZA-00033418,ZAC0016630,08/10/2018 12:18,COMPLETE,09/10/2018 23:59,12/10/2018 17:00,12/10/2018,LOYAL5
ZA-00033419,ZAC0005211,08/10/2018 12:08,COMPLETE,10/10/2018 22:13,11/10/2018 14:52,14/10/2018,
ZA-00033420,ZAC0015808,08/10/2018 21:30,COMPLETE,09/10/2018 15:47,13/10/2018 08:10,16/10/2018,
ZA-00033421,ZAC0018229,08/10/2018 22:15,COMPLETE,13/10/2018 07:31,18/10/2018 01:01,17/10/2018,
ZA-00033422,ZAC0013445,08/10/2018 09:32,COMPLETE,08/10/2018 17:03,16/10/2018 00:58,15/10/2018,BULK20
ZA-00033423,ZAC0013369,08/10/2018 20:30,COMPLETE,10/10/2018 23:45,18/10/2018 09:56,17/10/2018,
ZA-00033424,ZAC0017234,08/10/2018 19:36,COMPLETE,11/10/2018 03:48,16/10/2018 17:20,16/10/2018,
ZA-00033425,ZAC0020340,08/10/2018 11:39,COMPLETE,09/10/2018 23:12,19/10/2018 10:18,16/10/2018,FLASH25
ZA-00033426,ZAC0011546,08/10/2018 12:46,COMPLETE,11/10/2018 00:29,12/10/2018 11:57,15/10/2018,
ZA-00033427,ZAC0017111,08/10/2018 10:40,COMPLETE,10/10/2018 16:14,14/10/2018 05:07,15/10/2018,
ZA-00033428,ZAC0000758,08/10/2018 13:27,COMPLETE,09/10/2018 02:22,09/10/2018 20:21,13/10/2018,
ZA-00033429,ZAC0019551,08/10/2018 11:02,COMPLETE,10/10/2018 05:09,12/10/2018 16:25,13/10/2018,
ZA-00033430,ZAC0001624,08/10/2018 07:17,RETURNED,08/10/2018 15:10,11/10/2018 04:25,15/10/2018,
ZA-00033431,ZAC0007951,08/10/2018 15:08,COMPLETE,09/10/2018 14:53,20/10/2018 00:08,13/10/2018,
ZA-00033432,ZAC0017229,08/10/2018 22:02,COMPLETE,11/10/2018 22:13,17/10/2018 05:18,18/10/2018,
ZA-00033433,ZAC0020112,09/10/2018 13:43,COMPLETE,13/10/2018 01:15,16/10/2018 12:29,17/10/2018,
ZA-00033434,ZAC0016712,09/10/2018 21:50,COMPLETE,12/10/2018 07:00,14/10/2018 07:24,17/10/2018,FREESHIP
ZA-00033435,ZAC0019444,09/10/2018 14:10,COMPLETE,12/10/2018 06:24,18/10/2018 17:05,17/10/2018,WINTER15
ZA-00033436,ZAC0017736,09/10/2018 06:18,COMPLETE,12/10/2018 12:34,18/10/2018 05:10,19/10/2018,
ZA-00033437,ZAC0006781,09/10/2018 13:59,COMPLETE,10/10/2018 09:53,15/10/2018 09:21,14/10/2018,LOYAL5
ZA-00033438,ZAC0019798,09/10/2018 18:13,COMPLETE,14/10/2018 02:51,16/10/2018 01:03,19/10/2018,
ZA-00033439,ZAC0016635,09/10/2018 18:05,COMPLETE,11/10/2018 18:56,13/10/2018 02:10,15/10/2018,
ZA-00033440,ZAC0011845,09/10/2018 14:30,COMPLETE,11/10/2018 19:57,17/10/2018 23:00,16/10/2018,
ZA-00033441,ZAC0021040,09/10/2018 13:05,COMPLETE,11/10/2018 14:37,18/10/2018 12:36,18/10/2018,
ZA-00033442,ZAC0009028,09/10/2018 12:54,COMPLETE,11/10/2018 04:54,17/10/2018 14:45,16/10/2018,
ZA-00033443,ZAC0004049,09/10/2018 10:20,COMPLETE,10/10/2018 15:20,16/10/2018 22:54,14/10/2018,WINTER15
ZA-00033444,ZAC0019414,09/10/2018 08:58,COMPLETE,15/10/2018 19:36,18/10/2018 11:52,22/10/2018,LOYAL5
ZA-00033445,ZAC0012625,09/10/2018 20:56,COMPLETE,10/10/2018 16:34,15/10/2018 22:06,14/10/2018,
ZA-00033446,ZAC0005258,09/10/2018 11:29,COMPLETE,10/10/2018 11:01,16/10/2018 19:01,13/10/2018,
ZA-00033447,ZAC0020341,09/10/2018 09:11,COMPLETE,11/10/2018 03:21,13/10/2018 17:55,16/10/2018,
ZA-00033448,ZAC0016649,09/10/2018 08:54,COMPLETE,13/10/2018 21:05,16/10/2018 22:29,18/10/2018,
ZA-00033449,ZAC0015858,09/10/2018 08:39,COMPLETE,09/10/2018 20:45,12/10/2018 19:25,12/10/2018,
ZA-00033450,ZAC0018936,09/10/2018 14:22,COMPLETE,11/10/2018 03:43,19/10/2018 21:38,16/10/2018,LOYAL5
ZA-00033451,ZAC0017730,09/10/2018 16:48,COMPLETE,11/10/2018 01:18,15/10/2018 01:41,15/10/2018,
ZA-00033452,ZAC0011624,09/10/2018 06:39,PENDING,,,,
ZA-00033453,ZAC0007720,09/10/2018 17:44,COMPLETE,10/10/2018 16:48,12/10/2018 21:58,14/10/2018,
ZA-00033454,ZAC0017867,09/10/2018 09:17,COMPLETE,14/10/2018 13:44,17/10/2018 17:15,18/10/2018,
ZA-00033455,ZAC0004723,09/10/2018 21:00,COMPLETE,11/10/2018 07:07,16/10/2018 09:21,16/10/2018,
ZA-00033456,ZAC0006899,09/10/2018 19:32,COMPLETE,13/10/2018 22:26,15/10/2018 07:29,18/10/2018,
ZA-00033457,ZAC0019354,09/10/2018 19:22,COMPLETE,12/10/2018 17:38,18/10/2018 16:10,17/10/2018,WELCOME10
ZA-00033458,ZAC0013633,09/10/2018 13:22,COMPLETE,14/10/2018 02:45,17/10/2018 21:08,18/10/2018,
ZA-00033459,ZAC0012451,09/10/2018 22:58,COMPLETE,10/10/2018 18:57,13/10/2018 18:27,20/10/2018,
ZA-00033460,ZAC0006217,09/10/2018 09:25,COMPLETE,09/10/2018 14:53,10/10/2018 04:01,13/10/2018,
ZA-00033461,ZAC0016511,09/10/2018 09:18,COMPLETE,12/10/2018 01:07,15/10/2018 10:23,15/10/2018,
ZA-00033462,ZAC0017579,09/10/2018 21:27,COMPLETE,13/10/2018 12:50,16/10/2018 17:24,17/10/2018,FLASH25
ZA-00033463,ZAC0008935,09/10/2018 15:58,COMPLETE,13/10/2018 14:53,14/10/2018 21:28,18/10/2018,
ZA-00033464,ZAC0011558,09/10/2018 13:48,COMPLETE,14/10/2018 11:40,15/10/2018 11:39,19/10/2018,
ZA-00033465,ZAC0004625,09/10/2018 07:18,COMPLETE,11/10/2018 03:08,15/10/2018 01:03,15/10/2018,
ZA-00033466,ZAC0022100,09/10/2018 12:01,COMPLETE,11/10/2018 16:01,12/10/2018 13:03,15/10/2018,
ZA-00033467,ZAC0007283,09/10/2018 07:27,PENDING,,,,
ZA-00033468,ZAC0012989,09/10/2018 21:05,COMPLETE,14/10/2018 08:36,18/10/2018 11:23,17/10/2018,
ZA-00033469,ZAC0013501,09/10/2018 06:52,COMPLETE,11/10/2018 15:26,18/10/2018 02:38,15/10/2018,FLASH25
ZA-00033470,ZAC0021469,09/10/2018 17:03,COMPLETE,10/10/2018 15:28,14/10/2018 16:47,15/10/2018,
ZA-00033471,ZAC0014128,09/10/2018 11:39,COMPLETE,11/10/2018 09:05,13/10/2018 06:53,15/10/2018,
ZA-00033472,ZAC0007137,09/10/2018 14:03,COMPLETE,11/10/2018 09:19,15/10/2018 19:22,16/10/2018,
ZA-00033473,ZAC0004070,09/10/2018 12:09,COMPLETE,10/10/2018 16:50,11/10/2018 03:53,17/10/2018,
ZA-00033474,ZAC0009799,09/10/2018 19:09,COMPLETE,11/10/2018 07:09,12/10/2018 00:52,15/10/2018,LOYAL5
ZA-00033475,ZAC0020780,09/10/2018 13:38,COMPLETE,15/10/2018 17:15,16/10/2018 17:09,19/10/2018,
ZA-00033476,ZAC0011888,09/10/2018 18:05,COMPLETE,10/10/2018 09:32,13/10/2018 06:41,15/10/2018,
ZA-00033477,ZAC0003272,09/10/2018 19:04,COMPLETE,11/10/2018 05:17,16/10/2018 18:24,15/10/2018,
ZA-00033478,ZAC0001424,09/10/2018 09:30,COMPLETE,13/10/2018 03:44,18/10/2018 09:30,16/10/2018,
ZA-00033479,ZAC0002305,09/10/2018 19:06,CANCELLED,,,,
ZA-00033480,ZAC0016073,09/10/2018 08:18,CANCELLED,,,,
ZA-00033481,ZAC0001169,09/10/2018 16:07,PENDING,,,,LOYAL5
ZA-00033482,ZAC0014297,09/10/2018 08:47,COMPLETE,12/10/2018 07:53,19/10/2018 10:52,19/10/2018,
ZA-00033483,ZAC0006691,09/10/2018 08:03,COMPLETE,09/10/2018 23:27,21/10/2018 08:10,12/10/2018,
ZA-00033484,ZAC0003725,09/10/2018 15:29,COMPLETE,12/10/2018 10:28,18/10/2018 19:07,19/10/2018,
ZA-00033485,ZAC0013701,09/10/2018 09:18,COMPLETE,10/10/2018 09:39,15/10/2018 05:00,13/10/2018,
ZA-00033486,ZAC0018128,09/10/2018 16:34,COMPLETE,10/10/2018 10:52,13/10/2018 02:02,13/10/2018,
ZA-00033487,ZAC0021578,09/10/2018 14:12,COMPLETE,10/10/2018 22:01,12/10/2018 12:21,17/10/2018,
ZA-00033488,ZAC0008500,09/10/2018 14:50,COMPLETE,10/10/2018 19:45,12/10/2018 11:15,14/10/2018,
ZA-00033489,ZAC0021266,09/10/2018 12:54,COMPLETE,11/10/2018 13:37,16/10/2018 20:12,14/10/2018,
ZA-00033490,ZAC0011366,09/10/2018 08:40,COMPLETE,09/10/2018 15:00,10/10/2018 08:44,14/10/2018,
ZA-00033491,ZAC0009158,09/10/2018 06:12,COMPLETE,11/10/2018 22:08,14/10/2018 01:37,16/10/2018,
ZA-00033492,ZAC0002692,09/10/2018 13:56,COMPLETE,11/10/2018 02:03,14/10/2018 02:23,15/10/2018,FREESHIP
ZA-00033493,ZAC0001177,09/10/2018 10:14,COMPLETE,13/10/2018 10:56,19/10/2018 10:25,20/10/2018,
ZA-00033494,ZAC0015104,09/10/2018 07:15,COMPLETE,10/10/2018 11:12,12/10/2018 14:36,15/10/2018,
ZA-00033495,ZAC0004128,09/10/2018 19:17,COMPLETE,12/10/2018 01:10,17/10/2018 23:01,16/10/2018,
ZA-00033496,ZAC0012913,09/10/2018 20:31,COMPLETE,11/10/2018 14:48,14/10/2018 04:24,18/10/2018,
ZA-00033497,ZAC0015580,09/10/2018 09:24,COMPLETE,10/10/2018 01:05,13/10/2018 04:42,17/10/2018,
ZA-00033498,ZAC0001365,09/10/2018 11:31,COMPLETE,10/10/2018 22:43,15/10/2018 23:48,14/10/2018,
ZA-00033499,ZAC0016517,09/10/2018 10:30,COMPLETE,11/10/2018 10:40,26/10/2018 04:54,15/10/2018,LOYAL5
ZA-00033500,ZAC0008905,09/10/2018 21:30,COMPLETE,14/10/2018 06:27,21/10/2018 14:40,18/10/2018,
ZA-00033501,ZAC0005462,09/10/2018 12:35,COMPLETE,12/10/2018 17:48,15/10/2018 13:39,16/10/2018,
ZA-00033502,ZAC0021808,09/10/2018 21:08,COMPLETE,11/10/2018 15:28,22/10/2018 11:25,14/10/2018,
ZA-00033503,ZAC0010240,09/10/2018 12:49,COMPLETE,13/10/2018 00:29,22/10/2018 18:01,17/10/2018,LOYAL5
ZA-00033504,ZAC0010256,09/10/2018 22:07,COMPLETE,10/10/2018 10:09,20/10/2018 07:34,14/10/2018,
ZA-00033505,ZAC0013581,09/10/2018 18:12,COMPLETE,14/10/2018 13:29,17/10/2018 08:37,19/10/2018,
ZA-00033506,ZAC0017345,09/10/2018 11:01,COMPLETE,09/10/2018 23:42,13/10/2018 21:38,19/10/2018,
ZA-00033507,ZAC0000313,09/10/2018 10:59,COMPLETE,12/10/2018 14:07,15/10/2018 16:27,19/10/2018,
ZA-00033508,ZAC0016287,09/10/2018 18:47,COMPLETE,11/10/2018 08:58,16/10/2018 15:09,15/10/2018,
ZA-00033509,ZAC0016926,09/10/2018 15:14,COMPLETE,10/10/2018 12:30,16/10/2018 02:26,14/10/2018,
ZA-00033510,ZAC0011636,09/10/2018 19:44,COMPLETE,11/10/2018 22:01,16/10/2018 05:58,15/10/2018,BULK20
ZA-00033511,ZAC0014667,09/10/2018 11:00,CANCELLED,,,,
ZA-00033512,ZAC0022268,09/10/2018 13:41,DISPATCHED,10/10/2018 00:09,,17/10/2018,
ZA-00033513,ZAC0004197,09/10/2018 21:10,COMPLETE,10/10/2018 17:19,14/10/2018 07:33,13/10/2018,
ZA-00033514,ZAC0009650,09/10/2018 21:59,COMPLETE,12/10/2018 10:50,14/10/2018 08:03,17/10/2018,
ZA-00033515,ZAC0016974,09/10/2018 15:58,COMPLETE,09/10/2018 19:12,13/10/2018 09:11,13/10/2018,
ZA-00033516,ZAC0007057,09/10/2018 07:48,COMPLETE,10/10/2018 17:31,12/10/2018 17:10,15/10/2018,
ZA-00033517,ZAC0011985,09/10/2018 10:25,COMPLETE,10/10/2018 15:00,11/10/2018 07:06,14/10/2018,
ZA-00033518,ZAC0009280,09/10/2018 07:06,COMPLETE,12/10/2018 12:28,14/10/2018 08:57,17/10/2018,
ZA-00033519,ZAC0017387,09/10/2018 15:49,COMPLETE,12/10/2018 10:50,15/10/2018 14:03,19/10/2018,
ZA-00033520,ZAC0022590,09/10/2018 15:37,COMPLETE,12/10/2018 23:33,17/10/2018 11:12,19/10/2018,
ZA-00033521,ZAC0011436,09/10/2018 09:01,COMPLETE,10/10/2018 19:58,12/10/2018 16:57,14/10/2018,FREESHIP
ZA-00033522,ZAC0008193,10/10/2018 11:59,COMPLETE,11/10/2018 15:15,14/10/2018 03:38,14/10/2018,
ZA-00033523,ZAC0023943,10/10/2018 08:32,RETURNED,12/10/2018 12:02,16/10/2018 22:04,16/10/2018,
ZA-00033524,ZAC0013141,10/10/2018 08:22,COMPLETE,12/10/2018 06:32,14/10/2018 23:33,16/10/2018,
ZA-00033525,ZAC0000479,10/10/2018 13:14,COMPLETE,12/10/2018 02:39,17/10/2018 18:23,16/10/2018,
ZA-00033526,ZAC0021669,10/10/2018 11:19,COMPLETE,14/10/2018 22:50,21/10/2018 01:27,21/10/2018,
ZA-00033527,ZAC0001775,10/10/2018 14:57,COMPLETE,14/10/2018 18:11,19/10/2018 13:18,18/10/2018,
ZA-00033528,ZAC0001262,10/10/2018 10:58,COMPLETE,11/10/2018 11:08,18/10/2018 04:43,18/10/2018,
ZA-00033529,ZAC0014833,10/10/2018 11:22,COMPLETE,11/10/2018 19:59,13/10/2018 12:11,14/10/2018,
ZA-00033530,ZAC0002525,10/10/2018 14:03,COMPLETE,11/10/2018 04:33,13/10/2018 04:34,16/10/2018,FREESHIP
ZA-00033531,ZAC0018027,10/10/2018 06:00,COMPLETE,11/10/2018 22:43,14/10/2018 08:52,14/10/2018,
ZA-00033532,ZAC0007696,10/10/2018 08:02,COMPLETE,11/10/2018 08:12,18/10/2018 00:07,15/10/2018,LOYAL5
ZA-00033533,ZAC0002329,10/10/2018 06:35,COMPLETE,11/10/2018 11:43,16/10/2018 20:52,21/10/2018,
ZA-00033534,ZAC0016944,10/10/2018 13:55,PENDING,,,,
ZA-00033535,ZAC0015263,10/10/2018 10:43,COMPLETE,11/10/2018 00:42,13/10/2018 05:35,15/10/2018,
ZA-00033536,ZAC0007259,10/10/2018 15:25,COMPLETE,13/10/2018 00:52,19/10/2018 16:05,16/10/2018,WINTER15
ZA-00033537,ZAC0003599,10/10/2018 15:31,COMPLETE,11/10/2018 11:36,19/10/2018 03:25,18/10/2018,
ZA-00033538,ZAC0006325,10/10/2018 07:40,COMPLETE,12/10/2018 14:29,19/10/2018 18:28,15/10/2018,
ZA-00033539,ZAC0023945,10/10/2018 11:11,COMPLETE,11/10/2018 18:40,15/10/2018 12:21,15/10/2018,
ZA-00033540,ZAC0018545,10/10/2018 22:34,COMPLETE,11/10/2018 20:39,14/10/2018 00:01,15/10/2018,
ZA-00033541,ZAC0001479,10/10/2018 20:27,COMPLETE,15/10/2018 20:22,20/10/2018 16:40,18/10/2018,FLASH25
ZA-00033542,ZAC0019489,10/10/2018 12:18,COMPLETE,15/10/2018 16:53,23/10/2018 23:42,19/10/2018,
ZA-00033543,ZAC0023428,10/10/2018 22:23,COMPLETE,12/10/2018 06:35,13/10/2018 09:14,16/10/2018,
ZA-00033544,ZAC0002490,10/10/2018 21:42,COMPLETE,15/10/2018 02:53,17/10/2018 07:26,20/10/2018,
ZA-00033545,ZAC0013793,10/10/2018 18:47,COMPLETE,12/10/2018 16:43,18/10/2018 23:59,17/10/2018,FREESHIP
ZA-00033546,ZAC0022227,10/10/2018 12:54,COMPLETE,11/10/2018 21:26,13/10/2018 04:44,15/10/2018,
ZA-00033547,ZAC0013951,10/10/2018 14:07,COMPLETE,10/10/2018 23:21,14/10/2018 09:39,14/10/2018,
ZA-00033548,ZAC0015367,10/10/2018 15:58,COMPLETE,11/10/2018 13:12,16/10/2018 21:42,14/10/2018,FREESHIP
ZA-00033549,ZAC0004019,10/10/2018 06:18,COMPLETE,10/10/2018 19:02,14/10/2018 05:18,15/10/2018,
ZA-00033550,ZAC0005320,10/10/2018 18:59,COMPLETE,11/10/2018 05:54,19/10/2018 10:24,14/10/2018,
ZA-00033551,ZAC0021315,10/10/2018 13:02,COMPLETE,12/10/2018 22:08,13/10/2018 16:41,22/10/2018,
ZA-00033552,ZAC0003359,10/10/2018 17:41,COMPLETE,15/10/2018 05:34,16/10/2018 16:28,20/10/2018,
ZA-00033553,ZAC0019628,10/10/2018 12:31,COMPLETE,11/10/2018 15:11,15/10/2018 09:35,18/10/2018,
ZA-00033554,ZAC0020240,10/10/2018 15:56,COMPLETE,13/10/2018 13:12,18/10/2018 13:13,17/10/2018,
ZA-00033555,ZAC0000107,10/10/2018 14:40,COMPLETE,12/10/2018 17:59,16/10/2018 04:03,19/10/2018,
ZA-00033556,ZAC0008228,10/10/2018 10:14,COMPLETE,12/10/2018 08:12,15/10/2018 00:08,19/10/2018,
ZA-00033557,ZAC0023883,10/10/2018 22:05,COMPLETE,11/10/2018 06:46,15/10/2018 07:48,16/10/2018,
ZA-00033558,ZAC0015263,10/10/2018 13:04,DISPATCHED,11/10/2018 10:39,,16/10/2018,
ZA-00033559,ZAC0002819,10/10/2018 15:18,COMPLETE,14/10/2018 11:21,18/10/2018 19:55,18/10/2018,
ZA-00033560,ZAC0017795,10/10/2018 13:31,DISPATCHED,13/10/2018 06:21,,18/10/2018,LOYAL5
ZA-00033561,ZAC0002339,10/10/2018 14:08,COMPLETE,14/10/2018 22:13,22/10/2018 20:58,17/10/2018,FLASH25
ZA-00033562,ZAC0007654,10/10/2018 06:22,COMPLETE,12/10/2018 02:42,16/10/2018 06:24,15/10/2018,
ZA-00033563,ZAC0010223,10/10/2018 19:58,COMPLETE,13/10/2018 06:37,16/10/2018 08:11,17/10/2018,
ZA-00033564,ZAC0016652,10/10/2018 08:23,COMPLETE,11/10/2018 14:09,13/10/2018 07:28,15/10/2018,FREESHIP
ZA-00033565,ZAC0015442,10/10/2018 21:49,COMPLETE,12/10/2018 12:27,23/10/2018 02:13,17/10/2018,
ZA-00033566,ZAC0005790,10/10/2018 19:04,COMPLETE,12/10/2018 15:33,14/10/2018 19:15,16/10/2018,
ZA-00033567,ZAC0023599,10/10/2018 17:58,COMPLETE,14/10/2018 13:35,19/10/2018 09:11,19/10/2018,WELCOME10
ZA-00033568,ZAC0009172,10/10/2018 16:00,COMPLETE,11/10/2018 00:21,13/10/2018 21:24,15/10/2018,LOYAL5
ZA-00033569,ZAC0017081,10/10/2018 18:38,PENDING,,,,LOYAL5
ZA-00033570,ZAC0001354,10/10/2018 06:33,COMPLETE,13/10/2018 21:04,25/10/2018 09:43,17/10/2018,WINTER15
ZA-00033571,ZAC0014651,10/10/2018 21:03,COMPLETE,12/10/2018 11:57,17/10/2018 01:27,17/10/2018,
ZA-00033572,ZAC0009713,10/10/2018 15:22,DISPATCHED,11/10/2018 19:39,,15/10/2018,
ZA-00033573,ZAC0008280,10/10/2018 10:47,DISPATCHED,11/10/2018 03:21,,15/10/2018,
ZA-00033574,ZAC0005107,10/10/2018 07:24,COMPLETE,13/10/2018 15:15,17/10/2018 08:00,17/10/2018,
ZA-00033575,ZAC0016965,10/10/2018 13:09,COMPLETE,11/10/2018 00:20,13/10/2018 00:27,16/10/2018,
ZA-00033576,ZAC0009790,10/10/2018 07:04,COMPLETE,11/10/2018 18:47,21/10/2018 16:24,18/10/2018,FLASH25
ZA-00033577,ZAC0004419,10/10/2018 13:05,COMPLETE,11/10/2018 07:02,15/10/2018 09:05,15/10/2018,
ZA-00033578,ZAC0017203,10/10/2018 22:43,DISPATCHED,11/10/2018 20:00,,15/10/2018,
ZA-00033579,ZAC0008623,10/10/2018 19:15,COMPLETE,12/10/2018 13:55,15/10/2018 13:19,19/10/2018,
ZA-00033580,ZAC0016127,10/10/2018 10:16,COMPLETE,11/10/2018 04:21,17/10/2018 08:42,15/10/2018,LOYAL5
ZA-00033581,ZAC0019284,10/10/2018 14:10,COMPLETE,12/10/2018 03:27,16/10/2018 23:34,19/10/2018,
ZA-00033582,ZAC0021973,10/10/2018 12:12,COMPLETE,11/10/2018 11:35,11/10/2018 18:19,16/10/2018,
ZA-00033583,ZAC0022899,10/10/2018 21:04,COMPLETE,12/10/2018 10:33,16/10/2018 05:34,19/10/2018,
ZA-00033584,ZAC0023125,10/10/2018 11:22,COMPLETE,12/10/2018 17:31,13/10/2018 21:12,17/10/2018,
ZA-00033585,ZAC0008362,10/10/2018 06:24,COMPLETE,12/10/2018 00:02,17/10/2018 12:27,22/10/2018,
ZA-00033586,ZAC0004013,10/10/2018 22:29,COMPLETE,14/10/2018 05:43,18/10/2018 07:51,19/10/2018,
ZA-00033587,ZAC0002021,10/10/2018 20:05,COMPLETE,11/10/2018 16:58,14/10/2018 21:13,21/10/2018,
ZA-00033588,ZAC0014470,10/10/2018 17:03,COMPLETE,12/10/2018 04:37,15/10/2018 19:51,17/10/2018,FLASH25
ZA-00033589,ZAC0021248,10/10/2018 08:55,COMPLETE,12/10/2018 06:39,14/10/2018 13:28,16/10/2018,
ZA-00033590,ZAC0022809,10/10/2018 06:08,COMPLETE,14/10/2018 19:48,17/10/2018 04:50,19/10/2018,
ZA-00033591,ZAC0004967,10/10/2018 07:56,COMPLETE,15/10/2018 13:18,16/10/2018 18:00,20/10/2018,
ZA-00033592,ZAC0009702,10/10/2018 14:48,COMPLETE,15/10/2018 07:07,20/10/2018 13:14,20/10/2018,FLASH25
ZA-00033593,ZAC0017685,10/10/2018 10:04,COMPLETE,10/10/2018 19:50,14/10/2018 18:06,15/10/2018,
ZA-00033594,ZAC0001598,10/10/2018 17:50,COMPLETE,12/10/2018 06:44,14/10/2018 01:54,17/10/2018,FREESHIP
ZA-00033595,ZAC0020756,10/10/2018 06:06,COMPLETE,10/10/2018 11:17,13/10/2018 05:22,14/10/2018,
ZA-00033596,ZAC0015458,10/10/2018 13:37,COMPLETE,11/10/2018 23:59,15/10/2018 21:17,14/10/2018,
ZA-00033597,ZAC0014874,10/10/2018 08:30,COMPLETE,11/10/2018 02:17,17/10/2018 15:35,15/10/2018,
ZA-00033598,ZAC0001639,10/10/2018 17:18,COMPLETE,13/10/2018 01:15,16/10/2018 17:32,23/10/2018,
ZA-00033599,ZAC0014782,10/10/2018 16:34,COMPLETE,15/10/2018 06:12,16/10/2018 10:59,18/10/2018,
ZA-00033600,ZAC0016072,10/10/2018 22:02,COMPLETE,13/10/2018 21:12,15/10/2018 13:08,16/10/2018,WELCOME10
ZA-00033601,ZAC0017594,10/10/2018 20:07,COMPLETE,10/10/2018 23:23,20/10/2018 00:08,13/10/2018,
ZA-00033602,ZAC0023994,10/10/2018 11:53,COMPLETE,12/10/2018 18:31,22/10/2018 11:50,17/10/2018,
ZA-00033603,ZAC0000615,10/10/2018 15:12,COMPLETE,12/10/2018 07:07,22/10/2018 06:56,19/10/2018,FLASH25
ZA-00033604,ZAC0009820,10/10/2018 18:55,COMPLETE,12/10/2018 11:58,21/10/2018 15:39,15/10/2018,
ZA-00033605,ZAC0001324,10/10/2018 11:49,CANCELLED,,,,
ZA-00033606,ZAC0021809,10/10/2018 06:33,COMPLETE,12/10/2018 15:43,18/10/2018 23:31,16/10/2018,FREESHIP
ZA-00033607,ZAC0004890,10/10/2018 15:26,COMPLETE,13/10/2018 09:04,14/10/2018 21:55,20/10/2018,
ZA-00033608,ZAC0003015,11/10/2018 22:30,DISPATCHED,14/10/2018 04:07,,21/10/2018,
ZA-00033609,ZAC0021977,11/10/2018 08:55,COMPLETE,13/10/2018 05:32,24/10/2018 18:49,16/10/2018,
ZA-00033610,ZAC0010490,11/10/2018 14:23,COMPLETE,12/10/2018 17:10,14/10/2018 11:36,16/10/2018,
ZA-00033611,ZAC0004998,11/10/2018 11:05,DISPATCHED,14/10/2018 02:40,,24/10/2018,WELCOME10
ZA-00033612,ZAC0016025,11/10/2018 15:08,COMPLETE,12/10/2018 12:13,21/10/2018 18:01,19/10/2018,
ZA-00033613,ZAC0006845,11/10/2018 18:52,DISPATCHED,14/10/2018 03:06,,21/10/2018,WELCOME10
ZA-00033614,ZAC0002019,11/10/2018 17:44,COMPLETE,12/10/2018 20:17,14/10/2018 05:58,17/10/2018,
ZA-00033615,ZAC0010490,11/10/2018 08:22,COMPLETE,13/10/2018 18:52,16/10/2018 00:55,16/10/2018,
ZA-00033616,ZAC0018970,11/10/2018 06:38,COMPLETE,15/10/2018 03:36,21/10/2018 19:47,19/10/2018,
ZA-00033617,ZAC0019353,11/10/2018 16:01,COMPLETE,12/10/2018 16:41,15/10/2018 07:16,16/10/2018,BULK20
ZA-00033618,ZAC0002292,11/10/2018 22:48,COMPLETE,13/10/2018 00:19,22/10/2018 20:00,23/10/2018,
ZA-00033619,ZAC0013710,11/10/2018 22:53,COMPLETE,13/10/2018 05:24,22/10/2018 14:35,17/10/2018,
ZA-00033620,ZAC0010140,11/10/2018 19:47,COMPLETE,13/10/2018 19:19,21/10/2018 07:02,20/10/2018,
ZA-00033621,ZAC0016634,11/10/2018 11:46,COMPLETE,13/10/2018 03:35,15/10/2018 04:29,16/10/2018,
ZA-00033622,ZAC0013469,11/10/2018 15:46,DISPATCHED,14/10/2018 06:38,,21/10/2018,
ZA-00033623,ZAC0003507,11/10/2018 06:01,COMPLETE,12/10/2018 04:15,19/10/2018 15:56,17/10/2018,
ZA-00033624,ZAC0013182,11/10/2018 19:37,COMPLETE,12/10/2018 16:47,15/10/2018 12:45,19/10/2018,
ZA-00033625,ZAC0022763,11/10/2018 13:01,COMPLETE,14/10/2018 15:48,19/10/2018 22:43,19/10/2018,
ZA-00033626,ZAC0004845,11/10/2018 18:36,COMPLETE,16/10/2018 18:08,21/10/2018 03:52,19/10/2018,WINTER15
ZA-00033627,ZAC0021262,11/10/2018 18:20,COMPLETE,14/10/2018 16:09,19/10/2018 02:11,19/10/2018,
ZA-00033628,ZAC0021545,11/10/2018 22:48,COMPLETE,14/10/2018 00:34,17/10/2018 11:43,18/10/2018,
ZA-00033629,ZAC0013165,11/10/2018 20:07,COMPLETE,15/10/2018 12:03,20/10/2018 17:20,19/10/2018,
ZA-00033630,ZAC0020211,11/10/2018 17:15,COMPLETE,16/10/2018 03:58,19/10/2018 04:30,21/10/2018,
ZA-00033631,ZAC0021303,11/10/2018 19:57,COMPLETE,14/10/2018 13:52,22/10/2018 05:37,21/10/2018,
ZA-00033632,ZAC0019695,11/10/2018 19:40,COMPLETE,15/10/2018 22:58,17/10/2018 23:20,19/10/2018,
ZA-00033633,ZAC0007445,11/10/2018 12:17,COMPLETE,14/10/2018 05:53,20/10/2018 10:42,18/10/2018,
ZA-00033634,ZAC0023311,11/10/2018 08:57,COMPLETE,15/10/2018 19:50,22/10/2018 13:29,18/10/2018,
ZA-00033635,ZAC0018635,11/10/2018 07:45,COMPLETE,11/10/2018 11:41,15/10/2018 12:13,14/10/2018,
ZA-00033636,ZAC0020908,11/10/2018 15:26,DISPATCHED,12/10/2018 16:38,,16/10/2018,FLASH25
ZA-00033637,ZAC0001801,11/10/2018 20:50,COMPLETE,13/10/2018 02:25,18/10/2018 14:11,16/10/2018,WELCOME10
ZA-00033638,ZAC0014254,11/10/2018 21:14,COMPLETE,15/10/2018 16:36,20/10/2018 03:44,19/10/2018,
ZA-00033639,ZAC0020451,11/10/2018 19:25,COMPLETE,14/10/2018 12:14,19/10/2018 10:30,18/10/2018,FLASH25
ZA-00033640,ZAC0017426,11/10/2018 21:47,COMPLETE,12/10/2018 18:13,19/10/2018 20:45,17/10/2018,
ZA-00033641,ZAC0019408,11/10/2018 10:39,CANCELLED,,,,
ZA-00033642,ZAC0010938,11/10/2018 10:58,COMPLETE,16/10/2018 20:50,20/10/2018 02:42,20/10/2018,
ZA-00033643,ZAC0023953,11/10/2018 12:02,COMPLETE,13/10/2018 04:36,16/10/2018 02:56,16/10/2018,
ZA-00033644,ZAC0009906,11/10/2018 14:06,COMPLETE,17/10/2018 11:56,25/10/2018 23:16,22/10/2018,WINTER15
ZA-00033645,ZAC0015701,11/10/2018 08:12,COMPLETE,12/10/2018 15:19,16/10/2018 10:13,16/10/2018,LOYAL5
ZA-00033646,ZAC0013558,11/10/2018 12:09,COMPLETE,12/10/2018 23:24,14/10/2018 06:19,17/10/2018,
ZA-00033647,ZAC0005742,11/10/2018 14:03,COMPLETE,12/10/2018 15:48,18/10/2018 06:28,22/10/2018,
ZA-00033648,ZAC0016372,11/10/2018 09:14,COMPLETE,16/10/2018 03:15,20/10/2018 03:03,19/10/2018,
ZA-00033649,ZAC0000227,11/10/2018 10:59,COMPLETE,14/10/2018 10:59,18/10/2018 11:32,21/10/2018,
ZA-00033650,ZAC0000110,11/10/2018 06:51,COMPLETE,15/10/2018 23:11,19/10/2018 00:40,22/10/2018,
ZA-00033651,ZAC0022704,11/10/2018 11:55,COMPLETE,14/10/2018 15:00,16/10/2018 07:12,17/10/2018,FLASH25
ZA-00033652,ZAC0022342,11/10/2018 17:58,COMPLETE,13/10/2018 23:35,15/10/2018 12:32,20/10/2018,FREESHIP
ZA-00033653,ZAC0006631,11/10/2018 06:41,COMPLETE,17/10/2018 03:22,22/10/2018 08:34,21/10/2018,
ZA-00033654,ZAC0006740,11/10/2018 08:20,COMPLETE,12/10/2018 04:51,17/10/2018 06:40,15/10/2018,
ZA-00033655,ZAC0014596,11/10/2018 07:49,COMPLETE,12/10/2018 03:46,16/10/2018 13:54,17/10/2018,
ZA-00033656,ZAC0010687,11/10/2018 21:43,COMPLETE,14/10/2018 09:06,20/10/2018 13:34,18/10/2018,
ZA-00033657,ZAC0009196,11/10/2018 14:20,COMPLETE,13/10/2018 07:01,13/10/2018 20:49,17/10/2018,LOYAL5
ZA-00033658,ZAC0016445,11/10/2018 07:21,COMPLETE,14/10/2018 16:20,18/10/2018 22:33,17/10/2018,
ZA-00033659,ZAC0009358,11/10/2018 16:56,COMPLETE,13/10/2018 03:11,18/10/2018 06:27,16/10/2018,WELCOME10
ZA-00033660,ZAC0002749,11/10/2018 20:22,COMPLETE,17/10/2018 13:40,20/10/2018 14:48,21/10/2018,
ZA-00033661,ZAC0002268,11/10/2018 13:26,COMPLETE,17/10/2018 03:31,21/10/2018 13:51,24/10/2018,WELCOME10
ZA-00033662,ZAC0010580,11/10/2018 06:34,PENDING,,,,
ZA-00033663,ZAC0015367,11/10/2018 08:20,COMPLETE,14/10/2018 15:32,19/10/2018 05:08,18/10/2018,
ZA-00033664,ZAC0018442,11/10/2018 15:02,COMPLETE,13/10/2018 23:32,17/10/2018 13:01,16/10/2018,WELCOME10
ZA-00033665,ZAC0011139,11/10/2018 06:01,COMPLETE,11/10/2018 22:46,13/10/2018 16:44,16/10/2018,
ZA-00033666,ZAC0023828,11/10/2018 08:44,COMPLETE,15/10/2018 16:38,19/10/2018 00:41,20/10/2018,
ZA-00033667,ZAC0023950,11/10/2018 19:44,COMPLETE,15/10/2018 16:49,19/10/2018 10:15,20/10/2018,
ZA-00033668,ZAC0012334,11/10/2018 22:02,CANCELLED,,,,BULK20
ZA-00033669,ZAC0002078,11/10/2018 18:18,COMPLETE,12/10/2018 22:24,17/10/2018 01:50,17/10/2018,
ZA-00033670,ZAC0008508,11/10/2018 20:06,COMPLETE,14/10/2018 03:50,15/10/2018 23:48,24/10/2018,LOYAL5
ZA-00033671,ZAC0012042,11/10/2018 14:58,COMPLETE,18/10/2018 09:51,24/10/2018 14:01,22/10/2018,WELCOME10
ZA-00033672,ZAC0020032,11/10/2018 22:37,COMPLETE,14/10/2018 19:12,17/10/2018 05:51,17/10/2018,
ZA-00033673,ZAC0017165,11/10/2018 13:46,COMPLETE,15/10/2018 00:52,21/10/2018 23:30,20/10/2018,
ZA-00033674,ZAC0000574,11/10/2018 06:00,COMPLETE,14/10/2018 13:07,20/10/2018 15:44,17/10/2018,
ZA-00033675,ZAC0004474,11/10/2018 11:07,COMPLETE,14/10/2018 21:04,20/10/2018 07:35,21/10/2018,
ZA-00033676,ZAC0014799,11/10/2018 11:17,RETURNED,14/10/2018 19:26,23/10/2018 18:23,19/10/2018,FREESHIP
ZA-00033677,ZAC0009164,11/10/2018 18:48,COMPLETE,14/10/2018 17:08,21/10/2018 12:18,19/10/2018,FLASH25
ZA-00033678,ZAC0010649,11/10/2018 07:50,COMPLETE,13/10/2018 21:32,17/10/2018 14:13,17/10/2018,
ZA-00033679,ZAC0015370,11/10/2018 09:47,COMPLETE,11/10/2018 17:14,13/10/2018 03:49,18/10/2018,
ZA-00033680,ZAC0006385,11/10/2018 18:29,COMPLETE,13/10/2018 13:14,14/10/2018 11:07,20/10/2018,
ZA-00033681,ZAC0012414,11/10/2018 18:07,COMPLETE,13/10/2018 16:10,16/10/2018 22:54,20/10/2018,
ZA-00033682,ZAC0009942,11/10/2018 11:55,COMPLETE,12/10/2018 23:13,15/10/2018 11:02,19/10/2018,
ZA-00033683,ZAC0018974,11/10/2018 13:10,COMPLETE,13/10/2018 04:46,15/10/2018 14:37,16/10/2018,WELCOME10
ZA-00033684,ZAC0011351,11/10/2018 16:14,COMPLETE,11/10/2018 21:28,13/10/2018 13:19,21/10/2018,FREESHIP
ZA-00033685,ZAC0007751,11/10/2018 14:21,CANCELLED,,,,
ZA-00033686,ZAC0017679,11/10/2018 06:50,CANCELLED,,,,
ZA-00033687,ZAC0022872,11/10/2018 12:58,COMPLETE,15/10/2018 18:53,25/10/2018 21:55,20/10/2018,
ZA-00033688,ZAC0023872,11/10/2018 07:28,COMPLETE,17/10/2018 02:59,24/10/2018 04:06,20/10/2018,FLASH25
ZA-00033689,ZAC0002502,11/10/2018 22:47,COMPLETE,12/10/2018 17:17,23/10/2018 18:17,17/10/2018,
ZA-00033690,ZAC0013096,11/10/2018 14:08,COMPLETE,11/10/2018 23:00,13/10/2018 20:17,14/10/2018,
ZA-00033691,ZAC0021493,12/10/2018 21:23,COMPLETE,13/10/2018 17:44,20/10/2018 11:41,17/10/2018,
ZA-00033692,ZAC0008644,12/10/2018 11:55,COMPLETE,13/10/2018 18:35,19/10/2018 15:12,23/10/2018,
ZA-00033693,ZAC0002334,12/10/2018 10:12,COMPLETE,17/10/2018 18:39,21/10/2018 16:49,22/10/2018,
ZA-00033694,ZAC0019694,12/10/2018 18:52,COMPLETE,13/10/2018 10:19,20/10/2018 03:47,16/10/2018,
ZA-00033695,ZAC0008786,12/10/2018 17:10,COMPLETE,16/10/2018 07:05,19/10/2018 23:55,20/10/2018,
ZA-00033696,ZAC0012154,12/10/2018 12:29,COMPLETE,16/10/2018 03:11,26/10/2018 22:52,26/10/2018,
ZA-00033697,ZAC0022267,12/10/2018 11:28,COMPLETE,17/10/2018 21:03,27/10/2018 06:09,21/10/2018,
ZA-00033698,ZAC0000268,12/10/2018 15:14,COMPLETE,18/10/2018 10:14,21/10/2018 01:06,22/10/2018,
ZA-00033699,ZAC0000443,12/10/2018 14:49,COMPLETE,14/10/2018 00:53,18/10/2018 17:27,19/10/2018,
ZA-00033700,ZAC0006575,12/10/2018 07:59,COMPLETE,16/10/2018 00:57,21/10/2018 18:25,21/10/2018,
ZA-00033701,ZAC0008815,12/10/2018 08:31,COMPLETE,12/10/2018 20:11,17/10/2018 19:53,15/10/2018,
ZA-00033702,ZAC0007599,12/10/2018 06:51,COMPLETE,12/10/2018 19:28,16/10/2018 12:30,16/10/2018,WELCOME10
ZA-00033703,ZAC0008042,12/10/2018 10:52,CANCELLED,,,,
ZA-00033704,ZAC0021469,12/10/2018 07:40,COMPLETE,13/10/2018 17:29,20/10/2018 02:25,17/10/2018,
ZA-00033705,ZAC0015377,12/10/2018 09:08,COMPLETE,13/10/2018 13:58,18/10/2018 12:55,17/10/2018,
ZA-00033706,ZAC0003015,12/10/2018 11:38,COMPLETE,15/10/2018 23:58,19/10/2018 15:55,22/10/2018,
ZA-00033707,ZAC0023039,12/10/2018 22:29,COMPLETE,14/10/2018 04:13,20/10/2018 07:14,18/10/2018,BULK20
ZA-00033708,ZAC0002988,12/10/2018 19:53,COMPLETE,14/10/2018 09:24,15/10/2018 15:45,18/10/2018,
ZA-00033709,ZAC0005190,12/10/2018 10:48,COMPLETE,13/10/2018 06:28,15/10/2018 03:54,17/10/2018,
ZA-00033710,ZAC0022445,12/10/2018 16:05,PENDING,,,,
ZA-00033711,ZAC0003704,12/10/2018 17:34,CANCELLED,,,,
ZA-00033712,ZAC0015005,12/10/2018 12:23,COMPLETE,12/10/2018 23:59,17/10/2018 13:21,17/10/2018,
ZA-00033713,ZAC0018187,12/10/2018 21:29,COMPLETE,15/10/2018 01:21,18/10/2018 20:11,20/10/2018,
ZA-00033714,ZAC0021063,12/10/2018 15:14,COMPLETE,13/10/2018 23:02,17/10/2018 04:17,18/10/2018,
ZA-00033715,ZAC0017396,12/10/2018 11:17,COMPLETE,13/10/2018 02:16,16/10/2018 18:42,20/10/2018,
ZA-00033716,ZAC0006906,12/10/2018 18:22,COMPLETE,16/10/2018 00:45,19/10/2018 00:27,19/10/2018,WINTER15
ZA-00033717,ZAC0002669,12/10/2018 19:34,COMPLETE,14/10/2018 07:01,21/10/2018 17:25,19/10/2018,WINTER15
ZA-00033718,ZAC0010509,12/10/2018 21:28,COMPLETE,13/10/2018 12:23,15/10/2018 10:52,17/10/2018,
ZA-00033719,ZAC0022234,12/10/2018 16:55,COMPLETE,16/10/2018 20:44,19/10/2018 20:42,26/10/2018,
ZA-00033720,ZAC0003354,12/10/2018 20:13,COMPLETE,13/10/2018 10:33,21/10/2018 04:43,20/10/2018,WELCOME10
ZA-00033721,ZAC0009604,12/10/2018 07:28,COMPLETE,15/10/2018 17:13,18/10/2018 13:23,18/10/2018,
ZA-00033722,ZAC0009543,12/10/2018 10:10,COMPLETE,13/10/2018 18:31,14/10/2018 21:13,17/10/2018,
ZA-00033723,ZAC0004569,12/10/2018 11:25,COMPLETE,17/10/2018 09:06,18/10/2018 18:53,21/10/2018,
ZA-00033724,ZAC0014360,12/10/2018 21:59,COMPLETE,13/10/2018 14:40,15/10/2018 06:01,17/10/2018,FREESHIP
ZA-00033725,ZAC0009761,12/10/2018 20:59,COMPLETE,16/10/2018 14:09,27/10/2018 01:09,20/10/2018,
ZA-00033726,ZAC0006662,12/10/2018 14:19,COMPLETE,12/10/2018 18:33,18/10/2018 22:18,17/10/2018,
ZA-00033727,ZAC0022313,12/10/2018 10:58,COMPLETE,17/10/2018 01:07,21/10/2018 06:08,20/10/2018,
ZA-00033728,ZAC0013923,12/10/2018 17:01,COMPLETE,13/10/2018 05:44,13/10/2018 11:52,16/10/2018,
ZA-00033729,ZAC0022573,12/10/2018 14:54,COMPLETE,13/10/2018 20:17,15/10/2018 14:10,20/10/2018,WELCOME10
ZA-00033730,ZAC0014378,12/10/2018 15:48,COMPLETE,14/10/2018 18:36,18/10/2018 22:22,18/10/2018,
ZA-00033731,ZAC0001252,12/10/2018 07:41,COMPLETE,17/10/2018 01:29,22/10/2018 10:38,22/10/2018,FLASH25
ZA-00033732,ZAC0007146,12/10/2018 14:00,COMPLETE,14/10/2018 23:58,16/10/2018 16:53,19/10/2018,
ZA-00033733,ZAC0002174,12/10/2018 10:45,COMPLETE,15/10/2018 12:54,18/10/2018 19:39,20/10/2018,
ZA-00033734,ZAC0000312,12/10/2018 22:20,COMPLETE,16/10/2018 05:04,19/10/2018 01:06,21/10/2018,
ZA-00033735,ZAC0003543,12/10/2018 17:17,COMPLETE,14/10/2018 16:34,17/10/2018 00:21,17/10/2018,
ZA-00033736,ZAC0020685,12/10/2018 13:07,COMPLETE,14/10/2018 15:40,18/10/2018 15:12,18/10/2018,FREESHIP
ZA-00033737,ZAC0010984,12/10/2018 11:52,COMPLETE,12/10/2018 16:08,13/10/2018 15:32,16/10/2018,
ZA-00033738,ZAC0008609,12/10/2018 11:09,COMPLETE,13/10/2018 19:56,17/10/2018 05:35,16/10/2018,
ZA-00033739,ZAC0005297,12/10/2018 18:24,COMPLETE,14/10/2018 03:36,17/10/2018 23:59,19/10/2018,WINTER15
ZA-00033740,ZAC0008580,12/10/2018 18:02,COMPLETE,16/10/2018 15:29,20/10/2018 00:05,21/10/2018,
ZA-00033741,ZAC0007820,12/10/2018 10:31,COMPLETE,13/10/2018 08:14,16/10/2018 22:40,17/10/2018,
ZA-00033742,ZAC0009000,12/10/2018 15:49,COMPLETE,13/10/2018 10:55,20/10/2018 09:13,17/10/2018,
ZA-00033743,ZAC0023113,12/10/2018 16:22,COMPLETE,16/10/2018 22:25,20/10/2018 06:46,20/10/2018,
ZA-00033744,ZAC0009837,12/10/2018 12:37,COMPLETE,14/10/2018 02:29,18/10/2018 22:48,24/10/2018,
ZA-00033745,ZAC0000169,12/10/2018 21:25,COMPLETE,13/10/2018 22:09,19/10/2018 15:08,16/10/2018,FREESHIP
ZA-00033746,ZAC0023937,12/10/2018 16:29,COMPLETE,13/10/2018 22:05,18/10/2018 12:02,16/10/2018,
ZA-00033747,ZAC0006079,12/10/2018 08:03,DISPATCHED,15/10/2018 23:00,,19/10/2018,
ZA-00033748,ZAC0016284,12/10/2018 16:39,COMPLETE,14/10/2018 00:36,19/10/2018 15:12,19/10/2018,FLASH25
ZA-00033749,ZAC0003198,12/10/2018 16:52,COMPLETE,15/10/2018 11:51,20/10/2018 15:05,20/10/2018,
ZA-00033750,ZAC0013187,12/10/2018 16:04,COMPLETE,14/10/2018 18:30,19/10/2018 22:34,19/10/2018,
ZA-00033751,ZAC0009638,13/10/2018 10:39,COMPLETE,17/10/2018 07:33,24/10/2018 08:45,20/10/2018,FREESHIP
ZA-00033752,ZAC0005132,13/10/2018 19:09,COMPLETE,14/10/2018 05:25,20/10/2018 21:44,21/10/2018,
ZA-00033753,ZAC0021161,13/10/2018 10:01,COMPLETE,16/10/2018 14:59,17/10/2018 04:19,23/10/2018,
ZA-00033754,ZAC0006949,13/10/2018 12:31,COMPLETE,14/10/2018 06:01,19/10/2018 00:12,19/10/2018,
ZA-00033755,ZAC0009620,13/10/2018 18:48,COMPLETE,17/10/2018 01:34,24/10/2018 12:47,21/10/2018,
ZA-00033756,ZAC0023636,13/10/2018 11:14,COMPLETE,14/10/2018 04:31,18/10/2018 14:18,19/10/2018,LOYAL5
ZA-00033757,ZAC0007537,13/10/2018 16:49,COMPLETE,14/10/2018 19:56,15/10/2018 11:48,17/10/2018,
ZA-00033758,ZAC0012235,13/10/2018 21:08,COMPLETE,16/10/2018 11:10,22/10/2018 18:31,21/10/2018,
ZA-00033759,ZAC0018526,13/10/2018 06:28,COMPLETE,15/10/2018 13:25,18/10/2018 07:55,18/10/2018,LOYAL5
ZA-00033760,ZAC0003350,13/10/2018 11:00,COMPLETE,14/10/2018 13:27,18/10/2018 14:19,18/10/2018,
ZA-00033761,ZAC0014067,13/10/2018 14:53,COMPLETE,15/10/2018 14:48,20/10/2018 19:56,19/10/2018,
ZA-00033762,ZAC0013793,13/10/2018 10:36,COMPLETE,15/10/2018 04:39,20/10/2018 06:14,18/10/2018,
ZA-00033763,ZAC0021929,13/10/2018 22:34,COMPLETE,14/10/2018 20:12,16/10/2018 13:22,24/10/2018,BULK20
ZA-00033764,ZAC0023463,13/10/2018 09:10,COMPLETE,14/10/2018 01:34,18/10/2018 10:27,24/10/2018,FLASH25
ZA-00033765,ZAC0018669,13/10/2018 18:52,COMPLETE,15/10/2018 04:28,18/10/2018 04:28,19/10/2018,
ZA-00033766,ZAC0021330,13/10/2018 20:12,COMPLETE,14/10/2018 09:53,16/10/2018 09:23,17/10/2018,FLASH25
ZA-00033767,ZAC0015897,13/10/2018 07:11,COMPLETE,14/10/2018 03:03,16/10/2018 14:53,17/10/2018,
ZA-00033768,ZAC0007696,13/10/2018 20:26,COMPLETE,17/10/2018 20:22,22/10/2018 10:59,20/10/2018,
ZA-00033769,ZAC0001189,13/10/2018 19:05,COMPLETE,16/10/2018 10:02,18/10/2018 23:47,19/10/2018,
ZA-00033770,ZAC0011851,13/10/2018 12:50,COMPLETE,16/10/2018 16:04,20/10/2018 22:03,26/10/2018,
ZA-00033771,ZAC0010084,13/10/2018 10:33,COMPLETE,16/10/2018 08:00,18/10/2018 02:59,21/10/2018,
ZA-00033772,ZAC0007498,13/10/2018 14:37,COMPLETE,15/10/2018 21:38,19/10/2018 22:00,25/10/2018,
ZA-00033773,ZAC0023480,13/10/2018 21:16,COMPLETE,16/10/2018 04:11,21/10/2018 16:31,21/10/2018,WINTER15
ZA-00033774,ZAC0006869,13/10/2018 11:11,COMPLETE,20/10/2018 04:35,26/10/2018 19:53,23/10/2018,
ZA-00033775,ZAC0002272,13/10/2018 09:54,DISPATCHED,13/10/2018 20:42,,20/10/2018,
ZA-00033776,ZAC0007567,13/10/2018 21:38,COMPLETE,14/10/2018 22:40,16/10/2018 12:43,21/10/2018,
ZA-00033777,ZAC0002309,13/10/2018 11:25,COMPLETE,14/10/2018 07:59,18/10/2018 03:37,18/10/2018,
ZA-00033778,ZAC0012504,13/10/2018 19:30,COMPLETE,16/10/2018 12:31,20/10/2018 00:27,21/10/2018,
ZA-00033779,ZAC0011081,13/10/2018 06:59,COMPLETE,13/10/2018 19:35,21/10/2018 03:57,18/10/2018,LOYAL5
ZA-00033780,ZAC0018012,13/10/2018 06:28,COMPLETE,15/10/2018 11:20,20/10/2018 03:42,19/10/2018,
ZA-00033781,ZAC0003956,13/10/2018 21:40,COMPLETE,14/10/2018 06:30,16/10/2018 18:54,17/10/2018,WINTER15
ZA-00033782,ZAC0021086,13/10/2018 19:18,COMPLETE,15/10/2018 02:10,17/10/2018 06:14,18/10/2018,BULK20
ZA-00033783,ZAC0023651,13/10/2018 12:21,COMPLETE,15/10/2018 02:39,18/10/2018 06:37,22/10/2018,
ZA-00033784,ZAC0006828,13/10/2018 07:55,COMPLETE,16/10/2018 19:38,23/10/2018 07:15,21/10/2018,
ZA-00033785,ZAC0021021,13/10/2018 17:53,COMPLETE,14/10/2018 14:31,19/10/2018 16:40,19/10/2018,
ZA-00033786,ZAC0000265,13/10/2018 19:13,COMPLETE,16/10/2018 15:48,25/10/2018 12:49,21/10/2018,
ZA-00033787,ZAC0006688,13/10/2018 18:37,COMPLETE,16/10/2018 20:17,18/10/2018 04:30,19/10/2018,
ZA-00033788,ZAC0006100,13/10/2018 08:34,COMPLETE,14/10/2018 23:27,20/10/2018 07:41,18/10/2018,
ZA-00033789,ZAC0007272,13/10/2018 15:30,COMPLETE,13/10/2018 23:20,16/10/2018 07:27,18/10/2018,
ZA-00033790,ZAC0019523,13/10/2018 06:45,COMPLETE,19/10/2018 23:51,26/10/2018 21:29,29/10/2018,
ZA-00033791,ZAC0010193,13/10/2018 16:01,COMPLETE,18/10/2018 01:37,30/10/2018 14:59,22/10/2018,
ZA-00033792,ZAC0003498,13/10/2018 10:32,COMPLETE,15/10/2018 16:12,16/10/2018 20:37,18/10/2018,BULK20
ZA-00033793,ZAC0022835,13/10/2018 15:57,RETURNED,13/10/2018 23:41,18/10/2018 14:09,17/10/2018,LOYAL5
ZA-00033794,ZAC0020217,13/10/2018 11:16,COMPLETE,18/10/2018 03:48,26/10/2018 12:53,22/10/2018,
ZA-00033795,ZAC0010547,13/10/2018 10:55,COMPLETE,15/10/2018 01:33,17/10/2018 01:04,19/10/2018,
ZA-00033796,ZAC0021178,13/10/2018 18:31,COMPLETE,14/10/2018 17:22,20/10/2018 20:43,19/10/2018,
ZA-00033797,ZAC0016469,13/10/2018 14:23,COMPLETE,14/10/2018 08:54,17/10/2018 10:13,17/10/2018,FREESHIP
ZA-00033798,ZAC0002017,13/10/2018 12:21,DISPATCHED,16/10/2018 09:19,,23/10/2018,WELCOME10
ZA-00033799,ZAC0005021,13/10/2018 06:30,COMPLETE,16/10/2018 20:11,22/10/2018 10:40,21/10/2018,
ZA-00033800,ZAC0006875,13/10/2018 18:35,COMPLETE,16/10/2018 22:44,23/10/2018 20:30,21/10/2018,FREESHIP
ZA-00033801,ZAC0006091,13/10/2018 14:07,COMPLETE,14/10/2018 03:43,17/10/2018 19:36,18/10/2018,
ZA-00033802,ZAC0018918,13/10/2018 21:39,COMPLETE,18/10/2018 12:04,20/10/2018 03:00,22/10/2018,
ZA-00033803,ZAC0002264,13/10/2018 13:00,COMPLETE,16/10/2018 16:17,16/10/2018 21:46,20/10/2018,
ZA-00033804,ZAC0015774,13/10/2018 09:46,CANCELLED,,,,
ZA-00033805,ZAC0017619,13/10/2018 16:49,COMPLETE,15/10/2018 12:48,17/10/2018 11:50,19/10/2018,
ZA-00033806,ZAC0004278,13/10/2018 18:26,COMPLETE,19/10/2018 16:15,22/10/2018 23:53,22/10/2018,FLASH25
ZA-00033807,ZAC0022752,13/10/2018 12:55,COMPLETE,19/10/2018 04:04,23/10/2018 02:00,23/10/2018,WINTER15
ZA-00033808,ZAC0002371,13/10/2018 16:33,COMPLETE,16/10/2018 21:05,18/10/2018 00:13,20/10/2018,
ZA-00033809,ZAC0006220,13/10/2018 10:46,COMPLETE,13/10/2018 23:38,18/10/2018 00:04,17/10/2018,
ZA-00033810,ZAC0017552,13/10/2018 12:48,COMPLETE,14/10/2018 18:51,17/10/2018 15:44,18/10/2018,
ZA-00033811,ZAC0007093,13/10/2018 11:30,RETURNED,16/10/2018 03:21,17/10/2018 04:51,20/10/2018,
ZA-00033812,ZAC0001175,13/10/2018 21:26,COMPLETE,16/10/2018 15:19,18/10/2018 20:54,20/10/2018,FREESHIP
ZA-00033813,ZAC0013292,13/10/2018 15:43,COMPLETE,16/10/2018 07:28,23/10/2018 00:14,21/10/2018,
ZA-00033814,ZAC0005096,13/10/2018 16:13,COMPLETE,15/10/2018 14:22,16/10/2018 10:50,20/10/2018,
ZA-00033815,ZAC0007842,14/10/2018 13:33,COMPLETE,17/10/2018 01:20,20/10/2018 04:09,20/10/2018,WINTER15
ZA-00033816,ZAC0020626,14/10/2018 12:23,COMPLETE,15/10/2018 10:30,18/10/2018 08:24,19/10/2018,
ZA-00033817,ZAC0005260,14/10/2018 20:47,DISPATCHED,16/10/2018 03:18,,23/10/2018,WELCOME10
ZA-00033818,ZAC0007204,14/10/2018 18:31,COMPLETE,18/10/2018 10:50,22/10/2018 18:21,21/10/2018,
ZA-00033819,ZAC0010856,14/10/2018 21:38,COMPLETE,17/10/2018 10:48,23/10/2018 14:53,21/10/2018,
ZA-00033820,ZAC0008738,14/10/2018 17:49,COMPLETE,17/10/2018 15:53,24/10/2018 23:17,22/10/2018,
ZA-00033821,ZAC0021411,14/10/2018 06:50,COMPLETE,15/10/2018 18:23,16/10/2018 01:01,19/10/2018,
ZA-00033822,ZAC0006110,14/10/2018 21:40,COMPLETE,15/10/2018 14:28,23/10/2018 12:56,19/10/2018,
ZA-00033823,ZAC0008878,14/10/2018 17:53,CANCELLED,,,,FREESHIP
ZA-00033824,ZAC0003079,14/10/2018 10:59,COMPLETE,16/10/2018 02:42,18/10/2018 04:00,21/10/2018,LOYAL5
ZA-00033825,ZAC0021183,14/10/2018 09:23,COMPLETE,14/10/2018 20:40,19/10/2018 11:38,18/10/2018,
ZA-00033826,ZAC0014393,14/10/2018 19:41,COMPLETE,17/10/2018 12:45,23/10/2018 09:31,21/10/2018,WELCOME10
ZA-00033827,ZAC0020723,14/10/2018 15:38,COMPLETE,16/10/2018 08:07,18/10/2018 23:40,19/10/2018,
ZA-00033828,ZAC0003015,14/10/2018 14:36,COMPLETE,15/10/2018 23:20,19/10/2018 17:16,22/10/2018,
ZA-00033829,ZAC0000255,14/10/2018 10:05,COMPLETE,15/10/2018 13:13,16/10/2018 00:12,20/10/2018,
ZA-00033830,ZAC0000365,14/10/2018 21:48,COMPLETE,15/10/2018 16:24,18/10/2018 12:30,19/10/2018,FLASH25
ZA-00033831,ZAC0003744,14/10/2018 07:15,COMPLETE,15/10/2018 15:37,26/10/2018 20:29,18/10/2018,BULK20
ZA-00033832,ZAC0001298,14/10/2018 18:20,COMPLETE,16/10/2018 00:41,18/10/2018 05:09,23/10/2018,WELCOME10
ZA-00033833,ZAC0001788,14/10/2018 09:20,COMPLETE,15/10/2018 17:04,25/10/2018 15:21,20/10/2018,WELCOME10
ZA-00033834,ZAC0010094,14/10/2018 12:43,COMPLETE,15/10/2018 07:26,18/10/2018 07:53,22/10/2018,LOYAL5
ZA-00033835,ZAC0021981,14/10/2018 21:25,COMPLETE,16/10/2018 06:41,24/10/2018 11:10,23/10/2018,
ZA-00033836,ZAC0014568,14/10/2018 17:58,COMPLETE,17/10/2018 14:21,18/10/2018 12:06,24/10/2018,LOYAL5
ZA-00033837,ZAC0004176,14/10/2018 13:40,COMPLETE,15/10/2018 10:15,17/10/2018 14:47,22/10/2018,
ZA-00033838,ZAC0020969,14/10/2018 12:25,COMPLETE,16/10/2018 18:09,18/10/2018 01:19,23/10/2018,
ZA-00033839,ZAC0019301,14/10/2018 12:40,COMPLETE,14/10/2018 15:37,17/10/2018 22:22,24/10/2018,
ZA-00033840,ZAC0012203,14/10/2018 21:48,COMPLETE,18/10/2018 05:23,20/10/2018 22:54,21/10/2018,
ZA-00033841,ZAC0012251,14/10/2018 07:40,COMPLETE,15/10/2018 19:35,18/10/2018 08:29,22/10/2018,
ZA-00033842,ZAC0020015,14/10/2018 09:50,COMPLETE,17/10/2018 13:43,19/10/2018 06:38,20/10/2018,
ZA-00033843,ZAC0019142,14/10/2018 21:25,COMPLETE,15/10/2018 15:49,17/10/2018 07:01,18/10/2018,LOYAL5
ZA-00033844,ZAC0004557,14/10/2018 14:53,COMPLETE,17/10/2018 15:32,20/10/2018 02:25,24/10/2018,
ZA-00033845,ZAC0013079,14/10/2018 18:50,COMPLETE,20/10/2018 07:06,23/10/2018 21:18,27/10/2018,
ZA-00033846,ZAC0019150,14/10/2018 20:36,COMPLETE,16/10/2018 04:09,23/10/2018 06:20,19/10/2018,
ZA-00033847,ZAC0000723,14/10/2018 21:52,COMPLETE,15/10/2018 13:08,16/10/2018 14:27,18/10/2018,
ZA-00033848,ZAC0021028,14/10/2018 19:27,COMPLETE,15/10/2018 03:29,16/10/2018 16:32,18/10/2018,
ZA-00033849,ZAC0006661,14/10/2018 14:08,COMPLETE,15/10/2018 11:19,17/10/2018 10:25,22/10/2018,
ZA-00033850,ZAC0019500,14/10/2018 19:02,COMPLETE,16/10/2018 07:22,18/10/2018 02:10,20/10/2018,
ZA-00033851,ZAC0018878,14/10/2018 10:45,COMPLETE,15/10/2018 17:55,19/10/2018 13:01,25/10/2018,
ZA-00033852,ZAC0002509,14/10/2018 09:50,COMPLETE,15/10/2018 20:47,23/10/2018 21:54,25/10/2018,
ZA-00033853,ZAC0004356,14/10/2018 10:13,COMPLETE,18/10/2018 03:20,24/10/2018 16:15,22/10/2018,
ZA-00033854,ZAC0007895,14/10/2018 06:07,COMPLETE,17/10/2018 18:59,21/10/2018 09:43,21/10/2018,
ZA-00033855,ZAC0004504,14/10/2018 15:49,DISPATCHED,15/10/2018 15:49,,18/10/2018,
ZA-00033856,ZAC0015051,14/10/2018 06:44,COMPLETE,14/10/2018 09:06,19/10/2018 23:14,18/10/2018,
ZA-00033857,ZAC0011311,14/10/2018 22:03,COMPLETE,17/10/2018 20:42,25/10/2018 06:52,22/10/2018,
ZA-00033858,ZAC0001777,14/10/2018 09:56,COMPLETE,19/10/2018 05:33,27/10/2018 00:24,23/10/2018,
ZA-00033859,ZAC0018010,14/10/2018 16:06,COMPLETE,17/10/2018 02:10,23/10/2018 15:04,21/10/2018,
ZA-00033860,ZAC0021982,14/10/2018 22:05,COMPLETE,19/10/2018 04:21,19/10/2018 19:45,24/10/2018,BULK20
ZA-00033861,ZAC0021379,14/10/2018 09:31,COMPLETE,14/10/2018 15:39,18/10/2018 08:55,21/10/2018,FREESHIP
ZA-00033862,ZAC0009053,14/10/2018 16:56,COMPLETE,15/10/2018 08:51,19/10/2018 10:52,18/10/2018,
ZA-00033863,ZAC0022487,14/10/2018 20:37,COMPLETE,18/10/2018 06:47,21/10/2018 22:35,25/10/2018,
ZA-00033864,ZAC0012926,14/10/2018 15:25,COMPLETE,15/10/2018 14:47,18/10/2018 20:56,20/10/2018,
ZA-00033865,ZAC0010375,14/10/2018 16:57,COMPLETE,17/10/2018 07:13,22/10/2018 15:50,21/10/2018,
ZA-00033866,ZAC0021687,14/10/2018 18:56,COMPLETE,15/10/2018 23:58,17/10/2018 06:38,20/10/2018,
ZA-00033867,ZAC0013176,14/10/2018 18:24,COMPLETE,16/10/2018 14:37,22/10/2018 12:06,23/10/2018,
ZA-00033868,ZAC0007848,14/10/2018 11:07,COMPLETE,15/10/2018 05:10,19/10/2018 01:02,20/10/2018,
ZA-00033869,ZAC0023566,14/10/2018 14:22,COMPLETE,15/10/2018 03:40,16/10/2018 02:01,19/10/2018,FREESHIP
ZA-00033870,ZAC0007613,14/10/2018 06:09,COMPLETE,15/10/2018 05:25,20/10/2018 07:15,22/10/2018,
ZA-00033871,ZAC0007019,14/10/2018 22:18,COMPLETE,15/10/2018 09:17,28/10/2018 03:47,22/10/2018,
ZA-00033872,ZAC0022437,14/10/2018 06:13,COMPLETE,16/10/2018 03:43,18/10/2018 06:31,23/10/2018,
ZA-00033873,ZAC0023879,14/10/2018 19:30,COMPLETE,17/10/2018 05:58,25/10/2018 17:54,20/10/2018,
ZA-00033874,ZAC0007078,14/10/2018 22:56,COMPLETE,16/10/2018 22:35,18/10/2018 06:27,20/10/2018,
ZA-00033875,ZAC0000211,14/10/2018 12:31,DISPATCHED,16/10/2018 23:58,,20/10/2018,
ZA-00033876,ZAC0012114,14/10/2018 09:35,COMPLETE,15/10/2018 13:26,19/10/2018 02:18,18/10/2018,
ZA-00033877,ZAC0016679,14/10/2018 22:48,COMPLETE,16/10/2018 08:20,21/10/2018 22:44,19/10/2018,
ZA-00033878,ZAC0002313,14/10/2018 19:45,COMPLETE,16/10/2018 15:09,19/10/2018 06:03,19/10/2018,
ZA-00033879,ZAC0010912,14/10/2018 15:24,COMPLETE,17/10/2018 11:01,21/10/2018 15:01,24/10/2018,
ZA-00033880,ZAC0018934,14/10/2018 11:13,COMPLETE,17/10/2018 20:47,19/10/2018 04:47,24/10/2018,
ZA-00033881,ZAC0006619,14/10/2018 08:50,COMPLETE,17/10/2018 13:25,22/10/2018 00:39,21/10/2018,
ZA-00033882,ZAC0002707,14/10/2018 18:39,COMPLETE,16/10/2018 03:20,19/10/2018 17:29,21/10/2018,
ZA-00033883,ZAC0009955,14/10/2018 08:58,COMPLETE,14/10/2018 09:58,17/10/2018 23:18,18/10/2018,
ZA-00033884,ZAC0010291,14/10/2018 15:35,COMPLETE,14/10/2018 23:49,24/10/2018 06:37,18/10/2018,
ZA-00033885,ZAC0014978,14/10/2018 21:26,DISPATCHED,16/10/2018 22:19,,26/10/2018,
ZA-00033886,ZAC0014419,14/10/2018 20:14,COMPLETE,20/10/2018 03:30,24/10/2018 06:34,25/10/2018,
ZA-00033887,ZAC0001203,14/10/2018 19:15,RETURNED,18/10/2018 01:37,19/10/2018 22:11,25/10/2018,
ZA-00033888,ZAC0011343,14/10/2018 12:16,COMPLETE,15/10/2018 19:40,28/10/2018 06:15,22/10/2018,WINTER15
ZA-00033889,ZAC0021518,14/10/2018 22:15,COMPLETE,16/10/2018 22:04,26/10/2018 09:27,23/10/2018,
ZA-00033890,ZAC0013205,14/10/2018 09:42,COMPLETE,14/10/2018 21:49,20/10/2018 05:59,19/10/2018,
ZA-00033891,ZAC0002431,14/10/2018 19:09,COMPLETE,22/10/2018 01:38,24/10/2018 09:14,27/10/2018,
ZA-00033892,ZAC0021952,14/10/2018 17:09,COMPLETE,17/10/2018 02:35,20/10/2018 04:14,22/10/2018,
ZA-00033893,ZAC0011737,14/10/2018 13:46,COMPLETE,16/10/2018 00:35,23/10/2018 07:10,20/10/2018,
ZA-00033894,ZAC0009395,14/10/2018 08:13,COMPLETE,18/10/2018 00:55,25/10/2018 22:52,21/10/2018,WELCOME10
ZA-00033895,ZAC0021452,14/10/2018 06:39,COMPLETE,19/10/2018 00:30,24/10/2018 23:12,22/10/2018,
ZA-00033896,ZAC0003897,14/10/2018 11:27,COMPLETE,15/10/2018 14:25,18/10/2018 21:15,18/10/2018,
ZA-00033897,ZAC0010056,14/10/2018 18:48,COMPLETE,15/10/2018 17:24,21/10/2018 16:35,18/10/2018,
ZA-00033898,ZAC0008451,14/10/2018 16:51,PENDING,,,,WINTER15
ZA-00033899,ZAC0002995,14/10/2018 13:32,COMPLETE,15/10/2018 22:20,27/10/2018 18:52,20/10/2018,
ZA-00033900,ZAC0015534,14/10/2018 09:43,COMPLETE,17/10/2018 03:01,26/10/2018 06:32,20/10/2018,WINTER15
ZA-00033901,ZAC0008282,14/10/2018 15:49,COMPLETE,22/10/2018 05:57,25/10/2018 04:52,27/10/2018,
ZA-00033902,ZAC0009107,14/10/2018 16:57,CANCELLED,,,,
ZA-00033903,ZAC0013218,14/10/2018 09:58,COMPLETE,16/10/2018 10:00,22/10/2018 03:04,23/10/2018,
ZA-00033904,ZAC0023891,14/10/2018 15:32,COMPLETE,17/10/2018 02:25,17/10/2018 12:10,20/10/2018,
ZA-00033905,ZAC0020838,14/10/2018 22:28,COMPLETE,19/10/2018 09:14,24/10/2018 07:32,23/10/2018,
ZA-00033906,ZAC0023324,14/10/2018 12:48,COMPLETE,15/10/2018 16:27,21/10/2018 08:48,20/10/2018,
ZA-00033907,ZAC0019581,15/10/2018 19:26,COMPLETE,21/10/2018 06:32,25/10/2018 06:04,24/10/2018,
ZA-00033908,ZAC0021761,15/10/2018 08:45,COMPLETE,16/10/2018 07:13,17/10/2018 19:23,21/10/2018,WINTER15
ZA-00033909,ZAC0012201,15/10/2018 22:52,COMPLETE,17/10/2018 04:46,21/10/2018 21:02,22/10/2018,WELCOME10
ZA-00033910,ZAC0013550,15/10/2018 18:23,COMPLETE,16/10/2018 09:51,22/10/2018 17:36,21/10/2018,
ZA-00033911,ZAC0015367,15/10/2018 18:51,COMPLETE,16/10/2018 10:16,21/10/2018 11:46,20/10/2018,
ZA-00033912,ZAC0019402,15/10/2018 17:09,COMPLETE,18/10/2018 01:30,19/10/2018 20:55,23/10/2018,
ZA-00033913,ZAC0013495,15/10/2018 13:46,COMPLETE,17/10/2018 04:30,25/10/2018 13:45,24/10/2018,
ZA-00033914,ZAC0015516,15/10/2018 10:06,COMPLETE,15/10/2018 13:44,16/10/2018 00:25,19/10/2018,WINTER15
ZA-00033915,ZAC0005778,15/10/2018 08:33,COMPLETE,19/10/2018 18:02,25/10/2018 01:18,24/10/2018,WINTER15
ZA-00033916,ZAC0023997,15/10/2018 16:16,COMPLETE,16/10/2018 02:33,17/10/2018 19:18,21/10/2018,
ZA-00033917,ZAC0002496,15/10/2018 18:16,COMPLETE,17/10/2018 15:30,20/10/2018 07:45,22/10/2018,LOYAL5
ZA-00033918,ZAC0022363,15/10/2018 17:58,COMPLETE,19/10/2018 01:03,20/10/2018 23:09,22/10/2018,WINTER15
ZA-00033919,ZAC0008786,15/10/2018 14:43,COMPLETE,16/10/2018 18:19,21/10/2018 22:05,23/10/2018,WELCOME10
ZA-00033920,ZAC0016624,15/10/2018 06:20,COMPLETE,19/10/2018 17:35,30/10/2018 23:57,24/10/2018,
ZA-00033921,ZAC0003540,15/10/2018 20:54,COMPLETE,20/10/2018 01:50,25/10/2018 21:05,23/10/2018,
ZA-00033922,ZAC0020485,15/10/2018 16:20,COMPLETE,18/10/2018 16:23,22/10/2018 11:49,22/10/2018,
ZA-00033923,ZAC0008950,15/10/2018 18:42,COMPLETE,16/10/2018 21:23,18/10/2018 09:06,20/10/2018,
ZA-00033924,ZAC0006836,15/10/2018 17:59,COMPLETE,17/10/2018 21:25,21/10/2018 21:16,24/10/2018,BULK20
ZA-00033925,ZAC0005599,15/10/2018 10:51,COMPLETE,16/10/2018 09:24,21/10/2018 21:23,19/10/2018,
ZA-00033926,ZAC0013601,15/10/2018 17:44,COMPLETE,16/10/2018 16:50,25/10/2018 01:02,21/10/2018,
ZA-00033927,ZAC0002697,15/10/2018 18:00,COMPLETE,16/10/2018 09:23,17/10/2018 04:57,23/10/2018,
ZA-00033928,ZAC0006542,15/10/2018 14:45,CANCELLED,,,,
ZA-00033929,ZAC0022075,15/10/2018 12:39,COMPLETE,16/10/2018 19:40,19/10/2018 01:03,20/10/2018,
ZA-00033930,ZAC0006813,15/10/2018 18:25,COMPLETE,16/10/2018 11:22,23/10/2018 18:44,19/10/2018,
ZA-00033931,ZAC0005521,15/10/2018 11:29,COMPLETE,18/10/2018 14:22,24/10/2018 15:50,25/10/2018,
ZA-00033932,ZAC0000775,15/10/2018 17:33,COMPLETE,16/10/2018 11:33,21/10/2018 18:19,19/10/2018,FREESHIP
ZA-00033933,ZAC0008212,15/10/2018 08:01,COMPLETE,19/10/2018 21:00,20/10/2018 16:40,24/10/2018,
ZA-00033934,ZAC0015168,15/10/2018 14:01,COMPLETE,16/10/2018 02:06,25/10/2018 06:05,19/10/2018,
ZA-00033935,ZAC0000962,15/10/2018 19:25,COMPLETE,17/10/2018 07:07,23/10/2018 05:47,22/10/2018,
ZA-00033936,ZAC0000838,15/10/2018 10:27,COMPLETE,17/10/2018 04:45,26/10/2018 03:22,22/10/2018,
ZA-00033937,ZAC0015324,15/10/2018 15:08,COMPLETE,18/10/2018 20:24,22/10/2018 14:57,28/10/2018,
ZA-00033938,ZAC0003295,15/10/2018 22:46,COMPLETE,17/10/2018 07:19,30/10/2018 12:49,22/10/2018,
ZA-00033939,ZAC0018419,15/10/2018 13:54,COMPLETE,17/10/2018 12:34,22/10/2018 17:23,21/10/2018,
ZA-00033940,ZAC0011068,15/10/2018 11:59,COMPLETE,16/10/2018 01:47,23/10/2018 03:11,20/10/2018,
ZA-00033941,ZAC0002194,15/10/2018 08:45,CANCELLED,,,,WELCOME10
ZA-00033942,ZAC0002468,15/10/2018 10:06,COMPLETE,24/10/2018 19:04,29/10/2018 03:23,29/10/2018,
ZA-00033943,ZAC0011456,15/10/2018 10:35,COMPLETE,16/10/2018 17:18,19/10/2018 00:23,19/10/2018,
ZA-00033944,ZAC0015685,15/10/2018 11:30,COMPLETE,17/10/2018 03:09,17/10/2018 18:34,27/10/2018,WINTER15
ZA-00033945,ZAC0012964,15/10/2018 12:20,COMPLETE,21/10/2018 01:35,23/10/2018 00:21,25/10/2018,BULK20
ZA-00033946,ZAC0004194,15/10/2018 13:15,COMPLETE,17/10/2018 11:45,19/10/2018 12:44,24/10/2018,
ZA-00033947,ZAC0008309,15/10/2018 20:09,COMPLETE,18/10/2018 10:20,22/10/2018 04:39,22/10/2018,
ZA-00033948,ZAC0020826,15/10/2018 15:53,COMPLETE,19/10/2018 15:34,20/10/2018 08:50,24/10/2018,FREESHIP
ZA-00033949,ZAC0013886,15/10/2018 10:13,COMPLETE,20/10/2018 16:27,27/10/2018 16:41,23/10/2018,BULK20
ZA-00033950,ZAC0019898,15/10/2018 14:08,COMPLETE,17/10/2018 16:09,19/10/2018 23:26,22/10/2018,
ZA-00033951,ZAC0000131,15/10/2018 07:27,COMPLETE,17/10/2018 03:24,21/10/2018 05:38,21/10/2018,
ZA-00033952,ZAC0021207,15/10/2018 17:40,COMPLETE,18/10/2018 06:09,21/10/2018 09:24,22/10/2018,
ZA-00033953,ZAC0013424,15/10/2018 07:51,COMPLETE,16/10/2018 07:42,02/11/2018 09:07,19/10/2018,
ZA-00033954,ZAC0017487,15/10/2018 11:30,COMPLETE,18/10/2018 21:31,20/10/2018 23:16,21/10/2018,FREESHIP
ZA-00033955,ZAC0020160,15/10/2018 13:28,COMPLETE,17/10/2018 00:44,21/10/2018 06:08,24/10/2018,WELCOME10
ZA-00033956,ZAC0020231,15/10/2018 14:25,COMPLETE,16/10/2018 10:07,20/10/2018 15:43,26/10/2018,
ZA-00033957,ZAC0006351,15/10/2018 21:37,COMPLETE,19/10/2018 08:00,28/10/2018 09:53,26/10/2018,
ZA-00033958,ZAC0017084,15/10/2018 13:05,COMPLETE,17/10/2018 01:21,23/10/2018 04:27,24/10/2018,
ZA-00033959,ZAC0006776,15/10/2018 11:11,COMPLETE,16/10/2018 09:48,20/10/2018 05:16,21/10/2018,
ZA-00033960,ZAC0011081,15/10/2018 20:04,COMPLETE,18/10/2018 16:27,25/10/2018 15:43,22/10/2018,
ZA-00033961,ZAC0020992,15/10/2018 21:44,COMPLETE,18/10/2018 22:35,21/10/2018 23:19,23/10/2018,
ZA-00033962,ZAC0013984,15/10/2018 08:41,COMPLETE,17/10/2018 19:43,20/10/2018 17:37,22/10/2018,
ZA-00033963,ZAC0015665,15/10/2018 13:39,COMPLETE,16/10/2018 21:31,20/10/2018 08:55,20/10/2018,
ZA-00033964,ZAC0020701,15/10/2018 10:33,COMPLETE,17/10/2018 11:55,18/10/2018 20:37,21/10/2018,
ZA-00033965,ZAC0021701,15/10/2018 09:31,COMPLETE,15/10/2018 19:52,17/10/2018 11:04,22/10/2018,
ZA-00033966,ZAC0016664,15/10/2018 13:38,COMPLETE,19/10/2018 06:45,20/10/2018 04:22,23/10/2018,
ZA-00033967,ZAC0000205,15/10/2018 09:41,COMPLETE,15/10/2018 19:10,26/10/2018 09:44,19/10/2018,BULK20
ZA-00033968,ZAC0003322,15/10/2018 10:11,COMPLETE,16/10/2018 13:41,17/10/2018 01:51,23/10/2018,
ZA-00033969,ZAC0023498,15/10/2018 15:00,COMPLETE,16/10/2018 23:35,26/10/2018 03:07,21/10/2018,
ZA-00033970,ZAC0010419,15/10/2018 12:41,RETURNED,16/10/2018 22:37,20/10/2018 06:00,21/10/2018,
ZA-00033971,ZAC0012394,15/10/2018 20:08,COMPLETE,17/10/2018 12:04,26/10/2018 14:09,21/10/2018,
ZA-00033972,ZAC0016411,15/10/2018 14:57,COMPLETE,18/10/2018 15:16,21/10/2018 03:40,22/10/2018,
ZA-00033973,ZAC0009027,15/10/2018 12:21,COMPLETE,18/10/2018 19:01,26/10/2018 23:28,25/10/2018,
ZA-00033974,ZAC0004094,15/10/2018 09:33,COMPLETE,20/10/2018 18:57,22/10/2018 14:29,24/10/2018,FLASH25
ZA-00033975,ZAC0004020,15/10/2018 08:59,COMPLETE,17/10/2018 12:56,20/10/2018 15:41,24/10/2018,
ZA-00033976,ZAC0000958,15/10/2018 11:10,COMPLETE,16/10/2018 02:25,17/10/2018 00:32,23/10/2018,
ZA-00033977,ZAC0004827,15/10/2018 16:16,COMPLETE,18/10/2018 06:02,24/10/2018 12:07,22/10/2018,
ZA-00033978,ZAC0010402,15/10/2018 22:54,COMPLETE,18/10/2018 21:22,23/10/2018 16:50,22/10/2018,
ZA-00033979,ZAC0006130,15/10/2018 17:06,CANCELLED,,,,FLASH25
ZA-00033980,ZAC0019119,15/10/2018 19:59,COMPLETE,16/10/2018 22:41,22/10/2018 03:19,20/10/2018,
ZA-00033981,ZAC0023101,16/10/2018 11:31,COMPLETE,20/10/2018 04:12,25/10/2018 05:54,27/10/2018,
ZA-00033982,ZAC0005910,16/10/2018 08:27,DISPATCHED,16/10/2018 22:36,,26/10/2018,
ZA-00033983,ZAC0009050,16/10/2018 19:58,COMPLETE,18/10/2018 03:37,19/10/2018 10:35,23/10/2018,
ZA-00033984,ZAC0011999,16/10/2018 08:34,COMPLETE,17/10/2018 19:15,21/10/2018 17:55,20/10/2018,
ZA-00033985,ZAC0011000,16/10/2018 10:23,COMPLETE,17/10/2018 15:53,23/10/2018 05:34,21/10/2018,
ZA-00033986,ZAC0007856,16/10/2018 10:48,CANCELLED,,,,FLASH25
ZA-00033987,ZAC0008362,16/10/2018 22:17,COMPLETE,18/10/2018 05:39,28/10/2018 19:50,21/10/2018,
ZA-00033988,ZAC0009433,16/10/2018 06:59,COMPLETE,18/10/2018 04:14,20/10/2018 02:23,25/10/2018,
ZA-00033989,ZAC0009581,16/10/2018 11:45,COMPLETE,16/10/2018 22:39,23/10/2018 08:51,21/10/2018,
ZA-00033990,ZAC0005862,16/10/2018 21:42,COMPLETE,22/10/2018 09:38,29/10/2018 08:32,26/10/2018,
ZA-00033991,ZAC0020903,16/10/2018 21:19,COMPLETE,18/10/2018 02:07,20/10/2018 19:54,22/10/2018,
ZA-00033992,ZAC0002516,16/10/2018 12:07,COMPLETE,20/10/2018 04:40,22/10/2018 03:25,25/10/2018,
ZA-00033993,ZAC0003882,16/10/2018 14:36,COMPLETE,20/10/2018 18:13,24/10/2018 02:24,24/10/2018,
ZA-00033994,ZAC0021184,16/10/2018 09:39,COMPLETE,19/10/2018 02:31,23/10/2018 05:37,29/10/2018,
ZA-00033995,ZAC0017368,16/10/2018 14:38,COMPLETE,17/10/2018 09:59,20/10/2018 04:12,20/10/2018,
ZA-00033996,ZAC0017657,16/10/2018 19:19,COMPLETE,17/10/2018 03:58,21/10/2018 08:27,22/10/2018,
ZA-00033997,ZAC0022568,16/10/2018 12:52,COMPLETE,17/10/2018 19:27,19/10/2018 23:57,20/10/2018,
ZA-00033998,ZAC0001862,16/10/2018 15:53,COMPLETE,18/10/2018 11:25,22/10/2018 18:08,23/10/2018,
ZA-00033999,ZAC0013981,16/10/2018 14:35,COMPLETE,17/10/2018 07:08,20/10/2018 19:12,21/10/2018,
ZA-00034000,ZAC0018380,16/10/2018 20:50,COMPLETE,17/10/2018 23:29,19/10/2018 09:44,20/10/2018,
ZA-00034001,ZAC0016069,16/10/2018 14:17,COMPLETE,19/10/2018 14:50,20/10/2018 03:52,23/10/2018,
ZA-00034002,ZAC0012238,16/10/2018 20:26,COMPLETE,19/10/2018 11:38,23/10/2018 19:21,26/10/2018,
ZA-00034003,ZAC0008574,16/10/2018 09:53,COMPLETE,17/10/2018 23:54,29/10/2018 19:24,22/10/2018,
ZA-00034004,ZAC0010177,16/10/2018 07:14,COMPLETE,17/10/2018 16:28,19/10/2018 09:48,21/10/2018,
ZA-00034005,ZAC0010815,16/10/2018 19:19,COMPLETE,18/10/2018 15:36,20/10/2018 12:15,28/10/2018,
ZA-00034006,ZAC0022813,16/10/2018 18:18,COMPLETE,23/10/2018 10:13,24/10/2018 00:06,27/10/2018,FLASH25
ZA-00034007,ZAC0018290,16/10/2018 18:06,COMPLETE,19/10/2018 00:26,20/10/2018 22:01,22/10/2018,WELCOME10
ZA-00034008,ZAC0019464,16/10/2018 12:11,COMPLETE,18/10/2018 19:52,25/10/2018 18:09,23/10/2018,
ZA-00034009,ZAC0003076,16/10/2018 08:28,COMPLETE,17/10/2018 23:54,23/10/2018 17:24,22/10/2018,
ZA-00034010,ZAC0012210,16/10/2018 22:18,COMPLETE,17/10/2018 00:14,17/10/2018 21:02,20/10/2018,
ZA-00034011,ZAC0008163,16/10/2018 21:39,COMPLETE,19/10/2018 05:56,25/10/2018 22:48,26/10/2018,
ZA-00034012,ZAC0009657,16/10/2018 08:13,COMPLETE,18/10/2018 20:37,20/10/2018 19:29,25/10/2018,
ZA-00034013,ZAC0023766,16/10/2018 16:25,COMPLETE,17/10/2018 17:56,26/10/2018 14:46,27/10/2018,
ZA-00034014,ZAC0005273,16/10/2018 07:01,COMPLETE,17/10/2018 02:33,21/10/2018 08:56,20/10/2018,FLASH25
ZA-00034015,ZAC0019977,16/10/2018 18:46,COMPLETE,20/10/2018 10:21,25/10/2018 07:12,27/10/2018,
ZA-00034016,ZAC0014941,16/10/2018 22:10,COMPLETE,19/10/2018 07:34,26/10/2018 23:22,23/10/2018,
ZA-00034017,ZAC0005367,16/10/2018 08:02,PENDING,,,,
ZA-00034018,ZAC0006055,16/10/2018 13:00,CANCELLED,,,,
ZA-00034019,ZAC0019002,16/10/2018 09:21,COMPLETE,17/10/2018 23:55,24/10/2018 06:24,27/10/2018,
ZA-00034020,ZAC0010242,16/10/2018 10:29,COMPLETE,18/10/2018 06:25,26/10/2018 18:34,23/10/2018,BULK20
ZA-00034021,ZAC0006335,16/10/2018 18:38,COMPLETE,18/10/2018 22:43,21/10/2018 08:11,23/10/2018,
ZA-00034022,ZAC0005985,16/10/2018 06:54,COMPLETE,17/10/2018 23:13,19/10/2018 01:25,27/10/2018,BULK20
ZA-00034023,ZAC0015495,16/10/2018 21:28,COMPLETE,21/10/2018 09:46,28/10/2018 14:17,26/10/2018,
ZA-00034024,ZAC0003005,16/10/2018 16:33,COMPLETE,17/10/2018 07:28,22/10/2018 03:44,20/10/2018,
ZA-00034025,ZAC0006102,16/10/2018 07:36,RETURNED,20/10/2018 16:21,24/10/2018 05:37,25/10/2018,WELCOME10
ZA-00034026,ZAC0011190,16/10/2018 15:27,COMPLETE,17/10/2018 22:19,21/10/2018 02:14,24/10/2018,LOYAL5
ZA-00034027,ZAC0003885,16/10/2018 10:01,COMPLETE,19/10/2018 02:12,28/10/2018 20:31,24/10/2018,
ZA-00034028,ZAC0019817,16/10/2018 21:06,COMPLETE,19/10/2018 17:56,24/10/2018 19:20,23/10/2018,
ZA-00034029,ZAC0012583,16/10/2018 08:28,COMPLETE,16/10/2018 17:15,23/10/2018 05:08,23/10/2018,
ZA-00034030,ZAC0023486,16/10/2018 15:02,COMPLETE,21/10/2018 18:40,24/10/2018 13:40,26/10/2018,
ZA-00034031,ZAC0021578,16/10/2018 22:03,COMPLETE,23/10/2018 05:03,24/10/2018 22:01,28/10/2018,
ZA-00034032,ZAC0017732,16/10/2018 12:49,COMPLETE,17/10/2018 17:38,21/10/2018 04:03,21/10/2018,
ZA-00034033,ZAC0014793,16/10/2018 15:08,COMPLETE,17/10/2018 14:12,19/10/2018 17:24,21/10/2018,
ZA-00034034,ZAC0001481,16/10/2018 22:12,DISPATCHED,17/10/2018 04:42,,21/10/2018,
ZA-00034035,ZAC0012840,16/10/2018 09:23,COMPLETE,17/10/2018 10:59,20/10/2018 02:49,21/10/2018,FREESHIP
ZA-00034036,ZAC0020447,16/10/2018 22:39,COMPLETE,19/10/2018 21:39,20/10/2018 23:23,23/10/2018,
ZA-00034037,ZAC0012733,16/10/2018 18:03,COMPLETE,18/10/2018 14:16,20/10/2018 20:14,28/10/2018,WINTER15
ZA-00034038,ZAC0023045,16/10/2018 12:43,COMPLETE,17/10/2018 18:27,23/10/2018 08:42,21/10/2018,WELCOME10
ZA-00034039,ZAC0007154,16/10/2018 18:43,COMPLETE,22/10/2018 04:03,23/10/2018 21:37,26/10/2018,WELCOME10
ZA-00034040,ZAC0008201,16/10/2018 16:22,COMPLETE,19/10/2018 09:13,23/10/2018 09:42,24/10/2018,
ZA-00034041,ZAC0014379,16/10/2018 22:05,COMPLETE,19/10/2018 03:07,22/10/2018 06:59,23/10/2018,
ZA-00034042,ZAC0000614,16/10/2018 11:14,COMPLETE,17/10/2018 16:07,18/10/2018 16:19,21/10/2018,WELCOME10
ZA-00034043,ZAC0017567,16/10/2018 07:23,CANCELLED,,,,
ZA-00034044,ZAC0008958,16/10/2018 18:06,COMPLETE,23/10/2018 13:20,25/10/2018 09:25,30/10/2018,
ZA-00034045,ZAC0007707,16/10/2018 18:12,COMPLETE,19/10/2018 09:46,21/10/2018 10:16,29/10/2018,
ZA-00034046,ZAC0023346,16/10/2018 08:00,COMPLETE,17/10/2018 06:42,28/10/2018 01:38,20/10/2018,
ZA-00034047,ZAC0000790,16/10/2018 17:35,COMPLETE,19/10/2018 06:36,27/10/2018 23:58,23/10/2018,
ZA-00034048,ZAC0019732,16/10/2018 09:07,CANCELLED,,,,
ZA-00034049,ZAC0012152,16/10/2018 08:15,CANCELLED,,,,
ZA-00034050,ZAC0010407,16/10/2018 08:26,COMPLETE,19/10/2018 16:55,22/10/2018 06:49,26/10/2018,
ZA-00034051,ZAC0020483,16/10/2018 16:15,COMPLETE,21/10/2018 05:48,22/10/2018 11:40,25/10/2018,LOYAL5
ZA-00034052,ZAC0003736,16/10/2018 11:49,COMPLETE,16/10/2018 21:40,17/10/2018 19:46,20/10/2018,
ZA-00034053,ZAC0016705,16/10/2018 15:04,COMPLETE,17/10/2018 16:43,25/10/2018 06:14,20/10/2018,
ZA-00034054,ZAC0007507,16/10/2018 11:54,CANCELLED,,,,
ZA-00034055,ZAC0014361,16/10/2018 11:08,COMPLETE,18/10/2018 13:11,21/10/2018 10:57,23/10/2018,
ZA-00034056,ZAC0013498,17/10/2018 13:48,COMPLETE,18/10/2018 23:44,23/10/2018 17:11,22/10/2018,
ZA-00034057,ZAC0007002,17/10/2018 14:40,COMPLETE,19/10/2018 03:06,26/10/2018 19:50,23/10/2018,
ZA-00034058,ZAC0013487,17/10/2018 13:25,PENDING,,,,
ZA-00034059,ZAC0001541,17/10/2018 09:42,COMPLETE,19/10/2018 01:49,23/10/2018 10:18,29/10/2018,
ZA-00034060,ZAC0014962,17/10/2018 13:23,COMPLETE,19/10/2018 23:01,28/10/2018 21:33,24/10/2018,
ZA-00034061,ZAC0008086,17/10/2018 15:23,COMPLETE,18/10/2018 18:19,24/10/2018 09:29,23/10/2018,
ZA-00034062,ZAC0018182,17/10/2018 06:36,COMPLETE,18/10/2018 01:12,22/10/2018 02:48,28/10/2018,WELCOME10
ZA-00034063,ZAC0023681,17/10/2018 09:00,COMPLETE,20/10/2018 06:03,22/10/2018 05:43,25/10/2018,FREESHIP
ZA-00034064,ZAC0005788,17/10/2018 11:31,COMPLETE,18/10/2018 15:36,21/10/2018 05:45,23/10/2018,BULK20
ZA-00034065,ZAC0011907,17/10/2018 22:21,COMPLETE,22/10/2018 07:39,30/10/2018 05:02,26/10/2018,BULK20
ZA-00034066,ZAC0001450,17/10/2018 22:13,COMPLETE,20/10/2018 01:34,26/10/2018 00:56,23/10/2018,
ZA-00034067,ZAC0009893,17/10/2018 10:01,COMPLETE,21/10/2018 13:40,30/10/2018 17:26,24/10/2018,
ZA-00034068,ZAC0019465,17/10/2018 20:03,COMPLETE,19/10/2018 10:09,23/10/2018 03:13,23/10/2018,
ZA-00034069,ZAC0021926,17/10/2018 09:15,COMPLETE,18/10/2018 23:01,23/10/2018 20:11,21/10/2018,
ZA-00034070,ZAC0022455,17/10/2018 22:28,COMPLETE,20/10/2018 11:50,22/10/2018 23:01,25/10/2018,
ZA-00034071,ZAC0019384,17/10/2018 16:25,COMPLETE,19/10/2018 03:26,26/10/2018 01:14,22/10/2018,
ZA-00034072,ZAC0004096,17/10/2018 22:06,COMPLETE,19/10/2018 02:49,30/10/2018 01:05,29/10/2018,
ZA-00034073,ZAC0018921,17/10/2018 20:50,RETURNED,22/10/2018 19:34,31/10/2018 04:06,26/10/2018,
ZA-00034074,ZAC0003458,17/10/2018 20:49,COMPLETE,18/10/2018 15:15,24/10/2018 13:09,28/10/2018,
ZA-00034075,ZAC0004378,17/10/2018 09:43,COMPLETE,19/10/2018 05:48,20/10/2018 21:15,22/10/2018,
ZA-00034076,ZAC0016288,17/10/2018 11:15,COMPLETE,20/10/2018 19:47,23/10/2018 22:15,27/10/2018,LOYAL5
ZA-00034077,ZAC0015034,17/10/2018 22:30,COMPLETE,18/10/2018 08:22,20/10/2018 11:01,21/10/2018,LOYAL5
ZA-00034078,ZAC0010728,17/10/2018 10:16,DISPATCHED,19/10/2018 18:19,,24/10/2018,
ZA-00034079,ZAC0003547,17/10/2018 14:12,COMPLETE,21/10/2018 00:34,22/10/2018 10:29,26/10/2018,
ZA-00034080,ZAC0000159,17/10/2018 22:52,COMPLETE,19/10/2018 15:46,22/10/2018 06:10,24/10/2018,
ZA-00034081,ZAC0019504,17/10/2018 07:05,COMPLETE,20/10/2018 08:07,25/10/2018 12:44,27/10/2018,
ZA-00034082,ZAC0002329,17/10/2018 06:03,COMPLETE,18/10/2018 16:11,22/10/2018 23:51,22/10/2018,WELCOME10
ZA-00034083,ZAC0003397,17/10/2018 20:55,COMPLETE,18/10/2018 17:40,20/10/2018 20:53,28/10/2018,
ZA-00034084,ZAC0005562,17/10/2018 17:07,COMPLETE,19/10/2018 23:50,23/10/2018 04:02,22/10/2018,
ZA-00034085,ZAC0013509,17/10/2018 19:57,COMPLETE,18/10/2018 16:07,25/10/2018 13:20,23/10/2018,FREESHIP
ZA-00034086,ZAC0012596,17/10/2018 14:31,COMPLETE,19/10/2018 06:38,20/10/2018 04:31,23/10/2018,
ZA-00034087,ZAC0001613,17/10/2018 06:34,COMPLETE,22/10/2018 21:28,28/10/2018 05:08,27/10/2018,
ZA-00034088,ZAC0013414,17/10/2018 09:55,COMPLETE,19/10/2018 04:40,24/10/2018 18:36,26/10/2018,
ZA-00034089,ZAC0013569,17/10/2018 16:48,COMPLETE,18/10/2018 08:41,21/10/2018 04:44,23/10/2018,FREESHIP
ZA-00034090,ZAC0003999,17/10/2018 06:56,COMPLETE,19/10/2018 14:58,20/10/2018 20:33,24/10/2018,
ZA-00034091,ZAC0004801,17/10/2018 17:02,COMPLETE,20/10/2018 03:26,22/10/2018 15:05,24/10/2018,
ZA-00034092,ZAC0018215,17/10/2018 15:02,COMPLETE,18/10/2018 18:17,25/10/2018 23:55,25/10/2018,
ZA-00034093,ZAC0016733,17/10/2018 15:27,COMPLETE,19/10/2018 04:08,21/10/2018 23:32,24/10/2018,BULK20
ZA-00034094,ZAC0003666,17/10/2018 07:24,COMPLETE,23/10/2018 14:39,25/10/2018 19:52,27/10/2018,
ZA-00034095,ZAC0012764,17/10/2018 07:55,COMPLETE,19/10/2018 19:24,23/10/2018 08:21,29/10/2018,
ZA-00034096,ZAC0014554,17/10/2018 14:01,COMPLETE,21/10/2018 19:16,25/10/2018 03:40,25/10/2018,
ZA-00034097,ZAC0004995,17/10/2018 18:15,COMPLETE,21/10/2018 05:23,23/10/2018 20:40,25/10/2018,
ZA-00034098,ZAC0016322,17/10/2018 21:05,COMPLETE,19/10/2018 13:58,26/10/2018 10:08,24/10/2018,
ZA-00034099,ZAC0021046,17/10/2018 20:52,COMPLETE,21/10/2018 15:28,29/10/2018 00:17,31/10/2018,
ZA-00034100,ZAC0009042,17/10/2018 09:56,COMPLETE,19/10/2018 15:04,20/10/2018 20:25,26/10/2018,LOYAL5
ZA-00034101,ZAC0022567,17/10/2018 16:37,COMPLETE,18/10/2018 05:23,27/10/2018 23:19,22/10/2018,
ZA-00034102,ZAC0018170,17/10/2018 17:54,COMPLETE,22/10/2018 18:38,25/10/2018 03:32,25/10/2018,FREESHIP
ZA-00034103,ZAC0007824,17/10/2018 08:12,DISPATCHED,18/10/2018 21:19,,22/10/2018,FLASH25
ZA-00034104,ZAC0005947,17/10/2018 10:46,COMPLETE,17/10/2018 19:12,21/10/2018 02:35,21/10/2018,
ZA-00034105,ZAC0008423,17/10/2018 13:17,COMPLETE,22/10/2018 04:50,25/10/2018 03:26,27/10/2018,LOYAL5
ZA-00034106,ZAC0021305,17/10/2018 17:57,COMPLETE,21/10/2018 18:37,30/10/2018 13:41,24/10/2018,
ZA-00034107,ZAC0010671,17/10/2018 15:23,COMPLETE,19/10/2018 11:38,27/10/2018 14:27,22/10/2018,
ZA-00034108,ZAC0002766,17/10/2018 19:46,COMPLETE,19/10/2018 22:14,24/10/2018 06:32,26/10/2018,WELCOME10
ZA-00034109,ZAC0000819,17/10/2018 15:23,COMPLETE,19/10/2018 01:14,25/10/2018 02:42,24/10/2018,
ZA-00034110,ZAC0016552,17/10/2018 07:12,COMPLETE,18/10/2018 16:14,21/10/2018 20:15,22/10/2018,
ZA-00034111,ZAC0002870,17/10/2018 14:01,COMPLETE,18/10/2018 05:54,24/10/2018 11:47,25/10/2018,
ZA-00034112,ZAC0023583,17/10/2018 07:52,CANCELLED,,,,
ZA-00034113,ZAC0012472,17/10/2018 19:21,COMPLETE,24/10/2018 17:13,31/10/2018 14:54,03/11/2018,
ZA-00034114,ZAC0009125,17/10/2018 21:15,COMPLETE,23/10/2018 08:46,25/10/2018 21:22,28/10/2018,
ZA-00034115,ZAC0004819,17/10/2018 20:57,COMPLETE,19/10/2018 05:27,22/10/2018 19:49,24/10/2018,LOYAL5
ZA-00034116,ZAC0001293,17/10/2018 12:22,RETURNED,19/10/2018 13:36,23/10/2018 18:38,26/10/2018,
ZA-00034117,ZAC0006088,17/10/2018 14:30,COMPLETE,17/10/2018 19:46,20/10/2018 11:06,20/10/2018,WELCOME10
ZA-00034118,ZAC0019036,17/10/2018 14:11,COMPLETE,19/10/2018 02:24,20/10/2018 22:24,26/10/2018,
ZA-00034119,ZAC0004848,17/10/2018 13:50,COMPLETE,20/10/2018 21:41,25/10/2018 12:11,24/10/2018,
ZA-00034120,ZAC0011637,17/10/2018 22:50,COMPLETE,20/10/2018 20:47,25/10/2018 11:08,25/10/2018,
ZA-00034121,ZAC0010706,17/10/2018 18:23,COMPLETE,18/10/2018 18:22,21/10/2018 06:46,25/10/2018,
ZA-00034122,ZAC0017164,17/10/2018 19:58,COMPLETE,18/10/2018 00:06,23/10/2018 06:29,22/10/2018,FREESHIP
ZA-00034123,ZAC0014785,17/10/2018 16:27,CANCELLED,,,,
ZA-00034124,ZAC0015084,17/10/2018 21:00,COMPLETE,21/10/2018 06:21,29/10/2018 17:50,25/10/2018,
ZA-00034125,ZAC0005575,17/10/2018 14:31,COMPLETE,17/10/2018 23:05,24/10/2018 11:09,21/10/2018,
ZA-00034126,ZAC0018473,17/10/2018 11:39,COMPLETE,19/10/2018 11:49,21/10/2018 13:11,24/10/2018,
ZA-00034127,ZAC0022266,17/10/2018 18:42,COMPLETE,23/10/2018 07:31,06/11/2018 14:37,26/10/2018,
ZA-00034128,ZAC0004760,17/10/2018 08:30,COMPLETE,18/10/2018 17:12,22/10/2018 04:51,21/10/2018,
ZA-00034129,ZAC0016847,17/10/2018 20:25,COMPLETE,18/10/2018 13:22,27/10/2018 03:56,22/10/2018,
ZA-00034130,ZAC0012743,17/10/2018 18:56,COMPLETE,21/10/2018 01:39,24/10/2018 09:41,25/10/2018,
ZA-00034131,ZAC0008472,17/10/2018 09:28,COMPLETE,22/10/2018 19:29,27/10/2018 18:51,26/10/2018,
ZA-00034132,ZAC0000268,17/10/2018 12:18,COMPLETE,21/10/2018 12:24,25/10/2018 19:40,26/10/2018,
ZA-00034133,ZAC0019152,17/10/2018 11:34,COMPLETE,17/10/2018 22:17,20/10/2018 04:13,22/10/2018,
ZA-00034134,ZAC0012624,17/10/2018 20:34,PENDING,,,,WELCOME10
ZA-00034135,ZAC0009388,17/10/2018 12:14,COMPLETE,17/10/2018 15:03,23/10/2018 15:27,22/10/2018,
ZA-00034136,ZAC0023052,18/10/2018 13:31,COMPLETE,22/10/2018 15:54,27/10/2018 16:51,26/10/2018,
ZA-00034137,ZAC0020932,18/10/2018 19:19,COMPLETE,21/10/2018 20:54,26/10/2018 22:28,28/10/2018,
ZA-00034138,ZAC0008470,18/10/2018 10:49,COMPLETE,19/10/2018 22:58,23/10/2018 07:31,29/10/2018,FREESHIP
ZA-00034139,ZAC0015551,18/10/2018 15:47,CANCELLED,,,,LOYAL5
ZA-00034140,ZAC0009036,18/10/2018 07:35,COMPLETE,20/10/2018 15:57,23/10/2018 11:51,24/10/2018,
ZA-00034141,ZAC0016181,18/10/2018 21:04,COMPLETE,20/10/2018 12:56,22/10/2018 06:22,24/10/2018,
ZA-00034142,ZAC0005385,18/10/2018 07:15,COMPLETE,23/10/2018 07:53,28/10/2018 04:49,28/10/2018,
ZA-00034143,ZAC0023485,18/10/2018 18:42,DISPATCHED,20/10/2018 06:50,,25/10/2018,
ZA-00034144,ZAC0014172,18/10/2018 19:11,COMPLETE,20/10/2018 15:34,23/10/2018 02:09,25/10/2018,
ZA-00034145,ZAC0011132,18/10/2018 19:16,RETURNED,20/10/2018 06:23,22/10/2018 21:41,23/10/2018,
ZA-00034146,ZAC0004115,18/10/2018 17:42,COMPLETE,20/10/2018 15:45,23/10/2018 23:36,25/10/2018,
ZA-00034147,ZAC0005873,18/10/2018 21:55,COMPLETE,19/10/2018 17:49,24/10/2018 21:31,29/10/2018,
ZA-00034148,ZAC0020964,18/10/2018 21:35,COMPLETE,20/10/2018 17:32,23/10/2018 00:22,23/10/2018,
ZA-00034149,ZAC0012026,18/10/2018 20:56,CANCELLED,,,,
ZA-00034150,ZAC0017483,18/10/2018 15:45,COMPLETE,19/10/2018 14:30,25/10/2018 14:32,23/10/2018,
ZA-00034151,ZAC0009002,18/10/2018 22:23,COMPLETE,19/10/2018 16:06,21/10/2018 09:27,23/10/2018,
ZA-00034152,ZAC0003244,18/10/2018 09:10,COMPLETE,19/10/2018 23:39,27/10/2018 20:14,29/10/2018,
ZA-00034153,ZAC0014265,18/10/2018 08:55,COMPLETE,20/10/2018 16:10,22/10/2018 07:17,23/10/2018,
ZA-00034154,ZAC0011406,18/10/2018 09:50,COMPLETE,19/10/2018 02:00,21/10/2018 03:25,24/10/2018,
ZA-00034155,ZAC0019943,18/10/2018 11:52,COMPLETE,22/10/2018 11:17,27/10/2018 16:07,29/10/2018,WINTER15
ZA-00034156,ZAC0009109,18/10/2018 19:42,COMPLETE,23/10/2018 18:03,27/10/2018 19:45,28/10/2018,
ZA-00034157,ZAC0004941,18/10/2018 13:20,COMPLETE,19/10/2018 03:01,21/10/2018 15:51,26/10/2018,
ZA-00034158,ZAC0000828,18/10/2018 14:12,COMPLETE,21/10/2018 10:03,04/11/2018 13:21,31/10/2018,
ZA-00034159,ZAC0001940,18/10/2018 10:36,COMPLETE,19/10/2018 22:27,21/10/2018 06:05,26/10/2018,WELCOME10
ZA-00034160,ZAC0022267,18/10/2018 09:17,COMPLETE,20/10/2018 09:13,26/10/2018 01:18,23/10/2018,
ZA-00034161,ZAC0022066,18/10/2018 16:35,RETURNED,20/10/2018 21:13,25/10/2018 19:50,25/10/2018,LOYAL5
ZA-00034162,ZAC0003166,18/10/2018 20:55,COMPLETE,20/10/2018 10:35,22/10/2018 14:31,24/10/2018,
ZA-00034163,ZAC0003562,18/10/2018 13:31,COMPLETE,19/10/2018 09:58,19/10/2018 21:22,23/10/2018,
ZA-00034164,ZAC0005229,18/10/2018 18:17,COMPLETE,19/10/2018 16:07,22/10/2018 10:00,26/10/2018,
ZA-00034165,ZAC0019120,18/10/2018 16:09,COMPLETE,20/10/2018 08:16,21/10/2018 23:35,24/10/2018,
ZA-00034166,ZAC0007834,18/10/2018 20:10,COMPLETE,21/10/2018 23:05,26/10/2018 19:58,26/10/2018,
ZA-00034167,ZAC0013485,18/10/2018 20:27,COMPLETE,21/10/2018 10:08,24/10/2018 21:47,28/10/2018,
ZA-00034168,ZAC0012403,18/10/2018 18:04,PENDING,,,,
ZA-00034169,ZAC0012741,18/10/2018 09:23,COMPLETE,22/10/2018 06:14,01/11/2018 20:02,29/10/2018,
ZA-00034170,ZAC0022581,18/10/2018 08:29,COMPLETE,19/10/2018 07:03,27/10/2018 02:40,26/10/2018,
ZA-00034171,ZAC0014473,18/10/2018 09:13,COMPLETE,19/10/2018 02:45,01/11/2018 09:56,22/10/2018,
ZA-00034172,ZAC0014002,18/10/2018 20:36,COMPLETE,21/10/2018 01:07,23/10/2018 12:55,26/10/2018,
ZA-00034173,ZAC0013891,18/10/2018 08:09,COMPLETE,20/10/2018 06:46,22/10/2018 02:08,23/10/2018,
ZA-00034174,ZAC0009259,18/10/2018 18:28,COMPLETE,18/10/2018 22:12,21/10/2018 13:56,22/10/2018,
ZA-00034175,ZAC0015954,18/10/2018 07:11,COMPLETE,26/10/2018 15:21,28/10/2018 14:37,05/11/2018,
ZA-00034176,ZAC0002070,18/10/2018 07:03,COMPLETE,20/10/2018 10:38,25/10/2018 22:03,27/10/2018,
ZA-00034177,ZAC0014819,18/10/2018 08:31,COMPLETE,23/10/2018 03:33,27/10/2018 06:25,27/10/2018,
ZA-00034178,ZAC0019873,18/10/2018 21:09,COMPLETE,20/10/2018 12:34,07/11/2018 14:40,25/10/2018,WELCOME10
ZA-00034179,ZAC0004422,18/10/2018 16:42,COMPLETE,24/10/2018 21:19,27/10/2018 05:16,27/10/2018,FLASH25
ZA-00034180,ZAC0020265,18/10/2018 11:55,COMPLETE,20/10/2018 13:16,31/10/2018 05:16,24/10/2018,
ZA-00034181,ZAC0017693,18/10/2018 18:32,COMPLETE,20/10/2018 19:50,25/10/2018 19:53,25/10/2018,
ZA-00034182,ZAC0007127,18/10/2018 18:11,COMPLETE,21/10/2018 05:39,27/10/2018 13:01,26/10/2018,
ZA-00034183,ZAC0017167,18/10/2018 06:01,COMPLETE,19/10/2018 05:48,23/10/2018 03:21,24/10/2018,
ZA-00034184,ZAC0011333,18/10/2018 06:41,COMPLETE,20/10/2018 06:12,24/10/2018 03:20,23/10/2018,FLASH25
ZA-00034185,ZAC0000956,18/10/2018 18:11,CANCELLED,,,,
ZA-00034186,ZAC0014985,18/10/2018 18:01,COMPLETE,20/10/2018 16:53,28/10/2018 09:01,24/10/2018,
ZA-00034187,ZAC0011987,18/10/2018 07:29,COMPLETE,20/10/2018 12:59,22/10/2018 09:14,25/10/2018,
ZA-00034188,ZAC0013650,18/10/2018 06:23,COMPLETE,21/10/2018 07:40,23/10/2018 11:50,25/10/2018,
ZA-00034189,ZAC0019088,18/10/2018 06:26,COMPLETE,19/10/2018 08:36,24/10/2018 17:33,24/10/2018,LOYAL5
ZA-00034190,ZAC0016657,18/10/2018 09:21,COMPLETE,19/10/2018 18:48,23/10/2018 19:32,26/10/2018,LOYAL5
ZA-00034191,ZAC0016475,18/10/2018 13:55,COMPLETE,22/10/2018 09:36,03/11/2018 02:13,25/10/2018,
ZA-00034192,ZAC0019215,18/10/2018 09:35,COMPLETE,19/10/2018 16:27,22/10/2018 07:51,23/10/2018,
ZA-00034193,ZAC0016659,18/10/2018 11:09,COMPLETE,21/10/2018 20:34,26/10/2018 13:55,25/10/2018,LOYAL5
ZA-00034194,ZAC0017625,18/10/2018 16:50,COMPLETE,25/10/2018 06:06,29/10/2018 18:34,28/10/2018,FREESHIP
ZA-00034195,ZAC0018264,18/10/2018 10:44,COMPLETE,20/10/2018 02:20,22/10/2018 18:33,25/10/2018,
ZA-00034196,ZAC0002298,18/10/2018 09:25,COMPLETE,20/10/2018 12:31,21/10/2018 22:55,27/10/2018,
ZA-00034197,ZAC0013430,18/10/2018 21:41,COMPLETE,20/10/2018 10:32,25/10/2018 10:02,23/10/2018,
ZA-00034198,ZAC0005469,18/10/2018 07:57,COMPLETE,20/10/2018 04:34,28/10/2018 11:17,27/10/2018,
ZA-00034199,ZAC0008178,18/10/2018 08:40,COMPLETE,19/10/2018 22:36,26/10/2018 07:22,26/10/2018,
ZA-00034200,ZAC0000334,18/10/2018 07:28,COMPLETE,20/10/2018 07:29,28/10/2018 03:24,24/10/2018,
ZA-00034201,ZAC0009901,18/10/2018 18:08,COMPLETE,19/10/2018 00:16,24/10/2018 07:00,24/10/2018,
ZA-00034202,ZAC0010352,18/10/2018 14:28,CANCELLED,,,,WINTER15
ZA-00034203,ZAC0014738,18/10/2018 18:32,COMPLETE,22/10/2018 07:47,25/10/2018 05:05,25/10/2018,
ZA-00034204,ZAC0012092,18/10/2018 18:46,COMPLETE,19/10/2018 20:49,20/10/2018 17:13,22/10/2018,
ZA-00034205,ZAC0001470,18/10/2018 13:22,COMPLETE,19/10/2018 21:59,21/10/2018 20:50,23/10/2018,
ZA-00034206,ZAC0022984,18/10/2018 08:18,COMPLETE,19/10/2018 01:34,23/10/2018 06:56,22/10/2018,
ZA-00034207,ZAC0008765,18/10/2018 15:27,COMPLETE,19/10/2018 08:00,21/10/2018 01:04,23/10/2018,
ZA-00034208,ZAC0012964,18/10/2018 09:43,COMPLETE,20/10/2018 12:38,23/10/2018 15:49,24/10/2018,
ZA-00034209,ZAC0008661,18/10/2018 19:01,COMPLETE,21/10/2018 07:51,25/10/2018 17:59,26/10/2018,
ZA-00034210,ZAC0012521,18/10/2018 19:19,COMPLETE,23/10/2018 09:18,25/10/2018 13:35,27/10/2018,
ZA-00034211,ZAC0006820,18/10/2018 12:25,PENDING,,,,
ZA-00034212,ZAC0014329,19/10/2018 20:54,COMPLETE,22/10/2018 18:41,24/10/2018 17:05,26/10/2018,
ZA-00034213,ZAC0010191,19/10/2018 17:12,COMPLETE,23/10/2018 00:54,28/10/2018 15:06,28/10/2018,WINTER15
ZA-00034214,ZAC0003195,19/10/2018 16:15,COMPLETE,21/10/2018 00:46,24/10/2018 11:50,26/10/2018,
ZA-00034215,ZAC0000931,19/10/2018 12:24,COMPLETE,19/10/2018 19:38,24/10/2018 01:43,29/10/2018,
ZA-00034216,ZAC0003797,19/10/2018 16:22,COMPLETE,20/10/2018 20:28,24/10/2018 11:29,25/10/2018,FREESHIP
ZA-00034217,ZAC0010470,19/10/2018 11:10,COMPLETE,23/10/2018 11:08,29/10/2018 14:07,28/10/2018,
ZA-00034218,ZAC0000054,19/10/2018 13:53,COMPLETE,23/10/2018 13:47,28/10/2018 14:14,30/10/2018,
ZA-00034219,ZAC0013205,19/10/2018 21:47,COMPLETE,25/10/2018 10:30,28/10/2018 23:51,01/11/2018,
ZA-00034220,ZAC0003437,19/10/2018 06:57,COMPLETE,25/10/2018 07:30,01/11/2018 17:40,01/11/2018,
ZA-00034221,ZAC0001378,19/10/2018 10:17,COMPLETE,20/10/2018 02:15,28/10/2018 10:12,24/10/2018,FREESHIP
ZA-00034222,ZAC0003141,19/10/2018 12:08,COMPLETE,21/10/2018 04:06,22/10/2018 23:11,26/10/2018,WINTER15
ZA-00034223,ZAC0015585,19/10/2018 09:26,COMPLETE,22/10/2018 13:08,24/10/2018 12:15,25/10/2018,WINTER15
ZA-00034224,ZAC0008905,19/10/2018 07:31,COMPLETE,19/10/2018 22:00,24/10/2018 22:02,23/10/2018,
ZA-00034225,ZAC0006753,19/10/2018 12:41,COMPLETE,23/10/2018 00:07,29/10/2018 19:56,30/10/2018,WELCOME10
ZA-00034226,ZAC0000553,19/10/2018 22:24,COMPLETE,21/10/2018 02:40,29/10/2018 17:06,26/10/2018,
ZA-00034227,ZAC0021577,19/10/2018 21:51,COMPLETE,20/10/2018 12:31,22/10/2018 17:18,25/10/2018,
ZA-00034228,ZAC0001471,19/10/2018 08:23,COMPLETE,21/10/2018 03:30,26/10/2018 12:42,26/10/2018,
ZA-00034229,ZAC0021743,19/10/2018 10:46,COMPLETE,21/10/2018 09:06,25/10/2018 04:37,26/10/2018,
ZA-00034230,ZAC0021748,19/10/2018 13:06,COMPLETE,21/10/2018 06:17,24/10/2018 19:08,25/10/2018,
ZA-00034231,ZAC0007012,19/10/2018 07:30,COMPLETE,19/10/2018 20:29,24/10/2018 20:00,24/10/2018,
ZA-00034232,ZAC0011948,19/10/2018 12:40,COMPLETE,20/10/2018 16:47,23/10/2018 07:45,24/10/2018,
ZA-00034233,ZAC0001702,19/10/2018 08:57,COMPLETE,24/10/2018 22:12,03/11/2018 10:13,31/10/2018,LOYAL5
ZA-00034234,ZAC0007750,19/10/2018 21:45,COMPLETE,20/10/2018 20:53,29/10/2018 12:16,24/10/2018,
ZA-00034235,ZAC0022258,19/10/2018 20:37,COMPLETE,24/10/2018 15:38,27/10/2018 17:41,27/10/2018,
ZA-00034236,ZAC0004511,19/10/2018 21:06,COMPLETE,24/10/2018 02:44,28/10/2018 21:19,28/10/2018,
ZA-00034237,ZAC0005179,19/10/2018 20:56,COMPLETE,22/10/2018 13:50,31/10/2018 02:34,29/10/2018,
ZA-00034238,ZAC0008518,19/10/2018 09:40,COMPLETE,19/10/2018 23:16,23/10/2018 22:57,23/10/2018,
ZA-00034239,ZAC0006146,19/10/2018 18:03,COMPLETE,20/10/2018 15:18,24/10/2018 15:57,23/10/2018,
ZA-00034240,ZAC0008477,19/10/2018 17:00,COMPLETE,20/10/2018 17:28,03/11/2018 15:29,23/10/2018,
ZA-00034241,ZAC0020321,19/10/2018 06:37,COMPLETE,21/10/2018 05:27,31/10/2018 00:00,24/10/2018,
ZA-00034242,ZAC0010161,19/10/2018 20:32,CANCELLED,,,,
ZA-00034243,ZAC0018040,19/10/2018 19:02,COMPLETE,22/10/2018 05:52,22/10/2018 20:18,26/10/2018,
ZA-00034244,ZAC0011629,19/10/2018 17:05,COMPLETE,20/10/2018 20:57,25/10/2018 00:35,24/10/2018,
ZA-00034245,ZAC0022357,19/10/2018 17:21,COMPLETE,27/10/2018 17:52,05/11/2018 06:46,03/11/2018,BULK20
ZA-00034246,ZAC0020805,19/10/2018 19:46,COMPLETE,20/10/2018 03:16,27/10/2018 20:55,23/10/2018,
ZA-00034247,ZAC0019139,19/10/2018 06:43,COMPLETE,21/10/2018 04:40,26/10/2018 11:37,26/10/2018,
ZA-00034248,ZAC0009793,19/10/2018 19:17,COMPLETE,20/10/2018 22:21,22/10/2018 05:28,24/10/2018,
ZA-00034249,ZAC0014721,19/10/2018 15:43,COMPLETE,20/10/2018 22:00,23/10/2018 19:14,27/10/2018,
ZA-00034250,ZAC0007679,19/10/2018 06:37,COMPLETE,20/10/2018 19:08,23/10/2018 02:58,25/10/2018,
ZA-00034251,ZAC0012736,19/10/2018 19:04,CANCELLED,,,,
ZA-00034252,ZAC0008971,19/10/2018 11:05,COMPLETE,21/10/2018 20:38,29/10/2018 01:58,28/10/2018,WELCOME10
ZA-00034253,ZAC0004461,19/10/2018 10:21,COMPLETE,21/10/2018 16:39,25/10/2018 07:01,24/10/2018,
ZA-00034254,ZAC0011776,19/10/2018 07:30,COMPLETE,20/10/2018 01:32,23/10/2018 08:11,23/10/2018,
ZA-00034255,ZAC0009124,19/10/2018 07:26,COMPLETE,23/10/2018 22:42,25/10/2018 04:42,28/10/2018,WINTER15
ZA-00034256,ZAC0008637,19/10/2018 16:20,COMPLETE,21/10/2018 03:20,27/10/2018 04:21,25/10/2018,
ZA-00034257,ZAC0004770,19/10/2018 21:02,COMPLETE,23/10/2018 02:37,28/10/2018 07:59,27/10/2018,
ZA-00034258,ZAC0011832,19/10/2018 15:39,COMPLETE,21/10/2018 07:45,30/10/2018 02:54,24/10/2018,
ZA-00034259,ZAC0018778,19/10/2018 15:57,COMPLETE,19/10/2018 19:50,31/10/2018 02:17,23/10/2018,
ZA-00034260,ZAC0006360,19/10/2018 17:27,COMPLETE,21/10/2018 22:35,24/10/2018 11:08,28/10/2018,
ZA-00034261,ZAC0019024,19/10/2018 09:13,COMPLETE,20/10/2018 02:48,21/10/2018 22:53,27/10/2018,
ZA-00034262,ZAC0007596,19/10/2018 11:33,COMPLETE,21/10/2018 13:37,02/11/2018 01:51,31/10/2018,
ZA-00034263,ZAC0018831,19/10/2018 18:48,COMPLETE,22/10/2018 14:28,23/10/2018 14:28,27/10/2018,
ZA-00034264,ZAC0020178,19/10/2018 22:35,COMPLETE,20/10/2018 06:39,30/10/2018 02:24,24/10/2018,FLASH25
ZA-00034265,ZAC0021665,19/10/2018 14:36,COMPLETE,20/10/2018 21:35,27/10/2018 14:30,27/10/2018,
ZA-00034266,ZAC0019324,19/10/2018 09:01,COMPLETE,21/10/2018 06:06,26/10/2018 23:09,25/10/2018,
ZA-00034267,ZAC0008143,19/10/2018 17:19,COMPLETE,20/10/2018 11:42,24/10/2018 02:48,25/10/2018,
ZA-00034268,ZAC0000825,19/10/2018 22:55,COMPLETE,23/10/2018 01:11,24/10/2018 01:27,27/10/2018,FLASH25
ZA-00034269,ZAC0014506,19/10/2018 20:25,COMPLETE,21/10/2018 21:08,23/10/2018 07:24,28/10/2018,LOYAL5
ZA-00034270,ZAC0007689,19/10/2018 20:32,COMPLETE,20/10/2018 14:03,25/10/2018 04:03,23/10/2018,
ZA-00034271,ZAC0023973,19/10/2018 08:45,COMPLETE,19/10/2018 13:16,22/10/2018 00:59,23/10/2018,
ZA-00034272,ZAC0005773,19/10/2018 07:13,COMPLETE,20/10/2018 19:55,03/11/2018 18:29,27/10/2018,
ZA-00034273,ZAC0012196,19/10/2018 13:42,CANCELLED,,,,FREESHIP
ZA-00034274,ZAC0007232,19/10/2018 09:59,COMPLETE,20/10/2018 04:29,23/10/2018 01:29,27/10/2018,
ZA-00034275,ZAC0010904,19/10/2018 20:28,COMPLETE,22/10/2018 07:28,24/10/2018 01:04,25/10/2018,WINTER15
ZA-00034276,ZAC0019733,19/10/2018 13:17,COMPLETE,20/10/2018 10:03,24/10/2018 07:55,25/10/2018,
ZA-00034277,ZAC0022996,19/10/2018 16:52,COMPLETE,19/10/2018 19:51,21/10/2018 07:51,26/10/2018,
ZA-00034278,ZAC0018750,19/10/2018 17:59,PENDING,,,,
ZA-00034279,ZAC0001797,19/10/2018 17:41,COMPLETE,30/10/2018 04:35,05/11/2018 17:54,03/11/2018,FLASH25
ZA-00034280,ZAC0014519,19/10/2018 11:53,DISPATCHED,20/10/2018 21:44,,24/10/2018,FREESHIP
ZA-00034281,ZAC0000264,19/10/2018 14:49,COMPLETE,19/10/2018 19:00,26/10/2018 10:42,26/10/2018,
ZA-00034282,ZAC0007041,19/10/2018 18:10,COMPLETE,24/10/2018 02:54,26/10/2018 23:15,31/10/2018,
ZA-00034283,ZAC0008897,19/10/2018 14:57,COMPLETE,20/10/2018 23:17,21/10/2018 19:59,27/10/2018,WINTER15
ZA-00034284,ZAC0015143,19/10/2018 09:04,COMPLETE,20/10/2018 01:02,29/10/2018 12:32,25/10/2018,
ZA-00034285,ZAC0014833,20/10/2018 16:32,COMPLETE,22/10/2018 09:35,24/10/2018 02:56,25/10/2018,
ZA-00034286,ZAC0003054,20/10/2018 13:29,COMPLETE,22/10/2018 18:16,27/10/2018 21:01,29/10/2018,
ZA-00034287,ZAC0001615,20/10/2018 16:07,COMPLETE,23/10/2018 05:45,04/11/2018 18:43,30/10/2018,FLASH25
ZA-00034288,ZAC0019253,20/10/2018 07:24,COMPLETE,20/10/2018 16:15,26/10/2018 11:10,23/10/2018,
ZA-00034289,ZAC0015695,20/10/2018 16:25,COMPLETE,24/10/2018 16:30,02/11/2018 00:32,03/11/2018,
ZA-00034290,ZAC0001026,20/10/2018 14:31,COMPLETE,23/10/2018 18:08,26/10/2018 17:08,30/10/2018,
ZA-00034291,ZAC0018755,20/10/2018 09:04,COMPLETE,24/10/2018 12:35,28/10/2018 13:37,28/10/2018,
ZA-00034292,ZAC0023552,20/10/2018 09:15,COMPLETE,23/10/2018 22:30,08/11/2018 03:19,28/10/2018,
ZA-00034293,ZAC0009497,20/10/2018 10:16,COMPLETE,21/10/2018 06:27,23/10/2018 09:06,25/10/2018,
ZA-00034294,ZAC0020430,20/10/2018 08:02,COMPLETE,20/10/2018 21:37,21/10/2018 04:59,27/10/2018,
ZA-00034295,ZAC0005732,20/10/2018 13:07,COMPLETE,23/10/2018 02:11,26/10/2018 14:20,27/10/2018,
ZA-00034296,ZAC0015554,20/10/2018 14:55,COMPLETE,21/10/2018 00:24,25/10/2018 14:50,25/10/2018,
ZA-00034297,ZAC0007071,20/10/2018 08:48,COMPLETE,22/10/2018 01:16,25/10/2018 20:14,26/10/2018,LOYAL5
ZA-00034298,ZAC0023980,20/10/2018 17:55,COMPLETE,22/10/2018 17:35,29/10/2018 07:40,26/10/2018,
ZA-00034299,ZAC0011937,20/10/2018 18:28,COMPLETE,23/10/2018 18:29,31/10/2018 06:02,28/10/2018,
ZA-00034300,ZAC0012248,20/10/2018 07:03,COMPLETE,22/10/2018 17:39,26/10/2018 23:36,26/10/2018,
ZA-00034301,ZAC0004792,20/10/2018 08:39,COMPLETE,20/10/2018 20:13,21/10/2018 15:02,27/10/2018,BULK20
ZA-00034302,ZAC0002361,20/10/2018 15:41,COMPLETE,21/10/2018 15:48,27/10/2018 05:39,28/10/2018,FREESHIP
ZA-00034303,ZAC0004182,20/10/2018 09:45,COMPLETE,22/10/2018 13:08,24/10/2018 09:57,29/10/2018,
ZA-00034304,ZAC0023795,20/10/2018 11:05,RETURNED,22/10/2018 16:26,24/10/2018 16:23,26/10/2018,BULK20
ZA-00034305,ZAC0002158,20/10/2018 10:34,COMPLETE,24/10/2018 16:28,28/10/2018 11:49,27/10/2018,
ZA-00034306,ZAC0017840,20/10/2018 16:00,COMPLETE,24/10/2018 21:57,27/10/2018 20:49,28/10/2018,
ZA-00034307,ZAC0022788,20/10/2018 06:56,COMPLETE,26/10/2018 03:38,28/10/2018 12:03,30/10/2018,
ZA-00034308,ZAC0012034,20/10/2018 19:20,COMPLETE,21/10/2018 15:01,26/10/2018 08:04,26/10/2018,FREESHIP
ZA-00034309,ZAC0019366,20/10/2018 08:31,COMPLETE,22/10/2018 12:52,25/10/2018 09:15,26/10/2018,
ZA-00034310,ZAC0018278,20/10/2018 19:06,COMPLETE,22/10/2018 02:33,24/10/2018 07:33,26/10/2018,
ZA-00034311,ZAC0016460,20/10/2018 20:43,COMPLETE,21/10/2018 16:13,27/10/2018 10:37,25/10/2018,
ZA-00034312,ZAC0008090,20/10/2018 14:26,COMPLETE,23/10/2018 02:32,26/10/2018 23:52,30/10/2018,
ZA-00034313,ZAC0011732,20/10/2018 17:49,COMPLETE,22/10/2018 16:04,25/10/2018 22:48,29/10/2018,
ZA-00034314,ZAC0011341,20/10/2018 10:34,COMPLETE,25/10/2018 17:10,31/10/2018 19:09,29/10/2018,
ZA-00034315,ZAC0008111,20/10/2018 16:17,COMPLETE,23/10/2018 05:45,26/10/2018 15:46,30/10/2018,
ZA-00034316,ZAC0020131,20/10/2018 17:17,COMPLETE,22/10/2018 08:00,23/10/2018 11:03,26/10/2018,
ZA-00034317,ZAC0010352,20/10/2018 19:24,COMPLETE,23/10/2018 06:41,27/10/2018 07:09,28/10/2018,FREESHIP
ZA-00034318,ZAC0010618,20/10/2018 13:14,COMPLETE,22/10/2018 05:50,27/10/2018 16:22,27/10/2018,
ZA-00034319,ZAC0016394,20/10/2018 09:11,CANCELLED,,,,WINTER15
ZA-00034320,ZAC0017597,20/10/2018 07:29,COMPLETE,21/10/2018 07:52,25/10/2018 06:36,25/10/2018,
ZA-00034321,ZAC0005512,20/10/2018 08:42,PENDING,,,,
ZA-00034322,ZAC0008683,20/10/2018 11:41,COMPLETE,21/10/2018 12:55,24/10/2018 15:40,26/10/2018,LOYAL5
ZA-00034323,ZAC0020241,20/10/2018 06:13,COMPLETE,23/10/2018 14:20,26/10/2018 07:55,28/10/2018,
ZA-00034324,ZAC0020906,20/10/2018 20:32,COMPLETE,24/10/2018 17:56,28/10/2018 11:57,29/10/2018,
ZA-00034325,ZAC0018253,20/10/2018 16:47,COMPLETE,22/10/2018 17:35,25/10/2018 18:00,29/10/2018,WELCOME10
ZA-00034326,ZAC0002630,20/10/2018 17:42,COMPLETE,22/10/2018 11:49,02/11/2018 13:40,25/10/2018,WELCOME10
ZA-00034327,ZAC0010358,20/10/2018 09:32,COMPLETE,23/10/2018 03:00,03/11/2018 05:32,27/10/2018,
ZA-00034328,ZAC0011922,20/10/2018 15:17,COMPLETE,22/10/2018 11:28,25/10/2018 08:32,25/10/2018,WINTER15
ZA-00034329,ZAC0001765,20/10/2018 16:54,DISPATCHED,22/10/2018 01:49,,27/10/2018,BULK20
ZA-00034330,ZAC0013172,20/10/2018 12:12,COMPLETE,21/10/2018 16:08,25/10/2018 11:32,31/10/2018,BULK20
ZA-00034331,ZAC0017023,20/10/2018 19:42,COMPLETE,23/10/2018 08:35,26/10/2018 04:04,28/10/2018,LOYAL5
ZA-00034332,ZAC0014924,20/10/2018 13:47,COMPLETE,24/10/2018 06:05,31/10/2018 05:21,28/10/2018,
ZA-00034333,ZAC0001577,20/10/2018 21:28,COMPLETE,22/10/2018 13:58,23/10/2018 13:00,01/11/2018,
ZA-00034334,ZAC0005422,20/10/2018 07:38,COMPLETE,20/10/2018 10:37,24/10/2018 18:58,24/10/2018,
ZA-00034335,ZAC0004669,20/10/2018 20:08,COMPLETE,22/10/2018 10:36,24/10/2018 20:14,29/10/2018,
ZA-00034336,ZAC0021278,20/10/2018 10:03,COMPLETE,22/10/2018 10:04,24/10/2018 22:19,27/10/2018,
ZA-00034337,ZAC0011332,20/10/2018 22:05,COMPLETE,21/10/2018 03:48,26/10/2018 04:34,28/10/2018,
ZA-00034338,ZAC0020524,20/10/2018 10:49,COMPLETE,23/10/2018 22:44,27/10/2018 12:49,28/10/2018,
ZA-00034339,ZAC0019535,20/10/2018 16:07,COMPLETE,21/10/2018 12:08,27/10/2018 06:30,25/10/2018,
ZA-00034340,ZAC0008603,20/10/2018 15:18,COMPLETE,21/10/2018 02:54,27/10/2018 19:50,26/10/2018,WINTER15
ZA-00034341,ZAC0022261,20/10/2018 17:25,COMPLETE,23/10/2018 00:14,24/10/2018 00:08,27/10/2018,LOYAL5
ZA-00034342,ZAC0023507,20/10/2018 18:48,DISPATCHED,22/10/2018 18:17,,25/10/2018,BULK20
ZA-00034343,ZAC0019800,20/10/2018 14:30,COMPLETE,25/10/2018 12:31,27/10/2018 16:30,28/10/2018,
ZA-00034344,ZAC0018000,20/10/2018 07:38,COMPLETE,20/10/2018 13:57,25/10/2018 07:09,24/10/2018,
ZA-00034345,ZAC0004141,20/10/2018 15:19,COMPLETE,23/10/2018 21:51,27/10/2018 14:31,26/10/2018,LOYAL5
ZA-00034346,ZAC0004182,20/10/2018 12:34,COMPLETE,24/10/2018 10:08,29/10/2018 11:35,29/10/2018,WINTER15
ZA-00034347,ZAC0021767,20/10/2018 09:56,COMPLETE,22/10/2018 04:28,26/10/2018 07:23,29/10/2018,
ZA-00034348,ZAC0017060,20/10/2018 20:39,COMPLETE,23/10/2018 03:52,27/10/2018 22:29,27/10/2018,
ZA-00034349,ZAC0021050,20/10/2018 18:52,COMPLETE,25/10/2018 05:49,29/10/2018 03:21,01/11/2018,
ZA-00034350,ZAC0012411,20/10/2018 14:36,DISPATCHED,22/10/2018 05:18,,27/10/2018,
ZA-00034351,ZAC0006907,20/10/2018 22:16,COMPLETE,24/10/2018 20:29,29/10/2018 20:33,28/10/2018,FREESHIP
ZA-00034352,ZAC0010451,20/10/2018 20:54,COMPLETE,27/10/2018 11:25,01/11/2018 14:34,31/10/2018,FREESHIP
ZA-00034353,ZAC0008683,20/10/2018 14:10,COMPLETE,22/10/2018 17:28,27/10/2018 10:22,27/10/2018,WINTER15
ZA-00034354,ZAC0009732,20/10/2018 17:14,COMPLETE,23/10/2018 03:34,25/10/2018 06:27,30/10/2018,
ZA-00034355,ZAC0023621,20/10/2018 17:39,COMPLETE,24/10/2018 20:23,26/10/2018 21:04,27/10/2018,
ZA-00034356,ZAC0017408,20/10/2018 10:57,COMPLETE,22/10/2018 14:23,26/10/2018 16:17,26/10/2018,
ZA-00034357,ZAC0017742,20/10/2018 22:01,COMPLETE,24/10/2018 09:29,30/10/2018 02:33,28/10/2018,
ZA-00034358,ZAC0010553,20/10/2018 22:37,COMPLETE,21/10/2018 20:06,23/10/2018 18:07,28/10/2018,LOYAL5
ZA-00034359,ZAC0001225,20/10/2018 19:33,COMPLETE,25/10/2018 15:35,31/10/2018 13:53,04/11/2018,
ZA-00034360,ZAC0011579,20/10/2018 15:39,COMPLETE,23/10/2018 03:11,25/10/2018 16:05,26/10/2018,
ZA-00034361,ZAC0002559,20/10/2018 11:03,COMPLETE,20/10/2018 17:08,21/10/2018 15:50,24/10/2018,
ZA-00034362,ZAC0007560,20/10/2018 20:15,COMPLETE,24/10/2018 19:20,25/10/2018 10:00,31/10/2018,
ZA-00034363,ZAC0004956,20/10/2018 09:19,COMPLETE,22/10/2018 20:26,24/10/2018 15:03,26/10/2018,
ZA-00034364,ZAC0006812,20/10/2018 22:18,COMPLETE,22/10/2018 01:46,27/10/2018 10:01,25/10/2018,
ZA-00034365,ZAC0000442,20/10/2018 06:01,COMPLETE,22/10/2018 00:05,03/11/2018 23:12,29/10/2018,
ZA-00034366,ZAC0014880,21/10/2018 14:12,COMPLETE,24/10/2018 19:35,28/10/2018 07:07,31/10/2018,WINTER15
ZA-00034367,ZAC0004223,21/10/2018 11:25,COMPLETE,21/10/2018 17:04,22/10/2018 02:46,24/10/2018,
ZA-00034368,ZAC0009521,21/10/2018 08:06,COMPLETE,24/10/2018 09:29,25/10/2018 23:51,31/10/2018,
ZA-00034369,ZAC0007265,21/10/2018 11:04,COMPLETE,22/10/2018 00:11,22/10/2018 14:11,25/10/2018,
ZA-00034370,ZAC0007509,21/10/2018 16:42,COMPLETE,22/10/2018 20:10,26/10/2018 09:55,27/10/2018,
ZA-00034371,ZAC0000381,21/10/2018 09:25,COMPLETE,22/10/2018 10:36,30/10/2018 12:52,27/10/2018,
ZA-00034372,ZAC0023942,21/10/2018 14:59,COMPLETE,22/10/2018 06:44,27/10/2018 13:57,26/10/2018,
ZA-00034373,ZAC0023282,21/10/2018 14:37,COMPLETE,22/10/2018 05:52,26/10/2018 05:00,27/10/2018,
ZA-00034374,ZAC0017611,21/10/2018 09:13,COMPLETE,22/10/2018 06:44,23/10/2018 16:07,27/10/2018,
ZA-00034375,ZAC0016040,21/10/2018 21:44,COMPLETE,24/10/2018 16:22,31/10/2018 17:14,28/10/2018,
ZA-00034376,ZAC0016229,21/10/2018 19:18,COMPLETE,24/10/2018 07:28,28/10/2018 14:26,31/10/2018,WINTER15
ZA-00034377,ZAC0015234,21/10/2018 09:12,COMPLETE,23/10/2018 16:25,01/11/2018 14:29,26/10/2018,
ZA-00034378,ZAC0008299,21/10/2018 09:27,COMPLETE,23/10/2018 15:08,28/10/2018 03:09,28/10/2018,
ZA-00034379,ZAC0010212,21/10/2018 06:22,COMPLETE,23/10/2018 01:03,02/11/2018 17:03,30/10/2018,
ZA-00034380,ZAC0009963,21/10/2018 15:35,COMPLETE,24/10/2018 20:27,01/11/2018 12:57,27/10/2018,
ZA-00034381,ZAC0016650,21/10/2018 10:55,COMPLETE,23/10/2018 07:46,28/10/2018 16:15,26/10/2018,
ZA-00034382,ZAC0012395,21/10/2018 22:04,COMPLETE,22/10/2018 20:59,26/10/2018 09:22,26/10/2018,
ZA-00034383,ZAC0006798,21/10/2018 15:38,COMPLETE,25/10/2018 04:00,29/10/2018 22:40,28/10/2018,
ZA-00034384,ZAC0014946,21/10/2018 19:02,COMPLETE,23/10/2018 04:52,26/10/2018 20:12,30/10/2018,
ZA-00034385,ZAC0021451,21/10/2018 20:03,COMPLETE,23/10/2018 22:45,28/10/2018 07:57,28/10/2018,
ZA-00034386,ZAC0012074,21/10/2018 09:50,COMPLETE,24/10/2018 21:40,26/10/2018 09:49,03/11/2018,
ZA-00034387,ZAC0008376,21/10/2018 19:36,DISPATCHED,23/10/2018 13:30,,27/10/2018,
ZA-00034388,ZAC0022331,21/10/2018 19:03,COMPLETE,23/10/2018 04:30,28/10/2018 00:57,27/10/2018,
ZA-00034389,ZAC0020210,21/10/2018 19:52,COMPLETE,22/10/2018 15:59,24/10/2018 09:15,25/10/2018,
ZA-00034390,ZAC0011816,21/10/2018 14:41,COMPLETE,23/10/2018 01:23,28/10/2018 12:01,28/10/2018,
ZA-00034391,ZAC0011783,21/10/2018 17:59,COMPLETE,24/10/2018 15:59,29/10/2018 02:24,28/10/2018,
ZA-00034392,ZAC0015491,21/10/2018 07:44,COMPLETE,23/10/2018 21:49,28/10/2018 03:44,28/10/2018,
ZA-00034393,ZAC0021396,21/10/2018 12:33,COMPLETE,22/10/2018 15:51,25/10/2018 00:43,25/10/2018,
ZA-00034394,ZAC0017669,21/10/2018 10:26,COMPLETE,24/10/2018 18:57,27/10/2018 16:58,28/10/2018,
ZA-00034395,ZAC0006195,21/10/2018 17:12,COMPLETE,23/10/2018 09:52,27/10/2018 11:18,26/10/2018,
ZA-00034396,ZAC0010089,21/10/2018 10:06,COMPLETE,22/10/2018 12:35,26/10/2018 17:42,27/10/2018,
ZA-00034397,ZAC0016781,21/10/2018 09:57,COMPLETE,23/10/2018 01:01,28/10/2018 21:52,27/10/2018,
ZA-00034398,ZAC0020794,21/10/2018 07:52,COMPLETE,21/10/2018 13:35,23/10/2018 13:35,24/10/2018,
ZA-00034399,ZAC0019765,21/10/2018 19:19,RETURNED,23/10/2018 03:06,27/10/2018 12:33,27/10/2018,
ZA-00034400,ZAC0002330,21/10/2018 07:20,COMPLETE,22/10/2018 00:07,26/10/2018 23:07,27/10/2018,BULK20
ZA-00034401,ZAC0008920,21/10/2018 14:59,COMPLETE,24/10/2018 00:24,03/11/2018 06:47,27/10/2018,
ZA-00034402,ZAC0015395,21/10/2018 17:07,COMPLETE,23/10/2018 09:45,28/10/2018 11:26,26/10/2018,
ZA-00034403,ZAC0022225,21/10/2018 09:08,COMPLETE,21/10/2018 20:15,21/10/2018 23:57,25/10/2018,FREESHIP
ZA-00034404,ZAC0005635,21/10/2018 21:24,COMPLETE,23/10/2018 17:08,23/10/2018 21:53,30/10/2018,
ZA-00034405,ZAC0019636,21/10/2018 07:47,COMPLETE,22/10/2018 01:43,27/10/2018 01:30,26/10/2018,WINTER15
ZA-00034406,ZAC0011937,21/10/2018 09:30,COMPLETE,22/10/2018 12:07,27/10/2018 17:02,26/10/2018,
ZA-00034407,ZAC0012986,21/10/2018 22:58,COMPLETE,22/10/2018 14:08,25/10/2018 07:34,29/10/2018,WINTER15
ZA-00034408,ZAC0021208,21/10/2018 14:08,COMPLETE,22/10/2018 06:15,24/10/2018 19:48,25/10/2018,LOYAL5
ZA-00034409,ZAC0016674,21/10/2018 07:54,COMPLETE,22/10/2018 12:33,26/10/2018 03:54,26/10/2018,
ZA-00034410,ZAC0013503,21/10/2018 12:25,COMPLETE,22/10/2018 17:04,23/10/2018 19:43,01/11/2018,
ZA-00034411,ZAC0004127,21/10/2018 15:04,COMPLETE,23/10/2018 07:53,28/10/2018 20:37,02/11/2018,WELCOME10
ZA-00034412,ZAC0002673,21/10/2018 06:47,COMPLETE,24/10/2018 16:06,30/10/2018 23:31,29/10/2018,FREESHIP
ZA-00034413,ZAC0009438,21/10/2018 10:47,COMPLETE,24/10/2018 02:36,26/10/2018 08:54,31/10/2018,
ZA-00034414,ZAC0007803,21/10/2018 14:04,COMPLETE,23/10/2018 13:44,28/10/2018 10:51,27/10/2018,BULK20
ZA-00034415,ZAC0023938,21/10/2018 16:01,COMPLETE,22/10/2018 13:11,27/10/2018 09:57,01/11/2018,
ZA-00034416,ZAC0013555,21/10/2018 20:06,COMPLETE,23/10/2018 16:12,02/11/2018 23:30,30/10/2018,
ZA-00034417,ZAC0008216,21/10/2018 22:19,COMPLETE,22/10/2018 12:27,24/10/2018 21:30,26/10/2018,
ZA-00034418,ZAC0012650,21/10/2018 10:13,COMPLETE,26/10/2018 16:51,31/10/2018 13:50,29/10/2018,
ZA-00034419,ZAC0000181,21/10/2018 12:37,COMPLETE,28/10/2018 00:44,31/10/2018 13:47,01/11/2018,
ZA-00034420,ZAC0008338,21/10/2018 07:21,COMPLETE,23/10/2018 16:51,29/10/2018 16:12,27/10/2018,FLASH25
ZA-00034421,ZAC0006291,21/10/2018 11:15,COMPLETE,22/10/2018 05:17,27/10/2018 00:34,29/10/2018,
ZA-00034422,ZAC0004704,21/10/2018 22:50,DISPATCHED,23/10/2018 04:44,,28/10/2018,WELCOME10
ZA-00034423,ZAC0012678,21/10/2018 16:55,COMPLETE,27/10/2018 03:27,28/10/2018 05:39,31/10/2018,
ZA-00034424,ZAC0016420,21/10/2018 13:28,COMPLETE,23/10/2018 13:39,05/11/2018 05:41,27/10/2018,
ZA-00034425,ZAC0021376,21/10/2018 15:30,COMPLETE,23/10/2018 04:03,27/10/2018 08:40,27/10/2018,
ZA-00034426,ZAC0000939,21/10/2018 16:39,COMPLETE,25/10/2018 06:00,01/11/2018 13:12,30/10/2018,FLASH25
ZA-00034427,ZAC0010118,21/10/2018 15:34,COMPLETE,23/10/2018 02:43,25/10/2018 23:38,27/10/2018,
ZA-00034428,ZAC0010381,21/10/2018 17:03,COMPLETE,23/10/2018 03:18,27/10/2018 07:22,27/10/2018,
ZA-00034429,ZAC0004670,21/10/2018 12:42,COMPLETE,24/10/2018 05:46,28/10/2018 20:12,03/11/2018,
ZA-00034430,ZAC0004944,21/10/2018 12:42,COMPLETE,24/10/2018 00:27,25/10/2018 15:24,29/10/2018,
ZA-00034431,ZAC0015559,21/10/2018 15:17,COMPLETE,22/10/2018 12:01,28/10/2018 06:21,25/10/2018,
ZA-00034432,ZAC0021181,21/10/2018 20:23,COMPLETE,24/10/2018 15:07,31/10/2018 08:38,28/10/2018,
ZA-00034433,ZAC0013822,22/10/2018 16:14,COMPLETE,25/10/2018 17:53,27/10/2018 15:14,28/10/2018,
ZA-00034434,ZAC0009339,22/10/2018 10:42,COMPLETE,25/10/2018 08:21,02/11/2018 05:10,28/10/2018,
ZA-00034435,ZAC0014668,22/10/2018 22:37,COMPLETE,24/10/2018 02:28,28/10/2018 00:39,31/10/2018,
ZA-00034436,ZAC0006389,22/10/2018 08:26,COMPLETE,22/10/2018 13:50,24/10/2018 19:11,26/10/2018,
ZA-00034437,ZAC0004709,22/10/2018 14:09,COMPLETE,24/10/2018 14:07,25/10/2018 01:39,27/10/2018,
ZA-00034438,ZAC0021260,22/10/2018 12:55,COMPLETE,23/10/2018 19:47,29/10/2018 09:03,26/10/2018,
ZA-00034439,ZAC0020307,22/10/2018 14:51,COMPLETE,25/10/2018 05:13,01/11/2018 21:24,28/10/2018,
ZA-00034440,ZAC0019485,22/10/2018 12:53,COMPLETE,23/10/2018 16:13,26/10/2018 19:34,27/10/2018,
ZA-00034441,ZAC0017572,22/10/2018 18:40,COMPLETE,23/10/2018 00:54,27/10/2018 10:32,30/10/2018,
ZA-00034442,ZAC0012667,22/10/2018 17:10,COMPLETE,24/10/2018 21:23,26/10/2018 18:46,29/10/2018,WINTER15
ZA-00034443,ZAC0021749,22/10/2018 15:20,COMPLETE,23/10/2018 02:59,26/10/2018 19:13,27/10/2018,WINTER15
ZA-00034444,ZAC0002189,22/10/2018 12:16,COMPLETE,24/10/2018 21:57,27/10/2018 13:59,29/10/2018,
ZA-00034445,ZAC0009919,22/10/2018 16:21,PENDING,,,,FLASH25
ZA-00034446,ZAC0005418,22/10/2018 09:06,COMPLETE,25/10/2018 17:27,05/11/2018 00:36,29/10/2018,
ZA-00034447,ZAC0019048,22/10/2018 09:30,COMPLETE,23/10/2018 01:12,23/10/2018 18:01,27/10/2018,
ZA-00034448,ZAC0014427,22/10/2018 07:10,COMPLETE,25/10/2018 09:02,31/10/2018 08:26,28/10/2018,WELCOME10
ZA-00034449,ZAC0013202,22/10/2018 17:52,COMPLETE,26/10/2018 11:13,28/10/2018 22:52,29/10/2018,WINTER15
ZA-00034450,ZAC0017515,22/10/2018 06:48,COMPLETE,22/10/2018 21:55,24/10/2018 17:56,26/10/2018,
ZA-00034451,ZAC0009329,22/10/2018 19:17,COMPLETE,24/10/2018 11:59,03/11/2018 22:59,28/10/2018,
ZA-00034452,ZAC0020966,22/10/2018 11:51,COMPLETE,22/10/2018 21:58,31/10/2018 02:31,26/10/2018,WELCOME10
ZA-00034453,ZAC0016195,22/10/2018 17:54,COMPLETE,28/10/2018 22:20,04/11/2018 04:11,01/11/2018,
ZA-00034454,ZAC0000179,22/10/2018 13:07,COMPLETE,24/10/2018 04:08,31/10/2018 14:46,29/10/2018,
ZA-00034455,ZAC0017327,22/10/2018 11:16,COMPLETE,26/10/2018 13:22,13/11/2018 19:24,30/10/2018,
ZA-00034456,ZAC0014501,22/10/2018 19:52,COMPLETE,26/10/2018 17:07,30/10/2018 16:38,31/10/2018,
ZA-00034457,ZAC0017509,22/10/2018 14:31,COMPLETE,26/10/2018 02:31,28/10/2018 17:59,30/10/2018,FLASH25
ZA-00034458,ZAC0012983,22/10/2018 20:28,COMPLETE,27/10/2018 19:23,02/11/2018 17:16,31/10/2018,
ZA-00034459,ZAC0019846,22/10/2018 20:24,COMPLETE,24/10/2018 22:35,28/10/2018 12:19,31/10/2018,
ZA-00034460,ZAC0013846,22/10/2018 07:33,COMPLETE,24/10/2018 19:43,30/10/2018 01:08,27/10/2018,
ZA-00034461,ZAC0007563,22/10/2018 10:56,COMPLETE,23/10/2018 03:43,26/10/2018 21:28,27/10/2018,
ZA-00034462,ZAC0008225,22/10/2018 11:50,COMPLETE,24/10/2018 14:25,02/11/2018 14:51,27/10/2018,FLASH25
ZA-00034463,ZAC0020903,22/10/2018 16:46,COMPLETE,26/10/2018 22:52,29/10/2018 13:11,05/11/2018,
ZA-00034464,ZAC0001896,22/10/2018 07:02,COMPLETE,25/10/2018 05:39,28/10/2018 14:44,29/10/2018,LOYAL5
ZA-00034465,ZAC0022629,22/10/2018 17:36,COMPLETE,23/10/2018 15:06,25/10/2018 05:10,02/11/2018,WELCOME10
ZA-00034466,ZAC0016855,22/10/2018 15:00,COMPLETE,25/10/2018 12:01,29/10/2018 19:00,30/10/2018,
ZA-00034467,ZAC0019117,22/10/2018 12:31,COMPLETE,23/10/2018 07:42,28/10/2018 00:48,30/10/2018,
ZA-00034468,ZAC0005189,22/10/2018 16:43,COMPLETE,23/10/2018 00:23,28/10/2018 04:37,30/10/2018,FLASH25
ZA-00034469,ZAC0017652,22/10/2018 08:40,COMPLETE,24/10/2018 12:30,26/10/2018 08:17,03/11/2018,
ZA-00034470,ZAC0001836,22/10/2018 09:48,COMPLETE,22/10/2018 18:31,27/10/2018 09:55,25/10/2018,
ZA-00034471,ZAC0018414,22/10/2018 12:47,COMPLETE,23/10/2018 13:31,26/10/2018 13:12,28/10/2018,
ZA-00034472,ZAC0017432,22/10/2018 20:35,COMPLETE,26/10/2018 00:55,27/10/2018 06:25,31/10/2018,
ZA-00034473,ZAC0020668,22/10/2018 09:27,COMPLETE,25/10/2018 23:41,26/10/2018 19:48,01/11/2018,
ZA-00034474,ZAC0003307,22/10/2018 15:11,COMPLETE,26/10/2018 19:21,28/10/2018 06:08,02/11/2018,FLASH25
ZA-00034475,ZAC0021075,22/10/2018 11:29,COMPLETE,22/10/2018 19:36,29/10/2018 17:44,29/10/2018,
ZA-00034476,ZAC0012873,22/10/2018 06:33,COMPLETE,22/10/2018 23:17,31/10/2018 06:29,27/10/2018,
ZA-00034477,ZAC0009472,22/10/2018 11:45,COMPLETE,27/10/2018 10:58,31/10/2018 00:19,01/11/2018,LOYAL5
ZA-00034478,ZAC0005695,22/10/2018 12:01,COMPLETE,23/10/2018 14:55,28/10/2018 02:45,27/10/2018,
ZA-00034479,ZAC0023886,22/10/2018 16:43,COMPLETE,23/10/2018 20:11,27/10/2018 15:20,26/10/2018,
ZA-00034480,ZAC0015697,22/10/2018 06:46,COMPLETE,30/10/2018 12:46,31/10/2018 11:03,09/11/2018,
ZA-00034481,ZAC0023861,22/10/2018 22:44,COMPLETE,24/10/2018 23:17,28/10/2018 02:33,29/10/2018,
ZA-00034482,ZAC0015453,22/10/2018 07:18,COMPLETE,24/10/2018 01:41,27/10/2018 16:05,29/10/2018,
ZA-00034483,ZAC0007651,22/10/2018 19:06,COMPLETE,27/10/2018 13:54,06/11/2018 06:26,06/11/2018,
ZA-00034484,ZAC0020411,22/10/2018 17:14,COMPLETE,24/10/2018 22:36,28/10/2018 16:27,29/10/2018,WINTER15
ZA-00034485,ZAC0018830,22/10/2018 15:00,COMPLETE,24/10/2018 00:08,27/10/2018 22:11,28/10/2018,
ZA-00034486,ZAC0010164,22/10/2018 11:02,COMPLETE,23/10/2018 12:14,24/10/2018 04:28,27/10/2018,
ZA-00034487,ZAC0012109,22/10/2018 20:51,COMPLETE,26/10/2018 10:49,01/11/2018 02:59,30/10/2018,BULK20
ZA-00034488,ZAC0005712,22/10/2018 22:53,COMPLETE,26/10/2018 14:43,28/10/2018 06:42,30/10/2018,
ZA-00034489,ZAC0022964,22/10/2018 08:36,COMPLETE,23/10/2018 04:07,27/10/2018 23:39,28/10/2018,
ZA-00034490,ZAC0003880,22/10/2018 08:07,DISPATCHED,23/10/2018 11:03,,02/11/2018,
ZA-00034491,ZAC0014402,22/10/2018 12:53,COMPLETE,23/10/2018 04:19,23/10/2018 17:01,30/10/2018,
ZA-00034492,ZAC0023659,22/10/2018 20:19,COMPLETE,28/10/2018 03:15,29/10/2018 12:36,04/11/2018,FLASH25
ZA-00034493,ZAC0010848,22/10/2018 06:40,COMPLETE,24/10/2018 10:03,31/10/2018 04:42,28/10/2018,
ZA-00034494,ZAC0015190,22/10/2018 22:37,COMPLETE,25/10/2018 04:36,28/10/2018 00:30,30/10/2018,FLASH25
ZA-00034495,ZAC0003218,22/10/2018 09:49,COMPLETE,24/10/2018 17:51,26/10/2018 02:18,29/10/2018,
ZA-00034496,ZAC0021020,22/10/2018 18:14,COMPLETE,30/10/2018 10:41,04/11/2018 10:41,02/11/2018,
ZA-00034497,ZAC0000188,22/10/2018 18:48,COMPLETE,26/10/2018 08:07,02/11/2018 21:41,29/10/2018,
ZA-00034498,ZAC0001807,22/10/2018 17:53,COMPLETE,24/10/2018 11:07,31/10/2018 13:37,29/10/2018,
ZA-00034499,ZAC0021772,22/10/2018 19:20,COMPLETE,26/10/2018 16:05,31/10/2018 05:07,30/10/2018,
ZA-00034500,ZAC0008216,22/10/2018 13:47,COMPLETE,26/10/2018 03:03,30/10/2018 05:31,31/10/2018,
ZA-00034501,ZAC0009635,22/10/2018 06:59,DISPATCHED,24/10/2018 17:35,,29/10/2018,
ZA-00034502,ZAC0023674,22/10/2018 13:52,COMPLETE,24/10/2018 02:00,28/10/2018 10:41,28/10/2018,
ZA-00034503,ZAC0001967,22/10/2018 08:37,COMPLETE,22/10/2018 16:11,25/10/2018 21:42,27/10/2018,
ZA-00034504,ZAC0010813,22/10/2018 17:11,COMPLETE,25/10/2018 20:29,28/10/2018 08:13,01/11/2018,
ZA-00034505,ZAC0003955,22/10/2018 09:54,COMPLETE,24/10/2018 19:33,31/10/2018 02:09,31/10/2018,
ZA-00034506,ZAC0018393,22/10/2018 11:41,COMPLETE,23/10/2018 16:53,24/10/2018 13:16,28/10/2018,WELCOME10
ZA-00034507,ZAC0004236,22/10/2018 07:50,COMPLETE,23/10/2018 00:16,30/10/2018 06:56,27/10/2018,
ZA-00034508,ZAC0011430,22/10/2018 08:14,RETURNED,23/10/2018 01:27,26/10/2018 12:40,28/10/2018,
ZA-00034509,ZAC0001592,22/10/2018 16:58,COMPLETE,24/10/2018 13:19,28/10/2018 06:21,28/10/2018,BULK20
ZA-00034510,ZAC0005294,22/10/2018 11:47,COMPLETE,26/10/2018 02:03,28/10/2018 15:52,02/11/2018,
ZA-00034511,ZAC0014413,23/10/2018 10:16,COMPLETE,24/10/2018 01:11,27/10/2018 11:43,27/10/2018,
ZA-00034512,ZAC0009179,23/10/2018 22:03,COMPLETE,25/10/2018 04:15,29/10/2018 03:13,29/10/2018,
ZA-00034513,ZAC0003615,23/10/2018 06:31,COMPLETE,25/10/2018 14:22,31/10/2018 15:05,04/11/2018,FREESHIP
ZA-00034514,ZAC0022160,23/10/2018 22:09,COMPLETE,27/10/2018 09:00,30/10/2018 16:26,31/10/2018,
ZA-00034515,ZAC0010947,23/10/2018 09:01,COMPLETE,24/10/2018 10:40,29/10/2018 13:20,27/10/2018,
ZA-00034516,ZAC0008925,23/10/2018 20:20,COMPLETE,25/10/2018 06:48,02/11/2018 06:17,01/11/2018,
ZA-00034517,ZAC0017578,23/10/2018 15:59,COMPLETE,25/10/2018 04:26,26/10/2018 03:32,30/10/2018,
ZA-00034518,ZAC0022646,23/10/2018 21:42,COMPLETE,25/10/2018 01:53,30/10/2018 09:09,01/11/2018,
ZA-00034519,ZAC0007970,23/10/2018 17:06,COMPLETE,23/10/2018 21:40,25/10/2018 18:48,30/10/2018,
ZA-00034520,ZAC0000026,23/10/2018 08:28,COMPLETE,24/10/2018 18:07,27/10/2018 08:09,03/11/2018,
ZA-00034521,ZAC0019301,23/10/2018 09:56,COMPLETE,24/10/2018 02:37,30/10/2018 15:06,27/10/2018,
ZA-00034522,ZAC0012330,23/10/2018 13:16,COMPLETE,25/10/2018 02:57,28/10/2018 01:40,01/11/2018,
ZA-00034523,ZAC0012646,23/10/2018 19:43,COMPLETE,24/10/2018 10:47,28/10/2018 22:25,28/10/2018,
ZA-00034524,ZAC0011307,23/10/2018 12:11,COMPLETE,24/10/2018 00:48,26/10/2018 23:34,28/10/2018,
ZA-00034525,ZAC0013582,23/10/2018 21:01,COMPLETE,27/10/2018 23:03,30/10/2018 17:36,01/11/2018,
ZA-00034526,ZAC0002964,23/10/2018 18:18,COMPLETE,28/10/2018 03:18,31/10/2018 00:01,04/11/2018,WINTER15
ZA-00034527,ZAC0003143,23/10/2018 16:14,COMPLETE,26/10/2018 21:53,29/10/2018 10:25,05/11/2018,
ZA-00034528,ZAC0007744,23/10/2018 13:00,COMPLETE,24/10/2018 01:33,25/10/2018 03:24,28/10/2018,
ZA-00034529,ZAC0022712,23/10/2018 18:19,COMPLETE,25/10/2018 15:52,30/10/2018 14:00,29/10/2018,
ZA-00034530,ZAC0008188,23/10/2018 19:34,COMPLETE,25/10/2018 22:24,28/10/2018 22:19,30/10/2018,
ZA-00034531,ZAC0011001,23/10/2018 06:05,COMPLETE,24/10/2018 22:36,29/10/2018 10:26,03/11/2018,
ZA-00034532,ZAC0018244,23/10/2018 15:49,COMPLETE,24/10/2018 23:12,27/10/2018 20:13,28/10/2018,
ZA-00034533,ZAC0018973,23/10/2018 15:35,COMPLETE,29/10/2018 21:40,02/11/2018 14:01,03/11/2018,
ZA-00034534,ZAC0023361,23/10/2018 20:39,DISPATCHED,25/10/2018 11:01,,29/10/2018,LOYAL5
ZA-00034535,ZAC0008325,23/10/2018 09:23,COMPLETE,25/10/2018 12:01,07/11/2018 16:32,28/10/2018,
ZA-00034536,ZAC0006635,23/10/2018 19:09,COMPLETE,25/10/2018 00:23,26/10/2018 19:47,28/10/2018,
ZA-00034537,ZAC0017118,23/10/2018 13:58,COMPLETE,29/10/2018 17:09,09/11/2018 09:59,03/11/2018,
ZA-00034538,ZAC0002061,23/10/2018 13:38,COMPLETE,24/10/2018 12:39,25/10/2018 22:54,28/10/2018,
ZA-00034539,ZAC0023269,23/10/2018 22:02,COMPLETE,26/10/2018 02:01,29/10/2018 06:11,05/11/2018,
ZA-00034540,ZAC0014685,23/10/2018 11:20,COMPLETE,27/10/2018 11:47,02/11/2018 00:04,31/10/2018,FREESHIP
ZA-00034541,ZAC0017522,23/10/2018 19:14,COMPLETE,24/10/2018 16:23,28/10/2018 15:23,29/10/2018,
ZA-00034542,ZAC0015003,23/10/2018 22:02,COMPLETE,27/10/2018 15:28,05/11/2018 08:36,31/10/2018,
ZA-00034543,ZAC0012230,23/10/2018 08:18,COMPLETE,25/10/2018 05:38,26/10/2018 23:01,29/10/2018,
ZA-00034544,ZAC0017857,23/10/2018 10:39,COMPLETE,25/10/2018 16:42,28/10/2018 16:54,29/10/2018,
ZA-00034545,ZAC0018901,23/10/2018 10:02,COMPLETE,25/10/2018 10:01,29/10/2018 09:24,28/10/2018,
ZA-00034546,ZAC0015488,23/10/2018 20:29,COMPLETE,26/10/2018 21:29,29/10/2018 15:52,31/10/2018,LOYAL5
ZA-00034547,ZAC0002678,23/10/2018 20:02,COMPLETE,26/10/2018 03:06,30/10/2018 00:29,31/10/2018,
ZA-00034548,ZAC0006271,23/10/2018 13:52,COMPLETE,24/10/2018 21:53,29/10/2018 08:32,28/10/2018,
ZA-00034549,ZAC0006471,23/10/2018 20:36,COMPLETE,25/10/2018 02:24,25/10/2018 12:30,29/10/2018,
ZA-00034550,ZAC0008068,23/10/2018 13:34,COMPLETE,25/10/2018 15:08,27/10/2018 19:30,30/10/2018,
ZA-00034551,ZAC0002441,23/10/2018 13:08,COMPLETE,27/10/2018 18:54,02/11/2018 05:30,30/10/2018,
ZA-00034552,ZAC0012244,23/10/2018 14:07,COMPLETE,25/10/2018 04:55,29/10/2018 22:31,04/11/2018,
ZA-00034553,ZAC0010689,23/10/2018 17:01,COMPLETE,25/10/2018 13:25,06/11/2018 00:22,29/10/2018,
ZA-00034554,ZAC0002253,23/10/2018 10:02,CANCELLED,,,,
ZA-00034555,ZAC0023733,23/10/2018 10:40,COMPLETE,25/10/2018 01:01,28/10/2018 13:51,28/10/2018,
ZA-00034556,ZAC0007020,23/10/2018 12:23,COMPLETE,24/10/2018 21:27,27/10/2018 02:17,28/10/2018,FLASH25
ZA-00034557,ZAC0021980,23/10/2018 10:02,COMPLETE,27/10/2018 13:20,29/10/2018 19:12,31/10/2018,
ZA-00034558,ZAC0014470,23/10/2018 20:28,COMPLETE,25/10/2018 11:32,27/10/2018 09:00,01/11/2018,
ZA-00034559,ZAC0015363,23/10/2018 22:27,COMPLETE,25/10/2018 16:49,28/10/2018 21:10,29/10/2018,
ZA-00034560,ZAC0007365,23/10/2018 06:13,COMPLETE,25/10/2018 12:51,28/10/2018 21:59,01/11/2018,
ZA-00034561,ZAC0015535,23/10/2018 17:17,COMPLETE,25/10/2018 13:49,26/10/2018 16:27,01/11/2018,
ZA-00034562,ZAC0018496,23/10/2018 17:45,COMPLETE,24/10/2018 18:26,30/10/2018 12:03,03/11/2018,WINTER15
ZA-00034563,ZAC0004072,23/10/2018 22:24,COMPLETE,25/10/2018 21:04,28/10/2018 18:01,29/10/2018,BULK20
ZA-00034564,ZAC0020164,23/10/2018 15:25,COMPLETE,28/10/2018 17:49,30/10/2018 14:51,01/11/2018,LOYAL5
ZA-00034565,ZAC0015924,23/10/2018 12:45,COMPLETE,24/10/2018 06:13,31/10/2018 19:19,27/10/2018,WINTER15
ZA-00034566,ZAC0005775,23/10/2018 21:49,COMPLETE,26/10/2018 05:52,01/11/2018 05:29,02/11/2018,
ZA-00034567,ZAC0002920,23/10/2018 07:56,COMPLETE,25/10/2018 21:19,28/10/2018 13:50,29/10/2018,
ZA-00034568,ZAC0009796,23/10/2018 19:53,DISPATCHED,25/10/2018 07:01,,04/11/2018,
ZA-00034569,ZAC0008446,23/10/2018 08:44,COMPLETE,23/10/2018 11:27,27/10/2018 10:57,30/10/2018,
ZA-00034570,ZAC0012934,23/10/2018 12:00,COMPLETE,24/10/2018 09:45,26/10/2018 12:25,03/11/2018,
ZA-00034571,ZAC0006995,23/10/2018 19:50,COMPLETE,26/10/2018 04:28,29/10/2018 18:37,31/10/2018,
ZA-00034572,ZAC0011211,23/10/2018 20:48,COMPLETE,27/10/2018 01:08,29/10/2018 07:37,01/11/2018,FLASH25
ZA-00034573,ZAC0019259,24/10/2018 19:02,COMPLETE,25/10/2018 05:19,27/10/2018 23:09,29/10/2018,
ZA-00034574,ZAC0005760,24/10/2018 06:17,COMPLETE,25/10/2018 13:02,26/10/2018 10:12,29/10/2018,
ZA-00034575,ZAC0021457,24/10/2018 08:18,COMPLETE,26/10/2018 16:20,29/10/2018 09:20,30/10/2018,WINTER15
ZA-00034576,ZAC0007188,24/10/2018 20:28,COMPLETE,27/10/2018 07:55,02/11/2018 18:21,31/10/2018,
ZA-00034577,ZAC0014912,24/10/2018 18:21,COMPLETE,26/10/2018 23:22,01/11/2018 03:21,30/10/2018,WELCOME10
ZA-00034578,ZAC0011787,24/10/2018 16:37,COMPLETE,27/10/2018 03:20,29/10/2018 11:18,30/10/2018,
ZA-00034579,ZAC0003904,24/10/2018 15:59,COMPLETE,27/10/2018 08:35,30/10/2018 03:39,31/10/2018,
ZA-00034580,ZAC0009771,24/10/2018 16:33,COMPLETE,25/10/2018 08:31,01/11/2018 14:37,28/10/2018,
ZA-00034581,ZAC0012207,24/10/2018 11:56,COMPLETE,27/10/2018 05:11,28/10/2018 08:21,30/10/2018,
ZA-00034582,ZAC0008220,24/10/2018 07:34,COMPLETE,25/10/2018 15:45,30/10/2018 08:08,28/10/2018,LOYAL5
ZA-00034583,ZAC0006185,24/10/2018 16:51,COMPLETE,26/10/2018 19:45,30/10/2018 14:38,31/10/2018,
ZA-00034584,ZAC0017141,24/10/2018 10:34,COMPLETE,29/10/2018 19:03,04/11/2018 18:54,02/11/2018,
ZA-00034585,ZAC0002750,24/10/2018 14:05,COMPLETE,25/10/2018 21:54,30/10/2018 00:45,01/11/2018,
ZA-00034586,ZAC0005616,24/10/2018 19:30,COMPLETE,27/10/2018 05:02,04/11/2018 09:01,06/11/2018,FLASH25
ZA-00034587,ZAC0010266,24/10/2018 07:29,COMPLETE,01/11/2018 21:07,05/11/2018 01:10,05/11/2018,WELCOME10
ZA-00034588,ZAC0008863,24/10/2018 18:58,COMPLETE,27/10/2018 08:00,03/11/2018 18:56,01/11/2018,
ZA-00034589,ZAC0003357,24/10/2018 19:25,CANCELLED,,,,
ZA-00034590,ZAC0000869,24/10/2018 09:27,COMPLETE,27/10/2018 02:04,30/10/2018 04:17,31/10/2018,
ZA-00034591,ZAC0020154,24/10/2018 15:43,COMPLETE,25/10/2018 07:35,28/10/2018 22:26,04/11/2018,WELCOME10
ZA-00034592,ZAC0017277,24/10/2018 09:41,COMPLETE,26/10/2018 14:30,31/10/2018 03:30,30/10/2018,
ZA-00034593,ZAC0019728,24/10/2018 16:07,COMPLETE,27/10/2018 06:59,28/10/2018 06:57,30/10/2018,FLASH25
ZA-00034594,ZAC0020590,24/10/2018 21:22,COMPLETE,28/10/2018 16:23,30/10/2018 14:01,31/10/2018,
ZA-00034595,ZAC0013478,24/10/2018 22:40,COMPLETE,27/10/2018 12:51,31/10/2018 03:05,01/11/2018,
ZA-00034596,ZAC0022420,24/10/2018 08:16,COMPLETE,25/10/2018 19:06,27/10/2018 14:44,28/10/2018,FLASH25
ZA-00034597,ZAC0010692,24/10/2018 21:16,COMPLETE,25/10/2018 19:17,30/10/2018 00:11,29/10/2018,
ZA-00034598,ZAC0007147,24/10/2018 06:31,COMPLETE,26/10/2018 05:30,28/10/2018 11:59,31/10/2018,
ZA-00034599,ZAC0004437,24/10/2018 13:47,COMPLETE,25/10/2018 19:25,03/11/2018 23:01,28/10/2018,
ZA-00034600,ZAC0000086,24/10/2018 11:34,COMPLETE,26/10/2018 04:58,04/11/2018 09:14,31/10/2018,
ZA-00034601,ZAC0020454,24/10/2018 22:31,COMPLETE,26/10/2018 02:53,29/10/2018 15:44,02/11/2018,
ZA-00034602,ZAC0020949,24/10/2018 15:21,COMPLETE,27/10/2018 21:34,30/10/2018 02:36,01/11/2018,
ZA-00034603,ZAC0020198,24/10/2018 10:17,CANCELLED,,,,FLASH25
ZA-00034604,ZAC0023075,24/10/2018 06:59,DISPATCHED,28/10/2018 08:23,,31/10/2018,
ZA-00034605,ZAC0011210,24/10/2018 18:49,COMPLETE,27/10/2018 07:26,29/10/2018 06:07,30/10/2018,
ZA-00034606,ZAC0015840,24/10/2018 07:35,COMPLETE,27/10/2018 03:48,31/10/2018 05:05,30/10/2018,
ZA-00034607,ZAC0022123,24/10/2018 19:33,COMPLETE,26/10/2018 05:56,03/11/2018 20:23,31/10/2018,FLASH25
ZA-00034608,ZAC0003877,24/10/2018 12:05,COMPLETE,27/10/2018 12:11,30/10/2018 03:49,03/11/2018,FLASH25
ZA-00034609,ZAC0019220,24/10/2018 08:36,COMPLETE,25/10/2018 06:22,28/10/2018 20:59,01/11/2018,
ZA-00034610,ZAC0006134,24/10/2018 07:45,COMPLETE,30/10/2018 05:29,02/11/2018 23:19,02/11/2018,FLASH25
ZA-00034611,ZAC0013649,24/10/2018 15:40,COMPLETE,27/10/2018 04:26,30/10/2018 06:05,31/10/2018,
ZA-00034612,ZAC0018994,24/10/2018 19:11,COMPLETE,26/10/2018 17:11,30/10/2018 18:02,29/10/2018,
ZA-00034613,ZAC0004188,24/10/2018 15:30,COMPLETE,25/10/2018 22:52,02/11/2018 18:45,01/11/2018,
ZA-00034614,ZAC0001924,24/10/2018 17:12,COMPLETE,26/10/2018 06:02,02/11/2018 18:48,29/10/2018,
ZA-00034615,ZAC0016792,24/10/2018 19:25,COMPLETE,28/10/2018 20:39,03/11/2018 15:53,01/11/2018,
ZA-00034616,ZAC0015299,24/10/2018 06:13,COMPLETE,29/10/2018 15:20,01/11/2018 06:38,03/11/2018,
ZA-00034617,ZAC0006493,24/10/2018 08:46,COMPLETE,25/10/2018 18:43,28/10/2018 18:45,29/10/2018,
ZA-00034618,ZAC0004221,24/10/2018 11:04,COMPLETE,27/10/2018 01:54,29/10/2018 09:56,31/10/2018,
ZA-00034619,ZAC0006184,24/10/2018 21:58,DISPATCHED,26/10/2018 21:15,,30/10/2018,
ZA-00034620,ZAC0002234,24/10/2018 22:45,COMPLETE,26/10/2018 03:10,26/10/2018 13:41,29/10/2018,FLASH25
ZA-00034621,ZAC0000851,24/10/2018 14:12,COMPLETE,25/10/2018 03:39,26/10/2018 05:04,28/10/2018,
ZA-00034622,ZAC0003481,24/10/2018 17:03,COMPLETE,26/10/2018 17:18,29/10/2018 14:19,30/10/2018,FLASH25
ZA-00034623,ZAC0007618,24/10/2018 17:22,COMPLETE,25/10/2018 21:56,28/10/2018 07:54,29/10/2018,WELCOME10
ZA-00034624,ZAC0012258,24/10/2018 09:00,COMPLETE,26/10/2018 18:46,27/10/2018 15:15,02/11/2018,WINTER15
ZA-00034625,ZAC0009267,24/10/2018 09:06,COMPLETE,28/10/2018 22:45,02/11/2018 05:38,01/11/2018,
ZA-00034626,ZAC0006083,24/10/2018 06:20,COMPLETE,28/10/2018 21:33,01/11/2018 22:56,01/11/2018,
ZA-00034627,ZAC0007239,24/10/2018 18:42,COMPLETE,31/10/2018 09:49,02/11/2018 06:20,07/11/2018,
ZA-00034628,ZAC0002246,24/10/2018 14:43,COMPLETE,27/10/2018 03:00,02/11/2018 04:20,01/11/2018,BULK20
ZA-00034629,ZAC0023008,24/10/2018 14:36,COMPLETE,25/10/2018 13:21,27/10/2018 06:55,29/10/2018,
ZA-00034630,ZAC0015535,24/10/2018 15:12,COMPLETE,26/10/2018 11:56,27/10/2018 19:59,05/11/2018,
ZA-00034631,ZAC0002799,24/10/2018 07:28,COMPLETE,25/10/2018 03:51,29/10/2018 08:21,30/10/2018,
ZA-00034632,ZAC0007068,24/10/2018 11:25,COMPLETE,25/10/2018 11:24,30/10/2018 08:24,29/10/2018,
ZA-00034633,ZAC0008475,24/10/2018 14:49,COMPLETE,27/10/2018 09:20,01/11/2018 22:56,01/11/2018,
ZA-00034634,ZAC0004542,24/10/2018 15:00,COMPLETE,26/10/2018 15:18,29/10/2018 19:41,30/10/2018,
ZA-00034635,ZAC0012079,24/10/2018 12:09,COMPLETE,30/10/2018 05:03,02/11/2018 18:59,06/11/2018,
ZA-00034636,ZAC0003908,24/10/2018 18:26,COMPLETE,26/10/2018 11:37,27/10/2018 20:08,30/10/2018,
ZA-00034637,ZAC0017439,24/10/2018 14:11,COMPLETE,25/10/2018 10:40,29/10/2018 22:54,01/11/2018,
ZA-00034638,ZAC0001869,24/10/2018 07:07,COMPLETE,27/10/2018 19:14,31/10/2018 05:28,03/11/2018,
ZA-00034639,ZAC0009430,24/10/2018 09:15,COMPLETE,25/10/2018 03:19,29/10/2018 16:51,04/11/2018,FREESHIP
ZA-00034640,ZAC0023152,24/10/2018 07:42,COMPLETE,25/10/2018 14:17,30/10/2018 20:29,29/10/2018,
ZA-00034641,ZAC0001345,24/10/2018 21:43,COMPLETE,25/10/2018 14:51,05/11/2018 02:08,28/10/2018,
ZA-00034642,ZAC0012422,24/10/2018 07:02,COMPLETE,27/10/2018 09:34,01/11/2018 03:29,30/10/2018,
ZA-00034643,ZAC0009139,24/10/2018 22:41,COMPLETE,26/10/2018 14:06,29/10/2018 12:55,31/10/2018,
ZA-00034644,ZAC0012356,24/10/2018 10:55,COMPLETE,26/10/2018 00:31,01/11/2018 05:37,29/10/2018,
ZA-00034645,ZAC0019849,24/10/2018 10:08,COMPLETE,25/10/2018 18:57,30/10/2018 00:08,28/10/2018,
ZA-00034646,ZAC0018721,24/10/2018 16:41,COMPLETE,26/10/2018 19:55,31/10/2018 20:22,29/10/2018,
ZA-00034647,ZAC0014567,24/10/2018 06:25,COMPLETE,25/10/2018 12:00,28/10/2018 09:39,30/10/2018,
ZA-00034648,ZAC0002064,24/10/2018 16:50,COMPLETE,28/10/2018 11:03,04/11/2018 10:48,07/11/2018,
ZA-00034649,ZAC0016470,24/10/2018 14:38,COMPLETE,26/10/2018 10:46,31/10/2018 22:38,29/10/2018,BULK20
ZA-00034650,ZAC0001088,24/10/2018 12:15,COMPLETE,25/10/2018 00:28,29/10/2018 08:04,04/11/2018,
ZA-00034651,ZAC0005494,25/10/2018 09:46,COMPLETE,26/10/2018 09:26,31/10/2018 04:22,02/11/2018,
ZA-00034652,ZAC0008010,25/10/2018 10:29,COMPLETE,26/10/2018 03:37,26/10/2018 20:05,05/11/2018,
ZA-00034653,ZAC0022271,25/10/2018 09:58,COMPLETE,26/10/2018 00:07,26/10/2018 05:48,05/11/2018,
ZA-00034654,ZAC0006966,25/10/2018 21:10,COMPLETE,27/10/2018 05:58,03/11/2018 03:35,31/10/2018,BULK20
ZA-00034655,ZAC0012109,25/10/2018 11:14,COMPLETE,31/10/2018 10:33,04/11/2018 06:14,03/11/2018,
ZA-00034656,ZAC0011553,25/10/2018 11:09,COMPLETE,27/10/2018 08:18,31/10/2018 19:21,31/10/2018,
ZA-00034657,ZAC0017895,25/10/2018 11:01,COMPLETE,28/10/2018 22:33,05/11/2018 08:34,07/11/2018,
ZA-00034658,ZAC0007607,25/10/2018 14:44,COMPLETE,26/10/2018 08:23,28/10/2018 01:57,30/10/2018,FREESHIP
ZA-00034659,ZAC0017363,25/10/2018 06:43,COMPLETE,26/10/2018 17:34,01/11/2018 15:25,30/10/2018,
ZA-00034660,ZAC0011249,25/10/2018 15:22,COMPLETE,26/10/2018 17:06,28/10/2018 07:43,31/10/2018,WELCOME10
ZA-00034661,ZAC0002867,25/10/2018 10:37,COMPLETE,27/10/2018 00:52,27/10/2018 05:49,30/10/2018,FREESHIP
ZA-00034662,ZAC0021628,25/10/2018 17:44,COMPLETE,27/10/2018 14:23,28/10/2018 19:49,03/11/2018,
ZA-00034663,ZAC0016513,25/10/2018 11:53,COMPLETE,29/10/2018 07:30,05/11/2018 00:53,05/11/2018,
ZA-00034664,ZAC0011939,25/10/2018 17:28,COMPLETE,27/10/2018 11:56,04/11/2018 18:27,31/10/2018,
ZA-00034665,ZAC0021780,25/10/2018 09:55,COMPLETE,28/10/2018 09:37,31/10/2018 12:53,02/11/2018,
ZA-00034666,ZAC0016765,25/10/2018 22:02,COMPLETE,29/10/2018 06:42,01/11/2018 20:43,03/11/2018,
ZA-00034667,ZAC0017425,25/10/2018 20:01,COMPLETE,27/10/2018 16:11,01/11/2018 06:29,30/10/2018,
ZA-00034668,ZAC0021485,25/10/2018 15:34,COMPLETE,25/10/2018 18:43,29/10/2018 21:13,04/11/2018,
ZA-00034669,ZAC0004591,25/10/2018 21:27,COMPLETE,26/10/2018 06:31,06/11/2018 18:29,30/10/2018,
ZA-00034670,ZAC0013222,25/10/2018 14:55,COMPLETE,27/10/2018 14:03,02/11/2018 04:14,31/10/2018,
ZA-00034671,ZAC0006806,25/10/2018 22:15,COMPLETE,27/10/2018 09:41,31/10/2018 09:11,30/10/2018,BULK20
ZA-00034672,ZAC0006485,25/10/2018 13:00,COMPLETE,26/10/2018 04:36,03/11/2018 04:13,02/11/2018,
ZA-00034673,ZAC0019974,25/10/2018 20:49,COMPLETE,29/10/2018 01:58,08/11/2018 14:43,02/11/2018,
ZA-00034674,ZAC0011850,25/10/2018 17:12,COMPLETE,27/10/2018 12:26,01/11/2018 02:31,01/11/2018,
ZA-00034675,ZAC0008523,25/10/2018 21:39,COMPLETE,31/10/2018 00:29,06/11/2018 14:48,05/11/2018,
ZA-00034676,ZAC0015979,25/10/2018 22:45,COMPLETE,26/10/2018 21:15,29/10/2018 16:36,29/10/2018,
ZA-00034677,ZAC0019129,25/10/2018 08:20,COMPLETE,26/10/2018 13:43,29/10/2018 21:17,02/11/2018,FLASH25
ZA-00034678,ZAC0013628,25/10/2018 21:01,COMPLETE,27/10/2018 19:09,01/11/2018 10:57,01/11/2018,
ZA-00034679,ZAC0015086,25/10/2018 09:52,COMPLETE,27/10/2018 12:14,31/10/2018 16:03,01/11/2018,FREESHIP
ZA-00034680,ZAC0000445,25/10/2018 14:04,COMPLETE,26/10/2018 07:58,28/10/2018 03:18,31/10/2018,
ZA-00034681,ZAC0008307,25/10/2018 10:15,COMPLETE,28/10/2018 20:20,30/10/2018 11:13,01/11/2018,
ZA-00034682,ZAC0013528,25/10/2018 14:23,COMPLETE,27/10/2018 20:35,30/10/2018 08:16,01/11/2018,
ZA-00034683,ZAC0017919,25/10/2018 22:13,COMPLETE,29/10/2018 20:05,05/11/2018 13:10,03/11/2018,
ZA-00034684,ZAC0004257,25/10/2018 15:58,COMPLETE,26/10/2018 05:25,02/11/2018 09:06,31/10/2018,
ZA-00034685,ZAC0012710,25/10/2018 11:39,COMPLETE,26/10/2018 01:51,28/10/2018 19:36,30/10/2018,
ZA-00034686,ZAC0020314,25/10/2018 21:50,COMPLETE,28/10/2018 06:42,29/10/2018 06:40,01/11/2018,
ZA-00034687,ZAC0022688,25/10/2018 17:10,COMPLETE,28/10/2018 06:42,29/10/2018 13:56,01/11/2018,
ZA-00034688,ZAC0001796,25/10/2018 10:51,COMPLETE,25/10/2018 18:36,27/10/2018 22:00,01/11/2018,
ZA-00034689,ZAC0010263,25/10/2018 07:52,COMPLETE,28/10/2018 21:52,01/11/2018 08:18,01/11/2018,
ZA-00034690,ZAC0023068,25/10/2018 16:32,COMPLETE,28/10/2018 05:57,06/11/2018 18:56,07/11/2018,
ZA-00034691,ZAC0011584,25/10/2018 12:24,COMPLETE,28/10/2018 23:35,05/11/2018 15:12,31/10/2018,FLASH25
ZA-00034692,ZAC0001655,25/10/2018 07:50,COMPLETE,26/10/2018 15:21,28/10/2018 11:03,31/10/2018,FLASH25
ZA-00034693,ZAC0023565,25/10/2018 10:32,COMPLETE,26/10/2018 22:41,30/10/2018 06:33,30/10/2018,FLASH25
ZA-00034694,ZAC0003990,25/10/2018 08:51,COMPLETE,30/10/2018 00:09,02/11/2018 05:08,04/11/2018,
ZA-00034695,ZAC0021807,25/10/2018 21:26,COMPLETE,26/10/2018 01:28,01/11/2018 22:44,29/10/2018,
ZA-00034696,ZAC0005866,25/10/2018 13:25,PENDING,,,,
ZA-00034697,ZAC0022543,25/10/2018 16:24,COMPLETE,26/10/2018 05:46,29/10/2018 11:44,31/10/2018,FLASH25
ZA-00034698,ZAC0001207,25/10/2018 08:43,COMPLETE,27/10/2018 14:09,29/10/2018 09:09,31/10/2018,WELCOME10
ZA-00034699,ZAC0007164,25/10/2018 17:34,COMPLETE,26/10/2018 20:28,31/10/2018 01:57,05/11/2018,
ZA-00034700,ZAC0017386,25/10/2018 18:02,COMPLETE,27/10/2018 00:55,31/10/2018 03:37,31/10/2018,FREESHIP
ZA-00034701,ZAC0010063,25/10/2018 15:39,COMPLETE,27/10/2018 13:12,03/11/2018 09:13,03/11/2018,
ZA-00034702,ZAC0016637,25/10/2018 16:48,COMPLETE,28/10/2018 23:54,01/11/2018 05:13,02/11/2018,FREESHIP
ZA-00034703,ZAC0018512,25/10/2018 15:58,COMPLETE,26/10/2018 06:31,08/11/2018 12:48,05/11/2018,
ZA-00034704,ZAC0017633,25/10/2018 19:32,COMPLETE,26/10/2018 03:23,29/10/2018 09:14,05/11/2018,FREESHIP
ZA-00034705,ZAC0003760,25/10/2018 13:13,COMPLETE,29/10/2018 18:19,03/11/2018 09:55,03/11/2018,
ZA-00034706,ZAC0020636,25/10/2018 10:16,COMPLETE,26/10/2018 05:03,04/11/2018 00:42,31/10/2018,BULK20
ZA-00034707,ZAC0008892,25/10/2018 14:49,COMPLETE,28/10/2018 02:17,29/10/2018 04:57,02/11/2018,BULK20
ZA-00034708,ZAC0000623,25/10/2018 12:12,COMPLETE,26/10/2018 05:15,26/10/2018 18:32,30/10/2018,
ZA-00034709,ZAC0000653,25/10/2018 10:36,COMPLETE,28/10/2018 06:11,01/11/2018 19:52,31/10/2018,
ZA-00034710,ZAC0021718,25/10/2018 06:56,COMPLETE,27/10/2018 11:01,28/10/2018 01:51,30/10/2018,WINTER15
ZA-00034711,ZAC0022249,25/10/2018 10:12,COMPLETE,26/10/2018 00:53,29/10/2018 23:57,30/10/2018,BULK20
ZA-00034712,ZAC0015821,25/10/2018 16:52,COMPLETE,28/10/2018 19:48,30/10/2018 14:31,04/11/2018,
ZA-00034713,ZAC0005325,25/10/2018 08:19,COMPLETE,26/10/2018 22:00,31/10/2018 10:36,30/10/2018,
ZA-00034714,ZAC0017750,25/10/2018 09:42,COMPLETE,28/10/2018 18:24,29/10/2018 12:30,04/11/2018,
ZA-00034715,ZAC0017575,25/10/2018 07:21,CANCELLED,,,,
ZA-00034716,ZAC0007897,25/10/2018 08:53,COMPLETE,27/10/2018 08:43,30/10/2018 21:24,30/10/2018,
ZA-00034717,ZAC0006406,25/10/2018 21:10,COMPLETE,28/10/2018 09:41,06/11/2018 12:51,07/11/2018,
ZA-00034718,ZAC0020500,25/10/2018 12:47,COMPLETE,26/10/2018 19:44,28/10/2018 15:50,31/10/2018,
ZA-00034719,ZAC0015643,26/10/2018 11:06,COMPLETE,31/10/2018 10:16,08/11/2018 03:13,05/11/2018,
ZA-00034720,ZAC0009826,26/10/2018 13:11,COMPLETE,27/10/2018 06:51,03/11/2018 17:51,01/11/2018,
ZA-00034721,ZAC0005888,26/10/2018 16:47,COMPLETE,28/10/2018 15:16,06/11/2018 21:07,07/11/2018,
ZA-00034722,ZAC0002835,26/10/2018 15:35,COMPLETE,31/10/2018 18:09,06/11/2018 09:33,07/11/2018,
ZA-00034723,ZAC0010621,26/10/2018 20:59,COMPLETE,30/10/2018 07:44,04/11/2018 00:19,04/11/2018,
ZA-00034724,ZAC0017210,26/10/2018 20:53,DISPATCHED,27/10/2018 17:58,,31/10/2018,FLASH25
ZA-00034725,ZAC0000937,26/10/2018 20:37,COMPLETE,30/10/2018 05:23,04/11/2018 17:42,03/11/2018,
ZA-00034726,ZAC0012349,26/10/2018 18:45,COMPLETE,29/10/2018 10:49,29/10/2018 22:07,01/11/2018,
ZA-00034727,ZAC0018890,26/10/2018 14:27,COMPLETE,27/10/2018 15:23,30/10/2018 01:33,06/11/2018,
ZA-00034728,ZAC0002151,26/10/2018 11:14,COMPLETE,27/10/2018 23:16,29/10/2018 07:07,31/10/2018,
ZA-00034729,ZAC0007758,26/10/2018 16:27,COMPLETE,28/10/2018 20:03,30/10/2018 07:23,02/11/2018,
ZA-00034730,ZAC0014622,26/10/2018 20:52,CANCELLED,,,,
ZA-00034731,ZAC0000011,26/10/2018 21:45,COMPLETE,28/10/2018 03:37,08/11/2018 17:38,02/11/2018,
ZA-00034732,ZAC0022075,26/10/2018 15:08,COMPLETE,27/10/2018 18:22,31/10/2018 17:50,31/10/2018,
ZA-00034733,ZAC0004510,26/10/2018 11:11,COMPLETE,27/10/2018 21:28,31/10/2018 12:49,31/10/2018,BULK20
ZA-00034734,ZAC0010123,26/10/2018 09:53,COMPLETE,27/10/2018 14:19,30/10/2018 00:44,30/10/2018,FLASH25
ZA-00034735,ZAC0019916,26/10/2018 11:16,COMPLETE,27/10/2018 23:03,03/11/2018 14:35,01/11/2018,
ZA-00034736,ZAC0009390,26/10/2018 10:17,COMPLETE,28/10/2018 13:37,01/11/2018 15:29,04/11/2018,
ZA-00034737,ZAC0022954,26/10/2018 16:07,COMPLETE,27/10/2018 13:04,31/10/2018 18:26,03/11/2018,FREESHIP
ZA-00034738,ZAC0004301,26/10/2018 19:24,COMPLETE,27/10/2018 18:47,30/10/2018 08:43,01/11/2018,
ZA-00034739,ZAC0021308,26/10/2018 07:20,COMPLETE,27/10/2018 07:20,31/10/2018 23:24,01/11/2018,FLASH25
ZA-00034740,ZAC0016343,26/10/2018 16:41,PENDING,,,,BULK20
ZA-00034741,ZAC0012226,26/10/2018 17:34,COMPLETE,29/10/2018 04:04,03/11/2018 02:31,01/11/2018,
ZA-00034742,ZAC0015015,26/10/2018 22:04,COMPLETE,28/10/2018 18:05,07/11/2018 05:02,01/11/2018,
ZA-00034743,ZAC0011539,26/10/2018 22:58,COMPLETE,27/10/2018 17:24,01/11/2018 23:47,03/11/2018,
ZA-00034744,ZAC0004301,26/10/2018 18:36,COMPLETE,27/10/2018 04:28,02/11/2018 11:43,03/11/2018,
ZA-00034745,ZAC0004093,26/10/2018 13:29,COMPLETE,30/10/2018 07:47,01/11/2018 13:02,06/11/2018,
ZA-00034746,ZAC0021102,26/10/2018 15:55,COMPLETE,28/10/2018 13:46,02/11/2018 04:27,02/11/2018,
ZA-00034747,ZAC0010156,26/10/2018 09:11,COMPLETE,30/10/2018 21:16,11/11/2018 03:48,03/11/2018,
ZA-00034748,ZAC0008228,26/10/2018 19:50,COMPLETE,29/10/2018 02:26,04/11/2018 18:39,01/11/2018,
ZA-00034749,ZAC0017751,26/10/2018 06:56,COMPLETE,29/10/2018 15:16,04/11/2018 23:33,03/11/2018,
ZA-00034750,ZAC0010270,26/10/2018 11:14,COMPLETE,26/10/2018 22:17,29/10/2018 14:14,05/11/2018,
ZA-00034751,ZAC0004223,26/10/2018 21:43,COMPLETE,27/10/2018 14:51,31/10/2018 03:16,30/10/2018,
ZA-00034752,ZAC0020302,26/10/2018 13:22,COMPLETE,28/10/2018 12:12,30/10/2018 00:56,04/11/2018,
ZA-00034753,ZAC0002320,26/10/2018 10:15,COMPLETE,27/10/2018 12:13,30/10/2018 09:03,01/11/2018,
ZA-00034754,ZAC0011111,26/10/2018 06:42,COMPLETE,03/11/2018 00:23,08/11/2018 09:48,07/11/2018,WELCOME10
ZA-00034755,ZAC0009682,26/10/2018 20:19,RETURNED,27/10/2018 09:42,31/10/2018 01:37,06/11/2018,
ZA-00034756,ZAC0000188,26/10/2018 13:16,COMPLETE,27/10/2018 19:50,02/11/2018 18:55,31/10/2018,
ZA-00034757,ZAC0017728,26/10/2018 15:41,COMPLETE,28/10/2018 12:40,03/11/2018 01:53,01/11/2018,
ZA-00034758,ZAC0010924,26/10/2018 11:21,COMPLETE,28/10/2018 04:26,02/11/2018 07:28,02/11/2018,
ZA-00034759,ZAC0005063,26/10/2018 17:18,COMPLETE,30/10/2018 04:30,07/11/2018 18:20,04/11/2018,
ZA-00034760,ZAC0001125,26/10/2018 08:56,COMPLETE,26/10/2018 17:53,01/11/2018 08:05,29/10/2018,
ZA-00034761,ZAC0018702,26/10/2018 10:17,COMPLETE,29/10/2018 09:42,30/10/2018 12:04,02/11/2018,LOYAL5
ZA-00034762,ZAC0005351,26/10/2018 09:42,COMPLETE,29/10/2018 06:12,01/11/2018 03:33,03/11/2018,
ZA-00034763,ZAC0015021,26/10/2018 20:17,COMPLETE,27/10/2018 14:00,03/11/2018 14:31,01/11/2018,LOYAL5
ZA-00034764,ZAC0000638,26/10/2018 14:58,COMPLETE,28/10/2018 01:36,01/11/2018 21:08,31/10/2018,
ZA-00034765,ZAC0015790,26/10/2018 17:46,COMPLETE,28/10/2018 23:38,04/11/2018 21:00,01/11/2018,
ZA-00034766,ZAC0003793,26/10/2018 10:21,COMPLETE,29/10/2018 04:52,05/11/2018 13:45,02/11/2018,
ZA-00034767,ZAC0015323,26/10/2018 17:33,COMPLETE,04/11/2018 01:52,15/11/2018 02:48,09/11/2018,
ZA-00034768,ZAC0015408,26/10/2018 10:19,COMPLETE,28/10/2018 21:52,31/10/2018 17:37,31/10/2018,
ZA-00034769,ZAC0015819,26/10/2018 08:01,COMPLETE,27/10/2018 11:20,29/10/2018 15:54,30/10/2018,
ZA-00034770,ZAC0011364,26/10/2018 21:12,COMPLETE,30/10/2018 05:03,01/11/2018 09:30,06/11/2018,
ZA-00034771,ZAC0012400,26/10/2018 06:43,COMPLETE,28/10/2018 10:36,04/11/2018 21:45,01/11/2018,
ZA-00034772,ZAC0010050,26/10/2018 09:13,COMPLETE,28/10/2018 00:48,31/10/2018 20:28,02/11/2018,
ZA-00034773,ZAC0001002,26/10/2018 17:26,COMPLETE,31/10/2018 00:14,05/11/2018 19:12,04/11/2018,BULK20
ZA-00034774,ZAC0019495,26/10/2018 06:35,COMPLETE,31/10/2018 19:50,03/11/2018 21:03,05/11/2018,
ZA-00034775,ZAC0012367,26/10/2018 17:15,CANCELLED,,,,LOYAL5
ZA-00034776,ZAC0005237,26/10/2018 12:14,COMPLETE,26/10/2018 19:12,27/10/2018 16:40,31/10/2018,
ZA-00034777,ZAC0020206,26/10/2018 12:36,RETURNED,28/10/2018 08:30,29/10/2018 16:10,01/11/2018,
ZA-00034778,ZAC0003522,26/10/2018 19:11,COMPLETE,29/10/2018 04:04,01/11/2018 07:05,01/11/2018,
ZA-00034779,ZAC0013663,26/10/2018 09:43,COMPLETE,28/10/2018 04:10,31/10/2018 16:13,04/11/2018,
ZA-00034780,ZAC0016215,26/10/2018 22:32,COMPLETE,28/10/2018 21:05,01/11/2018 09:08,01/11/2018,
ZA-00034781,ZAC0016027,26/10/2018 20:02,CANCELLED,,,,
ZA-00034782,ZAC0007705,26/10/2018 14:18,COMPLETE,27/10/2018 16:29,31/10/2018 15:31,01/11/2018,
ZA-00034783,ZAC0021335,26/10/2018 22:47,RETURNED,31/10/2018 18:52,04/11/2018 01:29,05/11/2018,
ZA-00034784,ZAC0010419,26/10/2018 16:54,COMPLETE,27/10/2018 09:02,31/10/2018 10:05,01/11/2018,
ZA-00034785,ZAC0014164,26/10/2018 12:15,COMPLETE,29/10/2018 05:21,02/11/2018 03:34,01/11/2018,
ZA-00034786,ZAC0003451,26/10/2018 16:30,COMPLETE,28/10/2018 01:05,29/10/2018 07:34,31/10/2018,
ZA-00034787,ZAC0022441,26/10/2018 17:08,COMPLETE,29/10/2018 12:40,31/10/2018 15:52,03/11/2018,WELCOME10
ZA-00034788,ZAC0013785,26/10/2018 21:15,COMPLETE,28/10/2018 08:34,01/11/2018 03:50,02/11/2018,LOYAL5
ZA-00034789,ZAC0012394,26/10/2018 12:15,COMPLETE,30/10/2018 19:26,02/11/2018 02:10,03/11/2018,
ZA-00034790,ZAC0007013,26/10/2018 07:07,COMPLETE,26/10/2018 18:06,05/11/2018 19:19,30/10/2018,
ZA-00034791,ZAC0001881,26/10/2018 15:00,COMPLETE,31/10/2018 20:38,11/11/2018 15:54,10/11/2018,
ZA-00034792,ZAC0014676,26/10/2018 09:39,DISPATCHED,27/10/2018 17:11,,01/11/2018,
ZA-00034793,ZAC0017845,26/10/2018 07:14,COMPLETE,30/10/2018 18:29,05/11/2018 06:33,03/11/2018,
ZA-00034794,ZAC0003713,26/10/2018 21:53,COMPLETE,30/10/2018 06:20,13/11/2018 12:15,04/11/2018,
ZA-00034795,ZAC0018901,27/10/2018 16:38,COMPLETE,28/10/2018 10:26,31/10/2018 05:52,07/11/2018,
ZA-00034796,ZAC0009941,27/10/2018 18:38,CANCELLED,,,,
ZA-00034797,ZAC0023434,27/10/2018 08:55,COMPLETE,28/10/2018 17:01,04/11/2018 21:43,02/11/2018,
ZA-00034798,ZAC0003585,27/10/2018 21:12,COMPLETE,29/10/2018 07:14,03/11/2018 03:02,03/11/2018,
ZA-00034799,ZAC0017933,27/10/2018 18:03,COMPLETE,28/10/2018 22:15,02/11/2018 16:53,07/11/2018,
ZA-00034800,ZAC0003659,27/10/2018 12:57,RETURNED,28/10/2018 22:54,02/11/2018 11:32,01/11/2018,
ZA-00034801,ZAC0015735,27/10/2018 13:39,COMPLETE,29/10/2018 10:45,08/11/2018 01:04,02/11/2018,
ZA-00034802,ZAC0005585,27/10/2018 15:45,COMPLETE,28/10/2018 02:36,31/10/2018 23:43,02/11/2018,
ZA-00034803,ZAC0018438,27/10/2018 10:19,COMPLETE,28/10/2018 09:38,30/10/2018 14:48,04/11/2018,
ZA-00034804,ZAC0023393,27/10/2018 22:49,COMPLETE,29/10/2018 06:33,31/10/2018 12:04,02/11/2018,
ZA-00034805,ZAC0006555,27/10/2018 07:42,COMPLETE,29/10/2018 20:42,30/10/2018 17:10,02/11/2018,
ZA-00034806,ZAC0008140,27/10/2018 06:56,COMPLETE,28/10/2018 16:32,06/11/2018 07:16,01/11/2018,
ZA-00034807,ZAC0009930,27/10/2018 07:18,COMPLETE,27/10/2018 17:32,30/10/2018 15:45,03/11/2018,
ZA-00034808,ZAC0017948,27/10/2018 10:10,COMPLETE,28/10/2018 20:54,02/11/2018 06:20,01/11/2018,
ZA-00034809,ZAC0008434,27/10/2018 15:53,COMPLETE,30/10/2018 14:23,05/11/2018 13:48,03/11/2018,WELCOME10
ZA-00034810,ZAC0019855,27/10/2018 22:26,COMPLETE,31/10/2018 17:50,04/11/2018 13:33,07/11/2018,
ZA-00034811,ZAC0021421,27/10/2018 06:05,COMPLETE,30/10/2018 14:43,01/11/2018 05:06,03/11/2018,
ZA-00034812,ZAC0019883,27/10/2018 10:47,COMPLETE,01/11/2018 02:58,03/11/2018 18:07,06/11/2018,
ZA-00034813,ZAC0006319,27/10/2018 07:34,COMPLETE,28/10/2018 16:02,02/11/2018 14:52,01/11/2018,
ZA-00034814,ZAC0000319,27/10/2018 15:58,COMPLETE,05/11/2018 19:53,11/11/2018 10:13,09/11/2018,
ZA-00034815,ZAC0005856,27/10/2018 11:59,COMPLETE,27/10/2018 18:59,03/11/2018 16:31,30/10/2018,
ZA-00034816,ZAC0010600,27/10/2018 14:53,COMPLETE,30/10/2018 18:33,04/11/2018 02:15,03/11/2018,
ZA-00034817,ZAC0019243,27/10/2018 18:03,COMPLETE,28/10/2018 01:58,31/10/2018 15:18,07/11/2018,
ZA-00034818,ZAC0001491,27/10/2018 16:28,COMPLETE,28/10/2018 00:53,03/11/2018 06:29,02/11/2018,
ZA-00034819,ZAC0018107,27/10/2018 11:29,COMPLETE,30/10/2018 03:50,04/11/2018 14:39,06/11/2018,
ZA-00034820,ZAC0005056,27/10/2018 20:22,COMPLETE,01/11/2018 12:54,03/11/2018 17:35,04/11/2018,FREESHIP
ZA-00034821,ZAC0001134,27/10/2018 10:50,PENDING,,,,LOYAL5
ZA-00034822,ZAC0000904,27/10/2018 07:35,COMPLETE,28/10/2018 16:03,29/10/2018 20:50,04/11/2018,
ZA-00034823,ZAC0020780,27/10/2018 07:46,COMPLETE,30/10/2018 03:37,01/11/2018 16:51,03/11/2018,
ZA-00034824,ZAC0016258,27/10/2018 14:03,COMPLETE,28/10/2018 22:04,04/11/2018 15:26,01/11/2018,
ZA-00034825,ZAC0000122,27/10/2018 22:33,COMPLETE,28/10/2018 23:09,01/11/2018 02:42,01/11/2018,
ZA-00034826,ZAC0000142,27/10/2018 21:04,COMPLETE,30/10/2018 09:06,05/11/2018 15:51,03/11/2018,
ZA-00034827,ZAC0004887,27/10/2018 06:36,COMPLETE,29/10/2018 02:45,03/11/2018 04:12,03/11/2018,BULK20
ZA-00034828,ZAC0016759,27/10/2018 06:49,COMPLETE,27/10/2018 15:03,29/10/2018 09:40,31/10/2018,
ZA-00034829,ZAC0001905,27/10/2018 17:59,COMPLETE,29/10/2018 20:30,06/11/2018 13:49,02/11/2018,
ZA-00034830,ZAC0015328,27/10/2018 10:31,COMPLETE,01/11/2018 01:07,07/11/2018 14:24,04/11/2018,
ZA-00034831,ZAC0012794,27/10/2018 11:45,CANCELLED,,,,
ZA-00034832,ZAC0003011,27/10/2018 07:54,COMPLETE,30/10/2018 18:47,04/11/2018 22:09,06/11/2018,
ZA-00034833,ZAC0020426,27/10/2018 13:54,COMPLETE,29/10/2018 01:58,31/10/2018 20:27,02/11/2018,LOYAL5
ZA-00034834,ZAC0015555,27/10/2018 11:32,COMPLETE,30/10/2018 01:33,01/11/2018 20:25,04/11/2018,BULK20
ZA-00034835,ZAC0021690,27/10/2018 11:23,COMPLETE,29/10/2018 01:35,01/11/2018 01:10,08/11/2018,WINTER15
ZA-00034836,ZAC0014472,27/10/2018 10:35,COMPLETE,28/10/2018 01:26,01/11/2018 01:59,04/11/2018,
ZA-00034837,ZAC0015025,27/10/2018 16:32,COMPLETE,30/10/2018 21:31,07/11/2018 11:55,06/11/2018,
ZA-00034838,ZAC0020590,27/10/2018 07:10,COMPLETE,28/10/2018 21:16,31/10/2018 18:49,31/10/2018,
ZA-00034839,ZAC0007747,27/10/2018 22:52,COMPLETE,30/10/2018 00:00,31/10/2018 17:43,06/11/2018,
ZA-00034840,ZAC0009804,27/10/2018 21:17,COMPLETE,30/10/2018 20:09,04/11/2018 22:59,04/11/2018,FREESHIP
ZA-00034841,ZAC0003317,27/10/2018 12:40,COMPLETE,30/10/2018 23:09,07/11/2018 17:05,06/11/2018,FREESHIP
ZA-00034842,ZAC0021240,27/10/2018 14:16,COMPLETE,28/10/2018 07:31,30/10/2018 14:48,01/11/2018,
ZA-00034843,ZAC0001282,27/10/2018 09:19,COMPLETE,27/10/2018 18:57,31/10/2018 17:58,01/11/2018,
ZA-00034844,ZAC0005613,28/10/2018 15:29,COMPLETE,29/10/2018 09:10,01/11/2018 06:37,02/11/2018,WINTER15
ZA-00034845,ZAC0016010,28/10/2018 07:15,COMPLETE,30/10/2018 16:09,02/11/2018 17:16,09/11/2018,
ZA-00034846,ZAC0011343,28/10/2018 21:37,COMPLETE,02/11/2018 11:52,02/11/2018 23:33,05/11/2018,
ZA-00034847,ZAC0013447,28/10/2018 14:22,COMPLETE,29/10/2018 05:45,31/10/2018 11:03,02/11/2018,
ZA-00034848,ZAC0002123,28/10/2018 18:05,COMPLETE,03/11/2018 08:20,09/11/2018 22:34,06/11/2018,
ZA-00034849,ZAC0014039,28/10/2018 20:03,CANCELLED,,,,FREESHIP
ZA-00034850,ZAC0020696,28/10/2018 11:59,COMPLETE,30/10/2018 11:21,03/11/2018 02:37,03/11/2018,
ZA-00034851,ZAC0010695,28/10/2018 11:40,COMPLETE,29/10/2018 13:26,02/11/2018 05:57,02/11/2018,
ZA-00034852,ZAC0023972,28/10/2018 06:10,COMPLETE,29/10/2018 06:17,04/11/2018 05:53,03/11/2018,BULK20
ZA-00034853,ZAC0014708,28/10/2018 17:33,COMPLETE,31/10/2018 09:29,04/11/2018 18:21,04/11/2018,FREESHIP
ZA-00034854,ZAC0002375,28/10/2018 06:58,COMPLETE,29/10/2018 21:31,31/10/2018 05:38,05/11/2018,
ZA-00034855,ZAC0007229,28/10/2018 20:26,COMPLETE,02/11/2018 10:09,08/11/2018 19:14,07/11/2018,
ZA-00034856,ZAC0006537,28/10/2018 16:29,COMPLETE,29/10/2018 14:23,30/10/2018 17:34,03/11/2018,
ZA-00034857,ZAC0010075,28/10/2018 08:27,PENDING,,,,
ZA-00034858,ZAC0008621,28/10/2018 14:55,COMPLETE,30/10/2018 11:55,02/11/2018 19:06,09/11/2018,
ZA-00034859,ZAC0004227,28/10/2018 07:55,COMPLETE,29/10/2018 01:56,31/10/2018 10:29,02/11/2018,
ZA-00034860,ZAC0021370,28/10/2018 17:35,COMPLETE,28/10/2018 23:45,31/10/2018 02:55,07/11/2018,
ZA-00034861,ZAC0009327,28/10/2018 17:02,COMPLETE,30/10/2018 06:52,04/11/2018 00:11,02/11/2018,
ZA-00034862,ZAC0005025,28/10/2018 07:44,COMPLETE,02/11/2018 12:52,06/11/2018 03:04,12/11/2018,FREESHIP
ZA-00034863,ZAC0005862,28/10/2018 19:55,COMPLETE,01/11/2018 11:26,06/11/2018 16:38,08/11/2018,
ZA-00034864,ZAC0012404,28/10/2018 21:44,COMPLETE,29/10/2018 18:19,03/11/2018 14:50,05/11/2018,
ZA-00034865,ZAC0002495,28/10/2018 18:25,COMPLETE,31/10/2018 07:13,02/11/2018 21:58,04/11/2018,
ZA-00034866,ZAC0006949,28/10/2018 17:39,COMPLETE,29/10/2018 15:25,31/10/2018 13:36,02/11/2018,
ZA-00034867,ZAC0002536,28/10/2018 21:13,COMPLETE,31/10/2018 01:55,01/11/2018 16:40,05/11/2018,
ZA-00034868,ZAC0020929,28/10/2018 14:54,COMPLETE,31/10/2018 22:04,03/11/2018 09:01,04/11/2018,
ZA-00034869,ZAC0016965,28/10/2018 15:31,COMPLETE,01/11/2018 07:07,15/11/2018 23:59,05/11/2018,
ZA-00034870,ZAC0019865,28/10/2018 21:16,COMPLETE,01/11/2018 06:45,07/11/2018 04:35,08/11/2018,
ZA-00034871,ZAC0018121,28/10/2018 17:56,COMPLETE,31/10/2018 06:35,02/11/2018 02:52,05/11/2018,
ZA-00034872,ZAC0000138,28/10/2018 18:51,COMPLETE,31/10/2018 13:04,04/11/2018 16:12,07/11/2018,
ZA-00034873,ZAC0018080,28/10/2018 13:02,COMPLETE,31/10/2018 12:17,02/11/2018 01:23,10/11/2018,
ZA-00034874,ZAC0022672,28/10/2018 17:29,COMPLETE,03/11/2018 08:20,09/11/2018 21:48,08/11/2018,
ZA-00034875,ZAC0009912,28/10/2018 21:54,COMPLETE,31/10/2018 12:23,02/11/2018 15:26,04/11/2018,
ZA-00034876,ZAC0002493,28/10/2018 18:55,COMPLETE,01/11/2018 22:16,05/11/2018 09:35,08/11/2018,
ZA-00034877,ZAC0006272,28/10/2018 20:37,COMPLETE,31/10/2018 10:10,17/11/2018 11:26,07/11/2018,FLASH25
ZA-00034878,ZAC0008736,28/10/2018 07:23,COMPLETE,02/11/2018 11:48,05/11/2018 07:57,09/11/2018,
ZA-00034879,ZAC0018625,28/10/2018 10:49,COMPLETE,29/10/2018 19:25,01/11/2018 08:38,01/11/2018,
ZA-00034880,ZAC0020755,28/10/2018 15:02,COMPLETE,29/10/2018 10:35,02/11/2018 01:24,02/11/2018,
ZA-00034881,ZAC0019543,28/10/2018 14:55,COMPLETE,29/10/2018 22:42,03/11/2018 22:30,02/11/2018,
ZA-00034882,ZAC0001168,28/10/2018 07:53,COMPLETE,31/10/2018 12:52,04/11/2018 06:29,03/11/2018,
ZA-00034883,ZAC0012152,28/10/2018 20:30,COMPLETE,30/10/2018 15:54,31/10/2018 05:48,03/11/2018,
ZA-00034884,ZAC0017653,28/10/2018 10:18,COMPLETE,29/10/2018 20:36,05/11/2018 04:07,03/11/2018,
ZA-00034885,ZAC0000718,28/10/2018 16:22,COMPLETE,30/10/2018 03:37,16/11/2018 04:06,03/11/2018,FLASH25
ZA-00034886,ZAC0014440,28/10/2018 15:26,COMPLETE,29/10/2018 22:12,02/11/2018 05:17,05/11/2018,
ZA-00034887,ZAC0018064,28/10/2018 19:16,COMPLETE,01/11/2018 20:28,04/11/2018 11:09,08/11/2018,
ZA-00034888,ZAC0003833,28/10/2018 13:31,COMPLETE,30/10/2018 11:59,02/11/2018 13:02,06/11/2018,
ZA-00034889,ZAC0011626,28/10/2018 20:54,COMPLETE,04/11/2018 17:15,07/11/2018 18:11,08/11/2018,FLASH25
ZA-00034890,ZAC0011327,28/10/2018 20:08,CANCELLED,,,,
ZA-00034891,ZAC0009649,28/10/2018 22:45,COMPLETE,30/10/2018 13:24,06/11/2018 21:24,02/11/2018,WINTER15
ZA-00034892,ZAC0015770,28/10/2018 20:07,COMPLETE,31/10/2018 14:11,09/11/2018 21:32,07/11/2018,
ZA-00034893,ZAC0021329,28/10/2018 12:00,COMPLETE,31/10/2018 04:09,08/11/2018 08:35,04/11/2018,
ZA-00034894,ZAC0002441,28/10/2018 15:09,COMPLETE,29/10/2018 22:15,04/11/2018 10:57,03/11/2018,
ZA-00034895,ZAC0016500,29/10/2018 18:22,COMPLETE,31/10/2018 17:04,06/11/2018 01:49,04/11/2018,
ZA-00034896,ZAC0023367,29/10/2018 09:13,COMPLETE,29/10/2018 22:23,05/11/2018 20:43,02/11/2018,
ZA-00034897,ZAC0007832,29/10/2018 13:08,COMPLETE,31/10/2018 07:19,04/11/2018 11:34,10/11/2018,
ZA-00034898,ZAC0012664,29/10/2018 06:19,COMPLETE,30/10/2018 08:42,01/11/2018 19:59,04/11/2018,FLASH25
ZA-00034899,ZAC0005441,29/10/2018 16:53,COMPLETE,30/10/2018 11:44,02/11/2018 22:49,06/11/2018,WINTER15
ZA-00034900,ZAC0013888,29/10/2018 10:19,COMPLETE,30/10/2018 15:53,02/11/2018 23:35,03/11/2018,FLASH25
ZA-00034901,ZAC0004894,29/10/2018 13:50,COMPLETE,02/11/2018 01:01,04/11/2018 14:26,06/11/2018,
ZA-00034902,ZAC0012269,29/10/2018 16:31,COMPLETE,30/10/2018 18:43,01/11/2018 12:54,02/11/2018,
ZA-00034903,ZAC0019639,29/10/2018 14:49,COMPLETE,31/10/2018 12:21,11/11/2018 12:12,03/11/2018,
ZA-00034904,ZAC0013777,29/10/2018 21:08,COMPLETE,01/11/2018 01:06,03/11/2018 13:01,05/11/2018,
ZA-00034905,ZAC0022399,29/10/2018 14:40,COMPLETE,31/10/2018 08:24,04/11/2018 21:08,05/11/2018,
ZA-00034906,ZAC0006394,29/10/2018 22:13,COMPLETE,31/10/2018 11:53,16/11/2018 11:56,10/11/2018,
ZA-00034907,ZAC0017519,29/10/2018 22:22,COMPLETE,31/10/2018 19:18,07/11/2018 01:16,10/11/2018,
ZA-00034908,ZAC0006839,29/10/2018 09:18,COMPLETE,31/10/2018 23:59,05/11/2018 05:59,04/11/2018,
ZA-00034909,ZAC0020098,29/10/2018 14:45,COMPLETE,31/10/2018 04:22,13/11/2018 20:30,05/11/2018,LOYAL5
ZA-00034910,ZAC0002708,29/10/2018 16:09,COMPLETE,03/11/2018 12:27,04/11/2018 18:13,10/11/2018,
ZA-00034911,ZAC0017123,29/10/2018 22:30,COMPLETE,30/10/2018 04:42,02/11/2018 13:33,06/11/2018,
ZA-00034912,ZAC0002595,29/10/2018 14:42,COMPLETE,01/11/2018 01:22,04/11/2018 11:25,08/11/2018,
ZA-00034913,ZAC0011184,29/10/2018 19:55,COMPLETE,30/10/2018 10:51,02/11/2018 09:10,02/11/2018,
ZA-00034914,ZAC0011891,29/10/2018 11:35,COMPLETE,30/10/2018 23:41,06/11/2018 01:50,03/11/2018,
ZA-00034915,ZAC0017593,29/10/2018 09:29,COMPLETE,01/11/2018 20:37,03/11/2018 08:32,11/11/2018,
ZA-00034916,ZAC0013099,29/10/2018 13:08,COMPLETE,31/10/2018 14:48,01/11/2018 16:27,04/11/2018,WELCOME10
ZA-00034917,ZAC0005711,29/10/2018 06:57,COMPLETE,01/11/2018 12:59,05/11/2018 16:35,06/11/2018,FLASH25
ZA-00034918,ZAC0004410,29/10/2018 13:34,COMPLETE,30/10/2018 09:20,01/11/2018 14:39,06/11/2018,WELCOME10
ZA-00034919,ZAC0008379,29/10/2018 18:51,COMPLETE,01/11/2018 23:25,08/11/2018 12:14,06/11/2018,
ZA-00034920,ZAC0021900,29/10/2018 13:13,COMPLETE,31/10/2018 01:01,07/11/2018 02:05,03/11/2018,
ZA-00034921,ZAC0018163,29/10/2018 17:31,COMPLETE,01/11/2018 01:52,03/11/2018 00:56,04/11/2018,
ZA-00034922,ZAC0014754,29/10/2018 16:48,COMPLETE,31/10/2018 05:57,02/11/2018 09:28,04/11/2018,
ZA-00034923,ZAC0016040,29/10/2018 13:54,COMPLETE,30/10/2018 06:09,03/11/2018 15:08,06/11/2018,
ZA-00034924,ZAC0002909,29/10/2018 07:31,COMPLETE,31/10/2018 19:08,05/11/2018 15:22,04/11/2018,BULK20
ZA-00034925,ZAC0017243,29/10/2018 18:30,COMPLETE,31/10/2018 03:03,03/11/2018 10:01,04/11/2018,
ZA-00034926,ZAC0020135,29/10/2018 21:17,COMPLETE,02/11/2018 00:54,05/11/2018 06:47,07/11/2018,
ZA-00034927,ZAC0012312,29/10/2018 11:07,COMPLETE,30/10/2018 20:30,01/11/2018 23:03,03/11/2018,WELCOME10
ZA-00034928,ZAC0017959,29/10/2018 08:16,COMPLETE,30/10/2018 21:08,16/11/2018 03:59,03/11/2018,
ZA-00034929,ZAC0011579,29/10/2018 08:22,COMPLETE,30/10/2018 14:17,02/11/2018 14:59,02/11/2018,
ZA-00034930,ZAC0003769,29/10/2018 12:37,COMPLETE,01/11/2018 09:46,06/11/2018 04:48,08/11/2018,
ZA-00034931,ZAC0013421,29/10/2018 19:38,COMPLETE,01/11/2018 00:59,04/11/2018 07:40,05/11/2018,
ZA-00034932,ZAC0019396,29/10/2018 20:25,COMPLETE,30/10/2018 10:04,07/11/2018 11:56,04/11/2018,
ZA-00034933,ZAC0019601,29/10/2018 16:53,COMPLETE,03/11/2018 06:25,04/11/2018 21:56,07/11/2018,WELCOME10
ZA-00034934,ZAC0023411,29/10/2018 19:56,COMPLETE,01/11/2018 02:49,02/11/2018 08:26,11/11/2018,
ZA-00034935,ZAC0021067,29/10/2018 13:41,COMPLETE,30/10/2018 09:57,02/11/2018 20:02,04/11/2018,FLASH25
ZA-00034936,ZAC0018319,29/10/2018 19:57,COMPLETE,30/10/2018 05:10,05/11/2018 01:25,03/11/2018,
ZA-00034937,ZAC0021957,29/10/2018 21:49,COMPLETE,02/11/2018 16:03,08/11/2018 17:11,06/11/2018,
ZA-00034938,ZAC0007426,29/10/2018 19:22,COMPLETE,31/10/2018 21:46,02/11/2018 11:02,04/11/2018,
ZA-00034939,ZAC0012005,29/10/2018 13:35,COMPLETE,31/10/2018 07:23,02/11/2018 19:42,05/11/2018,
ZA-00034940,ZAC0023045,29/10/2018 11:59,COMPLETE,31/10/2018 00:22,03/11/2018 08:34,04/11/2018,
ZA-00034941,ZAC0014895,29/10/2018 13:52,COMPLETE,30/10/2018 00:06,02/11/2018 13:57,04/11/2018,
ZA-00034942,ZAC0003478,29/10/2018 07:09,COMPLETE,30/10/2018 22:06,09/11/2018 15:28,03/11/2018,
ZA-00034943,ZAC0019515,29/10/2018 14:39,COMPLETE,31/10/2018 16:36,10/11/2018 10:56,04/11/2018,
ZA-00034944,ZAC0012525,29/10/2018 08:39,COMPLETE,29/10/2018 16:59,07/11/2018 16:26,01/11/2018,
ZA-00034945,ZAC0007191,29/10/2018 21:36,COMPLETE,30/10/2018 13:46,01/11/2018 04:44,04/11/2018,
ZA-00034946,ZAC0013417,29/10/2018 10:11,COMPLETE,29/10/2018 15:55,08/11/2018 18:41,02/11/2018,
ZA-00034947,ZAC0023995,29/10/2018 10:30,DISPATCHED,01/11/2018 13:13,,05/11/2018,
ZA-00034948,ZAC0001856,29/10/2018 13:19,COMPLETE,01/11/2018 03:12,08/11/2018 10:44,06/11/2018,
ZA-00034949,ZAC0015291,29/10/2018 21:36,DISPATCHED,01/11/2018 03:39,,04/11/2018,
ZA-00034950,ZAC0012702,29/10/2018 11:46,DISPATCHED,30/10/2018 14:59,,04/11/2018,
ZA-00034951,ZAC0014256,30/10/2018 15:37,COMPLETE,31/10/2018 19:24,04/11/2018 02:17,05/11/2018,
ZA-00034952,ZAC0018710,30/10/2018 22:55,COMPLETE,02/11/2018 18:47,03/11/2018 21:28,06/11/2018,
ZA-00034953,ZAC0016211,30/10/2018 14:44,COMPLETE,02/11/2018 16:17,04/11/2018 15:14,06/11/2018,
ZA-00034954,ZAC0023140,30/10/2018 22:35,COMPLETE,02/11/2018 05:23,07/11/2018 01:44,07/11/2018,WELCOME10
ZA-00034955,ZAC0001750,30/10/2018 17:38,COMPLETE,01/11/2018 13:56,11/11/2018 21:31,05/11/2018,
ZA-00034956,ZAC0000873,30/10/2018 08:51,COMPLETE,03/11/2018 21:44,08/11/2018 17:46,06/11/2018,
ZA-00034957,ZAC0001569,30/10/2018 14:46,COMPLETE,31/10/2018 15:39,01/11/2018 22:17,05/11/2018,
ZA-00034958,ZAC0003513,30/10/2018 18:20,COMPLETE,01/11/2018 07:52,06/11/2018 21:33,06/11/2018,BULK20
ZA-00034959,ZAC0011665,30/10/2018 19:38,COMPLETE,01/11/2018 01:43,04/11/2018 16:26,06/11/2018,BULK20
ZA-00034960,ZAC0015393,30/10/2018 13:12,COMPLETE,01/11/2018 01:47,04/11/2018 13:38,08/11/2018,
ZA-00034961,ZAC0020514,30/10/2018 08:44,COMPLETE,31/10/2018 01:33,06/11/2018 11:16,10/11/2018,
ZA-00034962,ZAC0004259,30/10/2018 06:11,COMPLETE,31/10/2018 13:41,02/11/2018 20:45,03/11/2018,
ZA-00034963,ZAC0017992,30/10/2018 06:25,COMPLETE,03/11/2018 10:17,05/11/2018 04:12,13/11/2018,
ZA-00034964,ZAC0014745,30/10/2018 10:50,COMPLETE,04/11/2018 16:14,07/11/2018 06:26,08/11/2018,
ZA-00034965,ZAC0016273,30/10/2018 10:13,CANCELLED,,,,
ZA-00034966,ZAC0014405,30/10/2018 22:41,COMPLETE,01/11/2018 02:13,13/11/2018 10:33,06/11/2018,
ZA-00034967,ZAC0013225,30/10/2018 12:16,COMPLETE,01/11/2018 14:34,07/11/2018 15:57,08/11/2018,
ZA-00034968,ZAC0007590,30/10/2018 13:26,COMPLETE,31/10/2018 06:42,04/11/2018 15:10,04/11/2018,WINTER15
ZA-00034969,ZAC0009353,30/10/2018 08:22,COMPLETE,31/10/2018 14:21,05/11/2018 09:07,04/11/2018,
ZA-00034970,ZAC0016085,30/10/2018 16:19,COMPLETE,02/11/2018 10:41,06/11/2018 07:08,05/11/2018,
ZA-00034971,ZAC0020035,30/10/2018 16:00,COMPLETE,01/11/2018 13:31,03/11/2018 04:11,04/11/2018,
ZA-00034972,ZAC0022057,30/10/2018 15:18,COMPLETE,31/10/2018 04:21,04/11/2018 02:56,03/11/2018,
ZA-00034973,ZAC0014557,30/10/2018 17:29,COMPLETE,02/11/2018 04:31,07/11/2018 16:12,06/11/2018,
ZA-00034974,ZAC0005178,30/10/2018 12:07,COMPLETE,06/11/2018 08:23,10/11/2018 08:38,09/11/2018,
ZA-00034975,ZAC0018521,30/10/2018 20:45,CANCELLED,,,,
ZA-00034976,ZAC0000939,30/10/2018 11:03,COMPLETE,31/10/2018 13:11,03/11/2018 16:35,05/11/2018,
ZA-00034977,ZAC0016037,30/10/2018 13:53,COMPLETE,02/11/2018 05:04,07/11/2018 00:09,07/11/2018,
ZA-00034978,ZAC0003355,30/10/2018 16:58,COMPLETE,02/11/2018 15:20,11/11/2018 15:14,05/11/2018,WINTER15
ZA-00034979,ZAC0019560,30/10/2018 07:55,COMPLETE,01/11/2018 22:04,05/11/2018 23:06,05/11/2018,
ZA-00034980,ZAC0003394,30/10/2018 07:34,COMPLETE,04/11/2018 14:45,10/11/2018 00:21,08/11/2018,
ZA-00034981,ZAC0010423,30/10/2018 15:27,COMPLETE,02/11/2018 02:03,03/11/2018 16:57,06/11/2018,
ZA-00034982,ZAC0003691,30/10/2018 13:30,COMPLETE,31/10/2018 02:57,04/11/2018 19:26,05/11/2018,
ZA-00034983,ZAC0001115,30/10/2018 16:05,COMPLETE,01/11/2018 19:10,09/11/2018 15:36,08/11/2018,FLASH25
ZA-00034984,ZAC0004176,30/10/2018 14:43,COMPLETE,02/11/2018 04:47,08/11/2018 16:59,05/11/2018,
ZA-00034985,ZAC0001314,30/10/2018 07:43,COMPLETE,31/10/2018 18:13,02/11/2018 05:47,04/11/2018,
ZA-00034986,ZAC0022389,30/10/2018 07:54,COMPLETE,31/10/2018 06:58,02/11/2018 03:37,07/11/2018,
ZA-00034987,ZAC0006822,30/10/2018 11:51,PENDING,,,,
ZA-00034988,ZAC0005843,30/10/2018 20:23,COMPLETE,31/10/2018 05:25,01/11/2018 11:34,10/11/2018,
ZA-00034989,ZAC0020811,30/10/2018 07:23,COMPLETE,03/11/2018 08:43,12/11/2018 10:04,06/11/2018,
ZA-00034990,ZAC0022599,30/10/2018 09:47,COMPLETE,04/11/2018 05:21,05/11/2018 20:43,11/11/2018,BULK20
ZA-00034991,ZAC0011909,30/10/2018 07:22,COMPLETE,30/10/2018 23:10,09/11/2018 14:43,03/11/2018,
ZA-00034992,ZAC0013174,30/10/2018 12:31,COMPLETE,31/10/2018 22:41,06/11/2018 04:36,07/11/2018,
ZA-00034993,ZAC0016801,30/10/2018 16:26,COMPLETE,04/11/2018 21:46,06/11/2018 22:39,07/11/2018,
ZA-00034994,ZAC0001836,30/10/2018 06:10,COMPLETE,04/11/2018 21:05,11/11/2018 17:35,09/11/2018,
ZA-00034995,ZAC0012731,30/10/2018 12:08,COMPLETE,31/10/2018 03:19,04/11/2018 09:07,04/11/2018,
ZA-00034996,ZAC0009136,30/10/2018 12:41,COMPLETE,02/11/2018 13:47,19/11/2018 04:06,09/11/2018,
ZA-00034997,ZAC0009006,30/10/2018 18:57,COMPLETE,02/11/2018 14:02,03/11/2018 15:12,06/11/2018,
ZA-00034998,ZAC0021519,30/10/2018 06:14,COMPLETE,01/11/2018 17:16,05/11/2018 01:34,06/11/2018,
ZA-00034999,ZAC0015179,30/10/2018 11:01,RETURNED,02/11/2018 10:30,04/11/2018 21:27,05/11/2018,
ZA-00035000,ZAC0005539,30/10/2018 16:24,COMPLETE,02/11/2018 04:01,04/11/2018 15:43,06/11/2018,
