ord_ref,buyer_ref,ord_dt,ord_state,dispatch_dt,received_dt,promised_dt,promo_code
ZA-00009402,ZAC0018673,01/11/2017 14:24,COMPLETE,03/11/2017 01:08,07/11/2017 19:32,08/11/2017,
ZA-00009403,ZAC0013011,01/11/2017 14:31,COMPLETE,04/11/2017 10:58,07/11/2017 12:25,07/11/2017,LOYAL5
ZA-00009404,ZAC0019512,01/11/2017 08:21,COMPLETE,04/11/2017 21:02,13/11/2017 01:10,14/11/2017,
ZA-00009405,ZAC0010521,01/11/2017 12:44,COMPLETE,03/11/2017 15:24,08/11/2017 23:55,07/11/2017,
ZA-00009406,ZAC0014646,01/11/2017 08:56,COMPLETE,04/11/2017 16:20,07/11/2017 21:02,09/11/2017,
ZA-00009407,ZAC0022784,01/11/2017 15:14,COMPLETE,05/11/2017 18:29,16/11/2017 12:36,12/11/2017,
ZA-00009408,ZAC0002950,01/11/2017 20:02,COMPLETE,04/11/2017 10:06,08/11/2017 17:42,08/11/2017,BULK20
ZA-00009409,ZAC0016012,01/11/2017 12:25,COMPLETE,02/11/2017 18:00,07/11/2017 04:12,05/11/2017,
ZA-00009410,ZAC0021431,01/11/2017 16:18,COMPLETE,06/11/2017 05:00,12/11/2017 13:07,10/11/2017,
ZA-00009411,ZAC0011597,01/11/2017 08:53,COMPLETE,05/11/2017 10:51,07/11/2017 11:38,09/11/2017,
ZA-00009412,ZAC0007396,01/11/2017 08:37,COMPLETE,03/11/2017 15:31,04/11/2017 13:32,06/11/2017,
ZA-00009413,ZAC0010670,01/11/2017 18:49,COMPLETE,02/11/2017 17:02,04/11/2017 01:11,05/11/2017,FREESHIP
ZA-00009414,ZAC0010911,01/11/2017 21:52,COMPLETE,04/11/2017 02:44,08/11/2017 18:28,07/11/2017,
ZA-00009415,ZAC0008488,01/11/2017 11:43,COMPLETE,03/11/2017 10:28,13/11/2017 15:06,07/11/2017,
ZA-00009416,ZAC0008099,01/11/2017 16:53,COMPLETE,03/11/2017 04:22,05/11/2017 09:52,07/11/2017,
ZA-00009417,ZAC0022968,01/11/2017 12:55,COMPLETE,02/11/2017 23:43,08/11/2017 06:09,05/11/2017,
ZA-00009418,ZAC0016223,01/11/2017 10:40,COMPLETE,03/11/2017 06:33,19/11/2017 12:41,10/11/2017,
ZA-00009419,ZAC0010038,01/11/2017 09:09,COMPLETE,01/11/2017 22:36,10/11/2017 02:46,05/11/2017,
ZA-00009420,ZAC0020380,01/11/2017 14:49,CANCELLED,,,,
ZA-00009421,ZAC0011119,01/11/2017 20:55,COMPLETE,04/11/2017 18:45,07/11/2017 19:38,11/11/2017,FLASH25
ZA-00009422,ZAC0023952,01/11/2017 20:02,COMPLETE,02/11/2017 07:49,03/11/2017 19:21,06/11/2017,FREESHIP
ZA-00009423,ZAC0023957,01/11/2017 22:57,COMPLETE,03/11/2017 01:37,07/11/2017 08:08,06/11/2017,FREESHIP
ZA-00009424,ZAC0004288,01/11/2017 09:27,COMPLETE,02/11/2017 21:56,08/11/2017 19:50,07/11/2017,
ZA-00009425,ZAC0010475,01/11/2017 22:09,COMPLETE,02/11/2017 14:25,08/11/2017 04:39,06/11/2017,
ZA-00009426,ZAC0018425,01/11/2017 19:08,COMPLETE,03/11/2017 13:29,06/11/2017 20:12,06/11/2017,
ZA-00009427,ZAC0011673,01/11/2017 08:54,COMPLETE,03/11/2017 14:40,06/11/2017 02:01,07/11/2017,
ZA-00009428,ZAC0020534,01/11/2017 14:46,RETURNED,08/11/2017 06:39,10/11/2017 12:05,12/11/2017,WELCOME10
ZA-00009429,ZAC0017394,01/11/2017 20:19,COMPLETE,05/11/2017 12:55,09/11/2017 05:14,10/11/2017,LOYAL5
ZA-00009430,ZAC0009961,01/11/2017 21:02,COMPLETE,02/11/2017 23:48,05/11/2017 09:40,09/11/2017,
ZA-00009431,ZAC0023052,01/11/2017 17:29,COMPLETE,05/11/2017 06:57,10/11/2017 02:53,08/11/2017,WINTER15
ZA-00009432,ZAC0009897,01/11/2017 19:19,COMPLETE,04/11/2017 03:26,08/11/2017 03:37,09/11/2017,
ZA-00009433,ZAC0014239,01/11/2017 13:23,COMPLETE,03/11/2017 20:37,11/11/2017 19:12,08/11/2017,
ZA-00009434,ZAC0019120,01/11/2017 08:22,COMPLETE,04/11/2017 15:48,08/11/2017 03:21,08/11/2017,FREESHIP
ZA-00009435,ZAC0011451,01/11/2017 17:30,COMPLETE,03/11/2017 17:16,06/11/2017 13:09,08/11/2017,
ZA-00009436,ZAC0000819,01/11/2017 20:25,COMPLETE,03/11/2017 18:41,04/11/2017 16:11,07/11/2017,
ZA-00009437,ZAC0000248,01/11/2017 20:21,COMPLETE,02/11/2017 13:59,06/11/2017 01:08,07/11/2017,
ZA-00009438,ZAC0014522,01/11/2017 14:13,COMPLETE,04/11/2017 23:36,11/11/2017 18:28,08/11/2017,
ZA-00009439,ZAC0001173,01/11/2017 17:56,COMPLETE,03/11/2017 00:56,06/11/2017 23:45,08/11/2017,FLASH25
ZA-00009440,ZAC0023666,01/11/2017 16:08,COMPLETE,04/11/2017 17:30,13/11/2017 08:56,11/11/2017,
ZA-00009441,ZAC0017781,01/11/2017 17:42,COMPLETE,02/11/2017 00:26,12/11/2017 11:10,06/11/2017,
ZA-00009442,ZAC0009432,01/11/2017 11:11,COMPLETE,02/11/2017 01:08,11/11/2017 07:21,06/11/2017,BULK20
ZA-00009443,ZAC0014749,01/11/2017 12:04,RETURNED,05/11/2017 12:46,08/11/2017 01:38,12/11/2017,WELCOME10
ZA-00009444,ZAC0000240,01/11/2017 14:10,COMPLETE,03/11/2017 04:16,04/11/2017 13:35,07/11/2017,FREESHIP
ZA-00009445,ZAC0005882,01/11/2017 16:01,COMPLETE,03/11/2017 11:21,13/11/2017 21:48,08/11/2017,FLASH25
ZA-00009446,ZAC0004814,01/11/2017 16:56,COMPLETE,05/11/2017 18:30,11/11/2017 11:33,12/11/2017,
ZA-00009447,ZAC0020782,01/11/2017 15:24,COMPLETE,03/11/2017 19:11,11/11/2017 04:15,08/11/2017,
ZA-00009448,ZAC0014689,01/11/2017 10:43,COMPLETE,02/11/2017 02:31,04/11/2017 02:18,12/11/2017,
ZA-00009449,ZAC0020508,01/11/2017 18:01,COMPLETE,02/11/2017 23:59,11/11/2017 03:44,07/11/2017,
ZA-00009450,ZAC0023936,01/11/2017 20:21,COMPLETE,06/11/2017 10:27,11/11/2017 05:19,10/11/2017,WINTER15
ZA-00009451,ZAC0001741,01/11/2017 08:28,COMPLETE,02/11/2017 16:18,08/11/2017 04:43,12/11/2017,
ZA-00009452,ZAC0009996,01/11/2017 22:28,COMPLETE,04/11/2017 16:28,06/11/2017 10:04,09/11/2017,
ZA-00009453,ZAC0002656,01/11/2017 17:20,COMPLETE,02/11/2017 21:44,11/11/2017 06:59,12/11/2017,
ZA-00009454,ZAC0002945,01/11/2017 17:51,COMPLETE,02/11/2017 12:11,03/11/2017 05:07,06/11/2017,
ZA-00009455,ZAC0013481,01/11/2017 11:22,COMPLETE,02/11/2017 00:33,07/11/2017 06:20,06/11/2017,
ZA-00009456,ZAC0017140,01/11/2017 19:18,COMPLETE,03/11/2017 15:32,06/11/2017 10:26,08/11/2017,
ZA-00009457,ZAC0010578,01/11/2017 22:51,COMPLETE,08/11/2017 13:31,14/11/2017 12:29,18/11/2017,
ZA-00009458,ZAC0019009,01/11/2017 18:21,COMPLETE,02/11/2017 10:14,06/11/2017 15:24,06/11/2017,
ZA-00009459,ZAC0002441,01/11/2017 09:53,COMPLETE,06/11/2017 02:46,16/11/2017 10:14,11/11/2017,
ZA-00009460,ZAC0007941,01/11/2017 17:42,COMPLETE,05/11/2017 06:46,08/11/2017 00:16,09/11/2017,
ZA-00009461,ZAC0022957,01/11/2017 17:24,COMPLETE,02/11/2017 18:45,08/11/2017 10:24,07/11/2017,
ZA-00009462,ZAC0014259,01/11/2017 09:20,PENDING,,,,
ZA-00009463,ZAC0014568,01/11/2017 18:04,COMPLETE,05/11/2017 03:35,09/11/2017 10:54,09/11/2017,
ZA-00009464,ZAC0015432,01/11/2017 10:25,COMPLETE,02/11/2017 07:13,06/11/2017 08:59,06/11/2017,
ZA-00009465,ZAC0005776,02/11/2017 16:11,COMPLETE,03/11/2017 21:09,12/11/2017 01:00,07/11/2017,BULK20
ZA-00009466,ZAC0014792,02/11/2017 12:20,COMPLETE,03/11/2017 12:37,07/11/2017 20:44,06/11/2017,FLASH25
ZA-00009467,ZAC0023068,02/11/2017 17:55,PENDING,,,,
ZA-00009468,ZAC0009249,02/11/2017 16:39,COMPLETE,04/11/2017 00:07,10/11/2017 04:05,07/11/2017,
ZA-00009469,ZAC0020824,02/11/2017 15:05,COMPLETE,06/11/2017 14:23,11/11/2017 21:52,10/11/2017,BULK20
ZA-00009470,ZAC0006967,02/11/2017 10:07,COMPLETE,05/11/2017 11:10,17/11/2017 09:41,09/11/2017,WELCOME10
ZA-00009471,ZAC0014859,02/11/2017 13:41,COMPLETE,04/11/2017 02:42,10/11/2017 13:39,11/11/2017,
ZA-00009472,ZAC0007866,02/11/2017 07:10,COMPLETE,03/11/2017 10:21,06/11/2017 12:05,07/11/2017,
ZA-00009473,ZAC0008871,02/11/2017 17:30,COMPLETE,03/11/2017 21:45,07/11/2017 04:07,06/11/2017,
ZA-00009474,ZAC0021605,02/11/2017 12:05,COMPLETE,03/11/2017 12:15,08/11/2017 14:35,13/11/2017,WINTER15
ZA-00009475,ZAC0016131,02/11/2017 22:38,COMPLETE,06/11/2017 16:35,17/11/2017 19:28,11/11/2017,WINTER15
ZA-00009476,ZAC0009003,02/11/2017 15:44,COMPLETE,05/11/2017 01:57,19/11/2017 06:20,09/11/2017,
ZA-00009477,ZAC0016504,02/11/2017 21:38,COMPLETE,04/11/2017 07:25,07/11/2017 09:46,09/11/2017,
ZA-00009478,ZAC0004279,02/11/2017 18:52,COMPLETE,03/11/2017 14:41,09/11/2017 20:06,07/11/2017,
ZA-00009479,ZAC0020041,02/11/2017 16:31,COMPLETE,04/11/2017 01:53,07/11/2017 00:21,09/11/2017,
ZA-00009480,ZAC0020724,02/11/2017 08:02,COMPLETE,04/11/2017 15:37,08/11/2017 08:13,09/11/2017,
ZA-00009481,ZAC0000242,02/11/2017 17:27,COMPLETE,06/11/2017 08:36,09/11/2017 18:12,11/11/2017,
ZA-00009482,ZAC0005946,02/11/2017 06:22,COMPLETE,03/11/2017 10:08,13/11/2017 13:20,13/11/2017,
ZA-00009483,ZAC0005154,02/11/2017 22:18,COMPLETE,04/11/2017 18:35,06/11/2017 13:34,08/11/2017,
ZA-00009484,ZAC0022237,02/11/2017 17:32,COMPLETE,08/11/2017 04:26,13/11/2017 22:35,15/11/2017,
ZA-00009485,ZAC0016956,02/11/2017 13:08,PENDING,,,,
ZA-00009486,ZAC0018824,02/11/2017 15:05,COMPLETE,04/11/2017 03:56,10/11/2017 00:16,08/11/2017,BULK20
ZA-00009487,ZAC0023358,02/11/2017 14:14,COMPLETE,03/11/2017 03:10,05/11/2017 18:14,06/11/2017,
ZA-00009488,ZAC0022970,02/11/2017 12:10,COMPLETE,04/11/2017 05:57,05/11/2017 18:20,07/11/2017,
ZA-00009489,ZAC0007801,02/11/2017 22:36,COMPLETE,05/11/2017 07:37,10/11/2017 09:43,09/11/2017,
ZA-00009490,ZAC0001901,02/11/2017 14:02,CANCELLED,,,,LOYAL5
ZA-00009491,ZAC0013965,02/11/2017 16:46,COMPLETE,04/11/2017 08:34,12/11/2017 03:58,07/11/2017,
ZA-00009492,ZAC0019588,02/11/2017 17:38,COMPLETE,04/11/2017 18:11,12/11/2017 16:41,07/11/2017,WELCOME10
ZA-00009493,ZAC0002169,02/11/2017 11:23,DISPATCHED,03/11/2017 16:20,,06/11/2017,
ZA-00009494,ZAC0005297,02/11/2017 12:50,COMPLETE,04/11/2017 08:03,06/11/2017 13:42,07/11/2017,
ZA-00009495,ZAC0019033,02/11/2017 21:48,COMPLETE,05/11/2017 20:34,11/11/2017 21:50,08/11/2017,
ZA-00009496,ZAC0015900,02/11/2017 09:38,COMPLETE,02/11/2017 22:15,06/11/2017 00:33,09/11/2017,
ZA-00009497,ZAC0020374,02/11/2017 16:53,COMPLETE,04/11/2017 07:30,08/11/2017 16:44,09/11/2017,WELCOME10
ZA-00009498,ZAC0007535,02/11/2017 10:27,CANCELLED,,,,
ZA-00009499,ZAC0006476,02/11/2017 07:16,COMPLETE,06/11/2017 13:23,11/11/2017 08:22,10/11/2017,
ZA-00009500,ZAC0006477,02/11/2017 13:11,COMPLETE,03/11/2017 04:25,04/11/2017 18:43,10/11/2017,BULK20
ZA-00009501,ZAC0012427,02/11/2017 10:02,COMPLETE,05/11/2017 11:16,09/11/2017 17:42,09/11/2017,
ZA-00009502,ZAC0019805,02/11/2017 12:21,COMPLETE,06/11/2017 21:23,10/11/2017 13:40,11/11/2017,
ZA-00009503,ZAC0013087,02/11/2017 18:47,COMPLETE,04/11/2017 15:21,07/11/2017 23:24,08/11/2017,
ZA-00009504,ZAC0010932,02/11/2017 16:50,COMPLETE,04/11/2017 05:42,07/11/2017 19:49,09/11/2017,
ZA-00009505,ZAC0020244,02/11/2017 22:38,DISPATCHED,04/11/2017 11:41,,07/11/2017,
ZA-00009506,ZAC0012639,02/11/2017 20:07,COMPLETE,05/11/2017 14:09,07/11/2017 07:50,08/11/2017,WELCOME10
ZA-00009507,ZAC0005001,02/11/2017 06:45,COMPLETE,02/11/2017 16:25,06/11/2017 08:58,09/11/2017,
ZA-00009508,ZAC0007054,02/11/2017 07:16,COMPLETE,04/11/2017 12:50,11/11/2017 00:29,08/11/2017,
ZA-00009509,ZAC0021596,02/11/2017 10:38,COMPLETE,05/11/2017 02:38,15/11/2017 22:53,09/11/2017,
ZA-00009510,ZAC0011761,02/11/2017 08:33,COMPLETE,05/11/2017 08:05,08/11/2017 05:30,10/11/2017,
ZA-00009511,ZAC0002403,02/11/2017 15:26,COMPLETE,03/11/2017 22:52,11/11/2017 16:49,07/11/2017,
ZA-00009512,ZAC0002551,02/11/2017 11:28,COMPLETE,03/11/2017 19:54,08/11/2017 16:08,07/11/2017,
ZA-00009513,ZAC0011776,02/11/2017 17:18,COMPLETE,09/11/2017 17:11,11/11/2017 20:47,12/11/2017,FLASH25
ZA-00009514,ZAC0018338,02/11/2017 18:50,COMPLETE,03/11/2017 20:06,09/11/2017 06:11,06/11/2017,
ZA-00009515,ZAC0014582,02/11/2017 19:11,COMPLETE,03/11/2017 06:24,06/11/2017 00:08,10/11/2017,
ZA-00009516,ZAC0007679,02/11/2017 15:57,COMPLETE,04/11/2017 17:53,08/11/2017 09:54,07/11/2017,
ZA-00009517,ZAC0015870,02/11/2017 06:21,COMPLETE,04/11/2017 21:11,09/11/2017 01:59,14/11/2017,
ZA-00009518,ZAC0000153,02/11/2017 06:33,COMPLETE,04/11/2017 06:37,06/11/2017 01:44,11/11/2017,
ZA-00009519,ZAC0001831,02/11/2017 11:14,COMPLETE,03/11/2017 19:29,06/11/2017 01:11,08/11/2017,LOYAL5
ZA-00009520,ZAC0012945,02/11/2017 22:29,COMPLETE,06/11/2017 23:40,10/11/2017 09:04,10/11/2017,WELCOME10
ZA-00009521,ZAC0022523,02/11/2017 22:30,COMPLETE,05/11/2017 02:50,10/11/2017 06:06,09/11/2017,
ZA-00009522,ZAC0021427,02/11/2017 19:51,COMPLETE,04/11/2017 22:40,09/11/2017 23:27,08/11/2017,
ZA-00009523,ZAC0019821,02/11/2017 06:34,COMPLETE,03/11/2017 06:58,05/11/2017 13:17,13/11/2017,
ZA-00009524,ZAC0021245,02/11/2017 11:11,COMPLETE,03/11/2017 20:23,07/11/2017 15:37,08/11/2017,
ZA-00009525,ZAC0019995,03/11/2017 14:16,COMPLETE,06/11/2017 10:15,07/11/2017 09:30,10/11/2017,BULK20
ZA-00009526,ZAC0020401,03/11/2017 12:13,COMPLETE,05/11/2017 03:46,07/11/2017 09:33,10/11/2017,FREESHIP
ZA-00009527,ZAC0018755,03/11/2017 07:57,COMPLETE,04/11/2017 07:22,06/11/2017 09:18,07/11/2017,
ZA-00009528,ZAC0005069,03/11/2017 13:10,DISPATCHED,04/11/2017 16:27,,07/11/2017,BULK20
ZA-00009529,ZAC0015361,03/11/2017 20:20,COMPLETE,03/11/2017 23:16,04/11/2017 23:14,10/11/2017,
ZA-00009530,ZAC0002680,03/11/2017 22:30,COMPLETE,06/11/2017 19:34,18/11/2017 18:30,10/11/2017,
ZA-00009531,ZAC0009127,03/11/2017 16:28,COMPLETE,04/11/2017 06:52,09/11/2017 17:17,07/11/2017,
ZA-00009532,ZAC0023299,03/11/2017 17:52,COMPLETE,04/11/2017 10:23,09/11/2017 09:08,11/11/2017,
ZA-00009533,ZAC0005045,03/11/2017 22:48,COMPLETE,05/11/2017 17:01,07/11/2017 05:16,08/11/2017,
ZA-00009534,ZAC0020611,03/11/2017 15:16,COMPLETE,04/11/2017 22:43,09/11/2017 03:54,08/11/2017,
ZA-00009535,ZAC0000758,03/11/2017 09:19,COMPLETE,06/11/2017 06:55,08/11/2017 08:31,10/11/2017,
ZA-00009536,ZAC0014008,03/11/2017 13:28,DISPATCHED,09/11/2017 06:06,,12/11/2017,
ZA-00009537,ZAC0004796,03/11/2017 07:30,COMPLETE,04/11/2017 05:43,09/11/2017 20:22,07/11/2017,
ZA-00009538,ZAC0008337,03/11/2017 20:49,COMPLETE,05/11/2017 02:14,05/11/2017 17:43,15/11/2017,
ZA-00009539,ZAC0000133,03/11/2017 07:06,COMPLETE,05/11/2017 00:06,10/11/2017 12:16,09/11/2017,
ZA-00009540,ZAC0003058,03/11/2017 21:50,COMPLETE,07/11/2017 10:04,09/11/2017 13:17,11/11/2017,FLASH25
ZA-00009541,ZAC0003156,03/11/2017 07:01,COMPLETE,03/11/2017 17:49,05/11/2017 04:14,07/11/2017,LOYAL5
ZA-00009542,ZAC0009588,03/11/2017 22:30,COMPLETE,04/11/2017 16:51,07/11/2017 07:25,11/11/2017,
ZA-00009543,ZAC0021717,03/11/2017 09:24,COMPLETE,06/11/2017 23:30,14/11/2017 03:53,09/11/2017,WELCOME10
ZA-00009544,ZAC0023827,03/11/2017 19:03,COMPLETE,04/11/2017 11:42,07/11/2017 10:16,07/11/2017,
ZA-00009545,ZAC0012422,03/11/2017 08:51,COMPLETE,05/11/2017 17:16,08/11/2017 21:53,12/11/2017,
ZA-00009546,ZAC0014457,03/11/2017 11:54,COMPLETE,05/11/2017 07:52,09/11/2017 15:23,10/11/2017,
ZA-00009547,ZAC0023955,03/11/2017 09:11,COMPLETE,07/11/2017 07:16,15/11/2017 06:29,10/11/2017,
ZA-00009548,ZAC0009748,03/11/2017 18:36,COMPLETE,10/11/2017 09:00,11/11/2017 06:01,15/11/2017,
ZA-00009549,ZAC0010472,03/11/2017 22:12,COMPLETE,04/11/2017 02:28,05/11/2017 23:52,09/11/2017,
ZA-00009550,ZAC0017944,03/11/2017 07:48,COMPLETE,03/11/2017 20:32,05/11/2017 05:29,07/11/2017,
ZA-00009551,ZAC0011023,03/11/2017 09:15,COMPLETE,03/11/2017 12:56,06/11/2017 07:06,10/11/2017,
ZA-00009552,ZAC0004863,03/11/2017 13:29,COMPLETE,04/11/2017 18:59,11/11/2017 13:33,09/11/2017,
ZA-00009553,ZAC0023480,03/11/2017 20:37,COMPLETE,04/11/2017 10:39,13/11/2017 14:25,11/11/2017,FLASH25
ZA-00009554,ZAC0003382,03/11/2017 06:48,COMPLETE,07/11/2017 00:24,13/11/2017 03:43,12/11/2017,WELCOME10
ZA-00009555,ZAC0010010,03/11/2017 12:24,COMPLETE,05/11/2017 00:59,08/11/2017 03:47,12/11/2017,
ZA-00009556,ZAC0000813,03/11/2017 11:11,COMPLETE,04/11/2017 14:50,15/11/2017 14:03,09/11/2017,
ZA-00009557,ZAC0022727,03/11/2017 22:52,COMPLETE,05/11/2017 23:49,08/11/2017 14:21,08/11/2017,
ZA-00009558,ZAC0019371,03/11/2017 06:29,COMPLETE,08/11/2017 13:01,11/11/2017 21:14,13/11/2017,
ZA-00009559,ZAC0013977,03/11/2017 15:44,COMPLETE,06/11/2017 06:56,14/11/2017 02:21,09/11/2017,
ZA-00009560,ZAC0006738,03/11/2017 11:41,COMPLETE,05/11/2017 14:12,10/11/2017 07:19,09/11/2017,
ZA-00009561,ZAC0023440,03/11/2017 09:49,COMPLETE,07/11/2017 01:39,11/11/2017 04:13,12/11/2017,
ZA-00009562,ZAC0022455,03/11/2017 13:27,DISPATCHED,04/11/2017 18:37,,08/11/2017,
ZA-00009563,ZAC0010185,03/11/2017 14:55,COMPLETE,05/11/2017 13:10,07/11/2017 07:16,15/11/2017,
ZA-00009564,ZAC0015011,03/11/2017 13:55,COMPLETE,04/11/2017 20:10,12/11/2017 03:05,14/11/2017,WELCOME10
ZA-00009565,ZAC0011947,03/11/2017 10:10,COMPLETE,05/11/2017 01:34,06/11/2017 23:07,10/11/2017,
ZA-00009566,ZAC0006977,03/11/2017 14:52,CANCELLED,,,,
ZA-00009567,ZAC0007164,03/11/2017 14:55,COMPLETE,04/11/2017 09:53,05/11/2017 17:30,09/11/2017,WINTER15
ZA-00009568,ZAC0015910,03/11/2017 07:55,COMPLETE,04/11/2017 14:33,14/11/2017 13:46,11/11/2017,
ZA-00009569,ZAC0016380,03/11/2017 08:35,COMPLETE,05/11/2017 04:55,18/11/2017 22:28,10/11/2017,
ZA-00009570,ZAC0003320,03/11/2017 11:00,COMPLETE,04/11/2017 23:54,09/11/2017 17:24,11/11/2017,
ZA-00009571,ZAC0018727,03/11/2017 16:56,COMPLETE,06/11/2017 03:47,12/11/2017 20:30,10/11/2017,
ZA-00009572,ZAC0020563,03/11/2017 18:11,COMPLETE,05/11/2017 20:47,11/11/2017 19:49,10/11/2017,
ZA-00009573,ZAC0002159,03/11/2017 07:47,COMPLETE,04/11/2017 10:35,08/11/2017 04:10,08/11/2017,BULK20
ZA-00009574,ZAC0000188,03/11/2017 22:54,COMPLETE,04/11/2017 04:53,11/11/2017 21:00,07/11/2017,
ZA-00009575,ZAC0000882,03/11/2017 16:51,COMPLETE,06/11/2017 06:27,19/11/2017 11:35,10/11/2017,
ZA-00009576,ZAC0012106,03/11/2017 13:44,COMPLETE,04/11/2017 05:14,08/11/2017 20:23,07/11/2017,LOYAL5
ZA-00009577,ZAC0002665,03/11/2017 15:08,COMPLETE,04/11/2017 01:47,09/11/2017 08:12,08/11/2017,
ZA-00009578,ZAC0004139,04/11/2017 14:18,COMPLETE,05/11/2017 10:07,10/11/2017 14:26,08/11/2017,LOYAL5
ZA-00009579,ZAC0018693,04/11/2017 07:08,COMPLETE,07/11/2017 09:08,10/11/2017 01:30,14/11/2017,
ZA-00009580,ZAC0008784,04/11/2017 16:18,COMPLETE,07/11/2017 10:16,12/11/2017 23:17,17/11/2017,
ZA-00009581,ZAC0019317,04/11/2017 19:49,COMPLETE,06/11/2017 13:45,11/11/2017 03:21,16/11/2017,
ZA-00009582,ZAC0014660,04/11/2017 08:32,COMPLETE,04/11/2017 20:14,06/11/2017 14:55,09/11/2017,
ZA-00009583,ZAC0016292,04/11/2017 22:02,CANCELLED,,,,WINTER15
ZA-00009584,ZAC0017066,04/11/2017 15:35,PENDING,,,,
ZA-00009585,ZAC0004894,04/11/2017 06:11,COMPLETE,05/11/2017 14:26,09/11/2017 00:48,12/11/2017,
ZA-00009586,ZAC0004817,04/11/2017 19:53,COMPLETE,06/11/2017 16:38,17/11/2017 21:18,11/11/2017,
ZA-00009587,ZAC0023470,04/11/2017 09:51,COMPLETE,05/11/2017 13:51,12/11/2017 02:12,12/11/2017,FLASH25
ZA-00009588,ZAC0008061,04/11/2017 15:29,DISPATCHED,05/11/2017 15:53,,12/11/2017,LOYAL5
ZA-00009589,ZAC0017356,04/11/2017 06:35,COMPLETE,07/11/2017 16:43,16/11/2017 14:47,14/11/2017,LOYAL5
ZA-00009590,ZAC0007337,04/11/2017 08:42,COMPLETE,05/11/2017 16:58,11/11/2017 23:31,08/11/2017,FLASH25
ZA-00009591,ZAC0010573,04/11/2017 06:01,COMPLETE,06/11/2017 12:18,07/11/2017 09:13,11/11/2017,FREESHIP
ZA-00009592,ZAC0010232,04/11/2017 06:18,COMPLETE,07/11/2017 03:53,18/11/2017 23:50,12/11/2017,
ZA-00009593,ZAC0007953,04/11/2017 14:47,COMPLETE,05/11/2017 06:41,10/11/2017 21:52,08/11/2017,
ZA-00009594,ZAC0017654,04/11/2017 07:26,COMPLETE,06/11/2017 14:05,08/11/2017 14:01,10/11/2017,FREESHIP
ZA-00009595,ZAC0003162,04/11/2017 13:11,COMPLETE,11/11/2017 20:51,15/11/2017 19:06,15/11/2017,FREESHIP
ZA-00009596,ZAC0020319,04/11/2017 21:06,COMPLETE,05/11/2017 13:38,07/11/2017 05:59,12/11/2017,
ZA-00009597,ZAC0020773,04/11/2017 14:08,COMPLETE,06/11/2017 05:04,14/11/2017 23:19,09/11/2017,
ZA-00009598,ZAC0017178,04/11/2017 19:47,COMPLETE,05/11/2017 17:56,10/11/2017 01:32,12/11/2017,
ZA-00009599,ZAC0007539,04/11/2017 22:06,COMPLETE,06/11/2017 14:22,07/11/2017 03:15,10/11/2017,
ZA-00009600,ZAC0023020,04/11/2017 22:26,COMPLETE,05/11/2017 09:01,08/11/2017 05:01,08/11/2017,
ZA-00009601,ZAC0021138,04/11/2017 22:25,COMPLETE,05/11/2017 23:48,13/11/2017 18:23,08/11/2017,
ZA-00009602,ZAC0012363,04/11/2017 20:16,COMPLETE,07/11/2017 06:04,10/11/2017 09:46,12/11/2017,
ZA-00009603,ZAC0014767,04/11/2017 20:43,COMPLETE,08/11/2017 13:00,09/11/2017 10:57,11/11/2017,LOYAL5
ZA-00009604,ZAC0001314,04/11/2017 11:32,COMPLETE,07/11/2017 06:52,17/11/2017 06:34,10/11/2017,
ZA-00009605,ZAC0002863,04/11/2017 10:40,COMPLETE,08/11/2017 10:10,10/11/2017 22:38,13/11/2017,
ZA-00009606,ZAC0021298,04/11/2017 22:08,COMPLETE,11/11/2017 10:37,24/11/2017 21:17,16/11/2017,
ZA-00009607,ZAC0020056,04/11/2017 15:05,COMPLETE,06/11/2017 20:21,14/11/2017 23:40,13/11/2017,
ZA-00009608,ZAC0016534,04/11/2017 06:28,COMPLETE,08/11/2017 07:01,10/11/2017 06:37,12/11/2017,
ZA-00009609,ZAC0017427,04/11/2017 07:01,COMPLETE,08/11/2017 16:48,11/11/2017 13:20,12/11/2017,WINTER15
ZA-00009610,ZAC0021678,04/11/2017 14:21,COMPLETE,05/11/2017 19:23,07/11/2017 05:14,08/11/2017,
ZA-00009611,ZAC0010455,04/11/2017 16:23,COMPLETE,06/11/2017 06:44,08/11/2017 01:27,13/11/2017,
ZA-00009612,ZAC0020589,04/11/2017 13:27,COMPLETE,07/11/2017 11:28,08/11/2017 20:55,11/11/2017,
ZA-00009613,ZAC0020882,04/11/2017 07:07,COMPLETE,05/11/2017 23:22,13/11/2017 19:31,08/11/2017,
ZA-00009614,ZAC0011878,04/11/2017 12:25,COMPLETE,05/11/2017 09:58,08/11/2017 23:43,12/11/2017,
ZA-00009615,ZAC0001764,04/11/2017 17:37,COMPLETE,05/11/2017 23:39,14/11/2017 10:55,08/11/2017,
ZA-00009616,ZAC0011243,04/11/2017 11:27,COMPLETE,08/11/2017 00:20,22/11/2017 14:09,15/11/2017,
ZA-00009617,ZAC0020488,04/11/2017 08:06,COMPLETE,09/11/2017 15:57,23/11/2017 19:16,14/11/2017,
ZA-00009618,ZAC0014530,04/11/2017 20:23,COMPLETE,09/11/2017 04:32,11/11/2017 00:00,14/11/2017,
ZA-00009619,ZAC0014592,04/11/2017 22:33,COMPLETE,09/11/2017 11:23,12/11/2017 07:57,13/11/2017,
ZA-00009620,ZAC0003119,04/11/2017 09:09,COMPLETE,06/11/2017 10:54,12/11/2017 07:28,10/11/2017,
ZA-00009621,ZAC0019836,04/11/2017 10:39,COMPLETE,05/11/2017 05:12,06/11/2017 08:43,09/11/2017,LOYAL5
ZA-00009622,ZAC0002490,04/11/2017 22:03,COMPLETE,05/11/2017 21:55,08/11/2017 02:17,09/11/2017,
ZA-00009623,ZAC0016884,04/11/2017 20:07,COMPLETE,10/11/2017 12:09,11/11/2017 07:15,20/11/2017,WINTER15
ZA-00009624,ZAC0010644,04/11/2017 15:44,COMPLETE,05/11/2017 13:16,10/11/2017 23:32,09/11/2017,
ZA-00009625,ZAC0007613,04/11/2017 22:09,CANCELLED,,,,
ZA-00009626,ZAC0008379,04/11/2017 20:10,COMPLETE,05/11/2017 13:47,06/11/2017 07:42,12/11/2017,
ZA-00009627,ZAC0016968,04/11/2017 19:22,COMPLETE,05/11/2017 07:31,12/11/2017 17:45,10/11/2017,
ZA-00009628,ZAC0006423,04/11/2017 08:25,PENDING,,,,
ZA-00009629,ZAC0001390,04/11/2017 14:55,COMPLETE,06/11/2017 22:44,09/11/2017 13:51,13/11/2017,
ZA-00009630,ZAC0018887,05/11/2017 18:00,COMPLETE,12/11/2017 13:14,15/11/2017 00:35,17/11/2017,
ZA-00009631,ZAC0003970,05/11/2017 13:23,COMPLETE,08/11/2017 02:21,10/11/2017 02:51,18/11/2017,FREESHIP
ZA-00009632,ZAC0023920,05/11/2017 06:56,COMPLETE,06/11/2017 07:24,09/11/2017 19:48,16/11/2017,
ZA-00009633,ZAC0023625,05/11/2017 08:45,COMPLETE,09/11/2017 13:46,10/11/2017 02:20,13/11/2017,FLASH25
ZA-00009634,ZAC0002541,05/11/2017 11:15,COMPLETE,06/11/2017 00:04,08/11/2017 11:27,11/11/2017,
ZA-00009635,ZAC0015188,05/11/2017 10:36,COMPLETE,06/11/2017 12:42,11/11/2017 12:53,09/11/2017,
ZA-00009636,ZAC0011472,05/11/2017 10:21,CANCELLED,,,,
ZA-00009637,ZAC0022466,05/11/2017 21:49,CANCELLED,,,,FLASH25
ZA-00009638,ZAC0011043,05/11/2017 22:10,COMPLETE,11/11/2017 22:12,17/11/2017 08:39,18/11/2017,
ZA-00009639,ZAC0019567,05/11/2017 21:12,COMPLETE,06/11/2017 20:41,09/11/2017 18:22,10/11/2017,
ZA-00009640,ZAC0005166,05/11/2017 15:56,COMPLETE,09/11/2017 16:24,14/11/2017 02:19,16/11/2017,
ZA-00009641,ZAC0007829,05/11/2017 18:12,COMPLETE,06/11/2017 22:31,12/11/2017 09:22,10/11/2017,FLASH25
ZA-00009642,ZAC0020277,05/11/2017 16:18,CANCELLED,,,,
ZA-00009643,ZAC0021635,05/11/2017 16:53,COMPLETE,10/11/2017 21:12,18/11/2017 16:26,17/11/2017,
ZA-00009644,ZAC0010836,05/11/2017 14:15,COMPLETE,07/11/2017 21:44,11/11/2017 11:35,14/11/2017,
ZA-00009645,ZAC0008483,05/11/2017 14:44,COMPLETE,08/11/2017 04:33,10/11/2017 10:40,13/11/2017,WINTER15
ZA-00009646,ZAC0005969,05/11/2017 11:00,COMPLETE,06/11/2017 18:35,10/11/2017 13:59,10/11/2017,WELCOME10
ZA-00009647,ZAC0021885,05/11/2017 10:39,COMPLETE,07/11/2017 01:56,12/11/2017 20:14,11/11/2017,
ZA-00009648,ZAC0003834,05/11/2017 19:04,COMPLETE,06/11/2017 19:37,07/11/2017 08:02,13/11/2017,
ZA-00009649,ZAC0003506,05/11/2017 13:14,COMPLETE,06/11/2017 07:00,10/11/2017 10:09,10/11/2017,
ZA-00009650,ZAC0022344,05/11/2017 15:55,COMPLETE,07/11/2017 07:40,09/11/2017 04:31,14/11/2017,
ZA-00009651,ZAC0004433,05/11/2017 07:11,COMPLETE,09/11/2017 13:08,10/11/2017 18:58,12/11/2017,
ZA-00009652,ZAC0002227,05/11/2017 20:49,COMPLETE,10/11/2017 11:44,12/11/2017 06:15,13/11/2017,
ZA-00009653,ZAC0010331,05/11/2017 16:23,COMPLETE,06/11/2017 16:51,08/11/2017 13:58,11/11/2017,
ZA-00009654,ZAC0002760,05/11/2017 14:13,COMPLETE,06/11/2017 09:39,08/11/2017 15:42,09/11/2017,
ZA-00009655,ZAC0006592,05/11/2017 20:25,COMPLETE,08/11/2017 13:21,19/11/2017 00:18,11/11/2017,
ZA-00009656,ZAC0022713,05/11/2017 16:34,COMPLETE,06/11/2017 15:28,09/11/2017 14:57,10/11/2017,
ZA-00009657,ZAC0008344,05/11/2017 14:38,COMPLETE,06/11/2017 19:13,07/11/2017 06:00,10/11/2017,
ZA-00009658,ZAC0013515,05/11/2017 11:50,CANCELLED,,,,
ZA-00009659,ZAC0011971,05/11/2017 12:25,COMPLETE,08/11/2017 19:56,09/11/2017 16:48,11/11/2017,LOYAL5
ZA-00009660,ZAC0000548,05/11/2017 08:36,COMPLETE,08/11/2017 14:31,09/11/2017 02:11,15/11/2017,
ZA-00009661,ZAC0001875,05/11/2017 06:48,COMPLETE,05/11/2017 18:21,10/11/2017 06:23,09/11/2017,BULK20
ZA-00009662,ZAC0001788,05/11/2017 12:14,COMPLETE,05/11/2017 18:36,13/11/2017 14:36,15/11/2017,
ZA-00009663,ZAC0016530,05/11/2017 17:34,COMPLETE,06/11/2017 14:37,15/11/2017 23:08,10/11/2017,
ZA-00009664,ZAC0008690,05/11/2017 20:13,COMPLETE,07/11/2017 22:30,08/11/2017 15:46,12/11/2017,
ZA-00009665,ZAC0007278,05/11/2017 18:42,COMPLETE,08/11/2017 19:48,15/11/2017 20:45,13/11/2017,
ZA-00009666,ZAC0014698,05/11/2017 08:55,COMPLETE,05/11/2017 13:29,11/11/2017 00:44,08/11/2017,
ZA-00009667,ZAC0005017,05/11/2017 22:28,COMPLETE,10/11/2017 21:56,19/11/2017 13:44,14/11/2017,BULK20
ZA-00009668,ZAC0019166,05/11/2017 17:30,COMPLETE,12/11/2017 03:23,15/11/2017 03:22,17/11/2017,
ZA-00009669,ZAC0012776,05/11/2017 08:30,COMPLETE,06/11/2017 19:20,09/11/2017 02:07,09/11/2017,
ZA-00009670,ZAC0016491,05/11/2017 21:26,COMPLETE,08/11/2017 01:03,15/11/2017 09:42,11/11/2017,WELCOME10
ZA-00009671,ZAC0019834,05/11/2017 12:50,COMPLETE,07/11/2017 18:12,08/11/2017 15:21,17/11/2017,
ZA-00009672,ZAC0021246,05/11/2017 11:39,COMPLETE,07/11/2017 15:09,11/11/2017 05:48,10/11/2017,
ZA-00009673,ZAC0017665,05/11/2017 08:36,COMPLETE,08/11/2017 00:51,15/11/2017 10:25,18/11/2017,LOYAL5
ZA-00009674,ZAC0000148,05/11/2017 13:23,COMPLETE,10/11/2017 17:49,12/11/2017 22:54,15/11/2017,
ZA-00009675,ZAC0001508,05/11/2017 09:33,COMPLETE,06/11/2017 19:15,11/11/2017 01:14,11/11/2017,
ZA-00009676,ZAC0016439,05/11/2017 14:37,COMPLETE,06/11/2017 20:20,09/11/2017 09:14,13/11/2017,
ZA-00009677,ZAC0016112,05/11/2017 22:13,COMPLETE,06/11/2017 19:12,07/11/2017 19:34,10/11/2017,
ZA-00009678,ZAC0019320,05/11/2017 16:23,COMPLETE,13/11/2017 23:25,16/11/2017 06:28,16/11/2017,
ZA-00009679,ZAC0021439,05/11/2017 07:16,COMPLETE,10/11/2017 18:40,13/11/2017 14:01,15/11/2017,
ZA-00009680,ZAC0007556,06/11/2017 06:40,COMPLETE,06/11/2017 16:26,12/11/2017 06:45,13/11/2017,
ZA-00009681,ZAC0016295,06/11/2017 10:02,COMPLETE,08/11/2017 02:35,10/11/2017 08:31,13/11/2017,FLASH25
ZA-00009682,ZAC0008491,06/11/2017 21:19,COMPLETE,08/11/2017 15:53,09/11/2017 10:40,13/11/2017,FLASH25
ZA-00009683,ZAC0023617,06/11/2017 12:09,COMPLETE,10/11/2017 04:20,14/11/2017 09:55,14/11/2017,
ZA-00009684,ZAC0023461,06/11/2017 08:58,COMPLETE,07/11/2017 16:39,09/11/2017 17:06,12/11/2017,WELCOME10
ZA-00009685,ZAC0018063,06/11/2017 17:18,COMPLETE,07/11/2017 23:57,15/11/2017 01:20,14/11/2017,
ZA-00009686,ZAC0009452,06/11/2017 13:30,COMPLETE,07/11/2017 12:00,17/11/2017 10:34,10/11/2017,BULK20
ZA-00009687,ZAC0001026,06/11/2017 09:08,COMPLETE,07/11/2017 13:49,09/11/2017 00:37,11/11/2017,
ZA-00009688,ZAC0018267,06/11/2017 06:47,COMPLETE,10/11/2017 06:24,11/11/2017 08:49,14/11/2017,
ZA-00009689,ZAC0016183,06/11/2017 22:39,COMPLETE,08/11/2017 21:01,13/11/2017 08:29,11/11/2017,
ZA-00009690,ZAC0021394,06/11/2017 11:31,COMPLETE,09/11/2017 02:43,14/11/2017 15:04,12/11/2017,
ZA-00009691,ZAC0014641,06/11/2017 18:14,COMPLETE,08/11/2017 04:25,13/11/2017 07:20,13/11/2017,
ZA-00009692,ZAC0013887,06/11/2017 10:18,COMPLETE,08/11/2017 20:23,19/11/2017 17:52,15/11/2017,
ZA-00009693,ZAC0016985,06/11/2017 10:41,COMPLETE,09/11/2017 06:41,15/11/2017 07:34,14/11/2017,
ZA-00009694,ZAC0003746,06/11/2017 06:17,COMPLETE,08/11/2017 15:26,18/11/2017 15:14,15/11/2017,WINTER15
ZA-00009695,ZAC0013951,06/11/2017 07:04,COMPLETE,10/11/2017 16:37,13/11/2017 17:05,14/11/2017,
ZA-00009696,ZAC0000782,06/11/2017 11:14,COMPLETE,10/11/2017 16:24,15/11/2017 13:02,15/11/2017,
ZA-00009697,ZAC0012548,06/11/2017 11:00,COMPLETE,09/11/2017 23:09,16/11/2017 07:26,13/11/2017,
ZA-00009698,ZAC0019984,06/11/2017 11:35,COMPLETE,09/11/2017 01:36,10/11/2017 14:26,12/11/2017,
ZA-00009699,ZAC0011887,06/11/2017 17:08,COMPLETE,07/11/2017 15:54,12/11/2017 09:09,12/11/2017,
ZA-00009700,ZAC0018865,06/11/2017 21:10,COMPLETE,09/11/2017 14:33,12/11/2017 19:26,16/11/2017,
ZA-00009701,ZAC0018215,06/11/2017 22:28,COMPLETE,09/11/2017 01:20,11/11/2017 05:46,16/11/2017,
ZA-00009702,ZAC0010432,06/11/2017 21:48,COMPLETE,10/11/2017 08:53,17/11/2017 01:56,17/11/2017,
ZA-00009703,ZAC0020695,06/11/2017 11:07,COMPLETE,09/11/2017 17:29,10/11/2017 22:21,16/11/2017,FREESHIP
ZA-00009704,ZAC0020355,06/11/2017 16:23,COMPLETE,11/11/2017 02:27,13/11/2017 00:46,21/11/2017,
ZA-00009705,ZAC0010343,06/11/2017 09:21,COMPLETE,09/11/2017 20:01,11/11/2017 02:28,16/11/2017,WELCOME10
ZA-00009706,ZAC0021386,06/11/2017 22:25,COMPLETE,08/11/2017 15:36,12/11/2017 01:38,13/11/2017,
ZA-00009707,ZAC0002737,06/11/2017 21:13,COMPLETE,08/11/2017 14:04,14/11/2017 09:22,15/11/2017,
ZA-00009708,ZAC0018129,06/11/2017 18:39,COMPLETE,13/11/2017 04:54,18/11/2017 05:34,17/11/2017,
ZA-00009709,ZAC0003662,06/11/2017 11:11,CANCELLED,,,,
ZA-00009710,ZAC0013879,06/11/2017 12:57,COMPLETE,06/11/2017 20:15,10/11/2017 00:49,10/11/2017,
ZA-00009711,ZAC0019226,06/11/2017 18:55,COMPLETE,10/11/2017 20:35,19/11/2017 20:53,17/11/2017,
ZA-00009712,ZAC0003853,06/11/2017 09:28,COMPLETE,07/11/2017 05:32,09/11/2017 12:34,14/11/2017,
ZA-00009713,ZAC0008559,06/11/2017 16:02,COMPLETE,13/11/2017 01:52,14/11/2017 19:49,20/11/2017,
ZA-00009714,ZAC0016510,06/11/2017 13:19,COMPLETE,07/11/2017 09:16,14/11/2017 16:53,14/11/2017,
ZA-00009715,ZAC0014577,06/11/2017 06:09,COMPLETE,09/11/2017 08:47,13/11/2017 04:13,16/11/2017,
ZA-00009716,ZAC0023956,06/11/2017 06:42,COMPLETE,07/11/2017 02:34,14/11/2017 10:12,14/11/2017,
ZA-00009717,ZAC0003160,06/11/2017 19:19,COMPLETE,08/11/2017 03:18,10/11/2017 05:57,13/11/2017,BULK20
ZA-00009718,ZAC0002644,06/11/2017 09:12,COMPLETE,07/11/2017 08:07,11/11/2017 02:59,11/11/2017,FREESHIP
ZA-00009719,ZAC0023679,06/11/2017 18:32,COMPLETE,09/11/2017 03:57,11/11/2017 10:07,16/11/2017,
ZA-00009720,ZAC0006122,06/11/2017 12:16,COMPLETE,07/11/2017 14:15,13/11/2017 10:18,12/11/2017,BULK20
ZA-00009721,ZAC0015273,06/11/2017 11:36,COMPLETE,06/11/2017 14:23,12/11/2017 10:29,10/11/2017,WINTER15
ZA-00009722,ZAC0003449,06/11/2017 20:14,DISPATCHED,11/11/2017 23:30,,15/11/2017,
ZA-00009723,ZAC0000435,06/11/2017 22:12,COMPLETE,08/11/2017 13:10,11/11/2017 05:21,12/11/2017,
ZA-00009724,ZAC0012757,06/11/2017 07:59,COMPLETE,11/11/2017 13:03,17/11/2017 11:10,16/11/2017,WINTER15
ZA-00009725,ZAC0007671,06/11/2017 17:33,COMPLETE,08/11/2017 00:34,09/11/2017 14:10,13/11/2017,
ZA-00009726,ZAC0001658,06/11/2017 20:50,COMPLETE,09/11/2017 10:13,18/11/2017 05:57,12/11/2017,
ZA-00009727,ZAC0008876,06/11/2017 17:16,COMPLETE,07/11/2017 09:40,11/11/2017 06:41,14/11/2017,
ZA-00009728,ZAC0012090,06/11/2017 11:57,COMPLETE,07/11/2017 09:08,11/11/2017 15:38,10/11/2017,
ZA-00009729,ZAC0016288,06/11/2017 17:50,CANCELLED,,,,FREESHIP
ZA-00009730,ZAC0019483,06/11/2017 20:03,COMPLETE,07/11/2017 23:11,08/11/2017 16:03,11/11/2017,
ZA-00009731,ZAC0013356,06/11/2017 11:39,COMPLETE,09/11/2017 10:05,15/11/2017 07:42,14/11/2017,BULK20
ZA-00009732,ZAC0004579,06/11/2017 21:43,COMPLETE,07/11/2017 16:45,19/11/2017 08:29,10/11/2017,
ZA-00009733,ZAC0006124,06/11/2017 19:45,CANCELLED,,,,
ZA-00009734,ZAC0008662,06/11/2017 21:27,COMPLETE,07/11/2017 10:18,11/11/2017 06:34,14/11/2017,
ZA-00009735,ZAC0018613,06/11/2017 15:33,COMPLETE,07/11/2017 13:57,10/11/2017 23:44,12/11/2017,
ZA-00009736,ZAC0002069,07/11/2017 16:33,DISPATCHED,09/11/2017 23:41,,12/11/2017,
ZA-00009737,ZAC0004353,07/11/2017 12:31,COMPLETE,08/11/2017 22:28,11/11/2017 02:40,13/11/2017,
ZA-00009738,ZAC0019126,07/11/2017 14:16,PENDING,,,,
ZA-00009739,ZAC0015517,07/11/2017 14:07,COMPLETE,08/11/2017 11:32,15/11/2017 13:55,13/11/2017,BULK20
ZA-00009740,ZAC0000442,07/11/2017 13:38,COMPLETE,08/11/2017 00:36,11/11/2017 06:33,13/11/2017,
ZA-00009741,ZAC0019445,07/11/2017 09:07,COMPLETE,08/11/2017 18:55,13/11/2017 11:08,13/11/2017,
ZA-00009742,ZAC0009841,07/11/2017 14:10,COMPLETE,09/11/2017 16:02,20/11/2017 13:36,12/11/2017,
ZA-00009743,ZAC0022417,07/11/2017 19:02,COMPLETE,09/11/2017 04:06,13/11/2017 18:12,13/11/2017,
ZA-00009744,ZAC0002458,07/11/2017 19:14,COMPLETE,10/11/2017 16:43,13/11/2017 18:56,13/11/2017,
ZA-00009745,ZAC0012711,07/11/2017 08:08,COMPLETE,08/11/2017 09:03,12/11/2017 23:24,15/11/2017,
ZA-00009746,ZAC0008580,07/11/2017 08:27,COMPLETE,08/11/2017 12:07,13/11/2017 21:23,13/11/2017,
ZA-00009747,ZAC0021627,07/11/2017 18:03,COMPLETE,09/11/2017 10:45,20/11/2017 18:34,13/11/2017,
ZA-00009748,ZAC0012141,07/11/2017 19:16,COMPLETE,11/11/2017 05:56,12/11/2017 11:33,15/11/2017,
ZA-00009749,ZAC0020850,07/11/2017 16:34,RETURNED,13/11/2017 08:28,19/11/2017 05:23,17/11/2017,
ZA-00009750,ZAC0020624,07/11/2017 19:12,COMPLETE,08/11/2017 15:00,15/11/2017 17:44,18/11/2017,
ZA-00009751,ZAC0012855,07/11/2017 16:08,COMPLETE,08/11/2017 23:35,12/11/2017 11:03,13/11/2017,
ZA-00009752,ZAC0006264,07/11/2017 11:10,COMPLETE,10/11/2017 03:59,10/11/2017 15:06,17/11/2017,
ZA-00009753,ZAC0022609,07/11/2017 07:25,COMPLETE,10/11/2017 01:20,17/11/2017 00:32,14/11/2017,
ZA-00009754,ZAC0009167,07/11/2017 10:21,COMPLETE,10/11/2017 14:08,14/11/2017 21:16,14/11/2017,
ZA-00009755,ZAC0007078,07/11/2017 10:53,COMPLETE,13/11/2017 10:13,19/11/2017 08:57,17/11/2017,FLASH25
ZA-00009756,ZAC0013533,07/11/2017 21:52,COMPLETE,09/11/2017 01:16,13/11/2017 15:22,13/11/2017,
ZA-00009757,ZAC0011514,07/11/2017 17:50,COMPLETE,08/11/2017 21:02,10/11/2017 06:54,13/11/2017,LOYAL5
ZA-00009758,ZAC0002427,07/11/2017 18:33,COMPLETE,08/11/2017 02:47,13/11/2017 11:32,13/11/2017,BULK20
ZA-00009759,ZAC0006021,07/11/2017 21:14,COMPLETE,09/11/2017 20:39,19/11/2017 16:44,14/11/2017,
ZA-00009760,ZAC0018151,07/11/2017 21:47,COMPLETE,08/11/2017 23:16,14/11/2017 16:48,15/11/2017,
ZA-00009761,ZAC0020111,07/11/2017 10:43,COMPLETE,07/11/2017 20:58,09/11/2017 01:05,12/11/2017,
ZA-00009762,ZAC0011936,07/11/2017 18:37,COMPLETE,10/11/2017 05:44,13/11/2017 08:45,13/11/2017,
ZA-00009763,ZAC0010726,07/11/2017 09:00,COMPLETE,07/11/2017 18:54,12/11/2017 22:13,12/11/2017,
ZA-00009764,ZAC0018972,07/11/2017 19:27,COMPLETE,09/11/2017 11:06,11/11/2017 02:11,12/11/2017,
ZA-00009765,ZAC0022283,07/11/2017 10:06,COMPLETE,12/11/2017 02:36,14/11/2017 15:50,16/11/2017,
ZA-00009766,ZAC0008870,07/11/2017 14:12,COMPLETE,10/11/2017 22:22,15/11/2017 13:52,15/11/2017,
ZA-00009767,ZAC0023987,07/11/2017 13:29,COMPLETE,11/11/2017 16:11,19/11/2017 03:00,16/11/2017,
ZA-00009768,ZAC0010134,07/11/2017 10:10,COMPLETE,09/11/2017 23:46,12/11/2017 12:05,12/11/2017,
ZA-00009769,ZAC0017816,07/11/2017 15:53,COMPLETE,11/11/2017 22:15,20/11/2017 14:56,18/11/2017,
ZA-00009770,ZAC0021034,07/11/2017 09:25,COMPLETE,08/11/2017 05:15,20/11/2017 20:13,13/11/2017,LOYAL5
ZA-00009771,ZAC0016112,07/11/2017 15:39,COMPLETE,08/11/2017 09:11,18/11/2017 12:42,11/11/2017,
ZA-00009772,ZAC0007413,07/11/2017 13:49,COMPLETE,08/11/2017 08:13,09/11/2017 23:28,15/11/2017,
ZA-00009773,ZAC0014448,07/11/2017 21:58,COMPLETE,10/11/2017 16:00,14/11/2017 14:08,14/11/2017,
ZA-00009774,ZAC0018904,07/11/2017 18:58,COMPLETE,08/11/2017 21:20,17/11/2017 01:34,18/11/2017,FLASH25
ZA-00009775,ZAC0004509,07/11/2017 11:05,COMPLETE,10/11/2017 23:00,14/11/2017 22:08,15/11/2017,
ZA-00009776,ZAC0014310,07/11/2017 21:43,COMPLETE,09/11/2017 15:19,20/11/2017 21:32,12/11/2017,LOYAL5
ZA-00009777,ZAC0000971,07/11/2017 18:48,COMPLETE,08/11/2017 21:10,27/11/2017 06:57,12/11/2017,LOYAL5
ZA-00009778,ZAC0017665,07/11/2017 08:14,COMPLETE,09/11/2017 16:44,12/11/2017 20:08,14/11/2017,BULK20
ZA-00009779,ZAC0022747,07/11/2017 16:48,COMPLETE,10/11/2017 19:54,12/11/2017 21:25,14/11/2017,
ZA-00009780,ZAC0022999,07/11/2017 08:03,COMPLETE,09/11/2017 15:41,14/11/2017 14:26,16/11/2017,
ZA-00009781,ZAC0007002,07/11/2017 13:51,COMPLETE,07/11/2017 22:51,13/11/2017 05:15,12/11/2017,
ZA-00009782,ZAC0002610,07/11/2017 21:46,COMPLETE,08/11/2017 14:26,15/11/2017 12:07,12/11/2017,
ZA-00009783,ZAC0009365,08/11/2017 18:36,COMPLETE,09/11/2017 03:18,12/11/2017 20:00,16/11/2017,
ZA-00009784,ZAC0005398,08/11/2017 16:11,COMPLETE,11/11/2017 12:24,16/11/2017 06:17,15/11/2017,WELCOME10
ZA-00009785,ZAC0017318,08/11/2017 20:45,DISPATCHED,09/11/2017 20:47,,16/11/2017,
ZA-00009786,ZAC0010763,08/11/2017 22:38,COMPLETE,10/11/2017 18:50,13/11/2017 02:48,15/11/2017,
ZA-00009787,ZAC0016118,08/11/2017 18:53,COMPLETE,09/11/2017 12:26,15/11/2017 16:11,16/11/2017,
ZA-00009788,ZAC0023684,08/11/2017 13:15,COMPLETE,11/11/2017 13:03,12/11/2017 23:10,14/11/2017,
ZA-00009789,ZAC0009738,08/11/2017 11:42,COMPLETE,13/11/2017 03:25,16/11/2017 05:59,17/11/2017,
ZA-00009790,ZAC0020405,08/11/2017 15:33,COMPLETE,12/11/2017 06:18,17/11/2017 15:00,19/11/2017,
ZA-00009791,ZAC0014531,08/11/2017 20:44,COMPLETE,10/11/2017 00:30,12/11/2017 18:30,17/11/2017,BULK20
ZA-00009792,ZAC0007344,08/11/2017 22:06,COMPLETE,14/11/2017 03:34,16/11/2017 10:23,24/11/2017,FREESHIP
ZA-00009793,ZAC0020564,08/11/2017 11:35,COMPLETE,20/11/2017 11:56,21/11/2017 10:11,27/11/2017,
ZA-00009794,ZAC0022866,08/11/2017 07:11,COMPLETE,09/11/2017 04:38,15/11/2017 17:03,12/11/2017,
ZA-00009795,ZAC0000144,08/11/2017 16:47,COMPLETE,10/11/2017 17:07,13/11/2017 16:54,14/11/2017,
ZA-00009796,ZAC0021524,08/11/2017 13:33,COMPLETE,10/11/2017 05:29,12/11/2017 14:11,14/11/2017,FLASH25
ZA-00009797,ZAC0022645,08/11/2017 18:09,DISPATCHED,09/11/2017 07:55,,13/11/2017,BULK20
ZA-00009798,ZAC0007336,08/11/2017 07:57,COMPLETE,12/11/2017 02:12,17/11/2017 00:11,17/11/2017,
ZA-00009799,ZAC0018281,08/11/2017 06:46,COMPLETE,08/11/2017 19:53,12/11/2017 17:04,15/11/2017,
ZA-00009800,ZAC0008434,08/11/2017 16:25,COMPLETE,11/11/2017 23:56,13/11/2017 17:47,15/11/2017,
ZA-00009801,ZAC0017738,08/11/2017 08:31,COMPLETE,08/11/2017 21:37,11/11/2017 09:08,12/11/2017,
ZA-00009802,ZAC0004132,08/11/2017 22:34,COMPLETE,12/11/2017 15:44,19/11/2017 03:31,16/11/2017,
ZA-00009803,ZAC0023359,08/11/2017 07:11,COMPLETE,09/11/2017 07:28,11/11/2017 23:17,16/11/2017,
ZA-00009804,ZAC0007313,08/11/2017 06:15,COMPLETE,12/11/2017 08:02,15/11/2017 16:21,19/11/2017,
ZA-00009805,ZAC0012703,08/11/2017 21:03,CANCELLED,,,,
ZA-00009806,ZAC0000171,08/11/2017 19:36,COMPLETE,11/11/2017 09:32,22/11/2017 07:12,16/11/2017,FREESHIP
ZA-00009807,ZAC0023572,08/11/2017 17:56,COMPLETE,10/11/2017 01:53,11/11/2017 21:03,14/11/2017,
ZA-00009808,ZAC0006452,08/11/2017 14:09,COMPLETE,10/11/2017 16:37,17/11/2017 15:02,14/11/2017,
ZA-00009809,ZAC0012320,08/11/2017 18:45,COMPLETE,09/11/2017 00:29,11/11/2017 22:32,13/11/2017,
ZA-00009810,ZAC0018057,08/11/2017 11:40,COMPLETE,10/11/2017 23:13,15/11/2017 08:06,13/11/2017,
ZA-00009811,ZAC0005627,08/11/2017 21:49,COMPLETE,11/11/2017 01:49,12/11/2017 11:51,15/11/2017,
ZA-00009812,ZAC0018950,08/11/2017 16:06,COMPLETE,09/11/2017 09:35,13/11/2017 03:17,16/11/2017,
ZA-00009813,ZAC0004153,08/11/2017 11:21,COMPLETE,09/11/2017 23:27,14/11/2017 04:40,14/11/2017,
ZA-00009814,ZAC0011990,08/11/2017 13:50,COMPLETE,09/11/2017 16:45,10/11/2017 12:08,19/11/2017,
ZA-00009815,ZAC0016470,08/11/2017 11:53,CANCELLED,,,,
ZA-00009816,ZAC0018536,08/11/2017 12:31,COMPLETE,10/11/2017 09:08,12/11/2017 23:46,13/11/2017,
ZA-00009817,ZAC0010758,08/11/2017 10:20,RETURNED,09/11/2017 13:17,10/11/2017 16:16,19/11/2017,
ZA-00009818,ZAC0012779,08/11/2017 12:54,COMPLETE,08/11/2017 19:49,11/11/2017 09:13,12/11/2017,
ZA-00009819,ZAC0008288,08/11/2017 11:13,COMPLETE,09/11/2017 17:28,13/11/2017 01:00,16/11/2017,
ZA-00009820,ZAC0023606,08/11/2017 18:33,COMPLETE,11/11/2017 18:18,17/11/2017 07:51,18/11/2017,LOYAL5
ZA-00009821,ZAC0011367,08/11/2017 16:35,DISPATCHED,10/11/2017 15:41,,17/11/2017,
ZA-00009822,ZAC0013849,08/11/2017 14:53,CANCELLED,,,,
ZA-00009823,ZAC0009516,08/11/2017 07:55,COMPLETE,10/11/2017 06:54,16/11/2017 22:40,20/11/2017,
ZA-00009824,ZAC0023709,08/11/2017 15:34,COMPLETE,09/11/2017 17:06,15/11/2017 06:31,16/11/2017,
ZA-00009825,ZAC0021157,08/11/2017 14:00,COMPLETE,10/11/2017 19:16,14/11/2017 13:03,14/11/2017,
ZA-00009826,ZAC0001495,08/11/2017 06:26,COMPLETE,08/11/2017 15:12,15/11/2017 12:41,12/11/2017,
ZA-00009827,ZAC0000157,08/11/2017 13:23,COMPLETE,10/11/2017 11:43,13/11/2017 13:43,14/11/2017,FREESHIP
ZA-00009828,ZAC0005588,08/11/2017 22:24,COMPLETE,11/11/2017 15:21,18/11/2017 23:16,16/11/2017,WINTER15
ZA-00009829,ZAC0007418,08/11/2017 17:33,COMPLETE,09/11/2017 13:09,15/11/2017 12:42,13/11/2017,
ZA-00009830,ZAC0016787,08/11/2017 14:42,COMPLETE,10/11/2017 04:55,13/11/2017 08:53,17/11/2017,
ZA-00009831,ZAC0018153,08/11/2017 06:37,COMPLETE,09/11/2017 17:18,13/11/2017 10:25,12/11/2017,BULK20
ZA-00009832,ZAC0022873,08/11/2017 09:38,COMPLETE,14/11/2017 01:55,15/11/2017 01:57,21/11/2017,
ZA-00009833,ZAC0007866,08/11/2017 17:03,COMPLETE,11/11/2017 18:31,13/11/2017 20:43,16/11/2017,
ZA-00009834,ZAC0012423,08/11/2017 21:41,CANCELLED,,,,
ZA-00009835,ZAC0018753,08/11/2017 20:08,COMPLETE,09/11/2017 17:29,13/11/2017 21:03,14/11/2017,
ZA-00009836,ZAC0022060,08/11/2017 08:28,COMPLETE,09/11/2017 19:00,11/11/2017 16:09,16/11/2017,BULK20
ZA-00009837,ZAC0008295,08/11/2017 22:38,RETURNED,09/11/2017 10:06,12/11/2017 01:58,14/11/2017,LOYAL5
ZA-00009838,ZAC0004084,08/11/2017 21:08,COMPLETE,09/11/2017 22:00,18/11/2017 10:05,16/11/2017,
ZA-00009839,ZAC0008761,08/11/2017 16:19,COMPLETE,11/11/2017 13:05,16/11/2017 09:59,15/11/2017,WELCOME10
ZA-00009840,ZAC0001061,08/11/2017 19:59,COMPLETE,09/11/2017 10:04,13/11/2017 00:06,16/11/2017,
ZA-00009841,ZAC0016114,08/11/2017 10:08,COMPLETE,10/11/2017 00:44,17/11/2017 09:35,13/11/2017,
ZA-00009842,ZAC0014694,08/11/2017 18:29,COMPLETE,13/11/2017 04:12,18/11/2017 22:32,17/11/2017,
ZA-00009843,ZAC0008035,08/11/2017 16:16,COMPLETE,14/11/2017 23:14,15/11/2017 12:06,24/11/2017,WELCOME10
ZA-00009844,ZAC0020542,08/11/2017 21:53,COMPLETE,09/11/2017 14:16,12/11/2017 06:56,12/11/2017,
ZA-00009845,ZAC0011415,09/11/2017 21:46,COMPLETE,11/11/2017 12:07,15/11/2017 11:08,15/11/2017,
ZA-00009846,ZAC0023379,09/11/2017 17:23,COMPLETE,11/11/2017 05:54,15/11/2017 05:28,15/11/2017,
ZA-00009847,ZAC0006002,09/11/2017 12:56,COMPLETE,11/11/2017 01:53,13/11/2017 18:33,16/11/2017,FREESHIP
ZA-00009848,ZAC0002179,09/11/2017 21:30,COMPLETE,11/11/2017 09:19,19/11/2017 13:57,16/11/2017,FREESHIP
ZA-00009849,ZAC0006295,09/11/2017 12:52,CANCELLED,,,,
ZA-00009850,ZAC0001677,09/11/2017 17:11,COMPLETE,11/11/2017 01:24,25/11/2017 00:20,18/11/2017,
ZA-00009851,ZAC0010943,09/11/2017 21:27,COMPLETE,12/11/2017 05:29,14/11/2017 19:34,19/11/2017,
ZA-00009852,ZAC0017245,09/11/2017 14:47,COMPLETE,11/11/2017 21:10,14/11/2017 11:26,14/11/2017,
ZA-00009853,ZAC0019628,09/11/2017 14:33,COMPLETE,10/11/2017 05:20,14/11/2017 19:06,20/11/2017,
ZA-00009854,ZAC0019092,09/11/2017 07:50,COMPLETE,10/11/2017 06:34,12/11/2017 13:41,17/11/2017,WINTER15
ZA-00009855,ZAC0006623,09/11/2017 06:55,COMPLETE,10/11/2017 10:12,13/11/2017 21:31,15/11/2017,
ZA-00009856,ZAC0000407,09/11/2017 06:28,COMPLETE,11/11/2017 04:43,16/11/2017 04:13,14/11/2017,
ZA-00009857,ZAC0013485,09/11/2017 13:36,COMPLETE,09/11/2017 23:29,14/11/2017 18:09,13/11/2017,WINTER15
ZA-00009858,ZAC0010986,09/11/2017 07:54,COMPLETE,17/11/2017 19:54,21/11/2017 12:28,24/11/2017,
ZA-00009859,ZAC0010689,09/11/2017 17:31,RETURNED,12/11/2017 17:44,01/12/2017 23:58,16/11/2017,
ZA-00009860,ZAC0020164,09/11/2017 17:41,COMPLETE,13/11/2017 18:17,17/11/2017 20:02,17/11/2017,
ZA-00009861,ZAC0010103,09/11/2017 21:31,COMPLETE,11/11/2017 09:21,18/11/2017 18:25,18/11/2017,
ZA-00009862,ZAC0017971,09/11/2017 20:40,COMPLETE,10/11/2017 14:29,18/11/2017 19:02,15/11/2017,BULK20
ZA-00009863,ZAC0002281,09/11/2017 12:10,COMPLETE,14/11/2017 10:50,18/11/2017 00:24,19/11/2017,
ZA-00009864,ZAC0010209,09/11/2017 12:05,COMPLETE,12/11/2017 03:04,14/11/2017 20:37,16/11/2017,WELCOME10
ZA-00009865,ZAC0011647,09/11/2017 08:47,COMPLETE,11/11/2017 20:13,16/11/2017 20:12,16/11/2017,
ZA-00009866,ZAC0006109,09/11/2017 21:58,COMPLETE,10/11/2017 10:56,15/11/2017 04:52,14/11/2017,
ZA-00009867,ZAC0018342,09/11/2017 13:04,COMPLETE,13/11/2017 17:47,18/11/2017 16:41,16/11/2017,
ZA-00009868,ZAC0014655,09/11/2017 18:58,COMPLETE,13/11/2017 04:12,14/11/2017 04:28,16/11/2017,
ZA-00009869,ZAC0001368,09/11/2017 10:11,COMPLETE,13/11/2017 13:30,16/11/2017 05:29,17/11/2017,
ZA-00009870,ZAC0003912,09/11/2017 14:42,COMPLETE,13/11/2017 17:24,15/11/2017 04:37,20/11/2017,FREESHIP
ZA-00009871,ZAC0000450,09/11/2017 18:56,COMPLETE,12/11/2017 18:16,17/11/2017 11:21,19/11/2017,LOYAL5
ZA-00009872,ZAC0015057,09/11/2017 14:03,COMPLETE,10/11/2017 12:43,12/11/2017 22:30,13/11/2017,
ZA-00009873,ZAC0019503,09/11/2017 22:56,COMPLETE,10/11/2017 13:54,16/11/2017 02:29,15/11/2017,
ZA-00009874,ZAC0016236,09/11/2017 07:23,COMPLETE,16/11/2017 16:45,24/11/2017 21:16,20/11/2017,LOYAL5
ZA-00009875,ZAC0010338,09/11/2017 07:41,CANCELLED,,,,
ZA-00009876,ZAC0012059,09/11/2017 17:53,COMPLETE,11/11/2017 01:47,13/11/2017 20:37,15/11/2017,
ZA-00009877,ZAC0008258,09/11/2017 19:46,PENDING,,,,
ZA-00009878,ZAC0005825,09/11/2017 21:40,COMPLETE,11/11/2017 15:11,15/11/2017 23:04,21/11/2017,LOYAL5
ZA-00009879,ZAC0010814,09/11/2017 14:35,COMPLETE,11/11/2017 10:49,17/11/2017 16:20,16/11/2017,LOYAL5
ZA-00009880,ZAC0021334,09/11/2017 20:36,COMPLETE,13/11/2017 08:05,15/11/2017 07:48,20/11/2017,BULK20
ZA-00009881,ZAC0004300,09/11/2017 20:07,COMPLETE,13/11/2017 07:48,17/11/2017 16:20,16/11/2017,
ZA-00009882,ZAC0022904,09/11/2017 06:57,COMPLETE,10/11/2017 11:01,12/11/2017 03:53,14/11/2017,
ZA-00009883,ZAC0019445,09/11/2017 06:40,COMPLETE,10/11/2017 17:35,17/11/2017 20:53,15/11/2017,WINTER15
ZA-00009884,ZAC0009489,09/11/2017 21:16,COMPLETE,11/11/2017 12:55,13/11/2017 16:40,18/11/2017,
ZA-00009885,ZAC0013403,09/11/2017 13:59,CANCELLED,,,,WINTER15
ZA-00009886,ZAC0009922,09/11/2017 16:17,COMPLETE,10/11/2017 14:21,14/11/2017 05:18,14/11/2017,
ZA-00009887,ZAC0012280,09/11/2017 08:37,COMPLETE,09/11/2017 16:48,17/11/2017 21:44,14/11/2017,
ZA-00009888,ZAC0008597,09/11/2017 09:35,COMPLETE,11/11/2017 04:05,13/11/2017 11:15,14/11/2017,
ZA-00009889,ZAC0017514,09/11/2017 08:46,COMPLETE,10/11/2017 06:01,15/11/2017 23:04,17/11/2017,
ZA-00009890,ZAC0006948,09/11/2017 14:17,COMPLETE,13/11/2017 08:02,17/11/2017 00:13,17/11/2017,BULK20
ZA-00009891,ZAC0018294,09/11/2017 08:58,COMPLETE,11/11/2017 23:35,14/11/2017 10:17,16/11/2017,
ZA-00009892,ZAC0005447,09/11/2017 09:07,COMPLETE,09/11/2017 13:03,22/11/2017 19:21,13/11/2017,
ZA-00009893,ZAC0006524,09/11/2017 10:55,COMPLETE,10/11/2017 22:01,17/11/2017 16:18,14/11/2017,
ZA-00009894,ZAC0005232,09/11/2017 06:35,COMPLETE,12/11/2017 01:03,14/11/2017 05:52,15/11/2017,
ZA-00009895,ZAC0001227,09/11/2017 17:26,COMPLETE,11/11/2017 06:37,14/11/2017 09:37,18/11/2017,
ZA-00009896,ZAC0010370,09/11/2017 17:30,COMPLETE,13/11/2017 18:11,14/11/2017 13:32,23/11/2017,
ZA-00009897,ZAC0003390,09/11/2017 09:06,COMPLETE,11/11/2017 20:14,15/11/2017 03:49,16/11/2017,
ZA-00009898,ZAC0005676,09/11/2017 21:54,COMPLETE,12/11/2017 10:24,16/11/2017 04:59,22/11/2017,
ZA-00009899,ZAC0019137,09/11/2017 07:47,COMPLETE,10/11/2017 11:01,17/11/2017 00:38,17/11/2017,
ZA-00009900,ZAC0012880,09/11/2017 19:29,COMPLETE,11/11/2017 01:06,13/11/2017 07:43,18/11/2017,WELCOME10
ZA-00009901,ZAC0004586,09/11/2017 20:16,CANCELLED,,,,
ZA-00009902,ZAC0007931,09/11/2017 14:28,COMPLETE,10/11/2017 13:35,15/11/2017 05:09,13/11/2017,WINTER15
ZA-00009903,ZAC0002076,09/11/2017 20:31,COMPLETE,10/11/2017 11:25,15/11/2017 21:09,13/11/2017,
ZA-00009904,ZAC0010487,09/11/2017 08:47,COMPLETE,11/11/2017 08:49,12/11/2017 12:49,16/11/2017,
ZA-00009905,ZAC0021629,09/11/2017 21:11,COMPLETE,10/11/2017 03:45,15/11/2017 10:21,14/11/2017,
ZA-00009906,ZAC0010893,09/11/2017 17:04,CANCELLED,,,,FLASH25
ZA-00009907,ZAC0022025,10/11/2017 15:42,COMPLETE,13/11/2017 15:10,18/11/2017 04:07,18/11/2017,LOYAL5
ZA-00009908,ZAC0010093,10/11/2017 09:24,COMPLETE,13/11/2017 19:44,14/11/2017 00:36,17/11/2017,
ZA-00009909,ZAC0016644,10/11/2017 16:19,COMPLETE,12/11/2017 12:23,14/11/2017 20:40,15/11/2017,
ZA-00009910,ZAC0022914,10/11/2017 19:08,COMPLETE,13/11/2017 07:44,16/11/2017 02:41,18/11/2017,
ZA-00009911,ZAC0003369,10/11/2017 06:59,CANCELLED,,,,
ZA-00009912,ZAC0008166,10/11/2017 14:11,COMPLETE,13/11/2017 01:21,14/11/2017 14:33,18/11/2017,
ZA-00009913,ZAC0015123,10/11/2017 22:26,COMPLETE,13/11/2017 07:57,17/11/2017 17:38,20/11/2017,
ZA-00009914,ZAC0010212,10/11/2017 15:31,CANCELLED,,,,
ZA-00009915,ZAC0002427,10/11/2017 15:50,COMPLETE,13/11/2017 22:00,17/11/2017 00:14,17/11/2017,FLASH25
ZA-00009916,ZAC0004945,10/11/2017 19:40,COMPLETE,15/11/2017 11:29,22/11/2017 11:49,19/11/2017,
ZA-00009917,ZAC0015712,10/11/2017 12:53,COMPLETE,11/11/2017 14:11,13/11/2017 07:34,21/11/2017,
ZA-00009918,ZAC0015428,10/11/2017 06:42,COMPLETE,11/11/2017 22:25,19/11/2017 01:13,18/11/2017,
ZA-00009919,ZAC0002243,10/11/2017 10:37,COMPLETE,11/11/2017 05:27,14/11/2017 02:56,16/11/2017,FREESHIP
ZA-00009920,ZAC0001369,10/11/2017 09:06,COMPLETE,10/11/2017 20:46,11/11/2017 09:03,15/11/2017,
ZA-00009921,ZAC0011478,10/11/2017 15:21,COMPLETE,11/11/2017 07:57,16/11/2017 15:04,21/11/2017,
ZA-00009922,ZAC0017211,10/11/2017 15:20,COMPLETE,12/11/2017 18:29,19/11/2017 01:18,19/11/2017,
ZA-00009923,ZAC0011825,10/11/2017 21:10,COMPLETE,13/11/2017 09:43,15/11/2017 05:16,18/11/2017,
ZA-00009924,ZAC0006988,10/11/2017 21:01,COMPLETE,13/11/2017 22:25,15/11/2017 13:12,17/11/2017,
ZA-00009925,ZAC0018619,10/11/2017 18:42,CANCELLED,,,,
ZA-00009926,ZAC0016665,10/11/2017 20:55,COMPLETE,11/11/2017 21:41,13/11/2017 20:38,14/11/2017,
ZA-00009927,ZAC0018289,10/11/2017 07:38,COMPLETE,12/11/2017 09:41,20/11/2017 05:46,19/11/2017,
ZA-00009928,ZAC0018410,10/11/2017 16:51,COMPLETE,16/11/2017 19:29,29/11/2017 17:22,19/11/2017,
ZA-00009929,ZAC0000374,10/11/2017 09:24,COMPLETE,14/11/2017 10:56,19/11/2017 00:33,21/11/2017,
ZA-00009930,ZAC0013724,10/11/2017 15:42,COMPLETE,12/11/2017 13:44,14/11/2017 18:04,16/11/2017,
ZA-00009931,ZAC0006115,10/11/2017 10:54,COMPLETE,12/11/2017 06:57,13/11/2017 18:38,22/11/2017,FLASH25
ZA-00009932,ZAC0017956,10/11/2017 14:13,DISPATCHED,12/11/2017 05:19,,16/11/2017,
ZA-00009933,ZAC0007874,10/11/2017 13:02,COMPLETE,16/11/2017 01:15,19/11/2017 09:35,23/11/2017,
ZA-00009934,ZAC0009392,10/11/2017 13:01,COMPLETE,11/11/2017 08:03,17/11/2017 20:20,16/11/2017,
ZA-00009935,ZAC0021966,10/11/2017 20:41,COMPLETE,11/11/2017 20:44,14/11/2017 06:17,18/11/2017,WELCOME10
ZA-00009936,ZAC0006426,10/11/2017 17:38,COMPLETE,11/11/2017 03:53,16/11/2017 03:25,15/11/2017,
ZA-00009937,ZAC0014074,10/11/2017 17:13,COMPLETE,10/11/2017 23:58,13/11/2017 12:27,17/11/2017,
ZA-00009938,ZAC0008242,10/11/2017 12:56,COMPLETE,12/11/2017 03:55,17/11/2017 02:53,19/11/2017,
ZA-00009939,ZAC0004996,10/11/2017 18:40,DISPATCHED,13/11/2017 03:09,,17/11/2017,LOYAL5
ZA-00009940,ZAC0008227,10/11/2017 18:29,COMPLETE,12/11/2017 02:25,15/11/2017 19:57,15/11/2017,
ZA-00009941,ZAC0002009,10/11/2017 22:09,COMPLETE,13/11/2017 04:18,18/11/2017 00:25,20/11/2017,FREESHIP
ZA-00009942,ZAC0011122,10/11/2017 20:08,COMPLETE,13/11/2017 04:29,15/11/2017 19:07,17/11/2017,WINTER15
ZA-00009943,ZAC0000770,10/11/2017 14:09,COMPLETE,16/11/2017 17:45,21/11/2017 22:41,21/11/2017,
ZA-00009944,ZAC0010180,10/11/2017 15:39,CANCELLED,,,,WINTER15
ZA-00009945,ZAC0004457,10/11/2017 14:54,COMPLETE,12/11/2017 04:19,15/11/2017 17:17,15/11/2017,
ZA-00009946,ZAC0002475,10/11/2017 11:23,DISPATCHED,11/11/2017 12:20,,18/11/2017,
ZA-00009947,ZAC0010523,10/11/2017 12:57,COMPLETE,12/11/2017 03:40,13/11/2017 20:31,16/11/2017,WELCOME10
ZA-00009948,ZAC0018153,10/11/2017 20:08,CANCELLED,,,,
ZA-00009949,ZAC0005960,10/11/2017 21:54,DISPATCHED,12/11/2017 04:56,,16/11/2017,
ZA-00009950,ZAC0015145,10/11/2017 16:58,COMPLETE,12/11/2017 05:54,22/11/2017 19:29,17/11/2017,
ZA-00009951,ZAC0023070,10/11/2017 17:59,COMPLETE,11/11/2017 20:53,14/11/2017 17:36,15/11/2017,WELCOME10
ZA-00009952,ZAC0004400,10/11/2017 21:57,COMPLETE,11/11/2017 15:28,12/11/2017 12:28,15/11/2017,LOYAL5
ZA-00009953,ZAC0020097,10/11/2017 09:36,COMPLETE,12/11/2017 16:06,15/11/2017 16:02,17/11/2017,
ZA-00009954,ZAC0003758,11/11/2017 07:33,COMPLETE,13/11/2017 03:57,18/11/2017 18:42,17/11/2017,
ZA-00009955,ZAC0010231,11/11/2017 06:28,COMPLETE,16/11/2017 10:39,21/11/2017 21:45,21/11/2017,
ZA-00009956,ZAC0003863,11/11/2017 22:59,COMPLETE,13/11/2017 12:28,17/11/2017 09:08,16/11/2017,
ZA-00009957,ZAC0017759,11/11/2017 20:33,COMPLETE,14/11/2017 02:55,17/11/2017 07:52,18/11/2017,FREESHIP
ZA-00009958,ZAC0010262,11/11/2017 20:28,COMPLETE,14/11/2017 22:52,19/11/2017 02:11,18/11/2017,
ZA-00009959,ZAC0013391,11/11/2017 22:45,COMPLETE,14/11/2017 04:17,18/11/2017 23:46,21/11/2017,WINTER15
ZA-00009960,ZAC0012949,11/11/2017 12:10,COMPLETE,15/11/2017 01:46,23/11/2017 13:42,20/11/2017,
ZA-00009961,ZAC0006756,11/11/2017 09:17,COMPLETE,12/11/2017 01:56,14/11/2017 13:20,16/11/2017,
ZA-00009962,ZAC0000051,11/11/2017 13:02,COMPLETE,13/11/2017 12:43,16/11/2017 00:33,20/11/2017,
ZA-00009963,ZAC0007662,11/11/2017 08:52,DISPATCHED,12/11/2017 13:22,,17/11/2017,
ZA-00009964,ZAC0001041,11/11/2017 17:52,COMPLETE,12/11/2017 09:29,17/11/2017 08:44,16/11/2017,
ZA-00009965,ZAC0010685,11/11/2017 09:33,PENDING,,,,
ZA-00009966,ZAC0020572,11/11/2017 09:11,PENDING,,,,
ZA-00009967,ZAC0000005,11/11/2017 08:43,COMPLETE,15/11/2017 20:05,21/11/2017 13:35,20/11/2017,
ZA-00009968,ZAC0019374,11/11/2017 11:29,COMPLETE,15/11/2017 06:35,21/11/2017 12:43,20/11/2017,
ZA-00009969,ZAC0006920,11/11/2017 09:33,COMPLETE,12/11/2017 15:48,15/11/2017 19:15,17/11/2017,
ZA-00009970,ZAC0008774,11/11/2017 07:06,COMPLETE,15/11/2017 04:01,17/11/2017 00:24,22/11/2017,
ZA-00009971,ZAC0021512,11/11/2017 14:05,COMPLETE,13/11/2017 13:22,20/11/2017 10:18,18/11/2017,
ZA-00009972,ZAC0023697,11/11/2017 16:27,COMPLETE,13/11/2017 13:26,15/11/2017 05:03,16/11/2017,
ZA-00009973,ZAC0017818,11/11/2017 06:23,COMPLETE,11/11/2017 14:42,15/11/2017 21:18,18/11/2017,
ZA-00009974,ZAC0006171,11/11/2017 20:27,COMPLETE,12/11/2017 06:34,17/11/2017 16:18,15/11/2017,
ZA-00009975,ZAC0013102,11/11/2017 16:16,COMPLETE,14/11/2017 17:11,17/11/2017 05:14,17/11/2017,
ZA-00009976,ZAC0005662,11/11/2017 16:06,COMPLETE,12/11/2017 06:34,18/11/2017 00:28,19/11/2017,BULK20
ZA-00009977,ZAC0016780,11/11/2017 21:06,COMPLETE,12/11/2017 05:17,17/11/2017 15:45,16/11/2017,
ZA-00009978,ZAC0016443,11/11/2017 07:32,COMPLETE,13/11/2017 01:48,19/11/2017 05:07,18/11/2017,BULK20
ZA-00009979,ZAC0017527,11/11/2017 07:52,COMPLETE,11/11/2017 23:48,14/11/2017 13:02,15/11/2017,FLASH25
ZA-00009980,ZAC0020808,11/11/2017 12:29,COMPLETE,13/11/2017 02:36,16/11/2017 20:24,16/11/2017,
ZA-00009981,ZAC0022474,11/11/2017 11:36,COMPLETE,12/11/2017 22:19,17/11/2017 12:40,17/11/2017,LOYAL5
ZA-00009982,ZAC0015297,11/11/2017 21:50,RETURNED,12/11/2017 19:45,17/11/2017 18:21,22/11/2017,
ZA-00009983,ZAC0018058,11/11/2017 19:53,COMPLETE,14/11/2017 19:00,21/11/2017 17:42,17/11/2017,
ZA-00009984,ZAC0003354,11/11/2017 06:06,COMPLETE,14/11/2017 22:15,18/11/2017 11:05,19/11/2017,
ZA-00009985,ZAC0016826,11/11/2017 08:21,CANCELLED,,,,BULK20
ZA-00009986,ZAC0021588,11/11/2017 22:38,COMPLETE,14/11/2017 01:52,19/11/2017 18:41,18/11/2017,LOYAL5
ZA-00009987,ZAC0011548,11/11/2017 10:33,COMPLETE,13/11/2017 20:31,19/11/2017 14:36,16/11/2017,
ZA-00009988,ZAC0003064,11/11/2017 07:35,COMPLETE,13/11/2017 00:21,16/11/2017 15:04,20/11/2017,
ZA-00009989,ZAC0016383,11/11/2017 07:52,COMPLETE,13/11/2017 21:49,18/11/2017 12:07,18/11/2017,
ZA-00009990,ZAC0014553,11/11/2017 18:51,COMPLETE,12/11/2017 18:02,17/11/2017 23:32,16/11/2017,
ZA-00009991,ZAC0014991,11/11/2017 14:42,COMPLETE,13/11/2017 14:46,16/11/2017 20:25,17/11/2017,
ZA-00009992,ZAC0008424,11/11/2017 11:36,COMPLETE,17/11/2017 15:57,19/11/2017 23:58,20/11/2017,
ZA-00009993,ZAC0001518,11/11/2017 22:16,COMPLETE,15/11/2017 23:17,22/11/2017 10:53,18/11/2017,FREESHIP
ZA-00009994,ZAC0014474,11/11/2017 18:05,CANCELLED,,,,
ZA-00009995,ZAC0000411,11/11/2017 08:45,COMPLETE,12/11/2017 10:09,17/11/2017 21:06,16/11/2017,
ZA-00009996,ZAC0011945,11/11/2017 11:26,COMPLETE,13/11/2017 11:27,16/11/2017 16:01,18/11/2017,
ZA-00009997,ZAC0019402,11/11/2017 20:02,COMPLETE,12/11/2017 07:20,13/11/2017 00:07,16/11/2017,FLASH25
ZA-00009998,ZAC0017731,11/11/2017 17:22,COMPLETE,14/11/2017 15:01,15/11/2017 19:28,17/11/2017,
ZA-00009999,ZAC0001219,11/11/2017 13:52,COMPLETE,12/11/2017 13:46,20/11/2017 08:48,22/11/2017,
ZA-00010000,ZAC0018732,11/11/2017 11:32,COMPLETE,15/11/2017 13:27,24/11/2017 13:50,18/11/2017,WELCOME10
ZA-00010001,ZAC0019876,11/11/2017 21:21,COMPLETE,13/11/2017 14:43,15/11/2017 16:52,18/11/2017,
ZA-00010002,ZAC0000414,11/11/2017 20:07,COMPLETE,12/11/2017 03:38,17/11/2017 23:21,19/11/2017,
ZA-00010003,ZAC0018274,11/11/2017 09:10,COMPLETE,14/11/2017 16:34,16/11/2017 07:25,19/11/2017,
ZA-00010004,ZAC0012709,11/11/2017 13:50,COMPLETE,11/11/2017 23:24,18/11/2017 11:18,15/11/2017,
ZA-00010005,ZAC0004994,11/11/2017 10:20,COMPLETE,11/11/2017 21:42,15/11/2017 16:41,18/11/2017,
ZA-00010006,ZAC0013749,11/11/2017 19:44,COMPLETE,15/11/2017 07:24,16/11/2017 16:15,22/11/2017,
ZA-00010007,ZAC0018139,12/11/2017 14:19,COMPLETE,14/11/2017 03:47,16/11/2017 18:09,24/11/2017,
ZA-00010008,ZAC0012612,12/11/2017 09:23,DISPATCHED,20/11/2017 13:47,,27/11/2017,
ZA-00010009,ZAC0019719,12/11/2017 10:53,COMPLETE,13/11/2017 18:27,16/11/2017 21:09,20/11/2017,
ZA-00010010,ZAC0022085,12/11/2017 20:35,COMPLETE,14/11/2017 07:20,17/11/2017 02:19,17/11/2017,
ZA-00010011,ZAC0022013,12/11/2017 21:21,COMPLETE,14/11/2017 04:13,14/11/2017 10:06,19/11/2017,
ZA-00010012,ZAC0022321,12/11/2017 06:09,COMPLETE,13/11/2017 07:16,20/11/2017 19:55,17/11/2017,
ZA-00010013,ZAC0004874,12/11/2017 14:35,COMPLETE,15/11/2017 08:29,18/11/2017 22:01,19/11/2017,WINTER15
ZA-00010014,ZAC0002416,12/11/2017 11:44,COMPLETE,13/11/2017 16:04,17/11/2017 04:58,17/11/2017,
ZA-00010015,ZAC0000379,12/11/2017 06:27,COMPLETE,14/11/2017 22:10,18/11/2017 18:58,24/11/2017,
ZA-00010016,ZAC0011164,12/11/2017 12:43,COMPLETE,15/11/2017 09:18,21/11/2017 03:52,19/11/2017,
ZA-00010017,ZAC0009506,12/11/2017 21:18,CANCELLED,,,,
ZA-00010018,ZAC0013946,12/11/2017 18:26,COMPLETE,18/11/2017 17:54,21/11/2017 17:23,25/11/2017,WELCOME10
ZA-00010019,ZAC0015746,12/11/2017 18:46,RETURNED,15/11/2017 01:05,20/11/2017 13:39,18/11/2017,
ZA-00010020,ZAC0020051,12/11/2017 19:04,COMPLETE,13/11/2017 05:32,14/11/2017 02:49,20/11/2017,LOYAL5
ZA-00010021,ZAC0018459,12/11/2017 15:22,COMPLETE,13/11/2017 06:09,15/11/2017 12:26,16/11/2017,
ZA-00010022,ZAC0017155,12/11/2017 13:06,DISPATCHED,14/11/2017 05:49,,19/11/2017,
ZA-00010023,ZAC0007046,12/11/2017 10:39,COMPLETE,13/11/2017 13:59,14/11/2017 18:12,17/11/2017,LOYAL5
ZA-00010024,ZAC0000277,12/11/2017 14:50,COMPLETE,13/11/2017 05:12,14/11/2017 14:09,16/11/2017,
ZA-00010025,ZAC0003123,12/11/2017 12:17,COMPLETE,14/11/2017 21:43,22/11/2017 23:40,19/11/2017,
ZA-00010026,ZAC0021825,12/11/2017 15:35,COMPLETE,14/11/2017 02:38,19/11/2017 15:52,19/11/2017,LOYAL5
ZA-00010027,ZAC0016014,12/11/2017 09:37,COMPLETE,13/11/2017 18:24,17/11/2017 20:05,16/11/2017,
ZA-00010028,ZAC0017622,12/11/2017 16:47,COMPLETE,13/11/2017 22:26,22/11/2017 10:57,17/11/2017,
ZA-00010029,ZAC0005718,12/11/2017 15:13,COMPLETE,14/11/2017 19:30,21/11/2017 12:53,18/11/2017,BULK20
ZA-00010030,ZAC0016520,12/11/2017 21:58,RETURNED,17/11/2017 00:03,21/11/2017 15:15,20/11/2017,
ZA-00010031,ZAC0005298,12/11/2017 21:52,COMPLETE,14/11/2017 01:00,14/11/2017 17:54,19/11/2017,FREESHIP
ZA-00010032,ZAC0022223,12/11/2017 16:02,COMPLETE,14/11/2017 02:38,18/11/2017 01:37,18/11/2017,
ZA-00010033,ZAC0012842,12/11/2017 14:06,COMPLETE,15/11/2017 12:50,17/11/2017 16:38,19/11/2017,
ZA-00010034,ZAC0009002,12/11/2017 08:56,COMPLETE,12/11/2017 23:09,18/11/2017 19:07,16/11/2017,
ZA-00010035,ZAC0004872,12/11/2017 21:04,COMPLETE,15/11/2017 04:45,22/11/2017 04:44,19/11/2017,
ZA-00010036,ZAC0019264,12/11/2017 14:54,COMPLETE,15/11/2017 13:18,30/11/2017 02:50,19/11/2017,
ZA-00010037,ZAC0018727,12/11/2017 18:44,COMPLETE,13/11/2017 22:25,17/11/2017 05:38,20/11/2017,
ZA-00010038,ZAC0017831,12/11/2017 12:59,COMPLETE,20/11/2017 17:29,22/11/2017 09:17,30/11/2017,
ZA-00010039,ZAC0015501,12/11/2017 18:47,COMPLETE,14/11/2017 08:29,20/11/2017 17:19,17/11/2017,
ZA-00010040,ZAC0008023,12/11/2017 06:33,PENDING,,,,
ZA-00010041,ZAC0016126,12/11/2017 12:49,CANCELLED,,,,
ZA-00010042,ZAC0012782,12/11/2017 22:38,COMPLETE,13/11/2017 07:35,18/11/2017 00:21,18/11/2017,
ZA-00010043,ZAC0023727,12/11/2017 07:27,COMPLETE,13/11/2017 18:24,15/11/2017 08:44,17/11/2017,
ZA-00010044,ZAC0021669,12/11/2017 10:21,DISPATCHED,15/11/2017 00:25,,19/11/2017,
ZA-00010045,ZAC0011307,12/11/2017 14:20,RETURNED,13/11/2017 17:17,19/11/2017 15:59,17/11/2017,
ZA-00010046,ZAC0002343,12/11/2017 20:21,CANCELLED,,,,LOYAL5
ZA-00010047,ZAC0012430,12/11/2017 20:40,COMPLETE,13/11/2017 23:14,28/11/2017 11:07,17/11/2017,FLASH25
ZA-00010048,ZAC0010940,12/11/2017 14:13,COMPLETE,14/11/2017 04:43,17/11/2017 17:42,17/11/2017,
ZA-00010049,ZAC0018785,12/11/2017 22:10,COMPLETE,15/11/2017 16:28,21/11/2017 13:03,20/11/2017,
ZA-00010050,ZAC0003282,12/11/2017 17:03,COMPLETE,20/11/2017 04:45,23/11/2017 02:30,23/11/2017,
ZA-00010051,ZAC0008621,12/11/2017 08:57,COMPLETE,14/11/2017 09:58,17/11/2017 18:03,21/11/2017,
ZA-00010052,ZAC0006770,12/11/2017 11:09,COMPLETE,13/11/2017 07:08,13/11/2017 18:29,16/11/2017,
ZA-00010053,ZAC0010293,12/11/2017 14:24,RETURNED,13/11/2017 13:19,15/11/2017 19:06,23/11/2017,
ZA-00010054,ZAC0012042,12/11/2017 17:30,COMPLETE,16/11/2017 14:01,24/11/2017 22:22,23/11/2017,
ZA-00010055,ZAC0018377,12/11/2017 15:28,COMPLETE,13/11/2017 10:50,16/11/2017 01:25,17/11/2017,FREESHIP
ZA-00010056,ZAC0019042,12/11/2017 18:11,COMPLETE,16/11/2017 19:18,20/11/2017 05:18,20/11/2017,
ZA-00010057,ZAC0016944,12/11/2017 09:52,COMPLETE,15/11/2017 02:42,17/11/2017 17:56,19/11/2017,
ZA-00010058,ZAC0022119,12/11/2017 07:06,COMPLETE,19/11/2017 00:36,21/11/2017 09:35,23/11/2017,
ZA-00010059,ZAC0017054,12/11/2017 11:11,COMPLETE,13/11/2017 11:55,16/11/2017 11:09,17/11/2017,
ZA-00010060,ZAC0020319,12/11/2017 13:04,COMPLETE,18/11/2017 01:56,26/11/2017 08:07,25/11/2017,
ZA-00010061,ZAC0000552,12/11/2017 12:18,COMPLETE,15/11/2017 14:09,19/11/2017 05:01,18/11/2017,
ZA-00010062,ZAC0023633,12/11/2017 22:57,COMPLETE,14/11/2017 17:40,17/11/2017 08:16,24/11/2017,
ZA-00010063,ZAC0019092,12/11/2017 14:54,COMPLETE,13/11/2017 14:44,15/11/2017 07:53,20/11/2017,
ZA-00010064,ZAC0010322,12/11/2017 08:49,COMPLETE,15/11/2017 10:39,17/11/2017 19:30,19/11/2017,
ZA-00010065,ZAC0000825,12/11/2017 12:23,COMPLETE,15/11/2017 06:43,18/11/2017 10:09,19/11/2017,
ZA-00010066,ZAC0017138,12/11/2017 20:05,COMPLETE,14/11/2017 05:27,17/11/2017 23:34,17/11/2017,
ZA-00010067,ZAC0003170,12/11/2017 22:13,COMPLETE,14/11/2017 08:54,16/11/2017 11:53,21/11/2017,
ZA-00010068,ZAC0010957,13/11/2017 18:25,COMPLETE,21/11/2017 08:51,28/11/2017 17:30,01/12/2017,
ZA-00010069,ZAC0007966,13/11/2017 18:07,COMPLETE,16/11/2017 23:43,20/11/2017 06:02,20/11/2017,
ZA-00010070,ZAC0002406,13/11/2017 10:10,COMPLETE,20/11/2017 15:19,29/11/2017 21:35,25/11/2017,
ZA-00010071,ZAC0011062,13/11/2017 13:14,COMPLETE,15/11/2017 08:05,22/11/2017 18:06,18/11/2017,
ZA-00010072,ZAC0013377,13/11/2017 20:55,COMPLETE,14/11/2017 21:23,17/11/2017 07:28,18/11/2017,
ZA-00010073,ZAC0001806,13/11/2017 16:18,COMPLETE,17/11/2017 15:21,19/11/2017 13:34,20/11/2017,
ZA-00010074,ZAC0000870,13/11/2017 07:24,COMPLETE,14/11/2017 14:12,17/11/2017 10:19,19/11/2017,
ZA-00010075,ZAC0015241,13/11/2017 11:33,COMPLETE,15/11/2017 05:37,21/11/2017 00:14,20/11/2017,
ZA-00010076,ZAC0008573,13/11/2017 12:51,COMPLETE,18/11/2017 14:59,19/11/2017 03:00,23/11/2017,
ZA-00010077,ZAC0016187,13/11/2017 16:49,COMPLETE,15/11/2017 01:42,24/11/2017 14:57,22/11/2017,
ZA-00010078,ZAC0002948,13/11/2017 15:45,COMPLETE,16/11/2017 09:21,21/11/2017 04:18,23/11/2017,
ZA-00010079,ZAC0010025,13/11/2017 12:54,COMPLETE,17/11/2017 14:35,20/11/2017 04:49,21/11/2017,
ZA-00010080,ZAC0023906,13/11/2017 11:05,COMPLETE,16/11/2017 19:42,22/11/2017 20:02,23/11/2017,
ZA-00010081,ZAC0007259,13/11/2017 16:58,COMPLETE,19/11/2017 21:13,22/11/2017 06:08,22/11/2017,
ZA-00010082,ZAC0009017,13/11/2017 18:39,COMPLETE,21/11/2017 22:26,24/11/2017 18:42,28/11/2017,
ZA-00010083,ZAC0011785,13/11/2017 21:40,COMPLETE,14/11/2017 03:08,23/11/2017 08:45,17/11/2017,
ZA-00010084,ZAC0014793,13/11/2017 21:29,COMPLETE,15/11/2017 09:09,19/11/2017 02:44,19/11/2017,LOYAL5
ZA-00010085,ZAC0018001,13/11/2017 19:15,COMPLETE,15/11/2017 14:44,22/11/2017 00:31,22/11/2017,
ZA-00010086,ZAC0012466,13/11/2017 11:21,COMPLETE,23/11/2017 02:13,04/12/2017 03:53,27/11/2017,WINTER15
ZA-00010087,ZAC0000239,13/11/2017 11:42,COMPLETE,14/11/2017 05:20,20/11/2017 14:03,21/11/2017,
ZA-00010088,ZAC0012301,13/11/2017 20:01,COMPLETE,14/11/2017 18:14,15/11/2017 22:08,17/11/2017,
ZA-00010089,ZAC0011720,13/11/2017 07:24,COMPLETE,14/11/2017 15:00,15/11/2017 11:39,21/11/2017,
ZA-00010090,ZAC0017318,13/11/2017 10:12,COMPLETE,16/11/2017 12:42,19/11/2017 04:36,20/11/2017,BULK20
ZA-00010091,ZAC0006793,13/11/2017 07:46,COMPLETE,13/11/2017 14:28,16/11/2017 10:56,17/11/2017,
ZA-00010092,ZAC0004370,13/11/2017 21:39,COMPLETE,17/11/2017 09:51,22/11/2017 01:49,21/11/2017,LOYAL5
ZA-00010093,ZAC0019676,13/11/2017 09:28,COMPLETE,16/11/2017 23:30,17/11/2017 20:33,20/11/2017,WINTER15
ZA-00010094,ZAC0006358,13/11/2017 19:05,COMPLETE,16/11/2017 07:21,21/11/2017 13:31,19/11/2017,
ZA-00010095,ZAC0017951,13/11/2017 07:20,COMPLETE,14/11/2017 19:25,22/11/2017 15:37,19/11/2017,
ZA-00010096,ZAC0019868,13/11/2017 06:13,COMPLETE,14/11/2017 09:05,16/11/2017 13:28,19/11/2017,
ZA-00010097,ZAC0007069,13/11/2017 08:42,COMPLETE,14/11/2017 14:32,21/11/2017 06:14,19/11/2017,
ZA-00010098,ZAC0012663,13/11/2017 06:59,COMPLETE,19/11/2017 13:24,22/11/2017 17:26,22/11/2017,
ZA-00010099,ZAC0012121,13/11/2017 07:21,CANCELLED,,,,BULK20
ZA-00010100,ZAC0016086,13/11/2017 21:29,RETURNED,16/11/2017 09:37,21/11/2017 13:21,21/11/2017,
ZA-00010101,ZAC0018414,13/11/2017 10:08,COMPLETE,14/11/2017 20:32,16/11/2017 04:14,18/11/2017,FREESHIP
ZA-00010102,ZAC0004197,13/11/2017 22:52,COMPLETE,17/11/2017 09:00,21/11/2017 09:45,22/11/2017,
ZA-00010103,ZAC0002878,13/11/2017 07:03,COMPLETE,15/11/2017 11:27,19/11/2017 09:25,19/11/2017,
ZA-00010104,ZAC0016008,13/11/2017 14:28,COMPLETE,15/11/2017 06:54,18/11/2017 07:51,25/11/2017,BULK20
ZA-00010105,ZAC0003172,13/11/2017 06:18,COMPLETE,16/11/2017 00:56,18/11/2017 23:36,20/11/2017,
ZA-00010106,ZAC0002253,13/11/2017 07:19,COMPLETE,14/11/2017 17:48,22/11/2017 11:29,18/11/2017,
ZA-00010107,ZAC0011203,13/11/2017 13:41,CANCELLED,,,,BULK20
ZA-00010108,ZAC0016408,13/11/2017 07:33,COMPLETE,15/11/2017 00:45,18/11/2017 10:52,20/11/2017,
ZA-00010109,ZAC0011211,13/11/2017 07:59,COMPLETE,14/11/2017 20:07,17/11/2017 13:37,21/11/2017,
ZA-00010110,ZAC0008480,13/11/2017 07:15,COMPLETE,16/11/2017 05:25,19/11/2017 12:24,21/11/2017,
ZA-00010111,ZAC0014857,13/11/2017 15:42,COMPLETE,25/11/2017 02:51,29/11/2017 11:29,05/12/2017,
ZA-00010112,ZAC0022283,13/11/2017 13:15,COMPLETE,17/11/2017 19:15,25/11/2017 09:54,27/11/2017,LOYAL5
ZA-00010113,ZAC0020775,13/11/2017 12:35,COMPLETE,15/11/2017 16:48,17/11/2017 07:17,20/11/2017,
ZA-00010114,ZAC0016418,13/11/2017 19:32,COMPLETE,16/11/2017 05:23,19/11/2017 10:28,20/11/2017,
ZA-00010115,ZAC0011104,13/11/2017 15:53,DISPATCHED,19/11/2017 14:28,,26/11/2017,
ZA-00010116,ZAC0015135,13/11/2017 15:23,COMPLETE,14/11/2017 00:33,17/11/2017 10:40,21/11/2017,
ZA-00010117,ZAC0001671,13/11/2017 10:45,COMPLETE,17/11/2017 08:04,18/11/2017 22:10,21/11/2017,
ZA-00010118,ZAC0002337,14/11/2017 10:24,COMPLETE,22/11/2017 12:32,25/11/2017 14:15,27/11/2017,
ZA-00010119,ZAC0007558,14/11/2017 18:32,COMPLETE,16/11/2017 16:25,18/11/2017 15:21,20/11/2017,
ZA-00010120,ZAC0019512,14/11/2017 07:49,COMPLETE,17/11/2017 07:53,22/11/2017 02:57,20/11/2017,
ZA-00010121,ZAC0000905,14/11/2017 06:07,COMPLETE,16/11/2017 02:08,26/11/2017 17:58,23/11/2017,
ZA-00010122,ZAC0022772,14/11/2017 14:12,COMPLETE,16/11/2017 17:54,21/11/2017 21:40,20/11/2017,
ZA-00010123,ZAC0005046,14/11/2017 06:02,COMPLETE,15/11/2017 18:21,19/11/2017 15:02,19/11/2017,
ZA-00010124,ZAC0005252,14/11/2017 18:02,COMPLETE,15/11/2017 04:37,17/11/2017 05:52,19/11/2017,BULK20
ZA-00010125,ZAC0010605,14/11/2017 22:54,COMPLETE,16/11/2017 10:52,20/11/2017 07:52,20/11/2017,
ZA-00010126,ZAC0014674,14/11/2017 18:58,DISPATCHED,15/11/2017 23:24,,22/11/2017,
ZA-00010127,ZAC0010761,14/11/2017 20:22,COMPLETE,15/11/2017 16:47,21/11/2017 23:01,22/11/2017,
ZA-00010128,ZAC0014784,14/11/2017 06:41,COMPLETE,14/11/2017 12:18,17/11/2017 03:28,19/11/2017,
ZA-00010129,ZAC0006441,14/11/2017 20:34,COMPLETE,19/11/2017 09:11,29/11/2017 17:07,23/11/2017,BULK20
ZA-00010130,ZAC0000384,14/11/2017 18:32,COMPLETE,16/11/2017 18:54,28/11/2017 02:34,21/11/2017,
ZA-00010131,ZAC0014159,14/11/2017 15:07,COMPLETE,15/11/2017 00:59,18/11/2017 10:31,19/11/2017,WINTER15
ZA-00010132,ZAC0007265,14/11/2017 13:11,COMPLETE,15/11/2017 17:53,19/11/2017 22:56,19/11/2017,
ZA-00010133,ZAC0017936,14/11/2017 14:54,COMPLETE,15/11/2017 14:59,25/11/2017 11:09,18/11/2017,WINTER15
ZA-00010134,ZAC0005346,14/11/2017 06:24,COMPLETE,16/11/2017 08:51,20/11/2017 02:44,21/11/2017,FLASH25
ZA-00010135,ZAC0022200,14/11/2017 06:13,COMPLETE,14/11/2017 21:30,23/11/2017 02:30,21/11/2017,
ZA-00010136,ZAC0021037,14/11/2017 08:05,COMPLETE,20/11/2017 09:41,23/11/2017 05:49,30/11/2017,WELCOME10
ZA-00010137,ZAC0022868,14/11/2017 10:18,COMPLETE,14/11/2017 23:30,18/11/2017 03:14,19/11/2017,
ZA-00010138,ZAC0022063,14/11/2017 10:59,RETURNED,18/11/2017 11:24,21/11/2017 08:35,28/11/2017,
ZA-00010139,ZAC0001045,14/11/2017 19:31,COMPLETE,16/11/2017 03:57,19/11/2017 05:46,21/11/2017,BULK20
ZA-00010140,ZAC0017034,14/11/2017 22:11,COMPLETE,19/11/2017 13:35,22/11/2017 03:40,24/11/2017,
ZA-00010141,ZAC0010795,14/11/2017 22:22,COMPLETE,17/11/2017 03:26,19/11/2017 09:19,20/11/2017,
ZA-00010142,ZAC0004884,14/11/2017 15:33,COMPLETE,14/11/2017 23:05,17/11/2017 14:54,19/11/2017,LOYAL5
ZA-00010143,ZAC0012405,14/11/2017 10:52,COMPLETE,19/11/2017 15:39,23/11/2017 04:43,23/11/2017,
ZA-00010144,ZAC0001733,14/11/2017 19:47,COMPLETE,17/11/2017 02:39,25/11/2017 19:04,21/11/2017,
ZA-00010145,ZAC0015547,14/11/2017 22:58,COMPLETE,18/11/2017 17:23,21/11/2017 10:29,22/11/2017,
ZA-00010146,ZAC0010713,14/11/2017 15:01,COMPLETE,16/11/2017 11:56,18/11/2017 09:30,23/11/2017,
ZA-00010147,ZAC0017648,14/11/2017 10:50,COMPLETE,15/11/2017 14:57,24/11/2017 05:34,20/11/2017,
ZA-00010148,ZAC0011514,14/11/2017 13:59,DISPATCHED,16/11/2017 19:35,,19/11/2017,WINTER15
ZA-00010149,ZAC0017543,14/11/2017 17:47,COMPLETE,17/11/2017 00:48,28/11/2017 18:18,24/11/2017,WINTER15
ZA-00010150,ZAC0011515,14/11/2017 13:06,COMPLETE,14/11/2017 16:32,16/11/2017 08:51,19/11/2017,
ZA-00010151,ZAC0007356,14/11/2017 14:50,COMPLETE,15/11/2017 15:24,21/11/2017 09:45,19/11/2017,
ZA-00010152,ZAC0012700,14/11/2017 20:05,COMPLETE,15/11/2017 04:40,20/11/2017 07:53,20/11/2017,
ZA-00010153,ZAC0020838,14/11/2017 19:32,COMPLETE,16/11/2017 04:16,19/11/2017 14:11,26/11/2017,
ZA-00010154,ZAC0022136,14/11/2017 18:42,COMPLETE,16/11/2017 04:28,20/11/2017 10:50,21/11/2017,
ZA-00010155,ZAC0022106,14/11/2017 14:05,COMPLETE,18/11/2017 00:16,19/11/2017 10:19,21/11/2017,
ZA-00010156,ZAC0009506,14/11/2017 07:42,COMPLETE,16/11/2017 18:19,21/11/2017 14:10,20/11/2017,FREESHIP
ZA-00010157,ZAC0021596,14/11/2017 13:19,COMPLETE,20/11/2017 08:38,26/11/2017 04:41,25/11/2017,
ZA-00010158,ZAC0000039,14/11/2017 21:30,COMPLETE,16/11/2017 15:33,22/11/2017 11:36,21/11/2017,
ZA-00010159,ZAC0015274,15/11/2017 20:39,COMPLETE,16/11/2017 17:40,23/11/2017 12:22,19/11/2017,
ZA-00010160,ZAC0018588,15/11/2017 10:30,COMPLETE,17/11/2017 15:59,21/11/2017 22:01,21/11/2017,
ZA-00010161,ZAC0002635,15/11/2017 14:31,COMPLETE,15/11/2017 21:24,20/11/2017 03:14,19/11/2017,
ZA-00010162,ZAC0000024,15/11/2017 06:29,DISPATCHED,16/11/2017 22:20,,20/11/2017,
ZA-00010163,ZAC0004708,15/11/2017 14:00,COMPLETE,17/11/2017 08:04,20/11/2017 09:30,22/11/2017,
ZA-00010164,ZAC0014562,15/11/2017 10:38,COMPLETE,16/11/2017 21:27,18/11/2017 16:16,20/11/2017,WINTER15
ZA-00010165,ZAC0000835,15/11/2017 12:26,COMPLETE,17/11/2017 11:56,20/11/2017 09:27,24/11/2017,BULK20
ZA-00010166,ZAC0011285,15/11/2017 19:08,COMPLETE,16/11/2017 22:28,24/11/2017 00:17,20/11/2017,
ZA-00010167,ZAC0019744,15/11/2017 10:00,CANCELLED,,,,WINTER15
ZA-00010168,ZAC0018087,15/11/2017 12:27,COMPLETE,19/11/2017 13:38,21/11/2017 14:56,23/11/2017,
ZA-00010169,ZAC0021815,15/11/2017 10:31,COMPLETE,16/11/2017 13:28,20/11/2017 07:13,20/11/2017,
ZA-00010170,ZAC0007870,15/11/2017 07:50,COMPLETE,18/11/2017 09:08,20/11/2017 23:33,22/11/2017,
ZA-00010171,ZAC0008636,15/11/2017 09:17,COMPLETE,16/11/2017 06:12,22/11/2017 07:26,19/11/2017,
ZA-00010172,ZAC0004892,15/11/2017 10:48,COMPLETE,22/11/2017 23:49,26/11/2017 04:30,26/11/2017,WELCOME10
ZA-00010173,ZAC0000629,15/11/2017 18:14,COMPLETE,18/11/2017 04:07,24/11/2017 12:54,21/11/2017,
ZA-00010174,ZAC0021553,15/11/2017 14:40,CANCELLED,,,,
ZA-00010175,ZAC0009626,15/11/2017 16:20,COMPLETE,17/11/2017 18:17,19/11/2017 06:00,21/11/2017,
ZA-00010176,ZAC0013240,15/11/2017 12:44,COMPLETE,21/11/2017 05:36,23/11/2017 04:38,25/11/2017,
ZA-00010177,ZAC0021103,15/11/2017 21:07,COMPLETE,17/11/2017 01:24,24/11/2017 11:23,20/11/2017,
ZA-00010178,ZAC0023932,15/11/2017 11:24,COMPLETE,16/11/2017 19:44,17/11/2017 18:10,20/11/2017,
ZA-00010179,ZAC0016868,15/11/2017 17:54,COMPLETE,19/11/2017 15:46,29/11/2017 23:29,26/11/2017,
ZA-00010180,ZAC0023236,15/11/2017 21:58,COMPLETE,20/11/2017 17:31,27/11/2017 04:19,25/11/2017,
ZA-00010181,ZAC0011941,15/11/2017 19:13,COMPLETE,17/11/2017 05:14,20/11/2017 05:29,27/11/2017,
ZA-00010182,ZAC0013903,15/11/2017 18:54,COMPLETE,18/11/2017 04:53,22/11/2017 03:27,21/11/2017,
ZA-00010183,ZAC0016974,15/11/2017 12:11,COMPLETE,17/11/2017 21:31,19/11/2017 17:15,24/11/2017,
ZA-00010184,ZAC0020809,15/11/2017 10:24,COMPLETE,16/11/2017 17:54,26/11/2017 05:40,20/11/2017,
ZA-00010185,ZAC0016163,15/11/2017 09:36,COMPLETE,16/11/2017 20:12,22/11/2017 02:44,20/11/2017,
ZA-00010186,ZAC0016479,15/11/2017 06:47,COMPLETE,16/11/2017 22:17,19/11/2017 00:07,20/11/2017,LOYAL5
ZA-00010187,ZAC0008326,15/11/2017 14:29,COMPLETE,16/11/2017 10:33,16/11/2017 22:22,20/11/2017,
ZA-00010188,ZAC0010258,15/11/2017 20:27,CANCELLED,,,,
ZA-00010189,ZAC0002015,15/11/2017 14:13,COMPLETE,17/11/2017 23:06,23/11/2017 08:15,27/11/2017,
ZA-00010190,ZAC0014934,15/11/2017 10:12,COMPLETE,15/11/2017 23:35,18/11/2017 00:40,20/11/2017,
ZA-00010191,ZAC0011987,15/11/2017 16:35,COMPLETE,18/11/2017 05:51,19/11/2017 17:27,22/11/2017,
ZA-00010192,ZAC0014044,15/11/2017 09:05,COMPLETE,15/11/2017 19:13,23/11/2017 19:37,18/11/2017,
ZA-00010193,ZAC0021357,15/11/2017 21:38,COMPLETE,22/11/2017 01:11,27/11/2017 06:31,27/11/2017,BULK20
ZA-00010194,ZAC0005079,15/11/2017 08:01,COMPLETE,17/11/2017 10:57,24/11/2017 12:03,22/11/2017,
ZA-00010195,ZAC0002901,15/11/2017 06:31,COMPLETE,15/11/2017 22:28,16/11/2017 14:24,19/11/2017,
ZA-00010196,ZAC0003254,15/11/2017 08:38,COMPLETE,20/11/2017 23:30,22/11/2017 02:09,25/11/2017,
ZA-00010197,ZAC0016918,15/11/2017 12:59,COMPLETE,17/11/2017 18:43,22/11/2017 10:00,24/11/2017,
ZA-00010198,ZAC0004807,15/11/2017 20:31,COMPLETE,18/11/2017 02:26,20/11/2017 21:20,21/11/2017,WELCOME10
ZA-00010199,ZAC0010788,15/11/2017 09:23,COMPLETE,19/11/2017 06:04,23/11/2017 08:35,22/11/2017,
ZA-00010200,ZAC0021940,15/11/2017 10:15,COMPLETE,15/11/2017 17:42,21/11/2017 01:20,20/11/2017,WELCOME10
ZA-00010201,ZAC0022550,15/11/2017 16:48,COMPLETE,19/11/2017 01:18,24/11/2017 00:36,24/11/2017,
ZA-00010202,ZAC0015297,15/11/2017 07:38,COMPLETE,18/11/2017 19:50,27/11/2017 11:44,28/11/2017,
ZA-00010203,ZAC0018059,15/11/2017 11:20,COMPLETE,16/11/2017 16:07,25/11/2017 23:41,21/11/2017,
ZA-00010204,ZAC0019752,15/11/2017 21:25,COMPLETE,18/11/2017 17:27,21/11/2017 00:41,28/11/2017,
ZA-00010205,ZAC0017905,15/11/2017 13:57,COMPLETE,17/11/2017 08:50,22/11/2017 18:16,22/11/2017,
ZA-00010206,ZAC0019905,15/11/2017 06:32,COMPLETE,15/11/2017 16:51,21/11/2017 15:18,25/11/2017,
ZA-00010207,ZAC0015132,16/11/2017 14:47,COMPLETE,19/11/2017 14:23,23/11/2017 00:47,22/11/2017,
ZA-00010208,ZAC0007567,16/11/2017 16:53,COMPLETE,19/11/2017 20:12,22/11/2017 18:09,22/11/2017,
ZA-00010209,ZAC0002989,16/11/2017 14:45,COMPLETE,21/11/2017 13:55,22/11/2017 23:38,28/11/2017,
ZA-00010210,ZAC0005317,16/11/2017 17:59,COMPLETE,16/11/2017 21:47,20/11/2017 12:26,19/11/2017,
ZA-00010211,ZAC0009056,16/11/2017 08:10,COMPLETE,18/11/2017 04:50,23/11/2017 04:51,25/11/2017,FREESHIP
ZA-00010212,ZAC0017139,16/11/2017 16:42,COMPLETE,17/11/2017 03:59,23/11/2017 20:50,24/11/2017,
ZA-00010213,ZAC0016722,16/11/2017 17:54,COMPLETE,17/11/2017 19:58,26/11/2017 02:02,24/11/2017,
ZA-00010214,ZAC0021368,16/11/2017 07:14,COMPLETE,19/11/2017 21:39,22/11/2017 14:18,26/11/2017,
ZA-00010215,ZAC0002380,16/11/2017 11:01,COMPLETE,18/11/2017 17:07,23/11/2017 02:08,25/11/2017,
ZA-00010216,ZAC0010205,16/11/2017 18:29,COMPLETE,18/11/2017 11:04,19/11/2017 21:22,25/11/2017,WELCOME10
ZA-00010217,ZAC0016160,16/11/2017 22:08,COMPLETE,18/11/2017 19:05,20/11/2017 18:44,21/11/2017,
ZA-00010218,ZAC0017861,16/11/2017 16:21,COMPLETE,19/11/2017 17:58,23/11/2017 18:57,26/11/2017,FREESHIP
ZA-00010219,ZAC0011815,16/11/2017 08:16,COMPLETE,16/11/2017 21:46,19/11/2017 12:52,20/11/2017,
ZA-00010220,ZAC0007417,16/11/2017 06:26,COMPLETE,17/11/2017 05:54,26/11/2017 16:13,22/11/2017,BULK20
ZA-00010221,ZAC0008775,16/11/2017 16:53,COMPLETE,21/11/2017 10:32,28/11/2017 18:45,28/11/2017,
ZA-00010222,ZAC0015876,16/11/2017 19:36,COMPLETE,18/11/2017 13:33,19/11/2017 00:06,25/11/2017,
ZA-00010223,ZAC0019825,16/11/2017 10:31,COMPLETE,17/11/2017 09:18,22/11/2017 15:41,22/11/2017,
ZA-00010224,ZAC0012301,16/11/2017 12:03,COMPLETE,17/11/2017 05:48,20/11/2017 19:17,21/11/2017,
ZA-00010225,ZAC0020494,16/11/2017 09:55,COMPLETE,17/11/2017 06:27,25/11/2017 00:24,22/11/2017,
ZA-00010226,ZAC0009336,16/11/2017 14:29,COMPLETE,18/11/2017 09:45,25/11/2017 22:10,22/11/2017,FREESHIP
ZA-00010227,ZAC0013195,16/11/2017 08:28,RETURNED,16/11/2017 16:06,21/11/2017 10:53,19/11/2017,
ZA-00010228,ZAC0015288,16/11/2017 09:35,COMPLETE,18/11/2017 22:50,22/11/2017 17:56,21/11/2017,
ZA-00010229,ZAC0016273,16/11/2017 06:43,COMPLETE,17/11/2017 22:08,22/11/2017 23:53,24/11/2017,
ZA-00010230,ZAC0009746,16/11/2017 12:58,COMPLETE,17/11/2017 15:27,22/11/2017 13:10,21/11/2017,
ZA-00010231,ZAC0019506,16/11/2017 10:56,CANCELLED,,,,FLASH25
ZA-00010232,ZAC0015798,16/11/2017 17:56,COMPLETE,19/11/2017 08:17,27/11/2017 01:59,24/11/2017,
ZA-00010233,ZAC0001517,16/11/2017 07:12,DISPATCHED,16/11/2017 17:34,,26/11/2017,FLASH25
ZA-00010234,ZAC0005711,16/11/2017 17:38,COMPLETE,17/11/2017 04:27,20/11/2017 21:29,22/11/2017,
ZA-00010235,ZAC0019072,16/11/2017 13:44,COMPLETE,20/11/2017 15:26,29/11/2017 11:00,24/11/2017,WINTER15
ZA-00010236,ZAC0001216,16/11/2017 09:39,COMPLETE,18/11/2017 23:31,07/12/2017 14:50,28/11/2017,WELCOME10
ZA-00010237,ZAC0016083,16/11/2017 10:02,COMPLETE,18/11/2017 10:21,25/11/2017 14:03,23/11/2017,
ZA-00010238,ZAC0014614,16/11/2017 07:56,COMPLETE,19/11/2017 17:01,20/11/2017 08:11,24/11/2017,
ZA-00010239,ZAC0017334,16/11/2017 17:13,COMPLETE,19/11/2017 22:33,24/11/2017 09:42,24/11/2017,
ZA-00010240,ZAC0010644,16/11/2017 14:37,COMPLETE,16/11/2017 23:10,19/11/2017 22:25,26/11/2017,
ZA-00010241,ZAC0004285,16/11/2017 09:18,COMPLETE,17/11/2017 03:21,18/11/2017 20:20,22/11/2017,
ZA-00010242,ZAC0021268,16/11/2017 13:31,COMPLETE,17/11/2017 21:03,24/11/2017 04:12,22/11/2017,
ZA-00010243,ZAC0015330,16/11/2017 06:26,COMPLETE,17/11/2017 02:17,18/11/2017 01:01,20/11/2017,
ZA-00010244,ZAC0016695,16/11/2017 10:02,COMPLETE,18/11/2017 05:29,21/11/2017 04:40,23/11/2017,
ZA-00010245,ZAC0012103,16/11/2017 13:11,CANCELLED,,,,FLASH25
ZA-00010246,ZAC0019769,16/11/2017 09:06,COMPLETE,22/11/2017 04:23,25/11/2017 03:23,26/11/2017,
ZA-00010247,ZAC0008858,16/11/2017 09:22,COMPLETE,18/11/2017 10:09,22/11/2017 02:28,25/11/2017,
ZA-00010248,ZAC0003629,16/11/2017 20:58,COMPLETE,19/11/2017 04:42,24/11/2017 11:23,24/11/2017,
ZA-00010249,ZAC0018005,16/11/2017 17:54,COMPLETE,19/11/2017 03:03,28/11/2017 10:59,29/11/2017,
ZA-00010250,ZAC0021261,16/11/2017 06:04,COMPLETE,23/11/2017 01:22,27/11/2017 14:49,28/11/2017,
ZA-00010251,ZAC0014726,16/11/2017 08:57,COMPLETE,17/11/2017 04:35,22/11/2017 09:04,21/11/2017,BULK20
ZA-00010252,ZAC0011547,16/11/2017 22:25,COMPLETE,20/11/2017 16:15,29/11/2017 21:54,24/11/2017,
ZA-00010253,ZAC0008664,16/11/2017 13:25,COMPLETE,18/11/2017 13:35,21/11/2017 11:51,21/11/2017,
ZA-00010254,ZAC0019697,16/11/2017 12:25,COMPLETE,17/11/2017 05:00,22/11/2017 06:09,22/11/2017,
ZA-00010255,ZAC0017763,16/11/2017 06:56,COMPLETE,18/11/2017 03:32,24/11/2017 08:26,25/11/2017,WELCOME10
ZA-00010256,ZAC0023670,16/11/2017 19:12,COMPLETE,19/11/2017 18:46,21/11/2017 09:32,23/11/2017,
ZA-00010257,ZAC0022744,16/11/2017 10:44,COMPLETE,18/11/2017 11:51,21/11/2017 13:20,21/11/2017,
ZA-00010258,ZAC0001296,16/11/2017 21:09,COMPLETE,24/11/2017 19:41,30/11/2017 00:47,29/11/2017,
ZA-00010259,ZAC0022541,16/11/2017 11:07,COMPLETE,18/11/2017 00:45,23/11/2017 10:21,25/11/2017,
ZA-00010260,ZAC0016325,16/11/2017 10:01,COMPLETE,19/11/2017 23:43,27/11/2017 23:14,24/11/2017,
ZA-00010261,ZAC0017880,16/11/2017 17:11,COMPLETE,19/11/2017 01:56,22/11/2017 01:28,22/11/2017,BULK20
ZA-00010262,ZAC0019044,16/11/2017 10:48,COMPLETE,17/11/2017 16:35,22/11/2017 07:55,22/11/2017,
ZA-00010263,ZAC0005508,16/11/2017 21:44,COMPLETE,19/11/2017 14:43,24/11/2017 07:46,24/11/2017,
ZA-00010264,ZAC0014387,16/11/2017 07:29,COMPLETE,18/11/2017 13:04,27/11/2017 13:19,21/11/2017,BULK20
ZA-00010265,ZAC0003806,16/11/2017 19:33,COMPLETE,17/11/2017 18:43,22/11/2017 02:39,21/11/2017,
ZA-00010266,ZAC0012479,16/11/2017 08:32,COMPLETE,16/11/2017 19:37,20/11/2017 06:07,20/11/2017,
ZA-00010267,ZAC0005943,16/11/2017 12:33,COMPLETE,20/11/2017 08:49,24/11/2017 16:30,23/11/2017,WELCOME10
ZA-00010268,ZAC0002906,16/11/2017 17:34,COMPLETE,17/11/2017 22:03,21/11/2017 08:56,20/11/2017,
ZA-00010269,ZAC0023913,16/11/2017 17:00,COMPLETE,20/11/2017 10:15,27/11/2017 20:44,23/11/2017,
ZA-00010270,ZAC0003922,16/11/2017 07:20,RETURNED,17/11/2017 16:51,23/11/2017 08:37,22/11/2017,FLASH25
ZA-00010271,ZAC0002016,17/11/2017 16:23,COMPLETE,19/11/2017 12:23,23/11/2017 08:20,22/11/2017,
ZA-00010272,ZAC0022001,17/11/2017 18:11,PENDING,,,,
ZA-00010273,ZAC0016999,17/11/2017 20:50,COMPLETE,18/11/2017 23:26,24/11/2017 00:42,22/11/2017,
ZA-00010274,ZAC0008177,17/11/2017 22:58,CANCELLED,,,,
ZA-00010275,ZAC0013372,17/11/2017 15:19,COMPLETE,21/11/2017 05:17,22/11/2017 21:04,01/12/2017,WELCOME10
ZA-00010276,ZAC0000719,17/11/2017 13:28,COMPLETE,22/11/2017 04:17,26/11/2017 05:49,25/11/2017,
ZA-00010277,ZAC0020839,17/11/2017 20:52,COMPLETE,19/11/2017 11:49,21/11/2017 04:51,23/11/2017,
ZA-00010278,ZAC0011119,17/11/2017 21:56,COMPLETE,19/11/2017 20:54,27/11/2017 12:15,24/11/2017,FLASH25
ZA-00010279,ZAC0019230,17/11/2017 17:05,COMPLETE,23/11/2017 22:55,28/11/2017 01:58,28/11/2017,
ZA-00010280,ZAC0015674,17/11/2017 09:54,COMPLETE,20/11/2017 23:10,03/12/2017 05:27,24/11/2017,
ZA-00010281,ZAC0003216,17/11/2017 14:03,COMPLETE,22/11/2017 13:02,24/11/2017 00:42,29/11/2017,
ZA-00010282,ZAC0010782,17/11/2017 10:54,DISPATCHED,18/11/2017 06:40,,21/11/2017,
ZA-00010283,ZAC0018354,17/11/2017 21:52,COMPLETE,19/11/2017 10:44,22/11/2017 15:06,24/11/2017,
ZA-00010284,ZAC0018484,17/11/2017 18:12,COMPLETE,20/11/2017 12:44,26/11/2017 14:57,27/11/2017,LOYAL5
ZA-00010285,ZAC0000145,17/11/2017 10:41,COMPLETE,18/11/2017 01:55,21/11/2017 23:32,28/11/2017,
ZA-00010286,ZAC0001476,17/11/2017 21:34,COMPLETE,19/11/2017 10:15,26/11/2017 23:41,23/11/2017,
ZA-00010287,ZAC0000008,17/11/2017 09:00,COMPLETE,18/11/2017 12:52,25/11/2017 13:59,21/11/2017,
ZA-00010288,ZAC0004298,17/11/2017 18:58,COMPLETE,19/11/2017 15:52,21/11/2017 17:54,29/11/2017,
ZA-00010289,ZAC0002610,17/11/2017 07:02,COMPLETE,18/11/2017 23:56,22/11/2017 13:26,21/11/2017,
ZA-00010290,ZAC0022807,17/11/2017 14:41,COMPLETE,20/11/2017 04:36,21/11/2017 18:33,27/11/2017,
ZA-00010291,ZAC0016800,17/11/2017 14:39,COMPLETE,21/11/2017 08:56,05/12/2017 06:49,24/11/2017,FREESHIP
ZA-00010292,ZAC0022268,17/11/2017 19:52,COMPLETE,19/11/2017 10:36,22/11/2017 08:08,29/11/2017,
ZA-00010293,ZAC0001970,17/11/2017 14:26,COMPLETE,18/11/2017 14:38,21/11/2017 21:18,22/11/2017,
ZA-00010294,ZAC0012471,17/11/2017 09:44,COMPLETE,19/11/2017 11:25,21/11/2017 06:18,24/11/2017,
ZA-00010295,ZAC0023502,17/11/2017 06:07,COMPLETE,20/11/2017 09:14,25/11/2017 13:01,30/11/2017,WINTER15
ZA-00010296,ZAC0012621,17/11/2017 07:17,COMPLETE,19/11/2017 05:31,22/11/2017 08:46,26/11/2017,WINTER15
ZA-00010297,ZAC0014453,17/11/2017 10:33,COMPLETE,18/11/2017 08:48,23/11/2017 13:48,23/11/2017,
ZA-00010298,ZAC0018929,17/11/2017 10:19,COMPLETE,21/11/2017 13:32,25/11/2017 12:00,26/11/2017,
ZA-00010299,ZAC0004304,17/11/2017 21:18,CANCELLED,,,,FLASH25
ZA-00010300,ZAC0021359,17/11/2017 08:19,COMPLETE,21/11/2017 20:54,27/11/2017 14:17,28/11/2017,
ZA-00010301,ZAC0004133,17/11/2017 20:59,DISPATCHED,19/11/2017 01:11,,26/11/2017,
ZA-00010302,ZAC0005646,17/11/2017 17:01,COMPLETE,20/11/2017 14:11,21/11/2017 17:39,24/11/2017,
ZA-00010303,ZAC0007745,17/11/2017 11:04,COMPLETE,20/11/2017 08:51,27/11/2017 02:41,23/11/2017,
ZA-00010304,ZAC0017169,17/11/2017 16:11,CANCELLED,,,,
ZA-00010305,ZAC0015203,17/11/2017 12:58,COMPLETE,17/11/2017 21:47,23/11/2017 08:11,24/11/2017,
ZA-00010306,ZAC0003154,17/11/2017 13:21,COMPLETE,20/11/2017 14:02,25/11/2017 00:51,25/11/2017,
ZA-00010307,ZAC0013672,17/11/2017 18:46,RETURNED,19/11/2017 01:48,23/11/2017 20:38,23/11/2017,
ZA-00010308,ZAC0019452,17/11/2017 14:06,DISPATCHED,24/11/2017 05:53,,29/11/2017,
ZA-00010309,ZAC0003041,17/11/2017 22:02,COMPLETE,18/11/2017 15:44,20/11/2017 11:32,25/11/2017,
ZA-00010310,ZAC0006388,17/11/2017 09:52,COMPLETE,18/11/2017 07:46,20/11/2017 03:33,21/11/2017,
ZA-00010311,ZAC0008021,17/11/2017 12:50,COMPLETE,25/11/2017 19:41,13/12/2017 10:24,28/11/2017,BULK20
ZA-00010312,ZAC0013660,17/11/2017 13:06,COMPLETE,19/11/2017 21:02,21/11/2017 04:26,23/11/2017,FLASH25
ZA-00010313,ZAC0002618,17/11/2017 07:08,COMPLETE,18/11/2017 08:41,26/11/2017 04:24,22/11/2017,
ZA-00010314,ZAC0004906,17/11/2017 18:04,COMPLETE,21/11/2017 08:42,02/12/2017 20:36,24/11/2017,
ZA-00010315,ZAC0019224,17/11/2017 14:08,COMPLETE,23/11/2017 18:34,27/11/2017 11:10,26/11/2017,
ZA-00010316,ZAC0022440,17/11/2017 14:31,COMPLETE,21/11/2017 09:12,24/11/2017 14:53,24/11/2017,
ZA-00010317,ZAC0009097,17/11/2017 14:00,COMPLETE,17/11/2017 21:06,21/11/2017 05:00,22/11/2017,
ZA-00010318,ZAC0014171,17/11/2017 12:16,COMPLETE,17/11/2017 19:20,18/11/2017 15:24,21/11/2017,
ZA-00010319,ZAC0020631,17/11/2017 11:50,COMPLETE,19/11/2017 14:44,28/11/2017 01:06,24/11/2017,
ZA-00010320,ZAC0007771,17/11/2017 11:19,COMPLETE,20/11/2017 02:41,21/11/2017 09:00,30/11/2017,
ZA-00010321,ZAC0017445,17/11/2017 14:15,CANCELLED,,,,WINTER15
ZA-00010322,ZAC0013867,17/11/2017 09:20,COMPLETE,17/11/2017 17:54,21/11/2017 19:02,22/11/2017,
ZA-00010323,ZAC0020732,17/11/2017 20:10,COMPLETE,18/11/2017 10:19,20/11/2017 10:31,22/11/2017,
ZA-00010324,ZAC0013432,17/11/2017 13:09,COMPLETE,22/11/2017 02:32,29/11/2017 08:20,26/11/2017,
ZA-00010325,ZAC0020626,18/11/2017 20:43,COMPLETE,21/11/2017 04:41,21/11/2017 18:17,25/11/2017,
ZA-00010326,ZAC0002437,18/11/2017 08:20,COMPLETE,21/11/2017 20:44,28/11/2017 11:04,28/11/2017,WELCOME10
ZA-00010327,ZAC0009989,18/11/2017 10:16,COMPLETE,19/11/2017 01:09,23/11/2017 16:59,23/11/2017,
ZA-00010328,ZAC0019989,18/11/2017 17:11,RETURNED,19/11/2017 11:30,22/11/2017 15:06,22/11/2017,BULK20
ZA-00010329,ZAC0000187,18/11/2017 18:41,COMPLETE,22/11/2017 15:12,24/11/2017 01:26,02/12/2017,
ZA-00010330,ZAC0005704,18/11/2017 07:34,COMPLETE,18/11/2017 16:41,22/11/2017 13:59,22/11/2017,
ZA-00010331,ZAC0004055,18/11/2017 07:39,COMPLETE,19/11/2017 21:42,03/12/2017 02:17,26/11/2017,LOYAL5
ZA-00010332,ZAC0014036,18/11/2017 06:37,COMPLETE,19/11/2017 12:34,24/11/2017 19:52,22/11/2017,
ZA-00010333,ZAC0007313,18/11/2017 20:45,DISPATCHED,19/11/2017 19:02,,24/11/2017,
ZA-00010334,ZAC0018391,18/11/2017 16:13,COMPLETE,22/11/2017 12:32,26/11/2017 15:12,27/11/2017,
ZA-00010335,ZAC0002287,18/11/2017 20:50,COMPLETE,20/11/2017 02:12,27/11/2017 09:58,25/11/2017,
ZA-00010336,ZAC0008602,18/11/2017 18:40,COMPLETE,19/11/2017 07:45,23/11/2017 03:34,24/11/2017,
ZA-00010337,ZAC0021945,18/11/2017 13:00,COMPLETE,21/11/2017 15:20,25/11/2017 23:38,28/11/2017,WELCOME10
ZA-00010338,ZAC0015533,18/11/2017 22:22,COMPLETE,27/11/2017 02:27,03/12/2017 19:51,30/11/2017,LOYAL5
ZA-00010339,ZAC0000901,18/11/2017 19:27,COMPLETE,24/11/2017 05:49,26/11/2017 07:51,28/11/2017,
ZA-00010340,ZAC0011987,18/11/2017 14:20,COMPLETE,23/11/2017 17:27,26/11/2017 01:03,30/11/2017,BULK20
ZA-00010341,ZAC0023722,18/11/2017 07:49,COMPLETE,22/11/2017 11:27,28/11/2017 13:48,26/11/2017,
ZA-00010342,ZAC0013096,18/11/2017 20:31,COMPLETE,19/11/2017 08:02,20/11/2017 04:56,22/11/2017,
ZA-00010343,ZAC0000797,18/11/2017 17:24,COMPLETE,22/11/2017 18:13,25/11/2017 08:16,25/11/2017,
ZA-00010344,ZAC0000644,18/11/2017 09:56,COMPLETE,20/11/2017 07:02,26/11/2017 20:54,24/11/2017,
ZA-00010345,ZAC0019001,18/11/2017 16:12,COMPLETE,21/11/2017 07:33,22/11/2017 20:24,26/11/2017,
ZA-00010346,ZAC0003132,18/11/2017 17:03,COMPLETE,20/11/2017 14:35,21/11/2017 19:07,25/11/2017,
ZA-00010347,ZAC0017121,18/11/2017 10:15,COMPLETE,19/11/2017 11:41,21/11/2017 18:34,23/11/2017,
ZA-00010348,ZAC0013904,18/11/2017 16:00,COMPLETE,18/11/2017 23:48,22/11/2017 09:36,25/11/2017,BULK20
ZA-00010349,ZAC0011315,18/11/2017 14:05,COMPLETE,21/11/2017 07:12,25/11/2017 16:25,26/11/2017,
ZA-00010350,ZAC0019278,18/11/2017 20:34,COMPLETE,19/11/2017 18:44,22/11/2017 14:14,24/11/2017,LOYAL5
ZA-00010351,ZAC0014860,18/11/2017 08:04,COMPLETE,19/11/2017 01:00,27/11/2017 12:14,24/11/2017,
ZA-00010352,ZAC0008544,18/11/2017 19:00,COMPLETE,21/11/2017 19:01,28/11/2017 04:33,24/11/2017,FREESHIP
ZA-00010353,ZAC0013960,18/11/2017 08:17,COMPLETE,19/11/2017 03:10,20/11/2017 20:35,23/11/2017,
ZA-00010354,ZAC0011158,18/11/2017 11:58,COMPLETE,22/11/2017 03:04,02/12/2017 00:50,25/11/2017,
ZA-00010355,ZAC0010048,18/11/2017 17:58,COMPLETE,21/11/2017 05:28,28/11/2017 12:53,24/11/2017,
ZA-00010356,ZAC0005331,18/11/2017 07:28,COMPLETE,21/11/2017 05:37,23/11/2017 05:09,26/11/2017,
ZA-00010357,ZAC0016649,18/11/2017 15:52,COMPLETE,22/11/2017 00:21,28/11/2017 13:09,27/11/2017,
ZA-00010358,ZAC0007056,18/11/2017 08:20,COMPLETE,20/11/2017 17:54,24/11/2017 16:27,25/11/2017,
ZA-00010359,ZAC0020513,18/11/2017 13:01,COMPLETE,21/11/2017 21:44,30/11/2017 13:47,25/11/2017,
ZA-00010360,ZAC0017636,18/11/2017 08:23,COMPLETE,19/11/2017 21:34,28/11/2017 14:57,24/11/2017,
ZA-00010361,ZAC0021385,18/11/2017 18:56,COMPLETE,19/11/2017 16:50,23/11/2017 23:37,23/11/2017,BULK20
ZA-00010362,ZAC0020578,18/11/2017 15:32,COMPLETE,20/11/2017 04:47,21/11/2017 16:03,25/11/2017,
ZA-00010363,ZAC0021868,18/11/2017 06:40,COMPLETE,27/11/2017 21:07,01/12/2017 10:04,01/12/2017,
ZA-00010364,ZAC0019621,18/11/2017 15:31,COMPLETE,22/11/2017 13:32,25/11/2017 05:30,26/11/2017,
ZA-00010365,ZAC0005964,18/11/2017 16:46,COMPLETE,20/11/2017 04:25,22/11/2017 17:28,25/11/2017,
ZA-00010366,ZAC0023579,18/11/2017 19:20,COMPLETE,20/11/2017 17:16,30/11/2017 05:49,23/11/2017,
ZA-00010367,ZAC0006578,18/11/2017 21:19,COMPLETE,20/11/2017 18:51,29/11/2017 23:06,27/11/2017,
ZA-00010368,ZAC0012286,18/11/2017 08:08,COMPLETE,19/11/2017 23:38,23/11/2017 10:51,23/11/2017,
ZA-00010369,ZAC0007103,18/11/2017 12:14,COMPLETE,22/11/2017 21:24,30/11/2017 08:57,27/11/2017,
ZA-00010370,ZAC0016954,18/11/2017 08:57,COMPLETE,01/12/2017 05:10,07/12/2017 17:56,06/12/2017,LOYAL5
ZA-00010371,ZAC0012190,18/11/2017 22:14,COMPLETE,22/11/2017 06:05,25/11/2017 10:30,29/11/2017,BULK20
ZA-00010372,ZAC0018753,18/11/2017 14:31,COMPLETE,18/11/2017 17:52,19/11/2017 16:56,22/11/2017,
ZA-00010373,ZAC0001655,18/11/2017 10:58,COMPLETE,20/11/2017 12:05,22/11/2017 12:36,23/11/2017,
ZA-00010374,ZAC0001503,18/11/2017 10:53,COMPLETE,21/11/2017 18:36,25/11/2017 19:13,28/11/2017,
ZA-00010375,ZAC0020375,18/11/2017 06:06,COMPLETE,19/11/2017 19:17,23/11/2017 13:47,23/11/2017,
ZA-00010376,ZAC0006453,18/11/2017 08:05,CANCELLED,,,,BULK20
ZA-00010377,ZAC0013363,18/11/2017 12:43,COMPLETE,22/11/2017 11:47,01/12/2017 10:18,25/11/2017,
ZA-00010378,ZAC0018765,18/11/2017 22:53,COMPLETE,19/11/2017 15:35,20/11/2017 15:22,23/11/2017,
ZA-00010379,ZAC0004533,18/11/2017 22:28,DISPATCHED,20/11/2017 13:33,,30/11/2017,
ZA-00010380,ZAC0000716,18/11/2017 09:32,COMPLETE,22/11/2017 22:42,28/11/2017 12:42,27/11/2017,
ZA-00010381,ZAC0022407,18/11/2017 22:39,DISPATCHED,21/11/2017 16:13,,25/11/2017,
ZA-00010382,ZAC0002967,18/11/2017 21:42,COMPLETE,20/11/2017 00:48,22/11/2017 03:16,25/11/2017,
ZA-00010383,ZAC0000319,18/11/2017 13:52,COMPLETE,21/11/2017 12:13,22/11/2017 20:29,24/11/2017,WELCOME10
ZA-00010384,ZAC0004599,18/11/2017 06:50,COMPLETE,19/11/2017 10:34,27/11/2017 03:03,23/11/2017,
ZA-00010385,ZAC0013707,18/11/2017 22:41,RETURNED,21/11/2017 06:03,23/11/2017 19:38,25/11/2017,
ZA-00010386,ZAC0016321,18/11/2017 22:29,COMPLETE,19/11/2017 21:42,23/11/2017 13:09,22/11/2017,
ZA-00010387,ZAC0009382,18/11/2017 06:51,COMPLETE,20/11/2017 05:36,22/11/2017 19:22,24/11/2017,
ZA-00010388,ZAC0014364,18/11/2017 15:02,COMPLETE,21/11/2017 07:54,01/12/2017 03:59,26/11/2017,LOYAL5
ZA-00010389,ZAC0000614,18/11/2017 11:13,COMPLETE,19/11/2017 19:54,23/11/2017 06:17,22/11/2017,
ZA-00010390,ZAC0010138,18/11/2017 08:11,COMPLETE,20/11/2017 21:56,25/11/2017 16:05,27/11/2017,
ZA-00010391,ZAC0023778,18/11/2017 19:58,COMPLETE,20/11/2017 01:49,22/11/2017 04:29,23/11/2017,
ZA-00010392,ZAC0018231,19/11/2017 20:31,COMPLETE,20/11/2017 22:50,24/11/2017 11:31,30/11/2017,
ZA-00010393,ZAC0006670,19/11/2017 07:06,COMPLETE,21/11/2017 11:05,30/11/2017 22:08,25/11/2017,
ZA-00010394,ZAC0018058,19/11/2017 19:06,COMPLETE,21/11/2017 03:41,27/11/2017 12:10,24/11/2017,FLASH25
ZA-00010395,ZAC0020025,19/11/2017 13:19,COMPLETE,20/11/2017 19:11,23/11/2017 03:05,24/11/2017,
ZA-00010396,ZAC0011339,19/11/2017 07:56,COMPLETE,23/11/2017 11:25,28/11/2017 03:43,27/11/2017,
ZA-00010397,ZAC0006117,19/11/2017 10:01,COMPLETE,21/11/2017 04:41,26/11/2017 17:45,26/11/2017,BULK20
ZA-00010398,ZAC0019427,19/11/2017 12:10,COMPLETE,22/11/2017 17:10,30/11/2017 03:56,26/11/2017,
ZA-00010399,ZAC0004091,19/11/2017 12:04,COMPLETE,21/11/2017 21:45,29/11/2017 04:18,26/11/2017,
ZA-00010400,ZAC0001181,19/11/2017 16:41,COMPLETE,23/11/2017 07:08,26/11/2017 09:11,26/11/2017,
ZA-00010401,ZAC0017149,19/11/2017 19:22,COMPLETE,21/11/2017 02:31,25/11/2017 14:12,25/11/2017,LOYAL5
ZA-00010402,ZAC0012057,19/11/2017 08:15,COMPLETE,24/11/2017 09:17,26/11/2017 16:33,29/11/2017,
ZA-00010403,ZAC0020930,19/11/2017 16:42,COMPLETE,23/11/2017 04:43,27/11/2017 14:43,27/11/2017,
ZA-00010404,ZAC0000506,19/11/2017 10:22,COMPLETE,24/11/2017 18:14,02/12/2017 00:34,28/11/2017,LOYAL5
ZA-00010405,ZAC0020192,19/11/2017 16:34,COMPLETE,21/11/2017 19:46,29/11/2017 16:31,24/11/2017,
ZA-00010406,ZAC0018351,19/11/2017 22:08,COMPLETE,21/11/2017 07:22,28/11/2017 16:46,01/12/2017,
ZA-00010407,ZAC0001767,19/11/2017 12:37,COMPLETE,25/11/2017 10:20,30/11/2017 15:09,30/11/2017,
ZA-00010408,ZAC0009921,19/11/2017 11:01,COMPLETE,20/11/2017 17:34,22/11/2017 06:33,24/11/2017,
ZA-00010409,ZAC0002791,19/11/2017 18:56,COMPLETE,20/11/2017 00:56,25/11/2017 06:15,30/11/2017,
ZA-00010410,ZAC0022892,19/11/2017 22:22,CANCELLED,,,,
ZA-00010411,ZAC0013501,19/11/2017 18:55,COMPLETE,23/11/2017 02:15,30/11/2017 16:01,28/11/2017,FREESHIP
ZA-00010412,ZAC0000542,19/11/2017 16:17,COMPLETE,22/11/2017 05:37,25/11/2017 13:45,25/11/2017,BULK20
ZA-00010413,ZAC0020564,19/11/2017 08:07,COMPLETE,21/11/2017 16:01,26/11/2017 04:32,25/11/2017,
ZA-00010414,ZAC0012860,19/11/2017 09:46,COMPLETE,24/11/2017 14:23,27/11/2017 12:31,29/11/2017,BULK20
ZA-00010415,ZAC0000878,19/11/2017 19:16,COMPLETE,24/11/2017 10:16,27/11/2017 17:35,27/11/2017,
ZA-00010416,ZAC0021367,19/11/2017 22:27,COMPLETE,20/11/2017 07:54,23/11/2017 17:12,25/11/2017,
ZA-00010417,ZAC0013878,19/11/2017 21:41,COMPLETE,22/11/2017 07:36,25/11/2017 09:14,26/11/2017,
ZA-00010418,ZAC0007944,19/11/2017 14:37,DISPATCHED,20/11/2017 15:16,,24/11/2017,
ZA-00010419,ZAC0016051,19/11/2017 20:48,COMPLETE,21/11/2017 19:53,26/11/2017 05:38,26/11/2017,LOYAL5
ZA-00010420,ZAC0021231,19/11/2017 13:50,COMPLETE,21/11/2017 17:00,26/11/2017 10:12,28/11/2017,
ZA-00010421,ZAC0014450,19/11/2017 10:46,COMPLETE,20/11/2017 23:08,22/11/2017 10:51,24/11/2017,
ZA-00010422,ZAC0005199,19/11/2017 21:57,COMPLETE,20/11/2017 08:19,22/11/2017 11:15,27/11/2017,
ZA-00010423,ZAC0010673,19/11/2017 19:16,COMPLETE,21/11/2017 04:57,07/12/2017 15:17,01/12/2017,
ZA-00010424,ZAC0011554,19/11/2017 11:38,COMPLETE,26/11/2017 23:31,29/11/2017 04:03,29/11/2017,
ZA-00010425,ZAC0009526,19/11/2017 18:28,COMPLETE,20/11/2017 03:04,25/11/2017 05:01,25/11/2017,
ZA-00010426,ZAC0006852,19/11/2017 09:46,COMPLETE,20/11/2017 01:41,24/11/2017 01:41,25/11/2017,
ZA-00010427,ZAC0011349,19/11/2017 13:19,COMPLETE,21/11/2017 10:49,22/11/2017 12:40,25/11/2017,
ZA-00010428,ZAC0008678,19/11/2017 13:22,COMPLETE,22/11/2017 02:56,24/11/2017 05:42,26/11/2017,
ZA-00010429,ZAC0013336,19/11/2017 08:56,COMPLETE,20/11/2017 06:39,26/11/2017 19:22,24/11/2017,
ZA-00010430,ZAC0023002,19/11/2017 06:52,COMPLETE,20/11/2017 07:53,21/11/2017 20:27,24/11/2017,FREESHIP
ZA-00010431,ZAC0015580,19/11/2017 17:39,COMPLETE,21/11/2017 13:37,23/11/2017 16:24,25/11/2017,
ZA-00010432,ZAC0004024,19/11/2017 20:46,COMPLETE,23/11/2017 03:54,04/12/2017 08:06,27/11/2017,
ZA-00010433,ZAC0023931,19/11/2017 11:58,DISPATCHED,20/11/2017 10:29,,23/11/2017,
ZA-00010434,ZAC0006258,19/11/2017 12:08,COMPLETE,20/11/2017 17:30,26/11/2017 23:01,23/11/2017,
ZA-00010435,ZAC0007374,19/11/2017 13:34,COMPLETE,21/11/2017 08:02,23/11/2017 18:13,26/11/2017,
ZA-00010436,ZAC0000013,19/11/2017 14:26,COMPLETE,21/11/2017 13:40,23/11/2017 14:22,28/11/2017,
ZA-00010437,ZAC0019491,19/11/2017 19:22,COMPLETE,22/11/2017 12:35,25/11/2017 08:10,26/11/2017,
ZA-00010438,ZAC0019720,19/11/2017 13:43,COMPLETE,20/11/2017 12:25,21/11/2017 04:19,23/11/2017,
ZA-00010439,ZAC0009641,19/11/2017 22:59,COMPLETE,21/11/2017 23:53,25/11/2017 10:44,24/11/2017,FREESHIP
ZA-00010440,ZAC0017364,19/11/2017 13:58,COMPLETE,19/11/2017 22:01,20/11/2017 05:49,22/11/2017,
ZA-00010441,ZAC0014049,19/11/2017 21:15,COMPLETE,21/11/2017 00:19,27/11/2017 13:32,24/11/2017,
ZA-00010442,ZAC0022560,19/11/2017 12:33,COMPLETE,22/11/2017 13:54,25/11/2017 18:30,25/11/2017,
ZA-00010443,ZAC0009387,19/11/2017 19:10,COMPLETE,20/11/2017 06:27,28/11/2017 06:52,23/11/2017,
ZA-00010444,ZAC0011774,19/11/2017 13:14,COMPLETE,23/11/2017 06:56,26/11/2017 20:39,28/11/2017,
ZA-00010445,ZAC0010746,19/11/2017 12:12,COMPLETE,25/11/2017 12:44,27/11/2017 18:35,30/11/2017,
ZA-00010446,ZAC0002873,19/11/2017 12:34,PENDING,,,,
ZA-00010447,ZAC0017905,19/11/2017 11:49,COMPLETE,20/11/2017 21:48,23/11/2017 18:38,30/11/2017,
ZA-00010448,ZAC0018058,19/11/2017 22:00,COMPLETE,24/11/2017 07:10,30/11/2017 07:10,28/11/2017,WELCOME10
ZA-00010449,ZAC0007571,19/11/2017 11:44,COMPLETE,23/11/2017 08:30,28/11/2017 17:32,30/11/2017,
ZA-00010450,ZAC0021212,19/11/2017 11:03,COMPLETE,24/11/2017 19:32,26/11/2017 09:52,01/12/2017,LOYAL5
ZA-00010451,ZAC0015451,19/11/2017 10:11,COMPLETE,23/11/2017 12:06,26/11/2017 11:15,27/11/2017,
ZA-00010452,ZAC0007930,19/11/2017 11:24,COMPLETE,22/11/2017 11:55,05/12/2017 12:52,26/11/2017,
ZA-00010453,ZAC0010303,19/11/2017 17:59,COMPLETE,21/11/2017 07:18,26/11/2017 08:01,26/11/2017,
ZA-00010454,ZAC0021297,19/11/2017 22:41,COMPLETE,20/11/2017 22:57,24/11/2017 18:37,27/11/2017,
ZA-00010455,ZAC0013766,19/11/2017 18:55,COMPLETE,20/11/2017 00:59,21/11/2017 05:38,30/11/2017,
ZA-00010456,ZAC0015876,19/11/2017 14:15,COMPLETE,20/11/2017 05:30,23/11/2017 04:54,23/11/2017,
ZA-00010457,ZAC0001629,19/11/2017 13:33,COMPLETE,22/11/2017 14:17,03/12/2017 22:32,02/12/2017,
ZA-00010458,ZAC0008062,20/11/2017 20:20,COMPLETE,21/11/2017 15:47,24/11/2017 14:48,26/11/2017,
ZA-00010459,ZAC0018687,20/11/2017 19:28,COMPLETE,22/11/2017 08:07,24/11/2017 07:30,26/11/2017,
ZA-00010460,ZAC0014072,20/11/2017 10:52,COMPLETE,23/11/2017 01:05,26/11/2017 20:03,28/11/2017,FLASH25
ZA-00010461,ZAC0000086,20/11/2017 22:47,COMPLETE,22/11/2017 16:35,24/11/2017 12:35,29/11/2017,FLASH25
ZA-00010462,ZAC0016749,20/11/2017 17:32,COMPLETE,26/11/2017 03:42,29/11/2017 11:04,01/12/2017,
ZA-00010463,ZAC0016795,20/11/2017 15:28,COMPLETE,24/11/2017 00:16,28/11/2017 03:57,27/11/2017,
ZA-00010464,ZAC0016207,20/11/2017 20:43,COMPLETE,21/11/2017 22:21,26/11/2017 12:50,26/11/2017,
ZA-00010465,ZAC0009266,20/11/2017 13:24,COMPLETE,21/11/2017 23:30,27/11/2017 16:42,26/11/2017,WELCOME10
ZA-00010466,ZAC0000428,20/11/2017 14:05,COMPLETE,23/11/2017 16:22,04/12/2017 02:02,27/11/2017,
ZA-00010467,ZAC0014594,20/11/2017 07:38,CANCELLED,,,,
ZA-00010468,ZAC0010981,20/11/2017 16:26,COMPLETE,23/11/2017 13:58,29/11/2017 05:17,26/11/2017,
ZA-00010469,ZAC0006037,20/11/2017 21:06,COMPLETE,21/11/2017 08:12,23/11/2017 02:05,26/11/2017,
ZA-00010470,ZAC0019483,20/11/2017 22:12,COMPLETE,21/11/2017 12:14,23/11/2017 23:00,25/11/2017,
ZA-00010471,ZAC0011162,20/11/2017 17:09,COMPLETE,23/11/2017 20:55,01/12/2017 03:28,30/11/2017,WELCOME10
ZA-00010472,ZAC0004769,20/11/2017 07:57,COMPLETE,23/11/2017 01:28,28/11/2017 23:35,27/11/2017,WINTER15
ZA-00010473,ZAC0021669,20/11/2017 22:06,COMPLETE,23/11/2017 22:55,26/11/2017 21:42,28/11/2017,
ZA-00010474,ZAC0005060,20/11/2017 11:59,COMPLETE,21/11/2017 10:25,25/11/2017 08:05,28/11/2017,
ZA-00010475,ZAC0012991,20/11/2017 22:52,COMPLETE,21/11/2017 21:22,25/11/2017 02:42,25/11/2017,BULK20
ZA-00010476,ZAC0022692,20/11/2017 07:51,COMPLETE,23/11/2017 15:15,30/11/2017 04:48,27/11/2017,
ZA-00010477,ZAC0007353,20/11/2017 13:53,COMPLETE,23/11/2017 04:37,30/11/2017 09:53,27/11/2017,
ZA-00010478,ZAC0018410,20/11/2017 12:32,COMPLETE,25/11/2017 23:22,05/12/2017 05:54,29/11/2017,
ZA-00010479,ZAC0000066,20/11/2017 14:44,COMPLETE,21/11/2017 07:02,25/11/2017 18:42,28/11/2017,
ZA-00010480,ZAC0014765,20/11/2017 11:08,COMPLETE,26/11/2017 05:56,26/11/2017 19:38,01/12/2017,
ZA-00010481,ZAC0023101,20/11/2017 16:06,COMPLETE,22/11/2017 08:29,23/11/2017 14:35,25/11/2017,
ZA-00010482,ZAC0000032,20/11/2017 09:00,COMPLETE,22/11/2017 14:20,28/11/2017 06:41,02/12/2017,
ZA-00010483,ZAC0014993,20/11/2017 18:27,COMPLETE,24/11/2017 13:08,26/11/2017 17:54,01/12/2017,
ZA-00010484,ZAC0000333,20/11/2017 13:10,CANCELLED,,,,WELCOME10
ZA-00010485,ZAC0014724,20/11/2017 21:52,COMPLETE,22/11/2017 03:05,26/11/2017 00:06,27/11/2017,WINTER15
ZA-00010486,ZAC0011184,20/11/2017 14:20,RETURNED,22/11/2017 17:38,26/11/2017 11:54,27/11/2017,
ZA-00010487,ZAC0022004,20/11/2017 22:33,COMPLETE,22/11/2017 09:02,27/11/2017 01:28,27/11/2017,
ZA-00010488,ZAC0000841,20/11/2017 17:32,COMPLETE,21/11/2017 22:10,30/11/2017 08:43,25/11/2017,
ZA-00010489,ZAC0008611,20/11/2017 11:13,COMPLETE,22/11/2017 12:40,27/11/2017 04:38,27/11/2017,
ZA-00010490,ZAC0003472,20/11/2017 19:24,PENDING,,,,
ZA-00010491,ZAC0021464,20/11/2017 17:16,COMPLETE,24/11/2017 09:11,06/12/2017 22:19,29/11/2017,FLASH25
ZA-00010492,ZAC0022216,20/11/2017 18:13,COMPLETE,22/11/2017 09:45,10/12/2017 20:31,26/11/2017,
ZA-00010493,ZAC0010534,20/11/2017 11:36,DISPATCHED,23/11/2017 17:51,,27/11/2017,BULK20
ZA-00010494,ZAC0023537,20/11/2017 07:57,COMPLETE,23/11/2017 01:53,26/11/2017 08:25,30/11/2017,
ZA-00010495,ZAC0014563,20/11/2017 06:06,COMPLETE,22/11/2017 21:16,28/11/2017 13:40,27/11/2017,
ZA-00010496,ZAC0006887,20/11/2017 08:39,COMPLETE,21/11/2017 11:46,24/11/2017 13:46,26/11/2017,
ZA-00010497,ZAC0001767,20/11/2017 18:43,COMPLETE,22/11/2017 05:04,25/11/2017 09:58,02/12/2017,
ZA-00010498,ZAC0017528,21/11/2017 11:14,COMPLETE,22/11/2017 14:50,26/11/2017 07:19,27/11/2017,
ZA-00010499,ZAC0011319,21/11/2017 19:18,COMPLETE,23/11/2017 16:09,25/11/2017 10:24,26/11/2017,
ZA-00010500,ZAC0018277,21/11/2017 19:28,CANCELLED,,,,
ZA-00010501,ZAC0003986,21/11/2017 11:05,COMPLETE,22/11/2017 02:28,27/11/2017 23:48,27/11/2017,
ZA-00010502,ZAC0000906,21/11/2017 06:41,COMPLETE,26/11/2017 04:45,28/11/2017 16:50,29/11/2017,
ZA-00010503,ZAC0022764,21/11/2017 06:13,COMPLETE,24/11/2017 18:59,29/11/2017 18:53,27/11/2017,
ZA-00010504,ZAC0009242,21/11/2017 15:14,COMPLETE,24/11/2017 09:04,27/11/2017 21:48,29/11/2017,
ZA-00010505,ZAC0007329,21/11/2017 21:07,COMPLETE,30/11/2017 16:31,04/12/2017 17:29,05/12/2017,
ZA-00010506,ZAC0005721,21/11/2017 19:56,COMPLETE,24/11/2017 19:29,26/11/2017 08:34,28/11/2017,
ZA-00010507,ZAC0022999,21/11/2017 21:48,COMPLETE,26/11/2017 19:32,05/12/2017 17:38,30/11/2017,FLASH25
ZA-00010508,ZAC0020586,21/11/2017 17:08,COMPLETE,24/11/2017 05:23,26/11/2017 07:47,29/11/2017,
ZA-00010509,ZAC0006514,21/11/2017 09:44,COMPLETE,24/11/2017 09:48,28/11/2017 18:58,29/11/2017,
ZA-00010510,ZAC0000650,21/11/2017 19:12,COMPLETE,22/11/2017 06:58,26/11/2017 21:52,29/11/2017,
ZA-00010511,ZAC0020772,21/11/2017 18:53,COMPLETE,25/11/2017 16:30,25/11/2017 21:30,30/11/2017,
ZA-00010512,ZAC0014207,21/11/2017 18:01,COMPLETE,23/11/2017 19:13,27/11/2017 23:26,28/11/2017,WINTER15
ZA-00010513,ZAC0000624,21/11/2017 13:17,COMPLETE,22/11/2017 15:36,25/11/2017 06:23,02/12/2017,FLASH25
ZA-00010514,ZAC0006617,21/11/2017 14:03,COMPLETE,23/11/2017 14:27,30/11/2017 07:54,27/11/2017,
ZA-00010515,ZAC0014557,21/11/2017 08:19,COMPLETE,22/11/2017 04:43,23/11/2017 13:37,26/11/2017,FLASH25
ZA-00010516,ZAC0000378,21/11/2017 11:26,COMPLETE,23/11/2017 04:07,25/11/2017 04:14,27/11/2017,WELCOME10
ZA-00010517,ZAC0015997,21/11/2017 07:44,COMPLETE,25/11/2017 08:54,01/12/2017 14:46,29/11/2017,
ZA-00010518,ZAC0002396,21/11/2017 13:54,COMPLETE,22/11/2017 17:43,28/11/2017 13:05,29/11/2017,
ZA-00010519,ZAC0021765,21/11/2017 13:52,COMPLETE,23/11/2017 22:41,01/12/2017 20:50,26/11/2017,
ZA-00010520,ZAC0022809,21/11/2017 13:36,COMPLETE,23/11/2017 11:21,24/11/2017 01:48,27/11/2017,
ZA-00010521,ZAC0022937,21/11/2017 18:07,COMPLETE,23/11/2017 17:22,29/11/2017 00:57,28/11/2017,BULK20
ZA-00010522,ZAC0016904,21/11/2017 14:18,COMPLETE,24/11/2017 08:06,01/12/2017 01:32,01/12/2017,
ZA-00010523,ZAC0019985,21/11/2017 21:10,COMPLETE,23/11/2017 23:59,05/12/2017 20:13,28/11/2017,
ZA-00010524,ZAC0022829,21/11/2017 17:00,COMPLETE,24/11/2017 14:47,09/12/2017 08:01,28/11/2017,
ZA-00010525,ZAC0011254,21/11/2017 07:45,COMPLETE,22/11/2017 02:48,24/11/2017 16:00,26/11/2017,
ZA-00010526,ZAC0005523,21/11/2017 21:58,COMPLETE,22/11/2017 13:41,24/11/2017 18:28,26/11/2017,
ZA-00010527,ZAC0014547,21/11/2017 19:45,COMPLETE,24/11/2017 20:54,30/11/2017 07:44,28/11/2017,
ZA-00010528,ZAC0019805,21/11/2017 22:13,COMPLETE,22/11/2017 07:30,26/11/2017 00:30,26/11/2017,
ZA-00010529,ZAC0014636,21/11/2017 11:06,COMPLETE,23/11/2017 16:59,30/11/2017 01:40,27/11/2017,
ZA-00010530,ZAC0013368,21/11/2017 06:49,COMPLETE,24/11/2017 21:36,03/12/2017 07:45,29/11/2017,WINTER15
ZA-00010531,ZAC0014446,21/11/2017 14:41,COMPLETE,22/11/2017 01:01,26/11/2017 20:22,26/11/2017,WINTER15
ZA-00010532,ZAC0004509,21/11/2017 18:24,COMPLETE,22/11/2017 17:52,24/11/2017 01:01,27/11/2017,WELCOME10
ZA-00010533,ZAC0022976,21/11/2017 06:54,COMPLETE,22/11/2017 18:00,27/11/2017 19:24,02/12/2017,
ZA-00010534,ZAC0012398,21/11/2017 19:08,CANCELLED,,,,
ZA-00010535,ZAC0016552,21/11/2017 12:28,COMPLETE,23/11/2017 19:03,02/12/2017 09:49,28/11/2017,
ZA-00010536,ZAC0021441,21/11/2017 06:41,COMPLETE,23/11/2017 16:14,02/12/2017 10:22,27/11/2017,
ZA-00010537,ZAC0003830,21/11/2017 08:48,COMPLETE,23/11/2017 07:15,27/11/2017 07:09,30/11/2017,
ZA-00010538,ZAC0015931,21/11/2017 15:17,COMPLETE,25/11/2017 03:12,27/11/2017 17:12,28/11/2017,
ZA-00010539,ZAC0015202,21/11/2017 18:12,COMPLETE,23/11/2017 04:55,01/12/2017 02:35,26/11/2017,FREESHIP
ZA-00010540,ZAC0015838,21/11/2017 20:27,COMPLETE,25/11/2017 08:01,26/11/2017 18:33,02/12/2017,FREESHIP
ZA-00010541,ZAC0021064,21/11/2017 19:56,COMPLETE,22/11/2017 06:54,25/11/2017 18:05,27/11/2017,
ZA-00010542,ZAC0002098,21/11/2017 13:59,COMPLETE,25/11/2017 14:42,29/11/2017 08:59,29/11/2017,
ZA-00010543,ZAC0005006,21/11/2017 17:12,COMPLETE,22/11/2017 14:55,27/11/2017 02:52,25/11/2017,
ZA-00010544,ZAC0005406,21/11/2017 22:20,COMPLETE,23/11/2017 06:44,02/12/2017 21:48,30/11/2017,
ZA-00010545,ZAC0018095,21/11/2017 21:50,COMPLETE,23/11/2017 20:10,26/11/2017 10:54,27/11/2017,WELCOME10
ZA-00010546,ZAC0004858,21/11/2017 17:22,COMPLETE,24/11/2017 05:52,26/11/2017 19:42,29/11/2017,
ZA-00010547,ZAC0015099,21/11/2017 12:16,COMPLETE,25/11/2017 21:12,27/11/2017 02:27,30/11/2017,
ZA-00010548,ZAC0016981,21/11/2017 10:58,COMPLETE,22/11/2017 12:17,30/11/2017 10:42,25/11/2017,
ZA-00010549,ZAC0000190,21/11/2017 16:58,COMPLETE,24/11/2017 04:08,25/11/2017 14:53,01/12/2017,
ZA-00010550,ZAC0021128,21/11/2017 19:11,COMPLETE,26/11/2017 17:33,01/12/2017 03:26,01/12/2017,
ZA-00010551,ZAC0011213,21/11/2017 19:11,COMPLETE,23/11/2017 05:26,27/11/2017 19:15,27/11/2017,
ZA-00010552,ZAC0004747,21/11/2017 10:48,COMPLETE,22/11/2017 12:46,28/11/2017 01:44,27/11/2017,
ZA-00010553,ZAC0019932,21/11/2017 11:04,COMPLETE,29/11/2017 09:19,05/12/2017 15:35,03/12/2017,
ZA-00010554,ZAC0022435,21/11/2017 18:03,DISPATCHED,23/11/2017 14:21,,27/11/2017,
ZA-00010555,ZAC0010781,21/11/2017 15:40,COMPLETE,22/11/2017 20:51,01/12/2017 00:02,02/12/2017,
ZA-00010556,ZAC0012165,21/11/2017 20:55,COMPLETE,22/11/2017 23:44,30/11/2017 23:31,27/11/2017,
ZA-00010557,ZAC0018980,22/11/2017 07:19,COMPLETE,23/11/2017 22:58,01/12/2017 13:35,30/11/2017,
ZA-00010558,ZAC0016955,22/11/2017 14:59,COMPLETE,23/11/2017 17:36,30/11/2017 19:56,27/11/2017,
ZA-00010559,ZAC0017679,22/11/2017 07:03,COMPLETE,26/11/2017 13:57,05/12/2017 10:47,03/12/2017,LOYAL5
ZA-00010560,ZAC0020217,22/11/2017 08:57,CANCELLED,,,,
ZA-00010561,ZAC0014857,22/11/2017 15:03,COMPLETE,28/11/2017 14:46,06/12/2017 00:12,02/12/2017,
ZA-00010562,ZAC0007030,22/11/2017 15:25,COMPLETE,25/11/2017 02:43,29/11/2017 06:04,30/11/2017,
ZA-00010563,ZAC0011202,22/11/2017 21:04,COMPLETE,25/11/2017 06:28,28/11/2017 10:18,28/11/2017,
ZA-00010564,ZAC0007824,22/11/2017 22:24,COMPLETE,27/11/2017 04:41,28/11/2017 17:07,07/12/2017,
ZA-00010565,ZAC0002053,22/11/2017 11:27,COMPLETE,24/11/2017 05:11,24/11/2017 16:10,01/12/2017,
ZA-00010566,ZAC0013331,22/11/2017 16:14,COMPLETE,24/11/2017 08:09,28/11/2017 13:40,27/11/2017,
ZA-00010567,ZAC0002296,22/11/2017 06:04,COMPLETE,23/11/2017 11:12,28/11/2017 23:58,27/11/2017,
ZA-00010568,ZAC0004426,22/11/2017 07:16,COMPLETE,24/11/2017 08:14,28/11/2017 02:19,28/11/2017,FREESHIP
ZA-00010569,ZAC0000172,22/11/2017 21:01,COMPLETE,25/11/2017 17:52,27/11/2017 06:33,02/12/2017,
ZA-00010570,ZAC0003958,22/11/2017 22:26,COMPLETE,24/11/2017 18:25,25/11/2017 20:31,28/11/2017,
ZA-00010571,ZAC0005017,22/11/2017 15:11,COMPLETE,23/11/2017 21:26,03/12/2017 14:44,26/11/2017,
ZA-00010572,ZAC0007155,22/11/2017 08:17,COMPLETE,24/11/2017 03:04,25/11/2017 17:17,01/12/2017,WELCOME10
ZA-00010573,ZAC0003366,22/11/2017 12:31,COMPLETE,23/11/2017 17:37,27/11/2017 06:52,30/11/2017,
ZA-00010574,ZAC0017198,22/11/2017 20:25,COMPLETE,25/11/2017 04:32,30/11/2017 23:56,02/12/2017,
ZA-00010575,ZAC0010886,22/11/2017 15:34,COMPLETE,26/11/2017 18:46,27/11/2017 08:01,03/12/2017,
ZA-00010576,ZAC0005243,22/11/2017 15:33,COMPLETE,23/11/2017 08:23,23/11/2017 12:54,27/11/2017,
ZA-00010577,ZAC0007298,22/11/2017 14:11,COMPLETE,23/11/2017 03:35,29/11/2017 02:30,30/11/2017,
ZA-00010578,ZAC0009924,22/11/2017 11:18,COMPLETE,24/11/2017 21:26,28/11/2017 03:45,27/11/2017,BULK20
ZA-00010579,ZAC0001446,22/11/2017 12:42,COMPLETE,24/11/2017 16:29,29/11/2017 18:34,28/11/2017,
ZA-00010580,ZAC0011873,22/11/2017 09:05,COMPLETE,23/11/2017 07:47,28/11/2017 03:57,27/11/2017,
ZA-00010581,ZAC0006564,22/11/2017 19:09,DISPATCHED,29/11/2017 04:21,,03/12/2017,
ZA-00010582,ZAC0002465,22/11/2017 08:10,COMPLETE,22/11/2017 11:53,25/11/2017 07:09,27/11/2017,WELCOME10
ZA-00010583,ZAC0011974,22/11/2017 17:01,COMPLETE,23/11/2017 22:37,28/11/2017 19:40,30/11/2017,
ZA-00010584,ZAC0015911,22/11/2017 11:16,COMPLETE,24/11/2017 09:50,27/11/2017 01:37,27/11/2017,
ZA-00010585,ZAC0020731,22/11/2017 16:24,COMPLETE,23/11/2017 04:01,29/11/2017 00:02,30/11/2017,
ZA-00010586,ZAC0017118,22/11/2017 09:11,COMPLETE,23/11/2017 03:46,01/12/2017 09:21,27/11/2017,
ZA-00010587,ZAC0022144,22/11/2017 11:01,COMPLETE,23/11/2017 00:18,27/11/2017 13:15,30/11/2017,
ZA-00010588,ZAC0002528,22/11/2017 12:46,PENDING,,,,
ZA-00010589,ZAC0018083,22/11/2017 06:26,COMPLETE,24/11/2017 09:21,01/12/2017 13:49,29/11/2017,
ZA-00010590,ZAC0001185,22/11/2017 15:14,COMPLETE,24/11/2017 19:24,01/12/2017 04:13,01/12/2017,
ZA-00010591,ZAC0003681,22/11/2017 19:51,COMPLETE,23/11/2017 23:19,27/11/2017 13:04,28/11/2017,
ZA-00010592,ZAC0007391,22/11/2017 08:12,COMPLETE,23/11/2017 15:28,26/11/2017 05:51,26/11/2017,
ZA-00010593,ZAC0020077,22/11/2017 06:44,COMPLETE,25/11/2017 14:15,01/12/2017 03:52,29/11/2017,
ZA-00010594,ZAC0002228,22/11/2017 14:53,COMPLETE,23/11/2017 06:02,25/11/2017 04:15,27/11/2017,
ZA-00010595,ZAC0000964,22/11/2017 20:46,COMPLETE,23/11/2017 04:20,25/11/2017 09:53,30/11/2017,
ZA-00010596,ZAC0005461,22/11/2017 16:18,COMPLETE,23/11/2017 06:33,24/11/2017 14:37,28/11/2017,
ZA-00010597,ZAC0017815,22/11/2017 07:39,COMPLETE,22/11/2017 22:02,23/11/2017 14:14,26/11/2017,
ZA-00010598,ZAC0013557,22/11/2017 20:01,COMPLETE,25/11/2017 19:32,05/12/2017 00:17,29/11/2017,
ZA-00010599,ZAC0008852,22/11/2017 15:36,COMPLETE,25/11/2017 23:52,01/12/2017 01:00,02/12/2017,FREESHIP
ZA-00010600,ZAC0013885,22/11/2017 10:26,COMPLETE,24/11/2017 19:37,01/12/2017 07:51,28/11/2017,
ZA-00010601,ZAC0005932,22/11/2017 19:57,COMPLETE,28/11/2017 22:01,04/12/2017 16:23,01/12/2017,
ZA-00010602,ZAC0022903,22/11/2017 20:07,COMPLETE,25/11/2017 01:34,25/11/2017 16:53,30/11/2017,
ZA-00010603,ZAC0023186,22/11/2017 18:34,COMPLETE,25/11/2017 02:08,30/11/2017 02:25,30/11/2017,
ZA-00010604,ZAC0016498,22/11/2017 09:16,COMPLETE,22/11/2017 15:43,26/11/2017 08:21,02/12/2017,FREESHIP
ZA-00010605,ZAC0017289,22/11/2017 12:58,COMPLETE,26/11/2017 02:16,02/12/2017 05:25,29/11/2017,
ZA-00010606,ZAC0000054,22/11/2017 06:15,COMPLETE,25/11/2017 21:37,01/12/2017 19:52,02/12/2017,
ZA-00010607,ZAC0015187,22/11/2017 10:15,COMPLETE,22/11/2017 21:34,24/11/2017 19:58,25/11/2017,
ZA-00010608,ZAC0003158,22/11/2017 08:07,COMPLETE,23/11/2017 05:08,26/11/2017 02:35,28/11/2017,
ZA-00010609,ZAC0018435,22/11/2017 08:59,COMPLETE,27/11/2017 16:46,05/12/2017 20:54,30/11/2017,
ZA-00010610,ZAC0004495,22/11/2017 12:35,COMPLETE,23/11/2017 04:32,04/12/2017 20:07,27/11/2017,WELCOME10
ZA-00010611,ZAC0022059,22/11/2017 15:41,COMPLETE,24/11/2017 11:27,29/11/2017 14:20,28/11/2017,
ZA-00010612,ZAC0016788,22/11/2017 15:59,COMPLETE,26/11/2017 08:37,04/12/2017 09:22,29/11/2017,
ZA-00010613,ZAC0017293,22/11/2017 11:50,COMPLETE,23/11/2017 09:04,28/11/2017 22:30,28/11/2017,
ZA-00010614,ZAC0005251,22/11/2017 17:16,CANCELLED,,,,
ZA-00010615,ZAC0023519,22/11/2017 06:11,COMPLETE,23/11/2017 02:35,27/11/2017 08:06,28/11/2017,
ZA-00010616,ZAC0015772,22/11/2017 10:34,COMPLETE,24/11/2017 19:50,01/12/2017 03:54,28/11/2017,
ZA-00010617,ZAC0011235,22/11/2017 16:07,COMPLETE,23/11/2017 16:19,23/11/2017 23:37,26/11/2017,FLASH25
ZA-00010618,ZAC0017921,23/11/2017 13:27,COMPLETE,28/11/2017 10:13,02/12/2017 13:36,02/12/2017,
ZA-00010619,ZAC0013939,23/11/2017 16:50,COMPLETE,24/11/2017 09:45,05/12/2017 10:27,27/11/2017,
ZA-00010620,ZAC0019096,23/11/2017 17:46,COMPLETE,30/11/2017 06:51,03/12/2017 03:59,04/12/2017,
ZA-00010621,ZAC0012130,23/11/2017 06:29,COMPLETE,30/11/2017 04:05,03/12/2017 05:48,07/12/2017,
ZA-00010622,ZAC0023489,23/11/2017 12:32,COMPLETE,23/11/2017 22:40,24/11/2017 20:04,30/11/2017,
ZA-00010623,ZAC0017230,23/11/2017 20:28,RETURNED,25/11/2017 19:52,08/12/2017 03:11,29/11/2017,
ZA-00010624,ZAC0006716,23/11/2017 08:03,COMPLETE,26/11/2017 17:02,29/11/2017 12:47,03/12/2017,
ZA-00010625,ZAC0015063,23/11/2017 07:40,COMPLETE,25/11/2017 18:41,29/11/2017 19:48,28/11/2017,
ZA-00010626,ZAC0011871,23/11/2017 06:47,COMPLETE,25/11/2017 08:34,03/12/2017 15:55,05/12/2017,
ZA-00010627,ZAC0006563,23/11/2017 09:42,COMPLETE,28/11/2017 10:39,10/12/2017 10:18,02/12/2017,
ZA-00010628,ZAC0022742,23/11/2017 09:15,COMPLETE,24/11/2017 02:01,25/11/2017 13:10,27/11/2017,
ZA-00010629,ZAC0011383,23/11/2017 20:29,COMPLETE,27/11/2017 02:40,17/12/2017 19:36,01/12/2017,
ZA-00010630,ZAC0003020,23/11/2017 18:49,COMPLETE,26/11/2017 06:07,30/11/2017 23:22,30/11/2017,FLASH25
ZA-00010631,ZAC0007505,23/11/2017 18:37,COMPLETE,24/11/2017 16:54,29/11/2017 02:53,29/11/2017,FREESHIP
ZA-00010632,ZAC0017828,23/11/2017 14:25,COMPLETE,24/11/2017 09:49,26/11/2017 20:20,28/11/2017,
ZA-00010633,ZAC0021225,23/11/2017 11:12,DISPATCHED,23/11/2017 19:08,,27/11/2017,
ZA-00010634,ZAC0005978,23/11/2017 13:25,COMPLETE,25/11/2017 00:32,06/12/2017 11:42,30/11/2017,
ZA-00010635,ZAC0022507,23/11/2017 10:40,COMPLETE,25/11/2017 10:44,26/11/2017 13:01,29/11/2017,WELCOME10
ZA-00010636,ZAC0023959,23/11/2017 14:40,COMPLETE,26/11/2017 21:56,28/11/2017 16:22,29/11/2017,
ZA-00010637,ZAC0020936,23/11/2017 18:34,COMPLETE,26/11/2017 09:13,26/11/2017 21:50,30/11/2017,
ZA-00010638,ZAC0021082,23/11/2017 21:48,COMPLETE,24/11/2017 09:45,27/11/2017 10:25,01/12/2017,
ZA-00010639,ZAC0004884,23/11/2017 13:05,COMPLETE,25/11/2017 02:23,28/11/2017 15:21,28/11/2017,
ZA-00010640,ZAC0004125,23/11/2017 08:54,CANCELLED,,,,FREESHIP
ZA-00010641,ZAC0013263,23/11/2017 16:41,COMPLETE,01/12/2017 08:14,06/12/2017 11:08,04/12/2017,
ZA-00010642,ZAC0015398,23/11/2017 16:31,COMPLETE,25/11/2017 12:54,25/11/2017 22:24,02/12/2017,
ZA-00010643,ZAC0000685,23/11/2017 19:51,COMPLETE,27/11/2017 04:26,03/12/2017 01:11,01/12/2017,
ZA-00010644,ZAC0008699,23/11/2017 08:54,COMPLETE,25/11/2017 15:21,07/12/2017 17:27,28/11/2017,FREESHIP
ZA-00010645,ZAC0011799,23/11/2017 08:03,COMPLETE,25/11/2017 18:04,29/11/2017 00:08,05/12/2017,
ZA-00010646,ZAC0019282,23/11/2017 12:59,CANCELLED,,,,
ZA-00010647,ZAC0016133,23/11/2017 13:48,PENDING,,,,WELCOME10
ZA-00010648,ZAC0016483,23/11/2017 18:11,COMPLETE,24/11/2017 13:07,25/11/2017 15:05,27/11/2017,WINTER15
ZA-00010649,ZAC0019612,23/11/2017 06:54,COMPLETE,23/11/2017 21:24,26/11/2017 01:35,28/11/2017,
ZA-00010650,ZAC0020041,23/11/2017 13:41,CANCELLED,,,,WELCOME10
ZA-00010651,ZAC0023789,23/11/2017 15:58,CANCELLED,,,,FLASH25
ZA-00010652,ZAC0005548,23/11/2017 17:24,COMPLETE,25/11/2017 22:19,28/11/2017 12:09,30/11/2017,FREESHIP
ZA-00010653,ZAC0020684,23/11/2017 21:29,COMPLETE,25/11/2017 14:25,02/12/2017 22:49,30/11/2017,
ZA-00010654,ZAC0003323,23/11/2017 10:01,COMPLETE,27/11/2017 15:09,02/12/2017 13:14,01/12/2017,
ZA-00010655,ZAC0015335,23/11/2017 12:37,COMPLETE,24/11/2017 12:52,28/11/2017 00:10,01/12/2017,
ZA-00010656,ZAC0009471,23/11/2017 11:48,COMPLETE,29/11/2017 06:58,04/12/2017 19:36,04/12/2017,FREESHIP
ZA-00010657,ZAC0016261,23/11/2017 20:07,COMPLETE,27/11/2017 08:54,01/12/2017 21:33,04/12/2017,
ZA-00010658,ZAC0006873,23/11/2017 14:34,DISPATCHED,26/11/2017 00:28,,29/11/2017,
ZA-00010659,ZAC0012088,23/11/2017 14:46,COMPLETE,24/11/2017 13:41,25/11/2017 17:10,04/12/2017,FREESHIP
ZA-00010660,ZAC0012970,23/11/2017 22:43,COMPLETE,28/11/2017 03:09,02/12/2017 20:44,02/12/2017,
ZA-00010661,ZAC0015142,23/11/2017 08:01,COMPLETE,27/11/2017 13:45,30/11/2017 17:27,02/12/2017,
ZA-00010662,ZAC0015498,23/11/2017 07:27,COMPLETE,27/11/2017 05:59,01/12/2017 11:04,04/12/2017,
ZA-00010663,ZAC0015108,23/11/2017 07:30,COMPLETE,25/11/2017 08:21,28/11/2017 16:21,30/11/2017,
ZA-00010664,ZAC0008637,23/11/2017 10:45,COMPLETE,24/11/2017 23:57,26/11/2017 18:58,29/11/2017,
ZA-00010665,ZAC0023406,23/11/2017 21:02,COMPLETE,25/11/2017 17:00,26/11/2017 16:08,29/11/2017,
ZA-00010666,ZAC0019786,23/11/2017 19:59,COMPLETE,27/11/2017 20:43,04/12/2017 18:35,30/11/2017,
ZA-00010667,ZAC0022455,23/11/2017 10:54,COMPLETE,26/11/2017 18:04,30/11/2017 22:33,29/11/2017,
ZA-00010668,ZAC0010391,23/11/2017 17:21,COMPLETE,24/11/2017 23:20,02/12/2017 14:44,28/11/2017,
ZA-00010669,ZAC0022995,23/11/2017 09:12,COMPLETE,26/11/2017 15:18,12/12/2017 13:05,01/12/2017,WINTER15
ZA-00010670,ZAC0014371,23/11/2017 17:39,COMPLETE,27/11/2017 00:51,29/11/2017 14:57,01/12/2017,
ZA-00010671,ZAC0003804,23/11/2017 09:57,COMPLETE,25/11/2017 03:55,28/11/2017 11:14,30/11/2017,
ZA-00010672,ZAC0004640,23/11/2017 09:46,COMPLETE,24/11/2017 10:06,28/11/2017 20:51,28/11/2017,
ZA-00010673,ZAC0002590,23/11/2017 13:32,COMPLETE,24/11/2017 01:55,29/11/2017 11:44,29/11/2017,
ZA-00010674,ZAC0017606,23/11/2017 20:05,COMPLETE,01/12/2017 00:33,05/12/2017 15:03,05/12/2017,FREESHIP
ZA-00010675,ZAC0002859,23/11/2017 11:28,COMPLETE,24/11/2017 10:48,29/11/2017 20:49,01/12/2017,WINTER15
ZA-00010676,ZAC0014282,23/11/2017 22:49,COMPLETE,26/11/2017 18:34,28/11/2017 19:27,29/11/2017,
ZA-00010677,ZAC0012308,24/11/2017 15:25,COMPLETE,30/11/2017 21:03,02/12/2017 23:35,07/12/2017,
ZA-00010678,ZAC0005895,24/11/2017 15:49,COMPLETE,25/11/2017 21:38,28/11/2017 09:57,29/11/2017,
ZA-00010679,ZAC0013508,24/11/2017 22:57,COMPLETE,26/11/2017 06:29,28/11/2017 03:43,03/12/2017,
ZA-00010680,ZAC0009230,24/11/2017 12:14,COMPLETE,25/11/2017 05:55,30/11/2017 10:58,30/11/2017,
ZA-00010681,ZAC0020804,24/11/2017 17:42,COMPLETE,28/11/2017 22:46,02/12/2017 17:56,03/12/2017,
ZA-00010682,ZAC0006522,24/11/2017 17:25,COMPLETE,25/11/2017 10:34,29/11/2017 21:16,30/11/2017,
ZA-00010683,ZAC0008311,24/11/2017 09:40,COMPLETE,27/11/2017 03:32,01/12/2017 18:02,02/12/2017,
ZA-00010684,ZAC0004711,24/11/2017 17:27,PENDING,,,,
ZA-00010685,ZAC0021472,24/11/2017 15:09,COMPLETE,27/11/2017 03:43,01/12/2017 01:03,01/12/2017,
ZA-00010686,ZAC0021962,24/11/2017 09:24,COMPLETE,27/11/2017 07:01,29/11/2017 18:24,01/12/2017,
ZA-00010687,ZAC0010445,24/11/2017 16:45,COMPLETE,25/11/2017 03:09,29/11/2017 07:31,02/12/2017,WELCOME10
ZA-00010688,ZAC0019734,24/11/2017 20:16,COMPLETE,27/11/2017 16:00,02/12/2017 01:44,02/12/2017,
ZA-00010689,ZAC0003765,24/11/2017 09:46,COMPLETE,24/11/2017 22:57,28/11/2017 08:31,28/11/2017,
ZA-00010690,ZAC0016512,24/11/2017 14:51,COMPLETE,25/11/2017 14:31,28/11/2017 11:31,30/11/2017,
ZA-00010691,ZAC0008372,24/11/2017 20:01,COMPLETE,27/11/2017 00:58,30/11/2017 04:25,02/12/2017,BULK20
ZA-00010692,ZAC0002259,24/11/2017 13:27,COMPLETE,25/11/2017 23:45,28/11/2017 00:42,28/11/2017,
ZA-00010693,ZAC0010913,24/11/2017 21:42,COMPLETE,26/11/2017 02:51,05/12/2017 04:53,30/11/2017,
ZA-00010694,ZAC0003354,24/11/2017 22:44,COMPLETE,27/11/2017 10:58,05/12/2017 09:51,01/12/2017,BULK20
ZA-00010695,ZAC0009300,24/11/2017 15:07,COMPLETE,26/11/2017 04:16,01/12/2017 10:11,03/12/2017,
ZA-00010696,ZAC0022093,24/11/2017 14:28,COMPLETE,27/11/2017 08:47,09/12/2017 09:05,01/12/2017,WINTER15
ZA-00010697,ZAC0001772,24/11/2017 06:00,COMPLETE,27/11/2017 19:07,04/12/2017 00:00,04/12/2017,
ZA-00010698,ZAC0016608,24/11/2017 20:27,DISPATCHED,25/11/2017 09:59,,02/12/2017,
ZA-00010699,ZAC0006684,24/11/2017 10:53,COMPLETE,28/11/2017 15:29,02/12/2017 05:03,02/12/2017,
ZA-00010700,ZAC0011653,24/11/2017 10:00,COMPLETE,30/11/2017 01:53,02/12/2017 08:26,04/12/2017,
ZA-00010701,ZAC0003707,24/11/2017 19:13,COMPLETE,30/11/2017 19:28,05/12/2017 17:02,05/12/2017,FLASH25
ZA-00010702,ZAC0021224,24/11/2017 09:52,COMPLETE,26/11/2017 02:26,30/11/2017 10:53,03/12/2017,
ZA-00010703,ZAC0010043,24/11/2017 07:48,COMPLETE,30/11/2017 09:54,02/12/2017 20:01,05/12/2017,
ZA-00010704,ZAC0013180,24/11/2017 15:01,COMPLETE,25/11/2017 13:47,30/11/2017 03:06,29/11/2017,
ZA-00010705,ZAC0020253,24/11/2017 21:25,COMPLETE,25/11/2017 10:23,29/11/2017 06:29,30/11/2017,
ZA-00010706,ZAC0008710,24/11/2017 09:33,COMPLETE,24/11/2017 18:20,28/11/2017 09:51,01/12/2017,
ZA-00010707,ZAC0009855,24/11/2017 11:45,COMPLETE,29/11/2017 21:22,05/12/2017 17:10,03/12/2017,
ZA-00010708,ZAC0013001,24/11/2017 13:34,COMPLETE,25/11/2017 11:18,30/11/2017 09:41,29/11/2017,
ZA-00010709,ZAC0005278,24/11/2017 17:37,COMPLETE,27/11/2017 01:04,28/11/2017 20:18,30/11/2017,
ZA-00010710,ZAC0019994,24/11/2017 09:40,COMPLETE,27/11/2017 22:23,30/11/2017 23:11,01/12/2017,
ZA-00010711,ZAC0010417,24/11/2017 08:45,COMPLETE,27/11/2017 12:00,28/11/2017 12:10,30/11/2017,FLASH25
ZA-00010712,ZAC0016436,24/11/2017 07:49,COMPLETE,25/11/2017 22:28,29/11/2017 07:43,28/11/2017,
ZA-00010713,ZAC0007835,24/11/2017 18:49,COMPLETE,25/11/2017 09:01,29/11/2017 09:32,28/11/2017,BULK20
ZA-00010714,ZAC0006362,24/11/2017 19:00,COMPLETE,26/11/2017 10:20,30/11/2017 10:22,29/11/2017,
ZA-00010715,ZAC0003366,24/11/2017 13:35,COMPLETE,25/11/2017 21:14,30/11/2017 08:52,02/12/2017,
ZA-00010716,ZAC0010208,24/11/2017 19:36,COMPLETE,27/11/2017 13:42,02/12/2017 20:53,04/12/2017,
ZA-00010717,ZAC0005060,24/11/2017 11:43,COMPLETE,26/11/2017 09:44,28/11/2017 09:41,29/11/2017,
ZA-00010718,ZAC0002022,24/11/2017 20:45,COMPLETE,25/11/2017 12:46,30/11/2017 06:40,30/11/2017,
ZA-00010719,ZAC0002238,24/11/2017 09:47,COMPLETE,25/11/2017 17:44,27/11/2017 20:39,02/12/2017,
ZA-00010720,ZAC0001351,24/11/2017 08:52,COMPLETE,25/11/2017 04:22,28/11/2017 20:54,28/11/2017,
ZA-00010721,ZAC0023057,24/11/2017 21:29,COMPLETE,26/11/2017 03:25,01/12/2017 07:23,30/11/2017,
ZA-00010722,ZAC0002458,24/11/2017 21:49,COMPLETE,25/11/2017 14:25,28/11/2017 19:23,29/11/2017,
ZA-00010723,ZAC0010432,24/11/2017 10:57,COMPLETE,30/11/2017 16:20,06/12/2017 19:03,07/12/2017,
ZA-00010724,ZAC0005266,24/11/2017 07:03,COMPLETE,29/11/2017 09:24,07/12/2017 09:04,04/12/2017,
ZA-00010725,ZAC0018953,24/11/2017 22:00,COMPLETE,25/11/2017 23:18,29/11/2017 01:56,29/11/2017,
ZA-00010726,ZAC0002902,24/11/2017 17:09,COMPLETE,26/11/2017 09:22,01/12/2017 18:18,01/12/2017,BULK20
ZA-00010727,ZAC0006635,24/11/2017 21:28,COMPLETE,28/11/2017 00:05,30/11/2017 02:53,01/12/2017,
ZA-00010728,ZAC0000762,24/11/2017 08:16,COMPLETE,27/11/2017 15:15,06/12/2017 08:13,04/12/2017,FREESHIP
ZA-00010729,ZAC0022818,24/11/2017 16:45,COMPLETE,27/11/2017 02:05,28/11/2017 13:11,01/12/2017,
ZA-00010730,ZAC0020314,24/11/2017 09:50,COMPLETE,25/11/2017 12:07,26/11/2017 18:44,02/12/2017,FLASH25
ZA-00010731,ZAC0018216,24/11/2017 15:20,DISPATCHED,27/11/2017 08:59,,01/12/2017,FREESHIP
ZA-00010732,ZAC0014995,24/11/2017 10:39,COMPLETE,25/11/2017 12:02,28/11/2017 13:36,28/11/2017,
ZA-00010733,ZAC0013543,24/11/2017 11:16,COMPLETE,27/11/2017 04:24,29/11/2017 11:38,01/12/2017,
ZA-00010734,ZAC0022498,24/11/2017 08:44,COMPLETE,26/11/2017 01:28,02/12/2017 12:45,30/11/2017,WINTER15
ZA-00010735,ZAC0002591,24/11/2017 13:03,COMPLETE,24/11/2017 21:03,07/12/2017 02:50,29/11/2017,
ZA-00010736,ZAC0020773,24/11/2017 09:12,COMPLETE,28/11/2017 00:52,06/12/2017 07:55,02/12/2017,
ZA-00010737,ZAC0015504,24/11/2017 19:19,COMPLETE,26/11/2017 11:03,05/12/2017 21:56,30/11/2017,
ZA-00010738,ZAC0018667,24/11/2017 15:06,COMPLETE,27/11/2017 08:37,01/12/2017 18:52,02/12/2017,
ZA-00010739,ZAC0001638,24/11/2017 22:18,COMPLETE,25/11/2017 10:36,29/11/2017 21:43,30/11/2017,
ZA-00010740,ZAC0000722,25/11/2017 22:35,COMPLETE,27/11/2017 16:18,01/12/2017 17:23,30/11/2017,
ZA-00010741,ZAC0005408,25/11/2017 18:29,RETURNED,27/11/2017 01:50,01/12/2017 01:32,07/12/2017,
ZA-00010742,ZAC0001379,25/11/2017 14:58,COMPLETE,30/11/2017 20:25,03/12/2017 16:55,05/12/2017,
ZA-00010743,ZAC0010684,25/11/2017 18:50,COMPLETE,30/11/2017 10:56,08/12/2017 04:30,05/12/2017,WINTER15
ZA-00010744,ZAC0008120,25/11/2017 15:12,COMPLETE,01/12/2017 22:38,11/12/2017 18:48,08/12/2017,
ZA-00010745,ZAC0010842,25/11/2017 14:12,DISPATCHED,28/11/2017 10:21,,03/12/2017,BULK20
ZA-00010746,ZAC0016591,25/11/2017 15:11,CANCELLED,,,,
ZA-00010747,ZAC0005687,25/11/2017 06:49,COMPLETE,25/11/2017 20:35,04/12/2017 23:37,29/11/2017,FREESHIP
ZA-00010748,ZAC0022205,25/11/2017 21:06,COMPLETE,26/11/2017 16:44,27/11/2017 02:07,03/12/2017,
ZA-00010749,ZAC0013951,25/11/2017 16:32,COMPLETE,27/11/2017 03:23,27/11/2017 11:19,01/12/2017,
ZA-00010750,ZAC0000420,25/11/2017 12:46,COMPLETE,27/11/2017 07:50,07/12/2017 02:02,04/12/2017,
ZA-00010751,ZAC0001764,25/11/2017 14:52,COMPLETE,29/11/2017 22:09,30/11/2017 07:59,04/12/2017,
ZA-00010752,ZAC0023581,25/11/2017 16:25,COMPLETE,27/11/2017 21:13,30/11/2017 12:24,04/12/2017,FLASH25
ZA-00010753,ZAC0019254,25/11/2017 16:06,COMPLETE,26/11/2017 12:08,27/11/2017 15:40,30/11/2017,
ZA-00010754,ZAC0004676,25/11/2017 11:30,COMPLETE,28/11/2017 02:37,04/12/2017 11:10,05/12/2017,
ZA-00010755,ZAC0006315,25/11/2017 18:40,COMPLETE,02/12/2017 13:28,06/12/2017 07:14,06/12/2017,LOYAL5
ZA-00010756,ZAC0017494,25/11/2017 06:26,COMPLETE,26/11/2017 22:27,29/11/2017 12:38,01/12/2017,
ZA-00010757,ZAC0001312,25/11/2017 21:59,COMPLETE,28/11/2017 01:49,06/12/2017 05:51,01/12/2017,
ZA-00010758,ZAC0009704,25/11/2017 10:12,COMPLETE,30/11/2017 02:31,04/12/2017 11:50,04/12/2017,
ZA-00010759,ZAC0018916,25/11/2017 19:19,COMPLETE,26/11/2017 09:12,29/11/2017 05:57,30/11/2017,
ZA-00010760,ZAC0009050,25/11/2017 18:38,COMPLETE,27/11/2017 19:44,02/12/2017 11:48,01/12/2017,WINTER15
ZA-00010761,ZAC0017847,25/11/2017 20:53,DISPATCHED,26/11/2017 02:14,,29/11/2017,WINTER15
ZA-00010762,ZAC0018067,25/11/2017 14:05,COMPLETE,27/11/2017 11:20,29/11/2017 15:04,01/12/2017,
ZA-00010763,ZAC0008784,25/11/2017 07:59,COMPLETE,01/12/2017 20:05,11/12/2017 08:20,05/12/2017,
ZA-00010764,ZAC0021797,25/11/2017 21:25,COMPLETE,27/11/2017 07:02,30/11/2017 08:03,02/12/2017,
ZA-00010765,ZAC0011498,25/11/2017 17:15,COMPLETE,27/11/2017 19:04,28/11/2017 21:51,30/11/2017,
ZA-00010766,ZAC0019831,25/11/2017 07:54,COMPLETE,30/11/2017 21:01,02/12/2017 02:29,03/12/2017,
ZA-00010767,ZAC0004484,25/11/2017 10:40,COMPLETE,26/11/2017 19:13,30/11/2017 23:08,01/12/2017,
ZA-00010768,ZAC0003607,25/11/2017 13:09,PENDING,,,,WINTER15
ZA-00010769,ZAC0010883,25/11/2017 19:19,COMPLETE,27/11/2017 09:01,02/12/2017 18:47,01/12/2017,
ZA-00010770,ZAC0001029,25/11/2017 16:59,COMPLETE,29/11/2017 10:14,30/11/2017 16:40,03/12/2017,
ZA-00010771,ZAC0009195,25/11/2017 13:41,COMPLETE,27/11/2017 21:37,06/12/2017 23:59,01/12/2017,
ZA-00010772,ZAC0022351,25/11/2017 10:43,COMPLETE,26/11/2017 12:45,29/11/2017 10:32,30/11/2017,
ZA-00010773,ZAC0005037,25/11/2017 11:57,COMPLETE,26/11/2017 15:23,30/11/2017 10:25,29/11/2017,
ZA-00010774,ZAC0023054,25/11/2017 11:22,COMPLETE,28/11/2017 16:34,02/12/2017 06:19,01/12/2017,
ZA-00010775,ZAC0011882,25/11/2017 13:57,COMPLETE,29/11/2017 08:51,30/11/2017 16:33,02/12/2017,
ZA-00010776,ZAC0004373,25/11/2017 20:41,COMPLETE,28/11/2017 03:19,03/12/2017 04:39,03/12/2017,FLASH25
ZA-00010777,ZAC0014107,25/11/2017 16:45,COMPLETE,29/11/2017 08:29,06/12/2017 05:38,03/12/2017,WELCOME10
ZA-00010778,ZAC0011542,25/11/2017 10:17,COMPLETE,26/11/2017 00:54,01/12/2017 14:28,03/12/2017,
ZA-00010779,ZAC0022306,25/11/2017 06:46,COMPLETE,26/11/2017 07:04,30/11/2017 18:04,30/11/2017,LOYAL5
ZA-00010780,ZAC0006543,25/11/2017 09:32,COMPLETE,25/11/2017 23:40,30/11/2017 08:55,30/11/2017,
ZA-00010781,ZAC0015935,25/11/2017 20:48,COMPLETE,26/11/2017 04:57,30/11/2017 08:55,29/11/2017,BULK20
ZA-00010782,ZAC0010793,25/11/2017 13:11,COMPLETE,01/12/2017 12:47,04/12/2017 09:05,08/12/2017,
ZA-00010783,ZAC0018545,25/11/2017 13:55,COMPLETE,26/11/2017 17:13,07/12/2017 03:22,03/12/2017,FLASH25
ZA-00010784,ZAC0016380,25/11/2017 13:47,COMPLETE,29/11/2017 15:17,06/12/2017 22:18,02/12/2017,
ZA-00010785,ZAC0020421,25/11/2017 14:22,COMPLETE,26/11/2017 02:44,28/11/2017 02:58,29/11/2017,
ZA-00010786,ZAC0011470,25/11/2017 06:01,COMPLETE,29/11/2017 08:51,03/12/2017 21:37,02/12/2017,FLASH25
ZA-00010787,ZAC0004113,25/11/2017 07:00,COMPLETE,28/11/2017 18:29,01/12/2017 01:19,02/12/2017,
ZA-00010788,ZAC0005722,25/11/2017 20:39,COMPLETE,28/11/2017 17:30,03/12/2017 13:12,02/12/2017,
ZA-00010789,ZAC0009269,25/11/2017 13:06,COMPLETE,01/12/2017 19:52,08/12/2017 03:27,06/12/2017,
ZA-00010790,ZAC0013886,25/11/2017 07:25,COMPLETE,02/12/2017 12:31,14/12/2017 04:28,09/12/2017,
ZA-00010791,ZAC0011089,26/11/2017 18:36,COMPLETE,02/12/2017 16:18,05/12/2017 05:29,05/12/2017,
ZA-00010792,ZAC0008968,26/11/2017 19:29,COMPLETE,27/11/2017 22:43,28/11/2017 23:50,02/12/2017,
ZA-00010793,ZAC0013329,26/11/2017 09:02,COMPLETE,26/11/2017 23:51,07/12/2017 09:29,29/11/2017,
ZA-00010794,ZAC0000562,26/11/2017 06:43,COMPLETE,28/11/2017 15:19,02/12/2017 01:03,02/12/2017,
ZA-00010795,ZAC0010608,26/11/2017 17:47,COMPLETE,28/11/2017 05:26,05/12/2017 16:28,01/12/2017,
ZA-00010796,ZAC0000107,26/11/2017 21:44,COMPLETE,29/11/2017 17:50,03/12/2017 19:07,04/12/2017,
ZA-00010797,ZAC0005580,26/11/2017 08:25,COMPLETE,26/11/2017 20:34,30/11/2017 21:29,30/11/2017,
ZA-00010798,ZAC0007321,26/11/2017 19:20,COMPLETE,29/11/2017 23:20,02/12/2017 10:43,06/12/2017,
ZA-00010799,ZAC0012549,26/11/2017 06:18,COMPLETE,26/11/2017 23:03,07/12/2017 00:30,03/12/2017,WELCOME10
ZA-00010800,ZAC0021389,26/11/2017 18:21,COMPLETE,29/11/2017 10:30,01/12/2017 10:33,09/12/2017,
ZA-00010801,ZAC0006586,26/11/2017 18:52,COMPLETE,30/11/2017 03:58,02/12/2017 10:14,04/12/2017,
ZA-00010802,ZAC0007507,26/11/2017 16:48,COMPLETE,29/11/2017 02:28,05/12/2017 08:31,09/12/2017,
ZA-00010803,ZAC0010249,26/11/2017 22:05,COMPLETE,28/11/2017 00:34,29/11/2017 19:32,02/12/2017,
ZA-00010804,ZAC0000126,26/11/2017 14:26,COMPLETE,28/11/2017 19:59,02/12/2017 05:12,02/12/2017,
ZA-00010805,ZAC0011489,26/11/2017 13:06,COMPLETE,02/12/2017 01:16,07/12/2017 04:33,06/12/2017,
ZA-00010806,ZAC0010582,26/11/2017 12:43,COMPLETE,29/11/2017 06:48,12/12/2017 11:27,04/12/2017,
ZA-00010807,ZAC0010294,26/11/2017 14:11,RETURNED,30/11/2017 00:59,01/12/2017 19:12,03/12/2017,WELCOME10
ZA-00010808,ZAC0022604,26/11/2017 21:56,COMPLETE,28/11/2017 16:42,05/12/2017 16:30,05/12/2017,
ZA-00010809,ZAC0020691,26/11/2017 15:59,COMPLETE,27/11/2017 17:14,01/12/2017 09:47,02/12/2017,
ZA-00010810,ZAC0011105,26/11/2017 08:29,RETURNED,30/11/2017 12:13,03/12/2017 20:24,05/12/2017,
ZA-00010811,ZAC0004278,26/11/2017 08:33,COMPLETE,28/11/2017 12:03,03/12/2017 17:42,02/12/2017,
ZA-00010812,ZAC0010822,26/11/2017 15:52,COMPLETE,27/11/2017 11:42,04/12/2017 21:51,02/12/2017,BULK20
ZA-00010813,ZAC0013817,26/11/2017 17:24,COMPLETE,29/11/2017 01:12,08/12/2017 14:56,04/12/2017,
ZA-00010814,ZAC0005099,26/11/2017 14:17,COMPLETE,30/11/2017 06:03,02/12/2017 12:42,04/12/2017,
ZA-00010815,ZAC0013639,26/11/2017 09:26,DISPATCHED,01/12/2017 23:22,,06/12/2017,
ZA-00010816,ZAC0007296,26/11/2017 06:47,COMPLETE,26/11/2017 14:38,02/12/2017 08:56,30/11/2017,FREESHIP
ZA-00010817,ZAC0010257,26/11/2017 11:39,COMPLETE,28/11/2017 17:40,29/11/2017 07:23,03/12/2017,
ZA-00010818,ZAC0013367,26/11/2017 14:39,COMPLETE,27/11/2017 15:52,01/12/2017 07:30,04/12/2017,
ZA-00010819,ZAC0001053,26/11/2017 17:45,COMPLETE,28/11/2017 22:52,01/12/2017 14:49,03/12/2017,
ZA-00010820,ZAC0009125,26/11/2017 21:28,COMPLETE,28/11/2017 20:45,05/12/2017 16:10,08/12/2017,
ZA-00010821,ZAC0011443,26/11/2017 15:53,COMPLETE,29/11/2017 16:48,10/12/2017 08:55,04/12/2017,
ZA-00010822,ZAC0015125,26/11/2017 07:44,COMPLETE,27/11/2017 07:23,01/12/2017 14:29,01/12/2017,
ZA-00010823,ZAC0021650,26/11/2017 12:38,COMPLETE,28/11/2017 03:37,29/11/2017 15:34,02/12/2017,
ZA-00010824,ZAC0003926,26/11/2017 10:15,COMPLETE,28/11/2017 08:49,01/12/2017 14:35,02/12/2017,
ZA-00010825,ZAC0010875,26/11/2017 07:15,COMPLETE,29/11/2017 01:13,10/12/2017 15:22,04/12/2017,
ZA-00010826,ZAC0000816,26/11/2017 21:23,COMPLETE,04/12/2017 05:19,08/12/2017 18:30,11/12/2017,LOYAL5
ZA-00010827,ZAC0017333,26/11/2017 20:17,COMPLETE,30/11/2017 00:37,08/12/2017 11:56,03/12/2017,FLASH25
ZA-00010828,ZAC0016435,26/11/2017 16:57,COMPLETE,27/11/2017 09:39,28/11/2017 07:25,04/12/2017,
ZA-00010829,ZAC0004706,26/11/2017 13:24,COMPLETE,27/11/2017 13:41,01/12/2017 08:22,01/12/2017,
ZA-00010830,ZAC0005017,26/11/2017 11:20,COMPLETE,28/11/2017 05:11,02/12/2017 05:24,02/12/2017,
ZA-00010831,ZAC0005835,26/11/2017 14:51,COMPLETE,28/11/2017 09:13,05/12/2017 19:38,08/12/2017,
ZA-00010832,ZAC0003305,26/11/2017 19:15,COMPLETE,29/11/2017 00:02,01/12/2017 13:50,02/12/2017,
ZA-00010833,ZAC0018181,26/11/2017 19:53,COMPLETE,28/11/2017 05:00,30/11/2017 12:52,08/12/2017,
ZA-00010834,ZAC0014565,26/11/2017 13:00,COMPLETE,27/11/2017 23:54,02/12/2017 23:58,02/12/2017,
ZA-00010835,ZAC0014959,26/11/2017 16:34,COMPLETE,27/11/2017 23:27,01/12/2017 13:02,02/12/2017,
ZA-00010836,ZAC0006357,26/11/2017 12:24,COMPLETE,26/11/2017 23:26,02/12/2017 16:39,06/12/2017,
ZA-00010837,ZAC0017784,26/11/2017 20:15,COMPLETE,28/11/2017 18:48,03/12/2017 06:44,03/12/2017,
ZA-00010838,ZAC0010161,26/11/2017 11:41,COMPLETE,28/11/2017 12:59,30/11/2017 13:42,05/12/2017,WELCOME10
ZA-00010839,ZAC0008412,26/11/2017 22:15,COMPLETE,27/11/2017 16:35,04/12/2017 11:17,30/11/2017,
ZA-00010840,ZAC0001747,26/11/2017 20:24,COMPLETE,07/12/2017 01:28,14/12/2017 02:57,11/12/2017,
ZA-00010841,ZAC0001157,26/11/2017 15:27,COMPLETE,28/11/2017 11:04,30/11/2017 02:20,03/12/2017,FREESHIP
ZA-00010842,ZAC0016560,26/11/2017 18:41,COMPLETE,28/11/2017 15:38,01/12/2017 23:51,01/12/2017,
ZA-00010843,ZAC0004683,26/11/2017 06:35,COMPLETE,30/11/2017 21:01,07/12/2017 06:02,05/12/2017,
ZA-00010844,ZAC0022051,26/11/2017 11:00,COMPLETE,29/11/2017 18:23,04/12/2017 11:48,03/12/2017,
ZA-00010845,ZAC0011073,26/11/2017 14:00,COMPLETE,27/11/2017 21:35,02/12/2017 17:59,30/11/2017,
ZA-00010846,ZAC0019403,26/11/2017 12:37,COMPLETE,28/11/2017 22:11,02/12/2017 06:34,03/12/2017,FREESHIP
ZA-00010847,ZAC0003828,26/11/2017 17:56,COMPLETE,28/11/2017 09:28,30/11/2017 06:00,03/12/2017,LOYAL5
ZA-00010848,ZAC0011270,26/11/2017 08:02,COMPLETE,27/11/2017 18:06,01/12/2017 06:50,01/12/2017,
ZA-00010849,ZAC0004954,26/11/2017 18:53,COMPLETE,28/11/2017 01:51,05/12/2017 01:06,05/12/2017,
ZA-00010850,ZAC0022299,26/11/2017 19:44,COMPLETE,28/11/2017 21:05,02/12/2017 23:33,05/12/2017,
ZA-00010851,ZAC0013703,26/11/2017 18:07,COMPLETE,29/11/2017 02:19,04/12/2017 02:58,06/12/2017,FREESHIP
ZA-00010852,ZAC0013915,26/11/2017 17:33,COMPLETE,29/11/2017 19:51,04/12/2017 13:46,04/12/2017,FREESHIP
ZA-00010853,ZAC0016843,26/11/2017 09:52,COMPLETE,28/11/2017 07:44,30/11/2017 12:43,02/12/2017,
ZA-00010854,ZAC0016569,27/11/2017 08:59,COMPLETE,28/11/2017 04:09,30/11/2017 07:47,03/12/2017,FLASH25
ZA-00010855,ZAC0001494,27/11/2017 21:13,COMPLETE,29/11/2017 14:16,03/12/2017 22:21,04/12/2017,
ZA-00010856,ZAC0001049,27/11/2017 09:24,COMPLETE,28/11/2017 09:04,05/12/2017 15:38,01/12/2017,
ZA-00010857,ZAC0016682,27/11/2017 17:14,COMPLETE,30/11/2017 08:16,05/12/2017 07:34,10/12/2017,
ZA-00010858,ZAC0008291,27/11/2017 08:30,COMPLETE,28/11/2017 15:55,29/11/2017 21:44,05/12/2017,
ZA-00010859,ZAC0009768,27/11/2017 08:28,COMPLETE,01/12/2017 22:30,06/12/2017 23:16,04/12/2017,
ZA-00010860,ZAC0017543,27/11/2017 09:14,COMPLETE,29/11/2017 11:51,04/12/2017 09:23,04/12/2017,
ZA-00010861,ZAC0011648,27/11/2017 21:51,COMPLETE,02/12/2017 17:27,04/12/2017 03:49,07/12/2017,
ZA-00010862,ZAC0004558,27/11/2017 22:38,COMPLETE,01/12/2017 00:56,07/12/2017 07:15,08/12/2017,
ZA-00010863,ZAC0003293,27/11/2017 22:35,COMPLETE,29/11/2017 06:04,02/12/2017 11:39,02/12/2017,BULK20
ZA-00010864,ZAC0012250,27/11/2017 21:03,COMPLETE,28/11/2017 16:52,30/11/2017 21:05,02/12/2017,
ZA-00010865,ZAC0014127,27/11/2017 19:17,COMPLETE,02/12/2017 00:16,04/12/2017 01:11,06/12/2017,
ZA-00010866,ZAC0007125,27/11/2017 16:50,COMPLETE,28/11/2017 11:39,03/12/2017 00:21,02/12/2017,
ZA-00010867,ZAC0016089,27/11/2017 15:34,COMPLETE,30/11/2017 01:23,04/12/2017 02:48,03/12/2017,
ZA-00010868,ZAC0004539,27/11/2017 10:55,COMPLETE,27/11/2017 11:02,01/12/2017 03:41,02/12/2017,
ZA-00010869,ZAC0001898,27/11/2017 10:46,COMPLETE,01/12/2017 23:29,14/12/2017 01:16,05/12/2017,
ZA-00010870,ZAC0018340,27/11/2017 06:28,COMPLETE,29/11/2017 10:33,09/12/2017 21:37,03/12/2017,
ZA-00010871,ZAC0014474,27/11/2017 22:38,COMPLETE,02/12/2017 17:44,04/12/2017 10:44,06/12/2017,
ZA-00010872,ZAC0014579,27/11/2017 13:46,COMPLETE,28/11/2017 21:58,04/12/2017 17:58,02/12/2017,
ZA-00010873,ZAC0020383,27/11/2017 17:15,COMPLETE,28/11/2017 01:39,05/12/2017 02:04,03/12/2017,
ZA-00010874,ZAC0002650,27/11/2017 13:45,COMPLETE,29/11/2017 16:30,06/12/2017 15:14,02/12/2017,FREESHIP
ZA-00010875,ZAC0002772,27/11/2017 12:23,DISPATCHED,28/11/2017 11:10,,01/12/2017,
ZA-00010876,ZAC0015198,27/11/2017 15:07,COMPLETE,27/11/2017 23:47,29/11/2017 01:05,01/12/2017,
ZA-00010877,ZAC0012782,27/11/2017 22:46,COMPLETE,29/11/2017 17:34,03/12/2017 13:07,03/12/2017,
ZA-00010878,ZAC0013649,27/11/2017 20:04,COMPLETE,01/12/2017 11:23,04/12/2017 02:45,06/12/2017,
ZA-00010879,ZAC0003330,27/11/2017 20:17,COMPLETE,30/11/2017 20:00,13/12/2017 08:12,10/12/2017,LOYAL5
ZA-00010880,ZAC0007446,27/11/2017 11:57,COMPLETE,28/11/2017 11:35,14/12/2017 09:09,02/12/2017,
ZA-00010881,ZAC0008666,27/11/2017 07:25,COMPLETE,27/11/2017 10:35,06/12/2017 21:12,04/12/2017,LOYAL5
ZA-00010882,ZAC0018154,27/11/2017 13:09,COMPLETE,30/11/2017 00:54,05/12/2017 18:01,03/12/2017,
ZA-00010883,ZAC0013444,27/11/2017 22:54,COMPLETE,29/11/2017 11:12,01/12/2017 23:09,02/12/2017,
ZA-00010884,ZAC0020369,27/11/2017 16:41,COMPLETE,30/11/2017 15:45,02/12/2017 02:16,04/12/2017,
ZA-00010885,ZAC0009844,27/11/2017 11:46,COMPLETE,28/11/2017 08:40,03/12/2017 04:39,02/12/2017,
ZA-00010886,ZAC0001259,27/11/2017 08:07,COMPLETE,29/11/2017 14:21,02/12/2017 16:21,02/12/2017,
ZA-00010887,ZAC0015775,27/11/2017 11:16,COMPLETE,29/11/2017 03:56,02/12/2017 04:41,03/12/2017,
ZA-00010888,ZAC0000505,27/11/2017 17:49,COMPLETE,29/11/2017 11:48,04/12/2017 07:40,04/12/2017,
ZA-00010889,ZAC0001112,27/11/2017 18:52,COMPLETE,30/11/2017 03:57,01/12/2017 10:14,05/12/2017,
ZA-00010890,ZAC0003232,27/11/2017 14:34,COMPLETE,27/11/2017 20:54,01/12/2017 11:09,01/12/2017,
ZA-00010891,ZAC0023934,27/11/2017 16:06,COMPLETE,30/11/2017 18:23,04/12/2017 08:03,07/12/2017,
ZA-00010892,ZAC0012437,27/11/2017 16:59,COMPLETE,27/11/2017 21:35,12/12/2017 18:34,04/12/2017,
ZA-00010893,ZAC0018578,27/11/2017 09:28,COMPLETE,04/12/2017 06:29,11/12/2017 23:21,14/12/2017,
ZA-00010894,ZAC0022696,27/11/2017 13:25,COMPLETE,29/11/2017 18:44,05/12/2017 19:52,02/12/2017,FLASH25
ZA-00010895,ZAC0009425,27/11/2017 09:56,COMPLETE,29/11/2017 06:06,29/11/2017 11:52,04/12/2017,WELCOME10
ZA-00010896,ZAC0010556,27/11/2017 21:09,COMPLETE,29/11/2017 14:38,03/12/2017 17:53,03/12/2017,
ZA-00010897,ZAC0008114,27/11/2017 20:00,DISPATCHED,29/11/2017 23:16,,06/12/2017,
ZA-00010898,ZAC0020632,27/11/2017 07:28,COMPLETE,28/11/2017 23:06,30/11/2017 08:48,02/12/2017,WINTER15
ZA-00010899,ZAC0014893,27/11/2017 16:20,COMPLETE,29/11/2017 05:45,02/12/2017 04:39,03/12/2017,
ZA-00010900,ZAC0013840,27/11/2017 17:01,CANCELLED,,,,
ZA-00010901,ZAC0010816,27/11/2017 11:20,COMPLETE,30/11/2017 02:44,04/12/2017 13:53,03/12/2017,
ZA-00010902,ZAC0023245,27/11/2017 21:37,COMPLETE,28/11/2017 16:19,05/12/2017 19:43,01/12/2017,
ZA-00010903,ZAC0013656,27/11/2017 16:55,COMPLETE,02/12/2017 04:19,06/12/2017 18:20,05/12/2017,WINTER15
ZA-00010904,ZAC0009887,27/11/2017 21:33,COMPLETE,28/11/2017 15:54,02/12/2017 09:17,05/12/2017,
ZA-00010905,ZAC0007279,27/11/2017 19:55,COMPLETE,27/11/2017 22:34,30/11/2017 18:39,01/12/2017,
ZA-00010906,ZAC0004186,27/11/2017 09:19,COMPLETE,03/12/2017 00:34,14/12/2017 04:14,06/12/2017,WELCOME10
ZA-00010907,ZAC0000964,27/11/2017 08:00,COMPLETE,28/11/2017 08:43,04/12/2017 05:02,05/12/2017,FREESHIP
ZA-00010908,ZAC0018621,27/11/2017 17:32,COMPLETE,29/11/2017 10:08,03/12/2017 09:33,02/12/2017,FLASH25
ZA-00010909,ZAC0022453,27/11/2017 17:27,COMPLETE,01/12/2017 01:40,11/12/2017 04:09,04/12/2017,
ZA-00010910,ZAC0009257,27/11/2017 07:33,CANCELLED,,,,
ZA-00010911,ZAC0015408,28/11/2017 06:04,DISPATCHED,03/12/2017 16:48,,07/12/2017,FLASH25
ZA-00010912,ZAC0013034,28/11/2017 11:29,CANCELLED,,,,
ZA-00010913,ZAC0002290,28/11/2017 16:59,COMPLETE,30/11/2017 18:02,02/12/2017 02:18,03/12/2017,
ZA-00010914,ZAC0014291,28/11/2017 18:08,COMPLETE,30/11/2017 08:10,02/12/2017 12:32,04/12/2017,
ZA-00010915,ZAC0004728,28/11/2017 07:11,COMPLETE,02/12/2017 13:59,05/12/2017 12:57,06/12/2017,
ZA-00010916,ZAC0013315,28/11/2017 17:45,RETURNED,29/11/2017 16:32,08/12/2017 10:59,03/12/2017,
ZA-00010917,ZAC0007416,28/11/2017 17:35,CANCELLED,,,,FREESHIP
ZA-00010918,ZAC0002089,28/11/2017 17:22,COMPLETE,29/11/2017 21:14,07/12/2017 04:59,04/12/2017,
ZA-00010919,ZAC0020415,28/11/2017 18:41,COMPLETE,29/11/2017 16:54,02/12/2017 08:50,03/12/2017,
ZA-00010920,ZAC0001140,28/11/2017 21:49,COMPLETE,30/11/2017 16:58,04/12/2017 20:39,10/12/2017,BULK20
ZA-00010921,ZAC0012543,28/11/2017 12:32,COMPLETE,29/11/2017 15:28,02/12/2017 04:11,03/12/2017,
ZA-00010922,ZAC0014664,28/11/2017 08:21,COMPLETE,03/12/2017 08:05,05/12/2017 10:21,08/12/2017,
ZA-00010923,ZAC0023822,28/11/2017 11:06,COMPLETE,28/11/2017 14:47,10/12/2017 01:12,01/12/2017,
ZA-00010924,ZAC0023745,28/11/2017 12:02,COMPLETE,28/11/2017 13:05,30/11/2017 08:33,03/12/2017,
ZA-00010925,ZAC0017742,28/11/2017 17:27,COMPLETE,03/12/2017 14:44,06/12/2017 14:32,07/12/2017,
ZA-00010926,ZAC0018527,28/11/2017 18:35,COMPLETE,01/12/2017 14:12,04/12/2017 22:08,06/12/2017,WINTER15
ZA-00010927,ZAC0023298,28/11/2017 06:40,COMPLETE,28/11/2017 14:52,04/12/2017 01:35,03/12/2017,
ZA-00010928,ZAC0001268,28/11/2017 17:21,COMPLETE,30/11/2017 16:19,01/12/2017 22:32,04/12/2017,
ZA-00010929,ZAC0020235,28/11/2017 10:50,CANCELLED,,,,
ZA-00010930,ZAC0001686,28/11/2017 12:49,COMPLETE,01/12/2017 21:26,04/12/2017 13:53,05/12/2017,
ZA-00010931,ZAC0011610,28/11/2017 21:43,COMPLETE,30/11/2017 10:18,02/12/2017 16:04,04/12/2017,
ZA-00010932,ZAC0003426,28/11/2017 19:47,COMPLETE,30/11/2017 05:36,08/12/2017 05:10,03/12/2017,
ZA-00010933,ZAC0008309,28/11/2017 11:53,COMPLETE,29/11/2017 00:36,30/11/2017 18:53,03/12/2017,
ZA-00010934,ZAC0003020,28/11/2017 15:44,COMPLETE,29/11/2017 01:10,06/12/2017 13:29,02/12/2017,
ZA-00010935,ZAC0011855,28/11/2017 15:38,COMPLETE,30/11/2017 11:05,03/12/2017 22:24,03/12/2017,
ZA-00010936,ZAC0004226,28/11/2017 14:55,COMPLETE,29/11/2017 04:59,04/12/2017 00:52,03/12/2017,
ZA-00010937,ZAC0008607,28/11/2017 09:36,COMPLETE,03/12/2017 07:22,09/12/2017 13:21,06/12/2017,FREESHIP
ZA-00010938,ZAC0014356,28/11/2017 17:35,DISPATCHED,04/12/2017 19:27,,09/12/2017,FLASH25
ZA-00010939,ZAC0015633,28/11/2017 10:58,COMPLETE,28/11/2017 18:58,02/12/2017 09:56,02/12/2017,FLASH25
ZA-00010940,ZAC0014374,28/11/2017 20:56,COMPLETE,30/11/2017 10:49,05/12/2017 13:42,04/12/2017,FREESHIP
ZA-00010941,ZAC0016973,28/11/2017 17:17,COMPLETE,29/11/2017 18:59,01/12/2017 12:27,04/12/2017,
ZA-00010942,ZAC0016211,28/11/2017 16:06,COMPLETE,29/11/2017 11:40,06/12/2017 21:48,04/12/2017,FREESHIP
ZA-00010943,ZAC0020025,28/11/2017 22:40,COMPLETE,30/11/2017 06:15,07/12/2017 03:20,10/12/2017,
ZA-00010944,ZAC0020213,28/11/2017 22:11,COMPLETE,29/11/2017 19:09,01/12/2017 19:47,04/12/2017,BULK20
ZA-00010945,ZAC0008657,28/11/2017 08:27,COMPLETE,28/11/2017 17:52,06/12/2017 23:31,02/12/2017,FLASH25
ZA-00010946,ZAC0001047,28/11/2017 19:01,COMPLETE,01/12/2017 21:12,06/12/2017 02:15,08/12/2017,
ZA-00010947,ZAC0002065,28/11/2017 13:47,COMPLETE,02/12/2017 12:24,03/12/2017 10:15,07/12/2017,
ZA-00010948,ZAC0000276,28/11/2017 10:00,COMPLETE,29/11/2017 00:09,30/11/2017 23:58,04/12/2017,
ZA-00010949,ZAC0014998,28/11/2017 08:15,COMPLETE,28/11/2017 22:54,03/12/2017 14:31,01/12/2017,WELCOME10
ZA-00010950,ZAC0017194,28/11/2017 16:46,COMPLETE,30/11/2017 09:40,03/12/2017 18:22,07/12/2017,
ZA-00010951,ZAC0023017,28/11/2017 19:54,COMPLETE,02/12/2017 13:49,04/12/2017 07:24,07/12/2017,WELCOME10
ZA-00010952,ZAC0009358,28/11/2017 07:00,COMPLETE,29/11/2017 15:21,02/12/2017 02:24,03/12/2017,
ZA-00010953,ZAC0005889,28/11/2017 08:53,CANCELLED,,,,LOYAL5
ZA-00010954,ZAC0013707,28/11/2017 16:10,COMPLETE,01/12/2017 01:31,06/12/2017 05:20,08/12/2017,
ZA-00010955,ZAC0019331,28/11/2017 18:19,COMPLETE,29/11/2017 20:26,03/12/2017 18:59,02/12/2017,
ZA-00010956,ZAC0017426,28/11/2017 21:27,COMPLETE,03/12/2017 09:22,05/12/2017 07:52,10/12/2017,
ZA-00010957,ZAC0007788,28/11/2017 11:13,COMPLETE,01/12/2017 02:43,09/12/2017 16:35,08/12/2017,
ZA-00010958,ZAC0009125,28/11/2017 11:41,COMPLETE,30/11/2017 12:01,07/12/2017 10:24,05/12/2017,
ZA-00010959,ZAC0000912,28/11/2017 06:43,COMPLETE,29/11/2017 15:47,02/12/2017 23:43,03/12/2017,
ZA-00010960,ZAC0004875,28/11/2017 07:13,COMPLETE,01/12/2017 11:13,03/12/2017 08:50,06/12/2017,
ZA-00010961,ZAC0009547,28/11/2017 14:11,COMPLETE,01/12/2017 19:45,06/12/2017 22:05,06/12/2017,WELCOME10
ZA-00010962,ZAC0016606,29/11/2017 21:32,COMPLETE,03/12/2017 18:04,10/12/2017 22:56,10/12/2017,FLASH25
ZA-00010963,ZAC0003626,29/11/2017 22:41,COMPLETE,01/12/2017 02:59,02/12/2017 12:13,08/12/2017,
ZA-00010964,ZAC0021106,29/11/2017 13:24,COMPLETE,30/11/2017 22:26,04/12/2017 13:57,05/12/2017,
ZA-00010965,ZAC0005166,29/11/2017 16:51,COMPLETE,30/11/2017 22:00,05/12/2017 02:41,10/12/2017,
ZA-00010966,ZAC0010026,29/11/2017 16:18,COMPLETE,30/11/2017 00:50,01/12/2017 11:06,05/12/2017,
ZA-00010967,ZAC0021471,29/11/2017 14:02,COMPLETE,30/11/2017 19:50,03/12/2017 07:43,05/12/2017,
ZA-00010968,ZAC0010154,29/11/2017 21:41,COMPLETE,02/12/2017 18:06,11/12/2017 16:50,06/12/2017,
ZA-00010969,ZAC0011883,29/11/2017 15:41,COMPLETE,01/12/2017 13:49,04/12/2017 17:35,08/12/2017,
ZA-00010970,ZAC0020227,29/11/2017 07:26,COMPLETE,01/12/2017 15:12,06/12/2017 02:59,06/12/2017,
ZA-00010971,ZAC0012088,29/11/2017 22:55,CANCELLED,,,,
ZA-00010972,ZAC0020076,29/11/2017 15:01,COMPLETE,04/12/2017 18:48,10/12/2017 18:29,07/12/2017,
ZA-00010973,ZAC0009702,29/11/2017 07:48,COMPLETE,03/12/2017 10:16,05/12/2017 14:21,08/12/2017,
ZA-00010974,ZAC0019871,29/11/2017 06:50,COMPLETE,02/12/2017 09:12,07/12/2017 12:11,07/12/2017,
ZA-00010975,ZAC0009093,29/11/2017 13:00,COMPLETE,01/12/2017 23:04,05/12/2017 07:58,06/12/2017,FREESHIP
ZA-00010976,ZAC0001609,29/11/2017 18:02,COMPLETE,30/11/2017 21:06,01/12/2017 21:06,05/12/2017,
ZA-00010977,ZAC0020753,29/11/2017 19:06,COMPLETE,30/11/2017 12:08,14/12/2017 22:22,03/12/2017,
ZA-00010978,ZAC0017200,29/11/2017 06:58,COMPLETE,30/11/2017 01:19,05/12/2017 15:26,03/12/2017,
ZA-00010979,ZAC0010538,29/11/2017 19:02,COMPLETE,30/11/2017 19:44,05/12/2017 13:59,05/12/2017,LOYAL5
ZA-00010980,ZAC0022019,29/11/2017 06:04,CANCELLED,,,,
ZA-00010981,ZAC0004411,29/11/2017 12:14,COMPLETE,30/11/2017 11:31,09/12/2017 03:01,07/12/2017,
ZA-00010982,ZAC0018598,29/11/2017 17:22,COMPLETE,02/12/2017 04:54,10/12/2017 20:06,06/12/2017,
ZA-00010983,ZAC0014606,29/11/2017 21:19,COMPLETE,03/12/2017 06:02,05/12/2017 01:05,07/12/2017,
ZA-00010984,ZAC0010403,29/11/2017 15:20,COMPLETE,29/11/2017 20:16,07/12/2017 05:31,03/12/2017,BULK20
ZA-00010985,ZAC0010723,29/11/2017 12:21,COMPLETE,01/12/2017 21:53,09/12/2017 01:14,11/12/2017,
ZA-00010986,ZAC0009173,29/11/2017 21:24,COMPLETE,30/11/2017 20:44,02/12/2017 03:10,03/12/2017,
ZA-00010987,ZAC0016059,29/11/2017 22:45,COMPLETE,03/12/2017 23:53,09/12/2017 21:58,08/12/2017,
ZA-00010988,ZAC0022562,29/11/2017 06:04,COMPLETE,29/11/2017 16:58,01/12/2017 19:26,03/12/2017,
ZA-00010989,ZAC0013851,29/11/2017 06:46,COMPLETE,01/12/2017 17:38,04/12/2017 12:12,04/12/2017,
ZA-00010990,ZAC0002875,29/11/2017 13:09,COMPLETE,02/12/2017 12:05,08/12/2017 05:43,05/12/2017,FREESHIP
ZA-00010991,ZAC0011447,29/11/2017 10:17,COMPLETE,01/12/2017 20:40,07/12/2017 03:37,04/12/2017,FREESHIP
ZA-00010992,ZAC0003635,29/11/2017 22:06,COMPLETE,01/12/2017 00:25,02/12/2017 12:45,08/12/2017,
ZA-00010993,ZAC0006478,29/11/2017 10:36,COMPLETE,30/11/2017 06:43,02/12/2017 03:34,04/12/2017,
ZA-00010994,ZAC0007723,29/11/2017 18:11,COMPLETE,01/12/2017 21:12,04/12/2017 17:16,05/12/2017,BULK20
ZA-00010995,ZAC0001722,29/11/2017 08:29,COMPLETE,02/12/2017 20:16,06/12/2017 03:14,07/12/2017,
ZA-00010996,ZAC0007239,29/11/2017 14:30,COMPLETE,04/12/2017 04:21,06/12/2017 21:53,11/12/2017,
ZA-00010997,ZAC0023727,29/11/2017 11:15,COMPLETE,04/12/2017 07:01,05/12/2017 03:43,08/12/2017,BULK20
ZA-00010998,ZAC0004207,29/11/2017 20:12,COMPLETE,30/11/2017 09:43,05/12/2017 21:38,05/12/2017,
ZA-00010999,ZAC0001670,29/11/2017 07:25,COMPLETE,30/11/2017 09:49,05/12/2017 04:10,05/12/2017,
ZA-00011000,ZAC0010654,29/11/2017 12:08,COMPLETE,06/12/2017 20:34,07/12/2017 16:24,09/12/2017,BULK20
ZA-00011001,ZAC0009949,29/11/2017 10:05,COMPLETE,30/11/2017 08:44,07/12/2017 17:44,07/12/2017,
ZA-00011002,ZAC0008712,29/11/2017 20:08,COMPLETE,02/12/2017 03:34,03/12/2017 04:40,05/12/2017,
ZA-00011003,ZAC0001039,29/11/2017 15:00,COMPLETE,30/11/2017 16:38,03/12/2017 17:16,03/12/2017,
ZA-00011004,ZAC0021629,29/11/2017 07:17,COMPLETE,30/11/2017 16:27,14/12/2017 14:07,05/12/2017,
ZA-00011005,ZAC0009591,29/11/2017 22:07,COMPLETE,04/12/2017 18:41,10/12/2017 07:55,11/12/2017,WINTER15
ZA-00011006,ZAC0001666,29/11/2017 19:28,COMPLETE,04/12/2017 03:56,11/12/2017 02:41,09/12/2017,
ZA-00011007,ZAC0011152,29/11/2017 20:20,COMPLETE,30/11/2017 05:09,01/12/2017 20:08,05/12/2017,
ZA-00011008,ZAC0002518,29/11/2017 14:03,COMPLETE,01/12/2017 06:21,02/12/2017 03:03,06/12/2017,
ZA-00011009,ZAC0007932,29/11/2017 20:00,COMPLETE,02/12/2017 03:43,02/12/2017 15:03,07/12/2017,BULK20
ZA-00011010,ZAC0001317,29/11/2017 16:20,COMPLETE,30/11/2017 21:28,06/12/2017 18:08,07/12/2017,
ZA-00011011,ZAC0007336,29/11/2017 11:10,COMPLETE,02/12/2017 09:08,08/12/2017 10:32,07/12/2017,
ZA-00011012,ZAC0006185,29/11/2017 10:08,COMPLETE,01/12/2017 17:09,04/12/2017 23:51,04/12/2017,
ZA-00011013,ZAC0011784,29/11/2017 18:03,COMPLETE,02/12/2017 01:53,06/12/2017 03:29,05/12/2017,
ZA-00011014,ZAC0004109,29/11/2017 13:09,COMPLETE,30/11/2017 17:13,08/12/2017 12:55,04/12/2017,FREESHIP
ZA-00011015,ZAC0021596,29/11/2017 13:21,DISPATCHED,30/11/2017 04:58,,04/12/2017,
ZA-00011016,ZAC0019096,29/11/2017 21:38,COMPLETE,02/12/2017 02:26,08/12/2017 20:28,09/12/2017,
ZA-00011017,ZAC0015729,29/11/2017 12:01,COMPLETE,05/12/2017 01:47,09/12/2017 15:27,10/12/2017,
ZA-00011018,ZAC0015181,29/11/2017 09:08,COMPLETE,01/12/2017 01:18,05/12/2017 12:47,05/12/2017,
ZA-00011019,ZAC0002178,29/11/2017 12:15,DISPATCHED,01/12/2017 02:52,,05/12/2017,
ZA-00011020,ZAC0013399,29/11/2017 15:13,COMPLETE,05/12/2017 22:47,08/12/2017 05:50,15/12/2017,
ZA-00011021,ZAC0001882,29/11/2017 18:20,COMPLETE,01/12/2017 22:21,09/12/2017 04:07,04/12/2017,
ZA-00011022,ZAC0018424,29/11/2017 06:34,COMPLETE,29/11/2017 20:37,05/12/2017 21:51,03/12/2017,
ZA-00011023,ZAC0001740,29/11/2017 13:27,COMPLETE,01/12/2017 01:54,11/12/2017 11:54,11/12/2017,
ZA-00011024,ZAC0011094,29/11/2017 10:26,COMPLETE,30/11/2017 13:40,01/12/2017 13:22,03/12/2017,
ZA-00011025,ZAC0018457,29/11/2017 11:09,COMPLETE,30/11/2017 01:20,01/12/2017 05:08,03/12/2017,
ZA-00011026,ZAC0012667,29/11/2017 13:57,COMPLETE,02/12/2017 03:06,10/12/2017 10:16,06/12/2017,
ZA-00011027,ZAC0023919,30/11/2017 19:52,COMPLETE,02/12/2017 16:55,06/12/2017 16:42,09/12/2017,
ZA-00011028,ZAC0009417,30/11/2017 20:44,COMPLETE,02/12/2017 11:30,06/12/2017 02:08,12/12/2017,
ZA-00011029,ZAC0012401,30/11/2017 16:34,COMPLETE,04/12/2017 12:57,05/12/2017 13:33,07/12/2017,
ZA-00011030,ZAC0020898,30/11/2017 06:36,COMPLETE,03/12/2017 11:19,06/12/2017 16:19,07/12/2017,
ZA-00011031,ZAC0011274,30/11/2017 11:12,COMPLETE,01/12/2017 06:36,10/12/2017 14:49,04/12/2017,
ZA-00011032,ZAC0018045,30/11/2017 14:05,COMPLETE,04/12/2017 03:27,06/12/2017 09:12,07/12/2017,
ZA-00011033,ZAC0019752,30/11/2017 12:01,COMPLETE,30/11/2017 22:50,05/12/2017 21:42,05/12/2017,
ZA-00011034,ZAC0020450,30/11/2017 21:55,COMPLETE,03/12/2017 17:17,07/12/2017 19:57,10/12/2017,
ZA-00011035,ZAC0023163,30/11/2017 09:25,COMPLETE,01/12/2017 06:39,07/12/2017 07:01,05/12/2017,
ZA-00011036,ZAC0018701,30/11/2017 09:32,COMPLETE,01/12/2017 02:39,02/12/2017 11:38,05/12/2017,
ZA-00011037,ZAC0023446,30/11/2017 20:07,COMPLETE,03/12/2017 10:42,04/12/2017 06:02,06/12/2017,
ZA-00011038,ZAC0020974,30/11/2017 19:37,COMPLETE,02/12/2017 11:30,05/12/2017 21:22,06/12/2017,BULK20
ZA-00011039,ZAC0017158,30/11/2017 07:17,COMPLETE,03/12/2017 17:28,09/12/2017 01:55,10/12/2017,LOYAL5
ZA-00011040,ZAC0016680,30/11/2017 18:32,CANCELLED,,,,LOYAL5
ZA-00011041,ZAC0020425,30/11/2017 17:52,COMPLETE,02/12/2017 09:19,03/12/2017 11:31,05/12/2017,
ZA-00011042,ZAC0022836,30/11/2017 20:40,CANCELLED,,,,
ZA-00011043,ZAC0017730,30/11/2017 13:16,COMPLETE,04/12/2017 11:16,10/12/2017 06:01,11/12/2017,
ZA-00011044,ZAC0013001,30/11/2017 15:38,COMPLETE,02/12/2017 11:33,08/12/2017 15:02,07/12/2017,
ZA-00011045,ZAC0008090,30/11/2017 14:44,COMPLETE,03/12/2017 09:53,04/12/2017 18:59,07/12/2017,WINTER15
ZA-00011046,ZAC0019705,30/11/2017 17:16,COMPLETE,03/12/2017 06:27,06/12/2017 17:14,10/12/2017,
ZA-00011047,ZAC0006084,30/11/2017 09:24,COMPLETE,04/12/2017 08:55,05/12/2017 18:16,08/12/2017,
ZA-00011048,ZAC0008300,30/11/2017 22:43,DISPATCHED,01/12/2017 12:15,,05/12/2017,
ZA-00011049,ZAC0020285,30/11/2017 17:49,COMPLETE,01/12/2017 20:18,03/12/2017 02:02,05/12/2017,
ZA-00011050,ZAC0014734,30/11/2017 14:55,COMPLETE,01/12/2017 16:35,06/12/2017 08:38,11/12/2017,
ZA-00011051,ZAC0020948,30/11/2017 16:16,COMPLETE,02/12/2017 07:13,04/12/2017 08:44,06/12/2017,
ZA-00011052,ZAC0019406,30/11/2017 19:52,COMPLETE,02/12/2017 03:13,08/12/2017 01:42,05/12/2017,
ZA-00011053,ZAC0013173,30/11/2017 08:23,COMPLETE,30/11/2017 21:38,10/12/2017 17:41,03/12/2017,
ZA-00011054,ZAC0017396,30/11/2017 08:43,COMPLETE,03/12/2017 19:05,10/12/2017 05:37,08/12/2017,
ZA-00011055,ZAC0018723,30/11/2017 19:24,COMPLETE,03/12/2017 16:43,05/12/2017 14:05,08/12/2017,
ZA-00011056,ZAC0009452,30/11/2017 09:00,COMPLETE,05/12/2017 03:23,07/12/2017 18:26,09/12/2017,
ZA-00011057,ZAC0019470,30/11/2017 15:30,RETURNED,02/12/2017 02:59,05/12/2017 22:18,07/12/2017,
ZA-00011058,ZAC0006069,30/11/2017 07:26,DISPATCHED,02/12/2017 08:45,,07/12/2017,LOYAL5
ZA-00011059,ZAC0017412,30/11/2017 16:31,COMPLETE,05/12/2017 09:06,07/12/2017 10:33,09/12/2017,
ZA-00011060,ZAC0007519,30/11/2017 22:06,COMPLETE,08/12/2017 03:13,10/12/2017 17:49,11/12/2017,LOYAL5
ZA-00011061,ZAC0014901,30/11/2017 22:02,COMPLETE,02/12/2017 02:10,11/12/2017 14:13,09/12/2017,
ZA-00011062,ZAC0018817,30/11/2017 08:17,COMPLETE,01/12/2017 06:05,05/12/2017 04:04,06/12/2017,WELCOME10
ZA-00011063,ZAC0013407,30/11/2017 12:41,COMPLETE,02/12/2017 10:49,08/12/2017 09:16,06/12/2017,
ZA-00011064,ZAC0001558,30/11/2017 08:27,COMPLETE,01/12/2017 00:43,04/12/2017 13:30,05/12/2017,
ZA-00011065,ZAC0005863,30/11/2017 20:09,COMPLETE,01/12/2017 10:49,02/12/2017 08:53,04/12/2017,BULK20
ZA-00011066,ZAC0020104,30/11/2017 14:36,COMPLETE,04/12/2017 15:27,13/12/2017 05:09,07/12/2017,
ZA-00011067,ZAC0018326,30/11/2017 22:24,RETURNED,05/12/2017 02:10,11/12/2017 07:39,08/12/2017,
ZA-00011068,ZAC0002719,30/11/2017 11:20,COMPLETE,02/12/2017 13:20,04/12/2017 15:00,06/12/2017,
ZA-00011069,ZAC0021672,30/11/2017 22:41,COMPLETE,06/12/2017 12:27,09/12/2017 01:32,11/12/2017,
ZA-00011070,ZAC0015443,30/11/2017 17:53,COMPLETE,03/12/2017 02:28,07/12/2017 08:08,06/12/2017,
ZA-00011071,ZAC0011682,30/11/2017 08:39,COMPLETE,01/12/2017 19:53,05/12/2017 05:01,04/12/2017,
ZA-00011072,ZAC0005120,30/11/2017 12:39,COMPLETE,01/12/2017 20:47,02/12/2017 15:02,06/12/2017,WINTER15
ZA-00011073,ZAC0008012,30/11/2017 18:33,COMPLETE,04/12/2017 09:57,10/12/2017 05:29,08/12/2017,
ZA-00011074,ZAC0001144,30/11/2017 17:40,COMPLETE,03/12/2017 07:07,04/12/2017 11:49,13/12/2017,
ZA-00011075,ZAC0015036,30/11/2017 20:39,COMPLETE,02/12/2017 22:26,07/12/2017 03:30,06/12/2017,WINTER15
ZA-00011076,ZAC0001786,30/11/2017 09:16,COMPLETE,30/11/2017 18:58,03/12/2017 16:18,04/12/2017,
ZA-00011077,ZAC0016447,30/11/2017 20:18,COMPLETE,03/12/2017 04:04,07/12/2017 05:13,08/12/2017,
