ord_ref,buyer_ref,ord_dt,ord_state,dispatch_dt,received_dt,promised_dt,promo_code
ZA-00014906,ZAC0001494,01/02/2018 13:23,COMPLETE,02/02/2018 21:43,04/02/2018 18:45,12/02/2018,
ZA-00014907,ZAC0000379,01/02/2018 19:07,COMPLETE,03/02/2018 07:29,08/02/2018 19:48,08/02/2018,
ZA-00014908,ZAC0007876,01/02/2018 07:24,COMPLETE,02/02/2018 11:30,06/02/2018 10:39,09/02/2018,
ZA-00014909,ZAC0004842,01/02/2018 17:46,COMPLETE,02/02/2018 23:42,09/02/2018 12:52,09/02/2018,
ZA-00014910,ZAC0019840,01/02/2018 09:19,COMPLETE,05/02/2018 13:00,12/02/2018 22:20,10/02/2018,
ZA-00014911,ZAC0006414,01/02/2018 19:54,COMPLETE,05/02/2018 00:53,08/02/2018 21:41,09/02/2018,
ZA-00014912,ZAC0019902,01/02/2018 18:00,COMPLETE,02/02/2018 05:16,05/02/2018 21:20,05/02/2018,
ZA-00014913,ZAC0017721,01/02/2018 19:31,COMPLETE,06/02/2018 14:03,08/02/2018 06:17,11/02/2018,
ZA-00014914,ZAC0007978,01/02/2018 10:57,COMPLETE,02/02/2018 07:12,13/02/2018 18:14,06/02/2018,BULK20
ZA-00014915,ZAC0012902,01/02/2018 07:58,COMPLETE,01/02/2018 16:51,04/02/2018 07:17,05/02/2018,
ZA-00014916,ZAC0022833,01/02/2018 18:44,COMPLETE,02/02/2018 01:48,07/02/2018 23:26,12/02/2018,
ZA-00014917,ZAC0020415,01/02/2018 14:31,COMPLETE,01/02/2018 18:11,06/02/2018 08:43,06/02/2018,
ZA-00014918,ZAC0000601,01/02/2018 08:20,COMPLETE,03/02/2018 19:25,04/02/2018 03:17,06/02/2018,
ZA-00014919,ZAC0007574,01/02/2018 22:20,COMPLETE,02/02/2018 02:40,05/02/2018 22:54,05/02/2018,FLASH25
ZA-00014920,ZAC0004106,01/02/2018 21:04,COMPLETE,11/02/2018 23:35,13/02/2018 20:14,15/02/2018,
ZA-00014921,ZAC0014590,01/02/2018 11:58,COMPLETE,02/02/2018 00:19,04/02/2018 19:48,09/02/2018,
ZA-00014922,ZAC0008616,01/02/2018 21:17,COMPLETE,05/02/2018 14:45,08/02/2018 03:29,10/02/2018,
ZA-00014923,ZAC0001586,01/02/2018 11:19,COMPLETE,02/02/2018 15:17,06/02/2018 22:14,06/02/2018,FLASH25
ZA-00014924,ZAC0004318,01/02/2018 13:30,COMPLETE,02/02/2018 14:40,08/02/2018 20:54,06/02/2018,
ZA-00014925,ZAC0004342,01/02/2018 12:57,COMPLETE,03/02/2018 17:28,08/02/2018 03:49,08/02/2018,
ZA-00014926,ZAC0013402,01/02/2018 06:44,COMPLETE,03/02/2018 02:10,05/02/2018 18:15,13/02/2018,
ZA-00014927,ZAC0000419,01/02/2018 16:31,COMPLETE,06/02/2018 09:05,08/02/2018 10:50,13/02/2018,
ZA-00014928,ZAC0006530,01/02/2018 19:15,COMPLETE,07/02/2018 08:52,08/02/2018 22:36,10/02/2018,LOYAL5
ZA-00014929,ZAC0013345,01/02/2018 17:42,COMPLETE,03/02/2018 01:38,09/02/2018 01:49,10/02/2018,
ZA-00014930,ZAC0011321,01/02/2018 06:37,COMPLETE,04/02/2018 15:49,13/02/2018 09:15,09/02/2018,FREESHIP
ZA-00014931,ZAC0005730,01/02/2018 22:41,COMPLETE,04/02/2018 06:14,07/02/2018 12:09,09/02/2018,
ZA-00014932,ZAC0013059,01/02/2018 17:02,COMPLETE,02/02/2018 12:27,03/02/2018 00:31,05/02/2018,
ZA-00014933,ZAC0005461,01/02/2018 08:02,COMPLETE,01/02/2018 16:53,09/02/2018 09:25,05/02/2018,
ZA-00014934,ZAC0022147,01/02/2018 22:24,COMPLETE,03/02/2018 12:13,04/02/2018 03:30,06/02/2018,
ZA-00014935,ZAC0008546,01/02/2018 16:05,COMPLETE,04/02/2018 20:03,08/02/2018 09:05,11/02/2018,FLASH25
ZA-00014936,ZAC0020599,01/02/2018 09:30,COMPLETE,02/02/2018 02:02,12/02/2018 12:54,06/02/2018,
ZA-00014937,ZAC0006504,01/02/2018 16:20,COMPLETE,03/02/2018 19:05,08/02/2018 19:49,07/02/2018,
ZA-00014938,ZAC0022121,01/02/2018 12:38,COMPLETE,03/02/2018 09:13,11/02/2018 23:28,13/02/2018,
ZA-00014939,ZAC0020852,01/02/2018 21:39,COMPLETE,02/02/2018 21:16,08/02/2018 02:10,07/02/2018,
ZA-00014940,ZAC0008852,01/02/2018 15:40,COMPLETE,07/02/2018 09:51,10/02/2018 11:26,14/02/2018,FREESHIP
ZA-00014941,ZAC0018889,01/02/2018 12:35,COMPLETE,05/02/2018 04:37,08/02/2018 13:17,09/02/2018,
ZA-00014942,ZAC0004633,01/02/2018 07:29,COMPLETE,05/02/2018 13:07,09/02/2018 14:07,09/02/2018,
ZA-00014943,ZAC0017579,01/02/2018 12:35,COMPLETE,04/02/2018 12:49,08/02/2018 10:50,08/02/2018,FLASH25
ZA-00014944,ZAC0002815,01/02/2018 09:34,COMPLETE,02/02/2018 08:09,04/02/2018 11:00,05/02/2018,
ZA-00014945,ZAC0004137,01/02/2018 15:47,COMPLETE,03/02/2018 21:37,08/02/2018 18:03,07/02/2018,
ZA-00014946,ZAC0012940,01/02/2018 07:25,COMPLETE,06/02/2018 04:21,08/02/2018 22:53,16/02/2018,
ZA-00014947,ZAC0016350,01/02/2018 18:34,COMPLETE,04/02/2018 22:55,07/02/2018 02:52,07/02/2018,
ZA-00014948,ZAC0011901,01/02/2018 20:36,COMPLETE,02/02/2018 11:36,04/02/2018 17:37,05/02/2018,
ZA-00014949,ZAC0012360,01/02/2018 09:16,COMPLETE,01/02/2018 23:52,06/02/2018 11:47,08/02/2018,FREESHIP
ZA-00014950,ZAC0010871,01/02/2018 14:43,RETURNED,02/02/2018 23:12,04/02/2018 07:32,06/02/2018,
ZA-00014951,ZAC0016195,01/02/2018 08:53,COMPLETE,05/02/2018 15:03,10/02/2018 13:57,12/02/2018,FLASH25
ZA-00014952,ZAC0008170,01/02/2018 08:53,COMPLETE,02/02/2018 19:39,07/02/2018 01:29,06/02/2018,
ZA-00014953,ZAC0017622,01/02/2018 06:14,COMPLETE,06/02/2018 10:22,12/02/2018 14:36,13/02/2018,
ZA-00014954,ZAC0007845,01/02/2018 17:08,COMPLETE,05/02/2018 10:31,07/02/2018 20:02,10/02/2018,
ZA-00014955,ZAC0014411,01/02/2018 16:34,COMPLETE,05/02/2018 01:45,17/02/2018 14:14,08/02/2018,WELCOME10
ZA-00014956,ZAC0011471,01/02/2018 16:34,COMPLETE,02/02/2018 19:23,06/02/2018 22:12,06/02/2018,
ZA-00014957,ZAC0008736,01/02/2018 12:36,COMPLETE,02/02/2018 06:43,04/02/2018 22:51,06/02/2018,
ZA-00014958,ZAC0019050,01/02/2018 18:22,COMPLETE,03/02/2018 05:27,07/02/2018 16:42,07/02/2018,
ZA-00014959,ZAC0008988,01/02/2018 19:18,COMPLETE,02/02/2018 21:35,08/02/2018 06:24,12/02/2018,
ZA-00014960,ZAC0002371,01/02/2018 19:55,COMPLETE,03/02/2018 07:27,06/02/2018 14:26,08/02/2018,
ZA-00014961,ZAC0017620,01/02/2018 10:25,COMPLETE,03/02/2018 11:22,11/02/2018 00:47,07/02/2018,
ZA-00014962,ZAC0007839,01/02/2018 11:14,COMPLETE,04/02/2018 02:41,06/02/2018 06:33,11/02/2018,
ZA-00014963,ZAC0013614,01/02/2018 21:10,COMPLETE,03/02/2018 04:07,08/02/2018 18:44,07/02/2018,
ZA-00014964,ZAC0010674,01/02/2018 10:48,COMPLETE,03/02/2018 09:35,06/02/2018 01:08,13/02/2018,
ZA-00014965,ZAC0022867,01/02/2018 09:04,COMPLETE,09/02/2018 20:31,11/02/2018 23:07,19/02/2018,
ZA-00014966,ZAC0019954,01/02/2018 10:37,COMPLETE,03/02/2018 05:53,09/02/2018 23:56,06/02/2018,
ZA-00014967,ZAC0018489,01/02/2018 18:59,COMPLETE,02/02/2018 22:29,07/02/2018 01:33,05/02/2018,
ZA-00014968,ZAC0013934,01/02/2018 18:39,COMPLETE,03/02/2018 15:06,07/02/2018 09:55,06/02/2018,
ZA-00014969,ZAC0007650,01/02/2018 10:41,COMPLETE,03/02/2018 03:55,06/02/2018 19:59,06/02/2018,
ZA-00014970,ZAC0013203,01/02/2018 10:50,COMPLETE,04/02/2018 01:33,08/02/2018 13:26,07/02/2018,
ZA-00014971,ZAC0023330,01/02/2018 13:29,COMPLETE,05/02/2018 10:11,11/02/2018 14:44,10/02/2018,
ZA-00014972,ZAC0006786,01/02/2018 10:16,COMPLETE,02/02/2018 22:51,05/02/2018 16:40,06/02/2018,
ZA-00014973,ZAC0011997,01/02/2018 11:38,COMPLETE,06/02/2018 05:40,07/02/2018 22:38,10/02/2018,WELCOME10
ZA-00014974,ZAC0000023,01/02/2018 11:34,COMPLETE,03/02/2018 17:00,08/02/2018 19:40,07/02/2018,
ZA-00014975,ZAC0014071,01/02/2018 22:37,COMPLETE,04/02/2018 12:33,08/02/2018 20:41,09/02/2018,FREESHIP
ZA-00014976,ZAC0022046,02/02/2018 14:34,COMPLETE,04/02/2018 13:56,06/02/2018 08:57,09/02/2018,
ZA-00014977,ZAC0013093,02/02/2018 09:57,COMPLETE,03/02/2018 05:21,08/02/2018 06:02,07/02/2018,FREESHIP
ZA-00014978,ZAC0010065,02/02/2018 11:09,COMPLETE,04/02/2018 13:57,12/02/2018 07:04,11/02/2018,
ZA-00014979,ZAC0013898,02/02/2018 19:54,COMPLETE,08/02/2018 11:45,11/02/2018 09:53,11/02/2018,
ZA-00014980,ZAC0004262,02/02/2018 17:21,COMPLETE,06/02/2018 15:15,07/02/2018 17:09,16/02/2018,BULK20
ZA-00014981,ZAC0014029,02/02/2018 19:07,RETURNED,05/02/2018 16:05,13/02/2018 00:57,10/02/2018,
ZA-00014982,ZAC0018556,02/02/2018 07:43,COMPLETE,05/02/2018 09:44,09/02/2018 02:49,08/02/2018,
ZA-00014983,ZAC0021137,02/02/2018 08:08,COMPLETE,03/02/2018 04:45,05/02/2018 08:12,08/02/2018,WELCOME10
ZA-00014984,ZAC0020216,02/02/2018 08:09,COMPLETE,03/02/2018 15:23,09/02/2018 19:14,07/02/2018,
ZA-00014985,ZAC0005939,02/02/2018 08:49,COMPLETE,03/02/2018 09:10,05/02/2018 06:08,06/02/2018,
ZA-00014986,ZAC0017093,02/02/2018 07:15,COMPLETE,04/02/2018 02:53,11/02/2018 07:15,07/02/2018,BULK20
ZA-00014987,ZAC0002579,02/02/2018 22:30,COMPLETE,05/02/2018 14:39,08/02/2018 13:54,12/02/2018,
ZA-00014988,ZAC0013171,02/02/2018 12:04,COMPLETE,04/02/2018 07:53,06/02/2018 01:22,07/02/2018,
ZA-00014989,ZAC0017917,02/02/2018 19:50,COMPLETE,04/02/2018 01:55,06/02/2018 15:33,08/02/2018,
ZA-00014990,ZAC0020307,02/02/2018 18:52,COMPLETE,03/02/2018 07:20,09/02/2018 08:37,06/02/2018,
ZA-00014991,ZAC0000852,02/02/2018 12:04,DISPATCHED,06/02/2018 11:18,,10/02/2018,
ZA-00014992,ZAC0001045,02/02/2018 15:24,COMPLETE,02/02/2018 23:25,04/02/2018 09:11,07/02/2018,
ZA-00014993,ZAC0019999,02/02/2018 13:27,COMPLETE,03/02/2018 14:58,06/02/2018 04:38,06/02/2018,LOYAL5
ZA-00014994,ZAC0013031,02/02/2018 16:28,COMPLETE,04/02/2018 01:43,05/02/2018 15:24,09/02/2018,
ZA-00014995,ZAC0008460,02/02/2018 13:00,COMPLETE,02/02/2018 23:45,09/02/2018 04:16,07/02/2018,
ZA-00014996,ZAC0020020,02/02/2018 06:36,DISPATCHED,04/02/2018 02:35,,11/02/2018,
ZA-00014997,ZAC0018483,02/02/2018 08:22,COMPLETE,03/02/2018 09:02,07/02/2018 10:53,07/02/2018,
ZA-00014998,ZAC0012056,02/02/2018 14:32,COMPLETE,04/02/2018 23:19,09/02/2018 01:03,08/02/2018,
ZA-00014999,ZAC0013323,02/02/2018 09:23,COMPLETE,09/02/2018 01:09,21/02/2018 00:01,19/02/2018,FLASH25
ZA-00015000,ZAC0013075,02/02/2018 21:36,COMPLETE,04/02/2018 10:47,07/02/2018 00:38,11/02/2018,
ZA-00015001,ZAC0000741,02/02/2018 15:54,COMPLETE,04/02/2018 10:11,06/02/2018 18:23,07/02/2018,
ZA-00015002,ZAC0010346,02/02/2018 16:46,COMPLETE,04/02/2018 04:42,08/02/2018 15:42,09/02/2018,
ZA-00015003,ZAC0010726,02/02/2018 07:00,COMPLETE,04/02/2018 16:46,07/02/2018 17:42,11/02/2018,
ZA-00015004,ZAC0021084,02/02/2018 14:04,COMPLETE,05/02/2018 13:56,07/02/2018 09:23,09/02/2018,
ZA-00015005,ZAC0001822,02/02/2018 21:34,CANCELLED,,,,WINTER15
ZA-00015006,ZAC0012465,02/02/2018 20:05,COMPLETE,04/02/2018 14:03,05/02/2018 12:26,11/02/2018,
ZA-00015007,ZAC0004374,02/02/2018 17:08,COMPLETE,04/02/2018 17:48,07/02/2018 12:48,09/02/2018,
ZA-00015008,ZAC0007585,02/02/2018 11:03,COMPLETE,05/02/2018 22:03,08/02/2018 09:17,10/02/2018,
ZA-00015009,ZAC0013023,02/02/2018 16:41,COMPLETE,05/02/2018 16:38,15/02/2018 17:06,10/02/2018,
ZA-00015010,ZAC0020963,02/02/2018 19:01,COMPLETE,04/02/2018 16:08,11/02/2018 04:53,08/02/2018,
ZA-00015011,ZAC0016178,02/02/2018 09:53,COMPLETE,02/02/2018 19:16,04/02/2018 09:29,06/02/2018,
ZA-00015012,ZAC0010048,02/02/2018 07:58,COMPLETE,04/02/2018 04:16,11/02/2018 04:15,07/02/2018,
ZA-00015013,ZAC0009167,02/02/2018 14:31,COMPLETE,04/02/2018 17:17,10/02/2018 06:01,11/02/2018,WELCOME10
ZA-00015014,ZAC0019313,02/02/2018 21:45,COMPLETE,06/02/2018 09:11,08/02/2018 17:19,10/02/2018,
ZA-00015015,ZAC0001722,02/02/2018 20:14,COMPLETE,03/02/2018 18:49,07/02/2018 18:32,10/02/2018,
ZA-00015016,ZAC0021915,02/02/2018 13:08,COMPLETE,04/02/2018 21:10,07/02/2018 18:07,08/02/2018,
ZA-00015017,ZAC0012268,02/02/2018 17:27,COMPLETE,03/02/2018 10:51,07/02/2018 09:37,06/02/2018,
ZA-00015018,ZAC0009849,02/02/2018 08:49,COMPLETE,03/02/2018 09:22,11/02/2018 17:55,13/02/2018,
ZA-00015019,ZAC0007664,02/02/2018 22:18,COMPLETE,03/02/2018 21:25,11/02/2018 13:14,07/02/2018,
ZA-00015020,ZAC0018276,02/02/2018 17:08,COMPLETE,04/02/2018 17:32,11/02/2018 13:30,08/02/2018,
ZA-00015021,ZAC0001343,02/02/2018 09:28,COMPLETE,06/02/2018 06:17,15/02/2018 11:11,10/02/2018,
ZA-00015022,ZAC0011885,02/02/2018 17:32,COMPLETE,04/02/2018 08:25,14/02/2018 13:28,09/02/2018,
ZA-00015023,ZAC0022021,02/02/2018 12:03,COMPLETE,07/02/2018 18:33,12/02/2018 01:33,12/02/2018,LOYAL5
ZA-00015024,ZAC0005951,02/02/2018 09:33,COMPLETE,03/02/2018 07:53,04/02/2018 22:11,13/02/2018,
ZA-00015025,ZAC0002818,02/02/2018 17:19,COMPLETE,05/02/2018 13:21,12/02/2018 23:49,08/02/2018,FREESHIP
ZA-00015026,ZAC0006424,02/02/2018 14:18,COMPLETE,04/02/2018 19:52,06/02/2018 19:29,09/02/2018,LOYAL5
ZA-00015027,ZAC0010443,02/02/2018 11:08,COMPLETE,07/02/2018 04:05,14/02/2018 02:23,12/02/2018,
ZA-00015028,ZAC0014851,02/02/2018 10:54,COMPLETE,02/02/2018 23:04,06/02/2018 22:21,09/02/2018,WINTER15
ZA-00015029,ZAC0021046,02/02/2018 11:38,COMPLETE,04/02/2018 03:16,07/02/2018 06:08,11/02/2018,WELCOME10
ZA-00015030,ZAC0014083,02/02/2018 08:30,COMPLETE,03/02/2018 08:04,06/02/2018 10:08,10/02/2018,
ZA-00015031,ZAC0002993,02/02/2018 18:14,COMPLETE,05/02/2018 19:16,10/02/2018 05:07,09/02/2018,
ZA-00015032,ZAC0009802,02/02/2018 08:56,COMPLETE,05/02/2018 20:46,08/02/2018 17:24,09/02/2018,
ZA-00015033,ZAC0021676,02/02/2018 14:21,CANCELLED,,,,
ZA-00015034,ZAC0023838,02/02/2018 21:20,COMPLETE,05/02/2018 13:28,07/02/2018 17:23,10/02/2018,
ZA-00015035,ZAC0022685,02/02/2018 22:27,COMPLETE,06/02/2018 22:24,17/02/2018 21:20,16/02/2018,LOYAL5
ZA-00015036,ZAC0017968,02/02/2018 14:00,COMPLETE,09/02/2018 06:27,12/02/2018 20:53,13/02/2018,
ZA-00015037,ZAC0019043,02/02/2018 06:35,COMPLETE,08/02/2018 23:11,10/02/2018 18:43,13/02/2018,LOYAL5
ZA-00015038,ZAC0021385,02/02/2018 11:39,COMPLETE,03/02/2018 06:21,13/02/2018 02:39,08/02/2018,
ZA-00015039,ZAC0002250,02/02/2018 08:40,COMPLETE,02/02/2018 18:24,03/02/2018 23:19,07/02/2018,
ZA-00015040,ZAC0023188,02/02/2018 09:11,COMPLETE,03/02/2018 22:43,09/02/2018 00:10,10/02/2018,
ZA-00015041,ZAC0008697,02/02/2018 10:44,COMPLETE,03/02/2018 05:15,11/02/2018 07:50,07/02/2018,
ZA-00015042,ZAC0000326,02/02/2018 13:31,COMPLETE,03/02/2018 11:25,05/02/2018 22:18,06/02/2018,
ZA-00015043,ZAC0009317,03/02/2018 06:54,COMPLETE,06/02/2018 11:51,13/02/2018 10:07,13/02/2018,
ZA-00015044,ZAC0013903,03/02/2018 18:28,COMPLETE,05/02/2018 06:19,07/02/2018 22:45,09/02/2018,
ZA-00015045,ZAC0020261,03/02/2018 09:19,COMPLETE,04/02/2018 09:18,12/02/2018 05:05,07/02/2018,LOYAL5
ZA-00015046,ZAC0008563,03/02/2018 09:00,DISPATCHED,05/02/2018 01:23,,10/02/2018,
ZA-00015047,ZAC0007302,03/02/2018 06:24,COMPLETE,03/02/2018 17:38,06/02/2018 03:27,06/02/2018,FLASH25
ZA-00015048,ZAC0012890,03/02/2018 06:12,COMPLETE,04/02/2018 02:34,05/02/2018 01:58,07/02/2018,
ZA-00015049,ZAC0015025,03/02/2018 20:41,COMPLETE,06/02/2018 16:40,09/02/2018 03:00,11/02/2018,
ZA-00015050,ZAC0021928,03/02/2018 13:30,COMPLETE,06/02/2018 07:10,09/02/2018 02:37,11/02/2018,
ZA-00015051,ZAC0014176,03/02/2018 14:00,COMPLETE,03/02/2018 17:49,05/02/2018 14:21,07/02/2018,
ZA-00015052,ZAC0010184,03/02/2018 18:06,COMPLETE,08/02/2018 06:34,09/02/2018 18:19,18/02/2018,
ZA-00015053,ZAC0013065,03/02/2018 11:34,CANCELLED,,,,
ZA-00015054,ZAC0019750,03/02/2018 06:42,COMPLETE,04/02/2018 15:01,10/02/2018 06:26,09/02/2018,
ZA-00015055,ZAC0005044,03/02/2018 13:09,DISPATCHED,07/02/2018 04:35,,12/02/2018,
ZA-00015056,ZAC0015237,03/02/2018 22:53,COMPLETE,04/02/2018 09:09,12/02/2018 14:41,09/02/2018,
ZA-00015057,ZAC0017501,03/02/2018 12:02,COMPLETE,05/02/2018 14:43,10/02/2018 02:47,12/02/2018,
ZA-00015058,ZAC0002346,03/02/2018 16:11,COMPLETE,07/02/2018 06:01,13/02/2018 08:25,11/02/2018,
ZA-00015059,ZAC0006294,03/02/2018 07:44,COMPLETE,06/02/2018 07:13,09/02/2018 14:01,11/02/2018,FLASH25
ZA-00015060,ZAC0006330,03/02/2018 19:04,COMPLETE,08/02/2018 03:35,12/02/2018 10:14,13/02/2018,
ZA-00015061,ZAC0016862,03/02/2018 17:38,PENDING,,,,BULK20
ZA-00015062,ZAC0006679,03/02/2018 16:59,COMPLETE,05/02/2018 07:08,07/02/2018 00:34,09/02/2018,WINTER15
ZA-00015063,ZAC0018145,03/02/2018 16:36,COMPLETE,06/02/2018 17:10,13/02/2018 02:55,13/02/2018,
ZA-00015064,ZAC0003139,03/02/2018 18:32,COMPLETE,04/02/2018 14:39,07/02/2018 17:24,08/02/2018,WINTER15
ZA-00015065,ZAC0000707,03/02/2018 16:32,COMPLETE,05/02/2018 13:41,14/02/2018 18:51,10/02/2018,
ZA-00015066,ZAC0018601,03/02/2018 17:59,COMPLETE,04/02/2018 07:57,14/02/2018 04:43,08/02/2018,
ZA-00015067,ZAC0011522,03/02/2018 12:46,COMPLETE,03/02/2018 19:08,08/02/2018 09:31,06/02/2018,
ZA-00015068,ZAC0004836,03/02/2018 22:04,COMPLETE,06/02/2018 10:44,07/02/2018 01:34,09/02/2018,
ZA-00015069,ZAC0013418,03/02/2018 11:39,COMPLETE,03/02/2018 13:47,11/02/2018 02:53,06/02/2018,
ZA-00015070,ZAC0017025,03/02/2018 17:28,COMPLETE,08/02/2018 21:14,14/02/2018 11:41,11/02/2018,FREESHIP
ZA-00015071,ZAC0008209,03/02/2018 14:50,CANCELLED,,,,
ZA-00015072,ZAC0012923,03/02/2018 13:20,COMPLETE,09/02/2018 06:13,15/02/2018 15:18,12/02/2018,
ZA-00015073,ZAC0018333,03/02/2018 18:35,COMPLETE,04/02/2018 15:18,08/02/2018 00:47,08/02/2018,
ZA-00015074,ZAC0022877,03/02/2018 15:47,COMPLETE,05/02/2018 13:51,08/02/2018 22:32,12/02/2018,
ZA-00015075,ZAC0001435,03/02/2018 08:13,COMPLETE,04/02/2018 17:09,09/02/2018 21:46,08/02/2018,
ZA-00015076,ZAC0001669,03/02/2018 08:40,COMPLETE,04/02/2018 00:29,06/02/2018 02:27,08/02/2018,
ZA-00015077,ZAC0018490,03/02/2018 09:01,COMPLETE,04/02/2018 08:15,09/02/2018 19:51,07/02/2018,
ZA-00015078,ZAC0019348,03/02/2018 21:37,COMPLETE,05/02/2018 05:08,10/02/2018 20:02,09/02/2018,FLASH25
ZA-00015079,ZAC0018167,03/02/2018 19:45,COMPLETE,07/02/2018 06:02,09/02/2018 20:24,14/02/2018,
ZA-00015080,ZAC0013559,03/02/2018 20:04,COMPLETE,04/02/2018 14:01,12/02/2018 05:20,08/02/2018,
ZA-00015081,ZAC0021079,03/02/2018 08:13,COMPLETE,03/02/2018 23:16,11/02/2018 23:49,07/02/2018,
ZA-00015082,ZAC0018180,03/02/2018 09:15,COMPLETE,10/02/2018 03:45,11/02/2018 04:30,13/02/2018,
ZA-00015083,ZAC0013018,03/02/2018 09:55,COMPLETE,04/02/2018 10:49,18/02/2018 13:07,07/02/2018,
ZA-00015084,ZAC0019246,03/02/2018 08:30,COMPLETE,06/02/2018 08:50,07/02/2018 22:21,10/02/2018,
ZA-00015085,ZAC0012568,03/02/2018 19:41,COMPLETE,06/02/2018 06:40,09/02/2018 01:36,09/02/2018,FLASH25
ZA-00015086,ZAC0008555,03/02/2018 20:11,COMPLETE,05/02/2018 14:22,07/02/2018 08:48,08/02/2018,WELCOME10
ZA-00015087,ZAC0002521,03/02/2018 12:45,COMPLETE,03/02/2018 23:17,05/02/2018 08:40,10/02/2018,
ZA-00015088,ZAC0006690,03/02/2018 17:40,CANCELLED,,,,
ZA-00015089,ZAC0001290,03/02/2018 08:15,COMPLETE,04/02/2018 15:06,07/02/2018 15:10,11/02/2018,BULK20
ZA-00015090,ZAC0016103,03/02/2018 18:16,DISPATCHED,04/02/2018 10:50,,11/02/2018,
ZA-00015091,ZAC0018932,03/02/2018 10:10,COMPLETE,04/02/2018 13:50,06/02/2018 05:21,08/02/2018,
ZA-00015092,ZAC0017345,03/02/2018 20:32,COMPLETE,04/02/2018 03:54,06/02/2018 01:05,08/02/2018,
ZA-00015093,ZAC0008629,03/02/2018 15:27,COMPLETE,04/02/2018 15:48,12/02/2018 11:46,08/02/2018,
ZA-00015094,ZAC0006146,03/02/2018 17:29,COMPLETE,05/02/2018 21:06,13/02/2018 15:00,09/02/2018,
ZA-00015095,ZAC0015005,03/02/2018 08:53,COMPLETE,06/02/2018 03:52,09/02/2018 20:23,11/02/2018,
ZA-00015096,ZAC0009690,03/02/2018 14:11,COMPLETE,04/02/2018 22:14,12/02/2018 02:53,08/02/2018,LOYAL5
ZA-00015097,ZAC0023436,03/02/2018 09:04,COMPLETE,06/02/2018 03:16,07/02/2018 08:59,13/02/2018,LOYAL5
ZA-00015098,ZAC0008195,03/02/2018 09:44,COMPLETE,05/02/2018 10:44,06/02/2018 08:35,09/02/2018,
ZA-00015099,ZAC0013783,03/02/2018 14:11,COMPLETE,05/02/2018 20:40,08/02/2018 17:15,09/02/2018,FREESHIP
ZA-00015100,ZAC0022554,03/02/2018 16:36,COMPLETE,06/02/2018 13:08,08/02/2018 16:35,10/02/2018,
ZA-00015101,ZAC0009265,03/02/2018 19:30,COMPLETE,05/02/2018 01:01,06/02/2018 19:52,10/02/2018,
ZA-00015102,ZAC0009741,03/02/2018 22:40,COMPLETE,04/02/2018 19:05,09/02/2018 05:59,07/02/2018,LOYAL5
ZA-00015103,ZAC0006901,03/02/2018 20:58,COMPLETE,05/02/2018 00:42,06/02/2018 22:47,10/02/2018,
ZA-00015104,ZAC0013828,03/02/2018 19:54,RETURNED,04/02/2018 11:04,21/02/2018 00:12,11/02/2018,
ZA-00015105,ZAC0005982,03/02/2018 06:09,COMPLETE,08/02/2018 22:59,15/02/2018 15:18,12/02/2018,FLASH25
ZA-00015106,ZAC0001933,03/02/2018 17:43,COMPLETE,04/02/2018 16:51,07/02/2018 16:58,14/02/2018,
ZA-00015107,ZAC0004735,03/02/2018 12:25,COMPLETE,04/02/2018 20:28,12/02/2018 19:39,09/02/2018,
ZA-00015108,ZAC0011717,03/02/2018 16:57,COMPLETE,06/02/2018 08:59,08/02/2018 01:12,16/02/2018,
ZA-00015109,ZAC0000811,03/02/2018 14:22,COMPLETE,07/02/2018 00:16,09/02/2018 10:44,11/02/2018,WELCOME10
ZA-00015110,ZAC0011645,03/02/2018 21:07,COMPLETE,05/02/2018 17:24,07/02/2018 13:31,08/02/2018,
ZA-00015111,ZAC0017276,03/02/2018 13:43,COMPLETE,04/02/2018 17:23,09/02/2018 08:04,09/02/2018,
ZA-00015112,ZAC0001360,03/02/2018 13:26,COMPLETE,06/02/2018 06:56,10/02/2018 02:53,11/02/2018,BULK20
ZA-00015113,ZAC0022321,03/02/2018 12:05,COMPLETE,04/02/2018 12:14,14/02/2018 09:07,09/02/2018,FLASH25
ZA-00015114,ZAC0014998,03/02/2018 15:56,COMPLETE,07/02/2018 14:40,08/02/2018 12:54,10/02/2018,
ZA-00015115,ZAC0013685,03/02/2018 17:34,COMPLETE,06/02/2018 08:38,10/02/2018 07:13,09/02/2018,
ZA-00015116,ZAC0012751,03/02/2018 12:14,COMPLETE,06/02/2018 05:57,15/02/2018 02:18,09/02/2018,WINTER15
ZA-00015117,ZAC0007178,03/02/2018 09:29,COMPLETE,03/02/2018 17:35,07/02/2018 21:43,13/02/2018,
ZA-00015118,ZAC0013651,04/02/2018 14:29,COMPLETE,04/02/2018 21:46,15/02/2018 19:42,08/02/2018,
ZA-00015119,ZAC0013644,04/02/2018 12:46,COMPLETE,07/02/2018 05:33,13/02/2018 05:46,14/02/2018,
ZA-00015120,ZAC0018717,04/02/2018 14:54,COMPLETE,05/02/2018 00:32,09/02/2018 03:33,12/02/2018,BULK20
ZA-00015121,ZAC0004546,04/02/2018 08:15,COMPLETE,06/02/2018 15:08,15/02/2018 17:08,16/02/2018,
ZA-00015122,ZAC0017644,04/02/2018 13:36,COMPLETE,05/02/2018 22:35,13/02/2018 09:48,08/02/2018,LOYAL5
ZA-00015123,ZAC0018844,04/02/2018 10:52,COMPLETE,05/02/2018 03:03,08/02/2018 20:37,09/02/2018,
ZA-00015124,ZAC0009563,04/02/2018 20:18,COMPLETE,06/02/2018 22:02,11/02/2018 12:37,11/02/2018,
ZA-00015125,ZAC0006910,04/02/2018 08:21,COMPLETE,07/02/2018 09:17,12/02/2018 18:21,10/02/2018,LOYAL5
ZA-00015126,ZAC0000215,04/02/2018 07:46,COMPLETE,05/02/2018 02:31,15/02/2018 10:52,15/02/2018,
ZA-00015127,ZAC0007685,04/02/2018 18:43,COMPLETE,06/02/2018 22:53,09/02/2018 10:55,11/02/2018,
ZA-00015128,ZAC0009289,04/02/2018 15:32,COMPLETE,07/02/2018 06:04,08/02/2018 07:22,10/02/2018,
ZA-00015129,ZAC0003550,04/02/2018 13:04,COMPLETE,05/02/2018 11:44,10/02/2018 08:37,09/02/2018,
ZA-00015130,ZAC0006364,04/02/2018 11:02,COMPLETE,09/02/2018 17:54,13/02/2018 01:38,14/02/2018,
ZA-00015131,ZAC0005317,04/02/2018 08:57,COMPLETE,06/02/2018 17:04,09/02/2018 22:20,11/02/2018,
ZA-00015132,ZAC0002748,04/02/2018 16:18,COMPLETE,05/02/2018 18:36,15/02/2018 07:31,08/02/2018,
ZA-00015133,ZAC0009870,04/02/2018 15:43,COMPLETE,05/02/2018 06:23,06/02/2018 13:24,12/02/2018,
ZA-00015134,ZAC0009870,04/02/2018 18:19,COMPLETE,07/02/2018 20:15,16/02/2018 20:40,11/02/2018,
ZA-00015135,ZAC0022459,04/02/2018 17:50,COMPLETE,09/02/2018 07:57,10/02/2018 14:18,13/02/2018,
ZA-00015136,ZAC0006149,04/02/2018 06:56,COMPLETE,08/02/2018 17:37,09/02/2018 15:56,11/02/2018,
ZA-00015137,ZAC0022147,04/02/2018 16:56,COMPLETE,05/02/2018 11:04,09/02/2018 07:45,10/02/2018,
ZA-00015138,ZAC0017700,04/02/2018 10:39,COMPLETE,06/02/2018 17:10,10/02/2018 01:35,16/02/2018,LOYAL5
ZA-00015139,ZAC0003788,04/02/2018 15:41,COMPLETE,05/02/2018 19:17,09/02/2018 05:30,10/02/2018,
ZA-00015140,ZAC0017935,04/02/2018 07:41,COMPLETE,06/02/2018 19:01,08/02/2018 04:21,16/02/2018,
ZA-00015141,ZAC0003486,04/02/2018 17:56,COMPLETE,08/02/2018 00:23,10/02/2018 19:58,12/02/2018,
ZA-00015142,ZAC0013208,04/02/2018 20:46,COMPLETE,06/02/2018 16:26,09/02/2018 10:49,10/02/2018,
ZA-00015143,ZAC0013401,04/02/2018 06:24,COMPLETE,05/02/2018 06:06,11/02/2018 12:32,09/02/2018,
ZA-00015144,ZAC0012538,04/02/2018 09:16,COMPLETE,07/02/2018 04:22,11/02/2018 00:43,10/02/2018,WELCOME10
ZA-00015145,ZAC0006554,04/02/2018 10:32,COMPLETE,09/02/2018 02:34,11/02/2018 10:02,14/02/2018,
ZA-00015146,ZAC0017390,04/02/2018 16:05,COMPLETE,07/02/2018 21:45,08/02/2018 22:54,11/02/2018,
ZA-00015147,ZAC0010628,04/02/2018 21:26,COMPLETE,05/02/2018 22:58,16/02/2018 22:05,09/02/2018,
ZA-00015148,ZAC0008889,04/02/2018 10:45,COMPLETE,05/02/2018 17:46,08/02/2018 16:13,09/02/2018,
ZA-00015149,ZAC0009413,04/02/2018 12:50,COMPLETE,05/02/2018 11:00,07/02/2018 19:23,12/02/2018,
ZA-00015150,ZAC0005043,04/02/2018 20:18,COMPLETE,05/02/2018 09:45,09/02/2018 06:51,08/02/2018,
ZA-00015151,ZAC0011213,04/02/2018 08:26,COMPLETE,04/02/2018 22:22,06/02/2018 17:45,08/02/2018,
ZA-00015152,ZAC0015480,04/02/2018 21:02,COMPLETE,05/02/2018 11:51,10/02/2018 17:35,09/02/2018,
ZA-00015153,ZAC0000367,04/02/2018 07:44,COMPLETE,05/02/2018 11:56,16/02/2018 20:31,09/02/2018,FREESHIP
ZA-00015154,ZAC0023492,04/02/2018 07:48,COMPLETE,05/02/2018 03:38,10/02/2018 20:10,09/02/2018,
ZA-00015155,ZAC0002292,04/02/2018 10:45,COMPLETE,06/02/2018 12:21,11/02/2018 14:09,13/02/2018,
ZA-00015156,ZAC0015498,04/02/2018 14:35,COMPLETE,05/02/2018 03:09,07/02/2018 09:17,09/02/2018,
ZA-00015157,ZAC0002450,04/02/2018 15:43,COMPLETE,06/02/2018 09:18,07/02/2018 00:34,10/02/2018,
ZA-00015158,ZAC0012187,04/02/2018 20:01,COMPLETE,06/02/2018 15:07,09/02/2018 22:17,11/02/2018,
ZA-00015159,ZAC0005742,04/02/2018 22:17,COMPLETE,05/02/2018 00:08,07/02/2018 11:42,08/02/2018,
ZA-00015160,ZAC0018917,04/02/2018 07:08,COMPLETE,05/02/2018 00:01,06/02/2018 02:54,08/02/2018,
ZA-00015161,ZAC0013595,04/02/2018 21:36,COMPLETE,08/02/2018 05:28,11/02/2018 02:13,18/02/2018,
ZA-00015162,ZAC0021894,04/02/2018 10:05,COMPLETE,05/02/2018 11:28,14/02/2018 05:21,15/02/2018,
ZA-00015163,ZAC0011218,04/02/2018 18:41,COMPLETE,04/02/2018 22:12,12/02/2018 10:14,09/02/2018,
ZA-00015164,ZAC0002988,04/02/2018 20:07,COMPLETE,06/02/2018 03:22,07/02/2018 15:18,10/02/2018,WINTER15
ZA-00015165,ZAC0005313,04/02/2018 14:32,COMPLETE,05/02/2018 08:32,13/02/2018 15:42,09/02/2018,
ZA-00015166,ZAC0001945,04/02/2018 08:14,COMPLETE,05/02/2018 23:05,10/02/2018 08:10,08/02/2018,
ZA-00015167,ZAC0013342,04/02/2018 21:51,COMPLETE,07/02/2018 06:12,12/02/2018 13:32,17/02/2018,
ZA-00015168,ZAC0022106,04/02/2018 13:23,COMPLETE,05/02/2018 11:13,08/02/2018 22:28,12/02/2018,
ZA-00015169,ZAC0016362,04/02/2018 21:32,COMPLETE,07/02/2018 18:32,08/02/2018 22:02,14/02/2018,
ZA-00015170,ZAC0020698,04/02/2018 20:23,COMPLETE,07/02/2018 05:31,10/02/2018 08:17,12/02/2018,
ZA-00015171,ZAC0020010,04/02/2018 11:50,COMPLETE,09/02/2018 12:54,17/02/2018 18:01,12/02/2018,WINTER15
ZA-00015172,ZAC0003575,04/02/2018 07:45,COMPLETE,07/02/2018 08:31,11/02/2018 01:42,12/02/2018,
ZA-00015173,ZAC0021151,04/02/2018 16:26,COMPLETE,05/02/2018 12:56,06/02/2018 17:36,10/02/2018,
ZA-00015174,ZAC0017672,04/02/2018 17:01,COMPLETE,05/02/2018 14:20,12/02/2018 04:44,09/02/2018,
ZA-00015175,ZAC0009839,05/02/2018 14:32,COMPLETE,06/02/2018 16:45,08/02/2018 11:56,09/02/2018,
ZA-00015176,ZAC0019246,05/02/2018 09:11,COMPLETE,05/02/2018 15:48,10/02/2018 02:13,12/02/2018,BULK20
ZA-00015177,ZAC0007546,05/02/2018 13:58,COMPLETE,05/02/2018 18:24,10/02/2018 01:03,10/02/2018,
ZA-00015178,ZAC0018237,05/02/2018 22:19,COMPLETE,06/02/2018 23:39,10/02/2018 22:50,11/02/2018,
ZA-00015179,ZAC0014849,05/02/2018 13:21,COMPLETE,08/02/2018 11:43,15/02/2018 00:35,11/02/2018,
ZA-00015180,ZAC0014172,05/02/2018 20:41,COMPLETE,06/02/2018 20:52,13/02/2018 18:55,11/02/2018,
ZA-00015181,ZAC0017104,05/02/2018 15:27,COMPLETE,06/02/2018 11:55,09/02/2018 16:48,11/02/2018,
ZA-00015182,ZAC0014463,05/02/2018 06:34,COMPLETE,06/02/2018 15:51,11/02/2018 21:52,13/02/2018,
ZA-00015183,ZAC0000147,05/02/2018 11:36,COMPLETE,05/02/2018 23:13,08/02/2018 13:52,12/02/2018,
ZA-00015184,ZAC0000773,05/02/2018 09:16,COMPLETE,07/02/2018 22:12,09/02/2018 13:11,14/02/2018,
ZA-00015185,ZAC0013868,05/02/2018 21:41,COMPLETE,06/02/2018 10:47,07/02/2018 09:17,13/02/2018,
ZA-00015186,ZAC0015720,05/02/2018 21:04,COMPLETE,07/02/2018 17:36,14/02/2018 14:17,17/02/2018,
ZA-00015187,ZAC0019886,05/02/2018 21:32,COMPLETE,06/02/2018 13:21,10/02/2018 03:38,09/02/2018,
ZA-00015188,ZAC0012923,05/02/2018 14:10,COMPLETE,07/02/2018 00:01,12/02/2018 13:07,11/02/2018,
ZA-00015189,ZAC0015853,05/02/2018 17:24,COMPLETE,08/02/2018 02:10,13/02/2018 14:47,13/02/2018,
ZA-00015190,ZAC0023437,05/02/2018 07:21,DISPATCHED,07/02/2018 15:06,,12/02/2018,
ZA-00015191,ZAC0021189,05/02/2018 21:54,COMPLETE,07/02/2018 08:44,11/02/2018 17:31,12/02/2018,
ZA-00015192,ZAC0018180,05/02/2018 15:21,CANCELLED,,,,
ZA-00015193,ZAC0004061,05/02/2018 20:09,COMPLETE,12/02/2018 04:37,15/02/2018 14:13,16/02/2018,
ZA-00015194,ZAC0013198,05/02/2018 14:06,COMPLETE,06/02/2018 02:19,10/02/2018 01:37,13/02/2018,WELCOME10
ZA-00015195,ZAC0011243,05/02/2018 18:07,COMPLETE,07/02/2018 11:00,10/02/2018 10:44,12/02/2018,
ZA-00015196,ZAC0004503,05/02/2018 07:45,COMPLETE,07/02/2018 15:39,12/02/2018 03:23,12/02/2018,
ZA-00015197,ZAC0021081,05/02/2018 22:19,COMPLETE,10/02/2018 03:57,16/02/2018 04:36,13/02/2018,
ZA-00015198,ZAC0008510,05/02/2018 21:35,COMPLETE,10/02/2018 08:04,14/02/2018 04:35,17/02/2018,WELCOME10
ZA-00015199,ZAC0009135,05/02/2018 22:01,DISPATCHED,07/02/2018 09:17,,12/02/2018,
ZA-00015200,ZAC0019672,05/02/2018 07:22,COMPLETE,06/02/2018 06:46,08/02/2018 15:32,13/02/2018,
ZA-00015201,ZAC0014508,05/02/2018 11:42,PENDING,,,,
ZA-00015202,ZAC0023382,05/02/2018 15:27,COMPLETE,11/02/2018 06:00,13/02/2018 05:04,21/02/2018,
ZA-00015203,ZAC0017808,05/02/2018 11:43,COMPLETE,05/02/2018 19:58,10/02/2018 02:49,10/02/2018,
ZA-00015204,ZAC0013911,05/02/2018 08:35,COMPLETE,07/02/2018 02:34,10/02/2018 19:35,12/02/2018,
ZA-00015205,ZAC0010368,05/02/2018 19:45,COMPLETE,07/02/2018 18:27,13/02/2018 15:52,14/02/2018,
ZA-00015206,ZAC0017161,05/02/2018 16:02,COMPLETE,07/02/2018 06:18,18/02/2018 11:59,17/02/2018,BULK20
ZA-00015207,ZAC0021881,05/02/2018 15:09,COMPLETE,08/02/2018 00:14,09/02/2018 21:43,13/02/2018,
ZA-00015208,ZAC0008540,05/02/2018 17:25,COMPLETE,07/02/2018 05:14,10/02/2018 05:06,10/02/2018,WINTER15
ZA-00015209,ZAC0014915,05/02/2018 15:26,COMPLETE,07/02/2018 06:01,10/02/2018 23:12,11/02/2018,FLASH25
ZA-00015210,ZAC0019204,05/02/2018 06:24,COMPLETE,06/02/2018 01:37,07/02/2018 19:07,13/02/2018,
ZA-00015211,ZAC0010437,05/02/2018 17:19,COMPLETE,07/02/2018 09:01,08/02/2018 21:46,12/02/2018,
ZA-00015212,ZAC0002577,05/02/2018 16:04,COMPLETE,11/02/2018 21:49,13/02/2018 06:56,16/02/2018,LOYAL5
ZA-00015213,ZAC0019793,05/02/2018 22:24,CANCELLED,,,,
ZA-00015214,ZAC0003952,05/02/2018 09:57,COMPLETE,08/02/2018 03:00,10/02/2018 13:29,15/02/2018,
ZA-00015215,ZAC0016839,05/02/2018 22:47,COMPLETE,08/02/2018 03:21,13/02/2018 23:37,11/02/2018,
ZA-00015216,ZAC0018265,05/02/2018 22:41,COMPLETE,08/02/2018 10:36,13/02/2018 07:25,13/02/2018,
ZA-00015217,ZAC0012313,05/02/2018 17:41,DISPATCHED,07/02/2018 18:39,,10/02/2018,
ZA-00015218,ZAC0001311,05/02/2018 14:50,COMPLETE,06/02/2018 23:56,09/02/2018 01:28,09/02/2018,
ZA-00015219,ZAC0015273,05/02/2018 18:24,COMPLETE,08/02/2018 17:29,19/02/2018 01:31,15/02/2018,
ZA-00015220,ZAC0019168,05/02/2018 15:41,COMPLETE,07/02/2018 14:50,10/02/2018 21:23,11/02/2018,
ZA-00015221,ZAC0020638,05/02/2018 12:48,COMPLETE,07/02/2018 00:36,12/02/2018 15:09,14/02/2018,
ZA-00015222,ZAC0005182,05/02/2018 14:27,COMPLETE,11/02/2018 02:54,18/02/2018 10:26,16/02/2018,
ZA-00015223,ZAC0018978,05/02/2018 13:20,COMPLETE,09/02/2018 04:21,16/02/2018 21:13,13/02/2018,
ZA-00015224,ZAC0005535,05/02/2018 07:20,COMPLETE,10/02/2018 23:55,17/02/2018 14:51,20/02/2018,
ZA-00015225,ZAC0023011,05/02/2018 22:35,COMPLETE,06/02/2018 10:44,11/02/2018 03:42,09/02/2018,
ZA-00015226,ZAC0009030,05/02/2018 06:23,COMPLETE,06/02/2018 08:49,13/02/2018 13:05,10/02/2018,
ZA-00015227,ZAC0016385,05/02/2018 21:52,COMPLETE,07/02/2018 05:11,09/02/2018 21:07,12/02/2018,LOYAL5
ZA-00015228,ZAC0015578,05/02/2018 11:25,COMPLETE,10/02/2018 04:58,14/02/2018 07:57,14/02/2018,FLASH25
ZA-00015229,ZAC0004689,05/02/2018 09:56,COMPLETE,07/02/2018 07:42,11/02/2018 22:02,12/02/2018,BULK20
ZA-00015230,ZAC0013770,05/02/2018 14:00,CANCELLED,,,,FREESHIP
ZA-00015231,ZAC0019724,05/02/2018 22:50,COMPLETE,07/02/2018 15:26,13/02/2018 02:47,12/02/2018,
ZA-00015232,ZAC0003388,05/02/2018 11:52,COMPLETE,08/02/2018 09:07,11/02/2018 12:55,18/02/2018,WELCOME10
ZA-00015233,ZAC0010065,05/02/2018 22:53,COMPLETE,08/02/2018 01:16,12/02/2018 20:13,12/02/2018,
ZA-00015234,ZAC0017614,05/02/2018 20:18,COMPLETE,08/02/2018 01:32,14/02/2018 15:46,15/02/2018,
ZA-00015235,ZAC0017893,05/02/2018 22:25,COMPLETE,07/02/2018 03:43,08/02/2018 10:28,10/02/2018,
ZA-00015236,ZAC0017458,05/02/2018 11:02,COMPLETE,07/02/2018 06:30,17/02/2018 15:48,11/02/2018,
ZA-00015237,ZAC0021830,05/02/2018 22:28,COMPLETE,06/02/2018 18:42,15/02/2018 03:15,10/02/2018,WINTER15
ZA-00015238,ZAC0015470,05/02/2018 08:11,COMPLETE,08/02/2018 07:18,10/02/2018 17:42,13/02/2018,
ZA-00015239,ZAC0003754,05/02/2018 09:24,COMPLETE,06/02/2018 00:48,08/02/2018 07:07,10/02/2018,FLASH25
ZA-00015240,ZAC0019650,05/02/2018 17:05,CANCELLED,,,,
ZA-00015241,ZAC0001667,05/02/2018 21:39,COMPLETE,07/02/2018 10:38,10/02/2018 21:32,12/02/2018,
ZA-00015242,ZAC0009721,05/02/2018 21:06,COMPLETE,10/02/2018 11:35,17/02/2018 18:49,13/02/2018,FLASH25
ZA-00015243,ZAC0006883,05/02/2018 08:09,COMPLETE,07/02/2018 06:19,12/02/2018 22:32,12/02/2018,
ZA-00015244,ZAC0011275,05/02/2018 13:42,COMPLETE,09/02/2018 16:16,13/02/2018 20:31,13/02/2018,BULK20
ZA-00015245,ZAC0005786,06/02/2018 08:05,PENDING,,,,
ZA-00015246,ZAC0008542,06/02/2018 12:42,COMPLETE,09/02/2018 04:58,14/02/2018 14:23,16/02/2018,
ZA-00015247,ZAC0006344,06/02/2018 22:50,COMPLETE,07/02/2018 16:27,10/02/2018 14:00,11/02/2018,
ZA-00015248,ZAC0002466,06/02/2018 07:50,COMPLETE,07/02/2018 08:19,10/02/2018 06:54,17/02/2018,FREESHIP
ZA-00015249,ZAC0021504,06/02/2018 15:37,DISPATCHED,11/02/2018 14:25,,16/02/2018,
ZA-00015250,ZAC0011810,06/02/2018 19:40,COMPLETE,10/02/2018 07:20,16/02/2018 04:31,13/02/2018,
ZA-00015251,ZAC0000526,06/02/2018 10:01,COMPLETE,07/02/2018 23:03,12/02/2018 09:38,10/02/2018,LOYAL5
ZA-00015252,ZAC0016528,06/02/2018 06:03,COMPLETE,09/02/2018 07:25,10/02/2018 17:30,14/02/2018,
ZA-00015253,ZAC0014094,06/02/2018 11:31,COMPLETE,08/02/2018 22:39,10/02/2018 03:16,15/02/2018,
ZA-00015254,ZAC0017285,06/02/2018 06:15,COMPLETE,08/02/2018 08:37,13/02/2018 13:52,13/02/2018,
ZA-00015255,ZAC0002471,06/02/2018 20:39,COMPLETE,10/02/2018 12:52,17/02/2018 18:41,17/02/2018,
ZA-00015256,ZAC0014084,06/02/2018 22:33,COMPLETE,07/02/2018 10:02,08/02/2018 13:12,10/02/2018,
ZA-00015257,ZAC0021063,06/02/2018 17:48,COMPLETE,11/02/2018 04:09,20/02/2018 18:08,15/02/2018,
ZA-00015258,ZAC0019808,06/02/2018 14:30,COMPLETE,12/02/2018 13:57,21/02/2018 05:40,17/02/2018,
ZA-00015259,ZAC0003201,06/02/2018 12:01,COMPLETE,07/02/2018 11:03,10/02/2018 01:13,11/02/2018,WELCOME10
ZA-00015260,ZAC0019870,06/02/2018 16:14,COMPLETE,08/02/2018 19:12,12/02/2018 07:35,11/02/2018,
ZA-00015261,ZAC0007998,06/02/2018 09:27,COMPLETE,10/02/2018 19:11,19/02/2018 02:32,17/02/2018,
ZA-00015262,ZAC0019284,06/02/2018 18:02,COMPLETE,11/02/2018 03:46,13/02/2018 18:12,21/02/2018,
ZA-00015263,ZAC0011437,06/02/2018 16:02,PENDING,,,,WINTER15
ZA-00015264,ZAC0008257,06/02/2018 21:52,COMPLETE,10/02/2018 18:07,15/02/2018 20:00,15/02/2018,
ZA-00015265,ZAC0015222,06/02/2018 18:47,COMPLETE,09/02/2018 04:32,14/02/2018 22:24,16/02/2018,
ZA-00015266,ZAC0011555,06/02/2018 19:32,COMPLETE,09/02/2018 22:05,14/02/2018 01:00,16/02/2018,
ZA-00015267,ZAC0019509,06/02/2018 21:47,PENDING,,,,
ZA-00015268,ZAC0002793,06/02/2018 14:49,DISPATCHED,11/02/2018 13:39,,18/02/2018,
ZA-00015269,ZAC0003379,06/02/2018 16:06,COMPLETE,08/02/2018 05:38,10/02/2018 12:56,11/02/2018,
ZA-00015270,ZAC0005507,06/02/2018 07:43,COMPLETE,08/02/2018 21:47,09/02/2018 13:40,13/02/2018,
ZA-00015271,ZAC0000707,06/02/2018 10:18,COMPLETE,08/02/2018 23:34,17/02/2018 23:49,18/02/2018,WINTER15
ZA-00015272,ZAC0004194,06/02/2018 12:35,COMPLETE,09/02/2018 06:17,12/02/2018 17:15,13/02/2018,LOYAL5
ZA-00015273,ZAC0015967,06/02/2018 19:26,COMPLETE,08/02/2018 04:23,14/02/2018 22:34,12/02/2018,
ZA-00015274,ZAC0016931,06/02/2018 08:49,COMPLETE,07/02/2018 06:13,09/02/2018 00:43,14/02/2018,
ZA-00015275,ZAC0013529,06/02/2018 22:49,COMPLETE,08/02/2018 10:25,16/02/2018 07:09,12/02/2018,
ZA-00015276,ZAC0003328,06/02/2018 10:06,COMPLETE,06/02/2018 17:50,12/02/2018 17:46,11/02/2018,
ZA-00015277,ZAC0000070,06/02/2018 18:07,COMPLETE,09/02/2018 08:25,15/02/2018 19:10,13/02/2018,
ZA-00015278,ZAC0015917,06/02/2018 13:26,COMPLETE,08/02/2018 00:03,09/02/2018 08:43,15/02/2018,
ZA-00015279,ZAC0021510,06/02/2018 12:13,COMPLETE,08/02/2018 01:10,13/02/2018 14:46,11/02/2018,
ZA-00015280,ZAC0009388,06/02/2018 14:56,COMPLETE,08/02/2018 16:51,13/02/2018 10:54,18/02/2018,
ZA-00015281,ZAC0022183,06/02/2018 11:25,COMPLETE,09/02/2018 12:43,14/02/2018 09:30,12/02/2018,FREESHIP
ZA-00015282,ZAC0014482,06/02/2018 07:02,COMPLETE,09/02/2018 23:31,10/02/2018 21:58,14/02/2018,LOYAL5
ZA-00015283,ZAC0022721,06/02/2018 10:50,COMPLETE,08/02/2018 14:54,11/02/2018 06:56,11/02/2018,
ZA-00015284,ZAC0022875,06/02/2018 17:03,COMPLETE,08/02/2018 03:10,17/02/2018 08:16,18/02/2018,
ZA-00015285,ZAC0005815,06/02/2018 14:19,COMPLETE,09/02/2018 13:51,11/02/2018 14:02,19/02/2018,
ZA-00015286,ZAC0019988,06/02/2018 19:34,COMPLETE,09/02/2018 16:08,11/02/2018 20:36,12/02/2018,
ZA-00015287,ZAC0000858,06/02/2018 10:17,COMPLETE,08/02/2018 00:54,12/02/2018 05:53,12/02/2018,
ZA-00015288,ZAC0002004,06/02/2018 12:44,COMPLETE,09/02/2018 17:15,10/02/2018 17:51,12/02/2018,
ZA-00015289,ZAC0017372,06/02/2018 14:02,COMPLETE,10/02/2018 16:57,13/02/2018 03:59,13/02/2018,
ZA-00015290,ZAC0000938,06/02/2018 07:54,RETURNED,06/02/2018 15:16,08/02/2018 14:54,10/02/2018,
ZA-00015291,ZAC0010116,06/02/2018 08:37,COMPLETE,07/02/2018 16:11,12/02/2018 16:35,10/02/2018,
ZA-00015292,ZAC0002169,06/02/2018 09:03,COMPLETE,07/02/2018 23:39,09/02/2018 22:12,10/02/2018,
ZA-00015293,ZAC0022369,06/02/2018 11:14,COMPLETE,07/02/2018 13:14,10/02/2018 20:44,12/02/2018,BULK20
ZA-00015294,ZAC0015619,06/02/2018 13:57,COMPLETE,07/02/2018 05:39,11/02/2018 22:27,10/02/2018,
ZA-00015295,ZAC0014062,06/02/2018 12:38,COMPLETE,07/02/2018 07:49,09/02/2018 12:05,11/02/2018,
ZA-00015296,ZAC0019954,06/02/2018 09:28,COMPLETE,06/02/2018 16:44,09/02/2018 22:50,11/02/2018,
ZA-00015297,ZAC0020191,06/02/2018 18:01,COMPLETE,08/02/2018 11:41,12/02/2018 01:34,13/02/2018,
ZA-00015298,ZAC0009257,06/02/2018 11:05,COMPLETE,08/02/2018 15:18,13/02/2018 08:16,13/02/2018,
ZA-00015299,ZAC0009200,06/02/2018 20:17,COMPLETE,08/02/2018 00:26,11/02/2018 02:51,18/02/2018,
ZA-00015300,ZAC0004017,06/02/2018 16:39,COMPLETE,08/02/2018 16:04,14/02/2018 02:46,15/02/2018,
ZA-00015301,ZAC0021227,06/02/2018 09:03,COMPLETE,07/02/2018 19:37,24/02/2018 11:39,12/02/2018,
ZA-00015302,ZAC0012324,06/02/2018 22:29,COMPLETE,12/02/2018 09:02,13/02/2018 10:01,17/02/2018,
ZA-00015303,ZAC0012947,06/02/2018 18:45,COMPLETE,07/02/2018 15:23,12/02/2018 20:38,14/02/2018,
ZA-00015304,ZAC0020223,06/02/2018 20:14,COMPLETE,11/02/2018 07:27,16/02/2018 10:58,16/02/2018,
ZA-00015305,ZAC0015392,06/02/2018 19:38,COMPLETE,08/02/2018 21:53,12/02/2018 21:56,18/02/2018,
ZA-00015306,ZAC0007217,06/02/2018 20:07,COMPLETE,09/02/2018 03:45,13/02/2018 05:41,13/02/2018,
ZA-00015307,ZAC0008849,06/02/2018 22:00,COMPLETE,09/02/2018 02:23,12/02/2018 00:02,12/02/2018,
ZA-00015308,ZAC0010382,06/02/2018 11:19,COMPLETE,06/02/2018 23:50,09/02/2018 09:41,09/02/2018,FREESHIP
ZA-00015309,ZAC0018223,06/02/2018 17:15,COMPLETE,08/02/2018 12:24,14/02/2018 16:21,15/02/2018,
ZA-00015310,ZAC0012631,06/02/2018 08:57,COMPLETE,09/02/2018 09:20,17/02/2018 18:48,13/02/2018,
ZA-00015311,ZAC0007757,07/02/2018 11:48,COMPLETE,10/02/2018 13:09,11/02/2018 17:22,15/02/2018,FLASH25
ZA-00015312,ZAC0022230,07/02/2018 07:26,COMPLETE,09/02/2018 22:40,15/02/2018 21:56,14/02/2018,
ZA-00015313,ZAC0002322,07/02/2018 18:28,COMPLETE,09/02/2018 01:15,14/02/2018 23:55,14/02/2018,
ZA-00015314,ZAC0020111,07/02/2018 19:05,COMPLETE,10/02/2018 06:38,12/02/2018 04:16,13/02/2018,
ZA-00015315,ZAC0004725,07/02/2018 18:56,COMPLETE,14/02/2018 03:20,14/02/2018 14:26,21/02/2018,
ZA-00015316,ZAC0002835,07/02/2018 18:41,COMPLETE,09/02/2018 06:27,13/02/2018 01:02,13/02/2018,
ZA-00015317,ZAC0005819,07/02/2018 22:05,COMPLETE,09/02/2018 17:46,17/02/2018 02:21,16/02/2018,
ZA-00015318,ZAC0023265,07/02/2018 20:28,COMPLETE,09/02/2018 12:08,14/02/2018 15:02,12/02/2018,
ZA-00015319,ZAC0020985,07/02/2018 17:26,COMPLETE,08/02/2018 11:23,15/02/2018 04:00,15/02/2018,LOYAL5
ZA-00015320,ZAC0019395,07/02/2018 22:07,COMPLETE,10/02/2018 09:16,16/02/2018 23:10,15/02/2018,
ZA-00015321,ZAC0011551,07/02/2018 13:35,COMPLETE,13/02/2018 12:58,19/02/2018 18:21,18/02/2018,
ZA-00015322,ZAC0016779,07/02/2018 06:37,COMPLETE,16/02/2018 08:18,21/02/2018 02:12,26/02/2018,
ZA-00015323,ZAC0006623,07/02/2018 22:33,COMPLETE,09/02/2018 15:43,12/02/2018 09:27,16/02/2018,WINTER15
ZA-00015324,ZAC0017425,07/02/2018 06:07,COMPLETE,08/02/2018 13:20,12/02/2018 05:56,12/02/2018,
ZA-00015325,ZAC0020260,07/02/2018 16:40,CANCELLED,,,,
ZA-00015326,ZAC0003690,07/02/2018 15:06,COMPLETE,09/02/2018 09:10,13/02/2018 17:26,13/02/2018,
ZA-00015327,ZAC0012397,07/02/2018 09:10,COMPLETE,08/02/2018 22:14,09/02/2018 07:36,15/02/2018,
ZA-00015328,ZAC0006742,07/02/2018 14:31,COMPLETE,10/02/2018 09:56,17/02/2018 02:55,14/02/2018,LOYAL5
ZA-00015329,ZAC0000518,07/02/2018 14:12,COMPLETE,10/02/2018 18:25,12/02/2018 07:02,14/02/2018,
ZA-00015330,ZAC0006997,07/02/2018 12:36,COMPLETE,09/02/2018 11:12,17/02/2018 07:08,12/02/2018,WINTER15
ZA-00015331,ZAC0017298,07/02/2018 12:01,COMPLETE,08/02/2018 03:35,15/02/2018 21:10,13/02/2018,
ZA-00015332,ZAC0020527,07/02/2018 21:07,COMPLETE,11/02/2018 01:43,18/02/2018 05:36,15/02/2018,
ZA-00015333,ZAC0023958,07/02/2018 08:41,COMPLETE,08/02/2018 12:26,11/02/2018 23:53,12/02/2018,
ZA-00015334,ZAC0003994,07/02/2018 13:18,COMPLETE,11/02/2018 04:41,15/02/2018 23:25,15/02/2018,
ZA-00015335,ZAC0010889,07/02/2018 11:46,COMPLETE,07/02/2018 21:49,17/02/2018 05:21,14/02/2018,
ZA-00015336,ZAC0006168,07/02/2018 16:55,COMPLETE,11/02/2018 20:27,15/02/2018 15:31,18/02/2018,FLASH25
ZA-00015337,ZAC0006618,07/02/2018 08:23,COMPLETE,10/02/2018 01:40,13/02/2018 16:11,17/02/2018,WINTER15
ZA-00015338,ZAC0003300,07/02/2018 18:50,COMPLETE,10/02/2018 16:13,11/02/2018 06:38,14/02/2018,WINTER15
ZA-00015339,ZAC0009817,07/02/2018 07:39,COMPLETE,09/02/2018 02:20,13/02/2018 22:06,13/02/2018,
ZA-00015340,ZAC0002264,07/02/2018 07:57,COMPLETE,12/02/2018 19:15,15/02/2018 10:21,17/02/2018,
ZA-00015341,ZAC0011372,07/02/2018 22:43,COMPLETE,11/02/2018 02:10,15/02/2018 02:39,21/02/2018,
ZA-00015342,ZAC0023999,07/02/2018 07:04,COMPLETE,11/02/2018 16:01,14/02/2018 11:51,18/02/2018,LOYAL5
ZA-00015343,ZAC0012694,07/02/2018 21:21,COMPLETE,10/02/2018 06:38,13/02/2018 08:18,13/02/2018,
ZA-00015344,ZAC0003355,07/02/2018 14:12,COMPLETE,08/02/2018 07:34,15/02/2018 18:38,15/02/2018,BULK20
ZA-00015345,ZAC0018361,07/02/2018 14:57,COMPLETE,09/02/2018 13:01,17/02/2018 22:00,14/02/2018,
ZA-00015346,ZAC0008363,07/02/2018 21:51,COMPLETE,12/02/2018 00:45,20/02/2018 09:50,17/02/2018,
ZA-00015347,ZAC0008593,07/02/2018 14:09,COMPLETE,08/02/2018 21:46,16/02/2018 18:54,12/02/2018,
ZA-00015348,ZAC0001034,07/02/2018 14:24,COMPLETE,08/02/2018 02:59,09/02/2018 00:26,15/02/2018,
ZA-00015349,ZAC0006759,07/02/2018 19:32,COMPLETE,11/02/2018 10:55,21/02/2018 16:59,14/02/2018,
ZA-00015350,ZAC0008621,07/02/2018 11:00,COMPLETE,07/02/2018 19:45,12/02/2018 09:08,11/02/2018,WELCOME10
ZA-00015351,ZAC0017444,07/02/2018 06:00,COMPLETE,09/02/2018 12:30,13/02/2018 16:56,13/02/2018,WINTER15
ZA-00015352,ZAC0022510,07/02/2018 22:02,COMPLETE,09/02/2018 06:58,13/02/2018 07:35,16/02/2018,
ZA-00015353,ZAC0006191,07/02/2018 12:13,DISPATCHED,09/02/2018 10:03,,14/02/2018,
ZA-00015354,ZAC0016758,07/02/2018 08:08,COMPLETE,10/02/2018 02:06,19/02/2018 09:13,13/02/2018,
ZA-00015355,ZAC0021444,07/02/2018 12:18,COMPLETE,08/02/2018 18:32,12/02/2018 23:09,18/02/2018,
ZA-00015356,ZAC0015759,07/02/2018 22:02,COMPLETE,08/02/2018 09:55,14/02/2018 20:17,12/02/2018,
ZA-00015357,ZAC0004686,07/02/2018 22:22,COMPLETE,09/02/2018 08:36,16/02/2018 16:57,12/02/2018,
ZA-00015358,ZAC0023572,07/02/2018 06:35,CANCELLED,,,,
ZA-00015359,ZAC0004468,07/02/2018 12:46,COMPLETE,10/02/2018 05:10,12/02/2018 05:58,15/02/2018,
ZA-00015360,ZAC0019908,07/02/2018 21:49,COMPLETE,08/02/2018 14:49,15/02/2018 08:43,13/02/2018,
ZA-00015361,ZAC0006128,07/02/2018 15:11,COMPLETE,08/02/2018 00:37,12/02/2018 15:23,13/02/2018,
ZA-00015362,ZAC0012773,07/02/2018 19:43,PENDING,,,,
ZA-00015363,ZAC0009426,07/02/2018 10:11,COMPLETE,08/02/2018 08:17,11/02/2018 10:41,13/02/2018,
ZA-00015364,ZAC0018001,07/02/2018 11:36,COMPLETE,09/02/2018 01:36,17/02/2018 00:11,14/02/2018,WELCOME10
ZA-00015365,ZAC0012346,07/02/2018 21:59,COMPLETE,09/02/2018 15:39,11/02/2018 03:03,14/02/2018,
ZA-00015366,ZAC0001782,08/02/2018 22:50,COMPLETE,10/02/2018 07:55,12/02/2018 05:59,17/02/2018,WELCOME10
ZA-00015367,ZAC0021628,08/02/2018 11:49,DISPATCHED,11/02/2018 01:41,,15/02/2018,
ZA-00015368,ZAC0007860,08/02/2018 08:35,DISPATCHED,10/02/2018 04:47,,13/02/2018,
ZA-00015369,ZAC0022083,08/02/2018 15:15,COMPLETE,12/02/2018 00:49,14/02/2018 11:14,15/02/2018,WINTER15
ZA-00015370,ZAC0009679,08/02/2018 21:04,COMPLETE,09/02/2018 07:56,16/02/2018 13:17,14/02/2018,
ZA-00015371,ZAC0013835,08/02/2018 18:28,COMPLETE,12/02/2018 06:22,13/02/2018 01:14,19/02/2018,WINTER15
ZA-00015372,ZAC0016945,08/02/2018 09:29,DISPATCHED,13/02/2018 01:37,,18/02/2018,
ZA-00015373,ZAC0005434,08/02/2018 11:00,COMPLETE,12/02/2018 19:09,16/02/2018 00:30,16/02/2018,
ZA-00015374,ZAC0000286,08/02/2018 21:45,COMPLETE,09/02/2018 04:36,13/02/2018 14:59,16/02/2018,
ZA-00015375,ZAC0020576,08/02/2018 21:40,COMPLETE,11/02/2018 13:44,15/02/2018 06:57,14/02/2018,
ZA-00015376,ZAC0015832,08/02/2018 15:47,COMPLETE,10/02/2018 05:21,11/02/2018 20:22,17/02/2018,
ZA-00015377,ZAC0000870,08/02/2018 22:34,COMPLETE,11/02/2018 15:38,15/02/2018 13:07,18/02/2018,
ZA-00015378,ZAC0019074,08/02/2018 11:16,COMPLETE,09/02/2018 11:46,13/02/2018 05:14,14/02/2018,WELCOME10
ZA-00015379,ZAC0005345,08/02/2018 08:26,COMPLETE,12/02/2018 01:48,16/02/2018 11:04,16/02/2018,
ZA-00015380,ZAC0020640,08/02/2018 19:18,COMPLETE,09/02/2018 13:22,10/02/2018 13:14,16/02/2018,
ZA-00015381,ZAC0004960,08/02/2018 11:55,COMPLETE,11/02/2018 13:44,14/02/2018 02:01,16/02/2018,
ZA-00015382,ZAC0007536,08/02/2018 17:54,RETURNED,09/02/2018 16:08,12/02/2018 11:43,19/02/2018,
ZA-00015383,ZAC0015003,08/02/2018 18:41,COMPLETE,10/02/2018 14:00,18/02/2018 00:40,14/02/2018,
ZA-00015384,ZAC0019765,08/02/2018 13:14,COMPLETE,09/02/2018 20:24,18/02/2018 00:12,13/02/2018,
ZA-00015385,ZAC0007691,08/02/2018 22:42,COMPLETE,11/02/2018 14:09,19/02/2018 06:58,15/02/2018,BULK20
ZA-00015386,ZAC0014717,08/02/2018 20:21,COMPLETE,12/02/2018 03:35,17/02/2018 23:38,15/02/2018,
ZA-00015387,ZAC0015492,08/02/2018 19:17,COMPLETE,12/02/2018 06:17,20/02/2018 07:14,17/02/2018,FLASH25
ZA-00015388,ZAC0011976,08/02/2018 12:27,COMPLETE,11/02/2018 19:06,13/02/2018 04:59,14/02/2018,FLASH25
ZA-00015389,ZAC0002575,08/02/2018 11:51,COMPLETE,11/02/2018 01:01,19/02/2018 17:45,21/02/2018,
ZA-00015390,ZAC0002495,08/02/2018 15:41,COMPLETE,11/02/2018 20:53,15/02/2018 10:08,16/02/2018,WELCOME10
ZA-00015391,ZAC0016761,08/02/2018 17:30,COMPLETE,09/02/2018 22:23,14/02/2018 09:54,14/02/2018,
ZA-00015392,ZAC0022569,08/02/2018 10:12,CANCELLED,,,,
ZA-00015393,ZAC0010067,08/02/2018 08:01,COMPLETE,10/02/2018 12:51,19/02/2018 13:57,13/02/2018,
ZA-00015394,ZAC0009245,08/02/2018 07:03,COMPLETE,13/02/2018 23:51,16/02/2018 04:04,18/02/2018,
ZA-00015395,ZAC0023882,08/02/2018 18:20,COMPLETE,10/02/2018 02:02,14/02/2018 09:02,17/02/2018,
ZA-00015396,ZAC0000722,08/02/2018 13:00,COMPLETE,09/02/2018 04:32,10/02/2018 17:31,16/02/2018,
ZA-00015397,ZAC0014710,08/02/2018 15:54,COMPLETE,09/02/2018 04:14,16/02/2018 20:32,16/02/2018,
ZA-00015398,ZAC0003120,08/02/2018 20:14,COMPLETE,10/02/2018 06:26,14/02/2018 06:50,15/02/2018,
ZA-00015399,ZAC0007815,08/02/2018 10:49,COMPLETE,09/02/2018 16:19,16/02/2018 04:15,13/02/2018,
ZA-00015400,ZAC0001217,08/02/2018 06:56,COMPLETE,08/02/2018 10:16,14/02/2018 03:57,11/02/2018,WELCOME10
ZA-00015401,ZAC0002485,08/02/2018 14:50,COMPLETE,09/02/2018 14:42,16/02/2018 13:36,16/02/2018,WELCOME10
ZA-00015402,ZAC0003165,08/02/2018 11:21,COMPLETE,10/02/2018 08:50,12/02/2018 13:49,14/02/2018,
ZA-00015403,ZAC0017149,08/02/2018 19:01,PENDING,,,,
ZA-00015404,ZAC0009488,08/02/2018 20:37,DISPATCHED,10/02/2018 01:35,,13/02/2018,
ZA-00015405,ZAC0004223,08/02/2018 17:57,COMPLETE,08/02/2018 20:13,10/02/2018 17:57,15/02/2018,LOYAL5
ZA-00015406,ZAC0006979,08/02/2018 22:10,COMPLETE,12/02/2018 16:02,16/02/2018 14:41,17/02/2018,
ZA-00015407,ZAC0006592,08/02/2018 14:36,CANCELLED,,,,LOYAL5
ZA-00015408,ZAC0001163,08/02/2018 15:28,COMPLETE,09/02/2018 01:01,13/02/2018 20:45,13/02/2018,LOYAL5
ZA-00015409,ZAC0020387,08/02/2018 21:45,COMPLETE,10/02/2018 21:25,13/02/2018 22:09,14/02/2018,FREESHIP
ZA-00015410,ZAC0015184,08/02/2018 10:29,COMPLETE,09/02/2018 22:41,12/02/2018 09:22,16/02/2018,FLASH25
ZA-00015411,ZAC0022498,08/02/2018 21:18,COMPLETE,12/02/2018 08:09,14/02/2018 12:15,17/02/2018,BULK20
ZA-00015412,ZAC0007957,08/02/2018 09:35,COMPLETE,11/02/2018 02:20,16/02/2018 20:08,14/02/2018,
ZA-00015413,ZAC0010334,08/02/2018 12:19,COMPLETE,10/02/2018 22:55,15/02/2018 01:01,17/02/2018,
ZA-00015414,ZAC0013794,08/02/2018 12:57,COMPLETE,10/02/2018 00:35,14/02/2018 03:35,15/02/2018,
ZA-00015415,ZAC0016913,08/02/2018 11:12,COMPLETE,10/02/2018 20:01,16/02/2018 17:45,17/02/2018,
ZA-00015416,ZAC0006829,08/02/2018 10:52,COMPLETE,10/02/2018 03:40,12/02/2018 05:31,14/02/2018,FLASH25
ZA-00015417,ZAC0021952,08/02/2018 14:02,COMPLETE,12/02/2018 12:04,13/02/2018 23:51,19/02/2018,
ZA-00015418,ZAC0007116,08/02/2018 13:08,COMPLETE,12/02/2018 21:07,15/02/2018 21:00,16/02/2018,
ZA-00015419,ZAC0020149,08/02/2018 16:31,COMPLETE,10/02/2018 08:42,12/02/2018 06:44,17/02/2018,
ZA-00015420,ZAC0008221,08/02/2018 09:06,COMPLETE,11/02/2018 02:21,13/02/2018 08:50,16/02/2018,
ZA-00015421,ZAC0007652,08/02/2018 11:45,COMPLETE,10/02/2018 23:42,12/02/2018 18:53,13/02/2018,
ZA-00015422,ZAC0020251,08/02/2018 07:11,COMPLETE,12/02/2018 03:58,13/02/2018 06:38,16/02/2018,
ZA-00015423,ZAC0000751,08/02/2018 17:27,COMPLETE,14/02/2018 08:36,17/02/2018 04:10,17/02/2018,
ZA-00015424,ZAC0005356,09/02/2018 22:54,COMPLETE,11/02/2018 10:18,13/02/2018 05:24,18/02/2018,
ZA-00015425,ZAC0019398,09/02/2018 11:04,COMPLETE,11/02/2018 07:09,17/02/2018 01:23,15/02/2018,
ZA-00015426,ZAC0023842,09/02/2018 11:27,COMPLETE,12/02/2018 08:00,21/02/2018 12:55,17/02/2018,FREESHIP
ZA-00015427,ZAC0020457,09/02/2018 07:21,COMPLETE,11/02/2018 05:53,20/02/2018 15:23,18/02/2018,
ZA-00015428,ZAC0002643,09/02/2018 12:27,COMPLETE,11/02/2018 00:13,16/02/2018 23:42,16/02/2018,
ZA-00015429,ZAC0001847,09/02/2018 06:12,COMPLETE,12/02/2018 04:19,13/02/2018 11:56,15/02/2018,
ZA-00015430,ZAC0014487,09/02/2018 13:35,COMPLETE,09/02/2018 17:41,10/02/2018 01:15,12/02/2018,
ZA-00015431,ZAC0011463,09/02/2018 09:34,COMPLETE,10/02/2018 18:46,11/02/2018 11:14,13/02/2018,
ZA-00015432,ZAC0000513,09/02/2018 16:21,COMPLETE,10/02/2018 03:03,10/02/2018 22:15,14/02/2018,WELCOME10
ZA-00015433,ZAC0000636,09/02/2018 15:46,COMPLETE,15/02/2018 02:34,24/02/2018 23:59,25/02/2018,
ZA-00015434,ZAC0007009,09/02/2018 20:15,CANCELLED,,,,
ZA-00015435,ZAC0015949,09/02/2018 14:07,COMPLETE,10/02/2018 16:26,13/02/2018 21:44,14/02/2018,
ZA-00015436,ZAC0001324,09/02/2018 22:39,COMPLETE,13/02/2018 15:10,22/02/2018 20:55,17/02/2018,FREESHIP
ZA-00015437,ZAC0000546,09/02/2018 19:11,COMPLETE,13/02/2018 09:33,15/02/2018 03:54,16/02/2018,
ZA-00015438,ZAC0000116,09/02/2018 09:46,COMPLETE,13/02/2018 15:33,17/02/2018 01:49,17/02/2018,FLASH25
ZA-00015439,ZAC0019075,09/02/2018 12:58,COMPLETE,12/02/2018 21:33,15/02/2018 06:36,17/02/2018,
ZA-00015440,ZAC0022648,09/02/2018 11:35,COMPLETE,11/02/2018 02:25,21/02/2018 08:56,15/02/2018,
ZA-00015441,ZAC0013679,09/02/2018 11:40,RETURNED,12/02/2018 16:17,14/02/2018 12:38,15/02/2018,
ZA-00015442,ZAC0022360,09/02/2018 11:39,COMPLETE,10/02/2018 14:35,13/02/2018 20:01,13/02/2018,
ZA-00015443,ZAC0021976,09/02/2018 09:10,COMPLETE,14/02/2018 00:25,16/02/2018 18:38,19/02/2018,
ZA-00015444,ZAC0019083,09/02/2018 11:01,COMPLETE,10/02/2018 10:39,19/02/2018 07:38,17/02/2018,WELCOME10
ZA-00015445,ZAC0020363,09/02/2018 16:34,RETURNED,12/02/2018 22:23,18/02/2018 12:17,17/02/2018,
ZA-00015446,ZAC0010413,09/02/2018 12:08,COMPLETE,12/02/2018 20:28,19/02/2018 02:40,16/02/2018,
ZA-00015447,ZAC0007561,09/02/2018 08:55,COMPLETE,10/02/2018 06:23,13/02/2018 05:34,17/02/2018,
ZA-00015448,ZAC0014317,09/02/2018 17:47,COMPLETE,10/02/2018 10:20,16/02/2018 08:29,14/02/2018,
ZA-00015449,ZAC0021384,09/02/2018 11:28,COMPLETE,11/02/2018 11:44,18/02/2018 15:59,15/02/2018,LOYAL5
ZA-00015450,ZAC0006545,09/02/2018 07:42,COMPLETE,13/02/2018 08:26,16/02/2018 15:03,23/02/2018,
ZA-00015451,ZAC0020722,09/02/2018 11:14,RETURNED,11/02/2018 15:43,16/02/2018 08:11,15/02/2018,
ZA-00015452,ZAC0001033,09/02/2018 15:25,COMPLETE,14/02/2018 02:49,21/02/2018 13:30,17/02/2018,
ZA-00015453,ZAC0008957,09/02/2018 07:09,COMPLETE,10/02/2018 16:26,12/02/2018 18:11,20/02/2018,
ZA-00015454,ZAC0010436,09/02/2018 12:11,COMPLETE,11/02/2018 13:37,13/02/2018 14:27,16/02/2018,
ZA-00015455,ZAC0010634,09/02/2018 10:51,COMPLETE,11/02/2018 22:25,13/02/2018 11:23,15/02/2018,
ZA-00015456,ZAC0004903,09/02/2018 08:30,DISPATCHED,09/02/2018 14:13,,16/02/2018,
ZA-00015457,ZAC0014825,09/02/2018 16:40,COMPLETE,12/02/2018 04:47,23/02/2018 08:06,19/02/2018,
ZA-00015458,ZAC0010175,09/02/2018 13:49,COMPLETE,15/02/2018 08:22,17/02/2018 07:19,20/02/2018,
ZA-00015459,ZAC0023644,09/02/2018 09:29,COMPLETE,10/02/2018 00:45,18/02/2018 15:40,14/02/2018,
ZA-00015460,ZAC0020470,09/02/2018 20:44,COMPLETE,11/02/2018 22:49,18/02/2018 10:02,18/02/2018,
ZA-00015461,ZAC0013375,09/02/2018 20:02,DISPATCHED,10/02/2018 22:14,,15/02/2018,
ZA-00015462,ZAC0013631,09/02/2018 07:32,COMPLETE,10/02/2018 21:42,14/02/2018 09:51,13/02/2018,
ZA-00015463,ZAC0021153,09/02/2018 13:07,COMPLETE,10/02/2018 10:24,13/02/2018 06:56,14/02/2018,
ZA-00015464,ZAC0001238,09/02/2018 08:30,COMPLETE,10/02/2018 08:21,18/02/2018 11:48,15/02/2018,FLASH25
ZA-00015465,ZAC0010486,09/02/2018 08:36,CANCELLED,,,,LOYAL5
ZA-00015466,ZAC0023861,09/02/2018 14:26,COMPLETE,10/02/2018 19:32,21/02/2018 10:17,17/02/2018,
ZA-00015467,ZAC0009355,09/02/2018 09:50,RETURNED,10/02/2018 10:09,17/02/2018 02:35,20/02/2018,
ZA-00015468,ZAC0003892,09/02/2018 14:30,COMPLETE,11/02/2018 02:33,12/02/2018 19:33,18/02/2018,
ZA-00015469,ZAC0006904,09/02/2018 16:28,COMPLETE,10/02/2018 21:47,16/02/2018 05:15,14/02/2018,
ZA-00015470,ZAC0014848,09/02/2018 19:08,COMPLETE,12/02/2018 19:25,27/02/2018 10:22,19/02/2018,
ZA-00015471,ZAC0011921,09/02/2018 19:29,COMPLETE,10/02/2018 10:23,11/02/2018 15:45,15/02/2018,
ZA-00015472,ZAC0017371,09/02/2018 15:48,COMPLETE,12/02/2018 00:07,19/02/2018 18:57,17/02/2018,
ZA-00015473,ZAC0009964,09/02/2018 19:43,COMPLETE,12/02/2018 17:43,16/02/2018 08:54,22/02/2018,
ZA-00015474,ZAC0007379,09/02/2018 06:53,COMPLETE,14/02/2018 22:40,17/02/2018 09:03,18/02/2018,
ZA-00015475,ZAC0016965,09/02/2018 19:44,COMPLETE,10/02/2018 16:43,17/02/2018 18:44,13/02/2018,
ZA-00015476,ZAC0008238,09/02/2018 09:50,COMPLETE,12/02/2018 21:40,14/02/2018 06:05,16/02/2018,
ZA-00015477,ZAC0006035,09/02/2018 07:25,COMPLETE,10/02/2018 17:35,14/02/2018 15:57,14/02/2018,
ZA-00015478,ZAC0008273,09/02/2018 09:17,COMPLETE,10/02/2018 23:10,19/02/2018 09:00,15/02/2018,
ZA-00015479,ZAC0003957,09/02/2018 16:29,COMPLETE,12/02/2018 22:30,20/02/2018 19:45,19/02/2018,LOYAL5
ZA-00015480,ZAC0010304,09/02/2018 12:26,COMPLETE,10/02/2018 22:23,12/02/2018 07:45,15/02/2018,
ZA-00015481,ZAC0015742,09/02/2018 08:22,DISPATCHED,10/02/2018 09:53,,17/02/2018,
ZA-00015482,ZAC0017241,09/02/2018 11:08,DISPATCHED,11/02/2018 01:48,,15/02/2018,
ZA-00015483,ZAC0020294,09/02/2018 07:23,COMPLETE,11/02/2018 07:24,17/02/2018 00:29,15/02/2018,
ZA-00015484,ZAC0018694,09/02/2018 16:41,RETURNED,11/02/2018 01:12,20/02/2018 18:19,16/02/2018,WINTER15
ZA-00015485,ZAC0022866,09/02/2018 06:57,CANCELLED,,,,
ZA-00015486,ZAC0017506,09/02/2018 19:28,COMPLETE,11/02/2018 13:08,17/02/2018 02:36,16/02/2018,WINTER15
ZA-00015487,ZAC0010564,09/02/2018 18:24,COMPLETE,12/02/2018 00:37,23/02/2018 10:18,17/02/2018,BULK20
ZA-00015488,ZAC0023518,09/02/2018 18:19,COMPLETE,16/02/2018 08:42,23/02/2018 23:59,20/02/2018,
ZA-00015489,ZAC0023179,09/02/2018 19:09,DISPATCHED,14/02/2018 19:58,,18/02/2018,
ZA-00015490,ZAC0008452,09/02/2018 08:40,COMPLETE,11/02/2018 09:43,17/02/2018 10:47,16/02/2018,
ZA-00015491,ZAC0013959,09/02/2018 17:46,COMPLETE,10/02/2018 09:46,16/02/2018 16:51,13/02/2018,
ZA-00015492,ZAC0019890,09/02/2018 11:35,COMPLETE,11/02/2018 04:14,16/02/2018 03:28,18/02/2018,
ZA-00015493,ZAC0012615,09/02/2018 21:58,COMPLETE,13/02/2018 01:16,14/02/2018 23:35,17/02/2018,
ZA-00015494,ZAC0015229,09/02/2018 09:17,COMPLETE,13/02/2018 19:57,21/02/2018 00:22,17/02/2018,
ZA-00015495,ZAC0007772,09/02/2018 21:21,COMPLETE,12/02/2018 16:04,16/02/2018 04:15,16/02/2018,
ZA-00015496,ZAC0013744,09/02/2018 20:14,CANCELLED,,,,
ZA-00015497,ZAC0011941,09/02/2018 19:47,COMPLETE,13/02/2018 20:41,16/02/2018 15:54,23/02/2018,WELCOME10
ZA-00015498,ZAC0011446,09/02/2018 15:19,COMPLETE,10/02/2018 20:13,17/02/2018 23:53,13/02/2018,FLASH25
ZA-00015499,ZAC0021677,09/02/2018 12:16,COMPLETE,10/02/2018 20:48,13/02/2018 09:17,15/02/2018,
ZA-00015500,ZAC0021370,09/02/2018 14:24,DISPATCHED,10/02/2018 23:17,,13/02/2018,FLASH25
ZA-00015501,ZAC0022728,09/02/2018 21:18,COMPLETE,12/02/2018 22:10,15/02/2018 12:15,16/02/2018,
ZA-00015502,ZAC0004307,09/02/2018 16:08,COMPLETE,13/02/2018 06:12,19/02/2018 07:13,20/02/2018,
ZA-00015503,ZAC0006467,09/02/2018 13:28,COMPLETE,11/02/2018 06:05,22/02/2018 13:49,21/02/2018,
ZA-00015504,ZAC0008527,10/02/2018 21:32,COMPLETE,15/02/2018 23:58,22/02/2018 07:59,20/02/2018,
ZA-00015505,ZAC0001797,10/02/2018 07:55,COMPLETE,13/02/2018 06:30,13/02/2018 16:07,20/02/2018,
ZA-00015506,ZAC0000350,10/02/2018 09:07,COMPLETE,13/02/2018 08:52,17/02/2018 21:35,17/02/2018,
ZA-00015507,ZAC0023769,10/02/2018 13:52,DISPATCHED,12/02/2018 08:57,,15/02/2018,
ZA-00015508,ZAC0022588,10/02/2018 22:19,COMPLETE,12/02/2018 19:21,21/02/2018 06:27,19/02/2018,
ZA-00015509,ZAC0022478,10/02/2018 09:40,COMPLETE,11/02/2018 03:39,22/02/2018 01:59,16/02/2018,
ZA-00015510,ZAC0020795,10/02/2018 18:02,COMPLETE,12/02/2018 09:49,18/02/2018 00:30,22/02/2018,
ZA-00015511,ZAC0019129,10/02/2018 19:33,COMPLETE,11/02/2018 06:02,13/02/2018 23:12,21/02/2018,
ZA-00015512,ZAC0006265,10/02/2018 14:17,COMPLETE,11/02/2018 21:28,12/02/2018 17:52,15/02/2018,
ZA-00015513,ZAC0021213,10/02/2018 08:07,COMPLETE,15/02/2018 09:50,28/02/2018 03:52,18/02/2018,
ZA-00015514,ZAC0019596,10/02/2018 12:54,COMPLETE,10/02/2018 17:14,11/02/2018 14:29,17/02/2018,
ZA-00015515,ZAC0015222,10/02/2018 09:33,COMPLETE,10/02/2018 20:27,11/02/2018 10:52,17/02/2018,
ZA-00015516,ZAC0023914,10/02/2018 21:16,COMPLETE,11/02/2018 22:45,14/02/2018 02:15,15/02/2018,
ZA-00015517,ZAC0007968,10/02/2018 20:20,COMPLETE,15/02/2018 07:10,16/02/2018 11:15,20/02/2018,
ZA-00015518,ZAC0017281,10/02/2018 10:14,PENDING,,,,
ZA-00015519,ZAC0003908,10/02/2018 14:15,COMPLETE,13/02/2018 04:38,16/02/2018 10:44,18/02/2018,
ZA-00015520,ZAC0005290,10/02/2018 16:50,COMPLETE,12/02/2018 14:59,21/02/2018 15:34,16/02/2018,
ZA-00015521,ZAC0019640,10/02/2018 06:24,COMPLETE,13/02/2018 15:11,18/02/2018 21:19,17/02/2018,
ZA-00015522,ZAC0006899,10/02/2018 18:48,DISPATCHED,13/02/2018 09:49,,16/02/2018,WINTER15
ZA-00015523,ZAC0003545,10/02/2018 17:09,COMPLETE,14/02/2018 22:34,24/02/2018 09:23,17/02/2018,
ZA-00015524,ZAC0023942,10/02/2018 14:07,COMPLETE,11/02/2018 20:36,14/02/2018 19:14,14/02/2018,LOYAL5
ZA-00015525,ZAC0006667,10/02/2018 18:10,DISPATCHED,12/02/2018 02:11,,17/02/2018,WELCOME10
ZA-00015526,ZAC0023259,10/02/2018 16:40,COMPLETE,12/02/2018 00:23,23/02/2018 09:52,19/02/2018,WELCOME10
ZA-00015527,ZAC0010242,10/02/2018 17:35,COMPLETE,12/02/2018 12:51,19/02/2018 02:52,17/02/2018,
ZA-00015528,ZAC0013271,10/02/2018 10:16,COMPLETE,11/02/2018 19:19,16/02/2018 10:09,15/02/2018,FLASH25
ZA-00015529,ZAC0007160,10/02/2018 08:38,COMPLETE,11/02/2018 18:29,11/02/2018 21:46,15/02/2018,
ZA-00015530,ZAC0018765,10/02/2018 20:33,CANCELLED,,,,
ZA-00015531,ZAC0003832,10/02/2018 22:24,COMPLETE,14/02/2018 04:33,21/02/2018 00:25,18/02/2018,
ZA-00015532,ZAC0016803,10/02/2018 11:21,COMPLETE,11/02/2018 05:35,15/02/2018 01:36,16/02/2018,
ZA-00015533,ZAC0008608,10/02/2018 14:36,COMPLETE,11/02/2018 21:20,19/02/2018 11:17,16/02/2018,
ZA-00015534,ZAC0002582,10/02/2018 14:29,COMPLETE,12/02/2018 04:19,16/02/2018 21:07,16/02/2018,LOYAL5
ZA-00015535,ZAC0011276,10/02/2018 15:21,COMPLETE,12/02/2018 22:08,16/02/2018 20:15,17/02/2018,
ZA-00015536,ZAC0011410,10/02/2018 14:35,COMPLETE,13/02/2018 20:57,16/02/2018 11:18,20/02/2018,
ZA-00015537,ZAC0009400,10/02/2018 16:22,COMPLETE,12/02/2018 05:32,18/02/2018 05:35,15/02/2018,
ZA-00015538,ZAC0004784,10/02/2018 14:12,COMPLETE,14/02/2018 07:36,23/02/2018 10:25,18/02/2018,
ZA-00015539,ZAC0013156,10/02/2018 16:45,CANCELLED,,,,LOYAL5
ZA-00015540,ZAC0003775,10/02/2018 07:50,COMPLETE,11/02/2018 12:38,16/02/2018 19:44,21/02/2018,
ZA-00015541,ZAC0007249,10/02/2018 09:44,COMPLETE,11/02/2018 23:11,13/02/2018 15:14,14/02/2018,
ZA-00015542,ZAC0000916,10/02/2018 08:34,COMPLETE,12/02/2018 03:48,15/02/2018 04:26,17/02/2018,
ZA-00015543,ZAC0004304,10/02/2018 19:50,COMPLETE,11/02/2018 05:42,14/02/2018 14:17,18/02/2018,
ZA-00015544,ZAC0023830,10/02/2018 09:56,DISPATCHED,12/02/2018 01:47,,19/02/2018,
ZA-00015545,ZAC0003705,10/02/2018 08:20,COMPLETE,11/02/2018 15:18,21/02/2018 14:49,14/02/2018,
ZA-00015546,ZAC0013490,10/02/2018 08:07,COMPLETE,11/02/2018 16:28,17/02/2018 18:10,18/02/2018,
ZA-00015547,ZAC0000106,10/02/2018 12:09,COMPLETE,11/02/2018 05:07,16/02/2018 08:18,15/02/2018,
ZA-00015548,ZAC0010758,10/02/2018 14:42,COMPLETE,16/02/2018 09:19,18/02/2018 22:00,19/02/2018,
ZA-00015549,ZAC0006242,10/02/2018 09:08,COMPLETE,14/02/2018 15:41,15/02/2018 18:21,24/02/2018,
ZA-00015550,ZAC0023428,10/02/2018 13:37,COMPLETE,11/02/2018 22:55,16/02/2018 14:55,16/02/2018,
ZA-00015551,ZAC0000349,10/02/2018 19:03,COMPLETE,12/02/2018 15:32,19/02/2018 11:19,19/02/2018,
ZA-00015552,ZAC0009521,10/02/2018 06:45,COMPLETE,11/02/2018 23:52,15/02/2018 18:05,21/02/2018,LOYAL5
ZA-00015553,ZAC0018344,10/02/2018 13:08,COMPLETE,13/02/2018 22:53,24/02/2018 22:48,20/02/2018,
ZA-00015554,ZAC0004718,10/02/2018 12:45,COMPLETE,12/02/2018 19:06,19/02/2018 11:13,19/02/2018,FREESHIP
ZA-00015555,ZAC0022777,10/02/2018 18:49,COMPLETE,11/02/2018 23:57,12/02/2018 18:33,21/02/2018,
ZA-00015556,ZAC0022202,10/02/2018 19:32,COMPLETE,14/02/2018 06:58,16/02/2018 02:44,19/02/2018,
ZA-00015557,ZAC0017425,10/02/2018 18:42,COMPLETE,11/02/2018 22:55,14/02/2018 07:03,18/02/2018,
ZA-00015558,ZAC0015710,10/02/2018 22:36,COMPLETE,13/02/2018 08:44,17/02/2018 14:22,18/02/2018,
ZA-00015559,ZAC0013300,10/02/2018 19:59,COMPLETE,11/02/2018 16:42,23/02/2018 07:12,18/02/2018,
ZA-00015560,ZAC0007069,10/02/2018 21:45,COMPLETE,11/02/2018 05:37,17/02/2018 13:06,14/02/2018,
ZA-00015561,ZAC0000273,10/02/2018 10:38,COMPLETE,11/02/2018 20:45,15/02/2018 07:24,18/02/2018,LOYAL5
ZA-00015562,ZAC0022402,10/02/2018 10:27,COMPLETE,15/02/2018 16:53,17/02/2018 16:28,18/02/2018,
ZA-00015563,ZAC0008515,10/02/2018 20:50,COMPLETE,11/02/2018 11:24,13/02/2018 04:48,15/02/2018,WELCOME10
ZA-00015564,ZAC0020601,10/02/2018 13:26,COMPLETE,15/02/2018 07:45,17/02/2018 01:16,18/02/2018,
ZA-00015565,ZAC0006654,10/02/2018 18:54,COMPLETE,13/02/2018 07:36,17/02/2018 20:27,20/02/2018,
ZA-00015566,ZAC0019025,10/02/2018 20:18,COMPLETE,13/02/2018 07:42,16/02/2018 09:06,17/02/2018,
ZA-00015567,ZAC0015910,10/02/2018 16:36,CANCELLED,,,,
ZA-00015568,ZAC0009295,10/02/2018 09:44,COMPLETE,11/02/2018 13:44,19/02/2018 00:49,14/02/2018,
ZA-00015569,ZAC0001149,10/02/2018 15:19,COMPLETE,13/02/2018 08:23,18/02/2018 08:18,17/02/2018,
ZA-00015570,ZAC0010599,11/02/2018 11:53,COMPLETE,13/02/2018 16:08,19/02/2018 17:00,17/02/2018,
ZA-00015571,ZAC0019948,11/02/2018 15:31,COMPLETE,13/02/2018 22:21,17/02/2018 23:32,17/02/2018,
ZA-00015572,ZAC0001564,11/02/2018 09:29,COMPLETE,13/02/2018 19:28,15/02/2018 19:18,20/02/2018,
ZA-00015573,ZAC0005453,11/02/2018 17:11,COMPLETE,12/02/2018 01:48,13/02/2018 11:00,17/02/2018,
ZA-00015574,ZAC0018001,11/02/2018 09:39,COMPLETE,16/02/2018 13:22,23/02/2018 12:54,19/02/2018,
ZA-00015575,ZAC0018002,11/02/2018 11:38,COMPLETE,11/02/2018 19:46,18/02/2018 08:58,15/02/2018,
ZA-00015576,ZAC0000886,11/02/2018 21:21,COMPLETE,12/02/2018 12:14,15/02/2018 06:53,17/02/2018,
ZA-00015577,ZAC0005048,11/02/2018 06:47,DISPATCHED,12/02/2018 06:52,,19/02/2018,
ZA-00015578,ZAC0020866,11/02/2018 12:46,COMPLETE,13/02/2018 18:33,17/02/2018 10:14,23/02/2018,
ZA-00015579,ZAC0016538,11/02/2018 07:21,COMPLETE,12/02/2018 11:47,16/02/2018 15:47,15/02/2018,
ZA-00015580,ZAC0008190,11/02/2018 16:29,COMPLETE,15/02/2018 01:37,19/02/2018 07:07,20/02/2018,
ZA-00015581,ZAC0019315,11/02/2018 17:37,COMPLETE,16/02/2018 04:28,19/02/2018 02:03,21/02/2018,WINTER15
ZA-00015582,ZAC0001731,11/02/2018 06:15,COMPLETE,12/02/2018 16:11,19/02/2018 09:04,19/02/2018,
ZA-00015583,ZAC0022241,11/02/2018 09:28,COMPLETE,14/02/2018 17:42,16/02/2018 20:29,18/02/2018,
ZA-00015584,ZAC0001029,11/02/2018 20:18,COMPLETE,13/02/2018 18:17,14/02/2018 12:02,16/02/2018,FLASH25
ZA-00015585,ZAC0006069,11/02/2018 17:40,COMPLETE,15/02/2018 07:28,20/02/2018 11:52,19/02/2018,
ZA-00015586,ZAC0009475,11/02/2018 16:38,COMPLETE,14/02/2018 14:27,15/02/2018 06:07,24/02/2018,
ZA-00015587,ZAC0005559,11/02/2018 19:02,COMPLETE,12/02/2018 16:43,16/02/2018 21:00,15/02/2018,
ZA-00015588,ZAC0021920,11/02/2018 07:40,COMPLETE,11/02/2018 17:55,12/02/2018 14:13,16/02/2018,
ZA-00015589,ZAC0021975,11/02/2018 14:03,COMPLETE,12/02/2018 13:03,23/02/2018 19:34,19/02/2018,
ZA-00015590,ZAC0007764,11/02/2018 11:52,COMPLETE,17/02/2018 07:03,22/02/2018 22:46,20/02/2018,
ZA-00015591,ZAC0009305,11/02/2018 12:31,COMPLETE,12/02/2018 08:45,14/02/2018 21:45,17/02/2018,FREESHIP
ZA-00015592,ZAC0013094,11/02/2018 19:33,COMPLETE,13/02/2018 00:23,17/02/2018 04:12,23/02/2018,
ZA-00015593,ZAC0018493,11/02/2018 22:45,COMPLETE,12/02/2018 17:40,18/02/2018 07:36,17/02/2018,LOYAL5
ZA-00015594,ZAC0013723,11/02/2018 22:11,COMPLETE,18/02/2018 21:29,26/02/2018 13:26,23/02/2018,
ZA-00015595,ZAC0014142,11/02/2018 22:20,COMPLETE,15/02/2018 12:30,17/02/2018 00:27,20/02/2018,
ZA-00015596,ZAC0006421,11/02/2018 15:28,COMPLETE,14/02/2018 04:42,14/02/2018 21:56,17/02/2018,
ZA-00015597,ZAC0023635,11/02/2018 15:40,COMPLETE,15/02/2018 00:00,22/02/2018 15:33,19/02/2018,
ZA-00015598,ZAC0001377,11/02/2018 15:30,DISPATCHED,17/02/2018 16:39,,21/02/2018,FREESHIP
ZA-00015599,ZAC0017531,11/02/2018 09:01,COMPLETE,13/02/2018 10:58,15/02/2018 12:58,18/02/2018,
ZA-00015600,ZAC0003458,11/02/2018 21:12,COMPLETE,13/02/2018 14:39,15/02/2018 13:19,18/02/2018,
ZA-00015601,ZAC0023561,11/02/2018 18:31,COMPLETE,16/02/2018 06:02,22/02/2018 17:29,19/02/2018,BULK20
ZA-00015602,ZAC0016097,11/02/2018 15:17,COMPLETE,13/02/2018 20:45,17/02/2018 15:49,17/02/2018,
ZA-00015603,ZAC0015514,11/02/2018 12:56,COMPLETE,15/02/2018 22:53,19/02/2018 09:32,19/02/2018,FLASH25
ZA-00015604,ZAC0021157,11/02/2018 06:51,COMPLETE,14/02/2018 09:22,18/02/2018 12:48,19/02/2018,
ZA-00015605,ZAC0003909,11/02/2018 18:37,COMPLETE,16/02/2018 17:11,22/02/2018 19:09,20/02/2018,
ZA-00015606,ZAC0002568,11/02/2018 18:26,COMPLETE,12/02/2018 15:28,14/02/2018 04:53,15/02/2018,WINTER15
ZA-00015607,ZAC0014486,11/02/2018 12:06,COMPLETE,13/02/2018 21:20,24/02/2018 23:39,18/02/2018,
ZA-00015608,ZAC0010253,11/02/2018 16:37,COMPLETE,12/02/2018 14:00,15/02/2018 20:30,19/02/2018,
ZA-00015609,ZAC0017671,11/02/2018 10:50,COMPLETE,15/02/2018 15:02,01/03/2018 06:33,20/02/2018,WELCOME10
ZA-00015610,ZAC0004618,11/02/2018 10:34,COMPLETE,15/02/2018 03:53,23/02/2018 01:13,20/02/2018,
ZA-00015611,ZAC0008297,11/02/2018 16:17,COMPLETE,12/02/2018 02:48,17/02/2018 08:07,17/02/2018,LOYAL5
ZA-00015612,ZAC0000430,11/02/2018 22:32,CANCELLED,,,,
ZA-00015613,ZAC0020468,11/02/2018 19:47,COMPLETE,13/02/2018 07:00,16/02/2018 02:35,23/02/2018,
ZA-00015614,ZAC0018218,11/02/2018 20:51,COMPLETE,18/02/2018 07:56,20/02/2018 16:01,23/02/2018,
ZA-00015615,ZAC0019407,11/02/2018 07:07,COMPLETE,12/02/2018 08:35,13/02/2018 23:15,15/02/2018,WELCOME10
ZA-00015616,ZAC0010386,11/02/2018 22:35,COMPLETE,12/02/2018 20:07,17/02/2018 01:18,15/02/2018,
ZA-00015617,ZAC0007979,11/02/2018 08:23,COMPLETE,14/02/2018 08:17,18/02/2018 09:33,18/02/2018,
ZA-00015618,ZAC0009651,11/02/2018 16:26,COMPLETE,14/02/2018 06:59,23/02/2018 19:44,21/02/2018,
ZA-00015619,ZAC0000825,11/02/2018 06:19,COMPLETE,12/02/2018 14:07,14/02/2018 05:05,19/02/2018,
ZA-00015620,ZAC0016480,11/02/2018 06:16,COMPLETE,15/02/2018 14:18,24/02/2018 05:19,20/02/2018,
ZA-00015621,ZAC0002510,11/02/2018 12:15,COMPLETE,13/02/2018 07:59,14/02/2018 17:57,16/02/2018,
ZA-00015622,ZAC0010383,11/02/2018 19:08,COMPLETE,14/02/2018 02:52,15/02/2018 18:25,19/02/2018,FLASH25
ZA-00015623,ZAC0017505,11/02/2018 07:08,COMPLETE,12/02/2018 16:21,18/02/2018 04:22,16/02/2018,
ZA-00015624,ZAC0015746,11/02/2018 07:45,COMPLETE,15/02/2018 15:57,20/02/2018 10:43,19/02/2018,
ZA-00015625,ZAC0023832,11/02/2018 12:40,COMPLETE,15/02/2018 08:22,22/02/2018 09:50,18/02/2018,
ZA-00015626,ZAC0001999,11/02/2018 17:05,COMPLETE,12/02/2018 03:22,20/02/2018 10:26,17/02/2018,
ZA-00015627,ZAC0014360,11/02/2018 17:30,PENDING,,,,
ZA-00015628,ZAC0006251,11/02/2018 22:32,COMPLETE,13/02/2018 03:00,22/02/2018 07:54,17/02/2018,
ZA-00015629,ZAC0014605,11/02/2018 10:13,COMPLETE,13/02/2018 07:14,18/02/2018 13:21,16/02/2018,
ZA-00015630,ZAC0012706,11/02/2018 11:42,COMPLETE,14/02/2018 22:06,20/02/2018 02:04,24/02/2018,
ZA-00015631,ZAC0010135,11/02/2018 07:42,COMPLETE,13/02/2018 14:29,18/02/2018 00:22,20/02/2018,
ZA-00015632,ZAC0006438,11/02/2018 15:40,COMPLETE,13/02/2018 05:32,15/02/2018 00:37,20/02/2018,
ZA-00015633,ZAC0016995,11/02/2018 06:43,COMPLETE,13/02/2018 12:27,14/02/2018 14:04,17/02/2018,
ZA-00015634,ZAC0005785,11/02/2018 08:03,COMPLETE,13/02/2018 10:24,22/02/2018 08:46,17/02/2018,
ZA-00015635,ZAC0007981,11/02/2018 09:49,COMPLETE,14/02/2018 10:26,15/02/2018 23:21,19/02/2018,BULK20
ZA-00015636,ZAC0021060,11/02/2018 20:03,COMPLETE,12/02/2018 08:19,14/02/2018 00:35,22/02/2018,
ZA-00015637,ZAC0006913,11/02/2018 17:41,COMPLETE,12/02/2018 16:45,16/02/2018 23:43,15/02/2018,BULK20
ZA-00015638,ZAC0003516,11/02/2018 08:04,COMPLETE,12/02/2018 13:59,18/02/2018 01:19,16/02/2018,
ZA-00015639,ZAC0015545,11/02/2018 14:46,COMPLETE,12/02/2018 16:41,14/02/2018 20:30,17/02/2018,
ZA-00015640,ZAC0003490,11/02/2018 06:51,COMPLETE,13/02/2018 20:45,16/02/2018 02:46,16/02/2018,
ZA-00015641,ZAC0009813,11/02/2018 20:37,COMPLETE,13/02/2018 07:01,17/02/2018 11:18,17/02/2018,
ZA-00015642,ZAC0012536,11/02/2018 07:19,COMPLETE,15/02/2018 14:31,16/02/2018 16:54,18/02/2018,WELCOME10
ZA-00015643,ZAC0015910,11/02/2018 15:12,COMPLETE,14/02/2018 13:12,24/02/2018 01:42,19/02/2018,WELCOME10
ZA-00015644,ZAC0008506,11/02/2018 10:48,COMPLETE,14/02/2018 05:41,16/02/2018 21:47,19/02/2018,
ZA-00015645,ZAC0020515,11/02/2018 08:12,COMPLETE,14/02/2018 21:10,23/02/2018 15:43,19/02/2018,
ZA-00015646,ZAC0006779,11/02/2018 06:30,DISPATCHED,12/02/2018 07:55,,19/02/2018,
ZA-00015647,ZAC0019785,12/02/2018 06:09,COMPLETE,13/02/2018 00:47,15/02/2018 14:05,17/02/2018,
ZA-00015648,ZAC0011179,12/02/2018 20:23,COMPLETE,17/02/2018 15:40,21/02/2018 03:36,22/02/2018,WELCOME10
ZA-00015649,ZAC0002217,12/02/2018 19:50,COMPLETE,13/02/2018 19:46,15/02/2018 04:44,18/02/2018,
ZA-00015650,ZAC0015392,12/02/2018 09:16,COMPLETE,15/02/2018 22:33,19/02/2018 15:46,20/02/2018,
ZA-00015651,ZAC0018020,12/02/2018 13:57,COMPLETE,13/02/2018 01:52,14/02/2018 06:19,20/02/2018,
ZA-00015652,ZAC0016868,12/02/2018 11:17,COMPLETE,12/02/2018 19:35,16/02/2018 14:58,22/02/2018,BULK20
ZA-00015653,ZAC0011799,12/02/2018 16:41,COMPLETE,14/02/2018 23:51,19/02/2018 20:13,18/02/2018,
ZA-00015654,ZAC0018217,12/02/2018 22:51,COMPLETE,13/02/2018 07:13,17/02/2018 05:23,18/02/2018,BULK20
ZA-00015655,ZAC0011765,12/02/2018 15:57,COMPLETE,13/02/2018 07:51,15/02/2018 03:48,20/02/2018,
ZA-00015656,ZAC0007119,12/02/2018 19:56,COMPLETE,15/02/2018 19:51,18/02/2018 15:29,20/02/2018,
ZA-00015657,ZAC0013624,12/02/2018 07:09,COMPLETE,15/02/2018 18:18,20/02/2018 10:06,20/02/2018,
ZA-00015658,ZAC0012672,12/02/2018 20:17,COMPLETE,15/02/2018 11:27,24/02/2018 08:53,20/02/2018,
ZA-00015659,ZAC0018634,12/02/2018 07:00,COMPLETE,13/02/2018 00:35,15/02/2018 10:09,20/02/2018,
ZA-00015660,ZAC0016040,12/02/2018 06:46,COMPLETE,16/02/2018 02:46,18/02/2018 06:41,19/02/2018,
ZA-00015661,ZAC0016684,12/02/2018 06:36,COMPLETE,13/02/2018 23:52,15/02/2018 08:45,20/02/2018,
ZA-00015662,ZAC0016117,12/02/2018 22:00,COMPLETE,14/02/2018 14:25,14/02/2018 22:48,17/02/2018,
ZA-00015663,ZAC0004946,12/02/2018 07:48,COMPLETE,16/02/2018 21:36,25/02/2018 02:03,20/02/2018,WINTER15
ZA-00015664,ZAC0018857,12/02/2018 15:18,COMPLETE,13/02/2018 22:11,16/02/2018 21:17,16/02/2018,LOYAL5
ZA-00015665,ZAC0010945,12/02/2018 13:28,COMPLETE,13/02/2018 01:16,17/02/2018 12:08,20/02/2018,
ZA-00015666,ZAC0011241,12/02/2018 22:13,COMPLETE,14/02/2018 11:11,16/02/2018 14:57,21/02/2018,
ZA-00015667,ZAC0017442,12/02/2018 06:54,COMPLETE,14/02/2018 10:00,18/02/2018 19:29,19/02/2018,WELCOME10
ZA-00015668,ZAC0017949,12/02/2018 11:40,COMPLETE,16/02/2018 05:57,17/02/2018 03:57,23/02/2018,
ZA-00015669,ZAC0021115,12/02/2018 19:36,COMPLETE,15/02/2018 12:12,22/02/2018 23:19,20/02/2018,
ZA-00015670,ZAC0020135,12/02/2018 17:17,COMPLETE,14/02/2018 07:58,17/02/2018 09:30,21/02/2018,
ZA-00015671,ZAC0018624,12/02/2018 20:38,COMPLETE,14/02/2018 19:26,23/02/2018 09:48,19/02/2018,
ZA-00015672,ZAC0021282,12/02/2018 12:16,COMPLETE,12/02/2018 13:42,26/02/2018 05:09,16/02/2018,
ZA-00015673,ZAC0006165,12/02/2018 17:21,COMPLETE,17/02/2018 19:56,25/02/2018 03:03,22/02/2018,
ZA-00015674,ZAC0002193,12/02/2018 19:26,COMPLETE,13/02/2018 19:43,23/02/2018 04:13,16/02/2018,
ZA-00015675,ZAC0020728,12/02/2018 20:27,COMPLETE,13/02/2018 15:56,18/02/2018 17:43,18/02/2018,
ZA-00015676,ZAC0003185,12/02/2018 11:26,COMPLETE,13/02/2018 22:26,23/02/2018 08:07,18/02/2018,FLASH25
ZA-00015677,ZAC0022650,12/02/2018 18:26,COMPLETE,14/02/2018 08:45,15/02/2018 23:25,19/02/2018,
ZA-00015678,ZAC0010099,12/02/2018 13:11,COMPLETE,14/02/2018 17:17,16/02/2018 18:00,24/02/2018,
ZA-00015679,ZAC0005268,12/02/2018 18:22,COMPLETE,15/02/2018 21:43,18/02/2018 09:57,20/02/2018,
ZA-00015680,ZAC0022280,12/02/2018 08:01,COMPLETE,15/02/2018 00:28,16/02/2018 14:40,20/02/2018,
ZA-00015681,ZAC0018643,12/02/2018 15:57,COMPLETE,13/02/2018 02:40,19/02/2018 10:26,18/02/2018,
ZA-00015682,ZAC0018440,12/02/2018 11:30,COMPLETE,17/02/2018 13:02,26/02/2018 00:08,22/02/2018,WINTER15
ZA-00015683,ZAC0023685,12/02/2018 07:46,COMPLETE,15/02/2018 15:20,16/02/2018 16:21,19/02/2018,
ZA-00015684,ZAC0000262,12/02/2018 20:58,COMPLETE,15/02/2018 05:49,22/02/2018 06:10,18/02/2018,
ZA-00015685,ZAC0006586,12/02/2018 15:17,COMPLETE,16/02/2018 01:34,23/02/2018 17:51,19/02/2018,
ZA-00015686,ZAC0022752,12/02/2018 22:56,COMPLETE,14/02/2018 02:18,19/02/2018 02:20,17/02/2018,
ZA-00015687,ZAC0012619,12/02/2018 11:55,COMPLETE,14/02/2018 05:45,15/02/2018 13:40,18/02/2018,
ZA-00015688,ZAC0013263,12/02/2018 06:55,DISPATCHED,15/02/2018 09:54,,18/02/2018,
ZA-00015689,ZAC0010284,12/02/2018 10:59,COMPLETE,18/02/2018 12:17,21/02/2018 04:25,23/02/2018,
ZA-00015690,ZAC0021656,12/02/2018 22:18,COMPLETE,15/02/2018 22:49,17/02/2018 18:16,19/02/2018,
ZA-00015691,ZAC0012338,12/02/2018 07:09,COMPLETE,14/02/2018 09:49,17/02/2018 03:33,21/02/2018,
ZA-00015692,ZAC0017047,12/02/2018 15:06,COMPLETE,12/02/2018 21:21,19/02/2018 04:33,15/02/2018,
ZA-00015693,ZAC0022302,12/02/2018 19:46,COMPLETE,18/02/2018 01:40,23/02/2018 01:21,25/02/2018,
ZA-00015694,ZAC0000402,12/02/2018 08:15,COMPLETE,14/02/2018 09:32,17/02/2018 15:06,24/02/2018,FREESHIP
ZA-00015695,ZAC0020615,12/02/2018 18:09,COMPLETE,16/02/2018 02:31,25/02/2018 19:55,19/02/2018,
ZA-00015696,ZAC0013932,12/02/2018 18:55,PENDING,,,,
ZA-00015697,ZAC0010035,12/02/2018 06:21,COMPLETE,13/02/2018 02:06,16/02/2018 19:06,17/02/2018,BULK20
ZA-00015698,ZAC0021715,12/02/2018 14:55,COMPLETE,13/02/2018 00:35,17/02/2018 22:16,20/02/2018,
ZA-00015699,ZAC0004166,12/02/2018 15:08,RETURNED,13/02/2018 10:03,14/02/2018 17:57,23/02/2018,
ZA-00015700,ZAC0001493,12/02/2018 08:31,COMPLETE,12/02/2018 19:27,15/02/2018 01:10,17/02/2018,
ZA-00015701,ZAC0019413,12/02/2018 06:39,COMPLETE,14/02/2018 22:10,16/02/2018 00:38,19/02/2018,FLASH25
ZA-00015702,ZAC0015124,12/02/2018 17:30,COMPLETE,12/02/2018 23:44,15/02/2018 20:03,16/02/2018,
ZA-00015703,ZAC0012964,12/02/2018 08:07,COMPLETE,13/02/2018 08:33,24/02/2018 07:45,18/02/2018,
ZA-00015704,ZAC0013473,12/02/2018 08:53,COMPLETE,15/02/2018 04:12,19/02/2018 13:36,22/02/2018,WINTER15
ZA-00015705,ZAC0005756,12/02/2018 18:43,COMPLETE,15/02/2018 23:14,19/02/2018 12:01,22/02/2018,
ZA-00015706,ZAC0019943,12/02/2018 09:05,COMPLETE,13/02/2018 23:11,22/02/2018 19:29,17/02/2018,
ZA-00015707,ZAC0013854,12/02/2018 22:18,COMPLETE,14/02/2018 17:29,18/02/2018 05:32,24/02/2018,
ZA-00015708,ZAC0020857,12/02/2018 18:29,COMPLETE,13/02/2018 13:49,16/02/2018 03:35,16/02/2018,FREESHIP
ZA-00015709,ZAC0004373,12/02/2018 12:32,COMPLETE,15/02/2018 08:09,18/02/2018 02:34,19/02/2018,
ZA-00015710,ZAC0001757,13/02/2018 15:18,COMPLETE,19/02/2018 07:10,23/02/2018 15:24,23/02/2018,
ZA-00015711,ZAC0008101,13/02/2018 06:41,COMPLETE,18/02/2018 02:54,21/02/2018 01:58,21/02/2018,
ZA-00015712,ZAC0018418,13/02/2018 07:54,COMPLETE,17/02/2018 15:58,25/02/2018 13:12,24/02/2018,
ZA-00015713,ZAC0023383,13/02/2018 20:58,COMPLETE,16/02/2018 04:28,20/02/2018 19:55,19/02/2018,
ZA-00015714,ZAC0018679,13/02/2018 19:58,COMPLETE,14/02/2018 22:41,18/02/2018 11:36,17/02/2018,
ZA-00015715,ZAC0015813,13/02/2018 11:43,COMPLETE,15/02/2018 02:56,22/02/2018 22:19,25/02/2018,WELCOME10
ZA-00015716,ZAC0013385,13/02/2018 10:46,COMPLETE,17/02/2018 16:58,23/02/2018 15:32,22/02/2018,
ZA-00015717,ZAC0023399,13/02/2018 14:55,COMPLETE,14/02/2018 10:49,19/02/2018 23:11,19/02/2018,
ZA-00015718,ZAC0005208,13/02/2018 20:30,CANCELLED,,,,
ZA-00015719,ZAC0015572,13/02/2018 19:44,COMPLETE,18/02/2018 17:07,23/02/2018 01:40,21/02/2018,
ZA-00015720,ZAC0016825,13/02/2018 14:59,COMPLETE,17/02/2018 02:53,18/02/2018 16:56,21/02/2018,
ZA-00015721,ZAC0003601,13/02/2018 06:43,COMPLETE,13/02/2018 17:17,18/02/2018 18:14,23/02/2018,
ZA-00015722,ZAC0008352,13/02/2018 13:16,COMPLETE,14/02/2018 07:29,17/02/2018 12:17,17/02/2018,LOYAL5
ZA-00015723,ZAC0003338,13/02/2018 10:57,COMPLETE,15/02/2018 00:12,17/02/2018 11:34,22/02/2018,
ZA-00015724,ZAC0007147,13/02/2018 16:14,COMPLETE,14/02/2018 12:12,15/02/2018 23:57,19/02/2018,
ZA-00015725,ZAC0019439,13/02/2018 07:02,COMPLETE,17/02/2018 19:11,27/02/2018 12:25,24/02/2018,
ZA-00015726,ZAC0010377,13/02/2018 16:56,COMPLETE,15/02/2018 09:18,19/02/2018 19:22,19/02/2018,
ZA-00015727,ZAC0018462,13/02/2018 06:23,CANCELLED,,,,
ZA-00015728,ZAC0020892,13/02/2018 19:38,COMPLETE,17/02/2018 02:12,23/02/2018 09:35,24/02/2018,
ZA-00015729,ZAC0000530,13/02/2018 21:14,COMPLETE,15/02/2018 16:44,19/02/2018 20:04,19/02/2018,
ZA-00015730,ZAC0019275,13/02/2018 21:45,COMPLETE,15/02/2018 00:15,17/02/2018 02:26,18/02/2018,
ZA-00015731,ZAC0009273,13/02/2018 17:12,COMPLETE,14/02/2018 23:45,20/02/2018 15:57,18/02/2018,
ZA-00015732,ZAC0008028,13/02/2018 21:41,COMPLETE,17/02/2018 13:00,21/02/2018 15:05,21/02/2018,
ZA-00015733,ZAC0004734,13/02/2018 17:25,COMPLETE,14/02/2018 03:46,17/02/2018 22:00,17/02/2018,
ZA-00015734,ZAC0023155,13/02/2018 06:22,COMPLETE,15/02/2018 15:01,20/02/2018 18:08,22/02/2018,
ZA-00015735,ZAC0003366,13/02/2018 21:43,COMPLETE,15/02/2018 23:31,18/02/2018 00:57,18/02/2018,FLASH25
ZA-00015736,ZAC0003156,13/02/2018 13:15,COMPLETE,15/02/2018 02:52,16/02/2018 08:14,19/02/2018,
ZA-00015737,ZAC0022009,13/02/2018 08:03,COMPLETE,13/02/2018 15:24,15/02/2018 03:53,16/02/2018,
ZA-00015738,ZAC0011409,13/02/2018 20:17,COMPLETE,14/02/2018 05:25,18/02/2018 23:42,18/02/2018,
ZA-00015739,ZAC0021177,13/02/2018 09:25,COMPLETE,13/02/2018 13:36,18/02/2018 21:32,16/02/2018,
ZA-00015740,ZAC0000306,13/02/2018 10:57,DISPATCHED,14/02/2018 05:23,,21/02/2018,WINTER15
ZA-00015741,ZAC0015289,13/02/2018 19:24,COMPLETE,15/02/2018 12:56,16/02/2018 22:51,22/02/2018,
ZA-00015742,ZAC0006623,13/02/2018 15:54,COMPLETE,15/02/2018 19:41,19/02/2018 13:23,19/02/2018,
ZA-00015743,ZAC0007309,13/02/2018 17:52,COMPLETE,18/02/2018 00:39,25/02/2018 11:46,22/02/2018,FREESHIP
ZA-00015744,ZAC0021901,13/02/2018 15:59,COMPLETE,16/02/2018 08:04,23/02/2018 05:36,21/02/2018,
ZA-00015745,ZAC0022871,13/02/2018 20:21,COMPLETE,15/02/2018 06:13,16/02/2018 23:55,19/02/2018,
ZA-00015746,ZAC0020591,13/02/2018 07:25,COMPLETE,15/02/2018 14:51,18/02/2018 15:12,20/02/2018,
ZA-00015747,ZAC0015162,13/02/2018 11:32,COMPLETE,14/02/2018 11:06,16/02/2018 10:26,17/02/2018,
ZA-00015748,ZAC0020973,13/02/2018 20:06,COMPLETE,17/02/2018 04:18,21/02/2018 09:36,21/02/2018,
ZA-00015749,ZAC0016286,13/02/2018 15:51,COMPLETE,17/02/2018 12:30,22/02/2018 05:18,22/02/2018,
ZA-00015750,ZAC0018561,13/02/2018 07:55,COMPLETE,14/02/2018 23:59,21/02/2018 02:30,18/02/2018,FREESHIP
ZA-00015751,ZAC0023792,13/02/2018 15:27,COMPLETE,15/02/2018 18:52,19/02/2018 01:34,20/02/2018,
ZA-00015752,ZAC0015569,13/02/2018 20:04,COMPLETE,14/02/2018 17:51,19/02/2018 05:38,19/02/2018,BULK20
ZA-00015753,ZAC0007268,13/02/2018 22:29,COMPLETE,15/02/2018 12:24,27/02/2018 04:27,18/02/2018,
ZA-00015754,ZAC0014364,13/02/2018 13:34,COMPLETE,15/02/2018 03:27,17/02/2018 19:38,20/02/2018,
ZA-00015755,ZAC0007815,13/02/2018 21:31,COMPLETE,14/02/2018 14:11,20/02/2018 00:32,19/02/2018,
ZA-00015756,ZAC0014767,13/02/2018 12:53,COMPLETE,18/02/2018 07:49,26/02/2018 10:38,25/02/2018,
ZA-00015757,ZAC0009078,13/02/2018 13:20,COMPLETE,15/02/2018 09:47,18/02/2018 21:51,18/02/2018,
ZA-00015758,ZAC0021567,13/02/2018 08:52,COMPLETE,17/02/2018 06:15,21/02/2018 01:16,20/02/2018,
ZA-00015759,ZAC0004542,13/02/2018 13:23,COMPLETE,16/02/2018 03:12,20/02/2018 15:11,20/02/2018,
ZA-00015760,ZAC0006062,13/02/2018 09:18,COMPLETE,17/02/2018 03:47,01/03/2018 17:52,20/02/2018,
ZA-00015761,ZAC0016803,13/02/2018 14:57,COMPLETE,17/02/2018 03:20,22/02/2018 16:16,20/02/2018,
ZA-00015762,ZAC0000258,13/02/2018 17:00,COMPLETE,14/02/2018 03:20,21/02/2018 13:03,24/02/2018,
ZA-00015763,ZAC0006005,13/02/2018 19:47,COMPLETE,16/02/2018 10:49,21/02/2018 02:54,19/02/2018,
ZA-00015764,ZAC0023691,13/02/2018 21:29,COMPLETE,14/02/2018 13:18,20/02/2018 01:15,18/02/2018,
ZA-00015765,ZAC0022567,13/02/2018 08:39,COMPLETE,16/02/2018 03:07,19/02/2018 06:15,19/02/2018,
ZA-00015766,ZAC0011636,13/02/2018 06:53,COMPLETE,15/02/2018 23:50,27/02/2018 10:11,20/02/2018,FLASH25
ZA-00015767,ZAC0007458,13/02/2018 09:16,COMPLETE,13/02/2018 18:16,15/02/2018 23:42,17/02/2018,WELCOME10
ZA-00015768,ZAC0017609,13/02/2018 14:36,COMPLETE,16/02/2018 11:12,21/02/2018 16:08,20/02/2018,
ZA-00015769,ZAC0005528,13/02/2018 16:04,COMPLETE,14/02/2018 14:30,16/02/2018 11:12,17/02/2018,FREESHIP
ZA-00015770,ZAC0008471,14/02/2018 18:07,RETURNED,16/02/2018 14:42,01/03/2018 08:01,26/02/2018,WELCOME10
ZA-00015771,ZAC0019833,14/02/2018 08:17,COMPLETE,16/02/2018 06:40,24/02/2018 03:05,20/02/2018,
ZA-00015772,ZAC0020642,14/02/2018 14:19,COMPLETE,17/02/2018 21:15,21/02/2018 22:57,22/02/2018,
ZA-00015773,ZAC0013927,14/02/2018 12:55,COMPLETE,19/02/2018 17:37,28/02/2018 08:12,22/02/2018,
ZA-00015774,ZAC0003155,14/02/2018 22:24,COMPLETE,18/02/2018 04:02,22/02/2018 07:12,23/02/2018,
ZA-00015775,ZAC0020577,14/02/2018 21:19,COMPLETE,16/02/2018 00:04,20/02/2018 14:57,19/02/2018,WINTER15
ZA-00015776,ZAC0004545,14/02/2018 16:10,COMPLETE,17/02/2018 16:55,24/02/2018 08:39,20/02/2018,
ZA-00015777,ZAC0023752,14/02/2018 16:24,COMPLETE,16/02/2018 13:58,17/02/2018 07:12,21/02/2018,
ZA-00015778,ZAC0007764,14/02/2018 15:07,COMPLETE,14/02/2018 21:14,21/02/2018 04:39,18/02/2018,
ZA-00015779,ZAC0001833,14/02/2018 19:21,COMPLETE,17/02/2018 14:06,25/02/2018 14:24,20/02/2018,
ZA-00015780,ZAC0010962,14/02/2018 17:41,COMPLETE,16/02/2018 05:12,17/02/2018 17:16,26/02/2018,
ZA-00015781,ZAC0002338,14/02/2018 07:38,COMPLETE,20/02/2018 20:27,24/02/2018 16:32,23/02/2018,
ZA-00015782,ZAC0000396,14/02/2018 15:36,COMPLETE,17/02/2018 14:30,20/02/2018 00:21,22/02/2018,FLASH25
ZA-00015783,ZAC0018843,14/02/2018 22:31,COMPLETE,21/02/2018 10:30,24/02/2018 23:52,28/02/2018,FREESHIP
ZA-00015784,ZAC0005293,14/02/2018 16:02,COMPLETE,18/02/2018 23:12,26/02/2018 10:17,23/02/2018,
ZA-00015785,ZAC0022370,14/02/2018 06:02,COMPLETE,14/02/2018 07:41,21/02/2018 18:25,21/02/2018,
ZA-00015786,ZAC0016124,14/02/2018 06:36,COMPLETE,20/02/2018 10:26,24/02/2018 07:51,24/02/2018,
ZA-00015787,ZAC0012587,14/02/2018 12:14,COMPLETE,15/02/2018 17:31,16/02/2018 22:29,18/02/2018,FLASH25
ZA-00015788,ZAC0015989,14/02/2018 21:19,COMPLETE,15/02/2018 17:04,20/02/2018 11:26,19/02/2018,BULK20
ZA-00015789,ZAC0013980,14/02/2018 10:39,COMPLETE,15/02/2018 18:09,21/02/2018 00:01,18/02/2018,WINTER15
ZA-00015790,ZAC0010798,14/02/2018 18:22,COMPLETE,16/02/2018 02:39,19/02/2018 07:05,20/02/2018,
ZA-00015791,ZAC0023808,14/02/2018 14:50,COMPLETE,18/02/2018 10:53,25/02/2018 14:11,25/02/2018,
ZA-00015792,ZAC0015790,14/02/2018 21:54,COMPLETE,18/02/2018 05:32,21/02/2018 21:50,23/02/2018,
ZA-00015793,ZAC0004802,14/02/2018 13:22,COMPLETE,15/02/2018 09:36,22/02/2018 03:12,22/02/2018,BULK20
ZA-00015794,ZAC0020693,14/02/2018 15:44,COMPLETE,17/02/2018 21:10,23/02/2018 12:20,22/02/2018,
ZA-00015795,ZAC0019714,14/02/2018 08:43,COMPLETE,15/02/2018 07:19,19/02/2018 01:06,25/02/2018,
ZA-00015796,ZAC0018484,14/02/2018 10:25,COMPLETE,15/02/2018 23:07,22/02/2018 16:18,19/02/2018,
ZA-00015797,ZAC0017504,14/02/2018 16:46,COMPLETE,17/02/2018 06:41,27/02/2018 16:27,21/02/2018,
ZA-00015798,ZAC0005960,14/02/2018 22:35,RETURNED,15/02/2018 10:26,16/02/2018 04:56,18/02/2018,LOYAL5
ZA-00015799,ZAC0003053,14/02/2018 06:48,COMPLETE,14/02/2018 22:40,19/02/2018 09:55,24/02/2018,
ZA-00015800,ZAC0014756,14/02/2018 17:23,COMPLETE,17/02/2018 06:56,25/02/2018 02:04,20/02/2018,
ZA-00015801,ZAC0019170,14/02/2018 06:00,COMPLETE,18/02/2018 05:36,19/02/2018 05:06,23/02/2018,
ZA-00015802,ZAC0018747,14/02/2018 22:37,COMPLETE,19/02/2018 11:24,20/02/2018 11:39,22/02/2018,
ZA-00015803,ZAC0021925,14/02/2018 19:30,COMPLETE,18/02/2018 02:31,18/02/2018 14:47,22/02/2018,
ZA-00015804,ZAC0022478,14/02/2018 15:15,COMPLETE,15/02/2018 00:55,24/02/2018 20:31,20/02/2018,
ZA-00015805,ZAC0003948,14/02/2018 08:54,COMPLETE,15/02/2018 14:19,17/02/2018 08:58,18/02/2018,
ZA-00015806,ZAC0003678,14/02/2018 21:17,COMPLETE,16/02/2018 16:37,23/02/2018 13:25,20/02/2018,
ZA-00015807,ZAC0007767,14/02/2018 09:05,COMPLETE,18/02/2018 13:37,20/02/2018 21:57,23/02/2018,
ZA-00015808,ZAC0003157,14/02/2018 11:55,COMPLETE,19/02/2018 21:17,27/02/2018 16:52,22/02/2018,
ZA-00015809,ZAC0020851,14/02/2018 22:15,DISPATCHED,15/02/2018 21:35,,25/02/2018,
ZA-00015810,ZAC0003946,14/02/2018 10:33,COMPLETE,14/02/2018 23:59,19/02/2018 01:17,24/02/2018,LOYAL5
ZA-00015811,ZAC0012498,14/02/2018 16:00,COMPLETE,15/02/2018 06:11,16/02/2018 12:40,18/02/2018,LOYAL5
ZA-00015812,ZAC0016311,14/02/2018 22:59,COMPLETE,16/02/2018 03:54,01/03/2018 01:55,19/02/2018,
ZA-00015813,ZAC0016750,14/02/2018 06:43,COMPLETE,15/02/2018 10:01,19/02/2018 03:54,18/02/2018,FLASH25
ZA-00015814,ZAC0005769,14/02/2018 20:04,COMPLETE,15/02/2018 07:51,24/02/2018 04:11,20/02/2018,
ZA-00015815,ZAC0003486,14/02/2018 07:33,CANCELLED,,,,
ZA-00015816,ZAC0004298,14/02/2018 08:17,COMPLETE,15/02/2018 09:13,19/02/2018 21:17,22/02/2018,FLASH25
ZA-00015817,ZAC0021281,14/02/2018 13:04,COMPLETE,17/02/2018 00:56,26/02/2018 17:51,20/02/2018,
ZA-00015818,ZAC0020558,14/02/2018 18:47,COMPLETE,16/02/2018 02:08,18/02/2018 18:48,19/02/2018,
ZA-00015819,ZAC0016525,14/02/2018 08:02,COMPLETE,14/02/2018 20:14,17/02/2018 06:28,21/02/2018,
ZA-00015820,ZAC0001548,14/02/2018 18:02,COMPLETE,16/02/2018 11:07,21/02/2018 05:42,26/02/2018,
ZA-00015821,ZAC0008302,14/02/2018 16:43,COMPLETE,16/02/2018 10:31,19/02/2018 15:24,20/02/2018,
ZA-00015822,ZAC0006974,14/02/2018 22:21,COMPLETE,16/02/2018 08:29,20/02/2018 03:37,20/02/2018,
ZA-00015823,ZAC0020341,14/02/2018 14:38,COMPLETE,16/02/2018 16:17,21/02/2018 22:48,23/02/2018,
ZA-00015824,ZAC0014699,15/02/2018 16:59,COMPLETE,17/02/2018 21:06,22/02/2018 18:26,22/02/2018,
ZA-00015825,ZAC0021893,15/02/2018 10:07,COMPLETE,17/02/2018 06:20,18/02/2018 20:32,24/02/2018,
ZA-00015826,ZAC0013945,15/02/2018 07:41,COMPLETE,17/02/2018 08:45,19/02/2018 11:19,20/02/2018,
ZA-00015827,ZAC0008533,15/02/2018 18:33,COMPLETE,16/02/2018 04:02,28/02/2018 02:00,19/02/2018,
ZA-00015828,ZAC0015235,15/02/2018 08:58,COMPLETE,16/02/2018 12:39,20/02/2018 13:18,20/02/2018,WELCOME10
ZA-00015829,ZAC0015839,15/02/2018 11:49,CANCELLED,,,,FREESHIP
ZA-00015830,ZAC0017952,15/02/2018 14:56,COMPLETE,17/02/2018 01:24,18/02/2018 14:07,21/02/2018,
ZA-00015831,ZAC0014707,15/02/2018 11:27,COMPLETE,16/02/2018 01:19,23/02/2018 11:14,23/02/2018,
ZA-00015832,ZAC0010140,15/02/2018 22:28,COMPLETE,17/02/2018 06:43,24/02/2018 07:04,24/02/2018,
ZA-00015833,ZAC0005114,15/02/2018 19:04,COMPLETE,17/02/2018 08:07,23/02/2018 05:42,22/02/2018,
ZA-00015834,ZAC0009745,15/02/2018 20:16,DISPATCHED,17/02/2018 08:38,,21/02/2018,
ZA-00015835,ZAC0019004,15/02/2018 18:27,COMPLETE,19/02/2018 02:02,24/02/2018 18:48,26/02/2018,
ZA-00015836,ZAC0008706,15/02/2018 11:57,COMPLETE,17/02/2018 10:43,19/02/2018 02:59,24/02/2018,
ZA-00015837,ZAC0019581,15/02/2018 21:38,COMPLETE,17/02/2018 01:33,21/02/2018 22:00,21/02/2018,
ZA-00015838,ZAC0015331,15/02/2018 21:49,RETURNED,18/02/2018 07:58,26/02/2018 11:09,28/02/2018,
ZA-00015839,ZAC0019374,15/02/2018 10:59,COMPLETE,16/02/2018 18:20,18/02/2018 01:40,19/02/2018,
ZA-00015840,ZAC0020490,15/02/2018 06:27,COMPLETE,17/02/2018 06:10,20/02/2018 09:49,20/02/2018,
ZA-00015841,ZAC0001901,15/02/2018 16:26,COMPLETE,19/02/2018 15:42,21/02/2018 01:33,26/02/2018,
ZA-00015842,ZAC0018505,15/02/2018 09:32,COMPLETE,17/02/2018 09:00,23/02/2018 01:06,20/02/2018,
ZA-00015843,ZAC0014949,15/02/2018 19:53,CANCELLED,,,,
ZA-00015844,ZAC0019757,15/02/2018 21:32,COMPLETE,20/02/2018 16:00,22/02/2018 11:36,27/02/2018,
ZA-00015845,ZAC0020056,15/02/2018 20:13,COMPLETE,17/02/2018 02:44,19/02/2018 18:23,20/02/2018,
ZA-00015846,ZAC0001699,15/02/2018 11:54,COMPLETE,16/02/2018 04:09,24/02/2018 06:37,23/02/2018,
ZA-00015847,ZAC0002475,15/02/2018 08:18,COMPLETE,16/02/2018 06:52,18/02/2018 08:36,19/02/2018,
ZA-00015848,ZAC0005543,15/02/2018 08:26,COMPLETE,16/02/2018 07:02,20/02/2018 08:29,23/02/2018,
ZA-00015849,ZAC0019810,15/02/2018 07:34,COMPLETE,20/02/2018 04:47,22/02/2018 01:25,23/02/2018,
ZA-00015850,ZAC0006257,15/02/2018 08:40,COMPLETE,16/02/2018 05:10,20/02/2018 06:37,23/02/2018,
ZA-00015851,ZAC0014220,15/02/2018 19:27,COMPLETE,17/02/2018 04:44,23/02/2018 08:41,24/02/2018,WELCOME10
ZA-00015852,ZAC0022326,15/02/2018 22:50,COMPLETE,19/02/2018 23:16,21/02/2018 18:02,26/02/2018,
ZA-00015853,ZAC0020149,15/02/2018 19:18,COMPLETE,16/02/2018 11:08,17/02/2018 05:13,19/02/2018,
ZA-00015854,ZAC0009262,15/02/2018 08:08,COMPLETE,20/02/2018 07:00,23/02/2018 07:13,25/02/2018,
ZA-00015855,ZAC0000959,15/02/2018 13:46,COMPLETE,18/02/2018 23:22,23/02/2018 00:12,23/02/2018,
ZA-00015856,ZAC0016459,15/02/2018 20:59,COMPLETE,21/02/2018 01:48,27/02/2018 00:47,28/02/2018,WINTER15
ZA-00015857,ZAC0007866,15/02/2018 11:34,COMPLETE,16/02/2018 13:18,20/02/2018 21:12,23/02/2018,
ZA-00015858,ZAC0012821,15/02/2018 18:46,COMPLETE,16/02/2018 14:08,18/02/2018 20:46,21/02/2018,
ZA-00015859,ZAC0017539,15/02/2018 16:27,COMPLETE,20/02/2018 02:47,24/02/2018 09:37,24/02/2018,BULK20
ZA-00015860,ZAC0011523,15/02/2018 20:46,COMPLETE,16/02/2018 15:32,22/02/2018 05:42,26/02/2018,
ZA-00015861,ZAC0003506,15/02/2018 09:43,COMPLETE,19/02/2018 17:47,20/02/2018 19:52,23/02/2018,
ZA-00015862,ZAC0004383,15/02/2018 13:47,COMPLETE,17/02/2018 21:13,24/02/2018 03:02,20/02/2018,
ZA-00015863,ZAC0010979,15/02/2018 07:37,COMPLETE,16/02/2018 12:00,25/02/2018 09:49,26/02/2018,
ZA-00015864,ZAC0022852,15/02/2018 07:41,COMPLETE,15/02/2018 23:32,23/02/2018 21:55,22/02/2018,
ZA-00015865,ZAC0007581,15/02/2018 17:36,COMPLETE,18/02/2018 17:29,21/02/2018 04:31,28/02/2018,
ZA-00015866,ZAC0020265,15/02/2018 08:13,COMPLETE,20/02/2018 12:57,23/02/2018 19:06,25/02/2018,
ZA-00015867,ZAC0002553,15/02/2018 22:00,COMPLETE,20/02/2018 12:41,21/02/2018 20:31,27/02/2018,
ZA-00015868,ZAC0001887,15/02/2018 08:01,COMPLETE,16/02/2018 16:21,25/02/2018 21:58,21/02/2018,
ZA-00015869,ZAC0020186,15/02/2018 18:28,COMPLETE,16/02/2018 22:14,22/02/2018 20:02,20/02/2018,
ZA-00015870,ZAC0017719,15/02/2018 12:46,COMPLETE,16/02/2018 17:47,20/02/2018 09:44,20/02/2018,
ZA-00015871,ZAC0009647,15/02/2018 19:56,COMPLETE,17/02/2018 06:15,19/02/2018 07:12,20/02/2018,
ZA-00015872,ZAC0022339,15/02/2018 09:23,COMPLETE,17/02/2018 01:50,17/02/2018 14:34,21/02/2018,
ZA-00015873,ZAC0019107,15/02/2018 13:41,COMPLETE,17/02/2018 17:50,24/02/2018 17:12,27/02/2018,
ZA-00015874,ZAC0016472,15/02/2018 13:39,RETURNED,16/02/2018 09:15,27/02/2018 06:29,21/02/2018,
ZA-00015875,ZAC0016017,15/02/2018 20:39,DISPATCHED,17/02/2018 07:11,,24/02/2018,
ZA-00015876,ZAC0005113,15/02/2018 12:10,COMPLETE,15/02/2018 18:43,19/02/2018 01:39,19/02/2018,
ZA-00015877,ZAC0019957,15/02/2018 18:38,COMPLETE,17/02/2018 21:47,20/02/2018 06:25,22/02/2018,
ZA-00015878,ZAC0020117,15/02/2018 20:57,COMPLETE,16/02/2018 08:02,27/02/2018 17:38,19/02/2018,
ZA-00015879,ZAC0014223,15/02/2018 15:29,COMPLETE,17/02/2018 00:01,21/02/2018 22:42,21/02/2018,
ZA-00015880,ZAC0004237,15/02/2018 07:06,COMPLETE,16/02/2018 15:00,21/02/2018 13:13,20/02/2018,
ZA-00015881,ZAC0008156,15/02/2018 17:09,COMPLETE,17/02/2018 00:08,24/02/2018 09:58,24/02/2018,
ZA-00015882,ZAC0001367,15/02/2018 11:57,COMPLETE,16/02/2018 11:11,22/02/2018 23:39,20/02/2018,
ZA-00015883,ZAC0020291,15/02/2018 07:52,COMPLETE,16/02/2018 02:58,23/02/2018 06:37,23/02/2018,BULK20
ZA-00015884,ZAC0019817,15/02/2018 22:21,COMPLETE,23/02/2018 02:23,27/02/2018 20:02,26/02/2018,
ZA-00015885,ZAC0013246,15/02/2018 11:17,COMPLETE,18/02/2018 20:38,22/02/2018 14:07,22/02/2018,
ZA-00015886,ZAC0005089,16/02/2018 13:13,COMPLETE,19/02/2018 14:51,25/02/2018 06:50,23/02/2018,BULK20
ZA-00015887,ZAC0002348,16/02/2018 13:26,COMPLETE,20/02/2018 03:22,01/03/2018 07:53,23/02/2018,
ZA-00015888,ZAC0015171,16/02/2018 09:41,COMPLETE,19/02/2018 00:40,20/02/2018 23:46,22/02/2018,
ZA-00015889,ZAC0004227,16/02/2018 17:36,COMPLETE,19/02/2018 01:12,21/02/2018 09:11,24/02/2018,
ZA-00015890,ZAC0018917,16/02/2018 12:12,CANCELLED,,,,FREESHIP
ZA-00015891,ZAC0013058,16/02/2018 21:40,COMPLETE,18/02/2018 21:05,25/02/2018 01:44,21/02/2018,
ZA-00015892,ZAC0023276,16/02/2018 11:58,COMPLETE,17/02/2018 23:55,21/02/2018 17:11,21/02/2018,
ZA-00015893,ZAC0011414,16/02/2018 17:57,COMPLETE,20/02/2018 18:22,03/03/2018 01:03,23/02/2018,
ZA-00015894,ZAC0022868,16/02/2018 20:52,DISPATCHED,19/02/2018 21:53,,24/02/2018,
ZA-00015895,ZAC0022787,16/02/2018 21:21,COMPLETE,19/02/2018 10:28,26/02/2018 05:42,24/02/2018,
ZA-00015896,ZAC0010391,16/02/2018 17:06,COMPLETE,18/02/2018 06:14,23/02/2018 22:25,23/02/2018,
ZA-00015897,ZAC0021176,16/02/2018 07:49,COMPLETE,17/02/2018 13:13,02/03/2018 04:15,20/02/2018,FLASH25
ZA-00015898,ZAC0008569,16/02/2018 08:31,COMPLETE,20/02/2018 12:43,23/02/2018 22:43,23/02/2018,BULK20
ZA-00015899,ZAC0015162,16/02/2018 09:21,COMPLETE,16/02/2018 23:19,21/02/2018 01:32,20/02/2018,
ZA-00015900,ZAC0007220,16/02/2018 21:17,COMPLETE,17/02/2018 19:17,22/02/2018 22:55,24/02/2018,
ZA-00015901,ZAC0013383,16/02/2018 09:17,DISPATCHED,18/02/2018 00:20,,21/02/2018,
ZA-00015902,ZAC0016650,16/02/2018 06:49,COMPLETE,17/02/2018 00:23,19/02/2018 10:38,24/02/2018,WINTER15
ZA-00015903,ZAC0001035,16/02/2018 09:12,RETURNED,17/02/2018 17:32,18/02/2018 06:11,21/02/2018,
ZA-00015904,ZAC0017195,16/02/2018 22:55,COMPLETE,20/02/2018 03:37,25/02/2018 10:54,02/03/2018,
ZA-00015905,ZAC0005479,16/02/2018 09:29,COMPLETE,17/02/2018 10:16,28/02/2018 10:08,22/02/2018,
ZA-00015906,ZAC0021865,16/02/2018 19:16,COMPLETE,21/02/2018 03:15,01/03/2018 13:04,25/02/2018,FLASH25
ZA-00015907,ZAC0023954,16/02/2018 22:24,COMPLETE,17/02/2018 08:56,22/02/2018 04:03,27/02/2018,
ZA-00015908,ZAC0020896,16/02/2018 16:06,COMPLETE,17/02/2018 04:19,22/02/2018 11:17,20/02/2018,
ZA-00015909,ZAC0021661,16/02/2018 11:16,COMPLETE,17/02/2018 23:55,22/02/2018 20:33,21/02/2018,
ZA-00015910,ZAC0022769,16/02/2018 08:07,COMPLETE,20/02/2018 00:57,25/02/2018 12:19,24/02/2018,
ZA-00015911,ZAC0012652,16/02/2018 06:29,COMPLETE,17/02/2018 12:29,25/02/2018 10:21,20/02/2018,
ZA-00015912,ZAC0000963,16/02/2018 17:23,RETURNED,18/02/2018 01:23,26/02/2018 07:38,21/02/2018,
ZA-00015913,ZAC0009903,16/02/2018 21:43,COMPLETE,23/02/2018 10:56,26/02/2018 05:18,27/02/2018,
ZA-00015914,ZAC0005489,16/02/2018 11:36,COMPLETE,20/02/2018 10:55,23/02/2018 05:46,24/02/2018,
ZA-00015915,ZAC0009599,16/02/2018 16:26,COMPLETE,17/02/2018 20:06,23/02/2018 23:11,22/02/2018,
ZA-00015916,ZAC0011975,16/02/2018 12:25,COMPLETE,17/02/2018 00:49,17/02/2018 03:50,20/02/2018,
ZA-00015917,ZAC0011527,16/02/2018 18:59,COMPLETE,19/02/2018 04:17,23/02/2018 16:21,23/02/2018,FREESHIP
ZA-00015918,ZAC0018544,16/02/2018 08:28,COMPLETE,16/02/2018 17:00,03/03/2018 20:01,19/02/2018,FREESHIP
ZA-00015919,ZAC0010792,16/02/2018 22:55,DISPATCHED,18/02/2018 14:21,,23/02/2018,
ZA-00015920,ZAC0022861,16/02/2018 10:56,COMPLETE,18/02/2018 02:04,22/02/2018 16:43,22/02/2018,
ZA-00015921,ZAC0006553,16/02/2018 18:51,COMPLETE,16/02/2018 20:31,27/02/2018 07:06,20/02/2018,BULK20
ZA-00015922,ZAC0000551,16/02/2018 14:44,COMPLETE,18/02/2018 10:37,18/02/2018 23:23,22/02/2018,
ZA-00015923,ZAC0014550,16/02/2018 14:50,COMPLETE,19/02/2018 05:23,23/02/2018 05:51,23/02/2018,LOYAL5
ZA-00015924,ZAC0006826,16/02/2018 12:14,COMPLETE,17/02/2018 15:51,20/02/2018 00:46,21/02/2018,
ZA-00015925,ZAC0023815,16/02/2018 15:46,COMPLETE,16/02/2018 22:37,17/02/2018 20:59,21/02/2018,
ZA-00015926,ZAC0003892,16/02/2018 11:51,COMPLETE,17/02/2018 20:16,26/02/2018 16:17,24/02/2018,
ZA-00015927,ZAC0003855,16/02/2018 08:44,COMPLETE,19/02/2018 00:24,21/02/2018 02:03,24/02/2018,
ZA-00015928,ZAC0018504,16/02/2018 11:21,COMPLETE,18/02/2018 03:20,19/02/2018 01:08,22/02/2018,WELCOME10
ZA-00015929,ZAC0008248,16/02/2018 14:34,COMPLETE,17/02/2018 01:32,17/02/2018 19:25,27/02/2018,
ZA-00015930,ZAC0004330,16/02/2018 12:57,COMPLETE,17/02/2018 11:54,22/02/2018 08:52,24/02/2018,
ZA-00015931,ZAC0000794,16/02/2018 21:46,COMPLETE,20/02/2018 05:24,28/02/2018 04:53,24/02/2018,WINTER15
ZA-00015932,ZAC0007773,16/02/2018 13:12,COMPLETE,20/02/2018 11:17,01/03/2018 14:58,23/02/2018,
ZA-00015933,ZAC0005787,16/02/2018 14:07,PENDING,,,,
ZA-00015934,ZAC0013438,16/02/2018 09:24,COMPLETE,17/02/2018 02:07,19/02/2018 10:53,22/02/2018,
ZA-00015935,ZAC0011036,16/02/2018 14:08,COMPLETE,17/02/2018 04:05,21/02/2018 17:12,24/02/2018,
ZA-00015936,ZAC0017519,16/02/2018 18:32,CANCELLED,,,,
ZA-00015937,ZAC0000122,16/02/2018 09:04,COMPLETE,16/02/2018 21:46,20/02/2018 03:58,21/02/2018,
ZA-00015938,ZAC0022996,16/02/2018 18:50,COMPLETE,17/02/2018 04:26,18/02/2018 00:43,22/02/2018,
ZA-00015939,ZAC0003283,16/02/2018 20:38,COMPLETE,21/02/2018 07:08,28/02/2018 17:44,26/02/2018,
ZA-00015940,ZAC0017990,16/02/2018 15:27,COMPLETE,21/02/2018 08:38,28/02/2018 11:26,25/02/2018,
ZA-00015941,ZAC0010105,16/02/2018 11:10,COMPLETE,22/02/2018 05:35,23/02/2018 23:15,04/03/2018,
ZA-00015942,ZAC0002400,16/02/2018 10:17,COMPLETE,17/02/2018 16:37,25/02/2018 14:47,22/02/2018,
ZA-00015943,ZAC0013052,16/02/2018 12:30,COMPLETE,18/02/2018 09:48,21/02/2018 22:23,22/02/2018,
ZA-00015944,ZAC0009327,16/02/2018 06:36,COMPLETE,18/02/2018 09:37,21/02/2018 23:42,23/02/2018,
ZA-00015945,ZAC0013780,16/02/2018 21:03,COMPLETE,17/02/2018 14:28,22/02/2018 06:49,21/02/2018,
ZA-00015946,ZAC0001068,16/02/2018 17:02,COMPLETE,24/02/2018 09:53,26/02/2018 23:52,28/02/2018,
ZA-00015947,ZAC0004472,16/02/2018 17:12,COMPLETE,18/02/2018 16:55,21/02/2018 22:38,21/02/2018,
ZA-00015948,ZAC0022633,16/02/2018 11:21,COMPLETE,22/02/2018 11:09,27/02/2018 10:14,25/02/2018,
ZA-00015949,ZAC0020475,16/02/2018 20:30,COMPLETE,18/02/2018 21:36,25/02/2018 09:50,21/02/2018,WELCOME10
ZA-00015950,ZAC0007992,16/02/2018 06:54,COMPLETE,20/02/2018 12:53,23/02/2018 03:10,02/03/2018,WELCOME10
ZA-00015951,ZAC0022751,16/02/2018 21:28,COMPLETE,18/02/2018 08:00,19/02/2018 15:40,21/02/2018,
ZA-00015952,ZAC0020451,16/02/2018 12:29,COMPLETE,16/02/2018 17:32,17/02/2018 16:50,26/02/2018,BULK20
ZA-00015953,ZAC0021107,16/02/2018 06:43,COMPLETE,20/02/2018 15:44,24/02/2018 10:21,27/02/2018,BULK20
ZA-00015954,ZAC0015050,16/02/2018 13:16,COMPLETE,18/02/2018 20:04,27/02/2018 08:18,22/02/2018,
ZA-00015955,ZAC0013670,16/02/2018 21:05,COMPLETE,19/02/2018 00:37,21/02/2018 10:08,23/02/2018,
ZA-00015956,ZAC0005622,16/02/2018 11:56,COMPLETE,18/02/2018 13:32,21/02/2018 19:37,22/02/2018,
ZA-00015957,ZAC0010705,16/02/2018 11:30,COMPLETE,18/02/2018 21:05,23/02/2018 19:02,28/02/2018,WINTER15
ZA-00015958,ZAC0011370,16/02/2018 20:33,COMPLETE,18/02/2018 08:32,18/02/2018 19:51,23/02/2018,
ZA-00015959,ZAC0019490,16/02/2018 09:13,COMPLETE,21/02/2018 09:34,24/02/2018 03:22,03/03/2018,
ZA-00015960,ZAC0014087,16/02/2018 07:51,COMPLETE,22/02/2018 22:30,28/02/2018 11:19,27/02/2018,
ZA-00015961,ZAC0006055,16/02/2018 14:04,COMPLETE,17/02/2018 23:26,18/02/2018 14:53,21/02/2018,
ZA-00015962,ZAC0020199,16/02/2018 16:31,COMPLETE,19/02/2018 08:47,23/02/2018 02:25,01/03/2018,
ZA-00015963,ZAC0021009,16/02/2018 12:32,COMPLETE,18/02/2018 18:56,21/02/2018 21:34,22/02/2018,FREESHIP
ZA-00015964,ZAC0010919,16/02/2018 22:02,PENDING,,,,
ZA-00015965,ZAC0020232,16/02/2018 19:36,COMPLETE,18/02/2018 22:13,22/02/2018 06:21,22/02/2018,
ZA-00015966,ZAC0010573,17/02/2018 08:24,COMPLETE,20/02/2018 03:36,21/02/2018 22:38,25/02/2018,
ZA-00015967,ZAC0016828,17/02/2018 17:55,COMPLETE,18/02/2018 11:57,21/02/2018 11:37,23/02/2018,
ZA-00015968,ZAC0023466,17/02/2018 22:19,COMPLETE,20/02/2018 15:58,22/02/2018 07:20,25/02/2018,FLASH25
ZA-00015969,ZAC0020680,17/02/2018 06:17,COMPLETE,17/02/2018 23:33,01/03/2018 14:18,27/02/2018,
ZA-00015970,ZAC0006761,17/02/2018 11:20,COMPLETE,19/02/2018 07:00,21/02/2018 18:20,22/02/2018,
ZA-00015971,ZAC0006649,17/02/2018 13:03,COMPLETE,18/02/2018 13:08,24/02/2018 14:25,23/02/2018,
ZA-00015972,ZAC0010112,17/02/2018 16:31,DISPATCHED,20/02/2018 23:01,,25/02/2018,
ZA-00015973,ZAC0011027,17/02/2018 07:16,COMPLETE,19/02/2018 00:23,19/02/2018 08:17,22/02/2018,
ZA-00015974,ZAC0002627,17/02/2018 22:59,COMPLETE,21/02/2018 12:28,22/02/2018 09:53,24/02/2018,FREESHIP
ZA-00015975,ZAC0019914,17/02/2018 18:18,COMPLETE,20/02/2018 12:30,26/02/2018 04:55,25/02/2018,FLASH25
ZA-00015976,ZAC0005004,17/02/2018 09:54,COMPLETE,20/02/2018 06:34,02/03/2018 04:07,27/02/2018,
ZA-00015977,ZAC0020100,17/02/2018 17:16,DISPATCHED,17/02/2018 19:58,,21/02/2018,
ZA-00015978,ZAC0010234,17/02/2018 22:04,COMPLETE,21/02/2018 08:33,21/02/2018 22:47,26/02/2018,
ZA-00015979,ZAC0000874,17/02/2018 14:10,COMPLETE,21/02/2018 15:15,26/02/2018 11:49,25/02/2018,
ZA-00015980,ZAC0004447,17/02/2018 06:18,DISPATCHED,19/02/2018 23:59,,23/02/2018,FLASH25
ZA-00015981,ZAC0003925,17/02/2018 06:49,COMPLETE,18/02/2018 18:16,19/02/2018 11:24,22/02/2018,
ZA-00015982,ZAC0011194,17/02/2018 22:19,COMPLETE,19/02/2018 13:58,24/02/2018 04:38,24/02/2018,FREESHIP
ZA-00015983,ZAC0022648,17/02/2018 22:22,COMPLETE,19/02/2018 23:17,25/02/2018 03:48,23/02/2018,
ZA-00015984,ZAC0005497,17/02/2018 22:03,COMPLETE,19/02/2018 07:50,25/02/2018 08:21,23/02/2018,
ZA-00015985,ZAC0020987,17/02/2018 15:38,COMPLETE,20/02/2018 20:55,23/02/2018 21:59,02/03/2018,FREESHIP
ZA-00015986,ZAC0013693,17/02/2018 08:10,COMPLETE,19/02/2018 19:37,21/02/2018 16:29,22/02/2018,
ZA-00015987,ZAC0017886,17/02/2018 21:59,COMPLETE,19/02/2018 08:01,24/02/2018 20:44,23/02/2018,
ZA-00015988,ZAC0022619,17/02/2018 06:55,COMPLETE,17/02/2018 16:42,21/02/2018 05:40,20/02/2018,
ZA-00015989,ZAC0009893,17/02/2018 22:21,COMPLETE,19/02/2018 22:01,23/02/2018 02:17,26/02/2018,
ZA-00015990,ZAC0020941,17/02/2018 15:19,CANCELLED,,,,LOYAL5
ZA-00015991,ZAC0012508,17/02/2018 17:27,COMPLETE,19/02/2018 13:51,02/03/2018 09:19,23/02/2018,
ZA-00015992,ZAC0013877,17/02/2018 14:40,DISPATCHED,22/02/2018 06:14,,26/02/2018,
ZA-00015993,ZAC0009446,17/02/2018 17:14,COMPLETE,18/02/2018 05:11,26/02/2018 12:19,22/02/2018,
ZA-00015994,ZAC0018854,17/02/2018 17:00,COMPLETE,18/02/2018 22:39,27/02/2018 03:14,22/02/2018,
ZA-00015995,ZAC0019730,17/02/2018 15:13,COMPLETE,22/02/2018 00:08,24/02/2018 08:57,01/03/2018,
ZA-00015996,ZAC0021621,17/02/2018 14:11,COMPLETE,18/02/2018 22:26,21/02/2018 09:10,23/02/2018,FLASH25
ZA-00015997,ZAC0016551,17/02/2018 14:53,COMPLETE,19/02/2018 03:24,21/02/2018 06:25,24/02/2018,WELCOME10
ZA-00015998,ZAC0012216,17/02/2018 10:53,COMPLETE,23/02/2018 14:31,26/02/2018 01:42,05/03/2018,
ZA-00015999,ZAC0019724,17/02/2018 11:10,COMPLETE,21/02/2018 02:59,01/03/2018 11:57,25/02/2018,
ZA-00016000,ZAC0020957,17/02/2018 07:04,COMPLETE,20/02/2018 20:13,25/02/2018 22:40,27/02/2018,
ZA-00016001,ZAC0000527,17/02/2018 13:53,COMPLETE,19/02/2018 10:54,24/02/2018 17:39,23/02/2018,
ZA-00016002,ZAC0021622,17/02/2018 07:50,COMPLETE,20/02/2018 03:50,21/02/2018 02:06,27/02/2018,
ZA-00016003,ZAC0004628,17/02/2018 09:37,COMPLETE,21/02/2018 16:44,22/02/2018 06:56,24/02/2018,
ZA-00016004,ZAC0001493,17/02/2018 07:04,COMPLETE,18/02/2018 22:34,24/02/2018 04:36,22/02/2018,
ZA-00016005,ZAC0013363,17/02/2018 09:30,COMPLETE,18/02/2018 07:40,20/02/2018 03:32,21/02/2018,
ZA-00016006,ZAC0008160,17/02/2018 09:40,COMPLETE,19/02/2018 06:55,01/03/2018 11:15,26/02/2018,
ZA-00016007,ZAC0010693,17/02/2018 09:40,COMPLETE,19/02/2018 01:42,20/02/2018 09:14,22/02/2018,
ZA-00016008,ZAC0022065,17/02/2018 10:07,COMPLETE,18/02/2018 23:35,28/02/2018 03:38,22/02/2018,BULK20
ZA-00016009,ZAC0019721,17/02/2018 10:41,COMPLETE,18/02/2018 12:17,21/02/2018 07:08,23/02/2018,
ZA-00016010,ZAC0000005,17/02/2018 10:01,COMPLETE,18/02/2018 01:47,24/02/2018 00:32,21/02/2018,
ZA-00016011,ZAC0005146,17/02/2018 22:37,COMPLETE,18/02/2018 14:15,21/02/2018 04:46,25/02/2018,
ZA-00016012,ZAC0012207,17/02/2018 06:35,COMPLETE,17/02/2018 16:39,19/02/2018 15:20,21/02/2018,WELCOME10
ZA-00016013,ZAC0007156,17/02/2018 08:11,COMPLETE,19/02/2018 01:00,23/02/2018 19:33,26/02/2018,FREESHIP
ZA-00016014,ZAC0015559,17/02/2018 14:35,COMPLETE,20/02/2018 06:03,24/02/2018 19:39,25/02/2018,
ZA-00016015,ZAC0008136,17/02/2018 17:58,CANCELLED,,,,FLASH25
ZA-00016016,ZAC0003920,17/02/2018 08:30,CANCELLED,,,,
ZA-00016017,ZAC0023152,17/02/2018 20:31,COMPLETE,18/02/2018 23:55,27/02/2018 00:39,22/02/2018,
ZA-00016018,ZAC0007081,17/02/2018 11:21,COMPLETE,19/02/2018 08:38,23/02/2018 07:05,22/02/2018,
ZA-00016019,ZAC0016076,17/02/2018 12:35,COMPLETE,25/02/2018 03:51,26/02/2018 08:12,02/03/2018,
ZA-00016020,ZAC0020186,17/02/2018 22:28,COMPLETE,24/02/2018 12:38,26/02/2018 19:10,28/02/2018,
ZA-00016021,ZAC0011482,17/02/2018 19:39,COMPLETE,18/02/2018 05:28,28/02/2018 15:09,22/02/2018,
ZA-00016022,ZAC0022598,17/02/2018 11:09,COMPLETE,21/02/2018 10:14,23/02/2018 14:21,28/02/2018,
ZA-00016023,ZAC0020898,17/02/2018 06:10,COMPLETE,18/02/2018 06:42,20/02/2018 10:03,23/02/2018,
ZA-00016024,ZAC0003329,17/02/2018 22:53,COMPLETE,23/02/2018 01:14,07/03/2018 18:08,28/02/2018,
ZA-00016025,ZAC0007013,17/02/2018 17:38,COMPLETE,18/02/2018 17:39,25/02/2018 21:07,22/02/2018,
ZA-00016026,ZAC0017747,17/02/2018 08:26,COMPLETE,17/02/2018 14:39,22/02/2018 06:52,21/02/2018,
ZA-00016027,ZAC0010874,17/02/2018 08:14,COMPLETE,20/02/2018 21:52,28/02/2018 15:18,25/02/2018,
ZA-00016028,ZAC0006102,17/02/2018 06:32,COMPLETE,21/02/2018 07:00,25/02/2018 01:30,25/02/2018,
ZA-00016029,ZAC0012273,17/02/2018 18:41,COMPLETE,22/02/2018 01:56,25/02/2018 22:51,01/03/2018,BULK20
ZA-00016030,ZAC0019280,17/02/2018 22:22,COMPLETE,21/02/2018 03:43,27/02/2018 20:35,24/02/2018,
ZA-00016031,ZAC0009447,17/02/2018 20:25,COMPLETE,20/02/2018 00:09,22/02/2018 21:47,27/02/2018,
ZA-00016032,ZAC0008350,17/02/2018 20:16,COMPLETE,19/02/2018 19:46,27/02/2018 14:25,23/02/2018,
ZA-00016033,ZAC0011989,18/02/2018 21:17,COMPLETE,20/02/2018 01:01,28/02/2018 18:02,25/02/2018,
ZA-00016034,ZAC0007477,18/02/2018 09:31,COMPLETE,19/02/2018 09:24,27/02/2018 22:54,24/02/2018,
ZA-00016035,ZAC0002220,18/02/2018 18:31,COMPLETE,21/02/2018 00:17,24/02/2018 19:57,25/02/2018,
ZA-00016036,ZAC0015327,18/02/2018 08:19,COMPLETE,19/02/2018 23:18,23/02/2018 07:42,24/02/2018,WINTER15
ZA-00016037,ZAC0013820,18/02/2018 12:53,COMPLETE,18/02/2018 17:07,23/02/2018 10:20,28/02/2018,
ZA-00016038,ZAC0023590,18/02/2018 19:19,COMPLETE,21/02/2018 09:22,27/02/2018 15:51,26/02/2018,LOYAL5
ZA-00016039,ZAC0016381,18/02/2018 12:26,COMPLETE,21/02/2018 01:54,22/02/2018 19:09,28/02/2018,
ZA-00016040,ZAC0016736,18/02/2018 22:07,CANCELLED,,,,WINTER15
ZA-00016041,ZAC0001238,18/02/2018 19:19,COMPLETE,26/02/2018 13:04,09/03/2018 11:14,05/03/2018,
ZA-00016042,ZAC0017776,18/02/2018 16:17,COMPLETE,19/02/2018 12:42,22/02/2018 12:39,24/02/2018,
ZA-00016043,ZAC0008326,18/02/2018 09:48,COMPLETE,23/02/2018 21:25,25/02/2018 02:54,28/02/2018,
ZA-00016044,ZAC0011896,18/02/2018 07:28,COMPLETE,19/02/2018 04:45,27/02/2018 07:25,22/02/2018,
ZA-00016045,ZAC0010460,18/02/2018 20:09,COMPLETE,20/02/2018 00:44,20/02/2018 16:35,25/02/2018,WINTER15
ZA-00016046,ZAC0017282,18/02/2018 17:58,COMPLETE,20/02/2018 07:42,22/02/2018 20:12,24/02/2018,
ZA-00016047,ZAC0010228,18/02/2018 18:45,COMPLETE,18/02/2018 21:03,19/02/2018 15:59,21/02/2018,
ZA-00016048,ZAC0020158,18/02/2018 08:26,COMPLETE,19/02/2018 08:07,27/02/2018 23:41,22/02/2018,WELCOME10
ZA-00016049,ZAC0003341,18/02/2018 14:05,COMPLETE,22/02/2018 11:33,24/02/2018 10:10,26/02/2018,
ZA-00016050,ZAC0008792,18/02/2018 08:19,COMPLETE,22/02/2018 03:40,23/02/2018 09:23,27/02/2018,
ZA-00016051,ZAC0000888,18/02/2018 06:30,COMPLETE,19/02/2018 13:50,01/03/2018 03:22,23/02/2018,
ZA-00016052,ZAC0000857,18/02/2018 09:19,COMPLETE,20/02/2018 07:08,22/02/2018 05:06,02/03/2018,
ZA-00016053,ZAC0000554,18/02/2018 15:13,COMPLETE,22/02/2018 10:03,25/02/2018 10:25,25/02/2018,
ZA-00016054,ZAC0011027,18/02/2018 06:52,COMPLETE,18/02/2018 14:18,27/02/2018 17:58,22/02/2018,FLASH25
ZA-00016055,ZAC0014525,18/02/2018 13:23,COMPLETE,20/02/2018 12:39,01/03/2018 13:40,24/02/2018,LOYAL5
ZA-00016056,ZAC0005546,18/02/2018 10:38,COMPLETE,19/02/2018 08:31,24/02/2018 09:14,22/02/2018,
ZA-00016057,ZAC0010143,18/02/2018 09:41,COMPLETE,20/02/2018 07:10,25/02/2018 08:22,25/02/2018,
ZA-00016058,ZAC0007822,18/02/2018 06:50,COMPLETE,19/02/2018 16:59,25/02/2018 21:24,22/02/2018,
ZA-00016059,ZAC0021207,18/02/2018 09:35,COMPLETE,21/02/2018 17:33,26/02/2018 03:15,28/02/2018,
ZA-00016060,ZAC0015134,18/02/2018 12:06,COMPLETE,20/02/2018 00:32,23/02/2018 00:35,02/03/2018,
ZA-00016061,ZAC0022059,18/02/2018 18:21,COMPLETE,20/02/2018 06:50,24/02/2018 12:19,24/02/2018,LOYAL5
ZA-00016062,ZAC0021090,18/02/2018 07:21,COMPLETE,20/02/2018 14:07,28/02/2018 09:57,24/02/2018,FLASH25
ZA-00016063,ZAC0011992,18/02/2018 16:17,DISPATCHED,19/02/2018 19:20,,22/02/2018,
ZA-00016064,ZAC0018549,18/02/2018 15:00,COMPLETE,21/02/2018 04:17,21/02/2018 21:54,25/02/2018,
ZA-00016065,ZAC0004865,18/02/2018 09:41,COMPLETE,22/02/2018 22:15,28/02/2018 00:05,01/03/2018,BULK20
ZA-00016066,ZAC0019269,18/02/2018 07:03,COMPLETE,19/02/2018 02:19,23/02/2018 05:52,26/02/2018,
ZA-00016067,ZAC0016411,18/02/2018 20:13,COMPLETE,23/02/2018 22:14,27/02/2018 12:06,02/03/2018,
ZA-00016068,ZAC0015007,18/02/2018 22:14,COMPLETE,27/02/2018 00:14,01/03/2018 22:00,06/03/2018,FREESHIP
ZA-00016069,ZAC0022946,18/02/2018 09:54,COMPLETE,18/02/2018 17:19,23/02/2018 09:00,25/02/2018,
ZA-00016070,ZAC0008034,18/02/2018 22:00,PENDING,,,,
ZA-00016071,ZAC0017595,18/02/2018 13:30,COMPLETE,21/02/2018 08:11,27/02/2018 20:45,24/02/2018,
ZA-00016072,ZAC0000614,18/02/2018 18:06,COMPLETE,20/02/2018 13:04,21/02/2018 17:01,02/03/2018,WINTER15
ZA-00016073,ZAC0000222,18/02/2018 15:35,COMPLETE,23/02/2018 13:13,23/02/2018 23:47,26/02/2018,
ZA-00016074,ZAC0014997,18/02/2018 12:31,COMPLETE,20/02/2018 06:52,04/03/2018 18:55,24/02/2018,
ZA-00016075,ZAC0012901,18/02/2018 10:17,COMPLETE,20/02/2018 03:37,24/02/2018 19:52,24/02/2018,
ZA-00016076,ZAC0013770,18/02/2018 18:40,COMPLETE,19/02/2018 06:34,23/02/2018 07:17,23/02/2018,
ZA-00016077,ZAC0005572,18/02/2018 13:41,COMPLETE,21/02/2018 09:04,04/03/2018 06:29,26/02/2018,
ZA-00016078,ZAC0012786,18/02/2018 13:20,COMPLETE,20/02/2018 19:22,24/02/2018 02:05,25/02/2018,
ZA-00016079,ZAC0010161,18/02/2018 09:47,COMPLETE,20/02/2018 23:47,24/02/2018 19:34,23/02/2018,
ZA-00016080,ZAC0019329,18/02/2018 21:51,COMPLETE,19/02/2018 07:25,20/02/2018 19:08,23/02/2018,
ZA-00016081,ZAC0004758,18/02/2018 22:14,COMPLETE,19/02/2018 00:53,25/02/2018 08:40,26/02/2018,BULK20
ZA-00016082,ZAC0005489,18/02/2018 07:55,COMPLETE,21/02/2018 04:39,24/02/2018 06:22,26/02/2018,
ZA-00016083,ZAC0012655,18/02/2018 10:51,COMPLETE,20/02/2018 01:26,24/02/2018 15:05,24/02/2018,
ZA-00016084,ZAC0017145,18/02/2018 13:09,COMPLETE,20/02/2018 17:20,23/02/2018 05:11,24/02/2018,
ZA-00016085,ZAC0001558,18/02/2018 20:31,COMPLETE,20/02/2018 10:52,22/02/2018 09:05,23/02/2018,
ZA-00016086,ZAC0004540,18/02/2018 19:27,COMPLETE,20/02/2018 17:37,23/02/2018 06:10,23/02/2018,LOYAL5
ZA-00016087,ZAC0012070,18/02/2018 13:10,COMPLETE,18/02/2018 15:34,20/02/2018 11:18,22/02/2018,WELCOME10
ZA-00016088,ZAC0019393,19/02/2018 07:00,COMPLETE,19/02/2018 18:26,25/02/2018 02:34,23/02/2018,
ZA-00016089,ZAC0014360,19/02/2018 21:39,CANCELLED,,,,
ZA-00016090,ZAC0014611,19/02/2018 20:13,COMPLETE,21/02/2018 06:29,24/02/2018 00:55,26/02/2018,
ZA-00016091,ZAC0003133,19/02/2018 22:32,COMPLETE,22/02/2018 06:02,23/02/2018 14:20,27/02/2018,
ZA-00016092,ZAC0009174,19/02/2018 07:11,COMPLETE,21/02/2018 15:08,24/02/2018 09:26,24/02/2018,LOYAL5
ZA-00016093,ZAC0010844,19/02/2018 20:59,COMPLETE,22/02/2018 09:36,23/02/2018 11:45,26/02/2018,
ZA-00016094,ZAC0006394,19/02/2018 08:44,COMPLETE,21/02/2018 04:31,22/02/2018 09:36,28/02/2018,
ZA-00016095,ZAC0016439,19/02/2018 21:44,CANCELLED,,,,
ZA-00016096,ZAC0003046,19/02/2018 08:29,COMPLETE,25/02/2018 13:35,01/03/2018 07:26,01/03/2018,
ZA-00016097,ZAC0016370,19/02/2018 06:29,COMPLETE,20/02/2018 10:47,20/02/2018 16:20,23/02/2018,
ZA-00016098,ZAC0006804,19/02/2018 19:23,COMPLETE,20/02/2018 23:50,06/03/2018 03:47,27/02/2018,
ZA-00016099,ZAC0022711,19/02/2018 10:10,COMPLETE,22/02/2018 06:58,27/02/2018 16:41,26/02/2018,
ZA-00016100,ZAC0004125,19/02/2018 15:08,COMPLETE,21/02/2018 02:01,03/03/2018 08:09,26/02/2018,
ZA-00016101,ZAC0019695,19/02/2018 17:22,COMPLETE,23/02/2018 07:06,26/02/2018 12:10,28/02/2018,
ZA-00016102,ZAC0013839,19/02/2018 14:58,CANCELLED,,,,FLASH25
ZA-00016103,ZAC0010327,19/02/2018 10:15,COMPLETE,20/02/2018 23:14,22/02/2018 14:42,23/02/2018,
ZA-00016104,ZAC0001004,19/02/2018 13:34,COMPLETE,22/02/2018 19:09,26/02/2018 00:11,25/02/2018,
ZA-00016105,ZAC0019985,19/02/2018 12:14,COMPLETE,20/02/2018 17:58,23/02/2018 21:16,25/02/2018,BULK20
ZA-00016106,ZAC0011444,19/02/2018 14:01,COMPLETE,21/02/2018 00:50,25/02/2018 16:17,03/03/2018,
ZA-00016107,ZAC0017198,19/02/2018 08:55,COMPLETE,20/02/2018 06:59,24/02/2018 18:14,24/02/2018,
ZA-00016108,ZAC0003313,19/02/2018 11:52,COMPLETE,22/02/2018 05:40,24/02/2018 21:59,01/03/2018,
ZA-00016109,ZAC0005958,19/02/2018 21:52,COMPLETE,21/02/2018 07:49,23/02/2018 16:28,28/02/2018,
ZA-00016110,ZAC0018172,19/02/2018 17:48,COMPLETE,20/02/2018 05:18,03/03/2018 11:22,27/02/2018,FREESHIP
ZA-00016111,ZAC0017699,19/02/2018 20:00,COMPLETE,20/02/2018 12:35,03/03/2018 08:52,02/03/2018,
ZA-00016112,ZAC0006065,19/02/2018 06:52,COMPLETE,23/02/2018 10:08,27/02/2018 03:35,02/03/2018,
ZA-00016113,ZAC0007355,19/02/2018 17:36,COMPLETE,20/02/2018 23:30,24/02/2018 15:05,23/02/2018,FREESHIP
ZA-00016114,ZAC0000152,19/02/2018 21:54,COMPLETE,20/02/2018 18:32,25/02/2018 11:34,24/02/2018,
ZA-00016115,ZAC0018998,19/02/2018 09:41,COMPLETE,23/02/2018 13:02,23/02/2018 23:31,27/02/2018,
ZA-00016116,ZAC0022083,19/02/2018 09:02,COMPLETE,24/02/2018 01:50,27/02/2018 21:57,28/02/2018,
ZA-00016117,ZAC0014655,19/02/2018 16:25,COMPLETE,23/02/2018 11:10,02/03/2018 19:56,02/03/2018,
ZA-00016118,ZAC0010798,19/02/2018 11:26,COMPLETE,20/02/2018 09:14,22/02/2018 14:28,27/02/2018,BULK20
ZA-00016119,ZAC0000052,19/02/2018 20:28,COMPLETE,21/02/2018 23:53,24/02/2018 10:18,26/02/2018,
ZA-00016120,ZAC0017024,19/02/2018 18:01,COMPLETE,22/02/2018 15:34,26/02/2018 11:55,27/02/2018,
ZA-00016121,ZAC0022256,19/02/2018 08:11,COMPLETE,20/02/2018 07:10,25/02/2018 02:56,02/03/2018,
ZA-00016122,ZAC0013712,19/02/2018 22:43,COMPLETE,20/02/2018 21:14,23/02/2018 01:21,24/02/2018,
ZA-00016123,ZAC0022383,19/02/2018 15:36,DISPATCHED,20/02/2018 12:16,,23/02/2018,FREESHIP
ZA-00016124,ZAC0023917,19/02/2018 09:16,COMPLETE,20/02/2018 21:00,28/02/2018 03:36,24/02/2018,
ZA-00016125,ZAC0015533,19/02/2018 12:17,COMPLETE,20/02/2018 08:59,23/02/2018 11:47,25/02/2018,
ZA-00016126,ZAC0005372,19/02/2018 13:59,COMPLETE,19/02/2018 14:36,27/02/2018 12:40,24/02/2018,
ZA-00016127,ZAC0017083,19/02/2018 11:12,COMPLETE,20/02/2018 17:29,01/03/2018 09:50,25/02/2018,
ZA-00016128,ZAC0005308,19/02/2018 11:45,COMPLETE,20/02/2018 12:38,21/02/2018 11:49,02/03/2018,WELCOME10
ZA-00016129,ZAC0000747,19/02/2018 10:33,COMPLETE,21/02/2018 09:53,27/02/2018 06:49,25/02/2018,
ZA-00016130,ZAC0016459,19/02/2018 08:05,COMPLETE,20/02/2018 08:53,26/02/2018 04:37,24/02/2018,FREESHIP
ZA-00016131,ZAC0022255,19/02/2018 09:54,COMPLETE,23/02/2018 04:23,24/02/2018 00:25,28/02/2018,
ZA-00016132,ZAC0017922,19/02/2018 14:29,COMPLETE,24/02/2018 06:47,01/03/2018 23:53,01/03/2018,
ZA-00016133,ZAC0008378,19/02/2018 18:27,RETURNED,22/02/2018 10:04,25/02/2018 03:21,27/02/2018,
ZA-00016134,ZAC0011558,19/02/2018 06:08,COMPLETE,20/02/2018 15:20,25/02/2018 23:27,25/02/2018,
ZA-00016135,ZAC0008211,19/02/2018 15:19,COMPLETE,22/02/2018 00:26,24/02/2018 17:05,01/03/2018,
ZA-00016136,ZAC0022933,19/02/2018 11:13,COMPLETE,20/02/2018 10:34,22/02/2018 19:59,23/02/2018,
ZA-00016137,ZAC0012326,19/02/2018 20:53,COMPLETE,22/02/2018 01:29,01/03/2018 22:36,01/03/2018,
ZA-00016138,ZAC0019749,19/02/2018 10:21,COMPLETE,21/02/2018 21:00,26/02/2018 16:23,25/02/2018,
ZA-00016139,ZAC0003591,19/02/2018 19:25,COMPLETE,23/02/2018 09:45,28/02/2018 10:16,27/02/2018,FREESHIP
ZA-00016140,ZAC0019914,19/02/2018 21:41,COMPLETE,26/02/2018 08:05,01/03/2018 17:33,02/03/2018,
ZA-00016141,ZAC0006266,19/02/2018 07:44,COMPLETE,19/02/2018 19:19,25/02/2018 19:16,23/02/2018,
ZA-00016142,ZAC0002371,19/02/2018 07:30,COMPLETE,23/02/2018 01:53,25/02/2018 07:33,26/02/2018,
ZA-00016143,ZAC0023292,19/02/2018 11:03,COMPLETE,21/02/2018 05:13,26/02/2018 20:11,03/03/2018,
ZA-00016144,ZAC0000364,19/02/2018 11:00,COMPLETE,21/02/2018 11:42,23/02/2018 22:02,28/02/2018,
ZA-00016145,ZAC0021470,19/02/2018 16:03,COMPLETE,20/02/2018 00:10,26/02/2018 02:03,24/02/2018,
ZA-00016146,ZAC0022228,19/02/2018 12:11,CANCELLED,,,,
ZA-00016147,ZAC0020458,19/02/2018 14:11,COMPLETE,20/02/2018 07:25,21/02/2018 03:01,27/02/2018,
ZA-00016148,ZAC0014869,19/02/2018 17:18,COMPLETE,22/02/2018 11:13,04/03/2018 22:39,25/02/2018,
ZA-00016149,ZAC0022556,19/02/2018 18:55,DISPATCHED,21/02/2018 02:16,,25/02/2018,
ZA-00016150,ZAC0004885,19/02/2018 20:39,COMPLETE,21/02/2018 17:15,23/02/2018 17:16,26/02/2018,
ZA-00016151,ZAC0017472,19/02/2018 16:44,COMPLETE,24/02/2018 09:34,27/02/2018 16:44,27/02/2018,
ZA-00016152,ZAC0005836,19/02/2018 07:03,COMPLETE,21/02/2018 08:01,24/02/2018 17:10,26/02/2018,
ZA-00016153,ZAC0020963,19/02/2018 17:18,COMPLETE,24/02/2018 08:38,28/02/2018 01:48,01/03/2018,
ZA-00016154,ZAC0023169,20/02/2018 18:28,COMPLETE,21/02/2018 18:40,23/02/2018 19:38,25/02/2018,
ZA-00016155,ZAC0011869,20/02/2018 17:41,COMPLETE,21/02/2018 18:14,27/02/2018 03:41,24/02/2018,
ZA-00016156,ZAC0011048,20/02/2018 14:16,COMPLETE,21/02/2018 10:07,24/02/2018 14:54,28/02/2018,WELCOME10
ZA-00016157,ZAC0009900,20/02/2018 10:34,COMPLETE,21/02/2018 13:37,28/02/2018 01:06,26/02/2018,WELCOME10
ZA-00016158,ZAC0006138,20/02/2018 22:56,COMPLETE,22/02/2018 00:57,23/02/2018 13:21,27/02/2018,WINTER15
ZA-00016159,ZAC0020004,20/02/2018 16:57,COMPLETE,22/02/2018 13:47,23/02/2018 13:07,04/03/2018,
ZA-00016160,ZAC0021626,20/02/2018 06:24,COMPLETE,21/02/2018 16:21,24/02/2018 15:38,26/02/2018,
ZA-00016161,ZAC0011912,20/02/2018 14:41,COMPLETE,21/02/2018 06:42,23/02/2018 13:17,25/02/2018,
ZA-00016162,ZAC0018069,20/02/2018 15:28,COMPLETE,23/02/2018 01:15,26/02/2018 14:57,28/02/2018,FREESHIP
ZA-00016163,ZAC0022543,20/02/2018 22:04,COMPLETE,22/02/2018 08:47,26/02/2018 18:02,27/02/2018,
ZA-00016164,ZAC0012159,20/02/2018 12:15,COMPLETE,21/02/2018 11:40,22/02/2018 04:30,25/02/2018,
ZA-00016165,ZAC0000896,20/02/2018 15:42,COMPLETE,21/02/2018 17:23,23/02/2018 09:13,24/02/2018,
ZA-00016166,ZAC0014101,20/02/2018 19:51,DISPATCHED,21/02/2018 22:51,,26/02/2018,
ZA-00016167,ZAC0003692,20/02/2018 15:03,COMPLETE,23/02/2018 05:40,02/03/2018 08:44,27/02/2018,
ZA-00016168,ZAC0004871,20/02/2018 06:32,COMPLETE,25/02/2018 12:43,03/03/2018 08:28,02/03/2018,WINTER15
ZA-00016169,ZAC0000377,20/02/2018 15:28,COMPLETE,21/02/2018 01:58,25/02/2018 10:12,24/02/2018,
ZA-00016170,ZAC0017645,20/02/2018 15:11,PENDING,,,,
ZA-00016171,ZAC0012187,20/02/2018 10:27,COMPLETE,22/02/2018 22:09,26/02/2018 09:32,25/02/2018,
ZA-00016172,ZAC0008009,20/02/2018 19:17,COMPLETE,22/02/2018 22:39,24/02/2018 04:42,01/03/2018,FLASH25
ZA-00016173,ZAC0023835,20/02/2018 19:08,COMPLETE,21/02/2018 12:54,25/02/2018 09:52,28/02/2018,
ZA-00016174,ZAC0008569,20/02/2018 21:43,COMPLETE,27/02/2018 06:43,04/03/2018 04:24,03/03/2018,
ZA-00016175,ZAC0006180,20/02/2018 07:55,COMPLETE,20/02/2018 17:16,27/02/2018 05:32,24/02/2018,
ZA-00016176,ZAC0003960,20/02/2018 21:35,COMPLETE,24/02/2018 03:17,27/02/2018 13:25,01/03/2018,
ZA-00016177,ZAC0000992,20/02/2018 15:11,COMPLETE,22/02/2018 13:23,28/02/2018 03:50,26/02/2018,
ZA-00016178,ZAC0020167,20/02/2018 19:40,COMPLETE,22/02/2018 16:49,27/02/2018 06:10,25/02/2018,
ZA-00016179,ZAC0013652,20/02/2018 06:33,COMPLETE,23/02/2018 16:04,25/02/2018 17:27,02/03/2018,
ZA-00016180,ZAC0010775,20/02/2018 21:59,COMPLETE,22/02/2018 06:07,25/02/2018 00:43,27/02/2018,LOYAL5
ZA-00016181,ZAC0013585,20/02/2018 19:40,COMPLETE,21/02/2018 23:02,26/02/2018 05:38,24/02/2018,LOYAL5
ZA-00016182,ZAC0010348,20/02/2018 19:03,COMPLETE,23/02/2018 19:22,25/02/2018 02:43,28/02/2018,BULK20
ZA-00016183,ZAC0019729,20/02/2018 10:19,COMPLETE,23/02/2018 11:39,28/02/2018 05:10,28/02/2018,
ZA-00016184,ZAC0009944,20/02/2018 18:14,COMPLETE,22/02/2018 17:42,13/03/2018 01:40,01/03/2018,
ZA-00016185,ZAC0012080,20/02/2018 20:33,COMPLETE,22/02/2018 23:09,25/02/2018 20:51,01/03/2018,WELCOME10
ZA-00016186,ZAC0013927,20/02/2018 08:34,COMPLETE,21/02/2018 08:25,27/02/2018 23:35,25/02/2018,
ZA-00016187,ZAC0000404,20/02/2018 21:54,COMPLETE,21/02/2018 07:32,25/02/2018 02:18,25/02/2018,
ZA-00016188,ZAC0006066,20/02/2018 20:58,COMPLETE,21/02/2018 08:39,24/02/2018 18:11,25/02/2018,LOYAL5
ZA-00016189,ZAC0003826,20/02/2018 11:28,COMPLETE,23/02/2018 03:05,26/02/2018 00:43,27/02/2018,
ZA-00016190,ZAC0020244,20/02/2018 06:41,COMPLETE,21/02/2018 15:20,03/03/2018 08:03,25/02/2018,
ZA-00016191,ZAC0014210,20/02/2018 11:18,COMPLETE,21/02/2018 22:36,25/02/2018 04:47,25/02/2018,
ZA-00016192,ZAC0010682,20/02/2018 08:10,COMPLETE,21/02/2018 16:52,28/02/2018 15:09,25/02/2018,
ZA-00016193,ZAC0022041,20/02/2018 11:06,COMPLETE,22/02/2018 21:21,08/03/2018 09:30,27/02/2018,
ZA-00016194,ZAC0006684,20/02/2018 13:43,COMPLETE,24/02/2018 00:15,24/02/2018 13:44,28/02/2018,
ZA-00016195,ZAC0001517,20/02/2018 17:02,COMPLETE,21/02/2018 22:02,27/02/2018 14:45,24/02/2018,WELCOME10
ZA-00016196,ZAC0017029,20/02/2018 09:15,COMPLETE,21/02/2018 11:27,27/02/2018 11:40,25/02/2018,
ZA-00016197,ZAC0012011,20/02/2018 21:30,COMPLETE,23/02/2018 16:36,28/02/2018 14:52,27/02/2018,
ZA-00016198,ZAC0004297,20/02/2018 13:10,COMPLETE,23/02/2018 23:24,25/02/2018 01:38,27/02/2018,BULK20
ZA-00016199,ZAC0014659,20/02/2018 12:53,DISPATCHED,21/02/2018 23:34,,25/02/2018,
ZA-00016200,ZAC0006582,20/02/2018 19:38,CANCELLED,,,,
ZA-00016201,ZAC0015193,20/02/2018 13:12,COMPLETE,23/02/2018 07:15,02/03/2018 00:27,27/02/2018,
ZA-00016202,ZAC0022001,20/02/2018 13:32,COMPLETE,21/02/2018 07:05,24/02/2018 19:50,26/02/2018,
ZA-00016203,ZAC0005394,20/02/2018 07:38,COMPLETE,22/02/2018 02:09,28/02/2018 01:03,27/02/2018,
ZA-00016204,ZAC0014975,20/02/2018 07:19,COMPLETE,23/02/2018 09:02,04/03/2018 01:31,27/02/2018,
ZA-00016205,ZAC0018882,20/02/2018 14:52,COMPLETE,21/02/2018 22:00,26/02/2018 09:38,28/02/2018,
ZA-00016206,ZAC0016062,20/02/2018 11:56,COMPLETE,21/02/2018 11:17,24/02/2018 00:01,28/02/2018,LOYAL5
ZA-00016207,ZAC0017722,20/02/2018 15:52,COMPLETE,24/02/2018 05:22,01/03/2018 19:11,03/03/2018,
ZA-00016208,ZAC0022515,20/02/2018 10:46,COMPLETE,21/02/2018 20:27,26/02/2018 21:31,25/02/2018,
ZA-00016209,ZAC0006886,20/02/2018 10:05,COMPLETE,22/02/2018 00:14,23/02/2018 18:32,27/02/2018,
ZA-00016210,ZAC0018860,20/02/2018 19:21,COMPLETE,22/02/2018 01:25,26/02/2018 02:46,26/02/2018,
ZA-00016211,ZAC0022464,20/02/2018 10:28,COMPLETE,24/02/2018 16:05,28/02/2018 05:38,01/03/2018,
ZA-00016212,ZAC0000479,20/02/2018 16:19,CANCELLED,,,,
ZA-00016213,ZAC0000856,20/02/2018 06:23,COMPLETE,23/02/2018 00:53,27/02/2018 13:23,26/02/2018,
ZA-00016214,ZAC0022649,20/02/2018 06:14,CANCELLED,,,,
ZA-00016215,ZAC0002766,20/02/2018 16:42,COMPLETE,22/02/2018 04:25,26/02/2018 23:46,04/03/2018,WINTER15
ZA-00016216,ZAC0017466,20/02/2018 19:32,COMPLETE,23/02/2018 22:59,25/02/2018 12:22,28/02/2018,
ZA-00016217,ZAC0005680,20/02/2018 17:13,COMPLETE,21/02/2018 12:27,26/02/2018 05:03,26/02/2018,
ZA-00016218,ZAC0006923,20/02/2018 12:21,COMPLETE,22/02/2018 05:02,02/03/2018 21:55,26/02/2018,
ZA-00016219,ZAC0008822,20/02/2018 17:47,COMPLETE,21/02/2018 06:24,26/02/2018 20:33,25/02/2018,
ZA-00016220,ZAC0017503,20/02/2018 20:40,COMPLETE,23/02/2018 05:50,26/02/2018 16:18,28/02/2018,FLASH25
ZA-00016221,ZAC0005044,20/02/2018 18:28,COMPLETE,23/02/2018 23:53,03/03/2018 22:31,26/02/2018,WINTER15
ZA-00016222,ZAC0009478,20/02/2018 09:16,COMPLETE,21/02/2018 10:37,22/02/2018 07:33,24/02/2018,WINTER15
ZA-00016223,ZAC0018241,20/02/2018 20:35,CANCELLED,,,,
ZA-00016224,ZAC0023022,20/02/2018 07:08,COMPLETE,21/02/2018 05:36,22/02/2018 05:41,26/02/2018,
ZA-00016225,ZAC0008205,21/02/2018 08:02,COMPLETE,26/02/2018 22:51,04/03/2018 01:33,02/03/2018,LOYAL5
ZA-00016226,ZAC0010447,21/02/2018 10:56,COMPLETE,22/02/2018 09:47,02/03/2018 11:36,26/02/2018,
ZA-00016227,ZAC0023794,21/02/2018 08:45,RETURNED,23/02/2018 20:59,27/02/2018 17:18,26/02/2018,
ZA-00016228,ZAC0020682,21/02/2018 09:06,COMPLETE,22/02/2018 04:05,24/02/2018 13:40,26/02/2018,BULK20
ZA-00016229,ZAC0000608,21/02/2018 10:55,COMPLETE,22/02/2018 22:08,27/02/2018 15:03,27/02/2018,
ZA-00016230,ZAC0021179,21/02/2018 21:33,COMPLETE,22/02/2018 06:28,25/02/2018 05:14,27/02/2018,
ZA-00016231,ZAC0007350,21/02/2018 11:40,COMPLETE,25/02/2018 09:02,27/02/2018 10:47,02/03/2018,
ZA-00016232,ZAC0009087,21/02/2018 20:47,COMPLETE,24/02/2018 20:15,28/02/2018 13:46,28/02/2018,FREESHIP
ZA-00016233,ZAC0016964,21/02/2018 16:26,COMPLETE,22/02/2018 19:34,27/02/2018 11:27,26/02/2018,
ZA-00016234,ZAC0010894,21/02/2018 18:57,COMPLETE,23/02/2018 15:00,05/03/2018 01:55,27/02/2018,FLASH25
ZA-00016235,ZAC0000692,21/02/2018 08:55,COMPLETE,26/02/2018 22:47,03/03/2018 15:40,01/03/2018,
ZA-00016236,ZAC0014787,21/02/2018 08:11,COMPLETE,22/02/2018 06:23,25/02/2018 12:31,27/02/2018,
ZA-00016237,ZAC0001824,21/02/2018 21:25,COMPLETE,27/02/2018 22:50,05/03/2018 04:33,03/03/2018,
ZA-00016238,ZAC0011183,21/02/2018 12:30,COMPLETE,22/02/2018 15:43,27/02/2018 15:53,25/02/2018,
ZA-00016239,ZAC0011064,21/02/2018 16:57,COMPLETE,25/02/2018 08:03,27/02/2018 08:23,02/03/2018,
ZA-00016240,ZAC0023809,21/02/2018 16:52,COMPLETE,22/02/2018 16:19,01/03/2018 10:03,25/02/2018,
ZA-00016241,ZAC0022619,21/02/2018 17:17,COMPLETE,28/02/2018 23:54,02/03/2018 12:57,05/03/2018,FLASH25
ZA-00016242,ZAC0013921,21/02/2018 06:16,COMPLETE,27/02/2018 10:59,06/03/2018 18:35,04/03/2018,
ZA-00016243,ZAC0018330,21/02/2018 22:51,COMPLETE,23/02/2018 20:11,02/03/2018 10:48,27/02/2018,
ZA-00016244,ZAC0018152,21/02/2018 13:49,COMPLETE,22/02/2018 07:58,25/02/2018 13:52,26/02/2018,BULK20
ZA-00016245,ZAC0023926,21/02/2018 18:27,COMPLETE,23/02/2018 08:26,25/02/2018 08:57,27/02/2018,
ZA-00016246,ZAC0007854,21/02/2018 15:02,COMPLETE,26/02/2018 04:05,28/02/2018 07:52,02/03/2018,
ZA-00016247,ZAC0018029,21/02/2018 12:26,COMPLETE,25/02/2018 14:24,28/02/2018 15:48,07/03/2018,
ZA-00016248,ZAC0011576,21/02/2018 22:11,COMPLETE,22/02/2018 11:02,24/02/2018 14:55,01/03/2018,
ZA-00016249,ZAC0000916,21/02/2018 21:06,COMPLETE,22/02/2018 18:21,06/03/2018 15:47,27/02/2018,
ZA-00016250,ZAC0022332,21/02/2018 10:03,COMPLETE,23/02/2018 12:43,25/02/2018 08:20,02/03/2018,
ZA-00016251,ZAC0008489,21/02/2018 10:23,COMPLETE,24/02/2018 00:07,27/02/2018 14:05,28/02/2018,
ZA-00016252,ZAC0012258,21/02/2018 06:43,COMPLETE,23/02/2018 01:54,26/02/2018 08:19,26/02/2018,
ZA-00016253,ZAC0002704,21/02/2018 18:21,COMPLETE,25/02/2018 07:34,27/02/2018 14:48,28/02/2018,
ZA-00016254,ZAC0004502,21/02/2018 16:38,COMPLETE,22/02/2018 18:55,28/02/2018 03:19,01/03/2018,
ZA-00016255,ZAC0010543,21/02/2018 17:16,PENDING,,,,
ZA-00016256,ZAC0006101,21/02/2018 22:43,COMPLETE,22/02/2018 13:42,27/02/2018 20:39,01/03/2018,
ZA-00016257,ZAC0010028,21/02/2018 12:37,COMPLETE,22/02/2018 13:05,23/02/2018 16:45,27/02/2018,
ZA-00016258,ZAC0016300,21/02/2018 07:03,DISPATCHED,23/02/2018 14:20,,02/03/2018,
ZA-00016259,ZAC0007158,21/02/2018 18:24,COMPLETE,22/02/2018 22:24,25/02/2018 10:27,25/02/2018,
ZA-00016260,ZAC0010611,21/02/2018 09:01,COMPLETE,22/02/2018 03:24,25/02/2018 04:43,27/02/2018,
ZA-00016261,ZAC0008133,21/02/2018 16:16,COMPLETE,24/02/2018 02:58,26/02/2018 00:29,01/03/2018,
ZA-00016262,ZAC0010367,21/02/2018 19:24,COMPLETE,25/02/2018 00:17,04/03/2018 00:38,04/03/2018,
ZA-00016263,ZAC0022654,21/02/2018 09:50,COMPLETE,24/02/2018 06:44,02/03/2018 08:08,28/02/2018,
ZA-00016264,ZAC0016827,21/02/2018 09:28,COMPLETE,23/02/2018 02:50,05/03/2018 00:47,02/03/2018,
ZA-00016265,ZAC0015656,21/02/2018 12:28,COMPLETE,28/02/2018 01:04,04/03/2018 08:10,05/03/2018,
ZA-00016266,ZAC0010057,21/02/2018 20:30,COMPLETE,25/02/2018 17:58,01/03/2018 18:00,02/03/2018,
ZA-00016267,ZAC0008820,21/02/2018 15:58,COMPLETE,02/03/2018 10:06,05/03/2018 05:23,09/03/2018,
ZA-00016268,ZAC0001041,21/02/2018 17:13,COMPLETE,23/02/2018 13:05,27/02/2018 02:46,27/02/2018,FLASH25
ZA-00016269,ZAC0001574,21/02/2018 11:56,COMPLETE,22/02/2018 13:37,04/03/2018 15:29,27/02/2018,LOYAL5
ZA-00016270,ZAC0022722,21/02/2018 17:47,COMPLETE,22/02/2018 15:59,24/02/2018 22:40,27/02/2018,
ZA-00016271,ZAC0007052,21/02/2018 15:17,COMPLETE,24/02/2018 10:01,26/02/2018 04:00,27/02/2018,
ZA-00016272,ZAC0017121,21/02/2018 09:43,COMPLETE,24/02/2018 09:06,27/02/2018 12:51,03/03/2018,
ZA-00016273,ZAC0009653,21/02/2018 08:16,COMPLETE,23/02/2018 06:24,02/03/2018 10:07,27/02/2018,
ZA-00016274,ZAC0012314,21/02/2018 22:44,COMPLETE,22/02/2018 17:39,27/02/2018 08:30,26/02/2018,
ZA-00016275,ZAC0003617,21/02/2018 13:41,COMPLETE,24/02/2018 11:06,03/03/2018 07:28,28/02/2018,BULK20
ZA-00016276,ZAC0020443,21/02/2018 18:42,COMPLETE,25/02/2018 02:38,28/02/2018 08:06,01/03/2018,
ZA-00016277,ZAC0001318,21/02/2018 08:36,COMPLETE,22/02/2018 14:52,26/02/2018 07:14,26/02/2018,BULK20
ZA-00016278,ZAC0012216,21/02/2018 06:34,COMPLETE,22/02/2018 04:24,26/02/2018 11:22,26/02/2018,
ZA-00016279,ZAC0007554,21/02/2018 12:48,COMPLETE,24/02/2018 13:28,25/02/2018 20:53,01/03/2018,
ZA-00016280,ZAC0005669,21/02/2018 20:20,COMPLETE,23/02/2018 03:57,25/02/2018 22:23,28/02/2018,LOYAL5
ZA-00016281,ZAC0006031,21/02/2018 22:32,COMPLETE,24/02/2018 08:44,02/03/2018 21:35,01/03/2018,
ZA-00016282,ZAC0021130,21/02/2018 13:52,COMPLETE,23/02/2018 03:07,01/03/2018 06:15,26/02/2018,
ZA-00016283,ZAC0001758,21/02/2018 12:05,COMPLETE,27/02/2018 02:26,01/03/2018 07:44,03/03/2018,
ZA-00016284,ZAC0018900,21/02/2018 15:36,COMPLETE,22/02/2018 04:55,27/02/2018 07:59,27/02/2018,
ZA-00016285,ZAC0004041,21/02/2018 13:42,COMPLETE,27/02/2018 12:03,04/03/2018 08:23,03/03/2018,
ZA-00016286,ZAC0009629,21/02/2018 13:52,COMPLETE,23/02/2018 03:55,28/02/2018 19:36,27/02/2018,
ZA-00016287,ZAC0009798,21/02/2018 12:05,COMPLETE,23/02/2018 03:06,27/02/2018 13:25,26/02/2018,
ZA-00016288,ZAC0019243,21/02/2018 12:49,COMPLETE,21/02/2018 20:27,24/02/2018 07:40,28/02/2018,
ZA-00016289,ZAC0017235,21/02/2018 11:08,COMPLETE,23/02/2018 16:39,03/03/2018 20:48,28/02/2018,
ZA-00016290,ZAC0000707,22/02/2018 14:05,COMPLETE,24/02/2018 17:29,26/02/2018 06:48,01/03/2018,
ZA-00016291,ZAC0000987,22/02/2018 21:41,COMPLETE,23/02/2018 17:58,25/02/2018 11:44,26/02/2018,FREESHIP
ZA-00016292,ZAC0023594,22/02/2018 19:39,COMPLETE,24/02/2018 09:59,05/03/2018 20:04,27/02/2018,
ZA-00016293,ZAC0014258,22/02/2018 18:29,COMPLETE,22/02/2018 21:41,25/02/2018 14:13,25/02/2018,
ZA-00016294,ZAC0019588,22/02/2018 06:52,COMPLETE,24/02/2018 00:55,26/02/2018 13:32,27/02/2018,
ZA-00016295,ZAC0002540,22/02/2018 21:28,RETURNED,23/02/2018 20:29,28/02/2018 13:37,02/03/2018,
ZA-00016296,ZAC0013545,22/02/2018 11:48,COMPLETE,24/02/2018 06:55,08/03/2018 08:31,06/03/2018,
ZA-00016297,ZAC0007311,22/02/2018 20:06,RETURNED,23/02/2018 12:37,25/02/2018 15:35,27/02/2018,WINTER15
ZA-00016298,ZAC0012170,22/02/2018 09:52,COMPLETE,26/02/2018 19:48,04/03/2018 11:04,02/03/2018,
ZA-00016299,ZAC0008118,22/02/2018 18:44,COMPLETE,26/02/2018 21:19,02/03/2018 20:30,02/03/2018,
ZA-00016300,ZAC0001590,22/02/2018 10:15,COMPLETE,24/02/2018 12:46,01/03/2018 02:34,28/02/2018,
ZA-00016301,ZAC0006462,22/02/2018 13:08,COMPLETE,26/02/2018 08:36,03/03/2018 10:49,08/03/2018,FLASH25
ZA-00016302,ZAC0002973,22/02/2018 18:05,COMPLETE,23/02/2018 08:22,26/02/2018 04:03,26/02/2018,
ZA-00016303,ZAC0004759,22/02/2018 17:30,COMPLETE,23/02/2018 23:55,28/02/2018 08:03,05/03/2018,
ZA-00016304,ZAC0019527,22/02/2018 16:01,COMPLETE,23/02/2018 04:57,27/02/2018 12:13,02/03/2018,
ZA-00016305,ZAC0004097,22/02/2018 08:38,COMPLETE,24/02/2018 05:53,26/02/2018 23:25,03/03/2018,
ZA-00016306,ZAC0007513,22/02/2018 21:06,COMPLETE,08/03/2018 20:46,15/03/2018 03:46,13/03/2018,
ZA-00016307,ZAC0019055,22/02/2018 22:54,COMPLETE,25/02/2018 13:53,02/03/2018 12:34,02/03/2018,
ZA-00016308,ZAC0007662,22/02/2018 22:18,COMPLETE,23/02/2018 11:58,25/02/2018 06:23,28/02/2018,
ZA-00016309,ZAC0023530,22/02/2018 11:59,COMPLETE,22/02/2018 20:11,26/02/2018 20:35,26/02/2018,
ZA-00016310,ZAC0018866,22/02/2018 11:28,COMPLETE,27/02/2018 15:48,02/03/2018 05:16,09/03/2018,
ZA-00016311,ZAC0017007,22/02/2018 18:04,COMPLETE,25/02/2018 23:19,26/02/2018 17:43,01/03/2018,WINTER15
ZA-00016312,ZAC0020037,22/02/2018 18:35,COMPLETE,26/02/2018 07:57,02/03/2018 08:35,08/03/2018,
ZA-00016313,ZAC0003394,22/02/2018 20:27,COMPLETE,25/02/2018 14:28,27/02/2018 00:55,01/03/2018,
ZA-00016314,ZAC0016200,22/02/2018 16:01,COMPLETE,24/02/2018 01:34,27/02/2018 22:49,28/02/2018,
ZA-00016315,ZAC0011760,22/02/2018 21:53,COMPLETE,25/02/2018 15:04,03/03/2018 03:11,04/03/2018,
ZA-00016316,ZAC0010327,22/02/2018 12:45,COMPLETE,25/02/2018 04:15,01/03/2018 03:15,04/03/2018,
ZA-00016317,ZAC0011905,22/02/2018 12:37,COMPLETE,25/02/2018 11:50,27/02/2018 08:55,01/03/2018,
ZA-00016318,ZAC0014569,22/02/2018 13:27,COMPLETE,23/02/2018 16:58,27/02/2018 17:51,05/03/2018,LOYAL5
ZA-00016319,ZAC0003505,22/02/2018 09:07,COMPLETE,23/02/2018 16:31,25/02/2018 18:11,26/02/2018,FLASH25
ZA-00016320,ZAC0012904,22/02/2018 22:40,COMPLETE,23/02/2018 14:41,25/02/2018 19:14,02/03/2018,
ZA-00016321,ZAC0020218,22/02/2018 19:46,COMPLETE,26/02/2018 22:53,01/03/2018 00:59,05/03/2018,
ZA-00016322,ZAC0018507,22/02/2018 08:24,COMPLETE,24/02/2018 12:10,02/03/2018 13:25,03/03/2018,
ZA-00016323,ZAC0003065,22/02/2018 14:13,COMPLETE,23/02/2018 03:35,23/02/2018 10:03,02/03/2018,
ZA-00016324,ZAC0008947,22/02/2018 14:12,COMPLETE,25/02/2018 22:07,07/03/2018 11:13,04/03/2018,
ZA-00016325,ZAC0017617,22/02/2018 08:40,COMPLETE,24/02/2018 17:02,25/02/2018 04:39,28/02/2018,WINTER15
ZA-00016326,ZAC0020083,22/02/2018 09:44,COMPLETE,26/02/2018 00:44,01/03/2018 08:40,03/03/2018,
ZA-00016327,ZAC0012711,22/02/2018 12:26,COMPLETE,26/02/2018 19:08,04/03/2018 21:07,03/03/2018,
ZA-00016328,ZAC0007914,22/02/2018 08:14,COMPLETE,25/02/2018 09:10,03/03/2018 02:12,28/02/2018,
ZA-00016329,ZAC0020952,22/02/2018 06:43,COMPLETE,23/02/2018 18:52,01/03/2018 16:28,05/03/2018,
ZA-00016330,ZAC0003935,22/02/2018 22:37,COMPLETE,24/02/2018 13:49,03/03/2018 14:13,27/02/2018,
ZA-00016331,ZAC0007507,22/02/2018 15:25,COMPLETE,23/02/2018 22:25,04/03/2018 00:59,27/02/2018,
ZA-00016332,ZAC0006941,22/02/2018 22:10,RETURNED,24/02/2018 12:38,02/03/2018 00:22,06/03/2018,
ZA-00016333,ZAC0010506,22/02/2018 17:24,COMPLETE,23/02/2018 02:49,01/03/2018 23:18,26/02/2018,
ZA-00016334,ZAC0015489,22/02/2018 15:06,COMPLETE,25/02/2018 23:05,03/03/2018 21:44,01/03/2018,
ZA-00016335,ZAC0013535,22/02/2018 13:06,COMPLETE,24/02/2018 14:14,02/03/2018 16:35,28/02/2018,
ZA-00016336,ZAC0022444,22/02/2018 17:35,COMPLETE,27/02/2018 12:27,03/03/2018 16:25,03/03/2018,
ZA-00016337,ZAC0005815,22/02/2018 06:36,COMPLETE,24/02/2018 15:57,03/03/2018 03:42,01/03/2018,
ZA-00016338,ZAC0016845,22/02/2018 19:02,COMPLETE,23/02/2018 23:08,27/02/2018 15:28,28/02/2018,
ZA-00016339,ZAC0001317,22/02/2018 11:51,COMPLETE,23/02/2018 07:23,25/02/2018 12:09,27/02/2018,
ZA-00016340,ZAC0010512,22/02/2018 16:01,COMPLETE,24/02/2018 08:03,25/02/2018 16:50,28/02/2018,
ZA-00016341,ZAC0023202,22/02/2018 10:45,COMPLETE,23/02/2018 10:27,28/02/2018 07:57,28/02/2018,LOYAL5
ZA-00016342,ZAC0006341,22/02/2018 07:17,PENDING,,,,
ZA-00016343,ZAC0021210,22/02/2018 19:02,COMPLETE,25/02/2018 04:29,26/02/2018 15:28,04/03/2018,FLASH25
ZA-00016344,ZAC0021158,22/02/2018 20:54,COMPLETE,25/02/2018 21:21,28/02/2018 08:45,01/03/2018,
ZA-00016345,ZAC0004349,22/02/2018 13:43,COMPLETE,26/02/2018 22:35,02/03/2018 14:22,05/03/2018,
ZA-00016346,ZAC0020999,22/02/2018 14:26,COMPLETE,24/02/2018 05:59,05/03/2018 19:04,01/03/2018,FREESHIP
ZA-00016347,ZAC0023924,22/02/2018 12:35,COMPLETE,23/02/2018 01:27,24/02/2018 05:43,26/02/2018,BULK20
ZA-00016348,ZAC0019111,22/02/2018 15:17,PENDING,,,,WELCOME10
ZA-00016349,ZAC0002566,22/02/2018 13:22,COMPLETE,23/02/2018 01:26,24/02/2018 09:53,26/02/2018,
ZA-00016350,ZAC0022820,22/02/2018 16:29,COMPLETE,25/02/2018 11:23,02/03/2018 06:51,02/03/2018,
ZA-00016351,ZAC0000802,22/02/2018 15:30,COMPLETE,24/02/2018 12:45,26/02/2018 05:10,01/03/2018,
ZA-00016352,ZAC0016412,22/02/2018 08:50,COMPLETE,25/02/2018 14:47,28/02/2018 06:43,28/02/2018,
ZA-00016353,ZAC0018557,22/02/2018 11:54,COMPLETE,23/02/2018 09:42,01/03/2018 01:28,28/02/2018,
ZA-00016354,ZAC0015188,22/02/2018 11:58,COMPLETE,27/02/2018 13:16,02/03/2018 08:32,03/03/2018,
ZA-00016355,ZAC0009790,22/02/2018 21:31,COMPLETE,27/02/2018 04:19,27/02/2018 21:40,02/03/2018,
ZA-00016356,ZAC0004844,22/02/2018 14:42,COMPLETE,23/02/2018 18:57,26/02/2018 10:28,28/02/2018,
ZA-00016357,ZAC0001969,22/02/2018 08:08,COMPLETE,25/02/2018 18:42,01/03/2018 10:26,04/03/2018,
ZA-00016358,ZAC0008858,22/02/2018 22:17,COMPLETE,24/02/2018 13:36,01/03/2018 11:07,27/02/2018,
ZA-00016359,ZAC0011530,22/02/2018 22:57,COMPLETE,24/02/2018 02:49,25/02/2018 00:46,01/03/2018,
ZA-00016360,ZAC0003780,22/02/2018 19:41,COMPLETE,23/02/2018 00:09,01/03/2018 18:21,02/03/2018,
ZA-00016361,ZAC0013155,22/02/2018 22:07,CANCELLED,,,,
ZA-00016362,ZAC0023193,23/02/2018 20:19,COMPLETE,24/02/2018 03:28,03/03/2018 16:28,01/03/2018,
ZA-00016363,ZAC0019271,23/02/2018 19:02,COMPLETE,01/03/2018 03:37,06/03/2018 12:19,06/03/2018,
ZA-00016364,ZAC0020143,23/02/2018 21:24,COMPLETE,25/02/2018 01:46,27/02/2018 05:49,28/02/2018,
ZA-00016365,ZAC0021475,23/02/2018 06:42,COMPLETE,25/02/2018 14:03,01/03/2018 19:23,01/03/2018,WELCOME10
ZA-00016366,ZAC0014520,23/02/2018 20:19,COMPLETE,25/02/2018 16:47,26/02/2018 20:14,28/02/2018,
ZA-00016367,ZAC0003063,23/02/2018 13:12,COMPLETE,25/02/2018 11:24,08/03/2018 04:11,04/03/2018,
ZA-00016368,ZAC0012355,23/02/2018 21:40,COMPLETE,26/02/2018 05:28,27/02/2018 21:40,01/03/2018,
ZA-00016369,ZAC0005888,23/02/2018 11:41,COMPLETE,24/02/2018 05:24,27/02/2018 21:51,01/03/2018,LOYAL5
ZA-00016370,ZAC0000113,23/02/2018 17:40,DISPATCHED,25/02/2018 16:34,,02/03/2018,
ZA-00016371,ZAC0010217,23/02/2018 07:13,COMPLETE,24/02/2018 12:04,01/03/2018 04:57,28/02/2018,
ZA-00016372,ZAC0007022,23/02/2018 10:36,COMPLETE,24/02/2018 14:35,03/03/2018 17:03,27/02/2018,
ZA-00016373,ZAC0007661,23/02/2018 12:10,COMPLETE,24/02/2018 12:17,26/02/2018 01:06,01/03/2018,
ZA-00016374,ZAC0022909,23/02/2018 06:39,COMPLETE,26/02/2018 23:18,02/03/2018 14:02,02/03/2018,
ZA-00016375,ZAC0015897,23/02/2018 19:26,COMPLETE,25/02/2018 06:06,26/02/2018 08:24,02/03/2018,FLASH25
ZA-00016376,ZAC0007138,23/02/2018 17:34,COMPLETE,24/02/2018 09:15,04/03/2018 09:44,28/02/2018,
ZA-00016377,ZAC0023701,23/02/2018 18:23,COMPLETE,28/02/2018 01:45,06/03/2018 04:03,03/03/2018,
ZA-00016378,ZAC0012045,23/02/2018 13:15,COMPLETE,26/02/2018 17:19,01/03/2018 12:07,02/03/2018,FREESHIP
ZA-00016379,ZAC0008644,23/02/2018 06:50,COMPLETE,25/02/2018 03:17,05/03/2018 07:17,01/03/2018,
ZA-00016380,ZAC0004987,23/02/2018 15:24,COMPLETE,24/02/2018 14:28,28/02/2018 03:08,28/02/2018,
ZA-00016381,ZAC0003697,23/02/2018 06:25,COMPLETE,23/02/2018 23:16,04/03/2018 16:16,02/03/2018,
ZA-00016382,ZAC0011226,23/02/2018 13:31,COMPLETE,24/02/2018 14:17,01/03/2018 22:28,06/03/2018,
ZA-00016383,ZAC0006007,23/02/2018 06:57,COMPLETE,26/02/2018 20:54,28/02/2018 17:33,02/03/2018,LOYAL5
ZA-00016384,ZAC0017685,23/02/2018 18:03,COMPLETE,28/02/2018 20:27,02/03/2018 01:35,04/03/2018,
ZA-00016385,ZAC0010311,23/02/2018 17:52,DISPATCHED,25/02/2018 06:48,,01/03/2018,
ZA-00016386,ZAC0006444,23/02/2018 17:01,COMPLETE,24/02/2018 21:52,28/02/2018 17:31,27/02/2018,
ZA-00016387,ZAC0014277,23/02/2018 21:34,COMPLETE,02/03/2018 03:20,05/03/2018 12:24,07/03/2018,
ZA-00016388,ZAC0006620,23/02/2018 16:55,COMPLETE,24/02/2018 02:06,27/02/2018 08:56,27/02/2018,
ZA-00016389,ZAC0009665,23/02/2018 12:43,COMPLETE,25/02/2018 06:27,04/03/2018 19:55,02/03/2018,
ZA-00016390,ZAC0017053,23/02/2018 08:50,COMPLETE,27/02/2018 14:11,07/03/2018 06:40,03/03/2018,
ZA-00016391,ZAC0013644,23/02/2018 17:35,COMPLETE,25/02/2018 13:05,01/03/2018 10:22,28/02/2018,
ZA-00016392,ZAC0012017,23/02/2018 20:24,COMPLETE,26/02/2018 11:50,02/03/2018 18:55,05/03/2018,WELCOME10
ZA-00016393,ZAC0011302,23/02/2018 16:40,COMPLETE,24/02/2018 06:35,28/02/2018 23:11,28/02/2018,
ZA-00016394,ZAC0020045,23/02/2018 15:27,COMPLETE,28/02/2018 09:00,08/03/2018 21:57,04/03/2018,
ZA-00016395,ZAC0011329,23/02/2018 17:52,COMPLETE,26/02/2018 14:07,28/02/2018 07:30,03/03/2018,
ZA-00016396,ZAC0004194,23/02/2018 13:01,COMPLETE,04/03/2018 12:42,15/03/2018 03:30,09/03/2018,
ZA-00016397,ZAC0015504,23/02/2018 07:49,COMPLETE,24/02/2018 17:46,01/03/2018 20:22,27/02/2018,
ZA-00016398,ZAC0023765,23/02/2018 10:38,COMPLETE,24/02/2018 17:42,26/02/2018 18:11,27/02/2018,
ZA-00016399,ZAC0004823,23/02/2018 08:08,COMPLETE,24/02/2018 21:41,01/03/2018 00:00,01/03/2018,
ZA-00016400,ZAC0007519,23/02/2018 21:05,COMPLETE,24/02/2018 06:25,01/03/2018 10:38,28/02/2018,
ZA-00016401,ZAC0021160,23/02/2018 08:41,COMPLETE,27/02/2018 01:56,02/03/2018 12:14,02/03/2018,
ZA-00016402,ZAC0003883,23/02/2018 06:21,COMPLETE,23/02/2018 23:19,28/02/2018 18:35,28/02/2018,WELCOME10
ZA-00016403,ZAC0012696,23/02/2018 09:44,COMPLETE,23/02/2018 23:03,26/02/2018 10:13,26/02/2018,
ZA-00016404,ZAC0017106,23/02/2018 18:03,COMPLETE,26/02/2018 05:00,02/03/2018 13:23,03/03/2018,
ZA-00016405,ZAC0003383,23/02/2018 16:21,COMPLETE,24/02/2018 18:21,25/02/2018 21:15,27/02/2018,
ZA-00016406,ZAC0006961,23/02/2018 18:47,COMPLETE,24/02/2018 18:45,27/02/2018 13:51,01/03/2018,
ZA-00016407,ZAC0021242,23/02/2018 10:30,COMPLETE,24/02/2018 18:24,27/02/2018 20:13,28/02/2018,
ZA-00016408,ZAC0016751,23/02/2018 13:24,COMPLETE,25/02/2018 21:38,01/03/2018 09:08,07/03/2018,
ZA-00016409,ZAC0009387,23/02/2018 18:11,COMPLETE,24/02/2018 05:09,07/03/2018 09:34,03/03/2018,
ZA-00016410,ZAC0005079,23/02/2018 22:54,COMPLETE,26/02/2018 17:57,08/03/2018 11:37,01/03/2018,
ZA-00016411,ZAC0011201,23/02/2018 21:25,COMPLETE,26/02/2018 03:13,01/03/2018 10:04,03/03/2018,
ZA-00016412,ZAC0011087,23/02/2018 22:11,COMPLETE,27/02/2018 07:46,03/03/2018 04:28,06/03/2018,
ZA-00016413,ZAC0013594,23/02/2018 15:14,COMPLETE,25/02/2018 08:44,02/03/2018 13:06,07/03/2018,
ZA-00016414,ZAC0021120,23/02/2018 19:29,COMPLETE,25/02/2018 23:13,27/02/2018 13:20,02/03/2018,FREESHIP
ZA-00016415,ZAC0023609,23/02/2018 12:58,COMPLETE,24/02/2018 05:24,28/02/2018 19:53,27/02/2018,
ZA-00016416,ZAC0015920,23/02/2018 13:51,COMPLETE,25/02/2018 11:31,28/02/2018 16:23,02/03/2018,
ZA-00016417,ZAC0006181,23/02/2018 18:31,COMPLETE,25/02/2018 04:48,02/03/2018 22:27,02/03/2018,
ZA-00016418,ZAC0023072,23/02/2018 13:10,COMPLETE,26/02/2018 15:40,28/02/2018 12:30,02/03/2018,
ZA-00016419,ZAC0011226,23/02/2018 14:20,COMPLETE,24/02/2018 20:00,08/03/2018 12:18,28/02/2018,FLASH25
ZA-00016420,ZAC0004230,23/02/2018 20:29,COMPLETE,24/02/2018 09:20,27/02/2018 02:31,01/03/2018,
ZA-00016421,ZAC0023021,23/02/2018 14:04,COMPLETE,24/02/2018 16:37,01/03/2018 05:09,01/03/2018,
ZA-00016422,ZAC0016348,23/02/2018 07:08,COMPLETE,23/02/2018 23:28,25/02/2018 20:58,26/02/2018,
ZA-00016423,ZAC0007815,23/02/2018 17:45,COMPLETE,25/02/2018 13:50,28/02/2018 20:12,02/03/2018,
ZA-00016424,ZAC0007644,24/02/2018 17:44,COMPLETE,01/03/2018 06:35,02/03/2018 12:38,05/03/2018,
ZA-00016425,ZAC0005384,24/02/2018 11:52,COMPLETE,25/02/2018 17:17,03/03/2018 18:04,28/02/2018,
ZA-00016426,ZAC0006591,24/02/2018 16:44,COMPLETE,04/03/2018 16:58,10/03/2018 09:24,09/03/2018,
ZA-00016427,ZAC0013928,24/02/2018 09:42,COMPLETE,25/02/2018 11:05,01/03/2018 17:40,01/03/2018,
ZA-00016428,ZAC0015689,24/02/2018 17:56,COMPLETE,26/02/2018 05:17,28/02/2018 20:20,02/03/2018,
ZA-00016429,ZAC0015906,24/02/2018 20:48,COMPLETE,26/02/2018 06:51,02/03/2018 18:44,01/03/2018,
ZA-00016430,ZAC0005811,24/02/2018 22:47,COMPLETE,01/03/2018 00:26,02/03/2018 19:45,04/03/2018,
ZA-00016431,ZAC0006973,24/02/2018 09:13,COMPLETE,25/02/2018 12:13,27/02/2018 11:18,02/03/2018,
ZA-00016432,ZAC0018756,24/02/2018 21:03,COMPLETE,27/02/2018 01:42,01/03/2018 09:28,06/03/2018,
ZA-00016433,ZAC0019491,24/02/2018 19:26,COMPLETE,01/03/2018 01:25,05/03/2018 08:06,04/03/2018,FLASH25
ZA-00016434,ZAC0001987,24/02/2018 19:11,COMPLETE,25/02/2018 12:36,03/03/2018 13:56,01/03/2018,LOYAL5
ZA-00016435,ZAC0004928,24/02/2018 16:36,COMPLETE,27/02/2018 00:14,07/03/2018 13:54,04/03/2018,
ZA-00016436,ZAC0007534,24/02/2018 12:23,COMPLETE,26/02/2018 08:38,27/02/2018 23:11,08/03/2018,
ZA-00016437,ZAC0008099,24/02/2018 09:06,COMPLETE,25/02/2018 04:24,03/03/2018 00:15,01/03/2018,
ZA-00016438,ZAC0012362,24/02/2018 20:45,COMPLETE,28/02/2018 17:22,10/03/2018 05:05,03/03/2018,
ZA-00016439,ZAC0006143,24/02/2018 16:59,COMPLETE,26/02/2018 12:52,01/03/2018 19:45,02/03/2018,
ZA-00016440,ZAC0002265,24/02/2018 17:11,COMPLETE,25/02/2018 19:49,28/02/2018 02:20,04/03/2018,BULK20
ZA-00016441,ZAC0017161,24/02/2018 20:16,COMPLETE,27/02/2018 12:59,01/03/2018 16:56,03/03/2018,
ZA-00016442,ZAC0002934,24/02/2018 22:54,COMPLETE,27/02/2018 22:28,03/03/2018 12:45,03/03/2018,
ZA-00016443,ZAC0013037,24/02/2018 18:30,COMPLETE,25/02/2018 12:51,04/03/2018 11:40,02/03/2018,
ZA-00016444,ZAC0021015,24/02/2018 09:22,COMPLETE,26/02/2018 17:47,05/03/2018 15:13,02/03/2018,WELCOME10
ZA-00016445,ZAC0003491,24/02/2018 18:29,COMPLETE,26/02/2018 00:25,04/03/2018 17:42,01/03/2018,
ZA-00016446,ZAC0002443,24/02/2018 14:47,COMPLETE,25/02/2018 05:13,05/03/2018 14:47,02/03/2018,LOYAL5
ZA-00016447,ZAC0014973,24/02/2018 17:13,COMPLETE,26/02/2018 23:16,05/03/2018 14:22,02/03/2018,
ZA-00016448,ZAC0020764,24/02/2018 17:13,COMPLETE,26/02/2018 12:09,28/02/2018 15:24,01/03/2018,LOYAL5
ZA-00016449,ZAC0021144,24/02/2018 16:53,COMPLETE,27/02/2018 18:02,07/03/2018 00:00,03/03/2018,
ZA-00016450,ZAC0013355,24/02/2018 06:22,COMPLETE,25/02/2018 06:17,06/03/2018 11:53,28/02/2018,
ZA-00016451,ZAC0021529,24/02/2018 18:18,COMPLETE,25/02/2018 18:59,01/03/2018 20:09,01/03/2018,
ZA-00016452,ZAC0020456,24/02/2018 15:22,COMPLETE,26/02/2018 16:48,05/03/2018 02:47,01/03/2018,
ZA-00016453,ZAC0013556,24/02/2018 12:35,COMPLETE,26/02/2018 12:29,28/02/2018 19:24,01/03/2018,
ZA-00016454,ZAC0023562,24/02/2018 20:19,COMPLETE,25/02/2018 04:48,27/02/2018 00:02,01/03/2018,
ZA-00016455,ZAC0008380,24/02/2018 17:00,COMPLETE,26/02/2018 22:13,01/03/2018 16:16,02/03/2018,FLASH25
ZA-00016456,ZAC0001037,24/02/2018 20:38,DISPATCHED,28/02/2018 09:57,,03/03/2018,
ZA-00016457,ZAC0017609,24/02/2018 18:59,COMPLETE,26/02/2018 17:51,04/03/2018 04:11,01/03/2018,BULK20
ZA-00016458,ZAC0010787,24/02/2018 06:53,COMPLETE,27/02/2018 01:14,27/02/2018 11:43,04/03/2018,
ZA-00016459,ZAC0002807,24/02/2018 17:34,COMPLETE,25/02/2018 18:50,02/03/2018 05:41,28/02/2018,
ZA-00016460,ZAC0020058,24/02/2018 20:04,COMPLETE,26/02/2018 15:41,01/03/2018 17:19,01/03/2018,LOYAL5
ZA-00016461,ZAC0002165,24/02/2018 15:55,COMPLETE,27/02/2018 06:38,11/03/2018 17:38,02/03/2018,
ZA-00016462,ZAC0010291,24/02/2018 21:36,COMPLETE,28/02/2018 12:39,03/03/2018 17:14,04/03/2018,
ZA-00016463,ZAC0014039,24/02/2018 09:34,COMPLETE,25/02/2018 05:35,28/02/2018 12:53,01/03/2018,
ZA-00016464,ZAC0006603,24/02/2018 22:48,COMPLETE,25/02/2018 19:40,01/03/2018 10:17,04/03/2018,
ZA-00016465,ZAC0010839,24/02/2018 18:04,COMPLETE,25/02/2018 08:03,02/03/2018 12:47,01/03/2018,
ZA-00016466,ZAC0009611,24/02/2018 22:14,COMPLETE,01/03/2018 18:47,08/03/2018 01:50,08/03/2018,FREESHIP
ZA-00016467,ZAC0006796,24/02/2018 13:44,COMPLETE,04/03/2018 21:49,09/03/2018 15:51,09/03/2018,
ZA-00016468,ZAC0003240,24/02/2018 12:56,COMPLETE,26/02/2018 12:52,02/03/2018 20:57,05/03/2018,
ZA-00016469,ZAC0010595,24/02/2018 19:51,COMPLETE,25/02/2018 14:25,28/02/2018 15:40,01/03/2018,FREESHIP
ZA-00016470,ZAC0005948,24/02/2018 16:28,COMPLETE,25/02/2018 02:48,01/03/2018 03:49,02/03/2018,FLASH25
ZA-00016471,ZAC0018394,24/02/2018 16:15,COMPLETE,25/02/2018 14:29,27/02/2018 02:43,01/03/2018,
ZA-00016472,ZAC0016478,24/02/2018 21:22,COMPLETE,01/03/2018 05:28,08/03/2018 11:33,05/03/2018,
ZA-00016473,ZAC0018448,24/02/2018 13:00,COMPLETE,26/02/2018 18:20,06/03/2018 21:30,05/03/2018,
ZA-00016474,ZAC0004906,24/02/2018 12:53,COMPLETE,26/02/2018 07:15,27/02/2018 20:06,02/03/2018,BULK20
ZA-00016475,ZAC0014783,24/02/2018 15:07,COMPLETE,28/02/2018 02:50,02/03/2018 13:56,04/03/2018,
ZA-00016476,ZAC0001853,24/02/2018 10:18,COMPLETE,01/03/2018 08:37,04/03/2018 07:22,06/03/2018,BULK20
ZA-00016477,ZAC0001438,24/02/2018 14:55,COMPLETE,01/03/2018 16:06,05/03/2018 15:33,06/03/2018,
ZA-00016478,ZAC0021531,24/02/2018 13:49,COMPLETE,26/02/2018 15:06,07/03/2018 09:24,03/03/2018,
ZA-00016479,ZAC0018585,24/02/2018 16:10,DISPATCHED,27/02/2018 14:45,,03/03/2018,
ZA-00016480,ZAC0019041,24/02/2018 08:35,COMPLETE,25/02/2018 07:01,03/03/2018 03:58,28/02/2018,FLASH25
ZA-00016481,ZAC0018960,24/02/2018 06:10,COMPLETE,25/02/2018 17:49,09/03/2018 16:04,28/02/2018,
ZA-00016482,ZAC0006242,24/02/2018 22:36,COMPLETE,26/02/2018 07:33,01/03/2018 23:02,02/03/2018,
ZA-00016483,ZAC0012069,24/02/2018 11:52,COMPLETE,01/03/2018 06:40,08/03/2018 04:08,04/03/2018,
ZA-00016484,ZAC0000309,24/02/2018 11:49,COMPLETE,26/02/2018 19:36,06/03/2018 18:16,01/03/2018,
ZA-00016485,ZAC0019003,25/02/2018 21:40,COMPLETE,03/03/2018 05:16,08/03/2018 00:22,10/03/2018,WINTER15
ZA-00016486,ZAC0007304,25/02/2018 14:26,COMPLETE,26/02/2018 17:56,03/03/2018 05:22,02/03/2018,
ZA-00016487,ZAC0016293,25/02/2018 17:40,COMPLETE,27/02/2018 04:16,06/03/2018 11:07,09/03/2018,
ZA-00016488,ZAC0020752,25/02/2018 20:14,COMPLETE,26/02/2018 04:45,06/03/2018 12:25,03/03/2018,
ZA-00016489,ZAC0005267,25/02/2018 15:08,COMPLETE,04/03/2018 16:22,12/03/2018 14:12,11/03/2018,FLASH25
ZA-00016490,ZAC0008462,25/02/2018 11:24,COMPLETE,26/02/2018 07:21,03/03/2018 06:30,03/03/2018,
ZA-00016491,ZAC0021263,25/02/2018 13:19,COMPLETE,28/02/2018 12:59,08/03/2018 17:24,05/03/2018,
ZA-00016492,ZAC0005240,25/02/2018 12:59,CANCELLED,,,,WELCOME10
ZA-00016493,ZAC0021122,25/02/2018 16:12,COMPLETE,26/02/2018 04:10,27/02/2018 09:41,01/03/2018,
ZA-00016494,ZAC0017292,25/02/2018 18:43,COMPLETE,26/02/2018 15:12,03/03/2018 01:06,03/03/2018,
ZA-00016495,ZAC0011175,25/02/2018 09:45,COMPLETE,01/03/2018 06:29,13/03/2018 09:04,05/03/2018,
ZA-00016496,ZAC0020443,25/02/2018 07:52,COMPLETE,26/02/2018 08:54,03/03/2018 01:23,02/03/2018,BULK20
ZA-00016497,ZAC0001517,25/02/2018 16:15,COMPLETE,27/02/2018 01:31,01/03/2018 02:32,03/03/2018,
ZA-00016498,ZAC0004184,25/02/2018 13:41,COMPLETE,26/02/2018 22:59,27/02/2018 10:08,05/03/2018,BULK20
ZA-00016499,ZAC0015987,25/02/2018 17:11,COMPLETE,28/02/2018 17:28,04/03/2018 16:54,03/03/2018,
ZA-00016500,ZAC0004592,25/02/2018 12:45,COMPLETE,28/02/2018 05:10,05/03/2018 15:52,04/03/2018,
ZA-00016501,ZAC0010567,25/02/2018 19:01,COMPLETE,26/02/2018 22:24,28/02/2018 07:26,03/03/2018,
ZA-00016502,ZAC0003411,25/02/2018 15:01,COMPLETE,02/03/2018 05:53,09/03/2018 23:10,05/03/2018,
ZA-00016503,ZAC0013361,25/02/2018 15:07,COMPLETE,27/02/2018 14:09,02/03/2018 22:19,02/03/2018,
ZA-00016504,ZAC0010870,25/02/2018 21:18,COMPLETE,28/02/2018 17:16,09/03/2018 14:09,07/03/2018,WINTER15
ZA-00016505,ZAC0015730,25/02/2018 08:00,COMPLETE,27/02/2018 17:24,17/03/2018 04:11,03/03/2018,
ZA-00016506,ZAC0011343,25/02/2018 17:39,COMPLETE,01/03/2018 06:23,06/03/2018 19:39,05/03/2018,LOYAL5
ZA-00016507,ZAC0002980,25/02/2018 11:55,COMPLETE,03/03/2018 11:29,09/03/2018 06:31,06/03/2018,
ZA-00016508,ZAC0004233,25/02/2018 08:54,COMPLETE,26/02/2018 17:22,28/02/2018 11:53,02/03/2018,
ZA-00016509,ZAC0007017,25/02/2018 12:50,COMPLETE,27/02/2018 14:48,03/03/2018 22:57,03/03/2018,
ZA-00016510,ZAC0002416,25/02/2018 10:05,DISPATCHED,26/02/2018 15:36,,02/03/2018,
ZA-00016511,ZAC0019745,25/02/2018 15:03,RETURNED,01/03/2018 18:55,05/03/2018 08:05,11/03/2018,
ZA-00016512,ZAC0021981,25/02/2018 07:59,COMPLETE,27/02/2018 22:14,03/03/2018 09:48,09/03/2018,
ZA-00016513,ZAC0017731,25/02/2018 19:21,COMPLETE,26/02/2018 09:44,02/03/2018 23:13,03/03/2018,BULK20
ZA-00016514,ZAC0020104,25/02/2018 10:11,COMPLETE,01/03/2018 18:58,03/03/2018 21:33,05/03/2018,FLASH25
ZA-00016515,ZAC0010229,25/02/2018 15:15,DISPATCHED,27/02/2018 07:42,,02/03/2018,
ZA-00016516,ZAC0020904,25/02/2018 22:53,COMPLETE,27/02/2018 04:29,08/03/2018 17:16,09/03/2018,
ZA-00016517,ZAC0014883,25/02/2018 16:57,COMPLETE,26/02/2018 03:56,08/03/2018 21:50,03/03/2018,
ZA-00016518,ZAC0015327,25/02/2018 22:29,COMPLETE,01/03/2018 16:09,04/03/2018 13:32,05/03/2018,BULK20
ZA-00016519,ZAC0005612,25/02/2018 15:28,COMPLETE,28/02/2018 21:20,04/03/2018 03:35,05/03/2018,
ZA-00016520,ZAC0008513,25/02/2018 16:46,COMPLETE,27/02/2018 11:41,06/03/2018 17:19,04/03/2018,
ZA-00016521,ZAC0005315,25/02/2018 22:57,DISPATCHED,27/02/2018 18:15,,06/03/2018,
ZA-00016522,ZAC0011440,25/02/2018 22:50,COMPLETE,26/02/2018 17:18,01/03/2018 13:40,05/03/2018,WELCOME10
ZA-00016523,ZAC0017038,25/02/2018 06:10,COMPLETE,26/02/2018 16:57,04/03/2018 07:59,03/03/2018,
ZA-00016524,ZAC0007799,25/02/2018 21:03,COMPLETE,26/02/2018 21:19,02/03/2018 06:57,02/03/2018,
ZA-00016525,ZAC0021148,25/02/2018 18:53,COMPLETE,01/03/2018 03:30,04/03/2018 19:11,04/03/2018,
ZA-00016526,ZAC0000520,25/02/2018 10:30,COMPLETE,27/02/2018 13:08,06/03/2018 04:28,04/03/2018,WINTER15
ZA-00016527,ZAC0001877,25/02/2018 16:57,COMPLETE,27/02/2018 01:19,06/03/2018 12:28,03/03/2018,
ZA-00016528,ZAC0018870,25/02/2018 16:22,COMPLETE,26/02/2018 00:39,05/03/2018 03:30,03/03/2018,WELCOME10
ZA-00016529,ZAC0023753,25/02/2018 15:53,COMPLETE,02/03/2018 16:38,04/03/2018 01:19,05/03/2018,BULK20
ZA-00016530,ZAC0019713,25/02/2018 21:54,CANCELLED,,,,
ZA-00016531,ZAC0021204,25/02/2018 11:02,COMPLETE,26/02/2018 12:46,01/03/2018 00:13,01/03/2018,
ZA-00016532,ZAC0002386,25/02/2018 14:29,COMPLETE,26/02/2018 17:51,03/03/2018 04:01,03/03/2018,WINTER15
ZA-00016533,ZAC0019285,25/02/2018 16:27,COMPLETE,03/03/2018 00:10,13/03/2018 15:27,06/03/2018,
ZA-00016534,ZAC0021194,25/02/2018 11:56,COMPLETE,28/02/2018 20:34,07/03/2018 07:44,05/03/2018,
ZA-00016535,ZAC0022060,25/02/2018 19:33,COMPLETE,01/03/2018 12:30,03/03/2018 03:53,08/03/2018,
ZA-00016536,ZAC0014401,25/02/2018 13:08,COMPLETE,03/03/2018 06:27,07/03/2018 06:47,06/03/2018,
ZA-00016537,ZAC0018078,25/02/2018 16:18,COMPLETE,28/02/2018 06:34,09/03/2018 01:49,07/03/2018,
ZA-00016538,ZAC0018522,25/02/2018 18:37,COMPLETE,26/02/2018 12:40,02/03/2018 15:29,02/03/2018,
ZA-00016539,ZAC0002265,25/02/2018 10:27,COMPLETE,25/02/2018 20:39,28/02/2018 02:35,02/03/2018,
ZA-00016540,ZAC0018205,26/02/2018 22:17,COMPLETE,28/02/2018 04:50,05/03/2018 17:27,07/03/2018,
ZA-00016541,ZAC0000896,26/02/2018 14:38,COMPLETE,27/02/2018 15:28,07/03/2018 17:56,03/03/2018,
ZA-00016542,ZAC0003002,26/02/2018 16:20,COMPLETE,01/03/2018 11:02,03/03/2018 03:41,06/03/2018,
ZA-00016543,ZAC0009837,26/02/2018 14:43,COMPLETE,27/02/2018 06:06,06/03/2018 13:37,03/03/2018,
ZA-00016544,ZAC0016872,26/02/2018 15:30,PENDING,,,,
ZA-00016545,ZAC0003318,26/02/2018 18:36,COMPLETE,28/02/2018 12:52,02/03/2018 10:35,05/03/2018,FREESHIP
ZA-00016546,ZAC0023385,26/02/2018 17:57,COMPLETE,27/02/2018 08:33,05/03/2018 23:57,04/03/2018,
ZA-00016547,ZAC0009616,26/02/2018 18:43,COMPLETE,02/03/2018 03:09,05/03/2018 18:39,09/03/2018,
ZA-00016548,ZAC0015725,26/02/2018 09:17,COMPLETE,27/02/2018 02:12,05/03/2018 06:52,03/03/2018,WELCOME10
ZA-00016549,ZAC0020764,26/02/2018 12:55,COMPLETE,27/02/2018 18:28,02/03/2018 22:12,06/03/2018,WELCOME10
ZA-00016550,ZAC0012998,26/02/2018 22:39,COMPLETE,01/03/2018 16:38,03/03/2018 22:29,04/03/2018,
ZA-00016551,ZAC0019857,26/02/2018 15:37,COMPLETE,27/02/2018 18:00,02/03/2018 09:33,04/03/2018,
ZA-00016552,ZAC0000312,26/02/2018 08:28,COMPLETE,01/03/2018 14:06,04/03/2018 14:47,05/03/2018,
ZA-00016553,ZAC0003797,26/02/2018 22:59,COMPLETE,28/02/2018 20:19,05/03/2018 03:25,10/03/2018,
ZA-00016554,ZAC0009612,26/02/2018 17:06,COMPLETE,03/03/2018 08:08,04/03/2018 02:55,08/03/2018,LOYAL5
ZA-00016555,ZAC0013795,26/02/2018 15:37,COMPLETE,02/03/2018 10:47,06/03/2018 12:22,06/03/2018,
ZA-00016556,ZAC0014736,26/02/2018 06:36,COMPLETE,01/03/2018 22:38,04/03/2018 15:28,06/03/2018,
ZA-00016557,ZAC0005828,26/02/2018 18:06,COMPLETE,03/03/2018 05:20,05/03/2018 00:11,07/03/2018,
ZA-00016558,ZAC0022537,26/02/2018 07:38,COMPLETE,27/02/2018 05:51,03/03/2018 14:51,02/03/2018,
ZA-00016559,ZAC0008842,26/02/2018 16:53,COMPLETE,01/03/2018 05:02,02/03/2018 15:33,08/03/2018,
ZA-00016560,ZAC0022929,26/02/2018 08:24,PENDING,,,,
ZA-00016561,ZAC0001976,26/02/2018 21:46,COMPLETE,02/03/2018 02:50,03/03/2018 01:43,05/03/2018,
ZA-00016562,ZAC0015886,26/02/2018 18:30,COMPLETE,05/03/2018 03:24,11/03/2018 00:57,10/03/2018,FREESHIP
ZA-00016563,ZAC0005470,26/02/2018 08:46,COMPLETE,03/03/2018 14:26,06/03/2018 01:14,10/03/2018,
ZA-00016564,ZAC0007741,26/02/2018 22:13,COMPLETE,02/03/2018 14:18,07/03/2018 08:50,07/03/2018,
ZA-00016565,ZAC0003491,26/02/2018 19:08,COMPLETE,27/02/2018 09:57,02/03/2018 09:18,04/03/2018,WELCOME10
ZA-00016566,ZAC0023280,26/02/2018 15:55,COMPLETE,01/03/2018 08:15,03/03/2018 17:17,06/03/2018,WELCOME10
ZA-00016567,ZAC0006438,26/02/2018 21:38,COMPLETE,28/02/2018 06:26,08/03/2018 02:28,07/03/2018,
ZA-00016568,ZAC0022784,26/02/2018 21:50,COMPLETE,28/02/2018 10:44,03/03/2018 06:27,07/03/2018,
ZA-00016569,ZAC0009995,26/02/2018 09:10,COMPLETE,01/03/2018 17:15,05/03/2018 02:52,04/03/2018,
ZA-00016570,ZAC0005559,26/02/2018 07:53,COMPLETE,28/02/2018 13:19,02/03/2018 15:32,07/03/2018,WELCOME10
ZA-00016571,ZAC0005476,26/02/2018 17:01,COMPLETE,27/02/2018 18:11,01/03/2018 07:49,04/03/2018,
ZA-00016572,ZAC0008695,26/02/2018 06:21,COMPLETE,28/02/2018 09:55,06/03/2018 06:03,04/03/2018,
ZA-00016573,ZAC0002449,26/02/2018 17:22,COMPLETE,27/02/2018 10:46,01/03/2018 11:23,04/03/2018,
ZA-00016574,ZAC0021004,26/02/2018 16:20,COMPLETE,28/02/2018 17:22,05/03/2018 09:23,03/03/2018,
ZA-00016575,ZAC0018219,26/02/2018 08:36,COMPLETE,01/03/2018 18:50,13/03/2018 03:45,04/03/2018,
ZA-00016576,ZAC0019272,26/02/2018 06:20,COMPLETE,28/02/2018 18:00,02/03/2018 16:19,04/03/2018,
ZA-00016577,ZAC0017737,26/02/2018 13:06,COMPLETE,03/03/2018 03:14,06/03/2018 17:16,13/03/2018,BULK20
ZA-00016578,ZAC0018792,26/02/2018 12:56,COMPLETE,03/03/2018 08:38,12/03/2018 22:41,10/03/2018,
ZA-00016579,ZAC0014696,26/02/2018 16:04,CANCELLED,,,,
ZA-00016580,ZAC0003196,26/02/2018 21:14,COMPLETE,28/02/2018 22:41,03/03/2018 16:10,04/03/2018,
ZA-00016581,ZAC0000985,26/02/2018 12:46,COMPLETE,02/03/2018 00:03,16/03/2018 06:31,09/03/2018,
ZA-00016582,ZAC0023297,26/02/2018 16:54,COMPLETE,27/02/2018 08:53,04/03/2018 19:23,03/03/2018,
ZA-00016583,ZAC0010972,26/02/2018 19:54,COMPLETE,28/02/2018 13:16,04/03/2018 00:02,05/03/2018,
ZA-00016584,ZAC0003795,26/02/2018 15:01,COMPLETE,01/03/2018 01:41,02/03/2018 20:13,05/03/2018,
ZA-00016585,ZAC0001366,26/02/2018 10:40,COMPLETE,28/02/2018 10:12,02/03/2018 11:28,05/03/2018,
ZA-00016586,ZAC0009996,26/02/2018 22:49,COMPLETE,27/02/2018 05:08,27/02/2018 19:40,06/03/2018,WELCOME10
ZA-00016587,ZAC0000156,26/02/2018 12:44,COMPLETE,27/02/2018 20:40,02/03/2018 00:05,03/03/2018,
ZA-00016588,ZAC0006615,26/02/2018 12:06,COMPLETE,28/02/2018 13:23,06/03/2018 20:02,04/03/2018,
ZA-00016589,ZAC0012208,26/02/2018 09:21,COMPLETE,01/03/2018 12:27,17/03/2018 04:32,08/03/2018,LOYAL5
ZA-00016590,ZAC0006668,26/02/2018 14:59,COMPLETE,03/03/2018 02:16,22/03/2018 09:40,06/03/2018,
ZA-00016591,ZAC0006380,26/02/2018 22:21,COMPLETE,28/02/2018 03:07,03/03/2018 22:12,07/03/2018,
ZA-00016592,ZAC0023160,26/02/2018 14:28,COMPLETE,27/02/2018 14:17,05/03/2018 23:52,04/03/2018,
ZA-00016593,ZAC0021054,26/02/2018 22:25,COMPLETE,28/02/2018 22:53,08/03/2018 06:14,04/03/2018,
ZA-00016594,ZAC0017757,26/02/2018 20:59,COMPLETE,27/02/2018 22:13,01/03/2018 04:30,02/03/2018,
ZA-00016595,ZAC0001627,26/02/2018 16:39,COMPLETE,28/02/2018 09:06,03/03/2018 15:51,03/03/2018,
ZA-00016596,ZAC0017343,26/02/2018 08:02,COMPLETE,01/03/2018 11:52,04/03/2018 11:39,05/03/2018,WINTER15
ZA-00016597,ZAC0007501,26/02/2018 17:46,COMPLETE,27/02/2018 10:57,03/03/2018 09:02,02/03/2018,
ZA-00016598,ZAC0000804,26/02/2018 18:36,COMPLETE,03/03/2018 03:24,08/03/2018 14:11,07/03/2018,
ZA-00016599,ZAC0018118,26/02/2018 21:52,COMPLETE,02/03/2018 14:55,03/03/2018 23:40,06/03/2018,
ZA-00016600,ZAC0012466,26/02/2018 14:32,COMPLETE,27/02/2018 08:01,05/03/2018 23:58,04/03/2018,BULK20
ZA-00016601,ZAC0021167,26/02/2018 21:41,COMPLETE,28/02/2018 23:48,03/03/2018 01:49,05/03/2018,
ZA-00016602,ZAC0001339,26/02/2018 22:23,COMPLETE,28/02/2018 16:51,07/03/2018 21:38,03/03/2018,
ZA-00016603,ZAC0014146,26/02/2018 11:49,COMPLETE,27/02/2018 15:21,05/03/2018 18:02,03/03/2018,
ZA-00016604,ZAC0002702,26/02/2018 22:41,COMPLETE,28/02/2018 08:16,08/03/2018 14:05,05/03/2018,
ZA-00016605,ZAC0006633,26/02/2018 07:29,COMPLETE,28/02/2018 14:17,02/03/2018 05:15,07/03/2018,
ZA-00016606,ZAC0000742,26/02/2018 07:38,COMPLETE,28/02/2018 18:17,15/03/2018 06:56,05/03/2018,
ZA-00016607,ZAC0006187,26/02/2018 16:34,COMPLETE,28/02/2018 16:39,08/03/2018 04:20,03/03/2018,
ZA-00016608,ZAC0004735,26/02/2018 16:02,COMPLETE,01/03/2018 08:41,11/03/2018 14:51,06/03/2018,
ZA-00016609,ZAC0014543,26/02/2018 10:47,COMPLETE,01/03/2018 16:56,05/03/2018 11:57,06/03/2018,FLASH25
ZA-00016610,ZAC0011592,26/02/2018 11:52,COMPLETE,27/02/2018 14:37,28/02/2018 09:41,03/03/2018,WELCOME10
ZA-00016611,ZAC0015643,26/02/2018 12:04,COMPLETE,27/02/2018 11:44,01/03/2018 01:32,03/03/2018,FREESHIP
ZA-00016612,ZAC0006605,27/02/2018 12:01,COMPLETE,28/02/2018 10:52,05/03/2018 09:26,03/03/2018,
ZA-00016613,ZAC0010052,27/02/2018 06:56,COMPLETE,01/03/2018 06:18,04/03/2018 09:57,06/03/2018,WELCOME10
ZA-00016614,ZAC0013435,27/02/2018 12:34,COMPLETE,27/02/2018 22:02,03/03/2018 17:50,03/03/2018,
ZA-00016615,ZAC0010337,27/02/2018 19:25,COMPLETE,01/03/2018 01:41,11/03/2018 08:48,11/03/2018,
ZA-00016616,ZAC0009158,27/02/2018 14:21,COMPLETE,01/03/2018 16:31,21/03/2018 02:04,05/03/2018,
ZA-00016617,ZAC0002662,27/02/2018 14:39,COMPLETE,01/03/2018 18:36,14/03/2018 03:40,06/03/2018,
ZA-00016618,ZAC0017102,27/02/2018 20:47,COMPLETE,28/02/2018 10:26,03/03/2018 04:10,04/03/2018,
ZA-00016619,ZAC0012448,27/02/2018 16:11,RETURNED,28/02/2018 23:34,07/03/2018 14:40,05/03/2018,
ZA-00016620,ZAC0013029,27/02/2018 15:24,CANCELLED,,,,
ZA-00016621,ZAC0007742,27/02/2018 15:40,COMPLETE,04/03/2018 06:16,06/03/2018 05:24,11/03/2018,WELCOME10
ZA-00016622,ZAC0012934,27/02/2018 13:29,COMPLETE,01/03/2018 15:10,04/03/2018 04:25,08/03/2018,
ZA-00016623,ZAC0016736,27/02/2018 15:44,PENDING,,,,
ZA-00016624,ZAC0004474,27/02/2018 06:44,COMPLETE,27/02/2018 19:55,08/03/2018 05:49,03/03/2018,
ZA-00016625,ZAC0009993,27/02/2018 16:43,COMPLETE,28/02/2018 10:08,06/03/2018 17:26,05/03/2018,
ZA-00016626,ZAC0020467,27/02/2018 17:20,RETURNED,28/02/2018 23:01,07/03/2018 09:13,04/03/2018,
ZA-00016627,ZAC0017663,27/02/2018 17:43,COMPLETE,02/03/2018 09:08,04/03/2018 02:41,07/03/2018,
ZA-00016628,ZAC0001635,27/02/2018 19:09,COMPLETE,03/03/2018 20:58,12/03/2018 16:18,08/03/2018,
ZA-00016629,ZAC0021705,27/02/2018 21:50,COMPLETE,28/02/2018 20:26,02/03/2018 07:42,07/03/2018,
ZA-00016630,ZAC0007917,27/02/2018 15:40,COMPLETE,28/02/2018 10:53,05/03/2018 17:40,04/03/2018,
ZA-00016631,ZAC0000639,27/02/2018 06:49,COMPLETE,28/02/2018 00:09,10/03/2018 22:41,04/03/2018,FLASH25
ZA-00016632,ZAC0000598,27/02/2018 12:43,COMPLETE,01/03/2018 12:11,03/03/2018 04:06,04/03/2018,BULK20
ZA-00016633,ZAC0006752,27/02/2018 20:28,COMPLETE,02/03/2018 05:21,06/03/2018 00:35,06/03/2018,
ZA-00016634,ZAC0004752,27/02/2018 11:48,COMPLETE,02/03/2018 19:54,09/03/2018 15:53,06/03/2018,
ZA-00016635,ZAC0009540,27/02/2018 06:04,COMPLETE,27/02/2018 23:49,13/03/2018 09:50,03/03/2018,
ZA-00016636,ZAC0003972,27/02/2018 18:08,COMPLETE,28/02/2018 16:01,04/03/2018 18:32,05/03/2018,
ZA-00016637,ZAC0008535,27/02/2018 11:23,COMPLETE,27/02/2018 15:56,02/03/2018 00:35,04/03/2018,
ZA-00016638,ZAC0020914,27/02/2018 06:25,COMPLETE,28/02/2018 19:27,07/03/2018 14:40,05/03/2018,
ZA-00016639,ZAC0017486,27/02/2018 08:13,COMPLETE,03/03/2018 03:19,10/03/2018 00:31,07/03/2018,
ZA-00016640,ZAC0015826,27/02/2018 13:15,COMPLETE,28/02/2018 06:18,04/03/2018 04:38,05/03/2018,BULK20
ZA-00016641,ZAC0001527,27/02/2018 12:35,COMPLETE,28/02/2018 15:38,06/03/2018 07:47,05/03/2018,
ZA-00016642,ZAC0007476,27/02/2018 07:55,COMPLETE,03/03/2018 16:28,06/03/2018 15:06,07/03/2018,
ZA-00016643,ZAC0015285,27/02/2018 14:21,COMPLETE,03/03/2018 02:45,11/03/2018 06:27,06/03/2018,
ZA-00016644,ZAC0021422,27/02/2018 06:21,COMPLETE,28/02/2018 17:32,02/03/2018 13:15,03/03/2018,
ZA-00016645,ZAC0004880,27/02/2018 06:16,COMPLETE,09/03/2018 09:52,10/03/2018 21:43,16/03/2018,
ZA-00016646,ZAC0016440,27/02/2018 19:02,COMPLETE,04/03/2018 02:26,06/03/2018 10:44,07/03/2018,
ZA-00016647,ZAC0011185,27/02/2018 16:13,COMPLETE,03/03/2018 05:52,14/03/2018 06:20,07/03/2018,
ZA-00016648,ZAC0023072,27/02/2018 21:54,COMPLETE,28/02/2018 11:23,06/03/2018 22:55,07/03/2018,
ZA-00016649,ZAC0016877,27/02/2018 06:43,COMPLETE,01/03/2018 07:38,07/03/2018 20:04,08/03/2018,
ZA-00016650,ZAC0000697,27/02/2018 08:15,COMPLETE,28/02/2018 01:41,06/03/2018 23:58,04/03/2018,FREESHIP
ZA-00016651,ZAC0016833,27/02/2018 22:09,COMPLETE,04/03/2018 13:39,12/03/2018 11:32,11/03/2018,
ZA-00016652,ZAC0015632,27/02/2018 11:11,COMPLETE,02/03/2018 14:31,08/03/2018 07:29,09/03/2018,
ZA-00016653,ZAC0010237,27/02/2018 16:42,COMPLETE,28/02/2018 14:51,06/03/2018 05:42,04/03/2018,
ZA-00016654,ZAC0022522,27/02/2018 07:27,PENDING,,,,FLASH25
ZA-00016655,ZAC0013300,27/02/2018 15:47,COMPLETE,28/02/2018 12:58,03/03/2018 02:06,03/03/2018,
ZA-00016656,ZAC0014261,27/02/2018 19:52,COMPLETE,28/02/2018 19:43,04/03/2018 12:52,03/03/2018,
ZA-00016657,ZAC0007058,27/02/2018 12:41,COMPLETE,28/02/2018 08:53,01/03/2018 15:24,03/03/2018,FREESHIP
ZA-00016658,ZAC0005836,27/02/2018 11:11,COMPLETE,04/03/2018 01:59,07/03/2018 13:07,11/03/2018,WELCOME10
ZA-00016659,ZAC0000311,27/02/2018 11:37,COMPLETE,03/03/2018 15:46,07/03/2018 06:23,13/03/2018,LOYAL5
ZA-00016660,ZAC0018811,27/02/2018 22:11,COMPLETE,03/03/2018 00:02,05/03/2018 11:01,13/03/2018,
ZA-00016661,ZAC0000004,27/02/2018 20:52,DISPATCHED,28/02/2018 11:49,,03/03/2018,
ZA-00016662,ZAC0018736,27/02/2018 07:39,COMPLETE,03/03/2018 05:07,04/03/2018 18:23,08/03/2018,
ZA-00016663,ZAC0013402,27/02/2018 21:18,COMPLETE,01/03/2018 18:26,04/03/2018 08:24,08/03/2018,
ZA-00016664,ZAC0019072,27/02/2018 12:12,COMPLETE,28/02/2018 09:14,08/03/2018 03:06,04/03/2018,
ZA-00016665,ZAC0008742,27/02/2018 06:09,COMPLETE,27/02/2018 19:04,28/02/2018 16:55,03/03/2018,
ZA-00016666,ZAC0019793,27/02/2018 19:47,COMPLETE,28/02/2018 09:26,03/03/2018 19:46,07/03/2018,BULK20
ZA-00016667,ZAC0012858,27/02/2018 17:14,COMPLETE,01/03/2018 17:45,05/03/2018 20:08,05/03/2018,
ZA-00016668,ZAC0000733,27/02/2018 19:52,COMPLETE,28/02/2018 02:58,03/03/2018 03:21,04/03/2018,
ZA-00016669,ZAC0014231,27/02/2018 14:35,COMPLETE,01/03/2018 06:13,06/03/2018 22:22,04/03/2018,
ZA-00016670,ZAC0002575,27/02/2018 10:51,COMPLETE,28/02/2018 16:53,04/03/2018 22:45,05/03/2018,
ZA-00016671,ZAC0013342,27/02/2018 13:22,COMPLETE,03/03/2018 17:33,06/03/2018 02:11,07/03/2018,
ZA-00016672,ZAC0021877,27/02/2018 10:51,COMPLETE,02/03/2018 05:48,07/03/2018 09:00,05/03/2018,
ZA-00016673,ZAC0022264,27/02/2018 20:12,COMPLETE,02/03/2018 14:54,14/03/2018 04:07,07/03/2018,
ZA-00016674,ZAC0013078,27/02/2018 21:11,COMPLETE,01/03/2018 07:44,03/03/2018 21:27,05/03/2018,
ZA-00016675,ZAC0014224,27/02/2018 15:04,COMPLETE,01/03/2018 18:53,05/03/2018 17:42,05/03/2018,BULK20
ZA-00016676,ZAC0006859,27/02/2018 15:40,COMPLETE,28/02/2018 16:28,04/03/2018 16:42,07/03/2018,
ZA-00016677,ZAC0011037,27/02/2018 06:25,CANCELLED,,,,
ZA-00016678,ZAC0015475,27/02/2018 07:49,COMPLETE,27/02/2018 14:15,04/03/2018 01:35,02/03/2018,
ZA-00016679,ZAC0018431,27/02/2018 17:44,COMPLETE,02/03/2018 07:18,04/03/2018 16:52,06/03/2018,
ZA-00016680,ZAC0007813,27/02/2018 08:31,DISPATCHED,01/03/2018 03:58,,05/03/2018,WINTER15
ZA-00016681,ZAC0014577,27/02/2018 17:11,COMPLETE,01/03/2018 05:28,07/03/2018 00:11,04/03/2018,
ZA-00016682,ZAC0023187,27/02/2018 21:38,COMPLETE,28/02/2018 05:17,03/03/2018 22:58,04/03/2018,LOYAL5
ZA-00016683,ZAC0008050,27/02/2018 19:18,COMPLETE,01/03/2018 12:40,04/03/2018 19:05,05/03/2018,
ZA-00016684,ZAC0019156,28/02/2018 22:41,COMPLETE,07/03/2018 22:55,12/03/2018 17:36,10/03/2018,
ZA-00016685,ZAC0014458,28/02/2018 22:27,COMPLETE,03/03/2018 12:52,06/03/2018 14:22,07/03/2018,BULK20
ZA-00016686,ZAC0002837,28/02/2018 07:18,DISPATCHED,07/03/2018 19:57,,11/03/2018,
ZA-00016687,ZAC0012471,28/02/2018 22:08,COMPLETE,05/03/2018 14:50,10/03/2018 22:34,12/03/2018,LOYAL5
ZA-00016688,ZAC0021243,28/02/2018 07:18,COMPLETE,28/02/2018 09:10,05/03/2018 15:25,10/03/2018,
ZA-00016689,ZAC0005278,28/02/2018 12:42,COMPLETE,02/03/2018 00:21,07/03/2018 16:14,07/03/2018,
ZA-00016690,ZAC0007486,28/02/2018 19:37,COMPLETE,01/03/2018 07:38,09/03/2018 03:50,05/03/2018,
ZA-00016691,ZAC0023111,28/02/2018 06:07,COMPLETE,01/03/2018 13:48,07/03/2018 22:28,05/03/2018,
ZA-00016692,ZAC0000590,28/02/2018 20:44,COMPLETE,02/03/2018 19:20,03/03/2018 18:20,09/03/2018,
ZA-00016693,ZAC0020339,28/02/2018 08:12,COMPLETE,01/03/2018 02:25,02/03/2018 02:23,11/03/2018,LOYAL5
ZA-00016694,ZAC0020268,28/02/2018 22:48,COMPLETE,02/03/2018 09:49,08/03/2018 16:51,06/03/2018,
ZA-00016695,ZAC0012567,28/02/2018 11:05,COMPLETE,04/03/2018 05:50,06/03/2018 07:34,08/03/2018,LOYAL5
ZA-00016696,ZAC0012754,28/02/2018 16:17,COMPLETE,05/03/2018 00:29,10/03/2018 21:44,08/03/2018,
ZA-00016697,ZAC0016732,28/02/2018 12:47,COMPLETE,03/03/2018 11:07,05/03/2018 14:08,08/03/2018,
ZA-00016698,ZAC0005056,28/02/2018 21:30,COMPLETE,01/03/2018 13:25,16/03/2018 19:33,06/03/2018,WELCOME10
ZA-00016699,ZAC0018193,28/02/2018 10:58,COMPLETE,02/03/2018 22:26,04/03/2018 07:49,07/03/2018,
ZA-00016700,ZAC0005056,28/02/2018 10:49,COMPLETE,03/03/2018 06:37,05/03/2018 08:28,07/03/2018,
ZA-00016701,ZAC0011050,28/02/2018 19:24,COMPLETE,02/03/2018 15:07,09/03/2018 02:05,07/03/2018,
ZA-00016702,ZAC0001969,28/02/2018 21:28,COMPLETE,01/03/2018 21:18,12/03/2018 03:37,05/03/2018,FLASH25
ZA-00016703,ZAC0004647,28/02/2018 12:40,COMPLETE,02/03/2018 05:26,04/03/2018 22:31,05/03/2018,
ZA-00016704,ZAC0004888,28/02/2018 11:21,CANCELLED,,,,
ZA-00016705,ZAC0003710,28/02/2018 18:47,COMPLETE,01/03/2018 23:06,03/03/2018 15:57,06/03/2018,
ZA-00016706,ZAC0020264,28/02/2018 18:57,RETURNED,09/03/2018 05:19,15/03/2018 12:19,13/03/2018,
ZA-00016707,ZAC0015223,28/02/2018 20:46,COMPLETE,03/03/2018 16:09,07/03/2018 01:15,07/03/2018,WELCOME10
ZA-00016708,ZAC0020778,28/02/2018 22:30,COMPLETE,01/03/2018 19:27,03/03/2018 10:04,06/03/2018,
ZA-00016709,ZAC0020332,28/02/2018 14:50,COMPLETE,04/03/2018 21:41,06/03/2018 23:38,08/03/2018,
ZA-00016710,ZAC0000121,28/02/2018 19:00,COMPLETE,02/03/2018 23:20,06/03/2018 19:45,05/03/2018,BULK20
ZA-00016711,ZAC0007745,28/02/2018 21:43,PENDING,,,,
ZA-00016712,ZAC0002301,28/02/2018 15:11,COMPLETE,28/02/2018 18:41,02/03/2018 09:12,05/03/2018,
ZA-00016713,ZAC0010897,28/02/2018 06:34,COMPLETE,01/03/2018 11:35,04/03/2018 02:06,05/03/2018,
ZA-00016714,ZAC0020487,28/02/2018 21:14,COMPLETE,04/03/2018 07:55,08/03/2018 15:38,09/03/2018,
ZA-00016715,ZAC0012665,28/02/2018 16:21,COMPLETE,04/03/2018 02:34,10/03/2018 02:17,09/03/2018,
ZA-00016716,ZAC0016838,28/02/2018 10:38,COMPLETE,02/03/2018 09:56,07/03/2018 16:15,05/03/2018,
ZA-00016717,ZAC0010813,28/02/2018 14:55,COMPLETE,28/02/2018 21:10,02/03/2018 02:40,03/03/2018,
ZA-00016718,ZAC0003415,28/02/2018 11:48,CANCELLED,,,,
ZA-00016719,ZAC0021397,28/02/2018 07:42,COMPLETE,03/03/2018 22:40,07/03/2018 18:34,06/03/2018,
ZA-00016720,ZAC0000126,28/02/2018 20:18,COMPLETE,01/03/2018 01:36,04/03/2018 20:32,06/03/2018,
ZA-00016721,ZAC0006427,28/02/2018 12:07,COMPLETE,03/03/2018 04:38,12/03/2018 11:47,06/03/2018,
ZA-00016722,ZAC0004002,28/02/2018 10:22,COMPLETE,01/03/2018 01:11,05/03/2018 05:57,08/03/2018,
ZA-00016723,ZAC0005750,28/02/2018 20:45,COMPLETE,01/03/2018 11:19,06/03/2018 20:08,05/03/2018,
ZA-00016724,ZAC0015030,28/02/2018 09:37,COMPLETE,04/03/2018 01:04,07/03/2018 00:58,07/03/2018,
ZA-00016725,ZAC0003291,28/02/2018 18:15,COMPLETE,04/03/2018 03:04,10/03/2018 02:20,11/03/2018,
ZA-00016726,ZAC0019902,28/02/2018 13:48,COMPLETE,01/03/2018 02:57,12/03/2018 14:11,05/03/2018,
ZA-00016727,ZAC0019624,28/02/2018 21:31,COMPLETE,02/03/2018 17:32,08/03/2018 08:18,12/03/2018,
ZA-00016728,ZAC0013216,28/02/2018 21:49,DISPATCHED,01/03/2018 15:42,,04/03/2018,
ZA-00016729,ZAC0011525,28/02/2018 20:50,COMPLETE,02/03/2018 00:13,03/03/2018 21:12,09/03/2018,
ZA-00016730,ZAC0011626,28/02/2018 19:16,COMPLETE,03/03/2018 13:36,07/03/2018 06:33,06/03/2018,
ZA-00016731,ZAC0015675,28/02/2018 07:34,COMPLETE,01/03/2018 12:17,09/03/2018 03:43,06/03/2018,WINTER15
ZA-00016732,ZAC0012495,28/02/2018 22:44,COMPLETE,01/03/2018 22:16,03/03/2018 07:01,08/03/2018,
ZA-00016733,ZAC0013959,28/02/2018 21:58,COMPLETE,03/03/2018 13:18,06/03/2018 05:34,07/03/2018,
ZA-00016734,ZAC0006824,28/02/2018 20:11,COMPLETE,04/03/2018 17:01,06/03/2018 02:09,08/03/2018,
ZA-00016735,ZAC0015008,28/02/2018 22:31,COMPLETE,02/03/2018 17:58,09/03/2018 13:57,07/03/2018,
ZA-00016736,ZAC0002623,28/02/2018 08:17,COMPLETE,01/03/2018 20:12,06/03/2018 16:08,05/03/2018,
ZA-00016737,ZAC0007913,28/02/2018 15:48,COMPLETE,02/03/2018 00:51,06/03/2018 15:44,05/03/2018,
ZA-00016738,ZAC0023959,28/02/2018 07:25,COMPLETE,04/03/2018 13:54,07/03/2018 04:18,09/03/2018,
ZA-00016739,ZAC0018521,28/02/2018 18:11,RETURNED,01/03/2018 05:32,07/03/2018 05:01,05/03/2018,
ZA-00016740,ZAC0022029,28/02/2018 22:02,COMPLETE,06/03/2018 23:53,07/03/2018 21:42,11/03/2018,
ZA-00016741,ZAC0015684,28/02/2018 09:02,COMPLETE,03/03/2018 08:32,13/03/2018 18:07,06/03/2018,
ZA-00016742,ZAC0019893,28/02/2018 13:42,COMPLETE,01/03/2018 17:04,04/03/2018 15:27,04/03/2018,
ZA-00016743,ZAC0004535,28/02/2018 16:41,COMPLETE,28/02/2018 22:39,01/03/2018 11:52,07/03/2018,
ZA-00016744,ZAC0011236,28/02/2018 16:51,COMPLETE,03/03/2018 18:21,06/03/2018 21:12,10/03/2018,
ZA-00016745,ZAC0010763,28/02/2018 16:34,COMPLETE,03/03/2018 12:20,06/03/2018 13:23,07/03/2018,
ZA-00016746,ZAC0012235,28/02/2018 08:20,COMPLETE,01/03/2018 14:14,08/03/2018 21:01,05/03/2018,
ZA-00016747,ZAC0013620,28/02/2018 12:20,COMPLETE,08/03/2018 08:48,09/03/2018 20:51,13/03/2018,
ZA-00016748,ZAC0004916,28/02/2018 18:31,COMPLETE,05/03/2018 11:13,07/03/2018 16:21,09/03/2018,
ZA-00016749,ZAC0014855,28/02/2018 11:45,COMPLETE,02/03/2018 14:25,04/03/2018 05:44,09/03/2018,
ZA-00016750,ZAC0001448,28/02/2018 18:21,COMPLETE,02/03/2018 13:43,11/03/2018 08:22,06/03/2018,WINTER15
ZA-00016751,ZAC0002074,28/02/2018 22:14,COMPLETE,02/03/2018 02:28,04/03/2018 00:09,05/03/2018,
