ord_ref,buyer_ref,ord_dt,ord_state,dispatch_dt,received_dt,promised_dt,promo_code
ZA-00028012,ZAC0015944,01/08/2018 15:37,COMPLETE,04/08/2018 15:32,06/08/2018 02:25,08/08/2018,
ZA-00028013,ZAC0009795,01/08/2018 06:56,COMPLETE,04/08/2018 15:21,09/08/2018 17:03,07/08/2018,
ZA-00028014,ZAC0013992,01/08/2018 22:31,COMPLETE,02/08/2018 12:19,03/08/2018 13:40,06/08/2018,
ZA-00028015,ZAC0007281,01/08/2018 12:58,COMPLETE,03/08/2018 19:46,05/08/2018 17:47,08/08/2018,
ZA-00028016,ZAC0007601,01/08/2018 12:12,COMPLETE,02/08/2018 01:48,04/08/2018 09:48,05/08/2018,
ZA-00028017,ZAC0020193,01/08/2018 21:28,COMPLETE,03/08/2018 14:15,15/08/2018 14:56,13/08/2018,
ZA-00028018,ZAC0023811,01/08/2018 16:37,COMPLETE,04/08/2018 07:24,09/08/2018 07:20,08/08/2018,
ZA-00028019,ZAC0004418,01/08/2018 12:17,COMPLETE,03/08/2018 22:42,06/08/2018 07:41,13/08/2018,
ZA-00028020,ZAC0018647,01/08/2018 07:43,COMPLETE,03/08/2018 22:34,06/08/2018 00:46,08/08/2018,
ZA-00028021,ZAC0016541,01/08/2018 16:21,COMPLETE,05/08/2018 00:57,08/08/2018 08:43,09/08/2018,
ZA-00028022,ZAC0018910,01/08/2018 09:13,COMPLETE,02/08/2018 17:46,07/08/2018 12:04,09/08/2018,
ZA-00028023,ZAC0015359,01/08/2018 10:54,COMPLETE,02/08/2018 08:30,03/08/2018 12:47,05/08/2018,
ZA-00028024,ZAC0018892,01/08/2018 20:37,COMPLETE,03/08/2018 21:01,06/08/2018 20:19,08/08/2018,BULK20
ZA-00028025,ZAC0006291,01/08/2018 18:43,COMPLETE,04/08/2018 00:03,14/08/2018 12:51,07/08/2018,
ZA-00028026,ZAC0002166,01/08/2018 17:29,COMPLETE,04/08/2018 15:52,07/08/2018 11:52,09/08/2018,
ZA-00028027,ZAC0015369,01/08/2018 12:39,RETURNED,03/08/2018 02:05,07/08/2018 15:30,06/08/2018,
ZA-00028028,ZAC0001398,01/08/2018 08:34,COMPLETE,04/08/2018 01:18,08/08/2018 16:03,07/08/2018,WELCOME10
ZA-00028029,ZAC0005559,01/08/2018 20:56,COMPLETE,03/08/2018 19:09,08/08/2018 10:28,07/08/2018,FLASH25
ZA-00028030,ZAC0016509,01/08/2018 22:03,COMPLETE,03/08/2018 23:16,11/08/2018 08:04,06/08/2018,WELCOME10
ZA-00028031,ZAC0003919,01/08/2018 07:08,COMPLETE,03/08/2018 04:21,08/08/2018 07:17,08/08/2018,
ZA-00028032,ZAC0017291,01/08/2018 13:24,COMPLETE,05/08/2018 11:26,11/08/2018 17:41,09/08/2018,
ZA-00028033,ZAC0006549,01/08/2018 14:42,COMPLETE,02/08/2018 09:37,03/08/2018 10:38,06/08/2018,
ZA-00028034,ZAC0003178,01/08/2018 06:19,COMPLETE,03/08/2018 12:03,15/08/2018 14:12,10/08/2018,
ZA-00028035,ZAC0003939,01/08/2018 18:07,COMPLETE,02/08/2018 11:28,06/08/2018 13:23,05/08/2018,WINTER15
ZA-00028036,ZAC0015606,01/08/2018 09:23,COMPLETE,05/08/2018 17:42,10/08/2018 00:25,10/08/2018,
ZA-00028037,ZAC0017342,01/08/2018 14:52,COMPLETE,06/08/2018 08:40,11/08/2018 04:16,10/08/2018,
ZA-00028038,ZAC0022263,01/08/2018 08:55,COMPLETE,02/08/2018 19:27,03/08/2018 21:09,05/08/2018,
ZA-00028039,ZAC0014376,01/08/2018 22:19,COMPLETE,04/08/2018 03:03,09/08/2018 23:04,11/08/2018,
ZA-00028040,ZAC0014479,01/08/2018 20:48,COMPLETE,03/08/2018 18:16,09/08/2018 02:51,10/08/2018,
ZA-00028041,ZAC0003002,01/08/2018 21:45,COMPLETE,02/08/2018 13:52,14/08/2018 07:31,06/08/2018,
ZA-00028042,ZAC0007516,01/08/2018 15:52,COMPLETE,03/08/2018 02:39,04/08/2018 04:42,08/08/2018,
ZA-00028043,ZAC0020747,01/08/2018 13:49,COMPLETE,04/08/2018 14:27,07/08/2018 08:15,09/08/2018,
ZA-00028044,ZAC0023399,01/08/2018 09:39,COMPLETE,01/08/2018 14:06,05/08/2018 00:51,08/08/2018,
ZA-00028045,ZAC0021465,01/08/2018 08:11,COMPLETE,01/08/2018 21:44,07/08/2018 02:27,06/08/2018,
ZA-00028046,ZAC0006153,01/08/2018 10:15,COMPLETE,01/08/2018 15:55,07/08/2018 15:13,06/08/2018,
ZA-00028047,ZAC0018439,01/08/2018 09:07,CANCELLED,,,,LOYAL5
ZA-00028048,ZAC0003047,01/08/2018 08:12,COMPLETE,03/08/2018 20:40,10/08/2018 22:05,10/08/2018,
ZA-00028049,ZAC0012985,01/08/2018 10:05,COMPLETE,06/08/2018 19:50,08/08/2018 11:24,09/08/2018,
ZA-00028050,ZAC0020537,01/08/2018 10:36,COMPLETE,03/08/2018 19:21,05/08/2018 23:39,10/08/2018,
ZA-00028051,ZAC0015524,01/08/2018 16:25,COMPLETE,08/08/2018 12:22,12/08/2018 20:49,13/08/2018,
ZA-00028052,ZAC0022344,01/08/2018 13:08,COMPLETE,02/08/2018 10:10,05/08/2018 21:53,09/08/2018,
ZA-00028053,ZAC0021080,01/08/2018 06:12,COMPLETE,03/08/2018 06:07,11/08/2018 04:14,07/08/2018,
ZA-00028054,ZAC0006926,01/08/2018 06:33,COMPLETE,04/08/2018 13:48,09/08/2018 08:43,08/08/2018,
ZA-00028055,ZAC0019208,01/08/2018 18:59,PENDING,,,,FLASH25
ZA-00028056,ZAC0012591,01/08/2018 22:27,COMPLETE,08/08/2018 11:50,12/08/2018 14:24,13/08/2018,
ZA-00028057,ZAC0020575,01/08/2018 19:39,COMPLETE,04/08/2018 11:05,16/08/2018 19:02,09/08/2018,
ZA-00028058,ZAC0014968,01/08/2018 18:50,COMPLETE,04/08/2018 17:15,08/08/2018 02:30,08/08/2018,WELCOME10
ZA-00028059,ZAC0020414,01/08/2018 11:01,COMPLETE,05/08/2018 10:45,05/08/2018 21:49,09/08/2018,
ZA-00028060,ZAC0003597,01/08/2018 21:20,COMPLETE,07/08/2018 10:59,12/08/2018 13:00,10/08/2018,
ZA-00028061,ZAC0001032,01/08/2018 14:53,COMPLETE,01/08/2018 21:36,05/08/2018 13:51,04/08/2018,
ZA-00028062,ZAC0021295,01/08/2018 12:21,COMPLETE,03/08/2018 23:51,11/08/2018 09:14,10/08/2018,BULK20
ZA-00028063,ZAC0016370,01/08/2018 20:53,COMPLETE,06/08/2018 06:30,15/08/2018 16:01,10/08/2018,
ZA-00028064,ZAC0009181,01/08/2018 17:21,CANCELLED,,,,
ZA-00028065,ZAC0003413,01/08/2018 16:50,CANCELLED,,,,
ZA-00028066,ZAC0018799,01/08/2018 17:32,COMPLETE,02/08/2018 01:02,05/08/2018 17:28,07/08/2018,
ZA-00028067,ZAC0022422,01/08/2018 11:58,COMPLETE,02/08/2018 02:37,08/08/2018 18:20,06/08/2018,
ZA-00028068,ZAC0017263,01/08/2018 21:50,COMPLETE,02/08/2018 11:25,08/08/2018 15:44,07/08/2018,
ZA-00028069,ZAC0004433,01/08/2018 08:21,COMPLETE,03/08/2018 05:50,07/08/2018 11:35,07/08/2018,
ZA-00028070,ZAC0007042,01/08/2018 08:20,COMPLETE,03/08/2018 22:58,09/08/2018 21:28,13/08/2018,
ZA-00028071,ZAC0004368,01/08/2018 13:41,COMPLETE,02/08/2018 11:54,05/08/2018 00:38,07/08/2018,
ZA-00028072,ZAC0016996,01/08/2018 07:33,CANCELLED,,,,
ZA-00028073,ZAC0000816,01/08/2018 06:04,CANCELLED,,,,
ZA-00028074,ZAC0007041,01/08/2018 22:33,COMPLETE,03/08/2018 00:46,06/08/2018 01:57,06/08/2018,
ZA-00028075,ZAC0016346,01/08/2018 15:21,CANCELLED,,,,
ZA-00028076,ZAC0014577,01/08/2018 15:19,COMPLETE,03/08/2018 09:38,06/08/2018 03:45,07/08/2018,
ZA-00028077,ZAC0006897,01/08/2018 11:14,DISPATCHED,03/08/2018 00:51,,10/08/2018,FREESHIP
ZA-00028078,ZAC0006282,01/08/2018 17:36,COMPLETE,02/08/2018 15:29,10/08/2018 10:41,07/08/2018,WELCOME10
ZA-00028079,ZAC0017235,01/08/2018 21:24,COMPLETE,04/08/2018 10:35,09/08/2018 17:38,08/08/2018,
ZA-00028080,ZAC0001251,01/08/2018 11:33,COMPLETE,05/08/2018 22:54,13/08/2018 22:40,15/08/2018,
ZA-00028081,ZAC0009067,01/08/2018 19:56,COMPLETE,03/08/2018 19:39,12/08/2018 03:50,06/08/2018,WINTER15
ZA-00028082,ZAC0009006,01/08/2018 09:40,COMPLETE,04/08/2018 04:32,12/08/2018 23:24,11/08/2018,
ZA-00028083,ZAC0010519,01/08/2018 10:09,COMPLETE,06/08/2018 05:21,06/08/2018 18:37,11/08/2018,
ZA-00028084,ZAC0021848,01/08/2018 19:10,COMPLETE,04/08/2018 03:39,06/08/2018 15:12,08/08/2018,
ZA-00028085,ZAC0021878,01/08/2018 17:50,COMPLETE,04/08/2018 19:46,12/08/2018 12:08,08/08/2018,
ZA-00028086,ZAC0000037,01/08/2018 14:58,COMPLETE,03/08/2018 00:40,07/08/2018 20:26,08/08/2018,
ZA-00028087,ZAC0023243,01/08/2018 20:18,COMPLETE,05/08/2018 19:13,10/08/2018 20:43,10/08/2018,
ZA-00028088,ZAC0002098,01/08/2018 18:43,COMPLETE,02/08/2018 01:43,04/08/2018 12:59,05/08/2018,
ZA-00028089,ZAC0013051,01/08/2018 20:56,COMPLETE,04/08/2018 16:36,08/08/2018 03:00,08/08/2018,
ZA-00028090,ZAC0002070,01/08/2018 11:47,COMPLETE,06/08/2018 22:05,12/08/2018 03:37,13/08/2018,
ZA-00028091,ZAC0004103,01/08/2018 16:07,COMPLETE,03/08/2018 12:37,08/08/2018 03:29,07/08/2018,
ZA-00028092,ZAC0008543,02/08/2018 18:53,COMPLETE,04/08/2018 07:37,08/08/2018 22:36,07/08/2018,
ZA-00028093,ZAC0017259,02/08/2018 12:49,RETURNED,06/08/2018 13:18,19/08/2018 19:33,10/08/2018,
ZA-00028094,ZAC0020938,02/08/2018 06:12,COMPLETE,03/08/2018 05:05,16/08/2018 19:03,07/08/2018,
ZA-00028095,ZAC0008628,02/08/2018 18:08,COMPLETE,04/08/2018 11:51,14/08/2018 09:33,09/08/2018,
ZA-00028096,ZAC0008544,02/08/2018 17:02,COMPLETE,07/08/2018 19:57,09/08/2018 07:35,14/08/2018,
ZA-00028097,ZAC0006819,02/08/2018 18:02,COMPLETE,03/08/2018 18:50,09/08/2018 12:24,07/08/2018,
ZA-00028098,ZAC0017254,02/08/2018 18:38,COMPLETE,07/08/2018 23:09,10/08/2018 14:37,12/08/2018,
ZA-00028099,ZAC0010006,02/08/2018 10:17,COMPLETE,03/08/2018 01:14,03/08/2018 15:32,13/08/2018,
ZA-00028100,ZAC0014952,02/08/2018 21:23,COMPLETE,07/08/2018 01:43,09/08/2018 05:04,11/08/2018,
ZA-00028101,ZAC0014689,02/08/2018 17:41,COMPLETE,04/08/2018 12:45,10/08/2018 17:17,07/08/2018,
ZA-00028102,ZAC0016289,02/08/2018 09:08,COMPLETE,05/08/2018 03:44,10/08/2018 15:00,15/08/2018,
ZA-00028103,ZAC0003587,02/08/2018 18:10,COMPLETE,06/08/2018 21:35,08/08/2018 01:14,13/08/2018,WELCOME10
ZA-00028104,ZAC0001153,02/08/2018 18:18,COMPLETE,06/08/2018 03:52,13/08/2018 05:26,13/08/2018,
ZA-00028105,ZAC0000716,02/08/2018 08:08,COMPLETE,05/08/2018 06:52,08/08/2018 03:56,12/08/2018,
ZA-00028106,ZAC0016508,02/08/2018 06:56,COMPLETE,03/08/2018 21:48,06/08/2018 08:19,06/08/2018,
ZA-00028107,ZAC0005309,02/08/2018 06:13,COMPLETE,04/08/2018 19:36,07/08/2018 10:56,08/08/2018,WELCOME10
ZA-00028108,ZAC0007870,02/08/2018 14:51,RETURNED,04/08/2018 12:53,10/08/2018 16:27,08/08/2018,
ZA-00028109,ZAC0003664,02/08/2018 07:50,COMPLETE,03/08/2018 03:21,04/08/2018 20:39,10/08/2018,
ZA-00028110,ZAC0011660,02/08/2018 17:12,COMPLETE,04/08/2018 19:13,13/08/2018 13:40,08/08/2018,
ZA-00028111,ZAC0002002,02/08/2018 22:03,COMPLETE,05/08/2018 22:33,15/08/2018 05:53,08/08/2018,
ZA-00028112,ZAC0002359,02/08/2018 12:29,COMPLETE,04/08/2018 14:33,06/08/2018 05:30,11/08/2018,
ZA-00028113,ZAC0021610,02/08/2018 08:40,COMPLETE,03/08/2018 17:52,04/08/2018 16:59,06/08/2018,
ZA-00028114,ZAC0019833,02/08/2018 17:28,RETURNED,05/08/2018 17:12,09/08/2018 00:56,10/08/2018,
ZA-00028115,ZAC0010039,02/08/2018 21:43,COMPLETE,07/08/2018 23:49,10/08/2018 02:29,12/08/2018,
ZA-00028116,ZAC0020745,02/08/2018 15:34,COMPLETE,12/08/2018 03:30,13/08/2018 16:32,19/08/2018,
ZA-00028117,ZAC0018930,02/08/2018 18:14,COMPLETE,04/08/2018 14:44,20/08/2018 06:48,09/08/2018,
ZA-00028118,ZAC0011660,02/08/2018 10:37,COMPLETE,03/08/2018 15:32,07/08/2018 22:41,07/08/2018,FREESHIP
ZA-00028119,ZAC0002208,02/08/2018 21:54,COMPLETE,05/08/2018 00:47,09/08/2018 03:03,12/08/2018,
ZA-00028120,ZAC0004764,02/08/2018 10:57,COMPLETE,02/08/2018 22:01,09/08/2018 05:24,07/08/2018,
ZA-00028121,ZAC0023969,02/08/2018 13:32,COMPLETE,03/08/2018 03:15,07/08/2018 22:42,08/08/2018,BULK20
ZA-00028122,ZAC0008293,02/08/2018 21:08,COMPLETE,04/08/2018 12:20,08/08/2018 08:36,09/08/2018,
ZA-00028123,ZAC0003150,02/08/2018 19:30,COMPLETE,06/08/2018 23:52,08/08/2018 19:34,11/08/2018,FLASH25
ZA-00028124,ZAC0019875,02/08/2018 14:51,CANCELLED,,,,
ZA-00028125,ZAC0004943,02/08/2018 08:52,COMPLETE,03/08/2018 07:32,05/08/2018 11:50,06/08/2018,
ZA-00028126,ZAC0020111,02/08/2018 08:36,COMPLETE,02/08/2018 17:16,04/08/2018 03:46,06/08/2018,BULK20
ZA-00028127,ZAC0016803,02/08/2018 09:54,COMPLETE,02/08/2018 23:06,05/08/2018 21:05,09/08/2018,
ZA-00028128,ZAC0018298,02/08/2018 16:29,COMPLETE,06/08/2018 17:21,13/08/2018 02:35,09/08/2018,
ZA-00028129,ZAC0017798,02/08/2018 13:25,COMPLETE,04/08/2018 13:57,13/08/2018 08:29,08/08/2018,
ZA-00028130,ZAC0010525,02/08/2018 10:57,COMPLETE,05/08/2018 17:52,07/08/2018 07:29,15/08/2018,
ZA-00028131,ZAC0023570,02/08/2018 21:48,COMPLETE,03/08/2018 08:16,11/08/2018 20:04,08/08/2018,
ZA-00028132,ZAC0010971,02/08/2018 13:45,COMPLETE,04/08/2018 19:58,08/08/2018 20:51,11/08/2018,
ZA-00028133,ZAC0008195,02/08/2018 15:10,COMPLETE,04/08/2018 13:36,12/08/2018 11:39,09/08/2018,
ZA-00028134,ZAC0009668,02/08/2018 16:10,COMPLETE,05/08/2018 07:42,06/08/2018 16:52,15/08/2018,
ZA-00028135,ZAC0023112,02/08/2018 15:00,CANCELLED,,,,LOYAL5
ZA-00028136,ZAC0009616,02/08/2018 07:33,COMPLETE,03/08/2018 00:29,17/08/2018 15:38,07/08/2018,
ZA-00028137,ZAC0009871,02/08/2018 19:39,COMPLETE,11/08/2018 10:57,19/08/2018 15:28,15/08/2018,
ZA-00028138,ZAC0014154,02/08/2018 12:28,COMPLETE,02/08/2018 21:35,06/08/2018 06:17,05/08/2018,
ZA-00028139,ZAC0012782,02/08/2018 19:48,COMPLETE,04/08/2018 14:30,07/08/2018 20:55,08/08/2018,
ZA-00028140,ZAC0006171,02/08/2018 14:46,COMPLETE,03/08/2018 10:39,06/08/2018 05:19,06/08/2018,
ZA-00028141,ZAC0012446,02/08/2018 12:10,CANCELLED,,,,
ZA-00028142,ZAC0006448,02/08/2018 12:03,PENDING,,,,FREESHIP
ZA-00028143,ZAC0003274,02/08/2018 22:01,COMPLETE,03/08/2018 13:55,06/08/2018 09:41,08/08/2018,
ZA-00028144,ZAC0002699,02/08/2018 06:37,COMPLETE,04/08/2018 20:01,10/08/2018 14:44,09/08/2018,
ZA-00028145,ZAC0011855,02/08/2018 14:24,CANCELLED,,,,
ZA-00028146,ZAC0020238,02/08/2018 15:43,COMPLETE,04/08/2018 07:34,08/08/2018 15:58,07/08/2018,
ZA-00028147,ZAC0010222,02/08/2018 21:55,COMPLETE,04/08/2018 12:25,05/08/2018 12:01,07/08/2018,
ZA-00028148,ZAC0021978,02/08/2018 22:24,COMPLETE,05/08/2018 08:47,16/08/2018 03:19,09/08/2018,BULK20
ZA-00028149,ZAC0010690,02/08/2018 13:25,COMPLETE,05/08/2018 15:47,09/08/2018 18:36,10/08/2018,
ZA-00028150,ZAC0008644,02/08/2018 10:00,COMPLETE,03/08/2018 05:07,08/08/2018 10:31,07/08/2018,
ZA-00028151,ZAC0017041,02/08/2018 20:32,COMPLETE,03/08/2018 16:33,08/08/2018 20:46,08/08/2018,WINTER15
ZA-00028152,ZAC0017070,02/08/2018 18:12,COMPLETE,06/08/2018 11:33,13/08/2018 08:44,10/08/2018,FLASH25
ZA-00028153,ZAC0006091,02/08/2018 09:48,PENDING,,,,
ZA-00028154,ZAC0001230,02/08/2018 11:22,COMPLETE,03/08/2018 23:27,06/08/2018 08:53,07/08/2018,
ZA-00028155,ZAC0020940,02/08/2018 15:35,COMPLETE,05/08/2018 07:29,07/08/2018 02:05,10/08/2018,
ZA-00028156,ZAC0005195,02/08/2018 07:31,COMPLETE,05/08/2018 02:20,10/08/2018 16:11,09/08/2018,
ZA-00028157,ZAC0008356,02/08/2018 12:37,COMPLETE,04/08/2018 14:42,07/08/2018 21:30,08/08/2018,BULK20
ZA-00028158,ZAC0004036,02/08/2018 15:06,COMPLETE,03/08/2018 09:18,09/08/2018 13:45,08/08/2018,
ZA-00028159,ZAC0015474,02/08/2018 17:20,COMPLETE,03/08/2018 02:35,04/08/2018 16:23,08/08/2018,
ZA-00028160,ZAC0011422,02/08/2018 22:41,COMPLETE,06/08/2018 12:10,08/08/2018 13:30,11/08/2018,
ZA-00028161,ZAC0001881,02/08/2018 14:37,COMPLETE,03/08/2018 14:37,06/08/2018 01:23,08/08/2018,
ZA-00028162,ZAC0008629,02/08/2018 21:22,COMPLETE,04/08/2018 09:58,09/08/2018 15:14,09/08/2018,
ZA-00028163,ZAC0000732,02/08/2018 18:49,COMPLETE,03/08/2018 01:25,09/08/2018 05:46,06/08/2018,
ZA-00028164,ZAC0009945,02/08/2018 22:34,COMPLETE,08/08/2018 01:34,08/08/2018 19:40,13/08/2018,
ZA-00028165,ZAC0003394,02/08/2018 21:39,COMPLETE,06/08/2018 18:14,10/08/2018 15:52,13/08/2018,
ZA-00028166,ZAC0022109,02/08/2018 12:08,COMPLETE,04/08/2018 17:20,09/08/2018 21:11,08/08/2018,
ZA-00028167,ZAC0019376,02/08/2018 19:29,COMPLETE,06/08/2018 15:55,07/08/2018 07:44,11/08/2018,
ZA-00028168,ZAC0011555,02/08/2018 15:43,COMPLETE,05/08/2018 00:01,07/08/2018 01:01,09/08/2018,
ZA-00028169,ZAC0022541,02/08/2018 15:13,COMPLETE,04/08/2018 09:31,05/08/2018 17:21,09/08/2018,
ZA-00028170,ZAC0010969,02/08/2018 11:02,COMPLETE,02/08/2018 17:42,10/08/2018 15:06,09/08/2018,
ZA-00028171,ZAC0005419,02/08/2018 17:57,CANCELLED,,,,
ZA-00028172,ZAC0010546,02/08/2018 15:26,COMPLETE,06/08/2018 01:16,13/08/2018 16:00,09/08/2018,FREESHIP
ZA-00028173,ZAC0011612,02/08/2018 08:34,COMPLETE,05/08/2018 21:49,19/08/2018 03:41,12/08/2018,
ZA-00028174,ZAC0021204,03/08/2018 21:11,COMPLETE,05/08/2018 13:38,14/08/2018 16:52,08/08/2018,
ZA-00028175,ZAC0004804,03/08/2018 15:53,COMPLETE,04/08/2018 19:06,08/08/2018 01:10,07/08/2018,LOYAL5
ZA-00028176,ZAC0022099,03/08/2018 12:23,COMPLETE,05/08/2018 06:01,16/08/2018 17:30,08/08/2018,
ZA-00028177,ZAC0009150,03/08/2018 09:51,DISPATCHED,05/08/2018 02:17,,09/08/2018,FLASH25
ZA-00028178,ZAC0019061,03/08/2018 19:36,COMPLETE,06/08/2018 03:38,14/08/2018 18:16,11/08/2018,
ZA-00028179,ZAC0006925,03/08/2018 16:55,COMPLETE,05/08/2018 15:25,13/08/2018 14:32,10/08/2018,BULK20
ZA-00028180,ZAC0017514,03/08/2018 06:37,COMPLETE,05/08/2018 11:29,14/08/2018 03:57,08/08/2018,LOYAL5
ZA-00028181,ZAC0017573,03/08/2018 14:50,COMPLETE,08/08/2018 23:31,11/08/2018 08:40,12/08/2018,
ZA-00028182,ZAC0005763,03/08/2018 22:43,COMPLETE,04/08/2018 20:44,08/08/2018 16:20,07/08/2018,
ZA-00028183,ZAC0009222,03/08/2018 08:34,COMPLETE,07/08/2018 05:46,09/08/2018 22:27,10/08/2018,
ZA-00028184,ZAC0016798,03/08/2018 15:30,COMPLETE,07/08/2018 07:47,14/08/2018 00:51,11/08/2018,WINTER15
ZA-00028185,ZAC0006897,03/08/2018 22:57,COMPLETE,06/08/2018 17:34,11/08/2018 22:55,10/08/2018,LOYAL5
ZA-00028186,ZAC0012720,03/08/2018 13:44,COMPLETE,04/08/2018 04:33,08/08/2018 04:10,09/08/2018,
ZA-00028187,ZAC0013895,03/08/2018 14:25,COMPLETE,06/08/2018 09:51,09/08/2018 19:09,16/08/2018,
ZA-00028188,ZAC0000605,03/08/2018 19:04,COMPLETE,05/08/2018 18:26,06/08/2018 21:22,12/08/2018,
ZA-00028189,ZAC0008728,03/08/2018 21:00,COMPLETE,06/08/2018 00:28,09/08/2018 16:12,10/08/2018,
ZA-00028190,ZAC0023987,03/08/2018 17:29,COMPLETE,04/08/2018 13:21,05/08/2018 22:48,08/08/2018,
ZA-00028191,ZAC0016506,03/08/2018 10:06,COMPLETE,04/08/2018 07:29,05/08/2018 07:06,08/08/2018,FREESHIP
ZA-00028192,ZAC0008831,03/08/2018 09:57,DISPATCHED,06/08/2018 22:44,,09/08/2018,FREESHIP
ZA-00028193,ZAC0020306,03/08/2018 13:26,COMPLETE,04/08/2018 21:30,09/08/2018 16:23,08/08/2018,
ZA-00028194,ZAC0017154,03/08/2018 08:31,COMPLETE,07/08/2018 21:00,12/08/2018 06:36,12/08/2018,
ZA-00028195,ZAC0013559,03/08/2018 20:00,COMPLETE,10/08/2018 03:09,17/08/2018 13:06,14/08/2018,
ZA-00028196,ZAC0000411,03/08/2018 16:45,COMPLETE,04/08/2018 15:20,07/08/2018 20:11,11/08/2018,
ZA-00028197,ZAC0009970,03/08/2018 18:58,COMPLETE,05/08/2018 05:19,08/08/2018 20:59,15/08/2018,
ZA-00028198,ZAC0022342,03/08/2018 14:42,COMPLETE,07/08/2018 22:37,09/08/2018 15:07,10/08/2018,WELCOME10
ZA-00028199,ZAC0023953,03/08/2018 12:46,COMPLETE,05/08/2018 14:51,08/08/2018 03:25,08/08/2018,
ZA-00028200,ZAC0019115,03/08/2018 14:42,COMPLETE,08/08/2018 04:13,14/08/2018 05:05,11/08/2018,FREESHIP
ZA-00028201,ZAC0017641,03/08/2018 13:43,COMPLETE,04/08/2018 22:46,07/08/2018 11:19,09/08/2018,
ZA-00028202,ZAC0013310,03/08/2018 18:24,COMPLETE,05/08/2018 11:53,10/08/2018 02:04,12/08/2018,
ZA-00028203,ZAC0009841,03/08/2018 22:52,COMPLETE,04/08/2018 14:04,06/08/2018 18:54,11/08/2018,FREESHIP
ZA-00028204,ZAC0021783,03/08/2018 06:19,COMPLETE,03/08/2018 09:09,05/08/2018 18:34,07/08/2018,FREESHIP
ZA-00028205,ZAC0010769,03/08/2018 13:56,COMPLETE,08/08/2018 21:28,11/08/2018 06:53,12/08/2018,
ZA-00028206,ZAC0019311,03/08/2018 21:52,COMPLETE,05/08/2018 13:27,09/08/2018 05:58,09/08/2018,
ZA-00028207,ZAC0022670,03/08/2018 16:32,COMPLETE,05/08/2018 16:58,09/08/2018 13:06,09/08/2018,
ZA-00028208,ZAC0018409,03/08/2018 21:44,COMPLETE,04/08/2018 07:13,12/08/2018 01:38,11/08/2018,
ZA-00028209,ZAC0013274,03/08/2018 16:53,COMPLETE,05/08/2018 03:33,07/08/2018 00:53,10/08/2018,
ZA-00028210,ZAC0007868,03/08/2018 15:37,COMPLETE,06/08/2018 20:03,11/08/2018 14:07,11/08/2018,
ZA-00028211,ZAC0013540,03/08/2018 21:41,COMPLETE,04/08/2018 23:04,12/08/2018 02:33,08/08/2018,
ZA-00028212,ZAC0001411,03/08/2018 10:59,COMPLETE,07/08/2018 19:26,11/08/2018 16:50,14/08/2018,
ZA-00028213,ZAC0023255,03/08/2018 13:22,COMPLETE,06/08/2018 16:23,11/08/2018 23:57,09/08/2018,
ZA-00028214,ZAC0020932,03/08/2018 19:29,COMPLETE,04/08/2018 13:12,07/08/2018 20:44,07/08/2018,
ZA-00028215,ZAC0010141,03/08/2018 07:52,COMPLETE,05/08/2018 05:20,14/08/2018 22:43,10/08/2018,
ZA-00028216,ZAC0011818,03/08/2018 21:01,COMPLETE,05/08/2018 05:00,09/08/2018 15:56,12/08/2018,
ZA-00028217,ZAC0023618,03/08/2018 20:51,COMPLETE,05/08/2018 02:43,07/08/2018 19:18,12/08/2018,
ZA-00028218,ZAC0012779,03/08/2018 20:36,CANCELLED,,,,BULK20
ZA-00028219,ZAC0000468,03/08/2018 12:28,COMPLETE,04/08/2018 13:36,08/08/2018 19:48,07/08/2018,WINTER15
ZA-00028220,ZAC0000328,03/08/2018 11:03,COMPLETE,03/08/2018 20:28,08/08/2018 00:27,07/08/2018,WELCOME10
ZA-00028221,ZAC0008481,03/08/2018 16:30,COMPLETE,05/08/2018 19:33,11/08/2018 23:30,08/08/2018,
ZA-00028222,ZAC0023505,03/08/2018 15:22,COMPLETE,04/08/2018 20:13,09/08/2018 05:27,07/08/2018,
ZA-00028223,ZAC0022411,03/08/2018 22:47,COMPLETE,04/08/2018 14:55,14/08/2018 10:54,07/08/2018,
ZA-00028224,ZAC0012121,03/08/2018 12:19,COMPLETE,06/08/2018 23:32,09/08/2018 04:57,10/08/2018,
ZA-00028225,ZAC0014169,03/08/2018 15:43,COMPLETE,06/08/2018 22:53,07/08/2018 21:42,16/08/2018,
ZA-00028226,ZAC0017204,03/08/2018 19:27,COMPLETE,05/08/2018 03:17,08/08/2018 05:54,09/08/2018,
ZA-00028227,ZAC0013407,03/08/2018 10:59,COMPLETE,08/08/2018 09:48,15/08/2018 00:29,11/08/2018,
ZA-00028228,ZAC0012081,03/08/2018 14:47,COMPLETE,05/08/2018 08:46,06/08/2018 23:31,10/08/2018,
ZA-00028229,ZAC0018831,03/08/2018 21:08,CANCELLED,,,,
ZA-00028230,ZAC0015649,03/08/2018 09:00,COMPLETE,04/08/2018 06:10,07/08/2018 09:21,07/08/2018,WINTER15
ZA-00028231,ZAC0022743,03/08/2018 20:06,COMPLETE,09/08/2018 05:47,16/08/2018 11:00,13/08/2018,
ZA-00028232,ZAC0018550,03/08/2018 10:06,COMPLETE,04/08/2018 22:26,08/08/2018 04:23,08/08/2018,
ZA-00028233,ZAC0005774,03/08/2018 12:21,COMPLETE,04/08/2018 16:37,06/08/2018 03:57,07/08/2018,
ZA-00028234,ZAC0007660,03/08/2018 08:45,COMPLETE,04/08/2018 04:39,07/08/2018 14:23,09/08/2018,BULK20
ZA-00028235,ZAC0022199,03/08/2018 09:36,COMPLETE,04/08/2018 15:30,17/08/2018 20:18,09/08/2018,FREESHIP
ZA-00028236,ZAC0020151,03/08/2018 22:43,COMPLETE,08/08/2018 14:54,16/08/2018 15:25,12/08/2018,
ZA-00028237,ZAC0017049,03/08/2018 20:43,COMPLETE,06/08/2018 03:58,10/08/2018 02:01,10/08/2018,
ZA-00028238,ZAC0000792,03/08/2018 21:36,COMPLETE,04/08/2018 07:53,09/08/2018 22:51,07/08/2018,FLASH25
ZA-00028239,ZAC0010222,03/08/2018 21:36,COMPLETE,05/08/2018 19:03,06/08/2018 13:11,09/08/2018,
ZA-00028240,ZAC0011983,03/08/2018 21:47,PENDING,,,,
ZA-00028241,ZAC0021313,03/08/2018 10:41,COMPLETE,13/08/2018 16:49,19/08/2018 08:38,17/08/2018,
ZA-00028242,ZAC0007793,03/08/2018 20:54,RETURNED,05/08/2018 23:17,12/08/2018 20:44,09/08/2018,
ZA-00028243,ZAC0020171,03/08/2018 16:19,COMPLETE,05/08/2018 02:48,09/08/2018 02:04,10/08/2018,
ZA-00028244,ZAC0013228,03/08/2018 10:40,COMPLETE,06/08/2018 19:30,08/08/2018 09:16,16/08/2018,
ZA-00028245,ZAC0003171,03/08/2018 17:50,COMPLETE,04/08/2018 22:41,11/08/2018 13:38,08/08/2018,
ZA-00028246,ZAC0003752,03/08/2018 19:29,COMPLETE,04/08/2018 20:55,10/08/2018 21:11,08/08/2018,
ZA-00028247,ZAC0008627,03/08/2018 08:36,COMPLETE,06/08/2018 16:00,08/08/2018 05:27,09/08/2018,
ZA-00028248,ZAC0006553,03/08/2018 18:56,COMPLETE,04/08/2018 07:31,06/08/2018 23:29,11/08/2018,
ZA-00028249,ZAC0015356,03/08/2018 09:36,COMPLETE,04/08/2018 20:47,18/08/2018 19:36,08/08/2018,
ZA-00028250,ZAC0002674,03/08/2018 16:45,COMPLETE,04/08/2018 19:45,09/08/2018 09:20,09/08/2018,FLASH25
ZA-00028251,ZAC0001375,03/08/2018 06:24,COMPLETE,04/08/2018 17:29,12/08/2018 19:05,08/08/2018,
ZA-00028252,ZAC0019921,03/08/2018 22:20,COMPLETE,05/08/2018 00:24,12/08/2018 07:58,12/08/2018,
ZA-00028253,ZAC0014760,03/08/2018 18:22,COMPLETE,04/08/2018 17:25,06/08/2018 07:40,09/08/2018,
ZA-00028254,ZAC0020151,03/08/2018 18:29,COMPLETE,07/08/2018 15:18,12/08/2018 00:33,17/08/2018,BULK20
ZA-00028255,ZAC0016004,03/08/2018 20:07,COMPLETE,07/08/2018 01:08,13/08/2018 14:58,11/08/2018,
ZA-00028256,ZAC0014269,04/08/2018 10:14,CANCELLED,,,,
ZA-00028257,ZAC0005461,04/08/2018 20:53,COMPLETE,08/08/2018 18:45,15/08/2018 21:34,12/08/2018,
ZA-00028258,ZAC0014026,04/08/2018 20:19,COMPLETE,06/08/2018 15:29,08/08/2018 08:57,09/08/2018,WELCOME10
ZA-00028259,ZAC0001997,04/08/2018 13:53,COMPLETE,05/08/2018 12:27,10/08/2018 02:18,09/08/2018,
ZA-00028260,ZAC0017569,04/08/2018 06:27,COMPLETE,07/08/2018 15:09,09/08/2018 18:37,14/08/2018,
ZA-00028261,ZAC0017352,04/08/2018 18:42,COMPLETE,08/08/2018 23:37,14/08/2018 21:40,18/08/2018,FLASH25
ZA-00028262,ZAC0016078,04/08/2018 13:56,DISPATCHED,05/08/2018 06:55,,15/08/2018,
ZA-00028263,ZAC0013098,04/08/2018 08:15,COMPLETE,05/08/2018 19:02,09/08/2018 17:29,08/08/2018,
ZA-00028264,ZAC0017057,04/08/2018 18:04,COMPLETE,11/08/2018 06:37,12/08/2018 00:24,14/08/2018,
ZA-00028265,ZAC0013635,04/08/2018 17:59,COMPLETE,06/08/2018 01:28,09/08/2018 22:02,11/08/2018,
ZA-00028266,ZAC0021505,04/08/2018 13:06,COMPLETE,05/08/2018 05:59,10/08/2018 12:10,12/08/2018,
ZA-00028267,ZAC0010466,04/08/2018 18:06,COMPLETE,04/08/2018 23:51,05/08/2018 10:08,07/08/2018,
ZA-00028268,ZAC0001321,04/08/2018 08:23,COMPLETE,06/08/2018 17:05,07/08/2018 17:45,10/08/2018,
ZA-00028269,ZAC0000218,04/08/2018 19:08,COMPLETE,06/08/2018 22:31,08/08/2018 13:31,10/08/2018,FLASH25
ZA-00028270,ZAC0005962,04/08/2018 13:33,COMPLETE,05/08/2018 05:31,10/08/2018 04:18,15/08/2018,
ZA-00028271,ZAC0017240,04/08/2018 09:18,COMPLETE,04/08/2018 21:08,12/08/2018 05:44,08/08/2018,
ZA-00028272,ZAC0020940,04/08/2018 06:03,COMPLETE,05/08/2018 17:38,10/08/2018 09:48,10/08/2018,FREESHIP
ZA-00028273,ZAC0013726,04/08/2018 22:24,COMPLETE,11/08/2018 04:27,13/08/2018 03:33,16/08/2018,FREESHIP
ZA-00028274,ZAC0014983,04/08/2018 21:09,COMPLETE,06/08/2018 22:53,13/08/2018 19:23,11/08/2018,
ZA-00028275,ZAC0021394,04/08/2018 08:10,COMPLETE,05/08/2018 07:02,08/08/2018 20:04,10/08/2018,
ZA-00028276,ZAC0011605,04/08/2018 22:31,COMPLETE,07/08/2018 03:33,12/08/2018 17:55,14/08/2018,FREESHIP
ZA-00028277,ZAC0000582,04/08/2018 21:34,COMPLETE,05/08/2018 06:48,16/08/2018 17:49,12/08/2018,LOYAL5
ZA-00028278,ZAC0018961,04/08/2018 09:28,COMPLETE,04/08/2018 22:15,06/08/2018 06:41,07/08/2018,
ZA-00028279,ZAC0010246,04/08/2018 12:10,COMPLETE,06/08/2018 04:58,11/08/2018 16:47,11/08/2018,WINTER15
ZA-00028280,ZAC0008981,04/08/2018 07:00,COMPLETE,06/08/2018 00:06,14/08/2018 20:34,09/08/2018,
ZA-00028281,ZAC0023329,04/08/2018 21:45,COMPLETE,07/08/2018 05:40,10/08/2018 16:14,12/08/2018,WINTER15
ZA-00028282,ZAC0001475,04/08/2018 19:20,COMPLETE,05/08/2018 18:25,12/08/2018 22:11,12/08/2018,
ZA-00028283,ZAC0020311,04/08/2018 22:13,COMPLETE,09/08/2018 18:05,14/08/2018 12:57,13/08/2018,
ZA-00028284,ZAC0011610,04/08/2018 16:11,COMPLETE,04/08/2018 20:45,09/08/2018 09:50,08/08/2018,
ZA-00028285,ZAC0019405,04/08/2018 15:32,DISPATCHED,06/08/2018 03:04,,11/08/2018,WINTER15
ZA-00028286,ZAC0023684,04/08/2018 20:25,CANCELLED,,,,
ZA-00028287,ZAC0019531,04/08/2018 17:41,COMPLETE,06/08/2018 13:34,07/08/2018 16:29,13/08/2018,
ZA-00028288,ZAC0012161,04/08/2018 11:43,COMPLETE,04/08/2018 21:20,12/08/2018 11:24,08/08/2018,FREESHIP
ZA-00028289,ZAC0004509,04/08/2018 22:53,COMPLETE,06/08/2018 14:10,10/08/2018 13:33,11/08/2018,
ZA-00028290,ZAC0016709,04/08/2018 06:28,COMPLETE,07/08/2018 05:13,14/08/2018 01:49,10/08/2018,
ZA-00028291,ZAC0012586,04/08/2018 11:46,COMPLETE,06/08/2018 14:09,07/08/2018 22:54,11/08/2018,
ZA-00028292,ZAC0019503,04/08/2018 08:24,CANCELLED,,,,
ZA-00028293,ZAC0016969,04/08/2018 19:49,COMPLETE,06/08/2018 10:09,12/08/2018 12:07,11/08/2018,WELCOME10
ZA-00028294,ZAC0000646,04/08/2018 15:08,COMPLETE,05/08/2018 20:47,10/08/2018 10:00,12/08/2018,
ZA-00028295,ZAC0023662,04/08/2018 22:45,COMPLETE,07/08/2018 22:41,09/08/2018 05:53,11/08/2018,
ZA-00028296,ZAC0023117,04/08/2018 19:04,COMPLETE,06/08/2018 14:08,09/08/2018 07:32,13/08/2018,LOYAL5
ZA-00028297,ZAC0017506,04/08/2018 17:13,COMPLETE,06/08/2018 04:48,13/08/2018 13:54,13/08/2018,
ZA-00028298,ZAC0015118,04/08/2018 07:18,COMPLETE,05/08/2018 21:54,06/08/2018 11:46,08/08/2018,LOYAL5
ZA-00028299,ZAC0011567,04/08/2018 12:14,COMPLETE,07/08/2018 05:47,08/08/2018 07:38,11/08/2018,
ZA-00028300,ZAC0013050,04/08/2018 19:59,DISPATCHED,05/08/2018 00:13,,10/08/2018,
ZA-00028301,ZAC0000644,04/08/2018 20:47,COMPLETE,07/08/2018 18:28,11/08/2018 04:52,17/08/2018,
ZA-00028302,ZAC0001510,04/08/2018 06:16,COMPLETE,06/08/2018 15:33,08/08/2018 16:56,11/08/2018,
ZA-00028303,ZAC0012270,04/08/2018 07:34,COMPLETE,09/08/2018 06:08,16/08/2018 19:16,14/08/2018,
ZA-00028304,ZAC0015646,04/08/2018 16:57,COMPLETE,05/08/2018 16:59,11/08/2018 08:50,12/08/2018,
ZA-00028305,ZAC0016137,04/08/2018 22:03,COMPLETE,08/08/2018 01:15,10/08/2018 17:54,13/08/2018,
ZA-00028306,ZAC0015157,04/08/2018 12:47,COMPLETE,06/08/2018 18:13,15/08/2018 21:26,10/08/2018,
ZA-00028307,ZAC0015725,04/08/2018 08:30,DISPATCHED,08/08/2018 05:06,,15/08/2018,FREESHIP
ZA-00028308,ZAC0014030,04/08/2018 15:22,COMPLETE,09/08/2018 05:16,10/08/2018 13:34,13/08/2018,
ZA-00028309,ZAC0009961,04/08/2018 17:46,COMPLETE,06/08/2018 22:04,18/08/2018 17:54,13/08/2018,
ZA-00028310,ZAC0000556,04/08/2018 18:24,COMPLETE,08/08/2018 15:00,13/08/2018 11:49,13/08/2018,
ZA-00028311,ZAC0015936,04/08/2018 07:48,COMPLETE,05/08/2018 16:49,09/08/2018 03:02,12/08/2018,
ZA-00028312,ZAC0023519,04/08/2018 17:32,COMPLETE,09/08/2018 01:54,21/08/2018 20:46,14/08/2018,FLASH25
ZA-00028313,ZAC0023079,04/08/2018 16:03,COMPLETE,06/08/2018 18:45,07/08/2018 10:30,09/08/2018,
ZA-00028314,ZAC0017833,04/08/2018 12:35,COMPLETE,05/08/2018 10:35,15/08/2018 21:07,12/08/2018,
ZA-00028315,ZAC0011788,04/08/2018 10:28,COMPLETE,07/08/2018 19:42,09/08/2018 13:55,11/08/2018,
ZA-00028316,ZAC0008400,04/08/2018 16:25,COMPLETE,06/08/2018 03:13,12/08/2018 08:49,16/08/2018,BULK20
ZA-00028317,ZAC0011978,04/08/2018 07:39,COMPLETE,09/08/2018 13:46,15/08/2018 14:36,13/08/2018,FREESHIP
ZA-00028318,ZAC0009334,04/08/2018 08:54,COMPLETE,06/08/2018 21:55,16/08/2018 23:48,09/08/2018,WELCOME10
ZA-00028319,ZAC0022514,04/08/2018 19:38,COMPLETE,05/08/2018 02:38,12/08/2018 11:34,10/08/2018,
ZA-00028320,ZAC0022873,04/08/2018 15:04,COMPLETE,05/08/2018 01:59,10/08/2018 20:05,08/08/2018,FREESHIP
ZA-00028321,ZAC0016624,04/08/2018 06:33,COMPLETE,06/08/2018 08:09,09/08/2018 08:09,09/08/2018,BULK20
ZA-00028322,ZAC0012643,04/08/2018 19:56,COMPLETE,06/08/2018 22:30,13/08/2018 11:03,10/08/2018,
ZA-00028323,ZAC0021762,04/08/2018 16:18,COMPLETE,07/08/2018 08:49,12/08/2018 17:02,12/08/2018,
ZA-00028324,ZAC0005000,04/08/2018 13:59,COMPLETE,06/08/2018 07:23,13/08/2018 21:16,11/08/2018,
ZA-00028325,ZAC0004219,04/08/2018 09:53,COMPLETE,07/08/2018 15:21,12/08/2018 03:13,11/08/2018,BULK20
ZA-00028326,ZAC0010872,04/08/2018 15:18,CANCELLED,,,,
ZA-00028327,ZAC0015300,04/08/2018 22:48,COMPLETE,06/08/2018 17:28,12/08/2018 09:07,09/08/2018,FREESHIP
ZA-00028328,ZAC0005624,04/08/2018 09:55,COMPLETE,09/08/2018 00:41,10/08/2018 09:16,12/08/2018,
ZA-00028329,ZAC0015899,04/08/2018 10:13,COMPLETE,08/08/2018 21:18,12/08/2018 16:17,18/08/2018,
ZA-00028330,ZAC0015853,04/08/2018 09:41,COMPLETE,06/08/2018 16:12,11/08/2018 01:26,16/08/2018,
ZA-00028331,ZAC0008790,04/08/2018 10:57,COMPLETE,08/08/2018 00:49,14/08/2018 22:30,12/08/2018,
ZA-00028332,ZAC0007268,05/08/2018 20:13,COMPLETE,09/08/2018 09:44,18/08/2018 07:00,16/08/2018,FLASH25
ZA-00028333,ZAC0017427,05/08/2018 20:36,COMPLETE,06/08/2018 06:17,10/08/2018 06:01,13/08/2018,FREESHIP
ZA-00028334,ZAC0020981,05/08/2018 17:48,COMPLETE,05/08/2018 20:16,08/08/2018 06:57,09/08/2018,
ZA-00028335,ZAC0012643,05/08/2018 22:13,COMPLETE,08/08/2018 10:01,14/08/2018 07:46,13/08/2018,
ZA-00028336,ZAC0021175,05/08/2018 11:43,COMPLETE,07/08/2018 07:31,08/08/2018 10:42,10/08/2018,
ZA-00028337,ZAC0015710,05/08/2018 15:29,COMPLETE,08/08/2018 05:53,10/08/2018 21:07,11/08/2018,
ZA-00028338,ZAC0015000,05/08/2018 09:00,COMPLETE,07/08/2018 05:49,08/08/2018 14:44,11/08/2018,
ZA-00028339,ZAC0014867,05/08/2018 19:15,COMPLETE,08/08/2018 16:23,14/08/2018 19:46,12/08/2018,
ZA-00028340,ZAC0001016,05/08/2018 06:12,DISPATCHED,06/08/2018 03:58,,09/08/2018,
ZA-00028341,ZAC0023946,05/08/2018 09:09,COMPLETE,07/08/2018 09:48,10/08/2018 13:39,12/08/2018,
ZA-00028342,ZAC0014784,05/08/2018 15:21,COMPLETE,06/08/2018 14:49,08/08/2018 10:06,10/08/2018,LOYAL5
ZA-00028343,ZAC0006044,05/08/2018 13:54,COMPLETE,08/08/2018 03:04,14/08/2018 14:36,18/08/2018,
ZA-00028344,ZAC0005261,05/08/2018 15:57,COMPLETE,06/08/2018 15:37,12/08/2018 03:15,13/08/2018,
ZA-00028345,ZAC0014472,05/08/2018 07:05,COMPLETE,05/08/2018 23:12,10/08/2018 22:46,09/08/2018,
ZA-00028346,ZAC0019308,05/08/2018 06:59,COMPLETE,05/08/2018 23:30,10/08/2018 00:54,09/08/2018,
ZA-00028347,ZAC0017893,05/08/2018 20:17,COMPLETE,10/08/2018 07:00,13/08/2018 05:04,15/08/2018,
ZA-00028348,ZAC0011682,05/08/2018 08:39,COMPLETE,12/08/2018 05:34,14/08/2018 22:15,17/08/2018,
ZA-00028349,ZAC0014027,05/08/2018 11:17,COMPLETE,05/08/2018 22:45,10/08/2018 10:45,15/08/2018,
ZA-00028350,ZAC0003949,05/08/2018 11:39,COMPLETE,07/08/2018 21:58,13/08/2018 03:36,12/08/2018,
ZA-00028351,ZAC0015097,05/08/2018 15:39,COMPLETE,06/08/2018 18:37,13/08/2018 07:22,11/08/2018,
ZA-00028352,ZAC0022787,05/08/2018 17:44,COMPLETE,05/08/2018 18:35,09/08/2018 04:22,08/08/2018,
ZA-00028353,ZAC0000667,05/08/2018 12:23,COMPLETE,06/08/2018 12:11,13/08/2018 15:05,13/08/2018,
ZA-00028354,ZAC0017320,05/08/2018 10:13,CANCELLED,,,,
ZA-00028355,ZAC0011633,05/08/2018 19:17,COMPLETE,09/08/2018 04:18,12/08/2018 18:28,14/08/2018,WINTER15
ZA-00028356,ZAC0011716,05/08/2018 14:29,COMPLETE,08/08/2018 01:32,09/08/2018 19:14,12/08/2018,
ZA-00028357,ZAC0015506,05/08/2018 22:46,COMPLETE,07/08/2018 04:03,11/08/2018 07:15,12/08/2018,
ZA-00028358,ZAC0001162,05/08/2018 17:03,DISPATCHED,08/08/2018 01:01,,11/08/2018,FLASH25
ZA-00028359,ZAC0020149,05/08/2018 16:56,COMPLETE,07/08/2018 07:24,15/08/2018 08:43,11/08/2018,
ZA-00028360,ZAC0016435,05/08/2018 10:11,COMPLETE,09/08/2018 04:12,12/08/2018 03:28,13/08/2018,
ZA-00028361,ZAC0013429,05/08/2018 12:26,COMPLETE,06/08/2018 00:02,10/08/2018 09:45,10/08/2018,
ZA-00028362,ZAC0010088,05/08/2018 22:57,COMPLETE,06/08/2018 01:10,06/08/2018 13:13,09/08/2018,
ZA-00028363,ZAC0001129,05/08/2018 19:21,COMPLETE,08/08/2018 18:50,11/08/2018 08:19,12/08/2018,
ZA-00028364,ZAC0010051,05/08/2018 12:14,COMPLETE,06/08/2018 19:07,09/08/2018 20:33,10/08/2018,
ZA-00028365,ZAC0015648,05/08/2018 17:00,COMPLETE,08/08/2018 05:21,11/08/2018 17:15,15/08/2018,
ZA-00028366,ZAC0007994,05/08/2018 09:24,COMPLETE,06/08/2018 17:15,07/08/2018 13:29,10/08/2018,
ZA-00028367,ZAC0000982,05/08/2018 18:14,COMPLETE,08/08/2018 02:53,12/08/2018 16:34,12/08/2018,
ZA-00028368,ZAC0011279,05/08/2018 20:52,COMPLETE,08/08/2018 01:49,12/08/2018 13:58,13/08/2018,WELCOME10
ZA-00028369,ZAC0000207,05/08/2018 14:09,COMPLETE,07/08/2018 03:07,12/08/2018 01:50,17/08/2018,WINTER15
ZA-00028370,ZAC0007142,05/08/2018 13:13,COMPLETE,06/08/2018 19:32,09/08/2018 08:03,11/08/2018,
ZA-00028371,ZAC0009820,05/08/2018 06:08,COMPLETE,05/08/2018 20:57,08/08/2018 10:35,10/08/2018,
ZA-00028372,ZAC0006506,05/08/2018 16:15,COMPLETE,08/08/2018 01:42,20/08/2018 06:38,11/08/2018,
ZA-00028373,ZAC0006425,05/08/2018 13:09,COMPLETE,08/08/2018 10:27,18/08/2018 01:52,15/08/2018,
ZA-00028374,ZAC0017135,05/08/2018 20:46,COMPLETE,09/08/2018 22:38,13/08/2018 10:24,12/08/2018,
ZA-00028375,ZAC0006043,05/08/2018 08:49,COMPLETE,09/08/2018 05:26,11/08/2018 23:50,14/08/2018,
ZA-00028376,ZAC0003282,05/08/2018 15:57,PENDING,,,,
ZA-00028377,ZAC0017898,05/08/2018 20:58,COMPLETE,06/08/2018 21:53,18/08/2018 02:48,09/08/2018,
ZA-00028378,ZAC0002061,05/08/2018 10:26,COMPLETE,06/08/2018 06:40,10/08/2018 02:18,11/08/2018,
ZA-00028379,ZAC0018344,05/08/2018 09:21,COMPLETE,08/08/2018 00:42,18/08/2018 13:25,13/08/2018,
ZA-00028380,ZAC0015721,05/08/2018 08:59,COMPLETE,07/08/2018 07:14,10/08/2018 15:22,10/08/2018,
ZA-00028381,ZAC0011506,05/08/2018 20:19,COMPLETE,09/08/2018 06:12,16/08/2018 18:55,13/08/2018,
ZA-00028382,ZAC0010607,05/08/2018 11:11,COMPLETE,07/08/2018 04:11,11/08/2018 07:35,11/08/2018,
ZA-00028383,ZAC0022293,05/08/2018 17:29,DISPATCHED,06/08/2018 03:01,,10/08/2018,WELCOME10
ZA-00028384,ZAC0000337,05/08/2018 06:45,COMPLETE,06/08/2018 08:32,09/08/2018 11:01,10/08/2018,
ZA-00028385,ZAC0008036,05/08/2018 12:23,COMPLETE,07/08/2018 18:51,09/08/2018 00:18,11/08/2018,
ZA-00028386,ZAC0003143,05/08/2018 17:27,COMPLETE,07/08/2018 13:17,10/08/2018 06:09,11/08/2018,
ZA-00028387,ZAC0005121,05/08/2018 09:35,COMPLETE,08/08/2018 15:11,10/08/2018 11:55,15/08/2018,
ZA-00028388,ZAC0022786,05/08/2018 19:38,COMPLETE,06/08/2018 01:29,08/08/2018 01:09,16/08/2018,LOYAL5
ZA-00028389,ZAC0022249,05/08/2018 14:26,COMPLETE,07/08/2018 03:48,07/08/2018 17:39,12/08/2018,
ZA-00028390,ZAC0016106,05/08/2018 20:14,COMPLETE,07/08/2018 16:06,09/08/2018 13:30,14/08/2018,
ZA-00028391,ZAC0022695,05/08/2018 20:17,COMPLETE,06/08/2018 17:14,08/08/2018 00:40,09/08/2018,
ZA-00028392,ZAC0019450,05/08/2018 20:35,COMPLETE,07/08/2018 00:26,17/08/2018 10:57,14/08/2018,FLASH25
ZA-00028393,ZAC0008777,05/08/2018 18:44,COMPLETE,07/08/2018 19:51,12/08/2018 08:15,11/08/2018,WINTER15
ZA-00028394,ZAC0014770,05/08/2018 06:05,COMPLETE,06/08/2018 04:50,11/08/2018 02:29,09/08/2018,FREESHIP
ZA-00028395,ZAC0002932,05/08/2018 11:23,COMPLETE,07/08/2018 15:12,13/08/2018 06:30,10/08/2018,
ZA-00028396,ZAC0004387,05/08/2018 09:07,COMPLETE,07/08/2018 05:32,16/08/2018 23:20,10/08/2018,WELCOME10
ZA-00028397,ZAC0022385,05/08/2018 20:20,COMPLETE,07/08/2018 00:21,11/08/2018 12:05,10/08/2018,WINTER15
ZA-00028398,ZAC0023898,05/08/2018 14:19,COMPLETE,09/08/2018 09:11,11/08/2018 20:10,12/08/2018,
ZA-00028399,ZAC0019154,05/08/2018 06:19,COMPLETE,06/08/2018 03:28,11/08/2018 14:07,16/08/2018,
ZA-00028400,ZAC0004566,05/08/2018 13:29,COMPLETE,08/08/2018 18:55,12/08/2018 23:35,11/08/2018,WINTER15
ZA-00028401,ZAC0021193,05/08/2018 11:27,COMPLETE,06/08/2018 06:17,07/08/2018 21:43,09/08/2018,
ZA-00028402,ZAC0016715,05/08/2018 18:20,COMPLETE,10/08/2018 01:55,11/08/2018 16:23,14/08/2018,
ZA-00028403,ZAC0017293,06/08/2018 12:20,COMPLETE,10/08/2018 19:21,18/08/2018 22:18,13/08/2018,
ZA-00028404,ZAC0015069,06/08/2018 16:52,CANCELLED,,,,BULK20
ZA-00028405,ZAC0015279,06/08/2018 20:15,COMPLETE,08/08/2018 13:44,11/08/2018 03:43,13/08/2018,
ZA-00028406,ZAC0016914,06/08/2018 07:03,COMPLETE,09/08/2018 05:52,15/08/2018 11:26,19/08/2018,
ZA-00028407,ZAC0007046,06/08/2018 10:23,COMPLETE,10/08/2018 09:15,13/08/2018 16:19,17/08/2018,BULK20
ZA-00028408,ZAC0007683,06/08/2018 14:53,COMPLETE,08/08/2018 07:37,11/08/2018 21:17,13/08/2018,
ZA-00028409,ZAC0013194,06/08/2018 12:39,COMPLETE,08/08/2018 09:15,10/08/2018 17:50,15/08/2018,
ZA-00028410,ZAC0000828,06/08/2018 20:14,COMPLETE,07/08/2018 14:08,14/08/2018 18:32,11/08/2018,
ZA-00028411,ZAC0021557,06/08/2018 08:24,COMPLETE,07/08/2018 18:39,09/08/2018 20:43,10/08/2018,
ZA-00028412,ZAC0000717,06/08/2018 13:37,COMPLETE,09/08/2018 18:47,13/08/2018 14:56,12/08/2018,
ZA-00028413,ZAC0021342,06/08/2018 22:17,PENDING,,,,
ZA-00028414,ZAC0001326,06/08/2018 08:32,COMPLETE,15/08/2018 17:23,22/08/2018 03:28,18/08/2018,
ZA-00028415,ZAC0010663,06/08/2018 20:21,COMPLETE,08/08/2018 15:36,10/08/2018 20:35,13/08/2018,
ZA-00028416,ZAC0020314,06/08/2018 12:53,COMPLETE,07/08/2018 16:48,09/08/2018 11:17,11/08/2018,
ZA-00028417,ZAC0014397,06/08/2018 22:10,COMPLETE,07/08/2018 20:55,20/08/2018 15:12,12/08/2018,
ZA-00028418,ZAC0017173,06/08/2018 08:11,COMPLETE,14/08/2018 13:43,17/08/2018 14:46,18/08/2018,
ZA-00028419,ZAC0017416,06/08/2018 10:34,COMPLETE,07/08/2018 21:23,13/08/2018 02:59,12/08/2018,
ZA-00028420,ZAC0003185,06/08/2018 19:58,COMPLETE,11/08/2018 23:43,20/08/2018 23:39,16/08/2018,
ZA-00028421,ZAC0015232,06/08/2018 21:22,COMPLETE,10/08/2018 11:33,17/08/2018 05:51,13/08/2018,
ZA-00028422,ZAC0013310,06/08/2018 15:45,COMPLETE,09/08/2018 17:35,11/08/2018 00:56,19/08/2018,
ZA-00028423,ZAC0023317,06/08/2018 07:56,COMPLETE,09/08/2018 12:11,12/08/2018 03:58,13/08/2018,
ZA-00028424,ZAC0018455,06/08/2018 10:52,RETURNED,08/08/2018 02:48,10/08/2018 05:39,11/08/2018,FREESHIP
ZA-00028425,ZAC0016469,06/08/2018 18:04,COMPLETE,08/08/2018 08:28,11/08/2018 09:06,11/08/2018,
ZA-00028426,ZAC0019327,06/08/2018 22:02,COMPLETE,09/08/2018 07:04,14/08/2018 02:57,19/08/2018,WELCOME10
ZA-00028427,ZAC0004688,06/08/2018 20:44,COMPLETE,09/08/2018 08:44,17/08/2018 18:47,13/08/2018,WELCOME10
ZA-00028428,ZAC0004646,06/08/2018 09:12,COMPLETE,07/08/2018 15:38,10/08/2018 07:38,10/08/2018,
ZA-00028429,ZAC0010569,06/08/2018 17:46,COMPLETE,09/08/2018 04:16,13/08/2018 05:35,16/08/2018,
ZA-00028430,ZAC0012395,06/08/2018 22:49,COMPLETE,07/08/2018 08:59,11/08/2018 23:28,14/08/2018,
ZA-00028431,ZAC0016827,06/08/2018 20:03,COMPLETE,07/08/2018 16:35,16/08/2018 12:16,14/08/2018,
ZA-00028432,ZAC0019936,06/08/2018 17:27,CANCELLED,,,,
ZA-00028433,ZAC0010457,06/08/2018 16:37,COMPLETE,09/08/2018 18:31,13/08/2018 08:58,14/08/2018,WINTER15
ZA-00028434,ZAC0005027,06/08/2018 10:27,COMPLETE,10/08/2018 12:37,11/08/2018 15:52,14/08/2018,
ZA-00028435,ZAC0019014,06/08/2018 07:38,COMPLETE,07/08/2018 11:28,09/08/2018 15:23,10/08/2018,
ZA-00028436,ZAC0008535,06/08/2018 22:08,COMPLETE,10/08/2018 09:04,21/08/2018 01:17,15/08/2018,
ZA-00028437,ZAC0006138,06/08/2018 09:12,RETURNED,10/08/2018 01:14,10/08/2018 16:58,14/08/2018,
ZA-00028438,ZAC0012252,06/08/2018 17:07,PENDING,,,,
ZA-00028439,ZAC0009236,06/08/2018 06:04,COMPLETE,09/08/2018 04:14,14/08/2018 17:23,12/08/2018,
ZA-00028440,ZAC0003957,06/08/2018 15:42,COMPLETE,07/08/2018 02:53,13/08/2018 22:11,10/08/2018,
ZA-00028441,ZAC0007515,06/08/2018 21:26,COMPLETE,08/08/2018 04:12,10/08/2018 20:54,13/08/2018,
ZA-00028442,ZAC0023467,06/08/2018 08:44,COMPLETE,09/08/2018 16:45,11/08/2018 19:04,13/08/2018,LOYAL5
ZA-00028443,ZAC0019668,06/08/2018 08:44,PENDING,,,,
ZA-00028444,ZAC0008926,06/08/2018 18:32,COMPLETE,07/08/2018 10:26,09/08/2018 18:18,10/08/2018,
ZA-00028445,ZAC0022073,06/08/2018 15:15,COMPLETE,07/08/2018 12:36,15/08/2018 08:39,11/08/2018,
ZA-00028446,ZAC0001987,06/08/2018 16:53,COMPLETE,09/08/2018 07:12,11/08/2018 13:33,13/08/2018,
ZA-00028447,ZAC0001556,06/08/2018 12:23,COMPLETE,07/08/2018 03:48,09/08/2018 16:17,10/08/2018,
ZA-00028448,ZAC0001758,06/08/2018 20:29,COMPLETE,07/08/2018 11:18,14/08/2018 09:13,14/08/2018,
ZA-00028449,ZAC0008110,06/08/2018 13:13,CANCELLED,,,,WINTER15
ZA-00028450,ZAC0010463,06/08/2018 15:51,COMPLETE,09/08/2018 01:31,10/08/2018 06:53,13/08/2018,
ZA-00028451,ZAC0018295,06/08/2018 12:34,COMPLETE,10/08/2018 18:16,15/08/2018 23:59,13/08/2018,
ZA-00028452,ZAC0023101,06/08/2018 06:09,COMPLETE,08/08/2018 06:14,11/08/2018 06:28,15/08/2018,
ZA-00028453,ZAC0005971,06/08/2018 10:01,COMPLETE,08/08/2018 09:41,10/08/2018 04:25,12/08/2018,
ZA-00028454,ZAC0015163,06/08/2018 19:48,COMPLETE,09/08/2018 01:03,09/08/2018 23:10,13/08/2018,
ZA-00028455,ZAC0006571,06/08/2018 07:33,COMPLETE,07/08/2018 10:16,10/08/2018 07:22,14/08/2018,
ZA-00028456,ZAC0003529,06/08/2018 17:27,COMPLETE,08/08/2018 18:14,11/08/2018 07:52,12/08/2018,BULK20
ZA-00028457,ZAC0019803,06/08/2018 07:26,COMPLETE,09/08/2018 12:02,14/08/2018 06:42,12/08/2018,WINTER15
ZA-00028458,ZAC0005506,06/08/2018 21:50,COMPLETE,07/08/2018 20:11,12/08/2018 05:01,11/08/2018,
ZA-00028459,ZAC0008107,06/08/2018 20:03,COMPLETE,07/08/2018 07:55,11/08/2018 07:13,12/08/2018,
ZA-00028460,ZAC0011095,06/08/2018 19:26,COMPLETE,09/08/2018 12:20,10/08/2018 05:57,12/08/2018,LOYAL5
ZA-00028461,ZAC0004100,06/08/2018 10:07,COMPLETE,08/08/2018 04:38,09/08/2018 06:43,12/08/2018,
ZA-00028462,ZAC0014642,06/08/2018 14:30,COMPLETE,09/08/2018 10:09,12/08/2018 22:31,12/08/2018,
ZA-00028463,ZAC0011396,06/08/2018 17:56,COMPLETE,06/08/2018 20:06,11/08/2018 21:26,09/08/2018,
ZA-00028464,ZAC0014312,06/08/2018 18:19,COMPLETE,07/08/2018 08:24,10/08/2018 22:36,12/08/2018,
ZA-00028465,ZAC0003731,06/08/2018 17:54,COMPLETE,11/08/2018 23:27,18/08/2018 17:54,14/08/2018,
ZA-00028466,ZAC0010166,06/08/2018 17:58,COMPLETE,07/08/2018 19:35,11/08/2018 04:04,10/08/2018,
ZA-00028467,ZAC0023502,06/08/2018 12:09,COMPLETE,08/08/2018 05:40,10/08/2018 01:02,11/08/2018,BULK20
ZA-00028468,ZAC0008785,06/08/2018 21:47,COMPLETE,10/08/2018 10:37,13/08/2018 03:18,14/08/2018,
ZA-00028469,ZAC0010818,06/08/2018 18:46,COMPLETE,10/08/2018 06:55,11/08/2018 04:16,15/08/2018,WINTER15
ZA-00028470,ZAC0006464,06/08/2018 15:26,COMPLETE,07/08/2018 18:25,13/08/2018 08:43,11/08/2018,FLASH25
ZA-00028471,ZAC0018444,06/08/2018 08:13,COMPLETE,08/08/2018 09:00,16/08/2018 13:40,15/08/2018,
ZA-00028472,ZAC0016351,06/08/2018 17:43,COMPLETE,06/08/2018 23:54,11/08/2018 20:16,13/08/2018,
ZA-00028473,ZAC0018892,06/08/2018 16:46,COMPLETE,09/08/2018 15:12,16/08/2018 07:34,14/08/2018,
ZA-00028474,ZAC0001753,06/08/2018 11:58,COMPLETE,07/08/2018 13:28,09/08/2018 14:48,11/08/2018,
ZA-00028475,ZAC0006672,06/08/2018 22:23,COMPLETE,10/08/2018 04:10,13/08/2018 05:32,15/08/2018,BULK20
ZA-00028476,ZAC0008366,06/08/2018 11:44,COMPLETE,08/08/2018 03:44,09/08/2018 19:47,18/08/2018,FREESHIP
ZA-00028477,ZAC0002324,06/08/2018 14:03,COMPLETE,11/08/2018 13:43,13/08/2018 19:39,14/08/2018,
ZA-00028478,ZAC0010160,06/08/2018 17:16,COMPLETE,13/08/2018 09:37,22/08/2018 07:46,18/08/2018,
ZA-00028479,ZAC0018298,06/08/2018 13:03,COMPLETE,10/08/2018 10:48,13/08/2018 12:38,14/08/2018,
ZA-00028480,ZAC0009639,06/08/2018 16:18,COMPLETE,08/08/2018 20:28,16/08/2018 18:06,13/08/2018,
ZA-00028481,ZAC0017155,06/08/2018 08:07,COMPLETE,09/08/2018 19:52,10/08/2018 15:32,12/08/2018,
ZA-00028482,ZAC0013486,06/08/2018 12:21,COMPLETE,07/08/2018 05:20,12/08/2018 00:59,12/08/2018,WELCOME10
ZA-00028483,ZAC0017459,06/08/2018 08:58,COMPLETE,08/08/2018 14:53,10/08/2018 00:33,13/08/2018,
ZA-00028484,ZAC0005307,06/08/2018 06:17,COMPLETE,07/08/2018 11:59,10/08/2018 05:11,12/08/2018,
ZA-00028485,ZAC0017991,07/08/2018 15:22,COMPLETE,08/08/2018 17:05,11/08/2018 14:54,11/08/2018,
ZA-00028486,ZAC0012587,07/08/2018 15:06,COMPLETE,08/08/2018 07:35,10/08/2018 04:02,15/08/2018,
ZA-00028487,ZAC0022811,07/08/2018 13:32,COMPLETE,07/08/2018 15:42,13/08/2018 08:04,11/08/2018,
ZA-00028488,ZAC0017383,07/08/2018 14:38,COMPLETE,08/08/2018 10:10,13/08/2018 11:46,11/08/2018,LOYAL5
ZA-00028489,ZAC0020667,07/08/2018 13:33,COMPLETE,09/08/2018 20:17,12/08/2018 08:06,13/08/2018,
ZA-00028490,ZAC0009652,07/08/2018 08:05,COMPLETE,07/08/2018 14:57,14/08/2018 06:05,11/08/2018,
ZA-00028491,ZAC0005766,07/08/2018 11:47,COMPLETE,11/08/2018 03:20,15/08/2018 10:32,16/08/2018,WELCOME10
ZA-00028492,ZAC0014407,07/08/2018 14:43,COMPLETE,08/08/2018 21:39,14/08/2018 02:49,18/08/2018,
ZA-00028493,ZAC0015939,07/08/2018 22:04,COMPLETE,08/08/2018 23:42,11/08/2018 05:43,11/08/2018,
ZA-00028494,ZAC0005221,07/08/2018 19:07,COMPLETE,08/08/2018 16:36,15/08/2018 22:55,13/08/2018,
ZA-00028495,ZAC0019349,07/08/2018 16:13,COMPLETE,10/08/2018 08:22,18/08/2018 23:27,20/08/2018,
ZA-00028496,ZAC0009981,07/08/2018 18:40,COMPLETE,14/08/2018 13:32,20/08/2018 16:18,18/08/2018,
ZA-00028497,ZAC0003686,07/08/2018 08:11,CANCELLED,,,,
ZA-00028498,ZAC0020265,07/08/2018 18:44,COMPLETE,09/08/2018 10:12,13/08/2018 15:56,16/08/2018,
ZA-00028499,ZAC0015909,07/08/2018 09:17,COMPLETE,10/08/2018 11:18,14/08/2018 04:47,14/08/2018,
ZA-00028500,ZAC0023791,07/08/2018 16:09,COMPLETE,10/08/2018 02:07,11/08/2018 03:06,17/08/2018,
ZA-00028501,ZAC0008606,07/08/2018 22:57,COMPLETE,09/08/2018 17:23,14/08/2018 21:10,12/08/2018,FREESHIP
ZA-00028502,ZAC0014649,07/08/2018 10:38,COMPLETE,08/08/2018 05:04,13/08/2018 19:51,12/08/2018,
ZA-00028503,ZAC0009770,07/08/2018 06:38,COMPLETE,09/08/2018 18:37,12/08/2018 23:01,14/08/2018,FREESHIP
ZA-00028504,ZAC0020200,07/08/2018 07:42,COMPLETE,08/08/2018 00:51,10/08/2018 19:24,15/08/2018,FLASH25
ZA-00028505,ZAC0007889,07/08/2018 15:37,COMPLETE,10/08/2018 00:51,18/08/2018 00:45,13/08/2018,
ZA-00028506,ZAC0006544,07/08/2018 16:07,COMPLETE,08/08/2018 05:07,14/08/2018 03:55,12/08/2018,
ZA-00028507,ZAC0021759,07/08/2018 15:55,COMPLETE,08/08/2018 07:12,17/08/2018 03:57,15/08/2018,
ZA-00028508,ZAC0000115,07/08/2018 20:46,COMPLETE,11/08/2018 17:31,19/08/2018 20:43,14/08/2018,WELCOME10
ZA-00028509,ZAC0014139,07/08/2018 09:58,COMPLETE,08/08/2018 13:05,09/08/2018 16:49,11/08/2018,
ZA-00028510,ZAC0022892,07/08/2018 13:20,COMPLETE,10/08/2018 13:23,12/08/2018 16:57,15/08/2018,
ZA-00028511,ZAC0014967,07/08/2018 12:33,COMPLETE,07/08/2018 16:03,19/08/2018 09:56,11/08/2018,
ZA-00028512,ZAC0014247,07/08/2018 22:15,COMPLETE,11/08/2018 01:20,12/08/2018 17:15,14/08/2018,
ZA-00028513,ZAC0001087,07/08/2018 07:43,COMPLETE,09/08/2018 08:46,19/08/2018 07:49,12/08/2018,
ZA-00028514,ZAC0010193,07/08/2018 08:17,COMPLETE,10/08/2018 09:16,14/08/2018 18:16,15/08/2018,
ZA-00028515,ZAC0004417,07/08/2018 22:38,COMPLETE,10/08/2018 10:04,13/08/2018 10:56,14/08/2018,
ZA-00028516,ZAC0017601,07/08/2018 20:55,COMPLETE,10/08/2018 17:44,12/08/2018 01:06,15/08/2018,
ZA-00028517,ZAC0009325,07/08/2018 12:44,CANCELLED,,,,WINTER15
ZA-00028518,ZAC0021975,07/08/2018 15:09,DISPATCHED,08/08/2018 23:13,,12/08/2018,
ZA-00028519,ZAC0010782,07/08/2018 13:46,COMPLETE,07/08/2018 17:43,12/08/2018 14:55,11/08/2018,
ZA-00028520,ZAC0022874,07/08/2018 15:31,COMPLETE,08/08/2018 13:17,10/08/2018 06:56,12/08/2018,
ZA-00028521,ZAC0004714,07/08/2018 09:58,COMPLETE,12/08/2018 14:42,17/08/2018 23:36,15/08/2018,
ZA-00028522,ZAC0005554,07/08/2018 11:42,COMPLETE,08/08/2018 23:20,13/08/2018 00:52,13/08/2018,
ZA-00028523,ZAC0009413,07/08/2018 16:12,COMPLETE,08/08/2018 23:33,19/08/2018 15:02,12/08/2018,FLASH25
ZA-00028524,ZAC0012634,07/08/2018 11:59,COMPLETE,10/08/2018 10:58,12/08/2018 23:24,14/08/2018,
ZA-00028525,ZAC0023484,07/08/2018 16:56,COMPLETE,10/08/2018 02:04,21/08/2018 04:40,15/08/2018,
ZA-00028526,ZAC0005977,07/08/2018 09:55,COMPLETE,08/08/2018 02:12,13/08/2018 20:18,12/08/2018,BULK20
ZA-00028527,ZAC0005820,07/08/2018 15:47,COMPLETE,10/08/2018 17:34,11/08/2018 05:56,13/08/2018,FLASH25
ZA-00028528,ZAC0012762,07/08/2018 07:24,COMPLETE,07/08/2018 23:10,11/08/2018 19:23,11/08/2018,
ZA-00028529,ZAC0003305,07/08/2018 20:58,COMPLETE,08/08/2018 23:50,11/08/2018 19:15,15/08/2018,WELCOME10
ZA-00028530,ZAC0010993,07/08/2018 22:07,COMPLETE,13/08/2018 20:53,15/08/2018 08:17,16/08/2018,WELCOME10
ZA-00028531,ZAC0007939,07/08/2018 21:03,COMPLETE,10/08/2018 17:02,13/08/2018 16:54,14/08/2018,
ZA-00028532,ZAC0017592,07/08/2018 09:31,COMPLETE,08/08/2018 11:26,09/08/2018 12:00,12/08/2018,WINTER15
ZA-00028533,ZAC0000484,07/08/2018 12:33,COMPLETE,08/08/2018 05:54,23/08/2018 00:18,12/08/2018,
ZA-00028534,ZAC0021506,07/08/2018 18:37,COMPLETE,13/08/2018 16:04,17/08/2018 01:48,18/08/2018,FLASH25
ZA-00028535,ZAC0009577,07/08/2018 17:47,COMPLETE,09/08/2018 05:22,13/08/2018 16:45,13/08/2018,
ZA-00028536,ZAC0000634,07/08/2018 11:08,COMPLETE,08/08/2018 23:23,11/08/2018 03:30,13/08/2018,
ZA-00028537,ZAC0003703,07/08/2018 08:43,CANCELLED,,,,BULK20
ZA-00028538,ZAC0000627,07/08/2018 13:40,COMPLETE,08/08/2018 08:58,10/08/2018 15:01,13/08/2018,
ZA-00028539,ZAC0007505,07/08/2018 12:16,COMPLETE,13/08/2018 09:49,22/08/2018 03:14,18/08/2018,
ZA-00028540,ZAC0010866,07/08/2018 09:03,COMPLETE,09/08/2018 02:24,14/08/2018 03:45,19/08/2018,
ZA-00028541,ZAC0005259,07/08/2018 12:20,COMPLETE,09/08/2018 00:39,17/08/2018 00:01,16/08/2018,
ZA-00028542,ZAC0022859,07/08/2018 12:48,COMPLETE,11/08/2018 10:38,15/08/2018 05:40,15/08/2018,
ZA-00028543,ZAC0017204,07/08/2018 22:30,COMPLETE,09/08/2018 19:45,11/08/2018 01:00,13/08/2018,WELCOME10
ZA-00028544,ZAC0020215,07/08/2018 06:19,COMPLETE,07/08/2018 17:37,13/08/2018 06:10,12/08/2018,
ZA-00028545,ZAC0011683,07/08/2018 18:43,COMPLETE,09/08/2018 06:19,11/08/2018 04:18,19/08/2018,
ZA-00028546,ZAC0006281,07/08/2018 10:18,COMPLETE,09/08/2018 10:54,10/08/2018 09:28,13/08/2018,
ZA-00028547,ZAC0016525,07/08/2018 17:27,COMPLETE,10/08/2018 13:13,12/08/2018 06:16,20/08/2018,
ZA-00028548,ZAC0007439,07/08/2018 12:04,COMPLETE,08/08/2018 03:15,11/08/2018 16:49,15/08/2018,FLASH25
ZA-00028549,ZAC0004401,07/08/2018 18:28,RETURNED,09/08/2018 01:37,14/08/2018 19:29,13/08/2018,
ZA-00028550,ZAC0017663,07/08/2018 10:22,COMPLETE,11/08/2018 05:51,17/08/2018 09:53,16/08/2018,
ZA-00028551,ZAC0023870,07/08/2018 20:41,COMPLETE,09/08/2018 11:17,13/08/2018 22:58,14/08/2018,
ZA-00028552,ZAC0021989,07/08/2018 09:35,COMPLETE,09/08/2018 17:38,12/08/2018 11:45,19/08/2018,FLASH25
ZA-00028553,ZAC0000387,07/08/2018 12:22,COMPLETE,15/08/2018 00:43,22/08/2018 01:49,18/08/2018,
ZA-00028554,ZAC0022061,07/08/2018 18:29,COMPLETE,11/08/2018 04:51,13/08/2018 09:54,18/08/2018,
ZA-00028555,ZAC0017343,07/08/2018 14:30,COMPLETE,08/08/2018 11:02,12/08/2018 13:37,15/08/2018,
ZA-00028556,ZAC0015134,07/08/2018 06:17,COMPLETE,09/08/2018 17:34,15/08/2018 07:30,12/08/2018,FLASH25
ZA-00028557,ZAC0005387,07/08/2018 15:54,COMPLETE,08/08/2018 18:07,16/08/2018 03:09,18/08/2018,
ZA-00028558,ZAC0009659,07/08/2018 10:14,COMPLETE,08/08/2018 16:56,14/08/2018 15:59,18/08/2018,
ZA-00028559,ZAC0022742,07/08/2018 15:07,COMPLETE,08/08/2018 04:44,09/08/2018 18:39,15/08/2018,FREESHIP
ZA-00028560,ZAC0020874,07/08/2018 22:05,RETURNED,10/08/2018 19:16,20/08/2018 18:20,20/08/2018,FREESHIP
ZA-00028561,ZAC0007094,07/08/2018 06:15,COMPLETE,08/08/2018 23:35,15/08/2018 01:43,12/08/2018,
ZA-00028562,ZAC0005954,07/08/2018 09:48,COMPLETE,08/08/2018 10:30,11/08/2018 10:30,13/08/2018,
ZA-00028563,ZAC0001187,07/08/2018 14:00,COMPLETE,09/08/2018 11:47,14/08/2018 20:03,19/08/2018,WELCOME10
ZA-00028564,ZAC0002628,07/08/2018 14:45,COMPLETE,08/08/2018 02:49,17/08/2018 18:22,15/08/2018,WELCOME10
ZA-00028565,ZAC0020752,07/08/2018 20:46,COMPLETE,09/08/2018 00:34,10/08/2018 03:54,14/08/2018,
ZA-00028566,ZAC0013592,07/08/2018 16:33,COMPLETE,09/08/2018 15:08,10/08/2018 11:41,16/08/2018,
ZA-00028567,ZAC0004445,07/08/2018 21:46,COMPLETE,09/08/2018 04:22,15/08/2018 04:51,13/08/2018,FLASH25
ZA-00028568,ZAC0020778,07/08/2018 20:11,COMPLETE,10/08/2018 04:36,19/08/2018 15:35,14/08/2018,
ZA-00028569,ZAC0001073,07/08/2018 16:42,COMPLETE,12/08/2018 13:08,13/08/2018 19:51,16/08/2018,
ZA-00028570,ZAC0007692,07/08/2018 17:28,COMPLETE,09/08/2018 15:48,11/08/2018 13:21,12/08/2018,
ZA-00028571,ZAC0004422,07/08/2018 17:17,COMPLETE,10/08/2018 11:00,16/08/2018 23:59,14/08/2018,
ZA-00028572,ZAC0017107,08/08/2018 06:54,COMPLETE,09/08/2018 20:04,14/08/2018 19:39,16/08/2018,
ZA-00028573,ZAC0014701,08/08/2018 08:47,COMPLETE,09/08/2018 22:47,19/08/2018 03:36,13/08/2018,
ZA-00028574,ZAC0004236,08/08/2018 18:53,COMPLETE,09/08/2018 19:15,11/08/2018 10:43,16/08/2018,
ZA-00028575,ZAC0023362,08/08/2018 10:05,COMPLETE,09/08/2018 19:33,18/08/2018 19:04,12/08/2018,
ZA-00028576,ZAC0011141,08/08/2018 18:08,COMPLETE,09/08/2018 21:46,13/08/2018 19:43,14/08/2018,
ZA-00028577,ZAC0013532,08/08/2018 17:50,COMPLETE,09/08/2018 22:00,18/08/2018 12:08,14/08/2018,
ZA-00028578,ZAC0015379,08/08/2018 09:25,COMPLETE,08/08/2018 16:37,14/08/2018 02:49,12/08/2018,
ZA-00028579,ZAC0018030,08/08/2018 21:48,COMPLETE,11/08/2018 09:54,17/08/2018 05:00,14/08/2018,
ZA-00028580,ZAC0014409,08/08/2018 10:05,COMPLETE,10/08/2018 14:42,12/08/2018 04:01,17/08/2018,
ZA-00028581,ZAC0008430,08/08/2018 14:39,COMPLETE,13/08/2018 22:16,16/08/2018 06:51,17/08/2018,BULK20
ZA-00028582,ZAC0023654,08/08/2018 17:36,COMPLETE,10/08/2018 16:20,12/08/2018 20:11,17/08/2018,
ZA-00028583,ZAC0016541,08/08/2018 14:16,COMPLETE,11/08/2018 03:36,17/08/2018 19:33,16/08/2018,
ZA-00028584,ZAC0005289,08/08/2018 10:32,COMPLETE,09/08/2018 07:28,12/08/2018 19:10,13/08/2018,
ZA-00028585,ZAC0017015,08/08/2018 13:45,COMPLETE,08/08/2018 21:12,13/08/2018 11:16,13/08/2018,
ZA-00028586,ZAC0021117,08/08/2018 06:57,COMPLETE,09/08/2018 21:53,14/08/2018 09:58,13/08/2018,
ZA-00028587,ZAC0015315,08/08/2018 08:13,COMPLETE,11/08/2018 13:45,21/08/2018 15:46,18/08/2018,WELCOME10
ZA-00028588,ZAC0022136,08/08/2018 07:59,COMPLETE,09/08/2018 04:00,12/08/2018 16:31,16/08/2018,
ZA-00028589,ZAC0008866,08/08/2018 18:45,COMPLETE,09/08/2018 11:30,13/08/2018 09:09,13/08/2018,
ZA-00028590,ZAC0001162,08/08/2018 17:16,COMPLETE,11/08/2018 11:09,17/08/2018 06:02,15/08/2018,
ZA-00028591,ZAC0021844,08/08/2018 15:44,COMPLETE,10/08/2018 23:58,12/08/2018 05:38,14/08/2018,
ZA-00028592,ZAC0017167,08/08/2018 10:16,COMPLETE,10/08/2018 16:57,16/08/2018 22:47,17/08/2018,
ZA-00028593,ZAC0018392,08/08/2018 14:06,COMPLETE,15/08/2018 22:26,19/08/2018 13:52,19/08/2018,
ZA-00028594,ZAC0003816,08/08/2018 21:34,COMPLETE,10/08/2018 20:51,14/08/2018 06:08,20/08/2018,
ZA-00028595,ZAC0016480,08/08/2018 20:35,COMPLETE,11/08/2018 08:49,15/08/2018 17:24,15/08/2018,
ZA-00028596,ZAC0009882,08/08/2018 22:58,COMPLETE,11/08/2018 20:56,16/08/2018 23:15,16/08/2018,
ZA-00028597,ZAC0001411,08/08/2018 10:21,COMPLETE,09/08/2018 17:45,12/08/2018 08:42,13/08/2018,
ZA-00028598,ZAC0002798,08/08/2018 21:07,COMPLETE,12/08/2018 04:19,13/08/2018 18:13,16/08/2018,
ZA-00028599,ZAC0002447,08/08/2018 17:54,COMPLETE,09/08/2018 13:22,15/08/2018 21:12,13/08/2018,
ZA-00028600,ZAC0016490,08/08/2018 22:47,COMPLETE,18/08/2018 23:52,23/08/2018 03:08,21/08/2018,WELCOME10
ZA-00028601,ZAC0013421,08/08/2018 19:05,COMPLETE,09/08/2018 15:31,13/08/2018 08:02,13/08/2018,LOYAL5
ZA-00028602,ZAC0018618,08/08/2018 09:01,COMPLETE,09/08/2018 03:00,10/08/2018 13:05,13/08/2018,
ZA-00028603,ZAC0010405,08/08/2018 18:48,COMPLETE,09/08/2018 09:15,14/08/2018 10:07,14/08/2018,
ZA-00028604,ZAC0015292,08/08/2018 20:31,COMPLETE,09/08/2018 21:09,15/08/2018 15:12,13/08/2018,LOYAL5
ZA-00028605,ZAC0011475,08/08/2018 14:47,PENDING,,,,
ZA-00028606,ZAC0011452,08/08/2018 13:50,COMPLETE,12/08/2018 02:09,13/08/2018 16:24,15/08/2018,
ZA-00028607,ZAC0003085,08/08/2018 09:08,COMPLETE,10/08/2018 02:02,14/08/2018 10:55,17/08/2018,
ZA-00028608,ZAC0023392,08/08/2018 19:33,COMPLETE,11/08/2018 00:59,16/08/2018 05:05,21/08/2018,
ZA-00028609,ZAC0013041,08/08/2018 07:12,COMPLETE,08/08/2018 12:57,10/08/2018 07:51,11/08/2018,
ZA-00028610,ZAC0023227,08/08/2018 18:11,COMPLETE,12/08/2018 07:09,16/08/2018 07:23,16/08/2018,
ZA-00028611,ZAC0023121,08/08/2018 13:31,COMPLETE,12/08/2018 10:30,16/08/2018 08:08,17/08/2018,
ZA-00028612,ZAC0019110,08/08/2018 19:05,COMPLETE,09/08/2018 17:18,10/08/2018 23:57,13/08/2018,
ZA-00028613,ZAC0003748,08/08/2018 12:08,COMPLETE,09/08/2018 21:05,13/08/2018 23:03,12/08/2018,
ZA-00028614,ZAC0001809,08/08/2018 09:07,COMPLETE,10/08/2018 23:12,15/08/2018 09:13,14/08/2018,
ZA-00028615,ZAC0016506,08/08/2018 18:58,COMPLETE,09/08/2018 22:10,13/08/2018 01:06,13/08/2018,
ZA-00028616,ZAC0012913,08/08/2018 12:34,COMPLETE,09/08/2018 04:48,16/08/2018 00:50,12/08/2018,WINTER15
ZA-00028617,ZAC0011099,08/08/2018 08:15,COMPLETE,11/08/2018 00:48,13/08/2018 19:17,14/08/2018,
ZA-00028618,ZAC0001198,08/08/2018 18:10,COMPLETE,12/08/2018 23:08,14/08/2018 22:48,22/08/2018,
ZA-00028619,ZAC0003344,08/08/2018 12:45,COMPLETE,09/08/2018 00:32,24/08/2018 07:05,16/08/2018,BULK20
ZA-00028620,ZAC0008978,08/08/2018 19:59,COMPLETE,10/08/2018 16:09,12/08/2018 07:26,15/08/2018,
ZA-00028621,ZAC0018815,08/08/2018 07:33,COMPLETE,09/08/2018 03:51,14/08/2018 17:45,16/08/2018,
ZA-00028622,ZAC0005720,08/08/2018 10:57,DISPATCHED,10/08/2018 09:32,,15/08/2018,
ZA-00028623,ZAC0016945,08/08/2018 18:22,COMPLETE,15/08/2018 11:32,17/08/2018 11:14,22/08/2018,
ZA-00028624,ZAC0007653,08/08/2018 08:21,COMPLETE,11/08/2018 01:33,18/08/2018 21:51,15/08/2018,
ZA-00028625,ZAC0022800,08/08/2018 18:42,COMPLETE,11/08/2018 05:03,18/08/2018 15:19,18/08/2018,
ZA-00028626,ZAC0008106,08/08/2018 06:22,COMPLETE,08/08/2018 11:44,11/08/2018 19:58,12/08/2018,
ZA-00028627,ZAC0001114,08/08/2018 22:29,COMPLETE,09/08/2018 21:19,16/08/2018 02:37,13/08/2018,
ZA-00028628,ZAC0003366,08/08/2018 18:48,COMPLETE,11/08/2018 15:11,15/08/2018 06:21,21/08/2018,
ZA-00028629,ZAC0013715,08/08/2018 12:21,COMPLETE,08/08/2018 20:16,13/08/2018 01:33,12/08/2018,
ZA-00028630,ZAC0002072,08/08/2018 08:42,COMPLETE,09/08/2018 08:04,13/08/2018 00:00,13/08/2018,
ZA-00028631,ZAC0022014,08/08/2018 18:05,COMPLETE,10/08/2018 09:18,15/08/2018 04:20,20/08/2018,
ZA-00028632,ZAC0002317,08/08/2018 19:07,COMPLETE,09/08/2018 16:47,11/08/2018 08:45,12/08/2018,FLASH25
ZA-00028633,ZAC0004132,08/08/2018 15:39,COMPLETE,09/08/2018 02:55,11/08/2018 08:56,13/08/2018,BULK20
ZA-00028634,ZAC0019911,08/08/2018 15:37,COMPLETE,10/08/2018 14:52,11/08/2018 16:51,14/08/2018,
ZA-00028635,ZAC0004662,08/08/2018 15:21,COMPLETE,12/08/2018 10:39,17/08/2018 12:53,15/08/2018,
ZA-00028636,ZAC0004070,08/08/2018 22:38,COMPLETE,12/08/2018 07:34,14/08/2018 18:13,17/08/2018,
ZA-00028637,ZAC0004647,08/08/2018 19:52,COMPLETE,10/08/2018 09:27,12/08/2018 20:44,15/08/2018,FREESHIP
ZA-00028638,ZAC0007927,08/08/2018 07:37,COMPLETE,08/08/2018 20:19,16/08/2018 09:37,15/08/2018,
ZA-00028639,ZAC0004244,08/08/2018 16:28,COMPLETE,09/08/2018 18:37,12/08/2018 11:35,19/08/2018,WELCOME10
ZA-00028640,ZAC0021161,08/08/2018 06:56,CANCELLED,,,,
ZA-00028641,ZAC0017540,08/08/2018 18:26,CANCELLED,,,,FREESHIP
ZA-00028642,ZAC0011491,08/08/2018 11:11,COMPLETE,08/08/2018 17:43,13/08/2018 20:28,11/08/2018,
ZA-00028643,ZAC0000233,08/08/2018 17:14,COMPLETE,15/08/2018 08:04,18/08/2018 14:47,20/08/2018,WINTER15
ZA-00028644,ZAC0023107,08/08/2018 10:32,COMPLETE,09/08/2018 08:00,16/08/2018 09:51,14/08/2018,
ZA-00028645,ZAC0006049,08/08/2018 11:09,COMPLETE,09/08/2018 16:24,13/08/2018 06:52,12/08/2018,
ZA-00028646,ZAC0005031,08/08/2018 15:52,COMPLETE,10/08/2018 20:19,13/08/2018 21:51,13/08/2018,
ZA-00028647,ZAC0021503,08/08/2018 09:07,COMPLETE,13/08/2018 15:36,17/08/2018 13:19,23/08/2018,
ZA-00028648,ZAC0011554,08/08/2018 13:58,COMPLETE,10/08/2018 19:40,25/08/2018 01:57,14/08/2018,
ZA-00028649,ZAC0017809,08/08/2018 16:10,COMPLETE,11/08/2018 14:03,13/08/2018 21:21,21/08/2018,FREESHIP
ZA-00028650,ZAC0018923,08/08/2018 16:12,COMPLETE,09/08/2018 12:23,13/08/2018 01:06,16/08/2018,
ZA-00028651,ZAC0012291,08/08/2018 14:36,COMPLETE,10/08/2018 01:55,12/08/2018 12:52,17/08/2018,
ZA-00028652,ZAC0022863,09/08/2018 11:17,COMPLETE,14/08/2018 07:58,20/08/2018 00:51,17/08/2018,BULK20
ZA-00028653,ZAC0002573,09/08/2018 15:51,CANCELLED,,,,WINTER15
ZA-00028654,ZAC0008658,09/08/2018 10:52,COMPLETE,20/08/2018 12:28,24/08/2018 13:47,25/08/2018,
ZA-00028655,ZAC0003691,09/08/2018 09:05,COMPLETE,11/08/2018 08:49,12/08/2018 02:57,14/08/2018,
ZA-00028656,ZAC0003998,09/08/2018 22:27,COMPLETE,15/08/2018 22:49,25/08/2018 20:56,18/08/2018,
ZA-00028657,ZAC0017426,09/08/2018 11:40,COMPLETE,13/08/2018 05:03,17/08/2018 02:32,17/08/2018,WELCOME10
ZA-00028658,ZAC0008447,09/08/2018 16:42,COMPLETE,10/08/2018 20:37,11/08/2018 12:51,14/08/2018,WELCOME10
ZA-00028659,ZAC0019974,09/08/2018 10:39,COMPLETE,10/08/2018 02:49,14/08/2018 03:57,13/08/2018,WINTER15
ZA-00028660,ZAC0006155,09/08/2018 15:12,COMPLETE,13/08/2018 19:51,16/08/2018 07:57,18/08/2018,
ZA-00028661,ZAC0015037,09/08/2018 15:10,RETURNED,15/08/2018 03:44,24/08/2018 21:28,22/08/2018,
ZA-00028662,ZAC0005236,09/08/2018 10:20,COMPLETE,11/08/2018 22:08,13/08/2018 18:36,16/08/2018,
ZA-00028663,ZAC0004429,09/08/2018 20:28,COMPLETE,12/08/2018 14:08,19/08/2018 06:09,17/08/2018,WINTER15
ZA-00028664,ZAC0004562,09/08/2018 16:30,COMPLETE,10/08/2018 04:08,13/08/2018 03:21,15/08/2018,
ZA-00028665,ZAC0010595,09/08/2018 16:07,COMPLETE,11/08/2018 13:59,12/08/2018 09:07,14/08/2018,WINTER15
ZA-00028666,ZAC0020607,09/08/2018 20:53,COMPLETE,12/08/2018 19:54,18/08/2018 04:27,15/08/2018,
ZA-00028667,ZAC0001433,09/08/2018 19:26,COMPLETE,11/08/2018 05:41,16/08/2018 02:18,18/08/2018,WELCOME10
ZA-00028668,ZAC0003640,09/08/2018 21:07,COMPLETE,11/08/2018 17:23,15/08/2018 02:01,16/08/2018,
ZA-00028669,ZAC0000353,09/08/2018 12:23,COMPLETE,12/08/2018 05:54,19/08/2018 23:23,16/08/2018,
ZA-00028670,ZAC0015543,09/08/2018 22:36,COMPLETE,11/08/2018 18:13,17/08/2018 03:13,18/08/2018,
ZA-00028671,ZAC0002162,09/08/2018 06:35,COMPLETE,10/08/2018 19:14,11/08/2018 08:54,15/08/2018,
ZA-00028672,ZAC0020743,09/08/2018 06:34,COMPLETE,12/08/2018 03:18,13/08/2018 17:00,16/08/2018,
ZA-00028673,ZAC0015310,09/08/2018 08:27,COMPLETE,12/08/2018 08:26,17/08/2018 01:59,22/08/2018,
ZA-00028674,ZAC0022449,09/08/2018 10:05,COMPLETE,10/08/2018 12:45,14/08/2018 09:12,14/08/2018,
ZA-00028675,ZAC0019051,09/08/2018 16:41,COMPLETE,11/08/2018 14:03,16/08/2018 00:14,16/08/2018,
ZA-00028676,ZAC0019591,09/08/2018 16:25,COMPLETE,12/08/2018 03:44,17/08/2018 19:45,19/08/2018,
ZA-00028677,ZAC0010453,09/08/2018 11:08,COMPLETE,17/08/2018 01:26,21/08/2018 11:12,22/08/2018,
ZA-00028678,ZAC0007533,09/08/2018 13:11,COMPLETE,10/08/2018 18:04,13/08/2018 01:57,14/08/2018,
ZA-00028679,ZAC0002139,09/08/2018 12:05,COMPLETE,09/08/2018 16:47,09/08/2018 23:42,13/08/2018,
ZA-00028680,ZAC0016440,09/08/2018 11:37,COMPLETE,10/08/2018 22:08,15/08/2018 22:14,13/08/2018,
ZA-00028681,ZAC0020960,09/08/2018 19:28,COMPLETE,10/08/2018 14:42,15/08/2018 16:16,15/08/2018,
ZA-00028682,ZAC0006353,09/08/2018 06:52,CANCELLED,,,,
ZA-00028683,ZAC0022358,09/08/2018 22:00,COMPLETE,10/08/2018 16:30,20/08/2018 11:46,15/08/2018,FREESHIP
ZA-00028684,ZAC0007991,09/08/2018 11:33,COMPLETE,12/08/2018 09:46,17/08/2018 16:10,19/08/2018,
ZA-00028685,ZAC0013620,09/08/2018 15:13,COMPLETE,11/08/2018 16:09,16/08/2018 15:44,16/08/2018,
ZA-00028686,ZAC0019052,09/08/2018 08:14,COMPLETE,14/08/2018 12:27,17/08/2018 00:46,18/08/2018,
ZA-00028687,ZAC0018772,09/08/2018 15:28,COMPLETE,10/08/2018 15:36,20/08/2018 09:30,13/08/2018,
ZA-00028688,ZAC0021173,09/08/2018 19:51,COMPLETE,10/08/2018 18:09,15/08/2018 09:48,17/08/2018,
ZA-00028689,ZAC0020423,09/08/2018 11:20,COMPLETE,11/08/2018 14:17,14/08/2018 09:47,21/08/2018,
ZA-00028690,ZAC0023102,09/08/2018 18:57,COMPLETE,11/08/2018 11:42,14/08/2018 09:09,21/08/2018,
ZA-00028691,ZAC0002551,09/08/2018 13:55,COMPLETE,10/08/2018 16:36,16/08/2018 21:06,15/08/2018,
ZA-00028692,ZAC0002792,09/08/2018 13:24,COMPLETE,10/08/2018 16:23,14/08/2018 06:51,15/08/2018,WINTER15
ZA-00028693,ZAC0009957,09/08/2018 11:37,COMPLETE,11/08/2018 17:08,20/08/2018 16:45,18/08/2018,
ZA-00028694,ZAC0007248,09/08/2018 20:27,COMPLETE,10/08/2018 13:20,14/08/2018 14:10,14/08/2018,FREESHIP
ZA-00028695,ZAC0005198,09/08/2018 16:26,COMPLETE,11/08/2018 14:12,13/08/2018 18:44,18/08/2018,FLASH25
ZA-00028696,ZAC0010821,09/08/2018 16:37,COMPLETE,13/08/2018 02:10,15/08/2018 14:18,17/08/2018,
ZA-00028697,ZAC0007718,09/08/2018 07:27,COMPLETE,13/08/2018 04:03,19/08/2018 04:01,17/08/2018,WINTER15
ZA-00028698,ZAC0016283,09/08/2018 09:58,COMPLETE,11/08/2018 03:56,15/08/2018 14:14,14/08/2018,BULK20
ZA-00028699,ZAC0004868,09/08/2018 15:20,COMPLETE,11/08/2018 04:03,22/08/2018 12:10,18/08/2018,WINTER15
ZA-00028700,ZAC0017570,09/08/2018 14:31,COMPLETE,10/08/2018 00:50,15/08/2018 06:54,17/08/2018,
ZA-00028701,ZAC0002507,09/08/2018 21:37,COMPLETE,12/08/2018 15:38,17/08/2018 17:29,17/08/2018,
ZA-00028702,ZAC0023789,09/08/2018 19:47,COMPLETE,11/08/2018 21:37,15/08/2018 09:24,18/08/2018,FLASH25
ZA-00028703,ZAC0016051,09/08/2018 14:00,COMPLETE,10/08/2018 01:03,13/08/2018 09:17,14/08/2018,
ZA-00028704,ZAC0019144,09/08/2018 16:55,COMPLETE,12/08/2018 20:31,14/08/2018 11:27,16/08/2018,
ZA-00028705,ZAC0003276,09/08/2018 06:58,COMPLETE,12/08/2018 01:45,13/08/2018 01:47,17/08/2018,
ZA-00028706,ZAC0011028,09/08/2018 09:23,COMPLETE,11/08/2018 01:43,12/08/2018 22:30,15/08/2018,
ZA-00028707,ZAC0006031,09/08/2018 10:41,COMPLETE,11/08/2018 18:35,14/08/2018 12:58,15/08/2018,
ZA-00028708,ZAC0000416,09/08/2018 13:09,COMPLETE,11/08/2018 16:31,13/08/2018 15:29,21/08/2018,WINTER15
ZA-00028709,ZAC0010594,09/08/2018 19:36,COMPLETE,12/08/2018 08:37,23/08/2018 02:25,17/08/2018,
ZA-00028710,ZAC0013603,09/08/2018 11:00,COMPLETE,18/08/2018 13:06,20/08/2018 21:16,22/08/2018,FLASH25
ZA-00028711,ZAC0000498,09/08/2018 10:50,COMPLETE,11/08/2018 00:08,17/08/2018 12:09,18/08/2018,
ZA-00028712,ZAC0009200,09/08/2018 09:59,DISPATCHED,14/08/2018 04:33,,18/08/2018,BULK20
ZA-00028713,ZAC0017818,09/08/2018 10:27,COMPLETE,10/08/2018 17:01,16/08/2018 01:07,14/08/2018,
ZA-00028714,ZAC0011092,09/08/2018 08:14,COMPLETE,10/08/2018 06:02,14/08/2018 12:31,15/08/2018,
ZA-00028715,ZAC0005545,09/08/2018 16:10,COMPLETE,11/08/2018 06:59,14/08/2018 11:23,16/08/2018,WELCOME10
ZA-00028716,ZAC0023308,09/08/2018 15:02,COMPLETE,11/08/2018 00:47,14/08/2018 03:48,16/08/2018,
ZA-00028717,ZAC0007271,09/08/2018 08:03,COMPLETE,10/08/2018 08:08,13/08/2018 14:28,14/08/2018,
ZA-00028718,ZAC0006446,09/08/2018 16:36,COMPLETE,12/08/2018 08:20,23/08/2018 23:18,19/08/2018,
ZA-00028719,ZAC0012507,09/08/2018 22:04,COMPLETE,10/08/2018 05:33,12/08/2018 16:55,17/08/2018,
ZA-00028720,ZAC0022211,09/08/2018 19:11,COMPLETE,10/08/2018 22:48,16/08/2018 11:03,14/08/2018,
ZA-00028721,ZAC0023455,09/08/2018 21:17,COMPLETE,11/08/2018 16:29,13/08/2018 08:44,15/08/2018,BULK20
ZA-00028722,ZAC0001225,09/08/2018 17:07,COMPLETE,10/08/2018 05:29,12/08/2018 07:56,13/08/2018,FLASH25
ZA-00028723,ZAC0017423,09/08/2018 09:19,COMPLETE,11/08/2018 14:06,17/08/2018 04:19,15/08/2018,LOYAL5
ZA-00028724,ZAC0015045,09/08/2018 17:16,COMPLETE,10/08/2018 06:01,11/08/2018 11:47,13/08/2018,
ZA-00028725,ZAC0015939,09/08/2018 19:48,COMPLETE,12/08/2018 01:15,13/08/2018 04:58,15/08/2018,WELCOME10
ZA-00028726,ZAC0011638,09/08/2018 13:39,COMPLETE,15/08/2018 06:55,18/08/2018 06:17,20/08/2018,
ZA-00028727,ZAC0003986,09/08/2018 21:43,DISPATCHED,12/08/2018 11:02,,15/08/2018,
ZA-00028728,ZAC0005423,09/08/2018 22:37,COMPLETE,10/08/2018 21:00,12/08/2018 03:56,17/08/2018,
ZA-00028729,ZAC0007674,10/08/2018 13:58,COMPLETE,11/08/2018 17:31,16/08/2018 11:13,16/08/2018,
ZA-00028730,ZAC0017072,10/08/2018 10:45,COMPLETE,16/08/2018 19:08,20/08/2018 02:52,21/08/2018,
ZA-00028731,ZAC0001789,10/08/2018 18:15,COMPLETE,13/08/2018 08:59,14/08/2018 01:17,17/08/2018,
ZA-00028732,ZAC0009336,10/08/2018 19:52,COMPLETE,13/08/2018 11:17,20/08/2018 07:11,20/08/2018,
ZA-00028733,ZAC0004747,10/08/2018 18:06,COMPLETE,13/08/2018 18:33,15/08/2018 23:52,16/08/2018,
ZA-00028734,ZAC0006871,10/08/2018 21:31,COMPLETE,12/08/2018 00:14,19/08/2018 03:56,16/08/2018,
ZA-00028735,ZAC0011390,10/08/2018 12:04,COMPLETE,13/08/2018 20:02,22/08/2018 05:07,18/08/2018,
ZA-00028736,ZAC0002930,10/08/2018 09:31,COMPLETE,12/08/2018 10:59,17/08/2018 12:30,19/08/2018,
ZA-00028737,ZAC0011846,10/08/2018 21:02,CANCELLED,,,,
ZA-00028738,ZAC0002718,10/08/2018 09:19,DISPATCHED,12/08/2018 11:12,,15/08/2018,FREESHIP
ZA-00028739,ZAC0020676,10/08/2018 07:41,COMPLETE,12/08/2018 10:09,16/08/2018 06:19,16/08/2018,
ZA-00028740,ZAC0019798,10/08/2018 07:05,COMPLETE,10/08/2018 21:11,11/08/2018 15:59,15/08/2018,
ZA-00028741,ZAC0009633,10/08/2018 13:30,COMPLETE,12/08/2018 19:17,19/08/2018 11:37,16/08/2018,BULK20
ZA-00028742,ZAC0004540,10/08/2018 18:28,COMPLETE,14/08/2018 08:06,17/08/2018 18:20,21/08/2018,
ZA-00028743,ZAC0014732,10/08/2018 11:21,PENDING,,,,FLASH25
ZA-00028744,ZAC0017807,10/08/2018 22:04,COMPLETE,13/08/2018 12:52,17/08/2018 01:49,17/08/2018,
ZA-00028745,ZAC0007161,10/08/2018 16:16,COMPLETE,11/08/2018 08:07,17/08/2018 13:10,15/08/2018,
ZA-00028746,ZAC0009989,10/08/2018 18:00,COMPLETE,12/08/2018 04:45,14/08/2018 12:29,16/08/2018,
ZA-00028747,ZAC0009903,10/08/2018 12:23,COMPLETE,11/08/2018 06:25,16/08/2018 07:52,14/08/2018,
ZA-00028748,ZAC0019298,10/08/2018 10:20,COMPLETE,12/08/2018 04:42,12/08/2018 17:05,15/08/2018,
ZA-00028749,ZAC0007851,10/08/2018 08:57,COMPLETE,10/08/2018 20:40,14/08/2018 15:02,14/08/2018,
ZA-00028750,ZAC0003994,10/08/2018 11:43,COMPLETE,11/08/2018 22:53,12/08/2018 11:17,16/08/2018,
ZA-00028751,ZAC0002593,10/08/2018 22:13,RETURNED,11/08/2018 18:44,14/08/2018 03:17,18/08/2018,WELCOME10
ZA-00028752,ZAC0009725,10/08/2018 15:27,COMPLETE,11/08/2018 11:19,14/08/2018 19:52,16/08/2018,WINTER15
ZA-00028753,ZAC0013061,10/08/2018 21:12,COMPLETE,13/08/2018 04:47,14/08/2018 22:14,18/08/2018,
ZA-00028754,ZAC0019654,10/08/2018 13:26,COMPLETE,11/08/2018 18:36,17/08/2018 04:36,16/08/2018,WINTER15
ZA-00028755,ZAC0020510,10/08/2018 14:28,COMPLETE,11/08/2018 18:15,22/08/2018 04:15,15/08/2018,
ZA-00028756,ZAC0017304,10/08/2018 22:29,PENDING,,,,
ZA-00028757,ZAC0021680,10/08/2018 09:11,COMPLETE,11/08/2018 19:52,17/08/2018 04:56,15/08/2018,
ZA-00028758,ZAC0019903,10/08/2018 08:42,COMPLETE,11/08/2018 17:37,13/08/2018 21:43,14/08/2018,WELCOME10
ZA-00028759,ZAC0023795,10/08/2018 14:03,COMPLETE,11/08/2018 08:32,12/08/2018 20:07,16/08/2018,
ZA-00028760,ZAC0017018,10/08/2018 10:51,COMPLETE,14/08/2018 23:06,16/08/2018 23:42,24/08/2018,
ZA-00028761,ZAC0005368,10/08/2018 10:16,COMPLETE,12/08/2018 22:44,20/08/2018 23:41,19/08/2018,
ZA-00028762,ZAC0021675,10/08/2018 21:39,COMPLETE,11/08/2018 16:53,13/08/2018 09:12,18/08/2018,
ZA-00028763,ZAC0006732,10/08/2018 19:36,COMPLETE,12/08/2018 06:10,15/08/2018 05:05,16/08/2018,
ZA-00028764,ZAC0022374,10/08/2018 06:11,COMPLETE,12/08/2018 18:16,16/08/2018 11:30,19/08/2018,
ZA-00028765,ZAC0016336,10/08/2018 12:05,PENDING,,,,
ZA-00028766,ZAC0014046,10/08/2018 16:04,COMPLETE,13/08/2018 08:18,15/08/2018 02:30,16/08/2018,
ZA-00028767,ZAC0011217,10/08/2018 14:02,COMPLETE,15/08/2018 02:45,21/08/2018 06:22,19/08/2018,
ZA-00028768,ZAC0004009,10/08/2018 17:18,COMPLETE,11/08/2018 14:10,15/08/2018 06:11,16/08/2018,WELCOME10
ZA-00028769,ZAC0018694,10/08/2018 22:00,COMPLETE,11/08/2018 14:30,20/08/2018 14:14,15/08/2018,FLASH25
ZA-00028770,ZAC0022750,10/08/2018 22:21,COMPLETE,15/08/2018 09:12,22/08/2018 10:32,19/08/2018,
ZA-00028771,ZAC0009097,10/08/2018 20:27,COMPLETE,11/08/2018 20:40,21/08/2018 00:58,16/08/2018,LOYAL5
ZA-00028772,ZAC0011066,10/08/2018 07:57,COMPLETE,11/08/2018 12:28,16/08/2018 22:08,14/08/2018,
ZA-00028773,ZAC0018322,10/08/2018 08:07,COMPLETE,11/08/2018 16:58,13/08/2018 08:24,16/08/2018,
ZA-00028774,ZAC0021404,10/08/2018 13:25,COMPLETE,12/08/2018 06:15,14/08/2018 17:09,16/08/2018,
ZA-00028775,ZAC0013093,10/08/2018 20:18,CANCELLED,,,,
ZA-00028776,ZAC0013889,10/08/2018 14:00,COMPLETE,10/08/2018 16:44,12/08/2018 11:55,20/08/2018,
ZA-00028777,ZAC0003330,10/08/2018 21:08,COMPLETE,12/08/2018 09:54,15/08/2018 07:15,16/08/2018,
ZA-00028778,ZAC0011793,10/08/2018 17:32,COMPLETE,13/08/2018 14:03,16/08/2018 22:46,16/08/2018,WELCOME10
ZA-00028779,ZAC0016925,10/08/2018 09:17,COMPLETE,11/08/2018 19:20,12/08/2018 14:50,15/08/2018,
ZA-00028780,ZAC0009020,10/08/2018 15:11,COMPLETE,12/08/2018 01:39,17/08/2018 00:39,19/08/2018,
ZA-00028781,ZAC0023278,10/08/2018 16:44,COMPLETE,12/08/2018 02:37,22/08/2018 06:29,16/08/2018,
ZA-00028782,ZAC0012368,10/08/2018 09:29,COMPLETE,12/08/2018 02:15,15/08/2018 19:24,15/08/2018,LOYAL5
ZA-00028783,ZAC0016054,10/08/2018 07:33,COMPLETE,16/08/2018 03:35,24/08/2018 16:22,21/08/2018,
ZA-00028784,ZAC0022453,10/08/2018 15:17,RETURNED,11/08/2018 10:48,13/08/2018 09:09,15/08/2018,
ZA-00028785,ZAC0004480,10/08/2018 16:30,COMPLETE,11/08/2018 10:48,18/08/2018 04:28,16/08/2018,
ZA-00028786,ZAC0003776,10/08/2018 14:03,RETURNED,11/08/2018 06:08,15/08/2018 17:55,15/08/2018,
ZA-00028787,ZAC0009165,10/08/2018 07:47,COMPLETE,13/08/2018 00:38,14/08/2018 02:53,20/08/2018,LOYAL5
ZA-00028788,ZAC0003264,10/08/2018 12:10,COMPLETE,12/08/2018 01:00,14/08/2018 15:42,16/08/2018,
ZA-00028789,ZAC0006899,10/08/2018 17:40,COMPLETE,13/08/2018 11:38,20/08/2018 16:27,16/08/2018,
ZA-00028790,ZAC0019607,10/08/2018 12:15,COMPLETE,11/08/2018 16:26,15/08/2018 02:26,18/08/2018,LOYAL5
ZA-00028791,ZAC0000137,10/08/2018 18:58,DISPATCHED,12/08/2018 19:21,,16/08/2018,
ZA-00028792,ZAC0012417,10/08/2018 12:03,COMPLETE,11/08/2018 23:28,15/08/2018 01:42,18/08/2018,
ZA-00028793,ZAC0001976,10/08/2018 15:52,COMPLETE,11/08/2018 12:40,16/08/2018 17:36,18/08/2018,
ZA-00028794,ZAC0022089,10/08/2018 06:49,COMPLETE,12/08/2018 01:57,13/08/2018 14:45,16/08/2018,WELCOME10
ZA-00028795,ZAC0018588,10/08/2018 19:01,COMPLETE,11/08/2018 05:33,13/08/2018 20:04,14/08/2018,
ZA-00028796,ZAC0008413,10/08/2018 11:06,COMPLETE,14/08/2018 18:13,16/08/2018 10:47,19/08/2018,BULK20
ZA-00028797,ZAC0008559,10/08/2018 08:30,COMPLETE,11/08/2018 08:35,15/08/2018 04:18,16/08/2018,
ZA-00028798,ZAC0016265,10/08/2018 08:02,COMPLETE,13/08/2018 01:32,15/08/2018 18:04,17/08/2018,
ZA-00028799,ZAC0005522,10/08/2018 16:14,COMPLETE,11/08/2018 19:01,12/08/2018 23:45,16/08/2018,
ZA-00028800,ZAC0003947,10/08/2018 20:05,COMPLETE,22/08/2018 18:36,31/08/2018 00:56,25/08/2018,
ZA-00028801,ZAC0014394,10/08/2018 18:04,COMPLETE,12/08/2018 15:58,19/08/2018 13:59,16/08/2018,
ZA-00028802,ZAC0009078,10/08/2018 15:14,COMPLETE,13/08/2018 03:29,26/08/2018 01:18,18/08/2018,
ZA-00028803,ZAC0008436,10/08/2018 16:46,COMPLETE,14/08/2018 05:39,15/08/2018 06:56,21/08/2018,FLASH25
ZA-00028804,ZAC0015244,10/08/2018 19:09,DISPATCHED,11/08/2018 12:06,,14/08/2018,
ZA-00028805,ZAC0000817,10/08/2018 18:14,COMPLETE,14/08/2018 07:26,17/08/2018 18:23,19/08/2018,FREESHIP
ZA-00028806,ZAC0017657,10/08/2018 15:15,COMPLETE,14/08/2018 15:26,16/08/2018 17:41,18/08/2018,
ZA-00028807,ZAC0017923,10/08/2018 10:42,COMPLETE,13/08/2018 07:10,13/08/2018 11:25,20/08/2018,
ZA-00028808,ZAC0012328,10/08/2018 10:25,COMPLETE,13/08/2018 18:41,17/08/2018 03:12,18/08/2018,
ZA-00028809,ZAC0000274,10/08/2018 14:34,COMPLETE,14/08/2018 23:41,20/08/2018 15:41,18/08/2018,WINTER15
ZA-00028810,ZAC0018403,10/08/2018 21:34,COMPLETE,11/08/2018 06:23,15/08/2018 05:14,16/08/2018,
ZA-00028811,ZAC0000661,10/08/2018 07:16,DISPATCHED,11/08/2018 19:05,,14/08/2018,
ZA-00028812,ZAC0018891,10/08/2018 22:47,COMPLETE,13/08/2018 18:21,16/08/2018 23:06,18/08/2018,
ZA-00028813,ZAC0022261,10/08/2018 06:42,RETURNED,10/08/2018 14:26,19/08/2018 23:05,14/08/2018,
ZA-00028814,ZAC0012915,10/08/2018 06:03,COMPLETE,11/08/2018 04:32,16/08/2018 02:28,15/08/2018,
ZA-00028815,ZAC0003075,10/08/2018 21:00,COMPLETE,13/08/2018 13:13,17/08/2018 04:20,18/08/2018,
ZA-00028816,ZAC0012126,10/08/2018 19:35,COMPLETE,16/08/2018 04:17,18/08/2018 15:01,20/08/2018,
ZA-00028817,ZAC0012870,10/08/2018 20:40,DISPATCHED,17/08/2018 14:46,,21/08/2018,LOYAL5
ZA-00028818,ZAC0007720,10/08/2018 19:42,COMPLETE,13/08/2018 11:11,16/08/2018 21:16,17/08/2018,LOYAL5
ZA-00028819,ZAC0003169,10/08/2018 10:02,COMPLETE,12/08/2018 16:06,21/08/2018 20:34,17/08/2018,
ZA-00028820,ZAC0023054,10/08/2018 13:42,COMPLETE,13/08/2018 20:07,16/08/2018 02:26,20/08/2018,
ZA-00028821,ZAC0022715,10/08/2018 17:52,COMPLETE,13/08/2018 14:20,14/08/2018 15:34,18/08/2018,
ZA-00028822,ZAC0002073,10/08/2018 10:53,COMPLETE,10/08/2018 15:57,23/08/2018 15:03,15/08/2018,
ZA-00028823,ZAC0021177,10/08/2018 13:33,COMPLETE,10/08/2018 21:48,17/08/2018 04:21,13/08/2018,
ZA-00028824,ZAC0023553,11/08/2018 09:32,COMPLETE,13/08/2018 00:10,18/08/2018 06:32,20/08/2018,
ZA-00028825,ZAC0003980,11/08/2018 17:43,COMPLETE,12/08/2018 21:08,19/08/2018 01:33,17/08/2018,
ZA-00028826,ZAC0015303,11/08/2018 11:25,COMPLETE,13/08/2018 09:15,14/08/2018 09:18,17/08/2018,
ZA-00028827,ZAC0010993,11/08/2018 06:27,COMPLETE,11/08/2018 22:20,14/08/2018 03:50,15/08/2018,
ZA-00028828,ZAC0003373,11/08/2018 17:27,COMPLETE,12/08/2018 20:48,19/08/2018 07:36,16/08/2018,
ZA-00028829,ZAC0002834,11/08/2018 14:47,COMPLETE,13/08/2018 06:26,19/08/2018 23:25,17/08/2018,
ZA-00028830,ZAC0005106,11/08/2018 13:12,COMPLETE,12/08/2018 15:45,16/08/2018 13:39,19/08/2018,
ZA-00028831,ZAC0007411,11/08/2018 14:29,COMPLETE,11/08/2018 22:01,14/08/2018 10:22,15/08/2018,
ZA-00028832,ZAC0018617,11/08/2018 22:29,CANCELLED,,,,WINTER15
ZA-00028833,ZAC0002460,11/08/2018 07:38,COMPLETE,15/08/2018 16:38,22/08/2018 21:55,25/08/2018,WINTER15
ZA-00028834,ZAC0011082,11/08/2018 20:24,COMPLETE,14/08/2018 16:34,24/08/2018 07:18,24/08/2018,
ZA-00028835,ZAC0021145,11/08/2018 17:53,COMPLETE,19/08/2018 04:28,25/08/2018 14:44,23/08/2018,WINTER15
ZA-00028836,ZAC0001566,11/08/2018 10:46,COMPLETE,14/08/2018 22:53,16/08/2018 17:49,24/08/2018,
ZA-00028837,ZAC0017673,11/08/2018 20:52,COMPLETE,13/08/2018 17:01,20/08/2018 03:37,20/08/2018,
ZA-00028838,ZAC0014117,11/08/2018 19:49,COMPLETE,14/08/2018 09:32,19/08/2018 13:40,18/08/2018,
ZA-00028839,ZAC0001682,11/08/2018 16:45,PENDING,,,,
ZA-00028840,ZAC0005046,11/08/2018 10:16,COMPLETE,13/08/2018 04:58,19/08/2018 03:53,18/08/2018,
ZA-00028841,ZAC0000557,11/08/2018 07:09,COMPLETE,14/08/2018 02:02,20/08/2018 18:11,17/08/2018,WINTER15
ZA-00028842,ZAC0010146,11/08/2018 12:55,COMPLETE,13/08/2018 18:48,16/08/2018 03:30,18/08/2018,
ZA-00028843,ZAC0021600,11/08/2018 08:03,COMPLETE,14/08/2018 05:12,17/08/2018 22:45,19/08/2018,FLASH25
ZA-00028844,ZAC0006193,11/08/2018 07:58,COMPLETE,12/08/2018 19:13,15/08/2018 09:16,22/08/2018,FREESHIP
ZA-00028845,ZAC0002844,11/08/2018 09:37,COMPLETE,11/08/2018 21:23,16/08/2018 06:30,18/08/2018,WELCOME10
ZA-00028846,ZAC0007323,11/08/2018 06:14,COMPLETE,12/08/2018 07:48,19/08/2018 01:40,17/08/2018,
ZA-00028847,ZAC0021420,11/08/2018 19:47,COMPLETE,14/08/2018 01:49,15/08/2018 11:38,18/08/2018,
ZA-00028848,ZAC0007078,11/08/2018 07:52,DISPATCHED,12/08/2018 19:34,,15/08/2018,
ZA-00028849,ZAC0015872,11/08/2018 11:46,COMPLETE,14/08/2018 14:04,17/08/2018 15:45,21/08/2018,
ZA-00028850,ZAC0018371,11/08/2018 15:17,COMPLETE,12/08/2018 06:48,15/08/2018 18:16,16/08/2018,
ZA-00028851,ZAC0021653,11/08/2018 21:39,COMPLETE,12/08/2018 19:21,18/08/2018 12:26,19/08/2018,
ZA-00028852,ZAC0021457,11/08/2018 09:45,COMPLETE,14/08/2018 09:09,16/08/2018 03:27,21/08/2018,FLASH25
ZA-00028853,ZAC0014401,11/08/2018 15:02,CANCELLED,,,,
ZA-00028854,ZAC0010790,11/08/2018 08:01,COMPLETE,14/08/2018 06:43,26/08/2018 08:44,17/08/2018,
ZA-00028855,ZAC0003689,11/08/2018 17:31,COMPLETE,12/08/2018 14:51,20/08/2018 04:01,19/08/2018,
ZA-00028856,ZAC0023911,11/08/2018 19:23,COMPLETE,13/08/2018 09:46,17/08/2018 11:51,20/08/2018,
ZA-00028857,ZAC0019602,11/08/2018 20:20,COMPLETE,12/08/2018 03:06,16/08/2018 03:18,15/08/2018,
ZA-00028858,ZAC0001269,11/08/2018 21:45,COMPLETE,15/08/2018 12:22,18/08/2018 06:21,19/08/2018,
ZA-00028859,ZAC0020257,11/08/2018 14:58,COMPLETE,13/08/2018 04:59,17/08/2018 01:13,18/08/2018,
ZA-00028860,ZAC0013820,11/08/2018 20:19,COMPLETE,12/08/2018 20:56,13/08/2018 22:49,15/08/2018,
ZA-00028861,ZAC0000399,11/08/2018 13:09,COMPLETE,13/08/2018 21:40,16/08/2018 02:25,20/08/2018,
ZA-00028862,ZAC0001641,11/08/2018 12:06,COMPLETE,12/08/2018 14:11,14/08/2018 08:58,16/08/2018,
ZA-00028863,ZAC0015773,11/08/2018 11:39,COMPLETE,12/08/2018 07:19,14/08/2018 05:39,16/08/2018,LOYAL5
ZA-00028864,ZAC0014338,11/08/2018 13:52,COMPLETE,14/08/2018 14:27,18/08/2018 15:57,18/08/2018,
ZA-00028865,ZAC0020880,11/08/2018 14:15,COMPLETE,12/08/2018 16:33,14/08/2018 19:32,19/08/2018,
ZA-00028866,ZAC0003045,11/08/2018 21:13,COMPLETE,13/08/2018 17:34,20/08/2018 14:43,17/08/2018,
ZA-00028867,ZAC0002934,11/08/2018 14:01,COMPLETE,15/08/2018 22:29,22/08/2018 08:58,20/08/2018,
ZA-00028868,ZAC0002862,11/08/2018 08:56,COMPLETE,13/08/2018 10:37,15/08/2018 01:15,16/08/2018,
ZA-00028869,ZAC0018747,11/08/2018 17:53,COMPLETE,12/08/2018 20:19,15/08/2018 03:57,16/08/2018,
ZA-00028870,ZAC0014476,11/08/2018 14:21,COMPLETE,13/08/2018 04:07,20/08/2018 01:52,18/08/2018,
ZA-00028871,ZAC0018970,11/08/2018 08:59,COMPLETE,12/08/2018 20:51,22/08/2018 02:58,19/08/2018,BULK20
ZA-00028872,ZAC0014620,11/08/2018 11:14,COMPLETE,12/08/2018 05:50,19/08/2018 15:52,17/08/2018,
ZA-00028873,ZAC0018994,11/08/2018 14:20,COMPLETE,13/08/2018 01:26,20/08/2018 21:56,20/08/2018,
ZA-00028874,ZAC0001083,11/08/2018 20:22,COMPLETE,15/08/2018 14:30,20/08/2018 03:21,18/08/2018,
ZA-00028875,ZAC0013122,11/08/2018 10:02,COMPLETE,12/08/2018 13:19,15/08/2018 03:08,16/08/2018,
ZA-00028876,ZAC0005634,11/08/2018 13:02,COMPLETE,12/08/2018 20:13,16/08/2018 05:37,17/08/2018,
ZA-00028877,ZAC0022082,11/08/2018 08:21,COMPLETE,11/08/2018 21:17,15/08/2018 14:11,14/08/2018,
ZA-00028878,ZAC0007054,11/08/2018 13:14,COMPLETE,16/08/2018 17:41,21/08/2018 19:13,19/08/2018,
ZA-00028879,ZAC0009094,11/08/2018 21:23,COMPLETE,14/08/2018 08:45,20/08/2018 16:42,17/08/2018,
ZA-00028880,ZAC0008914,11/08/2018 21:19,COMPLETE,15/08/2018 19:59,20/08/2018 20:18,20/08/2018,
ZA-00028881,ZAC0014537,11/08/2018 15:30,COMPLETE,12/08/2018 19:57,29/08/2018 19:42,17/08/2018,
ZA-00028882,ZAC0002965,11/08/2018 13:55,COMPLETE,16/08/2018 21:30,18/08/2018 07:12,20/08/2018,
ZA-00028883,ZAC0009555,11/08/2018 09:32,COMPLETE,12/08/2018 20:26,15/08/2018 08:02,17/08/2018,
ZA-00028884,ZAC0015565,11/08/2018 21:24,COMPLETE,13/08/2018 10:34,14/08/2018 04:55,17/08/2018,FREESHIP
ZA-00028885,ZAC0008721,11/08/2018 06:45,COMPLETE,12/08/2018 09:27,14/08/2018 02:54,17/08/2018,FREESHIP
ZA-00028886,ZAC0012955,11/08/2018 11:11,COMPLETE,12/08/2018 21:14,16/08/2018 11:30,16/08/2018,
ZA-00028887,ZAC0019636,11/08/2018 13:57,COMPLETE,17/08/2018 13:44,18/08/2018 07:15,27/08/2018,
ZA-00028888,ZAC0023450,11/08/2018 08:36,COMPLETE,15/08/2018 01:43,19/08/2018 10:10,20/08/2018,
ZA-00028889,ZAC0010997,11/08/2018 09:51,COMPLETE,11/08/2018 21:05,20/08/2018 20:28,18/08/2018,WELCOME10
ZA-00028890,ZAC0016477,11/08/2018 14:00,COMPLETE,13/08/2018 04:07,21/08/2018 18:11,20/08/2018,
ZA-00028891,ZAC0021765,11/08/2018 07:35,COMPLETE,12/08/2018 16:28,14/08/2018 02:18,19/08/2018,
ZA-00028892,ZAC0010730,11/08/2018 14:01,COMPLETE,13/08/2018 14:22,21/08/2018 03:51,20/08/2018,FREESHIP
ZA-00028893,ZAC0015266,11/08/2018 21:07,COMPLETE,16/08/2018 07:27,20/08/2018 05:03,26/08/2018,
ZA-00028894,ZAC0004622,11/08/2018 22:11,COMPLETE,14/08/2018 23:58,21/08/2018 06:57,17/08/2018,
ZA-00028895,ZAC0009590,11/08/2018 13:10,PENDING,,,,LOYAL5
ZA-00028896,ZAC0017208,11/08/2018 11:06,COMPLETE,12/08/2018 20:45,15/08/2018 17:51,22/08/2018,WELCOME10
ZA-00028897,ZAC0009739,11/08/2018 10:17,COMPLETE,13/08/2018 09:32,20/08/2018 10:26,20/08/2018,
ZA-00028898,ZAC0013981,11/08/2018 12:38,COMPLETE,11/08/2018 16:01,14/08/2018 04:50,16/08/2018,
ZA-00028899,ZAC0011348,12/08/2018 09:50,COMPLETE,15/08/2018 19:37,21/08/2018 14:26,19/08/2018,
ZA-00028900,ZAC0011677,12/08/2018 20:07,COMPLETE,15/08/2018 03:02,23/08/2018 06:04,22/08/2018,
ZA-00028901,ZAC0009276,12/08/2018 17:58,CANCELLED,,,,FLASH25
ZA-00028902,ZAC0018980,12/08/2018 12:45,COMPLETE,15/08/2018 23:37,25/08/2018 04:13,20/08/2018,
ZA-00028903,ZAC0009595,12/08/2018 15:07,COMPLETE,14/08/2018 08:04,20/08/2018 15:08,17/08/2018,WELCOME10
ZA-00028904,ZAC0015479,12/08/2018 21:08,COMPLETE,13/08/2018 12:58,24/08/2018 02:54,20/08/2018,
ZA-00028905,ZAC0008708,12/08/2018 20:00,COMPLETE,13/08/2018 01:32,17/08/2018 09:02,18/08/2018,
ZA-00028906,ZAC0012332,12/08/2018 18:31,COMPLETE,16/08/2018 14:49,21/08/2018 12:27,23/08/2018,
ZA-00028907,ZAC0002955,12/08/2018 10:22,COMPLETE,20/08/2018 22:15,24/08/2018 20:16,24/08/2018,
ZA-00028908,ZAC0014150,12/08/2018 20:32,COMPLETE,16/08/2018 09:51,20/08/2018 12:38,23/08/2018,
ZA-00028909,ZAC0002071,12/08/2018 11:06,COMPLETE,16/08/2018 01:58,17/08/2018 01:56,21/08/2018,
ZA-00028910,ZAC0003981,12/08/2018 18:23,COMPLETE,13/08/2018 17:40,23/08/2018 04:24,18/08/2018,
ZA-00028911,ZAC0007889,12/08/2018 13:39,COMPLETE,13/08/2018 07:58,13/08/2018 17:28,23/08/2018,
ZA-00028912,ZAC0023932,12/08/2018 17:18,COMPLETE,14/08/2018 12:54,19/08/2018 07:24,17/08/2018,
ZA-00028913,ZAC0012997,12/08/2018 14:07,COMPLETE,15/08/2018 00:51,16/08/2018 06:13,18/08/2018,
ZA-00028914,ZAC0015989,12/08/2018 12:12,COMPLETE,14/08/2018 05:09,17/08/2018 01:06,17/08/2018,
ZA-00028915,ZAC0013256,12/08/2018 19:23,COMPLETE,16/08/2018 10:57,28/08/2018 15:49,23/08/2018,
ZA-00028916,ZAC0012701,12/08/2018 17:57,COMPLETE,16/08/2018 05:56,18/08/2018 00:06,23/08/2018,
ZA-00028917,ZAC0009580,12/08/2018 13:14,COMPLETE,14/08/2018 03:00,19/08/2018 08:32,21/08/2018,
ZA-00028918,ZAC0016379,12/08/2018 07:35,COMPLETE,15/08/2018 00:14,16/08/2018 12:19,19/08/2018,FREESHIP
ZA-00028919,ZAC0020480,12/08/2018 14:37,COMPLETE,17/08/2018 05:57,19/08/2018 08:56,24/08/2018,WINTER15
ZA-00028920,ZAC0016839,12/08/2018 18:52,COMPLETE,14/08/2018 14:29,19/08/2018 13:13,17/08/2018,
ZA-00028921,ZAC0005056,12/08/2018 17:46,COMPLETE,17/08/2018 17:31,21/08/2018 19:48,27/08/2018,WELCOME10
ZA-00028922,ZAC0009809,12/08/2018 14:50,DISPATCHED,14/08/2018 12:07,,19/08/2018,
ZA-00028923,ZAC0021006,12/08/2018 17:10,COMPLETE,14/08/2018 17:53,18/08/2018 08:16,19/08/2018,
ZA-00028924,ZAC0023802,12/08/2018 08:27,COMPLETE,13/08/2018 13:08,17/08/2018 13:34,16/08/2018,
ZA-00028925,ZAC0014131,12/08/2018 18:28,COMPLETE,14/08/2018 07:33,15/08/2018 00:56,17/08/2018,
ZA-00028926,ZAC0005331,12/08/2018 13:35,COMPLETE,13/08/2018 16:46,16/08/2018 09:49,16/08/2018,
ZA-00028927,ZAC0007550,12/08/2018 17:44,COMPLETE,14/08/2018 09:21,18/08/2018 01:02,17/08/2018,
ZA-00028928,ZAC0000352,12/08/2018 07:22,COMPLETE,14/08/2018 15:22,18/08/2018 18:44,17/08/2018,
ZA-00028929,ZAC0001741,12/08/2018 06:35,COMPLETE,13/08/2018 17:28,18/08/2018 10:46,23/08/2018,BULK20
ZA-00028930,ZAC0021151,12/08/2018 13:31,COMPLETE,13/08/2018 09:04,16/08/2018 21:09,18/08/2018,
ZA-00028931,ZAC0003757,12/08/2018 21:14,COMPLETE,14/08/2018 02:11,17/08/2018 23:48,17/08/2018,
ZA-00028932,ZAC0008156,12/08/2018 20:28,COMPLETE,19/08/2018 08:34,25/08/2018 02:13,24/08/2018,FREESHIP
ZA-00028933,ZAC0020927,12/08/2018 20:40,COMPLETE,14/08/2018 20:53,21/08/2018 04:37,19/08/2018,
ZA-00028934,ZAC0009325,12/08/2018 08:29,COMPLETE,17/08/2018 06:31,18/08/2018 21:04,24/08/2018,
ZA-00028935,ZAC0014967,12/08/2018 07:35,COMPLETE,15/08/2018 21:26,18/08/2018 07:37,19/08/2018,WINTER15
ZA-00028936,ZAC0009853,12/08/2018 10:27,COMPLETE,13/08/2018 18:03,18/08/2018 18:15,16/08/2018,
ZA-00028937,ZAC0021032,12/08/2018 22:03,COMPLETE,15/08/2018 21:29,16/08/2018 23:04,20/08/2018,FLASH25
ZA-00028938,ZAC0021406,12/08/2018 16:17,COMPLETE,14/08/2018 10:26,15/08/2018 14:41,21/08/2018,
ZA-00028939,ZAC0005693,12/08/2018 10:12,COMPLETE,15/08/2018 17:51,17/08/2018 02:35,20/08/2018,
ZA-00028940,ZAC0016526,12/08/2018 06:29,COMPLETE,13/08/2018 23:02,17/08/2018 18:28,16/08/2018,
ZA-00028941,ZAC0023695,12/08/2018 17:13,COMPLETE,13/08/2018 22:15,18/08/2018 23:51,23/08/2018,WINTER15
ZA-00028942,ZAC0012553,12/08/2018 13:53,COMPLETE,13/08/2018 16:01,19/08/2018 11:52,16/08/2018,
ZA-00028943,ZAC0013410,12/08/2018 11:45,COMPLETE,15/08/2018 22:40,18/08/2018 15:43,18/08/2018,
ZA-00028944,ZAC0015754,12/08/2018 11:14,COMPLETE,13/08/2018 11:06,17/08/2018 15:11,18/08/2018,LOYAL5
ZA-00028945,ZAC0018810,12/08/2018 16:29,COMPLETE,16/08/2018 00:04,20/08/2018 05:10,21/08/2018,
ZA-00028946,ZAC0019377,12/08/2018 18:08,COMPLETE,14/08/2018 06:49,17/08/2018 11:49,21/08/2018,
ZA-00028947,ZAC0007530,12/08/2018 11:18,COMPLETE,16/08/2018 09:21,19/08/2018 18:06,20/08/2018,
ZA-00028948,ZAC0000399,12/08/2018 07:59,COMPLETE,12/08/2018 23:01,15/08/2018 23:21,16/08/2018,
ZA-00028949,ZAC0007352,12/08/2018 17:16,COMPLETE,15/08/2018 08:52,21/08/2018 03:43,25/08/2018,
ZA-00028950,ZAC0015357,12/08/2018 15:55,COMPLETE,14/08/2018 08:16,17/08/2018 16:41,18/08/2018,
ZA-00028951,ZAC0007367,12/08/2018 10:41,COMPLETE,13/08/2018 08:11,15/08/2018 16:26,17/08/2018,FLASH25
ZA-00028952,ZAC0015187,12/08/2018 07:11,CANCELLED,,,,
ZA-00028953,ZAC0021159,12/08/2018 11:03,COMPLETE,13/08/2018 00:19,15/08/2018 09:44,17/08/2018,
ZA-00028954,ZAC0012566,12/08/2018 17:36,COMPLETE,14/08/2018 08:50,16/08/2018 20:46,18/08/2018,
ZA-00028955,ZAC0018040,12/08/2018 14:40,COMPLETE,13/08/2018 08:44,20/08/2018 16:11,16/08/2018,
ZA-00028956,ZAC0005631,12/08/2018 13:39,CANCELLED,,,,
ZA-00028957,ZAC0006380,12/08/2018 12:26,COMPLETE,13/08/2018 11:17,15/08/2018 23:07,16/08/2018,
ZA-00028958,ZAC0003958,12/08/2018 12:07,COMPLETE,12/08/2018 20:44,22/08/2018 20:38,16/08/2018,
ZA-00028959,ZAC0012569,12/08/2018 09:01,DISPATCHED,14/08/2018 13:18,,24/08/2018,
ZA-00028960,ZAC0020462,12/08/2018 15:38,COMPLETE,14/08/2018 07:13,25/08/2018 04:30,19/08/2018,
ZA-00028961,ZAC0020179,12/08/2018 15:15,COMPLETE,15/08/2018 02:49,21/08/2018 05:02,19/08/2018,
ZA-00028962,ZAC0004177,12/08/2018 16:54,COMPLETE,14/08/2018 16:46,17/08/2018 14:29,18/08/2018,
ZA-00028963,ZAC0014030,12/08/2018 08:05,COMPLETE,13/08/2018 07:39,15/08/2018 13:38,17/08/2018,
ZA-00028964,ZAC0018074,12/08/2018 09:22,COMPLETE,13/08/2018 05:59,16/08/2018 04:43,20/08/2018,
ZA-00028965,ZAC0006801,12/08/2018 22:20,COMPLETE,14/08/2018 22:35,21/08/2018 10:58,24/08/2018,
ZA-00028966,ZAC0002539,12/08/2018 07:10,COMPLETE,13/08/2018 15:40,20/08/2018 03:12,18/08/2018,
ZA-00028967,ZAC0000917,12/08/2018 16:24,COMPLETE,18/08/2018 05:41,24/08/2018 00:51,23/08/2018,FLASH25
ZA-00028968,ZAC0004420,12/08/2018 15:58,COMPLETE,17/08/2018 04:02,19/08/2018 06:33,24/08/2018,
ZA-00028969,ZAC0007180,12/08/2018 17:02,COMPLETE,13/08/2018 09:42,18/08/2018 12:29,20/08/2018,LOYAL5
ZA-00028970,ZAC0021851,12/08/2018 16:50,COMPLETE,16/08/2018 06:33,17/08/2018 18:02,23/08/2018,
ZA-00028971,ZAC0006026,12/08/2018 11:06,DISPATCHED,15/08/2018 21:27,,18/08/2018,
ZA-00028972,ZAC0023946,12/08/2018 18:27,COMPLETE,14/08/2018 02:08,16/08/2018 16:06,21/08/2018,
ZA-00028973,ZAC0006021,12/08/2018 18:32,COMPLETE,14/08/2018 08:29,19/08/2018 23:41,18/08/2018,
ZA-00028974,ZAC0000641,12/08/2018 13:24,COMPLETE,12/08/2018 17:52,15/08/2018 10:54,16/08/2018,
ZA-00028975,ZAC0017898,12/08/2018 10:00,COMPLETE,15/08/2018 06:53,16/08/2018 12:58,19/08/2018,
ZA-00028976,ZAC0014402,12/08/2018 08:07,COMPLETE,16/08/2018 02:33,21/08/2018 18:47,21/08/2018,WELCOME10
ZA-00028977,ZAC0005000,12/08/2018 19:51,COMPLETE,17/08/2018 12:25,21/08/2018 07:45,22/08/2018,
ZA-00028978,ZAC0020930,12/08/2018 18:12,COMPLETE,13/08/2018 07:07,13/08/2018 13:56,17/08/2018,
ZA-00028979,ZAC0002254,12/08/2018 18:12,COMPLETE,13/08/2018 05:45,15/08/2018 09:36,20/08/2018,
ZA-00028980,ZAC0012082,12/08/2018 17:41,COMPLETE,16/08/2018 07:46,17/08/2018 19:38,21/08/2018,
ZA-00028981,ZAC0000829,12/08/2018 21:32,COMPLETE,17/08/2018 02:03,17/08/2018 21:43,21/08/2018,BULK20
ZA-00028982,ZAC0019538,12/08/2018 11:26,COMPLETE,13/08/2018 07:38,16/08/2018 22:29,17/08/2018,
ZA-00028983,ZAC0007590,12/08/2018 10:09,COMPLETE,13/08/2018 01:57,18/08/2018 01:42,17/08/2018,
ZA-00028984,ZAC0002185,12/08/2018 08:35,COMPLETE,14/08/2018 15:44,21/08/2018 03:49,19/08/2018,
ZA-00028985,ZAC0004315,12/08/2018 13:03,COMPLETE,13/08/2018 05:05,13/08/2018 15:24,17/08/2018,
ZA-00028986,ZAC0011495,12/08/2018 22:02,COMPLETE,14/08/2018 20:18,21/08/2018 05:59,17/08/2018,
ZA-00028987,ZAC0004687,12/08/2018 14:33,COMPLETE,13/08/2018 17:20,27/08/2018 13:42,17/08/2018,
ZA-00028988,ZAC0008106,12/08/2018 08:25,COMPLETE,15/08/2018 03:20,24/08/2018 15:46,19/08/2018,
ZA-00028989,ZAC0001385,12/08/2018 18:53,COMPLETE,14/08/2018 11:10,18/08/2018 22:01,19/08/2018,
ZA-00028990,ZAC0014361,12/08/2018 18:56,COMPLETE,14/08/2018 07:11,21/08/2018 13:03,18/08/2018,WELCOME10
ZA-00028991,ZAC0022900,12/08/2018 16:45,COMPLETE,14/08/2018 20:58,23/08/2018 10:24,24/08/2018,
ZA-00028992,ZAC0023954,12/08/2018 17:03,COMPLETE,14/08/2018 19:40,17/08/2018 17:33,19/08/2018,
ZA-00028993,ZAC0008363,12/08/2018 19:51,DISPATCHED,13/08/2018 06:19,,17/08/2018,WELCOME10
ZA-00028994,ZAC0019069,12/08/2018 14:13,COMPLETE,13/08/2018 12:54,15/08/2018 23:53,16/08/2018,
ZA-00028995,ZAC0014009,12/08/2018 07:08,COMPLETE,12/08/2018 21:46,20/08/2018 05:42,17/08/2018,
ZA-00028996,ZAC0020756,12/08/2018 19:17,COMPLETE,16/08/2018 14:44,18/08/2018 17:10,20/08/2018,LOYAL5
ZA-00028997,ZAC0020254,13/08/2018 06:08,COMPLETE,15/08/2018 00:54,16/08/2018 21:14,19/08/2018,WINTER15
ZA-00028998,ZAC0017332,13/08/2018 17:31,COMPLETE,14/08/2018 09:27,19/08/2018 09:27,18/08/2018,FLASH25
ZA-00028999,ZAC0016372,13/08/2018 09:34,COMPLETE,13/08/2018 21:54,18/08/2018 03:42,17/08/2018,
ZA-00029000,ZAC0010707,13/08/2018 12:28,COMPLETE,15/08/2018 21:43,21/08/2018 00:21,22/08/2018,
ZA-00029001,ZAC0000538,13/08/2018 16:22,COMPLETE,16/08/2018 04:37,21/08/2018 01:40,20/08/2018,WELCOME10
ZA-00029002,ZAC0023889,13/08/2018 14:58,CANCELLED,,,,FREESHIP
ZA-00029003,ZAC0007806,13/08/2018 17:16,COMPLETE,16/08/2018 17:20,21/08/2018 08:43,21/08/2018,
ZA-00029004,ZAC0012672,13/08/2018 20:54,COMPLETE,16/08/2018 23:05,18/08/2018 11:46,20/08/2018,
ZA-00029005,ZAC0018611,13/08/2018 17:18,COMPLETE,14/08/2018 02:45,18/08/2018 02:31,18/08/2018,
ZA-00029006,ZAC0006240,13/08/2018 06:45,COMPLETE,15/08/2018 12:23,18/08/2018 00:35,19/08/2018,LOYAL5
ZA-00029007,ZAC0023929,13/08/2018 19:25,COMPLETE,15/08/2018 10:15,17/08/2018 23:58,19/08/2018,
ZA-00029008,ZAC0021697,13/08/2018 14:53,COMPLETE,19/08/2018 06:25,22/08/2018 17:52,23/08/2018,FLASH25
ZA-00029009,ZAC0007213,13/08/2018 19:28,COMPLETE,19/08/2018 21:28,24/08/2018 06:32,23/08/2018,WINTER15
ZA-00029010,ZAC0008869,13/08/2018 14:20,COMPLETE,15/08/2018 06:27,19/08/2018 18:23,22/08/2018,FLASH25
ZA-00029011,ZAC0005838,13/08/2018 21:24,COMPLETE,15/08/2018 11:15,22/08/2018 05:53,19/08/2018,
ZA-00029012,ZAC0008026,13/08/2018 17:21,COMPLETE,14/08/2018 06:03,16/08/2018 04:50,18/08/2018,
ZA-00029013,ZAC0021277,13/08/2018 20:04,COMPLETE,14/08/2018 05:29,21/08/2018 16:43,21/08/2018,
ZA-00029014,ZAC0020908,13/08/2018 21:59,COMPLETE,16/08/2018 06:52,17/08/2018 03:45,21/08/2018,
ZA-00029015,ZAC0007776,13/08/2018 21:35,COMPLETE,14/08/2018 12:54,16/08/2018 02:23,18/08/2018,
ZA-00029016,ZAC0023456,13/08/2018 22:13,COMPLETE,19/08/2018 07:38,27/08/2018 19:19,23/08/2018,BULK20
ZA-00029017,ZAC0013767,13/08/2018 14:30,COMPLETE,17/08/2018 08:43,18/08/2018 23:47,22/08/2018,
ZA-00029018,ZAC0015128,13/08/2018 07:22,COMPLETE,15/08/2018 15:23,19/08/2018 18:23,20/08/2018,
ZA-00029019,ZAC0019300,13/08/2018 12:48,COMPLETE,20/08/2018 07:51,25/08/2018 05:10,27/08/2018,
ZA-00029020,ZAC0015568,13/08/2018 09:26,COMPLETE,19/08/2018 08:16,19/08/2018 20:14,22/08/2018,
ZA-00029021,ZAC0001230,13/08/2018 22:46,COMPLETE,16/08/2018 08:25,23/08/2018 04:27,19/08/2018,
ZA-00029022,ZAC0005790,13/08/2018 18:54,COMPLETE,16/08/2018 22:45,18/08/2018 11:32,23/08/2018,
ZA-00029023,ZAC0022857,13/08/2018 07:59,COMPLETE,14/08/2018 07:47,23/08/2018 03:35,18/08/2018,
ZA-00029024,ZAC0011449,13/08/2018 13:13,COMPLETE,15/08/2018 08:54,19/08/2018 13:49,25/08/2018,FLASH25
ZA-00029025,ZAC0009035,13/08/2018 21:01,COMPLETE,19/08/2018 10:23,23/08/2018 03:01,26/08/2018,
ZA-00029026,ZAC0009355,13/08/2018 16:35,COMPLETE,16/08/2018 17:47,22/08/2018 08:04,21/08/2018,
ZA-00029027,ZAC0014489,13/08/2018 20:57,COMPLETE,15/08/2018 12:32,19/08/2018 07:04,20/08/2018,
ZA-00029028,ZAC0017649,13/08/2018 12:10,COMPLETE,15/08/2018 02:55,19/08/2018 18:13,25/08/2018,LOYAL5
ZA-00029029,ZAC0000299,13/08/2018 22:22,COMPLETE,17/08/2018 00:57,22/08/2018 18:08,24/08/2018,LOYAL5
ZA-00029030,ZAC0004828,13/08/2018 09:39,COMPLETE,14/08/2018 16:26,16/08/2018 20:36,21/08/2018,
ZA-00029031,ZAC0000928,13/08/2018 12:20,COMPLETE,18/08/2018 08:21,21/08/2018 19:27,22/08/2018,
ZA-00029032,ZAC0001170,13/08/2018 17:05,COMPLETE,15/08/2018 00:49,17/08/2018 11:47,18/08/2018,
ZA-00029033,ZAC0019497,13/08/2018 16:34,COMPLETE,14/08/2018 16:41,18/08/2018 03:33,21/08/2018,
ZA-00029034,ZAC0007270,13/08/2018 21:37,COMPLETE,16/08/2018 06:47,18/08/2018 01:43,19/08/2018,
ZA-00029035,ZAC0022908,13/08/2018 22:43,CANCELLED,,,,
ZA-00029036,ZAC0018337,13/08/2018 17:31,COMPLETE,15/08/2018 03:33,18/08/2018 21:17,19/08/2018,
ZA-00029037,ZAC0004376,13/08/2018 08:59,COMPLETE,15/08/2018 03:46,22/08/2018 20:57,18/08/2018,
ZA-00029038,ZAC0011542,13/08/2018 13:20,COMPLETE,17/08/2018 14:29,21/08/2018 10:31,20/08/2018,FREESHIP
ZA-00029039,ZAC0018557,13/08/2018 17:06,COMPLETE,16/08/2018 15:48,26/08/2018 15:06,21/08/2018,
ZA-00029040,ZAC0015014,13/08/2018 16:58,CANCELLED,,,,
ZA-00029041,ZAC0016366,13/08/2018 19:35,COMPLETE,15/08/2018 14:21,19/08/2018 10:20,20/08/2018,WELCOME10
ZA-00029042,ZAC0019668,13/08/2018 22:14,COMPLETE,18/08/2018 09:03,20/08/2018 03:02,22/08/2018,
ZA-00029043,ZAC0018033,13/08/2018 17:12,DISPATCHED,15/08/2018 20:47,,18/08/2018,
ZA-00029044,ZAC0003885,13/08/2018 21:20,COMPLETE,16/08/2018 01:07,17/08/2018 21:12,23/08/2018,
ZA-00029045,ZAC0008410,13/08/2018 22:03,COMPLETE,17/08/2018 05:44,23/08/2018 08:05,27/08/2018,
ZA-00029046,ZAC0010076,13/08/2018 15:49,COMPLETE,14/08/2018 09:23,18/08/2018 06:28,17/08/2018,
ZA-00029047,ZAC0000862,13/08/2018 11:23,COMPLETE,14/08/2018 20:20,25/08/2018 03:50,21/08/2018,
ZA-00029048,ZAC0016638,13/08/2018 19:25,COMPLETE,15/08/2018 17:05,20/08/2018 16:00,18/08/2018,
ZA-00029049,ZAC0023516,13/08/2018 08:31,COMPLETE,14/08/2018 19:31,20/08/2018 08:36,21/08/2018,
ZA-00029050,ZAC0010766,13/08/2018 06:03,COMPLETE,17/08/2018 14:43,18/08/2018 09:33,21/08/2018,
ZA-00029051,ZAC0004994,13/08/2018 07:29,COMPLETE,14/08/2018 22:10,28/08/2018 07:44,18/08/2018,BULK20
ZA-00029052,ZAC0022866,13/08/2018 14:26,COMPLETE,15/08/2018 23:52,24/08/2018 08:35,19/08/2018,
ZA-00029053,ZAC0022447,13/08/2018 09:47,COMPLETE,15/08/2018 10:43,18/08/2018 18:32,19/08/2018,LOYAL5
ZA-00029054,ZAC0023891,13/08/2018 10:31,RETURNED,14/08/2018 12:14,16/08/2018 03:59,19/08/2018,
ZA-00029055,ZAC0011131,13/08/2018 16:04,COMPLETE,15/08/2018 02:37,23/08/2018 11:49,18/08/2018,
ZA-00029056,ZAC0002205,13/08/2018 20:42,COMPLETE,14/08/2018 15:28,19/08/2018 14:13,17/08/2018,
ZA-00029057,ZAC0015869,13/08/2018 14:15,COMPLETE,20/08/2018 19:02,25/08/2018 06:55,27/08/2018,
ZA-00029058,ZAC0017195,13/08/2018 10:26,COMPLETE,17/08/2018 07:16,20/08/2018 08:34,20/08/2018,
ZA-00029059,ZAC0008900,13/08/2018 21:20,COMPLETE,14/08/2018 03:20,24/08/2018 02:38,19/08/2018,
ZA-00029060,ZAC0010937,13/08/2018 17:16,COMPLETE,15/08/2018 01:59,16/08/2018 20:41,22/08/2018,
ZA-00029061,ZAC0001579,13/08/2018 22:43,COMPLETE,15/08/2018 00:36,17/08/2018 07:13,22/08/2018,
ZA-00029062,ZAC0023442,13/08/2018 19:46,COMPLETE,15/08/2018 10:53,16/08/2018 21:13,19/08/2018,BULK20
ZA-00029063,ZAC0008249,13/08/2018 14:42,COMPLETE,23/08/2018 19:22,30/08/2018 07:00,26/08/2018,
ZA-00029064,ZAC0006187,13/08/2018 22:31,COMPLETE,18/08/2018 01:13,20/08/2018 02:16,22/08/2018,BULK20
ZA-00029065,ZAC0018758,13/08/2018 16:43,COMPLETE,17/08/2018 17:35,19/08/2018 21:00,21/08/2018,
ZA-00029066,ZAC0022399,13/08/2018 09:28,COMPLETE,15/08/2018 03:48,22/08/2018 22:14,20/08/2018,
ZA-00029067,ZAC0012898,13/08/2018 13:49,COMPLETE,15/08/2018 07:46,20/08/2018 13:59,18/08/2018,FLASH25
ZA-00029068,ZAC0010442,13/08/2018 15:02,COMPLETE,14/08/2018 03:41,17/08/2018 11:38,21/08/2018,
ZA-00029069,ZAC0006280,13/08/2018 13:30,COMPLETE,14/08/2018 09:06,18/08/2018 12:09,24/08/2018,
ZA-00029070,ZAC0010527,13/08/2018 14:14,COMPLETE,18/08/2018 07:46,26/08/2018 01:01,22/08/2018,
ZA-00029071,ZAC0001351,13/08/2018 14:29,COMPLETE,14/08/2018 19:19,20/08/2018 15:33,19/08/2018,FREESHIP
ZA-00029072,ZAC0010946,13/08/2018 09:03,COMPLETE,15/08/2018 16:09,17/08/2018 14:33,20/08/2018,
ZA-00029073,ZAC0005709,13/08/2018 12:51,COMPLETE,13/08/2018 21:27,17/08/2018 08:51,16/08/2018,
ZA-00029074,ZAC0010575,14/08/2018 19:04,COMPLETE,16/08/2018 11:16,17/08/2018 22:30,21/08/2018,
ZA-00029075,ZAC0023009,14/08/2018 11:32,COMPLETE,14/08/2018 21:57,17/08/2018 10:22,18/08/2018,
ZA-00029076,ZAC0002600,14/08/2018 08:19,COMPLETE,16/08/2018 13:12,22/08/2018 07:40,21/08/2018,
ZA-00029077,ZAC0000458,14/08/2018 16:22,COMPLETE,16/08/2018 22:50,22/08/2018 04:16,23/08/2018,
ZA-00029078,ZAC0018324,14/08/2018 22:11,COMPLETE,16/08/2018 16:48,17/08/2018 12:32,21/08/2018,
ZA-00029079,ZAC0018285,14/08/2018 07:51,COMPLETE,14/08/2018 18:51,15/08/2018 15:44,24/08/2018,
ZA-00029080,ZAC0018152,14/08/2018 12:10,CANCELLED,,,,
ZA-00029081,ZAC0011155,14/08/2018 22:28,COMPLETE,17/08/2018 07:33,20/08/2018 10:37,20/08/2018,
ZA-00029082,ZAC0023628,14/08/2018 06:01,COMPLETE,15/08/2018 03:32,18/08/2018 05:42,18/08/2018,
ZA-00029083,ZAC0015311,14/08/2018 08:11,COMPLETE,15/08/2018 13:23,18/08/2018 09:09,22/08/2018,
ZA-00029084,ZAC0020543,14/08/2018 20:20,COMPLETE,20/08/2018 02:49,25/08/2018 16:14,24/08/2018,
ZA-00029085,ZAC0004042,14/08/2018 22:29,COMPLETE,16/08/2018 16:03,18/08/2018 16:16,26/08/2018,
ZA-00029086,ZAC0022064,14/08/2018 10:08,COMPLETE,15/08/2018 11:42,21/08/2018 17:49,19/08/2018,
ZA-00029087,ZAC0009976,14/08/2018 21:35,COMPLETE,17/08/2018 12:01,17/08/2018 22:55,22/08/2018,
ZA-00029088,ZAC0014633,14/08/2018 16:22,COMPLETE,16/08/2018 22:03,18/08/2018 22:39,23/08/2018,
ZA-00029089,ZAC0003010,14/08/2018 18:03,COMPLETE,16/08/2018 05:09,20/08/2018 16:00,19/08/2018,
ZA-00029090,ZAC0015549,14/08/2018 09:26,COMPLETE,19/08/2018 02:32,21/08/2018 08:25,24/08/2018,
ZA-00029091,ZAC0007994,14/08/2018 16:15,DISPATCHED,15/08/2018 16:55,,18/08/2018,
ZA-00029092,ZAC0012411,14/08/2018 12:51,COMPLETE,14/08/2018 17:50,25/08/2018 20:56,19/08/2018,
ZA-00029093,ZAC0020852,14/08/2018 09:39,COMPLETE,18/08/2018 11:04,24/08/2018 07:00,23/08/2018,WELCOME10
ZA-00029094,ZAC0005531,14/08/2018 22:52,COMPLETE,15/08/2018 16:11,17/08/2018 12:16,19/08/2018,
ZA-00029095,ZAC0018702,14/08/2018 11:18,PENDING,,,,
ZA-00029096,ZAC0013995,14/08/2018 15:10,COMPLETE,17/08/2018 15:41,21/08/2018 01:29,21/08/2018,
ZA-00029097,ZAC0003576,14/08/2018 14:58,COMPLETE,15/08/2018 03:50,17/08/2018 14:41,19/08/2018,WINTER15
ZA-00029098,ZAC0005169,14/08/2018 08:47,COMPLETE,18/08/2018 13:43,24/08/2018 00:31,22/08/2018,
ZA-00029099,ZAC0012227,14/08/2018 22:07,COMPLETE,16/08/2018 00:27,21/08/2018 00:59,26/08/2018,
ZA-00029100,ZAC0022831,14/08/2018 08:03,COMPLETE,15/08/2018 17:22,19/08/2018 14:17,19/08/2018,
ZA-00029101,ZAC0007625,14/08/2018 10:50,COMPLETE,14/08/2018 12:56,17/08/2018 13:59,18/08/2018,
ZA-00029102,ZAC0007492,14/08/2018 14:50,COMPLETE,15/08/2018 22:46,19/08/2018 00:17,22/08/2018,BULK20
ZA-00029103,ZAC0021109,14/08/2018 06:51,COMPLETE,15/08/2018 08:56,22/08/2018 16:01,20/08/2018,
ZA-00029104,ZAC0023140,14/08/2018 16:07,COMPLETE,15/08/2018 07:05,18/08/2018 15:25,22/08/2018,FREESHIP
ZA-00029105,ZAC0015575,14/08/2018 20:07,COMPLETE,16/08/2018 05:31,27/08/2018 20:43,21/08/2018,
ZA-00029106,ZAC0007469,14/08/2018 09:15,COMPLETE,20/08/2018 06:34,23/08/2018 14:05,25/08/2018,
ZA-00029107,ZAC0002574,14/08/2018 17:22,PENDING,,,,
ZA-00029108,ZAC0008070,14/08/2018 12:32,COMPLETE,16/08/2018 00:08,21/08/2018 22:53,19/08/2018,FLASH25
ZA-00029109,ZAC0003201,14/08/2018 22:42,COMPLETE,15/08/2018 14:28,20/08/2018 05:50,22/08/2018,
ZA-00029110,ZAC0017652,14/08/2018 22:54,COMPLETE,16/08/2018 05:21,21/08/2018 12:23,20/08/2018,
ZA-00029111,ZAC0014594,14/08/2018 14:31,COMPLETE,16/08/2018 04:28,20/08/2018 14:15,23/08/2018,WELCOME10
ZA-00029112,ZAC0016700,14/08/2018 08:57,COMPLETE,14/08/2018 23:19,17/08/2018 06:42,18/08/2018,
ZA-00029113,ZAC0016768,14/08/2018 22:14,COMPLETE,16/08/2018 05:56,21/08/2018 23:21,19/08/2018,
ZA-00029114,ZAC0004191,14/08/2018 19:50,COMPLETE,15/08/2018 08:59,19/08/2018 22:42,25/08/2018,
ZA-00029115,ZAC0022316,14/08/2018 11:32,COMPLETE,16/08/2018 22:31,18/08/2018 00:26,21/08/2018,
ZA-00029116,ZAC0022826,14/08/2018 10:16,COMPLETE,22/08/2018 04:03,22/08/2018 23:13,25/08/2018,
ZA-00029117,ZAC0019322,14/08/2018 22:55,COMPLETE,20/08/2018 09:44,21/08/2018 03:30,23/08/2018,
ZA-00029118,ZAC0021732,14/08/2018 09:45,COMPLETE,15/08/2018 06:32,19/08/2018 18:31,18/08/2018,
ZA-00029119,ZAC0014329,14/08/2018 10:45,COMPLETE,14/08/2018 14:59,27/08/2018 06:44,19/08/2018,
ZA-00029120,ZAC0002629,14/08/2018 11:34,COMPLETE,17/08/2018 20:23,24/08/2018 10:03,20/08/2018,
ZA-00029121,ZAC0014140,14/08/2018 12:20,COMPLETE,18/08/2018 06:31,25/08/2018 08:00,22/08/2018,
ZA-00029122,ZAC0001102,14/08/2018 13:49,CANCELLED,,,,LOYAL5
ZA-00029123,ZAC0001753,14/08/2018 12:41,COMPLETE,14/08/2018 19:50,19/08/2018 07:28,21/08/2018,
ZA-00029124,ZAC0021202,14/08/2018 07:30,COMPLETE,19/08/2018 14:21,22/08/2018 13:56,24/08/2018,
ZA-00029125,ZAC0005002,14/08/2018 17:56,COMPLETE,15/08/2018 23:49,18/08/2018 02:48,20/08/2018,
ZA-00029126,ZAC0023712,14/08/2018 07:22,COMPLETE,17/08/2018 05:21,21/08/2018 14:50,21/08/2018,
ZA-00029127,ZAC0009852,14/08/2018 10:01,COMPLETE,16/08/2018 00:51,19/08/2018 20:11,23/08/2018,
ZA-00029128,ZAC0023051,14/08/2018 06:50,COMPLETE,15/08/2018 17:17,17/08/2018 11:57,18/08/2018,LOYAL5
ZA-00029129,ZAC0005037,14/08/2018 17:38,COMPLETE,16/08/2018 04:52,24/08/2018 19:25,21/08/2018,
ZA-00029130,ZAC0009424,14/08/2018 11:21,COMPLETE,15/08/2018 00:15,17/08/2018 17:08,19/08/2018,FLASH25
ZA-00029131,ZAC0023649,14/08/2018 16:04,COMPLETE,15/08/2018 13:28,18/08/2018 10:48,20/08/2018,
ZA-00029132,ZAC0001922,14/08/2018 18:11,COMPLETE,15/08/2018 21:10,19/08/2018 07:50,22/08/2018,FREESHIP
ZA-00029133,ZAC0021832,14/08/2018 16:19,COMPLETE,17/08/2018 09:13,21/08/2018 03:45,21/08/2018,
ZA-00029134,ZAC0002664,14/08/2018 13:51,DISPATCHED,16/08/2018 12:15,,19/08/2018,
ZA-00029135,ZAC0007129,14/08/2018 06:51,COMPLETE,17/08/2018 20:10,20/08/2018 10:42,20/08/2018,
ZA-00029136,ZAC0011452,14/08/2018 06:50,COMPLETE,15/08/2018 04:34,16/08/2018 00:53,25/08/2018,
ZA-00029137,ZAC0007045,14/08/2018 19:19,COMPLETE,15/08/2018 23:06,18/08/2018 18:07,25/08/2018,
ZA-00029138,ZAC0014679,14/08/2018 20:07,CANCELLED,,,,
ZA-00029139,ZAC0012586,14/08/2018 16:57,COMPLETE,16/08/2018 05:43,22/08/2018 14:17,20/08/2018,
ZA-00029140,ZAC0021979,14/08/2018 20:32,DISPATCHED,16/08/2018 11:17,,19/08/2018,
ZA-00029141,ZAC0007396,14/08/2018 14:56,COMPLETE,14/08/2018 21:18,23/08/2018 12:26,21/08/2018,
ZA-00029142,ZAC0023541,14/08/2018 11:38,COMPLETE,16/08/2018 16:08,22/08/2018 22:53,19/08/2018,
ZA-00029143,ZAC0009197,14/08/2018 20:58,COMPLETE,19/08/2018 06:37,19/08/2018 10:38,22/08/2018,
ZA-00029144,ZAC0005696,14/08/2018 10:43,COMPLETE,16/08/2018 06:01,18/08/2018 20:13,21/08/2018,
ZA-00029145,ZAC0005239,14/08/2018 13:24,COMPLETE,18/08/2018 14:11,22/08/2018 19:25,21/08/2018,BULK20
ZA-00029146,ZAC0012451,14/08/2018 09:00,COMPLETE,17/08/2018 14:27,20/08/2018 07:43,24/08/2018,
ZA-00029147,ZAC0003465,14/08/2018 18:52,COMPLETE,16/08/2018 02:47,17/08/2018 02:46,21/08/2018,
ZA-00029148,ZAC0015260,14/08/2018 13:27,COMPLETE,15/08/2018 22:41,21/08/2018 11:10,19/08/2018,
ZA-00029149,ZAC0011181,14/08/2018 18:19,COMPLETE,19/08/2018 16:00,27/08/2018 10:36,22/08/2018,
ZA-00029150,ZAC0012790,15/08/2018 06:33,COMPLETE,17/08/2018 10:59,19/08/2018 03:50,20/08/2018,
ZA-00029151,ZAC0009419,15/08/2018 10:52,CANCELLED,,,,
ZA-00029152,ZAC0021991,15/08/2018 20:49,COMPLETE,16/08/2018 06:52,19/08/2018 04:22,26/08/2018,
ZA-00029153,ZAC0013220,15/08/2018 14:48,RETURNED,18/08/2018 16:58,22/08/2018 10:03,23/08/2018,
ZA-00029154,ZAC0009867,15/08/2018 16:22,COMPLETE,16/08/2018 07:43,21/08/2018 23:43,19/08/2018,
ZA-00029155,ZAC0016742,15/08/2018 06:24,COMPLETE,15/08/2018 09:56,26/08/2018 09:43,18/08/2018,WELCOME10
ZA-00029156,ZAC0022634,15/08/2018 17:55,COMPLETE,20/08/2018 23:18,26/08/2018 11:15,25/08/2018,
ZA-00029157,ZAC0023035,15/08/2018 21:48,RETURNED,18/08/2018 01:39,19/08/2018 06:24,21/08/2018,
ZA-00029158,ZAC0021953,15/08/2018 16:28,COMPLETE,17/08/2018 06:04,20/08/2018 13:45,21/08/2018,
ZA-00029159,ZAC0023677,15/08/2018 21:57,COMPLETE,18/08/2018 15:20,28/08/2018 01:20,22/08/2018,FREESHIP
ZA-00029160,ZAC0006225,15/08/2018 21:32,COMPLETE,19/08/2018 23:15,21/08/2018 17:46,23/08/2018,
ZA-00029161,ZAC0021181,15/08/2018 17:09,COMPLETE,15/08/2018 21:58,17/08/2018 00:17,20/08/2018,
ZA-00029162,ZAC0012646,15/08/2018 19:31,COMPLETE,18/08/2018 02:54,21/08/2018 12:49,21/08/2018,WELCOME10
ZA-00029163,ZAC0007005,15/08/2018 21:19,COMPLETE,16/08/2018 16:26,26/08/2018 02:53,20/08/2018,
ZA-00029164,ZAC0019937,15/08/2018 21:23,COMPLETE,16/08/2018 22:17,22/08/2018 09:14,19/08/2018,WINTER15
ZA-00029165,ZAC0010900,15/08/2018 16:01,COMPLETE,19/08/2018 07:32,22/08/2018 05:27,24/08/2018,
ZA-00029166,ZAC0013450,15/08/2018 09:06,COMPLETE,16/08/2018 17:55,22/08/2018 11:47,20/08/2018,
ZA-00029167,ZAC0007202,15/08/2018 08:34,COMPLETE,18/08/2018 15:09,23/08/2018 17:07,23/08/2018,
ZA-00029168,ZAC0008410,15/08/2018 06:38,COMPLETE,17/08/2018 18:16,19/08/2018 22:21,20/08/2018,
ZA-00029169,ZAC0006199,15/08/2018 12:23,COMPLETE,15/08/2018 18:43,16/08/2018 02:42,19/08/2018,
ZA-00029170,ZAC0001853,15/08/2018 15:14,COMPLETE,17/08/2018 19:12,28/08/2018 01:18,20/08/2018,
ZA-00029171,ZAC0020471,15/08/2018 21:26,COMPLETE,17/08/2018 01:19,29/08/2018 00:23,24/08/2018,FLASH25
ZA-00029172,ZAC0017587,15/08/2018 21:37,COMPLETE,16/08/2018 00:16,19/08/2018 01:59,21/08/2018,
ZA-00029173,ZAC0001569,15/08/2018 07:56,COMPLETE,16/08/2018 19:00,20/08/2018 00:30,23/08/2018,
ZA-00029174,ZAC0005889,15/08/2018 22:55,COMPLETE,16/08/2018 06:39,17/08/2018 23:37,21/08/2018,
ZA-00029175,ZAC0015188,15/08/2018 20:19,COMPLETE,18/08/2018 07:36,27/08/2018 00:13,22/08/2018,
ZA-00029176,ZAC0010865,15/08/2018 13:45,COMPLETE,20/08/2018 15:55,23/08/2018 12:46,23/08/2018,
ZA-00029177,ZAC0014587,15/08/2018 13:26,COMPLETE,17/08/2018 02:44,20/08/2018 15:30,22/08/2018,
ZA-00029178,ZAC0000033,15/08/2018 22:56,RETURNED,17/08/2018 16:55,20/08/2018 18:12,20/08/2018,WELCOME10
ZA-00029179,ZAC0001831,15/08/2018 17:57,COMPLETE,16/08/2018 09:15,19/08/2018 08:03,19/08/2018,
ZA-00029180,ZAC0014876,15/08/2018 13:06,COMPLETE,15/08/2018 18:30,17/08/2018 11:38,18/08/2018,
ZA-00029181,ZAC0019500,15/08/2018 18:20,COMPLETE,19/08/2018 14:13,25/08/2018 21:05,22/08/2018,
ZA-00029182,ZAC0017365,15/08/2018 22:19,COMPLETE,17/08/2018 01:28,18/08/2018 07:15,27/08/2018,
ZA-00029183,ZAC0002633,15/08/2018 21:10,COMPLETE,16/08/2018 20:03,19/08/2018 04:46,23/08/2018,BULK20
ZA-00029184,ZAC0016299,15/08/2018 08:58,DISPATCHED,16/08/2018 13:20,,21/08/2018,
ZA-00029185,ZAC0015296,15/08/2018 17:06,CANCELLED,,,,
ZA-00029186,ZAC0017515,15/08/2018 13:40,COMPLETE,17/08/2018 07:46,19/08/2018 18:46,27/08/2018,
ZA-00029187,ZAC0018708,15/08/2018 21:51,COMPLETE,17/08/2018 17:45,20/08/2018 22:56,20/08/2018,
ZA-00029188,ZAC0001372,15/08/2018 10:11,COMPLETE,17/08/2018 09:44,27/08/2018 10:08,24/08/2018,
ZA-00029189,ZAC0000418,15/08/2018 11:09,COMPLETE,15/08/2018 22:16,20/08/2018 09:30,19/08/2018,FLASH25
ZA-00029190,ZAC0011705,15/08/2018 10:20,COMPLETE,16/08/2018 22:02,23/08/2018 22:13,20/08/2018,
ZA-00029191,ZAC0018719,15/08/2018 14:53,COMPLETE,16/08/2018 07:01,23/08/2018 00:09,21/08/2018,
ZA-00029192,ZAC0020318,15/08/2018 21:52,COMPLETE,18/08/2018 01:42,01/09/2018 02:54,22/08/2018,LOYAL5
ZA-00029193,ZAC0013338,15/08/2018 09:22,COMPLETE,16/08/2018 02:54,17/08/2018 16:57,21/08/2018,
ZA-00029194,ZAC0008606,15/08/2018 09:31,COMPLETE,17/08/2018 17:55,19/08/2018 19:53,22/08/2018,LOYAL5
ZA-00029195,ZAC0002077,15/08/2018 06:28,COMPLETE,16/08/2018 22:09,25/08/2018 10:59,23/08/2018,
ZA-00029196,ZAC0002052,15/08/2018 18:46,COMPLETE,17/08/2018 10:37,18/08/2018 23:47,27/08/2018,
ZA-00029197,ZAC0008223,15/08/2018 21:55,COMPLETE,17/08/2018 17:21,22/08/2018 04:08,22/08/2018,
ZA-00029198,ZAC0013096,15/08/2018 17:26,COMPLETE,17/08/2018 22:57,21/08/2018 07:57,21/08/2018,
ZA-00029199,ZAC0008625,15/08/2018 21:57,PENDING,,,,
ZA-00029200,ZAC0004638,15/08/2018 16:37,COMPLETE,15/08/2018 22:12,19/08/2018 19:04,22/08/2018,
ZA-00029201,ZAC0005603,15/08/2018 18:47,COMPLETE,18/08/2018 19:16,20/08/2018 12:58,25/08/2018,
ZA-00029202,ZAC0019315,15/08/2018 14:20,COMPLETE,15/08/2018 22:58,17/08/2018 05:39,18/08/2018,
ZA-00029203,ZAC0017352,15/08/2018 20:03,COMPLETE,17/08/2018 07:01,19/08/2018 22:55,21/08/2018,
ZA-00029204,ZAC0009643,15/08/2018 19:18,COMPLETE,17/08/2018 17:51,29/08/2018 08:09,22/08/2018,
ZA-00029205,ZAC0006301,15/08/2018 17:06,COMPLETE,17/08/2018 06:31,17/08/2018 21:19,21/08/2018,
ZA-00029206,ZAC0004911,15/08/2018 22:20,COMPLETE,19/08/2018 09:11,24/08/2018 23:38,23/08/2018,FLASH25
ZA-00029207,ZAC0014464,15/08/2018 21:28,COMPLETE,16/08/2018 05:21,17/08/2018 14:01,21/08/2018,
ZA-00029208,ZAC0005485,15/08/2018 21:18,COMPLETE,19/08/2018 05:32,24/08/2018 10:10,24/08/2018,
ZA-00029209,ZAC0000792,15/08/2018 17:35,COMPLETE,17/08/2018 12:58,21/08/2018 16:48,20/08/2018,
ZA-00029210,ZAC0005110,15/08/2018 10:02,COMPLETE,19/08/2018 01:21,27/08/2018 12:39,24/08/2018,
ZA-00029211,ZAC0002494,15/08/2018 11:32,COMPLETE,18/08/2018 18:15,19/08/2018 18:11,21/08/2018,
ZA-00029212,ZAC0022233,15/08/2018 08:20,COMPLETE,16/08/2018 02:29,17/08/2018 08:43,21/08/2018,
ZA-00029213,ZAC0000882,15/08/2018 20:55,COMPLETE,19/08/2018 00:40,23/08/2018 18:27,22/08/2018,
ZA-00029214,ZAC0011478,15/08/2018 18:33,COMPLETE,17/08/2018 10:14,22/08/2018 16:24,22/08/2018,
ZA-00029215,ZAC0017978,15/08/2018 12:26,COMPLETE,16/08/2018 06:07,18/08/2018 21:58,19/08/2018,
ZA-00029216,ZAC0001835,15/08/2018 16:01,COMPLETE,17/08/2018 23:05,23/08/2018 11:39,24/08/2018,
ZA-00029217,ZAC0019498,15/08/2018 15:22,COMPLETE,19/08/2018 09:31,24/08/2018 18:06,22/08/2018,
ZA-00029218,ZAC0012402,15/08/2018 18:18,COMPLETE,16/08/2018 21:23,18/08/2018 09:19,26/08/2018,
ZA-00029219,ZAC0011727,15/08/2018 11:52,COMPLETE,20/08/2018 01:15,28/08/2018 20:46,23/08/2018,
ZA-00029220,ZAC0021604,15/08/2018 15:31,COMPLETE,16/08/2018 10:54,21/08/2018 18:56,23/08/2018,
ZA-00029221,ZAC0014819,15/08/2018 13:21,COMPLETE,18/08/2018 08:03,23/08/2018 14:43,23/08/2018,
ZA-00029222,ZAC0021869,15/08/2018 16:45,COMPLETE,16/08/2018 12:00,23/08/2018 08:15,19/08/2018,
ZA-00029223,ZAC0015072,15/08/2018 18:44,COMPLETE,19/08/2018 02:39,19/08/2018 07:02,29/08/2018,
ZA-00029224,ZAC0023062,15/08/2018 09:43,COMPLETE,17/08/2018 08:12,25/08/2018 19:42,24/08/2018,LOYAL5
ZA-00029225,ZAC0019447,15/08/2018 18:37,CANCELLED,,,,
ZA-00029226,ZAC0022092,15/08/2018 09:56,COMPLETE,17/08/2018 03:44,21/08/2018 02:22,22/08/2018,
ZA-00029227,ZAC0001617,16/08/2018 16:20,COMPLETE,17/08/2018 03:23,21/08/2018 06:33,20/08/2018,
ZA-00029228,ZAC0012242,16/08/2018 19:44,COMPLETE,19/08/2018 22:15,30/08/2018 20:34,22/08/2018,
ZA-00029229,ZAC0005134,16/08/2018 11:17,COMPLETE,22/08/2018 22:48,28/08/2018 07:22,26/08/2018,
ZA-00029230,ZAC0005691,16/08/2018 08:31,COMPLETE,17/08/2018 09:18,24/08/2018 04:02,20/08/2018,
ZA-00029231,ZAC0002377,16/08/2018 15:05,COMPLETE,19/08/2018 05:58,22/08/2018 14:52,26/08/2018,
ZA-00029232,ZAC0017295,16/08/2018 13:07,COMPLETE,18/08/2018 05:10,21/08/2018 22:18,21/08/2018,WELCOME10
ZA-00029233,ZAC0014789,16/08/2018 19:30,COMPLETE,18/08/2018 00:14,25/08/2018 15:41,21/08/2018,
ZA-00029234,ZAC0007446,16/08/2018 07:36,COMPLETE,17/08/2018 21:21,23/08/2018 11:46,20/08/2018,BULK20
ZA-00029235,ZAC0000078,16/08/2018 06:37,COMPLETE,17/08/2018 01:45,26/08/2018 11:56,27/08/2018,
ZA-00029236,ZAC0013623,16/08/2018 08:07,COMPLETE,18/08/2018 10:38,24/08/2018 03:55,21/08/2018,
ZA-00029237,ZAC0006506,16/08/2018 06:32,COMPLETE,19/08/2018 08:40,25/08/2018 10:42,23/08/2018,LOYAL5
ZA-00029238,ZAC0016924,16/08/2018 20:42,COMPLETE,19/08/2018 23:12,23/08/2018 15:09,29/08/2018,
ZA-00029239,ZAC0000757,16/08/2018 07:02,COMPLETE,18/08/2018 18:50,20/08/2018 08:54,23/08/2018,
ZA-00029240,ZAC0004044,16/08/2018 16:40,COMPLETE,17/08/2018 19:48,18/08/2018 05:31,20/08/2018,BULK20
ZA-00029241,ZAC0022748,16/08/2018 17:19,COMPLETE,17/08/2018 14:21,22/08/2018 10:37,20/08/2018,
ZA-00029242,ZAC0023408,16/08/2018 13:47,COMPLETE,17/08/2018 20:43,25/08/2018 10:07,20/08/2018,
ZA-00029243,ZAC0010230,16/08/2018 06:00,COMPLETE,18/08/2018 22:28,20/08/2018 09:23,22/08/2018,
ZA-00029244,ZAC0006539,16/08/2018 13:49,COMPLETE,21/08/2018 09:59,28/08/2018 10:58,24/08/2018,
ZA-00029245,ZAC0008426,16/08/2018 22:12,COMPLETE,20/08/2018 15:01,25/08/2018 18:50,24/08/2018,FREESHIP
ZA-00029246,ZAC0006879,16/08/2018 09:23,COMPLETE,17/08/2018 10:31,18/08/2018 02:45,24/08/2018,
ZA-00029247,ZAC0010130,16/08/2018 17:24,COMPLETE,21/08/2018 06:06,04/09/2018 16:10,28/08/2018,
ZA-00029248,ZAC0015265,16/08/2018 20:11,COMPLETE,19/08/2018 20:29,25/08/2018 12:18,23/08/2018,
ZA-00029249,ZAC0019847,16/08/2018 09:58,COMPLETE,18/08/2018 22:21,02/09/2018 08:02,21/08/2018,
ZA-00029250,ZAC0015039,16/08/2018 19:27,COMPLETE,20/08/2018 05:58,25/08/2018 21:07,27/08/2018,
ZA-00029251,ZAC0019888,16/08/2018 14:57,COMPLETE,17/08/2018 12:39,21/08/2018 16:19,27/08/2018,WINTER15
ZA-00029252,ZAC0013367,16/08/2018 19:35,COMPLETE,17/08/2018 07:23,21/08/2018 10:46,20/08/2018,WELCOME10
ZA-00029253,ZAC0001973,16/08/2018 15:19,COMPLETE,18/08/2018 15:02,25/08/2018 12:29,21/08/2018,
ZA-00029254,ZAC0001866,16/08/2018 09:30,COMPLETE,16/08/2018 23:47,21/08/2018 09:16,21/08/2018,
ZA-00029255,ZAC0015499,16/08/2018 11:11,COMPLETE,17/08/2018 03:22,19/08/2018 10:12,22/08/2018,
ZA-00029256,ZAC0002459,16/08/2018 13:55,COMPLETE,17/08/2018 03:14,21/08/2018 01:52,24/08/2018,
ZA-00029257,ZAC0002348,16/08/2018 20:06,CANCELLED,,,,
ZA-00029258,ZAC0005408,16/08/2018 19:08,COMPLETE,19/08/2018 13:16,21/08/2018 22:59,22/08/2018,
ZA-00029259,ZAC0000183,16/08/2018 16:56,COMPLETE,18/08/2018 21:10,26/08/2018 17:23,22/08/2018,
ZA-00029260,ZAC0003554,16/08/2018 07:02,COMPLETE,17/08/2018 21:15,20/08/2018 18:08,20/08/2018,
ZA-00029261,ZAC0001113,16/08/2018 18:26,COMPLETE,18/08/2018 09:44,24/08/2018 14:56,22/08/2018,
ZA-00029262,ZAC0021101,16/08/2018 16:51,COMPLETE,17/08/2018 10:41,17/08/2018 16:47,21/08/2018,
ZA-00029263,ZAC0018455,16/08/2018 21:53,COMPLETE,17/08/2018 14:04,19/08/2018 16:44,21/08/2018,
ZA-00029264,ZAC0024000,16/08/2018 21:07,COMPLETE,17/08/2018 20:46,22/08/2018 02:02,22/08/2018,
ZA-00029265,ZAC0020225,16/08/2018 17:21,COMPLETE,17/08/2018 22:43,22/08/2018 08:01,22/08/2018,
ZA-00029266,ZAC0020295,16/08/2018 18:23,COMPLETE,17/08/2018 04:09,30/08/2018 16:19,27/08/2018,
ZA-00029267,ZAC0019071,16/08/2018 20:55,COMPLETE,19/08/2018 00:57,03/09/2018 08:42,24/08/2018,WINTER15
ZA-00029268,ZAC0002402,16/08/2018 08:52,COMPLETE,22/08/2018 12:41,23/08/2018 23:57,27/08/2018,FLASH25
ZA-00029269,ZAC0011259,16/08/2018 19:30,COMPLETE,21/08/2018 20:57,23/08/2018 20:35,28/08/2018,WELCOME10
ZA-00029270,ZAC0001219,16/08/2018 12:56,COMPLETE,18/08/2018 23:56,21/08/2018 03:06,22/08/2018,BULK20
ZA-00029271,ZAC0002932,16/08/2018 18:52,COMPLETE,18/08/2018 08:34,20/08/2018 10:16,22/08/2018,
ZA-00029272,ZAC0006006,16/08/2018 16:58,COMPLETE,17/08/2018 18:20,19/08/2018 23:22,20/08/2018,WINTER15
ZA-00029273,ZAC0004266,16/08/2018 16:28,COMPLETE,17/08/2018 15:56,25/08/2018 22:52,20/08/2018,
ZA-00029274,ZAC0016773,16/08/2018 20:50,COMPLETE,21/08/2018 03:30,22/08/2018 09:46,25/08/2018,
ZA-00029275,ZAC0013961,16/08/2018 06:08,COMPLETE,21/08/2018 04:59,25/08/2018 13:15,24/08/2018,
ZA-00029276,ZAC0021996,16/08/2018 21:11,COMPLETE,18/08/2018 13:35,26/08/2018 17:02,23/08/2018,
ZA-00029277,ZAC0014261,16/08/2018 18:38,COMPLETE,17/08/2018 16:41,20/08/2018 05:05,24/08/2018,
ZA-00029278,ZAC0002856,16/08/2018 15:30,COMPLETE,19/08/2018 08:28,22/08/2018 08:47,23/08/2018,
ZA-00029279,ZAC0022175,16/08/2018 06:05,COMPLETE,16/08/2018 16:46,20/08/2018 18:34,23/08/2018,FLASH25
ZA-00029280,ZAC0012424,16/08/2018 06:22,COMPLETE,16/08/2018 21:51,23/08/2018 16:50,26/08/2018,
ZA-00029281,ZAC0009208,16/08/2018 21:54,COMPLETE,18/08/2018 16:51,23/08/2018 12:26,22/08/2018,
ZA-00029282,ZAC0018568,16/08/2018 22:06,COMPLETE,19/08/2018 23:13,26/08/2018 05:05,24/08/2018,
ZA-00029283,ZAC0001396,16/08/2018 17:10,COMPLETE,19/08/2018 10:05,21/08/2018 05:42,26/08/2018,
ZA-00029284,ZAC0015638,16/08/2018 16:01,COMPLETE,18/08/2018 19:39,22/08/2018 23:49,21/08/2018,
ZA-00029285,ZAC0020921,16/08/2018 13:49,COMPLETE,18/08/2018 20:34,20/08/2018 03:46,21/08/2018,
ZA-00029286,ZAC0011567,16/08/2018 06:18,COMPLETE,17/08/2018 15:52,20/08/2018 08:53,24/08/2018,
ZA-00029287,ZAC0017365,16/08/2018 15:11,COMPLETE,21/08/2018 07:46,26/08/2018 16:36,28/08/2018,
ZA-00029288,ZAC0008408,16/08/2018 22:09,COMPLETE,17/08/2018 11:39,19/08/2018 09:38,22/08/2018,WELCOME10
ZA-00029289,ZAC0014190,16/08/2018 15:30,COMPLETE,17/08/2018 16:13,22/08/2018 13:38,20/08/2018,
ZA-00029290,ZAC0008551,16/08/2018 21:25,COMPLETE,21/08/2018 00:12,25/08/2018 23:50,24/08/2018,
ZA-00029291,ZAC0014980,16/08/2018 11:45,COMPLETE,17/08/2018 08:11,01/09/2018 05:50,20/08/2018,
ZA-00029292,ZAC0015683,16/08/2018 16:40,COMPLETE,23/08/2018 02:56,25/08/2018 23:30,30/08/2018,
ZA-00029293,ZAC0000787,16/08/2018 09:29,COMPLETE,16/08/2018 13:33,22/08/2018 09:56,21/08/2018,LOYAL5
ZA-00029294,ZAC0003183,16/08/2018 15:38,COMPLETE,17/08/2018 18:43,24/08/2018 19:59,22/08/2018,
ZA-00029295,ZAC0022379,16/08/2018 16:58,COMPLETE,17/08/2018 17:46,19/08/2018 01:39,24/08/2018,
ZA-00029296,ZAC0002775,16/08/2018 08:28,COMPLETE,19/08/2018 20:42,24/08/2018 01:52,24/08/2018,
ZA-00029297,ZAC0004024,16/08/2018 14:18,COMPLETE,21/08/2018 23:45,30/08/2018 04:07,25/08/2018,
ZA-00029298,ZAC0008007,16/08/2018 12:54,COMPLETE,22/08/2018 12:12,24/08/2018 17:48,27/08/2018,
ZA-00029299,ZAC0017527,16/08/2018 20:15,COMPLETE,18/08/2018 02:59,24/08/2018 01:21,25/08/2018,FLASH25
ZA-00029300,ZAC0002665,16/08/2018 06:31,COMPLETE,17/08/2018 10:04,05/09/2018 16:06,22/08/2018,
ZA-00029301,ZAC0005648,16/08/2018 19:39,COMPLETE,19/08/2018 14:16,21/08/2018 08:21,24/08/2018,
ZA-00029302,ZAC0005536,16/08/2018 16:44,COMPLETE,18/08/2018 05:35,20/08/2018 06:42,23/08/2018,
ZA-00029303,ZAC0018266,16/08/2018 19:53,COMPLETE,18/08/2018 05:52,20/08/2018 06:47,25/08/2018,
ZA-00029304,ZAC0011790,16/08/2018 21:27,COMPLETE,18/08/2018 19:18,27/08/2018 02:44,22/08/2018,
ZA-00029305,ZAC0014663,16/08/2018 07:33,COMPLETE,18/08/2018 01:59,24/08/2018 14:59,21/08/2018,
ZA-00029306,ZAC0001984,16/08/2018 16:08,COMPLETE,18/08/2018 17:26,24/08/2018 18:15,22/08/2018,
ZA-00029307,ZAC0000822,16/08/2018 13:55,COMPLETE,17/08/2018 04:01,25/08/2018 09:56,21/08/2018,FLASH25
ZA-00029308,ZAC0007303,16/08/2018 17:42,COMPLETE,21/08/2018 08:46,23/08/2018 07:13,26/08/2018,
ZA-00029309,ZAC0015435,16/08/2018 16:14,COMPLETE,18/08/2018 21:49,21/08/2018 10:58,28/08/2018,
ZA-00029310,ZAC0013241,16/08/2018 22:54,COMPLETE,17/08/2018 15:33,18/08/2018 06:16,21/08/2018,
ZA-00029311,ZAC0018589,16/08/2018 21:58,COMPLETE,20/08/2018 07:39,29/08/2018 06:40,24/08/2018,FREESHIP
ZA-00029312,ZAC0014205,16/08/2018 11:20,COMPLETE,18/08/2018 02:01,19/08/2018 13:23,22/08/2018,
ZA-00029313,ZAC0011610,16/08/2018 16:42,COMPLETE,19/08/2018 22:46,25/08/2018 23:22,24/08/2018,
ZA-00029314,ZAC0012288,16/08/2018 17:51,COMPLETE,18/08/2018 01:48,24/08/2018 03:22,22/08/2018,
ZA-00029315,ZAC0012212,16/08/2018 10:27,COMPLETE,16/08/2018 20:04,20/08/2018 12:11,20/08/2018,
ZA-00029316,ZAC0000829,16/08/2018 06:53,COMPLETE,19/08/2018 08:19,24/08/2018 14:50,23/08/2018,WELCOME10
ZA-00029317,ZAC0015863,16/08/2018 17:22,DISPATCHED,21/08/2018 11:39,,31/08/2018,WELCOME10
ZA-00029318,ZAC0000262,16/08/2018 09:02,COMPLETE,18/08/2018 16:19,29/08/2018 19:26,22/08/2018,
ZA-00029319,ZAC0018505,16/08/2018 15:19,COMPLETE,22/08/2018 03:22,24/08/2018 15:19,27/08/2018,
ZA-00029320,ZAC0003147,16/08/2018 09:31,COMPLETE,18/08/2018 19:06,27/08/2018 05:05,22/08/2018,
ZA-00029321,ZAC0010276,16/08/2018 22:00,COMPLETE,19/08/2018 18:07,24/08/2018 13:55,22/08/2018,
ZA-00029322,ZAC0023738,16/08/2018 10:21,COMPLETE,17/08/2018 12:07,19/08/2018 05:36,20/08/2018,
ZA-00029323,ZAC0009180,16/08/2018 11:29,COMPLETE,18/08/2018 05:54,21/08/2018 09:53,23/08/2018,LOYAL5
ZA-00029324,ZAC0016803,16/08/2018 09:21,COMPLETE,17/08/2018 05:51,18/08/2018 08:18,21/08/2018,
ZA-00029325,ZAC0020684,17/08/2018 22:43,COMPLETE,19/08/2018 01:47,23/08/2018 07:08,22/08/2018,
ZA-00029326,ZAC0002337,17/08/2018 18:40,COMPLETE,18/08/2018 23:15,24/08/2018 07:24,22/08/2018,
ZA-00029327,ZAC0006319,17/08/2018 21:23,COMPLETE,19/08/2018 00:40,22/08/2018 08:33,24/08/2018,
ZA-00029328,ZAC0023241,17/08/2018 17:17,COMPLETE,18/08/2018 15:16,21/08/2018 10:57,25/08/2018,WELCOME10
ZA-00029329,ZAC0016605,17/08/2018 22:53,COMPLETE,20/08/2018 16:49,24/08/2018 06:13,24/08/2018,
ZA-00029330,ZAC0004148,17/08/2018 20:39,COMPLETE,19/08/2018 06:23,21/08/2018 19:31,26/08/2018,
ZA-00029331,ZAC0001651,17/08/2018 08:45,COMPLETE,20/08/2018 08:04,30/08/2018 18:47,25/08/2018,FREESHIP
ZA-00029332,ZAC0015576,17/08/2018 11:57,CANCELLED,,,,
ZA-00029333,ZAC0009199,17/08/2018 16:58,COMPLETE,18/08/2018 07:21,20/08/2018 18:32,25/08/2018,BULK20
ZA-00029334,ZAC0008339,17/08/2018 13:03,COMPLETE,18/08/2018 17:53,21/08/2018 23:05,22/08/2018,
ZA-00029335,ZAC0000359,17/08/2018 18:24,COMPLETE,20/08/2018 06:21,26/08/2018 17:05,30/08/2018,
ZA-00029336,ZAC0022687,17/08/2018 20:48,COMPLETE,20/08/2018 03:53,22/08/2018 00:18,25/08/2018,
ZA-00029337,ZAC0011341,17/08/2018 11:23,COMPLETE,19/08/2018 03:46,27/08/2018 17:33,22/08/2018,FREESHIP
ZA-00029338,ZAC0002522,17/08/2018 11:02,COMPLETE,18/08/2018 05:33,19/08/2018 18:57,23/08/2018,
ZA-00029339,ZAC0021804,17/08/2018 08:54,COMPLETE,18/08/2018 13:52,23/08/2018 02:13,21/08/2018,
ZA-00029340,ZAC0020573,17/08/2018 14:25,COMPLETE,20/08/2018 19:57,26/08/2018 03:33,25/08/2018,
ZA-00029341,ZAC0007123,17/08/2018 13:28,COMPLETE,17/08/2018 20:20,21/08/2018 21:33,24/08/2018,FREESHIP
ZA-00029342,ZAC0000773,17/08/2018 12:07,COMPLETE,18/08/2018 23:17,22/08/2018 21:26,25/08/2018,
ZA-00029343,ZAC0003533,17/08/2018 21:36,COMPLETE,19/08/2018 05:45,24/08/2018 07:38,24/08/2018,
ZA-00029344,ZAC0016378,17/08/2018 18:58,COMPLETE,18/08/2018 02:36,23/08/2018 16:41,22/08/2018,WINTER15
ZA-00029345,ZAC0022591,17/08/2018 20:44,COMPLETE,23/08/2018 15:25,24/08/2018 20:32,26/08/2018,WINTER15
ZA-00029346,ZAC0015945,17/08/2018 19:21,COMPLETE,18/08/2018 20:40,23/08/2018 21:35,23/08/2018,
ZA-00029347,ZAC0003572,17/08/2018 08:26,COMPLETE,19/08/2018 12:34,23/08/2018 15:55,24/08/2018,
ZA-00029348,ZAC0020951,17/08/2018 10:01,COMPLETE,21/08/2018 18:17,23/08/2018 20:44,26/08/2018,
ZA-00029349,ZAC0020828,17/08/2018 12:54,RETURNED,19/08/2018 07:33,20/08/2018 02:05,24/08/2018,FREESHIP
ZA-00029350,ZAC0012568,17/08/2018 07:59,COMPLETE,19/08/2018 10:12,24/08/2018 04:44,26/08/2018,
ZA-00029351,ZAC0015535,17/08/2018 21:20,COMPLETE,18/08/2018 09:19,22/08/2018 15:22,28/08/2018,
ZA-00029352,ZAC0015158,17/08/2018 16:36,RETURNED,19/08/2018 08:50,23/08/2018 22:04,23/08/2018,WELCOME10
ZA-00029353,ZAC0012717,17/08/2018 19:07,COMPLETE,19/08/2018 13:53,03/09/2018 17:35,22/08/2018,
ZA-00029354,ZAC0021010,17/08/2018 15:35,COMPLETE,19/08/2018 12:20,21/08/2018 18:11,22/08/2018,
ZA-00029355,ZAC0023620,17/08/2018 14:47,COMPLETE,18/08/2018 09:40,22/08/2018 11:04,23/08/2018,
ZA-00029356,ZAC0006807,17/08/2018 16:52,COMPLETE,17/08/2018 19:28,18/08/2018 21:40,21/08/2018,
ZA-00029357,ZAC0019666,17/08/2018 17:00,COMPLETE,20/08/2018 06:27,24/08/2018 22:03,25/08/2018,
ZA-00029358,ZAC0003557,17/08/2018 21:48,COMPLETE,18/08/2018 00:41,20/08/2018 13:27,23/08/2018,
ZA-00029359,ZAC0007707,17/08/2018 22:50,CANCELLED,,,,
ZA-00029360,ZAC0004874,17/08/2018 11:16,COMPLETE,22/08/2018 06:05,27/08/2018 04:05,27/08/2018,
ZA-00029361,ZAC0006822,17/08/2018 07:26,COMPLETE,18/08/2018 03:20,25/08/2018 23:34,21/08/2018,
ZA-00029362,ZAC0000835,17/08/2018 14:20,COMPLETE,18/08/2018 23:12,23/08/2018 22:22,28/08/2018,
ZA-00029363,ZAC0000080,17/08/2018 21:14,COMPLETE,20/08/2018 09:10,29/08/2018 18:38,27/08/2018,WINTER15
ZA-00029364,ZAC0016919,17/08/2018 11:25,CANCELLED,,,,FLASH25
ZA-00029365,ZAC0013851,17/08/2018 17:02,COMPLETE,22/08/2018 19:26,01/09/2018 09:10,26/08/2018,BULK20
ZA-00029366,ZAC0007359,17/08/2018 11:31,COMPLETE,18/08/2018 23:09,25/08/2018 01:12,25/08/2018,
ZA-00029367,ZAC0015054,17/08/2018 10:49,COMPLETE,19/08/2018 02:31,20/08/2018 23:25,23/08/2018,
ZA-00029368,ZAC0010758,17/08/2018 21:32,COMPLETE,20/08/2018 15:16,23/08/2018 15:00,24/08/2018,
ZA-00029369,ZAC0005152,17/08/2018 10:05,COMPLETE,19/08/2018 22:46,20/08/2018 11:21,26/08/2018,
ZA-00029370,ZAC0003947,17/08/2018 15:26,COMPLETE,18/08/2018 12:09,20/08/2018 09:43,21/08/2018,
ZA-00029371,ZAC0013048,17/08/2018 13:45,COMPLETE,18/08/2018 01:11,21/08/2018 22:06,23/08/2018,
ZA-00029372,ZAC0023556,17/08/2018 16:14,COMPLETE,22/08/2018 04:52,26/08/2018 12:34,26/08/2018,
ZA-00029373,ZAC0000394,17/08/2018 13:18,COMPLETE,17/08/2018 21:01,23/08/2018 02:01,21/08/2018,
ZA-00029374,ZAC0019339,17/08/2018 14:38,COMPLETE,18/08/2018 19:15,22/08/2018 02:11,22/08/2018,
ZA-00029375,ZAC0018374,17/08/2018 07:49,COMPLETE,18/08/2018 11:19,20/08/2018 08:47,25/08/2018,BULK20
ZA-00029376,ZAC0009519,17/08/2018 14:00,COMPLETE,22/08/2018 20:00,27/08/2018 16:29,29/08/2018,
ZA-00029377,ZAC0008628,17/08/2018 22:41,COMPLETE,18/08/2018 11:26,24/08/2018 03:40,21/08/2018,
ZA-00029378,ZAC0001183,17/08/2018 07:02,COMPLETE,19/08/2018 00:10,23/08/2018 21:43,23/08/2018,
ZA-00029379,ZAC0010572,17/08/2018 16:19,COMPLETE,24/08/2018 08:58,26/08/2018 08:15,31/08/2018,
ZA-00029380,ZAC0009352,17/08/2018 22:05,COMPLETE,19/08/2018 19:43,03/09/2018 01:46,23/08/2018,WINTER15
ZA-00029381,ZAC0019256,17/08/2018 21:24,DISPATCHED,20/08/2018 09:05,,27/08/2018,
ZA-00029382,ZAC0002762,17/08/2018 17:09,COMPLETE,21/08/2018 12:49,25/08/2018 14:22,24/08/2018,
ZA-00029383,ZAC0016897,17/08/2018 18:43,COMPLETE,19/08/2018 05:05,23/08/2018 15:39,24/08/2018,
ZA-00029384,ZAC0001291,17/08/2018 19:15,COMPLETE,19/08/2018 16:50,20/08/2018 05:35,23/08/2018,WINTER15
ZA-00029385,ZAC0011073,17/08/2018 21:47,COMPLETE,23/08/2018 13:11,24/08/2018 04:16,28/08/2018,
ZA-00029386,ZAC0000276,17/08/2018 14:31,CANCELLED,,,,
ZA-00029387,ZAC0000448,17/08/2018 19:57,COMPLETE,19/08/2018 02:24,22/08/2018 19:04,24/08/2018,
ZA-00029388,ZAC0010065,17/08/2018 16:09,COMPLETE,25/08/2018 06:18,27/08/2018 19:08,28/08/2018,
ZA-00029389,ZAC0020362,17/08/2018 08:12,COMPLETE,20/08/2018 00:24,23/08/2018 00:40,27/08/2018,
ZA-00029390,ZAC0001147,17/08/2018 08:40,COMPLETE,20/08/2018 11:58,24/08/2018 10:19,24/08/2018,FREESHIP
ZA-00029391,ZAC0012439,17/08/2018 11:30,COMPLETE,18/08/2018 04:10,19/08/2018 21:41,25/08/2018,
ZA-00029392,ZAC0000303,18/08/2018 11:58,COMPLETE,20/08/2018 06:30,22/08/2018 09:59,24/08/2018,
ZA-00029393,ZAC0020017,18/08/2018 20:57,COMPLETE,21/08/2018 02:01,24/08/2018 21:04,25/08/2018,
ZA-00029394,ZAC0010062,18/08/2018 09:52,COMPLETE,22/08/2018 20:07,27/08/2018 05:41,27/08/2018,
ZA-00029395,ZAC0005674,18/08/2018 09:35,COMPLETE,22/08/2018 21:00,01/09/2018 09:30,26/08/2018,
ZA-00029396,ZAC0021150,18/08/2018 13:25,COMPLETE,19/08/2018 10:20,20/08/2018 23:17,24/08/2018,
ZA-00029397,ZAC0004123,18/08/2018 20:10,COMPLETE,22/08/2018 21:10,23/08/2018 20:15,26/08/2018,
ZA-00029398,ZAC0023054,18/08/2018 20:24,COMPLETE,19/08/2018 09:22,24/08/2018 07:06,23/08/2018,
ZA-00029399,ZAC0002504,18/08/2018 16:03,COMPLETE,21/08/2018 01:12,24/08/2018 06:12,24/08/2018,
ZA-00029400,ZAC0003070,18/08/2018 09:44,DISPATCHED,21/08/2018 13:44,,24/08/2018,
ZA-00029401,ZAC0015259,18/08/2018 09:12,DISPATCHED,19/08/2018 05:06,,24/08/2018,
ZA-00029402,ZAC0000070,18/08/2018 15:58,COMPLETE,19/08/2018 20:43,27/08/2018 22:44,23/08/2018,
ZA-00029403,ZAC0016805,18/08/2018 17:28,COMPLETE,20/08/2018 05:58,23/08/2018 00:06,27/08/2018,
ZA-00029404,ZAC0004090,18/08/2018 22:54,COMPLETE,19/08/2018 09:33,23/08/2018 01:50,23/08/2018,
ZA-00029405,ZAC0000071,18/08/2018 07:05,COMPLETE,22/08/2018 01:34,29/08/2018 21:52,26/08/2018,
ZA-00029406,ZAC0002475,18/08/2018 06:15,CANCELLED,,,,
ZA-00029407,ZAC0004509,18/08/2018 22:42,COMPLETE,20/08/2018 21:13,27/08/2018 02:27,23/08/2018,
ZA-00029408,ZAC0004445,18/08/2018 12:36,COMPLETE,19/08/2018 17:22,23/08/2018 06:42,23/08/2018,
ZA-00029409,ZAC0010962,18/08/2018 08:06,COMPLETE,21/08/2018 20:40,23/08/2018 10:52,25/08/2018,
ZA-00029410,ZAC0013063,18/08/2018 18:37,COMPLETE,20/08/2018 02:41,29/08/2018 23:36,23/08/2018,
ZA-00029411,ZAC0019108,18/08/2018 07:05,COMPLETE,18/08/2018 18:56,22/08/2018 10:45,21/08/2018,
ZA-00029412,ZAC0001233,18/08/2018 08:04,COMPLETE,19/08/2018 10:19,29/08/2018 07:33,23/08/2018,
ZA-00029413,ZAC0004698,18/08/2018 06:03,COMPLETE,19/08/2018 02:27,23/08/2018 06:55,22/08/2018,
ZA-00029414,ZAC0023595,18/08/2018 08:04,COMPLETE,19/08/2018 21:37,24/08/2018 06:03,23/08/2018,
ZA-00029415,ZAC0009528,18/08/2018 21:55,COMPLETE,19/08/2018 11:01,23/08/2018 08:34,22/08/2018,WELCOME10
ZA-00029416,ZAC0002971,18/08/2018 12:34,COMPLETE,21/08/2018 20:53,24/08/2018 11:39,28/08/2018,BULK20
ZA-00029417,ZAC0020304,18/08/2018 10:20,COMPLETE,19/08/2018 11:25,23/08/2018 11:47,24/08/2018,
ZA-00029418,ZAC0011148,18/08/2018 15:05,COMPLETE,22/08/2018 12:16,25/08/2018 02:56,27/08/2018,WINTER15
ZA-00029419,ZAC0008667,18/08/2018 12:50,COMPLETE,19/08/2018 11:49,23/08/2018 01:01,23/08/2018,
ZA-00029420,ZAC0003473,18/08/2018 14:09,COMPLETE,18/08/2018 23:22,30/08/2018 04:03,25/08/2018,FREESHIP
ZA-00029421,ZAC0002453,18/08/2018 07:39,COMPLETE,26/08/2018 07:00,27/08/2018 15:14,30/08/2018,
ZA-00029422,ZAC0009392,18/08/2018 21:25,COMPLETE,21/08/2018 22:56,27/08/2018 22:43,25/08/2018,
ZA-00029423,ZAC0011277,18/08/2018 12:40,PENDING,,,,
ZA-00029424,ZAC0011677,18/08/2018 09:34,COMPLETE,22/08/2018 00:20,25/08/2018 09:48,26/08/2018,
ZA-00029425,ZAC0001356,18/08/2018 09:30,COMPLETE,19/08/2018 19:21,21/08/2018 17:52,29/08/2018,
ZA-00029426,ZAC0006338,18/08/2018 21:20,COMPLETE,21/08/2018 00:53,29/08/2018 09:53,26/08/2018,
ZA-00029427,ZAC0023081,18/08/2018 06:04,COMPLETE,22/08/2018 16:48,24/08/2018 00:02,26/08/2018,
ZA-00029428,ZAC0014183,18/08/2018 15:22,COMPLETE,19/08/2018 19:48,21/08/2018 23:21,22/08/2018,
ZA-00029429,ZAC0022041,18/08/2018 14:55,COMPLETE,19/08/2018 09:58,26/08/2018 17:00,24/08/2018,BULK20
ZA-00029430,ZAC0016365,18/08/2018 21:19,COMPLETE,19/08/2018 07:04,20/08/2018 23:05,24/08/2018,
ZA-00029431,ZAC0022900,18/08/2018 15:47,COMPLETE,20/08/2018 15:49,25/08/2018 12:28,23/08/2018,WELCOME10
ZA-00029432,ZAC0004120,18/08/2018 20:28,COMPLETE,19/08/2018 10:20,22/08/2018 06:14,23/08/2018,
ZA-00029433,ZAC0014999,18/08/2018 11:35,COMPLETE,21/08/2018 16:51,26/08/2018 21:43,26/08/2018,
ZA-00029434,ZAC0007071,18/08/2018 17:44,COMPLETE,19/08/2018 08:42,22/08/2018 21:25,23/08/2018,FLASH25
ZA-00029435,ZAC0008457,18/08/2018 19:10,COMPLETE,20/08/2018 09:00,21/08/2018 06:51,24/08/2018,BULK20
ZA-00029436,ZAC0021482,18/08/2018 11:08,COMPLETE,23/08/2018 16:37,31/08/2018 21:06,30/08/2018,FLASH25
ZA-00029437,ZAC0020284,18/08/2018 11:14,COMPLETE,21/08/2018 07:46,28/08/2018 23:02,28/08/2018,
ZA-00029438,ZAC0012994,18/08/2018 20:08,COMPLETE,20/08/2018 11:34,27/08/2018 14:47,24/08/2018,
ZA-00029439,ZAC0019692,18/08/2018 11:41,COMPLETE,22/08/2018 03:51,23/08/2018 18:05,25/08/2018,
ZA-00029440,ZAC0002981,18/08/2018 17:19,COMPLETE,23/08/2018 22:43,04/09/2018 00:47,30/08/2018,
ZA-00029441,ZAC0013820,18/08/2018 22:30,COMPLETE,19/08/2018 00:50,20/08/2018 11:05,24/08/2018,
ZA-00029442,ZAC0008866,18/08/2018 15:39,COMPLETE,19/08/2018 18:42,25/08/2018 11:44,24/08/2018,
ZA-00029443,ZAC0006478,18/08/2018 06:07,COMPLETE,19/08/2018 14:08,27/08/2018 16:24,24/08/2018,
ZA-00029444,ZAC0017019,18/08/2018 15:54,COMPLETE,18/08/2018 20:30,23/08/2018 11:50,25/08/2018,LOYAL5
ZA-00029445,ZAC0017043,18/08/2018 14:03,DISPATCHED,21/08/2018 15:34,,25/08/2018,
ZA-00029446,ZAC0002171,18/08/2018 10:53,COMPLETE,19/08/2018 02:00,22/08/2018 23:22,24/08/2018,
ZA-00029447,ZAC0015830,18/08/2018 17:48,COMPLETE,23/08/2018 15:38,26/08/2018 05:48,26/08/2018,LOYAL5
ZA-00029448,ZAC0019725,18/08/2018 22:55,COMPLETE,24/08/2018 07:21,02/09/2018 11:30,31/08/2018,
ZA-00029449,ZAC0011450,18/08/2018 21:42,COMPLETE,24/08/2018 14:07,31/08/2018 10:08,03/09/2018,
ZA-00029450,ZAC0005185,18/08/2018 18:25,COMPLETE,19/08/2018 17:07,25/08/2018 08:47,29/08/2018,FREESHIP
ZA-00029451,ZAC0000737,18/08/2018 10:55,COMPLETE,19/08/2018 13:01,22/08/2018 19:24,23/08/2018,
ZA-00029452,ZAC0006555,18/08/2018 22:23,CANCELLED,,,,FLASH25
ZA-00029453,ZAC0008100,18/08/2018 16:02,COMPLETE,20/08/2018 08:26,24/08/2018 08:25,24/08/2018,
ZA-00029454,ZAC0011341,18/08/2018 21:59,COMPLETE,19/08/2018 10:41,26/08/2018 15:53,26/08/2018,
ZA-00029455,ZAC0008897,18/08/2018 14:31,COMPLETE,21/08/2018 20:20,24/08/2018 03:20,25/08/2018,FREESHIP
ZA-00029456,ZAC0016534,18/08/2018 07:22,DISPATCHED,19/08/2018 09:25,,23/08/2018,
ZA-00029457,ZAC0013183,18/08/2018 21:30,COMPLETE,19/08/2018 04:13,28/08/2018 22:00,26/08/2018,
ZA-00029458,ZAC0017202,18/08/2018 15:47,COMPLETE,19/08/2018 11:34,21/08/2018 21:43,22/08/2018,
ZA-00029459,ZAC0000067,18/08/2018 12:52,CANCELLED,,,,
ZA-00029460,ZAC0018711,18/08/2018 18:25,COMPLETE,18/08/2018 21:41,25/08/2018 22:11,22/08/2018,FREESHIP
ZA-00029461,ZAC0004077,18/08/2018 17:40,COMPLETE,21/08/2018 12:13,25/08/2018 09:27,26/08/2018,WELCOME10
ZA-00029462,ZAC0020291,18/08/2018 22:58,COMPLETE,22/08/2018 11:51,29/08/2018 22:18,26/08/2018,WINTER15
ZA-00029463,ZAC0017873,18/08/2018 14:03,COMPLETE,20/08/2018 19:05,24/08/2018 00:56,24/08/2018,
ZA-00029464,ZAC0004904,18/08/2018 06:28,COMPLETE,21/08/2018 00:05,31/08/2018 20:12,31/08/2018,
ZA-00029465,ZAC0017927,18/08/2018 19:53,COMPLETE,20/08/2018 11:59,21/08/2018 12:49,23/08/2018,WELCOME10
ZA-00029466,ZAC0022601,18/08/2018 18:03,COMPLETE,20/08/2018 06:16,20/08/2018 22:12,25/08/2018,
ZA-00029467,ZAC0020975,18/08/2018 17:31,COMPLETE,23/08/2018 05:33,25/08/2018 07:39,28/08/2018,BULK20
ZA-00029468,ZAC0016533,18/08/2018 06:40,COMPLETE,19/08/2018 02:18,01/09/2018 06:03,26/08/2018,BULK20
ZA-00029469,ZAC0000391,19/08/2018 11:12,COMPLETE,20/08/2018 22:31,27/08/2018 13:22,27/08/2018,
ZA-00029470,ZAC0004740,19/08/2018 07:23,COMPLETE,19/08/2018 22:53,25/08/2018 11:06,23/08/2018,FLASH25
ZA-00029471,ZAC0002773,19/08/2018 10:53,COMPLETE,22/08/2018 18:18,26/08/2018 08:32,26/08/2018,
ZA-00029472,ZAC0010835,19/08/2018 13:09,COMPLETE,20/08/2018 23:31,25/08/2018 10:26,23/08/2018,
ZA-00029473,ZAC0005565,19/08/2018 06:09,COMPLETE,19/08/2018 22:35,27/08/2018 01:12,23/08/2018,
ZA-00029474,ZAC0008400,19/08/2018 22:56,COMPLETE,20/08/2018 21:08,22/08/2018 05:28,25/08/2018,
ZA-00029475,ZAC0016400,19/08/2018 20:15,COMPLETE,21/08/2018 03:06,27/08/2018 08:56,28/08/2018,
ZA-00029476,ZAC0002916,19/08/2018 13:14,COMPLETE,21/08/2018 05:12,25/08/2018 09:26,24/08/2018,
ZA-00029477,ZAC0001033,19/08/2018 15:17,COMPLETE,22/08/2018 09:58,24/08/2018 12:11,27/08/2018,
ZA-00029478,ZAC0001523,19/08/2018 22:28,COMPLETE,22/08/2018 21:09,27/08/2018 10:52,27/08/2018,
ZA-00029479,ZAC0014104,19/08/2018 11:40,COMPLETE,23/08/2018 21:15,27/08/2018 08:00,27/08/2018,
ZA-00029480,ZAC0006604,19/08/2018 10:24,COMPLETE,19/08/2018 17:12,22/08/2018 13:46,22/08/2018,
ZA-00029481,ZAC0002989,19/08/2018 22:19,COMPLETE,20/08/2018 15:52,05/09/2018 23:02,25/08/2018,
ZA-00029482,ZAC0013213,19/08/2018 11:50,COMPLETE,19/08/2018 23:55,26/08/2018 16:38,24/08/2018,
ZA-00029483,ZAC0020397,19/08/2018 18:49,COMPLETE,20/08/2018 12:28,23/08/2018 06:58,27/08/2018,LOYAL5
ZA-00029484,ZAC0015943,19/08/2018 14:47,COMPLETE,25/08/2018 01:11,26/08/2018 13:30,30/08/2018,
ZA-00029485,ZAC0010654,19/08/2018 13:42,COMPLETE,22/08/2018 02:29,27/08/2018 06:02,26/08/2018,FLASH25
ZA-00029486,ZAC0000518,19/08/2018 06:09,COMPLETE,21/08/2018 08:15,27/08/2018 18:42,24/08/2018,
ZA-00029487,ZAC0000791,19/08/2018 08:41,COMPLETE,21/08/2018 19:01,27/08/2018 12:58,28/08/2018,
ZA-00029488,ZAC0014988,19/08/2018 16:33,DISPATCHED,23/08/2018 20:56,,30/08/2018,BULK20
ZA-00029489,ZAC0006131,19/08/2018 15:04,COMPLETE,22/08/2018 10:00,26/08/2018 23:10,01/09/2018,WINTER15
ZA-00029490,ZAC0005891,19/08/2018 07:19,COMPLETE,22/08/2018 17:49,25/08/2018 19:51,26/08/2018,
ZA-00029491,ZAC0009137,19/08/2018 19:15,COMPLETE,23/08/2018 04:12,29/08/2018 21:32,26/08/2018,FREESHIP
ZA-00029492,ZAC0016249,19/08/2018 08:53,COMPLETE,21/08/2018 19:47,27/08/2018 21:05,24/08/2018,
ZA-00029493,ZAC0007629,19/08/2018 11:38,COMPLETE,22/08/2018 18:01,25/08/2018 21:11,26/08/2018,
ZA-00029494,ZAC0019557,19/08/2018 16:04,COMPLETE,22/08/2018 21:24,31/08/2018 09:45,25/08/2018,
ZA-00029495,ZAC0009912,19/08/2018 21:28,RETURNED,22/08/2018 15:32,25/08/2018 20:00,25/08/2018,FREESHIP
ZA-00029496,ZAC0005479,19/08/2018 16:17,COMPLETE,20/08/2018 12:15,26/08/2018 02:08,24/08/2018,WINTER15
ZA-00029497,ZAC0008967,19/08/2018 20:14,COMPLETE,20/08/2018 02:05,22/08/2018 21:20,27/08/2018,
ZA-00029498,ZAC0008782,19/08/2018 22:56,COMPLETE,23/08/2018 00:18,25/08/2018 14:36,27/08/2018,
ZA-00029499,ZAC0014254,19/08/2018 19:04,COMPLETE,22/08/2018 18:21,27/08/2018 07:52,27/08/2018,
ZA-00029500,ZAC0009798,19/08/2018 22:48,COMPLETE,22/08/2018 00:24,26/08/2018 12:35,26/08/2018,
ZA-00029501,ZAC0011568,19/08/2018 18:42,COMPLETE,21/08/2018 06:29,27/08/2018 14:39,24/08/2018,LOYAL5
ZA-00029502,ZAC0000193,19/08/2018 18:16,COMPLETE,22/08/2018 07:29,01/09/2018 09:40,29/08/2018,BULK20
ZA-00029503,ZAC0008794,19/08/2018 18:52,COMPLETE,22/08/2018 08:09,29/08/2018 18:37,26/08/2018,
ZA-00029504,ZAC0023396,19/08/2018 13:37,COMPLETE,21/08/2018 06:17,23/08/2018 16:10,31/08/2018,
ZA-00029505,ZAC0001017,19/08/2018 12:25,COMPLETE,20/08/2018 09:04,23/08/2018 08:18,27/08/2018,
ZA-00029506,ZAC0020846,19/08/2018 21:44,PENDING,,,,
ZA-00029507,ZAC0017206,19/08/2018 08:44,COMPLETE,23/08/2018 23:12,28/08/2018 23:20,26/08/2018,
ZA-00029508,ZAC0004387,19/08/2018 06:50,COMPLETE,21/08/2018 14:10,29/08/2018 02:17,25/08/2018,FREESHIP
ZA-00029509,ZAC0007375,19/08/2018 11:41,COMPLETE,21/08/2018 22:00,28/08/2018 20:59,25/08/2018,
ZA-00029510,ZAC0017751,19/08/2018 13:20,COMPLETE,21/08/2018 19:29,27/08/2018 23:37,26/08/2018,FREESHIP
ZA-00029511,ZAC0021066,19/08/2018 11:50,COMPLETE,22/08/2018 18:44,04/09/2018 12:53,27/08/2018,BULK20
ZA-00029512,ZAC0023054,19/08/2018 18:54,COMPLETE,22/08/2018 17:11,24/08/2018 20:10,25/08/2018,LOYAL5
ZA-00029513,ZAC0008253,19/08/2018 08:34,COMPLETE,19/08/2018 18:35,24/08/2018 19:52,26/08/2018,
ZA-00029514,ZAC0009388,19/08/2018 16:18,COMPLETE,23/08/2018 01:50,24/08/2018 05:56,30/08/2018,
ZA-00029515,ZAC0021326,19/08/2018 12:53,COMPLETE,20/08/2018 10:59,27/08/2018 05:10,27/08/2018,
ZA-00029516,ZAC0023947,19/08/2018 16:53,COMPLETE,19/08/2018 23:50,25/08/2018 14:24,22/08/2018,
ZA-00029517,ZAC0000394,19/08/2018 22:05,COMPLETE,21/08/2018 13:29,25/08/2018 12:32,31/08/2018,
ZA-00029518,ZAC0004086,19/08/2018 12:05,COMPLETE,21/08/2018 09:37,23/08/2018 03:18,25/08/2018,
ZA-00029519,ZAC0002560,19/08/2018 12:12,COMPLETE,22/08/2018 17:34,26/08/2018 03:32,25/08/2018,WINTER15
ZA-00029520,ZAC0019124,19/08/2018 15:21,COMPLETE,21/08/2018 16:21,25/08/2018 18:01,26/08/2018,
ZA-00029521,ZAC0018182,19/08/2018 18:51,COMPLETE,21/08/2018 23:18,11/09/2018 19:34,26/08/2018,FLASH25
ZA-00029522,ZAC0022293,19/08/2018 09:32,COMPLETE,21/08/2018 22:52,24/08/2018 21:37,26/08/2018,
ZA-00029523,ZAC0021412,19/08/2018 10:16,COMPLETE,20/08/2018 12:58,23/08/2018 22:07,30/08/2018,
ZA-00029524,ZAC0004582,19/08/2018 10:29,COMPLETE,19/08/2018 18:38,21/08/2018 14:29,23/08/2018,
ZA-00029525,ZAC0001345,19/08/2018 14:48,COMPLETE,21/08/2018 05:34,22/08/2018 08:13,24/08/2018,
ZA-00029526,ZAC0001838,19/08/2018 17:38,COMPLETE,26/08/2018 00:14,01/09/2018 14:29,29/08/2018,
ZA-00029527,ZAC0020305,19/08/2018 07:53,COMPLETE,21/08/2018 08:49,22/08/2018 06:14,26/08/2018,
ZA-00029528,ZAC0001116,19/08/2018 09:30,COMPLETE,24/08/2018 17:49,27/08/2018 00:39,31/08/2018,BULK20
ZA-00029529,ZAC0020978,19/08/2018 06:05,COMPLETE,19/08/2018 21:51,21/08/2018 14:35,26/08/2018,
ZA-00029530,ZAC0019002,19/08/2018 17:11,COMPLETE,21/08/2018 16:45,24/08/2018 16:16,26/08/2018,FLASH25
ZA-00029531,ZAC0010433,19/08/2018 14:25,COMPLETE,23/08/2018 21:14,04/09/2018 10:37,02/09/2018,
ZA-00029532,ZAC0004842,19/08/2018 19:20,COMPLETE,21/08/2018 05:54,21/08/2018 19:44,24/08/2018,
ZA-00029533,ZAC0023059,19/08/2018 20:32,COMPLETE,21/08/2018 04:10,22/08/2018 22:41,28/08/2018,
ZA-00029534,ZAC0006995,19/08/2018 22:53,COMPLETE,21/08/2018 09:49,25/08/2018 02:04,28/08/2018,
ZA-00029535,ZAC0001427,19/08/2018 18:31,COMPLETE,22/08/2018 06:51,24/08/2018 08:57,25/08/2018,
ZA-00029536,ZAC0011094,19/08/2018 10:22,COMPLETE,21/08/2018 10:46,26/08/2018 01:45,26/08/2018,
ZA-00029537,ZAC0000088,19/08/2018 18:50,COMPLETE,25/08/2018 06:37,28/08/2018 03:18,28/08/2018,FLASH25
ZA-00029538,ZAC0007512,19/08/2018 11:23,COMPLETE,23/08/2018 18:56,28/08/2018 02:50,27/08/2018,
ZA-00029539,ZAC0011565,19/08/2018 08:51,CANCELLED,,,,
ZA-00029540,ZAC0013874,19/08/2018 12:18,COMPLETE,20/08/2018 22:36,22/08/2018 15:09,23/08/2018,
ZA-00029541,ZAC0017783,19/08/2018 12:41,COMPLETE,20/08/2018 08:14,25/08/2018 21:11,25/08/2018,
ZA-00029542,ZAC0020794,19/08/2018 20:23,RETURNED,22/08/2018 04:37,02/09/2018 01:50,29/08/2018,WELCOME10
ZA-00029543,ZAC0019878,20/08/2018 10:41,COMPLETE,23/08/2018 17:54,27/08/2018 16:29,27/08/2018,
ZA-00029544,ZAC0000895,20/08/2018 18:25,COMPLETE,21/08/2018 00:01,24/08/2018 18:53,25/08/2018,
ZA-00029545,ZAC0020360,20/08/2018 06:25,COMPLETE,21/08/2018 12:08,25/08/2018 00:11,26/08/2018,
ZA-00029546,ZAC0008602,20/08/2018 18:33,COMPLETE,23/08/2018 07:37,27/08/2018 16:03,27/08/2018,
ZA-00029547,ZAC0000120,20/08/2018 12:41,COMPLETE,22/08/2018 10:54,23/08/2018 05:08,01/09/2018,
ZA-00029548,ZAC0020876,20/08/2018 13:04,COMPLETE,25/08/2018 17:02,29/08/2018 02:11,28/08/2018,
ZA-00029549,ZAC0022760,20/08/2018 16:08,COMPLETE,23/08/2018 00:58,25/08/2018 08:43,26/08/2018,
ZA-00029550,ZAC0017684,20/08/2018 22:42,COMPLETE,24/08/2018 00:09,24/08/2018 08:43,28/08/2018,
ZA-00029551,ZAC0007086,20/08/2018 06:03,COMPLETE,20/08/2018 18:10,22/08/2018 14:44,24/08/2018,
ZA-00029552,ZAC0016693,20/08/2018 17:43,COMPLETE,24/08/2018 09:10,03/09/2018 02:46,03/09/2018,
ZA-00029553,ZAC0012269,20/08/2018 21:17,COMPLETE,23/08/2018 07:34,30/08/2018 07:13,27/08/2018,
ZA-00029554,ZAC0011375,20/08/2018 12:43,COMPLETE,21/08/2018 13:09,25/08/2018 03:53,25/08/2018,
ZA-00029555,ZAC0008727,20/08/2018 12:21,COMPLETE,23/08/2018 21:32,26/08/2018 00:22,26/08/2018,LOYAL5
ZA-00029556,ZAC0010868,20/08/2018 20:51,COMPLETE,21/08/2018 13:42,25/08/2018 02:30,25/08/2018,
ZA-00029557,ZAC0020959,20/08/2018 09:03,COMPLETE,21/08/2018 09:43,23/08/2018 04:00,26/08/2018,
ZA-00029558,ZAC0021017,20/08/2018 09:16,COMPLETE,21/08/2018 03:49,28/08/2018 20:53,24/08/2018,
ZA-00029559,ZAC0015312,20/08/2018 18:15,COMPLETE,23/08/2018 08:20,31/08/2018 11:41,28/08/2018,LOYAL5
ZA-00029560,ZAC0021011,20/08/2018 20:55,COMPLETE,23/08/2018 09:40,25/08/2018 20:04,28/08/2018,
ZA-00029561,ZAC0001603,20/08/2018 11:25,COMPLETE,21/08/2018 12:17,23/08/2018 19:12,28/08/2018,FLASH25
ZA-00029562,ZAC0002071,20/08/2018 11:04,COMPLETE,23/08/2018 22:16,26/08/2018 08:41,28/08/2018,
ZA-00029563,ZAC0013307,20/08/2018 21:23,COMPLETE,21/08/2018 09:52,22/08/2018 14:34,31/08/2018,WINTER15
ZA-00029564,ZAC0001810,20/08/2018 11:50,COMPLETE,20/08/2018 21:46,24/08/2018 23:00,24/08/2018,
ZA-00029565,ZAC0010180,20/08/2018 13:42,COMPLETE,21/08/2018 09:28,23/08/2018 14:59,25/08/2018,
ZA-00029566,ZAC0003328,20/08/2018 16:15,COMPLETE,22/08/2018 06:38,25/08/2018 02:47,29/08/2018,
ZA-00029567,ZAC0001201,20/08/2018 12:22,COMPLETE,22/08/2018 21:55,28/08/2018 02:12,27/08/2018,
ZA-00029568,ZAC0021044,20/08/2018 19:40,COMPLETE,21/08/2018 13:18,31/08/2018 22:45,25/08/2018,
ZA-00029569,ZAC0017198,20/08/2018 08:21,COMPLETE,23/08/2018 23:08,29/08/2018 09:50,02/09/2018,WELCOME10
ZA-00029570,ZAC0017005,20/08/2018 21:54,COMPLETE,24/08/2018 01:06,26/08/2018 15:18,31/08/2018,
ZA-00029571,ZAC0010151,20/08/2018 20:12,COMPLETE,27/08/2018 00:51,31/08/2018 00:22,31/08/2018,
ZA-00029572,ZAC0012999,20/08/2018 17:55,COMPLETE,23/08/2018 23:45,24/08/2018 23:38,28/08/2018,
ZA-00029573,ZAC0003094,20/08/2018 19:33,COMPLETE,22/08/2018 12:28,27/08/2018 21:00,26/08/2018,WINTER15
ZA-00029574,ZAC0009283,20/08/2018 13:18,COMPLETE,21/08/2018 02:33,22/08/2018 03:44,26/08/2018,WELCOME10
ZA-00029575,ZAC0008014,20/08/2018 06:23,COMPLETE,22/08/2018 04:41,31/08/2018 18:49,29/08/2018,
ZA-00029576,ZAC0006893,20/08/2018 19:00,COMPLETE,26/08/2018 14:22,29/08/2018 22:29,30/08/2018,
ZA-00029577,ZAC0020233,20/08/2018 21:24,COMPLETE,23/08/2018 02:57,27/08/2018 11:50,28/08/2018,
ZA-00029578,ZAC0021195,20/08/2018 06:15,COMPLETE,20/08/2018 20:11,28/08/2018 10:45,27/08/2018,
ZA-00029579,ZAC0016245,20/08/2018 06:55,COMPLETE,21/08/2018 03:07,25/08/2018 03:12,25/08/2018,
ZA-00029580,ZAC0018357,20/08/2018 16:23,COMPLETE,23/08/2018 18:34,25/08/2018 16:40,26/08/2018,
ZA-00029581,ZAC0016236,20/08/2018 18:15,COMPLETE,27/08/2018 05:50,31/08/2018 23:23,31/08/2018,FREESHIP
ZA-00029582,ZAC0008657,20/08/2018 10:29,COMPLETE,22/08/2018 00:23,28/08/2018 11:57,25/08/2018,
ZA-00029583,ZAC0010592,20/08/2018 06:56,COMPLETE,23/08/2018 00:15,24/08/2018 12:01,30/08/2018,
ZA-00029584,ZAC0012779,20/08/2018 14:57,COMPLETE,23/08/2018 01:18,29/08/2018 23:21,26/08/2018,
ZA-00029585,ZAC0022715,20/08/2018 16:48,COMPLETE,23/08/2018 07:16,29/08/2018 23:50,28/08/2018,
ZA-00029586,ZAC0001927,20/08/2018 07:04,COMPLETE,22/08/2018 07:15,26/08/2018 04:29,26/08/2018,
ZA-00029587,ZAC0007462,20/08/2018 10:14,COMPLETE,22/08/2018 03:19,01/09/2018 20:20,27/08/2018,
ZA-00029588,ZAC0009424,20/08/2018 10:48,COMPLETE,20/08/2018 21:57,25/08/2018 10:11,23/08/2018,
ZA-00029589,ZAC0011170,20/08/2018 12:09,COMPLETE,21/08/2018 17:05,30/08/2018 17:53,26/08/2018,
ZA-00029590,ZAC0021005,20/08/2018 10:39,COMPLETE,23/08/2018 09:39,26/08/2018 22:34,27/08/2018,
ZA-00029591,ZAC0009506,20/08/2018 21:41,COMPLETE,21/08/2018 23:49,22/08/2018 21:50,25/08/2018,
ZA-00029592,ZAC0019568,20/08/2018 10:46,COMPLETE,20/08/2018 16:39,23/08/2018 00:10,27/08/2018,WINTER15
ZA-00029593,ZAC0009415,20/08/2018 09:43,COMPLETE,22/08/2018 02:13,24/08/2018 06:10,26/08/2018,
ZA-00029594,ZAC0023429,20/08/2018 08:02,COMPLETE,21/08/2018 10:29,31/08/2018 12:59,25/08/2018,
ZA-00029595,ZAC0010030,20/08/2018 18:21,COMPLETE,22/08/2018 09:07,25/08/2018 21:53,25/08/2018,
ZA-00029596,ZAC0018835,20/08/2018 18:44,CANCELLED,,,,WELCOME10
ZA-00029597,ZAC0011606,20/08/2018 20:06,COMPLETE,23/08/2018 18:14,03/09/2018 06:30,28/08/2018,
ZA-00029598,ZAC0014265,20/08/2018 07:20,COMPLETE,22/08/2018 10:43,24/08/2018 07:31,26/08/2018,
ZA-00029599,ZAC0019230,20/08/2018 19:25,COMPLETE,24/08/2018 08:42,30/08/2018 04:20,31/08/2018,
ZA-00029600,ZAC0001998,20/08/2018 09:29,COMPLETE,24/08/2018 10:01,31/08/2018 01:20,29/08/2018,
ZA-00029601,ZAC0011680,20/08/2018 12:02,COMPLETE,23/08/2018 16:23,25/08/2018 21:27,02/09/2018,
ZA-00029602,ZAC0022476,20/08/2018 08:51,COMPLETE,21/08/2018 03:31,26/08/2018 22:27,28/08/2018,
ZA-00029603,ZAC0013985,20/08/2018 20:34,COMPLETE,22/08/2018 08:17,25/08/2018 16:27,01/09/2018,FREESHIP
ZA-00029604,ZAC0007953,20/08/2018 09:54,COMPLETE,22/08/2018 22:38,27/08/2018 19:06,26/08/2018,
ZA-00029605,ZAC0016477,20/08/2018 08:57,COMPLETE,22/08/2018 06:42,25/08/2018 09:01,01/09/2018,
ZA-00029606,ZAC0016978,20/08/2018 18:14,COMPLETE,26/08/2018 20:48,31/08/2018 20:17,31/08/2018,
ZA-00029607,ZAC0023548,20/08/2018 19:45,COMPLETE,23/08/2018 06:01,25/08/2018 11:20,28/08/2018,
ZA-00029608,ZAC0002297,20/08/2018 11:24,COMPLETE,23/08/2018 02:19,04/09/2018 00:46,26/08/2018,WINTER15
ZA-00029609,ZAC0013192,20/08/2018 22:05,COMPLETE,24/08/2018 15:29,31/08/2018 04:18,29/08/2018,
ZA-00029610,ZAC0015604,20/08/2018 09:57,COMPLETE,22/08/2018 11:16,30/08/2018 15:47,01/09/2018,
ZA-00029611,ZAC0011206,20/08/2018 19:26,COMPLETE,21/08/2018 17:53,29/08/2018 13:14,31/08/2018,
ZA-00029612,ZAC0000628,20/08/2018 17:03,COMPLETE,24/08/2018 23:10,29/08/2018 22:56,29/08/2018,
ZA-00029613,ZAC0016337,20/08/2018 06:40,COMPLETE,20/08/2018 15:52,30/08/2018 14:33,23/08/2018,
ZA-00029614,ZAC0001757,20/08/2018 16:43,COMPLETE,24/08/2018 16:20,28/08/2018 20:32,29/08/2018,FLASH25
ZA-00029615,ZAC0011894,20/08/2018 06:55,COMPLETE,25/08/2018 06:42,29/08/2018 06:50,28/08/2018,
ZA-00029616,ZAC0016548,20/08/2018 07:42,COMPLETE,25/08/2018 09:14,30/08/2018 02:53,30/08/2018,LOYAL5
ZA-00029617,ZAC0007378,20/08/2018 21:35,COMPLETE,23/08/2018 08:06,31/08/2018 06:25,28/08/2018,
ZA-00029618,ZAC0003572,20/08/2018 11:42,COMPLETE,22/08/2018 01:35,25/08/2018 01:17,26/08/2018,
ZA-00029619,ZAC0017809,20/08/2018 22:09,COMPLETE,23/08/2018 23:43,26/08/2018 19:20,26/08/2018,FREESHIP
ZA-00029620,ZAC0015818,20/08/2018 13:29,COMPLETE,21/08/2018 12:21,24/08/2018 09:18,24/08/2018,
ZA-00029621,ZAC0007751,20/08/2018 10:44,COMPLETE,22/08/2018 11:37,23/08/2018 19:43,26/08/2018,FREESHIP
ZA-00029622,ZAC0002080,20/08/2018 17:51,COMPLETE,24/08/2018 04:32,25/08/2018 02:48,28/08/2018,
ZA-00029623,ZAC0015015,20/08/2018 20:53,COMPLETE,23/08/2018 13:55,31/08/2018 20:40,26/08/2018,
ZA-00029624,ZAC0007787,20/08/2018 07:55,COMPLETE,23/08/2018 15:18,25/08/2018 10:02,28/08/2018,
ZA-00029625,ZAC0001308,20/08/2018 10:47,COMPLETE,22/08/2018 01:48,26/08/2018 15:49,26/08/2018,
ZA-00029626,ZAC0017080,21/08/2018 21:53,COMPLETE,24/08/2018 10:18,03/09/2018 02:46,27/08/2018,
ZA-00029627,ZAC0015232,21/08/2018 06:52,COMPLETE,22/08/2018 15:05,26/08/2018 15:34,27/08/2018,
ZA-00029628,ZAC0017325,21/08/2018 14:29,DISPATCHED,22/08/2018 22:11,,27/08/2018,
ZA-00029629,ZAC0021876,21/08/2018 07:10,COMPLETE,23/08/2018 01:42,26/08/2018 22:25,27/08/2018,
ZA-00029630,ZAC0022247,21/08/2018 19:20,COMPLETE,22/08/2018 11:53,23/08/2018 03:50,29/08/2018,
ZA-00029631,ZAC0005647,21/08/2018 19:51,COMPLETE,25/08/2018 23:35,27/08/2018 01:37,01/09/2018,
ZA-00029632,ZAC0011400,21/08/2018 21:39,COMPLETE,22/08/2018 14:43,24/08/2018 18:53,25/08/2018,
ZA-00029633,ZAC0021834,21/08/2018 21:38,COMPLETE,24/08/2018 00:12,27/08/2018 21:46,29/08/2018,
ZA-00029634,ZAC0002933,21/08/2018 11:31,COMPLETE,22/08/2018 07:18,27/08/2018 19:48,29/08/2018,
ZA-00029635,ZAC0018829,21/08/2018 22:59,COMPLETE,24/08/2018 15:19,28/08/2018 10:03,28/08/2018,
ZA-00029636,ZAC0023104,21/08/2018 14:56,COMPLETE,24/08/2018 03:32,26/08/2018 23:33,28/08/2018,FREESHIP
ZA-00029637,ZAC0016503,21/08/2018 21:44,COMPLETE,22/08/2018 06:47,25/08/2018 01:48,27/08/2018,
ZA-00029638,ZAC0013737,21/08/2018 16:12,COMPLETE,23/08/2018 02:34,02/09/2018 00:35,30/08/2018,
ZA-00029639,ZAC0011302,21/08/2018 17:41,COMPLETE,22/08/2018 15:31,28/08/2018 10:31,25/08/2018,
ZA-00029640,ZAC0009172,21/08/2018 15:48,COMPLETE,23/08/2018 08:34,28/08/2018 08:39,30/08/2018,
ZA-00029641,ZAC0010387,21/08/2018 15:30,COMPLETE,24/08/2018 02:54,29/08/2018 22:35,28/08/2018,
ZA-00029642,ZAC0006544,21/08/2018 12:46,COMPLETE,26/08/2018 21:58,05/09/2018 05:19,02/09/2018,
ZA-00029643,ZAC0004174,21/08/2018 11:34,COMPLETE,22/08/2018 05:50,28/08/2018 03:36,29/08/2018,
ZA-00029644,ZAC0010647,21/08/2018 13:19,COMPLETE,23/08/2018 23:17,12/09/2018 05:19,27/08/2018,WINTER15
ZA-00029645,ZAC0023384,21/08/2018 13:20,COMPLETE,24/08/2018 01:58,02/09/2018 00:53,03/09/2018,
ZA-00029646,ZAC0007669,21/08/2018 17:07,COMPLETE,22/08/2018 04:15,01/09/2018 06:12,26/08/2018,
ZA-00029647,ZAC0004268,21/08/2018 15:19,COMPLETE,23/08/2018 18:31,26/08/2018 02:15,27/08/2018,
ZA-00029648,ZAC0012875,21/08/2018 11:58,COMPLETE,23/08/2018 13:49,26/08/2018 12:18,27/08/2018,
ZA-00029649,ZAC0015155,21/08/2018 13:12,COMPLETE,23/08/2018 02:53,31/08/2018 07:38,27/08/2018,
ZA-00029650,ZAC0007620,21/08/2018 09:03,COMPLETE,22/08/2018 09:31,30/08/2018 00:46,25/08/2018,
ZA-00029651,ZAC0000624,21/08/2018 21:00,COMPLETE,22/08/2018 11:47,27/08/2018 18:07,26/08/2018,
ZA-00029652,ZAC0001740,21/08/2018 08:00,COMPLETE,24/08/2018 07:05,29/08/2018 12:30,29/08/2018,
ZA-00029653,ZAC0006035,21/08/2018 20:32,COMPLETE,24/08/2018 13:30,27/08/2018 07:47,28/08/2018,
ZA-00029654,ZAC0000879,21/08/2018 16:07,COMPLETE,25/08/2018 13:43,30/08/2018 12:24,29/08/2018,
ZA-00029655,ZAC0021400,21/08/2018 22:30,COMPLETE,22/08/2018 21:21,26/08/2018 20:52,29/08/2018,
ZA-00029656,ZAC0013665,21/08/2018 18:30,COMPLETE,23/08/2018 11:56,29/08/2018 06:38,27/08/2018,
ZA-00029657,ZAC0002285,21/08/2018 13:54,COMPLETE,22/08/2018 01:32,26/08/2018 13:08,25/08/2018,
ZA-00029658,ZAC0007985,21/08/2018 18:18,COMPLETE,25/08/2018 13:00,01/09/2018 23:19,01/09/2018,
ZA-00029659,ZAC0020536,21/08/2018 07:23,COMPLETE,22/08/2018 11:56,23/08/2018 18:35,26/08/2018,
ZA-00029660,ZAC0011010,21/08/2018 18:15,COMPLETE,30/08/2018 08:04,08/09/2018 22:35,03/09/2018,
ZA-00029661,ZAC0019875,21/08/2018 15:22,COMPLETE,22/08/2018 23:52,25/08/2018 05:50,27/08/2018,WINTER15
ZA-00029662,ZAC0014805,21/08/2018 15:10,COMPLETE,22/08/2018 15:07,26/08/2018 22:58,25/08/2018,
ZA-00029663,ZAC0021745,21/08/2018 10:32,RETURNED,22/08/2018 08:08,04/09/2018 03:54,26/08/2018,
ZA-00029664,ZAC0021494,21/08/2018 18:23,COMPLETE,22/08/2018 21:09,24/08/2018 13:06,26/08/2018,
ZA-00029665,ZAC0021744,21/08/2018 22:59,COMPLETE,23/08/2018 05:05,24/08/2018 19:13,30/08/2018,BULK20
ZA-00029666,ZAC0016860,21/08/2018 22:55,COMPLETE,23/08/2018 08:20,25/08/2018 16:30,28/08/2018,
ZA-00029667,ZAC0017746,21/08/2018 19:11,CANCELLED,,,,
ZA-00029668,ZAC0011152,21/08/2018 15:53,COMPLETE,22/08/2018 11:03,30/08/2018 12:41,27/08/2018,
ZA-00029669,ZAC0007769,21/08/2018 08:37,COMPLETE,24/08/2018 17:59,30/08/2018 11:32,28/08/2018,
ZA-00029670,ZAC0007550,21/08/2018 08:34,COMPLETE,22/08/2018 12:45,28/08/2018 06:47,29/08/2018,
ZA-00029671,ZAC0013810,21/08/2018 10:45,COMPLETE,23/08/2018 00:26,29/08/2018 18:15,28/08/2018,
ZA-00029672,ZAC0010642,21/08/2018 21:27,COMPLETE,22/08/2018 05:10,27/08/2018 23:37,29/08/2018,
ZA-00029673,ZAC0022595,21/08/2018 11:48,COMPLETE,23/08/2018 02:54,27/08/2018 17:29,02/09/2018,
ZA-00029674,ZAC0016285,21/08/2018 13:46,CANCELLED,,,,
ZA-00029675,ZAC0018079,21/08/2018 22:45,COMPLETE,24/08/2018 08:24,25/08/2018 21:00,28/08/2018,
ZA-00029676,ZAC0002886,21/08/2018 06:00,CANCELLED,,,,BULK20
ZA-00029677,ZAC0003753,21/08/2018 06:25,COMPLETE,21/08/2018 15:26,24/08/2018 03:05,28/08/2018,WELCOME10
ZA-00029678,ZAC0017625,21/08/2018 09:17,COMPLETE,25/08/2018 09:46,01/09/2018 14:10,30/08/2018,
ZA-00029679,ZAC0017638,21/08/2018 14:12,COMPLETE,26/08/2018 09:44,29/08/2018 09:58,30/08/2018,
ZA-00029680,ZAC0000600,21/08/2018 21:43,DISPATCHED,27/08/2018 17:37,,01/09/2018,
ZA-00029681,ZAC0009746,21/08/2018 20:34,COMPLETE,22/08/2018 03:17,24/08/2018 13:14,26/08/2018,
ZA-00029682,ZAC0022722,21/08/2018 18:18,COMPLETE,25/08/2018 06:15,29/08/2018 15:48,01/09/2018,
ZA-00029683,ZAC0008104,21/08/2018 11:23,COMPLETE,28/08/2018 02:42,01/09/2018 01:07,01/09/2018,
ZA-00029684,ZAC0011419,21/08/2018 12:47,COMPLETE,22/08/2018 02:35,24/08/2018 02:09,27/08/2018,
ZA-00029685,ZAC0002381,21/08/2018 12:02,COMPLETE,22/08/2018 16:16,25/08/2018 14:14,25/08/2018,WINTER15
ZA-00029686,ZAC0021299,21/08/2018 08:54,COMPLETE,23/08/2018 00:14,28/08/2018 11:44,02/09/2018,
ZA-00029687,ZAC0019245,21/08/2018 18:28,COMPLETE,22/08/2018 09:16,25/08/2018 05:43,27/08/2018,WELCOME10
ZA-00029688,ZAC0021861,21/08/2018 10:16,COMPLETE,23/08/2018 07:05,24/08/2018 11:27,02/09/2018,
ZA-00029689,ZAC0016485,21/08/2018 16:31,COMPLETE,22/08/2018 21:28,27/08/2018 13:17,29/08/2018,
ZA-00029690,ZAC0011309,21/08/2018 21:16,CANCELLED,,,,
ZA-00029691,ZAC0012247,21/08/2018 10:58,COMPLETE,23/08/2018 17:52,29/08/2018 01:32,26/08/2018,WINTER15
ZA-00029692,ZAC0014218,21/08/2018 18:01,COMPLETE,23/08/2018 00:18,28/08/2018 12:27,30/08/2018,
ZA-00029693,ZAC0021579,21/08/2018 13:39,COMPLETE,22/08/2018 02:21,28/08/2018 15:06,26/08/2018,
ZA-00029694,ZAC0003930,21/08/2018 21:50,COMPLETE,24/08/2018 22:46,06/09/2018 03:36,29/08/2018,
ZA-00029695,ZAC0019589,21/08/2018 17:58,COMPLETE,24/08/2018 14:13,28/08/2018 10:50,29/08/2018,
ZA-00029696,ZAC0017303,21/08/2018 13:11,COMPLETE,23/08/2018 00:06,28/08/2018 03:58,02/09/2018,
ZA-00029697,ZAC0013654,21/08/2018 08:05,COMPLETE,22/08/2018 21:06,04/09/2018 16:22,01/09/2018,FREESHIP
ZA-00029698,ZAC0010738,21/08/2018 20:57,COMPLETE,24/08/2018 05:30,29/08/2018 05:03,29/08/2018,
ZA-00029699,ZAC0023712,21/08/2018 15:46,DISPATCHED,24/08/2018 03:27,,29/08/2018,
ZA-00029700,ZAC0022176,21/08/2018 22:43,COMPLETE,27/08/2018 15:55,05/09/2018 04:21,03/09/2018,
ZA-00029701,ZAC0018516,21/08/2018 17:54,COMPLETE,22/08/2018 20:18,30/08/2018 05:35,25/08/2018,
ZA-00029702,ZAC0022882,21/08/2018 20:37,COMPLETE,22/08/2018 01:03,22/08/2018 11:44,26/08/2018,WINTER15
ZA-00029703,ZAC0019432,21/08/2018 18:47,COMPLETE,24/08/2018 12:33,30/08/2018 10:47,31/08/2018,
ZA-00029704,ZAC0005628,21/08/2018 18:47,COMPLETE,23/08/2018 00:15,01/09/2018 12:06,30/08/2018,
ZA-00029705,ZAC0014609,21/08/2018 11:13,COMPLETE,24/08/2018 08:54,04/09/2018 02:46,31/08/2018,
ZA-00029706,ZAC0023903,21/08/2018 10:45,COMPLETE,24/08/2018 13:30,26/08/2018 02:07,29/08/2018,
ZA-00029707,ZAC0007934,21/08/2018 10:04,COMPLETE,22/08/2018 16:26,28/08/2018 00:10,27/08/2018,
ZA-00029708,ZAC0000804,21/08/2018 12:52,CANCELLED,,,,
ZA-00029709,ZAC0015401,21/08/2018 07:12,DISPATCHED,25/08/2018 14:32,,01/09/2018,FLASH25
ZA-00029710,ZAC0010791,21/08/2018 19:11,COMPLETE,28/08/2018 01:04,30/08/2018 09:08,02/09/2018,WELCOME10
ZA-00029711,ZAC0022491,21/08/2018 07:33,CANCELLED,,,,
ZA-00029712,ZAC0018662,21/08/2018 18:50,COMPLETE,24/08/2018 16:26,25/08/2018 19:50,28/08/2018,
ZA-00029713,ZAC0010707,21/08/2018 18:15,COMPLETE,23/08/2018 12:00,26/08/2018 02:58,27/08/2018,
ZA-00029714,ZAC0007764,21/08/2018 08:30,COMPLETE,24/08/2018 15:38,25/08/2018 16:34,27/08/2018,
ZA-00029715,ZAC0002493,22/08/2018 12:41,CANCELLED,,,,
ZA-00029716,ZAC0003213,22/08/2018 20:38,COMPLETE,23/08/2018 10:09,27/08/2018 08:57,27/08/2018,
ZA-00029717,ZAC0008152,22/08/2018 20:59,COMPLETE,24/08/2018 08:37,25/08/2018 21:21,28/08/2018,FREESHIP
ZA-00029718,ZAC0020654,22/08/2018 20:51,COMPLETE,24/08/2018 07:37,25/08/2018 15:24,28/08/2018,FLASH25
ZA-00029719,ZAC0008072,22/08/2018 12:10,COMPLETE,24/08/2018 20:36,26/08/2018 02:28,29/08/2018,
ZA-00029720,ZAC0017968,22/08/2018 10:07,DISPATCHED,24/08/2018 20:34,,29/08/2018,
ZA-00029721,ZAC0008328,22/08/2018 21:59,COMPLETE,26/08/2018 02:13,28/08/2018 23:04,02/09/2018,
ZA-00029722,ZAC0007002,22/08/2018 21:07,COMPLETE,23/08/2018 11:20,03/09/2018 06:21,27/08/2018,
ZA-00029723,ZAC0005941,22/08/2018 10:56,COMPLETE,23/08/2018 20:14,29/08/2018 02:43,27/08/2018,
ZA-00029724,ZAC0008691,22/08/2018 15:14,COMPLETE,25/08/2018 09:54,25/08/2018 14:30,29/08/2018,
ZA-00029725,ZAC0023004,22/08/2018 06:45,COMPLETE,26/08/2018 18:28,04/09/2018 14:30,30/08/2018,BULK20
ZA-00029726,ZAC0019252,22/08/2018 08:38,COMPLETE,26/08/2018 03:52,27/08/2018 13:47,31/08/2018,
ZA-00029727,ZAC0014207,22/08/2018 09:55,COMPLETE,25/08/2018 03:22,28/08/2018 08:32,29/08/2018,
ZA-00029728,ZAC0020673,22/08/2018 21:17,COMPLETE,23/08/2018 22:43,25/08/2018 12:12,27/08/2018,
ZA-00029729,ZAC0012396,22/08/2018 18:19,COMPLETE,24/08/2018 11:31,27/08/2018 17:28,29/08/2018,BULK20
ZA-00029730,ZAC0011935,22/08/2018 08:56,COMPLETE,24/08/2018 07:04,28/08/2018 21:31,27/08/2018,
ZA-00029731,ZAC0019280,22/08/2018 21:32,COMPLETE,23/08/2018 18:36,26/08/2018 14:41,02/09/2018,
ZA-00029732,ZAC0001376,22/08/2018 21:52,COMPLETE,23/08/2018 19:50,26/08/2018 22:10,26/08/2018,
ZA-00029733,ZAC0005857,22/08/2018 07:27,COMPLETE,23/08/2018 08:23,28/08/2018 05:52,27/08/2018,
ZA-00029734,ZAC0020017,22/08/2018 06:04,DISPATCHED,23/08/2018 00:02,,27/08/2018,
ZA-00029735,ZAC0019875,22/08/2018 10:01,COMPLETE,26/08/2018 00:59,05/09/2018 08:35,02/09/2018,LOYAL5
ZA-00029736,ZAC0007725,22/08/2018 12:56,COMPLETE,24/08/2018 19:28,01/09/2018 20:16,28/08/2018,
ZA-00029737,ZAC0012836,22/08/2018 08:27,COMPLETE,22/08/2018 22:44,24/08/2018 08:37,26/08/2018,WELCOME10
ZA-00029738,ZAC0002063,22/08/2018 17:41,COMPLETE,27/08/2018 16:45,30/08/2018 11:39,03/09/2018,
ZA-00029739,ZAC0016705,22/08/2018 06:45,COMPLETE,24/08/2018 11:08,31/08/2018 05:31,31/08/2018,
ZA-00029740,ZAC0017303,22/08/2018 20:32,COMPLETE,24/08/2018 01:22,25/08/2018 18:02,03/09/2018,
ZA-00029741,ZAC0011021,22/08/2018 11:15,COMPLETE,22/08/2018 17:19,30/08/2018 19:23,29/08/2018,
ZA-00029742,ZAC0007115,22/08/2018 08:18,COMPLETE,23/08/2018 09:45,27/08/2018 21:59,27/08/2018,
ZA-00029743,ZAC0013116,22/08/2018 16:59,COMPLETE,24/08/2018 02:53,24/08/2018 13:49,31/08/2018,
ZA-00029744,ZAC0002022,22/08/2018 18:29,COMPLETE,26/08/2018 19:09,30/08/2018 15:15,02/09/2018,
ZA-00029745,ZAC0014171,22/08/2018 09:24,COMPLETE,25/08/2018 18:46,30/08/2018 08:33,30/08/2018,BULK20
ZA-00029746,ZAC0016119,22/08/2018 17:14,RETURNED,23/08/2018 02:43,24/08/2018 14:33,26/08/2018,FLASH25
ZA-00029747,ZAC0005104,22/08/2018 12:07,COMPLETE,24/08/2018 05:39,31/08/2018 02:08,29/08/2018,WELCOME10
ZA-00029748,ZAC0010079,22/08/2018 09:32,COMPLETE,25/08/2018 20:57,29/08/2018 08:48,01/09/2018,
ZA-00029749,ZAC0013275,22/08/2018 21:18,COMPLETE,24/08/2018 03:38,26/08/2018 19:46,31/08/2018,BULK20
ZA-00029750,ZAC0023666,22/08/2018 10:10,COMPLETE,26/08/2018 19:17,05/09/2018 13:33,30/08/2018,
ZA-00029751,ZAC0020628,22/08/2018 15:23,COMPLETE,23/08/2018 20:08,30/08/2018 10:19,26/08/2018,FREESHIP
ZA-00029752,ZAC0006298,22/08/2018 09:21,COMPLETE,23/08/2018 17:54,26/08/2018 18:56,28/08/2018,
ZA-00029753,ZAC0008056,22/08/2018 13:53,COMPLETE,25/08/2018 02:38,29/08/2018 03:32,04/09/2018,
ZA-00029754,ZAC0008175,22/08/2018 08:34,COMPLETE,26/08/2018 14:29,29/08/2018 02:33,02/09/2018,BULK20
ZA-00029755,ZAC0016796,22/08/2018 08:42,COMPLETE,23/08/2018 08:00,27/08/2018 10:38,27/08/2018,
ZA-00029756,ZAC0005286,22/08/2018 18:30,RETURNED,25/08/2018 06:48,26/08/2018 05:18,30/08/2018,
ZA-00029757,ZAC0007207,22/08/2018 22:44,COMPLETE,23/08/2018 19:51,27/08/2018 18:04,26/08/2018,
ZA-00029758,ZAC0008959,22/08/2018 07:21,COMPLETE,25/08/2018 16:57,28/08/2018 11:09,29/08/2018,
ZA-00029759,ZAC0004258,22/08/2018 07:06,COMPLETE,23/08/2018 06:14,25/08/2018 06:51,30/08/2018,
ZA-00029760,ZAC0002644,22/08/2018 20:16,COMPLETE,23/08/2018 03:06,02/09/2018 09:53,28/08/2018,
ZA-00029761,ZAC0001022,22/08/2018 10:36,COMPLETE,26/08/2018 10:40,29/08/2018 16:34,31/08/2018,
ZA-00029762,ZAC0014042,22/08/2018 19:27,COMPLETE,29/08/2018 21:22,30/08/2018 04:21,08/09/2018,
ZA-00029763,ZAC0000676,22/08/2018 08:33,COMPLETE,25/08/2018 21:36,29/08/2018 22:58,29/08/2018,
ZA-00029764,ZAC0013027,22/08/2018 06:00,COMPLETE,22/08/2018 11:51,24/08/2018 19:34,01/09/2018,
ZA-00029765,ZAC0010198,22/08/2018 18:34,COMPLETE,24/08/2018 23:01,28/08/2018 18:28,29/08/2018,
ZA-00029766,ZAC0010674,22/08/2018 09:03,COMPLETE,23/08/2018 00:23,29/08/2018 01:20,30/08/2018,
ZA-00029767,ZAC0019616,22/08/2018 16:05,COMPLETE,23/08/2018 17:55,31/08/2018 17:08,30/08/2018,
ZA-00029768,ZAC0008733,22/08/2018 18:12,COMPLETE,23/08/2018 03:28,26/08/2018 11:49,28/08/2018,WINTER15
ZA-00029769,ZAC0009492,22/08/2018 12:45,COMPLETE,25/08/2018 23:16,29/08/2018 03:16,29/08/2018,WELCOME10
ZA-00029770,ZAC0021053,22/08/2018 08:03,COMPLETE,23/08/2018 16:42,25/08/2018 00:50,26/08/2018,
ZA-00029771,ZAC0022782,22/08/2018 08:26,CANCELLED,,,,
ZA-00029772,ZAC0023983,22/08/2018 06:47,COMPLETE,25/08/2018 16:50,03/09/2018 15:30,30/08/2018,
ZA-00029773,ZAC0015567,22/08/2018 10:48,COMPLETE,24/08/2018 19:39,25/08/2018 13:44,29/08/2018,
ZA-00029774,ZAC0010431,22/08/2018 22:58,COMPLETE,26/08/2018 04:22,29/08/2018 00:11,02/09/2018,
ZA-00029775,ZAC0012035,22/08/2018 19:50,COMPLETE,23/08/2018 00:05,27/08/2018 06:12,30/08/2018,
ZA-00029776,ZAC0006517,22/08/2018 19:42,COMPLETE,26/08/2018 07:43,27/08/2018 14:46,02/09/2018,
ZA-00029777,ZAC0010305,22/08/2018 21:22,COMPLETE,25/08/2018 06:06,28/08/2018 01:01,01/09/2018,
ZA-00029778,ZAC0010707,22/08/2018 14:16,COMPLETE,24/08/2018 00:19,26/08/2018 18:41,27/08/2018,
ZA-00029779,ZAC0014805,22/08/2018 07:11,COMPLETE,22/08/2018 21:32,25/08/2018 01:03,29/08/2018,
ZA-00029780,ZAC0002468,22/08/2018 21:39,COMPLETE,26/08/2018 18:43,30/08/2018 21:34,31/08/2018,
ZA-00029781,ZAC0009712,22/08/2018 09:14,COMPLETE,23/08/2018 19:39,26/08/2018 04:22,26/08/2018,
ZA-00029782,ZAC0000993,22/08/2018 15:58,COMPLETE,24/08/2018 23:26,03/09/2018 22:00,03/09/2018,
ZA-00029783,ZAC0005655,22/08/2018 11:16,COMPLETE,25/08/2018 06:57,25/08/2018 22:13,01/09/2018,
ZA-00029784,ZAC0014852,22/08/2018 07:57,COMPLETE,24/08/2018 19:35,02/09/2018 06:32,27/08/2018,
ZA-00029785,ZAC0001961,22/08/2018 16:19,COMPLETE,23/08/2018 22:23,29/08/2018 21:23,02/09/2018,
ZA-00029786,ZAC0015942,22/08/2018 09:23,COMPLETE,23/08/2018 21:34,28/08/2018 09:34,30/08/2018,
ZA-00029787,ZAC0017252,22/08/2018 16:27,COMPLETE,23/08/2018 05:21,27/08/2018 21:28,28/08/2018,WINTER15
ZA-00029788,ZAC0001446,22/08/2018 11:46,COMPLETE,23/08/2018 14:50,28/08/2018 16:33,30/08/2018,WINTER15
ZA-00029789,ZAC0015308,22/08/2018 22:08,DISPATCHED,25/08/2018 15:31,,29/08/2018,
ZA-00029790,ZAC0017424,22/08/2018 07:06,DISPATCHED,26/08/2018 07:48,,30/08/2018,
ZA-00029791,ZAC0016470,22/08/2018 20:02,COMPLETE,24/08/2018 21:47,28/08/2018 03:25,28/08/2018,
ZA-00029792,ZAC0003718,22/08/2018 17:12,COMPLETE,25/08/2018 18:12,27/08/2018 17:53,30/08/2018,
ZA-00029793,ZAC0008137,22/08/2018 18:37,COMPLETE,24/08/2018 09:28,25/08/2018 19:35,27/08/2018,
ZA-00029794,ZAC0014525,22/08/2018 21:45,COMPLETE,24/08/2018 07:44,29/08/2018 17:30,31/08/2018,
ZA-00029795,ZAC0008809,22/08/2018 08:56,COMPLETE,26/08/2018 08:04,01/09/2018 04:36,29/08/2018,
ZA-00029796,ZAC0011675,22/08/2018 17:46,COMPLETE,23/08/2018 15:45,29/08/2018 06:19,26/08/2018,
ZA-00029797,ZAC0016420,22/08/2018 11:59,COMPLETE,24/08/2018 20:14,31/08/2018 20:21,28/08/2018,
ZA-00029798,ZAC0021951,22/08/2018 18:43,COMPLETE,25/08/2018 05:20,26/08/2018 20:23,30/08/2018,LOYAL5
ZA-00029799,ZAC0009295,22/08/2018 12:26,COMPLETE,27/08/2018 10:44,30/08/2018 16:57,01/09/2018,
ZA-00029800,ZAC0012683,22/08/2018 20:51,COMPLETE,23/08/2018 01:47,24/08/2018 17:18,27/08/2018,FREESHIP
ZA-00029801,ZAC0000114,22/08/2018 16:58,COMPLETE,27/08/2018 12:44,30/08/2018 11:07,31/08/2018,
ZA-00029802,ZAC0020412,22/08/2018 21:31,COMPLETE,28/08/2018 15:48,30/08/2018 19:51,07/09/2018,
ZA-00029803,ZAC0011797,22/08/2018 22:08,DISPATCHED,25/08/2018 21:48,,01/09/2018,
ZA-00029804,ZAC0016540,22/08/2018 08:23,COMPLETE,23/08/2018 18:53,28/08/2018 10:59,27/08/2018,FLASH25
ZA-00029805,ZAC0001068,22/08/2018 22:25,COMPLETE,26/08/2018 03:58,30/08/2018 23:40,31/08/2018,
ZA-00029806,ZAC0017780,22/08/2018 12:53,COMPLETE,22/08/2018 20:45,25/08/2018 14:24,29/08/2018,
ZA-00029807,ZAC0012619,22/08/2018 15:42,COMPLETE,27/08/2018 02:28,28/08/2018 06:33,01/09/2018,BULK20
ZA-00029808,ZAC0014018,23/08/2018 11:15,COMPLETE,25/08/2018 18:40,26/08/2018 13:05,01/09/2018,
ZA-00029809,ZAC0005934,23/08/2018 18:54,COMPLETE,25/08/2018 10:39,30/08/2018 04:12,01/09/2018,
ZA-00029810,ZAC0006925,23/08/2018 17:15,COMPLETE,24/08/2018 07:13,03/09/2018 15:18,28/08/2018,FLASH25
ZA-00029811,ZAC0015499,23/08/2018 12:13,COMPLETE,25/08/2018 06:11,28/08/2018 09:12,04/09/2018,
ZA-00029812,ZAC0017432,23/08/2018 19:07,COMPLETE,25/08/2018 15:00,27/08/2018 00:02,01/09/2018,
ZA-00029813,ZAC0012444,23/08/2018 06:59,COMPLETE,24/08/2018 20:03,28/08/2018 12:57,28/08/2018,BULK20
ZA-00029814,ZAC0002736,23/08/2018 17:56,COMPLETE,25/08/2018 02:38,31/08/2018 23:20,29/08/2018,BULK20
ZA-00029815,ZAC0007045,23/08/2018 09:09,DISPATCHED,30/08/2018 14:13,,02/09/2018,
ZA-00029816,ZAC0016165,23/08/2018 16:04,COMPLETE,27/08/2018 17:20,02/09/2018 08:01,06/09/2018,
ZA-00029817,ZAC0012624,23/08/2018 06:31,COMPLETE,24/08/2018 04:59,25/08/2018 02:12,29/08/2018,
ZA-00029818,ZAC0020915,23/08/2018 14:33,COMPLETE,24/08/2018 22:28,28/08/2018 12:32,27/08/2018,
ZA-00029819,ZAC0004526,23/08/2018 12:59,COMPLETE,24/08/2018 13:29,27/08/2018 09:09,27/08/2018,
ZA-00029820,ZAC0009280,23/08/2018 08:46,COMPLETE,25/08/2018 01:06,30/08/2018 22:27,29/08/2018,
ZA-00029821,ZAC0017746,23/08/2018 22:17,COMPLETE,25/08/2018 23:19,27/08/2018 23:42,01/09/2018,
ZA-00029822,ZAC0007454,23/08/2018 14:46,COMPLETE,25/08/2018 20:41,27/08/2018 19:45,29/08/2018,
ZA-00029823,ZAC0005565,23/08/2018 12:52,COMPLETE,27/08/2018 11:42,28/08/2018 08:16,30/08/2018,LOYAL5
ZA-00029824,ZAC0006317,23/08/2018 20:38,COMPLETE,26/08/2018 07:03,29/08/2018 17:46,02/09/2018,
ZA-00029825,ZAC0020749,23/08/2018 09:04,COMPLETE,27/08/2018 07:48,31/08/2018 14:06,31/08/2018,
ZA-00029826,ZAC0005151,23/08/2018 06:51,COMPLETE,24/08/2018 08:37,26/08/2018 14:35,29/08/2018,
ZA-00029827,ZAC0011532,23/08/2018 13:20,COMPLETE,25/08/2018 21:35,29/08/2018 19:21,01/09/2018,
ZA-00029828,ZAC0020044,23/08/2018 09:49,COMPLETE,26/08/2018 12:55,02/09/2018 23:45,29/08/2018,
ZA-00029829,ZAC0019929,23/08/2018 14:19,COMPLETE,24/08/2018 01:35,28/08/2018 19:53,28/08/2018,
ZA-00029830,ZAC0019791,23/08/2018 19:48,COMPLETE,27/08/2018 03:35,31/08/2018 20:33,03/09/2018,
ZA-00029831,ZAC0003961,23/08/2018 17:50,COMPLETE,25/08/2018 14:20,02/09/2018 03:25,29/08/2018,
ZA-00029832,ZAC0000185,23/08/2018 19:25,COMPLETE,25/08/2018 20:37,29/08/2018 12:25,04/09/2018,
ZA-00029833,ZAC0012189,23/08/2018 15:04,COMPLETE,24/08/2018 06:04,29/08/2018 00:31,31/08/2018,BULK20
ZA-00029834,ZAC0021365,23/08/2018 13:35,COMPLETE,25/08/2018 22:16,29/08/2018 23:28,01/09/2018,
ZA-00029835,ZAC0010096,23/08/2018 10:07,COMPLETE,25/08/2018 23:13,02/09/2018 04:30,30/08/2018,
ZA-00029836,ZAC0018525,23/08/2018 21:45,COMPLETE,24/08/2018 21:59,27/08/2018 12:32,29/08/2018,WELCOME10
ZA-00029837,ZAC0012443,23/08/2018 14:41,COMPLETE,26/08/2018 04:12,30/08/2018 22:26,30/08/2018,
ZA-00029838,ZAC0008771,23/08/2018 10:02,COMPLETE,26/08/2018 08:56,30/08/2018 23:16,29/08/2018,
ZA-00029839,ZAC0003928,23/08/2018 09:56,COMPLETE,25/08/2018 10:32,31/08/2018 05:12,29/08/2018,
ZA-00029840,ZAC0018352,23/08/2018 19:09,COMPLETE,24/08/2018 13:16,31/08/2018 15:50,28/08/2018,WINTER15
ZA-00029841,ZAC0013239,23/08/2018 06:03,COMPLETE,25/08/2018 08:24,27/08/2018 11:51,29/08/2018,
ZA-00029842,ZAC0021501,23/08/2018 21:31,DISPATCHED,26/08/2018 15:10,,30/08/2018,
ZA-00029843,ZAC0021179,23/08/2018 20:20,CANCELLED,,,,
ZA-00029844,ZAC0002871,23/08/2018 16:31,COMPLETE,27/08/2018 09:36,01/09/2018 02:26,30/08/2018,
ZA-00029845,ZAC0009979,23/08/2018 07:33,COMPLETE,25/08/2018 20:41,27/08/2018 02:42,29/08/2018,
ZA-00029846,ZAC0023516,23/08/2018 20:20,DISPATCHED,26/08/2018 16:48,,05/09/2018,
ZA-00029847,ZAC0022223,23/08/2018 21:36,COMPLETE,24/08/2018 23:10,27/08/2018 17:15,28/08/2018,
ZA-00029848,ZAC0004247,23/08/2018 18:22,COMPLETE,27/08/2018 05:34,30/08/2018 19:01,31/08/2018,
ZA-00029849,ZAC0004280,23/08/2018 15:17,COMPLETE,27/08/2018 05:06,01/09/2018 22:13,31/08/2018,
ZA-00029850,ZAC0013160,23/08/2018 19:52,COMPLETE,31/08/2018 13:54,01/09/2018 23:37,05/09/2018,
ZA-00029851,ZAC0014335,23/08/2018 18:04,COMPLETE,24/08/2018 17:36,29/08/2018 17:09,29/08/2018,
ZA-00029852,ZAC0023027,23/08/2018 11:22,COMPLETE,26/08/2018 20:43,29/08/2018 11:58,30/08/2018,FLASH25
ZA-00029853,ZAC0020647,23/08/2018 07:31,COMPLETE,24/08/2018 14:22,31/08/2018 08:40,28/08/2018,
ZA-00029854,ZAC0002757,23/08/2018 10:06,COMPLETE,24/08/2018 05:42,28/08/2018 18:49,29/08/2018,
ZA-00029855,ZAC0010070,23/08/2018 21:24,COMPLETE,26/08/2018 01:20,28/08/2018 01:00,29/08/2018,
ZA-00029856,ZAC0009329,23/08/2018 14:56,COMPLETE,23/08/2018 23:16,29/08/2018 06:02,27/08/2018,
ZA-00029857,ZAC0005723,23/08/2018 12:34,COMPLETE,24/08/2018 22:40,26/08/2018 13:56,27/08/2018,
ZA-00029858,ZAC0007168,23/08/2018 17:00,COMPLETE,24/08/2018 10:51,27/08/2018 22:02,31/08/2018,
ZA-00029859,ZAC0019404,23/08/2018 17:48,COMPLETE,26/08/2018 23:41,31/08/2018 07:14,30/08/2018,WELCOME10
ZA-00029860,ZAC0002137,23/08/2018 13:13,COMPLETE,26/08/2018 14:37,30/08/2018 22:45,29/08/2018,
ZA-00029861,ZAC0014629,23/08/2018 20:23,COMPLETE,24/08/2018 08:35,25/08/2018 11:48,28/08/2018,BULK20
ZA-00029862,ZAC0013879,23/08/2018 20:14,COMPLETE,27/08/2018 08:46,04/09/2018 01:15,01/09/2018,
ZA-00029863,ZAC0015881,23/08/2018 14:32,COMPLETE,24/08/2018 12:28,31/08/2018 02:51,28/08/2018,BULK20
ZA-00029864,ZAC0016183,23/08/2018 08:29,COMPLETE,25/08/2018 09:46,31/08/2018 11:17,04/09/2018,
ZA-00029865,ZAC0009228,23/08/2018 10:25,COMPLETE,24/08/2018 11:31,25/08/2018 18:44,27/08/2018,
ZA-00029866,ZAC0007570,23/08/2018 13:50,COMPLETE,25/08/2018 22:53,28/08/2018 08:47,01/09/2018,LOYAL5
ZA-00029867,ZAC0000092,23/08/2018 20:58,COMPLETE,25/08/2018 01:45,28/08/2018 07:01,29/08/2018,
ZA-00029868,ZAC0017568,23/08/2018 20:07,COMPLETE,24/08/2018 17:26,29/08/2018 09:18,27/08/2018,
ZA-00029869,ZAC0005693,24/08/2018 14:05,COMPLETE,27/08/2018 01:02,28/08/2018 03:25,01/09/2018,
ZA-00029870,ZAC0014226,24/08/2018 20:20,COMPLETE,26/08/2018 09:38,04/09/2018 11:37,29/08/2018,FLASH25
ZA-00029871,ZAC0014704,24/08/2018 10:31,COMPLETE,26/08/2018 01:52,01/09/2018 00:35,31/08/2018,WINTER15
ZA-00029872,ZAC0019297,24/08/2018 11:23,COMPLETE,26/08/2018 06:41,30/08/2018 01:26,29/08/2018,WINTER15
ZA-00029873,ZAC0011891,24/08/2018 22:33,COMPLETE,25/08/2018 02:11,28/08/2018 22:55,30/08/2018,
ZA-00029874,ZAC0013850,24/08/2018 11:27,COMPLETE,26/08/2018 09:17,29/08/2018 18:30,31/08/2018,
ZA-00029875,ZAC0019302,24/08/2018 07:49,COMPLETE,26/08/2018 17:57,28/08/2018 03:33,02/09/2018,
ZA-00029876,ZAC0008264,24/08/2018 13:42,COMPLETE,26/08/2018 02:28,28/08/2018 08:10,02/09/2018,
ZA-00029877,ZAC0001229,24/08/2018 06:16,COMPLETE,25/08/2018 22:13,30/08/2018 10:21,28/08/2018,LOYAL5
ZA-00029878,ZAC0017798,24/08/2018 19:21,COMPLETE,25/08/2018 21:54,26/08/2018 23:41,28/08/2018,FLASH25
ZA-00029879,ZAC0004849,24/08/2018 21:12,COMPLETE,29/08/2018 17:24,01/09/2018 00:15,02/09/2018,WELCOME10
ZA-00029880,ZAC0012118,24/08/2018 12:45,COMPLETE,25/08/2018 07:42,28/08/2018 21:50,28/08/2018,
ZA-00029881,ZAC0021237,24/08/2018 21:46,COMPLETE,27/08/2018 10:05,02/09/2018 02:58,30/08/2018,
ZA-00029882,ZAC0012032,24/08/2018 20:09,COMPLETE,28/08/2018 05:23,01/09/2018 15:30,02/09/2018,
ZA-00029883,ZAC0012293,24/08/2018 21:38,COMPLETE,26/08/2018 14:52,29/08/2018 18:22,30/08/2018,
ZA-00029884,ZAC0010495,24/08/2018 06:13,COMPLETE,25/08/2018 00:01,31/08/2018 09:08,04/09/2018,
ZA-00029885,ZAC0017042,24/08/2018 09:32,COMPLETE,26/08/2018 02:12,02/09/2018 06:11,02/09/2018,FREESHIP
ZA-00029886,ZAC0013154,24/08/2018 19:49,DISPATCHED,26/08/2018 13:03,,29/08/2018,
ZA-00029887,ZAC0016620,24/08/2018 13:27,COMPLETE,28/08/2018 01:06,30/08/2018 12:25,04/09/2018,
ZA-00029888,ZAC0002553,24/08/2018 09:38,COMPLETE,26/08/2018 18:39,31/08/2018 00:01,30/08/2018,
ZA-00029889,ZAC0019396,24/08/2018 22:24,COMPLETE,26/08/2018 16:01,28/08/2018 11:15,31/08/2018,LOYAL5
ZA-00029890,ZAC0022524,24/08/2018 22:15,COMPLETE,25/08/2018 23:41,27/08/2018 15:53,29/08/2018,
ZA-00029891,ZAC0007908,24/08/2018 12:15,COMPLETE,25/08/2018 14:10,01/09/2018 18:29,01/09/2018,
ZA-00029892,ZAC0020623,24/08/2018 14:51,COMPLETE,26/08/2018 18:49,30/08/2018 08:28,30/08/2018,
ZA-00029893,ZAC0018622,24/08/2018 13:56,COMPLETE,24/08/2018 19:50,25/08/2018 06:53,28/08/2018,
ZA-00029894,ZAC0008660,24/08/2018 12:13,COMPLETE,25/08/2018 20:59,28/08/2018 09:58,28/08/2018,
ZA-00029895,ZAC0012033,24/08/2018 08:49,COMPLETE,28/08/2018 21:53,02/09/2018 07:24,04/09/2018,
ZA-00029896,ZAC0002917,24/08/2018 13:24,COMPLETE,28/08/2018 00:54,31/08/2018 14:36,31/08/2018,
ZA-00029897,ZAC0011753,24/08/2018 09:27,COMPLETE,25/08/2018 23:09,29/08/2018 23:29,29/08/2018,WINTER15
ZA-00029898,ZAC0008361,24/08/2018 08:08,COMPLETE,27/08/2018 12:18,29/08/2018 13:08,31/08/2018,
ZA-00029899,ZAC0013650,24/08/2018 09:24,COMPLETE,27/08/2018 13:57,29/08/2018 03:19,31/08/2018,
ZA-00029900,ZAC0002544,24/08/2018 11:46,COMPLETE,29/08/2018 18:39,03/09/2018 20:52,01/09/2018,
ZA-00029901,ZAC0006388,24/08/2018 14:56,COMPLETE,25/08/2018 15:55,28/08/2018 03:39,01/09/2018,FLASH25
ZA-00029902,ZAC0020999,24/08/2018 11:40,COMPLETE,25/08/2018 09:22,03/09/2018 00:30,04/09/2018,
ZA-00029903,ZAC0023836,24/08/2018 09:36,COMPLETE,29/08/2018 06:29,02/09/2018 01:49,02/09/2018,
ZA-00029904,ZAC0008583,24/08/2018 14:18,DISPATCHED,28/08/2018 12:34,,07/09/2018,
ZA-00029905,ZAC0005188,24/08/2018 15:00,COMPLETE,25/08/2018 12:59,31/08/2018 12:22,29/08/2018,
ZA-00029906,ZAC0023137,24/08/2018 13:49,COMPLETE,26/08/2018 07:47,28/08/2018 07:36,02/09/2018,
ZA-00029907,ZAC0005469,24/08/2018 14:40,COMPLETE,28/08/2018 17:43,05/09/2018 05:53,02/09/2018,
ZA-00029908,ZAC0021136,24/08/2018 08:04,COMPLETE,27/08/2018 15:34,31/08/2018 17:39,01/09/2018,
ZA-00029909,ZAC0006030,24/08/2018 08:30,COMPLETE,25/08/2018 05:26,28/08/2018 07:25,28/08/2018,
ZA-00029910,ZAC0010713,24/08/2018 11:49,COMPLETE,26/08/2018 17:28,28/08/2018 06:54,30/08/2018,LOYAL5
ZA-00029911,ZAC0006886,24/08/2018 14:42,COMPLETE,27/08/2018 00:15,29/08/2018 09:12,01/09/2018,
ZA-00029912,ZAC0001186,24/08/2018 07:29,COMPLETE,24/08/2018 22:41,12/09/2018 16:34,29/08/2018,
ZA-00029913,ZAC0023172,24/08/2018 13:44,COMPLETE,27/08/2018 23:03,30/08/2018 04:23,31/08/2018,
ZA-00029914,ZAC0014608,24/08/2018 17:17,COMPLETE,29/08/2018 22:38,01/09/2018 12:16,01/09/2018,
ZA-00029915,ZAC0013339,24/08/2018 20:14,COMPLETE,29/08/2018 08:55,30/08/2018 19:43,02/09/2018,
ZA-00029916,ZAC0004273,24/08/2018 07:08,COMPLETE,24/08/2018 15:39,30/08/2018 02:43,28/08/2018,
ZA-00029917,ZAC0019814,24/08/2018 10:33,COMPLETE,26/08/2018 06:03,29/08/2018 12:24,02/09/2018,BULK20
ZA-00029918,ZAC0014327,24/08/2018 09:26,COMPLETE,30/08/2018 02:41,05/09/2018 16:12,02/09/2018,
ZA-00029919,ZAC0000950,24/08/2018 09:41,COMPLETE,25/08/2018 08:25,27/08/2018 17:09,29/08/2018,
ZA-00029920,ZAC0007997,24/08/2018 13:20,COMPLETE,25/08/2018 12:49,01/09/2018 18:03,29/08/2018,
ZA-00029921,ZAC0000030,24/08/2018 14:22,COMPLETE,27/08/2018 14:38,01/09/2018 23:04,31/08/2018,
ZA-00029922,ZAC0007715,24/08/2018 14:07,COMPLETE,28/08/2018 00:23,31/08/2018 19:23,02/09/2018,
ZA-00029923,ZAC0013056,24/08/2018 08:08,COMPLETE,26/08/2018 17:33,27/08/2018 02:51,02/09/2018,
ZA-00029924,ZAC0014962,24/08/2018 21:26,COMPLETE,27/08/2018 14:07,03/09/2018 20:51,31/08/2018,FLASH25
ZA-00029925,ZAC0017398,24/08/2018 09:50,COMPLETE,26/08/2018 10:52,03/09/2018 00:54,30/08/2018,
ZA-00029926,ZAC0003731,24/08/2018 15:02,COMPLETE,26/08/2018 17:55,03/09/2018 23:34,30/08/2018,
ZA-00029927,ZAC0023885,24/08/2018 13:50,COMPLETE,28/08/2018 06:15,02/09/2018 09:16,04/09/2018,
ZA-00029928,ZAC0014404,24/08/2018 13:54,COMPLETE,25/08/2018 08:51,11/09/2018 04:30,30/08/2018,
ZA-00029929,ZAC0017631,24/08/2018 11:13,COMPLETE,25/08/2018 05:36,07/09/2018 03:33,01/09/2018,WELCOME10
ZA-00029930,ZAC0022263,24/08/2018 10:52,COMPLETE,24/08/2018 18:11,31/08/2018 09:35,29/08/2018,BULK20
ZA-00029931,ZAC0013289,24/08/2018 09:33,COMPLETE,26/08/2018 19:02,31/08/2018 00:33,02/09/2018,
ZA-00029932,ZAC0014728,24/08/2018 11:38,COMPLETE,26/08/2018 19:59,30/08/2018 00:31,30/08/2018,
ZA-00029933,ZAC0014540,24/08/2018 17:05,COMPLETE,26/08/2018 10:05,30/08/2018 04:30,31/08/2018,WINTER15
ZA-00029934,ZAC0015604,24/08/2018 12:19,COMPLETE,26/08/2018 12:40,30/08/2018 03:20,31/08/2018,LOYAL5
ZA-00029935,ZAC0010840,24/08/2018 11:36,COMPLETE,25/08/2018 15:18,01/09/2018 01:52,30/08/2018,
ZA-00029936,ZAC0011025,24/08/2018 11:02,COMPLETE,27/08/2018 16:39,29/08/2018 21:56,31/08/2018,
ZA-00029937,ZAC0001356,24/08/2018 11:50,COMPLETE,25/08/2018 06:57,28/08/2018 01:40,29/08/2018,
ZA-00029938,ZAC0015287,24/08/2018 10:30,COMPLETE,25/08/2018 22:35,27/08/2018 15:08,28/08/2018,FLASH25
ZA-00029939,ZAC0007750,24/08/2018 21:41,RETURNED,25/08/2018 13:10,30/08/2018 17:02,04/09/2018,LOYAL5
ZA-00029940,ZAC0011970,24/08/2018 13:21,COMPLETE,27/08/2018 02:13,05/09/2018 00:26,31/08/2018,
ZA-00029941,ZAC0022913,24/08/2018 19:38,COMPLETE,25/08/2018 18:38,31/08/2018 23:26,29/08/2018,
ZA-00029942,ZAC0000703,24/08/2018 16:31,COMPLETE,25/08/2018 17:06,01/09/2018 07:46,29/08/2018,
ZA-00029943,ZAC0010332,24/08/2018 16:40,COMPLETE,25/08/2018 08:19,31/08/2018 08:52,30/08/2018,
ZA-00029944,ZAC0008559,24/08/2018 22:57,COMPLETE,31/08/2018 13:24,03/09/2018 14:17,07/09/2018,
ZA-00029945,ZAC0022663,24/08/2018 18:06,COMPLETE,27/08/2018 02:10,28/08/2018 06:01,03/09/2018,
ZA-00029946,ZAC0019783,24/08/2018 12:43,COMPLETE,25/08/2018 10:26,28/08/2018 17:49,28/08/2018,
ZA-00029947,ZAC0010321,24/08/2018 16:53,CANCELLED,,,,
ZA-00029948,ZAC0022209,24/08/2018 17:30,COMPLETE,26/08/2018 01:38,03/09/2018 06:18,29/08/2018,
ZA-00029949,ZAC0021299,24/08/2018 09:12,DISPATCHED,26/08/2018 02:10,,30/08/2018,
ZA-00029950,ZAC0003593,24/08/2018 12:11,COMPLETE,25/08/2018 14:23,27/08/2018 23:37,29/08/2018,BULK20
ZA-00029951,ZAC0013525,24/08/2018 18:06,COMPLETE,26/08/2018 10:24,01/09/2018 05:27,02/09/2018,
ZA-00029952,ZAC0002677,24/08/2018 07:42,COMPLETE,28/08/2018 02:27,04/09/2018 08:09,01/09/2018,LOYAL5
ZA-00029953,ZAC0013835,24/08/2018 22:13,COMPLETE,26/08/2018 03:26,01/09/2018 13:42,30/08/2018,
ZA-00029954,ZAC0004201,24/08/2018 08:20,COMPLETE,27/08/2018 14:38,04/09/2018 12:56,31/08/2018,
ZA-00029955,ZAC0012075,24/08/2018 07:01,COMPLETE,30/08/2018 19:43,11/09/2018 16:22,09/09/2018,
ZA-00029956,ZAC0000356,24/08/2018 18:27,COMPLETE,29/08/2018 02:17,03/09/2018 15:09,01/09/2018,FLASH25
ZA-00029957,ZAC0012128,24/08/2018 11:39,COMPLETE,26/08/2018 12:30,06/09/2018 14:50,02/09/2018,
ZA-00029958,ZAC0021017,24/08/2018 11:46,COMPLETE,26/08/2018 18:20,31/08/2018 22:33,30/08/2018,
ZA-00029959,ZAC0007926,24/08/2018 10:03,COMPLETE,28/08/2018 04:57,03/09/2018 13:51,07/09/2018,
ZA-00029960,ZAC0009797,24/08/2018 13:15,COMPLETE,27/08/2018 08:59,07/09/2018 19:48,06/09/2018,
ZA-00029961,ZAC0015965,24/08/2018 09:02,COMPLETE,24/08/2018 19:52,03/09/2018 09:59,28/08/2018,
ZA-00029962,ZAC0014033,24/08/2018 17:44,COMPLETE,24/08/2018 21:12,04/09/2018 20:43,31/08/2018,
ZA-00029963,ZAC0017080,24/08/2018 06:47,COMPLETE,28/08/2018 13:20,03/09/2018 21:21,31/08/2018,
ZA-00029964,ZAC0016799,24/08/2018 09:46,COMPLETE,27/08/2018 13:20,31/08/2018 03:59,03/09/2018,LOYAL5
ZA-00029965,ZAC0000786,25/08/2018 22:03,CANCELLED,,,,FLASH25
ZA-00029966,ZAC0023506,25/08/2018 08:25,COMPLETE,27/08/2018 23:57,29/08/2018 12:51,31/08/2018,
ZA-00029967,ZAC0002811,25/08/2018 09:40,COMPLETE,28/08/2018 19:17,04/09/2018 20:07,07/09/2018,
ZA-00029968,ZAC0009011,25/08/2018 07:21,COMPLETE,27/08/2018 16:49,30/08/2018 23:06,31/08/2018,
ZA-00029969,ZAC0023386,25/08/2018 12:26,COMPLETE,27/08/2018 14:58,05/09/2018 22:12,03/09/2018,FLASH25
ZA-00029970,ZAC0004638,25/08/2018 22:57,COMPLETE,30/08/2018 04:19,01/09/2018 05:22,02/09/2018,
ZA-00029971,ZAC0023297,25/08/2018 19:55,COMPLETE,26/08/2018 13:10,28/08/2018 16:35,29/08/2018,WELCOME10
ZA-00029972,ZAC0012141,25/08/2018 20:09,COMPLETE,27/08/2018 23:07,30/08/2018 11:34,31/08/2018,
ZA-00029973,ZAC0002374,25/08/2018 10:41,COMPLETE,26/08/2018 05:36,28/08/2018 18:12,30/08/2018,LOYAL5
ZA-00029974,ZAC0005036,25/08/2018 20:40,COMPLETE,30/08/2018 06:05,06/09/2018 13:19,03/09/2018,FLASH25
ZA-00029975,ZAC0007646,25/08/2018 11:45,COMPLETE,27/08/2018 12:47,02/09/2018 02:26,31/08/2018,
ZA-00029976,ZAC0012832,25/08/2018 08:15,COMPLETE,26/08/2018 23:05,04/09/2018 05:20,02/09/2018,
ZA-00029977,ZAC0008013,25/08/2018 12:18,COMPLETE,29/08/2018 20:13,02/09/2018 19:35,02/09/2018,
ZA-00029978,ZAC0003400,25/08/2018 14:38,COMPLETE,27/08/2018 09:47,02/09/2018 00:10,30/08/2018,
ZA-00029979,ZAC0007702,25/08/2018 07:30,COMPLETE,26/08/2018 05:17,29/08/2018 07:41,05/09/2018,
ZA-00029980,ZAC0005957,25/08/2018 18:12,CANCELLED,,,,WELCOME10
ZA-00029981,ZAC0014690,25/08/2018 21:04,COMPLETE,26/08/2018 19:05,03/09/2018 19:15,31/08/2018,
ZA-00029982,ZAC0005292,25/08/2018 16:46,COMPLETE,26/08/2018 22:03,28/08/2018 10:09,05/09/2018,
ZA-00029983,ZAC0007382,25/08/2018 12:15,RETURNED,27/08/2018 09:02,28/08/2018 13:17,31/08/2018,
ZA-00029984,ZAC0015642,25/08/2018 14:14,COMPLETE,29/08/2018 04:51,01/09/2018 11:31,03/09/2018,
ZA-00029985,ZAC0023957,25/08/2018 08:21,COMPLETE,28/08/2018 22:15,02/09/2018 01:43,01/09/2018,
ZA-00029986,ZAC0003688,25/08/2018 06:07,COMPLETE,29/08/2018 04:43,29/08/2018 12:16,08/09/2018,
ZA-00029987,ZAC0020480,25/08/2018 12:25,COMPLETE,01/09/2018 18:51,07/09/2018 06:57,05/09/2018,FLASH25
ZA-00029988,ZAC0017297,25/08/2018 17:24,COMPLETE,26/08/2018 01:13,03/09/2018 02:46,29/08/2018,LOYAL5
ZA-00029989,ZAC0021115,25/08/2018 20:56,COMPLETE,26/08/2018 15:35,29/08/2018 13:33,31/08/2018,
ZA-00029990,ZAC0008274,25/08/2018 17:35,COMPLETE,26/08/2018 15:54,31/08/2018 21:59,31/08/2018,
ZA-00029991,ZAC0011192,25/08/2018 13:53,COMPLETE,27/08/2018 22:33,03/09/2018 12:32,31/08/2018,
ZA-00029992,ZAC0004463,25/08/2018 18:52,COMPLETE,29/08/2018 12:52,09/09/2018 06:31,03/09/2018,
ZA-00029993,ZAC0022149,25/08/2018 17:00,COMPLETE,01/09/2018 06:50,07/09/2018 01:15,06/09/2018,
ZA-00029994,ZAC0001240,25/08/2018 06:59,CANCELLED,,,,
ZA-00029995,ZAC0019257,25/08/2018 09:37,COMPLETE,26/08/2018 03:39,02/09/2018 20:23,30/08/2018,FLASH25
ZA-00029996,ZAC0010815,25/08/2018 17:20,COMPLETE,27/08/2018 18:33,29/08/2018 10:36,01/09/2018,FREESHIP
ZA-00029997,ZAC0006744,25/08/2018 11:02,COMPLETE,27/08/2018 17:16,29/08/2018 06:57,03/09/2018,
ZA-00029998,ZAC0012456,25/08/2018 15:40,COMPLETE,26/08/2018 23:08,03/09/2018 18:54,31/08/2018,WINTER15
ZA-00029999,ZAC0009520,25/08/2018 09:00,COMPLETE,29/08/2018 13:07,31/08/2018 22:33,01/09/2018,WELCOME10
ZA-00030000,ZAC0012642,25/08/2018 07:36,COMPLETE,27/08/2018 10:49,29/08/2018 10:10,31/08/2018,
ZA-00030001,ZAC0022641,25/08/2018 20:26,PENDING,,,,LOYAL5
ZA-00030002,ZAC0004844,25/08/2018 14:20,CANCELLED,,,,
ZA-00030003,ZAC0021648,25/08/2018 10:03,COMPLETE,28/08/2018 07:24,29/08/2018 13:49,02/09/2018,LOYAL5
ZA-00030004,ZAC0015516,25/08/2018 12:09,RETURNED,26/08/2018 04:45,31/08/2018 21:42,30/08/2018,
ZA-00030005,ZAC0019473,25/08/2018 11:05,COMPLETE,26/08/2018 09:57,27/08/2018 05:26,29/08/2018,
ZA-00030006,ZAC0014120,25/08/2018 18:05,COMPLETE,28/08/2018 03:15,03/09/2018 09:20,02/09/2018,FLASH25
ZA-00030007,ZAC0002643,25/08/2018 13:20,COMPLETE,30/08/2018 06:03,03/09/2018 18:39,03/09/2018,
ZA-00030008,ZAC0006156,25/08/2018 09:00,COMPLETE,27/08/2018 00:14,02/09/2018 00:44,31/08/2018,
ZA-00030009,ZAC0002339,25/08/2018 15:23,COMPLETE,27/08/2018 11:44,29/08/2018 01:24,30/08/2018,
ZA-00030010,ZAC0014901,25/08/2018 15:42,COMPLETE,28/08/2018 08:41,02/09/2018 08:19,04/09/2018,BULK20
ZA-00030011,ZAC0020181,25/08/2018 22:54,CANCELLED,,,,LOYAL5
ZA-00030012,ZAC0021748,25/08/2018 20:19,COMPLETE,28/08/2018 00:55,06/09/2018 01:38,04/09/2018,WINTER15
ZA-00030013,ZAC0003400,25/08/2018 19:40,COMPLETE,27/08/2018 23:36,06/09/2018 03:51,03/09/2018,
ZA-00030014,ZAC0006192,25/08/2018 09:41,COMPLETE,27/08/2018 07:50,30/08/2018 21:37,31/08/2018,
ZA-00030015,ZAC0019075,25/08/2018 19:25,COMPLETE,26/08/2018 16:11,29/08/2018 07:28,30/08/2018,
ZA-00030016,ZAC0010504,25/08/2018 10:05,COMPLETE,28/08/2018 02:07,02/09/2018 21:23,04/09/2018,
ZA-00030017,ZAC0013257,25/08/2018 14:21,PENDING,,,,
ZA-00030018,ZAC0022178,25/08/2018 11:32,CANCELLED,,,,
ZA-00030019,ZAC0000552,25/08/2018 14:27,COMPLETE,26/08/2018 07:35,03/09/2018 03:47,30/08/2018,
ZA-00030020,ZAC0002431,25/08/2018 09:01,COMPLETE,29/08/2018 12:49,06/09/2018 14:11,01/09/2018,
ZA-00030021,ZAC0012516,25/08/2018 08:56,COMPLETE,28/08/2018 11:23,31/08/2018 02:17,31/08/2018,
ZA-00030022,ZAC0009711,25/08/2018 11:04,COMPLETE,29/08/2018 00:40,04/09/2018 08:26,02/09/2018,
ZA-00030023,ZAC0020591,25/08/2018 13:51,COMPLETE,28/08/2018 02:41,03/09/2018 18:19,04/09/2018,
ZA-00030024,ZAC0021985,25/08/2018 14:36,COMPLETE,02/09/2018 14:06,04/09/2018 06:28,06/09/2018,
ZA-00030025,ZAC0019110,25/08/2018 13:30,COMPLETE,28/08/2018 23:07,09/09/2018 13:51,02/09/2018,
ZA-00030026,ZAC0003351,25/08/2018 19:47,COMPLETE,27/08/2018 17:03,01/09/2018 22:46,01/09/2018,
ZA-00030027,ZAC0015701,25/08/2018 07:28,COMPLETE,26/08/2018 17:03,02/09/2018 00:43,31/08/2018,
ZA-00030028,ZAC0009569,25/08/2018 17:16,COMPLETE,26/08/2018 20:52,01/09/2018 10:31,29/08/2018,
ZA-00030029,ZAC0001980,25/08/2018 20:12,COMPLETE,01/09/2018 01:01,02/09/2018 15:29,04/09/2018,
ZA-00030030,ZAC0022952,25/08/2018 22:59,COMPLETE,27/08/2018 09:37,30/08/2018 18:47,31/08/2018,
ZA-00030031,ZAC0005678,25/08/2018 06:46,COMPLETE,25/08/2018 23:01,01/09/2018 10:02,29/08/2018,
ZA-00030032,ZAC0008187,25/08/2018 09:22,COMPLETE,28/08/2018 20:21,30/08/2018 05:04,04/09/2018,BULK20
ZA-00030033,ZAC0004296,25/08/2018 13:13,DISPATCHED,25/08/2018 15:22,,29/08/2018,
ZA-00030034,ZAC0013832,25/08/2018 11:45,COMPLETE,26/08/2018 22:18,01/09/2018 13:18,29/08/2018,FLASH25
ZA-00030035,ZAC0000210,25/08/2018 20:18,COMPLETE,28/08/2018 14:17,29/08/2018 16:02,31/08/2018,
ZA-00030036,ZAC0014712,25/08/2018 12:55,COMPLETE,28/08/2018 18:18,01/09/2018 04:23,02/09/2018,
ZA-00030037,ZAC0020166,25/08/2018 17:33,COMPLETE,28/08/2018 07:56,31/08/2018 01:51,04/09/2018,
ZA-00030038,ZAC0007869,26/08/2018 17:26,COMPLETE,27/08/2018 17:31,30/08/2018 21:33,30/08/2018,
ZA-00030039,ZAC0008280,26/08/2018 07:13,COMPLETE,27/08/2018 01:03,29/08/2018 00:21,03/09/2018,
ZA-00030040,ZAC0009392,26/08/2018 21:52,COMPLETE,29/08/2018 13:15,05/09/2018 10:55,01/09/2018,
ZA-00030041,ZAC0004542,26/08/2018 18:12,COMPLETE,27/08/2018 16:48,30/08/2018 10:36,01/09/2018,
ZA-00030042,ZAC0000019,26/08/2018 15:11,COMPLETE,28/08/2018 20:42,31/08/2018 09:13,01/09/2018,FLASH25
ZA-00030043,ZAC0012603,26/08/2018 08:43,COMPLETE,27/08/2018 09:16,03/09/2018 22:46,30/08/2018,
ZA-00030044,ZAC0001791,26/08/2018 10:45,COMPLETE,28/08/2018 04:55,30/08/2018 21:09,01/09/2018,
ZA-00030045,ZAC0009340,26/08/2018 21:21,COMPLETE,28/08/2018 15:57,03/09/2018 04:55,01/09/2018,
ZA-00030046,ZAC0018900,26/08/2018 11:14,COMPLETE,30/08/2018 07:54,03/09/2018 11:08,04/09/2018,WELCOME10
ZA-00030047,ZAC0014152,26/08/2018 16:16,COMPLETE,28/08/2018 20:30,03/09/2018 21:57,02/09/2018,
ZA-00030048,ZAC0011775,26/08/2018 07:36,COMPLETE,26/08/2018 21:41,29/08/2018 08:32,31/08/2018,
ZA-00030049,ZAC0021478,26/08/2018 09:04,COMPLETE,26/08/2018 23:24,01/09/2018 22:11,29/08/2018,
ZA-00030050,ZAC0010738,26/08/2018 13:20,COMPLETE,28/08/2018 14:29,30/08/2018 14:57,31/08/2018,FREESHIP
ZA-00030051,ZAC0005756,26/08/2018 11:27,COMPLETE,26/08/2018 20:32,29/08/2018 08:40,31/08/2018,
ZA-00030052,ZAC0010599,26/08/2018 09:10,PENDING,,,,
ZA-00030053,ZAC0021100,26/08/2018 12:23,COMPLETE,30/08/2018 02:19,31/08/2018 21:38,04/09/2018,
ZA-00030054,ZAC0009767,26/08/2018 14:00,COMPLETE,28/08/2018 09:39,02/09/2018 16:51,31/08/2018,
ZA-00030055,ZAC0021800,26/08/2018 07:58,COMPLETE,27/08/2018 17:25,31/08/2018 06:43,03/09/2018,FLASH25
ZA-00030056,ZAC0023202,26/08/2018 14:23,CANCELLED,,,,
ZA-00030057,ZAC0008144,26/08/2018 07:03,COMPLETE,27/08/2018 14:53,30/08/2018 16:05,01/09/2018,
ZA-00030058,ZAC0005679,26/08/2018 22:24,COMPLETE,27/08/2018 12:07,31/08/2018 03:43,30/08/2018,
ZA-00030059,ZAC0014268,26/08/2018 09:05,COMPLETE,28/08/2018 11:42,02/09/2018 01:40,07/09/2018,WINTER15
ZA-00030060,ZAC0019393,26/08/2018 06:05,COMPLETE,27/08/2018 17:19,01/09/2018 19:49,06/09/2018,
ZA-00030061,ZAC0022320,26/08/2018 06:57,COMPLETE,27/08/2018 01:35,04/09/2018 05:31,30/08/2018,
ZA-00030062,ZAC0016547,26/08/2018 22:03,COMPLETE,28/08/2018 05:43,31/08/2018 12:12,01/09/2018,
ZA-00030063,ZAC0009514,26/08/2018 21:45,COMPLETE,30/08/2018 01:45,03/09/2018 05:58,06/09/2018,
ZA-00030064,ZAC0007221,26/08/2018 09:25,COMPLETE,30/08/2018 01:41,04/09/2018 00:14,04/09/2018,
ZA-00030065,ZAC0002637,26/08/2018 10:02,COMPLETE,29/08/2018 01:39,01/09/2018 16:46,02/09/2018,
ZA-00030066,ZAC0021061,26/08/2018 08:15,COMPLETE,02/09/2018 18:17,09/09/2018 17:18,06/09/2018,
ZA-00030067,ZAC0012090,26/08/2018 12:03,PENDING,,,,
ZA-00030068,ZAC0004215,26/08/2018 20:24,COMPLETE,29/08/2018 05:39,04/09/2018 15:29,01/09/2018,WINTER15
ZA-00030069,ZAC0010113,26/08/2018 15:23,COMPLETE,27/08/2018 22:03,29/08/2018 07:44,03/09/2018,FLASH25
ZA-00030070,ZAC0006484,26/08/2018 15:20,DISPATCHED,29/08/2018 07:48,,05/09/2018,
ZA-00030071,ZAC0011029,26/08/2018 06:43,COMPLETE,30/08/2018 20:34,31/08/2018 00:49,04/09/2018,
ZA-00030072,ZAC0005425,26/08/2018 18:46,PENDING,,,,
ZA-00030073,ZAC0021470,26/08/2018 20:08,COMPLETE,26/08/2018 23:44,30/08/2018 11:23,29/08/2018,
ZA-00030074,ZAC0013567,26/08/2018 21:39,COMPLETE,28/08/2018 20:13,30/08/2018 07:56,02/09/2018,
ZA-00030075,ZAC0000165,26/08/2018 09:52,COMPLETE,31/08/2018 21:37,06/09/2018 06:36,05/09/2018,
ZA-00030076,ZAC0008690,26/08/2018 18:20,COMPLETE,29/08/2018 21:54,05/09/2018 16:36,02/09/2018,
ZA-00030077,ZAC0013259,26/08/2018 13:35,COMPLETE,29/08/2018 03:54,09/09/2018 06:58,02/09/2018,
ZA-00030078,ZAC0008261,26/08/2018 13:39,COMPLETE,28/08/2018 03:20,30/08/2018 09:49,07/09/2018,
ZA-00030079,ZAC0005207,26/08/2018 10:44,COMPLETE,27/08/2018 03:49,03/09/2018 16:31,01/09/2018,
ZA-00030080,ZAC0001561,26/08/2018 19:00,COMPLETE,28/08/2018 02:55,28/08/2018 14:50,04/09/2018,
ZA-00030081,ZAC0007176,26/08/2018 22:20,COMPLETE,28/08/2018 06:28,02/09/2018 04:39,01/09/2018,
ZA-00030082,ZAC0016546,26/08/2018 12:00,COMPLETE,27/08/2018 10:21,31/08/2018 22:25,30/08/2018,
ZA-00030083,ZAC0004494,26/08/2018 18:28,COMPLETE,28/08/2018 01:19,01/09/2018 10:01,01/09/2018,
ZA-00030084,ZAC0018145,26/08/2018 09:13,COMPLETE,27/08/2018 11:38,29/08/2018 13:42,03/09/2018,
ZA-00030085,ZAC0015396,26/08/2018 10:38,COMPLETE,27/08/2018 03:11,01/09/2018 09:32,31/08/2018,
ZA-00030086,ZAC0021723,26/08/2018 20:20,COMPLETE,27/08/2018 19:11,08/09/2018 00:26,01/09/2018,BULK20
ZA-00030087,ZAC0018888,26/08/2018 15:02,COMPLETE,29/08/2018 07:34,03/09/2018 14:51,02/09/2018,WINTER15
ZA-00030088,ZAC0008386,26/08/2018 11:15,COMPLETE,28/08/2018 17:30,05/09/2018 09:52,02/09/2018,
ZA-00030089,ZAC0000113,26/08/2018 22:24,COMPLETE,29/08/2018 20:00,07/09/2018 07:56,05/09/2018,
ZA-00030090,ZAC0020517,26/08/2018 09:07,COMPLETE,31/08/2018 12:06,04/09/2018 14:59,10/09/2018,
ZA-00030091,ZAC0002851,26/08/2018 22:35,COMPLETE,28/08/2018 06:10,02/09/2018 00:49,02/09/2018,
ZA-00030092,ZAC0015330,26/08/2018 13:04,COMPLETE,28/08/2018 06:52,01/09/2018 08:39,02/09/2018,WELCOME10
ZA-00030093,ZAC0021873,26/08/2018 13:02,COMPLETE,29/08/2018 11:32,31/08/2018 01:32,01/09/2018,
ZA-00030094,ZAC0016372,26/08/2018 21:10,COMPLETE,28/08/2018 06:03,03/09/2018 16:28,31/08/2018,
ZA-00030095,ZAC0012497,26/08/2018 09:12,COMPLETE,27/08/2018 12:23,31/08/2018 15:13,01/09/2018,
ZA-00030096,ZAC0007304,26/08/2018 11:01,COMPLETE,27/08/2018 15:43,01/09/2018 07:41,31/08/2018,
ZA-00030097,ZAC0009039,26/08/2018 06:51,COMPLETE,29/08/2018 15:49,02/09/2018 03:22,03/09/2018,
ZA-00030098,ZAC0010330,26/08/2018 17:36,CANCELLED,,,,
ZA-00030099,ZAC0011689,26/08/2018 06:04,CANCELLED,,,,
ZA-00030100,ZAC0020519,26/08/2018 13:04,COMPLETE,29/08/2018 07:45,06/09/2018 20:59,03/09/2018,
ZA-00030101,ZAC0008967,26/08/2018 20:17,COMPLETE,29/08/2018 22:53,05/09/2018 21:55,08/09/2018,
ZA-00030102,ZAC0018572,26/08/2018 18:25,COMPLETE,29/08/2018 06:36,04/09/2018 23:14,08/09/2018,
ZA-00030103,ZAC0003710,26/08/2018 19:11,COMPLETE,27/08/2018 08:42,31/08/2018 06:08,31/08/2018,
ZA-00030104,ZAC0020952,26/08/2018 17:47,COMPLETE,30/08/2018 04:43,31/08/2018 18:22,03/09/2018,BULK20
ZA-00030105,ZAC0016950,26/08/2018 10:40,COMPLETE,28/08/2018 16:55,31/08/2018 23:59,04/09/2018,
ZA-00030106,ZAC0015614,26/08/2018 19:19,PENDING,,,,
ZA-00030107,ZAC0002485,26/08/2018 06:32,COMPLETE,29/08/2018 04:58,31/08/2018 17:52,03/09/2018,FREESHIP
ZA-00030108,ZAC0022622,26/08/2018 22:08,COMPLETE,02/09/2018 23:48,03/09/2018 11:48,09/09/2018,
ZA-00030109,ZAC0016324,26/08/2018 22:30,COMPLETE,29/08/2018 09:12,03/09/2018 11:26,03/09/2018,
ZA-00030110,ZAC0012860,26/08/2018 10:36,COMPLETE,28/08/2018 18:04,30/08/2018 16:59,01/09/2018,
ZA-00030111,ZAC0006333,26/08/2018 17:01,COMPLETE,01/09/2018 08:58,08/09/2018 06:39,05/09/2018,WELCOME10
ZA-00030112,ZAC0023945,26/08/2018 12:06,COMPLETE,27/08/2018 20:59,29/08/2018 05:52,01/09/2018,
ZA-00030113,ZAC0009317,26/08/2018 13:56,COMPLETE,29/08/2018 03:20,30/08/2018 17:36,01/09/2018,
ZA-00030114,ZAC0020111,26/08/2018 19:11,COMPLETE,27/08/2018 12:23,30/08/2018 19:44,01/09/2018,
ZA-00030115,ZAC0021409,26/08/2018 20:06,COMPLETE,29/08/2018 03:13,31/08/2018 01:49,02/09/2018,
ZA-00030116,ZAC0005508,26/08/2018 21:50,COMPLETE,29/08/2018 08:51,06/09/2018 01:18,05/09/2018,WINTER15
ZA-00030117,ZAC0004105,26/08/2018 19:48,COMPLETE,28/08/2018 04:38,04/09/2018 07:06,01/09/2018,
ZA-00030118,ZAC0008065,26/08/2018 12:34,COMPLETE,28/08/2018 03:49,29/08/2018 19:05,02/09/2018,WELCOME10
ZA-00030119,ZAC0011807,26/08/2018 15:44,COMPLETE,07/09/2018 00:21,08/09/2018 18:17,11/09/2018,
ZA-00030120,ZAC0014036,26/08/2018 18:44,CANCELLED,,,,
ZA-00030121,ZAC0000379,26/08/2018 10:06,COMPLETE,28/08/2018 18:08,30/08/2018 15:10,04/09/2018,WINTER15
ZA-00030122,ZAC0013272,26/08/2018 22:51,COMPLETE,27/08/2018 21:22,06/09/2018 15:50,31/08/2018,
ZA-00030123,ZAC0008511,26/08/2018 22:51,COMPLETE,01/09/2018 03:05,06/09/2018 12:32,06/09/2018,FREESHIP
ZA-00030124,ZAC0023845,26/08/2018 11:24,COMPLETE,27/08/2018 16:57,30/08/2018 07:53,31/08/2018,
ZA-00030125,ZAC0023466,26/08/2018 13:51,COMPLETE,28/08/2018 16:50,05/09/2018 00:48,31/08/2018,
ZA-00030126,ZAC0013252,27/08/2018 20:30,DISPATCHED,05/09/2018 00:06,,09/09/2018,FLASH25
ZA-00030127,ZAC0003603,27/08/2018 11:34,COMPLETE,30/08/2018 00:13,03/09/2018 19:59,03/09/2018,
ZA-00030128,ZAC0007757,27/08/2018 18:28,COMPLETE,29/08/2018 19:28,04/09/2018 04:46,01/09/2018,
ZA-00030129,ZAC0013752,27/08/2018 06:25,COMPLETE,29/08/2018 12:31,01/09/2018 03:53,03/09/2018,LOYAL5
ZA-00030130,ZAC0006085,27/08/2018 14:10,COMPLETE,28/08/2018 16:37,01/09/2018 02:43,01/09/2018,
ZA-00030131,ZAC0014665,27/08/2018 06:29,COMPLETE,30/08/2018 18:10,07/09/2018 20:55,04/09/2018,
ZA-00030132,ZAC0009071,27/08/2018 16:27,COMPLETE,30/08/2018 22:05,06/09/2018 00:17,03/09/2018,
ZA-00030133,ZAC0004774,27/08/2018 18:48,COMPLETE,01/09/2018 10:33,01/09/2018 15:45,06/09/2018,
ZA-00030134,ZAC0009817,27/08/2018 07:36,PENDING,,,,
ZA-00030135,ZAC0002735,27/08/2018 08:02,COMPLETE,29/08/2018 17:30,30/08/2018 00:50,02/09/2018,
ZA-00030136,ZAC0021910,27/08/2018 12:15,COMPLETE,28/08/2018 19:01,07/09/2018 08:09,01/09/2018,
ZA-00030137,ZAC0019799,27/08/2018 20:50,COMPLETE,29/08/2018 04:54,30/08/2018 05:33,01/09/2018,
ZA-00030138,ZAC0017174,27/08/2018 16:37,COMPLETE,28/08/2018 08:53,06/09/2018 05:45,01/09/2018,
ZA-00030139,ZAC0018443,27/08/2018 11:23,CANCELLED,,,,BULK20
ZA-00030140,ZAC0001632,27/08/2018 17:08,COMPLETE,29/08/2018 02:55,03/09/2018 20:20,01/09/2018,
ZA-00030141,ZAC0015502,27/08/2018 09:29,COMPLETE,29/08/2018 05:17,02/09/2018 16:16,08/09/2018,
ZA-00030142,ZAC0005091,27/08/2018 20:11,COMPLETE,30/08/2018 01:23,05/09/2018 19:30,09/09/2018,
ZA-00030143,ZAC0010723,27/08/2018 16:37,COMPLETE,29/08/2018 18:32,04/09/2018 05:55,05/09/2018,FLASH25
ZA-00030144,ZAC0001592,27/08/2018 15:24,COMPLETE,28/08/2018 17:19,03/09/2018 08:33,01/09/2018,
ZA-00030145,ZAC0012610,27/08/2018 06:07,COMPLETE,28/08/2018 09:16,03/09/2018 20:37,01/09/2018,LOYAL5
ZA-00030146,ZAC0000658,27/08/2018 13:35,COMPLETE,28/08/2018 09:13,04/09/2018 19:49,31/08/2018,
ZA-00030147,ZAC0022776,27/08/2018 20:35,RETURNED,31/08/2018 00:31,03/09/2018 23:08,03/09/2018,
ZA-00030148,ZAC0012217,27/08/2018 11:34,COMPLETE,28/08/2018 10:41,30/08/2018 21:04,02/09/2018,WELCOME10
ZA-00030149,ZAC0021397,27/08/2018 14:13,COMPLETE,01/09/2018 06:40,05/09/2018 01:56,05/09/2018,
ZA-00030150,ZAC0018037,27/08/2018 20:08,COMPLETE,30/08/2018 08:48,31/08/2018 18:41,03/09/2018,FLASH25
ZA-00030151,ZAC0005183,27/08/2018 22:36,COMPLETE,29/08/2018 17:33,05/09/2018 02:49,01/09/2018,
ZA-00030152,ZAC0011543,27/08/2018 19:05,COMPLETE,30/08/2018 01:15,03/09/2018 03:03,03/09/2018,LOYAL5
ZA-00030153,ZAC0004313,27/08/2018 06:46,COMPLETE,28/08/2018 13:36,05/09/2018 03:08,02/09/2018,
ZA-00030154,ZAC0001276,27/08/2018 06:31,COMPLETE,27/08/2018 17:22,30/08/2018 11:04,01/09/2018,
ZA-00030155,ZAC0002122,27/08/2018 08:19,COMPLETE,29/08/2018 18:28,07/09/2018 15:48,08/09/2018,FLASH25
ZA-00030156,ZAC0011704,27/08/2018 16:02,COMPLETE,28/08/2018 04:11,04/09/2018 00:39,02/09/2018,
ZA-00030157,ZAC0017581,27/08/2018 18:13,COMPLETE,28/08/2018 09:59,04/09/2018 01:57,04/09/2018,
ZA-00030158,ZAC0019187,27/08/2018 13:30,COMPLETE,29/08/2018 02:23,30/08/2018 12:48,02/09/2018,
ZA-00030159,ZAC0007571,27/08/2018 19:11,COMPLETE,01/09/2018 03:59,02/09/2018 23:31,05/09/2018,
ZA-00030160,ZAC0007927,27/08/2018 19:47,COMPLETE,29/08/2018 07:00,01/09/2018 00:54,05/09/2018,BULK20
ZA-00030161,ZAC0023140,27/08/2018 15:33,COMPLETE,28/08/2018 16:46,31/08/2018 13:14,02/09/2018,
ZA-00030162,ZAC0001024,27/08/2018 22:14,COMPLETE,30/08/2018 01:15,01/09/2018 15:38,03/09/2018,
ZA-00030163,ZAC0019876,27/08/2018 19:32,COMPLETE,29/08/2018 07:15,01/09/2018 20:18,01/09/2018,
ZA-00030164,ZAC0000050,27/08/2018 17:30,COMPLETE,29/08/2018 08:30,01/09/2018 16:26,03/09/2018,
ZA-00030165,ZAC0017208,27/08/2018 17:54,COMPLETE,06/09/2018 18:26,09/09/2018 18:41,10/09/2018,
ZA-00030166,ZAC0007551,27/08/2018 09:34,COMPLETE,29/08/2018 02:08,04/09/2018 03:48,03/09/2018,BULK20
ZA-00030167,ZAC0014620,27/08/2018 17:46,COMPLETE,29/08/2018 14:17,03/09/2018 22:50,05/09/2018,
ZA-00030168,ZAC0004878,27/08/2018 08:13,COMPLETE,01/09/2018 21:45,06/09/2018 08:14,08/09/2018,BULK20
ZA-00030169,ZAC0022001,27/08/2018 19:59,COMPLETE,29/08/2018 17:00,01/09/2018 23:15,01/09/2018,
ZA-00030170,ZAC0003041,27/08/2018 12:26,DISPATCHED,28/08/2018 16:04,,04/09/2018,FREESHIP
ZA-00030171,ZAC0006006,27/08/2018 15:02,COMPLETE,31/08/2018 14:27,08/09/2018 10:16,03/09/2018,
ZA-00030172,ZAC0015159,27/08/2018 18:21,COMPLETE,28/08/2018 13:07,30/08/2018 18:00,01/09/2018,LOYAL5
ZA-00030173,ZAC0020037,27/08/2018 11:27,COMPLETE,30/08/2018 16:45,05/09/2018 01:57,03/09/2018,
ZA-00030174,ZAC0018658,27/08/2018 15:14,COMPLETE,28/08/2018 17:49,04/09/2018 07:01,01/09/2018,
ZA-00030175,ZAC0019209,27/08/2018 17:43,COMPLETE,28/08/2018 18:05,04/09/2018 16:03,31/08/2018,
ZA-00030176,ZAC0008503,27/08/2018 16:40,COMPLETE,30/08/2018 16:20,02/09/2018 15:25,06/09/2018,
ZA-00030177,ZAC0015133,27/08/2018 09:29,COMPLETE,28/08/2018 00:10,28/08/2018 22:11,01/09/2018,
ZA-00030178,ZAC0020638,27/08/2018 13:19,COMPLETE,28/08/2018 09:23,29/08/2018 15:47,04/09/2018,
ZA-00030179,ZAC0005211,27/08/2018 06:42,COMPLETE,28/08/2018 15:48,04/09/2018 15:05,01/09/2018,
ZA-00030180,ZAC0002220,27/08/2018 17:34,COMPLETE,30/08/2018 03:51,08/09/2018 19:34,03/09/2018,
ZA-00030181,ZAC0022132,27/08/2018 07:49,COMPLETE,27/08/2018 11:31,29/08/2018 01:40,31/08/2018,
ZA-00030182,ZAC0003181,27/08/2018 16:27,COMPLETE,29/08/2018 22:11,31/08/2018 09:14,02/09/2018,
ZA-00030183,ZAC0000148,27/08/2018 12:33,COMPLETE,05/09/2018 13:03,08/09/2018 16:43,08/09/2018,
ZA-00030184,ZAC0017240,27/08/2018 17:11,PENDING,,,,WINTER15
ZA-00030185,ZAC0007913,27/08/2018 10:19,COMPLETE,28/08/2018 23:06,30/08/2018 19:36,04/09/2018,
ZA-00030186,ZAC0011275,27/08/2018 10:20,RETURNED,27/08/2018 14:45,29/08/2018 04:53,01/09/2018,
ZA-00030187,ZAC0017999,27/08/2018 21:55,DISPATCHED,29/08/2018 10:13,,08/09/2018,
ZA-00030188,ZAC0007701,27/08/2018 07:41,COMPLETE,28/08/2018 10:03,31/08/2018 13:36,01/09/2018,WELCOME10
ZA-00030189,ZAC0011551,27/08/2018 12:18,COMPLETE,28/08/2018 23:18,02/09/2018 23:20,04/09/2018,
ZA-00030190,ZAC0013905,27/08/2018 20:17,COMPLETE,29/08/2018 16:52,30/08/2018 10:31,05/09/2018,
ZA-00030191,ZAC0011802,27/08/2018 18:38,COMPLETE,27/08/2018 23:28,01/09/2018 20:41,31/08/2018,WELCOME10
ZA-00030192,ZAC0002885,27/08/2018 20:45,COMPLETE,01/09/2018 21:35,10/09/2018 04:14,06/09/2018,
ZA-00030193,ZAC0022910,27/08/2018 09:05,COMPLETE,27/08/2018 13:03,30/08/2018 17:15,01/09/2018,
ZA-00030194,ZAC0019422,27/08/2018 12:49,COMPLETE,29/08/2018 03:34,30/08/2018 18:23,02/09/2018,
ZA-00030195,ZAC0020214,27/08/2018 11:29,COMPLETE,31/08/2018 03:50,03/09/2018 11:44,03/09/2018,
ZA-00030196,ZAC0022003,27/08/2018 11:58,COMPLETE,27/08/2018 22:21,01/09/2018 09:02,30/08/2018,FREESHIP
ZA-00030197,ZAC0002934,27/08/2018 13:04,CANCELLED,,,,
ZA-00030198,ZAC0001935,27/08/2018 07:13,COMPLETE,28/08/2018 00:25,28/08/2018 05:29,02/09/2018,
ZA-00030199,ZAC0007578,27/08/2018 19:35,CANCELLED,,,,
ZA-00030200,ZAC0015779,27/08/2018 20:43,COMPLETE,28/08/2018 06:53,03/09/2018 22:00,31/08/2018,
ZA-00030201,ZAC0017201,27/08/2018 06:23,COMPLETE,30/08/2018 06:07,03/09/2018 08:53,04/09/2018,
ZA-00030202,ZAC0022636,27/08/2018 15:02,COMPLETE,29/08/2018 07:22,10/09/2018 00:19,05/09/2018,
ZA-00030203,ZAC0023822,27/08/2018 07:13,COMPLETE,31/08/2018 02:58,03/09/2018 03:36,04/09/2018,
ZA-00030204,ZAC0001755,27/08/2018 16:59,COMPLETE,28/08/2018 12:49,31/08/2018 03:54,31/08/2018,
ZA-00030205,ZAC0023361,27/08/2018 22:42,COMPLETE,30/08/2018 15:48,31/08/2018 10:47,06/09/2018,
ZA-00030206,ZAC0014445,27/08/2018 10:23,COMPLETE,27/08/2018 16:59,30/08/2018 07:21,01/09/2018,
ZA-00030207,ZAC0004901,27/08/2018 20:29,COMPLETE,30/08/2018 00:39,01/09/2018 20:58,04/09/2018,
ZA-00030208,ZAC0012642,27/08/2018 16:48,COMPLETE,28/08/2018 05:40,06/09/2018 17:36,02/09/2018,
ZA-00030209,ZAC0015606,28/08/2018 09:18,COMPLETE,30/08/2018 02:08,31/08/2018 04:52,03/09/2018,
ZA-00030210,ZAC0023386,28/08/2018 13:42,COMPLETE,29/08/2018 09:55,06/09/2018 01:02,03/09/2018,
ZA-00030211,ZAC0001395,28/08/2018 18:19,COMPLETE,29/08/2018 18:19,30/08/2018 18:30,08/09/2018,
ZA-00030212,ZAC0011243,28/08/2018 18:47,CANCELLED,,,,
ZA-00030213,ZAC0007977,28/08/2018 12:37,COMPLETE,28/08/2018 15:31,31/08/2018 00:05,31/08/2018,
ZA-00030214,ZAC0020429,28/08/2018 12:16,COMPLETE,30/08/2018 13:08,04/09/2018 14:52,02/09/2018,
ZA-00030215,ZAC0015336,28/08/2018 13:47,COMPLETE,29/08/2018 14:58,01/09/2018 07:01,05/09/2018,WELCOME10
ZA-00030216,ZAC0006925,28/08/2018 19:39,COMPLETE,31/08/2018 04:50,04/09/2018 13:12,05/09/2018,
ZA-00030217,ZAC0000516,28/08/2018 07:44,COMPLETE,30/08/2018 01:02,31/08/2018 23:46,03/09/2018,WINTER15
ZA-00030218,ZAC0014319,28/08/2018 07:40,COMPLETE,02/09/2018 05:33,07/09/2018 10:13,09/09/2018,
ZA-00030219,ZAC0022381,28/08/2018 14:27,COMPLETE,29/08/2018 23:16,01/09/2018 13:10,03/09/2018,
ZA-00030220,ZAC0001288,28/08/2018 12:37,COMPLETE,28/08/2018 17:01,09/09/2018 07:32,02/09/2018,
ZA-00030221,ZAC0011852,28/08/2018 13:15,COMPLETE,29/08/2018 14:40,06/09/2018 13:31,02/09/2018,
ZA-00030222,ZAC0012302,28/08/2018 07:03,COMPLETE,30/08/2018 01:00,31/08/2018 16:17,06/09/2018,
ZA-00030223,ZAC0019418,28/08/2018 22:42,COMPLETE,30/08/2018 15:07,05/09/2018 09:29,02/09/2018,
ZA-00030224,ZAC0014820,28/08/2018 15:35,COMPLETE,01/09/2018 10:11,08/09/2018 08:33,06/09/2018,
ZA-00030225,ZAC0000662,28/08/2018 11:20,COMPLETE,31/08/2018 23:46,04/09/2018 10:20,04/09/2018,FREESHIP
ZA-00030226,ZAC0019552,28/08/2018 15:59,COMPLETE,30/08/2018 12:50,01/09/2018 09:48,04/09/2018,FREESHIP
ZA-00030227,ZAC0017141,28/08/2018 10:20,COMPLETE,29/08/2018 03:03,07/09/2018 06:59,03/09/2018,
ZA-00030228,ZAC0009741,28/08/2018 11:54,COMPLETE,29/08/2018 22:16,02/09/2018 02:35,02/09/2018,
ZA-00030229,ZAC0020408,28/08/2018 06:09,COMPLETE,30/08/2018 11:04,03/09/2018 01:49,04/09/2018,
ZA-00030230,ZAC0003095,28/08/2018 15:51,COMPLETE,30/08/2018 23:51,31/08/2018 12:28,04/09/2018,
ZA-00030231,ZAC0016490,28/08/2018 08:39,COMPLETE,30/08/2018 02:44,06/09/2018 09:52,02/09/2018,
ZA-00030232,ZAC0012708,28/08/2018 10:02,COMPLETE,29/08/2018 14:28,31/08/2018 20:43,02/09/2018,
ZA-00030233,ZAC0001653,28/08/2018 06:59,COMPLETE,29/08/2018 04:26,04/09/2018 12:17,03/09/2018,LOYAL5
ZA-00030234,ZAC0000127,28/08/2018 13:26,COMPLETE,01/09/2018 00:19,01/09/2018 12:35,06/09/2018,
ZA-00030235,ZAC0012876,28/08/2018 18:49,COMPLETE,30/08/2018 11:35,01/09/2018 08:55,03/09/2018,
ZA-00030236,ZAC0008573,28/08/2018 12:40,COMPLETE,29/08/2018 08:50,30/08/2018 20:12,02/09/2018,WELCOME10
ZA-00030237,ZAC0013253,28/08/2018 17:34,COMPLETE,30/08/2018 04:05,02/09/2018 10:47,03/09/2018,
ZA-00030238,ZAC0007383,28/08/2018 18:38,COMPLETE,29/08/2018 18:38,30/08/2018 10:16,03/09/2018,
ZA-00030239,ZAC0014159,28/08/2018 17:35,COMPLETE,29/08/2018 17:30,31/08/2018 17:26,03/09/2018,
ZA-00030240,ZAC0009122,28/08/2018 13:47,COMPLETE,30/08/2018 08:11,08/09/2018 11:00,03/09/2018,FREESHIP
ZA-00030241,ZAC0009560,28/08/2018 21:22,COMPLETE,29/08/2018 01:47,29/08/2018 21:44,03/09/2018,
ZA-00030242,ZAC0010991,28/08/2018 19:56,CANCELLED,,,,
ZA-00030243,ZAC0000189,28/08/2018 06:29,COMPLETE,04/09/2018 04:39,06/09/2018 20:59,09/09/2018,
ZA-00030244,ZAC0001646,28/08/2018 07:52,COMPLETE,30/08/2018 09:28,02/09/2018 22:07,04/09/2018,FLASH25
ZA-00030245,ZAC0023149,28/08/2018 08:16,COMPLETE,28/08/2018 19:57,31/08/2018 17:08,04/09/2018,
ZA-00030246,ZAC0010572,28/08/2018 06:09,COMPLETE,02/09/2018 14:28,05/09/2018 23:50,07/09/2018,WELCOME10
ZA-00030247,ZAC0018094,28/08/2018 14:10,COMPLETE,02/09/2018 06:59,06/09/2018 08:50,06/09/2018,
ZA-00030248,ZAC0007004,28/08/2018 12:00,COMPLETE,29/08/2018 07:25,31/08/2018 19:14,01/09/2018,
ZA-00030249,ZAC0008184,28/08/2018 12:47,COMPLETE,31/08/2018 09:55,04/09/2018 12:53,04/09/2018,
ZA-00030250,ZAC0011798,28/08/2018 10:35,COMPLETE,29/08/2018 16:57,02/09/2018 22:47,01/09/2018,
ZA-00030251,ZAC0011880,28/08/2018 14:04,COMPLETE,28/08/2018 21:44,02/09/2018 21:41,31/08/2018,
ZA-00030252,ZAC0007546,28/08/2018 07:25,COMPLETE,02/09/2018 11:24,08/09/2018 09:39,05/09/2018,
ZA-00030253,ZAC0008074,28/08/2018 14:00,COMPLETE,29/08/2018 06:23,01/09/2018 08:43,02/09/2018,
ZA-00030254,ZAC0009477,28/08/2018 13:46,COMPLETE,31/08/2018 15:57,31/08/2018 20:00,05/09/2018,
ZA-00030255,ZAC0018988,28/08/2018 20:59,COMPLETE,07/09/2018 18:10,13/09/2018 15:22,14/09/2018,
ZA-00030256,ZAC0010048,28/08/2018 20:43,COMPLETE,29/08/2018 22:46,01/09/2018 23:00,05/09/2018,WELCOME10
ZA-00030257,ZAC0008314,28/08/2018 20:56,COMPLETE,29/08/2018 16:12,06/09/2018 00:49,02/09/2018,LOYAL5
ZA-00030258,ZAC0023796,28/08/2018 18:53,COMPLETE,03/09/2018 04:05,03/09/2018 20:33,10/09/2018,
ZA-00030259,ZAC0010092,28/08/2018 13:35,COMPLETE,31/08/2018 05:03,04/09/2018 13:11,10/09/2018,
ZA-00030260,ZAC0023346,28/08/2018 08:09,COMPLETE,01/09/2018 01:37,02/09/2018 14:28,08/09/2018,
ZA-00030261,ZAC0010209,28/08/2018 10:10,COMPLETE,29/08/2018 19:14,05/09/2018 18:20,02/09/2018,WINTER15
ZA-00030262,ZAC0010298,28/08/2018 16:48,CANCELLED,,,,WELCOME10
ZA-00030263,ZAC0020340,28/08/2018 06:28,COMPLETE,31/08/2018 04:17,06/09/2018 02:58,05/09/2018,WINTER15
ZA-00030264,ZAC0014349,28/08/2018 11:11,COMPLETE,04/09/2018 22:54,06/09/2018 08:32,11/09/2018,
ZA-00030265,ZAC0000526,28/08/2018 06:02,COMPLETE,31/08/2018 12:28,05/09/2018 04:12,04/09/2018,
ZA-00030266,ZAC0005110,28/08/2018 11:35,DISPATCHED,30/08/2018 01:01,,03/09/2018,
ZA-00030267,ZAC0023849,28/08/2018 14:56,COMPLETE,29/08/2018 15:44,30/08/2018 19:30,01/09/2018,
ZA-00030268,ZAC0001866,28/08/2018 21:35,COMPLETE,30/08/2018 12:20,09/09/2018 15:20,02/09/2018,
ZA-00030269,ZAC0015628,28/08/2018 08:27,COMPLETE,28/08/2018 14:14,30/08/2018 14:19,02/09/2018,
ZA-00030270,ZAC0004579,28/08/2018 09:36,COMPLETE,01/09/2018 02:30,08/09/2018 06:54,04/09/2018,
ZA-00030271,ZAC0018352,28/08/2018 10:53,COMPLETE,28/08/2018 17:22,01/09/2018 17:18,01/09/2018,
ZA-00030272,ZAC0022924,28/08/2018 08:14,COMPLETE,05/09/2018 07:39,12/09/2018 02:27,09/09/2018,
ZA-00030273,ZAC0013672,28/08/2018 17:52,COMPLETE,03/09/2018 11:08,05/09/2018 22:46,08/09/2018,FLASH25
ZA-00030274,ZAC0018726,28/08/2018 07:13,COMPLETE,29/08/2018 21:10,01/09/2018 09:51,01/09/2018,
ZA-00030275,ZAC0012944,28/08/2018 21:45,COMPLETE,29/08/2018 17:08,02/09/2018 15:54,01/09/2018,
ZA-00030276,ZAC0015350,28/08/2018 06:23,COMPLETE,02/09/2018 14:46,03/09/2018 02:24,07/09/2018,
ZA-00030277,ZAC0006347,28/08/2018 20:30,COMPLETE,29/08/2018 02:58,02/09/2018 10:16,05/09/2018,
ZA-00030278,ZAC0011006,28/08/2018 18:06,COMPLETE,28/08/2018 20:42,03/09/2018 23:39,04/09/2018,
ZA-00030279,ZAC0013261,29/08/2018 17:44,COMPLETE,01/09/2018 22:16,04/09/2018 08:24,06/09/2018,
ZA-00030280,ZAC0012000,29/08/2018 15:12,COMPLETE,31/08/2018 03:37,05/09/2018 04:49,05/09/2018,
ZA-00030281,ZAC0011831,29/08/2018 14:28,COMPLETE,30/08/2018 04:38,02/09/2018 16:27,02/09/2018,
ZA-00030282,ZAC0021892,29/08/2018 15:04,COMPLETE,02/09/2018 17:12,08/09/2018 04:39,06/09/2018,
ZA-00030283,ZAC0017997,29/08/2018 16:51,COMPLETE,30/08/2018 02:01,04/09/2018 02:45,04/09/2018,
ZA-00030284,ZAC0002641,29/08/2018 20:19,COMPLETE,31/08/2018 06:27,04/09/2018 06:05,10/09/2018,
ZA-00030285,ZAC0001087,29/08/2018 14:02,COMPLETE,01/09/2018 17:00,03/09/2018 18:49,04/09/2018,
ZA-00030286,ZAC0012173,29/08/2018 11:05,COMPLETE,02/09/2018 23:43,06/09/2018 13:46,07/09/2018,LOYAL5
ZA-00030287,ZAC0005930,29/08/2018 08:38,COMPLETE,30/08/2018 01:54,07/09/2018 23:23,09/09/2018,
ZA-00030288,ZAC0020697,29/08/2018 11:21,COMPLETE,01/09/2018 05:16,05/09/2018 10:38,04/09/2018,
ZA-00030289,ZAC0001958,29/08/2018 22:19,COMPLETE,04/09/2018 01:20,08/09/2018 01:44,09/09/2018,
ZA-00030290,ZAC0021844,29/08/2018 21:11,COMPLETE,30/08/2018 23:37,02/09/2018 05:44,03/09/2018,BULK20
ZA-00030291,ZAC0019730,29/08/2018 10:32,COMPLETE,31/08/2018 07:04,03/09/2018 13:33,03/09/2018,
ZA-00030292,ZAC0020613,29/08/2018 13:55,COMPLETE,01/09/2018 04:56,04/09/2018 13:47,11/09/2018,
ZA-00030293,ZAC0022183,29/08/2018 15:32,COMPLETE,01/09/2018 04:02,02/09/2018 02:24,08/09/2018,
ZA-00030294,ZAC0022394,29/08/2018 07:11,COMPLETE,29/08/2018 17:37,06/09/2018 02:55,02/09/2018,
ZA-00030295,ZAC0003027,29/08/2018 07:51,COMPLETE,31/08/2018 17:34,01/09/2018 17:02,05/09/2018,
ZA-00030296,ZAC0005619,29/08/2018 14:46,COMPLETE,31/08/2018 23:43,03/09/2018 08:54,05/09/2018,
ZA-00030297,ZAC0018714,29/08/2018 19:18,COMPLETE,31/08/2018 19:20,02/09/2018 14:30,03/09/2018,FREESHIP
ZA-00030298,ZAC0011360,29/08/2018 19:53,COMPLETE,01/09/2018 06:11,03/09/2018 13:26,04/09/2018,
ZA-00030299,ZAC0011798,29/08/2018 09:38,COMPLETE,29/08/2018 12:45,05/09/2018 00:52,02/09/2018,FLASH25
ZA-00030300,ZAC0002645,29/08/2018 08:44,COMPLETE,30/08/2018 12:19,03/09/2018 03:31,04/09/2018,
ZA-00030301,ZAC0000072,29/08/2018 10:22,COMPLETE,01/09/2018 03:00,03/09/2018 08:29,04/09/2018,
ZA-00030302,ZAC0004586,29/08/2018 14:17,COMPLETE,31/08/2018 22:34,06/09/2018 16:56,07/09/2018,
ZA-00030303,ZAC0023084,29/08/2018 20:38,DISPATCHED,30/08/2018 19:46,,06/09/2018,
ZA-00030304,ZAC0004236,29/08/2018 07:10,COMPLETE,30/08/2018 15:58,03/09/2018 22:36,02/09/2018,FREESHIP
ZA-00030305,ZAC0007898,29/08/2018 18:26,COMPLETE,31/08/2018 08:45,03/09/2018 14:44,05/09/2018,
ZA-00030306,ZAC0016811,29/08/2018 11:14,COMPLETE,04/09/2018 18:39,08/09/2018 02:59,07/09/2018,
ZA-00030307,ZAC0017278,29/08/2018 20:26,COMPLETE,01/09/2018 12:32,09/09/2018 19:12,04/09/2018,
ZA-00030308,ZAC0012523,29/08/2018 07:10,COMPLETE,01/09/2018 08:31,05/09/2018 22:37,04/09/2018,
ZA-00030309,ZAC0004835,29/08/2018 16:40,COMPLETE,30/08/2018 22:51,08/09/2018 13:21,06/09/2018,
ZA-00030310,ZAC0018870,29/08/2018 08:34,COMPLETE,31/08/2018 23:53,02/09/2018 14:13,10/09/2018,
ZA-00030311,ZAC0005424,29/08/2018 17:08,COMPLETE,03/09/2018 14:26,11/09/2018 02:47,07/09/2018,
ZA-00030312,ZAC0015305,29/08/2018 18:02,COMPLETE,30/08/2018 18:25,02/09/2018 05:24,03/09/2018,
ZA-00030313,ZAC0023480,29/08/2018 14:56,PENDING,,,,
ZA-00030314,ZAC0009835,29/08/2018 15:06,RETURNED,31/08/2018 18:00,05/09/2018 21:14,07/09/2018,
ZA-00030315,ZAC0017462,29/08/2018 16:30,COMPLETE,02/09/2018 17:22,07/09/2018 14:26,07/09/2018,
ZA-00030316,ZAC0015040,29/08/2018 15:38,COMPLETE,31/08/2018 08:31,08/09/2018 04:22,03/09/2018,
ZA-00030317,ZAC0016284,29/08/2018 14:40,COMPLETE,30/08/2018 09:47,31/08/2018 14:07,03/09/2018,
ZA-00030318,ZAC0006733,29/08/2018 08:16,COMPLETE,30/08/2018 18:33,06/09/2018 23:03,06/09/2018,
ZA-00030319,ZAC0001706,29/08/2018 15:34,COMPLETE,31/08/2018 02:43,07/09/2018 08:00,04/09/2018,
ZA-00030320,ZAC0006447,29/08/2018 13:47,COMPLETE,01/09/2018 05:31,05/09/2018 12:34,11/09/2018,
ZA-00030321,ZAC0019620,29/08/2018 18:32,COMPLETE,31/08/2018 05:06,09/09/2018 23:06,05/09/2018,
ZA-00030322,ZAC0009989,29/08/2018 12:15,COMPLETE,30/08/2018 12:06,07/09/2018 01:14,02/09/2018,
ZA-00030323,ZAC0012341,29/08/2018 16:49,COMPLETE,31/08/2018 03:02,05/09/2018 13:22,05/09/2018,WINTER15
ZA-00030324,ZAC0021100,29/08/2018 10:22,COMPLETE,30/08/2018 18:02,01/09/2018 23:07,06/09/2018,
ZA-00030325,ZAC0000106,29/08/2018 12:48,COMPLETE,30/08/2018 07:56,01/09/2018 17:21,04/09/2018,WINTER15
ZA-00030326,ZAC0019106,29/08/2018 19:46,CANCELLED,,,,
ZA-00030327,ZAC0015472,29/08/2018 22:18,COMPLETE,31/08/2018 05:59,05/09/2018 23:56,04/09/2018,
ZA-00030328,ZAC0018931,29/08/2018 10:15,COMPLETE,03/09/2018 12:55,06/09/2018 03:15,08/09/2018,
ZA-00030329,ZAC0016736,29/08/2018 18:43,COMPLETE,30/08/2018 01:29,03/09/2018 02:23,02/09/2018,
ZA-00030330,ZAC0000195,29/08/2018 17:28,COMPLETE,31/08/2018 01:08,03/09/2018 15:23,04/09/2018,
ZA-00030331,ZAC0001489,29/08/2018 06:58,COMPLETE,31/08/2018 13:45,07/09/2018 09:21,05/09/2018,
ZA-00030332,ZAC0015211,29/08/2018 13:45,COMPLETE,31/08/2018 07:17,04/09/2018 06:52,05/09/2018,
ZA-00030333,ZAC0015608,29/08/2018 14:57,CANCELLED,,,,
ZA-00030334,ZAC0019905,29/08/2018 21:49,COMPLETE,01/09/2018 01:58,06/09/2018 11:02,06/09/2018,
ZA-00030335,ZAC0002207,29/08/2018 06:23,COMPLETE,04/09/2018 10:39,09/09/2018 22:16,07/09/2018,
ZA-00030336,ZAC0010725,29/08/2018 07:43,COMPLETE,30/08/2018 10:14,04/09/2018 19:04,04/09/2018,
ZA-00030337,ZAC0004158,29/08/2018 15:16,COMPLETE,01/09/2018 00:50,03/09/2018 04:56,05/09/2018,
ZA-00030338,ZAC0004338,29/08/2018 20:24,COMPLETE,02/09/2018 09:23,15/09/2018 03:11,05/09/2018,
ZA-00030339,ZAC0003944,29/08/2018 10:25,COMPLETE,31/08/2018 07:26,01/09/2018 22:57,04/09/2018,
ZA-00030340,ZAC0022929,29/08/2018 20:52,COMPLETE,30/08/2018 04:57,04/09/2018 14:18,09/09/2018,
ZA-00030341,ZAC0011435,29/08/2018 08:22,COMPLETE,30/08/2018 15:21,31/08/2018 15:35,02/09/2018,
ZA-00030342,ZAC0009780,29/08/2018 12:23,COMPLETE,02/09/2018 08:42,12/09/2018 05:16,05/09/2018,
ZA-00030343,ZAC0023800,29/08/2018 09:53,COMPLETE,01/09/2018 14:15,04/09/2018 22:06,05/09/2018,
ZA-00030344,ZAC0011052,29/08/2018 11:19,COMPLETE,04/09/2018 12:31,07/09/2018 01:10,11/09/2018,
ZA-00030345,ZAC0014107,29/08/2018 20:24,COMPLETE,30/08/2018 06:43,05/09/2018 00:59,03/09/2018,
ZA-00030346,ZAC0020264,29/08/2018 16:40,COMPLETE,01/09/2018 20:01,07/09/2018 13:36,04/09/2018,
ZA-00030347,ZAC0020730,29/08/2018 21:36,COMPLETE,03/09/2018 00:16,14/09/2018 02:36,06/09/2018,
ZA-00030348,ZAC0000317,29/08/2018 09:41,COMPLETE,31/08/2018 05:31,09/09/2018 14:55,05/09/2018,
ZA-00030349,ZAC0006253,29/08/2018 12:55,COMPLETE,01/09/2018 09:53,12/09/2018 19:24,11/09/2018,
ZA-00030350,ZAC0013223,29/08/2018 17:04,COMPLETE,30/08/2018 16:21,03/09/2018 18:47,04/09/2018,
ZA-00030351,ZAC0017596,29/08/2018 08:56,COMPLETE,01/09/2018 19:54,06/09/2018 03:00,06/09/2018,FLASH25
ZA-00030352,ZAC0008208,29/08/2018 13:57,COMPLETE,01/09/2018 21:43,07/09/2018 19:33,08/09/2018,LOYAL5
ZA-00030353,ZAC0014227,29/08/2018 15:48,COMPLETE,31/08/2018 05:00,03/09/2018 07:23,05/09/2018,LOYAL5
ZA-00030354,ZAC0002861,29/08/2018 15:08,COMPLETE,01/09/2018 12:58,02/09/2018 19:07,06/09/2018,LOYAL5
ZA-00030355,ZAC0005195,29/08/2018 21:58,COMPLETE,02/09/2018 09:49,03/09/2018 12:52,12/09/2018,
ZA-00030356,ZAC0008704,29/08/2018 17:42,COMPLETE,31/08/2018 06:03,05/09/2018 11:33,05/09/2018,BULK20
ZA-00030357,ZAC0010394,29/08/2018 16:17,COMPLETE,31/08/2018 22:10,03/09/2018 02:26,10/09/2018,BULK20
ZA-00030358,ZAC0001082,29/08/2018 14:18,COMPLETE,02/09/2018 10:47,05/09/2018 00:58,07/09/2018,FLASH25
ZA-00030359,ZAC0022830,29/08/2018 17:06,COMPLETE,29/08/2018 23:53,01/09/2018 05:59,05/09/2018,
ZA-00030360,ZAC0014378,29/08/2018 11:18,COMPLETE,30/08/2018 21:32,04/09/2018 11:34,03/09/2018,
ZA-00030361,ZAC0020859,29/08/2018 12:53,COMPLETE,01/09/2018 06:31,08/09/2018 14:05,06/09/2018,BULK20
ZA-00030362,ZAC0013181,29/08/2018 07:17,COMPLETE,30/08/2018 12:17,02/09/2018 03:02,03/09/2018,
ZA-00030363,ZAC0015127,29/08/2018 08:26,COMPLETE,05/09/2018 08:20,08/09/2018 15:16,08/09/2018,BULK20
ZA-00030364,ZAC0010932,29/08/2018 10:28,COMPLETE,29/08/2018 15:26,30/08/2018 11:41,01/09/2018,
ZA-00030365,ZAC0009784,29/08/2018 14:14,COMPLETE,30/08/2018 05:47,04/09/2018 18:35,04/09/2018,
ZA-00030366,ZAC0008646,29/08/2018 12:34,COMPLETE,02/09/2018 14:19,03/09/2018 10:08,09/09/2018,
ZA-00030367,ZAC0006828,29/08/2018 22:55,COMPLETE,30/08/2018 19:54,01/09/2018 18:03,04/09/2018,
ZA-00030368,ZAC0020478,29/08/2018 15:04,COMPLETE,29/08/2018 23:56,02/09/2018 03:16,02/09/2018,
ZA-00030369,ZAC0019328,29/08/2018 11:22,COMPLETE,01/09/2018 22:03,07/09/2018 15:03,06/09/2018,
ZA-00030370,ZAC0011050,30/08/2018 14:06,COMPLETE,01/09/2018 23:04,13/09/2018 09:13,04/09/2018,
ZA-00030371,ZAC0002593,30/08/2018 11:08,COMPLETE,04/09/2018 17:05,15/09/2018 06:35,11/09/2018,
ZA-00030372,ZAC0004534,30/08/2018 07:28,COMPLETE,01/09/2018 04:06,03/09/2018 02:25,06/09/2018,FLASH25
ZA-00030373,ZAC0008344,30/08/2018 12:39,COMPLETE,02/09/2018 17:17,04/09/2018 08:25,05/09/2018,
ZA-00030374,ZAC0004023,30/08/2018 12:55,COMPLETE,31/08/2018 08:49,02/09/2018 21:40,03/09/2018,
ZA-00030375,ZAC0014715,30/08/2018 15:39,COMPLETE,31/08/2018 05:17,01/09/2018 13:27,07/09/2018,
ZA-00030376,ZAC0002841,30/08/2018 15:48,COMPLETE,01/09/2018 10:30,04/09/2018 04:53,04/09/2018,
ZA-00030377,ZAC0007359,30/08/2018 10:48,COMPLETE,01/09/2018 15:53,04/09/2018 14:55,08/09/2018,
ZA-00030378,ZAC0005938,30/08/2018 19:02,RETURNED,01/09/2018 04:02,06/09/2018 15:50,05/09/2018,
ZA-00030379,ZAC0008852,30/08/2018 10:50,COMPLETE,31/08/2018 15:46,12/09/2018 21:08,03/09/2018,
ZA-00030380,ZAC0011915,30/08/2018 20:14,COMPLETE,01/09/2018 21:08,05/09/2018 14:28,05/09/2018,
ZA-00030381,ZAC0003645,30/08/2018 17:43,CANCELLED,,,,
ZA-00030382,ZAC0008108,30/08/2018 10:48,COMPLETE,04/09/2018 17:57,10/09/2018 21:52,09/09/2018,
ZA-00030383,ZAC0009130,30/08/2018 08:10,COMPLETE,31/08/2018 01:23,03/09/2018 01:47,05/09/2018,FLASH25
ZA-00030384,ZAC0014219,30/08/2018 20:00,COMPLETE,02/09/2018 06:53,10/09/2018 04:47,06/09/2018,
ZA-00030385,ZAC0016652,30/08/2018 20:20,COMPLETE,02/09/2018 06:05,04/09/2018 15:15,09/09/2018,
ZA-00030386,ZAC0023589,30/08/2018 21:48,CANCELLED,,,,
ZA-00030387,ZAC0011355,30/08/2018 19:16,COMPLETE,01/09/2018 16:26,05/09/2018 00:38,06/09/2018,
ZA-00030388,ZAC0004770,30/08/2018 10:50,COMPLETE,31/08/2018 00:07,02/09/2018 22:14,04/09/2018,LOYAL5
ZA-00030389,ZAC0017014,30/08/2018 14:39,COMPLETE,31/08/2018 03:48,05/09/2018 13:12,05/09/2018,FLASH25
ZA-00030390,ZAC0017925,30/08/2018 15:05,COMPLETE,02/09/2018 00:33,11/09/2018 08:39,06/09/2018,
ZA-00030391,ZAC0005223,30/08/2018 08:47,DISPATCHED,02/09/2018 13:29,,06/09/2018,
ZA-00030392,ZAC0012027,30/08/2018 14:01,COMPLETE,30/08/2018 20:14,02/09/2018 16:39,03/09/2018,
ZA-00030393,ZAC0013866,30/08/2018 13:20,COMPLETE,31/08/2018 14:15,05/09/2018 01:47,05/09/2018,
ZA-00030394,ZAC0002849,30/08/2018 12:03,COMPLETE,31/08/2018 12:46,02/09/2018 18:41,05/09/2018,FLASH25
ZA-00030395,ZAC0018670,30/08/2018 17:00,COMPLETE,01/09/2018 22:18,03/09/2018 13:49,06/09/2018,FREESHIP
ZA-00030396,ZAC0001904,30/08/2018 22:02,COMPLETE,01/09/2018 04:02,04/09/2018 07:46,06/09/2018,
ZA-00030397,ZAC0020057,30/08/2018 09:29,COMPLETE,02/09/2018 09:33,05/09/2018 09:34,06/09/2018,
ZA-00030398,ZAC0013600,30/08/2018 13:07,COMPLETE,03/09/2018 14:35,04/09/2018 08:44,08/09/2018,
ZA-00030399,ZAC0023683,30/08/2018 15:47,COMPLETE,02/09/2018 01:36,11/09/2018 19:01,09/09/2018,
ZA-00030400,ZAC0020187,30/08/2018 17:31,COMPLETE,31/08/2018 20:13,09/09/2018 12:01,05/09/2018,
ZA-00030401,ZAC0021734,30/08/2018 18:00,COMPLETE,01/09/2018 11:59,08/09/2018 14:19,04/09/2018,
ZA-00030402,ZAC0013180,30/08/2018 19:38,COMPLETE,31/08/2018 20:57,06/09/2018 15:38,05/09/2018,
ZA-00030403,ZAC0005325,30/08/2018 21:23,COMPLETE,03/09/2018 09:09,04/09/2018 11:58,07/09/2018,
ZA-00030404,ZAC0019010,30/08/2018 10:52,COMPLETE,31/08/2018 19:07,02/09/2018 15:34,04/09/2018,
ZA-00030405,ZAC0013702,30/08/2018 07:17,COMPLETE,31/08/2018 20:11,12/09/2018 23:49,05/09/2018,
ZA-00030406,ZAC0021502,30/08/2018 08:32,COMPLETE,30/08/2018 18:30,01/09/2018 02:03,03/09/2018,
ZA-00030407,ZAC0004411,30/08/2018 07:06,COMPLETE,31/08/2018 18:40,02/09/2018 18:45,04/09/2018,FLASH25
ZA-00030408,ZAC0007846,30/08/2018 09:08,COMPLETE,01/09/2018 00:13,04/09/2018 05:08,06/09/2018,BULK20
ZA-00030409,ZAC0014558,30/08/2018 07:05,COMPLETE,01/09/2018 05:27,02/09/2018 23:38,05/09/2018,
ZA-00030410,ZAC0016574,30/08/2018 09:55,COMPLETE,01/09/2018 02:47,05/09/2018 15:45,05/09/2018,
ZA-00030411,ZAC0000393,30/08/2018 07:23,COMPLETE,01/09/2018 15:32,06/09/2018 01:28,05/09/2018,LOYAL5
ZA-00030412,ZAC0020538,30/08/2018 12:01,COMPLETE,01/09/2018 05:47,05/09/2018 04:25,06/09/2018,
ZA-00030413,ZAC0008331,30/08/2018 12:39,COMPLETE,02/09/2018 01:34,03/09/2018 17:13,05/09/2018,
ZA-00030414,ZAC0010623,30/08/2018 14:01,COMPLETE,31/08/2018 00:15,04/09/2018 02:29,07/09/2018,
ZA-00030415,ZAC0009376,30/08/2018 07:36,COMPLETE,01/09/2018 17:52,12/09/2018 03:06,08/09/2018,WELCOME10
ZA-00030416,ZAC0008143,30/08/2018 22:00,COMPLETE,02/09/2018 15:17,08/09/2018 07:03,06/09/2018,
ZA-00030417,ZAC0017157,30/08/2018 14:15,COMPLETE,04/09/2018 10:34,06/09/2018 01:09,09/09/2018,
ZA-00030418,ZAC0018027,30/08/2018 19:56,COMPLETE,31/08/2018 06:13,02/09/2018 11:34,04/09/2018,
ZA-00030419,ZAC0009374,30/08/2018 16:04,CANCELLED,,,,
ZA-00030420,ZAC0013119,30/08/2018 11:12,COMPLETE,02/09/2018 05:14,07/09/2018 01:24,06/09/2018,
ZA-00030421,ZAC0017163,30/08/2018 09:03,CANCELLED,,,,
ZA-00030422,ZAC0000890,30/08/2018 06:00,COMPLETE,31/08/2018 02:32,10/09/2018 00:29,07/09/2018,
ZA-00030423,ZAC0020446,30/08/2018 10:12,CANCELLED,,,,
ZA-00030424,ZAC0018898,30/08/2018 14:21,COMPLETE,03/09/2018 11:21,08/09/2018 09:43,10/09/2018,
ZA-00030425,ZAC0011028,30/08/2018 07:41,COMPLETE,01/09/2018 09:04,04/09/2018 01:49,04/09/2018,
ZA-00030426,ZAC0020383,30/08/2018 08:36,COMPLETE,01/09/2018 21:15,07/09/2018 11:59,04/09/2018,WINTER15
ZA-00030427,ZAC0000994,30/08/2018 15:57,COMPLETE,01/09/2018 07:28,04/09/2018 14:22,08/09/2018,
ZA-00030428,ZAC0012367,30/08/2018 19:25,COMPLETE,31/08/2018 07:58,02/09/2018 22:21,05/09/2018,
ZA-00030429,ZAC0017730,30/08/2018 21:27,COMPLETE,05/09/2018 16:47,13/09/2018 05:05,09/09/2018,
ZA-00030430,ZAC0022283,30/08/2018 16:13,COMPLETE,01/09/2018 09:29,05/09/2018 13:14,05/09/2018,
ZA-00030431,ZAC0021045,30/08/2018 20:44,COMPLETE,31/08/2018 17:42,09/09/2018 20:41,04/09/2018,
ZA-00030432,ZAC0006482,30/08/2018 10:17,COMPLETE,03/09/2018 05:29,09/09/2018 01:07,08/09/2018,
ZA-00030433,ZAC0014557,30/08/2018 09:03,COMPLETE,01/09/2018 09:45,05/09/2018 06:49,08/09/2018,
ZA-00030434,ZAC0017515,30/08/2018 13:16,COMPLETE,03/09/2018 16:18,08/09/2018 19:37,08/09/2018,
ZA-00030435,ZAC0013891,30/08/2018 16:17,COMPLETE,01/09/2018 13:47,07/09/2018 14:53,04/09/2018,LOYAL5
ZA-00030436,ZAC0012087,30/08/2018 17:01,COMPLETE,01/09/2018 05:55,07/09/2018 13:51,05/09/2018,
ZA-00030437,ZAC0010148,30/08/2018 13:33,COMPLETE,31/08/2018 05:57,02/09/2018 14:05,04/09/2018,
ZA-00030438,ZAC0011729,30/08/2018 18:26,COMPLETE,05/09/2018 04:23,09/09/2018 08:07,10/09/2018,FREESHIP
ZA-00030439,ZAC0003144,30/08/2018 11:42,COMPLETE,30/08/2018 18:09,03/09/2018 01:17,04/09/2018,
ZA-00030440,ZAC0000723,30/08/2018 16:41,COMPLETE,02/09/2018 01:30,14/09/2018 22:49,07/09/2018,
ZA-00030441,ZAC0004306,30/08/2018 14:39,COMPLETE,04/09/2018 00:36,05/09/2018 20:38,11/09/2018,
ZA-00030442,ZAC0001261,30/08/2018 18:32,COMPLETE,07/09/2018 04:52,14/09/2018 13:46,12/09/2018,
ZA-00030443,ZAC0019890,30/08/2018 22:18,COMPLETE,31/08/2018 12:16,06/09/2018 22:55,04/09/2018,
ZA-00030444,ZAC0023816,30/08/2018 16:06,CANCELLED,,,,FLASH25
ZA-00030445,ZAC0021123,30/08/2018 13:07,COMPLETE,30/08/2018 18:20,02/09/2018 12:49,02/09/2018,
ZA-00030446,ZAC0022158,30/08/2018 09:20,COMPLETE,31/08/2018 10:28,10/09/2018 02:45,03/09/2018,
ZA-00030447,ZAC0013524,30/08/2018 17:06,COMPLETE,02/09/2018 00:34,03/09/2018 16:38,06/09/2018,
ZA-00030448,ZAC0016585,30/08/2018 07:44,COMPLETE,01/09/2018 07:08,03/09/2018 13:58,08/09/2018,
ZA-00030449,ZAC0021577,30/08/2018 19:14,COMPLETE,31/08/2018 18:23,01/09/2018 07:12,10/09/2018,
ZA-00030450,ZAC0015382,30/08/2018 11:10,COMPLETE,03/09/2018 05:41,08/09/2018 07:04,07/09/2018,WELCOME10
ZA-00030451,ZAC0007222,30/08/2018 12:58,COMPLETE,03/09/2018 07:48,05/09/2018 07:08,06/09/2018,
ZA-00030452,ZAC0012238,30/08/2018 11:21,COMPLETE,01/09/2018 10:51,07/09/2018 17:45,08/09/2018,
ZA-00030453,ZAC0022376,31/08/2018 06:14,COMPLETE,01/09/2018 13:00,04/09/2018 15:40,06/09/2018,
ZA-00030454,ZAC0004573,31/08/2018 22:34,COMPLETE,03/09/2018 04:07,05/09/2018 23:39,08/09/2018,
ZA-00030455,ZAC0019410,31/08/2018 16:04,COMPLETE,04/09/2018 13:53,09/09/2018 23:10,08/09/2018,
ZA-00030456,ZAC0004466,31/08/2018 11:32,COMPLETE,01/09/2018 22:18,06/09/2018 18:57,08/09/2018,
ZA-00030457,ZAC0001386,31/08/2018 21:44,COMPLETE,01/09/2018 05:42,03/09/2018 08:04,04/09/2018,
ZA-00030458,ZAC0020222,31/08/2018 11:49,COMPLETE,01/09/2018 01:45,03/09/2018 09:44,08/09/2018,
ZA-00030459,ZAC0009318,31/08/2018 11:38,COMPLETE,03/09/2018 07:46,03/09/2018 23:39,06/09/2018,
ZA-00030460,ZAC0009348,31/08/2018 16:11,COMPLETE,03/09/2018 01:30,10/09/2018 02:37,08/09/2018,
ZA-00030461,ZAC0020740,31/08/2018 09:13,COMPLETE,04/09/2018 12:25,07/09/2018 12:57,08/09/2018,FREESHIP
ZA-00030462,ZAC0016644,31/08/2018 17:14,COMPLETE,03/09/2018 18:31,09/09/2018 22:12,10/09/2018,
ZA-00030463,ZAC0003694,31/08/2018 10:25,COMPLETE,01/09/2018 05:30,03/09/2018 17:14,08/09/2018,
ZA-00030464,ZAC0014792,31/08/2018 16:15,COMPLETE,08/09/2018 11:26,11/09/2018 09:56,13/09/2018,
ZA-00030465,ZAC0010626,31/08/2018 18:17,COMPLETE,02/09/2018 03:28,04/09/2018 07:43,06/09/2018,
ZA-00030466,ZAC0008904,31/08/2018 09:29,COMPLETE,02/09/2018 03:17,06/09/2018 16:13,06/09/2018,
ZA-00030467,ZAC0011320,31/08/2018 20:46,COMPLETE,04/09/2018 03:47,07/09/2018 03:32,11/09/2018,
ZA-00030468,ZAC0023987,31/08/2018 19:56,COMPLETE,02/09/2018 23:58,07/09/2018 08:00,12/09/2018,
ZA-00030469,ZAC0002972,31/08/2018 15:13,COMPLETE,01/09/2018 17:55,04/09/2018 05:57,05/09/2018,
ZA-00030470,ZAC0000596,31/08/2018 12:17,COMPLETE,02/09/2018 08:18,03/09/2018 15:54,12/09/2018,WELCOME10
ZA-00030471,ZAC0017777,31/08/2018 21:24,COMPLETE,02/09/2018 16:16,11/09/2018 13:51,07/09/2018,
ZA-00030472,ZAC0020514,31/08/2018 06:52,PENDING,,,,
ZA-00030473,ZAC0021684,31/08/2018 13:58,COMPLETE,02/09/2018 18:20,04/09/2018 17:49,05/09/2018,WELCOME10
ZA-00030474,ZAC0011690,31/08/2018 19:38,COMPLETE,02/09/2018 14:32,04/09/2018 19:57,09/09/2018,
ZA-00030475,ZAC0022233,31/08/2018 10:44,COMPLETE,04/09/2018 01:10,12/09/2018 09:17,11/09/2018,
ZA-00030476,ZAC0002067,31/08/2018 08:27,COMPLETE,05/09/2018 07:30,14/09/2018 12:04,10/09/2018,
ZA-00030477,ZAC0012214,31/08/2018 08:12,COMPLETE,03/09/2018 19:45,08/09/2018 08:00,07/09/2018,
ZA-00030478,ZAC0023421,31/08/2018 10:45,COMPLETE,31/08/2018 23:19,04/09/2018 14:49,03/09/2018,
ZA-00030479,ZAC0014217,31/08/2018 11:46,COMPLETE,06/09/2018 22:19,09/09/2018 08:04,09/09/2018,FREESHIP
ZA-00030480,ZAC0012633,31/08/2018 07:30,COMPLETE,31/08/2018 16:15,08/09/2018 17:39,05/09/2018,
ZA-00030481,ZAC0002686,31/08/2018 18:22,COMPLETE,01/09/2018 14:44,07/09/2018 03:46,04/09/2018,WINTER15
ZA-00030482,ZAC0015743,31/08/2018 21:47,COMPLETE,03/09/2018 08:17,06/09/2018 03:01,06/09/2018,
ZA-00030483,ZAC0003783,31/08/2018 11:26,COMPLETE,06/09/2018 06:41,11/09/2018 17:49,10/09/2018,
ZA-00030484,ZAC0013734,31/08/2018 13:08,COMPLETE,04/09/2018 18:50,06/09/2018 06:56,09/09/2018,WELCOME10
ZA-00030485,ZAC0020228,31/08/2018 11:46,COMPLETE,02/09/2018 00:08,07/09/2018 07:16,06/09/2018,
ZA-00030486,ZAC0018981,31/08/2018 06:38,COMPLETE,01/09/2018 12:50,03/09/2018 02:47,04/09/2018,
ZA-00030487,ZAC0022789,31/08/2018 13:44,COMPLETE,02/09/2018 14:02,16/09/2018 01:08,07/09/2018,
ZA-00030488,ZAC0010440,31/08/2018 07:18,COMPLETE,03/09/2018 03:21,08/09/2018 23:52,08/09/2018,
ZA-00030489,ZAC0000765,31/08/2018 15:04,COMPLETE,03/09/2018 19:57,08/09/2018 03:43,06/09/2018,
ZA-00030490,ZAC0023154,31/08/2018 22:12,COMPLETE,01/09/2018 17:40,03/09/2018 07:27,11/09/2018,
ZA-00030491,ZAC0020288,31/08/2018 11:37,COMPLETE,03/09/2018 02:19,04/09/2018 01:27,08/09/2018,WELCOME10
ZA-00030492,ZAC0012871,31/08/2018 15:17,COMPLETE,02/09/2018 15:40,10/09/2018 15:38,05/09/2018,
ZA-00030493,ZAC0010437,31/08/2018 17:14,PENDING,,,,
ZA-00030494,ZAC0020365,31/08/2018 10:05,COMPLETE,01/09/2018 19:48,06/09/2018 15:06,05/09/2018,WELCOME10
ZA-00030495,ZAC0015180,31/08/2018 11:20,COMPLETE,02/09/2018 00:24,05/09/2018 17:12,12/09/2018,
ZA-00030496,ZAC0012784,31/08/2018 22:32,COMPLETE,01/09/2018 12:58,06/09/2018 08:21,06/09/2018,
ZA-00030497,ZAC0015067,31/08/2018 06:21,COMPLETE,02/09/2018 05:00,06/09/2018 09:32,09/09/2018,
ZA-00030498,ZAC0008643,31/08/2018 21:26,COMPLETE,04/09/2018 11:22,05/09/2018 17:49,08/09/2018,WELCOME10
ZA-00030499,ZAC0017413,31/08/2018 09:15,COMPLETE,03/09/2018 09:54,06/09/2018 16:06,07/09/2018,
ZA-00030500,ZAC0020854,31/08/2018 12:11,COMPLETE,01/09/2018 21:11,08/09/2018 03:10,04/09/2018,
ZA-00030501,ZAC0000590,31/08/2018 06:16,COMPLETE,01/09/2018 15:59,04/09/2018 09:22,05/09/2018,
ZA-00030502,ZAC0005119,31/08/2018 13:46,COMPLETE,01/09/2018 12:45,03/09/2018 11:12,04/09/2018,
ZA-00030503,ZAC0008195,31/08/2018 12:53,COMPLETE,04/09/2018 08:07,07/09/2018 03:12,11/09/2018,
ZA-00030504,ZAC0015127,31/08/2018 11:43,COMPLETE,03/09/2018 02:46,05/09/2018 19:11,06/09/2018,
ZA-00030505,ZAC0016024,31/08/2018 19:47,COMPLETE,01/09/2018 20:58,02/09/2018 12:41,11/09/2018,
ZA-00030506,ZAC0009031,31/08/2018 20:12,COMPLETE,02/09/2018 12:42,09/09/2018 00:29,09/09/2018,
ZA-00030507,ZAC0016692,31/08/2018 06:28,COMPLETE,01/09/2018 06:48,03/09/2018 22:01,08/09/2018,
ZA-00030508,ZAC0008304,31/08/2018 16:39,COMPLETE,02/09/2018 04:28,06/09/2018 14:59,06/09/2018,
ZA-00030509,ZAC0022541,31/08/2018 21:14,COMPLETE,02/09/2018 20:41,06/09/2018 03:15,07/09/2018,
ZA-00030510,ZAC0008803,31/08/2018 10:37,COMPLETE,04/09/2018 17:50,07/09/2018 00:27,08/09/2018,
ZA-00030511,ZAC0010040,31/08/2018 15:35,CANCELLED,,,,
ZA-00030512,ZAC0011935,31/08/2018 19:13,COMPLETE,02/09/2018 18:13,05/09/2018 01:57,07/09/2018,
ZA-00030513,ZAC0012359,31/08/2018 10:00,COMPLETE,01/09/2018 15:07,04/09/2018 00:57,04/09/2018,
ZA-00030514,ZAC0019236,31/08/2018 12:56,COMPLETE,01/09/2018 09:56,07/09/2018 16:47,06/09/2018,LOYAL5
ZA-00030515,ZAC0004697,31/08/2018 06:11,COMPLETE,31/08/2018 16:23,01/09/2018 02:05,04/09/2018,
ZA-00030516,ZAC0002251,31/08/2018 11:23,COMPLETE,02/09/2018 03:44,10/09/2018 04:02,05/09/2018,
ZA-00030517,ZAC0002483,31/08/2018 11:59,COMPLETE,05/09/2018 11:42,13/09/2018 01:55,08/09/2018,
ZA-00030518,ZAC0012905,31/08/2018 19:28,COMPLETE,02/09/2018 06:42,06/09/2018 04:51,06/09/2018,
ZA-00030519,ZAC0015858,31/08/2018 13:21,COMPLETE,02/09/2018 02:59,05/09/2018 01:55,07/09/2018,
