ord_ref,buyer_ref,ord_dt,ord_state,dispatch_dt,received_dt,promised_dt,promo_code
ZA-00012979,ZAC0019657,01/01/2018 11:01,COMPLETE,04/01/2018 21:37,10/01/2018 11:34,11/01/2018,
ZA-00012980,ZAC0007724,01/01/2018 17:43,COMPLETE,03/01/2018 21:10,04/01/2018 12:50,07/01/2018,FLASH25
ZA-00012981,ZAC0006424,01/01/2018 10:39,COMPLETE,02/01/2018 09:34,06/01/2018 04:16,06/01/2018,
ZA-00012982,ZAC0021614,01/01/2018 06:50,COMPLETE,02/01/2018 18:51,03/01/2018 16:36,09/01/2018,
ZA-00012983,ZAC0014018,01/01/2018 11:19,COMPLETE,01/01/2018 14:03,03/01/2018 02:42,11/01/2018,
ZA-00012984,ZAC0020169,01/01/2018 07:53,COMPLETE,01/01/2018 15:38,08/01/2018 06:17,08/01/2018,
ZA-00012985,ZAC0016060,01/01/2018 22:13,COMPLETE,03/01/2018 14:59,08/01/2018 14:26,08/01/2018,
ZA-00012986,ZAC0009140,01/01/2018 10:04,COMPLETE,01/01/2018 23:33,05/01/2018 23:27,04/01/2018,
ZA-00012987,ZAC0007249,01/01/2018 14:04,COMPLETE,02/01/2018 16:34,14/01/2018 00:11,09/01/2018,
ZA-00012988,ZAC0008300,01/01/2018 21:07,COMPLETE,02/01/2018 05:13,06/01/2018 05:31,05/01/2018,FLASH25
ZA-00012989,ZAC0019979,01/01/2018 22:46,COMPLETE,02/01/2018 10:19,04/01/2018 21:28,07/01/2018,
ZA-00012990,ZAC0021408,01/01/2018 12:46,COMPLETE,02/01/2018 13:13,12/01/2018 19:06,06/01/2018,
ZA-00012991,ZAC0018031,01/01/2018 22:14,DISPATCHED,03/01/2018 13:58,,07/01/2018,
ZA-00012992,ZAC0022550,01/01/2018 10:58,COMPLETE,02/01/2018 22:30,06/01/2018 07:17,06/01/2018,
ZA-00012993,ZAC0009536,01/01/2018 14:50,COMPLETE,02/01/2018 11:30,07/01/2018 00:32,12/01/2018,
ZA-00012994,ZAC0012326,01/01/2018 07:02,COMPLETE,03/01/2018 06:13,14/01/2018 17:18,10/01/2018,
ZA-00012995,ZAC0023202,01/01/2018 21:27,COMPLETE,02/01/2018 14:23,09/01/2018 13:30,06/01/2018,
ZA-00012996,ZAC0011190,01/01/2018 20:56,COMPLETE,04/01/2018 05:29,08/01/2018 18:47,08/01/2018,
ZA-00012997,ZAC0001814,01/01/2018 22:04,COMPLETE,03/01/2018 03:07,07/01/2018 14:26,07/01/2018,
ZA-00012998,ZAC0019275,01/01/2018 22:09,COMPLETE,07/01/2018 19:32,21/01/2018 12:37,10/01/2018,FREESHIP
ZA-00012999,ZAC0017483,01/01/2018 11:44,COMPLETE,03/01/2018 22:32,07/01/2018 19:13,08/01/2018,
ZA-00013000,ZAC0011107,01/01/2018 14:00,COMPLETE,01/01/2018 23:17,02/01/2018 13:29,06/01/2018,
ZA-00013001,ZAC0003669,01/01/2018 13:25,COMPLETE,02/01/2018 17:26,04/01/2018 00:21,05/01/2018,
ZA-00013002,ZAC0002855,01/01/2018 19:46,COMPLETE,05/01/2018 15:47,06/01/2018 21:30,10/01/2018,
ZA-00013003,ZAC0006400,01/01/2018 16:28,COMPLETE,07/01/2018 04:28,15/01/2018 12:30,12/01/2018,
ZA-00013004,ZAC0009943,01/01/2018 13:46,COMPLETE,03/01/2018 00:42,07/01/2018 05:28,07/01/2018,
ZA-00013005,ZAC0007725,01/01/2018 09:15,COMPLETE,02/01/2018 12:34,06/01/2018 21:54,06/01/2018,
ZA-00013006,ZAC0001500,01/01/2018 06:20,COMPLETE,03/01/2018 07:03,11/01/2018 18:29,10/01/2018,
ZA-00013007,ZAC0003586,01/01/2018 21:09,COMPLETE,03/01/2018 18:43,07/01/2018 17:24,07/01/2018,WELCOME10
ZA-00013008,ZAC0018740,01/01/2018 08:22,COMPLETE,02/01/2018 08:10,07/01/2018 10:48,06/01/2018,
ZA-00013009,ZAC0017917,01/01/2018 16:41,COMPLETE,03/01/2018 04:33,08/01/2018 20:14,08/01/2018,
ZA-00013010,ZAC0022094,01/01/2018 12:37,COMPLETE,05/01/2018 22:43,09/01/2018 20:07,12/01/2018,
ZA-00013011,ZAC0015399,01/01/2018 19:12,COMPLETE,06/01/2018 03:18,13/01/2018 11:16,10/01/2018,FREESHIP
ZA-00013012,ZAC0000860,01/01/2018 11:04,COMPLETE,02/01/2018 15:43,08/01/2018 02:37,06/01/2018,
ZA-00013013,ZAC0003516,01/01/2018 15:30,COMPLETE,06/01/2018 05:06,10/01/2018 22:41,13/01/2018,
ZA-00013014,ZAC0008342,01/01/2018 11:02,COMPLETE,02/01/2018 17:02,03/01/2018 20:32,06/01/2018,
ZA-00013015,ZAC0008835,01/01/2018 10:24,COMPLETE,03/01/2018 06:19,04/01/2018 19:58,10/01/2018,WELCOME10
ZA-00013016,ZAC0003899,01/01/2018 16:55,COMPLETE,03/01/2018 22:17,05/01/2018 08:51,08/01/2018,
ZA-00013017,ZAC0008031,01/01/2018 18:51,COMPLETE,04/01/2018 09:08,07/01/2018 03:07,11/01/2018,
ZA-00013018,ZAC0007490,01/01/2018 06:31,COMPLETE,05/01/2018 00:49,08/01/2018 00:46,12/01/2018,
ZA-00013019,ZAC0021876,01/01/2018 13:37,COMPLETE,03/01/2018 18:24,08/01/2018 15:19,08/01/2018,
ZA-00013020,ZAC0012327,01/01/2018 20:47,COMPLETE,03/01/2018 10:38,09/01/2018 10:11,08/01/2018,
ZA-00013021,ZAC0002154,01/01/2018 08:36,COMPLETE,02/01/2018 06:45,08/01/2018 04:39,06/01/2018,
ZA-00013022,ZAC0019597,01/01/2018 08:23,COMPLETE,02/01/2018 11:42,10/01/2018 02:55,06/01/2018,
ZA-00013023,ZAC0003893,01/01/2018 15:52,COMPLETE,05/01/2018 16:12,11/01/2018 19:36,09/01/2018,WELCOME10
ZA-00013024,ZAC0014619,01/01/2018 06:35,COMPLETE,01/01/2018 18:43,03/01/2018 15:25,11/01/2018,FLASH25
ZA-00013025,ZAC0012392,01/01/2018 15:30,COMPLETE,04/01/2018 15:12,08/01/2018 09:33,09/01/2018,
ZA-00013026,ZAC0001364,01/01/2018 11:35,COMPLETE,01/01/2018 22:40,08/01/2018 02:01,08/01/2018,
ZA-00013027,ZAC0011602,02/01/2018 06:24,COMPLETE,06/01/2018 12:53,08/01/2018 22:10,11/01/2018,
ZA-00013028,ZAC0021188,02/01/2018 08:26,COMPLETE,05/01/2018 01:56,09/01/2018 17:36,09/01/2018,
ZA-00013029,ZAC0001784,02/01/2018 14:24,COMPLETE,04/01/2018 11:00,06/01/2018 15:21,11/01/2018,LOYAL5
ZA-00013030,ZAC0020900,02/01/2018 08:54,COMPLETE,06/01/2018 06:34,12/01/2018 02:47,09/01/2018,
ZA-00013031,ZAC0007622,02/01/2018 22:34,COMPLETE,06/01/2018 01:46,09/01/2018 05:18,11/01/2018,
ZA-00013032,ZAC0014012,02/01/2018 22:41,COMPLETE,03/01/2018 15:29,04/01/2018 19:13,06/01/2018,
ZA-00013033,ZAC0005911,02/01/2018 18:41,COMPLETE,05/01/2018 08:12,07/01/2018 05:24,10/01/2018,
ZA-00013034,ZAC0010087,02/01/2018 21:58,COMPLETE,07/01/2018 21:54,10/01/2018 09:50,14/01/2018,
ZA-00013035,ZAC0003090,02/01/2018 17:34,COMPLETE,04/01/2018 06:47,07/01/2018 07:04,11/01/2018,
ZA-00013036,ZAC0015524,02/01/2018 18:12,DISPATCHED,05/01/2018 11:10,,09/01/2018,
ZA-00013037,ZAC0011758,02/01/2018 10:39,COMPLETE,04/01/2018 21:10,10/01/2018 23:18,07/01/2018,
ZA-00013038,ZAC0005685,02/01/2018 17:36,COMPLETE,04/01/2018 18:14,07/01/2018 21:14,08/01/2018,
ZA-00013039,ZAC0006691,02/01/2018 12:47,COMPLETE,05/01/2018 09:36,08/01/2018 20:41,12/01/2018,
ZA-00013040,ZAC0022216,02/01/2018 08:46,COMPLETE,03/01/2018 22:09,05/01/2018 15:30,08/01/2018,FLASH25
ZA-00013041,ZAC0002762,02/01/2018 17:39,COMPLETE,03/01/2018 01:26,08/01/2018 12:57,10/01/2018,
ZA-00013042,ZAC0004250,02/01/2018 18:06,COMPLETE,07/01/2018 17:53,16/01/2018 13:06,12/01/2018,
ZA-00013043,ZAC0007036,02/01/2018 09:25,COMPLETE,08/01/2018 13:53,10/01/2018 16:47,11/01/2018,
ZA-00013044,ZAC0008044,02/01/2018 15:49,COMPLETE,07/01/2018 03:55,09/01/2018 03:19,12/01/2018,
ZA-00013045,ZAC0008954,02/01/2018 09:43,COMPLETE,05/01/2018 11:49,09/01/2018 08:10,10/01/2018,
ZA-00013046,ZAC0007751,02/01/2018 17:46,COMPLETE,04/01/2018 01:23,13/01/2018 22:13,09/01/2018,
ZA-00013047,ZAC0006278,02/01/2018 20:36,COMPLETE,03/01/2018 12:07,06/01/2018 20:04,07/01/2018,BULK20
ZA-00013048,ZAC0010842,02/01/2018 15:05,COMPLETE,04/01/2018 02:31,10/01/2018 02:20,08/01/2018,
ZA-00013049,ZAC0006998,02/01/2018 09:13,COMPLETE,07/01/2018 04:03,13/01/2018 14:30,14/01/2018,
ZA-00013050,ZAC0016115,02/01/2018 20:22,COMPLETE,07/01/2018 00:33,12/01/2018 23:36,14/01/2018,
ZA-00013051,ZAC0003537,02/01/2018 22:38,COMPLETE,08/01/2018 08:53,13/01/2018 12:57,11/01/2018,
ZA-00013052,ZAC0009314,02/01/2018 11:32,COMPLETE,05/01/2018 09:57,19/01/2018 22:02,09/01/2018,WINTER15
ZA-00013053,ZAC0017268,02/01/2018 06:39,RETURNED,03/01/2018 03:35,04/01/2018 23:01,08/01/2018,
ZA-00013054,ZAC0021813,02/01/2018 19:19,COMPLETE,05/01/2018 12:20,06/01/2018 04:09,08/01/2018,
ZA-00013055,ZAC0014597,02/01/2018 11:34,COMPLETE,03/01/2018 09:56,06/01/2018 19:20,08/01/2018,
ZA-00013056,ZAC0014711,02/01/2018 20:01,COMPLETE,03/01/2018 21:12,07/01/2018 13:19,07/01/2018,
ZA-00013057,ZAC0015257,02/01/2018 19:58,COMPLETE,04/01/2018 19:08,08/01/2018 04:08,09/01/2018,
ZA-00013058,ZAC0017663,02/01/2018 07:41,COMPLETE,04/01/2018 00:02,08/01/2018 04:51,09/01/2018,
ZA-00013059,ZAC0008901,02/01/2018 13:18,COMPLETE,02/01/2018 22:58,05/01/2018 10:27,06/01/2018,LOYAL5
ZA-00013060,ZAC0017248,02/01/2018 11:03,RETURNED,05/01/2018 19:42,06/01/2018 13:28,12/01/2018,
ZA-00013061,ZAC0000960,02/01/2018 08:38,COMPLETE,04/01/2018 09:02,09/01/2018 01:40,09/01/2018,
ZA-00013062,ZAC0013575,02/01/2018 09:05,COMPLETE,03/01/2018 08:31,07/01/2018 11:34,07/01/2018,LOYAL5
ZA-00013063,ZAC0012137,02/01/2018 07:55,COMPLETE,07/01/2018 03:18,17/01/2018 01:44,11/01/2018,
ZA-00013064,ZAC0014514,02/01/2018 21:54,COMPLETE,03/01/2018 07:47,05/01/2018 12:17,08/01/2018,
ZA-00013065,ZAC0014296,02/01/2018 07:02,COMPLETE,08/01/2018 02:57,17/01/2018 15:12,13/01/2018,
ZA-00013066,ZAC0000972,02/01/2018 08:45,COMPLETE,02/01/2018 19:00,12/01/2018 09:18,06/01/2018,
ZA-00013067,ZAC0003369,02/01/2018 08:10,COMPLETE,03/01/2018 04:55,05/01/2018 10:11,07/01/2018,
ZA-00013068,ZAC0012157,02/01/2018 19:22,COMPLETE,05/01/2018 05:08,06/01/2018 17:49,08/01/2018,
ZA-00013069,ZAC0022139,02/01/2018 10:41,COMPLETE,03/01/2018 13:24,07/01/2018 08:32,07/01/2018,
ZA-00013070,ZAC0022003,02/01/2018 08:48,COMPLETE,03/01/2018 06:01,07/01/2018 10:05,07/01/2018,
ZA-00013071,ZAC0012266,02/01/2018 12:04,COMPLETE,07/01/2018 06:44,08/01/2018 16:36,12/01/2018,
ZA-00013072,ZAC0014735,02/01/2018 18:50,COMPLETE,04/01/2018 06:59,09/01/2018 01:07,07/01/2018,
ZA-00013073,ZAC0010139,02/01/2018 12:23,COMPLETE,04/01/2018 07:54,10/01/2018 08:58,08/01/2018,BULK20
ZA-00013074,ZAC0014009,02/01/2018 08:46,COMPLETE,02/01/2018 13:53,06/01/2018 04:35,09/01/2018,
ZA-00013075,ZAC0002856,02/01/2018 07:17,CANCELLED,,,,LOYAL5
ZA-00013076,ZAC0007735,02/01/2018 12:54,COMPLETE,03/01/2018 18:47,06/01/2018 21:09,07/01/2018,
ZA-00013077,ZAC0008161,02/01/2018 20:05,CANCELLED,,,,
ZA-00013078,ZAC0011039,02/01/2018 17:58,COMPLETE,03/01/2018 15:05,07/01/2018 14:04,06/01/2018,
ZA-00013079,ZAC0003502,03/01/2018 16:30,COMPLETE,04/01/2018 16:55,08/01/2018 10:15,07/01/2018,FLASH25
ZA-00013080,ZAC0011935,03/01/2018 22:17,COMPLETE,04/01/2018 23:08,11/01/2018 08:25,09/01/2018,
ZA-00013081,ZAC0012089,03/01/2018 08:03,COMPLETE,04/01/2018 13:10,08/01/2018 10:03,09/01/2018,
ZA-00013082,ZAC0017558,03/01/2018 09:17,COMPLETE,03/01/2018 14:46,08/01/2018 15:50,13/01/2018,
ZA-00013083,ZAC0023142,03/01/2018 17:47,COMPLETE,05/01/2018 22:57,14/01/2018 23:34,09/01/2018,
ZA-00013084,ZAC0004939,03/01/2018 16:33,COMPLETE,08/01/2018 06:48,16/01/2018 23:51,15/01/2018,
ZA-00013085,ZAC0022064,03/01/2018 20:21,COMPLETE,04/01/2018 20:05,13/01/2018 03:03,09/01/2018,
ZA-00013086,ZAC0017117,03/01/2018 06:16,COMPLETE,05/01/2018 20:39,13/01/2018 01:24,09/01/2018,
ZA-00013087,ZAC0014594,03/01/2018 22:17,COMPLETE,04/01/2018 17:46,25/01/2018 16:05,11/01/2018,
ZA-00013088,ZAC0021160,03/01/2018 16:57,PENDING,,,,FLASH25
ZA-00013089,ZAC0010896,03/01/2018 22:40,COMPLETE,05/01/2018 00:13,13/01/2018 06:02,09/01/2018,
ZA-00013090,ZAC0004103,03/01/2018 08:21,COMPLETE,04/01/2018 04:16,10/01/2018 11:40,09/01/2018,
ZA-00013091,ZAC0002681,03/01/2018 07:13,COMPLETE,04/01/2018 17:16,13/01/2018 17:11,08/01/2018,
ZA-00013092,ZAC0023356,03/01/2018 15:55,COMPLETE,04/01/2018 04:06,07/01/2018 03:28,07/01/2018,
ZA-00013093,ZAC0016732,03/01/2018 10:41,CANCELLED,,,,
ZA-00013094,ZAC0016159,03/01/2018 18:06,COMPLETE,05/01/2018 11:29,06/01/2018 09:47,09/01/2018,
ZA-00013095,ZAC0007210,03/01/2018 15:17,CANCELLED,,,,
ZA-00013096,ZAC0014312,03/01/2018 17:32,COMPLETE,05/01/2018 07:53,13/01/2018 06:09,10/01/2018,FLASH25
ZA-00013097,ZAC0018830,03/01/2018 15:35,COMPLETE,04/01/2018 06:05,16/01/2018 01:20,09/01/2018,BULK20
ZA-00013098,ZAC0007653,03/01/2018 07:37,COMPLETE,08/01/2018 09:34,12/01/2018 15:18,12/01/2018,
ZA-00013099,ZAC0017623,03/01/2018 15:30,COMPLETE,06/01/2018 01:27,08/01/2018 15:05,11/01/2018,
ZA-00013100,ZAC0015701,03/01/2018 10:49,COMPLETE,08/01/2018 17:31,12/01/2018 05:13,12/01/2018,
ZA-00013101,ZAC0002214,03/01/2018 07:21,COMPLETE,05/01/2018 06:24,18/01/2018 17:53,08/01/2018,LOYAL5
ZA-00013102,ZAC0004938,03/01/2018 15:56,COMPLETE,05/01/2018 06:38,13/01/2018 02:49,08/01/2018,
ZA-00013103,ZAC0023092,03/01/2018 12:01,COMPLETE,06/01/2018 09:06,13/01/2018 00:28,11/01/2018,
ZA-00013104,ZAC0005400,03/01/2018 19:58,COMPLETE,05/01/2018 14:14,08/01/2018 16:27,10/01/2018,
ZA-00013105,ZAC0020617,03/01/2018 18:26,COMPLETE,07/01/2018 17:58,10/01/2018 00:59,11/01/2018,
ZA-00013106,ZAC0012717,03/01/2018 22:51,PENDING,,,,
ZA-00013107,ZAC0007389,03/01/2018 11:50,COMPLETE,04/01/2018 00:06,07/01/2018 21:56,09/01/2018,
ZA-00013108,ZAC0000115,03/01/2018 15:25,COMPLETE,05/01/2018 00:37,07/01/2018 02:00,08/01/2018,WELCOME10
ZA-00013109,ZAC0006350,03/01/2018 09:40,COMPLETE,04/01/2018 03:42,07/01/2018 13:17,09/01/2018,WINTER15
ZA-00013110,ZAC0008566,03/01/2018 06:01,COMPLETE,09/01/2018 22:23,13/01/2018 18:10,12/01/2018,
ZA-00013111,ZAC0019210,03/01/2018 06:27,COMPLETE,07/01/2018 13:34,12/01/2018 05:03,10/01/2018,
ZA-00013112,ZAC0011669,03/01/2018 09:48,COMPLETE,08/01/2018 00:00,11/01/2018 14:00,18/01/2018,
ZA-00013113,ZAC0012182,03/01/2018 07:49,COMPLETE,03/01/2018 17:49,05/01/2018 11:03,08/01/2018,
ZA-00013114,ZAC0005878,03/01/2018 20:23,COMPLETE,07/01/2018 11:45,10/01/2018 21:57,10/01/2018,
ZA-00013115,ZAC0016838,03/01/2018 22:45,COMPLETE,08/01/2018 17:16,10/01/2018 17:48,11/01/2018,
ZA-00013116,ZAC0010762,03/01/2018 18:38,COMPLETE,06/01/2018 10:22,13/01/2018 04:27,10/01/2018,WELCOME10
ZA-00013117,ZAC0018767,03/01/2018 22:05,COMPLETE,07/01/2018 10:52,14/01/2018 20:08,11/01/2018,
ZA-00013118,ZAC0013918,03/01/2018 14:58,COMPLETE,06/01/2018 20:05,13/01/2018 16:19,09/01/2018,
ZA-00013119,ZAC0018911,03/01/2018 10:56,RETURNED,04/01/2018 09:49,08/01/2018 13:31,07/01/2018,
ZA-00013120,ZAC0004275,03/01/2018 13:23,DISPATCHED,05/01/2018 09:47,,08/01/2018,
ZA-00013121,ZAC0002079,03/01/2018 10:06,COMPLETE,06/01/2018 21:03,10/01/2018 10:48,10/01/2018,LOYAL5
ZA-00013122,ZAC0012538,03/01/2018 19:07,RETURNED,06/01/2018 20:22,19/01/2018 02:28,09/01/2018,
ZA-00013123,ZAC0002437,03/01/2018 20:48,COMPLETE,05/01/2018 19:02,10/01/2018 02:23,10/01/2018,
ZA-00013124,ZAC0015985,03/01/2018 14:35,COMPLETE,04/01/2018 10:00,05/01/2018 23:16,08/01/2018,
ZA-00013125,ZAC0010594,03/01/2018 14:30,COMPLETE,05/01/2018 14:23,14/01/2018 22:35,10/01/2018,
ZA-00013126,ZAC0017936,03/01/2018 21:50,COMPLETE,05/01/2018 01:04,07/01/2018 01:42,12/01/2018,
ZA-00013127,ZAC0011837,03/01/2018 14:59,CANCELLED,,,,FLASH25
ZA-00013128,ZAC0019355,03/01/2018 09:46,COMPLETE,03/01/2018 15:25,15/01/2018 17:30,10/01/2018,FREESHIP
ZA-00013129,ZAC0021116,03/01/2018 08:40,COMPLETE,04/01/2018 12:25,04/01/2018 20:20,09/01/2018,
ZA-00013130,ZAC0010391,03/01/2018 12:52,COMPLETE,10/01/2018 22:07,13/01/2018 05:00,17/01/2018,WELCOME10
ZA-00013131,ZAC0015751,03/01/2018 22:53,COMPLETE,08/01/2018 15:50,13/01/2018 19:26,15/01/2018,
ZA-00013132,ZAC0000285,03/01/2018 19:03,COMPLETE,05/01/2018 08:20,09/01/2018 15:02,09/01/2018,
ZA-00013133,ZAC0002112,03/01/2018 14:35,COMPLETE,04/01/2018 03:34,09/01/2018 04:51,08/01/2018,
ZA-00013134,ZAC0009729,03/01/2018 18:19,COMPLETE,08/01/2018 18:27,09/01/2018 21:55,18/01/2018,
ZA-00013135,ZAC0022492,03/01/2018 06:32,COMPLETE,05/01/2018 11:42,07/01/2018 23:48,10/01/2018,
ZA-00013136,ZAC0012511,03/01/2018 21:48,DISPATCHED,05/01/2018 22:37,,12/01/2018,
ZA-00013137,ZAC0000676,03/01/2018 12:51,COMPLETE,04/01/2018 03:51,07/01/2018 12:02,07/01/2018,
ZA-00013138,ZAC0023192,03/01/2018 10:18,COMPLETE,04/01/2018 07:18,06/01/2018 15:09,07/01/2018,WINTER15
ZA-00013139,ZAC0001753,04/01/2018 21:59,COMPLETE,05/01/2018 12:58,11/01/2018 02:06,09/01/2018,
ZA-00013140,ZAC0010416,04/01/2018 09:18,COMPLETE,05/01/2018 13:35,14/01/2018 00:52,09/01/2018,
ZA-00013141,ZAC0022588,04/01/2018 20:02,COMPLETE,05/01/2018 03:13,08/01/2018 01:19,12/01/2018,
ZA-00013142,ZAC0000686,04/01/2018 10:44,COMPLETE,05/01/2018 17:51,10/01/2018 01:22,09/01/2018,
ZA-00013143,ZAC0020216,04/01/2018 15:13,COMPLETE,05/01/2018 16:20,09/01/2018 13:05,10/01/2018,
ZA-00013144,ZAC0005536,04/01/2018 21:14,COMPLETE,05/01/2018 13:39,11/01/2018 08:38,09/01/2018,
ZA-00013145,ZAC0001982,04/01/2018 13:20,COMPLETE,07/01/2018 14:19,14/01/2018 08:14,14/01/2018,
ZA-00013146,ZAC0013001,04/01/2018 13:03,COMPLETE,06/01/2018 02:56,07/01/2018 05:00,10/01/2018,
ZA-00013147,ZAC0013066,04/01/2018 21:42,COMPLETE,14/01/2018 07:19,26/01/2018 06:04,24/01/2018,
ZA-00013148,ZAC0019601,04/01/2018 22:59,COMPLETE,06/01/2018 19:41,11/01/2018 03:42,10/01/2018,
ZA-00013149,ZAC0015379,04/01/2018 17:28,COMPLETE,08/01/2018 14:40,10/01/2018 04:11,13/01/2018,
ZA-00013150,ZAC0021971,04/01/2018 11:18,DISPATCHED,06/01/2018 10:12,,10/01/2018,
ZA-00013151,ZAC0004139,04/01/2018 18:40,COMPLETE,06/01/2018 07:00,26/01/2018 12:10,09/01/2018,
ZA-00013152,ZAC0014650,04/01/2018 12:25,COMPLETE,05/01/2018 13:49,11/01/2018 17:33,12/01/2018,
ZA-00013153,ZAC0002893,04/01/2018 16:27,COMPLETE,05/01/2018 06:02,05/01/2018 18:13,09/01/2018,WELCOME10
ZA-00013154,ZAC0019295,04/01/2018 09:08,COMPLETE,07/01/2018 04:44,11/01/2018 02:39,11/01/2018,
ZA-00013155,ZAC0023121,04/01/2018 10:55,COMPLETE,05/01/2018 14:29,12/01/2018 04:40,09/01/2018,
ZA-00013156,ZAC0010667,04/01/2018 12:44,COMPLETE,05/01/2018 15:01,15/01/2018 08:00,09/01/2018,WELCOME10
ZA-00013157,ZAC0013029,04/01/2018 19:55,COMPLETE,05/01/2018 12:12,08/01/2018 19:35,08/01/2018,
ZA-00013158,ZAC0008348,04/01/2018 16:52,COMPLETE,06/01/2018 05:44,07/01/2018 02:54,10/01/2018,
ZA-00013159,ZAC0016428,04/01/2018 20:49,COMPLETE,06/01/2018 12:56,08/01/2018 13:31,09/01/2018,
ZA-00013160,ZAC0022179,04/01/2018 21:28,COMPLETE,05/01/2018 22:15,08/01/2018 00:57,10/01/2018,
ZA-00013161,ZAC0007530,04/01/2018 10:43,COMPLETE,04/01/2018 18:39,08/01/2018 07:38,07/01/2018,
ZA-00013162,ZAC0020851,04/01/2018 17:05,COMPLETE,05/01/2018 06:01,05/01/2018 11:42,09/01/2018,
ZA-00013163,ZAC0010739,04/01/2018 15:59,CANCELLED,,,,LOYAL5
ZA-00013164,ZAC0008080,04/01/2018 08:06,COMPLETE,06/01/2018 17:46,14/01/2018 14:18,11/01/2018,BULK20
ZA-00013165,ZAC0021801,04/01/2018 07:57,COMPLETE,05/01/2018 23:30,19/01/2018 11:49,12/01/2018,
ZA-00013166,ZAC0022759,04/01/2018 17:03,COMPLETE,05/01/2018 09:15,10/01/2018 00:05,08/01/2018,FLASH25
ZA-00013167,ZAC0023545,04/01/2018 20:26,COMPLETE,08/01/2018 22:35,12/01/2018 08:25,11/01/2018,WELCOME10
ZA-00013168,ZAC0023045,04/01/2018 17:46,COMPLETE,06/01/2018 11:10,08/01/2018 11:57,10/01/2018,
ZA-00013169,ZAC0015371,04/01/2018 08:50,COMPLETE,07/01/2018 16:33,13/01/2018 16:33,14/01/2018,BULK20
ZA-00013170,ZAC0002965,04/01/2018 19:04,COMPLETE,07/01/2018 05:08,17/01/2018 06:43,11/01/2018,
ZA-00013171,ZAC0008952,04/01/2018 12:34,COMPLETE,05/01/2018 01:18,08/01/2018 01:54,10/01/2018,
ZA-00013172,ZAC0023102,04/01/2018 11:52,COMPLETE,05/01/2018 01:08,06/01/2018 21:39,10/01/2018,WINTER15
ZA-00013173,ZAC0019731,04/01/2018 06:52,COMPLETE,09/01/2018 10:25,13/01/2018 03:45,14/01/2018,
ZA-00013174,ZAC0017563,04/01/2018 21:27,COMPLETE,04/01/2018 22:00,15/01/2018 17:27,11/01/2018,WINTER15
ZA-00013175,ZAC0001494,04/01/2018 06:33,COMPLETE,06/01/2018 00:28,11/01/2018 17:34,09/01/2018,
ZA-00013176,ZAC0017755,04/01/2018 08:01,COMPLETE,08/01/2018 04:05,09/01/2018 15:51,11/01/2018,
ZA-00013177,ZAC0002186,04/01/2018 20:37,COMPLETE,06/01/2018 09:17,17/01/2018 09:15,11/01/2018,
ZA-00013178,ZAC0004955,04/01/2018 07:45,COMPLETE,06/01/2018 16:49,10/01/2018 14:52,11/01/2018,LOYAL5
ZA-00013179,ZAC0022079,04/01/2018 17:40,COMPLETE,06/01/2018 18:12,12/01/2018 22:47,11/01/2018,
ZA-00013180,ZAC0011992,04/01/2018 09:52,COMPLETE,06/01/2018 02:40,12/01/2018 10:52,16/01/2018,
ZA-00013181,ZAC0017865,04/01/2018 19:29,COMPLETE,08/01/2018 22:33,13/01/2018 22:33,13/01/2018,
ZA-00013182,ZAC0010394,04/01/2018 14:05,COMPLETE,08/01/2018 06:02,11/01/2018 15:52,13/01/2018,FREESHIP
ZA-00013183,ZAC0022948,04/01/2018 21:59,COMPLETE,07/01/2018 09:31,22/01/2018 05:28,17/01/2018,
ZA-00013184,ZAC0009324,04/01/2018 20:22,COMPLETE,05/01/2018 18:37,10/01/2018 21:28,12/01/2018,
ZA-00013185,ZAC0014407,04/01/2018 19:31,COMPLETE,05/01/2018 02:30,08/01/2018 17:15,10/01/2018,
ZA-00013186,ZAC0019577,04/01/2018 20:59,COMPLETE,12/01/2018 01:20,20/01/2018 16:59,16/01/2018,
ZA-00013187,ZAC0005273,04/01/2018 22:14,COMPLETE,06/01/2018 08:08,10/01/2018 06:39,13/01/2018,
ZA-00013188,ZAC0019850,04/01/2018 06:10,COMPLETE,10/01/2018 05:33,13/01/2018 14:54,15/01/2018,
ZA-00013189,ZAC0017700,04/01/2018 07:25,COMPLETE,04/01/2018 07:28,07/01/2018 22:34,11/01/2018,
ZA-00013190,ZAC0013768,04/01/2018 21:24,COMPLETE,06/01/2018 21:36,09/01/2018 13:04,10/01/2018,
ZA-00013191,ZAC0019601,04/01/2018 19:55,COMPLETE,05/01/2018 15:31,08/01/2018 18:26,09/01/2018,
ZA-00013192,ZAC0001812,04/01/2018 21:24,COMPLETE,06/01/2018 17:16,07/01/2018 18:48,11/01/2018,
ZA-00013193,ZAC0000250,04/01/2018 08:18,COMPLETE,05/01/2018 20:35,07/01/2018 15:49,08/01/2018,
ZA-00013194,ZAC0012093,04/01/2018 16:24,COMPLETE,08/01/2018 09:44,12/01/2018 13:52,11/01/2018,
ZA-00013195,ZAC0013244,04/01/2018 10:35,COMPLETE,06/01/2018 09:13,08/01/2018 18:45,10/01/2018,
ZA-00013196,ZAC0014496,04/01/2018 17:07,COMPLETE,07/01/2018 19:45,14/01/2018 06:04,11/01/2018,
ZA-00013197,ZAC0000492,04/01/2018 08:12,COMPLETE,07/01/2018 23:36,12/01/2018 02:55,12/01/2018,
ZA-00013198,ZAC0002130,04/01/2018 09:43,COMPLETE,08/01/2018 07:01,11/01/2018 14:34,18/01/2018,
ZA-00013199,ZAC0006105,04/01/2018 09:04,COMPLETE,07/01/2018 11:31,12/01/2018 05:43,14/01/2018,FREESHIP
ZA-00013200,ZAC0020246,04/01/2018 16:59,COMPLETE,05/01/2018 21:26,08/01/2018 10:55,10/01/2018,BULK20
ZA-00013201,ZAC0006553,05/01/2018 10:51,COMPLETE,06/01/2018 15:50,11/01/2018 03:28,10/01/2018,
ZA-00013202,ZAC0002617,05/01/2018 21:48,COMPLETE,11/01/2018 03:23,20/01/2018 00:36,16/01/2018,FREESHIP
ZA-00013203,ZAC0022437,05/01/2018 21:41,COMPLETE,07/01/2018 03:38,10/01/2018 10:09,12/01/2018,
ZA-00013204,ZAC0014955,05/01/2018 16:48,COMPLETE,06/01/2018 15:04,09/01/2018 15:03,16/01/2018,
ZA-00013205,ZAC0022638,05/01/2018 18:17,COMPLETE,11/01/2018 13:45,16/01/2018 23:18,18/01/2018,
ZA-00013206,ZAC0023880,05/01/2018 14:36,COMPLETE,07/01/2018 12:40,08/01/2018 18:47,11/01/2018,
ZA-00013207,ZAC0011166,05/01/2018 19:29,COMPLETE,07/01/2018 01:42,09/01/2018 16:42,11/01/2018,
ZA-00013208,ZAC0009320,05/01/2018 08:33,COMPLETE,06/01/2018 18:09,10/01/2018 09:17,10/01/2018,
ZA-00013209,ZAC0012932,05/01/2018 22:59,COMPLETE,10/01/2018 01:53,12/01/2018 17:39,17/01/2018,
ZA-00013210,ZAC0011967,05/01/2018 11:11,COMPLETE,09/01/2018 21:18,21/01/2018 08:32,16/01/2018,
ZA-00013211,ZAC0013541,05/01/2018 10:22,COMPLETE,08/01/2018 02:45,13/01/2018 21:59,11/01/2018,
ZA-00013212,ZAC0006237,05/01/2018 06:10,COMPLETE,07/01/2018 11:00,08/01/2018 07:09,11/01/2018,
ZA-00013213,ZAC0006715,05/01/2018 18:27,COMPLETE,07/01/2018 14:09,11/01/2018 23:10,14/01/2018,
ZA-00013214,ZAC0012733,05/01/2018 22:31,COMPLETE,07/01/2018 01:16,08/01/2018 11:42,14/01/2018,
ZA-00013215,ZAC0021922,05/01/2018 21:06,COMPLETE,09/01/2018 21:44,14/01/2018 19:36,13/01/2018,
ZA-00013216,ZAC0014797,05/01/2018 06:42,COMPLETE,07/01/2018 01:23,10/01/2018 13:44,14/01/2018,
ZA-00013217,ZAC0001351,05/01/2018 17:20,COMPLETE,07/01/2018 22:10,09/01/2018 16:27,12/01/2018,
ZA-00013218,ZAC0015683,05/01/2018 09:10,COMPLETE,07/01/2018 23:19,11/01/2018 11:46,12/01/2018,
ZA-00013219,ZAC0002962,05/01/2018 09:56,COMPLETE,09/01/2018 09:51,13/01/2018 04:37,13/01/2018,
ZA-00013220,ZAC0019693,05/01/2018 12:01,COMPLETE,06/01/2018 09:29,10/01/2018 06:49,09/01/2018,
ZA-00013221,ZAC0002309,05/01/2018 21:04,COMPLETE,06/01/2018 00:49,13/01/2018 20:31,11/01/2018,
ZA-00013222,ZAC0005719,05/01/2018 17:34,COMPLETE,06/01/2018 09:36,07/01/2018 12:58,09/01/2018,
ZA-00013223,ZAC0004215,05/01/2018 06:31,COMPLETE,08/01/2018 05:13,11/01/2018 13:42,12/01/2018,
ZA-00013224,ZAC0018708,05/01/2018 11:33,COMPLETE,09/01/2018 00:47,20/01/2018 14:25,19/01/2018,
ZA-00013225,ZAC0018094,05/01/2018 11:34,COMPLETE,05/01/2018 18:11,07/01/2018 16:51,08/01/2018,FLASH25
ZA-00013226,ZAC0002555,05/01/2018 08:50,COMPLETE,08/01/2018 01:05,12/01/2018 02:42,12/01/2018,
ZA-00013227,ZAC0008160,05/01/2018 07:50,COMPLETE,06/01/2018 17:51,08/01/2018 17:03,10/01/2018,
ZA-00013228,ZAC0022960,05/01/2018 21:05,COMPLETE,10/01/2018 05:04,13/01/2018 08:02,14/01/2018,
ZA-00013229,ZAC0017438,05/01/2018 16:31,COMPLETE,07/01/2018 01:41,14/01/2018 03:03,11/01/2018,
ZA-00013230,ZAC0006147,05/01/2018 20:26,COMPLETE,10/01/2018 13:19,18/01/2018 04:14,14/01/2018,FREESHIP
ZA-00013231,ZAC0021414,05/01/2018 14:43,COMPLETE,11/01/2018 15:05,11/01/2018 20:06,16/01/2018,WINTER15
ZA-00013232,ZAC0008881,05/01/2018 10:56,COMPLETE,06/01/2018 05:07,11/01/2018 13:33,16/01/2018,BULK20
ZA-00013233,ZAC0008319,05/01/2018 14:39,COMPLETE,07/01/2018 06:24,14/01/2018 03:47,14/01/2018,
ZA-00013234,ZAC0013268,05/01/2018 19:28,COMPLETE,08/01/2018 02:59,09/01/2018 08:51,12/01/2018,
ZA-00013235,ZAC0004131,05/01/2018 21:10,COMPLETE,08/01/2018 19:26,10/01/2018 05:37,15/01/2018,
ZA-00013236,ZAC0002949,05/01/2018 12:33,COMPLETE,07/01/2018 23:08,11/01/2018 05:50,11/01/2018,FREESHIP
ZA-00013237,ZAC0020240,05/01/2018 18:26,COMPLETE,08/01/2018 10:32,12/01/2018 13:41,13/01/2018,FREESHIP
ZA-00013238,ZAC0020105,05/01/2018 14:54,CANCELLED,,,,LOYAL5
ZA-00013239,ZAC0008635,05/01/2018 19:19,COMPLETE,09/01/2018 06:48,15/01/2018 19:43,12/01/2018,
ZA-00013240,ZAC0010188,05/01/2018 18:52,COMPLETE,05/01/2018 23:52,10/01/2018 07:54,08/01/2018,
ZA-00013241,ZAC0006152,05/01/2018 22:33,COMPLETE,08/01/2018 04:41,10/01/2018 14:29,11/01/2018,
ZA-00013242,ZAC0013085,05/01/2018 09:14,COMPLETE,08/01/2018 04:02,10/01/2018 08:00,12/01/2018,
ZA-00013243,ZAC0013046,05/01/2018 09:32,COMPLETE,10/01/2018 05:02,11/01/2018 21:54,14/01/2018,
ZA-00013244,ZAC0007674,05/01/2018 20:22,COMPLETE,06/01/2018 23:04,16/01/2018 14:57,11/01/2018,
ZA-00013245,ZAC0014746,05/01/2018 16:01,COMPLETE,07/01/2018 05:53,08/01/2018 07:48,12/01/2018,
ZA-00013246,ZAC0020995,05/01/2018 15:07,COMPLETE,06/01/2018 10:31,08/01/2018 19:28,09/01/2018,
ZA-00013247,ZAC0002708,05/01/2018 15:04,COMPLETE,07/01/2018 03:02,19/01/2018 11:00,12/01/2018,WELCOME10
ZA-00013248,ZAC0007661,05/01/2018 10:54,CANCELLED,,,,
ZA-00013249,ZAC0018029,05/01/2018 21:07,COMPLETE,07/01/2018 07:17,13/01/2018 14:55,12/01/2018,
ZA-00013250,ZAC0008313,05/01/2018 20:49,DISPATCHED,08/01/2018 05:17,,11/01/2018,
ZA-00013251,ZAC0010497,05/01/2018 22:44,COMPLETE,06/01/2018 14:14,16/01/2018 20:51,10/01/2018,
ZA-00013252,ZAC0022849,05/01/2018 08:29,COMPLETE,06/01/2018 12:14,08/01/2018 06:00,10/01/2018,
ZA-00013253,ZAC0006242,05/01/2018 10:08,CANCELLED,,,,
ZA-00013254,ZAC0019346,05/01/2018 22:06,COMPLETE,06/01/2018 15:46,08/01/2018 09:06,10/01/2018,
ZA-00013255,ZAC0011770,05/01/2018 11:28,COMPLETE,07/01/2018 06:49,10/01/2018 10:02,11/01/2018,
ZA-00013256,ZAC0011303,05/01/2018 15:42,COMPLETE,07/01/2018 15:22,13/01/2018 16:23,10/01/2018,
ZA-00013257,ZAC0015186,05/01/2018 15:15,COMPLETE,09/01/2018 22:50,12/01/2018 12:38,13/01/2018,FLASH25
ZA-00013258,ZAC0009941,05/01/2018 20:41,CANCELLED,,,,
ZA-00013259,ZAC0008726,05/01/2018 10:55,COMPLETE,08/01/2018 19:35,13/01/2018 23:29,13/01/2018,FREESHIP
ZA-00013260,ZAC0014591,05/01/2018 15:26,COMPLETE,07/01/2018 02:12,11/01/2018 14:19,12/01/2018,
ZA-00013261,ZAC0007164,05/01/2018 10:53,COMPLETE,06/01/2018 21:25,12/01/2018 16:59,10/01/2018,
ZA-00013262,ZAC0020468,05/01/2018 17:15,COMPLETE,07/01/2018 08:46,09/01/2018 06:02,14/01/2018,LOYAL5
ZA-00013263,ZAC0003193,05/01/2018 21:06,COMPLETE,15/01/2018 18:53,18/01/2018 10:22,19/01/2018,
ZA-00013264,ZAC0020388,05/01/2018 09:16,COMPLETE,09/01/2018 18:41,17/01/2018 04:43,16/01/2018,
ZA-00013265,ZAC0009072,06/01/2018 15:56,COMPLETE,07/01/2018 13:24,08/01/2018 10:38,12/01/2018,LOYAL5
ZA-00013266,ZAC0021047,06/01/2018 11:09,COMPLETE,07/01/2018 22:14,09/01/2018 06:44,10/01/2018,
ZA-00013267,ZAC0013176,06/01/2018 14:23,COMPLETE,09/01/2018 17:06,16/01/2018 16:06,14/01/2018,
ZA-00013268,ZAC0009008,06/01/2018 08:23,COMPLETE,09/01/2018 07:04,12/01/2018 00:05,13/01/2018,WELCOME10
ZA-00013269,ZAC0014280,06/01/2018 11:15,COMPLETE,08/01/2018 21:30,11/01/2018 21:00,12/01/2018,WINTER15
ZA-00013270,ZAC0007187,06/01/2018 18:43,COMPLETE,09/01/2018 15:55,11/01/2018 20:32,19/01/2018,
ZA-00013271,ZAC0006127,06/01/2018 12:47,COMPLETE,10/01/2018 13:44,17/01/2018 16:35,17/01/2018,FLASH25
ZA-00013272,ZAC0020012,06/01/2018 18:37,COMPLETE,07/01/2018 17:23,10/01/2018 16:11,12/01/2018,BULK20
ZA-00013273,ZAC0003662,06/01/2018 06:55,COMPLETE,07/01/2018 21:11,17/01/2018 17:34,11/01/2018,FLASH25
ZA-00013274,ZAC0010545,06/01/2018 07:15,COMPLETE,07/01/2018 07:58,11/01/2018 19:20,14/01/2018,
ZA-00013275,ZAC0011131,06/01/2018 14:32,COMPLETE,06/01/2018 23:11,10/01/2018 11:43,16/01/2018,
ZA-00013276,ZAC0020567,06/01/2018 14:28,COMPLETE,07/01/2018 09:01,11/01/2018 18:50,17/01/2018,
ZA-00013277,ZAC0016095,06/01/2018 10:35,COMPLETE,07/01/2018 20:02,11/01/2018 15:47,12/01/2018,FREESHIP
ZA-00013278,ZAC0000421,06/01/2018 12:54,COMPLETE,07/01/2018 13:03,08/01/2018 19:32,12/01/2018,
ZA-00013279,ZAC0023589,06/01/2018 13:28,COMPLETE,14/01/2018 01:34,18/01/2018 01:28,18/01/2018,
ZA-00013280,ZAC0000768,06/01/2018 17:46,COMPLETE,06/01/2018 21:30,09/01/2018 07:01,13/01/2018,
ZA-00013281,ZAC0017189,06/01/2018 08:38,RETURNED,08/01/2018 08:01,13/01/2018 16:42,11/01/2018,
ZA-00013282,ZAC0000428,06/01/2018 15:28,COMPLETE,07/01/2018 02:37,08/01/2018 05:48,10/01/2018,
ZA-00013283,ZAC0001458,06/01/2018 09:51,COMPLETE,09/01/2018 01:40,16/01/2018 22:20,19/01/2018,
ZA-00013284,ZAC0016993,06/01/2018 19:12,COMPLETE,08/01/2018 20:41,13/01/2018 17:35,13/01/2018,
ZA-00013285,ZAC0002035,06/01/2018 15:17,COMPLETE,07/01/2018 19:21,11/01/2018 07:14,12/01/2018,
ZA-00013286,ZAC0011396,06/01/2018 19:51,COMPLETE,07/01/2018 17:16,17/01/2018 23:17,11/01/2018,
ZA-00013287,ZAC0019405,06/01/2018 21:45,COMPLETE,09/01/2018 03:39,16/01/2018 17:31,19/01/2018,FREESHIP
ZA-00013288,ZAC0018392,06/01/2018 21:24,COMPLETE,08/01/2018 01:58,09/01/2018 13:47,12/01/2018,
ZA-00013289,ZAC0023834,06/01/2018 08:49,COMPLETE,06/01/2018 22:58,08/01/2018 12:50,10/01/2018,
ZA-00013290,ZAC0002112,06/01/2018 17:03,COMPLETE,12/01/2018 06:16,15/01/2018 04:42,16/01/2018,WINTER15
ZA-00013291,ZAC0020036,06/01/2018 16:27,CANCELLED,,,,
ZA-00013292,ZAC0013466,06/01/2018 11:25,COMPLETE,08/01/2018 17:11,12/01/2018 03:53,18/01/2018,
ZA-00013293,ZAC0013466,06/01/2018 08:27,COMPLETE,06/01/2018 22:09,11/01/2018 12:50,11/01/2018,WELCOME10
ZA-00013294,ZAC0021525,06/01/2018 19:18,COMPLETE,10/01/2018 08:33,12/01/2018 09:31,14/01/2018,
ZA-00013295,ZAC0012338,06/01/2018 06:02,COMPLETE,10/01/2018 01:18,14/01/2018 19:39,14/01/2018,
ZA-00013296,ZAC0016895,06/01/2018 21:21,COMPLETE,09/01/2018 20:08,12/01/2018 21:08,16/01/2018,WINTER15
ZA-00013297,ZAC0021377,06/01/2018 06:01,COMPLETE,07/01/2018 18:30,11/01/2018 14:17,11/01/2018,WINTER15
ZA-00013298,ZAC0013372,06/01/2018 10:23,COMPLETE,09/01/2018 10:09,16/01/2018 14:44,13/01/2018,
ZA-00013299,ZAC0022874,06/01/2018 14:43,COMPLETE,07/01/2018 08:58,14/01/2018 06:42,10/01/2018,
ZA-00013300,ZAC0012418,06/01/2018 11:57,COMPLETE,11/01/2018 20:57,18/01/2018 03:00,15/01/2018,
ZA-00013301,ZAC0017868,06/01/2018 20:15,COMPLETE,10/01/2018 19:05,15/01/2018 05:27,17/01/2018,
ZA-00013302,ZAC0017564,06/01/2018 17:51,COMPLETE,07/01/2018 02:33,07/01/2018 14:54,10/01/2018,
ZA-00013303,ZAC0007218,06/01/2018 07:42,COMPLETE,08/01/2018 23:00,11/01/2018 12:13,12/01/2018,
ZA-00013304,ZAC0000511,06/01/2018 22:22,DISPATCHED,08/01/2018 22:43,,11/01/2018,
ZA-00013305,ZAC0011343,06/01/2018 18:47,COMPLETE,12/01/2018 21:19,15/01/2018 20:45,15/01/2018,
ZA-00013306,ZAC0015764,06/01/2018 16:41,COMPLETE,07/01/2018 03:29,10/01/2018 14:31,14/01/2018,
ZA-00013307,ZAC0004465,06/01/2018 08:31,COMPLETE,08/01/2018 16:17,12/01/2018 09:13,15/01/2018,
ZA-00013308,ZAC0008945,06/01/2018 11:40,COMPLETE,07/01/2018 12:33,12/01/2018 13:09,14/01/2018,
ZA-00013309,ZAC0022229,06/01/2018 18:20,COMPLETE,07/01/2018 20:36,11/01/2018 05:18,10/01/2018,
ZA-00013310,ZAC0015423,06/01/2018 18:39,COMPLETE,08/01/2018 10:12,12/01/2018 02:46,15/01/2018,FREESHIP
ZA-00013311,ZAC0000025,06/01/2018 22:47,COMPLETE,11/01/2018 16:52,20/01/2018 01:49,16/01/2018,
ZA-00013312,ZAC0006164,06/01/2018 10:13,COMPLETE,07/01/2018 22:25,12/01/2018 07:53,17/01/2018,
ZA-00013313,ZAC0002569,06/01/2018 06:11,COMPLETE,09/01/2018 14:17,11/01/2018 16:07,13/01/2018,
ZA-00013314,ZAC0000330,06/01/2018 11:23,COMPLETE,08/01/2018 05:59,14/01/2018 06:24,18/01/2018,FLASH25
ZA-00013315,ZAC0011101,06/01/2018 06:22,COMPLETE,08/01/2018 22:39,11/01/2018 01:56,12/01/2018,
ZA-00013316,ZAC0022109,06/01/2018 20:50,COMPLETE,09/01/2018 17:34,15/01/2018 10:57,13/01/2018,
ZA-00013317,ZAC0020961,06/01/2018 09:41,COMPLETE,07/01/2018 20:11,08/01/2018 01:07,10/01/2018,LOYAL5
ZA-00013318,ZAC0014647,06/01/2018 16:55,COMPLETE,08/01/2018 13:23,11/01/2018 07:49,13/01/2018,WELCOME10
ZA-00013319,ZAC0009051,06/01/2018 18:13,COMPLETE,08/01/2018 05:15,15/01/2018 22:05,15/01/2018,WINTER15
ZA-00013320,ZAC0008702,06/01/2018 21:42,COMPLETE,07/01/2018 05:08,15/01/2018 05:22,12/01/2018,WINTER15
ZA-00013321,ZAC0019376,06/01/2018 09:21,COMPLETE,08/01/2018 00:32,11/01/2018 07:55,15/01/2018,
ZA-00013322,ZAC0001284,06/01/2018 13:17,COMPLETE,08/01/2018 10:59,09/01/2018 15:09,13/01/2018,
ZA-00013323,ZAC0010679,06/01/2018 22:20,COMPLETE,10/01/2018 15:33,12/01/2018 08:23,13/01/2018,
ZA-00013324,ZAC0020904,06/01/2018 14:34,COMPLETE,07/01/2018 11:54,16/01/2018 05:52,12/01/2018,
ZA-00013325,ZAC0009321,06/01/2018 06:30,COMPLETE,09/01/2018 07:11,12/01/2018 20:38,14/01/2018,WINTER15
ZA-00013326,ZAC0021970,07/01/2018 08:23,CANCELLED,,,,
ZA-00013327,ZAC0005138,07/01/2018 19:05,COMPLETE,09/01/2018 23:40,11/01/2018 10:28,14/01/2018,LOYAL5
ZA-00013328,ZAC0019660,07/01/2018 08:54,COMPLETE,08/01/2018 16:04,11/01/2018 15:33,12/01/2018,
ZA-00013329,ZAC0010370,07/01/2018 19:05,COMPLETE,11/01/2018 13:10,13/01/2018 09:16,15/01/2018,
ZA-00013330,ZAC0017423,07/01/2018 21:14,COMPLETE,09/01/2018 00:05,13/01/2018 12:50,13/01/2018,
ZA-00013331,ZAC0018875,07/01/2018 19:03,COMPLETE,09/01/2018 00:10,09/01/2018 23:57,16/01/2018,
ZA-00013332,ZAC0000991,07/01/2018 09:56,COMPLETE,07/01/2018 16:10,10/01/2018 15:36,10/01/2018,
ZA-00013333,ZAC0014983,07/01/2018 18:11,COMPLETE,08/01/2018 04:31,14/01/2018 09:17,13/01/2018,
ZA-00013334,ZAC0003554,07/01/2018 16:46,COMPLETE,10/01/2018 15:58,11/01/2018 11:54,13/01/2018,
ZA-00013335,ZAC0006007,07/01/2018 19:56,COMPLETE,10/01/2018 00:45,14/01/2018 22:32,15/01/2018,
ZA-00013336,ZAC0021668,07/01/2018 13:36,COMPLETE,08/01/2018 05:22,11/01/2018 04:37,15/01/2018,
ZA-00013337,ZAC0023114,07/01/2018 06:24,COMPLETE,10/01/2018 07:03,14/01/2018 11:17,15/01/2018,
ZA-00013338,ZAC0004206,07/01/2018 14:39,COMPLETE,07/01/2018 22:52,10/01/2018 03:45,12/01/2018,
ZA-00013339,ZAC0011941,07/01/2018 17:38,COMPLETE,09/01/2018 03:01,13/01/2018 09:47,19/01/2018,
ZA-00013340,ZAC0018181,07/01/2018 19:21,COMPLETE,11/01/2018 11:04,13/01/2018 14:31,18/01/2018,
ZA-00013341,ZAC0020778,07/01/2018 06:18,COMPLETE,09/01/2018 05:45,10/01/2018 12:01,14/01/2018,
ZA-00013342,ZAC0021538,07/01/2018 15:03,COMPLETE,11/01/2018 07:42,21/01/2018 01:01,15/01/2018,
ZA-00013343,ZAC0022992,07/01/2018 15:47,COMPLETE,08/01/2018 17:54,14/01/2018 01:25,13/01/2018,
ZA-00013344,ZAC0004262,07/01/2018 20:16,COMPLETE,08/01/2018 02:14,09/01/2018 22:52,12/01/2018,
ZA-00013345,ZAC0017207,07/01/2018 22:13,CANCELLED,,,,
ZA-00013346,ZAC0009639,07/01/2018 18:56,COMPLETE,12/01/2018 04:03,20/01/2018 11:23,22/01/2018,
ZA-00013347,ZAC0017781,07/01/2018 08:59,COMPLETE,08/01/2018 09:51,11/01/2018 17:33,12/01/2018,
ZA-00013348,ZAC0002892,07/01/2018 09:58,COMPLETE,07/01/2018 21:45,13/01/2018 01:51,11/01/2018,
ZA-00013349,ZAC0022310,07/01/2018 11:47,COMPLETE,08/01/2018 15:31,10/01/2018 08:12,11/01/2018,
ZA-00013350,ZAC0013104,07/01/2018 12:24,COMPLETE,16/01/2018 03:01,20/01/2018 08:39,20/01/2018,
ZA-00013351,ZAC0006394,07/01/2018 18:36,COMPLETE,10/01/2018 05:41,10/01/2018 12:48,17/01/2018,
ZA-00013352,ZAC0008377,07/01/2018 09:21,COMPLETE,12/01/2018 01:01,18/01/2018 23:29,17/01/2018,FLASH25
ZA-00013353,ZAC0006662,07/01/2018 10:13,COMPLETE,13/01/2018 11:38,16/01/2018 19:40,17/01/2018,
ZA-00013354,ZAC0021157,07/01/2018 07:41,COMPLETE,08/01/2018 16:09,12/01/2018 01:30,12/01/2018,BULK20
ZA-00013355,ZAC0014398,07/01/2018 09:57,COMPLETE,10/01/2018 09:23,16/01/2018 11:24,15/01/2018,
ZA-00013356,ZAC0017226,07/01/2018 19:36,COMPLETE,09/01/2018 04:39,11/01/2018 10:15,13/01/2018,
ZA-00013357,ZAC0015418,07/01/2018 14:56,COMPLETE,13/01/2018 11:37,20/01/2018 07:09,18/01/2018,
ZA-00013358,ZAC0000935,07/01/2018 16:10,COMPLETE,08/01/2018 12:26,12/01/2018 09:45,18/01/2018,
ZA-00013359,ZAC0000872,07/01/2018 16:39,COMPLETE,10/01/2018 17:49,15/01/2018 01:01,14/01/2018,
ZA-00013360,ZAC0013245,07/01/2018 06:45,COMPLETE,09/01/2018 10:03,12/01/2018 13:32,13/01/2018,
ZA-00013361,ZAC0008354,07/01/2018 12:41,COMPLETE,08/01/2018 19:11,23/01/2018 13:25,13/01/2018,LOYAL5
ZA-00013362,ZAC0001934,07/01/2018 19:20,COMPLETE,09/01/2018 12:59,11/01/2018 21:19,16/01/2018,
ZA-00013363,ZAC0022544,07/01/2018 22:37,COMPLETE,15/01/2018 10:23,20/01/2018 12:21,20/01/2018,
ZA-00013364,ZAC0021729,07/01/2018 10:38,COMPLETE,09/01/2018 14:20,11/01/2018 20:25,13/01/2018,
ZA-00013365,ZAC0021029,07/01/2018 13:16,COMPLETE,08/01/2018 08:57,14/01/2018 13:28,11/01/2018,
ZA-00013366,ZAC0021390,07/01/2018 13:15,COMPLETE,11/01/2018 02:15,13/01/2018 09:17,18/01/2018,WELCOME10
ZA-00013367,ZAC0009530,07/01/2018 16:00,COMPLETE,08/01/2018 15:01,15/01/2018 05:25,11/01/2018,
ZA-00013368,ZAC0007637,07/01/2018 11:33,COMPLETE,08/01/2018 20:44,13/01/2018 23:03,15/01/2018,
ZA-00013369,ZAC0001360,07/01/2018 15:14,COMPLETE,10/01/2018 17:40,15/01/2018 20:01,14/01/2018,
ZA-00013370,ZAC0003616,07/01/2018 20:44,COMPLETE,09/01/2018 14:40,17/01/2018 03:24,13/01/2018,
ZA-00013371,ZAC0009643,07/01/2018 13:13,COMPLETE,08/01/2018 03:13,10/01/2018 15:17,15/01/2018,LOYAL5
ZA-00013372,ZAC0003664,07/01/2018 22:13,COMPLETE,09/01/2018 00:48,10/01/2018 00:44,12/01/2018,LOYAL5
ZA-00013373,ZAC0016625,07/01/2018 09:54,COMPLETE,09/01/2018 13:19,10/01/2018 05:04,14/01/2018,
ZA-00013374,ZAC0005889,07/01/2018 17:14,COMPLETE,08/01/2018 15:44,12/01/2018 14:56,11/01/2018,
ZA-00013375,ZAC0000056,07/01/2018 22:24,COMPLETE,10/01/2018 18:56,11/01/2018 13:37,13/01/2018,WINTER15
ZA-00013376,ZAC0022948,07/01/2018 20:58,COMPLETE,10/01/2018 03:13,16/01/2018 05:05,17/01/2018,BULK20
ZA-00013377,ZAC0018625,07/01/2018 11:39,COMPLETE,08/01/2018 12:34,10/01/2018 08:00,13/01/2018,FLASH25
ZA-00013378,ZAC0009240,07/01/2018 15:09,COMPLETE,09/01/2018 11:04,13/01/2018 13:37,16/01/2018,
ZA-00013379,ZAC0012179,07/01/2018 11:19,DISPATCHED,08/01/2018 00:41,,13/01/2018,
ZA-00013380,ZAC0022253,07/01/2018 17:44,COMPLETE,09/01/2018 00:12,10/01/2018 14:25,12/01/2018,
ZA-00013381,ZAC0016646,07/01/2018 08:18,COMPLETE,10/01/2018 07:21,14/01/2018 23:08,14/01/2018,
ZA-00013382,ZAC0009799,07/01/2018 11:16,COMPLETE,09/01/2018 01:24,11/01/2018 21:53,13/01/2018,
ZA-00013383,ZAC0015912,07/01/2018 21:20,COMPLETE,09/01/2018 03:58,11/01/2018 20:33,16/01/2018,
ZA-00013384,ZAC0003408,07/01/2018 19:19,COMPLETE,09/01/2018 09:24,16/01/2018 03:47,19/01/2018,
ZA-00013385,ZAC0016040,07/01/2018 17:44,COMPLETE,09/01/2018 16:33,13/01/2018 12:41,13/01/2018,
ZA-00013386,ZAC0020129,07/01/2018 19:24,COMPLETE,10/01/2018 23:18,16/01/2018 17:48,17/01/2018,
ZA-00013387,ZAC0004554,07/01/2018 15:36,COMPLETE,08/01/2018 02:35,13/01/2018 04:27,13/01/2018,
ZA-00013388,ZAC0023004,07/01/2018 08:35,COMPLETE,09/01/2018 18:55,13/01/2018 20:36,14/01/2018,FREESHIP
ZA-00013389,ZAC0014817,07/01/2018 15:16,COMPLETE,11/01/2018 01:44,23/01/2018 23:13,18/01/2018,
ZA-00013390,ZAC0017882,07/01/2018 15:46,COMPLETE,09/01/2018 19:01,16/01/2018 04:30,13/01/2018,
ZA-00013391,ZAC0018590,07/01/2018 17:00,COMPLETE,10/01/2018 21:23,14/01/2018 08:55,17/01/2018,
ZA-00013392,ZAC0019896,07/01/2018 17:34,COMPLETE,10/01/2018 06:21,11/01/2018 04:48,15/01/2018,LOYAL5
ZA-00013393,ZAC0007662,07/01/2018 15:50,COMPLETE,12/01/2018 23:38,16/01/2018 23:18,16/01/2018,
ZA-00013394,ZAC0007157,08/01/2018 08:40,COMPLETE,08/01/2018 15:53,13/01/2018 08:00,12/01/2018,
ZA-00013395,ZAC0016022,08/01/2018 09:41,COMPLETE,09/01/2018 17:01,14/01/2018 16:58,19/01/2018,
ZA-00013396,ZAC0002978,08/01/2018 14:05,COMPLETE,11/01/2018 15:18,14/01/2018 19:25,14/01/2018,
ZA-00013397,ZAC0018494,08/01/2018 12:29,CANCELLED,,,,
ZA-00013398,ZAC0011570,08/01/2018 12:38,COMPLETE,09/01/2018 14:26,13/01/2018 05:37,16/01/2018,
ZA-00013399,ZAC0018315,08/01/2018 17:17,COMPLETE,09/01/2018 05:40,14/01/2018 18:06,13/01/2018,
ZA-00013400,ZAC0008018,08/01/2018 10:45,COMPLETE,09/01/2018 21:02,15/01/2018 23:28,12/01/2018,
ZA-00013401,ZAC0014719,08/01/2018 14:33,COMPLETE,10/01/2018 13:04,14/01/2018 03:34,13/01/2018,
ZA-00013402,ZAC0011913,08/01/2018 20:24,COMPLETE,10/01/2018 15:01,19/01/2018 13:24,14/01/2018,
ZA-00013403,ZAC0002526,08/01/2018 22:08,COMPLETE,11/01/2018 01:26,13/01/2018 22:06,18/01/2018,
ZA-00013404,ZAC0017411,08/01/2018 20:08,COMPLETE,11/01/2018 05:40,19/01/2018 07:50,16/01/2018,FREESHIP
ZA-00013405,ZAC0018677,08/01/2018 15:01,COMPLETE,09/01/2018 00:03,12/01/2018 14:47,13/01/2018,
ZA-00013406,ZAC0001769,08/01/2018 19:15,COMPLETE,12/01/2018 16:42,23/01/2018 23:37,16/01/2018,LOYAL5
ZA-00013407,ZAC0004505,08/01/2018 21:45,COMPLETE,10/01/2018 18:15,13/01/2018 07:26,20/01/2018,
ZA-00013408,ZAC0002668,08/01/2018 07:29,COMPLETE,09/01/2018 20:27,11/01/2018 10:01,13/01/2018,
ZA-00013409,ZAC0002500,08/01/2018 21:03,COMPLETE,09/01/2018 14:28,15/01/2018 23:09,14/01/2018,
ZA-00013410,ZAC0019428,08/01/2018 18:07,COMPLETE,09/01/2018 13:53,13/01/2018 13:57,16/01/2018,
ZA-00013411,ZAC0000126,08/01/2018 22:00,DISPATCHED,11/01/2018 08:30,,16/01/2018,FREESHIP
ZA-00013412,ZAC0008949,08/01/2018 17:21,COMPLETE,10/01/2018 00:47,16/01/2018 18:28,20/01/2018,
ZA-00013413,ZAC0001229,08/01/2018 19:58,COMPLETE,13/01/2018 21:56,15/01/2018 16:37,18/01/2018,
ZA-00013414,ZAC0014895,08/01/2018 09:40,COMPLETE,12/01/2018 05:49,21/01/2018 02:39,15/01/2018,
ZA-00013415,ZAC0002858,08/01/2018 09:42,COMPLETE,10/01/2018 10:23,13/01/2018 09:01,13/01/2018,
ZA-00013416,ZAC0011911,08/01/2018 10:22,COMPLETE,10/01/2018 22:42,16/01/2018 00:25,15/01/2018,FREESHIP
ZA-00013417,ZAC0008807,08/01/2018 13:08,COMPLETE,11/01/2018 20:56,16/01/2018 19:22,16/01/2018,
ZA-00013418,ZAC0012994,08/01/2018 15:34,COMPLETE,13/01/2018 08:32,18/01/2018 10:32,20/01/2018,
ZA-00013419,ZAC0002777,08/01/2018 10:34,PENDING,,,,
ZA-00013420,ZAC0004134,08/01/2018 06:48,COMPLETE,08/01/2018 12:34,12/01/2018 00:22,18/01/2018,
ZA-00013421,ZAC0000426,08/01/2018 16:56,COMPLETE,11/01/2018 10:54,17/01/2018 05:54,15/01/2018,
ZA-00013422,ZAC0010495,08/01/2018 15:07,CANCELLED,,,,
ZA-00013423,ZAC0021547,08/01/2018 19:52,COMPLETE,18/01/2018 10:52,21/01/2018 12:14,23/01/2018,
ZA-00013424,ZAC0009886,08/01/2018 07:59,COMPLETE,08/01/2018 23:44,11/01/2018 06:47,12/01/2018,
ZA-00013425,ZAC0001415,08/01/2018 06:48,COMPLETE,11/01/2018 13:59,13/01/2018 17:09,14/01/2018,
ZA-00013426,ZAC0020658,08/01/2018 20:14,COMPLETE,10/01/2018 11:42,14/01/2018 14:13,13/01/2018,WINTER15
ZA-00013427,ZAC0001220,08/01/2018 07:36,COMPLETE,09/01/2018 21:38,11/01/2018 06:27,14/01/2018,
ZA-00013428,ZAC0016993,08/01/2018 12:08,COMPLETE,11/01/2018 13:49,14/01/2018 06:35,16/01/2018,
ZA-00013429,ZAC0003912,08/01/2018 17:28,COMPLETE,09/01/2018 17:11,14/01/2018 13:47,14/01/2018,
ZA-00013430,ZAC0017401,08/01/2018 16:08,COMPLETE,09/01/2018 06:32,12/01/2018 06:01,16/01/2018,
ZA-00013431,ZAC0023488,08/01/2018 14:14,COMPLETE,11/01/2018 08:20,18/01/2018 20:30,14/01/2018,
ZA-00013432,ZAC0000653,08/01/2018 21:17,COMPLETE,10/01/2018 02:40,13/01/2018 16:53,17/01/2018,
ZA-00013433,ZAC0018558,08/01/2018 14:13,COMPLETE,10/01/2018 16:41,12/01/2018 05:28,14/01/2018,
ZA-00013434,ZAC0004824,08/01/2018 22:07,COMPLETE,09/01/2018 06:47,13/01/2018 10:07,13/01/2018,
ZA-00013435,ZAC0005072,08/01/2018 20:00,COMPLETE,13/01/2018 10:49,17/01/2018 01:46,17/01/2018,
ZA-00013436,ZAC0005548,08/01/2018 22:31,COMPLETE,09/01/2018 16:21,17/01/2018 18:04,13/01/2018,
ZA-00013437,ZAC0014023,08/01/2018 22:44,COMPLETE,11/01/2018 02:32,13/01/2018 04:41,18/01/2018,
ZA-00013438,ZAC0005661,08/01/2018 19:59,COMPLETE,09/01/2018 13:07,16/01/2018 23:49,13/01/2018,
ZA-00013439,ZAC0011690,08/01/2018 09:45,COMPLETE,10/01/2018 19:42,15/01/2018 05:40,17/01/2018,
ZA-00013440,ZAC0000336,09/01/2018 18:46,COMPLETE,11/01/2018 04:07,12/01/2018 15:38,15/01/2018,
ZA-00013441,ZAC0014241,09/01/2018 12:59,COMPLETE,13/01/2018 13:27,16/01/2018 09:45,17/01/2018,
ZA-00013442,ZAC0010184,09/01/2018 06:36,COMPLETE,11/01/2018 09:58,19/01/2018 14:53,21/01/2018,
ZA-00013443,ZAC0023694,09/01/2018 19:39,COMPLETE,12/01/2018 04:57,14/01/2018 01:25,19/01/2018,
ZA-00013444,ZAC0008547,09/01/2018 20:12,COMPLETE,10/01/2018 23:36,14/01/2018 03:12,13/01/2018,
ZA-00013445,ZAC0017353,09/01/2018 07:05,COMPLETE,11/01/2018 12:26,16/01/2018 03:59,14/01/2018,
ZA-00013446,ZAC0008589,09/01/2018 10:40,COMPLETE,10/01/2018 00:10,11/01/2018 04:36,14/01/2018,
ZA-00013447,ZAC0009248,09/01/2018 08:01,COMPLETE,14/01/2018 14:51,22/01/2018 23:47,24/01/2018,
ZA-00013448,ZAC0010865,09/01/2018 18:35,COMPLETE,10/01/2018 23:48,19/01/2018 17:46,13/01/2018,
ZA-00013449,ZAC0023970,09/01/2018 20:44,DISPATCHED,10/01/2018 12:37,,14/01/2018,BULK20
ZA-00013450,ZAC0020316,09/01/2018 14:59,COMPLETE,12/01/2018 00:30,15/01/2018 15:12,16/01/2018,FLASH25
ZA-00013451,ZAC0021131,09/01/2018 16:42,COMPLETE,12/01/2018 05:53,15/01/2018 21:09,17/01/2018,
ZA-00013452,ZAC0008563,09/01/2018 11:01,COMPLETE,11/01/2018 12:54,16/01/2018 03:06,14/01/2018,
ZA-00013453,ZAC0003065,09/01/2018 22:40,COMPLETE,12/01/2018 01:00,29/01/2018 06:45,19/01/2018,
ZA-00013454,ZAC0000245,09/01/2018 16:35,COMPLETE,11/01/2018 20:55,15/01/2018 08:09,16/01/2018,
ZA-00013455,ZAC0008889,09/01/2018 15:12,COMPLETE,13/01/2018 08:30,14/01/2018 05:09,18/01/2018,
ZA-00013456,ZAC0005705,09/01/2018 06:53,COMPLETE,11/01/2018 19:04,16/01/2018 14:12,16/01/2018,
ZA-00013457,ZAC0007065,09/01/2018 10:23,COMPLETE,10/01/2018 14:33,12/01/2018 12:20,14/01/2018,WINTER15
ZA-00013458,ZAC0007433,09/01/2018 22:45,COMPLETE,10/01/2018 20:28,15/01/2018 03:29,14/01/2018,
ZA-00013459,ZAC0021641,09/01/2018 21:01,COMPLETE,11/01/2018 05:39,14/01/2018 20:09,16/01/2018,WINTER15
ZA-00013460,ZAC0019795,09/01/2018 14:44,COMPLETE,10/01/2018 13:52,16/01/2018 08:31,14/01/2018,
ZA-00013461,ZAC0020354,09/01/2018 06:34,COMPLETE,14/01/2018 12:58,18/01/2018 22:21,19/01/2018,
ZA-00013462,ZAC0002294,09/01/2018 13:38,COMPLETE,11/01/2018 00:40,19/01/2018 14:37,18/01/2018,
ZA-00013463,ZAC0008370,09/01/2018 06:35,COMPLETE,10/01/2018 13:15,15/01/2018 00:51,17/01/2018,
ZA-00013464,ZAC0023060,09/01/2018 15:17,COMPLETE,13/01/2018 01:09,16/01/2018 11:47,18/01/2018,
ZA-00013465,ZAC0016612,09/01/2018 14:46,COMPLETE,13/01/2018 02:28,17/01/2018 00:45,18/01/2018,
ZA-00013466,ZAC0004160,09/01/2018 12:29,COMPLETE,10/01/2018 08:07,12/01/2018 04:41,13/01/2018,
ZA-00013467,ZAC0009459,09/01/2018 06:40,COMPLETE,12/01/2018 09:12,17/01/2018 17:41,16/01/2018,
ZA-00013468,ZAC0015134,09/01/2018 11:09,COMPLETE,11/01/2018 21:52,22/01/2018 23:29,14/01/2018,
ZA-00013469,ZAC0014525,09/01/2018 22:54,COMPLETE,12/01/2018 09:53,13/01/2018 18:31,16/01/2018,
ZA-00013470,ZAC0017194,09/01/2018 14:32,COMPLETE,11/01/2018 16:28,15/01/2018 11:54,14/01/2018,
ZA-00013471,ZAC0019758,09/01/2018 11:45,COMPLETE,11/01/2018 16:15,13/01/2018 02:19,16/01/2018,
ZA-00013472,ZAC0011056,09/01/2018 17:58,COMPLETE,10/01/2018 03:37,18/01/2018 09:54,14/01/2018,
ZA-00013473,ZAC0005470,09/01/2018 15:17,COMPLETE,10/01/2018 19:12,14/01/2018 13:18,14/01/2018,
ZA-00013474,ZAC0006957,09/01/2018 18:24,COMPLETE,09/01/2018 22:56,17/01/2018 17:06,13/01/2018,
ZA-00013475,ZAC0010531,09/01/2018 13:46,COMPLETE,16/01/2018 02:46,24/01/2018 21:49,21/01/2018,
ZA-00013476,ZAC0023489,09/01/2018 19:47,COMPLETE,11/01/2018 01:18,13/01/2018 04:54,18/01/2018,
ZA-00013477,ZAC0003251,09/01/2018 11:09,COMPLETE,11/01/2018 01:51,15/01/2018 08:07,14/01/2018,
ZA-00013478,ZAC0005373,09/01/2018 12:37,COMPLETE,14/01/2018 06:22,17/01/2018 11:33,17/01/2018,
ZA-00013479,ZAC0010481,09/01/2018 10:08,COMPLETE,10/01/2018 04:20,11/01/2018 04:03,13/01/2018,LOYAL5
ZA-00013480,ZAC0006498,09/01/2018 08:29,COMPLETE,09/01/2018 14:14,17/01/2018 15:30,16/01/2018,LOYAL5
ZA-00013481,ZAC0006561,09/01/2018 20:55,COMPLETE,11/01/2018 14:26,14/01/2018 22:20,16/01/2018,
ZA-00013482,ZAC0021880,09/01/2018 11:00,COMPLETE,14/01/2018 06:36,17/01/2018 18:17,18/01/2018,
ZA-00013483,ZAC0007739,09/01/2018 13:56,COMPLETE,14/01/2018 07:22,16/01/2018 17:58,19/01/2018,WELCOME10
ZA-00013484,ZAC0017412,10/01/2018 19:29,RETURNED,13/01/2018 17:19,16/01/2018 11:16,18/01/2018,BULK20
ZA-00013485,ZAC0006060,10/01/2018 08:42,COMPLETE,13/01/2018 06:25,13/01/2018 13:18,16/01/2018,
ZA-00013486,ZAC0022466,10/01/2018 07:15,COMPLETE,11/01/2018 09:14,18/01/2018 02:30,18/01/2018,
ZA-00013487,ZAC0014660,10/01/2018 13:39,COMPLETE,12/01/2018 05:12,19/01/2018 09:16,15/01/2018,
ZA-00013488,ZAC0011479,10/01/2018 14:07,COMPLETE,13/01/2018 01:51,16/01/2018 16:56,18/01/2018,
ZA-00013489,ZAC0003952,10/01/2018 08:03,COMPLETE,11/01/2018 10:33,15/01/2018 03:20,16/01/2018,
ZA-00013490,ZAC0013965,10/01/2018 15:35,COMPLETE,11/01/2018 08:56,16/01/2018 10:53,18/01/2018,
ZA-00013491,ZAC0008451,10/01/2018 13:20,COMPLETE,11/01/2018 04:51,14/01/2018 14:27,15/01/2018,
ZA-00013492,ZAC0014250,10/01/2018 15:18,COMPLETE,13/01/2018 21:26,16/01/2018 01:30,23/01/2018,
ZA-00013493,ZAC0014932,10/01/2018 20:04,COMPLETE,13/01/2018 10:58,16/01/2018 13:19,18/01/2018,WELCOME10
ZA-00013494,ZAC0005241,10/01/2018 15:05,COMPLETE,11/01/2018 01:58,12/01/2018 16:59,18/01/2018,
ZA-00013495,ZAC0009701,10/01/2018 19:53,COMPLETE,13/01/2018 17:17,17/01/2018 22:21,16/01/2018,
ZA-00013496,ZAC0016950,10/01/2018 17:49,COMPLETE,11/01/2018 23:51,13/01/2018 19:52,16/01/2018,LOYAL5
ZA-00013497,ZAC0021319,10/01/2018 21:26,COMPLETE,16/01/2018 15:46,21/01/2018 16:57,21/01/2018,
ZA-00013498,ZAC0020541,10/01/2018 08:33,COMPLETE,11/01/2018 12:35,15/01/2018 21:45,16/01/2018,
ZA-00013499,ZAC0018011,10/01/2018 09:22,COMPLETE,12/01/2018 05:10,16/01/2018 11:12,17/01/2018,
ZA-00013500,ZAC0019657,10/01/2018 11:46,COMPLETE,13/01/2018 14:21,18/01/2018 18:41,16/01/2018,
ZA-00013501,ZAC0009793,10/01/2018 19:55,RETURNED,12/01/2018 00:35,14/01/2018 01:14,17/01/2018,
ZA-00013502,ZAC0015609,10/01/2018 09:36,COMPLETE,10/01/2018 15:33,13/01/2018 04:08,14/01/2018,
ZA-00013503,ZAC0011779,10/01/2018 12:16,COMPLETE,12/01/2018 09:18,21/01/2018 17:03,16/01/2018,
ZA-00013504,ZAC0002516,10/01/2018 09:47,COMPLETE,12/01/2018 19:51,19/01/2018 04:06,16/01/2018,
ZA-00013505,ZAC0010220,10/01/2018 15:53,COMPLETE,12/01/2018 10:54,15/01/2018 16:28,16/01/2018,
ZA-00013506,ZAC0002825,10/01/2018 17:30,COMPLETE,13/01/2018 09:50,14/01/2018 15:10,16/01/2018,
ZA-00013507,ZAC0009569,10/01/2018 14:19,COMPLETE,11/01/2018 08:18,12/01/2018 20:25,14/01/2018,WINTER15
ZA-00013508,ZAC0005194,10/01/2018 09:25,COMPLETE,11/01/2018 12:53,13/01/2018 11:53,16/01/2018,WELCOME10
ZA-00013509,ZAC0008695,10/01/2018 16:54,COMPLETE,11/01/2018 08:44,15/01/2018 05:36,15/01/2018,
ZA-00013510,ZAC0003345,10/01/2018 10:15,COMPLETE,11/01/2018 13:41,13/01/2018 17:58,18/01/2018,LOYAL5
ZA-00013511,ZAC0014474,10/01/2018 13:06,COMPLETE,14/01/2018 13:07,23/01/2018 20:59,18/01/2018,
ZA-00013512,ZAC0016109,10/01/2018 12:37,COMPLETE,11/01/2018 13:26,15/01/2018 00:50,15/01/2018,
ZA-00013513,ZAC0005903,10/01/2018 12:27,PENDING,,,,
ZA-00013514,ZAC0018334,10/01/2018 09:25,COMPLETE,13/01/2018 08:17,16/01/2018 10:37,20/01/2018,
ZA-00013515,ZAC0003573,10/01/2018 14:11,COMPLETE,13/01/2018 21:08,19/01/2018 23:18,18/01/2018,
ZA-00013516,ZAC0011137,10/01/2018 11:20,DISPATCHED,10/01/2018 18:02,,15/01/2018,
ZA-00013517,ZAC0003167,10/01/2018 19:16,COMPLETE,16/01/2018 03:58,26/01/2018 12:00,19/01/2018,WINTER15
ZA-00013518,ZAC0004898,10/01/2018 18:47,PENDING,,,,
ZA-00013519,ZAC0004939,10/01/2018 18:37,COMPLETE,12/01/2018 12:34,14/01/2018 17:14,22/01/2018,
ZA-00013520,ZAC0000517,10/01/2018 21:48,CANCELLED,,,,
ZA-00013521,ZAC0017731,10/01/2018 10:23,COMPLETE,11/01/2018 22:40,24/01/2018 22:46,15/01/2018,LOYAL5
ZA-00013522,ZAC0022234,10/01/2018 11:15,COMPLETE,11/01/2018 07:07,13/01/2018 19:33,15/01/2018,
ZA-00013523,ZAC0013385,10/01/2018 14:30,PENDING,,,,
ZA-00013524,ZAC0001429,10/01/2018 17:46,COMPLETE,12/01/2018 05:39,16/01/2018 13:35,17/01/2018,
ZA-00013525,ZAC0019292,10/01/2018 21:41,COMPLETE,12/01/2018 12:44,18/01/2018 02:07,19/01/2018,
ZA-00013526,ZAC0019768,10/01/2018 06:53,COMPLETE,11/01/2018 19:37,16/01/2018 08:35,16/01/2018,
ZA-00013527,ZAC0001975,10/01/2018 19:25,COMPLETE,14/01/2018 07:22,21/01/2018 17:52,17/01/2018,
ZA-00013528,ZAC0001252,10/01/2018 17:30,COMPLETE,12/01/2018 22:28,14/01/2018 02:53,19/01/2018,
ZA-00013529,ZAC0006603,10/01/2018 18:36,COMPLETE,13/01/2018 11:03,14/01/2018 00:24,18/01/2018,BULK20
ZA-00013530,ZAC0003015,10/01/2018 08:01,COMPLETE,13/01/2018 05:15,17/01/2018 18:48,18/01/2018,WELCOME10
ZA-00013531,ZAC0004660,10/01/2018 10:50,COMPLETE,11/01/2018 05:40,12/01/2018 21:55,15/01/2018,
ZA-00013532,ZAC0017424,10/01/2018 19:22,COMPLETE,12/01/2018 09:45,17/01/2018 10:08,15/01/2018,
ZA-00013533,ZAC0019081,10/01/2018 09:14,COMPLETE,10/01/2018 10:50,18/01/2018 04:07,14/01/2018,
ZA-00013534,ZAC0008238,10/01/2018 09:48,COMPLETE,11/01/2018 15:14,15/01/2018 14:29,16/01/2018,
ZA-00013535,ZAC0019653,10/01/2018 16:27,RETURNED,13/01/2018 11:12,16/01/2018 08:11,16/01/2018,FLASH25
ZA-00013536,ZAC0017779,10/01/2018 20:19,COMPLETE,11/01/2018 12:21,15/01/2018 06:24,14/01/2018,
ZA-00013537,ZAC0020369,10/01/2018 07:08,COMPLETE,14/01/2018 00:05,19/01/2018 23:56,18/01/2018,
ZA-00013538,ZAC0022994,10/01/2018 14:17,COMPLETE,10/01/2018 19:22,13/01/2018 11:51,13/01/2018,
ZA-00013539,ZAC0000202,10/01/2018 09:47,COMPLETE,17/01/2018 14:07,25/01/2018 13:14,24/01/2018,
ZA-00013540,ZAC0017141,10/01/2018 13:02,DISPATCHED,12/01/2018 23:16,,17/01/2018,
ZA-00013541,ZAC0004648,10/01/2018 10:37,COMPLETE,11/01/2018 16:04,14/01/2018 17:50,16/01/2018,
ZA-00013542,ZAC0000254,10/01/2018 18:53,COMPLETE,12/01/2018 23:43,17/01/2018 11:00,17/01/2018,
ZA-00013543,ZAC0002287,10/01/2018 19:57,COMPLETE,13/01/2018 05:50,14/01/2018 12:54,18/01/2018,
ZA-00013544,ZAC0013674,11/01/2018 06:05,COMPLETE,12/01/2018 04:09,13/01/2018 11:52,17/01/2018,
ZA-00013545,ZAC0001890,11/01/2018 15:45,COMPLETE,13/01/2018 23:09,19/01/2018 05:04,18/01/2018,
ZA-00013546,ZAC0011728,11/01/2018 19:52,COMPLETE,13/01/2018 09:31,21/01/2018 04:16,17/01/2018,WINTER15
ZA-00013547,ZAC0021305,11/01/2018 10:34,COMPLETE,13/01/2018 22:48,17/01/2018 03:42,18/01/2018,
ZA-00013548,ZAC0015566,11/01/2018 17:36,COMPLETE,17/01/2018 04:47,19/01/2018 17:31,22/01/2018,FLASH25
ZA-00013549,ZAC0010661,11/01/2018 09:27,COMPLETE,11/01/2018 15:17,12/01/2018 21:53,14/01/2018,WINTER15
ZA-00013550,ZAC0021770,11/01/2018 14:04,COMPLETE,12/01/2018 08:23,15/01/2018 11:22,22/01/2018,
ZA-00013551,ZAC0006963,11/01/2018 20:16,COMPLETE,13/01/2018 06:16,20/01/2018 01:05,23/01/2018,
ZA-00013552,ZAC0000506,11/01/2018 13:08,COMPLETE,13/01/2018 16:10,21/01/2018 15:47,16/01/2018,
ZA-00013553,ZAC0016001,11/01/2018 12:44,COMPLETE,13/01/2018 22:29,20/01/2018 20:27,16/01/2018,
ZA-00013554,ZAC0018110,11/01/2018 08:56,COMPLETE,15/01/2018 14:04,23/01/2018 16:22,18/01/2018,
ZA-00013555,ZAC0007569,11/01/2018 08:01,COMPLETE,12/01/2018 21:51,16/01/2018 00:11,16/01/2018,
ZA-00013556,ZAC0001932,11/01/2018 19:05,COMPLETE,12/01/2018 15:26,16/01/2018 04:28,22/01/2018,
ZA-00013557,ZAC0015160,11/01/2018 08:47,COMPLETE,12/01/2018 12:32,14/01/2018 11:24,16/01/2018,
ZA-00013558,ZAC0007795,11/01/2018 13:46,COMPLETE,13/01/2018 13:21,17/01/2018 13:56,23/01/2018,FLASH25
ZA-00013559,ZAC0018432,11/01/2018 13:07,COMPLETE,13/01/2018 19:31,18/01/2018 10:17,18/01/2018,
ZA-00013560,ZAC0000279,11/01/2018 15:46,COMPLETE,12/01/2018 23:35,15/01/2018 09:13,15/01/2018,FREESHIP
ZA-00013561,ZAC0018080,11/01/2018 22:04,COMPLETE,14/01/2018 07:10,19/01/2018 06:34,17/01/2018,BULK20
ZA-00013562,ZAC0017233,11/01/2018 22:51,COMPLETE,13/01/2018 16:29,18/01/2018 05:45,18/01/2018,
ZA-00013563,ZAC0009969,11/01/2018 14:56,COMPLETE,13/01/2018 00:01,18/01/2018 13:22,20/01/2018,
ZA-00013564,ZAC0008630,11/01/2018 12:23,COMPLETE,13/01/2018 10:56,19/01/2018 10:07,23/01/2018,WINTER15
ZA-00013565,ZAC0021441,11/01/2018 22:03,COMPLETE,15/01/2018 22:04,19/01/2018 16:07,22/01/2018,
ZA-00013566,ZAC0000955,11/01/2018 14:05,COMPLETE,12/01/2018 01:25,14/01/2018 18:15,17/01/2018,
ZA-00013567,ZAC0016914,11/01/2018 06:15,COMPLETE,13/01/2018 19:16,18/01/2018 21:09,16/01/2018,BULK20
ZA-00013568,ZAC0014660,11/01/2018 20:10,COMPLETE,15/01/2018 00:19,20/01/2018 12:05,19/01/2018,
ZA-00013569,ZAC0021660,11/01/2018 15:31,COMPLETE,13/01/2018 05:41,18/01/2018 04:38,18/01/2018,
ZA-00013570,ZAC0015016,11/01/2018 06:00,RETURNED,11/01/2018 11:06,11/01/2018 20:22,15/01/2018,BULK20
ZA-00013571,ZAC0022278,11/01/2018 14:19,COMPLETE,12/01/2018 11:20,14/01/2018 23:23,19/01/2018,BULK20
ZA-00013572,ZAC0006200,11/01/2018 10:06,COMPLETE,15/01/2018 02:19,25/01/2018 21:35,19/01/2018,
ZA-00013573,ZAC0012358,11/01/2018 07:46,COMPLETE,14/01/2018 03:30,15/01/2018 22:08,17/01/2018,
ZA-00013574,ZAC0020077,11/01/2018 11:23,COMPLETE,15/01/2018 05:48,16/01/2018 03:19,19/01/2018,
ZA-00013575,ZAC0023338,11/01/2018 17:57,COMPLETE,12/01/2018 18:30,15/01/2018 14:41,16/01/2018,
ZA-00013576,ZAC0001443,11/01/2018 19:03,COMPLETE,16/01/2018 22:40,25/01/2018 11:15,20/01/2018,LOYAL5
ZA-00013577,ZAC0002580,11/01/2018 07:42,COMPLETE,12/01/2018 09:33,18/01/2018 10:34,15/01/2018,
ZA-00013578,ZAC0007258,11/01/2018 06:23,COMPLETE,20/01/2018 10:16,22/01/2018 12:18,25/01/2018,
ZA-00013579,ZAC0016496,11/01/2018 21:32,COMPLETE,15/01/2018 05:17,18/01/2018 21:28,19/01/2018,
ZA-00013580,ZAC0020423,11/01/2018 19:43,COMPLETE,12/01/2018 22:32,15/01/2018 00:22,19/01/2018,
ZA-00013581,ZAC0008905,11/01/2018 08:26,COMPLETE,12/01/2018 03:44,23/01/2018 12:31,15/01/2018,
ZA-00013582,ZAC0007463,11/01/2018 06:31,COMPLETE,11/01/2018 21:00,21/01/2018 21:22,15/01/2018,
ZA-00013583,ZAC0015630,11/01/2018 11:31,COMPLETE,13/01/2018 14:02,15/01/2018 14:20,17/01/2018,
ZA-00013584,ZAC0015697,11/01/2018 10:47,COMPLETE,17/01/2018 06:45,20/01/2018 09:23,21/01/2018,BULK20
ZA-00013585,ZAC0016231,11/01/2018 12:12,COMPLETE,15/01/2018 05:14,19/01/2018 00:18,22/01/2018,FREESHIP
ZA-00013586,ZAC0022007,11/01/2018 09:08,DISPATCHED,13/01/2018 05:36,,17/01/2018,
ZA-00013587,ZAC0021559,11/01/2018 12:15,COMPLETE,15/01/2018 03:00,16/01/2018 21:00,20/01/2018,
ZA-00013588,ZAC0010309,11/01/2018 18:07,COMPLETE,12/01/2018 07:38,20/01/2018 07:56,15/01/2018,FREESHIP
ZA-00013589,ZAC0004130,11/01/2018 13:49,COMPLETE,12/01/2018 07:46,18/01/2018 04:56,16/01/2018,
ZA-00013590,ZAC0014707,11/01/2018 19:40,COMPLETE,13/01/2018 19:45,21/01/2018 03:38,20/01/2018,
ZA-00013591,ZAC0017689,11/01/2018 17:44,COMPLETE,12/01/2018 05:01,21/01/2018 02:30,17/01/2018,
ZA-00013592,ZAC0018176,11/01/2018 13:26,COMPLETE,14/01/2018 23:25,18/01/2018 16:52,19/01/2018,
ZA-00013593,ZAC0020802,11/01/2018 14:07,COMPLETE,11/01/2018 20:18,13/01/2018 18:05,18/01/2018,
ZA-00013594,ZAC0023101,11/01/2018 06:48,COMPLETE,12/01/2018 19:09,17/01/2018 15:35,16/01/2018,
ZA-00013595,ZAC0011541,11/01/2018 10:57,COMPLETE,12/01/2018 07:07,21/01/2018 20:38,17/01/2018,BULK20
ZA-00013596,ZAC0009659,11/01/2018 08:00,COMPLETE,12/01/2018 06:48,17/01/2018 20:31,15/01/2018,
ZA-00013597,ZAC0014140,11/01/2018 19:29,COMPLETE,13/01/2018 22:21,18/01/2018 22:18,17/01/2018,FREESHIP
ZA-00013598,ZAC0004774,11/01/2018 14:59,COMPLETE,12/01/2018 16:54,16/01/2018 04:38,19/01/2018,
ZA-00013599,ZAC0006639,11/01/2018 06:38,COMPLETE,12/01/2018 02:05,17/01/2018 16:16,15/01/2018,
ZA-00013600,ZAC0016564,11/01/2018 16:40,COMPLETE,14/01/2018 14:05,19/01/2018 01:51,18/01/2018,
ZA-00013601,ZAC0023725,11/01/2018 16:27,COMPLETE,13/01/2018 22:49,14/01/2018 16:26,17/01/2018,
ZA-00013602,ZAC0011369,11/01/2018 06:43,COMPLETE,13/01/2018 12:55,20/01/2018 21:26,17/01/2018,
ZA-00013603,ZAC0014390,11/01/2018 15:32,COMPLETE,11/01/2018 21:01,19/01/2018 11:33,15/01/2018,
ZA-00013604,ZAC0011660,11/01/2018 12:12,COMPLETE,12/01/2018 21:08,18/01/2018 11:54,17/01/2018,WINTER15
ZA-00013605,ZAC0000281,11/01/2018 06:05,COMPLETE,11/01/2018 13:26,14/01/2018 14:55,18/01/2018,
ZA-00013606,ZAC0020793,11/01/2018 17:11,COMPLETE,12/01/2018 11:55,16/01/2018 00:30,16/01/2018,BULK20
ZA-00013607,ZAC0016817,11/01/2018 21:00,COMPLETE,14/01/2018 18:02,20/01/2018 06:35,18/01/2018,
ZA-00013608,ZAC0009645,11/01/2018 22:03,COMPLETE,15/01/2018 21:58,22/01/2018 13:49,18/01/2018,WINTER15
ZA-00013609,ZAC0020791,11/01/2018 10:27,COMPLETE,12/01/2018 07:14,17/01/2018 12:31,16/01/2018,LOYAL5
ZA-00013610,ZAC0022581,12/01/2018 20:38,COMPLETE,14/01/2018 10:09,22/01/2018 06:51,24/01/2018,
ZA-00013611,ZAC0017008,12/01/2018 17:25,COMPLETE,18/01/2018 04:13,23/01/2018 07:09,22/01/2018,
ZA-00013612,ZAC0021415,12/01/2018 14:18,COMPLETE,13/01/2018 05:20,14/01/2018 06:07,17/01/2018,
ZA-00013613,ZAC0013450,12/01/2018 08:44,COMPLETE,14/01/2018 06:06,21/01/2018 18:18,21/01/2018,
ZA-00013614,ZAC0008083,12/01/2018 13:52,COMPLETE,14/01/2018 00:27,16/01/2018 16:46,24/01/2018,FREESHIP
ZA-00013615,ZAC0020651,12/01/2018 08:17,RETURNED,14/01/2018 15:22,23/01/2018 16:08,18/01/2018,WINTER15
ZA-00013616,ZAC0020072,12/01/2018 20:06,COMPLETE,15/01/2018 18:46,16/01/2018 18:04,18/01/2018,WELCOME10
ZA-00013617,ZAC0020471,12/01/2018 12:37,COMPLETE,13/01/2018 16:22,18/01/2018 07:06,20/01/2018,WINTER15
ZA-00013618,ZAC0012748,12/01/2018 19:18,COMPLETE,13/01/2018 22:59,15/01/2018 17:19,18/01/2018,
ZA-00013619,ZAC0019982,12/01/2018 17:03,COMPLETE,12/01/2018 22:04,14/01/2018 03:13,17/01/2018,
ZA-00013620,ZAC0011560,12/01/2018 20:32,COMPLETE,16/01/2018 04:31,18/01/2018 10:12,21/01/2018,FLASH25
ZA-00013621,ZAC0000955,12/01/2018 22:35,COMPLETE,14/01/2018 05:06,22/01/2018 21:14,18/01/2018,
ZA-00013622,ZAC0001472,12/01/2018 14:10,COMPLETE,17/01/2018 12:48,20/01/2018 11:13,21/01/2018,
ZA-00013623,ZAC0008573,12/01/2018 13:36,COMPLETE,14/01/2018 19:41,23/01/2018 03:11,19/01/2018,LOYAL5
ZA-00013624,ZAC0018297,12/01/2018 07:33,COMPLETE,14/01/2018 00:03,21/01/2018 09:54,18/01/2018,
ZA-00013625,ZAC0010045,12/01/2018 17:24,COMPLETE,13/01/2018 20:56,24/01/2018 09:19,18/01/2018,
ZA-00013626,ZAC0023481,12/01/2018 19:23,COMPLETE,14/01/2018 06:58,18/01/2018 08:15,17/01/2018,
ZA-00013627,ZAC0018763,12/01/2018 12:19,COMPLETE,13/01/2018 23:45,18/01/2018 17:11,16/01/2018,
ZA-00013628,ZAC0021450,12/01/2018 12:16,COMPLETE,14/01/2018 00:08,17/01/2018 03:40,17/01/2018,
ZA-00013629,ZAC0003186,12/01/2018 06:16,COMPLETE,14/01/2018 07:52,18/01/2018 12:19,18/01/2018,
ZA-00013630,ZAC0019245,12/01/2018 09:34,PENDING,,,,
ZA-00013631,ZAC0016059,12/01/2018 18:54,COMPLETE,18/01/2018 04:11,18/01/2018 11:21,21/01/2018,LOYAL5
ZA-00013632,ZAC0016569,12/01/2018 07:02,COMPLETE,13/01/2018 20:02,15/01/2018 04:26,16/01/2018,BULK20
ZA-00013633,ZAC0018792,12/01/2018 19:47,COMPLETE,14/01/2018 06:11,22/01/2018 06:22,18/01/2018,LOYAL5
ZA-00013634,ZAC0004743,12/01/2018 08:04,COMPLETE,13/01/2018 06:28,17/01/2018 05:19,20/01/2018,
ZA-00013635,ZAC0010640,12/01/2018 09:31,COMPLETE,13/01/2018 18:34,18/01/2018 14:53,17/01/2018,
ZA-00013636,ZAC0021529,12/01/2018 21:22,CANCELLED,,,,
ZA-00013637,ZAC0023649,12/01/2018 16:15,COMPLETE,20/01/2018 10:24,24/01/2018 08:56,24/01/2018,
ZA-00013638,ZAC0020919,12/01/2018 21:48,COMPLETE,13/01/2018 15:58,16/01/2018 14:55,16/01/2018,BULK20
ZA-00013639,ZAC0019462,12/01/2018 07:23,COMPLETE,13/01/2018 13:56,16/01/2018 22:29,20/01/2018,BULK20
ZA-00013640,ZAC0005813,12/01/2018 18:56,COMPLETE,13/01/2018 23:12,17/01/2018 17:57,18/01/2018,
ZA-00013641,ZAC0010385,12/01/2018 15:00,COMPLETE,13/01/2018 16:59,19/01/2018 02:26,16/01/2018,LOYAL5
ZA-00013642,ZAC0005459,12/01/2018 18:56,COMPLETE,14/01/2018 18:56,19/01/2018 07:32,21/01/2018,
ZA-00013643,ZAC0018294,12/01/2018 22:37,COMPLETE,13/01/2018 23:06,19/01/2018 23:53,18/01/2018,
ZA-00013644,ZAC0012144,12/01/2018 07:51,COMPLETE,12/01/2018 22:59,16/01/2018 06:08,19/01/2018,
ZA-00013645,ZAC0021764,12/01/2018 07:40,DISPATCHED,13/01/2018 14:41,,20/01/2018,
ZA-00013646,ZAC0015819,12/01/2018 12:28,COMPLETE,15/01/2018 10:34,24/01/2018 05:09,19/01/2018,
ZA-00013647,ZAC0017231,12/01/2018 15:50,COMPLETE,13/01/2018 15:22,20/01/2018 09:53,17/01/2018,
ZA-00013648,ZAC0005631,12/01/2018 08:28,DISPATCHED,15/01/2018 22:26,,19/01/2018,
ZA-00013649,ZAC0009103,12/01/2018 13:11,COMPLETE,14/01/2018 12:25,15/01/2018 17:41,19/01/2018,
ZA-00013650,ZAC0016085,12/01/2018 06:56,COMPLETE,15/01/2018 20:05,16/01/2018 00:18,18/01/2018,
ZA-00013651,ZAC0013184,12/01/2018 14:51,COMPLETE,13/01/2018 12:24,18/01/2018 09:02,20/01/2018,
ZA-00013652,ZAC0006210,12/01/2018 19:24,COMPLETE,13/01/2018 20:47,17/01/2018 09:50,18/01/2018,
ZA-00013653,ZAC0016222,12/01/2018 15:05,COMPLETE,14/01/2018 09:11,15/01/2018 01:27,19/01/2018,
ZA-00013654,ZAC0013955,12/01/2018 07:27,COMPLETE,12/01/2018 11:19,17/01/2018 00:21,15/01/2018,
ZA-00013655,ZAC0004406,12/01/2018 21:55,CANCELLED,,,,
ZA-00013656,ZAC0013246,12/01/2018 20:49,COMPLETE,15/01/2018 22:32,23/01/2018 12:57,18/01/2018,
ZA-00013657,ZAC0007950,12/01/2018 08:40,COMPLETE,15/01/2018 21:38,24/01/2018 15:39,20/01/2018,
ZA-00013658,ZAC0013953,12/01/2018 20:57,COMPLETE,14/01/2018 10:06,18/01/2018 21:18,18/01/2018,
ZA-00013659,ZAC0011415,12/01/2018 10:46,COMPLETE,15/01/2018 19:04,18/01/2018 06:27,19/01/2018,
ZA-00013660,ZAC0011786,12/01/2018 08:56,COMPLETE,13/01/2018 09:56,15/01/2018 15:02,17/01/2018,
ZA-00013661,ZAC0000343,12/01/2018 21:34,COMPLETE,14/01/2018 11:38,17/01/2018 13:19,17/01/2018,
ZA-00013662,ZAC0017006,12/01/2018 14:04,COMPLETE,15/01/2018 10:23,20/01/2018 14:43,18/01/2018,
ZA-00013663,ZAC0004772,12/01/2018 06:52,COMPLETE,14/01/2018 00:52,15/01/2018 01:28,18/01/2018,BULK20
ZA-00013664,ZAC0021111,13/01/2018 20:36,COMPLETE,15/01/2018 09:13,19/01/2018 15:03,19/01/2018,LOYAL5
ZA-00013665,ZAC0023532,13/01/2018 12:29,COMPLETE,14/01/2018 16:28,27/01/2018 19:20,24/01/2018,
ZA-00013666,ZAC0000259,13/01/2018 07:56,COMPLETE,15/01/2018 05:13,17/01/2018 13:19,18/01/2018,
ZA-00013667,ZAC0022237,13/01/2018 19:48,COMPLETE,13/01/2018 20:20,19/01/2018 18:41,18/01/2018,
ZA-00013668,ZAC0014207,13/01/2018 22:38,COMPLETE,15/01/2018 10:53,18/01/2018 17:31,20/01/2018,
ZA-00013669,ZAC0002181,13/01/2018 16:34,COMPLETE,19/01/2018 04:04,23/01/2018 20:19,29/01/2018,
ZA-00013670,ZAC0005722,13/01/2018 07:02,COMPLETE,16/01/2018 06:58,20/01/2018 14:10,20/01/2018,
ZA-00013671,ZAC0016083,13/01/2018 20:50,COMPLETE,14/01/2018 21:27,20/01/2018 14:49,21/01/2018,
ZA-00013672,ZAC0004081,13/01/2018 19:55,COMPLETE,15/01/2018 17:32,19/01/2018 08:21,25/01/2018,
ZA-00013673,ZAC0012746,13/01/2018 21:31,COMPLETE,14/01/2018 23:22,20/01/2018 05:49,17/01/2018,WINTER15
ZA-00013674,ZAC0008607,13/01/2018 07:31,COMPLETE,14/01/2018 03:48,16/01/2018 20:13,18/01/2018,
ZA-00013675,ZAC0013946,13/01/2018 17:32,COMPLETE,15/01/2018 12:45,18/01/2018 01:33,20/01/2018,
ZA-00013676,ZAC0013494,13/01/2018 09:30,COMPLETE,14/01/2018 15:56,20/01/2018 00:06,18/01/2018,LOYAL5
ZA-00013677,ZAC0009208,13/01/2018 07:56,COMPLETE,18/01/2018 10:47,21/01/2018 14:10,22/01/2018,
ZA-00013678,ZAC0007396,13/01/2018 16:47,COMPLETE,14/01/2018 13:36,18/01/2018 14:05,18/01/2018,
ZA-00013679,ZAC0013121,13/01/2018 16:31,COMPLETE,15/01/2018 04:23,23/01/2018 21:20,20/01/2018,
ZA-00013680,ZAC0005194,13/01/2018 20:31,COMPLETE,16/01/2018 22:04,19/01/2018 15:54,21/01/2018,WINTER15
ZA-00013681,ZAC0008753,13/01/2018 17:19,CANCELLED,,,,
ZA-00013682,ZAC0005558,13/01/2018 17:04,COMPLETE,13/01/2018 21:59,16/01/2018 06:30,18/01/2018,
ZA-00013683,ZAC0014649,13/01/2018 22:11,COMPLETE,15/01/2018 15:00,19/01/2018 09:36,18/01/2018,
ZA-00013684,ZAC0004184,13/01/2018 19:17,COMPLETE,16/01/2018 17:51,21/01/2018 04:24,23/01/2018,WINTER15
ZA-00013685,ZAC0008615,13/01/2018 06:29,COMPLETE,15/01/2018 01:18,17/01/2018 20:47,20/01/2018,
ZA-00013686,ZAC0012310,13/01/2018 14:35,CANCELLED,,,,
ZA-00013687,ZAC0023725,13/01/2018 14:57,COMPLETE,13/01/2018 22:31,16/01/2018 18:32,18/01/2018,
ZA-00013688,ZAC0014349,13/01/2018 06:33,COMPLETE,14/01/2018 05:51,15/01/2018 21:59,18/01/2018,
ZA-00013689,ZAC0007638,13/01/2018 08:24,COMPLETE,14/01/2018 00:52,16/01/2018 04:53,17/01/2018,
ZA-00013690,ZAC0023319,13/01/2018 06:00,DISPATCHED,16/01/2018 01:37,,20/01/2018,
ZA-00013691,ZAC0002105,13/01/2018 17:35,COMPLETE,16/01/2018 12:33,18/01/2018 22:02,20/01/2018,
ZA-00013692,ZAC0014453,13/01/2018 17:43,COMPLETE,17/01/2018 07:30,20/01/2018 06:44,21/01/2018,
ZA-00013693,ZAC0016445,13/01/2018 06:34,COMPLETE,15/01/2018 00:35,20/01/2018 03:22,20/01/2018,
ZA-00013694,ZAC0022246,13/01/2018 11:51,COMPLETE,15/01/2018 20:37,17/01/2018 18:05,22/01/2018,
ZA-00013695,ZAC0005530,13/01/2018 20:59,COMPLETE,14/01/2018 02:14,19/01/2018 04:19,17/01/2018,
ZA-00013696,ZAC0005455,13/01/2018 19:43,COMPLETE,21/01/2018 09:18,23/01/2018 20:58,26/01/2018,
ZA-00013697,ZAC0020786,13/01/2018 21:37,COMPLETE,18/01/2018 05:07,18/01/2018 21:12,23/01/2018,
ZA-00013698,ZAC0003068,13/01/2018 06:43,COMPLETE,14/01/2018 18:37,21/01/2018 03:35,24/01/2018,LOYAL5
ZA-00013699,ZAC0013490,13/01/2018 11:20,COMPLETE,13/01/2018 17:51,17/01/2018 04:59,16/01/2018,
ZA-00013700,ZAC0013183,13/01/2018 07:51,CANCELLED,,,,
ZA-00013701,ZAC0015794,13/01/2018 08:04,RETURNED,17/01/2018 23:05,26/01/2018 17:58,21/01/2018,WINTER15
ZA-00013702,ZAC0022364,13/01/2018 08:29,COMPLETE,17/01/2018 00:15,17/01/2018 14:49,22/01/2018,LOYAL5
ZA-00013703,ZAC0021734,13/01/2018 10:27,COMPLETE,18/01/2018 13:28,19/01/2018 23:05,25/01/2018,
ZA-00013704,ZAC0014849,13/01/2018 15:12,CANCELLED,,,,
ZA-00013705,ZAC0020099,13/01/2018 11:32,COMPLETE,14/01/2018 06:09,17/01/2018 08:42,21/01/2018,
ZA-00013706,ZAC0014031,13/01/2018 21:13,COMPLETE,14/01/2018 02:26,19/01/2018 16:33,18/01/2018,BULK20
ZA-00013707,ZAC0007655,13/01/2018 22:33,COMPLETE,15/01/2018 16:26,16/01/2018 13:22,18/01/2018,
ZA-00013708,ZAC0011980,13/01/2018 18:59,COMPLETE,14/01/2018 10:46,15/01/2018 18:33,17/01/2018,
ZA-00013709,ZAC0013516,13/01/2018 16:16,COMPLETE,13/01/2018 19:50,16/01/2018 15:03,18/01/2018,
ZA-00013710,ZAC0009258,13/01/2018 16:51,COMPLETE,14/01/2018 21:18,29/01/2018 15:50,21/01/2018,FLASH25
ZA-00013711,ZAC0008483,13/01/2018 19:31,COMPLETE,13/01/2018 22:39,15/01/2018 06:03,16/01/2018,
ZA-00013712,ZAC0009677,13/01/2018 22:12,COMPLETE,19/01/2018 02:48,21/01/2018 20:42,23/01/2018,
ZA-00013713,ZAC0002722,13/01/2018 18:14,COMPLETE,15/01/2018 16:58,23/01/2018 11:25,22/01/2018,FREESHIP
ZA-00013714,ZAC0002434,13/01/2018 21:23,COMPLETE,15/01/2018 15:48,18/01/2018 02:30,19/01/2018,WINTER15
ZA-00013715,ZAC0001534,13/01/2018 17:54,COMPLETE,14/01/2018 06:18,15/01/2018 22:40,18/01/2018,
ZA-00013716,ZAC0021759,13/01/2018 20:32,COMPLETE,15/01/2018 00:30,19/01/2018 17:15,19/01/2018,LOYAL5
ZA-00013717,ZAC0013499,13/01/2018 07:16,COMPLETE,16/01/2018 11:27,23/01/2018 08:42,21/01/2018,
ZA-00013718,ZAC0016573,13/01/2018 18:44,COMPLETE,15/01/2018 18:56,21/01/2018 15:48,19/01/2018,
ZA-00013719,ZAC0016763,13/01/2018 12:37,DISPATCHED,16/01/2018 07:19,,19/01/2018,FREESHIP
ZA-00013720,ZAC0011888,13/01/2018 20:08,COMPLETE,14/01/2018 08:02,22/01/2018 01:43,18/01/2018,
ZA-00013721,ZAC0012501,13/01/2018 10:56,COMPLETE,14/01/2018 22:09,20/01/2018 09:18,19/01/2018,
ZA-00013722,ZAC0005020,13/01/2018 17:28,DISPATCHED,14/01/2018 03:43,,17/01/2018,WINTER15
ZA-00013723,ZAC0017854,13/01/2018 15:48,COMPLETE,15/01/2018 15:38,17/01/2018 03:32,19/01/2018,
ZA-00013724,ZAC0001040,13/01/2018 21:43,COMPLETE,17/01/2018 20:24,20/01/2018 11:26,21/01/2018,
ZA-00013725,ZAC0012837,13/01/2018 15:20,COMPLETE,15/01/2018 07:52,19/01/2018 22:31,18/01/2018,
ZA-00013726,ZAC0002304,13/01/2018 19:21,COMPLETE,17/01/2018 05:44,20/01/2018 14:54,24/01/2018,
ZA-00013727,ZAC0014313,13/01/2018 14:31,COMPLETE,15/01/2018 19:54,19/01/2018 06:33,19/01/2018,
ZA-00013728,ZAC0019829,13/01/2018 20:47,COMPLETE,17/01/2018 05:26,23/01/2018 11:09,20/01/2018,
ZA-00013729,ZAC0015399,13/01/2018 13:10,COMPLETE,16/01/2018 12:24,22/01/2018 16:17,23/01/2018,
ZA-00013730,ZAC0014705,13/01/2018 16:16,COMPLETE,14/01/2018 17:44,16/01/2018 00:55,18/01/2018,BULK20
ZA-00013731,ZAC0022035,13/01/2018 12:44,COMPLETE,17/01/2018 14:05,21/01/2018 07:59,22/01/2018,WINTER15
ZA-00013732,ZAC0014443,13/01/2018 11:39,COMPLETE,14/01/2018 04:04,16/01/2018 18:27,19/01/2018,
ZA-00013733,ZAC0016870,13/01/2018 22:14,COMPLETE,15/01/2018 22:29,24/01/2018 17:24,18/01/2018,
ZA-00013734,ZAC0021569,13/01/2018 21:37,COMPLETE,16/01/2018 23:14,23/01/2018 09:48,20/01/2018,
ZA-00013735,ZAC0012594,14/01/2018 21:19,COMPLETE,16/01/2018 01:08,18/01/2018 07:30,23/01/2018,
ZA-00013736,ZAC0012252,14/01/2018 07:30,COMPLETE,15/01/2018 04:17,20/01/2018 10:24,18/01/2018,
ZA-00013737,ZAC0003378,14/01/2018 19:30,COMPLETE,15/01/2018 20:59,17/01/2018 06:10,20/01/2018,BULK20
ZA-00013738,ZAC0006131,14/01/2018 11:49,COMPLETE,18/01/2018 12:36,22/01/2018 03:25,23/01/2018,
ZA-00013739,ZAC0002889,14/01/2018 22:41,COMPLETE,17/01/2018 13:10,24/01/2018 19:18,22/01/2018,FREESHIP
ZA-00013740,ZAC0005006,14/01/2018 14:53,COMPLETE,15/01/2018 04:20,17/01/2018 07:14,19/01/2018,
ZA-00013741,ZAC0019714,14/01/2018 17:32,COMPLETE,18/01/2018 06:27,19/01/2018 22:46,25/01/2018,
ZA-00013742,ZAC0014529,14/01/2018 15:39,COMPLETE,15/01/2018 16:23,21/01/2018 02:18,18/01/2018,FLASH25
ZA-00013743,ZAC0016971,14/01/2018 13:09,COMPLETE,16/01/2018 11:42,20/01/2018 14:42,23/01/2018,
ZA-00013744,ZAC0009222,14/01/2018 18:12,COMPLETE,16/01/2018 22:25,20/01/2018 06:13,23/01/2018,
ZA-00013745,ZAC0009557,14/01/2018 07:13,COMPLETE,16/01/2018 02:16,25/01/2018 15:45,20/01/2018,
ZA-00013746,ZAC0002138,14/01/2018 09:23,COMPLETE,22/01/2018 11:25,29/01/2018 08:05,26/01/2018,WINTER15
ZA-00013747,ZAC0015160,14/01/2018 11:25,COMPLETE,15/01/2018 20:17,17/01/2018 09:48,20/01/2018,
ZA-00013748,ZAC0019028,14/01/2018 12:03,COMPLETE,15/01/2018 09:45,16/01/2018 18:46,20/01/2018,WELCOME10
ZA-00013749,ZAC0016513,14/01/2018 06:06,COMPLETE,16/01/2018 15:14,17/01/2018 13:48,20/01/2018,
ZA-00013750,ZAC0022923,14/01/2018 07:10,COMPLETE,14/01/2018 22:35,22/01/2018 22:27,21/01/2018,
ZA-00013751,ZAC0019836,14/01/2018 14:58,COMPLETE,15/01/2018 22:36,21/01/2018 20:40,19/01/2018,
ZA-00013752,ZAC0005215,14/01/2018 09:17,COMPLETE,17/01/2018 21:06,18/01/2018 05:03,21/01/2018,
ZA-00013753,ZAC0009391,14/01/2018 16:49,COMPLETE,16/01/2018 23:35,24/01/2018 17:30,19/01/2018,
ZA-00013754,ZAC0008390,14/01/2018 07:08,COMPLETE,16/01/2018 10:42,19/01/2018 22:19,21/01/2018,
ZA-00013755,ZAC0017965,14/01/2018 21:33,COMPLETE,18/01/2018 20:36,21/01/2018 06:10,25/01/2018,
ZA-00013756,ZAC0007214,14/01/2018 21:06,COMPLETE,15/01/2018 21:22,19/01/2018 18:00,22/01/2018,
ZA-00013757,ZAC0005074,14/01/2018 08:15,DISPATCHED,15/01/2018 08:20,,20/01/2018,
ZA-00013758,ZAC0023981,14/01/2018 20:59,COMPLETE,16/01/2018 18:01,22/01/2018 15:21,20/01/2018,
ZA-00013759,ZAC0020727,14/01/2018 11:27,DISPATCHED,17/01/2018 18:03,,21/01/2018,
ZA-00013760,ZAC0008923,14/01/2018 10:16,COMPLETE,18/01/2018 16:08,25/01/2018 20:47,22/01/2018,
ZA-00013761,ZAC0020726,14/01/2018 18:06,COMPLETE,21/01/2018 04:18,27/01/2018 02:55,26/01/2018,WINTER15
ZA-00013762,ZAC0014976,14/01/2018 22:08,COMPLETE,17/01/2018 19:52,21/01/2018 05:12,20/01/2018,
ZA-00013763,ZAC0001250,14/01/2018 17:35,COMPLETE,15/01/2018 18:26,19/01/2018 17:17,19/01/2018,
ZA-00013764,ZAC0000438,14/01/2018 07:00,COMPLETE,15/01/2018 18:36,19/01/2018 02:55,18/01/2018,
ZA-00013765,ZAC0021175,14/01/2018 18:50,COMPLETE,16/01/2018 23:51,19/01/2018 12:41,20/01/2018,
ZA-00013766,ZAC0008487,14/01/2018 17:28,COMPLETE,18/01/2018 03:04,20/01/2018 09:51,25/01/2018,BULK20
ZA-00013767,ZAC0013698,14/01/2018 17:47,COMPLETE,15/01/2018 07:38,16/01/2018 08:01,22/01/2018,
ZA-00013768,ZAC0020310,14/01/2018 09:23,COMPLETE,18/01/2018 10:58,21/01/2018 02:55,22/01/2018,
ZA-00013769,ZAC0004331,14/01/2018 20:16,COMPLETE,15/01/2018 06:05,22/01/2018 11:22,22/01/2018,
ZA-00013770,ZAC0012655,14/01/2018 16:14,COMPLETE,16/01/2018 03:40,28/01/2018 01:25,21/01/2018,
ZA-00013771,ZAC0022921,14/01/2018 18:14,COMPLETE,15/01/2018 16:35,27/01/2018 10:08,20/01/2018,
ZA-00013772,ZAC0001146,14/01/2018 21:19,COMPLETE,16/01/2018 05:18,19/01/2018 11:41,23/01/2018,
ZA-00013773,ZAC0021333,14/01/2018 11:42,COMPLETE,16/01/2018 22:38,25/01/2018 05:20,21/01/2018,
ZA-00013774,ZAC0009171,14/01/2018 19:14,COMPLETE,15/01/2018 19:48,23/01/2018 13:54,22/01/2018,
ZA-00013775,ZAC0023421,14/01/2018 06:52,COMPLETE,17/01/2018 08:34,18/01/2018 04:52,21/01/2018,FLASH25
ZA-00013776,ZAC0004222,14/01/2018 13:01,COMPLETE,15/01/2018 03:07,18/01/2018 00:39,22/01/2018,
ZA-00013777,ZAC0003960,14/01/2018 09:51,COMPLETE,20/01/2018 19:44,26/01/2018 12:02,30/01/2018,
ZA-00013778,ZAC0016397,14/01/2018 06:53,COMPLETE,14/01/2018 22:39,17/01/2018 18:59,21/01/2018,
ZA-00013779,ZAC0000430,14/01/2018 14:39,COMPLETE,16/01/2018 01:56,20/01/2018 21:14,19/01/2018,
ZA-00013780,ZAC0001960,14/01/2018 19:52,COMPLETE,15/01/2018 07:42,17/01/2018 16:51,19/01/2018,
ZA-00013781,ZAC0020164,14/01/2018 13:30,COMPLETE,16/01/2018 00:33,23/01/2018 00:43,19/01/2018,
ZA-00013782,ZAC0001990,14/01/2018 19:45,COMPLETE,15/01/2018 20:38,20/01/2018 08:43,22/01/2018,LOYAL5
ZA-00013783,ZAC0000650,14/01/2018 16:53,COMPLETE,17/01/2018 14:25,21/01/2018 06:31,21/01/2018,
ZA-00013784,ZAC0016808,14/01/2018 13:12,COMPLETE,17/01/2018 00:50,26/01/2018 00:20,24/01/2018,
ZA-00013785,ZAC0017659,14/01/2018 09:42,COMPLETE,16/01/2018 17:25,19/01/2018 14:39,19/01/2018,
ZA-00013786,ZAC0021273,14/01/2018 17:42,COMPLETE,17/01/2018 15:19,29/01/2018 01:43,21/01/2018,FREESHIP
ZA-00013787,ZAC0010019,14/01/2018 11:07,COMPLETE,18/01/2018 00:34,21/01/2018 17:05,23/01/2018,
ZA-00013788,ZAC0022923,14/01/2018 10:41,COMPLETE,16/01/2018 23:12,19/01/2018 22:50,20/01/2018,
ZA-00013789,ZAC0010554,14/01/2018 12:15,COMPLETE,18/01/2018 00:45,26/01/2018 08:20,28/01/2018,
ZA-00013790,ZAC0016648,14/01/2018 17:36,COMPLETE,16/01/2018 06:09,17/01/2018 19:43,21/01/2018,
ZA-00013791,ZAC0010197,14/01/2018 16:24,COMPLETE,19/01/2018 09:37,21/01/2018 11:54,23/01/2018,
ZA-00013792,ZAC0019599,14/01/2018 08:57,COMPLETE,18/01/2018 21:10,21/01/2018 11:55,23/01/2018,
ZA-00013793,ZAC0003176,14/01/2018 17:41,COMPLETE,15/01/2018 20:54,20/01/2018 01:41,18/01/2018,
ZA-00013794,ZAC0018956,14/01/2018 15:48,COMPLETE,16/01/2018 04:05,24/01/2018 07:50,20/01/2018,
ZA-00013795,ZAC0017308,14/01/2018 11:48,COMPLETE,15/01/2018 21:18,16/01/2018 17:59,20/01/2018,
ZA-00013796,ZAC0020464,14/01/2018 10:23,COMPLETE,18/01/2018 23:49,24/01/2018 07:12,22/01/2018,BULK20
ZA-00013797,ZAC0006031,14/01/2018 10:53,COMPLETE,18/01/2018 11:08,23/01/2018 14:29,22/01/2018,
ZA-00013798,ZAC0023736,14/01/2018 18:56,COMPLETE,15/01/2018 03:57,16/01/2018 00:53,20/01/2018,
ZA-00013799,ZAC0012414,14/01/2018 08:22,COMPLETE,14/01/2018 21:22,16/01/2018 16:10,18/01/2018,
ZA-00013800,ZAC0003872,14/01/2018 16:18,COMPLETE,17/01/2018 15:12,18/01/2018 23:09,27/01/2018,
ZA-00013801,ZAC0006656,14/01/2018 16:52,COMPLETE,18/01/2018 13:59,20/01/2018 18:07,23/01/2018,FLASH25
ZA-00013802,ZAC0002470,14/01/2018 09:22,COMPLETE,17/01/2018 18:53,25/01/2018 07:19,21/01/2018,
ZA-00013803,ZAC0009892,14/01/2018 17:58,COMPLETE,17/01/2018 04:27,23/01/2018 23:35,21/01/2018,
ZA-00013804,ZAC0012927,15/01/2018 12:51,COMPLETE,17/01/2018 08:34,17/01/2018 21:28,21/01/2018,
ZA-00013805,ZAC0022513,15/01/2018 15:54,COMPLETE,17/01/2018 21:02,25/01/2018 05:03,24/01/2018,
ZA-00013806,ZAC0014470,15/01/2018 21:51,COMPLETE,17/01/2018 12:09,20/01/2018 07:21,22/01/2018,
ZA-00013807,ZAC0000449,15/01/2018 08:46,PENDING,,,,
ZA-00013808,ZAC0005929,15/01/2018 20:38,COMPLETE,19/01/2018 02:01,22/01/2018 12:23,24/01/2018,BULK20
ZA-00013809,ZAC0004013,15/01/2018 16:28,COMPLETE,18/01/2018 11:14,21/01/2018 00:05,23/01/2018,FREESHIP
ZA-00013810,ZAC0017314,15/01/2018 13:32,COMPLETE,17/01/2018 03:01,21/01/2018 15:13,21/01/2018,
ZA-00013811,ZAC0018849,15/01/2018 14:17,COMPLETE,19/01/2018 13:10,24/01/2018 19:10,22/01/2018,
ZA-00013812,ZAC0020390,15/01/2018 10:58,COMPLETE,18/01/2018 19:26,25/01/2018 23:06,22/01/2018,
ZA-00013813,ZAC0004596,15/01/2018 20:03,COMPLETE,16/01/2018 13:47,22/01/2018 19:44,26/01/2018,
ZA-00013814,ZAC0023418,15/01/2018 12:05,COMPLETE,15/01/2018 14:49,18/01/2018 20:23,18/01/2018,
ZA-00013815,ZAC0005393,15/01/2018 16:41,COMPLETE,16/01/2018 08:41,22/01/2018 14:47,19/01/2018,
ZA-00013816,ZAC0014265,15/01/2018 18:26,COMPLETE,17/01/2018 17:59,21/01/2018 09:04,21/01/2018,
ZA-00013817,ZAC0023062,15/01/2018 11:10,COMPLETE,16/01/2018 11:30,20/01/2018 02:57,19/01/2018,
ZA-00013818,ZAC0001836,15/01/2018 16:57,COMPLETE,16/01/2018 09:52,20/01/2018 04:57,20/01/2018,
ZA-00013819,ZAC0011929,15/01/2018 09:33,COMPLETE,19/01/2018 10:15,25/01/2018 17:25,23/01/2018,FREESHIP
ZA-00013820,ZAC0020888,15/01/2018 07:23,COMPLETE,17/01/2018 05:58,18/01/2018 08:08,20/01/2018,
ZA-00013821,ZAC0022509,15/01/2018 09:13,COMPLETE,18/01/2018 03:32,19/01/2018 18:56,25/01/2018,LOYAL5
ZA-00013822,ZAC0014806,15/01/2018 15:59,DISPATCHED,17/01/2018 10:52,,24/01/2018,
ZA-00013823,ZAC0011841,15/01/2018 10:21,COMPLETE,15/01/2018 22:30,19/01/2018 17:01,19/01/2018,
ZA-00013824,ZAC0017388,15/01/2018 08:28,RETURNED,22/01/2018 10:50,24/01/2018 07:54,01/02/2018,WELCOME10
ZA-00013825,ZAC0005129,15/01/2018 19:13,COMPLETE,22/01/2018 14:40,23/01/2018 20:46,27/01/2018,LOYAL5
ZA-00013826,ZAC0012788,15/01/2018 13:26,COMPLETE,19/01/2018 03:39,24/01/2018 07:03,24/01/2018,
ZA-00013827,ZAC0012977,15/01/2018 22:49,COMPLETE,17/01/2018 17:21,18/01/2018 12:14,24/01/2018,
ZA-00013828,ZAC0002576,15/01/2018 09:05,COMPLETE,17/01/2018 04:52,18/01/2018 17:52,20/01/2018,FREESHIP
ZA-00013829,ZAC0019202,15/01/2018 21:17,COMPLETE,16/01/2018 20:38,23/01/2018 13:56,26/01/2018,
ZA-00013830,ZAC0002477,15/01/2018 22:24,COMPLETE,16/01/2018 20:24,21/01/2018 06:38,20/01/2018,
ZA-00013831,ZAC0012198,15/01/2018 06:29,COMPLETE,17/01/2018 02:58,20/01/2018 09:36,22/01/2018,
ZA-00013832,ZAC0019382,15/01/2018 21:17,COMPLETE,17/01/2018 15:32,26/01/2018 17:57,21/01/2018,
ZA-00013833,ZAC0018620,15/01/2018 14:03,COMPLETE,17/01/2018 16:25,20/01/2018 10:21,22/01/2018,WINTER15
ZA-00013834,ZAC0017612,15/01/2018 13:54,COMPLETE,16/01/2018 13:52,22/01/2018 04:57,21/01/2018,FREESHIP
ZA-00013835,ZAC0016185,15/01/2018 08:58,COMPLETE,17/01/2018 03:25,22/01/2018 22:50,21/01/2018,
ZA-00013836,ZAC0006388,15/01/2018 22:58,COMPLETE,17/01/2018 02:58,19/01/2018 04:49,22/01/2018,
ZA-00013837,ZAC0006942,15/01/2018 07:50,COMPLETE,16/01/2018 05:25,22/01/2018 01:06,23/01/2018,FREESHIP
ZA-00013838,ZAC0017773,15/01/2018 16:42,COMPLETE,25/01/2018 02:11,28/01/2018 02:33,29/01/2018,
ZA-00013839,ZAC0020990,15/01/2018 12:07,COMPLETE,17/01/2018 13:16,26/01/2018 18:00,21/01/2018,
ZA-00013840,ZAC0007620,15/01/2018 11:11,COMPLETE,16/01/2018 04:19,18/01/2018 03:34,20/01/2018,
ZA-00013841,ZAC0005542,15/01/2018 17:53,COMPLETE,16/01/2018 23:29,22/01/2018 15:46,23/01/2018,
ZA-00013842,ZAC0010423,15/01/2018 10:17,COMPLETE,16/01/2018 00:50,16/01/2018 18:00,19/01/2018,BULK20
ZA-00013843,ZAC0000578,15/01/2018 09:46,COMPLETE,20/01/2018 13:35,22/01/2018 06:12,27/01/2018,
ZA-00013844,ZAC0009128,15/01/2018 15:11,COMPLETE,16/01/2018 13:58,18/01/2018 02:57,26/01/2018,FLASH25
ZA-00013845,ZAC0023217,15/01/2018 14:40,COMPLETE,17/01/2018 12:35,25/01/2018 22:08,20/01/2018,
ZA-00013846,ZAC0020729,15/01/2018 11:48,COMPLETE,20/01/2018 12:28,25/01/2018 14:49,27/01/2018,
ZA-00013847,ZAC0018350,15/01/2018 11:48,COMPLETE,18/01/2018 20:55,21/01/2018 03:30,21/01/2018,BULK20
ZA-00013848,ZAC0021064,15/01/2018 21:22,COMPLETE,16/01/2018 11:04,18/01/2018 07:15,20/01/2018,WINTER15
ZA-00013849,ZAC0018801,15/01/2018 18:04,COMPLETE,17/01/2018 03:12,23/01/2018 11:22,24/01/2018,
ZA-00013850,ZAC0010790,15/01/2018 17:32,COMPLETE,17/01/2018 07:32,20/01/2018 00:47,21/01/2018,
ZA-00013851,ZAC0012061,15/01/2018 20:43,COMPLETE,17/01/2018 17:17,21/01/2018 04:45,20/01/2018,
ZA-00013852,ZAC0022706,15/01/2018 15:14,COMPLETE,16/01/2018 06:36,24/01/2018 22:48,19/01/2018,
ZA-00013853,ZAC0005741,15/01/2018 16:37,COMPLETE,18/01/2018 23:06,23/01/2018 08:08,22/01/2018,FREESHIP
ZA-00013854,ZAC0001602,15/01/2018 11:35,COMPLETE,18/01/2018 02:25,24/01/2018 00:40,22/01/2018,
ZA-00013855,ZAC0001649,15/01/2018 15:29,COMPLETE,17/01/2018 17:00,20/01/2018 01:16,21/01/2018,
ZA-00013856,ZAC0005903,15/01/2018 07:52,COMPLETE,18/01/2018 00:17,21/01/2018 17:08,22/01/2018,
ZA-00013857,ZAC0015608,15/01/2018 08:39,COMPLETE,18/01/2018 20:53,22/01/2018 01:12,21/01/2018,
ZA-00013858,ZAC0006382,15/01/2018 07:54,COMPLETE,17/01/2018 15:55,19/01/2018 21:10,20/01/2018,
ZA-00013859,ZAC0009471,15/01/2018 15:09,COMPLETE,16/01/2018 02:28,20/01/2018 15:18,26/01/2018,
ZA-00013860,ZAC0020068,15/01/2018 14:57,COMPLETE,21/01/2018 13:54,27/01/2018 15:58,26/01/2018,FREESHIP
ZA-00013861,ZAC0015959,15/01/2018 17:07,COMPLETE,20/01/2018 05:40,27/01/2018 06:00,25/01/2018,BULK20
ZA-00013862,ZAC0004689,15/01/2018 22:05,COMPLETE,16/01/2018 21:58,31/01/2018 07:09,21/01/2018,
ZA-00013863,ZAC0006380,15/01/2018 08:08,COMPLETE,16/01/2018 03:29,18/01/2018 11:20,23/01/2018,BULK20
ZA-00013864,ZAC0002403,15/01/2018 12:35,RETURNED,18/01/2018 22:56,26/01/2018 00:21,28/01/2018,
ZA-00013865,ZAC0004163,15/01/2018 06:00,COMPLETE,16/01/2018 23:55,20/01/2018 05:45,20/01/2018,LOYAL5
ZA-00013866,ZAC0023891,16/01/2018 22:08,COMPLETE,16/01/2018 22:53,18/01/2018 17:57,23/01/2018,FREESHIP
ZA-00013867,ZAC0019228,16/01/2018 15:38,COMPLETE,22/01/2018 04:02,30/01/2018 02:03,26/01/2018,
ZA-00013868,ZAC0013160,16/01/2018 13:35,COMPLETE,20/01/2018 03:22,21/01/2018 18:15,24/01/2018,
ZA-00013869,ZAC0011057,16/01/2018 14:47,COMPLETE,16/01/2018 19:24,28/01/2018 08:48,19/01/2018,LOYAL5
ZA-00013870,ZAC0019196,16/01/2018 12:36,COMPLETE,17/01/2018 01:58,19/01/2018 01:45,22/01/2018,
ZA-00013871,ZAC0021932,16/01/2018 22:46,COMPLETE,18/01/2018 15:10,25/01/2018 12:13,21/01/2018,
ZA-00013872,ZAC0021289,16/01/2018 13:35,COMPLETE,19/01/2018 13:41,24/01/2018 23:31,23/01/2018,
ZA-00013873,ZAC0001936,16/01/2018 21:12,COMPLETE,17/01/2018 15:53,20/01/2018 16:59,21/01/2018,WELCOME10
ZA-00013874,ZAC0003848,16/01/2018 12:05,COMPLETE,18/01/2018 21:29,24/01/2018 18:50,25/01/2018,
ZA-00013875,ZAC0020652,16/01/2018 13:41,COMPLETE,16/01/2018 18:02,20/01/2018 13:35,21/01/2018,
ZA-00013876,ZAC0018320,16/01/2018 07:51,COMPLETE,24/01/2018 05:02,25/01/2018 19:20,03/02/2018,
ZA-00013877,ZAC0022657,16/01/2018 20:51,COMPLETE,18/01/2018 13:03,25/01/2018 20:37,23/01/2018,
ZA-00013878,ZAC0008487,16/01/2018 14:50,COMPLETE,20/01/2018 05:30,26/01/2018 02:37,30/01/2018,
ZA-00013879,ZAC0009556,16/01/2018 10:21,COMPLETE,17/01/2018 16:05,23/01/2018 06:06,24/01/2018,
ZA-00013880,ZAC0014194,16/01/2018 18:52,COMPLETE,21/01/2018 00:04,26/01/2018 17:37,25/01/2018,LOYAL5
ZA-00013881,ZAC0023926,16/01/2018 07:03,COMPLETE,18/01/2018 08:25,19/01/2018 05:34,23/01/2018,FLASH25
ZA-00013882,ZAC0019571,16/01/2018 09:05,COMPLETE,18/01/2018 22:01,21/01/2018 21:54,25/01/2018,
ZA-00013883,ZAC0016320,16/01/2018 06:58,COMPLETE,17/01/2018 08:50,19/01/2018 19:28,21/01/2018,
ZA-00013884,ZAC0004664,16/01/2018 20:41,COMPLETE,18/01/2018 06:42,25/01/2018 21:46,23/01/2018,
ZA-00013885,ZAC0017967,16/01/2018 20:24,COMPLETE,19/01/2018 14:23,22/01/2018 17:51,23/01/2018,
ZA-00013886,ZAC0006242,16/01/2018 11:46,COMPLETE,24/01/2018 03:56,30/01/2018 18:15,29/01/2018,LOYAL5
ZA-00013887,ZAC0023586,16/01/2018 20:56,COMPLETE,18/01/2018 04:02,23/01/2018 17:33,25/01/2018,
ZA-00013888,ZAC0022189,16/01/2018 06:10,COMPLETE,20/01/2018 04:14,26/01/2018 03:19,27/01/2018,
ZA-00013889,ZAC0006840,16/01/2018 17:39,COMPLETE,22/01/2018 06:00,29/01/2018 06:16,26/01/2018,
ZA-00013890,ZAC0013489,16/01/2018 14:03,COMPLETE,20/01/2018 09:47,24/01/2018 02:30,24/01/2018,
ZA-00013891,ZAC0023745,16/01/2018 15:21,COMPLETE,17/01/2018 16:06,21/01/2018 01:32,21/01/2018,
ZA-00013892,ZAC0000406,16/01/2018 14:18,COMPLETE,17/01/2018 08:04,24/01/2018 09:29,22/01/2018,LOYAL5
ZA-00013893,ZAC0023848,16/01/2018 07:54,COMPLETE,18/01/2018 03:43,23/01/2018 07:46,28/01/2018,
ZA-00013894,ZAC0022861,16/01/2018 09:37,COMPLETE,18/01/2018 21:34,22/01/2018 04:15,21/01/2018,
ZA-00013895,ZAC0014920,16/01/2018 16:58,COMPLETE,17/01/2018 18:18,22/01/2018 01:01,21/01/2018,LOYAL5
ZA-00013896,ZAC0001559,16/01/2018 17:28,COMPLETE,17/01/2018 13:22,20/01/2018 12:22,27/01/2018,
ZA-00013897,ZAC0007099,16/01/2018 08:12,COMPLETE,16/01/2018 12:23,20/01/2018 09:38,26/01/2018,LOYAL5
ZA-00013898,ZAC0008976,16/01/2018 18:47,COMPLETE,17/01/2018 16:45,22/01/2018 07:46,21/01/2018,
ZA-00013899,ZAC0007654,16/01/2018 13:06,COMPLETE,18/01/2018 18:54,23/01/2018 19:23,22/01/2018,WINTER15
ZA-00013900,ZAC0005179,16/01/2018 12:16,COMPLETE,16/01/2018 20:58,21/01/2018 15:03,21/01/2018,
ZA-00013901,ZAC0014302,16/01/2018 22:29,COMPLETE,22/01/2018 02:46,24/01/2018 12:02,25/01/2018,WINTER15
ZA-00013902,ZAC0009308,16/01/2018 11:25,COMPLETE,19/01/2018 02:32,21/01/2018 20:49,24/01/2018,BULK20
ZA-00013903,ZAC0021178,16/01/2018 21:40,COMPLETE,18/01/2018 10:24,27/01/2018 23:18,23/01/2018,
ZA-00013904,ZAC0015455,16/01/2018 18:30,COMPLETE,19/01/2018 09:37,21/01/2018 14:50,26/01/2018,
ZA-00013905,ZAC0017979,16/01/2018 22:51,COMPLETE,18/01/2018 15:42,21/01/2018 00:04,23/01/2018,
ZA-00013906,ZAC0003776,16/01/2018 07:08,COMPLETE,25/01/2018 09:05,28/01/2018 02:52,30/01/2018,
ZA-00013907,ZAC0008550,16/01/2018 14:57,COMPLETE,18/01/2018 01:40,26/01/2018 19:52,21/01/2018,
ZA-00013908,ZAC0001257,16/01/2018 09:33,COMPLETE,18/01/2018 12:35,23/01/2018 07:12,23/01/2018,
ZA-00013909,ZAC0007693,16/01/2018 11:01,COMPLETE,20/01/2018 18:09,22/01/2018 22:31,24/01/2018,
ZA-00013910,ZAC0008961,16/01/2018 21:39,COMPLETE,19/01/2018 06:32,28/01/2018 13:08,24/01/2018,
ZA-00013911,ZAC0013113,16/01/2018 17:30,COMPLETE,18/01/2018 09:11,19/01/2018 08:17,22/01/2018,
ZA-00013912,ZAC0023127,16/01/2018 15:23,DISPATCHED,18/01/2018 19:37,,25/01/2018,BULK20
ZA-00013913,ZAC0022388,16/01/2018 15:06,COMPLETE,17/01/2018 03:45,19/01/2018 04:44,24/01/2018,FLASH25
ZA-00013914,ZAC0002814,16/01/2018 19:33,COMPLETE,20/01/2018 13:19,25/01/2018 09:43,23/01/2018,
ZA-00013915,ZAC0003145,16/01/2018 09:52,COMPLETE,18/01/2018 22:56,24/01/2018 02:03,25/01/2018,
ZA-00013916,ZAC0016018,16/01/2018 12:46,COMPLETE,17/01/2018 12:05,24/01/2018 07:55,22/01/2018,
ZA-00013917,ZAC0014630,16/01/2018 14:24,COMPLETE,17/01/2018 14:07,23/01/2018 10:01,21/01/2018,WINTER15
ZA-00013918,ZAC0021505,16/01/2018 20:58,COMPLETE,22/01/2018 00:02,02/02/2018 02:41,29/01/2018,FLASH25
ZA-00013919,ZAC0013578,16/01/2018 11:28,COMPLETE,18/01/2018 12:16,25/01/2018 04:05,21/01/2018,BULK20
ZA-00013920,ZAC0010513,16/01/2018 19:14,COMPLETE,19/01/2018 08:40,23/01/2018 03:21,22/01/2018,
ZA-00013921,ZAC0013294,16/01/2018 16:23,COMPLETE,19/01/2018 18:14,20/01/2018 16:58,24/01/2018,LOYAL5
ZA-00013922,ZAC0009100,16/01/2018 10:39,COMPLETE,18/01/2018 01:50,19/01/2018 07:00,23/01/2018,
ZA-00013923,ZAC0017594,16/01/2018 21:44,COMPLETE,18/01/2018 15:05,24/01/2018 04:05,22/01/2018,
ZA-00013924,ZAC0018909,16/01/2018 19:37,COMPLETE,18/01/2018 08:09,26/01/2018 20:40,22/01/2018,
ZA-00013925,ZAC0001394,16/01/2018 16:23,COMPLETE,18/01/2018 13:10,21/01/2018 20:50,21/01/2018,
ZA-00013926,ZAC0009389,16/01/2018 12:10,COMPLETE,17/01/2018 02:13,20/01/2018 13:16,24/01/2018,
ZA-00013927,ZAC0003980,16/01/2018 06:41,COMPLETE,20/01/2018 05:42,22/01/2018 20:36,27/01/2018,WELCOME10
ZA-00013928,ZAC0014585,16/01/2018 21:57,COMPLETE,20/01/2018 04:56,27/01/2018 09:29,27/01/2018,
ZA-00013929,ZAC0000907,16/01/2018 07:47,COMPLETE,19/01/2018 16:26,23/01/2018 06:13,23/01/2018,
ZA-00013930,ZAC0010153,17/01/2018 16:24,COMPLETE,19/01/2018 14:43,20/01/2018 21:58,26/01/2018,WELCOME10
ZA-00013931,ZAC0003073,17/01/2018 14:16,COMPLETE,18/01/2018 16:04,23/01/2018 16:35,25/01/2018,
ZA-00013932,ZAC0022891,17/01/2018 13:01,COMPLETE,19/01/2018 17:46,29/01/2018 06:02,24/01/2018,
ZA-00013933,ZAC0012324,17/01/2018 08:36,DISPATCHED,18/01/2018 20:16,,21/01/2018,
ZA-00013934,ZAC0017247,17/01/2018 16:40,COMPLETE,21/01/2018 22:11,24/01/2018 23:49,26/01/2018,
ZA-00013935,ZAC0017842,17/01/2018 12:51,COMPLETE,17/01/2018 16:57,19/01/2018 07:10,20/01/2018,
ZA-00013936,ZAC0015650,17/01/2018 21:52,DISPATCHED,21/01/2018 21:07,,26/01/2018,BULK20
ZA-00013937,ZAC0021425,17/01/2018 08:53,COMPLETE,18/01/2018 01:47,21/01/2018 16:25,22/01/2018,
ZA-00013938,ZAC0002472,17/01/2018 11:00,COMPLETE,20/01/2018 21:35,27/01/2018 18:05,24/01/2018,
ZA-00013939,ZAC0017574,17/01/2018 16:07,COMPLETE,19/01/2018 15:42,21/01/2018 10:49,26/01/2018,
ZA-00013940,ZAC0020922,17/01/2018 18:46,COMPLETE,20/01/2018 06:58,26/01/2018 02:59,25/01/2018,
ZA-00013941,ZAC0018623,17/01/2018 17:23,COMPLETE,19/01/2018 08:39,21/01/2018 22:23,26/01/2018,
ZA-00013942,ZAC0000690,17/01/2018 15:35,COMPLETE,18/01/2018 15:23,19/01/2018 13:01,23/01/2018,
ZA-00013943,ZAC0017465,17/01/2018 10:30,COMPLETE,19/01/2018 22:45,25/01/2018 23:57,24/01/2018,WINTER15
ZA-00013944,ZAC0008185,17/01/2018 16:17,COMPLETE,19/01/2018 12:03,20/01/2018 12:00,23/01/2018,
ZA-00013945,ZAC0005865,17/01/2018 19:02,COMPLETE,21/01/2018 16:11,25/01/2018 20:08,25/01/2018,LOYAL5
ZA-00013946,ZAC0012925,17/01/2018 16:57,PENDING,,,,FLASH25
ZA-00013947,ZAC0008755,17/01/2018 13:42,COMPLETE,19/01/2018 11:12,21/01/2018 13:46,23/01/2018,
ZA-00013948,ZAC0015508,17/01/2018 16:45,COMPLETE,22/01/2018 12:09,25/01/2018 20:01,25/01/2018,WELCOME10
ZA-00013949,ZAC0003070,17/01/2018 21:26,COMPLETE,18/01/2018 06:41,19/01/2018 01:37,23/01/2018,WINTER15
ZA-00013950,ZAC0010969,17/01/2018 13:17,COMPLETE,21/01/2018 12:04,25/01/2018 21:48,26/01/2018,
ZA-00013951,ZAC0021790,17/01/2018 18:21,COMPLETE,18/01/2018 15:16,21/01/2018 07:38,22/01/2018,
ZA-00013952,ZAC0014532,17/01/2018 06:01,COMPLETE,17/01/2018 20:06,27/01/2018 16:03,22/01/2018,
ZA-00013953,ZAC0017881,17/01/2018 08:43,COMPLETE,17/01/2018 18:37,20/01/2018 14:17,21/01/2018,
ZA-00013954,ZAC0003270,17/01/2018 15:51,COMPLETE,20/01/2018 15:07,24/01/2018 15:47,27/01/2018,
ZA-00013955,ZAC0021404,17/01/2018 18:19,COMPLETE,18/01/2018 21:08,20/01/2018 18:26,23/01/2018,
ZA-00013956,ZAC0014525,17/01/2018 17:04,COMPLETE,20/01/2018 04:56,21/01/2018 16:43,27/01/2018,WELCOME10
ZA-00013957,ZAC0005639,17/01/2018 12:48,COMPLETE,25/01/2018 13:45,28/01/2018 03:26,04/02/2018,
ZA-00013958,ZAC0021829,17/01/2018 14:51,CANCELLED,,,,WELCOME10
ZA-00013959,ZAC0019669,17/01/2018 20:07,COMPLETE,18/01/2018 16:18,24/01/2018 15:45,23/01/2018,
ZA-00013960,ZAC0022379,17/01/2018 16:14,COMPLETE,18/01/2018 18:24,01/02/2018 02:48,22/01/2018,FREESHIP
ZA-00013961,ZAC0015598,17/01/2018 10:16,COMPLETE,19/01/2018 00:23,20/01/2018 20:02,24/01/2018,
ZA-00013962,ZAC0015477,17/01/2018 14:25,COMPLETE,18/01/2018 04:48,20/01/2018 09:38,23/01/2018,
ZA-00013963,ZAC0009738,17/01/2018 06:16,COMPLETE,18/01/2018 08:50,25/01/2018 01:18,25/01/2018,
ZA-00013964,ZAC0019646,17/01/2018 14:32,COMPLETE,19/01/2018 02:15,24/01/2018 02:58,23/01/2018,FLASH25
ZA-00013965,ZAC0018075,17/01/2018 10:35,COMPLETE,17/01/2018 22:31,21/01/2018 23:28,24/01/2018,
ZA-00013966,ZAC0003405,17/01/2018 18:33,COMPLETE,19/01/2018 08:43,23/01/2018 04:27,23/01/2018,
ZA-00013967,ZAC0007083,17/01/2018 15:05,COMPLETE,19/01/2018 13:01,22/01/2018 20:27,23/01/2018,
ZA-00013968,ZAC0005879,17/01/2018 19:57,COMPLETE,18/01/2018 18:43,23/01/2018 21:28,25/01/2018,
ZA-00013969,ZAC0011495,17/01/2018 19:43,COMPLETE,19/01/2018 06:33,21/01/2018 17:22,22/01/2018,BULK20
ZA-00013970,ZAC0017310,17/01/2018 09:12,COMPLETE,17/01/2018 16:34,24/01/2018 20:40,21/01/2018,FREESHIP
ZA-00013971,ZAC0020833,17/01/2018 20:26,COMPLETE,20/01/2018 01:42,21/01/2018 13:04,27/01/2018,
ZA-00013972,ZAC0023577,17/01/2018 17:58,COMPLETE,18/01/2018 20:59,20/01/2018 07:20,22/01/2018,
ZA-00013973,ZAC0008490,17/01/2018 12:05,COMPLETE,19/01/2018 02:00,24/01/2018 14:26,22/01/2018,
ZA-00013974,ZAC0012985,17/01/2018 16:12,CANCELLED,,,,BULK20
ZA-00013975,ZAC0013080,17/01/2018 12:26,COMPLETE,18/01/2018 06:26,20/01/2018 09:20,22/01/2018,
ZA-00013976,ZAC0008255,17/01/2018 19:07,COMPLETE,18/01/2018 21:12,22/01/2018 07:07,23/01/2018,
ZA-00013977,ZAC0011734,17/01/2018 07:36,COMPLETE,17/01/2018 19:55,25/01/2018 07:21,20/01/2018,
ZA-00013978,ZAC0021441,17/01/2018 12:27,COMPLETE,20/01/2018 04:55,20/01/2018 15:14,23/01/2018,
ZA-00013979,ZAC0007114,17/01/2018 06:16,CANCELLED,,,,
ZA-00013980,ZAC0014586,17/01/2018 20:06,COMPLETE,18/01/2018 05:16,23/01/2018 03:28,23/01/2018,
ZA-00013981,ZAC0002446,17/01/2018 12:54,COMPLETE,19/01/2018 12:21,23/01/2018 07:44,22/01/2018,
ZA-00013982,ZAC0003761,17/01/2018 19:43,COMPLETE,20/01/2018 03:17,22/01/2018 09:28,23/01/2018,
ZA-00013983,ZAC0013564,17/01/2018 17:45,COMPLETE,20/01/2018 16:16,24/01/2018 06:12,25/01/2018,
ZA-00013984,ZAC0017997,17/01/2018 13:51,COMPLETE,18/01/2018 12:29,25/01/2018 10:48,22/01/2018,
ZA-00013985,ZAC0015945,17/01/2018 10:06,COMPLETE,18/01/2018 21:39,19/01/2018 14:10,25/01/2018,
ZA-00013986,ZAC0005431,17/01/2018 15:38,COMPLETE,18/01/2018 18:48,20/01/2018 01:18,25/01/2018,
ZA-00013987,ZAC0008214,17/01/2018 17:25,COMPLETE,18/01/2018 09:57,20/01/2018 22:46,23/01/2018,
ZA-00013988,ZAC0002080,17/01/2018 19:46,COMPLETE,20/01/2018 09:30,29/01/2018 04:29,23/01/2018,
ZA-00013989,ZAC0000855,17/01/2018 22:38,COMPLETE,21/01/2018 20:14,27/01/2018 15:30,24/01/2018,
ZA-00013990,ZAC0003026,17/01/2018 06:12,COMPLETE,20/01/2018 00:12,21/01/2018 17:04,24/01/2018,
ZA-00013991,ZAC0003651,17/01/2018 08:23,COMPLETE,19/01/2018 22:15,24/01/2018 14:41,29/01/2018,BULK20
ZA-00013992,ZAC0002024,17/01/2018 17:40,COMPLETE,18/01/2018 02:33,23/01/2018 14:44,22/01/2018,
ZA-00013993,ZAC0009005,17/01/2018 17:05,COMPLETE,20/01/2018 07:04,29/01/2018 00:56,25/01/2018,
ZA-00013994,ZAC0012396,17/01/2018 12:26,CANCELLED,,,,FREESHIP
ZA-00013995,ZAC0007236,17/01/2018 18:02,COMPLETE,20/01/2018 08:49,25/01/2018 00:43,25/01/2018,WELCOME10
ZA-00013996,ZAC0017752,17/01/2018 06:34,COMPLETE,18/01/2018 09:49,23/01/2018 20:38,23/01/2018,
ZA-00013997,ZAC0012155,17/01/2018 14:17,COMPLETE,19/01/2018 06:44,24/01/2018 08:33,23/01/2018,
ZA-00013998,ZAC0021645,17/01/2018 17:30,COMPLETE,18/01/2018 23:36,23/01/2018 06:07,21/01/2018,LOYAL5
ZA-00013999,ZAC0003516,17/01/2018 21:48,COMPLETE,21/01/2018 09:54,25/01/2018 16:17,28/01/2018,
ZA-00014000,ZAC0001439,17/01/2018 09:03,COMPLETE,18/01/2018 08:42,20/01/2018 04:51,28/01/2018,FLASH25
ZA-00014001,ZAC0022989,18/01/2018 22:46,COMPLETE,22/01/2018 07:44,29/01/2018 05:01,29/01/2018,
ZA-00014002,ZAC0009065,18/01/2018 11:04,COMPLETE,19/01/2018 13:36,23/01/2018 17:01,23/01/2018,
ZA-00014003,ZAC0009730,18/01/2018 19:10,COMPLETE,20/01/2018 01:21,23/01/2018 15:12,24/01/2018,
ZA-00014004,ZAC0018706,18/01/2018 18:10,COMPLETE,21/01/2018 13:49,22/01/2018 00:51,31/01/2018,WINTER15
ZA-00014005,ZAC0001623,18/01/2018 21:23,CANCELLED,,,,
ZA-00014006,ZAC0015623,18/01/2018 13:28,COMPLETE,23/01/2018 12:10,25/01/2018 20:37,27/01/2018,WINTER15
ZA-00014007,ZAC0009417,18/01/2018 20:03,COMPLETE,21/01/2018 03:14,25/01/2018 02:18,24/01/2018,
ZA-00014008,ZAC0007058,18/01/2018 14:56,RETURNED,19/01/2018 20:16,27/01/2018 03:45,26/01/2018,
ZA-00014009,ZAC0015959,18/01/2018 13:18,COMPLETE,22/01/2018 16:41,23/01/2018 07:18,01/02/2018,
ZA-00014010,ZAC0021010,18/01/2018 18:49,COMPLETE,22/01/2018 09:40,29/01/2018 10:12,29/01/2018,
ZA-00014011,ZAC0002722,18/01/2018 13:09,COMPLETE,21/01/2018 18:05,24/01/2018 23:02,25/01/2018,
ZA-00014012,ZAC0005349,18/01/2018 15:32,COMPLETE,21/01/2018 02:19,28/01/2018 01:58,26/01/2018,
ZA-00014013,ZAC0015124,18/01/2018 11:53,CANCELLED,,,,
ZA-00014014,ZAC0012867,18/01/2018 13:42,COMPLETE,21/01/2018 09:02,02/02/2018 11:00,26/01/2018,FREESHIP
ZA-00014015,ZAC0021241,18/01/2018 07:19,COMPLETE,18/01/2018 23:33,19/01/2018 20:50,23/01/2018,FREESHIP
ZA-00014016,ZAC0019012,18/01/2018 21:43,COMPLETE,21/01/2018 14:46,27/01/2018 06:32,28/01/2018,WELCOME10
ZA-00014017,ZAC0014315,18/01/2018 14:27,COMPLETE,24/01/2018 20:12,30/01/2018 17:53,29/01/2018,
ZA-00014018,ZAC0019558,18/01/2018 07:07,COMPLETE,20/01/2018 00:14,20/01/2018 15:47,25/01/2018,
ZA-00014019,ZAC0000290,18/01/2018 21:24,COMPLETE,19/01/2018 23:25,24/01/2018 00:59,26/01/2018,
ZA-00014020,ZAC0014237,18/01/2018 09:48,COMPLETE,21/01/2018 16:40,31/01/2018 19:21,25/01/2018,
ZA-00014021,ZAC0003246,18/01/2018 20:25,COMPLETE,20/01/2018 01:53,25/01/2018 13:36,27/01/2018,
ZA-00014022,ZAC0022800,18/01/2018 19:44,COMPLETE,21/01/2018 07:17,24/01/2018 11:27,25/01/2018,LOYAL5
ZA-00014023,ZAC0018355,18/01/2018 14:07,COMPLETE,21/01/2018 08:29,26/01/2018 04:15,26/01/2018,
ZA-00014024,ZAC0021326,18/01/2018 08:35,COMPLETE,23/01/2018 11:26,24/01/2018 20:20,30/01/2018,
ZA-00014025,ZAC0018844,18/01/2018 19:32,COMPLETE,21/01/2018 07:47,31/01/2018 19:07,26/01/2018,
ZA-00014026,ZAC0018448,18/01/2018 15:11,COMPLETE,19/01/2018 14:31,24/01/2018 16:56,22/01/2018,
ZA-00014027,ZAC0022495,18/01/2018 07:22,COMPLETE,21/01/2018 10:51,27/01/2018 23:46,28/01/2018,
ZA-00014028,ZAC0019866,18/01/2018 13:02,COMPLETE,21/01/2018 09:15,22/01/2018 02:06,31/01/2018,
ZA-00014029,ZAC0012550,18/01/2018 09:51,COMPLETE,21/01/2018 05:19,22/01/2018 23:50,26/01/2018,
ZA-00014030,ZAC0013889,18/01/2018 16:50,COMPLETE,23/01/2018 17:27,24/01/2018 02:05,26/01/2018,
ZA-00014031,ZAC0012907,18/01/2018 09:38,COMPLETE,20/01/2018 15:33,24/01/2018 23:51,24/01/2018,
ZA-00014032,ZAC0005891,18/01/2018 20:47,COMPLETE,20/01/2018 15:35,26/01/2018 13:57,24/01/2018,
ZA-00014033,ZAC0001547,18/01/2018 12:35,COMPLETE,19/01/2018 14:19,21/01/2018 15:40,23/01/2018,
ZA-00014034,ZAC0002581,18/01/2018 15:38,COMPLETE,19/01/2018 19:29,21/01/2018 05:55,22/01/2018,FREESHIP
ZA-00014035,ZAC0022761,18/01/2018 10:18,COMPLETE,22/01/2018 22:30,30/01/2018 20:51,26/01/2018,
ZA-00014036,ZAC0001060,18/01/2018 22:03,COMPLETE,20/01/2018 13:10,23/01/2018 17:30,25/01/2018,
ZA-00014037,ZAC0021171,18/01/2018 10:49,COMPLETE,19/01/2018 17:40,22/01/2018 08:47,23/01/2018,
ZA-00014038,ZAC0021873,18/01/2018 08:28,COMPLETE,22/01/2018 05:14,31/01/2018 00:33,26/01/2018,
ZA-00014039,ZAC0009579,18/01/2018 13:52,COMPLETE,21/01/2018 08:59,26/01/2018 01:22,26/01/2018,
ZA-00014040,ZAC0014871,18/01/2018 11:08,PENDING,,,,
ZA-00014041,ZAC0010871,18/01/2018 09:44,COMPLETE,24/01/2018 17:25,26/01/2018 02:30,29/01/2018,
ZA-00014042,ZAC0004014,18/01/2018 10:58,RETURNED,24/01/2018 07:45,27/01/2018 20:16,27/01/2018,WINTER15
ZA-00014043,ZAC0012274,18/01/2018 10:39,COMPLETE,26/01/2018 02:56,30/01/2018 19:45,30/01/2018,
ZA-00014044,ZAC0020686,18/01/2018 21:56,COMPLETE,19/01/2018 02:19,25/01/2018 02:37,24/01/2018,
ZA-00014045,ZAC0021001,18/01/2018 16:31,RETURNED,24/01/2018 12:34,03/02/2018 00:45,31/01/2018,
ZA-00014046,ZAC0023504,18/01/2018 17:28,COMPLETE,20/01/2018 17:53,22/01/2018 22:33,25/01/2018,
ZA-00014047,ZAC0001672,18/01/2018 10:55,COMPLETE,20/01/2018 16:48,21/01/2018 10:48,27/01/2018,
ZA-00014048,ZAC0013534,18/01/2018 11:30,DISPATCHED,19/01/2018 17:04,,29/01/2018,
ZA-00014049,ZAC0012758,18/01/2018 07:37,COMPLETE,21/01/2018 16:34,24/01/2018 23:19,31/01/2018,FLASH25
ZA-00014050,ZAC0021438,18/01/2018 12:03,COMPLETE,22/01/2018 07:50,24/01/2018 07:33,01/02/2018,
ZA-00014051,ZAC0007180,18/01/2018 19:36,COMPLETE,20/01/2018 06:19,29/01/2018 05:33,25/01/2018,
ZA-00014052,ZAC0004376,18/01/2018 12:06,COMPLETE,20/01/2018 19:18,28/01/2018 02:42,27/01/2018,
ZA-00014053,ZAC0003899,18/01/2018 07:40,COMPLETE,19/01/2018 21:32,28/01/2018 06:02,23/01/2018,
ZA-00014054,ZAC0014557,18/01/2018 22:26,COMPLETE,24/01/2018 23:13,27/01/2018 13:07,29/01/2018,
ZA-00014055,ZAC0000497,18/01/2018 07:32,COMPLETE,24/01/2018 13:37,04/02/2018 21:39,27/01/2018,
ZA-00014056,ZAC0017795,18/01/2018 22:24,COMPLETE,21/01/2018 08:41,23/01/2018 09:48,31/01/2018,FREESHIP
ZA-00014057,ZAC0015183,18/01/2018 06:08,COMPLETE,19/01/2018 13:56,22/01/2018 02:36,24/01/2018,
ZA-00014058,ZAC0011647,18/01/2018 10:47,COMPLETE,19/01/2018 02:09,21/01/2018 11:16,22/01/2018,
ZA-00014059,ZAC0014192,18/01/2018 06:49,COMPLETE,18/01/2018 19:09,20/01/2018 11:58,22/01/2018,
ZA-00014060,ZAC0018950,18/01/2018 19:30,COMPLETE,20/01/2018 21:00,23/01/2018 08:22,27/01/2018,
ZA-00014061,ZAC0012698,18/01/2018 22:24,COMPLETE,20/01/2018 02:35,21/01/2018 05:15,23/01/2018,BULK20
ZA-00014062,ZAC0022992,18/01/2018 10:43,COMPLETE,19/01/2018 23:48,21/01/2018 20:10,22/01/2018,WELCOME10
ZA-00014063,ZAC0000526,18/01/2018 10:16,COMPLETE,24/01/2018 19:11,01/02/2018 06:50,29/01/2018,
ZA-00014064,ZAC0020201,18/01/2018 21:44,COMPLETE,19/01/2018 23:59,22/01/2018 23:29,22/01/2018,
ZA-00014065,ZAC0002255,18/01/2018 12:28,COMPLETE,22/01/2018 18:02,23/01/2018 15:08,26/01/2018,
ZA-00014066,ZAC0012202,19/01/2018 12:15,COMPLETE,23/01/2018 10:19,26/01/2018 14:06,28/01/2018,
ZA-00014067,ZAC0008718,19/01/2018 10:03,PENDING,,,,
ZA-00014068,ZAC0012479,19/01/2018 19:06,COMPLETE,20/01/2018 07:46,23/01/2018 04:47,23/01/2018,WINTER15
ZA-00014069,ZAC0006965,19/01/2018 06:46,COMPLETE,20/01/2018 02:56,25/01/2018 12:16,30/01/2018,
ZA-00014070,ZAC0015455,19/01/2018 17:56,COMPLETE,23/01/2018 03:17,26/01/2018 11:32,27/01/2018,
ZA-00014071,ZAC0003804,19/01/2018 07:29,COMPLETE,20/01/2018 16:13,21/01/2018 17:10,24/01/2018,
ZA-00014072,ZAC0021811,19/01/2018 06:00,COMPLETE,19/01/2018 11:54,25/01/2018 00:14,26/01/2018,
ZA-00014073,ZAC0015733,19/01/2018 21:01,COMPLETE,23/01/2018 07:18,28/01/2018 09:03,26/01/2018,BULK20
ZA-00014074,ZAC0019828,19/01/2018 16:06,PENDING,,,,
ZA-00014075,ZAC0003899,19/01/2018 14:03,COMPLETE,22/01/2018 23:02,23/01/2018 11:03,26/01/2018,
ZA-00014076,ZAC0000098,19/01/2018 13:55,COMPLETE,21/01/2018 12:21,29/01/2018 06:05,25/01/2018,
ZA-00014077,ZAC0011087,19/01/2018 20:57,COMPLETE,21/01/2018 08:11,21/01/2018 21:31,25/01/2018,
ZA-00014078,ZAC0009235,19/01/2018 06:28,COMPLETE,22/01/2018 02:19,30/01/2018 23:48,27/01/2018,
ZA-00014079,ZAC0019886,19/01/2018 14:31,COMPLETE,20/01/2018 12:17,20/01/2018 20:32,25/01/2018,
ZA-00014080,ZAC0021565,19/01/2018 22:49,COMPLETE,21/01/2018 00:28,28/01/2018 15:40,26/01/2018,WELCOME10
ZA-00014081,ZAC0020423,19/01/2018 15:53,CANCELLED,,,,
ZA-00014082,ZAC0017704,19/01/2018 11:11,COMPLETE,20/01/2018 12:30,24/01/2018 02:43,24/01/2018,
ZA-00014083,ZAC0021559,19/01/2018 12:10,COMPLETE,19/01/2018 15:03,01/02/2018 18:09,23/01/2018,
ZA-00014084,ZAC0006566,19/01/2018 17:57,COMPLETE,25/01/2018 11:35,31/01/2018 14:05,29/01/2018,
ZA-00014085,ZAC0015739,19/01/2018 15:47,COMPLETE,22/01/2018 07:42,26/01/2018 11:04,29/01/2018,FREESHIP
ZA-00014086,ZAC0005419,19/01/2018 13:11,COMPLETE,23/01/2018 08:51,26/01/2018 21:04,26/01/2018,
ZA-00014087,ZAC0019964,19/01/2018 14:23,COMPLETE,21/01/2018 11:18,23/01/2018 13:49,24/01/2018,
ZA-00014088,ZAC0012072,19/01/2018 07:46,RETURNED,19/01/2018 13:29,25/01/2018 19:15,22/01/2018,
ZA-00014089,ZAC0003832,19/01/2018 13:49,COMPLETE,21/01/2018 11:18,26/01/2018 15:32,25/01/2018,WELCOME10
ZA-00014090,ZAC0001017,19/01/2018 06:39,COMPLETE,22/01/2018 06:00,25/01/2018 13:51,29/01/2018,BULK20
ZA-00014091,ZAC0021288,19/01/2018 21:28,COMPLETE,20/01/2018 20:42,28/01/2018 11:54,24/01/2018,BULK20
ZA-00014092,ZAC0017528,19/01/2018 07:04,COMPLETE,24/01/2018 06:41,27/01/2018 01:56,28/01/2018,LOYAL5
ZA-00014093,ZAC0007185,19/01/2018 22:05,COMPLETE,21/01/2018 14:54,24/01/2018 22:09,31/01/2018,
ZA-00014094,ZAC0005253,19/01/2018 17:12,COMPLETE,20/01/2018 14:54,28/01/2018 01:01,24/01/2018,
ZA-00014095,ZAC0018659,19/01/2018 20:47,COMPLETE,20/01/2018 02:39,22/01/2018 18:41,24/01/2018,FREESHIP
ZA-00014096,ZAC0008221,19/01/2018 11:36,COMPLETE,19/01/2018 18:37,24/01/2018 03:45,23/01/2018,
ZA-00014097,ZAC0021920,19/01/2018 11:37,COMPLETE,21/01/2018 13:06,26/01/2018 15:39,25/01/2018,WINTER15
ZA-00014098,ZAC0021792,19/01/2018 15:42,COMPLETE,21/01/2018 18:19,23/01/2018 09:02,26/01/2018,
ZA-00014099,ZAC0016713,19/01/2018 21:08,COMPLETE,20/01/2018 00:16,24/01/2018 15:04,24/01/2018,
ZA-00014100,ZAC0001634,19/01/2018 20:21,COMPLETE,23/01/2018 03:15,25/01/2018 05:50,26/01/2018,
ZA-00014101,ZAC0006432,19/01/2018 07:00,COMPLETE,21/01/2018 08:40,26/01/2018 10:27,25/01/2018,
ZA-00014102,ZAC0000652,19/01/2018 19:58,COMPLETE,20/01/2018 20:18,21/01/2018 15:50,30/01/2018,WINTER15
ZA-00014103,ZAC0015885,19/01/2018 08:43,COMPLETE,22/01/2018 13:13,01/02/2018 21:36,27/01/2018,
ZA-00014104,ZAC0023857,19/01/2018 15:35,PENDING,,,,
ZA-00014105,ZAC0019875,19/01/2018 22:53,COMPLETE,21/01/2018 05:12,22/01/2018 09:14,25/01/2018,
ZA-00014106,ZAC0018063,19/01/2018 06:50,COMPLETE,26/01/2018 04:06,28/01/2018 06:38,31/01/2018,BULK20
ZA-00014107,ZAC0010717,19/01/2018 07:14,CANCELLED,,,,WELCOME10
ZA-00014108,ZAC0013065,19/01/2018 16:10,COMPLETE,21/01/2018 17:21,25/01/2018 08:42,25/01/2018,
ZA-00014109,ZAC0012300,19/01/2018 11:06,COMPLETE,19/01/2018 15:39,21/01/2018 11:39,23/01/2018,
ZA-00014110,ZAC0001809,19/01/2018 11:18,COMPLETE,21/01/2018 16:41,27/01/2018 00:36,31/01/2018,BULK20
ZA-00014111,ZAC0007834,19/01/2018 17:41,COMPLETE,21/01/2018 14:30,26/01/2018 19:19,24/01/2018,
ZA-00014112,ZAC0000688,19/01/2018 22:51,COMPLETE,21/01/2018 19:24,24/01/2018 08:05,24/01/2018,
ZA-00014113,ZAC0007899,19/01/2018 15:42,COMPLETE,21/01/2018 22:47,27/01/2018 01:47,25/01/2018,
ZA-00014114,ZAC0018112,19/01/2018 18:51,COMPLETE,22/01/2018 06:29,04/02/2018 15:53,25/01/2018,
ZA-00014115,ZAC0001061,19/01/2018 09:18,COMPLETE,21/01/2018 19:21,29/01/2018 16:00,28/01/2018,
ZA-00014116,ZAC0002788,19/01/2018 20:26,COMPLETE,20/01/2018 08:36,25/01/2018 13:47,25/01/2018,WELCOME10
ZA-00014117,ZAC0022310,19/01/2018 22:51,COMPLETE,22/01/2018 02:32,26/01/2018 01:55,29/01/2018,
ZA-00014118,ZAC0012333,19/01/2018 12:44,COMPLETE,21/01/2018 00:30,30/01/2018 01:03,28/01/2018,FLASH25
ZA-00014119,ZAC0009038,19/01/2018 16:41,COMPLETE,25/01/2018 01:32,30/01/2018 05:24,30/01/2018,
ZA-00014120,ZAC0015485,19/01/2018 07:26,COMPLETE,20/01/2018 09:56,24/01/2018 13:07,23/01/2018,
ZA-00014121,ZAC0001078,19/01/2018 17:22,CANCELLED,,,,
ZA-00014122,ZAC0009207,19/01/2018 08:23,COMPLETE,20/01/2018 05:35,31/01/2018 12:11,24/01/2018,
ZA-00014123,ZAC0022356,19/01/2018 09:10,COMPLETE,19/01/2018 23:31,26/01/2018 08:45,24/01/2018,WINTER15
ZA-00014124,ZAC0006885,19/01/2018 19:28,COMPLETE,20/01/2018 08:43,21/01/2018 10:32,24/01/2018,WINTER15
ZA-00014125,ZAC0017218,19/01/2018 08:46,COMPLETE,19/01/2018 17:46,22/01/2018 04:31,23/01/2018,FREESHIP
ZA-00014126,ZAC0023170,19/01/2018 22:21,COMPLETE,24/01/2018 00:12,25/01/2018 18:03,03/02/2018,
ZA-00014127,ZAC0015592,19/01/2018 12:39,COMPLETE,19/01/2018 16:34,20/01/2018 15:23,22/01/2018,WELCOME10
ZA-00014128,ZAC0009775,19/01/2018 22:17,COMPLETE,21/01/2018 17:56,25/01/2018 02:23,25/01/2018,
ZA-00014129,ZAC0003513,19/01/2018 11:52,COMPLETE,19/01/2018 17:49,21/01/2018 22:33,23/01/2018,
ZA-00014130,ZAC0021889,20/01/2018 09:09,COMPLETE,22/01/2018 00:37,25/01/2018 19:05,27/01/2018,
ZA-00014131,ZAC0022595,20/01/2018 19:50,COMPLETE,22/01/2018 17:03,25/01/2018 16:13,29/01/2018,BULK20
ZA-00014132,ZAC0019513,20/01/2018 08:45,COMPLETE,22/01/2018 05:02,31/01/2018 11:52,26/01/2018,
ZA-00014133,ZAC0000523,20/01/2018 10:43,COMPLETE,22/01/2018 12:35,24/01/2018 21:58,27/01/2018,
ZA-00014134,ZAC0010039,20/01/2018 16:18,COMPLETE,27/01/2018 05:42,01/02/2018 01:31,31/01/2018,
ZA-00014135,ZAC0015503,20/01/2018 07:53,COMPLETE,23/01/2018 12:24,26/01/2018 11:11,26/01/2018,
ZA-00014136,ZAC0023653,20/01/2018 15:19,COMPLETE,21/01/2018 22:23,26/01/2018 17:07,26/01/2018,
ZA-00014137,ZAC0005611,20/01/2018 13:30,COMPLETE,23/01/2018 16:57,27/01/2018 06:51,27/01/2018,
ZA-00014138,ZAC0012156,20/01/2018 12:10,COMPLETE,20/01/2018 21:30,22/01/2018 02:14,24/01/2018,LOYAL5
ZA-00014139,ZAC0018348,20/01/2018 09:29,COMPLETE,21/01/2018 22:58,28/01/2018 13:29,25/01/2018,
ZA-00014140,ZAC0007825,20/01/2018 21:42,COMPLETE,24/01/2018 16:00,31/01/2018 07:59,28/01/2018,WELCOME10
ZA-00014141,ZAC0014203,20/01/2018 10:26,COMPLETE,22/01/2018 19:11,23/01/2018 10:08,26/01/2018,
ZA-00014142,ZAC0018626,20/01/2018 14:32,COMPLETE,23/01/2018 02:20,27/01/2018 13:34,02/02/2018,
ZA-00014143,ZAC0016399,20/01/2018 18:19,COMPLETE,26/01/2018 05:16,29/01/2018 15:32,31/01/2018,
ZA-00014144,ZAC0009407,20/01/2018 12:38,COMPLETE,22/01/2018 13:35,25/01/2018 04:36,27/01/2018,FLASH25
ZA-00014145,ZAC0019513,20/01/2018 20:46,COMPLETE,26/01/2018 22:54,28/01/2018 20:54,31/01/2018,
ZA-00014146,ZAC0015350,20/01/2018 18:24,COMPLETE,21/01/2018 02:06,26/01/2018 15:15,28/01/2018,
ZA-00014147,ZAC0018282,20/01/2018 06:58,COMPLETE,23/01/2018 07:33,24/01/2018 05:58,27/01/2018,FLASH25
ZA-00014148,ZAC0012171,20/01/2018 08:48,CANCELLED,,,,WINTER15
ZA-00014149,ZAC0009478,20/01/2018 20:43,COMPLETE,22/01/2018 05:10,31/01/2018 21:08,27/01/2018,
ZA-00014150,ZAC0014617,20/01/2018 20:56,COMPLETE,22/01/2018 16:33,24/01/2018 04:18,26/01/2018,FREESHIP
ZA-00014151,ZAC0005589,20/01/2018 13:55,COMPLETE,23/01/2018 08:18,27/01/2018 04:08,30/01/2018,
ZA-00014152,ZAC0021681,20/01/2018 15:36,COMPLETE,25/01/2018 09:19,29/01/2018 13:50,28/01/2018,
ZA-00014153,ZAC0019063,20/01/2018 22:34,COMPLETE,21/01/2018 19:13,24/01/2018 04:24,25/01/2018,
ZA-00014154,ZAC0010821,20/01/2018 09:24,COMPLETE,22/01/2018 01:15,22/01/2018 17:38,27/01/2018,
ZA-00014155,ZAC0011794,20/01/2018 14:07,COMPLETE,21/01/2018 09:24,21/01/2018 19:30,24/01/2018,FREESHIP
ZA-00014156,ZAC0011059,20/01/2018 20:38,COMPLETE,22/01/2018 13:18,25/01/2018 01:08,25/01/2018,
ZA-00014157,ZAC0020152,20/01/2018 07:55,DISPATCHED,21/01/2018 08:37,,28/01/2018,
ZA-00014158,ZAC0015171,20/01/2018 10:27,COMPLETE,22/01/2018 16:49,29/01/2018 09:12,26/01/2018,
ZA-00014159,ZAC0008278,20/01/2018 21:52,COMPLETE,27/01/2018 01:10,05/02/2018 02:44,03/02/2018,
ZA-00014160,ZAC0014126,20/01/2018 06:29,COMPLETE,20/01/2018 23:28,22/01/2018 20:52,24/01/2018,
ZA-00014161,ZAC0012418,20/01/2018 21:37,COMPLETE,22/01/2018 11:42,24/01/2018 10:10,26/01/2018,
ZA-00014162,ZAC0002947,20/01/2018 18:15,COMPLETE,23/01/2018 23:17,28/01/2018 04:40,26/01/2018,
ZA-00014163,ZAC0017446,20/01/2018 21:35,DISPATCHED,22/01/2018 05:42,,26/01/2018,
ZA-00014164,ZAC0014026,20/01/2018 22:10,COMPLETE,24/01/2018 08:15,27/01/2018 03:52,03/02/2018,
ZA-00014165,ZAC0007162,20/01/2018 10:33,COMPLETE,21/01/2018 22:48,03/02/2018 04:29,25/01/2018,
ZA-00014166,ZAC0018729,20/01/2018 21:18,COMPLETE,21/01/2018 06:14,24/01/2018 10:09,28/01/2018,
ZA-00014167,ZAC0009807,20/01/2018 06:26,COMPLETE,21/01/2018 13:42,22/01/2018 05:31,25/01/2018,FREESHIP
ZA-00014168,ZAC0017525,20/01/2018 22:26,COMPLETE,26/01/2018 18:18,29/01/2018 19:25,30/01/2018,FLASH25
ZA-00014169,ZAC0004788,20/01/2018 13:26,COMPLETE,22/01/2018 18:38,24/01/2018 21:39,25/01/2018,
ZA-00014170,ZAC0007382,20/01/2018 20:24,COMPLETE,22/01/2018 05:55,26/01/2018 20:36,25/01/2018,
ZA-00014171,ZAC0008709,20/01/2018 16:22,COMPLETE,27/01/2018 17:01,02/02/2018 02:38,03/02/2018,LOYAL5
ZA-00014172,ZAC0017504,20/01/2018 11:51,COMPLETE,22/01/2018 01:38,25/01/2018 14:54,26/01/2018,
ZA-00014173,ZAC0003692,20/01/2018 08:40,COMPLETE,21/01/2018 12:28,22/01/2018 18:01,26/01/2018,
ZA-00014174,ZAC0001957,20/01/2018 08:13,COMPLETE,21/01/2018 07:21,25/01/2018 03:03,25/01/2018,
ZA-00014175,ZAC0008183,20/01/2018 12:30,COMPLETE,23/01/2018 14:37,28/01/2018 05:58,28/01/2018,
ZA-00014176,ZAC0004852,20/01/2018 08:51,COMPLETE,22/01/2018 01:31,29/01/2018 00:19,27/01/2018,
ZA-00014177,ZAC0007231,20/01/2018 20:49,COMPLETE,24/01/2018 22:31,28/01/2018 02:50,29/01/2018,BULK20
ZA-00014178,ZAC0023677,20/01/2018 08:47,COMPLETE,23/01/2018 03:55,28/01/2018 05:57,28/01/2018,
ZA-00014179,ZAC0000625,20/01/2018 21:45,COMPLETE,22/01/2018 08:30,27/01/2018 01:57,29/01/2018,
ZA-00014180,ZAC0011277,20/01/2018 18:36,COMPLETE,22/01/2018 17:15,25/01/2018 23:37,26/01/2018,
ZA-00014181,ZAC0008796,20/01/2018 07:56,COMPLETE,23/01/2018 23:01,28/01/2018 14:49,28/01/2018,
ZA-00014182,ZAC0020430,20/01/2018 22:35,CANCELLED,,,,WINTER15
ZA-00014183,ZAC0013227,20/01/2018 10:21,DISPATCHED,22/01/2018 00:17,,27/01/2018,
ZA-00014184,ZAC0007162,20/01/2018 21:42,COMPLETE,21/01/2018 05:03,01/02/2018 22:16,24/01/2018,
ZA-00014185,ZAC0004580,20/01/2018 17:27,COMPLETE,22/01/2018 05:25,29/01/2018 08:21,26/01/2018,FREESHIP
ZA-00014186,ZAC0012442,20/01/2018 18:50,COMPLETE,22/01/2018 03:39,25/01/2018 04:00,01/02/2018,
ZA-00014187,ZAC0004688,20/01/2018 11:41,COMPLETE,21/01/2018 09:05,28/01/2018 02:04,26/01/2018,FLASH25
ZA-00014188,ZAC0008720,20/01/2018 13:00,COMPLETE,21/01/2018 19:14,25/01/2018 16:09,25/01/2018,
ZA-00014189,ZAC0023642,20/01/2018 18:31,COMPLETE,22/01/2018 04:37,02/02/2018 17:00,25/01/2018,
ZA-00014190,ZAC0016176,20/01/2018 13:09,COMPLETE,21/01/2018 17:23,24/01/2018 06:59,25/01/2018,FLASH25
ZA-00014191,ZAC0002113,20/01/2018 11:17,COMPLETE,27/01/2018 07:47,01/02/2018 08:05,03/02/2018,WELCOME10
ZA-00014192,ZAC0005227,20/01/2018 13:02,COMPLETE,25/01/2018 04:41,27/01/2018 20:31,01/02/2018,FLASH25
ZA-00014193,ZAC0007056,20/01/2018 06:15,COMPLETE,20/01/2018 20:43,22/01/2018 03:41,27/01/2018,
ZA-00014194,ZAC0000464,20/01/2018 22:35,COMPLETE,22/01/2018 01:42,25/01/2018 20:07,27/01/2018,
ZA-00014195,ZAC0013783,20/01/2018 22:01,COMPLETE,21/01/2018 07:36,01/02/2018 15:04,24/01/2018,
ZA-00014196,ZAC0018670,20/01/2018 16:58,COMPLETE,21/01/2018 09:22,25/01/2018 01:23,25/01/2018,
ZA-00014197,ZAC0017621,20/01/2018 21:38,COMPLETE,24/01/2018 00:12,30/01/2018 09:37,28/01/2018,
ZA-00014198,ZAC0002079,21/01/2018 14:14,COMPLETE,23/01/2018 23:50,27/01/2018 05:02,26/01/2018,
ZA-00014199,ZAC0019849,21/01/2018 10:17,COMPLETE,23/01/2018 12:58,26/01/2018 19:15,27/01/2018,WELCOME10
ZA-00014200,ZAC0021758,21/01/2018 17:51,COMPLETE,26/01/2018 04:29,29/01/2018 03:38,30/01/2018,WELCOME10
ZA-00014201,ZAC0004805,21/01/2018 10:57,COMPLETE,22/01/2018 12:23,30/01/2018 15:41,29/01/2018,
ZA-00014202,ZAC0014897,21/01/2018 14:51,COMPLETE,24/01/2018 10:56,31/01/2018 16:27,27/01/2018,
ZA-00014203,ZAC0020414,21/01/2018 13:49,COMPLETE,24/01/2018 02:34,27/01/2018 15:13,31/01/2018,
ZA-00014204,ZAC0021704,21/01/2018 16:12,COMPLETE,24/01/2018 08:46,30/01/2018 08:00,28/01/2018,
ZA-00014205,ZAC0014787,21/01/2018 19:43,COMPLETE,23/01/2018 18:32,25/01/2018 22:35,30/01/2018,
ZA-00014206,ZAC0017725,21/01/2018 11:40,COMPLETE,24/01/2018 01:41,28/01/2018 01:32,29/01/2018,
ZA-00014207,ZAC0004445,21/01/2018 16:52,PENDING,,,,FREESHIP
ZA-00014208,ZAC0002872,21/01/2018 20:20,COMPLETE,22/01/2018 12:57,27/01/2018 12:10,25/01/2018,
ZA-00014209,ZAC0003275,21/01/2018 12:25,COMPLETE,23/01/2018 03:12,27/01/2018 08:41,30/01/2018,
ZA-00014210,ZAC0010466,21/01/2018 16:45,COMPLETE,23/01/2018 11:42,29/01/2018 09:33,28/01/2018,
ZA-00014211,ZAC0000313,21/01/2018 14:27,COMPLETE,24/01/2018 20:57,04/02/2018 06:53,28/01/2018,
ZA-00014212,ZAC0023038,21/01/2018 19:16,COMPLETE,23/01/2018 22:21,28/01/2018 00:11,28/01/2018,FLASH25
ZA-00014213,ZAC0002765,21/01/2018 18:03,COMPLETE,24/01/2018 06:18,25/01/2018 16:52,03/02/2018,
ZA-00014214,ZAC0014656,21/01/2018 22:42,COMPLETE,22/01/2018 18:01,31/01/2018 05:09,29/01/2018,
ZA-00014215,ZAC0016114,21/01/2018 20:01,COMPLETE,22/01/2018 19:26,26/01/2018 21:35,27/01/2018,
ZA-00014216,ZAC0013606,21/01/2018 15:28,COMPLETE,22/01/2018 11:18,03/02/2018 16:32,25/01/2018,
ZA-00014217,ZAC0006273,21/01/2018 09:40,COMPLETE,24/01/2018 11:17,25/01/2018 02:44,28/01/2018,
ZA-00014218,ZAC0018706,21/01/2018 17:03,COMPLETE,22/01/2018 13:24,02/02/2018 14:05,01/02/2018,
ZA-00014219,ZAC0001339,21/01/2018 17:06,COMPLETE,22/01/2018 13:30,24/01/2018 07:50,27/01/2018,FREESHIP
ZA-00014220,ZAC0004514,21/01/2018 14:35,COMPLETE,22/01/2018 23:06,25/01/2018 12:51,26/01/2018,
ZA-00014221,ZAC0020811,21/01/2018 22:27,COMPLETE,22/01/2018 19:52,24/01/2018 11:28,26/01/2018,
ZA-00014222,ZAC0008559,21/01/2018 19:30,COMPLETE,23/01/2018 23:01,30/01/2018 05:27,28/01/2018,
ZA-00014223,ZAC0017568,21/01/2018 14:26,COMPLETE,25/01/2018 11:15,30/01/2018 07:06,29/01/2018,FREESHIP
ZA-00014224,ZAC0022691,21/01/2018 10:06,COMPLETE,23/01/2018 02:07,26/01/2018 16:49,27/01/2018,
ZA-00014225,ZAC0004199,21/01/2018 09:40,COMPLETE,23/01/2018 02:33,24/01/2018 16:09,28/01/2018,
ZA-00014226,ZAC0014265,21/01/2018 13:15,COMPLETE,21/01/2018 19:20,27/01/2018 23:17,31/01/2018,
ZA-00014227,ZAC0018942,21/01/2018 08:01,COMPLETE,23/01/2018 06:33,29/01/2018 17:34,27/01/2018,
ZA-00014228,ZAC0004496,21/01/2018 10:57,COMPLETE,24/01/2018 06:54,26/01/2018 06:51,27/01/2018,
ZA-00014229,ZAC0016518,21/01/2018 18:06,COMPLETE,24/01/2018 22:39,29/01/2018 13:03,31/01/2018,
ZA-00014230,ZAC0022571,21/01/2018 11:58,COMPLETE,23/01/2018 12:24,24/01/2018 13:39,26/01/2018,LOYAL5
ZA-00014231,ZAC0003611,21/01/2018 06:52,COMPLETE,22/01/2018 19:01,25/01/2018 04:00,01/02/2018,
ZA-00014232,ZAC0008341,21/01/2018 14:15,COMPLETE,23/01/2018 00:31,02/02/2018 09:04,28/01/2018,
ZA-00014233,ZAC0013561,21/01/2018 14:17,COMPLETE,26/01/2018 11:00,03/02/2018 08:19,31/01/2018,
ZA-00014234,ZAC0001520,21/01/2018 21:15,COMPLETE,23/01/2018 23:26,24/01/2018 17:10,26/01/2018,
ZA-00014235,ZAC0013891,21/01/2018 15:37,COMPLETE,22/01/2018 10:38,27/01/2018 18:25,27/01/2018,BULK20
ZA-00014236,ZAC0012775,21/01/2018 10:03,COMPLETE,26/01/2018 10:43,28/01/2018 18:31,30/01/2018,BULK20
ZA-00014237,ZAC0014637,21/01/2018 16:59,COMPLETE,24/01/2018 13:57,27/01/2018 08:50,31/01/2018,
ZA-00014238,ZAC0007883,21/01/2018 12:56,COMPLETE,25/01/2018 13:11,28/01/2018 08:14,28/01/2018,FLASH25
ZA-00014239,ZAC0010233,21/01/2018 10:34,COMPLETE,24/01/2018 03:22,24/01/2018 10:03,31/01/2018,
ZA-00014240,ZAC0009497,21/01/2018 09:14,COMPLETE,22/01/2018 05:59,24/01/2018 14:43,27/01/2018,
ZA-00014241,ZAC0000506,21/01/2018 09:06,PENDING,,,,
ZA-00014242,ZAC0000494,21/01/2018 07:12,COMPLETE,22/01/2018 13:38,01/02/2018 02:04,26/01/2018,
ZA-00014243,ZAC0019788,21/01/2018 13:06,COMPLETE,21/01/2018 22:10,27/01/2018 15:43,25/01/2018,
ZA-00014244,ZAC0005787,21/01/2018 20:48,COMPLETE,24/01/2018 13:24,24/01/2018 21:05,03/02/2018,
ZA-00014245,ZAC0003910,21/01/2018 12:42,COMPLETE,25/01/2018 05:05,26/01/2018 15:44,28/01/2018,
ZA-00014246,ZAC0017033,21/01/2018 14:30,COMPLETE,27/01/2018 06:33,30/01/2018 08:54,03/02/2018,WINTER15
ZA-00014247,ZAC0003857,21/01/2018 08:46,COMPLETE,21/01/2018 22:58,25/01/2018 10:14,24/01/2018,
ZA-00014248,ZAC0016727,21/01/2018 20:57,COMPLETE,22/01/2018 11:09,26/01/2018 02:08,29/01/2018,
ZA-00014249,ZAC0002113,21/01/2018 22:15,COMPLETE,25/01/2018 08:41,02/02/2018 06:31,30/01/2018,BULK20
ZA-00014250,ZAC0010519,21/01/2018 12:35,COMPLETE,23/01/2018 03:15,31/01/2018 11:52,28/01/2018,
ZA-00014251,ZAC0001762,21/01/2018 09:25,COMPLETE,26/01/2018 00:54,31/01/2018 03:02,29/01/2018,
ZA-00014252,ZAC0019762,21/01/2018 22:30,COMPLETE,27/01/2018 01:25,01/02/2018 23:32,30/01/2018,
ZA-00014253,ZAC0006992,21/01/2018 19:15,COMPLETE,24/01/2018 20:53,30/01/2018 21:33,31/01/2018,FLASH25
ZA-00014254,ZAC0020760,22/01/2018 20:10,COMPLETE,27/01/2018 13:47,28/01/2018 23:53,01/02/2018,
ZA-00014255,ZAC0012005,22/01/2018 11:44,COMPLETE,26/01/2018 16:06,30/01/2018 09:23,31/01/2018,FREESHIP
ZA-00014256,ZAC0003784,22/01/2018 20:18,COMPLETE,25/01/2018 16:39,28/01/2018 06:09,29/01/2018,
ZA-00014257,ZAC0014219,22/01/2018 18:53,COMPLETE,23/01/2018 11:10,28/01/2018 14:42,28/01/2018,
ZA-00014258,ZAC0015025,22/01/2018 11:53,COMPLETE,24/01/2018 06:17,29/01/2018 01:28,28/01/2018,WELCOME10
ZA-00014259,ZAC0016005,22/01/2018 08:57,COMPLETE,25/01/2018 19:50,28/01/2018 00:59,30/01/2018,
ZA-00014260,ZAC0006846,22/01/2018 17:30,COMPLETE,23/01/2018 20:47,27/01/2018 18:46,02/02/2018,
ZA-00014261,ZAC0001790,22/01/2018 18:40,COMPLETE,25/01/2018 02:35,27/01/2018 02:22,28/01/2018,
ZA-00014262,ZAC0017899,22/01/2018 12:05,COMPLETE,25/01/2018 09:19,29/01/2018 18:57,04/02/2018,
ZA-00014263,ZAC0005878,22/01/2018 22:00,COMPLETE,25/01/2018 07:18,26/01/2018 02:30,29/01/2018,
ZA-00014264,ZAC0000691,22/01/2018 17:49,COMPLETE,26/01/2018 01:42,28/01/2018 23:25,29/01/2018,
ZA-00014265,ZAC0006079,22/01/2018 22:02,COMPLETE,26/01/2018 16:04,29/01/2018 05:15,02/02/2018,
ZA-00014266,ZAC0002171,22/01/2018 14:20,COMPLETE,22/01/2018 16:38,24/01/2018 05:31,26/01/2018,FREESHIP
ZA-00014267,ZAC0009765,22/01/2018 11:11,COMPLETE,25/01/2018 15:27,30/01/2018 00:55,29/01/2018,WELCOME10
ZA-00014268,ZAC0005324,22/01/2018 18:16,COMPLETE,24/01/2018 12:11,27/01/2018 11:10,27/01/2018,
ZA-00014269,ZAC0022944,22/01/2018 08:15,COMPLETE,26/01/2018 18:01,28/01/2018 10:32,29/01/2018,FREESHIP
ZA-00014270,ZAC0004557,22/01/2018 08:33,COMPLETE,29/01/2018 01:32,01/02/2018 05:50,08/02/2018,
ZA-00014271,ZAC0000762,22/01/2018 14:48,COMPLETE,23/01/2018 23:48,29/01/2018 23:53,30/01/2018,
ZA-00014272,ZAC0009910,22/01/2018 20:53,COMPLETE,24/01/2018 17:42,25/01/2018 15:06,29/01/2018,
ZA-00014273,ZAC0000789,22/01/2018 20:42,COMPLETE,25/01/2018 14:09,27/01/2018 18:30,04/02/2018,
ZA-00014274,ZAC0020887,22/01/2018 09:47,COMPLETE,27/01/2018 12:36,03/02/2018 17:07,30/01/2018,
ZA-00014275,ZAC0017494,22/01/2018 17:02,COMPLETE,26/01/2018 22:49,28/01/2018 23:47,29/01/2018,
ZA-00014276,ZAC0017784,22/01/2018 15:06,COMPLETE,25/01/2018 07:02,04/02/2018 23:36,01/02/2018,
ZA-00014277,ZAC0017286,22/01/2018 17:59,COMPLETE,24/01/2018 06:23,27/01/2018 17:15,29/01/2018,
ZA-00014278,ZAC0013889,22/01/2018 18:04,COMPLETE,26/01/2018 03:37,27/01/2018 21:16,30/01/2018,
ZA-00014279,ZAC0005332,22/01/2018 10:29,COMPLETE,23/01/2018 19:07,24/01/2018 22:53,27/01/2018,
ZA-00014280,ZAC0016366,22/01/2018 21:43,COMPLETE,23/01/2018 06:21,28/01/2018 22:49,27/01/2018,WELCOME10
ZA-00014281,ZAC0012885,22/01/2018 12:34,COMPLETE,23/01/2018 09:35,25/01/2018 07:32,27/01/2018,
ZA-00014282,ZAC0021883,22/01/2018 12:36,COMPLETE,24/01/2018 10:58,26/01/2018 07:08,03/02/2018,WELCOME10
ZA-00014283,ZAC0012815,22/01/2018 15:52,COMPLETE,23/01/2018 16:57,28/01/2018 03:14,30/01/2018,
ZA-00014284,ZAC0012022,22/01/2018 19:44,COMPLETE,27/01/2018 06:45,01/02/2018 18:19,31/01/2018,WELCOME10
ZA-00014285,ZAC0023019,22/01/2018 10:10,COMPLETE,26/01/2018 17:41,31/01/2018 20:13,29/01/2018,
ZA-00014286,ZAC0001115,22/01/2018 10:30,COMPLETE,26/01/2018 13:04,28/01/2018 07:17,30/01/2018,WELCOME10
ZA-00014287,ZAC0018076,22/01/2018 16:46,COMPLETE,23/01/2018 13:12,27/01/2018 13:25,28/01/2018,
ZA-00014288,ZAC0011806,22/01/2018 16:53,COMPLETE,24/01/2018 12:10,26/01/2018 10:48,31/01/2018,
ZA-00014289,ZAC0014387,22/01/2018 22:52,CANCELLED,,,,
ZA-00014290,ZAC0020034,22/01/2018 12:54,COMPLETE,25/01/2018 23:55,29/01/2018 10:30,30/01/2018,
ZA-00014291,ZAC0017070,22/01/2018 14:50,COMPLETE,23/01/2018 23:30,29/01/2018 19:58,28/01/2018,
ZA-00014292,ZAC0016880,22/01/2018 17:02,COMPLETE,25/01/2018 21:31,01/02/2018 17:57,29/01/2018,
ZA-00014293,ZAC0007875,22/01/2018 10:54,COMPLETE,29/01/2018 08:16,30/01/2018 09:15,02/02/2018,
ZA-00014294,ZAC0014719,22/01/2018 15:23,COMPLETE,24/01/2018 12:57,31/01/2018 09:59,28/01/2018,
ZA-00014295,ZAC0008080,22/01/2018 10:59,COMPLETE,25/01/2018 00:55,27/01/2018 16:39,29/01/2018,
ZA-00014296,ZAC0000857,22/01/2018 09:45,COMPLETE,25/01/2018 05:21,01/02/2018 08:19,28/01/2018,
ZA-00014297,ZAC0013331,22/01/2018 08:42,RETURNED,22/01/2018 18:36,24/01/2018 13:52,26/01/2018,
ZA-00014298,ZAC0017848,22/01/2018 11:11,COMPLETE,23/01/2018 10:06,01/02/2018 06:53,28/01/2018,LOYAL5
ZA-00014299,ZAC0007788,22/01/2018 08:45,COMPLETE,22/01/2018 15:04,26/01/2018 17:56,27/01/2018,
ZA-00014300,ZAC0002762,22/01/2018 22:39,COMPLETE,25/01/2018 12:59,28/01/2018 16:19,30/01/2018,
ZA-00014301,ZAC0020491,22/01/2018 13:53,COMPLETE,28/01/2018 13:08,03/02/2018 21:32,07/02/2018,
ZA-00014302,ZAC0014369,22/01/2018 18:11,COMPLETE,23/01/2018 17:20,29/01/2018 15:53,26/01/2018,FREESHIP
ZA-00014303,ZAC0018131,22/01/2018 18:42,COMPLETE,23/01/2018 10:48,31/01/2018 14:49,26/01/2018,LOYAL5
ZA-00014304,ZAC0010954,22/01/2018 09:45,COMPLETE,23/01/2018 05:15,25/01/2018 01:48,27/01/2018,
ZA-00014305,ZAC0023349,22/01/2018 14:38,COMPLETE,26/01/2018 14:49,29/01/2018 18:02,02/02/2018,
ZA-00014306,ZAC0015132,22/01/2018 15:40,COMPLETE,24/01/2018 14:30,31/01/2018 16:20,31/01/2018,WELCOME10
ZA-00014307,ZAC0021820,22/01/2018 17:42,COMPLETE,28/01/2018 09:48,03/02/2018 11:15,01/02/2018,
ZA-00014308,ZAC0006130,22/01/2018 13:45,COMPLETE,24/01/2018 20:27,25/01/2018 15:05,27/01/2018,
ZA-00014309,ZAC0010886,22/01/2018 20:26,COMPLETE,24/01/2018 05:02,26/01/2018 10:17,29/01/2018,
ZA-00014310,ZAC0008866,22/01/2018 09:08,COMPLETE,23/01/2018 04:00,25/01/2018 21:17,28/01/2018,
ZA-00014311,ZAC0011466,23/01/2018 13:59,COMPLETE,25/01/2018 03:10,28/01/2018 16:03,01/02/2018,
ZA-00014312,ZAC0015088,23/01/2018 10:20,COMPLETE,26/01/2018 00:27,28/01/2018 12:57,02/02/2018,
ZA-00014313,ZAC0008295,23/01/2018 06:52,COMPLETE,24/01/2018 20:27,28/01/2018 06:26,29/01/2018,
ZA-00014314,ZAC0018847,23/01/2018 19:55,COMPLETE,24/01/2018 21:59,01/02/2018 00:59,31/01/2018,
ZA-00014315,ZAC0011488,23/01/2018 06:49,COMPLETE,26/01/2018 23:40,28/01/2018 13:18,02/02/2018,
ZA-00014316,ZAC0006365,23/01/2018 10:55,COMPLETE,25/01/2018 21:20,31/01/2018 08:23,30/01/2018,
ZA-00014317,ZAC0019192,23/01/2018 22:30,COMPLETE,25/01/2018 18:11,27/01/2018 06:36,01/02/2018,LOYAL5
ZA-00014318,ZAC0006275,23/01/2018 09:38,COMPLETE,25/01/2018 10:35,01/02/2018 13:46,29/01/2018,
ZA-00014319,ZAC0016711,23/01/2018 20:41,COMPLETE,25/01/2018 11:54,28/01/2018 02:42,29/01/2018,
ZA-00014320,ZAC0023502,23/01/2018 09:06,COMPLETE,25/01/2018 16:00,30/01/2018 15:10,29/01/2018,
ZA-00014321,ZAC0001515,23/01/2018 09:27,COMPLETE,24/01/2018 15:39,26/01/2018 17:54,29/01/2018,
ZA-00014322,ZAC0017119,23/01/2018 09:49,COMPLETE,26/01/2018 09:25,27/01/2018 06:55,30/01/2018,
ZA-00014323,ZAC0005160,23/01/2018 09:22,COMPLETE,23/01/2018 19:07,29/01/2018 15:12,26/01/2018,
ZA-00014324,ZAC0012638,23/01/2018 15:11,COMPLETE,27/01/2018 02:11,31/01/2018 08:58,31/01/2018,
ZA-00014325,ZAC0014111,23/01/2018 20:50,COMPLETE,25/01/2018 14:29,28/01/2018 10:04,30/01/2018,
ZA-00014326,ZAC0016555,23/01/2018 11:23,COMPLETE,26/01/2018 01:07,31/01/2018 09:21,29/01/2018,WELCOME10
ZA-00014327,ZAC0011040,23/01/2018 12:12,COMPLETE,30/01/2018 14:19,04/02/2018 19:21,03/02/2018,
ZA-00014328,ZAC0022876,23/01/2018 11:31,COMPLETE,24/01/2018 12:37,31/01/2018 17:09,03/02/2018,
ZA-00014329,ZAC0014338,23/01/2018 16:04,COMPLETE,27/01/2018 18:57,02/02/2018 00:11,03/02/2018,BULK20
ZA-00014330,ZAC0011849,23/01/2018 19:58,COMPLETE,26/01/2018 22:11,02/02/2018 02:37,31/01/2018,LOYAL5
ZA-00014331,ZAC0015270,23/01/2018 21:57,CANCELLED,,,,
ZA-00014332,ZAC0000287,23/01/2018 10:34,COMPLETE,27/01/2018 09:37,04/02/2018 01:49,03/02/2018,FLASH25
ZA-00014333,ZAC0010693,23/01/2018 07:36,COMPLETE,23/01/2018 10:27,10/02/2018 11:16,26/01/2018,BULK20
ZA-00014334,ZAC0003146,23/01/2018 09:28,COMPLETE,24/01/2018 21:19,28/01/2018 16:57,28/01/2018,FLASH25
ZA-00014335,ZAC0017669,23/01/2018 20:36,COMPLETE,27/01/2018 23:34,01/02/2018 01:53,31/01/2018,
ZA-00014336,ZAC0013323,23/01/2018 15:29,COMPLETE,25/01/2018 11:40,27/01/2018 10:19,29/01/2018,
ZA-00014337,ZAC0002062,23/01/2018 18:28,COMPLETE,26/01/2018 11:15,02/02/2018 01:17,02/02/2018,
ZA-00014338,ZAC0003498,23/01/2018 09:25,COMPLETE,24/01/2018 04:59,26/01/2018 01:47,31/01/2018,
ZA-00014339,ZAC0014812,23/01/2018 11:13,COMPLETE,24/01/2018 18:37,27/01/2018 11:04,03/02/2018,
ZA-00014340,ZAC0022573,23/01/2018 11:33,COMPLETE,26/01/2018 19:35,29/01/2018 15:29,29/01/2018,
ZA-00014341,ZAC0007759,23/01/2018 15:58,COMPLETE,26/01/2018 11:05,01/02/2018 15:10,31/01/2018,
ZA-00014342,ZAC0002454,23/01/2018 20:01,COMPLETE,27/01/2018 07:24,29/01/2018 02:43,30/01/2018,
ZA-00014343,ZAC0017735,23/01/2018 11:37,COMPLETE,23/01/2018 22:33,29/01/2018 10:12,30/01/2018,
ZA-00014344,ZAC0004118,23/01/2018 18:23,COMPLETE,26/01/2018 14:48,31/01/2018 10:57,31/01/2018,
ZA-00014345,ZAC0011489,23/01/2018 08:34,COMPLETE,23/01/2018 23:52,04/02/2018 23:44,02/02/2018,
ZA-00014346,ZAC0011441,23/01/2018 17:51,COMPLETE,27/01/2018 06:54,06/02/2018 16:46,30/01/2018,
ZA-00014347,ZAC0013091,23/01/2018 19:51,COMPLETE,26/01/2018 06:09,26/01/2018 09:36,02/02/2018,
ZA-00014348,ZAC0008587,23/01/2018 15:23,COMPLETE,25/01/2018 18:51,30/01/2018 01:11,28/01/2018,WINTER15
ZA-00014349,ZAC0002513,23/01/2018 18:07,COMPLETE,24/01/2018 18:30,30/01/2018 09:19,27/01/2018,FREESHIP
ZA-00014350,ZAC0016610,23/01/2018 16:21,DISPATCHED,25/01/2018 19:46,,04/02/2018,
ZA-00014351,ZAC0012487,23/01/2018 14:54,COMPLETE,26/01/2018 05:52,27/01/2018 08:40,30/01/2018,
ZA-00014352,ZAC0010175,23/01/2018 12:17,COMPLETE,25/01/2018 06:35,28/01/2018 17:17,29/01/2018,WELCOME10
ZA-00014353,ZAC0019831,23/01/2018 18:14,CANCELLED,,,,
ZA-00014354,ZAC0018493,23/01/2018 13:07,COMPLETE,25/01/2018 12:51,29/01/2018 18:02,01/02/2018,FREESHIP
ZA-00014355,ZAC0006050,23/01/2018 12:18,COMPLETE,27/01/2018 07:09,04/02/2018 04:39,30/01/2018,
ZA-00014356,ZAC0014999,23/01/2018 17:26,COMPLETE,25/01/2018 01:58,28/01/2018 06:23,30/01/2018,
ZA-00014357,ZAC0013800,23/01/2018 16:27,COMPLETE,25/01/2018 13:39,27/01/2018 09:27,28/01/2018,
ZA-00014358,ZAC0022291,23/01/2018 17:03,COMPLETE,25/01/2018 20:40,30/01/2018 10:30,30/01/2018,LOYAL5
ZA-00014359,ZAC0007790,23/01/2018 10:01,COMPLETE,25/01/2018 16:12,27/01/2018 18:11,30/01/2018,
ZA-00014360,ZAC0018950,23/01/2018 13:15,CANCELLED,,,,
ZA-00014361,ZAC0001173,23/01/2018 12:47,COMPLETE,25/01/2018 19:25,29/01/2018 04:55,01/02/2018,
ZA-00014362,ZAC0018784,23/01/2018 17:58,COMPLETE,26/01/2018 05:02,28/01/2018 18:20,31/01/2018,
ZA-00014363,ZAC0012296,23/01/2018 06:52,COMPLETE,24/01/2018 02:13,29/01/2018 08:45,27/01/2018,FLASH25
ZA-00014364,ZAC0006592,23/01/2018 21:53,COMPLETE,26/01/2018 01:03,30/01/2018 22:23,31/01/2018,
ZA-00014365,ZAC0014887,23/01/2018 21:32,COMPLETE,24/01/2018 14:03,28/01/2018 01:31,31/01/2018,
ZA-00014366,ZAC0012836,23/01/2018 09:32,COMPLETE,24/01/2018 11:50,03/02/2018 07:20,29/01/2018,LOYAL5
ZA-00014367,ZAC0008932,23/01/2018 18:52,COMPLETE,26/01/2018 22:25,29/01/2018 09:36,02/02/2018,WELCOME10
ZA-00014368,ZAC0008526,23/01/2018 13:18,COMPLETE,28/01/2018 01:59,30/01/2018 20:11,01/02/2018,WELCOME10
ZA-00014369,ZAC0006726,23/01/2018 11:17,COMPLETE,25/01/2018 06:26,30/01/2018 22:41,29/01/2018,
ZA-00014370,ZAC0007776,23/01/2018 14:33,COMPLETE,28/01/2018 03:01,30/01/2018 13:42,01/02/2018,
ZA-00014371,ZAC0011927,23/01/2018 19:13,COMPLETE,24/01/2018 06:11,27/01/2018 15:28,27/01/2018,
ZA-00014372,ZAC0006964,23/01/2018 19:32,COMPLETE,28/01/2018 12:40,01/02/2018 18:58,31/01/2018,
ZA-00014373,ZAC0009847,23/01/2018 17:10,COMPLETE,27/01/2018 07:18,29/01/2018 21:17,01/02/2018,
ZA-00014374,ZAC0023878,23/01/2018 21:40,COMPLETE,24/01/2018 09:03,25/01/2018 22:49,28/01/2018,
ZA-00014375,ZAC0010222,23/01/2018 07:27,COMPLETE,24/01/2018 22:30,01/02/2018 11:38,28/01/2018,
ZA-00014376,ZAC0020136,23/01/2018 20:47,COMPLETE,25/01/2018 00:33,27/01/2018 23:35,29/01/2018,
ZA-00014377,ZAC0011226,23/01/2018 17:09,COMPLETE,24/01/2018 15:31,29/01/2018 23:21,29/01/2018,
ZA-00014378,ZAC0000390,23/01/2018 09:43,COMPLETE,23/01/2018 23:38,24/01/2018 22:12,26/01/2018,
ZA-00014379,ZAC0015977,23/01/2018 11:54,COMPLETE,27/01/2018 17:56,28/01/2018 22:36,31/01/2018,LOYAL5
ZA-00014380,ZAC0012781,23/01/2018 12:46,COMPLETE,24/01/2018 09:32,26/01/2018 23:23,28/01/2018,
ZA-00014381,ZAC0007640,24/01/2018 14:59,CANCELLED,,,,
ZA-00014382,ZAC0013325,24/01/2018 12:49,COMPLETE,26/01/2018 22:27,05/02/2018 23:58,02/02/2018,
ZA-00014383,ZAC0020293,24/01/2018 20:31,COMPLETE,25/01/2018 22:37,03/02/2018 18:38,30/01/2018,
ZA-00014384,ZAC0021725,24/01/2018 06:43,COMPLETE,24/01/2018 17:41,27/01/2018 02:12,29/01/2018,WINTER15
ZA-00014385,ZAC0006913,24/01/2018 20:21,COMPLETE,27/01/2018 06:16,29/01/2018 22:04,01/02/2018,
ZA-00014386,ZAC0002581,24/01/2018 10:12,COMPLETE,25/01/2018 12:27,28/01/2018 11:18,29/01/2018,
ZA-00014387,ZAC0008782,24/01/2018 12:51,COMPLETE,29/01/2018 23:19,02/02/2018 10:07,05/02/2018,
ZA-00014388,ZAC0000240,24/01/2018 09:04,COMPLETE,24/01/2018 20:12,27/01/2018 16:53,27/01/2018,
ZA-00014389,ZAC0021998,24/01/2018 18:59,COMPLETE,25/01/2018 22:33,09/02/2018 19:50,01/02/2018,
ZA-00014390,ZAC0005384,24/01/2018 21:56,COMPLETE,27/01/2018 08:10,01/02/2018 23:46,03/02/2018,WELCOME10
ZA-00014391,ZAC0004459,24/01/2018 13:16,COMPLETE,27/01/2018 14:57,01/02/2018 18:21,01/02/2018,
ZA-00014392,ZAC0008125,24/01/2018 14:00,COMPLETE,28/01/2018 10:05,02/02/2018 17:10,02/02/2018,
ZA-00014393,ZAC0008702,24/01/2018 13:10,COMPLETE,26/01/2018 05:11,03/02/2018 07:13,31/01/2018,FREESHIP
ZA-00014394,ZAC0016585,24/01/2018 13:47,CANCELLED,,,,
ZA-00014395,ZAC0021681,24/01/2018 10:16,COMPLETE,29/01/2018 05:57,31/01/2018 20:02,02/02/2018,FREESHIP
ZA-00014396,ZAC0007377,24/01/2018 11:53,COMPLETE,26/01/2018 22:26,29/01/2018 15:59,30/01/2018,FLASH25
ZA-00014397,ZAC0011614,24/01/2018 08:20,COMPLETE,26/01/2018 23:47,29/01/2018 14:55,02/02/2018,
ZA-00014398,ZAC0009542,24/01/2018 19:08,COMPLETE,25/01/2018 06:46,27/01/2018 21:59,30/01/2018,
ZA-00014399,ZAC0014721,24/01/2018 16:45,COMPLETE,27/01/2018 01:39,27/01/2018 17:12,31/01/2018,
ZA-00014400,ZAC0000961,24/01/2018 18:18,COMPLETE,27/01/2018 21:15,04/02/2018 23:07,01/02/2018,
ZA-00014401,ZAC0021266,24/01/2018 12:04,COMPLETE,26/01/2018 10:41,29/01/2018 02:07,29/01/2018,WELCOME10
ZA-00014402,ZAC0017230,24/01/2018 10:09,COMPLETE,26/01/2018 13:45,04/02/2018 23:10,30/01/2018,LOYAL5
ZA-00014403,ZAC0004673,24/01/2018 17:01,COMPLETE,26/01/2018 00:57,27/01/2018 10:59,30/01/2018,WINTER15
ZA-00014404,ZAC0000044,24/01/2018 19:24,COMPLETE,25/01/2018 16:23,27/01/2018 03:03,01/02/2018,WELCOME10
ZA-00014405,ZAC0018711,24/01/2018 22:24,COMPLETE,25/01/2018 09:59,04/02/2018 23:08,30/01/2018,
ZA-00014406,ZAC0023171,24/01/2018 11:57,COMPLETE,25/01/2018 16:41,30/01/2018 20:06,29/01/2018,
ZA-00014407,ZAC0019110,24/01/2018 07:24,COMPLETE,24/01/2018 16:31,31/01/2018 12:24,28/01/2018,WELCOME10
ZA-00014408,ZAC0002716,24/01/2018 21:40,COMPLETE,27/01/2018 03:21,05/02/2018 04:13,30/01/2018,
ZA-00014409,ZAC0016867,24/01/2018 18:41,COMPLETE,26/01/2018 14:45,01/02/2018 23:20,30/01/2018,FREESHIP
ZA-00014410,ZAC0005578,24/01/2018 22:15,COMPLETE,25/01/2018 19:42,29/01/2018 16:06,30/01/2018,
ZA-00014411,ZAC0014925,24/01/2018 12:30,COMPLETE,31/01/2018 10:15,01/02/2018 18:01,04/02/2018,
ZA-00014412,ZAC0016161,24/01/2018 13:22,COMPLETE,25/01/2018 04:47,01/02/2018 23:05,30/01/2018,
ZA-00014413,ZAC0017113,24/01/2018 17:13,COMPLETE,28/01/2018 16:18,06/02/2018 20:44,02/02/2018,
ZA-00014414,ZAC0022383,24/01/2018 09:06,COMPLETE,25/01/2018 16:58,28/01/2018 15:40,30/01/2018,LOYAL5
ZA-00014415,ZAC0001842,24/01/2018 22:38,COMPLETE,27/01/2018 00:58,31/01/2018 05:16,06/02/2018,
ZA-00014416,ZAC0001085,24/01/2018 11:29,COMPLETE,26/01/2018 23:32,29/01/2018 16:54,31/01/2018,
ZA-00014417,ZAC0016963,24/01/2018 15:09,COMPLETE,26/01/2018 14:38,04/02/2018 10:52,05/02/2018,
ZA-00014418,ZAC0022614,24/01/2018 09:58,COMPLETE,26/01/2018 02:53,31/01/2018 15:05,31/01/2018,LOYAL5
ZA-00014419,ZAC0013182,24/01/2018 07:11,COMPLETE,28/01/2018 10:58,01/02/2018 03:05,01/02/2018,
ZA-00014420,ZAC0008558,24/01/2018 13:15,COMPLETE,28/01/2018 16:56,05/02/2018 21:21,04/02/2018,
ZA-00014421,ZAC0011741,24/01/2018 09:48,COMPLETE,28/01/2018 07:34,30/01/2018 00:04,07/02/2018,WELCOME10
ZA-00014422,ZAC0017978,24/01/2018 13:10,COMPLETE,26/01/2018 13:52,03/02/2018 12:30,29/01/2018,
ZA-00014423,ZAC0013879,24/01/2018 21:41,COMPLETE,29/01/2018 09:20,02/02/2018 21:42,02/02/2018,
ZA-00014424,ZAC0008891,24/01/2018 13:03,CANCELLED,,,,
ZA-00014425,ZAC0014299,24/01/2018 20:29,COMPLETE,26/01/2018 08:29,07/02/2018 11:31,02/02/2018,FREESHIP
ZA-00014426,ZAC0000798,24/01/2018 11:25,CANCELLED,,,,
ZA-00014427,ZAC0012931,24/01/2018 11:18,DISPATCHED,24/01/2018 19:42,,27/01/2018,
ZA-00014428,ZAC0003461,24/01/2018 20:43,COMPLETE,27/01/2018 03:54,29/01/2018 19:13,01/02/2018,
ZA-00014429,ZAC0009753,24/01/2018 07:02,COMPLETE,25/01/2018 08:58,27/01/2018 04:58,29/01/2018,
ZA-00014430,ZAC0008531,24/01/2018 22:03,COMPLETE,27/01/2018 02:23,30/01/2018 05:03,06/02/2018,
ZA-00014431,ZAC0004327,24/01/2018 18:37,COMPLETE,25/01/2018 16:09,29/01/2018 22:33,30/01/2018,
ZA-00014432,ZAC0001124,24/01/2018 11:15,COMPLETE,26/01/2018 06:06,29/01/2018 05:34,30/01/2018,
ZA-00014433,ZAC0017621,24/01/2018 20:38,COMPLETE,27/01/2018 03:57,02/02/2018 02:37,31/01/2018,
ZA-00014434,ZAC0004837,24/01/2018 20:14,COMPLETE,26/01/2018 12:38,02/02/2018 14:09,31/01/2018,FREESHIP
ZA-00014435,ZAC0012285,24/01/2018 06:53,COMPLETE,25/01/2018 02:41,01/02/2018 22:23,29/01/2018,
ZA-00014436,ZAC0001397,24/01/2018 18:53,COMPLETE,29/01/2018 16:40,08/02/2018 13:03,03/02/2018,FREESHIP
ZA-00014437,ZAC0016967,24/01/2018 16:17,COMPLETE,28/01/2018 15:57,29/01/2018 06:47,04/02/2018,
ZA-00014438,ZAC0011827,24/01/2018 14:16,COMPLETE,25/01/2018 04:19,27/01/2018 06:19,01/02/2018,FLASH25
ZA-00014439,ZAC0003359,24/01/2018 15:14,COMPLETE,27/01/2018 03:37,31/01/2018 16:30,01/02/2018,
ZA-00014440,ZAC0007281,24/01/2018 15:26,COMPLETE,26/01/2018 02:05,28/01/2018 12:30,02/02/2018,FLASH25
ZA-00014441,ZAC0022793,24/01/2018 20:47,COMPLETE,28/01/2018 11:24,31/01/2018 01:26,02/02/2018,
ZA-00014442,ZAC0021203,24/01/2018 16:51,RETURNED,28/01/2018 07:43,29/01/2018 23:43,07/02/2018,
ZA-00014443,ZAC0014125,24/01/2018 11:27,COMPLETE,25/01/2018 04:45,02/02/2018 03:48,04/02/2018,
ZA-00014444,ZAC0008803,24/01/2018 13:24,COMPLETE,28/01/2018 15:13,02/02/2018 21:23,01/02/2018,
ZA-00014445,ZAC0021065,24/01/2018 14:16,COMPLETE,26/01/2018 12:22,27/01/2018 09:09,05/02/2018,
ZA-00014446,ZAC0000380,24/01/2018 13:37,COMPLETE,25/01/2018 21:46,27/01/2018 12:05,29/01/2018,
ZA-00014447,ZAC0009678,24/01/2018 08:10,COMPLETE,28/01/2018 08:05,05/02/2018 15:29,01/02/2018,WINTER15
ZA-00014448,ZAC0011098,24/01/2018 18:46,COMPLETE,30/01/2018 23:47,05/02/2018 13:31,03/02/2018,BULK20
ZA-00014449,ZAC0001683,24/01/2018 06:27,COMPLETE,25/01/2018 19:09,29/01/2018 23:38,30/01/2018,
ZA-00014450,ZAC0009220,24/01/2018 06:17,COMPLETE,24/01/2018 14:59,29/01/2018 14:31,29/01/2018,
ZA-00014451,ZAC0011298,24/01/2018 19:36,COMPLETE,25/01/2018 16:34,30/01/2018 13:07,28/01/2018,
ZA-00014452,ZAC0021236,24/01/2018 19:53,PENDING,,,,
ZA-00014453,ZAC0015844,24/01/2018 17:40,COMPLETE,28/01/2018 16:38,31/01/2018 07:13,01/02/2018,WELCOME10
ZA-00014454,ZAC0011441,24/01/2018 19:14,COMPLETE,27/01/2018 11:37,31/01/2018 09:36,31/01/2018,
ZA-00014455,ZAC0020754,24/01/2018 14:58,COMPLETE,26/01/2018 20:43,01/02/2018 13:56,31/01/2018,
ZA-00014456,ZAC0001283,24/01/2018 15:56,COMPLETE,27/01/2018 04:50,02/02/2018 05:39,03/02/2018,
ZA-00014457,ZAC0009409,24/01/2018 10:07,COMPLETE,26/01/2018 01:24,29/01/2018 02:07,31/01/2018,FREESHIP
ZA-00014458,ZAC0012870,24/01/2018 14:13,COMPLETE,25/01/2018 17:47,31/01/2018 02:43,04/02/2018,
ZA-00014459,ZAC0022481,24/01/2018 21:28,COMPLETE,25/01/2018 00:27,01/02/2018 04:05,30/01/2018,
ZA-00014460,ZAC0008727,25/01/2018 15:04,COMPLETE,29/01/2018 21:02,03/02/2018 12:05,05/02/2018,FLASH25
ZA-00014461,ZAC0010551,25/01/2018 14:43,COMPLETE,27/01/2018 09:06,31/01/2018 01:39,01/02/2018,
ZA-00014462,ZAC0017052,25/01/2018 14:57,COMPLETE,26/01/2018 19:40,30/01/2018 19:07,31/01/2018,
ZA-00014463,ZAC0001529,25/01/2018 20:56,RETURNED,27/01/2018 04:03,31/01/2018 13:51,30/01/2018,FLASH25
ZA-00014464,ZAC0011065,25/01/2018 11:53,COMPLETE,28/01/2018 08:45,03/02/2018 01:11,01/02/2018,
ZA-00014465,ZAC0018059,25/01/2018 11:24,COMPLETE,26/01/2018 06:04,08/02/2018 19:38,31/01/2018,
ZA-00014466,ZAC0009793,25/01/2018 20:11,COMPLETE,29/01/2018 04:24,10/02/2018 15:10,01/02/2018,
ZA-00014467,ZAC0002941,25/01/2018 22:02,COMPLETE,26/01/2018 21:28,01/02/2018 12:05,30/01/2018,
ZA-00014468,ZAC0012531,25/01/2018 22:43,COMPLETE,28/01/2018 05:53,02/02/2018 11:03,02/02/2018,
ZA-00014469,ZAC0000829,25/01/2018 11:26,COMPLETE,27/01/2018 14:52,31/01/2018 13:41,31/01/2018,LOYAL5
ZA-00014470,ZAC0000385,25/01/2018 20:04,COMPLETE,27/01/2018 13:57,30/01/2018 15:11,30/01/2018,
ZA-00014471,ZAC0014022,25/01/2018 06:34,COMPLETE,26/01/2018 18:24,28/01/2018 00:27,29/01/2018,
ZA-00014472,ZAC0002574,25/01/2018 12:18,COMPLETE,27/01/2018 15:08,30/01/2018 22:10,01/02/2018,
ZA-00014473,ZAC0013528,25/01/2018 06:38,RETURNED,29/01/2018 20:42,05/02/2018 10:00,05/02/2018,FLASH25
ZA-00014474,ZAC0000092,25/01/2018 14:27,COMPLETE,30/01/2018 14:09,06/02/2018 22:05,06/02/2018,
ZA-00014475,ZAC0002880,25/01/2018 16:31,COMPLETE,28/01/2018 18:03,01/02/2018 17:33,31/01/2018,
ZA-00014476,ZAC0013739,25/01/2018 21:44,COMPLETE,01/02/2018 10:55,06/02/2018 12:19,04/02/2018,FREESHIP
ZA-00014477,ZAC0005503,25/01/2018 08:55,COMPLETE,26/01/2018 21:57,27/01/2018 21:39,31/01/2018,
ZA-00014478,ZAC0014183,25/01/2018 14:37,COMPLETE,27/01/2018 14:58,29/01/2018 01:14,01/02/2018,
ZA-00014479,ZAC0008788,25/01/2018 11:43,COMPLETE,26/01/2018 20:13,01/02/2018 06:20,29/01/2018,WELCOME10
ZA-00014480,ZAC0005643,25/01/2018 06:26,COMPLETE,27/01/2018 15:06,01/02/2018 21:32,31/01/2018,
ZA-00014481,ZAC0009976,25/01/2018 08:00,COMPLETE,26/01/2018 12:02,28/01/2018 15:53,31/01/2018,
ZA-00014482,ZAC0015163,25/01/2018 11:47,COMPLETE,26/01/2018 15:30,29/01/2018 10:46,31/01/2018,
ZA-00014483,ZAC0007977,25/01/2018 18:45,COMPLETE,26/01/2018 22:42,28/01/2018 01:50,02/02/2018,
ZA-00014484,ZAC0017355,25/01/2018 13:45,COMPLETE,26/01/2018 06:28,29/01/2018 09:50,02/02/2018,FREESHIP
ZA-00014485,ZAC0014546,25/01/2018 21:41,COMPLETE,26/01/2018 21:05,29/01/2018 00:18,05/02/2018,
ZA-00014486,ZAC0000179,25/01/2018 11:39,COMPLETE,27/01/2018 19:07,01/02/2018 18:51,30/01/2018,
ZA-00014487,ZAC0002716,25/01/2018 15:20,COMPLETE,26/01/2018 06:18,01/02/2018 01:42,02/02/2018,
ZA-00014488,ZAC0014723,25/01/2018 14:42,COMPLETE,27/01/2018 07:59,08/02/2018 18:28,03/02/2018,
ZA-00014489,ZAC0001350,25/01/2018 16:54,COMPLETE,27/01/2018 00:11,28/01/2018 19:47,31/01/2018,
ZA-00014490,ZAC0006820,25/01/2018 09:51,COMPLETE,28/01/2018 01:30,29/01/2018 16:22,02/02/2018,BULK20
ZA-00014491,ZAC0004125,25/01/2018 21:39,COMPLETE,28/01/2018 05:16,30/01/2018 08:35,02/02/2018,BULK20
ZA-00014492,ZAC0015837,25/01/2018 08:27,COMPLETE,28/01/2018 01:31,03/02/2018 10:03,02/02/2018,
ZA-00014493,ZAC0014712,25/01/2018 22:05,COMPLETE,27/01/2018 04:46,30/01/2018 15:23,30/01/2018,
ZA-00014494,ZAC0017921,25/01/2018 22:47,COMPLETE,27/01/2018 01:44,02/02/2018 17:33,03/02/2018,LOYAL5
ZA-00014495,ZAC0023242,25/01/2018 15:14,COMPLETE,28/01/2018 00:53,31/01/2018 18:34,01/02/2018,
ZA-00014496,ZAC0007098,25/01/2018 20:07,COMPLETE,27/01/2018 13:01,31/01/2018 19:44,31/01/2018,WINTER15
ZA-00014497,ZAC0007576,25/01/2018 20:57,COMPLETE,27/01/2018 21:56,29/01/2018 13:39,03/02/2018,FLASH25
ZA-00014498,ZAC0006908,25/01/2018 21:57,CANCELLED,,,,
ZA-00014499,ZAC0015736,25/01/2018 07:48,COMPLETE,27/01/2018 14:18,29/01/2018 06:21,01/02/2018,
ZA-00014500,ZAC0017437,25/01/2018 21:47,COMPLETE,27/01/2018 20:32,01/02/2018 11:30,01/02/2018,
ZA-00014501,ZAC0000537,25/01/2018 07:07,COMPLETE,26/01/2018 10:35,01/02/2018 16:23,31/01/2018,BULK20
ZA-00014502,ZAC0008862,25/01/2018 16:51,COMPLETE,26/01/2018 08:34,29/01/2018 16:58,29/01/2018,
ZA-00014503,ZAC0006106,25/01/2018 18:09,COMPLETE,27/01/2018 05:47,30/01/2018 21:20,06/02/2018,
ZA-00014504,ZAC0007549,25/01/2018 20:42,COMPLETE,27/01/2018 21:59,29/01/2018 19:01,01/02/2018,
ZA-00014505,ZAC0013852,25/01/2018 17:09,COMPLETE,28/01/2018 10:48,08/02/2018 00:54,04/02/2018,
ZA-00014506,ZAC0022197,25/01/2018 10:49,COMPLETE,28/01/2018 20:48,06/02/2018 09:00,31/01/2018,LOYAL5
ZA-00014507,ZAC0016952,25/01/2018 07:59,COMPLETE,29/01/2018 21:25,09/02/2018 00:35,02/02/2018,
ZA-00014508,ZAC0023099,25/01/2018 20:09,COMPLETE,26/01/2018 22:30,01/02/2018 06:18,29/01/2018,
ZA-00014509,ZAC0009767,25/01/2018 13:08,COMPLETE,27/01/2018 12:02,31/01/2018 21:18,31/01/2018,WELCOME10
ZA-00014510,ZAC0005990,25/01/2018 18:09,COMPLETE,28/01/2018 14:17,03/02/2018 23:55,04/02/2018,LOYAL5
ZA-00014511,ZAC0013571,25/01/2018 15:57,COMPLETE,27/01/2018 17:20,04/02/2018 22:13,31/01/2018,
ZA-00014512,ZAC0008514,25/01/2018 12:11,COMPLETE,27/01/2018 06:37,29/01/2018 12:36,01/02/2018,
ZA-00014513,ZAC0017286,25/01/2018 09:18,COMPLETE,27/01/2018 15:04,02/02/2018 18:54,30/01/2018,
ZA-00014514,ZAC0022636,25/01/2018 14:19,COMPLETE,26/01/2018 02:21,28/01/2018 03:49,30/01/2018,
ZA-00014515,ZAC0000022,25/01/2018 07:06,COMPLETE,25/01/2018 14:33,30/01/2018 03:30,30/01/2018,
ZA-00014516,ZAC0012241,25/01/2018 10:04,COMPLETE,27/01/2018 22:46,02/02/2018 22:10,31/01/2018,BULK20
ZA-00014517,ZAC0014655,25/01/2018 11:09,COMPLETE,26/01/2018 09:15,30/01/2018 21:19,30/01/2018,
ZA-00014518,ZAC0023893,25/01/2018 18:42,COMPLETE,29/01/2018 03:44,08/02/2018 03:12,01/02/2018,
ZA-00014519,ZAC0008353,25/01/2018 18:49,COMPLETE,26/01/2018 06:47,01/02/2018 00:08,29/01/2018,
ZA-00014520,ZAC0014589,25/01/2018 15:17,COMPLETE,29/01/2018 15:23,07/02/2018 05:42,05/02/2018,BULK20
ZA-00014521,ZAC0023530,25/01/2018 07:20,COMPLETE,27/01/2018 17:00,30/01/2018 19:49,31/01/2018,FLASH25
ZA-00014522,ZAC0010684,26/01/2018 15:31,COMPLETE,27/01/2018 15:59,30/01/2018 18:14,31/01/2018,
ZA-00014523,ZAC0015900,26/01/2018 13:13,COMPLETE,27/01/2018 16:28,30/01/2018 01:55,31/01/2018,
ZA-00014524,ZAC0013088,26/01/2018 16:59,COMPLETE,28/01/2018 11:05,01/02/2018 07:04,01/02/2018,
ZA-00014525,ZAC0003946,26/01/2018 17:16,COMPLETE,31/01/2018 17:29,03/02/2018 05:17,03/02/2018,
ZA-00014526,ZAC0007352,26/01/2018 21:58,COMPLETE,28/01/2018 13:44,04/02/2018 06:57,02/02/2018,
ZA-00014527,ZAC0019055,26/01/2018 13:46,COMPLETE,27/01/2018 23:31,04/02/2018 17:07,01/02/2018,
ZA-00014528,ZAC0018520,26/01/2018 19:49,COMPLETE,29/01/2018 21:26,02/02/2018 09:37,02/02/2018,
ZA-00014529,ZAC0004125,26/01/2018 17:04,COMPLETE,30/01/2018 18:16,02/02/2018 00:08,04/02/2018,
ZA-00014530,ZAC0016016,26/01/2018 09:14,COMPLETE,27/01/2018 01:03,29/01/2018 15:58,03/02/2018,
ZA-00014531,ZAC0016717,26/01/2018 08:32,COMPLETE,28/01/2018 11:57,01/02/2018 12:33,02/02/2018,
ZA-00014532,ZAC0012415,26/01/2018 21:33,COMPLETE,29/01/2018 04:42,03/02/2018 20:32,02/02/2018,
ZA-00014533,ZAC0019417,26/01/2018 22:12,COMPLETE,31/01/2018 12:48,04/02/2018 06:29,07/02/2018,
ZA-00014534,ZAC0000493,26/01/2018 21:33,COMPLETE,01/02/2018 23:56,03/02/2018 15:39,05/02/2018,
ZA-00014535,ZAC0019021,26/01/2018 17:52,COMPLETE,28/01/2018 14:01,29/01/2018 19:50,01/02/2018,
ZA-00014536,ZAC0012114,26/01/2018 10:38,COMPLETE,28/01/2018 05:50,02/02/2018 23:07,02/02/2018,
ZA-00014537,ZAC0004329,26/01/2018 08:45,COMPLETE,30/01/2018 12:42,03/02/2018 03:01,06/02/2018,FLASH25
ZA-00014538,ZAC0004779,26/01/2018 15:40,COMPLETE,28/01/2018 08:02,30/01/2018 00:41,01/02/2018,
ZA-00014539,ZAC0001563,26/01/2018 21:04,RETURNED,28/01/2018 10:07,03/02/2018 18:37,01/02/2018,FLASH25
ZA-00014540,ZAC0010053,26/01/2018 07:58,COMPLETE,29/01/2018 00:00,01/02/2018 14:41,03/02/2018,
ZA-00014541,ZAC0014643,26/01/2018 12:42,COMPLETE,28/01/2018 02:46,28/01/2018 19:11,01/02/2018,
ZA-00014542,ZAC0022903,26/01/2018 08:08,COMPLETE,26/01/2018 21:57,02/02/2018 03:51,02/02/2018,BULK20
ZA-00014543,ZAC0020709,26/01/2018 15:11,COMPLETE,29/01/2018 08:36,01/02/2018 17:12,03/02/2018,
ZA-00014544,ZAC0006991,26/01/2018 09:25,COMPLETE,01/02/2018 06:10,04/02/2018 18:17,08/02/2018,
ZA-00014545,ZAC0020065,26/01/2018 10:46,COMPLETE,27/01/2018 10:38,28/01/2018 23:41,30/01/2018,
ZA-00014546,ZAC0008493,26/01/2018 20:59,COMPLETE,02/02/2018 23:54,03/02/2018 11:32,06/02/2018,
ZA-00014547,ZAC0015485,26/01/2018 22:36,COMPLETE,27/01/2018 03:50,30/01/2018 16:34,31/01/2018,
ZA-00014548,ZAC0016427,26/01/2018 19:26,COMPLETE,28/01/2018 16:53,01/02/2018 06:14,31/01/2018,
ZA-00014549,ZAC0013259,26/01/2018 10:22,COMPLETE,30/01/2018 17:20,03/02/2018 09:28,04/02/2018,WINTER15
ZA-00014550,ZAC0004280,26/01/2018 09:18,DISPATCHED,28/01/2018 13:08,,31/01/2018,
ZA-00014551,ZAC0016826,26/01/2018 11:54,COMPLETE,27/01/2018 21:40,29/01/2018 08:10,01/02/2018,
ZA-00014552,ZAC0022655,26/01/2018 13:48,COMPLETE,27/01/2018 07:43,03/02/2018 01:28,01/02/2018,
ZA-00014553,ZAC0008856,26/01/2018 20:59,DISPATCHED,29/01/2018 22:53,,02/02/2018,FREESHIP
ZA-00014554,ZAC0017577,26/01/2018 12:09,COMPLETE,29/01/2018 17:49,01/02/2018 00:05,01/02/2018,
ZA-00014555,ZAC0009217,26/01/2018 20:37,COMPLETE,28/01/2018 14:10,02/02/2018 17:46,01/02/2018,
ZA-00014556,ZAC0009301,26/01/2018 19:30,COMPLETE,27/01/2018 08:21,30/01/2018 13:27,30/01/2018,
ZA-00014557,ZAC0016178,26/01/2018 16:12,COMPLETE,27/01/2018 06:55,28/01/2018 15:46,01/02/2018,FREESHIP
ZA-00014558,ZAC0005019,26/01/2018 16:17,COMPLETE,27/01/2018 03:29,07/02/2018 14:25,03/02/2018,
ZA-00014559,ZAC0008943,26/01/2018 08:20,COMPLETE,27/01/2018 19:53,30/01/2018 21:03,03/02/2018,
ZA-00014560,ZAC0022115,26/01/2018 10:41,COMPLETE,28/01/2018 03:57,01/02/2018 05:38,31/01/2018,
ZA-00014561,ZAC0002249,26/01/2018 16:25,COMPLETE,27/01/2018 18:36,30/01/2018 12:38,03/02/2018,FREESHIP
ZA-00014562,ZAC0017717,26/01/2018 11:33,COMPLETE,27/01/2018 18:30,28/01/2018 17:48,01/02/2018,
ZA-00014563,ZAC0005159,26/01/2018 22:15,COMPLETE,28/01/2018 13:29,29/01/2018 20:38,01/02/2018,
ZA-00014564,ZAC0002918,26/01/2018 14:22,COMPLETE,27/01/2018 03:45,08/02/2018 03:26,03/02/2018,
ZA-00014565,ZAC0012521,26/01/2018 08:02,COMPLETE,02/02/2018 02:44,09/02/2018 22:42,06/02/2018,
ZA-00014566,ZAC0017177,26/01/2018 21:26,COMPLETE,28/01/2018 11:45,02/02/2018 14:00,31/01/2018,
ZA-00014567,ZAC0004839,26/01/2018 08:37,COMPLETE,30/01/2018 20:36,06/02/2018 17:57,09/02/2018,
ZA-00014568,ZAC0020416,26/01/2018 20:19,COMPLETE,28/01/2018 07:55,03/02/2018 16:58,31/01/2018,
ZA-00014569,ZAC0007200,26/01/2018 10:57,COMPLETE,30/01/2018 23:02,03/02/2018 20:02,03/02/2018,
ZA-00014570,ZAC0016022,26/01/2018 12:48,COMPLETE,29/01/2018 05:34,31/01/2018 10:25,03/02/2018,WINTER15
ZA-00014571,ZAC0005932,26/01/2018 18:20,COMPLETE,28/01/2018 06:23,01/02/2018 04:44,02/02/2018,BULK20
ZA-00014572,ZAC0010355,26/01/2018 16:14,COMPLETE,31/01/2018 10:43,31/01/2018 18:06,04/02/2018,FLASH25
ZA-00014573,ZAC0005921,26/01/2018 19:38,COMPLETE,29/01/2018 11:28,30/01/2018 07:40,01/02/2018,
ZA-00014574,ZAC0006040,26/01/2018 18:41,COMPLETE,29/01/2018 01:34,04/02/2018 18:32,02/02/2018,
ZA-00014575,ZAC0011775,26/01/2018 15:42,COMPLETE,27/01/2018 21:15,30/01/2018 11:38,31/01/2018,WELCOME10
ZA-00014576,ZAC0007222,26/01/2018 15:09,COMPLETE,27/01/2018 04:12,01/02/2018 20:05,30/01/2018,
ZA-00014577,ZAC0016262,26/01/2018 17:40,COMPLETE,01/02/2018 08:08,04/02/2018 19:55,05/02/2018,
ZA-00014578,ZAC0008280,26/01/2018 06:14,COMPLETE,27/01/2018 15:13,29/01/2018 22:29,31/01/2018,FLASH25
ZA-00014579,ZAC0006406,26/01/2018 14:57,CANCELLED,,,,
ZA-00014580,ZAC0014200,26/01/2018 15:21,COMPLETE,27/01/2018 14:34,31/01/2018 19:41,31/01/2018,
ZA-00014581,ZAC0018551,26/01/2018 18:21,COMPLETE,30/01/2018 06:34,03/02/2018 07:48,04/02/2018,
ZA-00014582,ZAC0021767,26/01/2018 21:54,COMPLETE,27/01/2018 15:34,01/02/2018 21:22,31/01/2018,
ZA-00014583,ZAC0011752,26/01/2018 17:04,COMPLETE,31/01/2018 14:21,10/02/2018 01:01,05/02/2018,
ZA-00014584,ZAC0014442,26/01/2018 11:08,COMPLETE,30/01/2018 23:12,31/01/2018 11:58,04/02/2018,
ZA-00014585,ZAC0023727,26/01/2018 19:21,COMPLETE,27/01/2018 20:24,03/02/2018 08:13,31/01/2018,FREESHIP
ZA-00014586,ZAC0003423,26/01/2018 10:28,COMPLETE,27/01/2018 11:37,05/02/2018 21:03,03/02/2018,
ZA-00014587,ZAC0003847,26/01/2018 20:39,COMPLETE,30/01/2018 07:32,01/02/2018 06:02,03/02/2018,
ZA-00014588,ZAC0007513,26/01/2018 09:15,COMPLETE,28/01/2018 07:39,03/02/2018 11:48,02/02/2018,
ZA-00014589,ZAC0014611,27/01/2018 17:06,COMPLETE,30/01/2018 05:58,31/01/2018 12:17,06/02/2018,
ZA-00014590,ZAC0003173,27/01/2018 21:10,RETURNED,29/01/2018 22:17,04/02/2018 02:27,05/02/2018,
ZA-00014591,ZAC0019413,27/01/2018 22:59,CANCELLED,,,,BULK20
ZA-00014592,ZAC0005336,27/01/2018 13:41,COMPLETE,28/01/2018 09:03,09/02/2018 13:12,31/01/2018,WELCOME10
ZA-00014593,ZAC0022057,27/01/2018 14:36,COMPLETE,29/01/2018 20:41,03/02/2018 22:40,01/02/2018,FREESHIP
ZA-00014594,ZAC0017038,27/01/2018 19:09,COMPLETE,28/01/2018 11:53,05/02/2018 12:28,02/02/2018,LOYAL5
ZA-00014595,ZAC0009592,27/01/2018 10:04,COMPLETE,30/01/2018 18:14,04/02/2018 01:16,03/02/2018,
ZA-00014596,ZAC0002540,27/01/2018 16:20,COMPLETE,30/01/2018 23:22,04/02/2018 12:59,06/02/2018,
ZA-00014597,ZAC0019240,27/01/2018 22:35,COMPLETE,28/01/2018 17:12,02/02/2018 19:39,31/01/2018,
ZA-00014598,ZAC0016741,27/01/2018 11:44,COMPLETE,30/01/2018 23:15,31/01/2018 21:17,03/02/2018,
ZA-00014599,ZAC0020576,27/01/2018 07:35,CANCELLED,,,,
ZA-00014600,ZAC0004586,27/01/2018 14:54,COMPLETE,28/01/2018 17:35,03/02/2018 21:54,02/02/2018,
ZA-00014601,ZAC0001657,27/01/2018 13:46,COMPLETE,30/01/2018 08:26,31/01/2018 06:04,09/02/2018,
ZA-00014602,ZAC0022504,27/01/2018 12:54,COMPLETE,30/01/2018 04:52,31/01/2018 16:29,03/02/2018,
ZA-00014603,ZAC0004282,27/01/2018 10:50,COMPLETE,31/01/2018 18:46,05/02/2018 22:57,04/02/2018,
ZA-00014604,ZAC0003210,27/01/2018 16:22,COMPLETE,28/01/2018 11:59,02/02/2018 09:05,07/02/2018,
ZA-00014605,ZAC0002249,27/01/2018 16:16,COMPLETE,29/01/2018 10:08,03/02/2018 16:11,03/02/2018,
ZA-00014606,ZAC0016197,27/01/2018 14:10,COMPLETE,31/01/2018 16:57,09/02/2018 19:37,04/02/2018,
ZA-00014607,ZAC0011471,27/01/2018 06:02,COMPLETE,02/02/2018 08:11,07/02/2018 03:09,07/02/2018,
ZA-00014608,ZAC0020979,27/01/2018 22:01,COMPLETE,28/01/2018 18:09,03/02/2018 15:39,31/01/2018,
ZA-00014609,ZAC0021401,27/01/2018 09:13,COMPLETE,31/01/2018 23:31,02/02/2018 02:04,04/02/2018,
ZA-00014610,ZAC0023905,27/01/2018 17:18,COMPLETE,29/01/2018 23:29,08/02/2018 01:28,02/02/2018,BULK20
ZA-00014611,ZAC0005523,27/01/2018 21:57,COMPLETE,28/01/2018 16:14,29/01/2018 16:33,01/02/2018,
ZA-00014612,ZAC0012154,27/01/2018 22:30,COMPLETE,28/01/2018 06:02,02/02/2018 07:55,04/02/2018,
ZA-00014613,ZAC0016089,27/01/2018 21:13,COMPLETE,31/01/2018 22:08,04/02/2018 19:46,03/02/2018,WELCOME10
ZA-00014614,ZAC0004355,27/01/2018 10:22,COMPLETE,28/01/2018 21:13,05/02/2018 16:32,04/02/2018,
ZA-00014615,ZAC0005777,27/01/2018 15:55,COMPLETE,29/01/2018 14:30,03/02/2018 13:39,03/02/2018,WINTER15
ZA-00014616,ZAC0000863,27/01/2018 19:58,COMPLETE,28/01/2018 04:26,31/01/2018 23:12,02/02/2018,
ZA-00014617,ZAC0012622,27/01/2018 17:57,COMPLETE,02/02/2018 00:15,02/02/2018 14:08,06/02/2018,
ZA-00014618,ZAC0015794,27/01/2018 22:37,COMPLETE,28/01/2018 17:41,03/02/2018 04:21,02/02/2018,
ZA-00014619,ZAC0021829,27/01/2018 09:07,COMPLETE,27/01/2018 22:06,03/02/2018 14:26,03/02/2018,
ZA-00014620,ZAC0023312,27/01/2018 16:44,COMPLETE,03/02/2018 02:18,04/02/2018 12:18,10/02/2018,
ZA-00014621,ZAC0008399,27/01/2018 22:56,COMPLETE,29/01/2018 11:26,03/02/2018 02:10,03/02/2018,WELCOME10
ZA-00014622,ZAC0007955,27/01/2018 22:32,COMPLETE,28/01/2018 10:50,04/02/2018 09:32,04/02/2018,WELCOME10
ZA-00014623,ZAC0009404,27/01/2018 10:00,COMPLETE,30/01/2018 21:31,06/02/2018 16:47,06/02/2018,
ZA-00014624,ZAC0004303,27/01/2018 09:16,COMPLETE,28/01/2018 21:20,03/02/2018 00:12,02/02/2018,
ZA-00014625,ZAC0011031,27/01/2018 16:59,COMPLETE,30/01/2018 09:54,05/02/2018 23:45,02/02/2018,
ZA-00014626,ZAC0017608,27/01/2018 18:12,COMPLETE,29/01/2018 00:05,08/02/2018 00:52,02/02/2018,
ZA-00014627,ZAC0012099,27/01/2018 08:20,COMPLETE,27/01/2018 18:43,29/01/2018 19:36,31/01/2018,
ZA-00014628,ZAC0011508,27/01/2018 06:35,COMPLETE,29/01/2018 14:14,04/02/2018 16:19,02/02/2018,BULK20
ZA-00014629,ZAC0015087,27/01/2018 12:33,COMPLETE,27/01/2018 20:29,02/02/2018 02:53,31/01/2018,
ZA-00014630,ZAC0011663,27/01/2018 13:25,COMPLETE,28/01/2018 17:05,06/02/2018 09:24,01/02/2018,BULK20
ZA-00014631,ZAC0014955,27/01/2018 11:06,COMPLETE,29/01/2018 19:08,03/02/2018 10:21,02/02/2018,
ZA-00014632,ZAC0013163,27/01/2018 19:34,COMPLETE,30/01/2018 17:32,04/02/2018 15:45,06/02/2018,
ZA-00014633,ZAC0010226,27/01/2018 21:23,COMPLETE,30/01/2018 02:17,31/01/2018 05:39,06/02/2018,FREESHIP
ZA-00014634,ZAC0008855,27/01/2018 14:56,COMPLETE,29/01/2018 05:39,01/02/2018 03:00,05/02/2018,
ZA-00014635,ZAC0002747,27/01/2018 07:53,COMPLETE,30/01/2018 00:07,04/02/2018 05:10,02/02/2018,
ZA-00014636,ZAC0003483,27/01/2018 11:59,COMPLETE,28/01/2018 09:54,31/01/2018 13:38,01/02/2018,
ZA-00014637,ZAC0004585,27/01/2018 11:47,COMPLETE,28/01/2018 14:23,08/02/2018 06:59,02/02/2018,
ZA-00014638,ZAC0003150,27/01/2018 06:05,COMPLETE,27/01/2018 23:49,29/01/2018 13:28,31/01/2018,LOYAL5
ZA-00014639,ZAC0003634,27/01/2018 06:28,COMPLETE,03/02/2018 17:15,09/02/2018 12:57,06/02/2018,BULK20
ZA-00014640,ZAC0004356,27/01/2018 08:52,COMPLETE,29/01/2018 00:31,01/02/2018 22:41,01/02/2018,
ZA-00014641,ZAC0012723,27/01/2018 17:29,CANCELLED,,,,
ZA-00014642,ZAC0016575,27/01/2018 06:22,COMPLETE,28/01/2018 01:53,03/02/2018 23:45,02/02/2018,
ZA-00014643,ZAC0000213,27/01/2018 07:11,COMPLETE,29/01/2018 06:18,01/02/2018 04:22,02/02/2018,
ZA-00014644,ZAC0013883,27/01/2018 17:08,COMPLETE,28/01/2018 01:43,03/02/2018 09:44,07/02/2018,
ZA-00014645,ZAC0022134,27/01/2018 12:40,PENDING,,,,WINTER15
ZA-00014646,ZAC0007615,27/01/2018 20:06,COMPLETE,30/01/2018 12:33,06/02/2018 23:21,09/02/2018,
ZA-00014647,ZAC0016938,27/01/2018 22:59,COMPLETE,29/01/2018 19:20,31/01/2018 04:09,02/02/2018,
ZA-00014648,ZAC0013541,27/01/2018 11:26,COMPLETE,29/01/2018 13:54,01/02/2018 03:21,03/02/2018,
ZA-00014649,ZAC0012228,27/01/2018 17:03,COMPLETE,31/01/2018 13:11,03/02/2018 09:23,03/02/2018,BULK20
ZA-00014650,ZAC0009058,27/01/2018 08:58,COMPLETE,30/01/2018 01:00,09/02/2018 13:22,04/02/2018,FREESHIP
ZA-00014651,ZAC0018316,27/01/2018 10:30,COMPLETE,27/01/2018 22:11,01/02/2018 20:51,31/01/2018,
ZA-00014652,ZAC0005545,27/01/2018 08:09,COMPLETE,31/01/2018 05:56,08/02/2018 06:28,03/02/2018,
ZA-00014653,ZAC0009001,27/01/2018 07:36,COMPLETE,29/01/2018 18:00,04/02/2018 10:42,01/02/2018,
ZA-00014654,ZAC0023706,27/01/2018 22:44,RETURNED,29/01/2018 19:24,02/02/2018 19:24,05/02/2018,
ZA-00014655,ZAC0005447,27/01/2018 20:30,COMPLETE,30/01/2018 04:08,03/02/2018 23:37,04/02/2018,
ZA-00014656,ZAC0013435,27/01/2018 08:40,COMPLETE,28/01/2018 03:20,07/02/2018 19:26,04/02/2018,
ZA-00014657,ZAC0011069,27/01/2018 20:32,COMPLETE,30/01/2018 20:50,01/02/2018 18:53,04/02/2018,
ZA-00014658,ZAC0023545,27/01/2018 19:41,COMPLETE,28/01/2018 22:19,02/02/2018 11:12,02/02/2018,
ZA-00014659,ZAC0003200,27/01/2018 14:36,COMPLETE,30/01/2018 09:34,08/02/2018 09:05,04/02/2018,WELCOME10
ZA-00014660,ZAC0023294,27/01/2018 12:23,COMPLETE,27/01/2018 18:55,02/02/2018 16:36,06/02/2018,
ZA-00014661,ZAC0011382,28/01/2018 16:32,COMPLETE,31/01/2018 13:21,05/02/2018 18:53,04/02/2018,
ZA-00014662,ZAC0017722,28/01/2018 18:21,COMPLETE,30/01/2018 21:38,02/02/2018 07:25,03/02/2018,
ZA-00014663,ZAC0016798,28/01/2018 15:18,COMPLETE,29/01/2018 11:59,30/01/2018 11:50,03/02/2018,
ZA-00014664,ZAC0000791,28/01/2018 21:26,COMPLETE,02/02/2018 18:21,04/02/2018 22:29,06/02/2018,
ZA-00014665,ZAC0021906,28/01/2018 13:30,COMPLETE,31/01/2018 03:26,04/02/2018 14:00,04/02/2018,LOYAL5
ZA-00014666,ZAC0014774,28/01/2018 19:17,COMPLETE,30/01/2018 03:58,03/02/2018 02:21,02/02/2018,
ZA-00014667,ZAC0005373,28/01/2018 21:42,COMPLETE,29/01/2018 19:04,02/02/2018 15:36,08/02/2018,
ZA-00014668,ZAC0017212,28/01/2018 21:27,COMPLETE,04/02/2018 12:12,08/02/2018 04:05,07/02/2018,
ZA-00014669,ZAC0007445,28/01/2018 06:50,COMPLETE,31/01/2018 21:59,08/02/2018 05:14,04/02/2018,WELCOME10
ZA-00014670,ZAC0004943,28/01/2018 22:21,COMPLETE,29/01/2018 13:09,05/02/2018 22:40,05/02/2018,
ZA-00014671,ZAC0009964,28/01/2018 06:12,COMPLETE,28/01/2018 08:45,08/02/2018 12:26,04/02/2018,
ZA-00014672,ZAC0004869,28/01/2018 08:41,COMPLETE,28/01/2018 16:17,31/01/2018 00:47,04/02/2018,
ZA-00014673,ZAC0021099,28/01/2018 21:19,COMPLETE,31/01/2018 18:37,02/02/2018 18:48,05/02/2018,
ZA-00014674,ZAC0008203,28/01/2018 16:42,CANCELLED,,,,
ZA-00014675,ZAC0013651,28/01/2018 12:00,COMPLETE,31/01/2018 09:45,01/02/2018 17:27,10/02/2018,
ZA-00014676,ZAC0017122,28/01/2018 13:48,COMPLETE,30/01/2018 04:52,03/02/2018 02:42,03/02/2018,FLASH25
ZA-00014677,ZAC0012637,28/01/2018 19:19,COMPLETE,29/01/2018 15:28,02/02/2018 20:19,01/02/2018,
ZA-00014678,ZAC0009818,28/01/2018 09:14,COMPLETE,28/01/2018 16:05,02/02/2018 03:10,02/02/2018,
ZA-00014679,ZAC0021018,28/01/2018 21:50,COMPLETE,29/01/2018 11:28,07/02/2018 16:40,02/02/2018,
ZA-00014680,ZAC0007218,28/01/2018 13:47,COMPLETE,29/01/2018 19:13,31/01/2018 18:13,02/02/2018,
ZA-00014681,ZAC0013520,28/01/2018 06:00,COMPLETE,30/01/2018 21:24,02/02/2018 11:17,03/02/2018,
ZA-00014682,ZAC0004508,28/01/2018 07:31,COMPLETE,29/01/2018 04:55,31/01/2018 03:30,02/02/2018,
ZA-00014683,ZAC0021814,28/01/2018 12:02,COMPLETE,29/01/2018 16:33,04/02/2018 17:21,01/02/2018,
ZA-00014684,ZAC0007025,28/01/2018 06:12,COMPLETE,29/01/2018 09:02,08/02/2018 05:12,05/02/2018,
ZA-00014685,ZAC0012205,28/01/2018 10:20,COMPLETE,30/01/2018 00:28,02/02/2018 18:44,09/02/2018,
ZA-00014686,ZAC0019518,28/01/2018 20:47,COMPLETE,29/01/2018 08:39,31/01/2018 10:11,08/02/2018,
ZA-00014687,ZAC0019885,28/01/2018 18:55,COMPLETE,03/02/2018 05:32,06/02/2018 14:02,06/02/2018,
ZA-00014688,ZAC0007794,28/01/2018 15:35,COMPLETE,04/02/2018 15:24,16/02/2018 05:13,09/02/2018,
ZA-00014689,ZAC0010961,28/01/2018 11:48,DISPATCHED,02/02/2018 15:47,,07/02/2018,
ZA-00014690,ZAC0015405,28/01/2018 15:45,COMPLETE,01/02/2018 10:25,06/02/2018 10:39,05/02/2018,
ZA-00014691,ZAC0000840,28/01/2018 15:01,COMPLETE,29/01/2018 19:09,11/02/2018 17:16,03/02/2018,
ZA-00014692,ZAC0014438,28/01/2018 14:46,CANCELLED,,,,
ZA-00014693,ZAC0002621,28/01/2018 13:50,COMPLETE,30/01/2018 05:20,30/01/2018 15:46,03/02/2018,FLASH25
ZA-00014694,ZAC0000516,28/01/2018 15:42,COMPLETE,30/01/2018 06:49,03/02/2018 06:53,02/02/2018,
ZA-00014695,ZAC0008455,28/01/2018 13:58,COMPLETE,29/01/2018 08:49,31/01/2018 23:38,01/02/2018,
ZA-00014696,ZAC0008645,28/01/2018 17:16,COMPLETE,31/01/2018 04:16,03/02/2018 01:47,07/02/2018,WELCOME10
ZA-00014697,ZAC0014516,28/01/2018 06:04,COMPLETE,29/01/2018 10:52,30/01/2018 15:20,05/02/2018,FLASH25
ZA-00014698,ZAC0014708,28/01/2018 08:44,COMPLETE,29/01/2018 02:46,30/01/2018 22:10,01/02/2018,
ZA-00014699,ZAC0021395,28/01/2018 17:08,COMPLETE,30/01/2018 23:02,02/02/2018 22:20,03/02/2018,
ZA-00014700,ZAC0006299,28/01/2018 18:51,COMPLETE,29/01/2018 10:21,06/02/2018 20:44,02/02/2018,
ZA-00014701,ZAC0011619,28/01/2018 12:48,COMPLETE,29/01/2018 00:35,02/02/2018 12:20,05/02/2018,
ZA-00014702,ZAC0007791,28/01/2018 10:31,COMPLETE,29/01/2018 00:52,03/02/2018 16:57,02/02/2018,WINTER15
ZA-00014703,ZAC0001888,28/01/2018 07:33,COMPLETE,28/01/2018 12:07,02/02/2018 05:23,31/01/2018,
ZA-00014704,ZAC0021297,28/01/2018 19:37,COMPLETE,29/01/2018 21:25,01/02/2018 00:09,08/02/2018,
ZA-00014705,ZAC0002039,28/01/2018 19:38,COMPLETE,31/01/2018 13:11,01/02/2018 05:43,04/02/2018,
ZA-00014706,ZAC0006657,28/01/2018 10:07,COMPLETE,30/01/2018 07:06,02/02/2018 09:00,03/02/2018,
ZA-00014707,ZAC0010541,28/01/2018 20:48,COMPLETE,31/01/2018 08:12,04/02/2018 00:00,03/02/2018,
ZA-00014708,ZAC0013546,28/01/2018 10:25,COMPLETE,29/01/2018 13:19,08/02/2018 15:05,02/02/2018,
ZA-00014709,ZAC0019578,28/01/2018 16:11,COMPLETE,29/01/2018 15:49,01/02/2018 00:13,01/02/2018,
ZA-00014710,ZAC0013902,28/01/2018 19:53,COMPLETE,02/02/2018 00:59,06/02/2018 14:46,06/02/2018,
ZA-00014711,ZAC0023036,29/01/2018 19:00,COMPLETE,30/01/2018 12:44,05/02/2018 09:46,03/02/2018,
ZA-00014712,ZAC0012929,29/01/2018 08:36,COMPLETE,01/02/2018 11:50,06/02/2018 02:03,04/02/2018,
ZA-00014713,ZAC0003523,29/01/2018 13:09,COMPLETE,02/02/2018 00:31,13/02/2018 08:04,07/02/2018,
ZA-00014714,ZAC0020456,29/01/2018 20:08,COMPLETE,31/01/2018 00:38,02/02/2018 20:53,03/02/2018,
ZA-00014715,ZAC0023303,29/01/2018 14:15,DISPATCHED,04/02/2018 19:08,,07/02/2018,LOYAL5
ZA-00014716,ZAC0013273,29/01/2018 13:05,COMPLETE,31/01/2018 10:04,03/02/2018 05:09,05/02/2018,
ZA-00014717,ZAC0009845,29/01/2018 14:21,COMPLETE,02/02/2018 02:10,10/02/2018 18:42,06/02/2018,WELCOME10
ZA-00014718,ZAC0008680,29/01/2018 07:10,COMPLETE,01/02/2018 08:52,02/02/2018 06:39,08/02/2018,WELCOME10
ZA-00014719,ZAC0004341,29/01/2018 18:52,COMPLETE,03/02/2018 04:31,03/02/2018 22:16,07/02/2018,
ZA-00014720,ZAC0013016,29/01/2018 06:10,COMPLETE,01/02/2018 00:18,05/02/2018 23:42,08/02/2018,
ZA-00014721,ZAC0011687,29/01/2018 20:27,DISPATCHED,01/02/2018 11:32,,08/02/2018,LOYAL5
ZA-00014722,ZAC0013829,29/01/2018 13:49,COMPLETE,03/02/2018 16:46,05/02/2018 08:17,06/02/2018,
ZA-00014723,ZAC0013894,29/01/2018 12:07,COMPLETE,06/02/2018 17:44,12/02/2018 16:51,13/02/2018,
ZA-00014724,ZAC0017533,29/01/2018 19:12,COMPLETE,30/01/2018 16:21,03/02/2018 00:35,04/02/2018,
ZA-00014725,ZAC0017101,29/01/2018 06:05,COMPLETE,30/01/2018 19:05,31/01/2018 15:15,02/02/2018,
ZA-00014726,ZAC0010268,29/01/2018 11:46,COMPLETE,31/01/2018 07:00,01/02/2018 19:16,03/02/2018,
ZA-00014727,ZAC0019794,29/01/2018 16:58,COMPLETE,31/01/2018 18:56,03/02/2018 22:45,03/02/2018,
ZA-00014728,ZAC0022047,29/01/2018 12:20,COMPLETE,30/01/2018 08:25,01/02/2018 12:43,03/02/2018,
ZA-00014729,ZAC0003361,29/01/2018 13:53,COMPLETE,29/01/2018 21:27,02/02/2018 04:35,03/02/2018,BULK20
ZA-00014730,ZAC0005259,29/01/2018 20:26,COMPLETE,01/02/2018 06:28,02/02/2018 00:26,06/02/2018,
ZA-00014731,ZAC0011543,29/01/2018 19:25,COMPLETE,30/01/2018 08:39,03/02/2018 11:39,03/02/2018,
ZA-00014732,ZAC0001349,29/01/2018 13:11,COMPLETE,30/01/2018 08:10,30/01/2018 13:58,03/02/2018,WELCOME10
ZA-00014733,ZAC0002033,29/01/2018 13:37,COMPLETE,29/01/2018 20:55,04/02/2018 10:33,02/02/2018,
ZA-00014734,ZAC0023437,29/01/2018 18:42,COMPLETE,02/02/2018 00:09,05/02/2018 00:09,07/02/2018,
ZA-00014735,ZAC0016835,29/01/2018 22:27,COMPLETE,03/02/2018 15:51,08/02/2018 09:06,07/02/2018,BULK20
ZA-00014736,ZAC0002182,29/01/2018 17:53,CANCELLED,,,,WELCOME10
ZA-00014737,ZAC0021939,29/01/2018 07:51,COMPLETE,30/01/2018 22:03,03/02/2018 08:54,03/02/2018,WELCOME10
ZA-00014738,ZAC0018043,29/01/2018 10:45,COMPLETE,02/02/2018 07:02,04/02/2018 08:39,06/02/2018,
ZA-00014739,ZAC0020487,29/01/2018 22:33,DISPATCHED,30/01/2018 07:36,,06/02/2018,
ZA-00014740,ZAC0003772,29/01/2018 16:10,COMPLETE,30/01/2018 07:06,01/02/2018 13:27,06/02/2018,
ZA-00014741,ZAC0010928,29/01/2018 10:27,COMPLETE,29/01/2018 19:41,02/02/2018 11:02,05/02/2018,FREESHIP
ZA-00014742,ZAC0023325,29/01/2018 19:42,COMPLETE,01/02/2018 22:42,11/02/2018 19:59,06/02/2018,
ZA-00014743,ZAC0008220,29/01/2018 09:35,COMPLETE,30/01/2018 06:50,05/02/2018 11:08,02/02/2018,
ZA-00014744,ZAC0020072,29/01/2018 14:14,COMPLETE,02/02/2018 03:26,06/02/2018 15:08,06/02/2018,BULK20
ZA-00014745,ZAC0007023,29/01/2018 06:42,COMPLETE,31/01/2018 10:34,04/02/2018 16:26,04/02/2018,
ZA-00014746,ZAC0021104,29/01/2018 15:54,COMPLETE,02/02/2018 12:12,11/02/2018 03:03,07/02/2018,WELCOME10
ZA-00014747,ZAC0005124,29/01/2018 13:51,COMPLETE,01/02/2018 03:37,06/02/2018 04:06,08/02/2018,
ZA-00014748,ZAC0008455,29/01/2018 22:18,CANCELLED,,,,
ZA-00014749,ZAC0002334,29/01/2018 11:38,COMPLETE,01/02/2018 01:30,02/02/2018 20:32,06/02/2018,
ZA-00014750,ZAC0004774,29/01/2018 06:57,COMPLETE,01/02/2018 16:14,02/02/2018 17:09,05/02/2018,
ZA-00014751,ZAC0022716,29/01/2018 12:14,COMPLETE,01/02/2018 03:30,03/02/2018 00:11,04/02/2018,
ZA-00014752,ZAC0018819,29/01/2018 12:31,COMPLETE,30/01/2018 17:37,03/02/2018 18:42,03/02/2018,
ZA-00014753,ZAC0006795,29/01/2018 20:17,COMPLETE,02/02/2018 09:03,03/02/2018 23:48,06/02/2018,
ZA-00014754,ZAC0002023,29/01/2018 11:30,COMPLETE,30/01/2018 11:32,01/02/2018 01:58,02/02/2018,
ZA-00014755,ZAC0023932,29/01/2018 16:56,COMPLETE,30/01/2018 16:25,01/02/2018 04:09,04/02/2018,
ZA-00014756,ZAC0013689,29/01/2018 07:42,COMPLETE,29/01/2018 23:52,01/02/2018 17:00,01/02/2018,
ZA-00014757,ZAC0018574,29/01/2018 15:29,COMPLETE,31/01/2018 14:23,01/02/2018 03:03,07/02/2018,
ZA-00014758,ZAC0014801,29/01/2018 16:45,COMPLETE,03/02/2018 02:18,05/02/2018 21:32,10/02/2018,WINTER15
ZA-00014759,ZAC0021440,29/01/2018 08:53,COMPLETE,29/01/2018 19:52,04/02/2018 17:43,02/02/2018,
ZA-00014760,ZAC0008120,29/01/2018 08:51,COMPLETE,01/02/2018 00:40,03/02/2018 15:25,04/02/2018,
ZA-00014761,ZAC0011414,29/01/2018 15:29,RETURNED,02/02/2018 19:03,10/02/2018 01:14,05/02/2018,
ZA-00014762,ZAC0009325,29/01/2018 14:54,COMPLETE,01/02/2018 16:42,05/02/2018 03:10,04/02/2018,
ZA-00014763,ZAC0014664,29/01/2018 15:26,COMPLETE,30/01/2018 11:15,31/01/2018 11:14,04/02/2018,
ZA-00014764,ZAC0004607,29/01/2018 13:04,COMPLETE,03/02/2018 16:27,13/02/2018 12:55,07/02/2018,
ZA-00014765,ZAC0002343,29/01/2018 18:26,COMPLETE,30/01/2018 12:30,04/02/2018 15:38,04/02/2018,
ZA-00014766,ZAC0015420,29/01/2018 19:23,COMPLETE,01/02/2018 18:37,06/02/2018 16:01,05/02/2018,
ZA-00014767,ZAC0005323,29/01/2018 08:56,COMPLETE,01/02/2018 20:00,11/02/2018 04:21,05/02/2018,
ZA-00014768,ZAC0013602,29/01/2018 17:14,COMPLETE,31/01/2018 11:13,04/02/2018 01:14,05/02/2018,
ZA-00014769,ZAC0001145,29/01/2018 09:22,COMPLETE,01/02/2018 12:44,02/02/2018 11:39,08/02/2018,
ZA-00014770,ZAC0010777,30/01/2018 12:24,COMPLETE,01/02/2018 08:49,06/02/2018 17:15,06/02/2018,WINTER15
ZA-00014771,ZAC0014166,30/01/2018 10:28,COMPLETE,01/02/2018 13:31,03/02/2018 11:41,05/02/2018,
ZA-00014772,ZAC0014825,30/01/2018 20:11,COMPLETE,31/01/2018 03:52,05/02/2018 17:21,04/02/2018,
ZA-00014773,ZAC0007581,30/01/2018 17:30,COMPLETE,02/02/2018 10:46,04/02/2018 15:31,09/02/2018,
ZA-00014774,ZAC0006990,30/01/2018 14:19,COMPLETE,31/01/2018 04:27,06/02/2018 01:37,05/02/2018,
ZA-00014775,ZAC0002967,30/01/2018 22:16,COMPLETE,31/01/2018 14:22,06/02/2018 03:39,04/02/2018,
ZA-00014776,ZAC0013194,30/01/2018 20:03,COMPLETE,01/02/2018 22:44,13/02/2018 03:09,06/02/2018,
ZA-00014777,ZAC0022466,30/01/2018 06:33,DISPATCHED,01/02/2018 03:25,,06/02/2018,
ZA-00014778,ZAC0005196,30/01/2018 12:02,COMPLETE,31/01/2018 10:47,01/02/2018 04:48,04/02/2018,
ZA-00014779,ZAC0009474,30/01/2018 08:12,COMPLETE,01/02/2018 03:52,05/02/2018 07:26,05/02/2018,
ZA-00014780,ZAC0000238,30/01/2018 13:19,COMPLETE,31/01/2018 09:23,03/02/2018 09:23,10/02/2018,
ZA-00014781,ZAC0001219,30/01/2018 21:21,COMPLETE,01/02/2018 17:59,03/02/2018 12:30,08/02/2018,
ZA-00014782,ZAC0021720,30/01/2018 12:50,COMPLETE,02/02/2018 23:23,06/02/2018 20:21,05/02/2018,
ZA-00014783,ZAC0016003,30/01/2018 16:27,DISPATCHED,01/02/2018 05:29,,11/02/2018,
ZA-00014784,ZAC0017697,30/01/2018 17:37,COMPLETE,03/02/2018 08:06,05/02/2018 08:39,08/02/2018,
ZA-00014785,ZAC0007459,30/01/2018 12:34,COMPLETE,03/02/2018 15:50,05/02/2018 10:09,06/02/2018,WELCOME10
ZA-00014786,ZAC0012997,30/01/2018 09:43,COMPLETE,31/01/2018 01:45,03/02/2018 21:39,03/02/2018,
ZA-00014787,ZAC0008731,30/01/2018 13:28,COMPLETE,06/02/2018 09:15,07/02/2018 22:02,13/02/2018,
ZA-00014788,ZAC0022647,30/01/2018 15:29,COMPLETE,06/02/2018 13:35,09/02/2018 18:26,13/02/2018,
ZA-00014789,ZAC0019943,30/01/2018 20:32,COMPLETE,31/01/2018 18:29,01/02/2018 09:57,07/02/2018,FREESHIP
ZA-00014790,ZAC0003447,30/01/2018 13:37,COMPLETE,02/02/2018 19:31,04/02/2018 09:59,07/02/2018,
ZA-00014791,ZAC0017669,30/01/2018 20:01,COMPLETE,03/02/2018 01:25,06/02/2018 09:53,06/02/2018,
ZA-00014792,ZAC0019548,30/01/2018 21:24,COMPLETE,01/02/2018 17:18,05/02/2018 05:25,06/02/2018,WINTER15
ZA-00014793,ZAC0016279,30/01/2018 18:55,COMPLETE,01/02/2018 06:02,01/02/2018 23:15,11/02/2018,
ZA-00014794,ZAC0001614,30/01/2018 16:19,COMPLETE,02/02/2018 18:07,08/02/2018 17:57,07/02/2018,
ZA-00014795,ZAC0015708,30/01/2018 11:58,COMPLETE,03/02/2018 10:30,07/02/2018 05:28,07/02/2018,
ZA-00014796,ZAC0008957,30/01/2018 21:48,COMPLETE,04/02/2018 10:41,07/02/2018 18:11,09/02/2018,
ZA-00014797,ZAC0015247,30/01/2018 09:07,COMPLETE,31/01/2018 18:02,06/02/2018 08:14,07/02/2018,
ZA-00014798,ZAC0012654,30/01/2018 19:37,COMPLETE,05/02/2018 02:13,16/02/2018 07:29,09/02/2018,
ZA-00014799,ZAC0021841,30/01/2018 19:23,COMPLETE,03/02/2018 23:37,08/02/2018 06:21,10/02/2018,
ZA-00014800,ZAC0017737,30/01/2018 16:11,COMPLETE,31/01/2018 12:12,01/02/2018 23:13,03/02/2018,
ZA-00014801,ZAC0000793,30/01/2018 07:42,COMPLETE,01/02/2018 11:50,03/02/2018 09:29,08/02/2018,
ZA-00014802,ZAC0000490,30/01/2018 19:37,COMPLETE,31/01/2018 15:24,04/02/2018 09:47,07/02/2018,
ZA-00014803,ZAC0004306,30/01/2018 17:55,COMPLETE,30/01/2018 22:14,03/02/2018 08:41,02/02/2018,LOYAL5
ZA-00014804,ZAC0000991,30/01/2018 20:24,COMPLETE,02/02/2018 23:49,08/02/2018 15:09,06/02/2018,BULK20
ZA-00014805,ZAC0011137,30/01/2018 16:04,COMPLETE,01/02/2018 20:59,03/02/2018 16:21,06/02/2018,LOYAL5
ZA-00014806,ZAC0007842,30/01/2018 22:18,COMPLETE,03/02/2018 06:23,07/02/2018 16:09,08/02/2018,
ZA-00014807,ZAC0004541,30/01/2018 13:44,COMPLETE,01/02/2018 20:47,04/02/2018 19:21,11/02/2018,
ZA-00014808,ZAC0012365,30/01/2018 20:32,COMPLETE,01/02/2018 09:04,03/02/2018 21:41,04/02/2018,
ZA-00014809,ZAC0020574,30/01/2018 15:10,COMPLETE,31/01/2018 01:08,02/02/2018 01:07,03/02/2018,
ZA-00014810,ZAC0006735,30/01/2018 16:54,COMPLETE,02/02/2018 11:52,05/02/2018 05:51,12/02/2018,
ZA-00014811,ZAC0004906,30/01/2018 15:52,COMPLETE,31/01/2018 05:13,02/02/2018 04:42,07/02/2018,LOYAL5
ZA-00014812,ZAC0014611,30/01/2018 11:58,COMPLETE,01/02/2018 10:47,02/02/2018 08:41,06/02/2018,
ZA-00014813,ZAC0020394,30/01/2018 20:54,COMPLETE,31/01/2018 12:33,03/02/2018 23:05,04/02/2018,
ZA-00014814,ZAC0015790,30/01/2018 13:01,COMPLETE,02/02/2018 00:01,04/02/2018 22:45,09/02/2018,LOYAL5
ZA-00014815,ZAC0011778,30/01/2018 09:13,COMPLETE,02/02/2018 21:41,07/02/2018 21:19,05/02/2018,BULK20
ZA-00014816,ZAC0002243,30/01/2018 17:25,COMPLETE,01/02/2018 11:44,09/02/2018 16:07,06/02/2018,FLASH25
ZA-00014817,ZAC0022988,30/01/2018 22:14,CANCELLED,,,,
ZA-00014818,ZAC0016359,30/01/2018 16:52,COMPLETE,01/02/2018 01:14,02/02/2018 22:07,05/02/2018,
ZA-00014819,ZAC0005968,30/01/2018 22:07,COMPLETE,04/02/2018 04:46,06/02/2018 21:21,07/02/2018,
ZA-00014820,ZAC0021450,30/01/2018 22:53,COMPLETE,02/02/2018 20:58,08/02/2018 11:25,06/02/2018,FLASH25
ZA-00014821,ZAC0021646,30/01/2018 19:40,COMPLETE,02/02/2018 08:56,09/02/2018 00:48,07/02/2018,
ZA-00014822,ZAC0006240,30/01/2018 07:40,COMPLETE,31/01/2018 13:59,13/02/2018 23:22,05/02/2018,
ZA-00014823,ZAC0010825,30/01/2018 18:24,COMPLETE,30/01/2018 23:33,02/02/2018 18:55,06/02/2018,LOYAL5
ZA-00014824,ZAC0008392,30/01/2018 10:32,COMPLETE,30/01/2018 20:31,10/02/2018 17:37,02/02/2018,
ZA-00014825,ZAC0007247,30/01/2018 15:26,COMPLETE,31/01/2018 22:11,03/02/2018 02:32,04/02/2018,
ZA-00014826,ZAC0000515,30/01/2018 10:22,COMPLETE,31/01/2018 23:51,05/02/2018 12:01,05/02/2018,
ZA-00014827,ZAC0006243,30/01/2018 17:53,COMPLETE,01/02/2018 15:34,03/02/2018 16:53,06/02/2018,
ZA-00014828,ZAC0004683,30/01/2018 07:12,COMPLETE,31/01/2018 03:01,01/02/2018 10:47,05/02/2018,
ZA-00014829,ZAC0013093,30/01/2018 18:34,COMPLETE,01/02/2018 00:36,05/02/2018 21:20,04/02/2018,
ZA-00014830,ZAC0009532,30/01/2018 08:31,COMPLETE,02/02/2018 23:08,04/02/2018 06:11,12/02/2018,
ZA-00014831,ZAC0007807,30/01/2018 16:01,COMPLETE,01/02/2018 04:19,04/02/2018 10:39,06/02/2018,
ZA-00014832,ZAC0016185,30/01/2018 07:28,COMPLETE,31/01/2018 04:44,05/02/2018 22:27,03/02/2018,
ZA-00014833,ZAC0009986,30/01/2018 15:17,COMPLETE,01/02/2018 23:07,11/02/2018 20:56,05/02/2018,
ZA-00014834,ZAC0013054,30/01/2018 12:19,COMPLETE,31/01/2018 19:29,05/02/2018 17:09,05/02/2018,
ZA-00014835,ZAC0019537,30/01/2018 12:21,COMPLETE,01/02/2018 06:45,01/02/2018 13:57,04/02/2018,
ZA-00014836,ZAC0000182,30/01/2018 13:26,COMPLETE,31/01/2018 12:36,02/02/2018 21:59,05/02/2018,
ZA-00014837,ZAC0010007,30/01/2018 21:27,COMPLETE,01/02/2018 07:13,12/02/2018 02:56,11/02/2018,
ZA-00014838,ZAC0013964,30/01/2018 08:36,PENDING,,,,
ZA-00014839,ZAC0008906,30/01/2018 06:40,COMPLETE,01/02/2018 05:25,02/02/2018 16:53,08/02/2018,
ZA-00014840,ZAC0011538,30/01/2018 22:46,COMPLETE,31/01/2018 20:08,06/02/2018 06:28,07/02/2018,BULK20
ZA-00014841,ZAC0022730,31/01/2018 08:48,COMPLETE,03/02/2018 12:09,05/02/2018 17:43,08/02/2018,LOYAL5
ZA-00014842,ZAC0018621,31/01/2018 11:00,COMPLETE,04/02/2018 05:29,11/02/2018 10:54,07/02/2018,BULK20
ZA-00014843,ZAC0020108,31/01/2018 18:57,COMPLETE,04/02/2018 05:13,05/02/2018 15:28,11/02/2018,
ZA-00014844,ZAC0007334,31/01/2018 16:39,COMPLETE,03/02/2018 14:08,05/02/2018 04:36,10/02/2018,
ZA-00014845,ZAC0007552,31/01/2018 20:48,COMPLETE,02/02/2018 02:34,05/02/2018 13:39,07/02/2018,
ZA-00014846,ZAC0005688,31/01/2018 18:51,COMPLETE,03/02/2018 00:56,14/02/2018 12:41,07/02/2018,WINTER15
ZA-00014847,ZAC0009414,31/01/2018 16:21,COMPLETE,03/02/2018 19:13,07/02/2018 13:50,10/02/2018,
ZA-00014848,ZAC0001350,31/01/2018 18:46,COMPLETE,01/02/2018 08:33,05/02/2018 04:51,11/02/2018,
ZA-00014849,ZAC0023343,31/01/2018 13:08,COMPLETE,05/02/2018 16:19,06/02/2018 14:35,09/02/2018,WELCOME10
ZA-00014850,ZAC0002101,31/01/2018 20:29,COMPLETE,01/02/2018 22:44,09/02/2018 03:58,08/02/2018,WELCOME10
ZA-00014851,ZAC0010275,31/01/2018 09:42,COMPLETE,02/02/2018 10:23,03/02/2018 14:10,06/02/2018,
ZA-00014852,ZAC0020729,31/01/2018 10:47,COMPLETE,01/02/2018 22:39,08/02/2018 21:20,05/02/2018,
ZA-00014853,ZAC0009580,31/01/2018 08:54,COMPLETE,01/02/2018 19:05,06/02/2018 19:40,08/02/2018,
ZA-00014854,ZAC0015837,31/01/2018 16:13,COMPLETE,01/02/2018 08:11,03/02/2018 17:35,08/02/2018,WINTER15
ZA-00014855,ZAC0010485,31/01/2018 11:56,COMPLETE,03/02/2018 00:39,06/02/2018 17:47,07/02/2018,WINTER15
ZA-00014856,ZAC0013589,31/01/2018 06:25,COMPLETE,01/02/2018 23:06,05/02/2018 15:50,05/02/2018,
ZA-00014857,ZAC0017676,31/01/2018 17:37,COMPLETE,01/02/2018 16:30,05/02/2018 18:51,05/02/2018,
ZA-00014858,ZAC0003018,31/01/2018 14:11,COMPLETE,31/01/2018 21:15,07/02/2018 06:37,03/02/2018,
ZA-00014859,ZAC0019733,31/01/2018 20:53,COMPLETE,03/02/2018 04:29,05/02/2018 03:18,10/02/2018,
ZA-00014860,ZAC0005451,31/01/2018 11:08,COMPLETE,03/02/2018 00:33,06/02/2018 18:19,10/02/2018,
ZA-00014861,ZAC0022913,31/01/2018 12:11,COMPLETE,31/01/2018 17:09,04/02/2018 20:58,04/02/2018,
ZA-00014862,ZAC0016004,31/01/2018 17:52,COMPLETE,01/02/2018 06:35,07/02/2018 06:16,05/02/2018,
ZA-00014863,ZAC0020348,31/01/2018 11:14,COMPLETE,03/02/2018 16:08,08/02/2018 22:15,07/02/2018,
ZA-00014864,ZAC0011357,31/01/2018 17:31,COMPLETE,01/02/2018 12:57,07/02/2018 20:29,08/02/2018,WELCOME10
ZA-00014865,ZAC0011265,31/01/2018 20:53,COMPLETE,03/02/2018 14:57,07/02/2018 19:36,06/02/2018,
ZA-00014866,ZAC0003021,31/01/2018 06:35,COMPLETE,01/02/2018 15:49,06/02/2018 17:31,08/02/2018,
ZA-00014867,ZAC0016741,31/01/2018 20:30,PENDING,,,,
ZA-00014868,ZAC0012411,31/01/2018 13:15,RETURNED,03/02/2018 07:41,10/02/2018 04:07,06/02/2018,
ZA-00014869,ZAC0009144,31/01/2018 11:37,COMPLETE,02/02/2018 06:37,06/02/2018 21:10,09/02/2018,
ZA-00014870,ZAC0002494,31/01/2018 11:01,COMPLETE,03/02/2018 05:35,09/02/2018 19:33,06/02/2018,
ZA-00014871,ZAC0002287,31/01/2018 12:33,CANCELLED,,,,
ZA-00014872,ZAC0021731,31/01/2018 06:21,COMPLETE,05/02/2018 05:45,08/02/2018 05:06,10/02/2018,
ZA-00014873,ZAC0019383,31/01/2018 15:32,COMPLETE,01/02/2018 22:02,04/02/2018 06:33,08/02/2018,
ZA-00014874,ZAC0009175,31/01/2018 20:40,COMPLETE,03/02/2018 08:23,06/02/2018 05:53,10/02/2018,
ZA-00014875,ZAC0014037,31/01/2018 19:48,COMPLETE,01/02/2018 19:53,05/02/2018 05:54,11/02/2018,
ZA-00014876,ZAC0003829,31/01/2018 16:34,COMPLETE,02/02/2018 14:13,08/02/2018 09:17,05/02/2018,
ZA-00014877,ZAC0016526,31/01/2018 15:14,DISPATCHED,01/02/2018 15:32,,05/02/2018,FLASH25
ZA-00014878,ZAC0021406,31/01/2018 13:04,COMPLETE,02/02/2018 15:13,05/02/2018 08:45,05/02/2018,FLASH25
ZA-00014879,ZAC0002284,31/01/2018 15:29,COMPLETE,02/02/2018 12:08,06/02/2018 00:24,09/02/2018,
ZA-00014880,ZAC0010595,31/01/2018 06:21,COMPLETE,02/02/2018 21:48,09/02/2018 10:00,06/02/2018,
ZA-00014881,ZAC0016521,31/01/2018 16:36,COMPLETE,01/02/2018 09:25,10/02/2018 18:44,08/02/2018,
ZA-00014882,ZAC0006473,31/01/2018 10:25,COMPLETE,03/02/2018 22:39,07/02/2018 10:58,08/02/2018,
ZA-00014883,ZAC0019730,31/01/2018 22:33,CANCELLED,,,,
ZA-00014884,ZAC0009168,31/01/2018 09:27,COMPLETE,02/02/2018 07:38,05/02/2018 11:42,05/02/2018,
ZA-00014885,ZAC0015337,31/01/2018 14:20,COMPLETE,04/02/2018 10:56,15/02/2018 22:45,11/02/2018,
ZA-00014886,ZAC0018658,31/01/2018 22:54,COMPLETE,02/02/2018 21:56,10/02/2018 08:15,05/02/2018,
ZA-00014887,ZAC0000230,31/01/2018 16:23,COMPLETE,01/02/2018 06:57,08/02/2018 12:55,04/02/2018,
ZA-00014888,ZAC0023232,31/01/2018 10:22,RETURNED,04/02/2018 08:26,06/02/2018 11:09,09/02/2018,
ZA-00014889,ZAC0005959,31/01/2018 19:23,COMPLETE,01/02/2018 16:24,13/02/2018 07:40,08/02/2018,
ZA-00014890,ZAC0001961,31/01/2018 08:45,COMPLETE,02/02/2018 02:20,04/02/2018 03:01,06/02/2018,
ZA-00014891,ZAC0020546,31/01/2018 09:51,COMPLETE,01/02/2018 06:24,03/02/2018 13:44,05/02/2018,
ZA-00014892,ZAC0016972,31/01/2018 11:05,COMPLETE,01/02/2018 03:02,05/02/2018 22:02,08/02/2018,
ZA-00014893,ZAC0002215,31/01/2018 17:56,COMPLETE,01/02/2018 20:29,03/02/2018 19:37,08/02/2018,FLASH25
ZA-00014894,ZAC0011898,31/01/2018 09:20,COMPLETE,31/01/2018 13:31,04/02/2018 05:59,07/02/2018,
ZA-00014895,ZAC0008030,31/01/2018 13:19,COMPLETE,01/02/2018 19:43,10/02/2018 10:02,06/02/2018,LOYAL5
ZA-00014896,ZAC0008816,31/01/2018 20:36,COMPLETE,02/02/2018 21:36,03/02/2018 17:59,06/02/2018,
ZA-00014897,ZAC0002049,31/01/2018 20:32,COMPLETE,02/02/2018 04:55,07/02/2018 18:43,05/02/2018,BULK20
ZA-00014898,ZAC0015216,31/01/2018 12:39,COMPLETE,04/02/2018 02:45,12/02/2018 10:41,07/02/2018,
ZA-00014899,ZAC0016007,31/01/2018 11:02,COMPLETE,05/02/2018 08:06,10/02/2018 03:02,09/02/2018,
ZA-00014900,ZAC0013107,31/01/2018 18:27,COMPLETE,01/02/2018 05:09,05/02/2018 04:32,11/02/2018,LOYAL5
ZA-00014901,ZAC0019445,31/01/2018 10:43,COMPLETE,01/02/2018 18:44,03/02/2018 21:12,06/02/2018,FLASH25
ZA-00014902,ZAC0013304,31/01/2018 20:02,COMPLETE,04/02/2018 05:03,08/02/2018 17:14,09/02/2018,
ZA-00014903,ZAC0015716,31/01/2018 13:30,COMPLETE,01/02/2018 08:29,03/02/2018 09:07,06/02/2018,
ZA-00014904,ZAC0021529,31/01/2018 09:41,COMPLETE,31/01/2018 22:02,09/02/2018 10:33,03/02/2018,LOYAL5
ZA-00014905,ZAC0016997,31/01/2018 18:35,DISPATCHED,02/02/2018 00:43,,06/02/2018,
