ord_ref,buyer_ref,ord_dt,ord_state,dispatch_dt,received_dt,promised_dt
ZA-00004947,ZAC0013108,01/08/2017 20:43,DISPATCHED,02/08/2017 15:50,,05/08/2017
ZA-00004948,ZAC0017101,01/08/2017 19:49,COMPLETE,04/08/2017 17:51,08/08/2017 17:56,08/08/2017
ZA-00004949,ZAC0009935,01/08/2017 09:41,COMPLETE,02/08/2017 21:13,06/08/2017 05:05,05/08/2017
ZA-00004950,ZAC0007136,01/08/2017 11:28,COMPLETE,02/08/2017 02:57,04/08/2017 03:54,07/08/2017
ZA-00004951,ZAC0008105,01/08/2017 12:43,COMPLETE,04/08/2017 02:23,04/08/2017 17:41,08/08/2017
ZA-00004952,ZAC0002233,01/08/2017 19:10,COMPLETE,07/08/2017 20:18,10/08/2017 22:50,12/08/2017
ZA-00004953,ZAC0017228,01/08/2017 09:24,COMPLETE,06/08/2017 02:03,09/08/2017 15:28,10/08/2017
ZA-00004954,ZAC0011613,01/08/2017 17:14,COMPLETE,05/08/2017 03:15,09/08/2017 01:31,12/08/2017
ZA-00004955,ZAC0022980,01/08/2017 15:56,COMPLETE,06/08/2017 21:04,13/08/2017 23:41,16/08/2017
ZA-00004956,ZAC0020715,01/08/2017 13:06,COMPLETE,02/08/2017 06:20,09/08/2017 07:35,06/08/2017
ZA-00004957,ZAC0006665,01/08/2017 13:38,COMPLETE,05/08/2017 10:17,11/08/2017 21:03,12/08/2017
ZA-00004958,ZAC0022739,01/08/2017 08:29,COMPLETE,03/08/2017 12:01,09/08/2017 11:16,10/08/2017
ZA-00004959,ZAC0015869,01/08/2017 08:54,COMPLETE,02/08/2017 09:01,03/08/2017 07:14,07/08/2017
ZA-00004960,ZAC0010473,01/08/2017 13:33,COMPLETE,02/08/2017 12:45,04/08/2017 13:31,05/08/2017
ZA-00004961,ZAC0023943,01/08/2017 10:57,COMPLETE,06/08/2017 07:26,07/08/2017 18:37,09/08/2017
ZA-00004962,ZAC0019821,01/08/2017 09:34,COMPLETE,01/08/2017 10:57,07/08/2017 12:10,08/08/2017
ZA-00004963,ZAC0012622,01/08/2017 08:11,COMPLETE,02/08/2017 19:12,04/08/2017 13:52,06/08/2017
ZA-00004964,ZAC0002867,01/08/2017 08:04,COMPLETE,03/08/2017 16:22,11/08/2017 02:31,06/08/2017
ZA-00004965,ZAC0013733,01/08/2017 21:16,COMPLETE,02/08/2017 05:44,03/08/2017 12:53,05/08/2017
ZA-00004966,ZAC0016525,01/08/2017 14:04,COMPLETE,04/08/2017 06:08,09/08/2017 16:49,14/08/2017
ZA-00004967,ZAC0007337,01/08/2017 12:47,COMPLETE,05/08/2017 01:02,10/08/2017 09:36,08/08/2017
ZA-00004968,ZAC0013412,01/08/2017 14:06,COMPLETE,03/08/2017 23:30,09/08/2017 19:11,10/08/2017
ZA-00004969,ZAC0000262,01/08/2017 13:30,COMPLETE,05/08/2017 07:33,13/08/2017 02:43,09/08/2017
ZA-00004970,ZAC0023281,01/08/2017 07:32,COMPLETE,05/08/2017 21:50,12/08/2017 17:05,09/08/2017
ZA-00004971,ZAC0023509,01/08/2017 19:19,CANCELLED,,,
ZA-00004972,ZAC0009698,01/08/2017 12:36,COMPLETE,01/08/2017 23:12,07/08/2017 08:22,04/08/2017
ZA-00004973,ZAC0012443,01/08/2017 21:36,COMPLETE,02/08/2017 23:54,07/08/2017 12:13,07/08/2017
ZA-00004974,ZAC0007500,01/08/2017 06:57,DISPATCHED,07/08/2017 14:25,,12/08/2017
ZA-00004975,ZAC0010639,01/08/2017 22:27,COMPLETE,06/08/2017 00:05,08/08/2017 19:39,11/08/2017
ZA-00004976,ZAC0002355,01/08/2017 13:55,COMPLETE,06/08/2017 05:08,15/08/2017 11:38,09/08/2017
ZA-00004977,ZAC0013541,01/08/2017 14:11,COMPLETE,05/08/2017 01:31,13/08/2017 08:02,10/08/2017
ZA-00004978,ZAC0000431,01/08/2017 06:34,COMPLETE,01/08/2017 17:20,14/08/2017 14:45,05/08/2017
ZA-00004979,ZAC0010134,01/08/2017 09:29,COMPLETE,01/08/2017 21:46,09/08/2017 04:31,04/08/2017
ZA-00004980,ZAC0014399,01/08/2017 15:58,COMPLETE,02/08/2017 09:52,06/08/2017 14:07,12/08/2017
ZA-00004981,ZAC0010575,01/08/2017 16:45,COMPLETE,05/08/2017 22:44,07/08/2017 18:16,15/08/2017
ZA-00004982,ZAC0005561,01/08/2017 09:56,COMPLETE,02/08/2017 20:54,06/08/2017 22:06,09/08/2017
ZA-00004983,ZAC0012665,01/08/2017 10:02,COMPLETE,02/08/2017 16:44,07/08/2017 15:53,07/08/2017
ZA-00004984,ZAC0013651,01/08/2017 14:29,COMPLETE,03/08/2017 01:36,07/08/2017 02:59,06/08/2017
ZA-00004985,ZAC0014226,01/08/2017 17:35,RETURNED,02/08/2017 02:24,10/08/2017 17:56,06/08/2017
ZA-00004986,ZAC0017499,02/08/2017 11:31,COMPLETE,04/08/2017 07:05,08/08/2017 21:15,08/08/2017
ZA-00004987,ZAC0015392,02/08/2017 22:39,COMPLETE,05/08/2017 12:49,12/08/2017 03:59,10/08/2017
ZA-00004988,ZAC0002330,02/08/2017 21:21,COMPLETE,04/08/2017 16:12,13/08/2017 06:09,08/08/2017
ZA-00004989,ZAC0021511,02/08/2017 20:10,COMPLETE,06/08/2017 03:51,14/08/2017 01:40,10/08/2017
ZA-00004990,ZAC0011829,02/08/2017 16:34,COMPLETE,04/08/2017 23:36,05/08/2017 16:01,08/08/2017
ZA-00004991,ZAC0013368,02/08/2017 20:02,COMPLETE,04/08/2017 15:47,10/08/2017 12:43,11/08/2017
ZA-00004992,ZAC0009252,02/08/2017 15:32,COMPLETE,05/08/2017 20:05,07/08/2017 11:01,12/08/2017
ZA-00004993,ZAC0023676,02/08/2017 10:35,COMPLETE,02/08/2017 21:24,07/08/2017 07:12,05/08/2017
ZA-00004994,ZAC0001242,02/08/2017 15:32,COMPLETE,03/08/2017 18:16,11/08/2017 02:59,08/08/2017
ZA-00004995,ZAC0018064,02/08/2017 15:56,COMPLETE,03/08/2017 08:09,07/08/2017 10:37,13/08/2017
ZA-00004996,ZAC0003514,02/08/2017 21:05,COMPLETE,03/08/2017 07:09,07/08/2017 23:46,10/08/2017
ZA-00004997,ZAC0019451,02/08/2017 19:05,RETURNED,07/08/2017 11:50,08/08/2017 18:28,11/08/2017
ZA-00004998,ZAC0021777,02/08/2017 07:42,COMPLETE,04/08/2017 07:23,09/08/2017 08:36,14/08/2017
ZA-00004999,ZAC0023211,02/08/2017 10:19,COMPLETE,03/08/2017 09:39,07/08/2017 02:53,07/08/2017
ZA-00005000,ZAC0018256,02/08/2017 20:48,COMPLETE,03/08/2017 16:12,04/08/2017 15:47,06/08/2017
ZA-00005001,ZAC0004455,02/08/2017 18:53,COMPLETE,03/08/2017 06:10,06/08/2017 03:09,08/08/2017
ZA-00005002,ZAC0005034,02/08/2017 18:29,DISPATCHED,03/08/2017 15:17,,06/08/2017
ZA-00005003,ZAC0012502,02/08/2017 11:04,COMPLETE,02/08/2017 14:20,05/08/2017 10:54,05/08/2017
ZA-00005004,ZAC0009186,02/08/2017 15:04,COMPLETE,04/08/2017 16:48,13/08/2017 15:58,07/08/2017
ZA-00005005,ZAC0017462,02/08/2017 09:27,COMPLETE,05/08/2017 23:11,11/08/2017 21:05,12/08/2017
ZA-00005006,ZAC0014366,02/08/2017 20:22,COMPLETE,04/08/2017 15:49,06/08/2017 20:11,08/08/2017
ZA-00005007,ZAC0007062,02/08/2017 13:36,COMPLETE,04/08/2017 19:44,10/08/2017 05:23,11/08/2017
ZA-00005008,ZAC0022028,02/08/2017 13:47,COMPLETE,04/08/2017 16:37,12/08/2017 03:15,11/08/2017
ZA-00005009,ZAC0015737,02/08/2017 22:19,RETURNED,04/08/2017 03:56,07/08/2017 01:38,11/08/2017
ZA-00005010,ZAC0022262,02/08/2017 09:08,COMPLETE,05/08/2017 08:11,06/08/2017 10:07,15/08/2017
ZA-00005011,ZAC0021304,02/08/2017 07:50,COMPLETE,04/08/2017 12:13,05/08/2017 18:56,11/08/2017
ZA-00005012,ZAC0002789,02/08/2017 22:32,COMPLETE,05/08/2017 09:05,11/08/2017 23:57,09/08/2017
ZA-00005013,ZAC0022884,02/08/2017 06:56,COMPLETE,05/08/2017 12:19,09/08/2017 16:54,08/08/2017
ZA-00005014,ZAC0023878,02/08/2017 18:21,COMPLETE,04/08/2017 01:30,04/08/2017 04:13,09/08/2017
ZA-00005015,ZAC0010118,02/08/2017 21:29,PENDING,,,
ZA-00005016,ZAC0021773,02/08/2017 17:06,COMPLETE,03/08/2017 22:02,06/08/2017 10:31,07/08/2017
ZA-00005017,ZAC0005470,02/08/2017 20:09,COMPLETE,04/08/2017 06:58,05/08/2017 23:02,11/08/2017
ZA-00005018,ZAC0004846,02/08/2017 17:05,COMPLETE,05/08/2017 15:26,13/08/2017 13:46,08/08/2017
ZA-00005019,ZAC0015212,02/08/2017 17:53,COMPLETE,04/08/2017 01:41,05/08/2017 23:21,14/08/2017
ZA-00005020,ZAC0020029,02/08/2017 17:58,COMPLETE,03/08/2017 07:32,06/08/2017 07:31,10/08/2017
ZA-00005021,ZAC0008903,02/08/2017 18:49,COMPLETE,03/08/2017 09:26,07/08/2017 01:43,10/08/2017
ZA-00005022,ZAC0006232,02/08/2017 08:18,COMPLETE,07/08/2017 17:05,15/08/2017 15:26,11/08/2017
ZA-00005023,ZAC0015821,02/08/2017 14:02,COMPLETE,03/08/2017 15:10,06/08/2017 03:13,07/08/2017
ZA-00005024,ZAC0015188,02/08/2017 20:31,COMPLETE,03/08/2017 15:05,07/08/2017 16:17,06/08/2017
ZA-00005025,ZAC0009829,02/08/2017 17:55,COMPLETE,05/08/2017 00:08,09/08/2017 09:36,10/08/2017
ZA-00005026,ZAC0007390,02/08/2017 17:56,COMPLETE,09/08/2017 23:46,18/08/2017 15:12,16/08/2017
ZA-00005027,ZAC0008701,03/08/2017 09:07,COMPLETE,04/08/2017 07:43,07/08/2017 02:18,08/08/2017
ZA-00005028,ZAC0013431,03/08/2017 14:21,COMPLETE,06/08/2017 05:37,10/08/2017 12:15,09/08/2017
ZA-00005029,ZAC0004391,03/08/2017 15:00,COMPLETE,04/08/2017 05:48,10/08/2017 06:27,08/08/2017
ZA-00005030,ZAC0022468,03/08/2017 06:00,COMPLETE,04/08/2017 07:26,07/08/2017 17:02,08/08/2017
ZA-00005031,ZAC0016094,03/08/2017 16:04,COMPLETE,04/08/2017 19:12,08/08/2017 23:31,14/08/2017
ZA-00005032,ZAC0002356,03/08/2017 09:41,CANCELLED,,,
ZA-00005033,ZAC0011105,03/08/2017 12:04,COMPLETE,05/08/2017 12:30,14/08/2017 09:55,08/08/2017
ZA-00005034,ZAC0009701,03/08/2017 19:15,COMPLETE,07/08/2017 22:08,10/08/2017 12:26,11/08/2017
ZA-00005035,ZAC0016601,03/08/2017 20:02,COMPLETE,04/08/2017 19:47,08/08/2017 22:18,07/08/2017
ZA-00005036,ZAC0019232,03/08/2017 16:03,COMPLETE,04/08/2017 15:44,12/08/2017 23:43,08/08/2017
ZA-00005037,ZAC0023248,03/08/2017 16:48,COMPLETE,04/08/2017 10:12,12/08/2017 19:17,08/08/2017
ZA-00005038,ZAC0016615,03/08/2017 22:02,COMPLETE,04/08/2017 16:49,09/08/2017 15:25,09/08/2017
ZA-00005039,ZAC0005216,03/08/2017 06:50,COMPLETE,04/08/2017 00:28,08/08/2017 19:50,09/08/2017
ZA-00005040,ZAC0018047,03/08/2017 13:16,COMPLETE,05/08/2017 12:57,08/08/2017 10:58,12/08/2017
ZA-00005041,ZAC0003498,03/08/2017 07:11,COMPLETE,04/08/2017 18:58,08/08/2017 06:39,07/08/2017
ZA-00005042,ZAC0010389,03/08/2017 21:07,COMPLETE,06/08/2017 08:35,10/08/2017 02:01,13/08/2017
ZA-00005043,ZAC0007335,03/08/2017 22:55,COMPLETE,05/08/2017 01:15,07/08/2017 06:39,15/08/2017
ZA-00005044,ZAC0011047,03/08/2017 22:49,COMPLETE,04/08/2017 06:59,06/08/2017 11:04,07/08/2017
ZA-00005045,ZAC0017931,03/08/2017 08:52,COMPLETE,04/08/2017 23:59,06/08/2017 17:56,08/08/2017
ZA-00005046,ZAC0014059,03/08/2017 15:32,COMPLETE,05/08/2017 15:06,10/08/2017 16:57,09/08/2017
ZA-00005047,ZAC0017326,03/08/2017 18:11,COMPLETE,05/08/2017 06:56,13/08/2017 02:15,10/08/2017
ZA-00005048,ZAC0008190,03/08/2017 20:44,COMPLETE,07/08/2017 03:57,08/08/2017 19:40,11/08/2017
ZA-00005049,ZAC0001127,03/08/2017 06:19,COMPLETE,03/08/2017 12:48,09/08/2017 14:53,06/08/2017
ZA-00005050,ZAC0016744,03/08/2017 20:34,COMPLETE,06/08/2017 19:05,09/08/2017 14:28,11/08/2017
ZA-00005051,ZAC0023573,03/08/2017 08:57,COMPLETE,04/08/2017 02:12,06/08/2017 14:44,08/08/2017
ZA-00005052,ZAC0008910,03/08/2017 20:53,COMPLETE,03/08/2017 23:36,05/08/2017 02:14,07/08/2017
ZA-00005053,ZAC0007351,03/08/2017 15:45,COMPLETE,05/08/2017 09:23,07/08/2017 15:10,08/08/2017
ZA-00005054,ZAC0019053,03/08/2017 10:32,COMPLETE,05/08/2017 04:00,09/08/2017 15:27,12/08/2017
ZA-00005055,ZAC0018300,03/08/2017 22:54,COMPLETE,06/08/2017 19:20,11/08/2017 19:28,13/08/2017
ZA-00005056,ZAC0013467,03/08/2017 22:47,COMPLETE,06/08/2017 12:15,16/08/2017 09:56,10/08/2017
ZA-00005057,ZAC0014291,03/08/2017 18:30,COMPLETE,06/08/2017 00:13,07/08/2017 03:35,11/08/2017
ZA-00005058,ZAC0002319,03/08/2017 15:54,COMPLETE,04/08/2017 20:16,10/08/2017 15:18,11/08/2017
ZA-00005059,ZAC0008539,03/08/2017 17:39,CANCELLED,,,
ZA-00005060,ZAC0007590,03/08/2017 08:50,COMPLETE,06/08/2017 16:47,13/08/2017 02:33,10/08/2017
ZA-00005061,ZAC0005342,03/08/2017 17:53,COMPLETE,06/08/2017 06:29,14/08/2017 14:50,16/08/2017
ZA-00005062,ZAC0001535,03/08/2017 09:24,COMPLETE,04/08/2017 05:56,08/08/2017 14:40,09/08/2017
ZA-00005063,ZAC0015294,03/08/2017 20:37,COMPLETE,05/08/2017 14:32,05/08/2017 20:37,09/08/2017
ZA-00005064,ZAC0017260,03/08/2017 17:55,DISPATCHED,04/08/2017 06:08,,07/08/2017
ZA-00005065,ZAC0005199,03/08/2017 11:22,COMPLETE,04/08/2017 20:33,10/08/2017 04:36,09/08/2017
ZA-00005066,ZAC0015713,03/08/2017 09:14,COMPLETE,05/08/2017 03:08,11/08/2017 09:25,09/08/2017
ZA-00005067,ZAC0001481,03/08/2017 15:10,COMPLETE,07/08/2017 06:42,09/08/2017 08:48,12/08/2017
ZA-00005068,ZAC0010695,03/08/2017 09:28,COMPLETE,03/08/2017 21:36,07/08/2017 20:42,07/08/2017
ZA-00005069,ZAC0005645,03/08/2017 12:13,COMPLETE,04/08/2017 21:29,07/08/2017 03:37,09/08/2017
ZA-00005070,ZAC0022512,03/08/2017 10:17,COMPLETE,07/08/2017 08:34,13/08/2017 08:40,11/08/2017
ZA-00005071,ZAC0011971,04/08/2017 13:25,COMPLETE,06/08/2017 02:11,08/08/2017 17:05,11/08/2017
ZA-00005072,ZAC0023273,04/08/2017 11:43,COMPLETE,08/08/2017 04:41,12/08/2017 05:00,18/08/2017
ZA-00005073,ZAC0001658,04/08/2017 12:01,PENDING,,,
ZA-00005074,ZAC0021384,04/08/2017 11:22,COMPLETE,05/08/2017 10:42,06/08/2017 19:07,09/08/2017
ZA-00005075,ZAC0006139,04/08/2017 13:53,COMPLETE,06/08/2017 11:39,08/08/2017 01:05,11/08/2017
ZA-00005076,ZAC0010384,04/08/2017 10:02,COMPLETE,07/08/2017 12:00,15/08/2017 00:33,12/08/2017
ZA-00005077,ZAC0001144,04/08/2017 06:40,COMPLETE,06/08/2017 12:05,06/08/2017 21:06,10/08/2017
ZA-00005078,ZAC0002477,04/08/2017 21:16,COMPLETE,05/08/2017 19:36,12/08/2017 19:23,12/08/2017
ZA-00005079,ZAC0010047,04/08/2017 08:01,COMPLETE,05/08/2017 18:26,10/08/2017 02:52,08/08/2017
ZA-00005080,ZAC0006606,04/08/2017 14:18,CANCELLED,,,
ZA-00005081,ZAC0021157,04/08/2017 17:39,COMPLETE,06/08/2017 06:33,12/08/2017 00:49,09/08/2017
ZA-00005082,ZAC0005241,04/08/2017 13:17,COMPLETE,09/08/2017 11:10,13/08/2017 22:47,19/08/2017
ZA-00005083,ZAC0020690,04/08/2017 07:06,COMPLETE,04/08/2017 14:27,08/08/2017 16:54,09/08/2017
ZA-00005084,ZAC0008500,04/08/2017 07:57,CANCELLED,,,
ZA-00005085,ZAC0008912,04/08/2017 13:35,COMPLETE,05/08/2017 18:20,15/08/2017 16:44,10/08/2017
ZA-00005086,ZAC0021295,04/08/2017 09:34,COMPLETE,04/08/2017 12:31,05/08/2017 17:55,09/08/2017
ZA-00005087,ZAC0016100,04/08/2017 15:58,COMPLETE,07/08/2017 04:32,18/08/2017 14:30,11/08/2017
ZA-00005088,ZAC0019688,04/08/2017 15:10,COMPLETE,06/08/2017 11:47,11/08/2017 10:57,09/08/2017
ZA-00005089,ZAC0001467,04/08/2017 19:59,COMPLETE,07/08/2017 20:26,08/08/2017 05:13,12/08/2017
ZA-00005090,ZAC0018258,04/08/2017 21:34,COMPLETE,08/08/2017 09:48,12/08/2017 04:06,15/08/2017
ZA-00005091,ZAC0004069,04/08/2017 17:27,COMPLETE,06/08/2017 00:15,11/08/2017 05:28,09/08/2017
ZA-00005092,ZAC0023367,04/08/2017 21:12,COMPLETE,07/08/2017 03:23,16/08/2017 13:23,11/08/2017
ZA-00005093,ZAC0005735,04/08/2017 20:35,COMPLETE,06/08/2017 09:43,21/08/2017 05:12,09/08/2017
ZA-00005094,ZAC0023606,04/08/2017 21:01,COMPLETE,07/08/2017 19:26,10/08/2017 12:44,10/08/2017
ZA-00005095,ZAC0008214,04/08/2017 13:37,COMPLETE,06/08/2017 10:29,12/08/2017 02:19,10/08/2017
ZA-00005096,ZAC0002163,04/08/2017 21:21,COMPLETE,05/08/2017 11:40,10/08/2017 03:30,08/08/2017
ZA-00005097,ZAC0016066,04/08/2017 16:51,COMPLETE,05/08/2017 21:56,11/08/2017 19:18,09/08/2017
ZA-00005098,ZAC0004026,04/08/2017 16:52,COMPLETE,08/08/2017 08:04,10/08/2017 13:20,12/08/2017
ZA-00005099,ZAC0003117,04/08/2017 11:30,COMPLETE,07/08/2017 20:28,11/08/2017 16:24,14/08/2017
ZA-00005100,ZAC0015419,04/08/2017 16:55,COMPLETE,05/08/2017 13:02,06/08/2017 04:18,10/08/2017
ZA-00005101,ZAC0011910,04/08/2017 11:24,COMPLETE,06/08/2017 11:36,08/08/2017 23:33,11/08/2017
ZA-00005102,ZAC0005516,04/08/2017 09:18,COMPLETE,05/08/2017 11:03,07/08/2017 08:44,09/08/2017
ZA-00005103,ZAC0012540,04/08/2017 22:17,COMPLETE,05/08/2017 18:10,08/08/2017 04:38,09/08/2017
ZA-00005104,ZAC0009674,04/08/2017 17:02,COMPLETE,05/08/2017 02:04,08/08/2017 18:19,12/08/2017
ZA-00005105,ZAC0023396,04/08/2017 09:30,COMPLETE,14/08/2017 01:50,16/08/2017 23:50,19/08/2017
ZA-00005106,ZAC0019485,04/08/2017 10:52,COMPLETE,06/08/2017 01:36,10/08/2017 08:17,10/08/2017
ZA-00005107,ZAC0017542,04/08/2017 08:06,RETURNED,09/08/2017 17:51,13/08/2017 23:13,16/08/2017
ZA-00005108,ZAC0013608,04/08/2017 19:08,COMPLETE,06/08/2017 06:58,19/08/2017 19:57,13/08/2017
ZA-00005109,ZAC0003714,04/08/2017 22:00,COMPLETE,07/08/2017 01:56,11/08/2017 19:51,14/08/2017
ZA-00005110,ZAC0002422,04/08/2017 09:46,COMPLETE,08/08/2017 17:22,10/08/2017 21:33,13/08/2017
ZA-00005111,ZAC0002432,04/08/2017 20:35,COMPLETE,06/08/2017 03:49,09/08/2017 03:51,09/08/2017
ZA-00005112,ZAC0022960,05/08/2017 17:41,COMPLETE,07/08/2017 23:00,11/08/2017 18:15,14/08/2017
ZA-00005113,ZAC0009367,05/08/2017 20:56,COMPLETE,08/08/2017 03:20,09/08/2017 22:59,13/08/2017
ZA-00005114,ZAC0009202,05/08/2017 10:07,COMPLETE,06/08/2017 17:02,10/08/2017 16:50,11/08/2017
ZA-00005115,ZAC0014356,05/08/2017 10:52,COMPLETE,06/08/2017 07:03,15/08/2017 01:09,11/08/2017
ZA-00005116,ZAC0022448,05/08/2017 15:38,COMPLETE,07/08/2017 02:38,17/08/2017 01:17,11/08/2017
ZA-00005117,ZAC0004192,05/08/2017 16:32,CANCELLED,,,
ZA-00005118,ZAC0001490,05/08/2017 11:28,COMPLETE,07/08/2017 07:35,09/08/2017 14:07,10/08/2017
ZA-00005119,ZAC0023749,05/08/2017 21:09,COMPLETE,08/08/2017 15:52,12/08/2017 08:19,18/08/2017
ZA-00005120,ZAC0015532,05/08/2017 20:19,COMPLETE,06/08/2017 06:09,12/08/2017 11:17,10/08/2017
ZA-00005121,ZAC0009475,05/08/2017 19:04,COMPLETE,07/08/2017 20:06,08/08/2017 11:27,12/08/2017
ZA-00005122,ZAC0021381,05/08/2017 16:11,COMPLETE,06/08/2017 17:06,12/08/2017 00:13,10/08/2017
ZA-00005123,ZAC0000111,05/08/2017 19:49,COMPLETE,06/08/2017 23:34,12/08/2017 06:42,09/08/2017
ZA-00005124,ZAC0021283,05/08/2017 19:59,COMPLETE,10/08/2017 09:08,22/08/2017 21:06,13/08/2017
ZA-00005125,ZAC0020880,05/08/2017 11:59,COMPLETE,06/08/2017 18:21,08/08/2017 06:31,10/08/2017
ZA-00005126,ZAC0011925,05/08/2017 10:50,COMPLETE,08/08/2017 16:38,09/08/2017 00:35,12/08/2017
ZA-00005127,ZAC0009074,05/08/2017 08:07,COMPLETE,07/08/2017 14:47,09/08/2017 03:10,10/08/2017
ZA-00005128,ZAC0006679,05/08/2017 11:15,COMPLETE,10/08/2017 05:32,14/08/2017 03:24,15/08/2017
ZA-00005129,ZAC0000657,05/08/2017 22:58,COMPLETE,08/08/2017 15:20,16/08/2017 10:53,15/08/2017
ZA-00005130,ZAC0001738,05/08/2017 15:42,COMPLETE,07/08/2017 17:16,09/08/2017 09:19,12/08/2017
ZA-00005131,ZAC0000043,05/08/2017 16:01,COMPLETE,08/08/2017 06:16,10/08/2017 04:08,11/08/2017
ZA-00005132,ZAC0010283,05/08/2017 09:10,RETURNED,11/08/2017 15:59,14/08/2017 03:00,16/08/2017
ZA-00005133,ZAC0023044,05/08/2017 17:03,COMPLETE,12/08/2017 17:47,18/08/2017 06:48,16/08/2017
ZA-00005134,ZAC0016065,05/08/2017 08:28,COMPLETE,08/08/2017 23:40,11/08/2017 22:28,11/08/2017
ZA-00005135,ZAC0011792,05/08/2017 12:30,COMPLETE,07/08/2017 00:39,16/08/2017 23:26,10/08/2017
ZA-00005136,ZAC0003598,05/08/2017 11:04,COMPLETE,05/08/2017 20:36,07/08/2017 16:00,15/08/2017
ZA-00005137,ZAC0007097,05/08/2017 17:37,COMPLETE,07/08/2017 22:04,10/08/2017 19:24,12/08/2017
ZA-00005138,ZAC0015497,05/08/2017 13:41,COMPLETE,08/08/2017 01:58,09/08/2017 21:03,12/08/2017
ZA-00005139,ZAC0023030,05/08/2017 06:30,COMPLETE,09/08/2017 13:41,16/08/2017 09:25,14/08/2017
ZA-00005140,ZAC0006776,05/08/2017 12:51,COMPLETE,06/08/2017 11:32,08/08/2017 21:27,13/08/2017
ZA-00005141,ZAC0001004,05/08/2017 12:15,COMPLETE,06/08/2017 13:12,12/08/2017 15:48,11/08/2017
ZA-00005142,ZAC0017701,05/08/2017 11:07,COMPLETE,07/08/2017 23:04,12/08/2017 14:45,14/08/2017
ZA-00005143,ZAC0011853,05/08/2017 08:02,COMPLETE,06/08/2017 15:00,10/08/2017 07:41,10/08/2017
ZA-00005144,ZAC0006002,05/08/2017 07:46,COMPLETE,09/08/2017 13:56,13/08/2017 12:54,16/08/2017
ZA-00005145,ZAC0009832,05/08/2017 13:44,COMPLETE,07/08/2017 10:08,14/08/2017 13:40,11/08/2017
ZA-00005146,ZAC0020382,05/08/2017 18:56,COMPLETE,10/08/2017 21:03,13/08/2017 22:57,14/08/2017
ZA-00005147,ZAC0006731,05/08/2017 10:24,COMPLETE,06/08/2017 16:24,11/08/2017 23:19,10/08/2017
ZA-00005148,ZAC0022691,05/08/2017 16:52,COMPLETE,07/08/2017 00:00,09/08/2017 07:37,11/08/2017
ZA-00005149,ZAC0023639,05/08/2017 09:43,COMPLETE,05/08/2017 13:23,09/08/2017 11:33,10/08/2017
ZA-00005150,ZAC0008788,05/08/2017 08:27,COMPLETE,07/08/2017 13:23,13/08/2017 16:25,11/08/2017
ZA-00005151,ZAC0014710,05/08/2017 15:00,COMPLETE,06/08/2017 14:01,08/08/2017 17:57,11/08/2017
ZA-00005152,ZAC0023117,05/08/2017 22:59,COMPLETE,08/08/2017 20:41,10/08/2017 12:22,12/08/2017
ZA-00005153,ZAC0022243,05/08/2017 12:18,CANCELLED,,,
ZA-00005154,ZAC0016707,06/08/2017 15:53,COMPLETE,09/08/2017 01:10,10/08/2017 17:25,12/08/2017
ZA-00005155,ZAC0012217,06/08/2017 08:15,COMPLETE,06/08/2017 12:51,13/08/2017 04:30,09/08/2017
ZA-00005156,ZAC0021277,06/08/2017 09:22,COMPLETE,12/08/2017 00:51,13/08/2017 00:01,17/08/2017
ZA-00005157,ZAC0002599,06/08/2017 17:06,COMPLETE,07/08/2017 13:44,10/08/2017 17:14,14/08/2017
ZA-00005158,ZAC0006631,06/08/2017 19:12,COMPLETE,14/08/2017 01:48,16/08/2017 16:19,19/08/2017
ZA-00005159,ZAC0023807,06/08/2017 13:07,COMPLETE,07/08/2017 19:05,10/08/2017 23:09,17/08/2017
ZA-00005160,ZAC0012622,06/08/2017 16:46,COMPLETE,09/08/2017 05:15,10/08/2017 15:28,12/08/2017
ZA-00005161,ZAC0016557,06/08/2017 20:18,COMPLETE,09/08/2017 01:11,20/08/2017 18:46,19/08/2017
ZA-00005162,ZAC0003487,06/08/2017 22:15,COMPLETE,08/08/2017 12:53,17/08/2017 04:43,13/08/2017
ZA-00005163,ZAC0006010,06/08/2017 17:14,COMPLETE,10/08/2017 07:00,13/08/2017 14:54,17/08/2017
ZA-00005164,ZAC0019754,06/08/2017 12:32,COMPLETE,10/08/2017 15:58,11/08/2017 12:42,17/08/2017
ZA-00005165,ZAC0003009,06/08/2017 08:50,COMPLETE,07/08/2017 02:08,14/08/2017 06:11,11/08/2017
ZA-00005166,ZAC0019768,06/08/2017 07:03,COMPLETE,07/08/2017 13:19,09/08/2017 05:33,14/08/2017
ZA-00005167,ZAC0016669,06/08/2017 22:07,COMPLETE,08/08/2017 06:47,08/08/2017 20:44,11/08/2017
ZA-00005168,ZAC0001130,06/08/2017 20:49,COMPLETE,07/08/2017 05:07,11/08/2017 07:17,10/08/2017
ZA-00005169,ZAC0007221,06/08/2017 16:53,COMPLETE,08/08/2017 13:56,13/08/2017 15:15,12/08/2017
ZA-00005170,ZAC0003903,06/08/2017 14:37,COMPLETE,09/08/2017 07:34,18/08/2017 21:49,14/08/2017
ZA-00005171,ZAC0009212,06/08/2017 22:28,COMPLETE,08/08/2017 17:57,13/08/2017 23:15,12/08/2017
ZA-00005172,ZAC0019186,06/08/2017 18:52,COMPLETE,09/08/2017 18:44,12/08/2017 16:34,12/08/2017
ZA-00005173,ZAC0003137,06/08/2017 06:54,COMPLETE,07/08/2017 23:48,11/08/2017 08:57,12/08/2017
ZA-00005174,ZAC0006164,06/08/2017 21:12,COMPLETE,09/08/2017 14:52,13/08/2017 23:47,16/08/2017
ZA-00005175,ZAC0001037,06/08/2017 19:02,COMPLETE,08/08/2017 12:47,12/08/2017 13:22,15/08/2017
ZA-00005176,ZAC0011456,06/08/2017 22:13,COMPLETE,09/08/2017 04:07,11/08/2017 23:37,14/08/2017
ZA-00005177,ZAC0007326,06/08/2017 08:22,COMPLETE,07/08/2017 16:14,14/08/2017 05:29,10/08/2017
ZA-00005178,ZAC0011504,06/08/2017 17:31,COMPLETE,08/08/2017 21:59,09/08/2017 03:58,11/08/2017
ZA-00005179,ZAC0004066,06/08/2017 22:03,COMPLETE,09/08/2017 04:17,11/08/2017 08:15,16/08/2017
ZA-00005180,ZAC0000976,06/08/2017 09:30,COMPLETE,10/08/2017 03:14,17/08/2017 05:47,15/08/2017
ZA-00005181,ZAC0017661,06/08/2017 14:37,COMPLETE,07/08/2017 13:25,08/08/2017 22:30,11/08/2017
ZA-00005182,ZAC0013488,06/08/2017 18:52,COMPLETE,10/08/2017 04:25,17/08/2017 06:00,15/08/2017
ZA-00005183,ZAC0016005,06/08/2017 17:43,COMPLETE,08/08/2017 10:07,13/08/2017 13:54,13/08/2017
ZA-00005184,ZAC0013398,06/08/2017 11:25,COMPLETE,08/08/2017 01:45,09/08/2017 09:01,13/08/2017
ZA-00005185,ZAC0011808,06/08/2017 06:06,COMPLETE,07/08/2017 02:25,09/08/2017 22:18,14/08/2017
ZA-00005186,ZAC0011478,06/08/2017 16:35,RETURNED,08/08/2017 08:25,10/08/2017 06:33,15/08/2017
ZA-00005187,ZAC0003739,06/08/2017 14:31,COMPLETE,08/08/2017 03:30,12/08/2017 00:28,18/08/2017
ZA-00005188,ZAC0019276,06/08/2017 16:08,COMPLETE,07/08/2017 20:56,08/08/2017 09:56,14/08/2017
ZA-00005189,ZAC0016710,06/08/2017 15:50,COMPLETE,09/08/2017 09:14,15/08/2017 10:19,12/08/2017
ZA-00005190,ZAC0012234,06/08/2017 20:38,COMPLETE,09/08/2017 09:24,13/08/2017 17:36,13/08/2017
ZA-00005191,ZAC0015332,06/08/2017 11:36,COMPLETE,09/08/2017 15:24,10/08/2017 16:11,16/08/2017
ZA-00005192,ZAC0010746,06/08/2017 22:46,COMPLETE,10/08/2017 07:23,16/08/2017 11:36,14/08/2017
ZA-00005193,ZAC0011457,06/08/2017 12:01,COMPLETE,08/08/2017 17:36,09/08/2017 18:39,11/08/2017
ZA-00005194,ZAC0010408,06/08/2017 11:41,COMPLETE,06/08/2017 13:05,07/08/2017 14:47,09/08/2017
ZA-00005195,ZAC0018395,06/08/2017 08:10,COMPLETE,07/08/2017 14:40,11/08/2017 07:38,11/08/2017
ZA-00005196,ZAC0019593,06/08/2017 22:04,COMPLETE,11/08/2017 10:04,12/08/2017 23:07,18/08/2017
ZA-00005197,ZAC0013010,07/08/2017 17:48,COMPLETE,08/08/2017 04:24,11/08/2017 08:37,12/08/2017
ZA-00005198,ZAC0005304,07/08/2017 09:27,COMPLETE,08/08/2017 15:45,14/08/2017 08:20,12/08/2017
ZA-00005199,ZAC0009397,07/08/2017 10:26,COMPLETE,08/08/2017 05:24,09/08/2017 10:58,18/08/2017
ZA-00005200,ZAC0007477,07/08/2017 13:27,COMPLETE,08/08/2017 15:50,20/08/2017 08:03,13/08/2017
ZA-00005201,ZAC0008563,07/08/2017 12:36,COMPLETE,10/08/2017 02:30,11/08/2017 18:58,17/08/2017
ZA-00005202,ZAC0018901,07/08/2017 13:14,COMPLETE,08/08/2017 16:56,13/08/2017 18:23,11/08/2017
ZA-00005203,ZAC0017334,07/08/2017 12:06,COMPLETE,08/08/2017 21:46,11/08/2017 20:02,18/08/2017
ZA-00005204,ZAC0011314,07/08/2017 16:53,COMPLETE,14/08/2017 06:30,16/08/2017 08:54,17/08/2017
ZA-00005205,ZAC0015473,07/08/2017 19:18,COMPLETE,09/08/2017 12:08,14/08/2017 10:38,13/08/2017
ZA-00005206,ZAC0014585,07/08/2017 15:46,COMPLETE,08/08/2017 03:29,15/08/2017 23:03,12/08/2017
ZA-00005207,ZAC0016418,07/08/2017 16:11,COMPLETE,09/08/2017 04:23,13/08/2017 20:20,14/08/2017
ZA-00005208,ZAC0003978,07/08/2017 20:48,COMPLETE,08/08/2017 12:05,12/08/2017 20:31,15/08/2017
ZA-00005209,ZAC0019524,07/08/2017 19:47,COMPLETE,10/08/2017 10:16,12/08/2017 02:24,13/08/2017
ZA-00005210,ZAC0001091,07/08/2017 12:18,COMPLETE,09/08/2017 03:51,13/08/2017 08:10,16/08/2017
ZA-00005211,ZAC0013508,07/08/2017 08:00,COMPLETE,10/08/2017 22:07,17/08/2017 13:28,15/08/2017
ZA-00005212,ZAC0020842,07/08/2017 15:53,CANCELLED,,,
ZA-00005213,ZAC0021841,07/08/2017 21:40,COMPLETE,08/08/2017 13:08,16/08/2017 09:30,18/08/2017
ZA-00005214,ZAC0022292,07/08/2017 17:54,COMPLETE,10/08/2017 04:06,12/08/2017 14:41,17/08/2017
ZA-00005215,ZAC0016908,07/08/2017 21:03,COMPLETE,11/08/2017 02:38,19/08/2017 12:37,15/08/2017
ZA-00005216,ZAC0019658,07/08/2017 15:38,COMPLETE,09/08/2017 12:24,16/08/2017 06:11,13/08/2017
ZA-00005217,ZAC0019849,07/08/2017 21:55,COMPLETE,09/08/2017 19:40,14/08/2017 13:40,19/08/2017
ZA-00005218,ZAC0021522,07/08/2017 16:10,COMPLETE,08/08/2017 14:35,12/08/2017 00:19,15/08/2017
ZA-00005219,ZAC0014990,07/08/2017 09:13,COMPLETE,08/08/2017 11:39,10/08/2017 08:23,12/08/2017
ZA-00005220,ZAC0001996,07/08/2017 16:25,COMPLETE,08/08/2017 09:34,10/08/2017 21:40,11/08/2017
ZA-00005221,ZAC0000247,07/08/2017 19:04,COMPLETE,10/08/2017 10:11,15/08/2017 18:47,13/08/2017
ZA-00005222,ZAC0015294,07/08/2017 14:13,CANCELLED,,,
ZA-00005223,ZAC0019790,07/08/2017 09:39,RETURNED,07/08/2017 13:55,10/08/2017 00:24,10/08/2017
ZA-00005224,ZAC0001174,07/08/2017 20:04,COMPLETE,12/08/2017 00:18,17/08/2017 22:00,19/08/2017
ZA-00005225,ZAC0004922,07/08/2017 19:15,COMPLETE,08/08/2017 20:51,12/08/2017 20:23,15/08/2017
ZA-00005226,ZAC0016506,07/08/2017 09:32,COMPLETE,08/08/2017 02:46,13/08/2017 15:33,15/08/2017
ZA-00005227,ZAC0013310,07/08/2017 14:19,COMPLETE,11/08/2017 01:55,12/08/2017 22:57,18/08/2017
ZA-00005228,ZAC0000271,07/08/2017 19:54,COMPLETE,10/08/2017 21:23,21/08/2017 00:06,20/08/2017
ZA-00005229,ZAC0018422,07/08/2017 12:29,COMPLETE,10/08/2017 01:59,12/08/2017 11:19,15/08/2017
ZA-00005230,ZAC0015390,07/08/2017 15:25,COMPLETE,10/08/2017 16:02,22/08/2017 22:46,17/08/2017
ZA-00005231,ZAC0023267,07/08/2017 13:23,COMPLETE,08/08/2017 04:10,12/08/2017 07:10,15/08/2017
ZA-00005232,ZAC0000172,07/08/2017 18:05,COMPLETE,08/08/2017 07:15,13/08/2017 08:34,12/08/2017
ZA-00005233,ZAC0000922,07/08/2017 14:27,DISPATCHED,09/08/2017 08:05,,13/08/2017
ZA-00005234,ZAC0018109,07/08/2017 09:21,COMPLETE,10/08/2017 13:11,16/08/2017 02:29,14/08/2017
ZA-00005235,ZAC0013077,07/08/2017 06:31,COMPLETE,09/08/2017 07:23,12/08/2017 14:28,14/08/2017
ZA-00005236,ZAC0016477,07/08/2017 22:31,COMPLETE,11/08/2017 14:15,14/08/2017 20:13,16/08/2017
ZA-00005237,ZAC0000870,08/08/2017 09:06,COMPLETE,09/08/2017 19:15,14/08/2017 00:40,19/08/2017
ZA-00005238,ZAC0007240,08/08/2017 20:09,COMPLETE,09/08/2017 20:10,13/08/2017 00:20,13/08/2017
ZA-00005239,ZAC0006197,08/08/2017 20:39,COMPLETE,10/08/2017 17:39,19/08/2017 20:03,14/08/2017
ZA-00005240,ZAC0001495,08/08/2017 18:43,COMPLETE,11/08/2017 00:18,13/08/2017 20:31,16/08/2017
ZA-00005241,ZAC0012477,08/08/2017 13:36,COMPLETE,09/08/2017 17:33,13/08/2017 10:32,16/08/2017
ZA-00005242,ZAC0023151,08/08/2017 12:52,COMPLETE,10/08/2017 17:37,16/08/2017 18:18,13/08/2017
ZA-00005243,ZAC0014760,08/08/2017 17:39,COMPLETE,10/08/2017 10:54,25/08/2017 01:47,15/08/2017
ZA-00005244,ZAC0002005,08/08/2017 06:45,COMPLETE,11/08/2017 17:18,13/08/2017 00:11,15/08/2017
ZA-00005245,ZAC0021811,08/08/2017 10:53,COMPLETE,09/08/2017 02:36,13/08/2017 13:20,12/08/2017
ZA-00005246,ZAC0000805,08/08/2017 12:59,COMPLETE,08/08/2017 20:49,15/08/2017 17:08,12/08/2017
ZA-00005247,ZAC0017256,08/08/2017 19:38,COMPLETE,09/08/2017 20:53,17/08/2017 12:01,13/08/2017
ZA-00005248,ZAC0007676,08/08/2017 09:51,COMPLETE,14/08/2017 01:58,18/08/2017 18:18,19/08/2017
ZA-00005249,ZAC0013916,08/08/2017 16:34,COMPLETE,12/08/2017 03:14,16/08/2017 03:43,19/08/2017
ZA-00005250,ZAC0010467,08/08/2017 14:21,COMPLETE,09/08/2017 22:53,11/08/2017 23:38,13/08/2017
ZA-00005251,ZAC0006246,08/08/2017 18:20,COMPLETE,11/08/2017 12:34,21/08/2017 01:44,16/08/2017
ZA-00005252,ZAC0021054,08/08/2017 07:04,COMPLETE,10/08/2017 08:28,14/08/2017 14:27,17/08/2017
ZA-00005253,ZAC0020091,08/08/2017 15:04,COMPLETE,10/08/2017 10:23,11/08/2017 16:35,14/08/2017
ZA-00005254,ZAC0005365,08/08/2017 15:05,COMPLETE,12/08/2017 12:30,15/08/2017 21:00,16/08/2017
ZA-00005255,ZAC0011764,08/08/2017 10:45,COMPLETE,09/08/2017 15:50,11/08/2017 23:57,14/08/2017
ZA-00005256,ZAC0023928,08/08/2017 20:50,COMPLETE,09/08/2017 14:52,15/08/2017 10:10,13/08/2017
ZA-00005257,ZAC0016057,08/08/2017 16:14,COMPLETE,11/08/2017 17:31,14/08/2017 00:41,18/08/2017
ZA-00005258,ZAC0007410,08/08/2017 07:52,COMPLETE,10/08/2017 02:51,11/08/2017 12:20,14/08/2017
ZA-00005259,ZAC0010674,08/08/2017 08:52,COMPLETE,09/08/2017 03:00,16/08/2017 04:09,14/08/2017
ZA-00005260,ZAC0019708,08/08/2017 19:57,COMPLETE,10/08/2017 04:26,16/08/2017 18:02,15/08/2017
ZA-00005261,ZAC0008017,08/08/2017 18:27,COMPLETE,09/08/2017 23:39,13/08/2017 22:57,16/08/2017
ZA-00005262,ZAC0017712,08/08/2017 12:13,COMPLETE,12/08/2017 22:06,15/08/2017 23:02,22/08/2017
ZA-00005263,ZAC0011713,08/08/2017 17:18,COMPLETE,10/08/2017 13:56,15/08/2017 06:19,15/08/2017
ZA-00005264,ZAC0008628,08/08/2017 16:24,COMPLETE,10/08/2017 19:46,13/08/2017 04:21,17/08/2017
ZA-00005265,ZAC0000352,08/08/2017 22:12,COMPLETE,09/08/2017 10:32,15/08/2017 10:19,19/08/2017
ZA-00005266,ZAC0010265,08/08/2017 17:35,COMPLETE,10/08/2017 02:13,16/08/2017 03:17,14/08/2017
ZA-00005267,ZAC0022148,08/08/2017 18:27,COMPLETE,09/08/2017 19:16,18/08/2017 16:12,16/08/2017
ZA-00005268,ZAC0001979,08/08/2017 13:17,COMPLETE,09/08/2017 13:25,20/08/2017 09:57,12/08/2017
ZA-00005269,ZAC0008161,08/08/2017 07:07,COMPLETE,10/08/2017 17:14,12/08/2017 10:10,17/08/2017
ZA-00005270,ZAC0019818,08/08/2017 13:20,COMPLETE,12/08/2017 14:41,21/08/2017 02:21,15/08/2017
ZA-00005271,ZAC0018431,08/08/2017 13:48,COMPLETE,09/08/2017 07:00,12/08/2017 06:15,12/08/2017
ZA-00005272,ZAC0005982,08/08/2017 21:30,COMPLETE,08/08/2017 23:47,10/08/2017 12:45,18/08/2017
ZA-00005273,ZAC0021514,08/08/2017 17:07,COMPLETE,11/08/2017 12:46,13/08/2017 08:06,16/08/2017
ZA-00005274,ZAC0019471,08/08/2017 22:18,COMPLETE,09/08/2017 17:03,12/08/2017 15:25,16/08/2017
ZA-00005275,ZAC0018917,08/08/2017 09:49,COMPLETE,08/08/2017 20:10,21/08/2017 15:08,12/08/2017
ZA-00005276,ZAC0018309,08/08/2017 12:36,COMPLETE,11/08/2017 13:59,13/08/2017 22:59,14/08/2017
ZA-00005277,ZAC0003179,08/08/2017 14:27,COMPLETE,10/08/2017 06:32,11/08/2017 21:28,13/08/2017
ZA-00005278,ZAC0000855,09/08/2017 17:52,COMPLETE,10/08/2017 16:11,12/08/2017 07:11,17/08/2017
ZA-00005279,ZAC0020230,09/08/2017 20:35,COMPLETE,11/08/2017 06:40,18/08/2017 11:54,15/08/2017
ZA-00005280,ZAC0021024,09/08/2017 13:48,COMPLETE,11/08/2017 22:23,14/08/2017 13:13,15/08/2017
ZA-00005281,ZAC0016844,09/08/2017 13:49,COMPLETE,13/08/2017 03:22,17/08/2017 08:27,18/08/2017
ZA-00005282,ZAC0007302,09/08/2017 07:15,COMPLETE,10/08/2017 08:53,16/08/2017 05:23,13/08/2017
ZA-00005283,ZAC0000830,09/08/2017 10:43,COMPLETE,14/08/2017 21:17,18/08/2017 14:16,17/08/2017
ZA-00005284,ZAC0021836,09/08/2017 10:20,COMPLETE,10/08/2017 16:33,15/08/2017 17:28,13/08/2017
ZA-00005285,ZAC0011817,09/08/2017 06:22,COMPLETE,12/08/2017 01:35,15/08/2017 03:45,19/08/2017
ZA-00005286,ZAC0003489,09/08/2017 22:48,COMPLETE,11/08/2017 06:00,13/08/2017 19:04,15/08/2017
ZA-00005287,ZAC0003346,09/08/2017 18:33,COMPLETE,11/08/2017 14:20,19/08/2017 19:57,15/08/2017
ZA-00005288,ZAC0022903,09/08/2017 14:58,COMPLETE,12/08/2017 21:25,22/08/2017 20:47,17/08/2017
ZA-00005289,ZAC0013327,09/08/2017 06:59,COMPLETE,11/08/2017 23:02,14/08/2017 01:02,18/08/2017
ZA-00005290,ZAC0020278,09/08/2017 18:02,COMPLETE,10/08/2017 10:46,12/08/2017 04:44,14/08/2017
ZA-00005291,ZAC0006527,09/08/2017 21:10,COMPLETE,13/08/2017 18:07,18/08/2017 23:37,16/08/2017
ZA-00005292,ZAC0023423,09/08/2017 20:35,COMPLETE,15/08/2017 18:21,26/08/2017 14:56,22/08/2017
ZA-00005293,ZAC0006796,09/08/2017 09:30,COMPLETE,10/08/2017 08:25,13/08/2017 02:15,15/08/2017
ZA-00005294,ZAC0002328,09/08/2017 10:46,COMPLETE,10/08/2017 09:36,14/08/2017 00:29,15/08/2017
ZA-00005295,ZAC0016530,09/08/2017 22:52,COMPLETE,10/08/2017 20:40,20/08/2017 17:38,17/08/2017
ZA-00005296,ZAC0009901,09/08/2017 06:49,COMPLETE,15/08/2017 15:55,17/08/2017 18:43,18/08/2017
ZA-00005297,ZAC0003491,09/08/2017 14:46,COMPLETE,10/08/2017 12:41,12/08/2017 20:43,20/08/2017
ZA-00005298,ZAC0011280,09/08/2017 09:40,COMPLETE,12/08/2017 19:38,17/08/2017 09:20,22/08/2017
ZA-00005299,ZAC0018762,09/08/2017 12:20,COMPLETE,10/08/2017 01:12,14/08/2017 04:22,15/08/2017
ZA-00005300,ZAC0022809,09/08/2017 17:11,COMPLETE,10/08/2017 00:26,12/08/2017 15:40,15/08/2017
ZA-00005301,ZAC0000743,09/08/2017 12:49,COMPLETE,16/08/2017 10:06,28/08/2017 04:24,21/08/2017
ZA-00005302,ZAC0001861,09/08/2017 21:21,COMPLETE,12/08/2017 22:30,17/08/2017 19:04,17/08/2017
ZA-00005303,ZAC0020172,09/08/2017 09:38,COMPLETE,11/08/2017 22:05,16/08/2017 13:18,16/08/2017
ZA-00005304,ZAC0008595,09/08/2017 18:48,COMPLETE,12/08/2017 04:38,14/08/2017 08:50,19/08/2017
ZA-00005305,ZAC0006544,09/08/2017 06:20,COMPLETE,10/08/2017 21:56,21/08/2017 08:05,13/08/2017
ZA-00005306,ZAC0014122,09/08/2017 08:01,COMPLETE,11/08/2017 13:55,14/08/2017 00:19,15/08/2017
ZA-00005307,ZAC0017481,09/08/2017 18:33,COMPLETE,10/08/2017 21:55,15/08/2017 02:30,17/08/2017
ZA-00005308,ZAC0007127,09/08/2017 20:14,COMPLETE,10/08/2017 16:57,14/08/2017 10:31,13/08/2017
ZA-00005309,ZAC0017274,09/08/2017 08:02,COMPLETE,12/08/2017 17:42,19/08/2017 09:13,22/08/2017
ZA-00005310,ZAC0018795,09/08/2017 15:45,DISPATCHED,11/08/2017 13:36,,14/08/2017
ZA-00005311,ZAC0018049,09/08/2017 20:50,COMPLETE,12/08/2017 11:53,18/08/2017 05:48,17/08/2017
ZA-00005312,ZAC0009866,09/08/2017 09:48,COMPLETE,13/08/2017 13:07,14/08/2017 14:43,18/08/2017
ZA-00005313,ZAC0005901,09/08/2017 11:09,COMPLETE,10/08/2017 23:40,14/08/2017 20:10,17/08/2017
ZA-00005314,ZAC0011327,09/08/2017 15:48,COMPLETE,11/08/2017 16:00,15/08/2017 11:58,16/08/2017
ZA-00005315,ZAC0023651,09/08/2017 13:29,RETURNED,14/08/2017 12:01,15/08/2017 07:26,19/08/2017
ZA-00005316,ZAC0000108,09/08/2017 16:29,COMPLETE,10/08/2017 01:19,17/08/2017 05:30,14/08/2017
ZA-00005317,ZAC0003133,09/08/2017 08:58,CANCELLED,,,
ZA-00005318,ZAC0017053,09/08/2017 16:26,COMPLETE,10/08/2017 13:24,14/08/2017 18:10,17/08/2017
ZA-00005319,ZAC0003603,09/08/2017 18:13,COMPLETE,10/08/2017 08:23,17/08/2017 01:02,13/08/2017
ZA-00005320,ZAC0013867,10/08/2017 22:35,COMPLETE,12/08/2017 13:44,23/08/2017 11:54,17/08/2017
ZA-00005321,ZAC0017917,10/08/2017 11:42,COMPLETE,13/08/2017 00:12,19/08/2017 11:06,20/08/2017
ZA-00005322,ZAC0022783,10/08/2017 22:08,COMPLETE,11/08/2017 18:18,15/08/2017 03:31,15/08/2017
ZA-00005323,ZAC0002137,10/08/2017 06:54,COMPLETE,11/08/2017 07:09,12/08/2017 11:28,15/08/2017
ZA-00005324,ZAC0009920,10/08/2017 08:51,COMPLETE,11/08/2017 12:46,17/08/2017 08:32,16/08/2017
ZA-00005325,ZAC0013652,10/08/2017 15:54,RETURNED,14/08/2017 14:37,15/08/2017 10:47,18/08/2017
ZA-00005326,ZAC0004180,10/08/2017 08:33,COMPLETE,12/08/2017 01:57,15/08/2017 21:39,16/08/2017
ZA-00005327,ZAC0013575,10/08/2017 19:22,COMPLETE,12/08/2017 08:11,18/08/2017 18:56,16/08/2017
ZA-00005328,ZAC0014655,10/08/2017 18:37,COMPLETE,13/08/2017 17:13,15/08/2017 01:05,17/08/2017
ZA-00005329,ZAC0017567,10/08/2017 11:25,COMPLETE,13/08/2017 05:12,18/08/2017 01:23,18/08/2017
ZA-00005330,ZAC0008350,10/08/2017 13:01,COMPLETE,10/08/2017 22:40,12/08/2017 12:25,14/08/2017
ZA-00005331,ZAC0019036,10/08/2017 18:08,COMPLETE,14/08/2017 21:25,16/08/2017 12:39,17/08/2017
ZA-00005332,ZAC0008126,10/08/2017 16:47,COMPLETE,11/08/2017 06:45,13/08/2017 02:18,15/08/2017
ZA-00005333,ZAC0011619,10/08/2017 16:59,COMPLETE,12/08/2017 09:14,16/08/2017 11:16,17/08/2017
ZA-00005334,ZAC0008957,10/08/2017 22:19,COMPLETE,14/08/2017 12:24,16/08/2017 06:40,17/08/2017
ZA-00005335,ZAC0014213,10/08/2017 18:32,COMPLETE,12/08/2017 21:23,22/08/2017 22:39,16/08/2017
ZA-00005336,ZAC0004246,10/08/2017 20:00,CANCELLED,,,
ZA-00005337,ZAC0016368,10/08/2017 08:37,COMPLETE,12/08/2017 18:03,16/08/2017 01:14,17/08/2017
ZA-00005338,ZAC0022058,10/08/2017 21:52,COMPLETE,13/08/2017 09:51,25/08/2017 15:53,20/08/2017
ZA-00005339,ZAC0014023,10/08/2017 17:46,COMPLETE,10/08/2017 19:12,11/08/2017 22:27,17/08/2017
ZA-00005340,ZAC0014334,10/08/2017 15:48,COMPLETE,13/08/2017 20:47,15/08/2017 22:00,18/08/2017
ZA-00005341,ZAC0014586,10/08/2017 12:02,COMPLETE,11/08/2017 12:29,16/08/2017 11:30,14/08/2017
ZA-00005342,ZAC0016677,10/08/2017 06:16,COMPLETE,13/08/2017 23:18,24/08/2017 10:26,16/08/2017
ZA-00005343,ZAC0004390,10/08/2017 07:58,COMPLETE,13/08/2017 21:34,14/08/2017 15:51,17/08/2017
ZA-00005344,ZAC0018819,10/08/2017 22:37,COMPLETE,12/08/2017 03:22,18/08/2017 03:34,16/08/2017
ZA-00005345,ZAC0010261,10/08/2017 22:45,COMPLETE,12/08/2017 14:34,14/08/2017 12:30,19/08/2017
ZA-00005346,ZAC0006859,10/08/2017 07:03,COMPLETE,12/08/2017 14:54,15/08/2017 08:52,19/08/2017
ZA-00005347,ZAC0003884,10/08/2017 13:18,COMPLETE,14/08/2017 08:18,15/08/2017 16:14,18/08/2017
ZA-00005348,ZAC0018901,10/08/2017 08:52,COMPLETE,12/08/2017 19:46,19/08/2017 19:56,16/08/2017
ZA-00005349,ZAC0016898,10/08/2017 21:30,COMPLETE,11/08/2017 20:03,14/08/2017 03:09,14/08/2017
ZA-00005350,ZAC0011188,10/08/2017 16:03,COMPLETE,13/08/2017 10:39,16/08/2017 11:45,17/08/2017
ZA-00005351,ZAC0006266,10/08/2017 17:38,COMPLETE,11/08/2017 14:35,17/08/2017 09:12,16/08/2017
ZA-00005352,ZAC0022932,10/08/2017 11:46,COMPLETE,10/08/2017 18:58,30/08/2017 10:26,15/08/2017
ZA-00005353,ZAC0007214,10/08/2017 07:14,COMPLETE,10/08/2017 19:07,12/08/2017 05:15,15/08/2017
ZA-00005354,ZAC0018673,11/08/2017 08:15,COMPLETE,13/08/2017 01:24,17/08/2017 15:39,18/08/2017
ZA-00005355,ZAC0006401,11/08/2017 12:49,COMPLETE,12/08/2017 09:29,18/08/2017 22:04,16/08/2017
ZA-00005356,ZAC0014937,11/08/2017 21:30,COMPLETE,12/08/2017 19:08,15/08/2017 20:13,15/08/2017
ZA-00005357,ZAC0011452,11/08/2017 10:57,PENDING,,,
ZA-00005358,ZAC0003623,11/08/2017 22:19,DISPATCHED,15/08/2017 15:33,,22/08/2017
ZA-00005359,ZAC0008904,11/08/2017 21:58,COMPLETE,13/08/2017 07:49,15/08/2017 14:31,20/08/2017
ZA-00005360,ZAC0008786,11/08/2017 21:39,DISPATCHED,14/08/2017 09:54,,18/08/2017
ZA-00005361,ZAC0013368,11/08/2017 06:36,COMPLETE,13/08/2017 19:48,18/08/2017 18:37,20/08/2017
ZA-00005362,ZAC0005451,11/08/2017 09:03,COMPLETE,13/08/2017 19:05,15/08/2017 18:25,20/08/2017
ZA-00005363,ZAC0014585,11/08/2017 17:14,COMPLETE,13/08/2017 05:42,16/08/2017 07:50,16/08/2017
ZA-00005364,ZAC0014230,11/08/2017 20:48,COMPLETE,13/08/2017 19:40,17/08/2017 15:51,18/08/2017
ZA-00005365,ZAC0007695,11/08/2017 14:00,COMPLETE,17/08/2017 03:10,17/08/2017 17:52,22/08/2017
ZA-00005366,ZAC0019328,11/08/2017 22:41,COMPLETE,14/08/2017 12:46,18/08/2017 03:02,18/08/2017
ZA-00005367,ZAC0006301,11/08/2017 12:48,COMPLETE,13/08/2017 01:31,17/08/2017 03:25,18/08/2017
ZA-00005368,ZAC0015027,11/08/2017 11:30,COMPLETE,16/08/2017 08:00,25/08/2017 21:19,20/08/2017
ZA-00005369,ZAC0020743,11/08/2017 14:57,COMPLETE,14/08/2017 06:39,15/08/2017 12:04,21/08/2017
ZA-00005370,ZAC0005120,11/08/2017 11:26,COMPLETE,16/08/2017 00:18,18/08/2017 10:39,21/08/2017
ZA-00005371,ZAC0001256,11/08/2017 06:21,COMPLETE,13/08/2017 18:08,16/08/2017 12:03,16/08/2017
ZA-00005372,ZAC0004780,11/08/2017 14:39,COMPLETE,18/08/2017 02:21,20/08/2017 06:23,23/08/2017
ZA-00005373,ZAC0002533,11/08/2017 06:20,COMPLETE,12/08/2017 01:17,17/08/2017 03:33,15/08/2017
ZA-00005374,ZAC0013508,11/08/2017 14:36,COMPLETE,15/08/2017 06:21,20/08/2017 13:43,22/08/2017
ZA-00005375,ZAC0005977,11/08/2017 15:18,COMPLETE,18/08/2017 07:10,29/08/2017 06:17,21/08/2017
ZA-00005376,ZAC0022305,11/08/2017 07:31,COMPLETE,15/08/2017 09:04,21/08/2017 08:32,19/08/2017
ZA-00005377,ZAC0023611,11/08/2017 19:09,COMPLETE,12/08/2017 10:03,14/08/2017 05:02,16/08/2017
ZA-00005378,ZAC0010279,11/08/2017 13:35,COMPLETE,16/08/2017 04:00,18/08/2017 17:46,20/08/2017
ZA-00005379,ZAC0002047,11/08/2017 11:40,COMPLETE,12/08/2017 02:16,16/08/2017 07:50,16/08/2017
ZA-00005380,ZAC0016514,11/08/2017 13:50,COMPLETE,15/08/2017 18:18,25/08/2017 08:35,20/08/2017
ZA-00005381,ZAC0019905,11/08/2017 14:19,COMPLETE,14/08/2017 11:01,18/08/2017 00:25,24/08/2017
ZA-00005382,ZAC0004831,11/08/2017 18:39,COMPLETE,12/08/2017 09:10,13/08/2017 15:12,16/08/2017
ZA-00005383,ZAC0016123,11/08/2017 18:01,COMPLETE,14/08/2017 04:34,16/08/2017 02:25,19/08/2017
ZA-00005384,ZAC0021046,11/08/2017 22:26,COMPLETE,18/08/2017 15:27,24/08/2017 18:47,23/08/2017
ZA-00005385,ZAC0010970,11/08/2017 11:51,COMPLETE,12/08/2017 18:22,16/08/2017 13:49,19/08/2017
ZA-00005386,ZAC0009320,11/08/2017 07:52,DISPATCHED,13/08/2017 16:42,,16/08/2017
ZA-00005387,ZAC0023528,11/08/2017 20:00,COMPLETE,13/08/2017 05:50,15/08/2017 17:34,17/08/2017
ZA-00005388,ZAC0012651,11/08/2017 11:50,COMPLETE,14/08/2017 11:35,22/08/2017 08:23,18/08/2017
ZA-00005389,ZAC0000879,11/08/2017 20:34,COMPLETE,14/08/2017 08:00,17/08/2017 06:46,24/08/2017
ZA-00005390,ZAC0010491,11/08/2017 20:21,COMPLETE,16/08/2017 03:07,21/08/2017 18:34,20/08/2017
ZA-00005391,ZAC0003730,11/08/2017 17:17,COMPLETE,12/08/2017 18:18,16/08/2017 01:49,17/08/2017
ZA-00005392,ZAC0020077,11/08/2017 18:04,COMPLETE,20/08/2017 03:22,22/08/2017 21:26,24/08/2017
ZA-00005393,ZAC0006047,11/08/2017 14:00,COMPLETE,14/08/2017 14:27,19/08/2017 12:02,18/08/2017
ZA-00005394,ZAC0012525,11/08/2017 21:47,COMPLETE,13/08/2017 17:26,15/08/2017 09:57,17/08/2017
ZA-00005395,ZAC0013346,11/08/2017 09:10,COMPLETE,16/08/2017 07:27,18/08/2017 17:58,20/08/2017
ZA-00005396,ZAC0020470,11/08/2017 22:09,COMPLETE,15/08/2017 15:45,17/08/2017 15:37,20/08/2017
ZA-00005397,ZAC0020633,11/08/2017 22:28,COMPLETE,15/08/2017 01:11,16/08/2017 10:04,22/08/2017
ZA-00005398,ZAC0004253,11/08/2017 16:49,COMPLETE,13/08/2017 08:03,22/08/2017 00:56,17/08/2017
ZA-00005399,ZAC0000073,11/08/2017 09:28,COMPLETE,11/08/2017 14:59,18/08/2017 11:43,15/08/2017
ZA-00005400,ZAC0004138,11/08/2017 20:42,COMPLETE,12/08/2017 11:21,14/08/2017 07:16,17/08/2017
ZA-00005401,ZAC0015695,11/08/2017 10:51,COMPLETE,12/08/2017 09:48,16/08/2017 12:08,15/08/2017
ZA-00005402,ZAC0009326,11/08/2017 15:07,COMPLETE,12/08/2017 01:32,18/08/2017 20:13,17/08/2017
ZA-00005403,ZAC0012337,12/08/2017 15:05,COMPLETE,13/08/2017 19:43,26/08/2017 05:33,18/08/2017
ZA-00005404,ZAC0005389,12/08/2017 06:12,COMPLETE,15/08/2017 21:08,19/08/2017 23:04,18/08/2017
ZA-00005405,ZAC0012165,12/08/2017 16:10,COMPLETE,15/08/2017 06:05,18/08/2017 14:10,25/08/2017
ZA-00005406,ZAC0019697,12/08/2017 15:15,COMPLETE,13/08/2017 23:59,31/08/2017 11:22,16/08/2017
ZA-00005407,ZAC0008741,12/08/2017 14:23,COMPLETE,14/08/2017 23:45,19/08/2017 17:32,19/08/2017
ZA-00005408,ZAC0005471,12/08/2017 15:33,COMPLETE,13/08/2017 16:43,16/08/2017 16:07,23/08/2017
ZA-00005409,ZAC0011118,12/08/2017 16:52,COMPLETE,15/08/2017 16:34,22/08/2017 06:05,20/08/2017
ZA-00005410,ZAC0022187,12/08/2017 12:03,COMPLETE,15/08/2017 15:27,21/08/2017 04:51,19/08/2017
ZA-00005411,ZAC0003958,12/08/2017 17:39,COMPLETE,13/08/2017 13:52,17/08/2017 02:44,17/08/2017
ZA-00005412,ZAC0003766,12/08/2017 20:58,CANCELLED,,,
ZA-00005413,ZAC0011201,12/08/2017 11:28,CANCELLED,,,
ZA-00005414,ZAC0022433,12/08/2017 21:26,COMPLETE,13/08/2017 17:50,16/08/2017 10:16,17/08/2017
ZA-00005415,ZAC0018934,12/08/2017 12:53,COMPLETE,13/08/2017 01:49,18/08/2017 02:16,20/08/2017
ZA-00005416,ZAC0013422,12/08/2017 15:23,DISPATCHED,15/08/2017 03:47,,22/08/2017
ZA-00005417,ZAC0004211,12/08/2017 13:08,COMPLETE,14/08/2017 17:22,23/08/2017 11:11,19/08/2017
ZA-00005418,ZAC0008195,12/08/2017 19:37,COMPLETE,13/08/2017 14:04,18/08/2017 10:35,16/08/2017
ZA-00005419,ZAC0014283,12/08/2017 09:48,CANCELLED,,,
ZA-00005420,ZAC0020082,12/08/2017 06:04,PENDING,,,
ZA-00005421,ZAC0023748,12/08/2017 22:54,COMPLETE,16/08/2017 01:48,20/08/2017 08:58,26/08/2017
ZA-00005422,ZAC0008029,12/08/2017 07:03,COMPLETE,16/08/2017 01:03,20/08/2017 15:31,26/08/2017
ZA-00005423,ZAC0010093,12/08/2017 18:30,COMPLETE,17/08/2017 16:29,02/09/2017 07:04,27/08/2017
ZA-00005424,ZAC0017868,12/08/2017 21:40,COMPLETE,14/08/2017 09:18,28/08/2017 07:49,19/08/2017
ZA-00005425,ZAC0012984,12/08/2017 06:49,COMPLETE,14/08/2017 07:23,19/08/2017 19:09,17/08/2017
ZA-00005426,ZAC0004189,12/08/2017 19:40,COMPLETE,14/08/2017 02:06,20/08/2017 15:17,18/08/2017
ZA-00005427,ZAC0002320,12/08/2017 08:57,COMPLETE,16/08/2017 05:38,20/08/2017 07:54,21/08/2017
ZA-00005428,ZAC0010674,12/08/2017 18:20,DISPATCHED,14/08/2017 04:42,,17/08/2017
ZA-00005429,ZAC0000007,12/08/2017 09:37,COMPLETE,15/08/2017 22:50,21/08/2017 21:46,18/08/2017
ZA-00005430,ZAC0012266,12/08/2017 08:27,COMPLETE,13/08/2017 04:58,15/08/2017 06:02,16/08/2017
ZA-00005431,ZAC0017838,12/08/2017 21:31,COMPLETE,14/08/2017 03:10,14/08/2017 20:05,17/08/2017
ZA-00005432,ZAC0016918,12/08/2017 07:31,PENDING,,,
ZA-00005433,ZAC0005535,12/08/2017 11:44,COMPLETE,13/08/2017 04:13,16/08/2017 11:04,16/08/2017
ZA-00005434,ZAC0020809,12/08/2017 09:19,COMPLETE,13/08/2017 23:15,18/08/2017 00:23,20/08/2017
ZA-00005435,ZAC0019435,12/08/2017 12:29,COMPLETE,17/08/2017 06:21,24/08/2017 11:25,22/08/2017
ZA-00005436,ZAC0000468,12/08/2017 18:38,COMPLETE,20/08/2017 15:36,28/08/2017 03:41,24/08/2017
ZA-00005437,ZAC0018487,12/08/2017 21:20,COMPLETE,13/08/2017 07:17,13/08/2017 20:21,20/08/2017
ZA-00005438,ZAC0006156,12/08/2017 12:17,COMPLETE,14/08/2017 23:48,19/08/2017 06:44,17/08/2017
ZA-00005439,ZAC0000847,12/08/2017 21:03,COMPLETE,14/08/2017 09:57,27/08/2017 03:13,19/08/2017
ZA-00005440,ZAC0006206,12/08/2017 19:54,COMPLETE,20/08/2017 05:43,27/08/2017 17:32,24/08/2017
ZA-00005441,ZAC0016531,12/08/2017 14:19,COMPLETE,14/08/2017 10:53,20/08/2017 07:41,21/08/2017
ZA-00005442,ZAC0007931,12/08/2017 19:51,COMPLETE,14/08/2017 19:20,20/08/2017 14:50,21/08/2017
ZA-00005443,ZAC0002017,12/08/2017 16:52,COMPLETE,14/08/2017 01:54,17/08/2017 11:06,17/08/2017
ZA-00005444,ZAC0000879,12/08/2017 18:18,COMPLETE,14/08/2017 16:10,19/08/2017 05:41,24/08/2017
ZA-00005445,ZAC0013749,12/08/2017 09:22,COMPLETE,19/08/2017 04:54,20/08/2017 06:27,22/08/2017
ZA-00005446,ZAC0018159,13/08/2017 21:05,CANCELLED,,,
ZA-00005447,ZAC0016109,13/08/2017 16:25,DISPATCHED,15/08/2017 17:06,,22/08/2017
ZA-00005448,ZAC0010752,13/08/2017 13:05,COMPLETE,15/08/2017 06:46,18/08/2017 07:30,22/08/2017
ZA-00005449,ZAC0011128,13/08/2017 10:22,DISPATCHED,14/08/2017 14:21,,24/08/2017
ZA-00005450,ZAC0005780,13/08/2017 13:10,COMPLETE,16/08/2017 06:14,28/08/2017 08:09,21/08/2017
ZA-00005451,ZAC0003616,13/08/2017 17:08,COMPLETE,17/08/2017 06:13,21/08/2017 20:38,22/08/2017
ZA-00005452,ZAC0022888,13/08/2017 16:59,COMPLETE,15/08/2017 03:25,24/08/2017 11:43,20/08/2017
ZA-00005453,ZAC0007335,13/08/2017 19:05,COMPLETE,15/08/2017 14:07,18/08/2017 06:44,19/08/2017
ZA-00005454,ZAC0009761,13/08/2017 16:16,COMPLETE,15/08/2017 06:07,19/08/2017 03:54,20/08/2017
ZA-00005455,ZAC0010350,13/08/2017 21:09,COMPLETE,15/08/2017 05:13,20/08/2017 13:28,22/08/2017
ZA-00005456,ZAC0007446,13/08/2017 13:55,COMPLETE,16/08/2017 07:43,27/08/2017 10:35,21/08/2017
ZA-00005457,ZAC0000258,13/08/2017 19:38,COMPLETE,14/08/2017 17:39,16/08/2017 12:28,18/08/2017
ZA-00005458,ZAC0015628,13/08/2017 12:33,COMPLETE,15/08/2017 12:34,17/08/2017 07:58,20/08/2017
ZA-00005459,ZAC0011799,13/08/2017 10:57,COMPLETE,15/08/2017 18:52,17/08/2017 19:00,20/08/2017
ZA-00005460,ZAC0000932,13/08/2017 21:55,COMPLETE,15/08/2017 20:02,27/08/2017 12:26,20/08/2017
ZA-00005461,ZAC0021580,13/08/2017 09:30,DISPATCHED,16/08/2017 20:32,,19/08/2017
ZA-00005462,ZAC0020108,13/08/2017 15:46,COMPLETE,17/08/2017 02:03,19/08/2017 01:39,22/08/2017
ZA-00005463,ZAC0017014,13/08/2017 18:12,COMPLETE,14/08/2017 06:04,16/08/2017 07:25,21/08/2017
ZA-00005464,ZAC0023270,13/08/2017 12:56,COMPLETE,14/08/2017 01:03,19/08/2017 08:09,19/08/2017
ZA-00005465,ZAC0020050,13/08/2017 08:52,COMPLETE,13/08/2017 22:18,19/08/2017 06:18,18/08/2017
ZA-00005466,ZAC0023876,13/08/2017 16:52,COMPLETE,19/08/2017 08:18,23/08/2017 02:13,23/08/2017
ZA-00005467,ZAC0001320,13/08/2017 09:26,COMPLETE,14/08/2017 14:14,18/08/2017 00:09,18/08/2017
ZA-00005468,ZAC0005289,13/08/2017 22:19,CANCELLED,,,
ZA-00005469,ZAC0008531,13/08/2017 12:18,COMPLETE,17/08/2017 00:09,21/08/2017 15:24,22/08/2017
ZA-00005470,ZAC0016825,13/08/2017 08:18,COMPLETE,13/08/2017 21:16,15/08/2017 23:08,17/08/2017
ZA-00005471,ZAC0006675,13/08/2017 16:19,COMPLETE,15/08/2017 14:32,24/08/2017 07:25,19/08/2017
ZA-00005472,ZAC0005827,13/08/2017 12:26,COMPLETE,16/08/2017 03:44,19/08/2017 20:15,23/08/2017
ZA-00005473,ZAC0002360,13/08/2017 15:14,COMPLETE,17/08/2017 03:06,23/08/2017 11:26,22/08/2017
ZA-00005474,ZAC0020681,13/08/2017 21:48,COMPLETE,15/08/2017 14:37,17/08/2017 16:52,22/08/2017
ZA-00005475,ZAC0013647,13/08/2017 22:55,COMPLETE,14/08/2017 22:25,18/08/2017 06:28,19/08/2017
ZA-00005476,ZAC0004513,13/08/2017 21:27,COMPLETE,15/08/2017 04:28,19/08/2017 02:16,25/08/2017
ZA-00005477,ZAC0023938,13/08/2017 20:34,COMPLETE,20/08/2017 15:07,21/08/2017 16:10,30/08/2017
ZA-00005478,ZAC0013608,13/08/2017 15:39,COMPLETE,15/08/2017 04:46,18/08/2017 15:08,20/08/2017
ZA-00005479,ZAC0003979,13/08/2017 16:40,COMPLETE,14/08/2017 17:51,17/08/2017 23:30,17/08/2017
ZA-00005480,ZAC0016512,13/08/2017 16:09,COMPLETE,17/08/2017 21:24,20/08/2017 07:08,21/08/2017
ZA-00005481,ZAC0016993,13/08/2017 14:34,COMPLETE,15/08/2017 04:13,23/08/2017 20:41,20/08/2017
ZA-00005482,ZAC0010722,13/08/2017 22:29,COMPLETE,14/08/2017 21:48,15/08/2017 11:34,17/08/2017
ZA-00005483,ZAC0018884,13/08/2017 09:41,COMPLETE,15/08/2017 04:40,20/08/2017 20:51,18/08/2017
ZA-00005484,ZAC0019535,13/08/2017 06:18,COMPLETE,15/08/2017 01:58,18/08/2017 00:40,18/08/2017
ZA-00005485,ZAC0007541,13/08/2017 18:42,COMPLETE,17/08/2017 23:35,22/08/2017 02:45,21/08/2017
ZA-00005486,ZAC0016899,13/08/2017 22:43,COMPLETE,14/08/2017 20:13,20/08/2017 10:33,17/08/2017
ZA-00005487,ZAC0010172,13/08/2017 16:37,COMPLETE,14/08/2017 19:30,19/08/2017 04:15,19/08/2017
ZA-00005488,ZAC0019593,14/08/2017 10:19,COMPLETE,18/08/2017 19:33,20/08/2017 07:37,28/08/2017
ZA-00005489,ZAC0002986,14/08/2017 10:00,COMPLETE,15/08/2017 13:41,20/08/2017 00:43,18/08/2017
ZA-00005490,ZAC0011837,14/08/2017 06:59,COMPLETE,14/08/2017 22:10,18/08/2017 13:26,17/08/2017
ZA-00005491,ZAC0015453,14/08/2017 20:33,COMPLETE,17/08/2017 11:54,26/08/2017 01:51,24/08/2017
ZA-00005492,ZAC0021828,14/08/2017 09:16,COMPLETE,17/08/2017 13:03,22/08/2017 06:28,24/08/2017
ZA-00005493,ZAC0018715,14/08/2017 11:42,COMPLETE,15/08/2017 18:24,17/08/2017 03:40,18/08/2017
ZA-00005494,ZAC0002048,14/08/2017 19:43,DISPATCHED,20/08/2017 12:52,,24/08/2017
ZA-00005495,ZAC0003862,14/08/2017 06:38,COMPLETE,17/08/2017 03:46,19/08/2017 20:27,21/08/2017
ZA-00005496,ZAC0004739,14/08/2017 22:45,COMPLETE,20/08/2017 02:21,23/08/2017 06:45,24/08/2017
ZA-00005497,ZAC0001689,14/08/2017 06:58,COMPLETE,17/08/2017 00:14,20/08/2017 07:21,22/08/2017
ZA-00005498,ZAC0021573,14/08/2017 20:31,COMPLETE,16/08/2017 18:48,18/08/2017 23:36,21/08/2017
ZA-00005499,ZAC0012200,14/08/2017 14:04,COMPLETE,16/08/2017 05:39,22/08/2017 06:47,21/08/2017
ZA-00005500,ZAC0002173,14/08/2017 20:43,COMPLETE,23/08/2017 01:33,28/08/2017 22:25,28/08/2017
ZA-00005501,ZAC0002642,14/08/2017 14:30,COMPLETE,15/08/2017 15:44,23/08/2017 04:27,18/08/2017
ZA-00005502,ZAC0000572,14/08/2017 13:02,COMPLETE,16/08/2017 23:40,27/08/2017 11:27,23/08/2017
ZA-00005503,ZAC0010064,14/08/2017 14:45,COMPLETE,19/08/2017 20:40,01/09/2017 01:06,23/08/2017
ZA-00005504,ZAC0003066,14/08/2017 17:46,COMPLETE,16/08/2017 21:02,19/08/2017 09:52,20/08/2017
ZA-00005505,ZAC0008102,14/08/2017 13:04,COMPLETE,19/08/2017 23:24,21/08/2017 22:30,22/08/2017
ZA-00005506,ZAC0018744,14/08/2017 21:33,COMPLETE,16/08/2017 04:41,20/08/2017 14:39,19/08/2017
ZA-00005507,ZAC0012513,14/08/2017 20:03,COMPLETE,15/08/2017 10:58,20/08/2017 01:33,18/08/2017
ZA-00005508,ZAC0021178,14/08/2017 21:19,COMPLETE,18/08/2017 04:32,26/08/2017 05:09,23/08/2017
ZA-00005509,ZAC0008375,14/08/2017 20:25,COMPLETE,17/08/2017 11:25,22/08/2017 14:31,24/08/2017
ZA-00005510,ZAC0022529,14/08/2017 09:06,COMPLETE,15/08/2017 03:52,16/08/2017 14:44,19/08/2017
ZA-00005511,ZAC0006125,14/08/2017 09:42,COMPLETE,15/08/2017 10:55,15/08/2017 16:51,22/08/2017
ZA-00005512,ZAC0017294,14/08/2017 18:32,COMPLETE,16/08/2017 09:17,29/08/2017 06:02,21/08/2017
ZA-00005513,ZAC0017915,14/08/2017 22:18,COMPLETE,17/08/2017 04:54,21/08/2017 04:28,21/08/2017
ZA-00005514,ZAC0020476,14/08/2017 15:33,COMPLETE,18/08/2017 01:16,18/08/2017 11:32,22/08/2017
ZA-00005515,ZAC0022945,14/08/2017 18:30,COMPLETE,15/08/2017 15:16,18/08/2017 17:14,18/08/2017
ZA-00005516,ZAC0023089,14/08/2017 16:40,CANCELLED,,,
ZA-00005517,ZAC0012885,14/08/2017 07:56,COMPLETE,15/08/2017 10:56,16/08/2017 21:27,22/08/2017
ZA-00005518,ZAC0016054,14/08/2017 07:16,COMPLETE,17/08/2017 04:28,30/08/2017 06:23,21/08/2017
ZA-00005519,ZAC0015049,14/08/2017 13:15,COMPLETE,15/08/2017 03:54,17/08/2017 13:51,20/08/2017
ZA-00005520,ZAC0013792,14/08/2017 22:11,COMPLETE,17/08/2017 19:43,20/08/2017 16:47,22/08/2017
ZA-00005521,ZAC0021849,14/08/2017 15:38,COMPLETE,15/08/2017 11:05,18/08/2017 18:34,20/08/2017
ZA-00005522,ZAC0013202,14/08/2017 06:43,COMPLETE,17/08/2017 18:55,26/08/2017 00:29,22/08/2017
ZA-00005523,ZAC0019179,14/08/2017 10:29,COMPLETE,14/08/2017 20:20,17/08/2017 15:13,18/08/2017
ZA-00005524,ZAC0007509,14/08/2017 11:28,COMPLETE,16/08/2017 15:27,24/08/2017 23:03,21/08/2017
ZA-00005525,ZAC0008707,14/08/2017 10:46,COMPLETE,16/08/2017 09:55,01/09/2017 01:46,19/08/2017
ZA-00005526,ZAC0002419,14/08/2017 19:38,COMPLETE,15/08/2017 19:05,22/08/2017 04:06,18/08/2017
ZA-00005527,ZAC0017887,14/08/2017 14:59,COMPLETE,15/08/2017 14:20,21/08/2017 09:27,18/08/2017
ZA-00005528,ZAC0005225,14/08/2017 15:16,COMPLETE,15/08/2017 06:34,20/08/2017 00:38,19/08/2017
ZA-00005529,ZAC0022145,14/08/2017 21:36,COMPLETE,15/08/2017 23:48,16/08/2017 17:02,20/08/2017
ZA-00005530,ZAC0019147,14/08/2017 18:09,RETURNED,15/08/2017 11:42,23/08/2017 19:54,22/08/2017
ZA-00005531,ZAC0018986,14/08/2017 13:50,COMPLETE,15/08/2017 06:01,20/08/2017 06:40,20/08/2017
ZA-00005532,ZAC0000219,15/08/2017 09:58,COMPLETE,15/08/2017 18:10,17/08/2017 03:13,18/08/2017
ZA-00005533,ZAC0021659,15/08/2017 07:33,COMPLETE,17/08/2017 01:20,25/08/2017 01:55,22/08/2017
ZA-00005534,ZAC0002096,15/08/2017 07:07,COMPLETE,15/08/2017 23:59,21/08/2017 03:05,19/08/2017
ZA-00005535,ZAC0010136,15/08/2017 10:10,COMPLETE,17/08/2017 04:36,19/08/2017 16:04,21/08/2017
ZA-00005536,ZAC0003253,15/08/2017 16:27,COMPLETE,17/08/2017 16:13,22/08/2017 18:56,22/08/2017
ZA-00005537,ZAC0023661,15/08/2017 14:18,COMPLETE,16/08/2017 17:57,17/08/2017 20:26,21/08/2017
ZA-00005538,ZAC0012058,15/08/2017 10:07,COMPLETE,16/08/2017 04:24,20/08/2017 21:48,21/08/2017
ZA-00005539,ZAC0014045,15/08/2017 06:15,COMPLETE,18/08/2017 09:53,27/08/2017 08:18,25/08/2017
ZA-00005540,ZAC0019308,15/08/2017 18:55,COMPLETE,17/08/2017 09:36,22/08/2017 22:01,22/08/2017
ZA-00005541,ZAC0010410,15/08/2017 10:04,COMPLETE,18/08/2017 14:34,19/08/2017 21:45,22/08/2017
ZA-00005542,ZAC0022009,15/08/2017 10:16,COMPLETE,17/08/2017 15:19,24/08/2017 10:30,20/08/2017
ZA-00005543,ZAC0009822,15/08/2017 09:49,COMPLETE,19/08/2017 22:05,24/08/2017 22:01,26/08/2017
ZA-00005544,ZAC0006600,15/08/2017 20:19,COMPLETE,17/08/2017 10:52,20/08/2017 10:48,22/08/2017
ZA-00005545,ZAC0012051,15/08/2017 14:44,COMPLETE,18/08/2017 01:43,18/08/2017 13:58,22/08/2017
ZA-00005546,ZAC0018673,15/08/2017 08:17,COMPLETE,18/08/2017 11:27,23/08/2017 18:50,22/08/2017
ZA-00005547,ZAC0000448,15/08/2017 22:37,COMPLETE,17/08/2017 10:14,27/08/2017 03:10,27/08/2017
ZA-00005548,ZAC0008567,15/08/2017 08:14,COMPLETE,16/08/2017 16:16,21/08/2017 17:39,20/08/2017
ZA-00005549,ZAC0000590,15/08/2017 11:14,COMPLETE,18/08/2017 05:59,24/08/2017 23:59,25/08/2017
ZA-00005550,ZAC0017093,15/08/2017 16:04,COMPLETE,18/08/2017 08:52,27/08/2017 06:52,25/08/2017
ZA-00005551,ZAC0014767,15/08/2017 11:31,COMPLETE,17/08/2017 09:39,22/08/2017 13:52,20/08/2017
ZA-00005552,ZAC0008041,15/08/2017 09:20,COMPLETE,16/08/2017 16:55,18/08/2017 19:22,21/08/2017
ZA-00005553,ZAC0017605,15/08/2017 10:51,COMPLETE,15/08/2017 13:13,17/08/2017 02:39,19/08/2017
ZA-00005554,ZAC0000774,15/08/2017 19:17,COMPLETE,20/08/2017 23:14,22/08/2017 05:24,25/08/2017
ZA-00005555,ZAC0012025,15/08/2017 17:16,COMPLETE,16/08/2017 13:20,20/08/2017 01:54,23/08/2017
ZA-00005556,ZAC0019387,15/08/2017 12:47,CANCELLED,,,
ZA-00005557,ZAC0015838,15/08/2017 20:47,COMPLETE,17/08/2017 07:31,19/08/2017 11:46,21/08/2017
ZA-00005558,ZAC0010141,15/08/2017 20:20,COMPLETE,24/08/2017 23:26,26/08/2017 21:10,29/08/2017
ZA-00005559,ZAC0000525,15/08/2017 13:20,COMPLETE,15/08/2017 16:54,21/08/2017 10:30,19/08/2017
ZA-00005560,ZAC0009782,15/08/2017 14:44,RETURNED,17/08/2017 17:49,22/08/2017 09:41,21/08/2017
ZA-00005561,ZAC0009425,15/08/2017 19:31,COMPLETE,17/08/2017 08:30,22/08/2017 11:36,22/08/2017
ZA-00005562,ZAC0009431,15/08/2017 16:40,COMPLETE,17/08/2017 05:41,22/08/2017 12:05,27/08/2017
ZA-00005563,ZAC0022782,15/08/2017 19:26,COMPLETE,18/08/2017 04:40,27/08/2017 12:45,21/08/2017
ZA-00005564,ZAC0011990,15/08/2017 20:38,COMPLETE,19/08/2017 05:12,27/08/2017 11:26,24/08/2017
ZA-00005565,ZAC0008243,15/08/2017 14:10,COMPLETE,17/08/2017 02:11,19/08/2017 00:56,20/08/2017
ZA-00005566,ZAC0019702,15/08/2017 15:20,COMPLETE,19/08/2017 09:55,20/08/2017 06:38,23/08/2017
ZA-00005567,ZAC0023844,16/08/2017 20:57,COMPLETE,18/08/2017 14:51,22/08/2017 11:25,22/08/2017
ZA-00005568,ZAC0009911,16/08/2017 14:42,COMPLETE,18/08/2017 23:25,24/08/2017 17:07,22/08/2017
ZA-00005569,ZAC0016684,16/08/2017 16:41,COMPLETE,19/08/2017 16:02,21/08/2017 04:59,22/08/2017
ZA-00005570,ZAC0010667,16/08/2017 08:39,COMPLETE,18/08/2017 02:48,22/08/2017 17:14,22/08/2017
ZA-00005571,ZAC0002091,16/08/2017 11:47,COMPLETE,22/08/2017 04:34,23/08/2017 05:46,29/08/2017
ZA-00005572,ZAC0002965,16/08/2017 22:15,COMPLETE,17/08/2017 16:22,24/08/2017 07:29,22/08/2017
ZA-00005573,ZAC0020185,16/08/2017 20:51,COMPLETE,18/08/2017 15:33,23/08/2017 09:15,25/08/2017
ZA-00005574,ZAC0007151,16/08/2017 21:42,COMPLETE,18/08/2017 02:04,21/08/2017 04:51,21/08/2017
ZA-00005575,ZAC0012678,16/08/2017 06:01,COMPLETE,16/08/2017 13:58,20/08/2017 02:06,21/08/2017
ZA-00005576,ZAC0014508,16/08/2017 16:35,COMPLETE,19/08/2017 07:39,24/08/2017 01:05,23/08/2017
ZA-00005577,ZAC0016458,16/08/2017 14:48,COMPLETE,18/08/2017 19:05,20/08/2017 04:58,28/08/2017
ZA-00005578,ZAC0022559,16/08/2017 18:26,COMPLETE,19/08/2017 06:01,24/08/2017 10:51,29/08/2017
ZA-00005579,ZAC0014010,16/08/2017 15:36,RETURNED,18/08/2017 04:23,24/08/2017 22:35,22/08/2017
ZA-00005580,ZAC0008729,16/08/2017 09:43,COMPLETE,18/08/2017 15:20,20/08/2017 05:22,21/08/2017
ZA-00005581,ZAC0001225,16/08/2017 19:31,COMPLETE,21/08/2017 01:59,23/08/2017 00:05,28/08/2017
ZA-00005582,ZAC0016697,16/08/2017 07:14,COMPLETE,17/08/2017 08:57,20/08/2017 21:09,20/08/2017
ZA-00005583,ZAC0016758,16/08/2017 15:41,COMPLETE,17/08/2017 12:52,21/08/2017 08:59,22/08/2017
ZA-00005584,ZAC0010203,16/08/2017 10:42,COMPLETE,21/08/2017 14:40,24/08/2017 13:13,25/08/2017
ZA-00005585,ZAC0012847,16/08/2017 19:03,COMPLETE,18/08/2017 05:04,24/08/2017 14:03,21/08/2017
ZA-00005586,ZAC0004635,16/08/2017 09:30,COMPLETE,23/08/2017 06:50,23/08/2017 17:35,26/08/2017
ZA-00005587,ZAC0015620,16/08/2017 06:23,COMPLETE,16/08/2017 14:09,27/08/2017 20:04,19/08/2017
ZA-00005588,ZAC0008015,16/08/2017 09:26,COMPLETE,17/08/2017 12:54,24/08/2017 08:39,20/08/2017
ZA-00005589,ZAC0014800,16/08/2017 19:15,COMPLETE,19/08/2017 17:28,28/08/2017 05:16,22/08/2017
ZA-00005590,ZAC0017862,16/08/2017 19:55,COMPLETE,17/08/2017 16:41,21/08/2017 21:38,24/08/2017
ZA-00005591,ZAC0004720,16/08/2017 17:31,COMPLETE,19/08/2017 14:29,21/08/2017 20:42,24/08/2017
ZA-00005592,ZAC0005389,16/08/2017 09:13,COMPLETE,19/08/2017 23:46,24/08/2017 04:49,24/08/2017
ZA-00005593,ZAC0021739,16/08/2017 22:47,COMPLETE,17/08/2017 22:41,23/08/2017 02:15,21/08/2017
ZA-00005594,ZAC0006268,16/08/2017 17:06,COMPLETE,17/08/2017 11:12,26/08/2017 00:45,20/08/2017
ZA-00005595,ZAC0022208,16/08/2017 12:40,COMPLETE,17/08/2017 12:22,19/08/2017 23:04,21/08/2017
ZA-00005596,ZAC0013966,16/08/2017 10:10,COMPLETE,17/08/2017 12:45,19/08/2017 12:17,24/08/2017
ZA-00005597,ZAC0017978,16/08/2017 12:49,COMPLETE,18/08/2017 17:51,25/08/2017 22:20,22/08/2017
ZA-00005598,ZAC0018879,16/08/2017 15:59,COMPLETE,19/08/2017 22:47,26/08/2017 12:46,24/08/2017
ZA-00005599,ZAC0002146,16/08/2017 13:22,COMPLETE,17/08/2017 22:19,27/08/2017 04:11,22/08/2017
ZA-00005600,ZAC0000520,16/08/2017 08:25,COMPLETE,18/08/2017 03:21,19/08/2017 12:04,21/08/2017
ZA-00005601,ZAC0013320,16/08/2017 09:35,COMPLETE,17/08/2017 02:25,22/08/2017 09:58,21/08/2017
ZA-00005602,ZAC0016957,16/08/2017 13:27,COMPLETE,18/08/2017 06:35,21/08/2017 06:24,28/08/2017
ZA-00005603,ZAC0002462,16/08/2017 22:30,COMPLETE,17/08/2017 22:56,25/08/2017 06:41,24/08/2017
ZA-00005604,ZAC0018036,16/08/2017 14:11,COMPLETE,17/08/2017 21:54,22/08/2017 21:16,21/08/2017
ZA-00005605,ZAC0014630,16/08/2017 06:00,COMPLETE,18/08/2017 18:24,21/08/2017 23:10,23/08/2017
ZA-00005606,ZAC0009834,17/08/2017 17:30,COMPLETE,21/08/2017 00:44,29/08/2017 00:33,26/08/2017
ZA-00005607,ZAC0006039,17/08/2017 06:45,COMPLETE,18/08/2017 14:03,19/08/2017 09:28,25/08/2017
ZA-00005608,ZAC0012130,17/08/2017 12:03,COMPLETE,18/08/2017 11:38,22/08/2017 00:12,21/08/2017
ZA-00005609,ZAC0007802,17/08/2017 10:08,COMPLETE,18/08/2017 15:51,21/08/2017 03:17,22/08/2017
ZA-00005610,ZAC0020263,17/08/2017 12:52,COMPLETE,22/08/2017 23:49,30/08/2017 23:09,26/08/2017
ZA-00005611,ZAC0020643,17/08/2017 10:43,COMPLETE,19/08/2017 05:10,01/09/2017 02:42,29/08/2017
ZA-00005612,ZAC0005608,17/08/2017 20:39,COMPLETE,21/08/2017 08:33,28/08/2017 00:27,28/08/2017
ZA-00005613,ZAC0019073,17/08/2017 12:48,COMPLETE,18/08/2017 11:16,28/08/2017 00:46,22/08/2017
ZA-00005614,ZAC0018534,17/08/2017 15:51,COMPLETE,18/08/2017 13:18,20/08/2017 18:29,23/08/2017
ZA-00005615,ZAC0022698,17/08/2017 06:52,COMPLETE,20/08/2017 05:49,01/09/2017 08:16,25/08/2017
ZA-00005616,ZAC0022885,17/08/2017 16:59,COMPLETE,18/08/2017 11:43,22/08/2017 12:24,25/08/2017
ZA-00005617,ZAC0021868,17/08/2017 13:32,COMPLETE,20/08/2017 18:47,26/08/2017 20:28,25/08/2017
ZA-00005618,ZAC0020284,17/08/2017 15:58,COMPLETE,19/08/2017 05:10,21/08/2017 10:52,29/08/2017
ZA-00005619,ZAC0012158,17/08/2017 21:46,COMPLETE,19/08/2017 23:44,27/08/2017 09:15,23/08/2017
ZA-00005620,ZAC0015985,17/08/2017 18:26,COMPLETE,20/08/2017 04:27,22/08/2017 11:07,25/08/2017
ZA-00005621,ZAC0011578,17/08/2017 09:57,RETURNED,20/08/2017 15:48,22/08/2017 08:13,23/08/2017
ZA-00005622,ZAC0008844,17/08/2017 21:16,COMPLETE,20/08/2017 15:38,22/08/2017 01:20,25/08/2017
ZA-00005623,ZAC0008957,17/08/2017 21:44,COMPLETE,18/08/2017 08:02,20/08/2017 08:30,21/08/2017
ZA-00005624,ZAC0005917,17/08/2017 15:12,COMPLETE,25/08/2017 12:28,29/08/2017 22:51,28/08/2017
ZA-00005625,ZAC0014814,17/08/2017 13:02,COMPLETE,20/08/2017 06:13,23/08/2017 06:23,30/08/2017
ZA-00005626,ZAC0010134,17/08/2017 14:14,COMPLETE,21/08/2017 01:20,25/08/2017 09:24,25/08/2017
ZA-00005627,ZAC0006387,17/08/2017 22:08,COMPLETE,19/08/2017 16:10,29/08/2017 04:01,23/08/2017
ZA-00005628,ZAC0011933,17/08/2017 14:25,COMPLETE,23/08/2017 00:40,29/08/2017 08:48,28/08/2017
ZA-00005629,ZAC0023472,17/08/2017 07:18,DISPATCHED,18/08/2017 02:30,,21/08/2017
ZA-00005630,ZAC0019268,17/08/2017 14:02,COMPLETE,18/08/2017 10:37,19/08/2017 02:33,22/08/2017
ZA-00005631,ZAC0000386,17/08/2017 18:08,COMPLETE,19/08/2017 15:47,23/08/2017 09:25,29/08/2017
ZA-00005632,ZAC0022218,17/08/2017 10:42,COMPLETE,23/08/2017 02:01,26/08/2017 11:29,26/08/2017
ZA-00005633,ZAC0009052,17/08/2017 07:03,COMPLETE,18/08/2017 16:47,23/08/2017 10:34,28/08/2017
ZA-00005634,ZAC0002850,17/08/2017 17:27,COMPLETE,19/08/2017 12:25,22/08/2017 03:22,22/08/2017
ZA-00005635,ZAC0013239,17/08/2017 13:51,COMPLETE,19/08/2017 00:08,20/08/2017 10:40,22/08/2017
ZA-00005636,ZAC0021046,17/08/2017 16:16,COMPLETE,18/08/2017 20:07,22/08/2017 06:06,28/08/2017
ZA-00005637,ZAC0010694,17/08/2017 11:48,DISPATCHED,17/08/2017 21:24,,22/08/2017
ZA-00005638,ZAC0023162,17/08/2017 11:33,COMPLETE,19/08/2017 15:20,23/08/2017 08:19,22/08/2017
ZA-00005639,ZAC0013792,17/08/2017 08:34,COMPLETE,17/08/2017 20:49,24/08/2017 12:27,27/08/2017
ZA-00005640,ZAC0017703,17/08/2017 20:41,COMPLETE,22/08/2017 02:53,31/08/2017 23:14,27/08/2017
ZA-00005641,ZAC0008354,17/08/2017 20:43,COMPLETE,19/08/2017 07:48,24/08/2017 06:23,24/08/2017
ZA-00005642,ZAC0009096,17/08/2017 20:58,CANCELLED,,,
ZA-00005643,ZAC0012691,17/08/2017 14:39,COMPLETE,21/08/2017 00:50,29/08/2017 06:34,25/08/2017
ZA-00005644,ZAC0019801,17/08/2017 18:55,DISPATCHED,19/08/2017 09:13,,22/08/2017
ZA-00005645,ZAC0000513,17/08/2017 21:48,COMPLETE,18/08/2017 17:17,23/08/2017 07:37,23/08/2017
ZA-00005646,ZAC0023649,17/08/2017 16:10,COMPLETE,18/08/2017 00:58,22/08/2017 18:37,22/08/2017
ZA-00005647,ZAC0009952,17/08/2017 18:20,COMPLETE,22/08/2017 12:24,23/08/2017 19:51,27/08/2017
ZA-00005648,ZAC0003997,17/08/2017 20:37,COMPLETE,19/08/2017 07:10,20/08/2017 08:33,24/08/2017
ZA-00005649,ZAC0012472,17/08/2017 11:21,COMPLETE,17/08/2017 17:52,23/08/2017 15:16,20/08/2017
ZA-00005650,ZAC0015764,17/08/2017 07:03,PENDING,,,
ZA-00005651,ZAC0015713,18/08/2017 10:28,COMPLETE,19/08/2017 10:30,20/08/2017 14:54,24/08/2017
ZA-00005652,ZAC0004912,18/08/2017 07:52,COMPLETE,21/08/2017 03:09,25/08/2017 10:17,28/08/2017
ZA-00005653,ZAC0016243,18/08/2017 10:41,COMPLETE,18/08/2017 18:33,21/08/2017 08:49,21/08/2017
ZA-00005654,ZAC0009457,18/08/2017 06:10,COMPLETE,19/08/2017 05:09,25/08/2017 01:51,24/08/2017
ZA-00005655,ZAC0001383,18/08/2017 21:21,CANCELLED,,,
ZA-00005656,ZAC0004457,18/08/2017 10:15,COMPLETE,23/08/2017 12:12,23/08/2017 22:22,02/09/2017
ZA-00005657,ZAC0022133,18/08/2017 22:06,COMPLETE,19/08/2017 17:48,22/08/2017 23:58,26/08/2017
ZA-00005658,ZAC0009705,18/08/2017 15:30,COMPLETE,20/08/2017 16:22,24/08/2017 14:15,27/08/2017
ZA-00005659,ZAC0022822,18/08/2017 12:38,COMPLETE,20/08/2017 05:39,24/08/2017 23:02,27/08/2017
ZA-00005660,ZAC0012034,18/08/2017 19:57,COMPLETE,22/08/2017 02:59,25/08/2017 20:19,27/08/2017
ZA-00005661,ZAC0022058,18/08/2017 07:20,COMPLETE,23/08/2017 09:23,27/08/2017 11:35,26/08/2017
ZA-00005662,ZAC0017432,18/08/2017 12:03,COMPLETE,19/08/2017 13:51,21/08/2017 12:00,24/08/2017
ZA-00005663,ZAC0012297,18/08/2017 13:24,COMPLETE,21/08/2017 22:50,24/08/2017 10:52,25/08/2017
ZA-00005664,ZAC0008433,18/08/2017 08:38,COMPLETE,21/08/2017 04:56,24/08/2017 12:27,28/08/2017
ZA-00005665,ZAC0000196,18/08/2017 19:33,COMPLETE,22/08/2017 01:16,24/08/2017 07:59,27/08/2017
ZA-00005666,ZAC0007579,18/08/2017 18:18,COMPLETE,19/08/2017 11:01,23/08/2017 13:50,23/08/2017
ZA-00005667,ZAC0023603,18/08/2017 20:32,COMPLETE,20/08/2017 18:56,28/08/2017 03:49,24/08/2017
ZA-00005668,ZAC0000711,18/08/2017 06:57,COMPLETE,20/08/2017 20:58,23/08/2017 22:00,27/08/2017
ZA-00005669,ZAC0001328,18/08/2017 12:13,COMPLETE,20/08/2017 03:49,29/08/2017 14:45,23/08/2017
ZA-00005670,ZAC0015925,18/08/2017 17:40,COMPLETE,22/08/2017 18:00,24/08/2017 05:59,27/08/2017
ZA-00005671,ZAC0001642,18/08/2017 10:58,COMPLETE,18/08/2017 16:51,25/08/2017 01:50,21/08/2017
ZA-00005672,ZAC0007981,18/08/2017 08:58,COMPLETE,19/08/2017 18:07,25/08/2017 03:04,26/08/2017
ZA-00005673,ZAC0010532,18/08/2017 15:02,COMPLETE,21/08/2017 10:42,28/08/2017 21:22,25/08/2017
ZA-00005674,ZAC0004994,18/08/2017 22:09,COMPLETE,20/08/2017 23:24,23/08/2017 11:09,30/08/2017
ZA-00005675,ZAC0003422,18/08/2017 06:41,COMPLETE,18/08/2017 23:05,23/08/2017 12:49,23/08/2017
ZA-00005676,ZAC0021731,18/08/2017 06:40,COMPLETE,19/08/2017 06:55,28/08/2017 21:13,24/08/2017
ZA-00005677,ZAC0018217,18/08/2017 15:01,COMPLETE,22/08/2017 13:58,25/08/2017 08:24,27/08/2017
ZA-00005678,ZAC0018301,18/08/2017 11:53,COMPLETE,18/08/2017 12:56,20/08/2017 08:05,22/08/2017
ZA-00005679,ZAC0008506,18/08/2017 20:06,COMPLETE,22/08/2017 04:09,27/08/2017 08:11,29/08/2017
ZA-00005680,ZAC0019296,18/08/2017 13:53,COMPLETE,19/08/2017 02:06,25/08/2017 22:47,23/08/2017
ZA-00005681,ZAC0009666,18/08/2017 13:37,COMPLETE,19/08/2017 16:07,22/08/2017 12:32,23/08/2017
ZA-00005682,ZAC0018935,18/08/2017 10:07,COMPLETE,19/08/2017 18:24,21/08/2017 08:13,26/08/2017
ZA-00005683,ZAC0001561,19/08/2017 17:54,COMPLETE,22/08/2017 03:16,27/08/2017 11:19,26/08/2017
ZA-00005684,ZAC0014218,19/08/2017 07:42,COMPLETE,20/08/2017 02:23,23/08/2017 09:52,23/08/2017
ZA-00005685,ZAC0005676,19/08/2017 21:21,COMPLETE,21/08/2017 04:46,23/08/2017 12:58,25/08/2017
ZA-00005686,ZAC0007920,19/08/2017 11:09,COMPLETE,19/08/2017 19:41,03/09/2017 13:26,29/08/2017
ZA-00005687,ZAC0011037,19/08/2017 19:08,COMPLETE,21/08/2017 13:44,24/08/2017 14:18,28/08/2017
ZA-00005688,ZAC0006395,19/08/2017 22:37,COMPLETE,23/08/2017 02:15,25/08/2017 01:43,27/08/2017
ZA-00005689,ZAC0015523,19/08/2017 19:39,COMPLETE,21/08/2017 08:36,23/08/2017 10:39,24/08/2017
ZA-00005690,ZAC0012823,19/08/2017 22:15,COMPLETE,21/08/2017 06:26,22/08/2017 04:42,25/08/2017
ZA-00005691,ZAC0021801,19/08/2017 14:47,COMPLETE,20/08/2017 21:54,23/08/2017 14:34,27/08/2017
ZA-00005692,ZAC0013378,19/08/2017 16:33,COMPLETE,21/08/2017 10:21,31/08/2017 15:52,25/08/2017
ZA-00005693,ZAC0005422,19/08/2017 08:44,COMPLETE,19/08/2017 23:05,27/08/2017 07:48,26/08/2017
ZA-00005694,ZAC0016249,19/08/2017 16:39,COMPLETE,22/08/2017 06:08,05/09/2017 08:11,26/08/2017
ZA-00005695,ZAC0009412,19/08/2017 06:26,DISPATCHED,20/08/2017 05:25,,25/08/2017
ZA-00005696,ZAC0020554,19/08/2017 19:43,COMPLETE,24/08/2017 03:37,25/08/2017 23:42,28/08/2017
ZA-00005697,ZAC0021365,19/08/2017 20:46,COMPLETE,21/08/2017 06:46,25/08/2017 21:16,28/08/2017
ZA-00005698,ZAC0016720,19/08/2017 15:04,COMPLETE,19/08/2017 22:37,07/09/2017 07:59,24/08/2017
ZA-00005699,ZAC0020513,19/08/2017 11:59,COMPLETE,21/08/2017 10:01,23/08/2017 17:03,26/08/2017
ZA-00005700,ZAC0018469,19/08/2017 22:22,COMPLETE,21/08/2017 08:13,22/08/2017 07:45,25/08/2017
ZA-00005701,ZAC0004164,19/08/2017 08:13,COMPLETE,20/08/2017 16:13,23/08/2017 20:36,24/08/2017
ZA-00005702,ZAC0013226,19/08/2017 22:13,COMPLETE,20/08/2017 11:11,27/08/2017 23:01,25/08/2017
ZA-00005703,ZAC0012008,19/08/2017 22:51,COMPLETE,20/08/2017 17:30,23/08/2017 13:47,24/08/2017
ZA-00005704,ZAC0021372,19/08/2017 22:15,COMPLETE,21/08/2017 13:43,27/08/2017 22:20,25/08/2017
ZA-00005705,ZAC0015282,19/08/2017 20:01,COMPLETE,19/08/2017 22:14,21/08/2017 18:11,23/08/2017
ZA-00005706,ZAC0002217,19/08/2017 16:18,COMPLETE,21/08/2017 16:44,28/08/2017 20:33,28/08/2017
ZA-00005707,ZAC0021208,19/08/2017 15:49,COMPLETE,21/08/2017 13:14,28/08/2017 17:29,28/08/2017
ZA-00005708,ZAC0003979,19/08/2017 08:50,COMPLETE,23/08/2017 07:09,24/08/2017 18:01,28/08/2017
ZA-00005709,ZAC0011371,19/08/2017 21:28,COMPLETE,20/08/2017 03:58,26/08/2017 22:40,27/08/2017
ZA-00005710,ZAC0007068,19/08/2017 20:47,COMPLETE,21/08/2017 06:17,27/08/2017 00:52,28/08/2017
ZA-00005711,ZAC0013920,19/08/2017 19:59,COMPLETE,22/08/2017 02:48,31/08/2017 23:42,26/08/2017
ZA-00005712,ZAC0014027,19/08/2017 18:23,COMPLETE,23/08/2017 21:46,29/08/2017 06:20,27/08/2017
ZA-00005713,ZAC0017377,19/08/2017 08:26,COMPLETE,20/08/2017 20:22,24/08/2017 23:32,24/08/2017
ZA-00005714,ZAC0015818,19/08/2017 11:05,COMPLETE,20/08/2017 13:29,27/08/2017 04:14,23/08/2017
ZA-00005715,ZAC0013186,19/08/2017 17:30,COMPLETE,24/08/2017 13:58,26/08/2017 14:25,03/09/2017
ZA-00005716,ZAC0002234,19/08/2017 07:42,COMPLETE,19/08/2017 12:06,20/08/2017 18:04,29/08/2017
ZA-00005717,ZAC0003851,19/08/2017 09:24,COMPLETE,19/08/2017 10:14,23/08/2017 11:02,26/08/2017
ZA-00005718,ZAC0016957,19/08/2017 07:09,COMPLETE,21/08/2017 10:53,23/08/2017 19:21,25/08/2017
ZA-00005719,ZAC0016545,19/08/2017 13:44,COMPLETE,20/08/2017 10:38,26/08/2017 15:02,24/08/2017
ZA-00005720,ZAC0004879,19/08/2017 16:04,COMPLETE,20/08/2017 18:23,22/08/2017 21:19,27/08/2017
ZA-00005721,ZAC0023238,19/08/2017 19:36,COMPLETE,21/08/2017 21:19,26/08/2017 07:14,28/08/2017
ZA-00005722,ZAC0009818,19/08/2017 07:30,CANCELLED,,,
ZA-00005723,ZAC0012974,19/08/2017 08:20,COMPLETE,22/08/2017 17:19,26/08/2017 02:21,25/08/2017
ZA-00005724,ZAC0012953,19/08/2017 15:55,COMPLETE,23/08/2017 19:51,27/08/2017 09:50,27/08/2017
ZA-00005725,ZAC0022937,19/08/2017 22:35,COMPLETE,21/08/2017 19:17,26/08/2017 03:18,31/08/2017
ZA-00005726,ZAC0001968,19/08/2017 14:46,CANCELLED,,,
ZA-00005727,ZAC0001644,19/08/2017 09:21,COMPLETE,20/08/2017 06:23,23/08/2017 20:44,23/08/2017
ZA-00005728,ZAC0010436,20/08/2017 22:04,COMPLETE,22/08/2017 10:48,26/08/2017 18:15,27/08/2017
ZA-00005729,ZAC0012653,20/08/2017 10:13,COMPLETE,21/08/2017 02:09,24/08/2017 00:25,28/08/2017
ZA-00005730,ZAC0015264,20/08/2017 18:20,COMPLETE,21/08/2017 13:30,27/08/2017 14:32,26/08/2017
ZA-00005731,ZAC0007716,20/08/2017 22:53,COMPLETE,21/08/2017 22:00,25/08/2017 18:44,25/08/2017
ZA-00005732,ZAC0021731,20/08/2017 10:01,COMPLETE,20/08/2017 20:55,26/08/2017 04:43,25/08/2017
ZA-00005733,ZAC0007329,20/08/2017 20:39,COMPLETE,23/08/2017 04:50,25/08/2017 20:05,28/08/2017
ZA-00005734,ZAC0012825,20/08/2017 06:36,COMPLETE,23/08/2017 12:08,25/08/2017 02:10,27/08/2017
ZA-00005735,ZAC0009327,20/08/2017 14:24,COMPLETE,21/08/2017 08:27,22/08/2017 20:56,24/08/2017
ZA-00005736,ZAC0003097,20/08/2017 13:36,COMPLETE,22/08/2017 02:37,27/08/2017 16:05,25/08/2017
ZA-00005737,ZAC0012001,20/08/2017 09:41,COMPLETE,20/08/2017 16:31,23/08/2017 10:01,25/08/2017
ZA-00005738,ZAC0014834,20/08/2017 19:41,COMPLETE,24/08/2017 16:30,02/09/2017 18:58,28/08/2017
ZA-00005739,ZAC0020119,20/08/2017 19:36,COMPLETE,22/08/2017 03:22,28/08/2017 12:40,01/09/2017
ZA-00005740,ZAC0013251,20/08/2017 16:55,COMPLETE,21/08/2017 06:22,25/08/2017 08:06,26/08/2017
ZA-00005741,ZAC0018062,20/08/2017 15:05,COMPLETE,23/08/2017 11:18,25/08/2017 04:40,30/08/2017
ZA-00005742,ZAC0002716,20/08/2017 15:54,COMPLETE,22/08/2017 05:02,23/08/2017 23:55,29/08/2017
ZA-00005743,ZAC0015212,20/08/2017 11:06,COMPLETE,21/08/2017 01:59,24/08/2017 11:32,26/08/2017
ZA-00005744,ZAC0001023,20/08/2017 12:19,COMPLETE,20/08/2017 17:32,30/08/2017 01:36,24/08/2017
ZA-00005745,ZAC0017527,20/08/2017 16:44,COMPLETE,23/08/2017 05:02,25/08/2017 14:01,27/08/2017
ZA-00005746,ZAC0022342,20/08/2017 17:21,COMPLETE,23/08/2017 20:41,30/08/2017 22:28,26/08/2017
ZA-00005747,ZAC0009379,20/08/2017 10:40,COMPLETE,21/08/2017 05:31,30/08/2017 10:39,25/08/2017
ZA-00005748,ZAC0008971,20/08/2017 07:34,COMPLETE,21/08/2017 16:19,25/08/2017 19:42,24/08/2017
ZA-00005749,ZAC0000549,20/08/2017 20:36,COMPLETE,21/08/2017 15:56,24/08/2017 20:18,26/08/2017
ZA-00005750,ZAC0017488,20/08/2017 06:39,COMPLETE,24/08/2017 09:15,25/08/2017 23:19,29/08/2017
ZA-00005751,ZAC0010733,20/08/2017 13:07,COMPLETE,20/08/2017 21:49,24/08/2017 06:21,23/08/2017
ZA-00005752,ZAC0006015,20/08/2017 15:59,COMPLETE,21/08/2017 08:40,23/08/2017 08:48,28/08/2017
ZA-00005753,ZAC0001393,20/08/2017 06:22,COMPLETE,21/08/2017 12:50,24/08/2017 13:45,25/08/2017
ZA-00005754,ZAC0016394,20/08/2017 14:58,COMPLETE,22/08/2017 17:46,30/08/2017 01:47,25/08/2017
ZA-00005755,ZAC0008429,20/08/2017 19:05,COMPLETE,22/08/2017 22:57,26/08/2017 10:31,25/08/2017
ZA-00005756,ZAC0014704,20/08/2017 09:54,COMPLETE,24/08/2017 02:30,04/09/2017 18:57,27/08/2017
ZA-00005757,ZAC0007749,20/08/2017 07:38,COMPLETE,20/08/2017 17:57,24/08/2017 12:34,23/08/2017
ZA-00005758,ZAC0020388,20/08/2017 21:29,COMPLETE,22/08/2017 07:08,25/08/2017 21:39,29/08/2017
ZA-00005759,ZAC0009970,20/08/2017 13:02,COMPLETE,21/08/2017 19:37,04/09/2017 10:40,26/08/2017
ZA-00005760,ZAC0022720,20/08/2017 22:49,DISPATCHED,21/08/2017 05:53,,25/08/2017
ZA-00005761,ZAC0017699,20/08/2017 06:30,COMPLETE,24/08/2017 17:25,03/09/2017 17:34,29/08/2017
ZA-00005762,ZAC0002667,20/08/2017 18:39,COMPLETE,21/08/2017 11:48,25/08/2017 15:02,26/08/2017
ZA-00005763,ZAC0004183,20/08/2017 13:29,COMPLETE,25/08/2017 09:51,29/08/2017 01:41,28/08/2017
ZA-00005764,ZAC0023879,20/08/2017 06:44,COMPLETE,24/08/2017 18:50,02/09/2017 15:33,27/08/2017
ZA-00005765,ZAC0020870,20/08/2017 19:47,COMPLETE,21/08/2017 13:30,01/09/2017 05:05,25/08/2017
ZA-00005766,ZAC0014411,20/08/2017 15:17,COMPLETE,20/08/2017 22:23,23/08/2017 09:19,23/08/2017
ZA-00005767,ZAC0019699,20/08/2017 16:27,COMPLETE,23/08/2017 06:01,25/08/2017 15:39,27/08/2017
ZA-00005768,ZAC0000438,21/08/2017 19:31,COMPLETE,24/08/2017 20:18,26/08/2017 07:41,29/08/2017
ZA-00005769,ZAC0010859,21/08/2017 20:53,COMPLETE,25/08/2017 09:10,04/09/2017 17:58,30/08/2017
ZA-00005770,ZAC0019144,21/08/2017 19:02,COMPLETE,22/08/2017 08:02,30/08/2017 06:03,27/08/2017
ZA-00005771,ZAC0010807,21/08/2017 18:05,RETURNED,22/08/2017 15:35,24/08/2017 17:40,27/08/2017
ZA-00005772,ZAC0014018,21/08/2017 13:12,DISPATCHED,22/08/2017 12:01,,26/08/2017
ZA-00005773,ZAC0010814,21/08/2017 07:53,COMPLETE,23/08/2017 15:27,02/09/2017 11:13,26/08/2017
ZA-00005774,ZAC0013848,21/08/2017 06:33,COMPLETE,24/08/2017 10:10,26/08/2017 13:53,28/08/2017
ZA-00005775,ZAC0008671,21/08/2017 18:11,CANCELLED,,,
ZA-00005776,ZAC0010055,21/08/2017 06:30,COMPLETE,21/08/2017 20:04,29/08/2017 06:10,26/08/2017
ZA-00005777,ZAC0009553,21/08/2017 12:56,COMPLETE,25/08/2017 12:13,30/08/2017 08:43,30/08/2017
ZA-00005778,ZAC0008436,21/08/2017 18:18,COMPLETE,22/08/2017 15:51,29/08/2017 21:49,27/08/2017
ZA-00005779,ZAC0012635,21/08/2017 18:44,COMPLETE,22/08/2017 02:07,22/08/2017 21:38,26/08/2017
ZA-00005780,ZAC0004863,21/08/2017 19:57,COMPLETE,27/08/2017 15:32,03/09/2017 11:14,30/08/2017
ZA-00005781,ZAC0023104,21/08/2017 08:48,COMPLETE,23/08/2017 19:22,30/08/2017 04:49,28/08/2017
ZA-00005782,ZAC0014412,21/08/2017 20:46,COMPLETE,24/08/2017 03:53,30/08/2017 04:44,29/08/2017
ZA-00005783,ZAC0005083,21/08/2017 10:54,COMPLETE,21/08/2017 18:40,28/08/2017 12:37,26/08/2017
ZA-00005784,ZAC0011571,21/08/2017 06:15,COMPLETE,23/08/2017 10:43,28/08/2017 09:21,30/08/2017
ZA-00005785,ZAC0015894,21/08/2017 18:42,COMPLETE,26/08/2017 08:30,01/09/2017 06:08,02/09/2017
ZA-00005786,ZAC0023908,21/08/2017 21:19,COMPLETE,23/08/2017 12:02,24/08/2017 22:23,27/08/2017
ZA-00005787,ZAC0004130,21/08/2017 10:35,COMPLETE,22/08/2017 22:58,24/08/2017 04:47,26/08/2017
ZA-00005788,ZAC0017753,21/08/2017 17:21,COMPLETE,24/08/2017 00:42,26/08/2017 15:46,29/08/2017
ZA-00005789,ZAC0023990,21/08/2017 11:48,RETURNED,25/08/2017 06:42,30/08/2017 04:21,29/08/2017
ZA-00005790,ZAC0017151,21/08/2017 20:15,COMPLETE,24/08/2017 12:12,28/08/2017 04:06,28/08/2017
ZA-00005791,ZAC0018126,21/08/2017 10:34,COMPLETE,22/08/2017 01:30,29/08/2017 02:31,01/09/2017
ZA-00005792,ZAC0014113,21/08/2017 12:51,COMPLETE,23/08/2017 18:52,31/08/2017 15:08,26/08/2017
ZA-00005793,ZAC0001898,21/08/2017 11:24,COMPLETE,23/08/2017 10:12,02/09/2017 07:34,26/08/2017
ZA-00005794,ZAC0004355,21/08/2017 15:52,COMPLETE,24/08/2017 14:00,27/08/2017 12:08,29/08/2017
ZA-00005795,ZAC0008965,21/08/2017 19:59,COMPLETE,24/08/2017 15:43,26/08/2017 21:32,28/08/2017
ZA-00005796,ZAC0001689,21/08/2017 16:39,COMPLETE,23/08/2017 13:27,26/08/2017 00:11,30/08/2017
ZA-00005797,ZAC0020025,21/08/2017 20:31,COMPLETE,23/08/2017 00:16,01/09/2017 14:59,28/08/2017
ZA-00005798,ZAC0003172,21/08/2017 08:26,COMPLETE,23/08/2017 10:56,31/08/2017 06:24,26/08/2017
ZA-00005799,ZAC0021463,21/08/2017 14:31,COMPLETE,23/08/2017 04:06,26/08/2017 05:49,30/08/2017
ZA-00005800,ZAC0003388,21/08/2017 14:51,DISPATCHED,23/08/2017 15:30,,27/08/2017
ZA-00005801,ZAC0012645,21/08/2017 13:15,COMPLETE,22/08/2017 17:31,26/08/2017 03:32,29/08/2017
ZA-00005802,ZAC0018974,21/08/2017 18:02,COMPLETE,23/08/2017 16:41,25/08/2017 12:19,27/08/2017
ZA-00005803,ZAC0007187,21/08/2017 14:35,COMPLETE,23/08/2017 02:49,25/08/2017 22:01,26/08/2017
ZA-00005804,ZAC0020572,21/08/2017 19:30,COMPLETE,23/08/2017 15:05,29/08/2017 21:36,26/08/2017
ZA-00005805,ZAC0001758,21/08/2017 21:38,COMPLETE,24/08/2017 08:27,01/09/2017 20:12,27/08/2017
ZA-00005806,ZAC0022170,21/08/2017 20:22,COMPLETE,24/08/2017 08:23,01/09/2017 21:07,27/08/2017
ZA-00005807,ZAC0005189,21/08/2017 16:08,COMPLETE,31/08/2017 08:17,07/09/2017 00:13,04/09/2017
ZA-00005808,ZAC0018891,21/08/2017 11:02,COMPLETE,22/08/2017 16:02,25/08/2017 11:51,01/09/2017
ZA-00005809,ZAC0000472,21/08/2017 10:03,COMPLETE,23/08/2017 20:26,25/08/2017 08:31,02/09/2017
ZA-00005810,ZAC0001276,21/08/2017 08:26,COMPLETE,25/08/2017 04:11,27/08/2017 14:07,28/08/2017
ZA-00005811,ZAC0000590,21/08/2017 15:04,COMPLETE,29/08/2017 08:18,30/08/2017 13:40,02/09/2017
ZA-00005812,ZAC0020865,21/08/2017 07:52,COMPLETE,22/08/2017 14:51,22/08/2017 19:29,27/08/2017
ZA-00005813,ZAC0007177,21/08/2017 12:25,COMPLETE,23/08/2017 10:10,27/08/2017 22:28,27/08/2017
ZA-00005814,ZAC0016685,21/08/2017 08:56,COMPLETE,24/08/2017 09:44,26/08/2017 19:19,29/08/2017
ZA-00005815,ZAC0006595,21/08/2017 17:30,COMPLETE,24/08/2017 09:43,29/08/2017 19:40,31/08/2017
ZA-00005816,ZAC0011262,21/08/2017 18:38,COMPLETE,24/08/2017 00:45,27/08/2017 21:05,29/08/2017
ZA-00005817,ZAC0022709,21/08/2017 18:10,COMPLETE,22/08/2017 18:24,29/08/2017 10:40,25/08/2017
ZA-00005818,ZAC0004268,22/08/2017 19:05,COMPLETE,26/08/2017 07:15,28/08/2017 10:55,29/08/2017
ZA-00005819,ZAC0001313,22/08/2017 15:22,COMPLETE,30/08/2017 06:52,07/09/2017 03:47,06/09/2017
ZA-00005820,ZAC0014944,22/08/2017 07:45,COMPLETE,23/08/2017 22:03,25/08/2017 06:29,28/08/2017
ZA-00005821,ZAC0001874,22/08/2017 14:54,CANCELLED,,,
ZA-00005822,ZAC0020804,22/08/2017 17:07,COMPLETE,23/08/2017 07:07,26/08/2017 13:35,27/08/2017
ZA-00005823,ZAC0002056,22/08/2017 15:44,COMPLETE,28/08/2017 18:36,31/08/2017 19:59,01/09/2017
ZA-00005824,ZAC0005240,22/08/2017 08:38,COMPLETE,23/08/2017 19:23,30/08/2017 23:52,26/08/2017
ZA-00005825,ZAC0011687,22/08/2017 22:19,COMPLETE,24/08/2017 04:54,02/09/2017 13:16,27/08/2017
ZA-00005826,ZAC0022551,22/08/2017 11:15,COMPLETE,28/08/2017 16:53,31/08/2017 21:21,04/09/2017
ZA-00005827,ZAC0007312,22/08/2017 10:15,COMPLETE,26/08/2017 20:16,28/08/2017 23:26,30/08/2017
ZA-00005828,ZAC0007078,22/08/2017 13:42,COMPLETE,24/08/2017 10:17,27/08/2017 20:22,28/08/2017
ZA-00005829,ZAC0004345,22/08/2017 20:44,COMPLETE,23/08/2017 19:01,29/08/2017 17:57,27/08/2017
ZA-00005830,ZAC0021074,22/08/2017 08:37,COMPLETE,24/08/2017 10:17,27/08/2017 02:35,28/08/2017
ZA-00005831,ZAC0012157,22/08/2017 06:16,COMPLETE,24/08/2017 04:21,27/08/2017 07:12,27/08/2017
ZA-00005832,ZAC0005911,22/08/2017 18:13,COMPLETE,23/08/2017 17:18,30/08/2017 21:54,27/08/2017
ZA-00005833,ZAC0019023,22/08/2017 17:27,COMPLETE,25/08/2017 13:00,08/09/2017 08:50,30/08/2017
ZA-00005834,ZAC0017370,22/08/2017 07:03,COMPLETE,27/08/2017 10:54,29/08/2017 09:40,03/09/2017
ZA-00005835,ZAC0000385,22/08/2017 07:40,COMPLETE,26/08/2017 12:11,29/08/2017 20:18,30/08/2017
ZA-00005836,ZAC0004544,22/08/2017 21:27,COMPLETE,24/08/2017 05:25,26/08/2017 02:05,27/08/2017
ZA-00005837,ZAC0002549,22/08/2017 16:20,COMPLETE,25/08/2017 15:26,04/09/2017 00:17,04/09/2017
ZA-00005838,ZAC0016690,22/08/2017 08:40,COMPLETE,25/08/2017 07:11,29/08/2017 13:39,04/09/2017
ZA-00005839,ZAC0014368,22/08/2017 20:52,COMPLETE,24/08/2017 13:53,29/08/2017 10:26,28/08/2017
ZA-00005840,ZAC0017306,22/08/2017 09:02,COMPLETE,24/08/2017 03:24,07/09/2017 14:31,31/08/2017
ZA-00005841,ZAC0022018,22/08/2017 15:19,COMPLETE,29/08/2017 21:55,04/09/2017 17:14,02/09/2017
ZA-00005842,ZAC0022563,22/08/2017 21:39,COMPLETE,24/08/2017 00:46,27/08/2017 20:14,28/08/2017
ZA-00005843,ZAC0013121,22/08/2017 13:08,COMPLETE,22/08/2017 20:54,29/08/2017 22:44,29/08/2017
ZA-00005844,ZAC0000475,22/08/2017 06:02,CANCELLED,,,
ZA-00005845,ZAC0011656,22/08/2017 12:37,COMPLETE,25/08/2017 13:10,31/08/2017 00:05,30/08/2017
ZA-00005846,ZAC0007654,22/08/2017 06:31,DISPATCHED,26/08/2017 00:35,,31/08/2017
ZA-00005847,ZAC0016421,22/08/2017 19:22,CANCELLED,,,
ZA-00005848,ZAC0007170,22/08/2017 08:21,COMPLETE,27/08/2017 10:22,06/09/2017 06:57,31/08/2017
ZA-00005849,ZAC0010606,22/08/2017 15:36,COMPLETE,24/08/2017 11:31,25/08/2017 20:00,03/09/2017
ZA-00005850,ZAC0012959,22/08/2017 13:27,COMPLETE,22/08/2017 19:54,25/08/2017 11:09,27/08/2017
ZA-00005851,ZAC0014941,22/08/2017 07:26,COMPLETE,24/08/2017 14:40,01/09/2017 03:06,29/08/2017
ZA-00005852,ZAC0010458,22/08/2017 07:16,COMPLETE,26/08/2017 00:55,02/09/2017 14:52,31/08/2017
ZA-00005853,ZAC0010662,22/08/2017 13:18,COMPLETE,24/08/2017 05:04,27/08/2017 15:46,03/09/2017
ZA-00005854,ZAC0016459,22/08/2017 21:01,COMPLETE,22/08/2017 23:37,24/08/2017 00:23,25/08/2017
ZA-00005855,ZAC0011330,22/08/2017 09:06,COMPLETE,22/08/2017 20:43,05/09/2017 08:03,26/08/2017
ZA-00005856,ZAC0011883,22/08/2017 17:00,COMPLETE,23/08/2017 12:18,27/08/2017 16:49,27/08/2017
ZA-00005857,ZAC0021081,22/08/2017 21:31,COMPLETE,27/08/2017 04:31,30/08/2017 01:26,31/08/2017
ZA-00005858,ZAC0020746,22/08/2017 11:42,DISPATCHED,23/08/2017 06:11,,26/08/2017
ZA-00005859,ZAC0012671,22/08/2017 12:42,COMPLETE,23/08/2017 18:24,26/08/2017 04:49,27/08/2017
ZA-00005860,ZAC0023312,22/08/2017 13:50,COMPLETE,25/08/2017 09:02,28/08/2017 01:38,29/08/2017
ZA-00005861,ZAC0016754,22/08/2017 22:34,COMPLETE,26/08/2017 08:13,27/08/2017 00:56,29/08/2017
ZA-00005862,ZAC0023868,22/08/2017 09:18,COMPLETE,23/08/2017 12:53,27/08/2017 03:10,02/09/2017
ZA-00005863,ZAC0017027,22/08/2017 07:00,COMPLETE,24/08/2017 09:03,31/08/2017 16:15,29/08/2017
ZA-00005864,ZAC0007167,23/08/2017 09:18,COMPLETE,24/08/2017 14:13,26/08/2017 18:53,28/08/2017
ZA-00005865,ZAC0008118,23/08/2017 08:36,COMPLETE,26/08/2017 16:20,29/08/2017 03:52,30/08/2017
ZA-00005866,ZAC0023936,23/08/2017 08:54,COMPLETE,25/08/2017 18:32,26/08/2017 22:47,28/08/2017
ZA-00005867,ZAC0023343,23/08/2017 14:51,COMPLETE,25/08/2017 21:19,03/09/2017 14:36,30/08/2017
ZA-00005868,ZAC0015870,23/08/2017 06:58,CANCELLED,,,
ZA-00005869,ZAC0021949,23/08/2017 22:08,COMPLETE,25/08/2017 18:01,29/08/2017 14:43,30/08/2017
ZA-00005870,ZAC0004842,23/08/2017 07:31,COMPLETE,24/08/2017 01:55,02/09/2017 02:24,27/08/2017
ZA-00005871,ZAC0010184,23/08/2017 22:23,CANCELLED,,,
ZA-00005872,ZAC0023978,23/08/2017 22:47,COMPLETE,24/08/2017 13:12,31/08/2017 23:07,31/08/2017
ZA-00005873,ZAC0005440,23/08/2017 13:23,COMPLETE,24/08/2017 06:32,29/08/2017 00:36,29/08/2017
ZA-00005874,ZAC0003193,23/08/2017 12:24,COMPLETE,25/08/2017 16:08,29/08/2017 19:26,28/08/2017
ZA-00005875,ZAC0016671,23/08/2017 22:14,COMPLETE,25/08/2017 15:46,01/09/2017 13:08,28/08/2017
ZA-00005876,ZAC0015145,23/08/2017 20:25,DISPATCHED,24/08/2017 11:03,,28/08/2017
ZA-00005877,ZAC0011260,23/08/2017 13:26,COMPLETE,25/08/2017 00:01,26/08/2017 06:19,29/08/2017
ZA-00005878,ZAC0021251,23/08/2017 06:00,COMPLETE,26/08/2017 05:44,02/09/2017 04:07,30/08/2017
ZA-00005879,ZAC0018165,23/08/2017 07:25,COMPLETE,24/08/2017 22:50,25/08/2017 10:24,31/08/2017
ZA-00005880,ZAC0021000,23/08/2017 10:23,COMPLETE,23/08/2017 20:45,27/08/2017 09:42,30/08/2017
ZA-00005881,ZAC0000786,23/08/2017 14:16,DISPATCHED,26/08/2017 05:25,,31/08/2017
ZA-00005882,ZAC0010093,23/08/2017 17:28,COMPLETE,25/08/2017 11:23,26/08/2017 17:33,28/08/2017
ZA-00005883,ZAC0013300,23/08/2017 10:18,COMPLETE,23/08/2017 13:16,29/08/2017 02:56,27/08/2017
ZA-00005884,ZAC0018871,23/08/2017 19:25,COMPLETE,24/08/2017 16:13,27/08/2017 04:32,28/08/2017
ZA-00005885,ZAC0000032,23/08/2017 08:03,COMPLETE,23/08/2017 10:53,29/08/2017 00:07,26/08/2017
ZA-00005886,ZAC0001629,23/08/2017 13:35,COMPLETE,24/08/2017 11:23,27/08/2017 19:18,03/09/2017
ZA-00005887,ZAC0015118,23/08/2017 15:56,COMPLETE,25/08/2017 20:18,01/09/2017 14:15,29/08/2017
ZA-00005888,ZAC0009467,23/08/2017 22:01,COMPLETE,25/08/2017 08:30,31/08/2017 00:44,30/08/2017
ZA-00005889,ZAC0003492,23/08/2017 19:16,COMPLETE,28/08/2017 03:59,31/08/2017 13:13,01/09/2017
ZA-00005890,ZAC0008253,23/08/2017 22:51,COMPLETE,25/08/2017 02:10,03/09/2017 10:40,04/09/2017
ZA-00005891,ZAC0011748,23/08/2017 13:30,COMPLETE,24/08/2017 20:12,08/09/2017 18:23,29/08/2017
ZA-00005892,ZAC0007744,23/08/2017 22:21,COMPLETE,26/08/2017 03:27,29/08/2017 00:46,02/09/2017
ZA-00005893,ZAC0005124,23/08/2017 16:58,RETURNED,24/08/2017 06:42,31/08/2017 05:33,28/08/2017
ZA-00005894,ZAC0008861,23/08/2017 08:14,COMPLETE,24/08/2017 06:40,02/09/2017 22:49,03/09/2017
ZA-00005895,ZAC0016315,23/08/2017 21:50,COMPLETE,28/08/2017 02:09,31/08/2017 09:03,01/09/2017
ZA-00005896,ZAC0000106,23/08/2017 13:52,COMPLETE,26/08/2017 16:58,03/09/2017 23:59,29/08/2017
ZA-00005897,ZAC0001107,23/08/2017 08:46,COMPLETE,24/08/2017 00:50,27/08/2017 04:59,27/08/2017
ZA-00005898,ZAC0010232,23/08/2017 06:22,COMPLETE,23/08/2017 21:17,03/09/2017 07:31,28/08/2017
ZA-00005899,ZAC0003794,23/08/2017 12:50,COMPLETE,24/08/2017 08:49,09/09/2017 00:01,31/08/2017
ZA-00005900,ZAC0008804,23/08/2017 22:14,CANCELLED,,,
ZA-00005901,ZAC0021831,23/08/2017 20:10,COMPLETE,25/08/2017 14:24,10/09/2017 17:10,30/08/2017
ZA-00005902,ZAC0010658,23/08/2017 08:35,COMPLETE,24/08/2017 20:24,28/08/2017 12:17,31/08/2017
ZA-00005903,ZAC0010946,23/08/2017 11:13,COMPLETE,24/08/2017 15:54,04/09/2017 12:07,27/08/2017
ZA-00005904,ZAC0014244,23/08/2017 10:40,COMPLETE,25/08/2017 06:43,29/08/2017 09:32,01/09/2017
ZA-00005905,ZAC0003767,23/08/2017 21:50,COMPLETE,26/08/2017 20:42,28/08/2017 10:23,30/08/2017
ZA-00005906,ZAC0021841,23/08/2017 19:35,COMPLETE,25/08/2017 08:47,31/08/2017 04:59,29/08/2017
ZA-00005907,ZAC0018937,23/08/2017 09:18,COMPLETE,24/08/2017 07:08,27/08/2017 23:39,29/08/2017
ZA-00005908,ZAC0023027,23/08/2017 18:54,COMPLETE,24/08/2017 14:54,03/09/2017 20:52,29/08/2017
ZA-00005909,ZAC0008571,23/08/2017 15:22,COMPLETE,27/08/2017 21:18,01/09/2017 12:49,31/08/2017
ZA-00005910,ZAC0021277,23/08/2017 19:15,COMPLETE,27/08/2017 05:33,01/09/2017 01:44,03/09/2017
ZA-00005911,ZAC0005071,23/08/2017 11:38,COMPLETE,24/08/2017 05:17,27/08/2017 14:37,29/08/2017
ZA-00005912,ZAC0020548,23/08/2017 17:57,COMPLETE,25/08/2017 15:43,30/08/2017 18:10,28/08/2017
ZA-00005913,ZAC0021827,23/08/2017 19:26,COMPLETE,28/08/2017 20:50,30/08/2017 17:40,02/09/2017
ZA-00005914,ZAC0003557,23/08/2017 11:50,COMPLETE,24/08/2017 10:58,26/08/2017 18:13,29/08/2017
ZA-00005915,ZAC0000481,23/08/2017 14:33,COMPLETE,24/08/2017 02:57,29/08/2017 13:59,31/08/2017
ZA-00005916,ZAC0015469,23/08/2017 10:16,COMPLETE,27/08/2017 05:39,27/08/2017 23:26,03/09/2017
ZA-00005917,ZAC0018967,23/08/2017 17:27,COMPLETE,24/08/2017 15:00,29/08/2017 23:07,27/08/2017
ZA-00005918,ZAC0023267,23/08/2017 09:22,COMPLETE,24/08/2017 23:32,29/08/2017 19:23,31/08/2017
ZA-00005919,ZAC0017545,23/08/2017 10:31,COMPLETE,25/08/2017 05:38,06/09/2017 06:06,04/09/2017
ZA-00005920,ZAC0018897,23/08/2017 06:13,COMPLETE,23/08/2017 17:02,28/08/2017 18:45,28/08/2017
ZA-00005921,ZAC0007696,23/08/2017 09:38,COMPLETE,25/08/2017 13:05,29/08/2017 14:26,29/08/2017
ZA-00005922,ZAC0000081,23/08/2017 15:24,COMPLETE,24/08/2017 09:56,27/08/2017 00:19,28/08/2017
ZA-00005923,ZAC0020887,23/08/2017 22:53,COMPLETE,01/09/2017 07:45,07/09/2017 04:40,08/09/2017
ZA-00005924,ZAC0016146,23/08/2017 14:31,COMPLETE,24/08/2017 01:40,28/08/2017 04:31,28/08/2017
ZA-00005925,ZAC0011707,23/08/2017 06:12,COMPLETE,25/08/2017 13:42,27/08/2017 05:45,01/09/2017
ZA-00005926,ZAC0023633,23/08/2017 13:29,COMPLETE,24/08/2017 18:15,01/09/2017 00:02,27/08/2017
ZA-00005927,ZAC0003841,23/08/2017 11:30,COMPLETE,24/08/2017 14:20,01/09/2017 11:28,29/08/2017
ZA-00005928,ZAC0014729,24/08/2017 13:15,COMPLETE,27/08/2017 03:28,02/09/2017 22:52,31/08/2017
ZA-00005929,ZAC0023373,24/08/2017 18:40,COMPLETE,25/08/2017 19:36,27/08/2017 04:44,30/08/2017
ZA-00005930,ZAC0010346,24/08/2017 08:09,COMPLETE,27/08/2017 00:43,01/09/2017 00:08,31/08/2017
ZA-00005931,ZAC0003575,24/08/2017 21:09,COMPLETE,28/08/2017 19:02,03/09/2017 00:04,02/09/2017
ZA-00005932,ZAC0008019,24/08/2017 08:32,COMPLETE,26/08/2017 20:35,04/09/2017 16:20,30/08/2017
ZA-00005933,ZAC0010428,24/08/2017 20:37,CANCELLED,,,
ZA-00005934,ZAC0009181,24/08/2017 08:01,COMPLETE,25/08/2017 21:10,27/08/2017 15:59,29/08/2017
ZA-00005935,ZAC0019336,24/08/2017 07:06,COMPLETE,24/08/2017 19:11,25/08/2017 15:46,28/08/2017
ZA-00005936,ZAC0002587,24/08/2017 16:37,COMPLETE,26/08/2017 15:27,03/09/2017 03:41,31/08/2017
ZA-00005937,ZAC0018851,24/08/2017 18:01,RETURNED,26/08/2017 03:16,30/08/2017 09:02,30/08/2017
ZA-00005938,ZAC0006813,24/08/2017 15:14,COMPLETE,26/08/2017 11:14,02/09/2017 09:04,30/08/2017
ZA-00005939,ZAC0011549,24/08/2017 20:12,COMPLETE,28/08/2017 06:09,07/09/2017 17:54,31/08/2017
ZA-00005940,ZAC0007900,24/08/2017 19:59,COMPLETE,27/08/2017 17:41,31/08/2017 11:06,03/09/2017
ZA-00005941,ZAC0005130,24/08/2017 21:28,COMPLETE,25/08/2017 17:20,31/08/2017 15:46,30/08/2017
ZA-00005942,ZAC0014603,24/08/2017 17:54,COMPLETE,25/08/2017 04:51,30/08/2017 23:55,01/09/2017
ZA-00005943,ZAC0020341,24/08/2017 09:14,COMPLETE,24/08/2017 21:43,26/08/2017 09:39,28/08/2017
ZA-00005944,ZAC0006657,24/08/2017 12:57,COMPLETE,24/08/2017 17:53,30/08/2017 00:46,29/08/2017
ZA-00005945,ZAC0007993,24/08/2017 20:43,COMPLETE,25/08/2017 21:53,31/08/2017 02:30,01/09/2017
ZA-00005946,ZAC0004622,24/08/2017 15:44,COMPLETE,24/08/2017 22:55,27/08/2017 06:14,28/08/2017
ZA-00005947,ZAC0020202,24/08/2017 18:35,COMPLETE,27/08/2017 06:31,03/09/2017 02:46,03/09/2017
ZA-00005948,ZAC0002691,24/08/2017 15:20,COMPLETE,29/08/2017 05:25,31/08/2017 19:11,02/09/2017
ZA-00005949,ZAC0012016,24/08/2017 19:38,COMPLETE,27/08/2017 20:57,05/09/2017 09:39,03/09/2017
ZA-00005950,ZAC0023873,24/08/2017 08:20,COMPLETE,26/08/2017 01:34,26/08/2017 18:22,30/08/2017
ZA-00005951,ZAC0022477,24/08/2017 08:26,CANCELLED,,,
ZA-00005952,ZAC0004874,24/08/2017 08:20,COMPLETE,24/08/2017 18:57,01/09/2017 15:44,03/09/2017
ZA-00005953,ZAC0014722,24/08/2017 18:41,COMPLETE,26/08/2017 22:04,29/08/2017 09:22,02/09/2017
ZA-00005954,ZAC0014091,24/08/2017 18:09,COMPLETE,25/08/2017 12:32,28/08/2017 00:20,28/08/2017
ZA-00005955,ZAC0019218,24/08/2017 21:53,COMPLETE,28/08/2017 03:34,01/09/2017 07:34,01/09/2017
ZA-00005956,ZAC0000048,24/08/2017 19:40,COMPLETE,26/08/2017 17:26,31/08/2017 10:30,02/09/2017
ZA-00005957,ZAC0002066,24/08/2017 12:33,COMPLETE,26/08/2017 15:28,30/08/2017 06:12,02/09/2017
ZA-00005958,ZAC0013118,24/08/2017 12:31,PENDING,,,
ZA-00005959,ZAC0013456,24/08/2017 11:36,COMPLETE,27/08/2017 03:19,01/09/2017 09:29,30/08/2017
ZA-00005960,ZAC0007713,24/08/2017 06:14,COMPLETE,26/08/2017 18:43,07/09/2017 21:32,30/08/2017
ZA-00005961,ZAC0008931,24/08/2017 13:00,COMPLETE,26/08/2017 15:41,29/08/2017 10:11,30/08/2017
ZA-00005962,ZAC0004656,24/08/2017 19:31,COMPLETE,25/08/2017 16:05,02/09/2017 16:48,30/08/2017
ZA-00005963,ZAC0005177,24/08/2017 20:36,COMPLETE,30/08/2017 12:07,04/09/2017 16:24,03/09/2017
ZA-00005964,ZAC0017037,24/08/2017 16:46,COMPLETE,24/08/2017 22:29,26/08/2017 01:35,28/08/2017
ZA-00005965,ZAC0005141,24/08/2017 20:21,COMPLETE,25/08/2017 00:18,29/08/2017 21:31,29/08/2017
ZA-00005966,ZAC0022449,24/08/2017 08:06,COMPLETE,25/08/2017 13:52,03/09/2017 03:51,29/08/2017
ZA-00005967,ZAC0009422,24/08/2017 21:41,COMPLETE,27/08/2017 10:42,30/08/2017 17:18,06/09/2017
ZA-00005968,ZAC0021887,24/08/2017 20:27,COMPLETE,26/08/2017 18:11,04/09/2017 22:24,30/08/2017
ZA-00005969,ZAC0001337,24/08/2017 17:42,COMPLETE,27/08/2017 02:00,07/09/2017 13:06,01/09/2017
ZA-00005970,ZAC0010850,24/08/2017 07:13,COMPLETE,25/08/2017 22:40,02/09/2017 02:26,29/08/2017
ZA-00005971,ZAC0009822,24/08/2017 18:17,COMPLETE,27/08/2017 08:28,31/08/2017 06:17,31/08/2017
ZA-00005972,ZAC0006612,24/08/2017 18:25,COMPLETE,25/08/2017 09:17,26/08/2017 12:04,29/08/2017
ZA-00005973,ZAC0014614,24/08/2017 08:59,COMPLETE,25/08/2017 02:39,04/09/2017 05:40,01/09/2017
ZA-00005974,ZAC0022336,25/08/2017 15:49,COMPLETE,29/08/2017 11:00,02/09/2017 10:19,02/09/2017
ZA-00005975,ZAC0002746,25/08/2017 18:48,COMPLETE,28/08/2017 19:00,01/09/2017 14:38,01/09/2017
ZA-00005976,ZAC0022116,25/08/2017 10:53,COMPLETE,26/08/2017 07:52,30/08/2017 00:12,02/09/2017
ZA-00005977,ZAC0002777,25/08/2017 17:48,CANCELLED,,,
ZA-00005978,ZAC0013631,25/08/2017 12:51,COMPLETE,26/08/2017 10:55,27/08/2017 20:06,30/08/2017
ZA-00005979,ZAC0019159,25/08/2017 17:47,COMPLETE,30/08/2017 16:35,08/09/2017 07:31,03/09/2017
ZA-00005980,ZAC0005837,25/08/2017 15:24,COMPLETE,27/08/2017 18:38,02/09/2017 20:19,31/08/2017
ZA-00005981,ZAC0010749,25/08/2017 10:48,COMPLETE,29/08/2017 17:05,11/09/2017 09:11,01/09/2017
ZA-00005982,ZAC0003603,25/08/2017 09:01,DISPATCHED,28/08/2017 06:13,,01/09/2017
ZA-00005983,ZAC0001440,25/08/2017 21:39,COMPLETE,30/08/2017 14:52,01/09/2017 22:21,06/09/2017
ZA-00005984,ZAC0021973,25/08/2017 08:18,COMPLETE,27/08/2017 02:41,02/09/2017 02:19,30/08/2017
ZA-00005985,ZAC0007608,25/08/2017 09:20,COMPLETE,28/08/2017 09:01,30/08/2017 03:33,02/09/2017
ZA-00005986,ZAC0006161,25/08/2017 22:56,COMPLETE,01/09/2017 04:35,03/09/2017 07:50,05/09/2017
ZA-00005987,ZAC0000170,25/08/2017 20:10,COMPLETE,28/08/2017 00:03,28/08/2017 16:54,02/09/2017
ZA-00005988,ZAC0023672,25/08/2017 09:08,COMPLETE,26/08/2017 19:34,30/08/2017 13:06,29/08/2017
ZA-00005989,ZAC0000709,25/08/2017 20:27,COMPLETE,29/08/2017 20:02,31/08/2017 12:05,02/09/2017
ZA-00005990,ZAC0001128,25/08/2017 14:26,COMPLETE,27/08/2017 01:59,31/08/2017 22:07,01/09/2017
ZA-00005991,ZAC0003378,25/08/2017 06:43,COMPLETE,27/08/2017 17:03,30/08/2017 23:27,31/08/2017
ZA-00005992,ZAC0020308,25/08/2017 16:31,COMPLETE,27/08/2017 05:51,30/08/2017 23:56,01/09/2017
ZA-00005993,ZAC0020340,25/08/2017 19:36,COMPLETE,26/08/2017 22:19,29/08/2017 11:45,30/08/2017
ZA-00005994,ZAC0019503,25/08/2017 19:43,COMPLETE,27/08/2017 18:22,30/08/2017 10:06,03/09/2017
ZA-00005995,ZAC0003999,25/08/2017 12:22,COMPLETE,26/08/2017 08:23,31/08/2017 08:45,29/08/2017
ZA-00005996,ZAC0004882,25/08/2017 17:10,COMPLETE,27/08/2017 21:31,04/09/2017 04:19,03/09/2017
ZA-00005997,ZAC0005728,25/08/2017 21:59,COMPLETE,26/08/2017 07:13,31/08/2017 00:19,30/08/2017
ZA-00005998,ZAC0002353,25/08/2017 15:53,COMPLETE,27/08/2017 01:47,05/09/2017 00:20,01/09/2017
ZA-00005999,ZAC0020067,25/08/2017 08:26,COMPLETE,29/08/2017 02:57,01/09/2017 08:22,01/09/2017
ZA-00006000,ZAC0008225,25/08/2017 14:13,COMPLETE,27/08/2017 06:33,05/09/2017 09:24,31/08/2017
ZA-00006001,ZAC0005662,25/08/2017 17:38,COMPLETE,29/08/2017 12:58,08/09/2017 18:22,01/09/2017
ZA-00006002,ZAC0018116,25/08/2017 10:48,PENDING,,,
ZA-00006003,ZAC0011236,25/08/2017 20:58,COMPLETE,29/08/2017 03:56,02/09/2017 08:27,03/09/2017
ZA-00006004,ZAC0000427,25/08/2017 12:16,COMPLETE,26/08/2017 14:11,30/08/2017 16:18,30/08/2017
ZA-00006005,ZAC0010352,25/08/2017 22:29,COMPLETE,26/08/2017 07:22,29/08/2017 16:03,31/08/2017
ZA-00006006,ZAC0011336,25/08/2017 19:14,COMPLETE,26/08/2017 15:31,02/09/2017 16:35,30/08/2017
ZA-00006007,ZAC0016861,25/08/2017 08:13,COMPLETE,26/08/2017 05:18,30/08/2017 14:33,30/08/2017
ZA-00006008,ZAC0001019,25/08/2017 18:27,COMPLETE,02/09/2017 00:20,11/09/2017 05:20,12/09/2017
ZA-00006009,ZAC0016641,25/08/2017 18:20,COMPLETE,27/08/2017 13:49,02/09/2017 11:32,31/08/2017
ZA-00006010,ZAC0018164,25/08/2017 18:09,COMPLETE,27/08/2017 04:22,31/08/2017 18:46,30/08/2017
ZA-00006011,ZAC0018897,25/08/2017 10:57,COMPLETE,30/08/2017 21:49,04/09/2017 14:09,03/09/2017
ZA-00006012,ZAC0018840,25/08/2017 22:13,COMPLETE,28/08/2017 10:01,30/08/2017 13:17,02/09/2017
ZA-00006013,ZAC0020910,25/08/2017 11:34,COMPLETE,29/08/2017 07:41,31/08/2017 20:43,01/09/2017
ZA-00006014,ZAC0018992,25/08/2017 16:46,COMPLETE,26/08/2017 15:37,27/08/2017 06:04,02/09/2017
ZA-00006015,ZAC0000373,25/08/2017 10:55,COMPLETE,25/08/2017 22:17,29/08/2017 08:54,28/08/2017
ZA-00006016,ZAC0018530,25/08/2017 10:56,COMPLETE,26/08/2017 12:14,05/09/2017 08:44,31/08/2017
ZA-00006017,ZAC0021910,25/08/2017 06:01,COMPLETE,27/08/2017 13:36,30/08/2017 07:58,30/08/2017
ZA-00006018,ZAC0002270,25/08/2017 08:41,COMPLETE,27/08/2017 03:08,03/09/2017 01:25,31/08/2017
ZA-00006019,ZAC0016195,25/08/2017 08:39,DISPATCHED,27/08/2017 11:09,,03/09/2017
ZA-00006020,ZAC0006537,25/08/2017 12:58,COMPLETE,26/08/2017 00:16,03/09/2017 15:53,30/08/2017
ZA-00006021,ZAC0009409,25/08/2017 13:44,COMPLETE,26/08/2017 15:50,28/08/2017 11:25,30/08/2017
ZA-00006022,ZAC0012356,25/08/2017 12:48,COMPLETE,28/08/2017 14:44,31/08/2017 03:47,01/09/2017
ZA-00006023,ZAC0014777,25/08/2017 15:55,COMPLETE,27/08/2017 13:36,30/08/2017 12:51,01/09/2017
ZA-00006024,ZAC0023845,25/08/2017 20:54,CANCELLED,,,
ZA-00006025,ZAC0012837,25/08/2017 15:16,COMPLETE,27/08/2017 02:01,29/08/2017 00:35,03/09/2017
ZA-00006026,ZAC0000219,25/08/2017 12:11,COMPLETE,28/08/2017 03:20,05/09/2017 20:54,04/09/2017
ZA-00006027,ZAC0021920,25/08/2017 09:52,DISPATCHED,26/08/2017 04:46,,30/08/2017
ZA-00006028,ZAC0021276,25/08/2017 17:42,COMPLETE,28/08/2017 04:52,31/08/2017 23:29,31/08/2017
ZA-00006029,ZAC0006551,25/08/2017 16:55,COMPLETE,26/08/2017 13:38,28/08/2017 15:02,30/08/2017
ZA-00006030,ZAC0020944,25/08/2017 19:08,COMPLETE,27/08/2017 14:50,01/09/2017 20:29,01/09/2017
ZA-00006031,ZAC0014586,25/08/2017 06:24,COMPLETE,25/08/2017 23:40,03/09/2017 16:12,30/08/2017
ZA-00006032,ZAC0020007,25/08/2017 08:51,COMPLETE,28/08/2017 05:54,28/08/2017 13:48,02/09/2017
ZA-00006033,ZAC0010498,26/08/2017 18:04,COMPLETE,27/08/2017 07:44,13/09/2017 10:50,03/09/2017
ZA-00006034,ZAC0000752,26/08/2017 14:27,COMPLETE,27/08/2017 17:58,30/08/2017 07:44,30/08/2017
ZA-00006035,ZAC0005214,26/08/2017 19:40,COMPLETE,29/08/2017 11:47,01/09/2017 00:11,01/09/2017
ZA-00006036,ZAC0017819,26/08/2017 08:38,COMPLETE,28/08/2017 05:06,31/08/2017 20:40,01/09/2017
ZA-00006037,ZAC0001062,26/08/2017 10:15,COMPLETE,27/08/2017 05:05,03/09/2017 11:44,30/08/2017
ZA-00006038,ZAC0000445,26/08/2017 14:11,COMPLETE,30/08/2017 04:49,05/09/2017 13:02,04/09/2017
ZA-00006039,ZAC0013370,26/08/2017 18:52,COMPLETE,27/08/2017 15:55,04/09/2017 05:04,01/09/2017
ZA-00006040,ZAC0010080,26/08/2017 16:26,COMPLETE,29/08/2017 10:11,31/08/2017 11:53,01/09/2017
ZA-00006041,ZAC0020230,26/08/2017 08:01,COMPLETE,26/08/2017 19:58,28/08/2017 03:08,31/08/2017
ZA-00006042,ZAC0006146,26/08/2017 22:31,COMPLETE,29/08/2017 11:22,07/09/2017 14:07,02/09/2017
ZA-00006043,ZAC0009705,26/08/2017 09:19,COMPLETE,27/08/2017 16:02,08/09/2017 01:07,30/08/2017
ZA-00006044,ZAC0001399,26/08/2017 19:11,COMPLETE,27/08/2017 00:31,28/08/2017 13:06,06/09/2017
ZA-00006045,ZAC0000287,26/08/2017 16:58,COMPLETE,28/08/2017 23:20,29/08/2017 12:28,31/08/2017
ZA-00006046,ZAC0009955,26/08/2017 17:16,COMPLETE,27/08/2017 06:04,31/08/2017 03:38,06/09/2017
ZA-00006047,ZAC0001848,26/08/2017 07:34,COMPLETE,28/08/2017 19:44,04/09/2017 11:21,02/09/2017
ZA-00006048,ZAC0011016,26/08/2017 18:51,COMPLETE,29/08/2017 02:00,07/09/2017 11:46,08/09/2017
ZA-00006049,ZAC0006866,26/08/2017 09:58,COMPLETE,28/08/2017 09:42,30/08/2017 01:06,31/08/2017
ZA-00006050,ZAC0011065,26/08/2017 13:06,CANCELLED,,,
ZA-00006051,ZAC0019839,26/08/2017 06:45,COMPLETE,28/08/2017 02:36,06/09/2017 19:24,31/08/2017
ZA-00006052,ZAC0014782,26/08/2017 07:15,PENDING,,,
ZA-00006053,ZAC0018756,26/08/2017 12:14,COMPLETE,30/08/2017 11:28,09/09/2017 07:28,02/09/2017
ZA-00006054,ZAC0016454,26/08/2017 06:15,COMPLETE,27/08/2017 16:44,28/08/2017 16:44,31/08/2017
ZA-00006055,ZAC0018090,26/08/2017 18:39,COMPLETE,27/08/2017 04:57,01/09/2017 16:57,06/09/2017
ZA-00006056,ZAC0009894,26/08/2017 21:58,COMPLETE,28/08/2017 13:31,05/09/2017 14:11,02/09/2017
ZA-00006057,ZAC0018258,26/08/2017 06:31,COMPLETE,29/08/2017 06:36,01/09/2017 14:43,08/09/2017
ZA-00006058,ZAC0019085,26/08/2017 20:39,COMPLETE,30/08/2017 12:26,02/09/2017 06:21,04/09/2017
ZA-00006059,ZAC0002091,26/08/2017 14:24,COMPLETE,28/08/2017 02:56,05/09/2017 13:02,31/08/2017
ZA-00006060,ZAC0004416,26/08/2017 09:49,COMPLETE,29/08/2017 18:53,01/09/2017 00:01,02/09/2017
ZA-00006061,ZAC0014598,26/08/2017 19:20,COMPLETE,27/08/2017 20:14,02/09/2017 20:29,01/09/2017
ZA-00006062,ZAC0016193,26/08/2017 17:37,COMPLETE,01/09/2017 20:32,05/09/2017 04:30,06/09/2017
ZA-00006063,ZAC0007238,26/08/2017 06:37,COMPLETE,27/08/2017 20:21,01/09/2017 01:21,31/08/2017
ZA-00006064,ZAC0011492,26/08/2017 15:52,COMPLETE,29/08/2017 13:10,04/09/2017 21:07,05/09/2017
ZA-00006065,ZAC0011256,26/08/2017 13:18,COMPLETE,28/08/2017 02:32,02/09/2017 11:27,01/09/2017
ZA-00006066,ZAC0017842,26/08/2017 17:52,COMPLETE,29/08/2017 23:32,03/09/2017 07:56,03/09/2017
ZA-00006067,ZAC0022611,26/08/2017 15:58,COMPLETE,27/08/2017 14:10,05/09/2017 00:10,03/09/2017
ZA-00006068,ZAC0008094,26/08/2017 16:39,COMPLETE,27/08/2017 00:50,31/08/2017 15:37,03/09/2017
ZA-00006069,ZAC0000767,26/08/2017 17:59,CANCELLED,,,
ZA-00006070,ZAC0016419,26/08/2017 13:50,COMPLETE,29/08/2017 05:37,07/09/2017 23:30,02/09/2017
ZA-00006071,ZAC0018707,26/08/2017 13:56,COMPLETE,02/09/2017 16:09,06/09/2017 01:11,07/09/2017
ZA-00006072,ZAC0002521,26/08/2017 21:57,COMPLETE,28/08/2017 00:50,30/08/2017 15:50,31/08/2017
ZA-00006073,ZAC0016883,27/08/2017 12:06,COMPLETE,29/08/2017 01:13,30/08/2017 19:11,03/09/2017
ZA-00006074,ZAC0022876,27/08/2017 22:15,COMPLETE,29/08/2017 21:47,06/09/2017 09:41,01/09/2017
ZA-00006075,ZAC0015922,27/08/2017 17:41,COMPLETE,31/08/2017 04:47,01/09/2017 21:02,04/09/2017
ZA-00006076,ZAC0022015,27/08/2017 13:21,COMPLETE,27/08/2017 21:37,30/08/2017 16:46,01/09/2017
ZA-00006077,ZAC0001790,27/08/2017 18:53,COMPLETE,28/08/2017 14:37,05/09/2017 03:16,01/09/2017
ZA-00006078,ZAC0015543,27/08/2017 07:46,COMPLETE,28/08/2017 21:07,02/09/2017 11:05,31/08/2017
ZA-00006079,ZAC0006726,27/08/2017 14:20,COMPLETE,28/08/2017 02:32,30/08/2017 06:58,31/08/2017
ZA-00006080,ZAC0013474,27/08/2017 21:33,COMPLETE,29/08/2017 03:41,30/08/2017 04:51,02/09/2017
ZA-00006081,ZAC0004792,27/08/2017 14:26,COMPLETE,28/08/2017 12:04,30/08/2017 09:41,02/09/2017
ZA-00006082,ZAC0016533,27/08/2017 18:58,COMPLETE,29/08/2017 05:38,31/08/2017 00:51,02/09/2017
ZA-00006083,ZAC0020423,27/08/2017 21:49,COMPLETE,30/08/2017 19:23,03/09/2017 19:08,06/09/2017
ZA-00006084,ZAC0002257,27/08/2017 19:32,COMPLETE,30/08/2017 06:35,02/09/2017 12:46,02/09/2017
ZA-00006085,ZAC0008857,27/08/2017 22:41,COMPLETE,27/08/2017 23:27,02/09/2017 23:05,01/09/2017
ZA-00006086,ZAC0006532,27/08/2017 17:50,COMPLETE,30/08/2017 14:02,01/09/2017 18:11,04/09/2017
ZA-00006087,ZAC0006277,27/08/2017 14:57,DISPATCHED,28/08/2017 04:16,,01/09/2017
ZA-00006088,ZAC0011225,27/08/2017 06:58,COMPLETE,28/08/2017 11:09,04/09/2017 04:20,02/09/2017
ZA-00006089,ZAC0001736,27/08/2017 14:42,COMPLETE,30/08/2017 04:06,05/09/2017 00:40,03/09/2017
ZA-00006090,ZAC0002786,27/08/2017 13:37,COMPLETE,28/08/2017 15:11,04/09/2017 18:57,01/09/2017
ZA-00006091,ZAC0021817,27/08/2017 08:50,COMPLETE,28/08/2017 05:24,04/09/2017 18:23,01/09/2017
ZA-00006092,ZAC0006700,27/08/2017 19:26,COMPLETE,28/08/2017 01:09,30/08/2017 00:37,02/09/2017
ZA-00006093,ZAC0001199,27/08/2017 10:51,COMPLETE,31/08/2017 11:03,31/08/2017 22:06,07/09/2017
ZA-00006094,ZAC0011730,27/08/2017 12:25,COMPLETE,27/08/2017 21:30,02/09/2017 07:42,30/08/2017
ZA-00006095,ZAC0009747,27/08/2017 07:47,COMPLETE,29/08/2017 04:41,04/09/2017 15:07,03/09/2017
ZA-00006096,ZAC0016291,27/08/2017 06:46,COMPLETE,27/08/2017 14:17,28/08/2017 14:15,30/08/2017
ZA-00006097,ZAC0012020,27/08/2017 13:40,COMPLETE,28/08/2017 09:08,01/09/2017 19:11,04/09/2017
ZA-00006098,ZAC0022683,27/08/2017 17:37,COMPLETE,28/08/2017 15:21,03/09/2017 00:22,01/09/2017
ZA-00006099,ZAC0014871,27/08/2017 07:49,COMPLETE,28/08/2017 07:35,02/09/2017 20:03,01/09/2017
ZA-00006100,ZAC0019645,27/08/2017 21:33,COMPLETE,29/08/2017 00:46,31/08/2017 22:32,05/09/2017
ZA-00006101,ZAC0007234,27/08/2017 21:43,COMPLETE,30/08/2017 14:10,02/09/2017 12:23,09/09/2017
ZA-00006102,ZAC0001185,27/08/2017 07:12,COMPLETE,29/08/2017 10:43,30/08/2017 17:20,01/09/2017
ZA-00006103,ZAC0018068,27/08/2017 07:03,COMPLETE,02/09/2017 21:43,10/09/2017 17:42,06/09/2017
ZA-00006104,ZAC0014726,27/08/2017 13:45,COMPLETE,31/08/2017 11:25,02/09/2017 17:31,05/09/2017
ZA-00006105,ZAC0002552,27/08/2017 13:32,COMPLETE,02/09/2017 20:54,07/09/2017 15:09,09/09/2017
ZA-00006106,ZAC0020283,27/08/2017 08:46,COMPLETE,30/08/2017 05:09,01/09/2017 01:30,06/09/2017
ZA-00006107,ZAC0001114,27/08/2017 14:21,COMPLETE,28/08/2017 08:14,01/09/2017 14:58,04/09/2017
ZA-00006108,ZAC0020448,27/08/2017 16:13,COMPLETE,28/08/2017 03:10,31/08/2017 16:53,01/09/2017
ZA-00006109,ZAC0022800,27/08/2017 21:54,DISPATCHED,31/08/2017 00:52,,04/09/2017
ZA-00006110,ZAC0001849,27/08/2017 20:30,COMPLETE,30/08/2017 00:39,02/09/2017 04:44,03/09/2017
ZA-00006111,ZAC0010497,27/08/2017 13:53,COMPLETE,29/08/2017 13:05,31/08/2017 00:00,01/09/2017
ZA-00006112,ZAC0008822,27/08/2017 19:39,COMPLETE,31/08/2017 06:52,04/09/2017 15:18,04/09/2017
ZA-00006113,ZAC0004095,27/08/2017 19:29,COMPLETE,28/08/2017 12:42,03/09/2017 01:34,04/09/2017
ZA-00006114,ZAC0020728,27/08/2017 16:35,COMPLETE,29/08/2017 13:51,06/09/2017 13:43,02/09/2017
ZA-00006115,ZAC0011516,28/08/2017 13:48,COMPLETE,01/09/2017 23:53,04/09/2017 20:37,05/09/2017
ZA-00006116,ZAC0003391,28/08/2017 18:07,COMPLETE,29/08/2017 08:10,04/09/2017 09:11,03/09/2017
ZA-00006117,ZAC0017814,28/08/2017 21:26,COMPLETE,30/08/2017 17:23,11/09/2017 03:34,02/09/2017
ZA-00006118,ZAC0008831,28/08/2017 13:25,COMPLETE,01/09/2017 04:48,10/09/2017 13:05,05/09/2017
ZA-00006119,ZAC0011376,28/08/2017 21:09,CANCELLED,,,
ZA-00006120,ZAC0023262,28/08/2017 20:09,COMPLETE,29/08/2017 20:32,05/09/2017 00:09,03/09/2017
ZA-00006121,ZAC0009955,28/08/2017 11:20,COMPLETE,03/09/2017 07:00,06/09/2017 19:52,08/09/2017
ZA-00006122,ZAC0023911,28/08/2017 19:32,COMPLETE,29/08/2017 03:35,02/09/2017 09:06,02/09/2017
ZA-00006123,ZAC0005833,28/08/2017 10:18,COMPLETE,30/08/2017 07:27,03/09/2017 13:20,03/09/2017
ZA-00006124,ZAC0003314,28/08/2017 17:29,COMPLETE,30/08/2017 01:58,03/09/2017 17:55,09/09/2017
ZA-00006125,ZAC0005749,28/08/2017 21:35,COMPLETE,02/09/2017 11:05,14/09/2017 09:45,07/09/2017
ZA-00006126,ZAC0008441,28/08/2017 10:19,COMPLETE,29/08/2017 05:32,03/09/2017 18:18,02/09/2017
ZA-00006127,ZAC0019232,28/08/2017 22:37,COMPLETE,29/08/2017 05:20,02/09/2017 21:45,02/09/2017
ZA-00006128,ZAC0017436,28/08/2017 13:17,COMPLETE,30/08/2017 08:10,05/09/2017 16:45,03/09/2017
ZA-00006129,ZAC0009646,28/08/2017 19:31,CANCELLED,,,
ZA-00006130,ZAC0001026,28/08/2017 06:59,COMPLETE,30/08/2017 13:07,08/09/2017 19:16,09/09/2017
ZA-00006131,ZAC0003648,28/08/2017 11:18,COMPLETE,29/08/2017 02:04,04/09/2017 10:36,02/09/2017
ZA-00006132,ZAC0002322,28/08/2017 17:51,COMPLETE,30/08/2017 15:35,04/09/2017 18:18,03/09/2017
ZA-00006133,ZAC0017340,28/08/2017 06:45,COMPLETE,29/08/2017 01:06,30/08/2017 10:52,03/09/2017
ZA-00006134,ZAC0021308,28/08/2017 13:06,COMPLETE,28/08/2017 22:22,04/09/2017 13:22,02/09/2017
ZA-00006135,ZAC0014717,28/08/2017 13:16,COMPLETE,01/09/2017 02:06,03/09/2017 00:06,05/09/2017
ZA-00006136,ZAC0004914,28/08/2017 22:31,DISPATCHED,29/08/2017 08:47,,05/09/2017
ZA-00006137,ZAC0005416,28/08/2017 14:27,COMPLETE,29/08/2017 03:55,01/09/2017 15:59,02/09/2017
ZA-00006138,ZAC0015313,28/08/2017 19:03,RETURNED,29/08/2017 15:25,05/09/2017 05:32,05/09/2017
ZA-00006139,ZAC0019946,28/08/2017 14:24,COMPLETE,28/08/2017 22:30,30/08/2017 16:46,01/09/2017
ZA-00006140,ZAC0006946,28/08/2017 13:20,COMPLETE,30/08/2017 03:38,06/09/2017 04:44,03/09/2017
ZA-00006141,ZAC0007856,28/08/2017 06:51,COMPLETE,03/09/2017 04:35,04/09/2017 17:56,08/09/2017
ZA-00006142,ZAC0001738,28/08/2017 10:38,COMPLETE,29/08/2017 23:44,01/09/2017 03:00,03/09/2017
ZA-00006143,ZAC0023395,28/08/2017 11:05,COMPLETE,30/08/2017 03:18,02/09/2017 04:57,02/09/2017
ZA-00006144,ZAC0010229,28/08/2017 06:17,COMPLETE,30/08/2017 10:57,31/08/2017 20:42,04/09/2017
ZA-00006145,ZAC0005697,28/08/2017 06:48,COMPLETE,30/08/2017 09:09,03/09/2017 13:09,04/09/2017
ZA-00006146,ZAC0004180,28/08/2017 15:03,COMPLETE,29/08/2017 13:56,30/08/2017 13:17,02/09/2017
ZA-00006147,ZAC0016530,28/08/2017 13:43,COMPLETE,30/08/2017 15:28,31/08/2017 04:31,03/09/2017
ZA-00006148,ZAC0004900,28/08/2017 09:26,COMPLETE,31/08/2017 13:58,07/09/2017 12:31,04/09/2017
ZA-00006149,ZAC0021513,28/08/2017 15:04,COMPLETE,29/08/2017 00:12,02/09/2017 03:03,02/09/2017
ZA-00006150,ZAC0012291,28/08/2017 17:24,PENDING,,,
ZA-00006151,ZAC0003663,28/08/2017 12:09,COMPLETE,01/09/2017 12:38,05/09/2017 12:11,08/09/2017
ZA-00006152,ZAC0016779,28/08/2017 20:28,COMPLETE,29/08/2017 16:12,04/09/2017 01:58,02/09/2017
ZA-00006153,ZAC0004864,28/08/2017 18:14,CANCELLED,,,
ZA-00006154,ZAC0017102,28/08/2017 22:03,COMPLETE,31/08/2017 03:42,06/09/2017 09:33,07/09/2017
ZA-00006155,ZAC0021887,28/08/2017 06:58,COMPLETE,01/09/2017 17:52,06/09/2017 21:12,08/09/2017
ZA-00006156,ZAC0003237,28/08/2017 21:29,COMPLETE,01/09/2017 10:26,02/09/2017 04:33,05/09/2017
ZA-00006157,ZAC0022875,28/08/2017 14:18,COMPLETE,31/08/2017 15:31,02/09/2017 12:03,03/09/2017
ZA-00006158,ZAC0020988,28/08/2017 07:02,COMPLETE,31/08/2017 17:17,07/09/2017 17:03,07/09/2017
ZA-00006159,ZAC0014484,28/08/2017 15:53,COMPLETE,03/09/2017 09:28,04/09/2017 19:10,13/09/2017
ZA-00006160,ZAC0005724,28/08/2017 15:10,COMPLETE,31/08/2017 17:55,05/09/2017 23:10,10/09/2017
ZA-00006161,ZAC0020435,28/08/2017 22:32,COMPLETE,30/08/2017 15:23,02/09/2017 08:11,03/09/2017
ZA-00006162,ZAC0016555,28/08/2017 10:36,COMPLETE,29/08/2017 03:46,31/08/2017 17:47,08/09/2017
ZA-00006163,ZAC0016950,28/08/2017 09:00,COMPLETE,30/08/2017 00:13,31/08/2017 22:08,06/09/2017
ZA-00006164,ZAC0015836,28/08/2017 13:33,COMPLETE,01/09/2017 14:20,04/09/2017 01:39,06/09/2017
ZA-00006165,ZAC0021489,28/08/2017 14:13,COMPLETE,29/08/2017 19:55,31/08/2017 01:46,03/09/2017
ZA-00006166,ZAC0008219,28/08/2017 18:00,RETURNED,29/08/2017 04:57,04/09/2017 10:07,02/09/2017
ZA-00006167,ZAC0023075,29/08/2017 14:56,COMPLETE,31/08/2017 08:23,01/09/2017 06:50,04/09/2017
ZA-00006168,ZAC0013451,29/08/2017 08:45,RETURNED,29/08/2017 22:51,01/09/2017 01:12,08/09/2017
ZA-00006169,ZAC0010973,29/08/2017 06:07,COMPLETE,30/08/2017 07:29,01/09/2017 19:47,06/09/2017
ZA-00006170,ZAC0022771,29/08/2017 12:28,COMPLETE,31/08/2017 02:39,04/09/2017 04:16,04/09/2017
ZA-00006171,ZAC0012660,29/08/2017 14:10,COMPLETE,30/08/2017 23:30,13/09/2017 02:33,06/09/2017
ZA-00006172,ZAC0016608,29/08/2017 13:57,COMPLETE,31/08/2017 20:21,05/09/2017 02:34,05/09/2017
ZA-00006173,ZAC0019096,29/08/2017 21:30,COMPLETE,31/08/2017 07:33,03/09/2017 22:32,04/09/2017
ZA-00006174,ZAC0006031,29/08/2017 12:26,COMPLETE,01/09/2017 00:22,02/09/2017 23:06,11/09/2017
ZA-00006175,ZAC0002993,29/08/2017 21:51,COMPLETE,02/09/2017 06:23,05/09/2017 10:59,05/09/2017
ZA-00006176,ZAC0018937,29/08/2017 20:50,COMPLETE,01/09/2017 18:31,06/09/2017 01:18,08/09/2017
ZA-00006177,ZAC0001752,29/08/2017 12:32,COMPLETE,29/08/2017 22:58,03/09/2017 17:27,02/09/2017
ZA-00006178,ZAC0018043,29/08/2017 19:08,COMPLETE,02/09/2017 03:16,10/09/2017 20:11,12/09/2017
ZA-00006179,ZAC0005806,29/08/2017 19:40,COMPLETE,31/08/2017 01:37,02/09/2017 10:04,03/09/2017
ZA-00006180,ZAC0003195,29/08/2017 11:05,COMPLETE,31/08/2017 14:43,04/09/2017 18:14,04/09/2017
ZA-00006181,ZAC0011518,29/08/2017 21:46,COMPLETE,02/09/2017 20:11,10/09/2017 20:33,07/09/2017
ZA-00006182,ZAC0019925,29/08/2017 09:00,COMPLETE,29/08/2017 18:05,01/09/2017 04:55,03/09/2017
ZA-00006183,ZAC0020402,29/08/2017 12:56,COMPLETE,29/08/2017 22:28,01/09/2017 05:27,01/09/2017
ZA-00006184,ZAC0009236,29/08/2017 09:02,COMPLETE,30/08/2017 21:35,03/09/2017 07:00,03/09/2017
ZA-00006185,ZAC0020772,29/08/2017 07:08,COMPLETE,02/09/2017 18:55,10/09/2017 10:23,09/09/2017
ZA-00006186,ZAC0006319,29/08/2017 16:27,COMPLETE,01/09/2017 20:05,04/09/2017 04:58,05/09/2017
ZA-00006187,ZAC0005456,29/08/2017 06:17,PENDING,,,
ZA-00006188,ZAC0015288,29/08/2017 18:57,COMPLETE,31/08/2017 08:28,06/09/2017 03:38,05/09/2017
ZA-00006189,ZAC0005293,29/08/2017 17:57,COMPLETE,30/08/2017 09:15,01/09/2017 07:14,09/09/2017
ZA-00006190,ZAC0005392,29/08/2017 22:11,COMPLETE,01/09/2017 00:25,08/09/2017 21:05,08/09/2017
ZA-00006191,ZAC0012778,29/08/2017 22:17,COMPLETE,31/08/2017 08:43,06/09/2017 23:39,07/09/2017
ZA-00006192,ZAC0020614,29/08/2017 21:37,COMPLETE,31/08/2017 20:56,02/09/2017 17:02,07/09/2017
ZA-00006193,ZAC0013286,29/08/2017 22:01,COMPLETE,31/08/2017 19:24,06/09/2017 17:13,05/09/2017
ZA-00006194,ZAC0017800,29/08/2017 20:29,COMPLETE,31/08/2017 05:31,05/09/2017 11:53,04/09/2017
ZA-00006195,ZAC0003130,29/08/2017 10:32,COMPLETE,31/08/2017 03:41,02/09/2017 11:40,03/09/2017
ZA-00006196,ZAC0015618,29/08/2017 11:29,COMPLETE,03/09/2017 18:15,09/09/2017 11:07,10/09/2017
ZA-00006197,ZAC0021289,29/08/2017 16:57,DISPATCHED,31/08/2017 20:28,,07/09/2017
ZA-00006198,ZAC0008013,29/08/2017 20:39,CANCELLED,,,
ZA-00006199,ZAC0018654,29/08/2017 06:53,COMPLETE,30/08/2017 03:50,03/09/2017 02:54,09/09/2017
ZA-00006200,ZAC0017866,29/08/2017 09:28,COMPLETE,02/09/2017 07:02,05/09/2017 12:08,06/09/2017
ZA-00006201,ZAC0003660,29/08/2017 16:20,COMPLETE,31/08/2017 00:07,01/09/2017 11:09,03/09/2017
ZA-00006202,ZAC0005030,29/08/2017 17:36,COMPLETE,30/08/2017 00:10,07/09/2017 23:38,06/09/2017
ZA-00006203,ZAC0009856,29/08/2017 12:22,COMPLETE,29/08/2017 14:10,31/08/2017 18:10,03/09/2017
ZA-00006204,ZAC0009019,29/08/2017 18:42,COMPLETE,01/09/2017 17:34,03/09/2017 10:56,08/09/2017
ZA-00006205,ZAC0001137,29/08/2017 14:10,COMPLETE,31/08/2017 01:56,09/09/2017 22:32,03/09/2017
ZA-00006206,ZAC0003595,29/08/2017 10:38,PENDING,,,
ZA-00006207,ZAC0006175,29/08/2017 21:28,COMPLETE,03/09/2017 04:11,04/09/2017 20:13,07/09/2017
ZA-00006208,ZAC0019641,29/08/2017 07:42,COMPLETE,31/08/2017 16:50,09/09/2017 09:48,03/09/2017
ZA-00006209,ZAC0021762,30/08/2017 22:05,COMPLETE,02/09/2017 07:38,09/09/2017 04:14,09/09/2017
ZA-00006210,ZAC0021540,30/08/2017 14:12,COMPLETE,01/09/2017 01:08,05/09/2017 20:09,06/09/2017
ZA-00006211,ZAC0020715,30/08/2017 20:14,COMPLETE,31/08/2017 07:04,08/09/2017 04:58,05/09/2017
ZA-00006212,ZAC0015234,30/08/2017 14:15,COMPLETE,02/09/2017 00:13,05/09/2017 10:36,05/09/2017
ZA-00006213,ZAC0007535,30/08/2017 21:23,COMPLETE,31/08/2017 11:36,05/09/2017 14:19,04/09/2017
ZA-00006214,ZAC0008255,30/08/2017 14:04,PENDING,,,
ZA-00006215,ZAC0009714,30/08/2017 08:45,COMPLETE,01/09/2017 03:10,03/09/2017 06:10,06/09/2017
ZA-00006216,ZAC0007773,30/08/2017 12:55,COMPLETE,31/08/2017 04:20,15/09/2017 00:03,05/09/2017
ZA-00006217,ZAC0013001,30/08/2017 21:42,COMPLETE,31/08/2017 08:06,01/09/2017 09:16,05/09/2017
ZA-00006218,ZAC0017493,30/08/2017 12:27,COMPLETE,31/08/2017 11:59,02/09/2017 05:05,04/09/2017
ZA-00006219,ZAC0005868,30/08/2017 18:28,COMPLETE,31/08/2017 06:59,05/09/2017 11:11,07/09/2017
ZA-00006220,ZAC0011110,30/08/2017 21:33,CANCELLED,,,
ZA-00006221,ZAC0019283,30/08/2017 18:19,COMPLETE,01/09/2017 07:42,04/09/2017 08:21,04/09/2017
ZA-00006222,ZAC0006602,30/08/2017 10:57,COMPLETE,31/08/2017 18:10,03/09/2017 10:33,03/09/2017
ZA-00006223,ZAC0002032,30/08/2017 08:55,DISPATCHED,03/09/2017 20:25,,08/09/2017
ZA-00006224,ZAC0014206,30/08/2017 17:54,COMPLETE,02/09/2017 16:30,10/09/2017 15:03,07/09/2017
ZA-00006225,ZAC0015649,30/08/2017 07:54,COMPLETE,01/09/2017 15:44,03/09/2017 23:06,08/09/2017
ZA-00006226,ZAC0006978,30/08/2017 20:46,COMPLETE,04/09/2017 10:47,07/09/2017 14:36,11/09/2017
ZA-00006227,ZAC0019524,30/08/2017 12:34,COMPLETE,04/09/2017 04:50,13/09/2017 20:07,09/09/2017
ZA-00006228,ZAC0016167,30/08/2017 10:42,COMPLETE,03/09/2017 12:40,06/09/2017 14:18,07/09/2017
ZA-00006229,ZAC0003692,30/08/2017 17:54,COMPLETE,31/08/2017 04:16,07/09/2017 11:56,05/09/2017
ZA-00006230,ZAC0000928,30/08/2017 17:21,COMPLETE,02/09/2017 17:23,07/09/2017 17:04,12/09/2017
ZA-00006231,ZAC0011945,30/08/2017 14:55,COMPLETE,31/08/2017 12:49,04/09/2017 03:19,07/09/2017
ZA-00006232,ZAC0013467,30/08/2017 17:15,COMPLETE,31/08/2017 08:19,06/09/2017 20:10,05/09/2017
ZA-00006233,ZAC0018873,30/08/2017 19:38,COMPLETE,01/09/2017 00:00,07/09/2017 21:56,08/09/2017
ZA-00006234,ZAC0008761,30/08/2017 22:26,COMPLETE,04/09/2017 20:50,12/09/2017 00:33,08/09/2017
ZA-00006235,ZAC0016934,30/08/2017 12:35,COMPLETE,01/09/2017 14:55,06/09/2017 17:20,06/09/2017
ZA-00006236,ZAC0004021,30/08/2017 21:33,COMPLETE,03/09/2017 04:15,10/09/2017 08:46,06/09/2017
ZA-00006237,ZAC0008341,30/08/2017 16:35,COMPLETE,31/08/2017 03:18,04/09/2017 09:36,05/09/2017
ZA-00006238,ZAC0010695,30/08/2017 16:04,COMPLETE,01/09/2017 19:31,10/09/2017 05:40,11/09/2017
ZA-00006239,ZAC0009466,30/08/2017 06:20,COMPLETE,31/08/2017 03:16,03/09/2017 00:57,07/09/2017
ZA-00006240,ZAC0018188,30/08/2017 19:14,COMPLETE,03/09/2017 09:38,09/09/2017 20:50,06/09/2017
ZA-00006241,ZAC0009273,30/08/2017 11:15,CANCELLED,,,
ZA-00006242,ZAC0017859,30/08/2017 20:06,COMPLETE,02/09/2017 13:54,03/09/2017 17:17,12/09/2017
ZA-00006243,ZAC0011570,30/08/2017 21:45,COMPLETE,01/09/2017 09:13,05/09/2017 07:34,11/09/2017
ZA-00006244,ZAC0010446,30/08/2017 18:16,COMPLETE,31/08/2017 20:34,02/09/2017 05:34,04/09/2017
ZA-00006245,ZAC0002802,30/08/2017 11:48,CANCELLED,,,
ZA-00006246,ZAC0019472,30/08/2017 15:35,COMPLETE,04/09/2017 05:25,06/09/2017 05:10,14/09/2017
ZA-00006247,ZAC0020417,30/08/2017 13:05,COMPLETE,30/08/2017 21:50,31/08/2017 22:45,04/09/2017
ZA-00006248,ZAC0009332,30/08/2017 07:20,COMPLETE,02/09/2017 18:10,17/09/2017 04:55,06/09/2017
ZA-00006249,ZAC0008473,30/08/2017 21:29,COMPLETE,02/09/2017 13:23,04/09/2017 15:01,05/09/2017
ZA-00006250,ZAC0003691,30/08/2017 10:30,COMPLETE,30/08/2017 23:20,01/09/2017 14:12,06/09/2017
ZA-00006251,ZAC0018768,30/08/2017 13:54,COMPLETE,01/09/2017 14:56,07/09/2017 01:52,08/09/2017
ZA-00006252,ZAC0018785,30/08/2017 15:24,COMPLETE,02/09/2017 04:33,05/09/2017 16:29,12/09/2017
ZA-00006253,ZAC0019442,30/08/2017 21:29,COMPLETE,02/09/2017 06:19,02/09/2017 17:34,06/09/2017
ZA-00006254,ZAC0019355,30/08/2017 15:07,COMPLETE,05/09/2017 04:42,09/09/2017 01:29,09/09/2017
ZA-00006255,ZAC0012496,30/08/2017 17:43,COMPLETE,30/08/2017 20:51,31/08/2017 13:07,04/09/2017
ZA-00006256,ZAC0014155,30/08/2017 13:38,CANCELLED,,,
ZA-00006257,ZAC0001101,30/08/2017 14:27,COMPLETE,31/08/2017 18:16,01/09/2017 19:51,03/09/2017
ZA-00006258,ZAC0014335,31/08/2017 07:16,COMPLETE,04/09/2017 13:44,05/09/2017 06:22,09/09/2017
ZA-00006259,ZAC0016730,31/08/2017 15:59,COMPLETE,05/09/2017 12:02,17/09/2017 18:24,10/09/2017
ZA-00006260,ZAC0023134,31/08/2017 15:05,COMPLETE,02/09/2017 21:48,04/09/2017 07:34,06/09/2017
ZA-00006261,ZAC0020552,31/08/2017 07:51,COMPLETE,31/08/2017 15:19,03/09/2017 00:04,05/09/2017
ZA-00006262,ZAC0003476,31/08/2017 10:21,COMPLETE,03/09/2017 12:35,07/09/2017 06:38,06/09/2017
ZA-00006263,ZAC0001642,31/08/2017 14:00,COMPLETE,03/09/2017 14:46,05/09/2017 03:25,10/09/2017
ZA-00006264,ZAC0007382,31/08/2017 18:18,CANCELLED,,,
ZA-00006265,ZAC0009304,31/08/2017 08:39,COMPLETE,03/09/2017 05:23,07/09/2017 10:19,08/09/2017
ZA-00006266,ZAC0007530,31/08/2017 11:06,COMPLETE,01/09/2017 13:03,13/09/2017 02:44,08/09/2017
ZA-00006267,ZAC0001389,31/08/2017 14:21,COMPLETE,01/09/2017 05:53,07/09/2017 09:15,04/09/2017
ZA-00006268,ZAC0000338,31/08/2017 16:24,COMPLETE,03/09/2017 20:43,08/09/2017 05:23,07/09/2017
ZA-00006269,ZAC0023074,31/08/2017 16:05,COMPLETE,03/09/2017 12:33,07/09/2017 20:20,08/09/2017
ZA-00006270,ZAC0010188,31/08/2017 19:21,RETURNED,05/09/2017 15:27,09/09/2017 07:17,15/09/2017
ZA-00006271,ZAC0013562,31/08/2017 21:50,COMPLETE,05/09/2017 11:35,08/09/2017 19:16,09/09/2017
ZA-00006272,ZAC0003064,31/08/2017 17:53,COMPLETE,02/09/2017 08:28,07/09/2017 22:55,06/09/2017
ZA-00006273,ZAC0015997,31/08/2017 16:50,COMPLETE,01/09/2017 11:33,11/09/2017 13:42,06/09/2017
ZA-00006274,ZAC0023943,31/08/2017 07:54,COMPLETE,01/09/2017 14:51,04/09/2017 06:13,06/09/2017
ZA-00006275,ZAC0004843,31/08/2017 22:36,COMPLETE,01/09/2017 14:27,02/09/2017 13:13,08/09/2017
ZA-00006276,ZAC0005568,31/08/2017 19:29,COMPLETE,02/09/2017 04:55,08/09/2017 03:14,07/09/2017
ZA-00006277,ZAC0009879,31/08/2017 20:38,COMPLETE,03/09/2017 14:16,04/09/2017 19:49,10/09/2017
ZA-00006278,ZAC0018407,31/08/2017 11:14,COMPLETE,01/09/2017 12:26,02/09/2017 21:19,11/09/2017
ZA-00006279,ZAC0003561,31/08/2017 12:54,COMPLETE,03/09/2017 04:47,12/09/2017 06:15,08/09/2017
ZA-00006280,ZAC0021716,31/08/2017 08:06,COMPLETE,01/09/2017 07:29,02/09/2017 23:39,05/09/2017
ZA-00006281,ZAC0006422,31/08/2017 14:30,COMPLETE,02/09/2017 13:09,05/09/2017 11:26,05/09/2017
ZA-00006282,ZAC0005828,31/08/2017 09:19,COMPLETE,31/08/2017 16:26,01/09/2017 14:19,03/09/2017
ZA-00006283,ZAC0002703,31/08/2017 10:48,COMPLETE,31/08/2017 23:01,08/09/2017 00:32,03/09/2017
ZA-00006284,ZAC0001779,31/08/2017 22:40,COMPLETE,03/09/2017 13:12,05/09/2017 02:02,07/09/2017
ZA-00006285,ZAC0018173,31/08/2017 12:20,COMPLETE,01/09/2017 19:25,07/09/2017 08:52,11/09/2017
ZA-00006286,ZAC0013589,31/08/2017 17:33,PENDING,,,
ZA-00006287,ZAC0014554,31/08/2017 21:43,DISPATCHED,02/09/2017 08:55,,06/09/2017
ZA-00006288,ZAC0003815,31/08/2017 16:28,COMPLETE,02/09/2017 08:47,06/09/2017 03:38,12/09/2017
ZA-00006289,ZAC0018381,31/08/2017 20:22,COMPLETE,02/09/2017 17:31,04/09/2017 10:12,07/09/2017
ZA-00006290,ZAC0014826,31/08/2017 09:01,COMPLETE,31/08/2017 23:13,04/09/2017 09:19,03/09/2017
ZA-00006291,ZAC0009927,31/08/2017 12:06,COMPLETE,02/09/2017 20:38,07/09/2017 00:47,06/09/2017
ZA-00006292,ZAC0013504,31/08/2017 12:16,COMPLETE,31/08/2017 19:00,07/09/2017 01:47,05/09/2017
ZA-00006293,ZAC0017242,31/08/2017 10:54,COMPLETE,01/09/2017 16:07,09/09/2017 23:27,06/09/2017
ZA-00006294,ZAC0011858,31/08/2017 20:31,COMPLETE,02/09/2017 22:28,05/09/2017 23:05,12/09/2017
ZA-00006295,ZAC0010278,31/08/2017 22:55,COMPLETE,03/09/2017 04:01,09/09/2017 21:22,07/09/2017
ZA-00006296,ZAC0010527,31/08/2017 16:51,COMPLETE,02/09/2017 23:19,21/09/2017 07:51,12/09/2017
ZA-00006297,ZAC0011930,31/08/2017 21:44,COMPLETE,01/09/2017 19:25,11/09/2017 07:09,05/09/2017
ZA-00006298,ZAC0002650,31/08/2017 21:22,DISPATCHED,01/09/2017 20:34,,08/09/2017
ZA-00006299,ZAC0021745,31/08/2017 17:17,COMPLETE,01/09/2017 00:28,02/09/2017 14:52,08/09/2017
ZA-00006300,ZAC0001791,31/08/2017 20:23,COMPLETE,02/09/2017 16:06,06/09/2017 20:24,06/09/2017
ZA-00006301,ZAC0007446,31/08/2017 12:41,DISPATCHED,02/09/2017 01:45,,09/09/2017
ZA-00006302,ZAC0018541,31/08/2017 20:01,COMPLETE,04/09/2017 05:02,05/09/2017 11:36,08/09/2017
ZA-00006303,ZAC0018648,31/08/2017 12:25,COMPLETE,06/09/2017 23:14,12/09/2017 11:14,11/09/2017
ZA-00006304,ZAC0007650,31/08/2017 10:00,COMPLETE,03/09/2017 05:03,16/09/2017 21:12,07/09/2017
ZA-00006305,ZAC0004616,31/08/2017 19:02,COMPLETE,02/09/2017 06:49,05/09/2017 17:04,09/09/2017
ZA-00006306,ZAC0019059,31/08/2017 14:29,COMPLETE,02/09/2017 09:40,04/09/2017 07:24,12/09/2017
ZA-00006307,ZAC0012370,31/08/2017 22:12,COMPLETE,04/09/2017 08:02,08/09/2017 23:08,11/09/2017
ZA-00006308,ZAC0013608,31/08/2017 15:33,DISPATCHED,03/09/2017 06:34,,07/09/2017
ZA-00006309,ZAC0023349,31/08/2017 13:22,COMPLETE,01/09/2017 16:40,04/09/2017 17:16,05/09/2017
ZA-00006310,ZAC0007927,31/08/2017 13:32,COMPLETE,02/09/2017 15:23,05/09/2017 21:20,07/09/2017
ZA-00006311,ZAC0000422,31/08/2017 09:18,DISPATCHED,01/09/2017 03:26,,11/09/2017
ZA-00006312,ZAC0000376,31/08/2017 17:56,COMPLETE,02/09/2017 18:59,09/09/2017 12:18,07/09/2017
ZA-00006313,ZAC0008080,31/08/2017 20:24,COMPLETE,03/09/2017 13:08,04/09/2017 20:50,08/09/2017
ZA-00006314,ZAC0023058,31/08/2017 18:47,COMPLETE,04/09/2017 03:21,05/09/2017 07:08,07/09/2017
