ord_ref,buyer_ref,ord_dt,ord_state,dispatch_dt,received_dt,promised_dt,promo_code
ZA-00025564,ZAC0023103,01/07/2018 12:48,COMPLETE,02/07/2018 16:14,08/07/2018 17:17,06/07/2018,
ZA-00025565,ZAC0018907,01/07/2018 12:51,COMPLETE,02/07/2018 07:45,10/07/2018 09:27,07/07/2018,LOYAL5
ZA-00025566,ZAC0002727,01/07/2018 17:30,COMPLETE,04/07/2018 03:56,05/07/2018 20:03,07/07/2018,
ZA-00025567,ZAC0001358,01/07/2018 11:20,COMPLETE,03/07/2018 17:15,03/07/2018 22:27,10/07/2018,
ZA-00025568,ZAC0006015,01/07/2018 11:51,COMPLETE,05/07/2018 00:24,09/07/2018 15:08,09/07/2018,
ZA-00025569,ZAC0001200,01/07/2018 09:45,COMPLETE,02/07/2018 04:09,08/07/2018 09:10,07/07/2018,
ZA-00025570,ZAC0018104,01/07/2018 11:17,CANCELLED,,,,LOYAL5
ZA-00025571,ZAC0001399,01/07/2018 08:35,COMPLETE,10/07/2018 12:52,16/07/2018 17:01,14/07/2018,FREESHIP
ZA-00025572,ZAC0008628,01/07/2018 18:26,COMPLETE,04/07/2018 12:29,11/07/2018 07:36,09/07/2018,
ZA-00025573,ZAC0002969,01/07/2018 10:52,COMPLETE,07/07/2018 03:59,11/07/2018 19:34,11/07/2018,
ZA-00025574,ZAC0020536,01/07/2018 19:30,COMPLETE,05/07/2018 16:41,07/07/2018 21:17,10/07/2018,
ZA-00025575,ZAC0000304,01/07/2018 07:24,COMPLETE,03/07/2018 00:03,06/07/2018 19:37,07/07/2018,
ZA-00025576,ZAC0020932,01/07/2018 20:48,COMPLETE,04/07/2018 05:25,11/07/2018 05:23,07/07/2018,
ZA-00025577,ZAC0019130,01/07/2018 07:26,COMPLETE,01/07/2018 10:52,06/07/2018 01:00,04/07/2018,LOYAL5
ZA-00025578,ZAC0017250,01/07/2018 07:49,COMPLETE,02/07/2018 11:30,07/07/2018 05:33,06/07/2018,
ZA-00025579,ZAC0013696,01/07/2018 13:47,COMPLETE,06/07/2018 12:54,12/07/2018 07:27,13/07/2018,
ZA-00025580,ZAC0001062,01/07/2018 08:19,COMPLETE,04/07/2018 20:23,07/07/2018 03:33,08/07/2018,
ZA-00025581,ZAC0000217,01/07/2018 06:56,COMPLETE,05/07/2018 15:50,13/07/2018 14:21,10/07/2018,
ZA-00025582,ZAC0008751,01/07/2018 11:36,COMPLETE,02/07/2018 23:16,07/07/2018 01:20,07/07/2018,
ZA-00025583,ZAC0011062,01/07/2018 11:21,COMPLETE,03/07/2018 20:21,07/07/2018 18:09,13/07/2018,FREESHIP
ZA-00025584,ZAC0016900,01/07/2018 17:28,COMPLETE,04/07/2018 17:21,06/07/2018 23:33,07/07/2018,
ZA-00025585,ZAC0015351,01/07/2018 19:21,COMPLETE,03/07/2018 04:07,10/07/2018 00:11,06/07/2018,
ZA-00025586,ZAC0019575,01/07/2018 14:48,COMPLETE,02/07/2018 17:06,06/07/2018 13:11,05/07/2018,WINTER15
ZA-00025587,ZAC0020925,01/07/2018 15:26,COMPLETE,03/07/2018 08:32,09/07/2018 21:20,10/07/2018,
ZA-00025588,ZAC0002285,01/07/2018 07:30,COMPLETE,02/07/2018 14:47,06/07/2018 13:24,06/07/2018,
ZA-00025589,ZAC0004924,01/07/2018 07:06,COMPLETE,03/07/2018 09:13,09/07/2018 02:42,13/07/2018,FREESHIP
ZA-00025590,ZAC0004122,01/07/2018 14:20,COMPLETE,02/07/2018 14:33,07/07/2018 02:27,06/07/2018,
ZA-00025591,ZAC0002302,01/07/2018 21:12,COMPLETE,04/07/2018 10:27,05/07/2018 04:45,14/07/2018,
ZA-00025592,ZAC0003540,01/07/2018 21:12,COMPLETE,03/07/2018 06:25,05/07/2018 12:38,07/07/2018,
ZA-00025593,ZAC0006876,01/07/2018 17:10,COMPLETE,03/07/2018 14:46,05/07/2018 15:43,07/07/2018,
ZA-00025594,ZAC0012108,01/07/2018 12:59,COMPLETE,04/07/2018 16:38,06/07/2018 06:25,08/07/2018,
ZA-00025595,ZAC0019268,01/07/2018 21:35,COMPLETE,05/07/2018 13:04,11/07/2018 23:43,09/07/2018,
ZA-00025596,ZAC0017713,01/07/2018 07:28,COMPLETE,04/07/2018 12:46,12/07/2018 10:36,09/07/2018,
ZA-00025597,ZAC0020221,01/07/2018 09:04,COMPLETE,05/07/2018 15:29,10/07/2018 21:40,09/07/2018,
ZA-00025598,ZAC0009318,01/07/2018 19:06,COMPLETE,02/07/2018 00:38,04/07/2018 07:58,07/07/2018,
ZA-00025599,ZAC0002766,01/07/2018 17:15,COMPLETE,03/07/2018 22:49,06/07/2018 14:14,07/07/2018,
ZA-00025600,ZAC0014303,01/07/2018 18:55,COMPLETE,06/07/2018 01:17,09/07/2018 04:37,11/07/2018,
ZA-00025601,ZAC0007869,01/07/2018 08:59,COMPLETE,03/07/2018 03:40,06/07/2018 02:58,06/07/2018,
ZA-00025602,ZAC0017440,01/07/2018 14:02,DISPATCHED,03/07/2018 13:42,,06/07/2018,
ZA-00025603,ZAC0006189,01/07/2018 07:20,COMPLETE,02/07/2018 00:26,10/07/2018 18:42,06/07/2018,
ZA-00025604,ZAC0018556,01/07/2018 21:09,COMPLETE,03/07/2018 20:36,09/07/2018 15:43,13/07/2018,
ZA-00025605,ZAC0023503,01/07/2018 20:39,COMPLETE,06/07/2018 03:09,12/07/2018 18:25,10/07/2018,
ZA-00025606,ZAC0018991,01/07/2018 09:09,COMPLETE,03/07/2018 09:02,06/07/2018 10:43,10/07/2018,
ZA-00025607,ZAC0004939,01/07/2018 19:46,COMPLETE,02/07/2018 12:58,06/07/2018 09:13,07/07/2018,
ZA-00025608,ZAC0017819,01/07/2018 14:04,COMPLETE,02/07/2018 05:48,05/07/2018 05:41,06/07/2018,FREESHIP
ZA-00025609,ZAC0009348,01/07/2018 17:02,DISPATCHED,03/07/2018 07:00,,07/07/2018,BULK20
ZA-00025610,ZAC0023617,01/07/2018 21:44,COMPLETE,02/07/2018 07:29,05/07/2018 19:53,07/07/2018,WELCOME10
ZA-00025611,ZAC0011472,01/07/2018 09:25,COMPLETE,02/07/2018 12:14,08/07/2018 20:52,12/07/2018,WELCOME10
ZA-00025612,ZAC0010769,01/07/2018 14:20,COMPLETE,02/07/2018 10:24,04/07/2018 23:19,05/07/2018,
ZA-00025613,ZAC0021231,01/07/2018 15:06,COMPLETE,03/07/2018 08:02,09/07/2018 21:08,07/07/2018,
ZA-00025614,ZAC0008849,01/07/2018 12:34,COMPLETE,03/07/2018 05:01,03/07/2018 16:16,07/07/2018,
ZA-00025615,ZAC0021257,01/07/2018 06:18,COMPLETE,03/07/2018 16:10,05/07/2018 21:21,06/07/2018,WELCOME10
ZA-00025616,ZAC0001530,01/07/2018 17:11,COMPLETE,02/07/2018 18:24,04/07/2018 23:13,07/07/2018,
ZA-00025617,ZAC0009631,01/07/2018 16:06,COMPLETE,02/07/2018 20:50,07/07/2018 12:34,07/07/2018,
ZA-00025618,ZAC0013028,01/07/2018 11:12,COMPLETE,02/07/2018 20:56,05/07/2018 14:30,09/07/2018,
ZA-00025619,ZAC0003843,01/07/2018 22:38,COMPLETE,04/07/2018 05:41,13/07/2018 03:56,09/07/2018,
ZA-00025620,ZAC0003405,01/07/2018 11:34,COMPLETE,03/07/2018 21:14,07/07/2018 13:40,10/07/2018,
ZA-00025621,ZAC0006052,01/07/2018 22:02,RETURNED,03/07/2018 07:27,06/07/2018 17:28,07/07/2018,WINTER15
ZA-00025622,ZAC0014813,01/07/2018 22:17,COMPLETE,04/07/2018 15:30,18/07/2018 00:46,07/07/2018,
ZA-00025623,ZAC0022743,01/07/2018 22:54,COMPLETE,03/07/2018 09:41,06/07/2018 02:21,08/07/2018,
ZA-00025624,ZAC0021546,01/07/2018 07:41,COMPLETE,02/07/2018 23:15,04/07/2018 17:09,09/07/2018,BULK20
ZA-00025625,ZAC0011060,01/07/2018 16:12,COMPLETE,02/07/2018 06:28,03/07/2018 05:47,06/07/2018,FREESHIP
ZA-00025626,ZAC0020094,01/07/2018 19:31,COMPLETE,05/07/2018 12:28,06/07/2018 18:39,15/07/2018,FLASH25
ZA-00025627,ZAC0018385,01/07/2018 18:38,COMPLETE,03/07/2018 18:56,07/07/2018 19:27,08/07/2018,FREESHIP
ZA-00025628,ZAC0002165,01/07/2018 07:20,COMPLETE,02/07/2018 16:56,04/07/2018 21:50,06/07/2018,
ZA-00025629,ZAC0023876,01/07/2018 14:50,COMPLETE,03/07/2018 14:17,06/07/2018 17:15,07/07/2018,
ZA-00025630,ZAC0022839,01/07/2018 12:56,COMPLETE,01/07/2018 23:32,11/07/2018 09:06,08/07/2018,
ZA-00025631,ZAC0013634,01/07/2018 15:29,COMPLETE,02/07/2018 21:12,07/07/2018 08:35,06/07/2018,
ZA-00025632,ZAC0019964,01/07/2018 18:07,COMPLETE,02/07/2018 18:38,09/07/2018 04:19,06/07/2018,
ZA-00025633,ZAC0023169,01/07/2018 07:26,COMPLETE,02/07/2018 16:58,03/07/2018 23:46,07/07/2018,WINTER15
ZA-00025634,ZAC0012928,02/07/2018 22:50,COMPLETE,09/07/2018 07:03,12/07/2018 22:53,14/07/2018,FLASH25
ZA-00025635,ZAC0023406,02/07/2018 14:47,COMPLETE,12/07/2018 05:43,16/07/2018 22:38,19/07/2018,
ZA-00025636,ZAC0023980,02/07/2018 12:52,COMPLETE,03/07/2018 02:48,10/07/2018 02:56,08/07/2018,
ZA-00025637,ZAC0019378,02/07/2018 21:58,COMPLETE,04/07/2018 08:25,16/07/2018 14:31,07/07/2018,
ZA-00025638,ZAC0015569,02/07/2018 19:18,COMPLETE,04/07/2018 04:54,07/07/2018 20:41,08/07/2018,
ZA-00025639,ZAC0002381,02/07/2018 22:31,COMPLETE,06/07/2018 09:47,08/07/2018 17:17,11/07/2018,
ZA-00025640,ZAC0018867,02/07/2018 22:11,COMPLETE,04/07/2018 06:34,13/07/2018 16:49,08/07/2018,
ZA-00025641,ZAC0023253,02/07/2018 08:23,COMPLETE,05/07/2018 04:39,07/07/2018 15:42,09/07/2018,
ZA-00025642,ZAC0003549,02/07/2018 18:52,COMPLETE,05/07/2018 15:17,14/07/2018 17:59,09/07/2018,
ZA-00025643,ZAC0006082,02/07/2018 08:43,COMPLETE,05/07/2018 09:55,06/07/2018 11:18,08/07/2018,
ZA-00025644,ZAC0017244,02/07/2018 06:57,COMPLETE,04/07/2018 01:29,11/07/2018 07:32,07/07/2018,
ZA-00025645,ZAC0019604,02/07/2018 11:09,COMPLETE,03/07/2018 04:17,09/07/2018 05:30,07/07/2018,
ZA-00025646,ZAC0017725,02/07/2018 06:14,COMPLETE,04/07/2018 02:51,11/07/2018 01:06,09/07/2018,
ZA-00025647,ZAC0016101,02/07/2018 10:02,COMPLETE,04/07/2018 21:58,12/07/2018 00:41,11/07/2018,
ZA-00025648,ZAC0006891,02/07/2018 14:57,COMPLETE,03/07/2018 04:46,04/07/2018 02:25,08/07/2018,
ZA-00025649,ZAC0000841,02/07/2018 09:41,COMPLETE,04/07/2018 18:43,07/07/2018 18:20,08/07/2018,
ZA-00025650,ZAC0000501,02/07/2018 09:16,COMPLETE,03/07/2018 22:16,09/07/2018 11:15,08/07/2018,
ZA-00025651,ZAC0008335,02/07/2018 08:24,COMPLETE,04/07/2018 03:46,14/07/2018 20:23,08/07/2018,
ZA-00025652,ZAC0009321,02/07/2018 11:59,COMPLETE,12/07/2018 20:02,18/07/2018 21:20,19/07/2018,
ZA-00025653,ZAC0016784,02/07/2018 22:04,COMPLETE,04/07/2018 20:11,06/07/2018 04:03,08/07/2018,
ZA-00025654,ZAC0005038,02/07/2018 10:48,COMPLETE,03/07/2018 13:23,10/07/2018 11:25,08/07/2018,LOYAL5
ZA-00025655,ZAC0004922,02/07/2018 17:30,COMPLETE,05/07/2018 20:19,12/07/2018 08:01,10/07/2018,
ZA-00025656,ZAC0022971,02/07/2018 09:27,COMPLETE,03/07/2018 21:52,08/07/2018 10:48,08/07/2018,FREESHIP
ZA-00025657,ZAC0021510,02/07/2018 06:02,COMPLETE,06/07/2018 21:51,10/07/2018 17:34,16/07/2018,
ZA-00025658,ZAC0019708,02/07/2018 16:54,COMPLETE,08/07/2018 08:30,14/07/2018 21:55,15/07/2018,WELCOME10
ZA-00025659,ZAC0023758,02/07/2018 19:19,COMPLETE,07/07/2018 00:24,11/07/2018 23:06,14/07/2018,FLASH25
ZA-00025660,ZAC0000089,02/07/2018 14:01,COMPLETE,05/07/2018 00:08,07/07/2018 18:07,10/07/2018,
ZA-00025661,ZAC0000231,02/07/2018 09:44,RETURNED,03/07/2018 09:38,09/07/2018 18:32,07/07/2018,
ZA-00025662,ZAC0005490,02/07/2018 13:06,COMPLETE,03/07/2018 11:54,06/07/2018 08:29,07/07/2018,
ZA-00025663,ZAC0016524,02/07/2018 06:39,COMPLETE,03/07/2018 18:53,14/07/2018 20:45,10/07/2018,LOYAL5
ZA-00025664,ZAC0019578,02/07/2018 08:46,COMPLETE,08/07/2018 08:55,11/07/2018 14:35,11/07/2018,FLASH25
ZA-00025665,ZAC0022440,02/07/2018 15:29,COMPLETE,04/07/2018 03:36,09/07/2018 14:28,07/07/2018,
ZA-00025666,ZAC0001811,02/07/2018 13:26,COMPLETE,04/07/2018 19:37,10/07/2018 10:07,08/07/2018,WELCOME10
ZA-00025667,ZAC0021807,02/07/2018 19:31,COMPLETE,05/07/2018 03:07,12/07/2018 07:17,15/07/2018,WINTER15
ZA-00025668,ZAC0023222,02/07/2018 17:50,COMPLETE,03/07/2018 16:59,12/07/2018 13:06,10/07/2018,
ZA-00025669,ZAC0023744,02/07/2018 11:01,COMPLETE,04/07/2018 12:50,09/07/2018 04:55,08/07/2018,LOYAL5
ZA-00025670,ZAC0022657,02/07/2018 20:15,COMPLETE,06/07/2018 12:23,13/07/2018 06:34,13/07/2018,
ZA-00025671,ZAC0000333,02/07/2018 10:37,RETURNED,05/07/2018 03:57,07/07/2018 03:26,10/07/2018,FREESHIP
ZA-00025672,ZAC0009904,02/07/2018 07:30,COMPLETE,04/07/2018 16:14,09/07/2018 02:48,11/07/2018,
ZA-00025673,ZAC0005456,02/07/2018 21:25,COMPLETE,07/07/2018 01:47,11/07/2018 19:56,11/07/2018,
ZA-00025674,ZAC0004272,02/07/2018 08:03,COMPLETE,04/07/2018 03:07,11/07/2018 15:01,08/07/2018,BULK20
ZA-00025675,ZAC0008464,02/07/2018 13:59,COMPLETE,04/07/2018 20:44,05/07/2018 22:21,07/07/2018,
ZA-00025676,ZAC0003185,02/07/2018 13:14,COMPLETE,02/07/2018 19:46,07/07/2018 17:32,07/07/2018,
ZA-00025677,ZAC0013277,02/07/2018 06:41,COMPLETE,06/07/2018 14:58,08/07/2018 13:45,11/07/2018,
ZA-00025678,ZAC0007203,02/07/2018 13:03,COMPLETE,03/07/2018 12:56,04/07/2018 14:39,10/07/2018,
ZA-00025679,ZAC0022776,02/07/2018 18:11,COMPLETE,03/07/2018 14:08,04/07/2018 19:33,10/07/2018,
ZA-00025680,ZAC0009690,02/07/2018 09:03,COMPLETE,05/07/2018 20:48,09/07/2018 19:38,08/07/2018,
ZA-00025681,ZAC0014917,02/07/2018 18:49,RETURNED,03/07/2018 17:07,06/07/2018 18:38,07/07/2018,
ZA-00025682,ZAC0020232,02/07/2018 20:11,COMPLETE,03/07/2018 18:48,10/07/2018 18:14,10/07/2018,
ZA-00025683,ZAC0013634,02/07/2018 09:50,COMPLETE,02/07/2018 22:49,06/07/2018 02:45,07/07/2018,
ZA-00025684,ZAC0019922,02/07/2018 14:22,COMPLETE,03/07/2018 08:26,05/07/2018 06:14,10/07/2018,WINTER15
ZA-00025685,ZAC0023217,02/07/2018 22:47,COMPLETE,03/07/2018 03:54,08/07/2018 22:13,06/07/2018,
ZA-00025686,ZAC0007073,02/07/2018 14:18,COMPLETE,05/07/2018 14:31,08/07/2018 17:16,12/07/2018,FREESHIP
ZA-00025687,ZAC0001140,02/07/2018 09:24,COMPLETE,04/07/2018 14:29,08/07/2018 07:44,09/07/2018,FLASH25
ZA-00025688,ZAC0018095,02/07/2018 12:20,RETURNED,06/07/2018 00:24,15/07/2018 21:02,10/07/2018,
ZA-00025689,ZAC0016449,02/07/2018 21:21,COMPLETE,03/07/2018 02:56,08/07/2018 05:30,08/07/2018,BULK20
ZA-00025690,ZAC0002947,02/07/2018 08:33,COMPLETE,03/07/2018 21:05,05/07/2018 23:49,08/07/2018,
ZA-00025691,ZAC0019725,02/07/2018 08:18,COMPLETE,05/07/2018 10:29,13/07/2018 01:57,15/07/2018,
ZA-00025692,ZAC0000941,02/07/2018 18:13,COMPLETE,05/07/2018 06:01,12/07/2018 04:39,08/07/2018,
ZA-00025693,ZAC0021527,02/07/2018 10:59,COMPLETE,03/07/2018 16:00,05/07/2018 06:23,08/07/2018,
ZA-00025694,ZAC0015607,02/07/2018 14:06,COMPLETE,04/07/2018 10:00,05/07/2018 04:15,08/07/2018,LOYAL5
ZA-00025695,ZAC0016354,02/07/2018 12:06,COMPLETE,03/07/2018 14:25,11/07/2018 09:51,10/07/2018,
ZA-00025696,ZAC0022290,02/07/2018 10:59,COMPLETE,04/07/2018 20:10,09/07/2018 00:12,09/07/2018,
ZA-00025697,ZAC0004051,02/07/2018 09:58,COMPLETE,02/07/2018 14:19,06/07/2018 07:52,06/07/2018,
ZA-00025698,ZAC0012689,02/07/2018 19:08,COMPLETE,05/07/2018 14:01,09/07/2018 13:57,09/07/2018,
ZA-00025699,ZAC0007629,02/07/2018 21:44,COMPLETE,05/07/2018 09:17,08/07/2018 02:24,08/07/2018,
ZA-00025700,ZAC0022302,02/07/2018 10:58,COMPLETE,05/07/2018 15:52,09/07/2018 00:21,10/07/2018,LOYAL5
ZA-00025701,ZAC0005164,02/07/2018 13:40,COMPLETE,04/07/2018 09:58,08/07/2018 21:14,11/07/2018,
ZA-00025702,ZAC0019925,02/07/2018 22:01,COMPLETE,04/07/2018 16:22,05/07/2018 20:30,08/07/2018,
ZA-00025703,ZAC0019766,02/07/2018 16:51,COMPLETE,04/07/2018 19:32,14/07/2018 13:59,07/07/2018,
ZA-00025704,ZAC0004277,02/07/2018 17:48,COMPLETE,06/07/2018 13:55,09/07/2018 17:19,11/07/2018,
ZA-00025705,ZAC0006773,02/07/2018 15:37,COMPLETE,04/07/2018 03:21,08/07/2018 18:12,11/07/2018,
ZA-00025706,ZAC0007542,02/07/2018 06:02,COMPLETE,11/07/2018 22:56,19/07/2018 20:09,15/07/2018,
ZA-00025707,ZAC0004877,02/07/2018 11:03,COMPLETE,04/07/2018 17:33,10/07/2018 00:26,08/07/2018,
ZA-00025708,ZAC0019015,02/07/2018 16:18,RETURNED,10/07/2018 05:46,15/07/2018 02:33,13/07/2018,
ZA-00025709,ZAC0020164,03/07/2018 07:50,COMPLETE,03/07/2018 20:21,09/07/2018 06:15,07/07/2018,WELCOME10
ZA-00025710,ZAC0020464,03/07/2018 21:36,COMPLETE,04/07/2018 04:08,09/07/2018 08:37,07/07/2018,
ZA-00025711,ZAC0023567,03/07/2018 22:46,COMPLETE,05/07/2018 21:35,08/07/2018 20:02,08/07/2018,
ZA-00025712,ZAC0012662,03/07/2018 16:28,COMPLETE,05/07/2018 16:45,08/07/2018 20:42,12/07/2018,
ZA-00025713,ZAC0006229,03/07/2018 09:43,COMPLETE,03/07/2018 23:12,07/07/2018 11:18,08/07/2018,
ZA-00025714,ZAC0012337,03/07/2018 11:03,COMPLETE,05/07/2018 23:57,08/07/2018 18:28,08/07/2018,
ZA-00025715,ZAC0016670,03/07/2018 16:59,COMPLETE,07/07/2018 21:39,13/07/2018 17:43,17/07/2018,
ZA-00025716,ZAC0006523,03/07/2018 13:03,COMPLETE,04/07/2018 21:47,08/07/2018 18:34,11/07/2018,
ZA-00025717,ZAC0019504,03/07/2018 13:01,COMPLETE,06/07/2018 23:51,10/07/2018 22:12,16/07/2018,BULK20
ZA-00025718,ZAC0022361,03/07/2018 20:09,COMPLETE,04/07/2018 00:56,10/07/2018 11:47,11/07/2018,WINTER15
ZA-00025719,ZAC0014226,03/07/2018 11:26,COMPLETE,03/07/2018 18:33,08/07/2018 20:15,07/07/2018,
ZA-00025720,ZAC0007584,03/07/2018 07:49,COMPLETE,04/07/2018 01:28,16/07/2018 14:19,08/07/2018,
ZA-00025721,ZAC0019295,03/07/2018 09:26,COMPLETE,05/07/2018 21:41,13/07/2018 05:31,10/07/2018,
ZA-00025722,ZAC0014300,03/07/2018 21:18,COMPLETE,05/07/2018 20:08,08/07/2018 05:41,08/07/2018,
ZA-00025723,ZAC0010356,03/07/2018 17:29,COMPLETE,04/07/2018 07:31,08/07/2018 03:12,09/07/2018,FLASH25
ZA-00025724,ZAC0019259,03/07/2018 10:28,COMPLETE,10/07/2018 04:10,14/07/2018 07:05,20/07/2018,LOYAL5
ZA-00025725,ZAC0003593,03/07/2018 17:19,COMPLETE,05/07/2018 12:51,06/07/2018 10:45,09/07/2018,
ZA-00025726,ZAC0005539,03/07/2018 13:25,COMPLETE,08/07/2018 13:04,11/07/2018 16:01,11/07/2018,FLASH25
ZA-00025727,ZAC0015538,03/07/2018 08:48,COMPLETE,06/07/2018 07:11,08/07/2018 10:23,10/07/2018,
ZA-00025728,ZAC0009195,03/07/2018 17:57,COMPLETE,06/07/2018 12:45,10/07/2018 08:35,16/07/2018,
ZA-00025729,ZAC0013618,03/07/2018 17:20,COMPLETE,04/07/2018 18:47,05/07/2018 09:02,09/07/2018,
ZA-00025730,ZAC0010561,03/07/2018 07:51,COMPLETE,06/07/2018 01:22,06/07/2018 07:24,10/07/2018,
ZA-00025731,ZAC0021668,03/07/2018 07:53,COMPLETE,06/07/2018 04:02,12/07/2018 08:39,13/07/2018,
ZA-00025732,ZAC0001079,03/07/2018 18:00,COMPLETE,06/07/2018 12:14,07/07/2018 18:38,11/07/2018,
ZA-00025733,ZAC0020118,03/07/2018 09:08,COMPLETE,03/07/2018 14:19,11/07/2018 20:33,10/07/2018,
ZA-00025734,ZAC0013156,03/07/2018 10:32,COMPLETE,04/07/2018 03:16,14/07/2018 07:11,08/07/2018,LOYAL5
ZA-00025735,ZAC0019619,03/07/2018 13:12,COMPLETE,04/07/2018 20:22,08/07/2018 07:12,08/07/2018,
ZA-00025736,ZAC0002541,03/07/2018 11:36,RETURNED,06/07/2018 23:55,11/07/2018 21:24,09/07/2018,
ZA-00025737,ZAC0017304,03/07/2018 14:28,COMPLETE,07/07/2018 04:43,08/07/2018 18:57,11/07/2018,
ZA-00025738,ZAC0010623,03/07/2018 14:13,COMPLETE,04/07/2018 08:15,06/07/2018 04:20,07/07/2018,
ZA-00025739,ZAC0018011,03/07/2018 07:39,COMPLETE,05/07/2018 03:10,13/07/2018 04:22,08/07/2018,
ZA-00025740,ZAC0013197,03/07/2018 21:24,COMPLETE,04/07/2018 21:26,12/07/2018 07:18,07/07/2018,
ZA-00025741,ZAC0009832,03/07/2018 20:43,COMPLETE,05/07/2018 12:57,15/07/2018 10:20,09/07/2018,LOYAL5
ZA-00025742,ZAC0013131,03/07/2018 16:23,COMPLETE,08/07/2018 00:51,12/07/2018 05:03,15/07/2018,
ZA-00025743,ZAC0023881,03/07/2018 22:43,COMPLETE,05/07/2018 03:50,07/07/2018 00:28,12/07/2018,
ZA-00025744,ZAC0006073,03/07/2018 08:41,COMPLETE,07/07/2018 08:07,12/07/2018 14:51,14/07/2018,FLASH25
ZA-00025745,ZAC0015798,03/07/2018 06:15,CANCELLED,,,,
ZA-00025746,ZAC0011961,03/07/2018 13:53,COMPLETE,05/07/2018 17:24,12/07/2018 19:08,09/07/2018,
ZA-00025747,ZAC0016698,03/07/2018 10:30,COMPLETE,06/07/2018 03:19,10/07/2018 17:38,11/07/2018,
ZA-00025748,ZAC0023194,03/07/2018 07:37,COMPLETE,05/07/2018 20:18,09/07/2018 20:13,08/07/2018,
ZA-00025749,ZAC0022829,03/07/2018 20:10,COMPLETE,06/07/2018 16:22,10/07/2018 05:48,09/07/2018,
ZA-00025750,ZAC0004173,03/07/2018 08:44,COMPLETE,04/07/2018 11:02,13/07/2018 06:21,08/07/2018,
ZA-00025751,ZAC0017868,03/07/2018 08:55,COMPLETE,07/07/2018 01:15,09/07/2018 15:43,11/07/2018,
ZA-00025752,ZAC0002043,03/07/2018 20:25,COMPLETE,06/07/2018 00:44,09/07/2018 14:09,11/07/2018,
ZA-00025753,ZAC0018313,03/07/2018 16:27,COMPLETE,08/07/2018 02:03,18/07/2018 22:01,12/07/2018,
ZA-00025754,ZAC0014446,03/07/2018 21:37,COMPLETE,04/07/2018 23:25,08/07/2018 12:20,11/07/2018,
ZA-00025755,ZAC0015294,03/07/2018 12:34,COMPLETE,05/07/2018 17:13,16/07/2018 20:05,10/07/2018,
ZA-00025756,ZAC0019031,03/07/2018 10:05,COMPLETE,06/07/2018 17:24,11/07/2018 15:37,11/07/2018,
ZA-00025757,ZAC0017717,03/07/2018 17:46,COMPLETE,05/07/2018 16:23,10/07/2018 02:12,08/07/2018,
ZA-00025758,ZAC0019617,03/07/2018 18:59,COMPLETE,06/07/2018 04:35,08/07/2018 20:54,16/07/2018,
ZA-00025759,ZAC0010946,03/07/2018 19:00,COMPLETE,05/07/2018 01:46,08/07/2018 03:32,10/07/2018,
ZA-00025760,ZAC0020992,03/07/2018 20:12,COMPLETE,05/07/2018 20:00,08/07/2018 05:11,09/07/2018,
ZA-00025761,ZAC0020300,03/07/2018 14:38,CANCELLED,,,,
ZA-00025762,ZAC0015440,03/07/2018 17:09,COMPLETE,06/07/2018 14:57,08/07/2018 22:01,11/07/2018,
ZA-00025763,ZAC0014322,03/07/2018 21:08,COMPLETE,05/07/2018 07:01,10/07/2018 22:26,12/07/2018,
ZA-00025764,ZAC0007468,03/07/2018 20:23,COMPLETE,07/07/2018 18:02,13/07/2018 16:49,14/07/2018,LOYAL5
ZA-00025765,ZAC0000369,03/07/2018 12:50,COMPLETE,03/07/2018 14:35,06/07/2018 22:41,08/07/2018,
ZA-00025766,ZAC0006476,03/07/2018 22:42,COMPLETE,05/07/2018 16:11,12/07/2018 19:34,09/07/2018,
ZA-00025767,ZAC0006632,03/07/2018 21:31,COMPLETE,06/07/2018 21:26,07/07/2018 13:48,09/07/2018,
ZA-00025768,ZAC0001977,03/07/2018 21:58,COMPLETE,04/07/2018 16:48,07/07/2018 10:48,08/07/2018,
ZA-00025769,ZAC0009089,03/07/2018 20:12,COMPLETE,04/07/2018 20:05,12/07/2018 05:00,08/07/2018,
ZA-00025770,ZAC0015701,03/07/2018 19:47,COMPLETE,04/07/2018 02:58,06/07/2018 04:30,08/07/2018,
ZA-00025771,ZAC0015690,03/07/2018 14:53,COMPLETE,05/07/2018 18:34,11/07/2018 16:56,08/07/2018,
ZA-00025772,ZAC0000124,03/07/2018 21:52,COMPLETE,05/07/2018 00:51,10/07/2018 00:00,09/07/2018,
ZA-00025773,ZAC0008963,03/07/2018 18:02,COMPLETE,05/07/2018 19:47,11/07/2018 14:08,09/07/2018,
ZA-00025774,ZAC0012956,03/07/2018 12:32,COMPLETE,06/07/2018 05:19,08/07/2018 05:18,13/07/2018,
ZA-00025775,ZAC0022697,03/07/2018 10:59,COMPLETE,03/07/2018 15:24,04/07/2018 19:11,07/07/2018,
ZA-00025776,ZAC0000717,03/07/2018 06:55,COMPLETE,05/07/2018 00:31,14/07/2018 08:01,10/07/2018,
ZA-00025777,ZAC0022836,03/07/2018 13:07,COMPLETE,05/07/2018 08:01,09/07/2018 19:00,12/07/2018,
ZA-00025778,ZAC0018365,03/07/2018 06:06,COMPLETE,04/07/2018 13:17,09/07/2018 19:44,07/07/2018,
ZA-00025779,ZAC0012193,03/07/2018 08:47,COMPLETE,07/07/2018 14:37,10/07/2018 19:34,17/07/2018,BULK20
ZA-00025780,ZAC0013464,03/07/2018 07:39,COMPLETE,05/07/2018 03:39,09/07/2018 18:36,09/07/2018,WINTER15
ZA-00025781,ZAC0002154,03/07/2018 20:17,COMPLETE,06/07/2018 07:26,08/07/2018 20:32,11/07/2018,
ZA-00025782,ZAC0019439,04/07/2018 16:49,COMPLETE,08/07/2018 05:57,11/07/2018 09:50,11/07/2018,
ZA-00025783,ZAC0011431,04/07/2018 09:03,COMPLETE,07/07/2018 15:08,09/07/2018 08:28,12/07/2018,
ZA-00025784,ZAC0005596,04/07/2018 14:30,COMPLETE,06/07/2018 07:58,15/07/2018 07:38,09/07/2018,WINTER15
ZA-00025785,ZAC0012685,04/07/2018 22:46,COMPLETE,08/07/2018 15:22,12/07/2018 22:30,13/07/2018,
ZA-00025786,ZAC0005837,04/07/2018 10:27,COMPLETE,05/07/2018 14:55,07/07/2018 04:49,08/07/2018,BULK20
ZA-00025787,ZAC0002190,04/07/2018 09:25,COMPLETE,07/07/2018 00:24,08/07/2018 20:22,14/07/2018,FREESHIP
ZA-00025788,ZAC0004507,04/07/2018 09:33,COMPLETE,05/07/2018 09:54,07/07/2018 22:55,09/07/2018,
ZA-00025789,ZAC0007547,04/07/2018 17:56,COMPLETE,06/07/2018 03:17,08/07/2018 01:04,16/07/2018,
ZA-00025790,ZAC0019179,04/07/2018 14:18,COMPLETE,05/07/2018 22:53,06/07/2018 19:48,09/07/2018,
ZA-00025791,ZAC0006019,04/07/2018 20:40,COMPLETE,05/07/2018 12:43,08/07/2018 16:32,09/07/2018,WELCOME10
ZA-00025792,ZAC0005785,04/07/2018 13:55,COMPLETE,06/07/2018 11:55,08/07/2018 14:32,11/07/2018,
ZA-00025793,ZAC0019453,04/07/2018 17:29,COMPLETE,06/07/2018 10:18,07/07/2018 18:22,11/07/2018,
ZA-00025794,ZAC0008625,04/07/2018 18:08,COMPLETE,06/07/2018 07:38,07/07/2018 16:28,10/07/2018,WELCOME10
ZA-00025795,ZAC0016084,04/07/2018 07:14,COMPLETE,05/07/2018 00:36,07/07/2018 19:30,09/07/2018,
ZA-00025796,ZAC0005385,04/07/2018 08:25,COMPLETE,04/07/2018 18:31,09/07/2018 22:54,09/07/2018,
ZA-00025797,ZAC0019504,04/07/2018 22:53,COMPLETE,08/07/2018 03:17,09/07/2018 00:54,13/07/2018,
ZA-00025798,ZAC0020424,04/07/2018 09:59,COMPLETE,04/07/2018 15:20,15/07/2018 20:20,11/07/2018,
ZA-00025799,ZAC0017414,04/07/2018 16:08,DISPATCHED,06/07/2018 06:44,,10/07/2018,
ZA-00025800,ZAC0020873,04/07/2018 15:53,COMPLETE,05/07/2018 21:00,08/07/2018 11:26,10/07/2018,FREESHIP
ZA-00025801,ZAC0009299,04/07/2018 15:10,COMPLETE,08/07/2018 09:10,10/07/2018 18:00,13/07/2018,
ZA-00025802,ZAC0013046,04/07/2018 08:59,COMPLETE,04/07/2018 22:15,09/07/2018 04:53,09/07/2018,LOYAL5
ZA-00025803,ZAC0002946,04/07/2018 18:18,COMPLETE,05/07/2018 08:11,17/07/2018 23:59,10/07/2018,
ZA-00025804,ZAC0017757,04/07/2018 13:36,COMPLETE,11/07/2018 01:43,12/07/2018 17:20,14/07/2018,
ZA-00025805,ZAC0018421,04/07/2018 21:47,COMPLETE,06/07/2018 07:45,09/07/2018 20:41,11/07/2018,
ZA-00025806,ZAC0013230,04/07/2018 20:18,COMPLETE,10/07/2018 09:25,12/07/2018 09:32,15/07/2018,
ZA-00025807,ZAC0002183,04/07/2018 12:20,COMPLETE,04/07/2018 22:40,06/07/2018 03:00,09/07/2018,
ZA-00025808,ZAC0008174,04/07/2018 13:35,COMPLETE,06/07/2018 10:55,11/07/2018 16:44,10/07/2018,
ZA-00025809,ZAC0016680,04/07/2018 12:19,COMPLETE,07/07/2018 18:18,10/07/2018 12:13,17/07/2018,LOYAL5
ZA-00025810,ZAC0010908,04/07/2018 11:25,COMPLETE,07/07/2018 03:38,07/07/2018 21:33,14/07/2018,
ZA-00025811,ZAC0015338,04/07/2018 18:20,COMPLETE,05/07/2018 17:04,09/07/2018 22:50,09/07/2018,
ZA-00025812,ZAC0021535,04/07/2018 08:27,COMPLETE,07/07/2018 07:49,12/07/2018 12:21,11/07/2018,
ZA-00025813,ZAC0002394,04/07/2018 11:13,COMPLETE,07/07/2018 12:14,12/07/2018 03:53,10/07/2018,
ZA-00025814,ZAC0015204,04/07/2018 15:12,COMPLETE,06/07/2018 20:57,11/07/2018 00:38,10/07/2018,
ZA-00025815,ZAC0006930,04/07/2018 19:18,COMPLETE,06/07/2018 19:57,10/07/2018 12:45,09/07/2018,
ZA-00025816,ZAC0021591,04/07/2018 20:34,COMPLETE,07/07/2018 12:29,12/07/2018 08:36,10/07/2018,FREESHIP
ZA-00025817,ZAC0012175,04/07/2018 16:06,CANCELLED,,,,
ZA-00025818,ZAC0007600,04/07/2018 12:45,COMPLETE,05/07/2018 11:54,11/07/2018 15:45,15/07/2018,
ZA-00025819,ZAC0015533,04/07/2018 13:06,COMPLETE,07/07/2018 19:58,09/07/2018 10:00,10/07/2018,
ZA-00025820,ZAC0022487,04/07/2018 13:46,COMPLETE,06/07/2018 07:50,10/07/2018 18:27,10/07/2018,
ZA-00025821,ZAC0014758,04/07/2018 12:05,COMPLETE,05/07/2018 03:22,09/07/2018 20:47,10/07/2018,
ZA-00025822,ZAC0017183,04/07/2018 06:07,COMPLETE,06/07/2018 00:16,06/07/2018 14:18,11/07/2018,
ZA-00025823,ZAC0015495,04/07/2018 20:32,COMPLETE,05/07/2018 04:07,11/07/2018 09:47,12/07/2018,WELCOME10
ZA-00025824,ZAC0009512,04/07/2018 22:52,PENDING,,,,WINTER15
ZA-00025825,ZAC0014342,04/07/2018 18:49,COMPLETE,10/07/2018 12:23,16/07/2018 23:56,13/07/2018,
ZA-00025826,ZAC0010112,04/07/2018 07:40,COMPLETE,06/07/2018 04:56,12/07/2018 18:35,10/07/2018,WINTER15
ZA-00025827,ZAC0010967,04/07/2018 12:09,COMPLETE,08/07/2018 02:35,09/07/2018 03:39,15/07/2018,
ZA-00025828,ZAC0021950,04/07/2018 09:26,COMPLETE,06/07/2018 18:00,08/07/2018 15:20,09/07/2018,FLASH25
ZA-00025829,ZAC0008283,04/07/2018 10:13,COMPLETE,07/07/2018 13:30,12/07/2018 16:47,14/07/2018,
ZA-00025830,ZAC0004591,04/07/2018 15:31,COMPLETE,08/07/2018 02:12,15/07/2018 00:10,11/07/2018,
ZA-00025831,ZAC0017352,04/07/2018 08:23,COMPLETE,06/07/2018 12:11,07/07/2018 08:20,11/07/2018,
ZA-00025832,ZAC0004031,04/07/2018 17:21,COMPLETE,07/07/2018 22:16,11/07/2018 18:50,11/07/2018,
ZA-00025833,ZAC0010863,04/07/2018 14:51,COMPLETE,05/07/2018 22:11,08/07/2018 16:26,08/07/2018,
ZA-00025834,ZAC0000536,04/07/2018 13:55,COMPLETE,06/07/2018 21:21,19/07/2018 19:54,09/07/2018,
ZA-00025835,ZAC0007598,04/07/2018 21:52,COMPLETE,08/07/2018 07:17,11/07/2018 21:27,12/07/2018,FLASH25
ZA-00025836,ZAC0019075,04/07/2018 12:51,COMPLETE,06/07/2018 18:28,12/07/2018 14:50,10/07/2018,
ZA-00025837,ZAC0014964,04/07/2018 06:03,COMPLETE,07/07/2018 19:05,12/07/2018 12:24,11/07/2018,
ZA-00025838,ZAC0009285,04/07/2018 22:22,COMPLETE,06/07/2018 00:16,08/07/2018 01:11,09/07/2018,
ZA-00025839,ZAC0011651,04/07/2018 17:09,COMPLETE,08/07/2018 23:24,10/07/2018 23:11,12/07/2018,BULK20
ZA-00025840,ZAC0006758,04/07/2018 16:48,COMPLETE,05/07/2018 12:57,07/07/2018 18:31,08/07/2018,
ZA-00025841,ZAC0003019,04/07/2018 09:49,COMPLETE,08/07/2018 14:59,11/07/2018 18:54,15/07/2018,
ZA-00025842,ZAC0009675,04/07/2018 09:26,COMPLETE,04/07/2018 22:52,11/07/2018 14:42,11/07/2018,
ZA-00025843,ZAC0017802,04/07/2018 07:08,COMPLETE,06/07/2018 01:20,13/07/2018 21:03,10/07/2018,
ZA-00025844,ZAC0023408,04/07/2018 19:17,COMPLETE,07/07/2018 04:05,10/07/2018 12:58,11/07/2018,
ZA-00025845,ZAC0018468,04/07/2018 19:54,COMPLETE,05/07/2018 15:52,14/07/2018 00:43,08/07/2018,
ZA-00025846,ZAC0013880,04/07/2018 22:07,COMPLETE,05/07/2018 19:23,10/07/2018 09:22,09/07/2018,
ZA-00025847,ZAC0015392,04/07/2018 10:58,DISPATCHED,06/07/2018 05:57,,11/07/2018,
ZA-00025848,ZAC0018214,04/07/2018 19:08,COMPLETE,06/07/2018 16:33,09/07/2018 07:05,11/07/2018,
ZA-00025849,ZAC0021353,04/07/2018 18:28,COMPLETE,08/07/2018 07:32,16/07/2018 13:57,11/07/2018,
ZA-00025850,ZAC0008806,04/07/2018 18:46,COMPLETE,05/07/2018 16:11,18/07/2018 18:06,09/07/2018,LOYAL5
ZA-00025851,ZAC0013046,04/07/2018 12:59,COMPLETE,06/07/2018 06:00,09/07/2018 18:50,09/07/2018,LOYAL5
ZA-00025852,ZAC0004447,04/07/2018 20:56,COMPLETE,06/07/2018 02:33,11/07/2018 06:42,10/07/2018,
ZA-00025853,ZAC0014019,04/07/2018 14:16,COMPLETE,05/07/2018 03:31,05/07/2018 18:08,10/07/2018,
ZA-00025854,ZAC0018582,04/07/2018 17:19,COMPLETE,05/07/2018 19:26,09/07/2018 12:42,10/07/2018,
ZA-00025855,ZAC0022360,04/07/2018 15:09,COMPLETE,07/07/2018 16:25,09/07/2018 11:35,11/07/2018,
ZA-00025856,ZAC0006633,04/07/2018 11:17,COMPLETE,06/07/2018 14:40,08/07/2018 20:03,11/07/2018,
ZA-00025857,ZAC0017219,04/07/2018 18:52,COMPLETE,06/07/2018 21:19,08/07/2018 18:15,16/07/2018,
ZA-00025858,ZAC0005430,04/07/2018 06:16,COMPLETE,06/07/2018 03:04,15/07/2018 18:55,09/07/2018,
ZA-00025859,ZAC0002292,04/07/2018 14:59,COMPLETE,06/07/2018 13:12,16/07/2018 23:59,13/07/2018,
ZA-00025860,ZAC0017910,04/07/2018 10:22,CANCELLED,,,,
ZA-00025861,ZAC0005888,04/07/2018 14:36,COMPLETE,06/07/2018 14:58,11/07/2018 07:59,10/07/2018,
ZA-00025862,ZAC0012398,04/07/2018 16:48,DISPATCHED,08/07/2018 21:50,,13/07/2018,
ZA-00025863,ZAC0022488,04/07/2018 11:07,COMPLETE,06/07/2018 07:36,09/07/2018 10:59,11/07/2018,FLASH25
ZA-00025864,ZAC0006269,04/07/2018 18:23,CANCELLED,,,,
ZA-00025865,ZAC0009602,04/07/2018 07:54,COMPLETE,05/07/2018 21:08,10/07/2018 01:55,09/07/2018,
ZA-00025866,ZAC0020069,04/07/2018 13:51,COMPLETE,05/07/2018 21:41,07/07/2018 13:35,12/07/2018,
ZA-00025867,ZAC0020170,04/07/2018 17:42,COMPLETE,06/07/2018 04:51,10/07/2018 20:54,11/07/2018,
ZA-00025868,ZAC0021636,04/07/2018 18:32,COMPLETE,05/07/2018 09:29,09/07/2018 16:11,15/07/2018,
ZA-00025869,ZAC0005725,04/07/2018 08:47,COMPLETE,05/07/2018 05:38,08/07/2018 21:47,12/07/2018,
ZA-00025870,ZAC0022635,05/07/2018 13:22,COMPLETE,07/07/2018 06:44,10/07/2018 05:22,11/07/2018,
ZA-00025871,ZAC0007502,05/07/2018 06:45,DISPATCHED,10/07/2018 13:34,,15/07/2018,BULK20
ZA-00025872,ZAC0010208,05/07/2018 07:10,COMPLETE,07/07/2018 12:33,09/07/2018 20:26,14/07/2018,
ZA-00025873,ZAC0021268,05/07/2018 16:15,COMPLETE,06/07/2018 15:26,08/07/2018 00:01,11/07/2018,
ZA-00025874,ZAC0017953,05/07/2018 08:35,COMPLETE,06/07/2018 11:22,08/07/2018 05:33,13/07/2018,FLASH25
ZA-00025875,ZAC0004492,05/07/2018 14:04,COMPLETE,06/07/2018 02:01,06/07/2018 17:42,10/07/2018,
ZA-00025876,ZAC0023321,05/07/2018 13:40,COMPLETE,06/07/2018 22:12,10/07/2018 15:36,10/07/2018,
ZA-00025877,ZAC0007332,05/07/2018 19:37,COMPLETE,07/07/2018 05:50,08/07/2018 18:57,11/07/2018,
ZA-00025878,ZAC0011019,05/07/2018 12:33,COMPLETE,06/07/2018 23:48,16/07/2018 09:29,11/07/2018,
ZA-00025879,ZAC0023375,05/07/2018 08:50,COMPLETE,09/07/2018 13:04,10/07/2018 14:55,14/07/2018,
ZA-00025880,ZAC0000752,05/07/2018 10:19,COMPLETE,06/07/2018 14:33,10/07/2018 06:44,16/07/2018,
ZA-00025881,ZAC0008953,05/07/2018 14:55,COMPLETE,07/07/2018 14:39,11/07/2018 01:02,11/07/2018,
ZA-00025882,ZAC0022497,05/07/2018 06:15,COMPLETE,09/07/2018 01:46,14/07/2018 03:27,13/07/2018,
ZA-00025883,ZAC0006188,05/07/2018 09:16,COMPLETE,07/07/2018 11:03,12/07/2018 04:25,17/07/2018,
ZA-00025884,ZAC0000482,05/07/2018 13:34,COMPLETE,08/07/2018 16:02,12/07/2018 21:25,13/07/2018,
ZA-00025885,ZAC0020572,05/07/2018 13:53,COMPLETE,05/07/2018 22:32,09/07/2018 19:25,15/07/2018,
ZA-00025886,ZAC0015733,05/07/2018 12:45,COMPLETE,09/07/2018 00:52,13/07/2018 07:06,13/07/2018,
ZA-00025887,ZAC0000808,05/07/2018 21:26,COMPLETE,08/07/2018 13:12,16/07/2018 11:25,11/07/2018,LOYAL5
ZA-00025888,ZAC0017114,05/07/2018 20:31,COMPLETE,09/07/2018 10:18,16/07/2018 00:01,13/07/2018,WELCOME10
ZA-00025889,ZAC0015912,05/07/2018 13:11,COMPLETE,14/07/2018 19:17,16/07/2018 07:32,19/07/2018,
ZA-00025890,ZAC0020612,05/07/2018 08:52,COMPLETE,05/07/2018 23:32,06/07/2018 02:02,10/07/2018,FREESHIP
ZA-00025891,ZAC0001069,05/07/2018 07:01,COMPLETE,06/07/2018 02:48,06/07/2018 21:28,10/07/2018,
ZA-00025892,ZAC0015963,05/07/2018 22:18,COMPLETE,07/07/2018 00:08,13/07/2018 23:32,14/07/2018,
ZA-00025893,ZAC0018388,05/07/2018 19:34,COMPLETE,07/07/2018 21:56,16/07/2018 17:37,14/07/2018,
ZA-00025894,ZAC0006281,05/07/2018 21:54,COMPLETE,09/07/2018 21:52,11/07/2018 12:42,19/07/2018,
ZA-00025895,ZAC0008910,05/07/2018 19:02,COMPLETE,06/07/2018 17:55,10/07/2018 17:18,09/07/2018,FLASH25
ZA-00025896,ZAC0019294,05/07/2018 13:24,COMPLETE,07/07/2018 20:29,12/07/2018 03:45,11/07/2018,
ZA-00025897,ZAC0017383,05/07/2018 22:38,COMPLETE,08/07/2018 21:29,14/07/2018 20:26,15/07/2018,
ZA-00025898,ZAC0017789,05/07/2018 15:51,COMPLETE,06/07/2018 09:35,09/07/2018 17:30,13/07/2018,LOYAL5
ZA-00025899,ZAC0016288,05/07/2018 13:57,COMPLETE,11/07/2018 05:09,12/07/2018 18:45,16/07/2018,
ZA-00025900,ZAC0019458,05/07/2018 11:37,COMPLETE,07/07/2018 06:56,14/07/2018 12:49,12/07/2018,BULK20
ZA-00025901,ZAC0013944,05/07/2018 14:21,COMPLETE,06/07/2018 02:43,12/07/2018 18:53,13/07/2018,
ZA-00025902,ZAC0005171,05/07/2018 09:11,COMPLETE,10/07/2018 00:33,16/07/2018 17:53,15/07/2018,
ZA-00025903,ZAC0004176,05/07/2018 07:10,COMPLETE,07/07/2018 04:29,12/07/2018 08:28,11/07/2018,
ZA-00025904,ZAC0021969,05/07/2018 16:09,COMPLETE,07/07/2018 23:38,14/07/2018 15:14,14/07/2018,
ZA-00025905,ZAC0015175,05/07/2018 06:22,COMPLETE,07/07/2018 10:53,11/07/2018 21:07,17/07/2018,
ZA-00025906,ZAC0004814,05/07/2018 19:19,COMPLETE,07/07/2018 13:34,09/07/2018 22:29,11/07/2018,BULK20
ZA-00025907,ZAC0014886,05/07/2018 06:47,COMPLETE,06/07/2018 10:47,10/07/2018 22:23,10/07/2018,WINTER15
ZA-00025908,ZAC0015689,05/07/2018 10:27,COMPLETE,07/07/2018 07:23,17/07/2018 01:52,12/07/2018,
ZA-00025909,ZAC0010126,05/07/2018 11:03,RETURNED,06/07/2018 00:54,07/07/2018 11:56,13/07/2018,
ZA-00025910,ZAC0023704,05/07/2018 16:07,COMPLETE,06/07/2018 03:19,06/07/2018 19:29,10/07/2018,
ZA-00025911,ZAC0019876,05/07/2018 07:14,COMPLETE,06/07/2018 04:42,07/07/2018 22:40,11/07/2018,WINTER15
ZA-00025912,ZAC0007602,05/07/2018 21:18,COMPLETE,07/07/2018 05:52,09/07/2018 15:29,17/07/2018,
ZA-00025913,ZAC0002976,05/07/2018 17:01,COMPLETE,07/07/2018 19:32,10/07/2018 06:57,10/07/2018,LOYAL5
ZA-00025914,ZAC0015995,05/07/2018 13:02,COMPLETE,06/07/2018 02:26,09/07/2018 16:17,10/07/2018,
ZA-00025915,ZAC0001253,05/07/2018 09:28,COMPLETE,05/07/2018 16:44,13/07/2018 06:59,15/07/2018,FLASH25
ZA-00025916,ZAC0022606,05/07/2018 17:56,COMPLETE,09/07/2018 04:29,12/07/2018 21:58,13/07/2018,WINTER15
ZA-00025917,ZAC0013203,05/07/2018 10:15,COMPLETE,12/07/2018 00:22,15/07/2018 19:37,19/07/2018,BULK20
ZA-00025918,ZAC0011205,05/07/2018 15:07,COMPLETE,06/07/2018 06:18,10/07/2018 20:39,09/07/2018,BULK20
ZA-00025919,ZAC0006522,05/07/2018 08:09,COMPLETE,09/07/2018 09:09,21/07/2018 06:36,14/07/2018,
ZA-00025920,ZAC0023080,05/07/2018 14:41,COMPLETE,06/07/2018 21:26,15/07/2018 23:08,10/07/2018,
ZA-00025921,ZAC0014895,05/07/2018 18:48,COMPLETE,06/07/2018 11:47,20/07/2018 22:44,10/07/2018,
ZA-00025922,ZAC0001995,05/07/2018 13:04,COMPLETE,07/07/2018 19:12,24/07/2018 20:10,12/07/2018,
ZA-00025923,ZAC0014990,05/07/2018 11:38,COMPLETE,07/07/2018 05:27,07/07/2018 09:44,12/07/2018,WELCOME10
ZA-00025924,ZAC0008356,05/07/2018 16:42,COMPLETE,06/07/2018 07:23,14/07/2018 18:55,11/07/2018,
ZA-00025925,ZAC0009132,05/07/2018 09:56,COMPLETE,09/07/2018 17:16,12/07/2018 13:57,19/07/2018,
ZA-00025926,ZAC0015513,05/07/2018 17:45,COMPLETE,07/07/2018 01:23,11/07/2018 23:36,10/07/2018,
ZA-00025927,ZAC0011057,05/07/2018 11:20,COMPLETE,06/07/2018 11:47,13/07/2018 23:39,10/07/2018,FLASH25
ZA-00025928,ZAC0009418,05/07/2018 09:26,COMPLETE,07/07/2018 07:36,09/07/2018 23:25,12/07/2018,
ZA-00025929,ZAC0020068,05/07/2018 19:45,COMPLETE,06/07/2018 05:11,12/07/2018 06:30,09/07/2018,FREESHIP
ZA-00025930,ZAC0020442,05/07/2018 11:44,COMPLETE,08/07/2018 02:04,18/07/2018 11:17,15/07/2018,BULK20
ZA-00025931,ZAC0001818,05/07/2018 11:37,COMPLETE,06/07/2018 12:36,17/07/2018 06:31,16/07/2018,WELCOME10
ZA-00025932,ZAC0010815,05/07/2018 06:32,COMPLETE,10/07/2018 10:46,19/07/2018 19:09,17/07/2018,FREESHIP
ZA-00025933,ZAC0018681,05/07/2018 14:31,COMPLETE,08/07/2018 18:30,12/07/2018 01:59,11/07/2018,
ZA-00025934,ZAC0007165,05/07/2018 15:31,COMPLETE,07/07/2018 11:08,18/07/2018 00:07,10/07/2018,WELCOME10
ZA-00025935,ZAC0006881,05/07/2018 14:14,COMPLETE,08/07/2018 18:23,13/07/2018 23:59,12/07/2018,
ZA-00025936,ZAC0012833,05/07/2018 17:54,COMPLETE,09/07/2018 04:24,16/07/2018 22:09,14/07/2018,
ZA-00025937,ZAC0000680,05/07/2018 15:38,COMPLETE,07/07/2018 02:06,08/07/2018 05:29,12/07/2018,
ZA-00025938,ZAC0023959,05/07/2018 11:38,COMPLETE,08/07/2018 22:22,12/07/2018 09:48,15/07/2018,
ZA-00025939,ZAC0000283,05/07/2018 13:49,COMPLETE,05/07/2018 16:06,11/07/2018 01:34,15/07/2018,
ZA-00025940,ZAC0018014,05/07/2018 08:35,COMPLETE,06/07/2018 04:19,10/07/2018 23:30,09/07/2018,
ZA-00025941,ZAC0021951,06/07/2018 20:23,COMPLETE,09/07/2018 04:48,13/07/2018 00:25,13/07/2018,
ZA-00025942,ZAC0008348,06/07/2018 09:23,COMPLETE,09/07/2018 09:59,13/07/2018 06:59,16/07/2018,
ZA-00025943,ZAC0014170,06/07/2018 17:18,COMPLETE,10/07/2018 13:51,13/07/2018 16:34,15/07/2018,
ZA-00025944,ZAC0015970,06/07/2018 19:18,COMPLETE,08/07/2018 06:38,12/07/2018 19:00,12/07/2018,
ZA-00025945,ZAC0012359,06/07/2018 13:17,DISPATCHED,07/07/2018 07:28,,11/07/2018,
ZA-00025946,ZAC0020409,06/07/2018 08:58,COMPLETE,07/07/2018 09:46,12/07/2018 23:35,11/07/2018,WELCOME10
ZA-00025947,ZAC0006450,06/07/2018 12:41,COMPLETE,08/07/2018 17:18,13/07/2018 05:42,11/07/2018,
ZA-00025948,ZAC0006855,06/07/2018 22:56,COMPLETE,08/07/2018 01:04,14/07/2018 07:16,18/07/2018,
ZA-00025949,ZAC0003649,06/07/2018 16:34,COMPLETE,09/07/2018 22:10,10/07/2018 23:45,16/07/2018,
ZA-00025950,ZAC0001024,06/07/2018 06:48,COMPLETE,07/07/2018 16:45,08/07/2018 02:15,12/07/2018,
ZA-00025951,ZAC0015614,06/07/2018 12:22,COMPLETE,09/07/2018 22:54,12/07/2018 06:29,13/07/2018,
ZA-00025952,ZAC0010916,06/07/2018 09:38,COMPLETE,08/07/2018 00:13,12/07/2018 22:08,13/07/2018,
ZA-00025953,ZAC0020337,06/07/2018 08:08,COMPLETE,09/07/2018 08:21,13/07/2018 06:22,14/07/2018,
ZA-00025954,ZAC0017974,06/07/2018 22:48,COMPLETE,10/07/2018 22:06,17/07/2018 03:29,17/07/2018,
ZA-00025955,ZAC0011707,06/07/2018 11:38,COMPLETE,07/07/2018 16:00,11/07/2018 12:51,17/07/2018,WELCOME10
ZA-00025956,ZAC0018470,06/07/2018 09:30,COMPLETE,07/07/2018 20:02,10/07/2018 11:46,14/07/2018,
ZA-00025957,ZAC0018530,06/07/2018 07:38,COMPLETE,07/07/2018 07:36,11/07/2018 16:53,11/07/2018,
ZA-00025958,ZAC0013104,06/07/2018 10:37,COMPLETE,07/07/2018 10:58,14/07/2018 03:47,14/07/2018,
ZA-00025959,ZAC0020971,06/07/2018 17:00,COMPLETE,07/07/2018 05:48,14/07/2018 12:37,12/07/2018,
ZA-00025960,ZAC0004012,06/07/2018 10:33,COMPLETE,09/07/2018 12:04,15/07/2018 05:04,12/07/2018,
ZA-00025961,ZAC0020555,06/07/2018 20:01,COMPLETE,10/07/2018 14:15,12/07/2018 18:07,13/07/2018,
ZA-00025962,ZAC0007838,06/07/2018 19:27,COMPLETE,11/07/2018 18:32,15/07/2018 08:17,14/07/2018,
ZA-00025963,ZAC0004685,06/07/2018 14:58,COMPLETE,07/07/2018 06:47,13/07/2018 03:08,11/07/2018,
ZA-00025964,ZAC0016180,06/07/2018 16:56,COMPLETE,16/07/2018 15:18,20/07/2018 18:07,19/07/2018,
ZA-00025965,ZAC0002701,06/07/2018 12:29,COMPLETE,06/07/2018 19:08,09/07/2018 01:10,09/07/2018,
ZA-00025966,ZAC0005603,06/07/2018 15:44,COMPLETE,08/07/2018 01:39,12/07/2018 18:50,15/07/2018,
ZA-00025967,ZAC0017662,06/07/2018 10:11,COMPLETE,06/07/2018 18:29,11/07/2018 05:52,11/07/2018,WELCOME10
ZA-00025968,ZAC0001638,06/07/2018 10:57,COMPLETE,08/07/2018 23:10,12/07/2018 22:58,12/07/2018,
ZA-00025969,ZAC0001493,06/07/2018 06:28,COMPLETE,06/07/2018 21:35,12/07/2018 23:42,10/07/2018,FLASH25
ZA-00025970,ZAC0001986,06/07/2018 12:34,DISPATCHED,07/07/2018 10:41,,11/07/2018,
ZA-00025971,ZAC0023954,06/07/2018 22:08,COMPLETE,07/07/2018 21:05,09/07/2018 17:14,11/07/2018,FLASH25
ZA-00025972,ZAC0013934,06/07/2018 15:47,DISPATCHED,09/07/2018 23:23,,12/07/2018,LOYAL5
ZA-00025973,ZAC0022261,06/07/2018 18:37,COMPLETE,07/07/2018 07:26,11/07/2018 07:14,11/07/2018,
ZA-00025974,ZAC0011367,06/07/2018 22:32,COMPLETE,09/07/2018 05:41,10/07/2018 08:40,13/07/2018,FLASH25
ZA-00025975,ZAC0018328,06/07/2018 12:57,COMPLETE,08/07/2018 08:49,10/07/2018 11:08,12/07/2018,
ZA-00025976,ZAC0008780,06/07/2018 21:37,COMPLETE,10/07/2018 09:28,13/07/2018 23:21,13/07/2018,
ZA-00025977,ZAC0017351,06/07/2018 18:36,COMPLETE,08/07/2018 18:31,13/07/2018 02:18,13/07/2018,
ZA-00025978,ZAC0021674,06/07/2018 22:12,COMPLETE,08/07/2018 03:21,10/07/2018 17:51,12/07/2018,
ZA-00025979,ZAC0013178,06/07/2018 08:45,COMPLETE,07/07/2018 23:17,15/07/2018 06:04,12/07/2018,
ZA-00025980,ZAC0022325,06/07/2018 18:07,COMPLETE,08/07/2018 01:40,11/07/2018 04:21,13/07/2018,
ZA-00025981,ZAC0004179,06/07/2018 10:56,CANCELLED,,,,
ZA-00025982,ZAC0017047,06/07/2018 20:45,COMPLETE,08/07/2018 03:42,13/07/2018 06:03,15/07/2018,
ZA-00025983,ZAC0001938,06/07/2018 15:08,COMPLETE,14/07/2018 20:22,16/07/2018 16:22,18/07/2018,WELCOME10
ZA-00025984,ZAC0014509,06/07/2018 22:33,COMPLETE,07/07/2018 17:22,09/07/2018 15:31,11/07/2018,
ZA-00025985,ZAC0001120,06/07/2018 14:10,COMPLETE,08/07/2018 09:07,09/07/2018 21:07,15/07/2018,
ZA-00025986,ZAC0005905,06/07/2018 15:59,COMPLETE,08/07/2018 02:56,11/07/2018 00:18,13/07/2018,
ZA-00025987,ZAC0008109,06/07/2018 12:36,COMPLETE,08/07/2018 10:41,15/07/2018 14:47,12/07/2018,FREESHIP
ZA-00025988,ZAC0008680,06/07/2018 06:53,COMPLETE,07/07/2018 08:01,09/07/2018 11:01,11/07/2018,BULK20
ZA-00025989,ZAC0013748,06/07/2018 09:17,COMPLETE,07/07/2018 13:53,09/07/2018 05:13,11/07/2018,WELCOME10
ZA-00025990,ZAC0006196,06/07/2018 13:33,COMPLETE,07/07/2018 11:05,10/07/2018 20:58,10/07/2018,
ZA-00025991,ZAC0022208,06/07/2018 20:09,COMPLETE,08/07/2018 04:34,12/07/2018 09:06,12/07/2018,
ZA-00025992,ZAC0013713,06/07/2018 09:26,CANCELLED,,,,
ZA-00025993,ZAC0005536,06/07/2018 08:43,COMPLETE,07/07/2018 02:07,08/07/2018 23:15,11/07/2018,BULK20
ZA-00025994,ZAC0006942,06/07/2018 07:12,COMPLETE,07/07/2018 19:29,09/07/2018 04:16,12/07/2018,
ZA-00025995,ZAC0000526,06/07/2018 11:02,COMPLETE,09/07/2018 02:39,11/07/2018 21:06,12/07/2018,BULK20
ZA-00025996,ZAC0007542,06/07/2018 10:38,COMPLETE,08/07/2018 17:17,11/07/2018 11:57,13/07/2018,
ZA-00025997,ZAC0021810,06/07/2018 10:14,COMPLETE,09/07/2018 00:38,17/07/2018 04:49,19/07/2018,
ZA-00025998,ZAC0015396,06/07/2018 12:20,COMPLETE,07/07/2018 13:25,10/07/2018 17:06,12/07/2018,
ZA-00025999,ZAC0006337,06/07/2018 10:31,COMPLETE,07/07/2018 15:13,14/07/2018 20:44,10/07/2018,
ZA-00026000,ZAC0019132,06/07/2018 15:19,COMPLETE,07/07/2018 17:34,10/07/2018 01:23,10/07/2018,
ZA-00026001,ZAC0008878,06/07/2018 21:55,COMPLETE,07/07/2018 23:51,11/07/2018 20:08,11/07/2018,
ZA-00026002,ZAC0022813,06/07/2018 08:51,COMPLETE,11/07/2018 03:01,16/07/2018 14:06,16/07/2018,WINTER15
ZA-00026003,ZAC0008717,06/07/2018 22:47,COMPLETE,07/07/2018 14:52,14/07/2018 06:55,14/07/2018,
ZA-00026004,ZAC0005112,06/07/2018 13:20,RETURNED,11/07/2018 14:12,27/07/2018 19:11,16/07/2018,
ZA-00026005,ZAC0020154,06/07/2018 22:19,CANCELLED,,,,
ZA-00026006,ZAC0021571,06/07/2018 06:33,COMPLETE,07/07/2018 16:39,09/07/2018 22:43,11/07/2018,
ZA-00026007,ZAC0003082,06/07/2018 21:14,COMPLETE,09/07/2018 08:15,12/07/2018 12:52,12/07/2018,
ZA-00026008,ZAC0015400,06/07/2018 17:13,COMPLETE,07/07/2018 10:45,14/07/2018 17:39,10/07/2018,
ZA-00026009,ZAC0014612,06/07/2018 11:19,COMPLETE,10/07/2018 13:51,18/07/2018 08:07,14/07/2018,
ZA-00026010,ZAC0014051,06/07/2018 21:53,COMPLETE,08/07/2018 07:31,12/07/2018 10:24,18/07/2018,WINTER15
ZA-00026011,ZAC0020217,06/07/2018 17:43,COMPLETE,08/07/2018 00:05,11/07/2018 02:18,11/07/2018,
ZA-00026012,ZAC0004708,06/07/2018 20:01,COMPLETE,13/07/2018 16:00,23/07/2018 18:48,17/07/2018,
ZA-00026013,ZAC0022621,06/07/2018 14:04,COMPLETE,07/07/2018 15:26,10/07/2018 06:22,12/07/2018,
ZA-00026014,ZAC0019750,06/07/2018 12:05,COMPLETE,06/07/2018 19:10,13/07/2018 09:59,10/07/2018,
ZA-00026015,ZAC0023413,06/07/2018 18:51,COMPLETE,09/07/2018 17:15,14/07/2018 06:02,13/07/2018,
ZA-00026016,ZAC0018177,06/07/2018 14:13,COMPLETE,07/07/2018 04:07,12/07/2018 06:40,10/07/2018,
ZA-00026017,ZAC0005341,06/07/2018 17:59,COMPLETE,07/07/2018 06:49,09/07/2018 06:26,11/07/2018,
ZA-00026018,ZAC0020951,06/07/2018 08:31,COMPLETE,11/07/2018 14:38,18/07/2018 12:26,14/07/2018,WELCOME10
ZA-00026019,ZAC0021919,06/07/2018 06:48,COMPLETE,11/07/2018 22:38,16/07/2018 11:31,18/07/2018,FREESHIP
ZA-00026020,ZAC0006013,06/07/2018 11:16,COMPLETE,13/07/2018 13:43,18/07/2018 06:48,16/07/2018,
ZA-00026021,ZAC0011043,06/07/2018 12:02,COMPLETE,09/07/2018 07:47,14/07/2018 05:01,13/07/2018,
ZA-00026022,ZAC0018196,06/07/2018 13:25,COMPLETE,07/07/2018 11:57,13/07/2018 05:56,11/07/2018,
ZA-00026023,ZAC0013679,06/07/2018 12:31,COMPLETE,10/07/2018 06:50,14/07/2018 17:45,15/07/2018,
ZA-00026024,ZAC0003875,06/07/2018 08:59,DISPATCHED,06/07/2018 23:27,,09/07/2018,
ZA-00026025,ZAC0003539,07/07/2018 10:14,COMPLETE,11/07/2018 13:52,16/07/2018 13:32,14/07/2018,
ZA-00026026,ZAC0019358,07/07/2018 09:45,COMPLETE,08/07/2018 22:54,19/07/2018 20:45,11/07/2018,
ZA-00026027,ZAC0020069,07/07/2018 17:55,COMPLETE,08/07/2018 14:43,11/07/2018 19:04,13/07/2018,FREESHIP
ZA-00026028,ZAC0009938,07/07/2018 09:56,COMPLETE,07/07/2018 19:02,17/07/2018 05:20,10/07/2018,
ZA-00026029,ZAC0014322,07/07/2018 19:43,COMPLETE,08/07/2018 16:29,19/07/2018 23:59,11/07/2018,
ZA-00026030,ZAC0003841,07/07/2018 10:26,COMPLETE,08/07/2018 07:54,14/07/2018 00:36,13/07/2018,
ZA-00026031,ZAC0009952,07/07/2018 19:02,COMPLETE,11/07/2018 00:59,20/07/2018 13:03,21/07/2018,
ZA-00026032,ZAC0010117,07/07/2018 13:02,COMPLETE,09/07/2018 05:49,14/07/2018 06:42,14/07/2018,
ZA-00026033,ZAC0021941,07/07/2018 12:40,DISPATCHED,11/07/2018 17:18,,21/07/2018,
ZA-00026034,ZAC0012108,07/07/2018 16:55,COMPLETE,10/07/2018 11:07,13/07/2018 21:57,17/07/2018,
ZA-00026035,ZAC0021653,07/07/2018 17:03,COMPLETE,08/07/2018 00:01,10/07/2018 03:22,12/07/2018,WINTER15
ZA-00026036,ZAC0001192,07/07/2018 06:53,COMPLETE,09/07/2018 06:49,10/07/2018 18:46,13/07/2018,
ZA-00026037,ZAC0007347,07/07/2018 17:09,COMPLETE,11/07/2018 02:22,15/07/2018 21:20,15/07/2018,
ZA-00026038,ZAC0005185,07/07/2018 06:03,COMPLETE,07/07/2018 17:01,15/07/2018 22:35,14/07/2018,FLASH25
ZA-00026039,ZAC0020509,07/07/2018 11:25,COMPLETE,15/07/2018 19:06,22/07/2018 21:06,18/07/2018,WELCOME10
ZA-00026040,ZAC0022904,07/07/2018 13:41,COMPLETE,10/07/2018 15:44,15/07/2018 15:06,15/07/2018,
ZA-00026041,ZAC0015205,07/07/2018 19:22,COMPLETE,11/07/2018 01:08,14/07/2018 10:42,14/07/2018,
ZA-00026042,ZAC0012809,07/07/2018 17:32,COMPLETE,08/07/2018 14:02,15/07/2018 08:51,12/07/2018,WELCOME10
ZA-00026043,ZAC0001620,07/07/2018 13:37,COMPLETE,08/07/2018 10:17,11/07/2018 01:22,12/07/2018,
ZA-00026044,ZAC0018808,07/07/2018 19:41,COMPLETE,10/07/2018 17:21,18/07/2018 18:10,14/07/2018,
ZA-00026045,ZAC0005682,07/07/2018 16:46,COMPLETE,10/07/2018 08:07,13/07/2018 18:10,17/07/2018,
ZA-00026046,ZAC0000015,07/07/2018 09:03,COMPLETE,07/07/2018 21:49,08/07/2018 19:54,11/07/2018,
ZA-00026047,ZAC0017993,07/07/2018 12:38,COMPLETE,09/07/2018 02:44,10/07/2018 03:00,12/07/2018,
ZA-00026048,ZAC0022468,07/07/2018 06:20,COMPLETE,07/07/2018 21:09,15/07/2018 10:51,14/07/2018,
ZA-00026049,ZAC0005851,07/07/2018 14:19,COMPLETE,12/07/2018 14:11,18/07/2018 19:04,17/07/2018,FLASH25
ZA-00026050,ZAC0016220,07/07/2018 21:09,COMPLETE,11/07/2018 15:18,17/07/2018 04:58,18/07/2018,WELCOME10
ZA-00026051,ZAC0013086,07/07/2018 07:55,COMPLETE,10/07/2018 04:03,15/07/2018 04:51,14/07/2018,
ZA-00026052,ZAC0010188,07/07/2018 15:47,COMPLETE,08/07/2018 17:42,15/07/2018 05:53,13/07/2018,
ZA-00026053,ZAC0009505,07/07/2018 08:46,COMPLETE,08/07/2018 19:33,12/07/2018 03:21,13/07/2018,
ZA-00026054,ZAC0002282,07/07/2018 16:57,COMPLETE,12/07/2018 03:25,16/07/2018 13:09,16/07/2018,
ZA-00026055,ZAC0018783,07/07/2018 21:37,COMPLETE,10/07/2018 20:37,19/07/2018 21:58,14/07/2018,
ZA-00026056,ZAC0017198,07/07/2018 12:26,COMPLETE,10/07/2018 08:55,14/07/2018 06:18,17/07/2018,
ZA-00026057,ZAC0003949,07/07/2018 10:47,COMPLETE,11/07/2018 08:02,13/07/2018 20:56,16/07/2018,
ZA-00026058,ZAC0020364,07/07/2018 08:45,COMPLETE,09/07/2018 00:44,11/07/2018 11:18,12/07/2018,
ZA-00026059,ZAC0020467,07/07/2018 13:30,COMPLETE,12/07/2018 19:30,21/07/2018 12:04,19/07/2018,FLASH25
ZA-00026060,ZAC0021483,07/07/2018 12:28,CANCELLED,,,,
ZA-00026061,ZAC0014519,07/07/2018 06:56,COMPLETE,08/07/2018 13:09,13/07/2018 14:23,12/07/2018,
ZA-00026062,ZAC0023559,07/07/2018 12:48,COMPLETE,11/07/2018 02:53,16/07/2018 17:33,21/07/2018,
ZA-00026063,ZAC0018792,07/07/2018 15:33,COMPLETE,12/07/2018 05:46,17/07/2018 00:51,19/07/2018,
ZA-00026064,ZAC0010055,07/07/2018 06:37,COMPLETE,07/07/2018 15:50,10/07/2018 14:37,11/07/2018,WELCOME10
ZA-00026065,ZAC0003573,07/07/2018 08:28,COMPLETE,10/07/2018 11:04,13/07/2018 03:23,17/07/2018,FREESHIP
ZA-00026066,ZAC0018167,07/07/2018 14:31,COMPLETE,11/07/2018 03:05,12/07/2018 18:27,16/07/2018,
ZA-00026067,ZAC0018998,07/07/2018 15:47,COMPLETE,09/07/2018 02:34,10/07/2018 21:41,12/07/2018,
ZA-00026068,ZAC0000069,07/07/2018 07:47,COMPLETE,08/07/2018 02:53,10/07/2018 08:09,13/07/2018,FREESHIP
ZA-00026069,ZAC0017014,07/07/2018 19:28,COMPLETE,09/07/2018 00:19,15/07/2018 22:45,16/07/2018,
ZA-00026070,ZAC0021981,07/07/2018 15:08,COMPLETE,09/07/2018 03:41,12/07/2018 12:50,12/07/2018,FREESHIP
ZA-00026071,ZAC0018138,07/07/2018 11:33,COMPLETE,09/07/2018 08:00,11/07/2018 04:32,12/07/2018,BULK20
ZA-00026072,ZAC0021672,07/07/2018 22:51,COMPLETE,10/07/2018 02:08,13/07/2018 02:43,13/07/2018,
ZA-00026073,ZAC0007502,07/07/2018 22:12,COMPLETE,09/07/2018 13:34,12/07/2018 14:46,13/07/2018,
ZA-00026074,ZAC0009837,07/07/2018 07:04,DISPATCHED,08/07/2018 00:49,,12/07/2018,
ZA-00026075,ZAC0023602,07/07/2018 09:52,COMPLETE,09/07/2018 11:40,16/07/2018 02:18,13/07/2018,
ZA-00026076,ZAC0012656,07/07/2018 12:43,COMPLETE,09/07/2018 07:12,19/07/2018 19:09,13/07/2018,WINTER15
ZA-00026077,ZAC0002490,07/07/2018 21:33,COMPLETE,11/07/2018 23:11,15/07/2018 19:19,18/07/2018,
ZA-00026078,ZAC0016306,07/07/2018 19:45,COMPLETE,15/07/2018 10:10,17/07/2018 16:04,22/07/2018,
ZA-00026079,ZAC0005145,07/07/2018 10:53,COMPLETE,09/07/2018 07:28,14/07/2018 00:52,13/07/2018,
ZA-00026080,ZAC0006403,07/07/2018 15:18,COMPLETE,10/07/2018 19:28,15/07/2018 11:47,17/07/2018,
ZA-00026081,ZAC0009478,07/07/2018 22:56,COMPLETE,11/07/2018 15:48,13/07/2018 16:16,14/07/2018,
ZA-00026082,ZAC0008697,07/07/2018 13:42,COMPLETE,08/07/2018 16:36,18/07/2018 16:21,12/07/2018,
ZA-00026083,ZAC0018433,07/07/2018 07:30,COMPLETE,07/07/2018 18:40,09/07/2018 11:53,10/07/2018,
ZA-00026084,ZAC0014719,07/07/2018 19:49,COMPLETE,12/07/2018 11:01,13/07/2018 21:45,16/07/2018,WINTER15
ZA-00026085,ZAC0015400,07/07/2018 16:11,COMPLETE,12/07/2018 21:41,20/07/2018 12:13,16/07/2018,
ZA-00026086,ZAC0018829,07/07/2018 18:30,COMPLETE,11/07/2018 17:34,21/07/2018 10:50,14/07/2018,
ZA-00026087,ZAC0014680,07/07/2018 11:16,COMPLETE,09/07/2018 20:59,15/07/2018 10:37,13/07/2018,LOYAL5
ZA-00026088,ZAC0010514,07/07/2018 21:26,COMPLETE,08/07/2018 16:59,12/07/2018 00:33,15/07/2018,
ZA-00026089,ZAC0019944,07/07/2018 12:17,COMPLETE,09/07/2018 07:33,13/07/2018 08:12,13/07/2018,
ZA-00026090,ZAC0007613,07/07/2018 10:24,DISPATCHED,10/07/2018 08:56,,13/07/2018,WINTER15
ZA-00026091,ZAC0014181,07/07/2018 13:25,COMPLETE,11/07/2018 10:49,11/07/2018 22:06,15/07/2018,
ZA-00026092,ZAC0015025,07/07/2018 07:36,COMPLETE,08/07/2018 22:32,13/07/2018 06:58,13/07/2018,WELCOME10
ZA-00026093,ZAC0008407,07/07/2018 06:17,COMPLETE,10/07/2018 11:50,13/07/2018 19:32,13/07/2018,
ZA-00026094,ZAC0019098,07/07/2018 20:18,DISPATCHED,09/07/2018 20:27,,12/07/2018,
ZA-00026095,ZAC0008155,07/07/2018 20:47,COMPLETE,08/07/2018 11:55,10/07/2018 16:38,12/07/2018,FREESHIP
ZA-00026096,ZAC0004312,07/07/2018 08:53,COMPLETE,08/07/2018 14:30,15/07/2018 12:46,11/07/2018,
ZA-00026097,ZAC0012058,07/07/2018 13:38,COMPLETE,09/07/2018 23:25,14/07/2018 14:54,14/07/2018,
ZA-00026098,ZAC0008910,07/07/2018 20:57,CANCELLED,,,,
ZA-00026099,ZAC0001730,07/07/2018 17:41,COMPLETE,10/07/2018 02:04,22/07/2018 07:39,14/07/2018,
ZA-00026100,ZAC0023299,07/07/2018 14:34,COMPLETE,08/07/2018 02:33,17/07/2018 23:26,18/07/2018,
ZA-00026101,ZAC0004483,07/07/2018 13:24,COMPLETE,10/07/2018 06:05,14/07/2018 22:51,14/07/2018,
ZA-00026102,ZAC0016512,07/07/2018 17:42,COMPLETE,08/07/2018 13:45,17/07/2018 06:44,15/07/2018,
ZA-00026103,ZAC0002622,07/07/2018 18:59,COMPLETE,11/07/2018 11:47,13/07/2018 08:51,15/07/2018,
ZA-00026104,ZAC0007483,07/07/2018 18:49,COMPLETE,09/07/2018 03:21,17/07/2018 05:51,13/07/2018,
ZA-00026105,ZAC0020582,07/07/2018 09:25,COMPLETE,09/07/2018 14:00,15/07/2018 06:27,13/07/2018,
ZA-00026106,ZAC0015431,07/07/2018 07:57,CANCELLED,,,,
ZA-00026107,ZAC0009401,07/07/2018 12:38,RETURNED,09/07/2018 07:34,11/07/2018 04:40,12/07/2018,
ZA-00026108,ZAC0008677,07/07/2018 16:33,COMPLETE,08/07/2018 16:43,11/07/2018 00:36,13/07/2018,
ZA-00026109,ZAC0013035,07/07/2018 12:53,COMPLETE,10/07/2018 00:00,10/07/2018 16:30,20/07/2018,
ZA-00026110,ZAC0021507,08/07/2018 17:32,COMPLETE,12/07/2018 16:53,26/07/2018 11:25,16/07/2018,
ZA-00026111,ZAC0007391,08/07/2018 11:39,COMPLETE,09/07/2018 17:02,12/07/2018 01:45,14/07/2018,
ZA-00026112,ZAC0019886,08/07/2018 14:19,COMPLETE,10/07/2018 01:44,11/07/2018 08:27,14/07/2018,
ZA-00026113,ZAC0013817,08/07/2018 07:44,COMPLETE,09/07/2018 15:21,15/07/2018 20:15,16/07/2018,WINTER15
ZA-00026114,ZAC0015067,08/07/2018 20:29,COMPLETE,12/07/2018 06:46,17/07/2018 02:00,16/07/2018,BULK20
ZA-00026115,ZAC0014494,08/07/2018 10:47,COMPLETE,10/07/2018 06:34,14/07/2018 13:07,14/07/2018,
ZA-00026116,ZAC0013480,08/07/2018 11:32,COMPLETE,09/07/2018 08:00,10/07/2018 23:59,14/07/2018,
ZA-00026117,ZAC0013836,08/07/2018 22:05,COMPLETE,12/07/2018 06:23,18/07/2018 04:10,19/07/2018,
ZA-00026118,ZAC0016179,08/07/2018 18:10,COMPLETE,10/07/2018 17:51,14/07/2018 10:41,13/07/2018,
ZA-00026119,ZAC0005801,08/07/2018 21:58,COMPLETE,13/07/2018 08:14,21/07/2018 07:41,16/07/2018,
ZA-00026120,ZAC0021010,08/07/2018 06:09,COMPLETE,10/07/2018 15:59,12/07/2018 12:23,15/07/2018,
ZA-00026121,ZAC0011308,08/07/2018 17:55,COMPLETE,09/07/2018 11:29,12/07/2018 07:25,12/07/2018,
ZA-00026122,ZAC0005107,08/07/2018 17:33,COMPLETE,10/07/2018 21:05,13/07/2018 01:28,14/07/2018,FREESHIP
ZA-00026123,ZAC0015192,08/07/2018 22:30,COMPLETE,10/07/2018 20:41,16/07/2018 10:45,14/07/2018,
ZA-00026124,ZAC0010369,08/07/2018 19:14,COMPLETE,10/07/2018 05:28,12/07/2018 03:10,15/07/2018,
ZA-00026125,ZAC0021634,08/07/2018 16:58,COMPLETE,09/07/2018 21:45,13/07/2018 22:08,16/07/2018,
ZA-00026126,ZAC0023256,08/07/2018 07:54,COMPLETE,09/07/2018 03:43,12/07/2018 07:38,14/07/2018,
ZA-00026127,ZAC0001487,08/07/2018 12:25,COMPLETE,12/07/2018 00:05,16/07/2018 09:08,19/07/2018,LOYAL5
ZA-00026128,ZAC0000476,08/07/2018 22:50,COMPLETE,09/07/2018 19:21,13/07/2018 23:25,14/07/2018,
ZA-00026129,ZAC0013175,08/07/2018 22:21,COMPLETE,10/07/2018 01:02,11/07/2018 10:11,17/07/2018,FLASH25
ZA-00026130,ZAC0008024,08/07/2018 10:53,COMPLETE,10/07/2018 17:57,17/07/2018 02:07,13/07/2018,
ZA-00026131,ZAC0010688,08/07/2018 20:06,COMPLETE,09/07/2018 20:29,12/07/2018 23:21,13/07/2018,
ZA-00026132,ZAC0003262,08/07/2018 15:29,COMPLETE,11/07/2018 17:14,17/07/2018 14:36,15/07/2018,WELCOME10
ZA-00026133,ZAC0019250,08/07/2018 08:14,COMPLETE,14/07/2018 04:14,17/07/2018 01:35,19/07/2018,
ZA-00026134,ZAC0020826,08/07/2018 15:03,COMPLETE,10/07/2018 01:35,17/07/2018 18:22,14/07/2018,
ZA-00026135,ZAC0019334,08/07/2018 10:10,COMPLETE,10/07/2018 19:12,17/07/2018 08:56,13/07/2018,FREESHIP
ZA-00026136,ZAC0018651,08/07/2018 10:45,COMPLETE,08/07/2018 15:04,14/07/2018 08:23,12/07/2018,
ZA-00026137,ZAC0011779,08/07/2018 06:33,COMPLETE,10/07/2018 14:53,13/07/2018 06:04,15/07/2018,
ZA-00026138,ZAC0012381,08/07/2018 15:48,COMPLETE,11/07/2018 11:09,15/07/2018 17:13,15/07/2018,WELCOME10
ZA-00026139,ZAC0009106,08/07/2018 10:56,CANCELLED,,,,
ZA-00026140,ZAC0008130,08/07/2018 21:44,COMPLETE,09/07/2018 08:44,09/07/2018 21:44,13/07/2018,
ZA-00026141,ZAC0001606,08/07/2018 15:30,COMPLETE,10/07/2018 20:40,27/07/2018 16:35,14/07/2018,FREESHIP
ZA-00026142,ZAC0004515,08/07/2018 22:50,COMPLETE,11/07/2018 04:50,16/07/2018 17:06,21/07/2018,
ZA-00026143,ZAC0011828,08/07/2018 16:53,COMPLETE,09/07/2018 18:15,15/07/2018 10:10,12/07/2018,
ZA-00026144,ZAC0011494,08/07/2018 08:54,COMPLETE,10/07/2018 23:03,12/07/2018 17:43,15/07/2018,FREESHIP
ZA-00026145,ZAC0003563,08/07/2018 17:58,COMPLETE,10/07/2018 02:56,16/07/2018 15:16,13/07/2018,WINTER15
ZA-00026146,ZAC0022655,08/07/2018 09:34,COMPLETE,09/07/2018 02:07,14/07/2018 12:14,13/07/2018,
ZA-00026147,ZAC0023749,08/07/2018 12:28,CANCELLED,,,,
ZA-00026148,ZAC0005645,08/07/2018 20:48,COMPLETE,10/07/2018 07:52,14/07/2018 16:22,15/07/2018,WINTER15
ZA-00026149,ZAC0022453,08/07/2018 15:48,COMPLETE,09/07/2018 19:41,11/07/2018 17:30,19/07/2018,
ZA-00026150,ZAC0006114,08/07/2018 18:36,COMPLETE,09/07/2018 07:37,10/07/2018 17:52,13/07/2018,WELCOME10
ZA-00026151,ZAC0021217,08/07/2018 19:39,COMPLETE,09/07/2018 07:20,13/07/2018 11:55,13/07/2018,
ZA-00026152,ZAC0006289,08/07/2018 22:43,COMPLETE,10/07/2018 18:16,24/07/2018 10:48,15/07/2018,WELCOME10
ZA-00026153,ZAC0003379,08/07/2018 10:12,COMPLETE,09/07/2018 21:50,12/07/2018 11:14,13/07/2018,
ZA-00026154,ZAC0021989,08/07/2018 09:10,COMPLETE,12/07/2018 02:29,14/07/2018 13:18,19/07/2018,
ZA-00026155,ZAC0005477,08/07/2018 09:55,COMPLETE,09/07/2018 21:10,16/07/2018 16:00,16/07/2018,BULK20
ZA-00026156,ZAC0011294,08/07/2018 10:55,COMPLETE,09/07/2018 18:54,10/07/2018 12:17,13/07/2018,
ZA-00026157,ZAC0014330,08/07/2018 21:15,COMPLETE,10/07/2018 11:13,15/07/2018 06:37,17/07/2018,
ZA-00026158,ZAC0001815,08/07/2018 14:24,CANCELLED,,,,WELCOME10
ZA-00026159,ZAC0023291,08/07/2018 08:49,COMPLETE,08/07/2018 16:39,12/07/2018 19:44,18/07/2018,
ZA-00026160,ZAC0008964,08/07/2018 07:10,DISPATCHED,11/07/2018 03:05,,14/07/2018,WELCOME10
ZA-00026161,ZAC0022329,08/07/2018 20:15,CANCELLED,,,,
ZA-00026162,ZAC0014317,08/07/2018 07:58,COMPLETE,09/07/2018 09:26,16/07/2018 11:27,19/07/2018,
ZA-00026163,ZAC0008721,08/07/2018 14:14,COMPLETE,09/07/2018 02:53,12/07/2018 07:35,12/07/2018,
ZA-00026164,ZAC0004002,08/07/2018 13:06,COMPLETE,11/07/2018 04:26,15/07/2018 12:20,18/07/2018,
ZA-00026165,ZAC0000174,08/07/2018 09:38,PENDING,,,,
ZA-00026166,ZAC0000031,08/07/2018 21:29,COMPLETE,09/07/2018 19:44,10/07/2018 06:24,13/07/2018,
ZA-00026167,ZAC0013196,08/07/2018 08:39,COMPLETE,08/07/2018 10:20,11/07/2018 19:06,12/07/2018,
ZA-00026168,ZAC0007763,08/07/2018 15:36,COMPLETE,08/07/2018 23:48,10/07/2018 23:00,11/07/2018,
ZA-00026169,ZAC0002697,09/07/2018 12:12,RETURNED,10/07/2018 22:42,17/07/2018 08:31,14/07/2018,WINTER15
ZA-00026170,ZAC0013927,09/07/2018 07:34,COMPLETE,10/07/2018 17:09,17/07/2018 12:41,17/07/2018,LOYAL5
ZA-00026171,ZAC0015110,09/07/2018 17:39,COMPLETE,12/07/2018 20:28,19/07/2018 13:39,16/07/2018,
ZA-00026172,ZAC0015779,09/07/2018 20:18,COMPLETE,10/07/2018 12:59,11/07/2018 22:28,17/07/2018,
ZA-00026173,ZAC0005454,09/07/2018 10:16,DISPATCHED,10/07/2018 08:58,,15/07/2018,
ZA-00026174,ZAC0023265,09/07/2018 16:56,COMPLETE,11/07/2018 21:40,23/07/2018 07:30,14/07/2018,LOYAL5
ZA-00026175,ZAC0012970,09/07/2018 18:36,COMPLETE,11/07/2018 13:34,19/07/2018 14:25,14/07/2018,BULK20
ZA-00026176,ZAC0003264,09/07/2018 09:51,COMPLETE,11/07/2018 20:14,17/07/2018 02:32,14/07/2018,
ZA-00026177,ZAC0001449,09/07/2018 14:23,COMPLETE,10/07/2018 21:50,18/07/2018 00:23,14/07/2018,
ZA-00026178,ZAC0008023,09/07/2018 10:50,COMPLETE,13/07/2018 18:12,17/07/2018 01:43,16/07/2018,FLASH25
ZA-00026179,ZAC0019883,09/07/2018 18:15,COMPLETE,10/07/2018 08:29,12/07/2018 07:43,14/07/2018,
ZA-00026180,ZAC0022616,09/07/2018 10:53,COMPLETE,11/07/2018 22:42,18/07/2018 01:43,18/07/2018,
ZA-00026181,ZAC0011892,09/07/2018 09:42,COMPLETE,10/07/2018 09:51,14/07/2018 09:09,17/07/2018,
ZA-00026182,ZAC0009532,09/07/2018 09:38,COMPLETE,10/07/2018 03:59,13/07/2018 22:47,15/07/2018,BULK20
ZA-00026183,ZAC0002983,09/07/2018 18:46,COMPLETE,11/07/2018 13:13,17/07/2018 09:29,16/07/2018,BULK20
ZA-00026184,ZAC0014879,09/07/2018 20:36,COMPLETE,12/07/2018 03:20,16/07/2018 20:09,17/07/2018,
ZA-00026185,ZAC0022683,09/07/2018 07:47,COMPLETE,11/07/2018 08:30,18/07/2018 18:12,18/07/2018,
ZA-00026186,ZAC0020020,09/07/2018 21:21,COMPLETE,12/07/2018 02:10,13/07/2018 22:27,19/07/2018,
ZA-00026187,ZAC0012483,09/07/2018 18:24,COMPLETE,12/07/2018 08:54,14/07/2018 21:04,19/07/2018,
ZA-00026188,ZAC0012510,09/07/2018 08:25,COMPLETE,10/07/2018 14:44,18/07/2018 11:52,17/07/2018,
ZA-00026189,ZAC0012338,09/07/2018 09:49,COMPLETE,13/07/2018 03:15,20/07/2018 05:58,17/07/2018,WINTER15
ZA-00026190,ZAC0015923,09/07/2018 16:28,COMPLETE,12/07/2018 08:10,21/07/2018 04:12,19/07/2018,
ZA-00026191,ZAC0018724,09/07/2018 20:29,COMPLETE,10/07/2018 15:10,12/07/2018 22:22,17/07/2018,
ZA-00026192,ZAC0022741,09/07/2018 21:25,RETURNED,12/07/2018 09:59,24/07/2018 13:37,17/07/2018,
ZA-00026193,ZAC0018658,09/07/2018 16:36,COMPLETE,11/07/2018 05:29,14/07/2018 13:51,18/07/2018,
ZA-00026194,ZAC0021242,09/07/2018 22:04,COMPLETE,10/07/2018 12:40,15/07/2018 15:09,20/07/2018,
ZA-00026195,ZAC0013459,09/07/2018 21:37,COMPLETE,10/07/2018 05:54,15/07/2018 22:16,14/07/2018,
ZA-00026196,ZAC0023820,09/07/2018 09:35,COMPLETE,09/07/2018 17:41,12/07/2018 01:29,12/07/2018,
ZA-00026197,ZAC0008110,09/07/2018 06:09,COMPLETE,12/07/2018 18:24,17/07/2018 11:55,17/07/2018,WELCOME10
ZA-00026198,ZAC0012770,09/07/2018 11:27,COMPLETE,16/07/2018 06:24,22/07/2018 07:18,19/07/2018,
ZA-00026199,ZAC0018180,09/07/2018 16:59,COMPLETE,10/07/2018 22:14,11/07/2018 17:54,14/07/2018,
ZA-00026200,ZAC0014982,09/07/2018 09:08,CANCELLED,,,,
ZA-00026201,ZAC0018304,09/07/2018 06:23,COMPLETE,10/07/2018 14:38,12/07/2018 06:57,15/07/2018,LOYAL5
ZA-00026202,ZAC0008058,09/07/2018 17:28,COMPLETE,11/07/2018 20:14,15/07/2018 06:28,15/07/2018,WELCOME10
ZA-00026203,ZAC0002608,09/07/2018 15:01,COMPLETE,14/07/2018 11:26,17/07/2018 11:15,18/07/2018,
ZA-00026204,ZAC0022829,09/07/2018 17:13,COMPLETE,10/07/2018 17:40,15/07/2018 10:00,20/07/2018,
ZA-00026205,ZAC0010886,09/07/2018 18:07,COMPLETE,11/07/2018 06:21,11/07/2018 12:41,16/07/2018,FREESHIP
ZA-00026206,ZAC0002116,09/07/2018 13:58,COMPLETE,12/07/2018 08:39,16/07/2018 13:24,16/07/2018,
ZA-00026207,ZAC0011826,09/07/2018 16:51,COMPLETE,11/07/2018 22:36,17/07/2018 15:32,18/07/2018,FREESHIP
ZA-00026208,ZAC0015934,09/07/2018 10:16,COMPLETE,10/07/2018 09:33,14/07/2018 18:02,17/07/2018,
ZA-00026209,ZAC0009449,09/07/2018 20:00,COMPLETE,10/07/2018 04:38,14/07/2018 01:34,15/07/2018,
ZA-00026210,ZAC0008789,09/07/2018 15:49,COMPLETE,11/07/2018 05:31,16/07/2018 15:09,21/07/2018,
ZA-00026211,ZAC0005937,09/07/2018 09:49,COMPLETE,12/07/2018 05:42,19/07/2018 14:47,16/07/2018,
ZA-00026212,ZAC0015774,09/07/2018 07:02,COMPLETE,10/07/2018 03:39,11/07/2018 18:08,14/07/2018,WELCOME10
ZA-00026213,ZAC0019219,09/07/2018 17:05,COMPLETE,13/07/2018 05:04,19/07/2018 22:53,18/07/2018,
ZA-00026214,ZAC0019749,09/07/2018 21:55,COMPLETE,11/07/2018 10:25,13/07/2018 05:24,21/07/2018,LOYAL5
ZA-00026215,ZAC0023214,09/07/2018 17:40,COMPLETE,12/07/2018 09:06,13/07/2018 00:53,17/07/2018,FLASH25
ZA-00026216,ZAC0019359,09/07/2018 19:10,COMPLETE,11/07/2018 02:19,14/07/2018 04:10,16/07/2018,
ZA-00026217,ZAC0000433,09/07/2018 19:08,COMPLETE,11/07/2018 00:21,13/07/2018 14:39,15/07/2018,
ZA-00026218,ZAC0008346,09/07/2018 14:49,COMPLETE,11/07/2018 06:57,14/07/2018 02:05,18/07/2018,
ZA-00026219,ZAC0023074,09/07/2018 15:17,DISPATCHED,12/07/2018 00:36,,17/07/2018,
ZA-00026220,ZAC0016001,09/07/2018 09:34,COMPLETE,13/07/2018 14:42,17/07/2018 09:44,20/07/2018,
ZA-00026221,ZAC0009183,09/07/2018 15:47,COMPLETE,12/07/2018 18:16,19/07/2018 14:18,19/07/2018,BULK20
ZA-00026222,ZAC0002861,09/07/2018 12:26,COMPLETE,10/07/2018 08:59,12/07/2018 04:05,17/07/2018,
ZA-00026223,ZAC0000134,09/07/2018 17:36,COMPLETE,11/07/2018 15:13,15/07/2018 20:41,14/07/2018,
ZA-00026224,ZAC0000645,09/07/2018 18:41,COMPLETE,14/07/2018 16:55,18/07/2018 01:31,19/07/2018,WINTER15
ZA-00026225,ZAC0003514,09/07/2018 09:00,COMPLETE,11/07/2018 22:25,20/07/2018 11:26,16/07/2018,FLASH25
ZA-00026226,ZAC0007115,09/07/2018 07:24,COMPLETE,12/07/2018 11:46,21/07/2018 03:21,16/07/2018,
ZA-00026227,ZAC0008334,09/07/2018 19:13,COMPLETE,11/07/2018 10:33,17/07/2018 02:29,14/07/2018,
ZA-00026228,ZAC0013190,09/07/2018 16:58,DISPATCHED,11/07/2018 11:59,,14/07/2018,
ZA-00026229,ZAC0011001,09/07/2018 07:45,COMPLETE,12/07/2018 04:31,13/07/2018 05:02,19/07/2018,LOYAL5
ZA-00026230,ZAC0010705,09/07/2018 10:49,COMPLETE,10/07/2018 05:37,18/07/2018 23:15,14/07/2018,
ZA-00026231,ZAC0022598,09/07/2018 11:17,COMPLETE,10/07/2018 15:59,13/07/2018 22:37,14/07/2018,
ZA-00026232,ZAC0005121,09/07/2018 15:19,COMPLETE,11/07/2018 06:48,16/07/2018 15:36,21/07/2018,
ZA-00026233,ZAC0021985,09/07/2018 20:44,COMPLETE,10/07/2018 08:01,12/07/2018 03:22,14/07/2018,
ZA-00026234,ZAC0008981,09/07/2018 12:14,COMPLETE,10/07/2018 08:25,16/07/2018 12:49,13/07/2018,
ZA-00026235,ZAC0003721,09/07/2018 11:55,COMPLETE,10/07/2018 11:54,12/07/2018 10:14,20/07/2018,
ZA-00026236,ZAC0011936,09/07/2018 22:12,COMPLETE,11/07/2018 15:05,13/07/2018 18:17,15/07/2018,
ZA-00026237,ZAC0021005,09/07/2018 18:44,DISPATCHED,12/07/2018 21:38,,17/07/2018,
ZA-00026238,ZAC0008627,09/07/2018 15:54,COMPLETE,10/07/2018 16:20,16/07/2018 14:54,17/07/2018,WELCOME10
ZA-00026239,ZAC0004215,09/07/2018 21:53,COMPLETE,11/07/2018 07:09,18/07/2018 12:37,16/07/2018,
ZA-00026240,ZAC0006215,09/07/2018 19:56,COMPLETE,13/07/2018 12:03,15/07/2018 23:40,17/07/2018,
ZA-00026241,ZAC0020753,09/07/2018 09:19,COMPLETE,12/07/2018 05:55,15/07/2018 00:13,17/07/2018,LOYAL5
ZA-00026242,ZAC0015345,09/07/2018 19:35,PENDING,,,,
ZA-00026243,ZAC0000050,09/07/2018 17:35,COMPLETE,13/07/2018 15:04,15/07/2018 10:37,16/07/2018,
ZA-00026244,ZAC0016845,09/07/2018 20:43,COMPLETE,10/07/2018 10:24,12/07/2018 05:53,17/07/2018,
ZA-00026245,ZAC0019074,09/07/2018 13:58,COMPLETE,11/07/2018 08:43,13/07/2018 15:50,16/07/2018,
ZA-00026246,ZAC0021709,09/07/2018 09:45,COMPLETE,12/07/2018 22:11,16/07/2018 17:09,22/07/2018,WELCOME10
ZA-00026247,ZAC0004549,10/07/2018 10:33,COMPLETE,11/07/2018 06:08,16/07/2018 11:49,18/07/2018,
ZA-00026248,ZAC0019586,10/07/2018 10:32,COMPLETE,12/07/2018 07:18,14/07/2018 09:03,16/07/2018,
ZA-00026249,ZAC0010756,10/07/2018 19:08,COMPLETE,12/07/2018 01:08,15/07/2018 05:24,17/07/2018,WELCOME10
ZA-00026250,ZAC0009935,10/07/2018 20:40,COMPLETE,12/07/2018 03:37,26/07/2018 14:00,16/07/2018,
ZA-00026251,ZAC0004247,10/07/2018 07:51,COMPLETE,14/07/2018 13:24,19/07/2018 08:37,18/07/2018,
ZA-00026252,ZAC0001103,10/07/2018 20:33,CANCELLED,,,,FLASH25
ZA-00026253,ZAC0014712,10/07/2018 19:54,COMPLETE,12/07/2018 21:18,15/07/2018 07:57,16/07/2018,BULK20
ZA-00026254,ZAC0007008,10/07/2018 13:32,COMPLETE,15/07/2018 04:06,24/07/2018 12:51,19/07/2018,BULK20
ZA-00026255,ZAC0009454,10/07/2018 09:22,COMPLETE,11/07/2018 21:40,13/07/2018 06:11,14/07/2018,
ZA-00026256,ZAC0022519,10/07/2018 10:52,COMPLETE,11/07/2018 10:01,17/07/2018 11:51,14/07/2018,
ZA-00026257,ZAC0022226,10/07/2018 14:21,COMPLETE,14/07/2018 03:02,23/07/2018 17:53,21/07/2018,
ZA-00026258,ZAC0023391,10/07/2018 11:22,COMPLETE,11/07/2018 02:20,15/07/2018 00:28,15/07/2018,
ZA-00026259,ZAC0019067,10/07/2018 12:06,COMPLETE,12/07/2018 21:25,15/07/2018 09:32,17/07/2018,
ZA-00026260,ZAC0007513,10/07/2018 06:20,COMPLETE,12/07/2018 07:06,14/07/2018 23:21,16/07/2018,
ZA-00026261,ZAC0006460,10/07/2018 09:36,DISPATCHED,12/07/2018 20:55,,15/07/2018,
ZA-00026262,ZAC0013425,10/07/2018 18:26,COMPLETE,10/07/2018 18:51,14/07/2018 12:21,14/07/2018,
ZA-00026263,ZAC0011205,10/07/2018 22:11,COMPLETE,12/07/2018 13:29,23/07/2018 18:50,15/07/2018,
ZA-00026264,ZAC0015809,10/07/2018 21:51,COMPLETE,12/07/2018 12:27,16/07/2018 01:08,16/07/2018,
ZA-00026265,ZAC0022040,10/07/2018 10:30,COMPLETE,13/07/2018 06:08,17/07/2018 04:05,17/07/2018,
ZA-00026266,ZAC0006155,10/07/2018 22:34,COMPLETE,14/07/2018 19:12,15/07/2018 20:14,19/07/2018,
ZA-00026267,ZAC0009040,10/07/2018 17:05,COMPLETE,11/07/2018 12:54,14/07/2018 09:52,16/07/2018,
ZA-00026268,ZAC0014314,10/07/2018 12:11,COMPLETE,13/07/2018 14:45,15/07/2018 03:09,20/07/2018,FREESHIP
ZA-00026269,ZAC0012318,10/07/2018 06:43,COMPLETE,11/07/2018 15:16,15/07/2018 01:26,14/07/2018,FLASH25
ZA-00026270,ZAC0002626,10/07/2018 18:21,COMPLETE,13/07/2018 06:45,19/07/2018 17:46,23/07/2018,LOYAL5
ZA-00026271,ZAC0020857,10/07/2018 12:47,COMPLETE,12/07/2018 11:04,14/07/2018 16:32,16/07/2018,
ZA-00026272,ZAC0019566,10/07/2018 08:56,COMPLETE,14/07/2018 22:55,17/07/2018 20:12,17/07/2018,LOYAL5
ZA-00026273,ZAC0008035,10/07/2018 22:30,COMPLETE,11/07/2018 03:55,12/07/2018 00:39,14/07/2018,
ZA-00026274,ZAC0013696,10/07/2018 11:16,CANCELLED,,,,
ZA-00026275,ZAC0001215,10/07/2018 18:13,PENDING,,,,LOYAL5
ZA-00026276,ZAC0018219,10/07/2018 10:26,COMPLETE,11/07/2018 10:20,13/07/2018 23:46,15/07/2018,WELCOME10
ZA-00026277,ZAC0004407,10/07/2018 07:57,COMPLETE,11/07/2018 06:32,16/07/2018 04:49,14/07/2018,FREESHIP
ZA-00026278,ZAC0003667,10/07/2018 21:47,COMPLETE,13/07/2018 14:24,23/07/2018 10:06,17/07/2018,
ZA-00026279,ZAC0016750,10/07/2018 16:10,COMPLETE,13/07/2018 16:50,15/07/2018 09:32,20/07/2018,
ZA-00026280,ZAC0022326,10/07/2018 22:07,COMPLETE,11/07/2018 15:16,14/07/2018 03:55,16/07/2018,
ZA-00026281,ZAC0011372,10/07/2018 15:13,COMPLETE,12/07/2018 09:21,17/07/2018 20:26,19/07/2018,
ZA-00026282,ZAC0018348,10/07/2018 12:08,COMPLETE,16/07/2018 05:23,19/07/2018 21:08,23/07/2018,
ZA-00026283,ZAC0022889,10/07/2018 16:51,CANCELLED,,,,
ZA-00026284,ZAC0004895,10/07/2018 22:42,COMPLETE,13/07/2018 19:14,16/07/2018 21:12,17/07/2018,WINTER15
ZA-00026285,ZAC0015266,10/07/2018 08:56,COMPLETE,12/07/2018 20:56,16/07/2018 01:11,16/07/2018,
ZA-00026286,ZAC0003621,10/07/2018 14:17,COMPLETE,11/07/2018 15:10,14/07/2018 21:51,18/07/2018,
ZA-00026287,ZAC0016033,10/07/2018 21:59,COMPLETE,11/07/2018 17:06,19/07/2018 15:37,15/07/2018,
ZA-00026288,ZAC0007899,10/07/2018 09:21,COMPLETE,11/07/2018 19:12,18/07/2018 07:06,14/07/2018,
ZA-00026289,ZAC0018937,10/07/2018 21:35,PENDING,,,,FREESHIP
ZA-00026290,ZAC0012487,10/07/2018 15:45,COMPLETE,14/07/2018 05:53,16/07/2018 01:37,21/07/2018,
ZA-00026291,ZAC0001280,10/07/2018 16:50,COMPLETE,13/07/2018 07:14,23/07/2018 21:20,20/07/2018,WELCOME10
ZA-00026292,ZAC0014117,10/07/2018 21:49,COMPLETE,12/07/2018 17:22,19/07/2018 19:05,16/07/2018,FLASH25
ZA-00026293,ZAC0001906,10/07/2018 09:40,COMPLETE,11/07/2018 06:12,13/07/2018 03:20,16/07/2018,
ZA-00026294,ZAC0003408,10/07/2018 12:36,DISPATCHED,14/07/2018 01:50,,17/07/2018,
ZA-00026295,ZAC0001575,10/07/2018 20:11,COMPLETE,12/07/2018 13:24,16/07/2018 01:50,17/07/2018,
ZA-00026296,ZAC0020703,10/07/2018 13:27,COMPLETE,12/07/2018 07:02,13/07/2018 08:48,22/07/2018,
ZA-00026297,ZAC0015428,10/07/2018 15:47,COMPLETE,12/07/2018 00:24,18/07/2018 10:50,19/07/2018,WINTER15
ZA-00026298,ZAC0017932,10/07/2018 12:57,COMPLETE,12/07/2018 21:45,17/07/2018 21:50,16/07/2018,
ZA-00026299,ZAC0014406,10/07/2018 16:46,COMPLETE,11/07/2018 02:51,14/07/2018 12:52,18/07/2018,
ZA-00026300,ZAC0000358,10/07/2018 18:16,COMPLETE,12/07/2018 09:28,17/07/2018 01:14,17/07/2018,
ZA-00026301,ZAC0010969,10/07/2018 16:49,COMPLETE,12/07/2018 06:46,14/07/2018 01:57,16/07/2018,
ZA-00026302,ZAC0018731,10/07/2018 07:26,COMPLETE,12/07/2018 13:48,13/07/2018 14:50,19/07/2018,
ZA-00026303,ZAC0011357,10/07/2018 18:25,COMPLETE,12/07/2018 02:11,17/07/2018 06:45,22/07/2018,
ZA-00026304,ZAC0002743,10/07/2018 16:08,COMPLETE,12/07/2018 06:48,21/07/2018 08:57,17/07/2018,
ZA-00026305,ZAC0021932,10/07/2018 17:00,COMPLETE,12/07/2018 14:02,23/07/2018 17:13,16/07/2018,WINTER15
ZA-00026306,ZAC0002626,10/07/2018 22:04,COMPLETE,12/07/2018 10:47,14/07/2018 08:25,15/07/2018,WELCOME10
ZA-00026307,ZAC0005416,10/07/2018 17:39,COMPLETE,13/07/2018 18:54,20/07/2018 01:35,16/07/2018,
ZA-00026308,ZAC0020108,10/07/2018 17:46,COMPLETE,12/07/2018 09:22,14/07/2018 06:06,15/07/2018,WELCOME10
ZA-00026309,ZAC0008873,10/07/2018 11:52,COMPLETE,15/07/2018 04:10,18/07/2018 06:40,18/07/2018,
ZA-00026310,ZAC0006393,10/07/2018 11:20,COMPLETE,13/07/2018 14:43,20/07/2018 16:16,16/07/2018,
ZA-00026311,ZAC0011932,11/07/2018 06:43,COMPLETE,14/07/2018 09:58,17/07/2018 12:05,17/07/2018,
ZA-00026312,ZAC0000815,11/07/2018 15:38,COMPLETE,14/07/2018 22:21,18/07/2018 23:23,19/07/2018,
ZA-00026313,ZAC0010179,11/07/2018 07:17,COMPLETE,13/07/2018 09:22,16/07/2018 20:11,17/07/2018,WELCOME10
ZA-00026314,ZAC0005721,11/07/2018 19:09,COMPLETE,17/07/2018 04:29,21/07/2018 10:38,24/07/2018,
ZA-00026315,ZAC0021731,11/07/2018 18:04,COMPLETE,12/07/2018 17:20,17/07/2018 05:09,16/07/2018,
ZA-00026316,ZAC0013279,11/07/2018 19:39,COMPLETE,15/07/2018 13:23,18/07/2018 06:47,20/07/2018,
ZA-00026317,ZAC0001772,11/07/2018 12:34,COMPLETE,13/07/2018 07:41,16/07/2018 09:05,18/07/2018,
ZA-00026318,ZAC0011133,11/07/2018 22:29,COMPLETE,12/07/2018 07:21,19/07/2018 14:17,17/07/2018,
ZA-00026319,ZAC0012484,11/07/2018 19:26,COMPLETE,15/07/2018 15:51,17/07/2018 17:10,19/07/2018,
ZA-00026320,ZAC0021251,11/07/2018 08:57,COMPLETE,12/07/2018 17:22,16/07/2018 08:07,16/07/2018,
ZA-00026321,ZAC0018623,11/07/2018 20:55,COMPLETE,12/07/2018 07:31,15/07/2018 12:08,16/07/2018,
ZA-00026322,ZAC0016494,11/07/2018 07:49,COMPLETE,14/07/2018 18:17,16/07/2018 22:29,17/07/2018,
ZA-00026323,ZAC0002686,11/07/2018 17:07,COMPLETE,12/07/2018 01:21,16/07/2018 13:36,16/07/2018,
ZA-00026324,ZAC0014102,11/07/2018 11:30,COMPLETE,12/07/2018 20:31,17/07/2018 14:35,17/07/2018,
ZA-00026325,ZAC0000088,11/07/2018 20:22,COMPLETE,17/07/2018 02:52,26/07/2018 22:54,20/07/2018,
ZA-00026326,ZAC0019603,11/07/2018 17:14,COMPLETE,14/07/2018 09:26,18/07/2018 10:20,19/07/2018,
ZA-00026327,ZAC0012828,11/07/2018 06:39,COMPLETE,15/07/2018 05:17,17/07/2018 00:34,20/07/2018,
ZA-00026328,ZAC0000167,11/07/2018 08:21,COMPLETE,12/07/2018 12:19,17/07/2018 23:32,17/07/2018,WINTER15
ZA-00026329,ZAC0000063,11/07/2018 13:00,COMPLETE,12/07/2018 15:40,18/07/2018 23:08,15/07/2018,BULK20
ZA-00026330,ZAC0007600,11/07/2018 12:39,COMPLETE,13/07/2018 05:13,29/07/2018 18:58,18/07/2018,BULK20
ZA-00026331,ZAC0013015,11/07/2018 19:12,COMPLETE,13/07/2018 17:48,21/07/2018 16:35,18/07/2018,
ZA-00026332,ZAC0007637,11/07/2018 17:25,COMPLETE,14/07/2018 14:46,18/07/2018 22:20,21/07/2018,FREESHIP
ZA-00026333,ZAC0007788,11/07/2018 07:16,COMPLETE,12/07/2018 06:56,16/07/2018 17:16,17/07/2018,
ZA-00026334,ZAC0010615,11/07/2018 06:14,COMPLETE,13/07/2018 09:32,20/07/2018 17:00,17/07/2018,
ZA-00026335,ZAC0001542,11/07/2018 11:38,COMPLETE,14/07/2018 09:27,16/07/2018 02:49,17/07/2018,FLASH25
ZA-00026336,ZAC0015547,11/07/2018 10:53,COMPLETE,12/07/2018 05:25,27/07/2018 04:42,19/07/2018,
ZA-00026337,ZAC0021092,11/07/2018 08:55,DISPATCHED,11/07/2018 11:37,,16/07/2018,FREESHIP
ZA-00026338,ZAC0007352,11/07/2018 21:31,COMPLETE,12/07/2018 00:16,14/07/2018 18:45,16/07/2018,
ZA-00026339,ZAC0011449,11/07/2018 06:04,COMPLETE,11/07/2018 13:32,14/07/2018 06:59,14/07/2018,
ZA-00026340,ZAC0021276,11/07/2018 12:47,COMPLETE,12/07/2018 16:13,17/07/2018 16:28,17/07/2018,
ZA-00026341,ZAC0010155,11/07/2018 08:24,COMPLETE,14/07/2018 04:23,18/07/2018 16:31,18/07/2018,
ZA-00026342,ZAC0023310,11/07/2018 14:36,COMPLETE,13/07/2018 14:37,19/07/2018 03:41,16/07/2018,
ZA-00026343,ZAC0012814,11/07/2018 20:19,COMPLETE,13/07/2018 17:22,25/07/2018 01:49,17/07/2018,
ZA-00026344,ZAC0003246,11/07/2018 13:09,COMPLETE,15/07/2018 10:56,17/07/2018 16:43,19/07/2018,LOYAL5
ZA-00026345,ZAC0022612,11/07/2018 08:43,CANCELLED,,,,
ZA-00026346,ZAC0006261,11/07/2018 14:08,COMPLETE,12/07/2018 03:08,17/07/2018 10:22,22/07/2018,
ZA-00026347,ZAC0016348,11/07/2018 10:53,COMPLETE,13/07/2018 20:25,17/07/2018 10:31,16/07/2018,
ZA-00026348,ZAC0019912,11/07/2018 07:12,PENDING,,,,
ZA-00026349,ZAC0000997,11/07/2018 21:38,COMPLETE,17/07/2018 02:33,21/07/2018 22:06,21/07/2018,
ZA-00026350,ZAC0014799,11/07/2018 13:16,COMPLETE,12/07/2018 17:49,14/07/2018 22:02,22/07/2018,WINTER15
ZA-00026351,ZAC0014878,11/07/2018 12:14,COMPLETE,12/07/2018 21:03,15/07/2018 21:09,17/07/2018,
ZA-00026352,ZAC0021334,11/07/2018 10:42,COMPLETE,12/07/2018 00:35,17/07/2018 10:57,19/07/2018,
ZA-00026353,ZAC0003343,11/07/2018 11:21,COMPLETE,11/07/2018 22:21,14/07/2018 13:03,15/07/2018,
ZA-00026354,ZAC0020686,11/07/2018 12:37,COMPLETE,12/07/2018 01:56,12/07/2018 15:57,19/07/2018,
ZA-00026355,ZAC0000357,11/07/2018 07:56,COMPLETE,12/07/2018 07:49,21/07/2018 15:12,19/07/2018,WINTER15
ZA-00026356,ZAC0004820,11/07/2018 10:02,COMPLETE,14/07/2018 13:28,20/07/2018 13:05,19/07/2018,
ZA-00026357,ZAC0011981,11/07/2018 07:45,COMPLETE,15/07/2018 02:52,19/07/2018 13:54,18/07/2018,
ZA-00026358,ZAC0010896,11/07/2018 15:59,COMPLETE,13/07/2018 09:07,16/07/2018 20:59,20/07/2018,
ZA-00026359,ZAC0018179,11/07/2018 12:13,COMPLETE,13/07/2018 06:48,15/07/2018 19:35,16/07/2018,
ZA-00026360,ZAC0022380,11/07/2018 16:15,COMPLETE,12/07/2018 08:22,17/07/2018 01:10,15/07/2018,BULK20
ZA-00026361,ZAC0018052,11/07/2018 16:53,COMPLETE,12/07/2018 12:20,20/07/2018 05:22,16/07/2018,
ZA-00026362,ZAC0006794,11/07/2018 06:24,COMPLETE,13/07/2018 12:37,18/07/2018 16:09,18/07/2018,
ZA-00026363,ZAC0000064,11/07/2018 18:00,COMPLETE,14/07/2018 01:26,15/07/2018 09:28,21/07/2018,
ZA-00026364,ZAC0012572,11/07/2018 15:47,COMPLETE,12/07/2018 19:32,16/07/2018 20:05,15/07/2018,
ZA-00026365,ZAC0005692,11/07/2018 10:41,COMPLETE,12/07/2018 00:39,16/07/2018 20:59,15/07/2018,BULK20
ZA-00026366,ZAC0004975,11/07/2018 16:46,COMPLETE,17/07/2018 21:12,28/07/2018 19:34,20/07/2018,
ZA-00026367,ZAC0001186,11/07/2018 18:37,COMPLETE,12/07/2018 15:59,17/07/2018 05:18,19/07/2018,
ZA-00026368,ZAC0022992,11/07/2018 12:59,COMPLETE,15/07/2018 04:51,18/07/2018 12:32,18/07/2018,
ZA-00026369,ZAC0022351,11/07/2018 09:43,COMPLETE,13/07/2018 10:32,23/07/2018 12:26,17/07/2018,
ZA-00026370,ZAC0013019,11/07/2018 22:50,COMPLETE,13/07/2018 18:26,14/07/2018 05:25,16/07/2018,
ZA-00026371,ZAC0003015,11/07/2018 13:04,COMPLETE,12/07/2018 10:42,18/07/2018 04:32,15/07/2018,
ZA-00026372,ZAC0019403,11/07/2018 22:43,COMPLETE,13/07/2018 01:51,19/07/2018 13:19,20/07/2018,
ZA-00026373,ZAC0010197,11/07/2018 07:47,COMPLETE,13/07/2018 05:34,19/07/2018 23:34,18/07/2018,
ZA-00026374,ZAC0016521,11/07/2018 10:33,COMPLETE,14/07/2018 04:43,18/07/2018 12:45,19/07/2018,
ZA-00026375,ZAC0023234,11/07/2018 07:29,COMPLETE,11/07/2018 20:33,16/07/2018 23:01,18/07/2018,
ZA-00026376,ZAC0005637,11/07/2018 22:08,COMPLETE,15/07/2018 14:44,19/07/2018 03:22,20/07/2018,
ZA-00026377,ZAC0004925,11/07/2018 21:48,COMPLETE,14/07/2018 10:00,16/07/2018 00:38,21/07/2018,
ZA-00026378,ZAC0012794,11/07/2018 22:16,COMPLETE,13/07/2018 21:18,15/07/2018 06:11,16/07/2018,
ZA-00026379,ZAC0003120,11/07/2018 09:36,COMPLETE,11/07/2018 22:44,13/07/2018 17:24,15/07/2018,
ZA-00026380,ZAC0021804,11/07/2018 19:42,COMPLETE,13/07/2018 14:43,16/07/2018 05:53,17/07/2018,
ZA-00026381,ZAC0017612,11/07/2018 07:25,CANCELLED,,,,
ZA-00026382,ZAC0001386,11/07/2018 06:16,COMPLETE,17/07/2018 11:44,20/07/2018 10:21,20/07/2018,
ZA-00026383,ZAC0023884,11/07/2018 22:12,COMPLETE,12/07/2018 21:27,22/07/2018 09:06,16/07/2018,
ZA-00026384,ZAC0022132,11/07/2018 20:38,COMPLETE,13/07/2018 02:56,19/07/2018 08:51,16/07/2018,LOYAL5
ZA-00026385,ZAC0013691,12/07/2018 10:10,COMPLETE,14/07/2018 23:03,18/07/2018 03:42,17/07/2018,
ZA-00026386,ZAC0021305,12/07/2018 06:36,COMPLETE,12/07/2018 10:25,22/07/2018 00:31,17/07/2018,
ZA-00026387,ZAC0017028,12/07/2018 15:50,COMPLETE,14/07/2018 20:05,19/07/2018 14:28,19/07/2018,
ZA-00026388,ZAC0021268,12/07/2018 22:20,COMPLETE,17/07/2018 04:00,21/07/2018 15:51,21/07/2018,
ZA-00026389,ZAC0010756,12/07/2018 14:22,COMPLETE,12/07/2018 23:48,18/07/2018 07:16,19/07/2018,
ZA-00026390,ZAC0011009,12/07/2018 22:23,COMPLETE,16/07/2018 15:39,26/07/2018 17:42,26/07/2018,
ZA-00026391,ZAC0004017,12/07/2018 11:27,COMPLETE,16/07/2018 12:22,20/07/2018 21:18,21/07/2018,
ZA-00026392,ZAC0020298,12/07/2018 07:03,COMPLETE,13/07/2018 20:53,18/07/2018 07:02,23/07/2018,FLASH25
ZA-00026393,ZAC0020942,12/07/2018 22:44,COMPLETE,14/07/2018 16:15,17/07/2018 15:41,24/07/2018,FLASH25
ZA-00026394,ZAC0010394,12/07/2018 19:20,COMPLETE,16/07/2018 06:11,24/07/2018 13:32,23/07/2018,
ZA-00026395,ZAC0016927,12/07/2018 22:51,COMPLETE,13/07/2018 17:36,16/07/2018 00:44,20/07/2018,
ZA-00026396,ZAC0012756,12/07/2018 06:11,COMPLETE,15/07/2018 07:53,16/07/2018 19:00,20/07/2018,
ZA-00026397,ZAC0007887,12/07/2018 07:46,COMPLETE,15/07/2018 05:44,25/07/2018 13:58,20/07/2018,
ZA-00026398,ZAC0009567,12/07/2018 07:17,COMPLETE,14/07/2018 17:06,23/07/2018 07:46,18/07/2018,
ZA-00026399,ZAC0019325,12/07/2018 07:46,COMPLETE,15/07/2018 16:04,18/07/2018 14:59,22/07/2018,
ZA-00026400,ZAC0010136,12/07/2018 10:00,COMPLETE,12/07/2018 17:17,16/07/2018 10:30,22/07/2018,WINTER15
ZA-00026401,ZAC0003980,12/07/2018 18:07,COMPLETE,14/07/2018 12:53,15/07/2018 01:55,17/07/2018,BULK20
ZA-00026402,ZAC0014564,12/07/2018 16:15,COMPLETE,15/07/2018 09:22,17/07/2018 15:26,19/07/2018,WINTER15
ZA-00026403,ZAC0006494,12/07/2018 14:32,COMPLETE,13/07/2018 09:39,15/07/2018 01:34,18/07/2018,
ZA-00026404,ZAC0022736,12/07/2018 21:31,COMPLETE,14/07/2018 00:56,17/07/2018 15:56,18/07/2018,
ZA-00026405,ZAC0001225,12/07/2018 16:19,CANCELLED,,,,FREESHIP
ZA-00026406,ZAC0018739,12/07/2018 09:57,COMPLETE,12/07/2018 18:49,13/07/2018 13:30,19/07/2018,
ZA-00026407,ZAC0000259,12/07/2018 15:00,COMPLETE,15/07/2018 01:15,17/07/2018 22:34,19/07/2018,
ZA-00026408,ZAC0002744,12/07/2018 19:13,COMPLETE,13/07/2018 19:05,17/07/2018 12:08,20/07/2018,
ZA-00026409,ZAC0006163,12/07/2018 09:24,COMPLETE,19/07/2018 18:58,24/07/2018 21:31,24/07/2018,
ZA-00026410,ZAC0003092,12/07/2018 22:56,COMPLETE,15/07/2018 05:37,22/07/2018 21:25,20/07/2018,
ZA-00026411,ZAC0016174,12/07/2018 12:57,COMPLETE,15/07/2018 14:13,22/07/2018 19:36,22/07/2018,
ZA-00026412,ZAC0022871,12/07/2018 18:00,COMPLETE,16/07/2018 00:07,29/07/2018 14:13,21/07/2018,BULK20
ZA-00026413,ZAC0023007,12/07/2018 08:52,COMPLETE,12/07/2018 12:50,16/07/2018 22:19,17/07/2018,
ZA-00026414,ZAC0006021,12/07/2018 14:41,COMPLETE,21/07/2018 02:06,27/07/2018 20:38,25/07/2018,
ZA-00026415,ZAC0004071,12/07/2018 12:08,COMPLETE,13/07/2018 09:02,16/07/2018 19:36,18/07/2018,
ZA-00026416,ZAC0016942,12/07/2018 07:41,COMPLETE,18/07/2018 07:23,19/07/2018 16:18,22/07/2018,
ZA-00026417,ZAC0001913,12/07/2018 20:29,COMPLETE,15/07/2018 06:07,26/07/2018 00:09,19/07/2018,WELCOME10
ZA-00026418,ZAC0009716,12/07/2018 16:31,COMPLETE,14/07/2018 19:33,19/07/2018 13:28,17/07/2018,
ZA-00026419,ZAC0020946,12/07/2018 06:44,COMPLETE,12/07/2018 18:36,19/07/2018 06:55,15/07/2018,
ZA-00026420,ZAC0018655,12/07/2018 14:34,COMPLETE,18/07/2018 10:57,19/07/2018 12:43,25/07/2018,
ZA-00026421,ZAC0008694,12/07/2018 20:32,COMPLETE,13/07/2018 17:40,18/07/2018 23:22,16/07/2018,
ZA-00026422,ZAC0011799,12/07/2018 19:59,COMPLETE,13/07/2018 09:44,19/07/2018 16:01,23/07/2018,WELCOME10
ZA-00026423,ZAC0000954,12/07/2018 18:47,COMPLETE,14/07/2018 12:14,19/07/2018 08:17,17/07/2018,FLASH25
ZA-00026424,ZAC0009025,12/07/2018 14:19,COMPLETE,16/07/2018 18:28,20/07/2018 00:55,21/07/2018,
ZA-00026425,ZAC0014334,12/07/2018 10:07,COMPLETE,12/07/2018 14:18,16/07/2018 01:53,17/07/2018,
ZA-00026426,ZAC0023652,12/07/2018 22:58,COMPLETE,13/07/2018 15:43,16/07/2018 03:56,20/07/2018,
ZA-00026427,ZAC0013583,12/07/2018 09:34,COMPLETE,14/07/2018 03:03,18/07/2018 05:15,17/07/2018,FLASH25
ZA-00026428,ZAC0004693,12/07/2018 17:59,COMPLETE,16/07/2018 14:19,18/07/2018 02:42,20/07/2018,
ZA-00026429,ZAC0003959,12/07/2018 07:10,COMPLETE,17/07/2018 14:42,21/07/2018 03:45,21/07/2018,
ZA-00026430,ZAC0023500,12/07/2018 19:29,COMPLETE,15/07/2018 02:11,16/07/2018 18:25,20/07/2018,
ZA-00026431,ZAC0020939,12/07/2018 16:31,CANCELLED,,,,
ZA-00026432,ZAC0003451,12/07/2018 08:12,COMPLETE,13/07/2018 06:03,15/07/2018 11:48,18/07/2018,
ZA-00026433,ZAC0005932,12/07/2018 15:27,COMPLETE,14/07/2018 01:45,16/07/2018 12:45,17/07/2018,
ZA-00026434,ZAC0010845,12/07/2018 20:12,COMPLETE,15/07/2018 07:41,16/07/2018 21:36,19/07/2018,
ZA-00026435,ZAC0006850,12/07/2018 13:14,COMPLETE,13/07/2018 03:59,19/07/2018 21:35,23/07/2018,WINTER15
ZA-00026436,ZAC0016145,12/07/2018 20:12,COMPLETE,15/07/2018 12:25,18/07/2018 09:31,18/07/2018,
ZA-00026437,ZAC0023446,12/07/2018 13:31,COMPLETE,13/07/2018 03:57,14/07/2018 15:05,16/07/2018,
ZA-00026438,ZAC0012905,12/07/2018 06:57,COMPLETE,15/07/2018 21:41,18/07/2018 11:14,18/07/2018,
ZA-00026439,ZAC0013401,12/07/2018 06:05,PENDING,,,,
ZA-00026440,ZAC0014223,12/07/2018 12:58,COMPLETE,14/07/2018 04:50,18/07/2018 04:26,24/07/2018,
ZA-00026441,ZAC0010472,12/07/2018 20:18,COMPLETE,16/07/2018 07:06,23/07/2018 07:05,23/07/2018,
ZA-00026442,ZAC0011869,12/07/2018 18:10,COMPLETE,14/07/2018 11:40,18/07/2018 04:10,18/07/2018,
ZA-00026443,ZAC0004890,12/07/2018 18:40,COMPLETE,14/07/2018 19:38,20/07/2018 20:37,17/07/2018,
ZA-00026444,ZAC0016889,12/07/2018 20:00,COMPLETE,16/07/2018 12:57,20/07/2018 22:46,21/07/2018,
ZA-00026445,ZAC0019361,12/07/2018 15:06,COMPLETE,14/07/2018 04:25,18/07/2018 11:37,21/07/2018,WINTER15
ZA-00026446,ZAC0022120,12/07/2018 12:30,COMPLETE,12/07/2018 15:27,16/07/2018 16:37,15/07/2018,
ZA-00026447,ZAC0017829,12/07/2018 09:27,COMPLETE,15/07/2018 18:27,19/07/2018 20:53,22/07/2018,
ZA-00026448,ZAC0005994,12/07/2018 06:39,COMPLETE,14/07/2018 04:36,22/07/2018 08:25,18/07/2018,
ZA-00026449,ZAC0014770,12/07/2018 13:54,COMPLETE,14/07/2018 07:10,25/07/2018 16:53,18/07/2018,
ZA-00026450,ZAC0014682,12/07/2018 15:01,COMPLETE,15/07/2018 09:31,17/07/2018 14:12,20/07/2018,
ZA-00026451,ZAC0007591,12/07/2018 22:57,COMPLETE,14/07/2018 07:50,22/07/2018 15:59,18/07/2018,
ZA-00026452,ZAC0006896,12/07/2018 13:46,COMPLETE,14/07/2018 04:38,16/07/2018 22:10,21/07/2018,
ZA-00026453,ZAC0021663,12/07/2018 14:34,COMPLETE,13/07/2018 17:53,21/07/2018 16:41,20/07/2018,
ZA-00026454,ZAC0015732,12/07/2018 17:41,COMPLETE,15/07/2018 12:28,18/07/2018 12:14,22/07/2018,
ZA-00026455,ZAC0006048,12/07/2018 07:52,COMPLETE,13/07/2018 23:53,23/07/2018 09:16,17/07/2018,
ZA-00026456,ZAC0001873,12/07/2018 17:02,COMPLETE,14/07/2018 18:42,18/07/2018 05:59,21/07/2018,
ZA-00026457,ZAC0018039,12/07/2018 21:50,COMPLETE,16/07/2018 00:45,16/07/2018 16:15,20/07/2018,
ZA-00026458,ZAC0000469,13/07/2018 14:10,COMPLETE,15/07/2018 09:17,16/07/2018 18:24,19/07/2018,
ZA-00026459,ZAC0001164,13/07/2018 12:37,COMPLETE,14/07/2018 19:32,18/07/2018 05:23,17/07/2018,
ZA-00026460,ZAC0017099,13/07/2018 21:20,COMPLETE,15/07/2018 04:06,18/07/2018 19:18,22/07/2018,
ZA-00026461,ZAC0006526,13/07/2018 15:49,COMPLETE,14/07/2018 14:39,15/07/2018 06:50,18/07/2018,
ZA-00026462,ZAC0010282,13/07/2018 11:25,COMPLETE,15/07/2018 14:28,18/07/2018 05:00,19/07/2018,LOYAL5
ZA-00026463,ZAC0004065,13/07/2018 07:13,CANCELLED,,,,
ZA-00026464,ZAC0021826,13/07/2018 16:21,COMPLETE,17/07/2018 01:50,20/07/2018 05:58,24/07/2018,
ZA-00026465,ZAC0000451,13/07/2018 06:55,COMPLETE,17/07/2018 03:24,21/07/2018 00:04,24/07/2018,BULK20
ZA-00026466,ZAC0019094,13/07/2018 18:23,COMPLETE,14/07/2018 16:52,16/07/2018 21:41,21/07/2018,
ZA-00026467,ZAC0002660,13/07/2018 14:11,COMPLETE,14/07/2018 19:23,20/07/2018 05:17,19/07/2018,
ZA-00026468,ZAC0013417,13/07/2018 13:55,COMPLETE,14/07/2018 11:46,16/07/2018 19:46,17/07/2018,
ZA-00026469,ZAC0021451,13/07/2018 12:10,CANCELLED,,,,
ZA-00026470,ZAC0022280,13/07/2018 07:25,COMPLETE,14/07/2018 00:43,14/07/2018 21:44,19/07/2018,
ZA-00026471,ZAC0012604,13/07/2018 11:41,COMPLETE,14/07/2018 13:21,17/07/2018 08:42,21/07/2018,
ZA-00026472,ZAC0004668,13/07/2018 13:05,CANCELLED,,,,
ZA-00026473,ZAC0004593,13/07/2018 19:37,COMPLETE,17/07/2018 09:53,20/07/2018 21:54,22/07/2018,
ZA-00026474,ZAC0018580,13/07/2018 06:19,COMPLETE,15/07/2018 10:27,21/07/2018 06:45,20/07/2018,
ZA-00026475,ZAC0003541,13/07/2018 21:52,COMPLETE,14/07/2018 01:53,21/07/2018 14:37,19/07/2018,WINTER15
ZA-00026476,ZAC0004508,13/07/2018 06:54,COMPLETE,16/07/2018 04:10,18/07/2018 11:38,20/07/2018,FLASH25
ZA-00026477,ZAC0021344,13/07/2018 15:30,COMPLETE,17/07/2018 19:57,19/07/2018 09:03,22/07/2018,
ZA-00026478,ZAC0021922,13/07/2018 18:53,COMPLETE,14/07/2018 16:28,18/07/2018 06:47,18/07/2018,BULK20
ZA-00026479,ZAC0010330,13/07/2018 17:36,COMPLETE,16/07/2018 18:45,18/07/2018 11:06,19/07/2018,
ZA-00026480,ZAC0013138,13/07/2018 22:11,COMPLETE,15/07/2018 01:54,19/07/2018 06:15,19/07/2018,
ZA-00026481,ZAC0014245,13/07/2018 22:18,COMPLETE,15/07/2018 02:26,16/07/2018 02:15,22/07/2018,
ZA-00026482,ZAC0009609,13/07/2018 15:22,COMPLETE,14/07/2018 21:55,17/07/2018 04:27,18/07/2018,
ZA-00026483,ZAC0004987,13/07/2018 17:31,COMPLETE,16/07/2018 01:34,21/07/2018 07:50,20/07/2018,
ZA-00026484,ZAC0004493,13/07/2018 14:34,COMPLETE,15/07/2018 09:41,16/07/2018 08:31,20/07/2018,
ZA-00026485,ZAC0001340,13/07/2018 20:22,COMPLETE,17/07/2018 18:08,19/07/2018 17:20,22/07/2018,WELCOME10
ZA-00026486,ZAC0012086,13/07/2018 22:09,COMPLETE,14/07/2018 01:02,15/07/2018 15:16,21/07/2018,WELCOME10
ZA-00026487,ZAC0009268,13/07/2018 20:36,COMPLETE,15/07/2018 11:27,16/07/2018 17:12,22/07/2018,
ZA-00026488,ZAC0022309,13/07/2018 06:14,COMPLETE,16/07/2018 00:01,18/07/2018 18:56,23/07/2018,
ZA-00026489,ZAC0016143,13/07/2018 12:12,COMPLETE,16/07/2018 09:50,22/07/2018 00:18,19/07/2018,
ZA-00026490,ZAC0022964,13/07/2018 21:32,COMPLETE,15/07/2018 21:46,17/07/2018 08:41,18/07/2018,
ZA-00026491,ZAC0000762,13/07/2018 13:24,COMPLETE,15/07/2018 21:36,17/07/2018 13:06,18/07/2018,
ZA-00026492,ZAC0001457,13/07/2018 06:05,CANCELLED,,,,
ZA-00026493,ZAC0007866,13/07/2018 10:23,COMPLETE,14/07/2018 07:05,17/07/2018 08:35,17/07/2018,
ZA-00026494,ZAC0011733,13/07/2018 16:16,RETURNED,15/07/2018 00:51,18/07/2018 15:34,25/07/2018,
ZA-00026495,ZAC0021991,13/07/2018 20:44,COMPLETE,14/07/2018 21:02,21/07/2018 03:46,17/07/2018,
ZA-00026496,ZAC0014434,13/07/2018 10:06,COMPLETE,18/07/2018 00:02,19/07/2018 18:54,22/07/2018,
ZA-00026497,ZAC0012220,13/07/2018 19:20,COMPLETE,15/07/2018 15:00,22/07/2018 02:01,25/07/2018,FREESHIP
ZA-00026498,ZAC0014670,13/07/2018 11:22,COMPLETE,14/07/2018 06:56,17/07/2018 03:03,18/07/2018,FREESHIP
ZA-00026499,ZAC0023637,13/07/2018 06:36,COMPLETE,14/07/2018 21:01,17/07/2018 00:04,19/07/2018,
ZA-00026500,ZAC0020173,13/07/2018 16:23,DISPATCHED,16/07/2018 23:01,,21/07/2018,
ZA-00026501,ZAC0017466,13/07/2018 22:46,DISPATCHED,15/07/2018 11:03,,22/07/2018,
ZA-00026502,ZAC0008589,13/07/2018 06:16,COMPLETE,14/07/2018 08:09,24/07/2018 14:58,19/07/2018,
ZA-00026503,ZAC0009442,13/07/2018 19:48,COMPLETE,14/07/2018 21:33,21/07/2018 17:18,18/07/2018,
ZA-00026504,ZAC0003562,13/07/2018 15:59,RETURNED,18/07/2018 03:19,18/07/2018 12:54,23/07/2018,WINTER15
ZA-00026505,ZAC0005316,13/07/2018 06:31,COMPLETE,16/07/2018 07:46,17/07/2018 06:46,20/07/2018,
ZA-00026506,ZAC0017502,13/07/2018 16:23,COMPLETE,16/07/2018 09:31,18/07/2018 17:29,20/07/2018,
ZA-00026507,ZAC0010651,13/07/2018 15:44,COMPLETE,14/07/2018 17:46,21/07/2018 04:33,18/07/2018,
ZA-00026508,ZAC0007081,13/07/2018 17:52,COMPLETE,16/07/2018 08:08,21/07/2018 13:48,19/07/2018,
ZA-00026509,ZAC0014768,13/07/2018 11:51,COMPLETE,13/07/2018 15:31,16/07/2018 14:32,18/07/2018,
ZA-00026510,ZAC0016537,13/07/2018 22:53,COMPLETE,14/07/2018 23:55,21/07/2018 10:51,18/07/2018,
ZA-00026511,ZAC0000692,13/07/2018 18:51,COMPLETE,14/07/2018 09:35,16/07/2018 05:02,19/07/2018,
ZA-00026512,ZAC0001724,13/07/2018 10:40,COMPLETE,17/07/2018 07:13,20/07/2018 16:30,21/07/2018,
ZA-00026513,ZAC0006008,13/07/2018 18:00,COMPLETE,14/07/2018 16:38,18/07/2018 00:08,24/07/2018,
ZA-00026514,ZAC0004323,13/07/2018 13:38,COMPLETE,17/07/2018 11:32,26/07/2018 00:01,27/07/2018,FREESHIP
ZA-00026515,ZAC0018396,13/07/2018 18:47,CANCELLED,,,,LOYAL5
ZA-00026516,ZAC0000085,13/07/2018 12:14,COMPLETE,16/07/2018 17:31,20/07/2018 00:51,26/07/2018,
ZA-00026517,ZAC0016623,13/07/2018 20:34,COMPLETE,15/07/2018 15:45,18/07/2018 00:56,22/07/2018,
ZA-00026518,ZAC0011080,13/07/2018 08:07,COMPLETE,16/07/2018 15:43,21/07/2018 22:04,23/07/2018,FLASH25
ZA-00026519,ZAC0020081,13/07/2018 22:39,COMPLETE,15/07/2018 07:50,22/07/2018 23:09,19/07/2018,
ZA-00026520,ZAC0012221,13/07/2018 07:54,COMPLETE,13/07/2018 21:58,17/07/2018 01:02,20/07/2018,
ZA-00026521,ZAC0018313,13/07/2018 09:09,COMPLETE,15/07/2018 04:48,20/07/2018 06:38,19/07/2018,
ZA-00026522,ZAC0000472,13/07/2018 11:52,COMPLETE,14/07/2018 08:29,24/07/2018 15:44,21/07/2018,
ZA-00026523,ZAC0021194,13/07/2018 22:23,COMPLETE,18/07/2018 14:21,23/07/2018 08:12,23/07/2018,FLASH25
ZA-00026524,ZAC0006248,13/07/2018 16:20,COMPLETE,15/07/2018 12:59,19/07/2018 17:50,22/07/2018,BULK20
ZA-00026525,ZAC0022563,13/07/2018 16:23,COMPLETE,16/07/2018 23:12,21/07/2018 02:35,20/07/2018,
ZA-00026526,ZAC0021929,13/07/2018 10:00,COMPLETE,19/07/2018 03:28,22/07/2018 14:16,26/07/2018,BULK20
ZA-00026527,ZAC0015695,13/07/2018 19:19,COMPLETE,19/07/2018 17:57,24/07/2018 12:19,23/07/2018,
ZA-00026528,ZAC0010742,13/07/2018 06:06,COMPLETE,15/07/2018 14:26,19/07/2018 09:13,20/07/2018,
ZA-00026529,ZAC0021018,13/07/2018 16:02,CANCELLED,,,,
ZA-00026530,ZAC0009115,13/07/2018 08:26,COMPLETE,15/07/2018 05:48,19/07/2018 16:02,22/07/2018,
ZA-00026531,ZAC0010175,13/07/2018 08:57,COMPLETE,14/07/2018 14:23,16/07/2018 12:22,17/07/2018,
ZA-00026532,ZAC0021235,13/07/2018 14:08,COMPLETE,17/07/2018 06:43,21/07/2018 03:08,21/07/2018,
ZA-00026533,ZAC0018976,13/07/2018 13:46,COMPLETE,16/07/2018 14:54,21/07/2018 04:07,19/07/2018,
ZA-00026534,ZAC0023656,13/07/2018 21:12,COMPLETE,14/07/2018 17:40,24/07/2018 08:04,18/07/2018,
ZA-00026535,ZAC0015581,13/07/2018 12:52,COMPLETE,14/07/2018 14:17,21/07/2018 23:03,19/07/2018,
ZA-00026536,ZAC0002608,13/07/2018 20:36,COMPLETE,17/07/2018 01:53,23/07/2018 10:54,24/07/2018,FLASH25
ZA-00026537,ZAC0007374,13/07/2018 07:06,COMPLETE,13/07/2018 16:22,15/07/2018 02:08,17/07/2018,
ZA-00026538,ZAC0011724,13/07/2018 15:12,COMPLETE,15/07/2018 03:39,17/07/2018 12:57,19/07/2018,
ZA-00026539,ZAC0008299,13/07/2018 17:14,COMPLETE,14/07/2018 13:53,19/07/2018 08:15,17/07/2018,
ZA-00026540,ZAC0011949,13/07/2018 20:59,COMPLETE,15/07/2018 08:24,15/07/2018 16:50,20/07/2018,
ZA-00026541,ZAC0001695,13/07/2018 08:23,COMPLETE,14/07/2018 09:04,15/07/2018 04:48,19/07/2018,
ZA-00026542,ZAC0019192,13/07/2018 13:21,COMPLETE,15/07/2018 11:45,18/07/2018 05:46,18/07/2018,
ZA-00026543,ZAC0015723,13/07/2018 10:51,COMPLETE,15/07/2018 04:30,16/07/2018 16:39,22/07/2018,
ZA-00026544,ZAC0018356,13/07/2018 06:49,COMPLETE,14/07/2018 13:21,16/07/2018 13:24,21/07/2018,
ZA-00026545,ZAC0009006,13/07/2018 07:08,COMPLETE,14/07/2018 14:22,17/07/2018 21:00,17/07/2018,
ZA-00026546,ZAC0010869,14/07/2018 12:35,COMPLETE,15/07/2018 04:40,20/07/2018 16:18,18/07/2018,
ZA-00026547,ZAC0009642,14/07/2018 08:19,CANCELLED,,,,
ZA-00026548,ZAC0008154,14/07/2018 11:50,COMPLETE,15/07/2018 00:37,22/07/2018 04:12,20/07/2018,
ZA-00026549,ZAC0013385,14/07/2018 11:16,COMPLETE,15/07/2018 01:11,18/07/2018 13:02,18/07/2018,
ZA-00026550,ZAC0018433,14/07/2018 21:32,COMPLETE,16/07/2018 03:04,17/07/2018 10:45,23/07/2018,FLASH25
ZA-00026551,ZAC0020424,14/07/2018 09:26,COMPLETE,16/07/2018 19:50,23/07/2018 07:25,21/07/2018,
ZA-00026552,ZAC0006961,14/07/2018 19:57,COMPLETE,16/07/2018 08:40,19/07/2018 15:55,21/07/2018,
ZA-00026553,ZAC0022845,14/07/2018 21:32,COMPLETE,17/07/2018 22:07,21/07/2018 15:00,21/07/2018,BULK20
ZA-00026554,ZAC0009137,14/07/2018 15:17,COMPLETE,19/07/2018 01:32,22/07/2018 01:48,24/07/2018,WINTER15
ZA-00026555,ZAC0005449,14/07/2018 17:55,COMPLETE,16/07/2018 15:32,22/07/2018 06:33,20/07/2018,
ZA-00026556,ZAC0002096,14/07/2018 06:53,COMPLETE,16/07/2018 10:58,26/07/2018 03:00,21/07/2018,LOYAL5
ZA-00026557,ZAC0014875,14/07/2018 11:44,COMPLETE,15/07/2018 13:57,21/07/2018 10:33,25/07/2018,
ZA-00026558,ZAC0016041,14/07/2018 10:02,COMPLETE,18/07/2018 03:38,21/07/2018 19:28,23/07/2018,
ZA-00026559,ZAC0009917,14/07/2018 14:13,COMPLETE,18/07/2018 03:47,21/07/2018 22:37,22/07/2018,BULK20
ZA-00026560,ZAC0014037,14/07/2018 07:15,COMPLETE,17/07/2018 10:30,25/07/2018 08:26,24/07/2018,
ZA-00026561,ZAC0023295,14/07/2018 20:28,COMPLETE,21/07/2018 01:08,26/07/2018 02:18,31/07/2018,FREESHIP
ZA-00026562,ZAC0014872,14/07/2018 10:23,COMPLETE,15/07/2018 07:55,19/07/2018 19:34,19/07/2018,
ZA-00026563,ZAC0012279,14/07/2018 22:47,CANCELLED,,,,WINTER15
ZA-00026564,ZAC0001347,14/07/2018 15:18,COMPLETE,14/07/2018 18:29,19/07/2018 04:34,17/07/2018,
ZA-00026565,ZAC0005649,14/07/2018 20:55,COMPLETE,15/07/2018 12:17,17/07/2018 13:50,19/07/2018,
ZA-00026566,ZAC0019596,14/07/2018 09:41,COMPLETE,18/07/2018 18:15,22/07/2018 18:19,23/07/2018,FLASH25
ZA-00026567,ZAC0012638,14/07/2018 17:19,CANCELLED,,,,
ZA-00026568,ZAC0001201,14/07/2018 13:26,COMPLETE,18/07/2018 13:56,19/07/2018 14:02,21/07/2018,
ZA-00026569,ZAC0002148,14/07/2018 14:57,COMPLETE,16/07/2018 12:48,29/07/2018 02:37,19/07/2018,
ZA-00026570,ZAC0009123,14/07/2018 21:41,CANCELLED,,,,
ZA-00026571,ZAC0018426,14/07/2018 15:11,COMPLETE,16/07/2018 13:13,25/07/2018 02:07,23/07/2018,WINTER15
ZA-00026572,ZAC0005451,14/07/2018 20:50,COMPLETE,21/07/2018 19:59,29/07/2018 05:40,31/07/2018,
ZA-00026573,ZAC0002790,14/07/2018 11:33,COMPLETE,16/07/2018 09:48,20/07/2018 12:21,20/07/2018,
ZA-00026574,ZAC0001162,14/07/2018 22:59,COMPLETE,17/07/2018 21:28,18/07/2018 03:03,22/07/2018,
ZA-00026575,ZAC0003139,14/07/2018 17:08,COMPLETE,17/07/2018 06:06,18/07/2018 11:11,22/07/2018,
ZA-00026576,ZAC0004920,14/07/2018 12:53,COMPLETE,19/07/2018 10:04,20/07/2018 21:23,26/07/2018,
ZA-00026577,ZAC0011471,14/07/2018 08:39,COMPLETE,24/07/2018 21:18,26/07/2018 22:49,28/07/2018,
ZA-00026578,ZAC0004642,14/07/2018 16:36,COMPLETE,18/07/2018 02:41,22/07/2018 15:56,23/07/2018,
ZA-00026579,ZAC0007976,14/07/2018 14:07,COMPLETE,19/07/2018 06:39,26/07/2018 04:54,22/07/2018,WELCOME10
ZA-00026580,ZAC0023617,14/07/2018 08:18,COMPLETE,15/07/2018 21:35,17/07/2018 23:09,22/07/2018,
ZA-00026581,ZAC0020076,14/07/2018 12:46,COMPLETE,16/07/2018 18:07,20/07/2018 03:24,23/07/2018,
ZA-00026582,ZAC0005903,14/07/2018 18:22,COMPLETE,16/07/2018 19:47,29/07/2018 05:02,21/07/2018,WELCOME10
ZA-00026583,ZAC0008456,14/07/2018 16:52,COMPLETE,18/07/2018 13:27,20/07/2018 09:09,22/07/2018,
ZA-00026584,ZAC0018164,14/07/2018 21:01,COMPLETE,17/07/2018 06:03,29/07/2018 12:32,21/07/2018,
ZA-00026585,ZAC0018773,14/07/2018 11:14,COMPLETE,18/07/2018 04:59,23/07/2018 12:42,22/07/2018,
ZA-00026586,ZAC0006600,14/07/2018 21:29,COMPLETE,20/07/2018 15:52,24/07/2018 12:41,25/07/2018,WELCOME10
ZA-00026587,ZAC0008493,14/07/2018 14:38,COMPLETE,16/07/2018 12:11,20/07/2018 09:43,19/07/2018,
ZA-00026588,ZAC0001459,14/07/2018 17:36,COMPLETE,16/07/2018 01:24,17/07/2018 21:55,26/07/2018,
ZA-00026589,ZAC0023200,14/07/2018 11:00,COMPLETE,15/07/2018 10:42,17/07/2018 11:29,18/07/2018,
ZA-00026590,ZAC0009777,14/07/2018 06:08,COMPLETE,17/07/2018 14:19,26/07/2018 16:38,21/07/2018,
ZA-00026591,ZAC0018778,14/07/2018 22:01,COMPLETE,19/07/2018 06:27,21/07/2018 19:48,23/07/2018,
ZA-00026592,ZAC0014770,14/07/2018 06:37,COMPLETE,16/07/2018 14:10,20/07/2018 01:23,23/07/2018,
ZA-00026593,ZAC0007799,14/07/2018 17:01,COMPLETE,18/07/2018 23:26,20/07/2018 00:27,25/07/2018,
ZA-00026594,ZAC0000279,14/07/2018 13:52,COMPLETE,15/07/2018 11:01,18/07/2018 14:53,20/07/2018,
ZA-00026595,ZAC0006384,14/07/2018 15:25,COMPLETE,15/07/2018 15:37,24/07/2018 10:40,18/07/2018,FREESHIP
ZA-00026596,ZAC0005743,14/07/2018 13:59,COMPLETE,17/07/2018 16:54,23/07/2018 01:45,24/07/2018,FREESHIP
ZA-00026597,ZAC0000488,14/07/2018 11:04,COMPLETE,18/07/2018 23:29,22/07/2018 09:05,23/07/2018,
ZA-00026598,ZAC0015888,14/07/2018 15:38,COMPLETE,15/07/2018 22:38,26/07/2018 23:03,20/07/2018,
ZA-00026599,ZAC0001071,14/07/2018 19:26,COMPLETE,15/07/2018 02:21,17/07/2018 15:16,22/07/2018,BULK20
ZA-00026600,ZAC0002101,14/07/2018 19:47,COMPLETE,18/07/2018 03:50,23/07/2018 01:44,23/07/2018,
ZA-00026601,ZAC0022141,14/07/2018 13:56,COMPLETE,18/07/2018 04:27,22/07/2018 23:03,23/07/2018,
ZA-00026602,ZAC0018467,14/07/2018 12:43,COMPLETE,16/07/2018 06:28,17/07/2018 20:09,20/07/2018,
ZA-00026603,ZAC0013528,14/07/2018 17:59,COMPLETE,16/07/2018 05:57,17/07/2018 05:13,23/07/2018,
ZA-00026604,ZAC0009555,14/07/2018 20:55,COMPLETE,15/07/2018 08:51,18/07/2018 06:56,19/07/2018,
ZA-00026605,ZAC0004988,14/07/2018 20:18,COMPLETE,17/07/2018 11:50,28/07/2018 15:06,24/07/2018,
ZA-00026606,ZAC0023494,14/07/2018 17:44,COMPLETE,17/07/2018 13:04,20/07/2018 08:34,21/07/2018,
ZA-00026607,ZAC0007920,14/07/2018 18:56,COMPLETE,19/07/2018 12:49,21/07/2018 02:14,24/07/2018,
ZA-00026608,ZAC0008287,14/07/2018 06:23,COMPLETE,14/07/2018 18:27,18/07/2018 01:49,18/07/2018,
ZA-00026609,ZAC0019783,14/07/2018 12:35,COMPLETE,15/07/2018 17:01,24/07/2018 10:14,19/07/2018,
ZA-00026610,ZAC0006596,14/07/2018 06:31,COMPLETE,17/07/2018 02:12,19/07/2018 04:10,22/07/2018,
ZA-00026611,ZAC0013390,14/07/2018 08:07,COMPLETE,17/07/2018 18:42,29/07/2018 19:28,21/07/2018,
ZA-00026612,ZAC0017485,14/07/2018 13:07,COMPLETE,14/07/2018 16:32,19/07/2018 08:36,18/07/2018,
ZA-00026613,ZAC0022179,14/07/2018 16:04,COMPLETE,19/07/2018 11:31,26/07/2018 06:27,24/07/2018,
ZA-00026614,ZAC0001006,14/07/2018 18:26,DISPATCHED,15/07/2018 16:35,,19/07/2018,
ZA-00026615,ZAC0020097,14/07/2018 16:46,COMPLETE,24/07/2018 15:50,26/07/2018 19:48,31/07/2018,
ZA-00026616,ZAC0019147,14/07/2018 19:34,COMPLETE,18/07/2018 00:48,21/07/2018 00:04,21/07/2018,
ZA-00026617,ZAC0012220,14/07/2018 21:22,COMPLETE,15/07/2018 09:23,19/07/2018 07:30,19/07/2018,
ZA-00026618,ZAC0015650,14/07/2018 18:35,COMPLETE,18/07/2018 06:33,19/07/2018 18:03,21/07/2018,WELCOME10
ZA-00026619,ZAC0014914,14/07/2018 14:59,RETURNED,17/07/2018 06:15,24/07/2018 09:49,21/07/2018,LOYAL5
ZA-00026620,ZAC0014621,14/07/2018 10:41,COMPLETE,15/07/2018 01:55,18/07/2018 07:03,18/07/2018,
ZA-00026621,ZAC0016131,14/07/2018 20:48,COMPLETE,17/07/2018 04:09,19/07/2018 10:31,20/07/2018,
ZA-00026622,ZAC0008201,14/07/2018 15:58,COMPLETE,16/07/2018 17:25,24/07/2018 16:50,20/07/2018,
ZA-00026623,ZAC0017726,15/07/2018 21:17,COMPLETE,16/07/2018 01:45,17/07/2018 06:27,19/07/2018,
ZA-00026624,ZAC0017783,15/07/2018 17:58,COMPLETE,17/07/2018 14:56,23/07/2018 04:56,22/07/2018,
ZA-00026625,ZAC0015238,15/07/2018 22:59,COMPLETE,16/07/2018 20:19,24/07/2018 20:11,20/07/2018,
ZA-00026626,ZAC0015609,15/07/2018 12:10,COMPLETE,16/07/2018 03:20,17/07/2018 03:18,21/07/2018,
ZA-00026627,ZAC0010642,15/07/2018 06:55,COMPLETE,15/07/2018 10:35,18/07/2018 10:12,19/07/2018,FLASH25
ZA-00026628,ZAC0001195,15/07/2018 12:10,COMPLETE,19/07/2018 03:34,23/07/2018 13:28,23/07/2018,
ZA-00026629,ZAC0007804,15/07/2018 21:30,COMPLETE,15/07/2018 23:46,28/07/2018 02:32,20/07/2018,
ZA-00026630,ZAC0023388,15/07/2018 21:38,COMPLETE,18/07/2018 10:14,23/07/2018 05:47,23/07/2018,WINTER15
ZA-00026631,ZAC0002857,15/07/2018 13:34,COMPLETE,17/07/2018 21:08,24/07/2018 20:36,21/07/2018,
ZA-00026632,ZAC0009405,15/07/2018 16:54,COMPLETE,16/07/2018 07:13,18/07/2018 01:51,20/07/2018,
ZA-00026633,ZAC0016700,15/07/2018 07:16,COMPLETE,16/07/2018 01:04,22/07/2018 12:25,20/07/2018,
ZA-00026634,ZAC0022859,15/07/2018 21:07,COMPLETE,18/07/2018 02:44,01/08/2018 15:59,28/07/2018,
ZA-00026635,ZAC0005979,15/07/2018 13:49,COMPLETE,17/07/2018 12:59,26/07/2018 01:04,21/07/2018,
ZA-00026636,ZAC0003401,15/07/2018 13:58,COMPLETE,19/07/2018 14:58,20/07/2018 15:56,23/07/2018,LOYAL5
ZA-00026637,ZAC0016331,15/07/2018 18:43,COMPLETE,22/07/2018 09:04,24/07/2018 08:13,26/07/2018,
ZA-00026638,ZAC0009192,15/07/2018 14:55,COMPLETE,17/07/2018 23:23,23/07/2018 22:11,27/07/2018,
ZA-00026639,ZAC0018465,15/07/2018 06:12,COMPLETE,15/07/2018 21:54,26/07/2018 13:12,20/07/2018,
ZA-00026640,ZAC0008536,15/07/2018 06:58,RETURNED,15/07/2018 13:39,18/07/2018 09:23,20/07/2018,
ZA-00026641,ZAC0014071,15/07/2018 16:30,COMPLETE,20/07/2018 21:55,23/07/2018 00:29,23/07/2018,
ZA-00026642,ZAC0014607,15/07/2018 13:43,CANCELLED,,,,FLASH25
ZA-00026643,ZAC0002931,15/07/2018 10:04,COMPLETE,17/07/2018 14:40,19/07/2018 12:43,21/07/2018,
ZA-00026644,ZAC0001994,15/07/2018 08:50,COMPLETE,16/07/2018 13:53,20/07/2018 01:47,23/07/2018,WINTER15
ZA-00026645,ZAC0019055,15/07/2018 07:32,COMPLETE,18/07/2018 09:09,23/07/2018 16:37,22/07/2018,
ZA-00026646,ZAC0011927,15/07/2018 08:43,COMPLETE,15/07/2018 15:04,26/07/2018 15:57,19/07/2018,
ZA-00026647,ZAC0018648,15/07/2018 09:46,COMPLETE,17/07/2018 00:12,19/07/2018 00:33,22/07/2018,
ZA-00026648,ZAC0004855,15/07/2018 12:19,COMPLETE,20/07/2018 18:30,26/07/2018 15:10,24/07/2018,
ZA-00026649,ZAC0017753,15/07/2018 17:03,PENDING,,,,
ZA-00026650,ZAC0003392,15/07/2018 17:35,COMPLETE,17/07/2018 22:20,21/07/2018 16:16,24/07/2018,
ZA-00026651,ZAC0002962,15/07/2018 14:11,COMPLETE,17/07/2018 19:15,20/07/2018 16:25,22/07/2018,
ZA-00026652,ZAC0012176,15/07/2018 11:37,COMPLETE,17/07/2018 03:16,24/07/2018 16:30,21/07/2018,
ZA-00026653,ZAC0017755,15/07/2018 21:55,RETURNED,17/07/2018 13:34,19/07/2018 23:21,22/07/2018,LOYAL5
ZA-00026654,ZAC0016163,15/07/2018 22:38,COMPLETE,21/07/2018 07:35,24/07/2018 09:42,25/07/2018,WELCOME10
ZA-00026655,ZAC0015709,15/07/2018 18:42,COMPLETE,17/07/2018 06:42,22/07/2018 11:20,21/07/2018,BULK20
ZA-00026656,ZAC0008976,15/07/2018 15:43,COMPLETE,17/07/2018 14:08,22/07/2018 13:17,20/07/2018,
ZA-00026657,ZAC0018140,15/07/2018 09:13,DISPATCHED,16/07/2018 22:44,,20/07/2018,
ZA-00026658,ZAC0017767,15/07/2018 12:35,COMPLETE,16/07/2018 13:52,24/07/2018 03:42,26/07/2018,
ZA-00026659,ZAC0007724,15/07/2018 13:46,COMPLETE,16/07/2018 05:30,17/07/2018 04:18,21/07/2018,
ZA-00026660,ZAC0002017,15/07/2018 21:05,COMPLETE,16/07/2018 21:34,24/07/2018 03:25,21/07/2018,
ZA-00026661,ZAC0014293,15/07/2018 17:12,COMPLETE,19/07/2018 00:07,21/07/2018 02:27,26/07/2018,
ZA-00026662,ZAC0017706,15/07/2018 09:07,COMPLETE,17/07/2018 06:43,21/07/2018 04:15,20/07/2018,
ZA-00026663,ZAC0014483,15/07/2018 07:36,COMPLETE,16/07/2018 00:17,20/07/2018 10:30,20/07/2018,
ZA-00026664,ZAC0017697,15/07/2018 17:43,COMPLETE,17/07/2018 05:03,23/07/2018 18:52,21/07/2018,
ZA-00026665,ZAC0006370,15/07/2018 11:12,COMPLETE,16/07/2018 04:35,19/07/2018 07:13,19/07/2018,
ZA-00026666,ZAC0001013,15/07/2018 22:04,COMPLETE,17/07/2018 02:25,18/07/2018 03:15,27/07/2018,
ZA-00026667,ZAC0013521,15/07/2018 07:05,COMPLETE,16/07/2018 09:21,18/07/2018 13:33,20/07/2018,
ZA-00026668,ZAC0019780,15/07/2018 20:18,COMPLETE,16/07/2018 06:00,22/07/2018 07:11,21/07/2018,
ZA-00026669,ZAC0019577,15/07/2018 11:19,COMPLETE,16/07/2018 05:46,19/07/2018 23:47,23/07/2018,
ZA-00026670,ZAC0008556,15/07/2018 22:25,COMPLETE,20/07/2018 21:15,22/07/2018 23:03,27/07/2018,WELCOME10
ZA-00026671,ZAC0012523,15/07/2018 12:06,COMPLETE,15/07/2018 17:39,18/07/2018 12:19,19/07/2018,
ZA-00026672,ZAC0013341,15/07/2018 19:32,COMPLETE,18/07/2018 05:31,20/07/2018 01:27,22/07/2018,
ZA-00026673,ZAC0020987,15/07/2018 10:36,COMPLETE,17/07/2018 01:20,26/07/2018 21:57,22/07/2018,WINTER15
ZA-00026674,ZAC0008164,15/07/2018 15:04,COMPLETE,17/07/2018 13:27,20/07/2018 08:29,20/07/2018,
ZA-00026675,ZAC0005886,15/07/2018 17:36,COMPLETE,16/07/2018 02:05,19/07/2018 08:11,23/07/2018,
ZA-00026676,ZAC0023748,15/07/2018 08:25,COMPLETE,20/07/2018 00:17,21/07/2018 21:04,25/07/2018,
ZA-00026677,ZAC0010109,15/07/2018 08:06,COMPLETE,17/07/2018 20:49,19/07/2018 01:31,24/07/2018,
ZA-00026678,ZAC0011629,15/07/2018 20:00,COMPLETE,18/07/2018 10:24,21/07/2018 03:01,23/07/2018,
ZA-00026679,ZAC0023721,15/07/2018 22:41,COMPLETE,16/07/2018 05:04,22/07/2018 12:12,23/07/2018,
ZA-00026680,ZAC0018460,15/07/2018 21:38,COMPLETE,18/07/2018 17:10,26/07/2018 18:51,22/07/2018,FLASH25
ZA-00026681,ZAC0001604,15/07/2018 20:29,COMPLETE,20/07/2018 18:22,24/07/2018 23:38,27/07/2018,
ZA-00026682,ZAC0020721,15/07/2018 14:02,COMPLETE,16/07/2018 18:24,25/07/2018 12:02,21/07/2018,
ZA-00026683,ZAC0011159,15/07/2018 18:30,CANCELLED,,,,
ZA-00026684,ZAC0013943,15/07/2018 21:31,COMPLETE,17/07/2018 18:21,19/07/2018 11:25,24/07/2018,
ZA-00026685,ZAC0000865,15/07/2018 13:34,COMPLETE,17/07/2018 00:13,18/07/2018 14:41,27/07/2018,LOYAL5
ZA-00026686,ZAC0012862,15/07/2018 13:17,COMPLETE,17/07/2018 03:40,18/07/2018 22:36,21/07/2018,FLASH25
ZA-00026687,ZAC0018160,15/07/2018 12:20,COMPLETE,16/07/2018 16:47,20/07/2018 05:58,20/07/2018,WINTER15
ZA-00026688,ZAC0017142,15/07/2018 20:50,COMPLETE,17/07/2018 01:37,18/07/2018 22:39,22/07/2018,
ZA-00026689,ZAC0023232,15/07/2018 12:31,COMPLETE,17/07/2018 07:12,19/07/2018 23:51,21/07/2018,
ZA-00026690,ZAC0023609,15/07/2018 19:32,COMPLETE,15/07/2018 21:57,20/07/2018 04:37,19/07/2018,
ZA-00026691,ZAC0008342,15/07/2018 20:02,COMPLETE,18/07/2018 21:37,24/07/2018 00:52,22/07/2018,
ZA-00026692,ZAC0002964,15/07/2018 13:44,COMPLETE,17/07/2018 02:21,24/07/2018 23:51,22/07/2018,LOYAL5
ZA-00026693,ZAC0012157,15/07/2018 10:24,COMPLETE,17/07/2018 03:00,21/07/2018 14:48,21/07/2018,
ZA-00026694,ZAC0023478,15/07/2018 07:57,COMPLETE,16/07/2018 03:16,19/07/2018 15:51,23/07/2018,
ZA-00026695,ZAC0022433,15/07/2018 11:14,COMPLETE,15/07/2018 22:44,16/07/2018 09:10,18/07/2018,
ZA-00026696,ZAC0012560,15/07/2018 17:03,COMPLETE,17/07/2018 03:13,21/07/2018 04:48,21/07/2018,LOYAL5
ZA-00026697,ZAC0009464,15/07/2018 15:27,CANCELLED,,,,
ZA-00026698,ZAC0012275,15/07/2018 09:55,COMPLETE,16/07/2018 06:11,22/07/2018 06:59,19/07/2018,
ZA-00026699,ZAC0019272,15/07/2018 20:31,PENDING,,,,
ZA-00026700,ZAC0010040,15/07/2018 14:59,COMPLETE,17/07/2018 15:35,19/07/2018 11:31,22/07/2018,
ZA-00026701,ZAC0020937,15/07/2018 14:08,COMPLETE,16/07/2018 11:31,18/07/2018 06:42,21/07/2018,LOYAL5
ZA-00026702,ZAC0003583,15/07/2018 13:10,DISPATCHED,16/07/2018 21:36,,23/07/2018,
ZA-00026703,ZAC0001655,16/07/2018 20:42,COMPLETE,21/07/2018 08:24,24/07/2018 04:19,25/07/2018,
ZA-00026704,ZAC0021222,16/07/2018 14:39,COMPLETE,19/07/2018 13:50,21/07/2018 10:36,23/07/2018,
ZA-00026705,ZAC0006443,16/07/2018 12:45,COMPLETE,17/07/2018 09:22,26/07/2018 04:24,22/07/2018,
ZA-00026706,ZAC0020973,16/07/2018 12:47,COMPLETE,18/07/2018 23:27,20/07/2018 12:51,22/07/2018,
ZA-00026707,ZAC0008760,16/07/2018 13:04,COMPLETE,18/07/2018 19:08,23/07/2018 07:52,23/07/2018,
ZA-00026708,ZAC0003525,16/07/2018 12:41,COMPLETE,25/07/2018 12:57,03/08/2018 06:49,30/07/2018,
ZA-00026709,ZAC0004495,16/07/2018 09:20,COMPLETE,16/07/2018 18:37,20/07/2018 15:18,26/07/2018,
ZA-00026710,ZAC0012513,16/07/2018 09:15,COMPLETE,17/07/2018 09:21,28/07/2018 23:13,21/07/2018,FREESHIP
ZA-00026711,ZAC0013964,16/07/2018 19:44,COMPLETE,17/07/2018 17:56,24/07/2018 02:00,21/07/2018,
ZA-00026712,ZAC0006671,16/07/2018 07:24,CANCELLED,,,,LOYAL5
ZA-00026713,ZAC0016999,16/07/2018 15:10,COMPLETE,17/07/2018 19:09,24/07/2018 10:37,22/07/2018,
ZA-00026714,ZAC0023477,16/07/2018 17:56,COMPLETE,17/07/2018 06:06,24/07/2018 06:10,22/07/2018,
ZA-00026715,ZAC0014041,16/07/2018 08:08,COMPLETE,18/07/2018 05:35,19/07/2018 19:31,22/07/2018,
ZA-00026716,ZAC0011291,16/07/2018 09:57,COMPLETE,17/07/2018 04:16,19/07/2018 18:40,22/07/2018,
ZA-00026717,ZAC0004717,16/07/2018 07:59,COMPLETE,20/07/2018 10:29,25/07/2018 11:03,25/07/2018,
ZA-00026718,ZAC0006897,16/07/2018 15:50,CANCELLED,,,,
ZA-00026719,ZAC0004425,16/07/2018 10:28,COMPLETE,24/07/2018 19:29,28/07/2018 14:23,28/07/2018,
ZA-00026720,ZAC0022582,16/07/2018 16:22,COMPLETE,18/07/2018 04:27,25/07/2018 12:14,28/07/2018,
ZA-00026721,ZAC0005693,16/07/2018 16:39,DISPATCHED,18/07/2018 13:03,,22/07/2018,
ZA-00026722,ZAC0011442,16/07/2018 09:14,COMPLETE,17/07/2018 16:29,28/07/2018 11:12,20/07/2018,
ZA-00026723,ZAC0010654,16/07/2018 16:56,COMPLETE,17/07/2018 12:35,20/07/2018 20:44,21/07/2018,LOYAL5
ZA-00026724,ZAC0000892,16/07/2018 06:22,COMPLETE,21/07/2018 15:46,26/07/2018 08:23,25/07/2018,
ZA-00026725,ZAC0012490,16/07/2018 21:58,COMPLETE,17/07/2018 23:12,23/07/2018 14:14,20/07/2018,WINTER15
ZA-00026726,ZAC0019039,16/07/2018 18:57,COMPLETE,17/07/2018 05:51,25/07/2018 03:15,20/07/2018,WINTER15
ZA-00026727,ZAC0007029,16/07/2018 11:35,COMPLETE,18/07/2018 17:26,21/07/2018 13:59,21/07/2018,
ZA-00026728,ZAC0009223,16/07/2018 21:29,COMPLETE,17/07/2018 19:43,22/07/2018 17:33,27/07/2018,
ZA-00026729,ZAC0004172,16/07/2018 12:09,COMPLETE,17/07/2018 22:14,18/07/2018 11:32,21/07/2018,
ZA-00026730,ZAC0008216,16/07/2018 08:15,COMPLETE,18/07/2018 02:30,24/07/2018 21:46,22/07/2018,
ZA-00026731,ZAC0017330,16/07/2018 17:24,COMPLETE,18/07/2018 09:42,24/07/2018 20:29,22/07/2018,
ZA-00026732,ZAC0015489,16/07/2018 21:23,COMPLETE,18/07/2018 15:17,19/07/2018 22:43,25/07/2018,
ZA-00026733,ZAC0007145,16/07/2018 20:55,COMPLETE,20/07/2018 04:34,21/07/2018 20:42,25/07/2018,
ZA-00026734,ZAC0013592,16/07/2018 21:08,COMPLETE,17/07/2018 04:37,21/07/2018 01:26,22/07/2018,
ZA-00026735,ZAC0000341,16/07/2018 22:21,COMPLETE,19/07/2018 10:11,21/07/2018 02:19,26/07/2018,
ZA-00026736,ZAC0009035,16/07/2018 22:10,COMPLETE,19/07/2018 12:59,19/07/2018 14:59,22/07/2018,
ZA-00026737,ZAC0004356,16/07/2018 18:58,COMPLETE,19/07/2018 00:20,24/07/2018 03:01,26/07/2018,
ZA-00026738,ZAC0011843,16/07/2018 07:07,COMPLETE,18/07/2018 04:41,22/07/2018 11:16,23/07/2018,
ZA-00026739,ZAC0017821,16/07/2018 18:01,COMPLETE,20/07/2018 11:34,21/07/2018 00:37,24/07/2018,
ZA-00026740,ZAC0023204,16/07/2018 14:59,COMPLETE,17/07/2018 18:52,25/07/2018 13:43,22/07/2018,BULK20
ZA-00026741,ZAC0014620,16/07/2018 08:42,COMPLETE,21/07/2018 05:56,25/07/2018 07:25,26/07/2018,WINTER15
ZA-00026742,ZAC0015124,16/07/2018 08:25,COMPLETE,19/07/2018 08:10,22/07/2018 09:18,22/07/2018,
ZA-00026743,ZAC0012289,16/07/2018 06:41,COMPLETE,17/07/2018 17:29,26/07/2018 10:19,21/07/2018,
ZA-00026744,ZAC0000178,16/07/2018 20:02,COMPLETE,18/07/2018 13:55,22/07/2018 05:32,22/07/2018,
ZA-00026745,ZAC0022650,16/07/2018 11:34,COMPLETE,23/07/2018 10:45,25/07/2018 20:11,28/07/2018,
ZA-00026746,ZAC0017441,16/07/2018 15:22,COMPLETE,17/07/2018 00:18,21/07/2018 20:37,22/07/2018,
ZA-00026747,ZAC0009907,16/07/2018 17:01,COMPLETE,17/07/2018 07:54,17/07/2018 23:30,24/07/2018,
ZA-00026748,ZAC0019513,16/07/2018 13:55,COMPLETE,18/07/2018 00:37,18/07/2018 16:23,25/07/2018,
ZA-00026749,ZAC0001883,16/07/2018 22:02,COMPLETE,17/07/2018 23:44,21/07/2018 23:33,22/07/2018,
ZA-00026750,ZAC0004578,16/07/2018 13:42,COMPLETE,17/07/2018 14:16,19/07/2018 10:29,27/07/2018,
ZA-00026751,ZAC0006314,16/07/2018 13:17,COMPLETE,20/07/2018 08:07,22/07/2018 10:21,23/07/2018,
ZA-00026752,ZAC0005471,16/07/2018 21:08,COMPLETE,18/07/2018 22:54,21/07/2018 18:36,22/07/2018,
ZA-00026753,ZAC0007747,16/07/2018 06:49,COMPLETE,17/07/2018 15:40,22/07/2018 08:18,24/07/2018,
ZA-00026754,ZAC0000229,16/07/2018 13:26,COMPLETE,18/07/2018 13:17,23/07/2018 06:32,22/07/2018,
ZA-00026755,ZAC0001961,16/07/2018 08:54,DISPATCHED,16/07/2018 13:13,,23/07/2018,WINTER15
ZA-00026756,ZAC0004347,16/07/2018 20:35,CANCELLED,,,,
ZA-00026757,ZAC0006941,16/07/2018 14:42,COMPLETE,17/07/2018 10:08,18/07/2018 16:58,22/07/2018,
ZA-00026758,ZAC0017566,16/07/2018 14:19,COMPLETE,19/07/2018 16:21,21/07/2018 11:07,26/07/2018,
ZA-00026759,ZAC0006528,16/07/2018 08:29,COMPLETE,19/07/2018 11:41,23/07/2018 01:10,24/07/2018,
ZA-00026760,ZAC0022661,16/07/2018 10:10,COMPLETE,18/07/2018 10:13,26/07/2018 02:14,21/07/2018,
ZA-00026761,ZAC0002262,16/07/2018 06:36,COMPLETE,16/07/2018 15:26,24/07/2018 17:59,19/07/2018,
ZA-00026762,ZAC0005358,16/07/2018 15:21,COMPLETE,17/07/2018 22:51,20/07/2018 07:24,21/07/2018,
ZA-00026763,ZAC0004862,16/07/2018 10:23,COMPLETE,17/07/2018 04:46,27/07/2018 23:42,24/07/2018,
ZA-00026764,ZAC0014021,16/07/2018 22:03,COMPLETE,17/07/2018 01:14,20/07/2018 15:54,24/07/2018,
ZA-00026765,ZAC0021232,16/07/2018 07:48,COMPLETE,17/07/2018 22:55,22/07/2018 12:57,22/07/2018,
ZA-00026766,ZAC0002044,16/07/2018 08:14,COMPLETE,19/07/2018 10:10,05/08/2018 23:58,26/07/2018,BULK20
ZA-00026767,ZAC0003092,16/07/2018 17:01,COMPLETE,20/07/2018 01:48,21/07/2018 21:20,25/07/2018,
ZA-00026768,ZAC0003319,16/07/2018 08:54,CANCELLED,,,,FLASH25
ZA-00026769,ZAC0000720,16/07/2018 07:13,COMPLETE,17/07/2018 13:07,20/07/2018 01:22,21/07/2018,
ZA-00026770,ZAC0018176,16/07/2018 15:26,COMPLETE,17/07/2018 17:36,17/07/2018 23:42,22/07/2018,
ZA-00026771,ZAC0005868,17/07/2018 16:33,COMPLETE,19/07/2018 11:20,22/07/2018 17:57,23/07/2018,
ZA-00026772,ZAC0009568,17/07/2018 18:58,COMPLETE,20/07/2018 07:05,25/07/2018 14:43,30/07/2018,
ZA-00026773,ZAC0009078,17/07/2018 15:22,COMPLETE,20/07/2018 02:09,25/07/2018 06:03,24/07/2018,LOYAL5
ZA-00026774,ZAC0020921,17/07/2018 11:08,COMPLETE,20/07/2018 03:35,22/07/2018 11:42,27/07/2018,
ZA-00026775,ZAC0009254,17/07/2018 11:29,DISPATCHED,17/07/2018 21:07,,21/07/2018,
ZA-00026776,ZAC0004906,17/07/2018 14:59,COMPLETE,21/07/2018 10:50,23/07/2018 13:40,25/07/2018,
ZA-00026777,ZAC0022507,17/07/2018 20:16,COMPLETE,19/07/2018 03:57,26/07/2018 18:23,23/07/2018,
ZA-00026778,ZAC0002771,17/07/2018 08:03,RETURNED,22/07/2018 05:50,27/07/2018 02:25,27/07/2018,
ZA-00026779,ZAC0006415,17/07/2018 06:19,COMPLETE,25/07/2018 11:51,02/08/2018 17:27,28/07/2018,
ZA-00026780,ZAC0018756,17/07/2018 16:54,COMPLETE,20/07/2018 13:13,26/07/2018 06:48,24/07/2018,
ZA-00026781,ZAC0000282,17/07/2018 15:46,COMPLETE,18/07/2018 00:22,25/07/2018 03:05,23/07/2018,BULK20
ZA-00026782,ZAC0001445,17/07/2018 21:02,COMPLETE,20/07/2018 11:03,22/07/2018 03:30,23/07/2018,
ZA-00026783,ZAC0013997,17/07/2018 06:27,COMPLETE,19/07/2018 23:36,22/07/2018 08:53,23/07/2018,
ZA-00026784,ZAC0004662,17/07/2018 22:40,COMPLETE,21/07/2018 13:05,24/07/2018 06:34,26/07/2018,
ZA-00026785,ZAC0018874,17/07/2018 22:33,COMPLETE,20/07/2018 00:20,21/07/2018 11:45,25/07/2018,
ZA-00026786,ZAC0009425,17/07/2018 15:57,COMPLETE,21/07/2018 11:38,26/07/2018 13:41,26/07/2018,
ZA-00026787,ZAC0009262,17/07/2018 07:09,COMPLETE,19/07/2018 18:53,25/07/2018 18:15,24/07/2018,
ZA-00026788,ZAC0023883,17/07/2018 08:57,COMPLETE,19/07/2018 19:51,24/07/2018 17:45,24/07/2018,
ZA-00026789,ZAC0012168,17/07/2018 18:49,COMPLETE,20/07/2018 04:09,26/07/2018 04:09,24/07/2018,FREESHIP
ZA-00026790,ZAC0010974,17/07/2018 08:53,COMPLETE,19/07/2018 15:24,22/07/2018 20:30,23/07/2018,
ZA-00026791,ZAC0010519,17/07/2018 20:36,CANCELLED,,,,
ZA-00026792,ZAC0015804,17/07/2018 07:21,COMPLETE,18/07/2018 15:24,20/07/2018 09:54,21/07/2018,
ZA-00026793,ZAC0002450,17/07/2018 11:20,COMPLETE,20/07/2018 20:04,28/07/2018 02:31,25/07/2018,BULK20
ZA-00026794,ZAC0020386,17/07/2018 20:18,COMPLETE,19/07/2018 18:58,23/07/2018 05:31,23/07/2018,FREESHIP
ZA-00026795,ZAC0023243,17/07/2018 21:14,COMPLETE,20/07/2018 19:45,27/07/2018 07:09,30/07/2018,LOYAL5
ZA-00026796,ZAC0009643,17/07/2018 13:53,COMPLETE,18/07/2018 12:20,25/07/2018 03:28,22/07/2018,
ZA-00026797,ZAC0007877,17/07/2018 06:06,COMPLETE,19/07/2018 23:57,27/07/2018 08:43,23/07/2018,
ZA-00026798,ZAC0003973,17/07/2018 17:12,COMPLETE,17/07/2018 21:48,19/07/2018 11:53,22/07/2018,
ZA-00026799,ZAC0006897,17/07/2018 11:05,COMPLETE,19/07/2018 16:08,24/07/2018 01:35,23/07/2018,
ZA-00026800,ZAC0004841,17/07/2018 08:20,COMPLETE,19/07/2018 05:46,22/07/2018 22:54,23/07/2018,
ZA-00026801,ZAC0016000,17/07/2018 21:41,COMPLETE,20/07/2018 08:38,25/07/2018 09:31,27/07/2018,
ZA-00026802,ZAC0013928,17/07/2018 11:03,COMPLETE,19/07/2018 22:13,22/07/2018 01:24,23/07/2018,
ZA-00026803,ZAC0022982,17/07/2018 16:26,COMPLETE,23/07/2018 15:55,28/07/2018 13:53,27/07/2018,
ZA-00026804,ZAC0016327,17/07/2018 13:18,COMPLETE,19/07/2018 19:52,21/07/2018 18:57,22/07/2018,WELCOME10
ZA-00026805,ZAC0016470,17/07/2018 06:14,COMPLETE,18/07/2018 18:35,20/07/2018 04:32,22/07/2018,
ZA-00026806,ZAC0015108,17/07/2018 18:04,PENDING,,,,
ZA-00026807,ZAC0022517,17/07/2018 07:00,COMPLETE,18/07/2018 23:41,23/07/2018 21:38,22/07/2018,
ZA-00026808,ZAC0017159,17/07/2018 18:00,COMPLETE,20/07/2018 14:56,24/07/2018 09:21,25/07/2018,
ZA-00026809,ZAC0004133,17/07/2018 07:59,COMPLETE,18/07/2018 08:55,01/08/2018 08:17,23/07/2018,
ZA-00026810,ZAC0012931,17/07/2018 16:04,COMPLETE,19/07/2018 15:40,22/07/2018 02:19,23/07/2018,
ZA-00026811,ZAC0005676,17/07/2018 17:57,COMPLETE,20/07/2018 06:39,25/07/2018 01:33,25/07/2018,
ZA-00026812,ZAC0003664,17/07/2018 16:42,COMPLETE,18/07/2018 06:16,21/07/2018 21:33,22/07/2018,WELCOME10
ZA-00026813,ZAC0012973,17/07/2018 09:15,COMPLETE,19/07/2018 01:14,24/07/2018 02:19,23/07/2018,
ZA-00026814,ZAC0000930,17/07/2018 07:27,COMPLETE,20/07/2018 03:14,30/07/2018 18:07,27/07/2018,
ZA-00026815,ZAC0010682,17/07/2018 15:25,COMPLETE,18/07/2018 19:07,22/07/2018 12:37,22/07/2018,
ZA-00026816,ZAC0011566,17/07/2018 22:46,DISPATCHED,19/07/2018 21:09,,24/07/2018,
ZA-00026817,ZAC0020591,17/07/2018 17:00,COMPLETE,19/07/2018 20:29,24/07/2018 02:58,23/07/2018,
ZA-00026818,ZAC0010771,17/07/2018 13:50,COMPLETE,19/07/2018 10:36,22/07/2018 22:58,24/07/2018,
ZA-00026819,ZAC0022969,17/07/2018 18:51,COMPLETE,18/07/2018 09:55,20/07/2018 14:19,23/07/2018,
ZA-00026820,ZAC0013601,17/07/2018 13:57,COMPLETE,18/07/2018 14:55,25/07/2018 21:26,23/07/2018,
ZA-00026821,ZAC0017200,17/07/2018 10:29,COMPLETE,17/07/2018 11:52,18/07/2018 18:20,20/07/2018,
ZA-00026822,ZAC0019273,17/07/2018 13:58,COMPLETE,19/07/2018 07:48,23/07/2018 19:12,24/07/2018,
ZA-00026823,ZAC0017398,17/07/2018 14:04,COMPLETE,18/07/2018 05:38,22/07/2018 19:16,21/07/2018,
ZA-00026824,ZAC0016207,17/07/2018 10:16,CANCELLED,,,,FLASH25
ZA-00026825,ZAC0012135,17/07/2018 09:49,COMPLETE,27/07/2018 04:06,29/07/2018 22:18,03/08/2018,
ZA-00026826,ZAC0013899,17/07/2018 11:31,RETURNED,20/07/2018 17:23,22/07/2018 07:57,27/07/2018,
ZA-00026827,ZAC0011666,17/07/2018 20:46,COMPLETE,19/07/2018 21:24,31/07/2018 02:08,23/07/2018,
ZA-00026828,ZAC0022929,17/07/2018 13:36,COMPLETE,19/07/2018 01:03,22/07/2018 20:00,23/07/2018,
ZA-00026829,ZAC0004825,17/07/2018 22:42,COMPLETE,20/07/2018 11:03,21/07/2018 10:24,24/07/2018,
ZA-00026830,ZAC0020465,17/07/2018 08:05,COMPLETE,21/07/2018 20:46,25/07/2018 08:58,25/07/2018,
ZA-00026831,ZAC0004778,17/07/2018 07:33,COMPLETE,18/07/2018 10:16,20/07/2018 14:26,28/07/2018,
ZA-00026832,ZAC0007501,17/07/2018 07:39,COMPLETE,18/07/2018 01:33,23/07/2018 05:35,23/07/2018,WINTER15
ZA-00026833,ZAC0020880,17/07/2018 20:30,COMPLETE,18/07/2018 19:44,21/07/2018 00:45,22/07/2018,FLASH25
ZA-00026834,ZAC0001239,17/07/2018 20:05,COMPLETE,23/07/2018 07:02,25/07/2018 12:21,28/07/2018,
ZA-00026835,ZAC0010216,17/07/2018 13:31,COMPLETE,19/07/2018 18:41,27/07/2018 04:01,24/07/2018,
ZA-00026836,ZAC0001744,17/07/2018 10:52,COMPLETE,19/07/2018 08:06,22/07/2018 04:39,24/07/2018,
ZA-00026837,ZAC0002112,17/07/2018 17:17,COMPLETE,19/07/2018 06:20,23/07/2018 05:16,23/07/2018,
ZA-00026838,ZAC0006960,17/07/2018 15:21,COMPLETE,19/07/2018 21:44,24/07/2018 13:01,22/07/2018,
ZA-00026839,ZAC0021240,17/07/2018 11:24,COMPLETE,18/07/2018 04:13,23/07/2018 21:13,25/07/2018,FLASH25
ZA-00026840,ZAC0014210,17/07/2018 12:20,COMPLETE,20/07/2018 01:29,21/07/2018 03:23,24/07/2018,
ZA-00026841,ZAC0023348,17/07/2018 10:58,COMPLETE,20/07/2018 03:38,20/07/2018 15:29,23/07/2018,
ZA-00026842,ZAC0002335,17/07/2018 09:22,RETURNED,20/07/2018 09:44,04/08/2018 06:53,25/07/2018,
ZA-00026843,ZAC0012482,17/07/2018 06:00,COMPLETE,19/07/2018 04:56,24/07/2018 23:33,23/07/2018,
ZA-00026844,ZAC0022716,17/07/2018 08:52,COMPLETE,19/07/2018 22:38,22/07/2018 22:49,26/07/2018,
ZA-00026845,ZAC0003129,17/07/2018 13:08,COMPLETE,20/07/2018 19:01,22/07/2018 08:55,24/07/2018,
ZA-00026846,ZAC0019064,17/07/2018 12:49,COMPLETE,21/07/2018 00:25,01/08/2018 15:07,25/07/2018,
ZA-00026847,ZAC0009188,17/07/2018 16:58,COMPLETE,19/07/2018 22:34,26/07/2018 14:43,23/07/2018,
ZA-00026848,ZAC0019093,17/07/2018 18:55,CANCELLED,,,,
ZA-00026849,ZAC0006247,17/07/2018 19:03,COMPLETE,23/07/2018 23:55,26/07/2018 04:53,27/07/2018,
ZA-00026850,ZAC0021437,17/07/2018 10:26,COMPLETE,20/07/2018 14:05,03/08/2018 12:19,23/07/2018,
ZA-00026851,ZAC0010903,17/07/2018 12:08,CANCELLED,,,,
ZA-00026852,ZAC0022784,17/07/2018 11:24,COMPLETE,18/07/2018 04:27,24/07/2018 10:44,22/07/2018,
ZA-00026853,ZAC0013761,17/07/2018 13:54,COMPLETE,18/07/2018 18:08,19/07/2018 04:47,22/07/2018,
ZA-00026854,ZAC0019515,17/07/2018 10:26,COMPLETE,19/07/2018 16:04,23/07/2018 16:34,22/07/2018,
ZA-00026855,ZAC0006957,17/07/2018 07:48,COMPLETE,18/07/2018 07:39,22/07/2018 05:56,21/07/2018,WINTER15
ZA-00026856,ZAC0007277,17/07/2018 21:43,COMPLETE,21/07/2018 21:30,23/07/2018 14:53,25/07/2018,
ZA-00026857,ZAC0023730,17/07/2018 12:48,PENDING,,,,
ZA-00026858,ZAC0016717,17/07/2018 15:58,COMPLETE,18/07/2018 20:07,25/07/2018 09:56,22/07/2018,
ZA-00026859,ZAC0020738,17/07/2018 21:36,COMPLETE,18/07/2018 15:18,24/07/2018 17:08,25/07/2018,WINTER15
ZA-00026860,ZAC0000573,17/07/2018 09:28,COMPLETE,19/07/2018 00:36,20/07/2018 03:33,22/07/2018,
ZA-00026861,ZAC0002404,18/07/2018 07:01,COMPLETE,19/07/2018 08:27,23/07/2018 10:14,24/07/2018,
ZA-00026862,ZAC0021953,18/07/2018 16:59,COMPLETE,22/07/2018 12:29,22/07/2018 23:55,27/07/2018,
ZA-00026863,ZAC0023948,18/07/2018 17:52,COMPLETE,21/07/2018 07:45,26/07/2018 00:29,26/07/2018,
ZA-00026864,ZAC0019390,18/07/2018 16:55,COMPLETE,20/07/2018 08:01,25/07/2018 05:48,25/07/2018,
ZA-00026865,ZAC0015711,18/07/2018 14:05,COMPLETE,20/07/2018 07:00,22/07/2018 12:31,24/07/2018,
ZA-00026866,ZAC0010210,18/07/2018 07:12,COMPLETE,18/07/2018 20:09,20/07/2018 04:20,22/07/2018,BULK20
ZA-00026867,ZAC0015391,18/07/2018 09:01,CANCELLED,,,,
ZA-00026868,ZAC0012843,18/07/2018 16:39,COMPLETE,20/07/2018 02:55,24/07/2018 07:52,27/07/2018,
ZA-00026869,ZAC0000673,18/07/2018 13:23,COMPLETE,21/07/2018 00:06,24/07/2018 11:54,25/07/2018,
ZA-00026870,ZAC0008231,18/07/2018 06:19,COMPLETE,22/07/2018 03:43,26/07/2018 10:45,27/07/2018,
ZA-00026871,ZAC0002586,18/07/2018 18:27,COMPLETE,19/07/2018 23:42,28/07/2018 21:20,24/07/2018,FLASH25
ZA-00026872,ZAC0001079,18/07/2018 06:32,COMPLETE,18/07/2018 21:02,22/07/2018 18:48,23/07/2018,
ZA-00026873,ZAC0010607,18/07/2018 11:10,COMPLETE,20/07/2018 08:18,22/07/2018 18:19,23/07/2018,
ZA-00026874,ZAC0017318,18/07/2018 06:34,COMPLETE,19/07/2018 04:10,01/08/2018 08:17,24/07/2018,
ZA-00026875,ZAC0021313,18/07/2018 17:52,COMPLETE,19/07/2018 18:38,27/07/2018 00:05,22/07/2018,
ZA-00026876,ZAC0018475,18/07/2018 06:38,COMPLETE,18/07/2018 08:42,24/07/2018 05:03,21/07/2018,
ZA-00026877,ZAC0013447,18/07/2018 14:39,COMPLETE,19/07/2018 11:14,24/07/2018 07:47,23/07/2018,
ZA-00026878,ZAC0001974,18/07/2018 17:32,COMPLETE,20/07/2018 22:39,24/07/2018 12:30,24/07/2018,
ZA-00026879,ZAC0014275,18/07/2018 22:59,COMPLETE,25/07/2018 00:12,26/07/2018 21:04,29/07/2018,FREESHIP
ZA-00026880,ZAC0017362,18/07/2018 22:04,COMPLETE,20/07/2018 10:35,23/07/2018 21:37,24/07/2018,
ZA-00026881,ZAC0019171,18/07/2018 08:09,COMPLETE,20/07/2018 14:22,21/07/2018 16:52,24/07/2018,
ZA-00026882,ZAC0007623,18/07/2018 14:03,COMPLETE,19/07/2018 03:10,23/07/2018 17:00,29/07/2018,
ZA-00026883,ZAC0023888,18/07/2018 22:47,COMPLETE,21/07/2018 15:30,03/08/2018 14:08,25/07/2018,
ZA-00026884,ZAC0002742,18/07/2018 17:38,COMPLETE,20/07/2018 00:54,30/07/2018 01:34,24/07/2018,
ZA-00026885,ZAC0021492,18/07/2018 09:20,COMPLETE,20/07/2018 13:34,25/07/2018 05:00,24/07/2018,
ZA-00026886,ZAC0021311,18/07/2018 14:50,COMPLETE,19/07/2018 17:16,22/07/2018 20:08,24/07/2018,FLASH25
ZA-00026887,ZAC0018875,18/07/2018 09:30,COMPLETE,20/07/2018 05:41,27/07/2018 09:13,27/07/2018,WINTER15
ZA-00026888,ZAC0001381,18/07/2018 13:51,COMPLETE,20/07/2018 15:20,22/07/2018 19:39,30/07/2018,
ZA-00026889,ZAC0018860,18/07/2018 07:53,DISPATCHED,19/07/2018 10:18,,23/07/2018,
ZA-00026890,ZAC0003889,18/07/2018 15:51,COMPLETE,20/07/2018 04:17,23/07/2018 07:47,30/07/2018,
ZA-00026891,ZAC0003361,18/07/2018 08:11,COMPLETE,19/07/2018 09:14,23/07/2018 04:43,26/07/2018,
ZA-00026892,ZAC0013639,18/07/2018 13:58,COMPLETE,20/07/2018 03:04,21/07/2018 14:45,25/07/2018,
ZA-00026893,ZAC0011870,18/07/2018 14:29,COMPLETE,21/07/2018 10:20,25/07/2018 18:13,24/07/2018,
ZA-00026894,ZAC0021295,18/07/2018 12:38,COMPLETE,19/07/2018 18:44,24/07/2018 00:27,24/07/2018,FLASH25
ZA-00026895,ZAC0008459,18/07/2018 06:58,COMPLETE,21/07/2018 11:57,23/07/2018 01:36,26/07/2018,
ZA-00026896,ZAC0014311,18/07/2018 15:50,COMPLETE,19/07/2018 11:47,27/07/2018 00:54,24/07/2018,
ZA-00026897,ZAC0010351,18/07/2018 08:11,COMPLETE,18/07/2018 14:58,26/07/2018 05:06,22/07/2018,
ZA-00026898,ZAC0001786,18/07/2018 09:55,RETURNED,19/07/2018 10:55,23/07/2018 22:00,23/07/2018,
ZA-00026899,ZAC0022617,18/07/2018 20:55,COMPLETE,21/07/2018 02:49,23/07/2018 21:59,28/07/2018,
ZA-00026900,ZAC0016100,18/07/2018 16:55,COMPLETE,21/07/2018 19:16,26/07/2018 15:09,24/07/2018,
ZA-00026901,ZAC0016259,18/07/2018 07:00,COMPLETE,20/07/2018 17:48,04/08/2018 23:13,23/07/2018,
ZA-00026902,ZAC0008939,18/07/2018 11:14,COMPLETE,21/07/2018 13:49,25/07/2018 02:44,28/07/2018,
ZA-00026903,ZAC0003533,18/07/2018 18:02,COMPLETE,20/07/2018 11:43,22/07/2018 00:30,24/07/2018,
ZA-00026904,ZAC0006110,18/07/2018 17:25,COMPLETE,19/07/2018 23:22,23/07/2018 23:01,24/07/2018,
ZA-00026905,ZAC0004842,18/07/2018 11:19,COMPLETE,19/07/2018 21:31,23/07/2018 22:52,29/07/2018,
ZA-00026906,ZAC0007097,18/07/2018 10:03,COMPLETE,19/07/2018 09:31,01/08/2018 06:43,22/07/2018,FREESHIP
ZA-00026907,ZAC0019406,18/07/2018 17:31,COMPLETE,22/07/2018 10:59,26/07/2018 21:29,25/07/2018,
ZA-00026908,ZAC0015355,18/07/2018 20:19,COMPLETE,19/07/2018 08:39,23/07/2018 11:21,22/07/2018,
ZA-00026909,ZAC0006747,18/07/2018 21:14,COMPLETE,22/07/2018 08:16,24/07/2018 03:40,25/07/2018,FREESHIP
ZA-00026910,ZAC0005651,18/07/2018 18:52,COMPLETE,23/07/2018 17:05,27/07/2018 05:19,28/07/2018,FLASH25
ZA-00026911,ZAC0006219,18/07/2018 18:32,COMPLETE,21/07/2018 04:59,23/07/2018 08:40,28/07/2018,
ZA-00026912,ZAC0021311,18/07/2018 21:55,COMPLETE,22/07/2018 12:16,25/07/2018 02:21,29/07/2018,
ZA-00026913,ZAC0007823,18/07/2018 22:35,COMPLETE,22/07/2018 13:46,29/07/2018 00:18,26/07/2018,
ZA-00026914,ZAC0016904,18/07/2018 09:31,COMPLETE,20/07/2018 17:32,25/07/2018 22:32,24/07/2018,
ZA-00026915,ZAC0014842,18/07/2018 06:21,COMPLETE,18/07/2018 19:40,22/07/2018 12:09,25/07/2018,
ZA-00026916,ZAC0013765,18/07/2018 07:06,COMPLETE,18/07/2018 22:05,22/07/2018 07:03,22/07/2018,
ZA-00026917,ZAC0005693,18/07/2018 07:20,COMPLETE,21/07/2018 09:24,02/08/2018 07:35,26/07/2018,LOYAL5
ZA-00026918,ZAC0000684,18/07/2018 20:23,COMPLETE,19/07/2018 18:56,25/07/2018 09:09,29/07/2018,
ZA-00026919,ZAC0020956,18/07/2018 19:38,COMPLETE,20/07/2018 17:51,26/07/2018 01:52,23/07/2018,
ZA-00026920,ZAC0023913,18/07/2018 08:34,COMPLETE,21/07/2018 20:15,27/07/2018 03:22,26/07/2018,
ZA-00026921,ZAC0012642,18/07/2018 13:39,COMPLETE,21/07/2018 14:59,25/07/2018 08:33,24/07/2018,
ZA-00026922,ZAC0008407,18/07/2018 18:32,COMPLETE,19/07/2018 18:01,24/07/2018 17:36,22/07/2018,
ZA-00026923,ZAC0004954,18/07/2018 11:10,COMPLETE,18/07/2018 17:41,19/07/2018 18:59,25/07/2018,
ZA-00026924,ZAC0022697,18/07/2018 11:53,COMPLETE,19/07/2018 20:55,23/07/2018 15:32,29/07/2018,
ZA-00026925,ZAC0016173,18/07/2018 08:55,RETURNED,20/07/2018 06:37,24/07/2018 16:59,24/07/2018,
ZA-00026926,ZAC0011226,18/07/2018 21:55,COMPLETE,21/07/2018 16:47,24/07/2018 20:22,25/07/2018,
ZA-00026927,ZAC0011163,18/07/2018 22:20,COMPLETE,20/07/2018 06:46,20/07/2018 21:06,23/07/2018,
ZA-00026928,ZAC0015645,18/07/2018 17:41,COMPLETE,20/07/2018 11:32,21/07/2018 16:58,23/07/2018,
ZA-00026929,ZAC0017362,18/07/2018 18:42,COMPLETE,21/07/2018 09:00,24/07/2018 02:23,24/07/2018,
ZA-00026930,ZAC0016805,18/07/2018 18:49,COMPLETE,19/07/2018 17:43,24/07/2018 06:55,23/07/2018,WINTER15
ZA-00026931,ZAC0005006,18/07/2018 18:09,COMPLETE,20/07/2018 17:49,29/07/2018 02:24,25/07/2018,
ZA-00026932,ZAC0001449,18/07/2018 17:40,COMPLETE,20/07/2018 14:02,25/07/2018 08:31,24/07/2018,
ZA-00026933,ZAC0016189,18/07/2018 09:04,COMPLETE,19/07/2018 13:49,28/07/2018 01:43,24/07/2018,
ZA-00026934,ZAC0022345,18/07/2018 16:32,COMPLETE,20/07/2018 21:16,23/07/2018 01:56,23/07/2018,
ZA-00026935,ZAC0014532,18/07/2018 22:35,COMPLETE,19/07/2018 06:51,21/07/2018 22:27,23/07/2018,
ZA-00026936,ZAC0004556,18/07/2018 08:25,COMPLETE,20/07/2018 19:36,22/07/2018 12:04,24/07/2018,BULK20
ZA-00026937,ZAC0012767,18/07/2018 22:10,COMPLETE,22/07/2018 09:16,26/07/2018 02:39,27/07/2018,
ZA-00026938,ZAC0018518,18/07/2018 20:22,COMPLETE,21/07/2018 07:23,25/07/2018 03:11,24/07/2018,
ZA-00026939,ZAC0000247,19/07/2018 12:31,COMPLETE,21/07/2018 22:02,27/07/2018 03:57,26/07/2018,
ZA-00026940,ZAC0008330,19/07/2018 22:47,COMPLETE,21/07/2018 01:36,26/07/2018 19:15,24/07/2018,FREESHIP
ZA-00026941,ZAC0010595,19/07/2018 14:21,COMPLETE,20/07/2018 14:01,26/07/2018 02:18,24/07/2018,
ZA-00026942,ZAC0020724,19/07/2018 07:29,COMPLETE,20/07/2018 19:09,24/07/2018 08:25,25/07/2018,WINTER15
ZA-00026943,ZAC0023047,19/07/2018 18:13,COMPLETE,20/07/2018 19:51,27/07/2018 17:16,25/07/2018,
ZA-00026944,ZAC0003250,19/07/2018 16:11,COMPLETE,20/07/2018 03:34,24/07/2018 22:06,24/07/2018,WELCOME10
ZA-00026945,ZAC0005954,19/07/2018 18:37,DISPATCHED,20/07/2018 23:36,,25/07/2018,
ZA-00026946,ZAC0023300,19/07/2018 21:48,COMPLETE,21/07/2018 20:07,27/07/2018 19:40,25/07/2018,
ZA-00026947,ZAC0022850,19/07/2018 19:52,COMPLETE,20/07/2018 06:50,21/07/2018 18:15,25/07/2018,WELCOME10
ZA-00026948,ZAC0017382,19/07/2018 17:36,COMPLETE,22/07/2018 02:22,25/07/2018 23:04,27/07/2018,WELCOME10
ZA-00026949,ZAC0008318,19/07/2018 16:41,CANCELLED,,,,FLASH25
ZA-00026950,ZAC0021523,19/07/2018 15:40,COMPLETE,22/07/2018 09:01,27/07/2018 12:32,27/07/2018,
ZA-00026951,ZAC0021843,19/07/2018 16:00,COMPLETE,21/07/2018 00:47,28/07/2018 03:09,25/07/2018,
ZA-00026952,ZAC0015047,19/07/2018 22:09,COMPLETE,21/07/2018 07:56,30/07/2018 02:51,26/07/2018,
ZA-00026953,ZAC0006981,19/07/2018 11:42,COMPLETE,20/07/2018 17:59,30/07/2018 11:16,24/07/2018,
ZA-00026954,ZAC0015976,19/07/2018 15:43,COMPLETE,20/07/2018 19:34,26/07/2018 13:43,27/07/2018,
ZA-00026955,ZAC0017672,19/07/2018 09:00,COMPLETE,21/07/2018 07:01,24/07/2018 18:05,24/07/2018,
ZA-00026956,ZAC0000148,19/07/2018 15:59,COMPLETE,21/07/2018 19:18,25/07/2018 06:42,31/07/2018,
ZA-00026957,ZAC0014156,19/07/2018 17:39,COMPLETE,24/07/2018 11:43,29/07/2018 04:50,28/07/2018,
ZA-00026958,ZAC0013354,19/07/2018 17:08,COMPLETE,19/07/2018 21:37,23/07/2018 09:02,23/07/2018,BULK20
ZA-00026959,ZAC0014231,19/07/2018 06:37,COMPLETE,20/07/2018 17:37,23/07/2018 21:33,25/07/2018,
ZA-00026960,ZAC0000031,19/07/2018 19:59,COMPLETE,20/07/2018 18:56,27/07/2018 17:30,30/07/2018,
ZA-00026961,ZAC0010654,19/07/2018 06:42,COMPLETE,21/07/2018 01:02,22/07/2018 11:07,26/07/2018,
ZA-00026962,ZAC0013756,19/07/2018 22:49,COMPLETE,21/07/2018 10:04,27/07/2018 00:49,25/07/2018,
ZA-00026963,ZAC0016237,19/07/2018 09:52,COMPLETE,31/07/2018 04:26,05/08/2018 02:48,05/08/2018,
ZA-00026964,ZAC0014534,19/07/2018 14:31,COMPLETE,22/07/2018 16:39,27/07/2018 01:27,29/07/2018,
ZA-00026965,ZAC0013252,19/07/2018 10:40,COMPLETE,20/07/2018 22:09,26/07/2018 14:28,27/07/2018,
ZA-00026966,ZAC0008025,19/07/2018 21:53,COMPLETE,22/07/2018 04:20,28/07/2018 15:13,27/07/2018,
ZA-00026967,ZAC0008924,19/07/2018 12:18,COMPLETE,21/07/2018 03:45,24/07/2018 03:40,24/07/2018,
ZA-00026968,ZAC0000753,19/07/2018 17:20,COMPLETE,21/07/2018 20:05,28/07/2018 00:59,26/07/2018,
ZA-00026969,ZAC0014323,19/07/2018 09:58,PENDING,,,,WINTER15
ZA-00026970,ZAC0019090,19/07/2018 17:45,COMPLETE,21/07/2018 05:35,23/07/2018 15:47,31/07/2018,
ZA-00026971,ZAC0020785,19/07/2018 12:35,COMPLETE,20/07/2018 05:19,25/07/2018 16:51,27/07/2018,LOYAL5
ZA-00026972,ZAC0001566,19/07/2018 20:55,COMPLETE,22/07/2018 15:11,30/07/2018 21:03,25/07/2018,
ZA-00026973,ZAC0018706,19/07/2018 15:08,DISPATCHED,20/07/2018 06:10,,24/07/2018,
ZA-00026974,ZAC0008326,19/07/2018 08:41,DISPATCHED,20/07/2018 05:49,,25/07/2018,
ZA-00026975,ZAC0019717,19/07/2018 13:03,COMPLETE,20/07/2018 21:59,23/07/2018 16:15,24/07/2018,
ZA-00026976,ZAC0012427,19/07/2018 06:41,CANCELLED,,,,
ZA-00026977,ZAC0007078,19/07/2018 19:20,COMPLETE,20/07/2018 10:26,21/07/2018 09:53,24/07/2018,
ZA-00026978,ZAC0005072,19/07/2018 21:01,COMPLETE,20/07/2018 23:31,25/07/2018 05:26,24/07/2018,
ZA-00026979,ZAC0017528,19/07/2018 18:12,COMPLETE,20/07/2018 21:27,23/07/2018 12:27,25/07/2018,BULK20
ZA-00026980,ZAC0007867,19/07/2018 13:05,COMPLETE,21/07/2018 00:20,23/07/2018 23:07,25/07/2018,
ZA-00026981,ZAC0013453,19/07/2018 15:58,COMPLETE,20/07/2018 15:02,23/07/2018 14:00,23/07/2018,
ZA-00026982,ZAC0013596,19/07/2018 09:27,COMPLETE,20/07/2018 23:56,28/07/2018 11:54,24/07/2018,
ZA-00026983,ZAC0013429,19/07/2018 16:39,COMPLETE,24/07/2018 07:57,27/07/2018 01:58,28/07/2018,
ZA-00026984,ZAC0022418,19/07/2018 13:57,COMPLETE,22/07/2018 15:12,31/07/2018 00:21,29/07/2018,LOYAL5
ZA-00026985,ZAC0023434,19/07/2018 22:23,COMPLETE,20/07/2018 16:49,27/07/2018 09:58,25/07/2018,
ZA-00026986,ZAC0006383,19/07/2018 12:24,PENDING,,,,
ZA-00026987,ZAC0005337,19/07/2018 16:11,COMPLETE,23/07/2018 00:01,25/07/2018 16:38,28/07/2018,
ZA-00026988,ZAC0020380,19/07/2018 09:04,COMPLETE,21/07/2018 05:24,25/07/2018 02:43,25/07/2018,LOYAL5
ZA-00026989,ZAC0003224,19/07/2018 09:22,COMPLETE,20/07/2018 12:55,22/07/2018 20:17,24/07/2018,
ZA-00026990,ZAC0014080,19/07/2018 06:19,COMPLETE,21/07/2018 01:07,24/07/2018 05:21,25/07/2018,WINTER15
ZA-00026991,ZAC0008709,19/07/2018 07:09,COMPLETE,20/07/2018 11:13,23/07/2018 02:54,23/07/2018,
ZA-00026992,ZAC0022148,19/07/2018 20:17,COMPLETE,24/07/2018 02:21,27/07/2018 19:59,28/07/2018,
ZA-00026993,ZAC0005559,19/07/2018 08:30,RETURNED,20/07/2018 11:46,24/07/2018 01:08,24/07/2018,WINTER15
ZA-00026994,ZAC0013971,19/07/2018 20:39,COMPLETE,21/07/2018 10:41,26/07/2018 01:22,26/07/2018,
ZA-00026995,ZAC0020361,19/07/2018 17:14,COMPLETE,21/07/2018 02:54,29/07/2018 11:05,28/07/2018,
ZA-00026996,ZAC0009518,19/07/2018 16:27,COMPLETE,20/07/2018 14:42,23/07/2018 09:52,24/07/2018,
ZA-00026997,ZAC0017125,19/07/2018 21:42,COMPLETE,22/07/2018 08:50,24/07/2018 02:35,26/07/2018,
ZA-00026998,ZAC0000303,19/07/2018 15:36,COMPLETE,22/07/2018 15:05,24/07/2018 11:11,26/07/2018,
ZA-00026999,ZAC0006790,19/07/2018 07:51,COMPLETE,22/07/2018 14:08,24/07/2018 11:00,27/07/2018,BULK20
ZA-00027000,ZAC0013562,19/07/2018 21:10,COMPLETE,21/07/2018 13:32,23/07/2018 04:06,26/07/2018,
ZA-00027001,ZAC0000699,19/07/2018 07:02,COMPLETE,20/07/2018 05:49,24/07/2018 13:48,23/07/2018,
ZA-00027002,ZAC0021988,19/07/2018 15:27,COMPLETE,20/07/2018 22:22,26/07/2018 05:01,23/07/2018,
ZA-00027003,ZAC0003681,19/07/2018 13:46,COMPLETE,20/07/2018 18:14,27/07/2018 06:18,23/07/2018,WELCOME10
ZA-00027004,ZAC0005282,19/07/2018 21:58,COMPLETE,21/07/2018 00:33,23/07/2018 23:42,24/07/2018,
ZA-00027005,ZAC0016559,19/07/2018 10:49,COMPLETE,20/07/2018 21:28,22/07/2018 16:53,27/07/2018,
ZA-00027006,ZAC0021193,19/07/2018 11:53,COMPLETE,23/07/2018 10:11,24/07/2018 11:05,27/07/2018,
ZA-00027007,ZAC0017519,19/07/2018 06:40,COMPLETE,20/07/2018 16:31,31/07/2018 23:03,24/07/2018,
ZA-00027008,ZAC0013879,19/07/2018 15:01,COMPLETE,19/07/2018 20:06,26/07/2018 20:29,24/07/2018,
ZA-00027009,ZAC0016873,19/07/2018 22:25,COMPLETE,21/07/2018 17:25,25/07/2018 13:28,26/07/2018,
ZA-00027010,ZAC0017451,19/07/2018 16:35,COMPLETE,23/07/2018 08:34,29/07/2018 03:11,28/07/2018,
ZA-00027011,ZAC0003887,19/07/2018 11:25,RETURNED,23/07/2018 05:10,24/07/2018 19:39,27/07/2018,
ZA-00027012,ZAC0015293,19/07/2018 07:41,COMPLETE,25/07/2018 17:38,27/07/2018 16:06,28/07/2018,
ZA-00027013,ZAC0018385,19/07/2018 11:40,COMPLETE,23/07/2018 14:24,31/07/2018 17:36,30/07/2018,
ZA-00027014,ZAC0022805,19/07/2018 22:04,COMPLETE,20/07/2018 16:36,26/07/2018 07:28,27/07/2018,FREESHIP
ZA-00027015,ZAC0003757,19/07/2018 14:55,COMPLETE,20/07/2018 10:13,24/07/2018 14:41,25/07/2018,
ZA-00027016,ZAC0018493,20/07/2018 18:35,COMPLETE,22/07/2018 04:11,28/07/2018 11:30,26/07/2018,
ZA-00027017,ZAC0002772,20/07/2018 11:59,COMPLETE,21/07/2018 18:45,23/07/2018 11:40,25/07/2018,
ZA-00027018,ZAC0002638,20/07/2018 10:46,COMPLETE,21/07/2018 22:02,27/07/2018 11:26,25/07/2018,
ZA-00027019,ZAC0020317,20/07/2018 10:22,COMPLETE,22/07/2018 01:18,01/08/2018 14:09,26/07/2018,
ZA-00027020,ZAC0009855,20/07/2018 10:00,COMPLETE,21/07/2018 22:26,25/07/2018 16:03,28/07/2018,LOYAL5
ZA-00027021,ZAC0006735,20/07/2018 15:05,COMPLETE,20/07/2018 18:18,22/07/2018 18:52,25/07/2018,
ZA-00027022,ZAC0009006,20/07/2018 10:22,COMPLETE,21/07/2018 10:38,26/07/2018 09:33,26/07/2018,
ZA-00027023,ZAC0013888,20/07/2018 10:41,COMPLETE,21/07/2018 09:32,26/07/2018 06:38,28/07/2018,
ZA-00027024,ZAC0005669,20/07/2018 08:52,COMPLETE,21/07/2018 05:55,26/07/2018 18:56,26/07/2018,LOYAL5
ZA-00027025,ZAC0007009,20/07/2018 10:08,COMPLETE,22/07/2018 06:04,30/07/2018 15:02,27/07/2018,
ZA-00027026,ZAC0018586,20/07/2018 17:53,COMPLETE,21/07/2018 12:53,22/07/2018 19:23,25/07/2018,LOYAL5
ZA-00027027,ZAC0016885,20/07/2018 13:00,COMPLETE,20/07/2018 16:38,24/07/2018 08:54,23/07/2018,
ZA-00027028,ZAC0000223,20/07/2018 15:12,COMPLETE,22/07/2018 11:06,25/07/2018 05:56,27/07/2018,
ZA-00027029,ZAC0020402,20/07/2018 16:46,COMPLETE,22/07/2018 18:40,25/07/2018 23:23,27/07/2018,
ZA-00027030,ZAC0002316,20/07/2018 06:47,COMPLETE,22/07/2018 19:38,24/07/2018 16:29,27/07/2018,
ZA-00027031,ZAC0020077,20/07/2018 10:16,COMPLETE,21/07/2018 07:23,23/07/2018 05:52,26/07/2018,
ZA-00027032,ZAC0020088,20/07/2018 18:08,COMPLETE,22/07/2018 18:48,27/07/2018 19:01,29/07/2018,
ZA-00027033,ZAC0000383,20/07/2018 09:57,COMPLETE,22/07/2018 21:38,24/07/2018 11:22,25/07/2018,
ZA-00027034,ZAC0022601,20/07/2018 08:55,COMPLETE,23/07/2018 11:12,23/07/2018 18:46,27/07/2018,
ZA-00027035,ZAC0016046,20/07/2018 08:38,COMPLETE,21/07/2018 10:30,25/07/2018 12:58,25/07/2018,
ZA-00027036,ZAC0014450,20/07/2018 19:56,COMPLETE,23/07/2018 02:30,28/07/2018 03:33,27/07/2018,
ZA-00027037,ZAC0008600,20/07/2018 16:31,COMPLETE,25/07/2018 23:31,28/07/2018 16:49,01/08/2018,
ZA-00027038,ZAC0007633,20/07/2018 10:52,COMPLETE,23/07/2018 01:17,09/08/2018 11:43,30/07/2018,
ZA-00027039,ZAC0023954,20/07/2018 15:32,COMPLETE,22/07/2018 23:25,25/07/2018 15:21,27/07/2018,
ZA-00027040,ZAC0019345,20/07/2018 09:24,COMPLETE,23/07/2018 00:52,30/07/2018 01:24,27/07/2018,
ZA-00027041,ZAC0022499,20/07/2018 08:55,COMPLETE,20/07/2018 10:57,25/07/2018 06:30,27/07/2018,
ZA-00027042,ZAC0014754,20/07/2018 07:56,COMPLETE,21/07/2018 20:06,02/08/2018 01:20,28/07/2018,
ZA-00027043,ZAC0005584,20/07/2018 20:42,COMPLETE,23/07/2018 02:57,28/07/2018 07:41,27/07/2018,
ZA-00027044,ZAC0016776,20/07/2018 06:11,RETURNED,28/07/2018 00:26,01/08/2018 04:17,02/08/2018,
ZA-00027045,ZAC0022601,20/07/2018 12:31,COMPLETE,23/07/2018 20:21,30/07/2018 06:18,28/07/2018,
ZA-00027046,ZAC0015093,20/07/2018 14:33,COMPLETE,22/07/2018 13:58,29/07/2018 11:52,25/07/2018,
ZA-00027047,ZAC0022296,20/07/2018 09:24,COMPLETE,21/07/2018 15:16,23/07/2018 03:10,24/07/2018,
ZA-00027048,ZAC0007532,20/07/2018 17:30,COMPLETE,21/07/2018 06:34,26/07/2018 13:46,24/07/2018,WELCOME10
ZA-00027049,ZAC0014203,20/07/2018 08:08,COMPLETE,21/07/2018 07:16,25/07/2018 04:19,25/07/2018,
ZA-00027050,ZAC0002477,20/07/2018 06:07,COMPLETE,20/07/2018 10:45,25/07/2018 08:09,25/07/2018,
ZA-00027051,ZAC0013878,20/07/2018 18:43,COMPLETE,22/07/2018 07:33,27/07/2018 05:47,25/07/2018,
ZA-00027052,ZAC0005431,20/07/2018 10:25,COMPLETE,23/07/2018 06:30,03/08/2018 15:59,27/07/2018,WELCOME10
ZA-00027053,ZAC0016567,20/07/2018 11:28,COMPLETE,20/07/2018 21:08,23/07/2018 03:04,25/07/2018,
ZA-00027054,ZAC0009471,20/07/2018 10:00,PENDING,,,,FLASH25
ZA-00027055,ZAC0017040,20/07/2018 17:34,COMPLETE,24/07/2018 17:30,28/07/2018 03:33,29/07/2018,
ZA-00027056,ZAC0017789,20/07/2018 06:42,COMPLETE,22/07/2018 06:32,25/07/2018 16:34,29/07/2018,
ZA-00027057,ZAC0016562,20/07/2018 09:24,COMPLETE,22/07/2018 00:08,26/07/2018 21:11,29/07/2018,
ZA-00027058,ZAC0012790,20/07/2018 12:48,COMPLETE,22/07/2018 02:36,31/07/2018 23:01,25/07/2018,
ZA-00027059,ZAC0002602,20/07/2018 19:54,COMPLETE,21/07/2018 10:47,24/07/2018 18:48,31/07/2018,
ZA-00027060,ZAC0007760,20/07/2018 06:36,COMPLETE,21/07/2018 02:53,22/07/2018 18:56,28/07/2018,
ZA-00027061,ZAC0005780,20/07/2018 09:06,COMPLETE,21/07/2018 22:50,25/07/2018 03:19,28/07/2018,
ZA-00027062,ZAC0001621,20/07/2018 08:38,COMPLETE,24/07/2018 07:47,04/08/2018 04:10,28/07/2018,
ZA-00027063,ZAC0011757,20/07/2018 09:00,COMPLETE,23/07/2018 19:51,29/07/2018 23:17,30/07/2018,WINTER15
ZA-00027064,ZAC0003867,20/07/2018 15:45,COMPLETE,21/07/2018 23:01,27/07/2018 08:33,24/07/2018,
ZA-00027065,ZAC0004786,20/07/2018 20:17,CANCELLED,,,,
ZA-00027066,ZAC0006041,20/07/2018 10:03,COMPLETE,20/07/2018 22:55,25/07/2018 05:09,24/07/2018,
ZA-00027067,ZAC0017193,20/07/2018 14:12,COMPLETE,21/07/2018 16:01,24/07/2018 11:04,28/07/2018,
ZA-00027068,ZAC0010757,20/07/2018 07:54,COMPLETE,23/07/2018 11:40,26/07/2018 08:40,27/07/2018,FLASH25
ZA-00027069,ZAC0019427,20/07/2018 11:43,COMPLETE,21/07/2018 16:22,29/07/2018 00:02,28/07/2018,
ZA-00027070,ZAC0008398,20/07/2018 10:22,COMPLETE,24/07/2018 02:31,31/07/2018 01:28,27/07/2018,
ZA-00027071,ZAC0019700,20/07/2018 15:43,COMPLETE,22/07/2018 07:01,23/07/2018 03:47,26/07/2018,
ZA-00027072,ZAC0022862,20/07/2018 15:08,COMPLETE,24/07/2018 14:09,26/07/2018 05:09,29/07/2018,
ZA-00027073,ZAC0023720,20/07/2018 12:53,COMPLETE,22/07/2018 22:11,31/07/2018 21:40,01/08/2018,
ZA-00027074,ZAC0013915,20/07/2018 09:26,COMPLETE,20/07/2018 19:18,24/07/2018 13:36,25/07/2018,
ZA-00027075,ZAC0001303,20/07/2018 10:06,COMPLETE,22/07/2018 05:30,29/07/2018 05:08,26/07/2018,
ZA-00027076,ZAC0015796,20/07/2018 17:34,COMPLETE,21/07/2018 03:40,29/07/2018 02:30,28/07/2018,
ZA-00027077,ZAC0014760,20/07/2018 10:08,COMPLETE,22/07/2018 21:23,26/07/2018 18:30,27/07/2018,
ZA-00027078,ZAC0023020,20/07/2018 18:36,COMPLETE,21/07/2018 05:26,25/07/2018 17:11,28/07/2018,FREESHIP
ZA-00027079,ZAC0007073,20/07/2018 21:17,COMPLETE,23/07/2018 10:38,01/08/2018 09:48,30/07/2018,
ZA-00027080,ZAC0013838,20/07/2018 13:43,COMPLETE,22/07/2018 08:27,24/07/2018 06:39,26/07/2018,
ZA-00027081,ZAC0002295,20/07/2018 16:06,COMPLETE,22/07/2018 06:20,25/07/2018 20:44,27/07/2018,
ZA-00027082,ZAC0004481,20/07/2018 07:30,COMPLETE,21/07/2018 08:43,25/07/2018 00:00,26/07/2018,
ZA-00027083,ZAC0005488,20/07/2018 12:27,COMPLETE,24/07/2018 00:48,28/07/2018 19:02,28/07/2018,
ZA-00027084,ZAC0023056,20/07/2018 10:50,COMPLETE,21/07/2018 20:08,25/07/2018 02:17,25/07/2018,BULK20
ZA-00027085,ZAC0000912,20/07/2018 14:56,COMPLETE,23/07/2018 18:14,27/07/2018 11:57,28/07/2018,
ZA-00027086,ZAC0014862,20/07/2018 10:13,COMPLETE,20/07/2018 16:54,24/07/2018 21:36,24/07/2018,
ZA-00027087,ZAC0022169,20/07/2018 18:15,COMPLETE,23/07/2018 02:31,26/07/2018 20:09,27/07/2018,
ZA-00027088,ZAC0017736,21/07/2018 14:19,COMPLETE,22/07/2018 09:51,26/07/2018 18:32,01/08/2018,
ZA-00027089,ZAC0021001,21/07/2018 14:22,COMPLETE,24/07/2018 20:07,27/07/2018 16:24,31/07/2018,
ZA-00027090,ZAC0015736,21/07/2018 14:47,COMPLETE,23/07/2018 18:16,31/07/2018 04:08,28/07/2018,
ZA-00027091,ZAC0014450,21/07/2018 09:23,COMPLETE,24/07/2018 01:42,28/07/2018 02:27,31/07/2018,
ZA-00027092,ZAC0010537,21/07/2018 18:33,COMPLETE,23/07/2018 17:22,31/07/2018 07:47,27/07/2018,WINTER15
ZA-00027093,ZAC0022107,21/07/2018 19:19,COMPLETE,25/07/2018 22:05,02/08/2018 01:51,29/07/2018,
ZA-00027094,ZAC0008003,21/07/2018 10:54,COMPLETE,23/07/2018 00:42,24/07/2018 00:49,30/07/2018,
ZA-00027095,ZAC0003243,21/07/2018 07:40,COMPLETE,22/07/2018 19:30,25/07/2018 20:10,25/07/2018,
ZA-00027096,ZAC0020790,21/07/2018 15:02,COMPLETE,22/07/2018 22:15,23/07/2018 05:22,26/07/2018,
ZA-00027097,ZAC0002540,21/07/2018 09:12,COMPLETE,22/07/2018 04:37,23/07/2018 19:27,26/07/2018,FREESHIP
ZA-00027098,ZAC0009296,21/07/2018 12:33,COMPLETE,22/07/2018 22:51,25/07/2018 13:33,26/07/2018,
ZA-00027099,ZAC0008565,21/07/2018 20:57,COMPLETE,22/07/2018 10:00,05/08/2018 19:48,01/08/2018,
ZA-00027100,ZAC0013302,21/07/2018 18:48,COMPLETE,23/07/2018 04:18,26/07/2018 13:55,27/07/2018,
ZA-00027101,ZAC0010301,21/07/2018 11:16,COMPLETE,25/07/2018 08:03,25/07/2018 17:43,28/07/2018,
ZA-00027102,ZAC0006334,21/07/2018 15:54,COMPLETE,22/07/2018 18:33,30/07/2018 15:00,27/07/2018,
ZA-00027103,ZAC0013931,21/07/2018 09:56,COMPLETE,24/07/2018 11:19,30/07/2018 07:39,28/07/2018,
ZA-00027104,ZAC0019189,21/07/2018 15:38,COMPLETE,22/07/2018 04:23,26/07/2018 19:59,27/07/2018,
ZA-00027105,ZAC0017294,21/07/2018 19:47,COMPLETE,22/07/2018 05:40,28/07/2018 18:26,26/07/2018,
ZA-00027106,ZAC0016165,21/07/2018 08:40,COMPLETE,21/07/2018 23:33,04/08/2018 06:31,26/07/2018,
ZA-00027107,ZAC0010585,21/07/2018 12:27,COMPLETE,28/07/2018 07:26,08/08/2018 13:33,01/08/2018,
ZA-00027108,ZAC0016855,21/07/2018 08:21,COMPLETE,23/07/2018 05:11,24/07/2018 07:08,26/07/2018,
ZA-00027109,ZAC0015691,21/07/2018 09:33,COMPLETE,28/07/2018 23:43,31/07/2018 05:13,31/07/2018,
ZA-00027110,ZAC0009755,21/07/2018 11:09,COMPLETE,25/07/2018 09:33,31/07/2018 18:41,30/07/2018,WINTER15
ZA-00027111,ZAC0019949,21/07/2018 10:48,COMPLETE,21/07/2018 16:35,07/08/2018 16:47,28/07/2018,
ZA-00027112,ZAC0023184,21/07/2018 21:47,COMPLETE,22/07/2018 18:02,23/07/2018 22:37,27/07/2018,
ZA-00027113,ZAC0022991,21/07/2018 08:24,DISPATCHED,23/07/2018 11:41,,30/07/2018,
ZA-00027114,ZAC0011359,21/07/2018 15:34,PENDING,,,,
ZA-00027115,ZAC0008199,21/07/2018 09:21,COMPLETE,29/07/2018 00:02,03/08/2018 02:53,05/08/2018,
ZA-00027116,ZAC0008304,21/07/2018 19:03,COMPLETE,22/07/2018 13:54,27/07/2018 16:06,29/07/2018,LOYAL5
ZA-00027117,ZAC0000360,21/07/2018 19:04,PENDING,,,,WELCOME10
ZA-00027118,ZAC0017550,21/07/2018 18:07,COMPLETE,24/07/2018 00:15,26/07/2018 03:18,27/07/2018,WINTER15
ZA-00027119,ZAC0004311,21/07/2018 21:29,COMPLETE,30/07/2018 13:09,05/08/2018 21:15,03/08/2018,
ZA-00027120,ZAC0014668,21/07/2018 11:09,COMPLETE,22/07/2018 01:19,26/07/2018 13:52,25/07/2018,
ZA-00027121,ZAC0000788,21/07/2018 19:19,COMPLETE,26/07/2018 15:03,01/08/2018 05:51,02/08/2018,
ZA-00027122,ZAC0003038,21/07/2018 17:46,COMPLETE,23/07/2018 11:48,09/08/2018 08:07,28/07/2018,
ZA-00027123,ZAC0009203,21/07/2018 12:35,COMPLETE,23/07/2018 19:56,28/07/2018 14:08,27/07/2018,BULK20
ZA-00027124,ZAC0008667,21/07/2018 19:23,COMPLETE,24/07/2018 06:51,26/07/2018 10:20,31/07/2018,
ZA-00027125,ZAC0006297,21/07/2018 17:15,COMPLETE,25/07/2018 00:35,26/07/2018 03:15,29/07/2018,FLASH25
ZA-00027126,ZAC0001779,21/07/2018 07:30,COMPLETE,26/07/2018 10:32,30/07/2018 04:51,30/07/2018,WINTER15
ZA-00027127,ZAC0022352,21/07/2018 11:55,COMPLETE,24/07/2018 04:22,26/07/2018 22:25,28/07/2018,
ZA-00027128,ZAC0005875,21/07/2018 17:06,COMPLETE,23/07/2018 18:47,26/07/2018 09:39,27/07/2018,
ZA-00027129,ZAC0010366,21/07/2018 12:08,COMPLETE,23/07/2018 00:43,25/07/2018 08:50,28/07/2018,
ZA-00027130,ZAC0021916,21/07/2018 16:18,COMPLETE,22/07/2018 15:02,29/07/2018 19:04,26/07/2018,FREESHIP
ZA-00027131,ZAC0001931,21/07/2018 08:17,COMPLETE,24/07/2018 22:25,02/08/2018 04:16,31/07/2018,
ZA-00027132,ZAC0022651,21/07/2018 19:27,COMPLETE,23/07/2018 03:20,24/07/2018 21:27,26/07/2018,
ZA-00027133,ZAC0023540,21/07/2018 21:36,COMPLETE,23/07/2018 03:34,31/07/2018 07:09,27/07/2018,
ZA-00027134,ZAC0000454,21/07/2018 22:06,COMPLETE,23/07/2018 03:11,01/08/2018 16:39,27/07/2018,
ZA-00027135,ZAC0007285,21/07/2018 16:19,COMPLETE,22/07/2018 16:29,24/07/2018 02:26,26/07/2018,
ZA-00027136,ZAC0016967,21/07/2018 15:15,COMPLETE,21/07/2018 22:15,28/07/2018 07:05,26/07/2018,
ZA-00027137,ZAC0009664,21/07/2018 14:54,COMPLETE,22/07/2018 15:52,31/07/2018 07:03,27/07/2018,
ZA-00027138,ZAC0001923,21/07/2018 17:40,COMPLETE,23/07/2018 14:28,25/07/2018 23:29,28/07/2018,
ZA-00027139,ZAC0007464,21/07/2018 22:58,COMPLETE,25/07/2018 10:51,29/07/2018 00:39,01/08/2018,
ZA-00027140,ZAC0014107,21/07/2018 20:24,COMPLETE,24/07/2018 08:47,26/07/2018 13:15,28/07/2018,
ZA-00027141,ZAC0003805,21/07/2018 19:07,COMPLETE,24/07/2018 23:31,30/07/2018 06:23,31/07/2018,
ZA-00027142,ZAC0017929,21/07/2018 07:12,COMPLETE,23/07/2018 06:33,28/07/2018 22:30,27/07/2018,
ZA-00027143,ZAC0007597,21/07/2018 22:20,COMPLETE,23/07/2018 10:28,27/07/2018 16:49,28/07/2018,WINTER15
ZA-00027144,ZAC0020333,21/07/2018 17:35,COMPLETE,24/07/2018 17:33,29/07/2018 03:11,29/07/2018,
ZA-00027145,ZAC0023669,21/07/2018 11:56,COMPLETE,24/07/2018 11:48,27/07/2018 01:50,31/07/2018,
ZA-00027146,ZAC0009184,21/07/2018 13:22,COMPLETE,21/07/2018 19:11,24/07/2018 05:46,24/07/2018,
ZA-00027147,ZAC0002932,21/07/2018 08:47,COMPLETE,24/07/2018 16:08,30/07/2018 02:12,29/07/2018,FREESHIP
ZA-00027148,ZAC0023964,21/07/2018 21:41,COMPLETE,23/07/2018 17:34,25/07/2018 13:31,28/07/2018,
ZA-00027149,ZAC0003170,21/07/2018 07:38,COMPLETE,22/07/2018 02:35,25/07/2018 12:06,26/07/2018,
ZA-00027150,ZAC0020253,21/07/2018 14:02,COMPLETE,23/07/2018 11:35,27/07/2018 20:07,30/07/2018,WINTER15
ZA-00027151,ZAC0016189,21/07/2018 17:49,COMPLETE,23/07/2018 17:09,26/07/2018 20:17,27/07/2018,WINTER15
ZA-00027152,ZAC0020360,21/07/2018 18:43,COMPLETE,25/07/2018 03:07,05/08/2018 22:47,01/08/2018,
ZA-00027153,ZAC0016951,21/07/2018 07:56,COMPLETE,23/07/2018 06:35,24/07/2018 20:14,27/07/2018,
ZA-00027154,ZAC0019029,21/07/2018 14:51,DISPATCHED,27/07/2018 17:16,,01/08/2018,
ZA-00027155,ZAC0021765,21/07/2018 08:41,RETURNED,21/07/2018 14:38,29/07/2018 05:53,24/07/2018,
ZA-00027156,ZAC0001852,21/07/2018 12:18,COMPLETE,28/07/2018 02:08,05/08/2018 20:06,04/08/2018,
ZA-00027157,ZAC0016066,21/07/2018 20:05,COMPLETE,24/07/2018 08:59,26/07/2018 08:33,28/07/2018,
ZA-00027158,ZAC0004043,21/07/2018 11:39,COMPLETE,22/07/2018 21:14,25/07/2018 17:46,25/07/2018,FLASH25
ZA-00027159,ZAC0020688,21/07/2018 18:23,COMPLETE,24/07/2018 15:12,30/07/2018 01:33,03/08/2018,
ZA-00027160,ZAC0011324,21/07/2018 21:55,COMPLETE,23/07/2018 13:06,25/07/2018 23:22,28/07/2018,
ZA-00027161,ZAC0000473,21/07/2018 20:33,CANCELLED,,,,
ZA-00027162,ZAC0006493,21/07/2018 15:54,COMPLETE,23/07/2018 00:31,24/07/2018 18:53,28/07/2018,
ZA-00027163,ZAC0009372,21/07/2018 17:58,COMPLETE,23/07/2018 03:50,28/07/2018 14:34,28/07/2018,
ZA-00027164,ZAC0010527,21/07/2018 18:33,COMPLETE,24/07/2018 16:00,25/07/2018 22:35,29/07/2018,
ZA-00027165,ZAC0018341,21/07/2018 09:38,COMPLETE,23/07/2018 14:51,27/07/2018 15:05,28/07/2018,
ZA-00027166,ZAC0004789,21/07/2018 09:04,COMPLETE,23/07/2018 18:36,26/07/2018 19:56,26/07/2018,
ZA-00027167,ZAC0008066,22/07/2018 17:49,COMPLETE,25/07/2018 01:47,01/08/2018 17:22,29/07/2018,
ZA-00027168,ZAC0021537,22/07/2018 06:38,COMPLETE,22/07/2018 23:55,29/07/2018 21:03,25/07/2018,
ZA-00027169,ZAC0002464,22/07/2018 12:33,COMPLETE,24/07/2018 00:12,25/07/2018 13:50,03/08/2018,
ZA-00027170,ZAC0001105,22/07/2018 18:52,COMPLETE,24/07/2018 10:39,29/07/2018 20:16,29/07/2018,
ZA-00027171,ZAC0015745,22/07/2018 08:51,COMPLETE,28/07/2018 04:59,29/07/2018 08:02,01/08/2018,
ZA-00027172,ZAC0020484,22/07/2018 13:50,COMPLETE,24/07/2018 14:37,26/07/2018 06:29,03/08/2018,WINTER15
ZA-00027173,ZAC0020794,22/07/2018 07:19,COMPLETE,23/07/2018 20:56,26/07/2018 09:22,27/07/2018,WELCOME10
ZA-00027174,ZAC0003146,22/07/2018 13:25,COMPLETE,31/07/2018 16:47,03/08/2018 20:25,05/08/2018,
ZA-00027175,ZAC0011637,22/07/2018 06:12,COMPLETE,24/07/2018 02:40,02/08/2018 06:55,29/07/2018,
ZA-00027176,ZAC0009264,22/07/2018 14:12,COMPLETE,24/07/2018 06:19,29/07/2018 12:54,29/07/2018,WINTER15
ZA-00027177,ZAC0017368,22/07/2018 15:55,DISPATCHED,26/07/2018 14:08,,29/07/2018,LOYAL5
ZA-00027178,ZAC0021980,22/07/2018 15:02,COMPLETE,25/07/2018 20:28,27/07/2018 16:46,29/07/2018,
ZA-00027179,ZAC0015268,22/07/2018 08:55,COMPLETE,23/07/2018 06:06,31/07/2018 02:27,27/07/2018,
ZA-00027180,ZAC0005144,22/07/2018 08:00,RETURNED,22/07/2018 14:50,16/08/2018 13:04,01/08/2018,
ZA-00027181,ZAC0005452,22/07/2018 13:14,COMPLETE,23/07/2018 20:44,28/07/2018 19:33,28/07/2018,
ZA-00027182,ZAC0021931,22/07/2018 18:42,COMPLETE,26/07/2018 22:40,01/08/2018 09:05,29/07/2018,
ZA-00027183,ZAC0005704,22/07/2018 07:06,COMPLETE,23/07/2018 07:07,26/07/2018 16:56,30/07/2018,
ZA-00027184,ZAC0021720,22/07/2018 22:40,COMPLETE,23/07/2018 11:27,25/07/2018 20:22,28/07/2018,
ZA-00027185,ZAC0012453,22/07/2018 21:19,DISPATCHED,25/07/2018 05:16,,30/07/2018,
ZA-00027186,ZAC0017877,22/07/2018 22:11,COMPLETE,25/07/2018 18:14,28/07/2018 02:01,01/08/2018,
ZA-00027187,ZAC0012984,22/07/2018 11:45,COMPLETE,26/07/2018 17:39,02/08/2018 12:19,30/07/2018,LOYAL5
ZA-00027188,ZAC0010622,22/07/2018 16:48,COMPLETE,23/07/2018 08:04,24/07/2018 23:24,27/07/2018,FREESHIP
ZA-00027189,ZAC0019038,22/07/2018 06:14,COMPLETE,23/07/2018 07:32,29/07/2018 23:32,27/07/2018,
ZA-00027190,ZAC0021370,22/07/2018 09:10,COMPLETE,23/07/2018 23:46,27/07/2018 19:36,27/07/2018,WELCOME10
ZA-00027191,ZAC0009434,22/07/2018 14:47,COMPLETE,23/07/2018 13:20,24/07/2018 19:49,28/07/2018,
ZA-00027192,ZAC0019871,22/07/2018 21:33,COMPLETE,24/07/2018 22:45,31/07/2018 12:45,29/07/2018,WELCOME10
ZA-00027193,ZAC0002378,22/07/2018 15:02,COMPLETE,24/07/2018 06:04,05/08/2018 03:55,28/07/2018,
ZA-00027194,ZAC0021548,22/07/2018 09:53,COMPLETE,23/07/2018 10:15,23/07/2018 22:02,26/07/2018,
ZA-00027195,ZAC0012670,22/07/2018 15:58,COMPLETE,25/07/2018 20:00,27/07/2018 23:35,28/07/2018,FREESHIP
ZA-00027196,ZAC0002972,22/07/2018 21:43,COMPLETE,27/07/2018 17:48,30/07/2018 05:35,01/08/2018,
ZA-00027197,ZAC0013960,22/07/2018 15:25,COMPLETE,23/07/2018 05:17,29/07/2018 06:14,27/07/2018,
ZA-00027198,ZAC0013766,22/07/2018 15:14,COMPLETE,25/07/2018 14:40,28/07/2018 23:49,04/08/2018,
ZA-00027199,ZAC0019479,22/07/2018 20:04,COMPLETE,24/07/2018 12:59,26/07/2018 01:36,27/07/2018,
ZA-00027200,ZAC0006015,22/07/2018 18:48,COMPLETE,26/07/2018 00:05,29/07/2018 16:51,31/07/2018,
ZA-00027201,ZAC0013644,22/07/2018 14:51,COMPLETE,24/07/2018 02:41,26/07/2018 22:11,28/07/2018,
ZA-00027202,ZAC0017186,22/07/2018 17:13,COMPLETE,28/07/2018 01:37,03/08/2018 14:07,02/08/2018,
ZA-00027203,ZAC0005587,22/07/2018 06:27,COMPLETE,28/07/2018 06:44,28/07/2018 15:28,31/07/2018,
ZA-00027204,ZAC0001923,22/07/2018 18:50,COMPLETE,23/07/2018 16:05,28/07/2018 06:56,27/07/2018,
ZA-00027205,ZAC0018070,22/07/2018 19:58,COMPLETE,25/07/2018 04:30,30/07/2018 13:50,30/07/2018,
ZA-00027206,ZAC0013318,22/07/2018 14:03,COMPLETE,24/07/2018 13:56,03/08/2018 05:37,28/07/2018,FREESHIP
ZA-00027207,ZAC0014843,22/07/2018 12:31,COMPLETE,26/07/2018 00:00,27/07/2018 03:35,31/07/2018,
ZA-00027208,ZAC0003669,22/07/2018 07:36,COMPLETE,23/07/2018 20:37,29/07/2018 08:01,30/07/2018,
ZA-00027209,ZAC0004652,22/07/2018 07:22,COMPLETE,22/07/2018 16:19,30/07/2018 23:59,27/07/2018,
ZA-00027210,ZAC0018145,22/07/2018 11:37,COMPLETE,23/07/2018 07:10,27/07/2018 16:44,28/07/2018,
ZA-00027211,ZAC0003621,22/07/2018 14:39,COMPLETE,23/07/2018 02:05,28/07/2018 09:41,27/07/2018,
ZA-00027212,ZAC0020489,22/07/2018 15:09,COMPLETE,22/07/2018 22:17,30/07/2018 17:20,27/07/2018,
ZA-00027213,ZAC0011604,22/07/2018 17:20,COMPLETE,23/07/2018 14:50,28/07/2018 07:52,26/07/2018,
ZA-00027214,ZAC0000919,22/07/2018 08:20,COMPLETE,25/07/2018 10:22,02/08/2018 06:12,28/07/2018,
ZA-00027215,ZAC0010206,22/07/2018 16:36,DISPATCHED,25/07/2018 10:31,,28/07/2018,
ZA-00027216,ZAC0019481,22/07/2018 06:41,COMPLETE,25/07/2018 05:28,31/07/2018 02:44,01/08/2018,
ZA-00027217,ZAC0002990,22/07/2018 14:35,COMPLETE,23/07/2018 23:57,27/07/2018 06:26,28/07/2018,
ZA-00027218,ZAC0009632,22/07/2018 19:01,COMPLETE,01/08/2018 23:13,06/08/2018 04:14,11/08/2018,
ZA-00027219,ZAC0007733,22/07/2018 16:15,COMPLETE,24/07/2018 13:50,28/07/2018 17:55,29/07/2018,
ZA-00027220,ZAC0011271,22/07/2018 16:08,COMPLETE,27/07/2018 19:06,03/08/2018 20:28,31/07/2018,
ZA-00027221,ZAC0020213,22/07/2018 18:09,COMPLETE,28/07/2018 06:59,29/07/2018 14:05,07/08/2018,FLASH25
ZA-00027222,ZAC0001503,22/07/2018 15:30,COMPLETE,23/07/2018 17:17,28/07/2018 18:59,30/07/2018,
ZA-00027223,ZAC0001868,22/07/2018 16:01,COMPLETE,26/07/2018 08:15,01/08/2018 03:21,31/07/2018,
ZA-00027224,ZAC0010068,22/07/2018 13:50,COMPLETE,22/07/2018 23:20,31/07/2018 12:40,27/07/2018,
ZA-00027225,ZAC0015331,22/07/2018 06:54,COMPLETE,22/07/2018 20:04,26/07/2018 13:06,27/07/2018,
ZA-00027226,ZAC0009492,22/07/2018 20:20,COMPLETE,24/07/2018 03:26,27/07/2018 21:01,31/07/2018,
ZA-00027227,ZAC0001422,22/07/2018 15:46,COMPLETE,26/07/2018 07:27,30/07/2018 02:26,30/07/2018,BULK20
ZA-00027228,ZAC0018159,22/07/2018 10:21,COMPLETE,29/07/2018 05:17,08/08/2018 08:36,05/08/2018,
ZA-00027229,ZAC0006932,22/07/2018 17:04,COMPLETE,25/07/2018 01:11,03/08/2018 08:41,28/07/2018,
ZA-00027230,ZAC0000411,22/07/2018 09:09,COMPLETE,30/07/2018 10:07,01/08/2018 22:28,04/08/2018,
ZA-00027231,ZAC0006000,22/07/2018 13:23,COMPLETE,23/07/2018 09:01,26/07/2018 09:09,27/07/2018,FREESHIP
ZA-00027232,ZAC0017221,22/07/2018 13:23,COMPLETE,27/07/2018 03:48,29/07/2018 22:31,01/08/2018,
ZA-00027233,ZAC0016306,22/07/2018 18:38,COMPLETE,27/07/2018 00:09,29/07/2018 09:57,03/08/2018,
ZA-00027234,ZAC0013012,22/07/2018 08:36,COMPLETE,25/07/2018 02:12,31/07/2018 09:36,30/07/2018,
ZA-00027235,ZAC0003233,22/07/2018 13:04,COMPLETE,27/07/2018 04:09,08/08/2018 00:22,01/08/2018,
ZA-00027236,ZAC0005818,22/07/2018 15:25,COMPLETE,23/07/2018 13:17,25/07/2018 14:51,27/07/2018,
ZA-00027237,ZAC0006524,22/07/2018 06:38,COMPLETE,25/07/2018 09:31,26/07/2018 16:43,29/07/2018,
ZA-00027238,ZAC0021184,22/07/2018 07:33,COMPLETE,24/07/2018 17:27,25/07/2018 07:26,27/07/2018,
ZA-00027239,ZAC0022667,22/07/2018 21:08,DISPATCHED,23/07/2018 13:48,,28/07/2018,
ZA-00027240,ZAC0016489,22/07/2018 12:46,COMPLETE,25/07/2018 02:27,26/07/2018 05:08,30/07/2018,BULK20
ZA-00027241,ZAC0014294,22/07/2018 07:03,COMPLETE,22/07/2018 18:35,28/07/2018 05:41,26/07/2018,
ZA-00027242,ZAC0011623,22/07/2018 14:13,COMPLETE,23/07/2018 22:45,26/07/2018 03:47,26/07/2018,WINTER15
ZA-00027243,ZAC0002266,22/07/2018 19:37,PENDING,,,,
ZA-00027244,ZAC0005613,22/07/2018 13:03,COMPLETE,25/07/2018 15:30,02/08/2018 15:03,29/07/2018,
ZA-00027245,ZAC0014624,22/07/2018 08:41,COMPLETE,27/07/2018 02:58,29/07/2018 11:49,01/08/2018,FREESHIP
ZA-00027246,ZAC0014522,22/07/2018 16:18,COMPLETE,24/07/2018 04:48,27/07/2018 02:13,31/07/2018,
ZA-00027247,ZAC0001316,22/07/2018 11:56,COMPLETE,27/07/2018 06:05,29/07/2018 01:19,01/08/2018,
ZA-00027248,ZAC0018184,22/07/2018 20:15,COMPLETE,29/07/2018 11:41,02/08/2018 01:21,02/08/2018,
ZA-00027249,ZAC0021178,22/07/2018 19:43,CANCELLED,,,,FREESHIP
ZA-00027250,ZAC0001556,22/07/2018 17:38,COMPLETE,25/07/2018 11:39,02/08/2018 12:44,29/07/2018,LOYAL5
ZA-00027251,ZAC0012840,22/07/2018 09:28,COMPLETE,23/07/2018 14:01,28/07/2018 17:36,30/07/2018,
ZA-00027252,ZAC0008459,22/07/2018 19:42,COMPLETE,24/07/2018 13:36,28/07/2018 23:29,29/07/2018,FLASH25
ZA-00027253,ZAC0016563,23/07/2018 11:30,COMPLETE,24/07/2018 19:18,27/07/2018 10:52,31/07/2018,
ZA-00027254,ZAC0019537,23/07/2018 18:19,COMPLETE,24/07/2018 14:38,04/08/2018 20:49,03/08/2018,
ZA-00027255,ZAC0020669,23/07/2018 11:24,COMPLETE,28/07/2018 04:35,03/08/2018 09:17,04/08/2018,
ZA-00027256,ZAC0017434,23/07/2018 12:48,COMPLETE,27/07/2018 13:36,03/08/2018 04:21,01/08/2018,
ZA-00027257,ZAC0017189,23/07/2018 07:05,COMPLETE,25/07/2018 12:18,02/08/2018 01:15,29/07/2018,
ZA-00027258,ZAC0012325,23/07/2018 12:26,COMPLETE,24/07/2018 04:31,28/07/2018 11:39,27/07/2018,BULK20
ZA-00027259,ZAC0007802,23/07/2018 17:30,COMPLETE,24/07/2018 18:25,25/07/2018 08:47,29/07/2018,
ZA-00027260,ZAC0010829,23/07/2018 11:47,COMPLETE,25/07/2018 09:44,28/07/2018 19:53,29/07/2018,
ZA-00027261,ZAC0011388,23/07/2018 15:48,COMPLETE,24/07/2018 08:04,28/07/2018 16:04,31/07/2018,
ZA-00027262,ZAC0017468,23/07/2018 19:53,COMPLETE,27/07/2018 16:04,31/07/2018 03:53,01/08/2018,
ZA-00027263,ZAC0000791,23/07/2018 09:08,COMPLETE,23/07/2018 12:56,25/07/2018 19:02,28/07/2018,
ZA-00027264,ZAC0006725,23/07/2018 12:51,COMPLETE,25/07/2018 03:54,28/07/2018 22:48,30/07/2018,
ZA-00027265,ZAC0007163,23/07/2018 15:29,COMPLETE,24/07/2018 19:44,27/07/2018 03:51,31/07/2018,
ZA-00027266,ZAC0014363,23/07/2018 08:45,COMPLETE,23/07/2018 17:18,27/07/2018 23:27,28/07/2018,BULK20
ZA-00027267,ZAC0006193,23/07/2018 18:38,COMPLETE,24/07/2018 01:28,25/07/2018 06:17,28/07/2018,
ZA-00027268,ZAC0022876,23/07/2018 19:42,COMPLETE,24/07/2018 16:50,29/07/2018 22:17,28/07/2018,
ZA-00027269,ZAC0019651,23/07/2018 15:00,COMPLETE,28/07/2018 17:37,30/07/2018 09:35,31/07/2018,
ZA-00027270,ZAC0013916,23/07/2018 20:20,COMPLETE,26/07/2018 13:57,03/08/2018 20:58,30/07/2018,
ZA-00027271,ZAC0011403,23/07/2018 15:06,COMPLETE,25/07/2018 18:03,01/08/2018 11:02,28/07/2018,
ZA-00027272,ZAC0022012,23/07/2018 14:04,COMPLETE,02/08/2018 01:00,04/08/2018 00:03,05/08/2018,WINTER15
ZA-00027273,ZAC0011032,23/07/2018 22:52,COMPLETE,26/07/2018 14:11,01/08/2018 00:13,02/08/2018,
ZA-00027274,ZAC0019713,23/07/2018 21:51,COMPLETE,24/07/2018 12:11,31/07/2018 15:29,27/07/2018,WINTER15
ZA-00027275,ZAC0010015,23/07/2018 21:24,COMPLETE,24/07/2018 11:49,01/08/2018 07:38,29/07/2018,
ZA-00027276,ZAC0008574,23/07/2018 17:01,COMPLETE,24/07/2018 22:04,27/07/2018 22:36,27/07/2018,
ZA-00027277,ZAC0010429,23/07/2018 19:04,COMPLETE,27/07/2018 08:58,02/08/2018 03:26,01/08/2018,
ZA-00027278,ZAC0000099,23/07/2018 07:14,COMPLETE,27/07/2018 00:57,28/07/2018 11:21,31/07/2018,WINTER15
ZA-00027279,ZAC0011567,23/07/2018 19:41,COMPLETE,28/07/2018 01:41,04/08/2018 12:10,01/08/2018,
ZA-00027280,ZAC0014728,23/07/2018 21:34,COMPLETE,24/07/2018 14:50,27/07/2018 00:20,29/07/2018,BULK20
ZA-00027281,ZAC0021914,23/07/2018 16:31,COMPLETE,25/07/2018 03:34,28/07/2018 03:30,04/08/2018,
ZA-00027282,ZAC0007375,23/07/2018 06:17,COMPLETE,24/07/2018 10:23,25/07/2018 15:16,28/07/2018,FLASH25
ZA-00027283,ZAC0013144,23/07/2018 14:52,COMPLETE,25/07/2018 18:09,30/07/2018 06:24,30/07/2018,
ZA-00027284,ZAC0012098,23/07/2018 17:33,COMPLETE,24/07/2018 15:49,01/08/2018 04:01,31/07/2018,
ZA-00027285,ZAC0014255,23/07/2018 19:34,COMPLETE,26/07/2018 07:32,30/07/2018 06:11,31/07/2018,
ZA-00027286,ZAC0005287,23/07/2018 08:16,COMPLETE,28/07/2018 04:30,03/08/2018 12:30,02/08/2018,
ZA-00027287,ZAC0017079,23/07/2018 11:14,COMPLETE,26/07/2018 19:42,28/07/2018 14:22,02/08/2018,
ZA-00027288,ZAC0008896,23/07/2018 16:22,COMPLETE,27/07/2018 23:31,30/07/2018 12:52,31/07/2018,FLASH25
ZA-00027289,ZAC0013148,23/07/2018 15:12,COMPLETE,25/07/2018 10:19,01/08/2018 22:30,28/07/2018,
ZA-00027290,ZAC0019068,23/07/2018 16:13,COMPLETE,24/07/2018 04:20,24/07/2018 14:18,29/07/2018,
ZA-00027291,ZAC0003542,23/07/2018 16:59,COMPLETE,29/07/2018 02:18,01/08/2018 13:30,05/08/2018,
ZA-00027292,ZAC0015311,23/07/2018 16:36,COMPLETE,24/07/2018 15:19,26/07/2018 03:31,27/07/2018,
ZA-00027293,ZAC0004512,23/07/2018 21:37,COMPLETE,25/07/2018 16:49,30/07/2018 07:45,30/07/2018,BULK20
ZA-00027294,ZAC0010691,23/07/2018 08:33,COMPLETE,31/07/2018 04:32,01/08/2018 02:13,05/08/2018,
ZA-00027295,ZAC0007144,23/07/2018 13:42,COMPLETE,26/07/2018 03:53,01/08/2018 00:10,30/07/2018,
ZA-00027296,ZAC0002588,23/07/2018 06:12,COMPLETE,23/07/2018 09:41,26/07/2018 06:27,28/07/2018,WELCOME10
ZA-00027297,ZAC0000121,23/07/2018 12:54,COMPLETE,25/07/2018 09:35,29/07/2018 10:25,28/07/2018,LOYAL5
ZA-00027298,ZAC0019228,23/07/2018 22:52,DISPATCHED,31/07/2018 03:50,,03/08/2018,
ZA-00027299,ZAC0003540,23/07/2018 16:41,COMPLETE,24/07/2018 10:13,28/07/2018 04:57,27/07/2018,
ZA-00027300,ZAC0008926,23/07/2018 08:55,COMPLETE,23/07/2018 23:02,28/07/2018 09:50,28/07/2018,WINTER15
ZA-00027301,ZAC0022253,23/07/2018 22:51,COMPLETE,26/07/2018 00:46,28/07/2018 04:40,02/08/2018,
ZA-00027302,ZAC0013511,23/07/2018 19:08,COMPLETE,28/07/2018 20:00,03/08/2018 01:12,01/08/2018,
ZA-00027303,ZAC0008133,23/07/2018 11:30,COMPLETE,24/07/2018 09:55,27/07/2018 17:42,29/07/2018,
ZA-00027304,ZAC0018745,23/07/2018 15:09,COMPLETE,24/07/2018 09:09,05/08/2018 11:22,03/08/2018,
ZA-00027305,ZAC0011785,23/07/2018 11:47,DISPATCHED,25/07/2018 14:26,,29/07/2018,
ZA-00027306,ZAC0019594,23/07/2018 14:45,COMPLETE,25/07/2018 14:55,29/07/2018 07:28,30/07/2018,
ZA-00027307,ZAC0017721,23/07/2018 15:39,COMPLETE,24/07/2018 02:59,31/07/2018 08:11,27/07/2018,
ZA-00027308,ZAC0011132,23/07/2018 07:43,COMPLETE,25/07/2018 06:33,01/08/2018 01:09,04/08/2018,
ZA-00027309,ZAC0010117,23/07/2018 18:35,COMPLETE,26/07/2018 17:29,05/08/2018 19:33,29/07/2018,
ZA-00027310,ZAC0017162,23/07/2018 07:14,CANCELLED,,,,
ZA-00027311,ZAC0012112,23/07/2018 17:29,COMPLETE,25/07/2018 09:11,30/07/2018 16:06,28/07/2018,
ZA-00027312,ZAC0018526,23/07/2018 13:02,COMPLETE,24/07/2018 13:34,27/07/2018 12:56,03/08/2018,
ZA-00027313,ZAC0001520,23/07/2018 11:54,COMPLETE,24/07/2018 10:18,28/07/2018 00:10,29/07/2018,
ZA-00027314,ZAC0013895,23/07/2018 22:58,COMPLETE,25/07/2018 19:16,29/07/2018 20:21,30/07/2018,
ZA-00027315,ZAC0016104,23/07/2018 20:49,COMPLETE,26/07/2018 01:20,31/07/2018 22:36,31/07/2018,
ZA-00027316,ZAC0004248,23/07/2018 16:19,COMPLETE,24/07/2018 01:07,29/07/2018 12:20,31/07/2018,
ZA-00027317,ZAC0011434,23/07/2018 21:07,COMPLETE,24/07/2018 13:41,31/07/2018 21:28,28/07/2018,WELCOME10
ZA-00027318,ZAC0009837,23/07/2018 16:05,COMPLETE,24/07/2018 06:19,25/07/2018 19:13,28/07/2018,
ZA-00027319,ZAC0012376,23/07/2018 10:27,COMPLETE,26/07/2018 21:55,29/07/2018 10:35,05/08/2018,
ZA-00027320,ZAC0008475,23/07/2018 12:27,COMPLETE,24/07/2018 17:44,26/07/2018 21:29,27/07/2018,
ZA-00027321,ZAC0006458,23/07/2018 15:36,COMPLETE,24/07/2018 18:51,29/07/2018 07:28,31/07/2018,
ZA-00027322,ZAC0004669,23/07/2018 21:59,COMPLETE,24/07/2018 21:42,01/08/2018 11:10,03/08/2018,
ZA-00027323,ZAC0000183,24/07/2018 21:33,COMPLETE,27/07/2018 01:04,30/07/2018 22:26,31/07/2018,WELCOME10
ZA-00027324,ZAC0017516,24/07/2018 19:43,COMPLETE,25/07/2018 22:10,01/08/2018 10:48,30/07/2018,
ZA-00027325,ZAC0014008,24/07/2018 11:08,COMPLETE,24/07/2018 18:07,27/07/2018 22:09,27/07/2018,
ZA-00027326,ZAC0009237,24/07/2018 09:39,COMPLETE,24/07/2018 18:33,30/07/2018 14:13,28/07/2018,
ZA-00027327,ZAC0023725,24/07/2018 22:42,DISPATCHED,27/07/2018 23:37,,06/08/2018,
ZA-00027328,ZAC0008621,24/07/2018 16:09,COMPLETE,31/07/2018 17:05,02/08/2018 15:33,05/08/2018,
ZA-00027329,ZAC0023314,24/07/2018 07:21,COMPLETE,26/07/2018 21:52,29/07/2018 20:03,30/07/2018,WELCOME10
ZA-00027330,ZAC0016315,24/07/2018 07:36,COMPLETE,26/07/2018 11:39,29/07/2018 16:26,30/07/2018,WELCOME10
ZA-00027331,ZAC0012621,24/07/2018 22:02,COMPLETE,28/07/2018 12:33,04/08/2018 07:28,01/08/2018,LOYAL5
ZA-00027332,ZAC0009870,24/07/2018 13:01,COMPLETE,27/07/2018 07:28,29/07/2018 21:45,30/07/2018,
ZA-00027333,ZAC0009839,24/07/2018 22:24,RETURNED,30/07/2018 15:09,02/08/2018 05:47,06/08/2018,
ZA-00027334,ZAC0019718,24/07/2018 15:40,COMPLETE,25/07/2018 01:45,25/07/2018 21:18,01/08/2018,
ZA-00027335,ZAC0004908,24/07/2018 17:35,COMPLETE,25/07/2018 18:26,01/08/2018 12:01,30/07/2018,
ZA-00027336,ZAC0020065,24/07/2018 10:48,COMPLETE,24/07/2018 18:52,28/07/2018 17:10,29/07/2018,FREESHIP
ZA-00027337,ZAC0008276,24/07/2018 07:50,COMPLETE,25/07/2018 10:41,31/07/2018 02:46,01/08/2018,
ZA-00027338,ZAC0013399,24/07/2018 16:01,COMPLETE,31/07/2018 01:11,01/08/2018 07:43,05/08/2018,
ZA-00027339,ZAC0007982,24/07/2018 08:37,COMPLETE,27/07/2018 13:01,31/07/2018 18:23,30/07/2018,
ZA-00027340,ZAC0018351,24/07/2018 06:57,COMPLETE,26/07/2018 05:04,29/07/2018 19:14,29/07/2018,WELCOME10
ZA-00027341,ZAC0008952,24/07/2018 19:10,COMPLETE,25/07/2018 08:17,29/07/2018 11:23,29/07/2018,FLASH25
ZA-00027342,ZAC0008339,24/07/2018 22:01,COMPLETE,30/07/2018 16:19,03/08/2018 08:11,04/08/2018,
ZA-00027343,ZAC0002839,24/07/2018 21:30,COMPLETE,26/07/2018 18:41,02/08/2018 16:05,05/08/2018,
ZA-00027344,ZAC0019395,24/07/2018 16:41,COMPLETE,27/07/2018 13:15,29/07/2018 01:28,03/08/2018,WELCOME10
ZA-00027345,ZAC0018942,24/07/2018 11:08,COMPLETE,27/07/2018 16:46,01/08/2018 11:09,30/07/2018,
ZA-00027346,ZAC0017116,24/07/2018 09:01,COMPLETE,24/07/2018 19:13,27/07/2018 00:21,29/07/2018,BULK20
ZA-00027347,ZAC0017473,24/07/2018 22:35,COMPLETE,25/07/2018 16:47,29/07/2018 10:11,29/07/2018,
ZA-00027348,ZAC0015126,24/07/2018 22:41,COMPLETE,26/07/2018 05:33,28/07/2018 10:16,31/07/2018,
ZA-00027349,ZAC0000963,24/07/2018 20:27,COMPLETE,27/07/2018 00:56,03/08/2018 06:34,01/08/2018,
ZA-00027350,ZAC0008361,24/07/2018 09:53,COMPLETE,28/07/2018 14:31,04/08/2018 15:07,31/07/2018,
ZA-00027351,ZAC0003158,24/07/2018 08:09,COMPLETE,26/07/2018 04:24,29/07/2018 13:15,30/07/2018,LOYAL5
ZA-00027352,ZAC0013849,24/07/2018 10:39,COMPLETE,27/07/2018 18:46,03/08/2018 19:21,31/07/2018,
ZA-00027353,ZAC0009722,24/07/2018 10:12,COMPLETE,29/07/2018 00:22,08/08/2018 03:00,05/08/2018,
ZA-00027354,ZAC0001252,24/07/2018 10:43,COMPLETE,27/07/2018 18:00,30/07/2018 08:06,31/07/2018,BULK20
ZA-00027355,ZAC0006279,24/07/2018 21:43,COMPLETE,25/07/2018 04:05,26/07/2018 12:05,29/07/2018,
ZA-00027356,ZAC0007875,24/07/2018 18:55,COMPLETE,26/07/2018 11:20,30/07/2018 08:15,05/08/2018,
ZA-00027357,ZAC0015949,24/07/2018 12:31,COMPLETE,25/07/2018 18:21,28/07/2018 13:52,01/08/2018,
ZA-00027358,ZAC0021651,24/07/2018 06:48,COMPLETE,29/07/2018 01:38,05/08/2018 04:16,01/08/2018,
ZA-00027359,ZAC0010889,24/07/2018 13:40,COMPLETE,31/07/2018 11:43,11/08/2018 22:56,04/08/2018,
ZA-00027360,ZAC0018382,24/07/2018 06:58,COMPLETE,28/07/2018 03:16,31/07/2018 21:33,31/07/2018,
ZA-00027361,ZAC0016255,24/07/2018 12:30,COMPLETE,27/07/2018 23:04,30/07/2018 12:42,31/07/2018,
ZA-00027362,ZAC0022046,24/07/2018 08:34,DISPATCHED,28/07/2018 16:57,,01/08/2018,
ZA-00027363,ZAC0001952,24/07/2018 12:48,COMPLETE,28/07/2018 13:02,03/08/2018 01:09,04/08/2018,FLASH25
ZA-00027364,ZAC0003220,24/07/2018 08:27,CANCELLED,,,,
ZA-00027365,ZAC0002070,24/07/2018 11:43,PENDING,,,,
ZA-00027366,ZAC0017939,24/07/2018 12:00,COMPLETE,25/07/2018 17:16,26/07/2018 12:32,28/07/2018,FREESHIP
ZA-00027367,ZAC0017516,24/07/2018 14:11,COMPLETE,25/07/2018 04:33,29/07/2018 02:36,04/08/2018,
ZA-00027368,ZAC0019889,24/07/2018 18:40,COMPLETE,25/07/2018 19:50,27/07/2018 19:40,01/08/2018,
ZA-00027369,ZAC0005310,24/07/2018 06:14,COMPLETE,24/07/2018 17:21,27/07/2018 16:39,28/07/2018,
ZA-00027370,ZAC0017737,24/07/2018 21:40,COMPLETE,25/07/2018 15:59,02/08/2018 14:10,28/07/2018,
ZA-00027371,ZAC0020389,24/07/2018 21:13,COMPLETE,25/07/2018 11:23,03/08/2018 01:42,01/08/2018,BULK20
ZA-00027372,ZAC0004183,24/07/2018 16:14,COMPLETE,26/07/2018 00:01,29/07/2018 13:40,29/07/2018,
ZA-00027373,ZAC0017417,24/07/2018 12:57,COMPLETE,24/07/2018 18:50,25/07/2018 21:21,27/07/2018,
ZA-00027374,ZAC0009834,24/07/2018 11:30,COMPLETE,27/07/2018 14:47,29/07/2018 12:37,31/07/2018,
ZA-00027375,ZAC0000267,24/07/2018 13:57,COMPLETE,27/07/2018 07:56,28/07/2018 10:11,01/08/2018,
ZA-00027376,ZAC0009566,24/07/2018 10:41,COMPLETE,25/07/2018 02:32,27/07/2018 19:48,01/08/2018,
ZA-00027377,ZAC0023530,24/07/2018 16:46,DISPATCHED,26/07/2018 11:56,,02/08/2018,
ZA-00027378,ZAC0010578,24/07/2018 07:35,COMPLETE,25/07/2018 14:35,26/07/2018 20:43,01/08/2018,
ZA-00027379,ZAC0001421,24/07/2018 16:59,COMPLETE,26/07/2018 05:58,04/08/2018 23:30,31/07/2018,
ZA-00027380,ZAC0014731,24/07/2018 06:30,COMPLETE,26/07/2018 06:16,26/07/2018 21:19,30/07/2018,WELCOME10
ZA-00027381,ZAC0007629,24/07/2018 08:16,COMPLETE,27/07/2018 03:07,31/07/2018 04:00,31/07/2018,
ZA-00027382,ZAC0012061,24/07/2018 06:59,COMPLETE,25/07/2018 18:00,27/07/2018 13:01,01/08/2018,
ZA-00027383,ZAC0019487,24/07/2018 06:49,PENDING,,,,
ZA-00027384,ZAC0021428,24/07/2018 10:20,COMPLETE,26/07/2018 07:07,29/07/2018 14:51,30/07/2018,
ZA-00027385,ZAC0011734,24/07/2018 20:25,COMPLETE,28/07/2018 09:10,30/07/2018 06:31,31/07/2018,
ZA-00027386,ZAC0004575,24/07/2018 15:20,COMPLETE,25/07/2018 14:02,29/07/2018 20:34,04/08/2018,BULK20
ZA-00027387,ZAC0003942,24/07/2018 20:51,COMPLETE,25/07/2018 09:37,30/07/2018 15:59,30/07/2018,
ZA-00027388,ZAC0001557,24/07/2018 22:25,COMPLETE,30/07/2018 06:17,04/08/2018 03:01,02/08/2018,
ZA-00027389,ZAC0022340,24/07/2018 06:40,COMPLETE,24/07/2018 14:32,01/08/2018 19:10,28/07/2018,WELCOME10
ZA-00027390,ZAC0002345,24/07/2018 17:50,DISPATCHED,26/07/2018 16:51,,29/07/2018,FREESHIP
ZA-00027391,ZAC0007539,24/07/2018 17:08,COMPLETE,25/07/2018 17:45,27/07/2018 17:21,29/07/2018,BULK20
ZA-00027392,ZAC0004109,24/07/2018 16:06,COMPLETE,25/07/2018 18:56,30/07/2018 22:59,28/07/2018,WINTER15
ZA-00027393,ZAC0007576,24/07/2018 21:02,COMPLETE,25/07/2018 18:12,28/07/2018 11:34,29/07/2018,
ZA-00027394,ZAC0003298,24/07/2018 22:29,COMPLETE,27/07/2018 20:47,06/08/2018 13:38,01/08/2018,
ZA-00027395,ZAC0016349,24/07/2018 16:46,COMPLETE,28/07/2018 06:25,02/08/2018 02:36,31/07/2018,
ZA-00027396,ZAC0007535,24/07/2018 09:02,COMPLETE,28/07/2018 20:26,01/08/2018 05:37,04/08/2018,
ZA-00027397,ZAC0017083,24/07/2018 16:33,COMPLETE,25/07/2018 10:19,31/07/2018 22:07,29/07/2018,
ZA-00027398,ZAC0000885,24/07/2018 15:25,COMPLETE,24/07/2018 23:35,26/07/2018 23:32,27/07/2018,
ZA-00027399,ZAC0008605,24/07/2018 20:04,COMPLETE,27/07/2018 08:09,29/07/2018 19:49,30/07/2018,
ZA-00027400,ZAC0013573,24/07/2018 17:12,COMPLETE,30/07/2018 18:36,02/08/2018 18:07,03/08/2018,
ZA-00027401,ZAC0012597,24/07/2018 16:06,COMPLETE,26/07/2018 08:58,27/07/2018 10:17,31/07/2018,FLASH25
ZA-00027402,ZAC0021227,24/07/2018 15:59,COMPLETE,01/08/2018 00:50,07/08/2018 14:17,06/08/2018,
ZA-00027403,ZAC0014557,24/07/2018 08:16,COMPLETE,25/07/2018 19:41,28/07/2018 21:11,29/07/2018,
ZA-00027404,ZAC0011189,24/07/2018 13:49,COMPLETE,26/07/2018 23:49,29/07/2018 09:17,31/07/2018,
ZA-00027405,ZAC0015697,24/07/2018 13:30,COMPLETE,25/07/2018 10:01,29/07/2018 17:41,01/08/2018,
ZA-00027406,ZAC0010426,24/07/2018 15:41,COMPLETE,24/07/2018 23:24,31/07/2018 05:00,28/07/2018,
ZA-00027407,ZAC0012944,24/07/2018 08:55,COMPLETE,25/07/2018 14:16,01/08/2018 02:43,04/08/2018,
ZA-00027408,ZAC0007595,24/07/2018 10:32,COMPLETE,25/07/2018 09:07,26/07/2018 21:05,30/07/2018,
ZA-00027409,ZAC0012742,24/07/2018 16:57,COMPLETE,28/07/2018 00:11,10/08/2018 10:57,01/08/2018,
ZA-00027410,ZAC0020976,24/07/2018 16:07,COMPLETE,26/07/2018 15:13,28/07/2018 13:29,02/08/2018,
ZA-00027411,ZAC0022949,24/07/2018 06:49,COMPLETE,25/07/2018 07:13,28/07/2018 01:08,01/08/2018,
ZA-00027412,ZAC0015749,24/07/2018 20:40,COMPLETE,26/07/2018 03:38,30/07/2018 03:30,30/07/2018,
ZA-00027413,ZAC0015716,24/07/2018 09:29,COMPLETE,24/07/2018 21:04,30/07/2018 21:25,31/07/2018,
ZA-00027414,ZAC0001965,24/07/2018 13:08,COMPLETE,27/07/2018 03:38,02/08/2018 15:54,01/08/2018,BULK20
ZA-00027415,ZAC0009753,24/07/2018 14:23,COMPLETE,27/07/2018 12:44,28/07/2018 20:24,30/07/2018,
ZA-00027416,ZAC0007693,24/07/2018 16:39,DISPATCHED,29/07/2018 23:29,,02/08/2018,
ZA-00027417,ZAC0012781,24/07/2018 20:22,COMPLETE,25/07/2018 23:02,02/08/2018 04:10,29/07/2018,
ZA-00027418,ZAC0015376,25/07/2018 19:48,COMPLETE,28/07/2018 18:11,02/08/2018 18:15,04/08/2018,
ZA-00027419,ZAC0000362,25/07/2018 09:59,COMPLETE,26/07/2018 12:04,05/08/2018 09:02,02/08/2018,
ZA-00027420,ZAC0012826,25/07/2018 21:40,COMPLETE,26/07/2018 04:35,01/08/2018 15:22,30/07/2018,FLASH25
ZA-00027421,ZAC0021915,25/07/2018 08:36,COMPLETE,28/07/2018 06:23,30/07/2018 22:23,04/08/2018,
ZA-00027422,ZAC0000132,25/07/2018 06:08,COMPLETE,25/07/2018 23:03,01/08/2018 18:37,29/07/2018,
ZA-00027423,ZAC0005292,25/07/2018 20:06,CANCELLED,,,,WELCOME10
ZA-00027424,ZAC0004799,25/07/2018 21:04,COMPLETE,26/07/2018 10:59,29/07/2018 00:04,30/07/2018,LOYAL5
ZA-00027425,ZAC0017580,25/07/2018 22:26,COMPLETE,28/07/2018 00:59,05/08/2018 04:01,04/08/2018,
ZA-00027426,ZAC0004329,25/07/2018 10:07,COMPLETE,26/07/2018 16:48,31/07/2018 05:14,29/07/2018,FREESHIP
ZA-00027427,ZAC0020146,25/07/2018 13:13,COMPLETE,28/07/2018 11:58,30/07/2018 16:14,01/08/2018,
ZA-00027428,ZAC0001930,25/07/2018 10:01,COMPLETE,28/07/2018 00:09,29/07/2018 07:51,04/08/2018,
ZA-00027429,ZAC0013875,25/07/2018 11:03,COMPLETE,27/07/2018 02:30,30/07/2018 02:23,31/07/2018,
ZA-00027430,ZAC0003269,25/07/2018 18:11,COMPLETE,31/07/2018 21:26,04/08/2018 13:45,03/08/2018,BULK20
ZA-00027431,ZAC0001214,25/07/2018 21:05,COMPLETE,27/07/2018 08:37,03/08/2018 05:52,30/07/2018,
ZA-00027432,ZAC0007958,25/07/2018 19:01,COMPLETE,26/07/2018 04:32,30/07/2018 04:30,02/08/2018,
ZA-00027433,ZAC0022911,25/07/2018 06:26,COMPLETE,30/07/2018 02:04,31/07/2018 14:36,03/08/2018,
ZA-00027434,ZAC0015373,25/07/2018 22:18,COMPLETE,28/07/2018 22:53,30/07/2018 02:38,01/08/2018,FREESHIP
ZA-00027435,ZAC0023851,25/07/2018 10:43,COMPLETE,26/07/2018 15:01,30/07/2018 21:40,31/07/2018,
ZA-00027436,ZAC0006004,25/07/2018 19:01,RETURNED,26/07/2018 23:42,02/08/2018 18:43,30/07/2018,
ZA-00027437,ZAC0003113,25/07/2018 16:39,COMPLETE,26/07/2018 06:56,03/08/2018 11:59,29/07/2018,WELCOME10
ZA-00027438,ZAC0014758,25/07/2018 09:30,COMPLETE,28/07/2018 02:37,30/07/2018 12:39,01/08/2018,
ZA-00027439,ZAC0013847,25/07/2018 22:26,COMPLETE,26/07/2018 08:13,31/07/2018 12:36,29/07/2018,
ZA-00027440,ZAC0022076,25/07/2018 09:54,COMPLETE,25/07/2018 17:20,28/07/2018 00:26,28/07/2018,
ZA-00027441,ZAC0018832,25/07/2018 18:26,COMPLETE,04/08/2018 05:28,09/08/2018 09:21,07/08/2018,BULK20
ZA-00027442,ZAC0022264,25/07/2018 20:35,COMPLETE,30/07/2018 22:49,02/08/2018 03:05,03/08/2018,
ZA-00027443,ZAC0018430,25/07/2018 12:53,COMPLETE,28/07/2018 08:41,04/08/2018 12:40,01/08/2018,FLASH25
ZA-00027444,ZAC0001921,25/07/2018 16:24,COMPLETE,28/07/2018 07:00,30/07/2018 04:33,31/07/2018,
ZA-00027445,ZAC0016632,25/07/2018 14:52,COMPLETE,26/07/2018 23:55,30/07/2018 06:14,02/08/2018,BULK20
ZA-00027446,ZAC0004316,25/07/2018 12:28,COMPLETE,26/07/2018 12:22,08/08/2018 21:58,30/07/2018,
ZA-00027447,ZAC0003660,25/07/2018 12:11,COMPLETE,26/07/2018 07:42,27/07/2018 08:15,31/07/2018,WINTER15
ZA-00027448,ZAC0000898,25/07/2018 08:20,DISPATCHED,29/07/2018 00:29,,02/08/2018,
ZA-00027449,ZAC0013983,25/07/2018 19:00,COMPLETE,26/07/2018 09:18,28/07/2018 13:34,30/07/2018,
ZA-00027450,ZAC0018329,25/07/2018 18:05,COMPLETE,26/07/2018 14:50,29/07/2018 07:16,30/07/2018,
ZA-00027451,ZAC0014084,25/07/2018 07:41,COMPLETE,27/07/2018 18:32,29/07/2018 18:51,03/08/2018,
ZA-00027452,ZAC0007610,25/07/2018 14:47,COMPLETE,27/07/2018 21:38,30/07/2018 02:27,03/08/2018,
ZA-00027453,ZAC0009914,25/07/2018 15:56,COMPLETE,26/07/2018 07:27,27/07/2018 18:35,29/07/2018,
ZA-00027454,ZAC0012081,25/07/2018 19:32,COMPLETE,28/07/2018 14:22,02/08/2018 17:22,31/07/2018,
ZA-00027455,ZAC0000037,25/07/2018 12:19,COMPLETE,26/07/2018 02:19,01/08/2018 23:17,05/08/2018,WINTER15
ZA-00027456,ZAC0013348,25/07/2018 20:42,COMPLETE,28/07/2018 09:55,02/08/2018 13:05,01/08/2018,
ZA-00027457,ZAC0007621,25/07/2018 19:37,COMPLETE,28/07/2018 04:05,01/08/2018 01:22,01/08/2018,
ZA-00027458,ZAC0000755,25/07/2018 16:23,COMPLETE,26/07/2018 20:53,29/07/2018 17:32,29/07/2018,
ZA-00027459,ZAC0019657,25/07/2018 10:21,COMPLETE,27/07/2018 10:29,02/08/2018 02:10,01/08/2018,
ZA-00027460,ZAC0014378,25/07/2018 13:35,COMPLETE,29/07/2018 18:37,03/08/2018 21:24,03/08/2018,
ZA-00027461,ZAC0018155,25/07/2018 11:09,COMPLETE,29/07/2018 16:57,01/08/2018 17:28,03/08/2018,
ZA-00027462,ZAC0001904,25/07/2018 09:03,COMPLETE,26/07/2018 20:41,28/07/2018 16:40,30/07/2018,WINTER15
ZA-00027463,ZAC0021304,25/07/2018 09:30,COMPLETE,27/07/2018 04:16,29/07/2018 08:36,31/07/2018,
ZA-00027464,ZAC0014208,25/07/2018 07:33,COMPLETE,28/07/2018 04:30,30/07/2018 11:03,02/08/2018,
ZA-00027465,ZAC0013102,25/07/2018 18:50,COMPLETE,29/07/2018 06:38,31/07/2018 14:58,05/08/2018,
ZA-00027466,ZAC0000017,25/07/2018 21:37,COMPLETE,27/07/2018 04:59,07/08/2018 12:56,31/07/2018,
ZA-00027467,ZAC0022385,25/07/2018 06:59,COMPLETE,26/07/2018 06:16,26/07/2018 23:24,02/08/2018,
ZA-00027468,ZAC0023641,25/07/2018 15:42,COMPLETE,27/07/2018 10:11,05/08/2018 15:39,31/07/2018,
ZA-00027469,ZAC0012889,25/07/2018 10:50,COMPLETE,25/07/2018 16:07,04/08/2018 01:11,29/07/2018,
ZA-00027470,ZAC0007205,25/07/2018 22:49,COMPLETE,27/07/2018 21:46,03/08/2018 03:54,31/07/2018,FLASH25
ZA-00027471,ZAC0022953,25/07/2018 09:07,COMPLETE,26/07/2018 04:55,30/07/2018 18:32,29/07/2018,
ZA-00027472,ZAC0004079,25/07/2018 07:23,COMPLETE,30/07/2018 01:58,05/08/2018 19:08,02/08/2018,
ZA-00027473,ZAC0010660,25/07/2018 15:20,COMPLETE,29/07/2018 17:17,31/07/2018 13:00,02/08/2018,
ZA-00027474,ZAC0017759,25/07/2018 13:06,COMPLETE,26/07/2018 21:32,28/07/2018 23:52,30/07/2018,
ZA-00027475,ZAC0001173,25/07/2018 21:22,COMPLETE,28/07/2018 12:38,29/07/2018 20:19,02/08/2018,BULK20
ZA-00027476,ZAC0013676,25/07/2018 11:34,COMPLETE,26/07/2018 12:53,30/07/2018 22:56,30/07/2018,
ZA-00027477,ZAC0006495,25/07/2018 21:57,COMPLETE,27/07/2018 14:06,30/07/2018 01:30,31/07/2018,FREESHIP
ZA-00027478,ZAC0007982,25/07/2018 16:05,COMPLETE,27/07/2018 10:35,31/07/2018 21:42,06/08/2018,
ZA-00027479,ZAC0008932,25/07/2018 08:42,COMPLETE,26/07/2018 01:29,01/08/2018 18:08,30/07/2018,
ZA-00027480,ZAC0003047,25/07/2018 18:55,COMPLETE,26/07/2018 06:29,29/07/2018 19:44,31/07/2018,
ZA-00027481,ZAC0004741,25/07/2018 09:40,COMPLETE,30/07/2018 15:53,07/08/2018 02:06,02/08/2018,BULK20
ZA-00027482,ZAC0008508,25/07/2018 21:43,COMPLETE,27/07/2018 20:48,29/07/2018 19:07,31/07/2018,
ZA-00027483,ZAC0013873,25/07/2018 17:58,CANCELLED,,,,
ZA-00027484,ZAC0002429,25/07/2018 09:49,COMPLETE,26/07/2018 13:29,30/07/2018 06:04,29/07/2018,
ZA-00027485,ZAC0018606,25/07/2018 14:37,COMPLETE,29/07/2018 10:57,08/08/2018 03:09,05/08/2018,
ZA-00027486,ZAC0008076,25/07/2018 18:38,COMPLETE,26/07/2018 22:25,11/08/2018 09:27,30/07/2018,
ZA-00027487,ZAC0009921,25/07/2018 21:36,PENDING,,,,
ZA-00027488,ZAC0005529,25/07/2018 17:10,COMPLETE,28/07/2018 12:47,31/07/2018 22:12,02/08/2018,
ZA-00027489,ZAC0021245,25/07/2018 12:46,COMPLETE,01/08/2018 02:43,05/08/2018 06:46,04/08/2018,WELCOME10
ZA-00027490,ZAC0005027,25/07/2018 16:31,COMPLETE,26/07/2018 12:03,27/07/2018 14:36,31/07/2018,FLASH25
ZA-00027491,ZAC0022807,25/07/2018 11:45,CANCELLED,,,,
ZA-00027492,ZAC0002650,25/07/2018 06:13,COMPLETE,26/07/2018 18:54,03/08/2018 09:53,29/07/2018,
ZA-00027493,ZAC0002184,25/07/2018 19:53,COMPLETE,28/07/2018 01:03,02/08/2018 16:00,01/08/2018,
ZA-00027494,ZAC0005777,25/07/2018 17:24,COMPLETE,26/07/2018 16:25,31/07/2018 11:11,30/07/2018,
ZA-00027495,ZAC0004227,25/07/2018 12:41,COMPLETE,27/07/2018 15:59,29/07/2018 10:14,06/08/2018,
ZA-00027496,ZAC0010600,25/07/2018 18:25,COMPLETE,28/07/2018 04:04,04/08/2018 05:28,31/07/2018,
ZA-00027497,ZAC0000942,25/07/2018 08:06,COMPLETE,26/07/2018 12:40,29/07/2018 20:44,05/08/2018,WINTER15
ZA-00027498,ZAC0019919,25/07/2018 09:30,COMPLETE,26/07/2018 16:23,29/07/2018 18:23,29/07/2018,LOYAL5
ZA-00027499,ZAC0010314,25/07/2018 10:36,COMPLETE,29/07/2018 19:25,31/07/2018 04:42,01/08/2018,BULK20
ZA-00027500,ZAC0007827,25/07/2018 17:30,COMPLETE,30/07/2018 10:25,02/08/2018 01:43,04/08/2018,
ZA-00027501,ZAC0005382,25/07/2018 14:41,COMPLETE,29/07/2018 21:45,02/08/2018 21:03,03/08/2018,
ZA-00027502,ZAC0003409,25/07/2018 07:37,COMPLETE,28/07/2018 08:45,03/08/2018 02:37,07/08/2018,
ZA-00027503,ZAC0012376,25/07/2018 12:51,COMPLETE,30/07/2018 08:10,03/08/2018 03:00,04/08/2018,
ZA-00027504,ZAC0007082,25/07/2018 17:30,COMPLETE,28/07/2018 20:29,03/08/2018 01:46,01/08/2018,
ZA-00027505,ZAC0007625,25/07/2018 06:18,COMPLETE,28/07/2018 09:44,01/08/2018 13:24,01/08/2018,WELCOME10
ZA-00027506,ZAC0017301,25/07/2018 12:46,COMPLETE,27/07/2018 13:19,01/08/2018 08:51,31/07/2018,
ZA-00027507,ZAC0016999,25/07/2018 15:09,COMPLETE,27/07/2018 12:36,01/08/2018 01:06,31/07/2018,
ZA-00027508,ZAC0001327,25/07/2018 17:12,COMPLETE,27/07/2018 22:18,04/08/2018 01:51,03/08/2018,
ZA-00027509,ZAC0007518,25/07/2018 08:07,COMPLETE,26/07/2018 06:40,30/07/2018 04:53,29/07/2018,
ZA-00027510,ZAC0015163,25/07/2018 21:05,COMPLETE,29/07/2018 01:39,13/08/2018 21:37,03/08/2018,
ZA-00027511,ZAC0019048,25/07/2018 22:58,COMPLETE,28/07/2018 06:58,12/08/2018 05:55,01/08/2018,
ZA-00027512,ZAC0006902,25/07/2018 20:39,COMPLETE,26/07/2018 21:52,01/08/2018 21:14,29/07/2018,
ZA-00027513,ZAC0010096,26/07/2018 13:26,COMPLETE,29/07/2018 09:45,05/08/2018 02:44,05/08/2018,
ZA-00027514,ZAC0013182,26/07/2018 09:20,COMPLETE,27/07/2018 13:15,31/07/2018 22:19,30/07/2018,WINTER15
ZA-00027515,ZAC0021559,26/07/2018 06:32,COMPLETE,26/07/2018 17:21,03/08/2018 05:59,29/07/2018,
ZA-00027516,ZAC0018815,26/07/2018 13:50,COMPLETE,27/07/2018 11:48,28/07/2018 18:59,01/08/2018,
ZA-00027517,ZAC0014629,26/07/2018 21:11,COMPLETE,28/07/2018 21:14,31/07/2018 23:43,01/08/2018,
ZA-00027518,ZAC0009820,26/07/2018 11:09,COMPLETE,02/08/2018 15:54,06/08/2018 02:16,09/08/2018,
ZA-00027519,ZAC0020206,26/07/2018 10:41,COMPLETE,28/07/2018 02:37,07/08/2018 08:52,07/08/2018,
ZA-00027520,ZAC0004219,26/07/2018 12:24,COMPLETE,27/07/2018 19:42,08/08/2018 13:07,30/07/2018,
ZA-00027521,ZAC0011845,26/07/2018 10:14,COMPLETE,29/07/2018 07:23,31/07/2018 18:41,01/08/2018,
ZA-00027522,ZAC0022321,26/07/2018 13:27,COMPLETE,27/07/2018 18:06,31/07/2018 21:10,01/08/2018,
ZA-00027523,ZAC0006958,26/07/2018 17:14,COMPLETE,30/07/2018 02:41,31/07/2018 05:40,06/08/2018,FREESHIP
ZA-00027524,ZAC0002495,26/07/2018 17:40,CANCELLED,,,,
ZA-00027525,ZAC0008270,26/07/2018 19:46,COMPLETE,27/07/2018 05:43,30/07/2018 22:21,03/08/2018,
ZA-00027526,ZAC0003213,26/07/2018 10:35,COMPLETE,29/07/2018 12:43,02/08/2018 19:13,02/08/2018,
ZA-00027527,ZAC0023038,26/07/2018 21:32,RETURNED,30/07/2018 09:54,01/08/2018 00:52,03/08/2018,
ZA-00027528,ZAC0023126,26/07/2018 13:43,COMPLETE,29/07/2018 21:04,31/07/2018 17:44,01/08/2018,FREESHIP
ZA-00027529,ZAC0021813,26/07/2018 19:29,DISPATCHED,28/07/2018 04:32,,31/07/2018,WINTER15
ZA-00027530,ZAC0005163,26/07/2018 12:03,COMPLETE,02/08/2018 16:18,06/08/2018 02:03,05/08/2018,
ZA-00027531,ZAC0007033,26/07/2018 21:15,COMPLETE,27/07/2018 18:21,31/07/2018 09:58,31/07/2018,WELCOME10
ZA-00027532,ZAC0010429,26/07/2018 12:46,COMPLETE,27/07/2018 11:54,09/08/2018 02:49,31/07/2018,BULK20
ZA-00027533,ZAC0021307,26/07/2018 12:08,COMPLETE,28/07/2018 10:49,31/07/2018 05:24,01/08/2018,FREESHIP
ZA-00027534,ZAC0019513,26/07/2018 08:22,COMPLETE,28/07/2018 17:43,29/07/2018 04:06,02/08/2018,
ZA-00027535,ZAC0011467,26/07/2018 11:17,COMPLETE,26/07/2018 17:00,02/08/2018 23:05,31/07/2018,
ZA-00027536,ZAC0007398,26/07/2018 18:59,COMPLETE,29/07/2018 04:55,02/08/2018 18:52,05/08/2018,
ZA-00027537,ZAC0012047,26/07/2018 17:04,COMPLETE,27/07/2018 05:06,29/07/2018 10:13,01/08/2018,
ZA-00027538,ZAC0003090,26/07/2018 13:15,COMPLETE,28/07/2018 23:43,02/08/2018 16:22,01/08/2018,FLASH25
ZA-00027539,ZAC0021309,26/07/2018 12:32,COMPLETE,30/07/2018 00:17,07/08/2018 14:00,02/08/2018,
ZA-00027540,ZAC0009325,26/07/2018 21:45,COMPLETE,31/07/2018 06:31,08/08/2018 10:11,04/08/2018,
ZA-00027541,ZAC0013120,26/07/2018 16:19,COMPLETE,28/07/2018 18:07,31/07/2018 21:04,01/08/2018,
ZA-00027542,ZAC0006531,26/07/2018 13:29,COMPLETE,30/07/2018 15:29,08/08/2018 07:16,04/08/2018,
ZA-00027543,ZAC0013594,26/07/2018 14:40,COMPLETE,27/07/2018 11:16,01/08/2018 15:50,01/08/2018,
ZA-00027544,ZAC0003597,26/07/2018 09:37,COMPLETE,28/07/2018 14:06,07/08/2018 08:09,31/07/2018,
ZA-00027545,ZAC0020335,26/07/2018 08:11,PENDING,,,,
ZA-00027546,ZAC0007202,26/07/2018 17:22,COMPLETE,29/07/2018 03:48,02/08/2018 15:46,05/08/2018,
ZA-00027547,ZAC0010909,26/07/2018 06:27,COMPLETE,27/07/2018 11:55,01/08/2018 19:46,03/08/2018,
ZA-00027548,ZAC0000766,26/07/2018 17:55,CANCELLED,,,,
ZA-00027549,ZAC0010104,26/07/2018 21:58,COMPLETE,29/07/2018 12:34,31/07/2018 12:17,02/08/2018,
ZA-00027550,ZAC0006387,26/07/2018 20:41,COMPLETE,31/07/2018 12:44,07/08/2018 20:44,04/08/2018,
ZA-00027551,ZAC0015646,26/07/2018 15:26,COMPLETE,28/07/2018 10:40,04/08/2018 07:43,31/07/2018,
ZA-00027552,ZAC0000830,26/07/2018 14:36,COMPLETE,27/07/2018 23:23,31/07/2018 17:24,31/07/2018,
ZA-00027553,ZAC0005265,26/07/2018 21:56,COMPLETE,01/08/2018 16:35,10/08/2018 14:52,04/08/2018,
ZA-00027554,ZAC0012408,26/07/2018 17:23,COMPLETE,29/07/2018 22:55,05/08/2018 07:34,02/08/2018,
ZA-00027555,ZAC0006905,26/07/2018 06:58,COMPLETE,26/07/2018 15:31,29/07/2018 17:45,31/07/2018,
ZA-00027556,ZAC0013336,26/07/2018 11:02,DISPATCHED,27/07/2018 15:58,,06/08/2018,
ZA-00027557,ZAC0000390,26/07/2018 20:02,COMPLETE,29/07/2018 19:39,06/08/2018 13:50,01/08/2018,
ZA-00027558,ZAC0006266,26/07/2018 09:03,COMPLETE,28/07/2018 13:38,29/07/2018 23:06,01/08/2018,
ZA-00027559,ZAC0021265,26/07/2018 20:08,COMPLETE,30/07/2018 17:47,02/08/2018 17:23,02/08/2018,
ZA-00027560,ZAC0004449,26/07/2018 07:35,COMPLETE,28/07/2018 10:37,30/07/2018 06:18,31/07/2018,
ZA-00027561,ZAC0000700,26/07/2018 15:20,DISPATCHED,28/07/2018 06:35,,31/07/2018,BULK20
ZA-00027562,ZAC0016022,26/07/2018 21:07,COMPLETE,27/07/2018 17:00,31/07/2018 18:20,01/08/2018,
ZA-00027563,ZAC0023763,26/07/2018 06:13,COMPLETE,27/07/2018 02:56,02/08/2018 08:18,31/07/2018,LOYAL5
ZA-00027564,ZAC0016529,26/07/2018 22:28,COMPLETE,27/07/2018 13:41,31/07/2018 09:08,31/07/2018,
ZA-00027565,ZAC0015891,26/07/2018 17:48,COMPLETE,28/07/2018 05:40,02/08/2018 20:24,02/08/2018,
ZA-00027566,ZAC0015902,26/07/2018 14:03,COMPLETE,29/07/2018 02:36,10/08/2018 04:05,03/08/2018,
ZA-00027567,ZAC0007692,26/07/2018 17:18,COMPLETE,28/07/2018 00:52,01/08/2018 06:47,31/07/2018,BULK20
ZA-00027568,ZAC0007118,26/07/2018 16:55,COMPLETE,27/07/2018 07:19,02/08/2018 03:33,01/08/2018,
ZA-00027569,ZAC0000762,26/07/2018 22:23,COMPLETE,27/07/2018 22:55,29/07/2018 07:56,31/07/2018,
ZA-00027570,ZAC0005658,26/07/2018 09:14,COMPLETE,28/07/2018 09:14,02/08/2018 00:23,02/08/2018,
ZA-00027571,ZAC0014433,26/07/2018 12:16,COMPLETE,28/07/2018 10:27,31/07/2018 06:06,01/08/2018,
ZA-00027572,ZAC0022240,26/07/2018 15:53,COMPLETE,28/07/2018 06:46,30/07/2018 06:59,07/08/2018,
ZA-00027573,ZAC0001224,26/07/2018 21:17,RETURNED,31/07/2018 22:17,06/08/2018 15:43,05/08/2018,
ZA-00027574,ZAC0000141,26/07/2018 09:46,COMPLETE,30/07/2018 13:41,02/08/2018 10:55,02/08/2018,
ZA-00027575,ZAC0022452,26/07/2018 17:09,COMPLETE,29/07/2018 13:09,04/08/2018 15:40,05/08/2018,
ZA-00027576,ZAC0020772,26/07/2018 15:09,COMPLETE,27/07/2018 10:31,30/07/2018 03:02,31/07/2018,
ZA-00027577,ZAC0000812,26/07/2018 11:54,COMPLETE,28/07/2018 14:25,01/08/2018 05:44,31/07/2018,
ZA-00027578,ZAC0003846,26/07/2018 16:14,COMPLETE,29/07/2018 07:10,02/08/2018 15:01,05/08/2018,
ZA-00027579,ZAC0008700,26/07/2018 20:44,COMPLETE,30/07/2018 11:18,04/08/2018 16:40,04/08/2018,
ZA-00027580,ZAC0004800,26/07/2018 17:04,COMPLETE,29/07/2018 00:21,03/08/2018 13:44,03/08/2018,
ZA-00027581,ZAC0011441,26/07/2018 19:13,CANCELLED,,,,
ZA-00027582,ZAC0012047,26/07/2018 22:39,COMPLETE,28/07/2018 07:32,10/08/2018 04:51,04/08/2018,
ZA-00027583,ZAC0008979,26/07/2018 16:32,COMPLETE,27/07/2018 22:14,28/07/2018 12:55,01/08/2018,LOYAL5
ZA-00027584,ZAC0020728,26/07/2018 10:58,COMPLETE,27/07/2018 23:31,01/08/2018 12:50,03/08/2018,
ZA-00027585,ZAC0004262,26/07/2018 13:41,COMPLETE,27/07/2018 15:44,30/07/2018 14:22,01/08/2018,
ZA-00027586,ZAC0011845,26/07/2018 11:07,COMPLETE,30/07/2018 16:08,05/08/2018 12:43,04/08/2018,
ZA-00027587,ZAC0019991,26/07/2018 07:23,COMPLETE,27/07/2018 10:32,30/07/2018 22:31,30/07/2018,
ZA-00027588,ZAC0018571,26/07/2018 13:40,COMPLETE,27/07/2018 04:36,29/07/2018 09:33,03/08/2018,
ZA-00027589,ZAC0017587,26/07/2018 14:31,COMPLETE,28/07/2018 01:50,05/08/2018 16:23,02/08/2018,
ZA-00027590,ZAC0005101,26/07/2018 18:55,COMPLETE,28/07/2018 10:49,06/08/2018 13:09,01/08/2018,
ZA-00027591,ZAC0020790,26/07/2018 17:15,COMPLETE,29/07/2018 15:04,05/08/2018 06:25,05/08/2018,
ZA-00027592,ZAC0015792,26/07/2018 09:58,COMPLETE,27/07/2018 16:58,30/07/2018 16:11,01/08/2018,WINTER15
ZA-00027593,ZAC0017192,26/07/2018 19:15,COMPLETE,26/07/2018 22:43,27/07/2018 22:07,29/07/2018,
ZA-00027594,ZAC0022579,26/07/2018 13:59,COMPLETE,27/07/2018 07:13,31/07/2018 12:44,31/07/2018,
ZA-00027595,ZAC0005332,26/07/2018 12:05,COMPLETE,27/07/2018 22:30,02/08/2018 01:52,06/08/2018,
ZA-00027596,ZAC0013767,26/07/2018 21:15,COMPLETE,29/07/2018 00:56,30/07/2018 12:49,03/08/2018,
ZA-00027597,ZAC0020890,26/07/2018 08:34,COMPLETE,30/07/2018 22:57,12/08/2018 04:49,04/08/2018,
ZA-00027598,ZAC0003956,26/07/2018 14:59,COMPLETE,30/07/2018 12:44,03/08/2018 16:21,03/08/2018,
ZA-00027599,ZAC0001561,26/07/2018 18:54,PENDING,,,,
ZA-00027600,ZAC0007063,26/07/2018 14:41,COMPLETE,27/07/2018 16:46,04/08/2018 12:14,01/08/2018,
ZA-00027601,ZAC0020881,26/07/2018 19:14,COMPLETE,28/07/2018 14:35,05/08/2018 03:52,01/08/2018,FREESHIP
ZA-00027602,ZAC0000912,26/07/2018 07:53,COMPLETE,29/07/2018 23:41,31/07/2018 02:50,01/08/2018,
ZA-00027603,ZAC0001138,27/07/2018 20:42,COMPLETE,31/07/2018 20:40,05/08/2018 01:39,04/08/2018,
ZA-00027604,ZAC0021638,27/07/2018 14:57,COMPLETE,29/07/2018 13:39,06/08/2018 00:40,02/08/2018,
ZA-00027605,ZAC0006231,27/07/2018 21:05,CANCELLED,,,,WELCOME10
ZA-00027606,ZAC0010493,27/07/2018 22:46,COMPLETE,29/07/2018 10:37,02/08/2018 21:30,01/08/2018,
ZA-00027607,ZAC0009123,27/07/2018 09:44,COMPLETE,28/07/2018 09:54,30/07/2018 07:46,04/08/2018,
ZA-00027608,ZAC0011113,27/07/2018 08:37,COMPLETE,29/07/2018 01:10,02/08/2018 17:25,03/08/2018,LOYAL5
ZA-00027609,ZAC0005303,27/07/2018 14:16,DISPATCHED,29/07/2018 14:12,,03/08/2018,BULK20
ZA-00027610,ZAC0019691,27/07/2018 14:32,COMPLETE,01/08/2018 07:16,10/08/2018 21:34,06/08/2018,
ZA-00027611,ZAC0022251,27/07/2018 22:24,COMPLETE,28/07/2018 04:46,29/07/2018 09:40,01/08/2018,
ZA-00027612,ZAC0017666,27/07/2018 17:58,COMPLETE,30/07/2018 11:51,05/08/2018 13:01,06/08/2018,
ZA-00027613,ZAC0005984,27/07/2018 11:12,COMPLETE,29/07/2018 19:20,04/08/2018 23:38,03/08/2018,
ZA-00027614,ZAC0016390,27/07/2018 11:38,COMPLETE,29/07/2018 12:52,09/08/2018 02:48,03/08/2018,BULK20
ZA-00027615,ZAC0019489,27/07/2018 19:52,COMPLETE,28/07/2018 23:53,01/08/2018 00:58,01/08/2018,LOYAL5
ZA-00027616,ZAC0022848,27/07/2018 22:51,RETURNED,31/07/2018 07:35,05/08/2018 03:40,04/08/2018,
ZA-00027617,ZAC0017230,27/07/2018 11:48,COMPLETE,30/07/2018 07:36,31/07/2018 12:41,03/08/2018,
ZA-00027618,ZAC0015996,27/07/2018 08:25,COMPLETE,27/07/2018 21:10,31/07/2018 21:30,06/08/2018,
ZA-00027619,ZAC0000363,27/07/2018 22:41,COMPLETE,28/07/2018 13:45,01/08/2018 11:54,04/08/2018,LOYAL5
ZA-00027620,ZAC0011972,27/07/2018 08:58,COMPLETE,29/07/2018 05:48,02/08/2018 08:43,01/08/2018,
ZA-00027621,ZAC0001310,27/07/2018 16:58,COMPLETE,29/07/2018 11:47,07/08/2018 23:18,05/08/2018,
ZA-00027622,ZAC0018656,27/07/2018 20:58,COMPLETE,30/07/2018 15:46,02/08/2018 14:06,06/08/2018,LOYAL5
ZA-00027623,ZAC0007668,27/07/2018 13:40,COMPLETE,30/07/2018 13:40,01/08/2018 23:40,02/08/2018,
ZA-00027624,ZAC0004022,27/07/2018 11:23,COMPLETE,01/08/2018 04:18,01/08/2018 17:03,11/08/2018,
ZA-00027625,ZAC0010427,27/07/2018 14:45,COMPLETE,31/07/2018 07:10,01/08/2018 20:22,04/08/2018,
ZA-00027626,ZAC0006774,27/07/2018 13:18,COMPLETE,30/07/2018 04:22,02/08/2018 13:55,03/08/2018,
ZA-00027627,ZAC0023434,27/07/2018 19:58,COMPLETE,29/07/2018 08:26,01/08/2018 19:26,05/08/2018,
ZA-00027628,ZAC0010885,27/07/2018 18:44,COMPLETE,28/07/2018 17:05,01/08/2018 00:34,04/08/2018,
ZA-00027629,ZAC0001613,27/07/2018 13:27,COMPLETE,31/07/2018 03:31,04/08/2018 01:37,03/08/2018,
ZA-00027630,ZAC0000408,27/07/2018 14:21,COMPLETE,28/07/2018 04:14,28/07/2018 23:10,01/08/2018,
ZA-00027631,ZAC0021646,27/07/2018 07:26,COMPLETE,06/08/2018 12:51,07/08/2018 04:57,13/08/2018,
ZA-00027632,ZAC0009918,27/07/2018 13:14,COMPLETE,29/07/2018 20:49,05/08/2018 22:46,05/08/2018,
ZA-00027633,ZAC0012318,27/07/2018 11:30,COMPLETE,30/07/2018 18:48,05/08/2018 13:53,09/08/2018,WELCOME10
ZA-00027634,ZAC0012721,27/07/2018 08:48,COMPLETE,30/07/2018 02:09,03/08/2018 08:11,04/08/2018,
ZA-00027635,ZAC0015055,27/07/2018 11:40,COMPLETE,28/07/2018 00:26,01/08/2018 18:39,04/08/2018,FREESHIP
ZA-00027636,ZAC0013651,27/07/2018 20:50,COMPLETE,28/07/2018 06:51,02/08/2018 10:58,31/07/2018,
ZA-00027637,ZAC0008346,27/07/2018 08:51,COMPLETE,28/07/2018 04:54,03/08/2018 23:17,01/08/2018,
ZA-00027638,ZAC0011856,27/07/2018 22:07,COMPLETE,29/07/2018 11:07,06/08/2018 17:37,02/08/2018,
ZA-00027639,ZAC0007989,27/07/2018 06:45,CANCELLED,,,,
ZA-00027640,ZAC0013359,27/07/2018 11:04,COMPLETE,29/07/2018 05:07,29/07/2018 17:45,05/08/2018,
ZA-00027641,ZAC0013549,27/07/2018 20:12,COMPLETE,30/07/2018 18:50,04/08/2018 21:48,02/08/2018,
ZA-00027642,ZAC0004091,27/07/2018 06:49,COMPLETE,29/07/2018 02:33,06/08/2018 19:01,01/08/2018,
ZA-00027643,ZAC0006786,27/07/2018 09:52,COMPLETE,30/07/2018 09:08,02/08/2018 12:27,03/08/2018,
ZA-00027644,ZAC0020699,27/07/2018 21:08,COMPLETE,03/08/2018 03:07,10/08/2018 15:04,06/08/2018,
ZA-00027645,ZAC0000097,27/07/2018 15:56,COMPLETE,29/07/2018 14:28,04/08/2018 22:19,03/08/2018,
ZA-00027646,ZAC0008206,27/07/2018 14:44,COMPLETE,01/08/2018 16:02,05/08/2018 10:22,05/08/2018,
ZA-00027647,ZAC0004215,27/07/2018 15:36,COMPLETE,28/07/2018 17:34,30/07/2018 02:29,04/08/2018,
ZA-00027648,ZAC0003913,27/07/2018 10:00,COMPLETE,28/07/2018 02:12,29/07/2018 22:21,01/08/2018,
ZA-00027649,ZAC0015193,27/07/2018 19:29,COMPLETE,28/07/2018 10:14,29/07/2018 17:45,01/08/2018,
ZA-00027650,ZAC0005373,27/07/2018 18:34,COMPLETE,28/07/2018 17:15,02/08/2018 20:55,04/08/2018,WINTER15
ZA-00027651,ZAC0021334,27/07/2018 16:55,COMPLETE,30/07/2018 14:22,02/08/2018 00:16,06/08/2018,WELCOME10
ZA-00027652,ZAC0000175,27/07/2018 14:43,COMPLETE,30/07/2018 03:49,08/08/2018 07:03,02/08/2018,
ZA-00027653,ZAC0011106,27/07/2018 22:09,COMPLETE,28/07/2018 03:30,03/08/2018 00:39,07/08/2018,
ZA-00027654,ZAC0021098,27/07/2018 21:46,COMPLETE,30/07/2018 21:59,05/08/2018 14:41,02/08/2018,
ZA-00027655,ZAC0011882,27/07/2018 22:39,COMPLETE,29/07/2018 07:14,16/08/2018 10:40,02/08/2018,FREESHIP
ZA-00027656,ZAC0013580,27/07/2018 18:15,COMPLETE,30/07/2018 02:53,04/08/2018 02:12,04/08/2018,
ZA-00027657,ZAC0022347,27/07/2018 15:53,COMPLETE,29/07/2018 10:59,05/08/2018 03:24,01/08/2018,FLASH25
ZA-00027658,ZAC0021533,27/07/2018 22:50,COMPLETE,31/07/2018 15:35,07/08/2018 18:48,05/08/2018,
ZA-00027659,ZAC0009194,27/07/2018 07:46,COMPLETE,28/07/2018 00:22,29/07/2018 09:39,31/07/2018,
ZA-00027660,ZAC0005132,27/07/2018 14:26,COMPLETE,01/08/2018 10:36,07/08/2018 11:44,06/08/2018,LOYAL5
ZA-00027661,ZAC0011574,27/07/2018 15:09,CANCELLED,,,,
ZA-00027662,ZAC0008277,27/07/2018 15:31,COMPLETE,02/08/2018 14:35,10/08/2018 09:51,06/08/2018,
ZA-00027663,ZAC0019011,27/07/2018 11:51,COMPLETE,30/07/2018 14:36,01/08/2018 20:28,02/08/2018,
ZA-00027664,ZAC0003807,27/07/2018 16:40,COMPLETE,27/07/2018 22:11,02/08/2018 06:40,03/08/2018,BULK20
ZA-00027665,ZAC0022579,27/07/2018 14:38,COMPLETE,30/07/2018 14:04,05/08/2018 20:02,04/08/2018,WELCOME10
ZA-00027666,ZAC0004285,27/07/2018 18:00,COMPLETE,28/07/2018 10:50,01/08/2018 16:56,01/08/2018,
ZA-00027667,ZAC0009528,27/07/2018 14:54,COMPLETE,01/08/2018 08:54,07/08/2018 15:40,11/08/2018,
ZA-00027668,ZAC0014355,27/07/2018 16:40,COMPLETE,29/07/2018 02:05,02/08/2018 04:17,03/08/2018,
ZA-00027669,ZAC0005465,27/07/2018 10:18,COMPLETE,07/08/2018 02:24,14/08/2018 12:58,12/08/2018,
ZA-00027670,ZAC0019673,27/07/2018 15:53,COMPLETE,29/07/2018 09:38,03/08/2018 22:52,08/08/2018,
ZA-00027671,ZAC0002829,27/07/2018 11:17,COMPLETE,29/07/2018 18:04,08/08/2018 06:35,02/08/2018,
ZA-00027672,ZAC0017002,27/07/2018 17:51,COMPLETE,29/07/2018 12:51,04/08/2018 00:39,03/08/2018,
ZA-00027673,ZAC0013175,27/07/2018 17:10,COMPLETE,30/07/2018 06:30,31/07/2018 08:07,06/08/2018,FLASH25
ZA-00027674,ZAC0002217,27/07/2018 20:04,COMPLETE,30/07/2018 07:59,04/08/2018 06:56,03/08/2018,WINTER15
ZA-00027675,ZAC0003518,27/07/2018 06:00,COMPLETE,29/07/2018 06:45,01/08/2018 22:21,08/08/2018,WINTER15
ZA-00027676,ZAC0023361,27/07/2018 18:13,COMPLETE,31/07/2018 05:10,02/08/2018 23:55,04/08/2018,
ZA-00027677,ZAC0001824,27/07/2018 14:47,COMPLETE,29/07/2018 06:24,01/08/2018 18:48,03/08/2018,
ZA-00027678,ZAC0011526,27/07/2018 16:03,COMPLETE,28/07/2018 02:22,31/07/2018 00:05,04/08/2018,
ZA-00027679,ZAC0017538,27/07/2018 20:46,COMPLETE,29/07/2018 03:32,30/07/2018 18:54,05/08/2018,
ZA-00027680,ZAC0009481,28/07/2018 18:33,COMPLETE,02/08/2018 10:18,08/08/2018 00:54,06/08/2018,
ZA-00027681,ZAC0023734,28/07/2018 21:23,COMPLETE,31/07/2018 08:46,08/08/2018 00:49,03/08/2018,
ZA-00027682,ZAC0010307,28/07/2018 18:59,COMPLETE,01/08/2018 15:00,10/08/2018 04:23,08/08/2018,WINTER15
ZA-00027683,ZAC0002077,28/07/2018 06:46,COMPLETE,29/07/2018 13:20,05/08/2018 23:46,01/08/2018,
ZA-00027684,ZAC0008500,28/07/2018 14:09,COMPLETE,30/07/2018 10:29,03/08/2018 20:17,03/08/2018,
ZA-00027685,ZAC0004913,28/07/2018 10:12,COMPLETE,31/07/2018 00:31,01/08/2018 06:15,10/08/2018,
ZA-00027686,ZAC0009596,28/07/2018 18:02,COMPLETE,02/08/2018 02:10,09/08/2018 03:32,07/08/2018,
ZA-00027687,ZAC0021527,28/07/2018 08:24,COMPLETE,29/07/2018 17:36,03/08/2018 16:45,05/08/2018,LOYAL5
ZA-00027688,ZAC0013165,28/07/2018 07:52,CANCELLED,,,,
ZA-00027689,ZAC0022606,28/07/2018 19:47,COMPLETE,29/07/2018 00:42,03/08/2018 18:53,03/08/2018,
ZA-00027690,ZAC0016274,28/07/2018 17:14,COMPLETE,29/07/2018 04:53,01/08/2018 01:17,02/08/2018,
ZA-00027691,ZAC0017175,28/07/2018 20:10,DISPATCHED,31/07/2018 06:12,,10/08/2018,
ZA-00027692,ZAC0010318,28/07/2018 14:54,COMPLETE,31/07/2018 06:02,06/08/2018 15:23,07/08/2018,
ZA-00027693,ZAC0001763,28/07/2018 09:28,COMPLETE,02/08/2018 18:06,10/08/2018 15:32,07/08/2018,FLASH25
ZA-00027694,ZAC0013979,28/07/2018 17:05,COMPLETE,29/07/2018 06:36,31/07/2018 03:48,03/08/2018,WINTER15
ZA-00027695,ZAC0004598,28/07/2018 13:41,COMPLETE,02/08/2018 08:23,13/08/2018 04:36,06/08/2018,
ZA-00027696,ZAC0000754,28/07/2018 11:11,COMPLETE,29/07/2018 07:03,03/08/2018 16:57,02/08/2018,
ZA-00027697,ZAC0014516,28/07/2018 06:29,COMPLETE,29/07/2018 16:17,03/08/2018 01:02,01/08/2018,
ZA-00027698,ZAC0020849,28/07/2018 15:55,COMPLETE,30/07/2018 14:49,03/08/2018 21:43,02/08/2018,
ZA-00027699,ZAC0008505,28/07/2018 18:05,COMPLETE,29/07/2018 13:33,04/08/2018 23:30,01/08/2018,
ZA-00027700,ZAC0007367,28/07/2018 16:59,COMPLETE,31/07/2018 08:28,03/08/2018 14:46,07/08/2018,BULK20
ZA-00027701,ZAC0003767,28/07/2018 16:57,COMPLETE,01/08/2018 06:53,05/08/2018 08:00,05/08/2018,
ZA-00027702,ZAC0022107,28/07/2018 07:58,COMPLETE,29/07/2018 01:11,02/08/2018 23:06,02/08/2018,BULK20
ZA-00027703,ZAC0008420,28/07/2018 15:44,COMPLETE,31/07/2018 07:54,02/08/2018 13:36,07/08/2018,WINTER15
ZA-00027704,ZAC0000292,28/07/2018 14:46,COMPLETE,30/07/2018 02:53,01/08/2018 18:50,02/08/2018,
ZA-00027705,ZAC0004351,28/07/2018 13:53,COMPLETE,01/08/2018 05:17,05/08/2018 13:23,05/08/2018,
ZA-00027706,ZAC0006372,28/07/2018 12:08,COMPLETE,31/07/2018 18:14,04/08/2018 07:30,10/08/2018,
ZA-00027707,ZAC0012029,28/07/2018 13:21,COMPLETE,01/08/2018 01:47,12/08/2018 03:25,06/08/2018,
ZA-00027708,ZAC0023269,28/07/2018 08:39,COMPLETE,29/07/2018 16:39,30/07/2018 13:24,02/08/2018,
ZA-00027709,ZAC0017927,28/07/2018 18:31,COMPLETE,04/08/2018 16:02,20/08/2018 22:56,09/08/2018,
ZA-00027710,ZAC0018662,28/07/2018 21:58,COMPLETE,29/07/2018 12:39,01/08/2018 16:57,01/08/2018,
ZA-00027711,ZAC0018592,28/07/2018 17:14,COMPLETE,29/07/2018 14:26,01/08/2018 20:24,05/08/2018,
ZA-00027712,ZAC0004557,28/07/2018 17:13,COMPLETE,31/07/2018 01:43,04/08/2018 14:17,10/08/2018,
ZA-00027713,ZAC0019283,28/07/2018 15:07,COMPLETE,29/07/2018 04:56,31/07/2018 18:16,05/08/2018,
ZA-00027714,ZAC0005554,28/07/2018 11:09,COMPLETE,30/07/2018 07:37,01/08/2018 23:04,03/08/2018,
ZA-00027715,ZAC0020099,28/07/2018 22:10,COMPLETE,30/07/2018 00:19,05/08/2018 22:56,03/08/2018,
ZA-00027716,ZAC0012633,28/07/2018 16:18,COMPLETE,30/07/2018 13:04,05/08/2018 00:03,06/08/2018,
ZA-00027717,ZAC0003146,28/07/2018 11:09,COMPLETE,02/08/2018 05:23,03/08/2018 19:01,07/08/2018,
ZA-00027718,ZAC0006153,28/07/2018 13:36,COMPLETE,31/07/2018 23:43,06/08/2018 10:20,07/08/2018,
ZA-00027719,ZAC0002584,28/07/2018 20:25,COMPLETE,29/07/2018 17:09,08/08/2018 01:48,05/08/2018,
ZA-00027720,ZAC0023163,28/07/2018 22:50,COMPLETE,29/07/2018 09:55,01/08/2018 06:27,05/08/2018,
ZA-00027721,ZAC0017508,28/07/2018 09:31,COMPLETE,29/07/2018 10:30,01/08/2018 12:30,02/08/2018,
ZA-00027722,ZAC0010784,28/07/2018 12:41,COMPLETE,30/07/2018 05:08,31/07/2018 04:13,09/08/2018,
ZA-00027723,ZAC0014281,28/07/2018 12:30,COMPLETE,31/07/2018 00:38,08/08/2018 13:57,04/08/2018,
ZA-00027724,ZAC0022505,28/07/2018 13:33,DISPATCHED,29/07/2018 20:42,,02/08/2018,
ZA-00027725,ZAC0012555,28/07/2018 20:14,COMPLETE,30/07/2018 09:37,12/08/2018 19:39,06/08/2018,
ZA-00027726,ZAC0018896,28/07/2018 08:15,COMPLETE,30/07/2018 08:06,06/08/2018 06:24,03/08/2018,
ZA-00027727,ZAC0012032,28/07/2018 09:19,COMPLETE,29/07/2018 04:23,11/08/2018 07:16,08/08/2018,FLASH25
ZA-00027728,ZAC0000415,28/07/2018 22:39,COMPLETE,30/07/2018 12:38,01/08/2018 22:18,03/08/2018,
ZA-00027729,ZAC0002127,28/07/2018 11:59,COMPLETE,31/07/2018 20:54,05/08/2018 18:04,05/08/2018,
ZA-00027730,ZAC0008639,28/07/2018 06:46,PENDING,,,,
ZA-00027731,ZAC0020197,28/07/2018 19:49,COMPLETE,01/08/2018 20:21,05/08/2018 19:25,04/08/2018,
ZA-00027732,ZAC0018109,28/07/2018 07:21,COMPLETE,28/07/2018 14:38,01/08/2018 18:08,31/07/2018,
ZA-00027733,ZAC0004160,28/07/2018 21:08,COMPLETE,30/07/2018 14:59,03/08/2018 01:06,03/08/2018,
ZA-00027734,ZAC0017569,28/07/2018 22:13,COMPLETE,30/07/2018 02:39,04/08/2018 03:07,02/08/2018,
ZA-00027735,ZAC0007962,28/07/2018 22:01,COMPLETE,30/07/2018 17:19,08/08/2018 08:07,02/08/2018,
ZA-00027736,ZAC0019628,28/07/2018 16:12,COMPLETE,31/07/2018 12:59,02/08/2018 07:06,04/08/2018,
ZA-00027737,ZAC0011650,28/07/2018 20:46,CANCELLED,,,,
ZA-00027738,ZAC0008991,28/07/2018 10:06,COMPLETE,28/07/2018 21:27,01/08/2018 11:44,04/08/2018,
ZA-00027739,ZAC0009466,28/07/2018 07:27,CANCELLED,,,,
ZA-00027740,ZAC0015463,28/07/2018 14:26,COMPLETE,30/07/2018 10:19,02/08/2018 18:18,02/08/2018,
ZA-00027741,ZAC0011334,28/07/2018 19:13,COMPLETE,01/08/2018 09:27,11/08/2018 15:45,05/08/2018,
ZA-00027742,ZAC0022874,28/07/2018 19:29,RETURNED,30/07/2018 10:03,02/08/2018 08:45,03/08/2018,
ZA-00027743,ZAC0001116,28/07/2018 07:35,COMPLETE,30/07/2018 18:51,05/08/2018 12:57,02/08/2018,LOYAL5
ZA-00027744,ZAC0004706,28/07/2018 18:01,COMPLETE,29/07/2018 22:29,05/08/2018 09:43,03/08/2018,
ZA-00027745,ZAC0023370,28/07/2018 15:58,COMPLETE,29/07/2018 14:42,03/08/2018 20:45,03/08/2018,
ZA-00027746,ZAC0018242,28/07/2018 22:59,COMPLETE,30/07/2018 02:05,01/08/2018 10:32,03/08/2018,
ZA-00027747,ZAC0006752,28/07/2018 21:10,COMPLETE,31/07/2018 02:32,05/08/2018 23:35,03/08/2018,
ZA-00027748,ZAC0000624,28/07/2018 18:22,COMPLETE,28/07/2018 23:33,06/08/2018 14:56,01/08/2018,WINTER15
ZA-00027749,ZAC0007585,28/07/2018 09:45,COMPLETE,29/07/2018 14:46,30/07/2018 22:38,03/08/2018,
ZA-00027750,ZAC0020436,28/07/2018 07:16,COMPLETE,30/07/2018 02:41,05/08/2018 09:01,04/08/2018,
ZA-00027751,ZAC0007952,28/07/2018 18:37,COMPLETE,29/07/2018 23:28,06/08/2018 22:00,02/08/2018,
ZA-00027752,ZAC0020082,28/07/2018 21:15,COMPLETE,29/07/2018 00:01,05/08/2018 09:27,02/08/2018,
ZA-00027753,ZAC0021598,28/07/2018 16:13,COMPLETE,30/07/2018 17:35,03/08/2018 12:54,02/08/2018,
ZA-00027754,ZAC0004906,28/07/2018 06:24,COMPLETE,29/07/2018 20:31,01/08/2018 14:07,02/08/2018,
ZA-00027755,ZAC0008111,28/07/2018 06:51,COMPLETE,02/08/2018 06:04,10/08/2018 07:11,05/08/2018,
ZA-00027756,ZAC0019918,28/07/2018 09:36,COMPLETE,30/07/2018 10:17,01/08/2018 16:43,02/08/2018,
ZA-00027757,ZAC0022523,28/07/2018 14:22,COMPLETE,29/07/2018 02:38,31/07/2018 04:17,01/08/2018,
ZA-00027758,ZAC0007867,28/07/2018 14:00,COMPLETE,31/07/2018 21:30,04/08/2018 20:45,05/08/2018,
ZA-00027759,ZAC0022381,28/07/2018 19:19,COMPLETE,01/08/2018 06:09,02/08/2018 10:25,08/08/2018,
ZA-00027760,ZAC0009191,29/07/2018 06:03,COMPLETE,01/08/2018 12:52,09/08/2018 17:04,06/08/2018,WINTER15
ZA-00027761,ZAC0002856,29/07/2018 08:51,COMPLETE,01/08/2018 06:59,08/08/2018 05:47,06/08/2018,
ZA-00027762,ZAC0008401,29/07/2018 09:52,COMPLETE,30/07/2018 22:40,31/07/2018 12:28,09/08/2018,
ZA-00027763,ZAC0018264,29/07/2018 19:51,COMPLETE,30/07/2018 16:28,31/07/2018 23:15,04/08/2018,
ZA-00027764,ZAC0018318,29/07/2018 18:40,COMPLETE,02/08/2018 15:28,04/08/2018 20:08,06/08/2018,FLASH25
ZA-00027765,ZAC0005760,29/07/2018 15:47,COMPLETE,29/07/2018 20:54,30/07/2018 18:16,01/08/2018,
ZA-00027766,ZAC0000700,29/07/2018 08:21,COMPLETE,31/07/2018 22:25,03/08/2018 09:03,04/08/2018,
ZA-00027767,ZAC0015535,29/07/2018 09:25,COMPLETE,02/08/2018 00:28,03/08/2018 22:00,06/08/2018,BULK20
ZA-00027768,ZAC0017036,29/07/2018 07:24,COMPLETE,30/07/2018 02:51,03/08/2018 19:39,02/08/2018,FREESHIP
ZA-00027769,ZAC0005555,29/07/2018 12:29,COMPLETE,02/08/2018 16:52,07/08/2018 19:16,12/08/2018,
ZA-00027770,ZAC0006755,29/07/2018 12:03,COMPLETE,30/07/2018 05:05,01/08/2018 22:53,03/08/2018,
ZA-00027771,ZAC0019228,29/07/2018 11:30,COMPLETE,31/07/2018 02:12,09/08/2018 04:59,04/08/2018,
ZA-00027772,ZAC0008311,29/07/2018 18:51,CANCELLED,,,,
ZA-00027773,ZAC0002797,29/07/2018 11:55,COMPLETE,31/07/2018 22:04,02/08/2018 21:32,03/08/2018,
ZA-00027774,ZAC0011304,29/07/2018 06:50,COMPLETE,31/07/2018 18:23,03/08/2018 08:56,07/08/2018,
ZA-00027775,ZAC0022842,29/07/2018 09:17,COMPLETE,01/08/2018 03:10,08/08/2018 01:27,04/08/2018,
ZA-00027776,ZAC0014751,29/07/2018 22:42,COMPLETE,01/08/2018 04:44,03/08/2018 04:07,05/08/2018,
ZA-00027777,ZAC0023221,29/07/2018 17:49,COMPLETE,01/08/2018 22:33,02/08/2018 22:48,05/08/2018,WELCOME10
ZA-00027778,ZAC0021884,29/07/2018 14:58,COMPLETE,01/08/2018 17:46,05/08/2018 12:36,05/08/2018,
ZA-00027779,ZAC0023243,29/07/2018 10:56,COMPLETE,31/07/2018 00:59,02/08/2018 08:58,04/08/2018,
ZA-00027780,ZAC0008104,29/07/2018 11:56,COMPLETE,31/07/2018 05:35,04/08/2018 14:35,07/08/2018,
ZA-00027781,ZAC0018326,29/07/2018 14:35,COMPLETE,30/07/2018 07:36,03/08/2018 23:02,02/08/2018,
ZA-00027782,ZAC0004503,29/07/2018 13:11,COMPLETE,02/08/2018 01:09,06/08/2018 16:51,07/08/2018,LOYAL5
ZA-00027783,ZAC0009543,29/07/2018 18:00,COMPLETE,30/07/2018 05:54,02/08/2018 23:23,03/08/2018,
ZA-00027784,ZAC0009147,29/07/2018 16:47,COMPLETE,02/08/2018 10:24,09/08/2018 08:56,07/08/2018,
ZA-00027785,ZAC0021705,29/07/2018 18:00,COMPLETE,04/08/2018 07:03,06/08/2018 19:34,08/08/2018,
ZA-00027786,ZAC0022096,29/07/2018 16:51,RETURNED,31/07/2018 01:17,02/08/2018 01:36,07/08/2018,WELCOME10
ZA-00027787,ZAC0019193,29/07/2018 12:12,COMPLETE,30/07/2018 18:09,03/08/2018 04:38,03/08/2018,
ZA-00027788,ZAC0018127,29/07/2018 17:38,COMPLETE,31/07/2018 01:06,03/08/2018 20:29,04/08/2018,
ZA-00027789,ZAC0014492,29/07/2018 16:01,COMPLETE,30/07/2018 04:45,01/08/2018 17:06,02/08/2018,
ZA-00027790,ZAC0011962,29/07/2018 18:33,COMPLETE,05/08/2018 20:53,08/08/2018 23:47,10/08/2018,
ZA-00027791,ZAC0008347,29/07/2018 12:01,COMPLETE,01/08/2018 00:44,01/08/2018 02:57,05/08/2018,
ZA-00027792,ZAC0019654,29/07/2018 20:26,COMPLETE,31/07/2018 02:37,04/08/2018 22:49,04/08/2018,
ZA-00027793,ZAC0016705,29/07/2018 18:05,DISPATCHED,30/07/2018 17:02,,03/08/2018,BULK20
ZA-00027794,ZAC0009339,29/07/2018 15:18,CANCELLED,,,,
ZA-00027795,ZAC0009208,29/07/2018 14:54,COMPLETE,04/08/2018 11:40,11/08/2018 13:10,14/08/2018,
ZA-00027796,ZAC0021999,29/07/2018 13:15,COMPLETE,31/07/2018 11:46,02/08/2018 07:55,04/08/2018,
ZA-00027797,ZAC0009207,29/07/2018 20:28,COMPLETE,02/08/2018 03:08,06/08/2018 07:23,09/08/2018,
ZA-00027798,ZAC0004446,29/07/2018 08:54,DISPATCHED,29/07/2018 22:35,,08/08/2018,
ZA-00027799,ZAC0005446,29/07/2018 12:53,COMPLETE,30/07/2018 01:03,09/08/2018 16:52,02/08/2018,WINTER15
ZA-00027800,ZAC0004377,29/07/2018 11:39,COMPLETE,02/08/2018 23:11,17/08/2018 02:33,07/08/2018,
ZA-00027801,ZAC0000520,29/07/2018 11:21,COMPLETE,30/07/2018 00:16,06/08/2018 17:26,04/08/2018,
ZA-00027802,ZAC0013358,29/07/2018 11:28,COMPLETE,31/07/2018 21:50,02/08/2018 08:35,04/08/2018,
ZA-00027803,ZAC0003909,29/07/2018 15:28,COMPLETE,30/07/2018 14:10,06/08/2018 17:52,03/08/2018,
ZA-00027804,ZAC0005371,29/07/2018 17:39,COMPLETE,30/07/2018 05:53,04/08/2018 16:22,02/08/2018,
ZA-00027805,ZAC0000833,29/07/2018 09:49,CANCELLED,,,,WINTER15
ZA-00027806,ZAC0022044,29/07/2018 16:22,COMPLETE,31/07/2018 11:40,03/08/2018 18:46,07/08/2018,
ZA-00027807,ZAC0014765,29/07/2018 07:03,COMPLETE,03/08/2018 13:27,08/08/2018 07:35,13/08/2018,
ZA-00027808,ZAC0015079,29/07/2018 21:56,COMPLETE,01/08/2018 03:16,06/08/2018 16:28,11/08/2018,LOYAL5
ZA-00027809,ZAC0009534,29/07/2018 08:44,COMPLETE,30/07/2018 16:15,03/08/2018 02:07,06/08/2018,
ZA-00027810,ZAC0020707,29/07/2018 16:12,COMPLETE,01/08/2018 00:23,03/08/2018 08:29,05/08/2018,LOYAL5
ZA-00027811,ZAC0000674,29/07/2018 10:54,COMPLETE,04/08/2018 10:10,10/08/2018 17:47,08/08/2018,
ZA-00027812,ZAC0006429,29/07/2018 07:45,COMPLETE,31/07/2018 00:06,06/08/2018 11:22,04/08/2018,
ZA-00027813,ZAC0023076,29/07/2018 11:45,COMPLETE,29/07/2018 18:48,01/08/2018 16:38,02/08/2018,
ZA-00027814,ZAC0017483,29/07/2018 19:25,COMPLETE,02/08/2018 02:47,05/08/2018 22:06,12/08/2018,
ZA-00027815,ZAC0022565,29/07/2018 18:44,COMPLETE,30/07/2018 19:13,04/08/2018 06:38,04/08/2018,
ZA-00027816,ZAC0016655,29/07/2018 20:14,COMPLETE,02/08/2018 12:52,05/08/2018 07:07,05/08/2018,BULK20
ZA-00027817,ZAC0004851,29/07/2018 13:23,COMPLETE,02/08/2018 23:32,06/08/2018 19:02,06/08/2018,
ZA-00027818,ZAC0010112,29/07/2018 06:09,COMPLETE,29/07/2018 18:07,30/07/2018 16:45,05/08/2018,
ZA-00027819,ZAC0011380,29/07/2018 06:20,COMPLETE,29/07/2018 22:56,31/07/2018 13:48,02/08/2018,
ZA-00027820,ZAC0007482,29/07/2018 16:39,COMPLETE,30/07/2018 20:31,07/08/2018 16:48,02/08/2018,
ZA-00027821,ZAC0006095,29/07/2018 19:35,COMPLETE,30/07/2018 22:43,31/07/2018 14:34,04/08/2018,BULK20
ZA-00027822,ZAC0006315,29/07/2018 18:10,COMPLETE,02/08/2018 09:33,12/08/2018 05:44,05/08/2018,
ZA-00027823,ZAC0022042,29/07/2018 12:51,COMPLETE,03/08/2018 01:29,06/08/2018 21:09,06/08/2018,
ZA-00027824,ZAC0001373,29/07/2018 21:40,COMPLETE,31/07/2018 12:25,06/08/2018 11:38,10/08/2018,
ZA-00027825,ZAC0013800,29/07/2018 22:00,COMPLETE,30/07/2018 04:15,04/08/2018 00:01,03/08/2018,FREESHIP
ZA-00027826,ZAC0010068,29/07/2018 18:22,COMPLETE,02/08/2018 19:12,05/08/2018 17:05,06/08/2018,
ZA-00027827,ZAC0004018,29/07/2018 13:57,COMPLETE,30/07/2018 11:03,03/08/2018 01:14,03/08/2018,FREESHIP
ZA-00027828,ZAC0005462,29/07/2018 17:58,COMPLETE,03/08/2018 08:40,05/08/2018 20:44,06/08/2018,
ZA-00027829,ZAC0018013,29/07/2018 12:53,COMPLETE,31/07/2018 05:18,03/08/2018 16:24,04/08/2018,
ZA-00027830,ZAC0005077,29/07/2018 10:31,COMPLETE,31/07/2018 14:48,07/08/2018 19:18,07/08/2018,
ZA-00027831,ZAC0022064,29/07/2018 12:50,COMPLETE,30/07/2018 10:22,02/08/2018 01:48,06/08/2018,
ZA-00027832,ZAC0001871,29/07/2018 14:50,COMPLETE,29/07/2018 23:52,02/08/2018 23:34,02/08/2018,
ZA-00027833,ZAC0008846,29/07/2018 09:37,COMPLETE,30/07/2018 19:23,05/08/2018 17:08,06/08/2018,
ZA-00027834,ZAC0011952,29/07/2018 21:44,RETURNED,30/07/2018 17:04,06/08/2018 08:17,04/08/2018,LOYAL5
ZA-00027835,ZAC0017872,29/07/2018 08:21,COMPLETE,01/08/2018 22:02,05/08/2018 16:51,06/08/2018,BULK20
ZA-00027836,ZAC0005640,29/07/2018 07:15,COMPLETE,30/07/2018 22:51,03/08/2018 21:46,03/08/2018,
ZA-00027837,ZAC0001884,30/07/2018 12:05,COMPLETE,02/08/2018 19:27,04/08/2018 08:59,06/08/2018,
ZA-00027838,ZAC0011896,30/07/2018 19:17,COMPLETE,01/08/2018 21:00,05/08/2018 04:32,11/08/2018,
ZA-00027839,ZAC0003767,30/07/2018 10:30,COMPLETE,31/07/2018 22:39,04/08/2018 13:52,07/08/2018,
ZA-00027840,ZAC0019110,30/07/2018 11:56,COMPLETE,31/07/2018 12:42,08/08/2018 16:02,04/08/2018,
ZA-00027841,ZAC0017623,30/07/2018 14:01,COMPLETE,03/08/2018 12:39,06/08/2018 22:49,07/08/2018,
ZA-00027842,ZAC0016023,30/07/2018 17:00,COMPLETE,01/08/2018 02:27,06/08/2018 18:14,06/08/2018,
ZA-00027843,ZAC0021671,30/07/2018 07:39,COMPLETE,31/07/2018 15:08,07/08/2018 00:23,05/08/2018,FREESHIP
ZA-00027844,ZAC0003595,30/07/2018 16:27,COMPLETE,06/08/2018 18:27,12/08/2018 13:24,10/08/2018,
ZA-00027845,ZAC0019577,30/07/2018 15:03,COMPLETE,02/08/2018 06:46,09/08/2018 19:48,09/08/2018,
ZA-00027846,ZAC0003192,30/07/2018 15:56,COMPLETE,31/07/2018 22:34,02/08/2018 12:35,05/08/2018,FREESHIP
ZA-00027847,ZAC0003812,30/07/2018 11:36,COMPLETE,30/07/2018 14:47,08/08/2018 04:26,03/08/2018,FREESHIP
ZA-00027848,ZAC0021745,30/07/2018 09:50,DISPATCHED,31/07/2018 11:58,,05/08/2018,
ZA-00027849,ZAC0020466,30/07/2018 18:04,COMPLETE,31/07/2018 02:04,02/08/2018 18:08,03/08/2018,BULK20
ZA-00027850,ZAC0004667,30/07/2018 15:43,COMPLETE,31/07/2018 05:53,06/08/2018 10:09,07/08/2018,
ZA-00027851,ZAC0013267,30/07/2018 17:11,COMPLETE,31/07/2018 12:09,05/08/2018 18:00,04/08/2018,
ZA-00027852,ZAC0014477,30/07/2018 11:45,COMPLETE,03/08/2018 21:53,05/08/2018 15:33,06/08/2018,
ZA-00027853,ZAC0000551,30/07/2018 10:18,PENDING,,,,
ZA-00027854,ZAC0021870,30/07/2018 20:36,COMPLETE,01/08/2018 16:17,07/08/2018 21:26,08/08/2018,
ZA-00027855,ZAC0006388,30/07/2018 20:11,COMPLETE,02/08/2018 02:19,03/08/2018 12:56,06/08/2018,
ZA-00027856,ZAC0013501,30/07/2018 09:20,COMPLETE,01/08/2018 01:27,07/08/2018 01:57,05/08/2018,
ZA-00027857,ZAC0001752,30/07/2018 12:25,COMPLETE,30/07/2018 20:53,01/08/2018 18:11,04/08/2018,
ZA-00027858,ZAC0019390,30/07/2018 12:07,COMPLETE,31/07/2018 18:15,01/08/2018 11:42,04/08/2018,
ZA-00027859,ZAC0010224,30/07/2018 22:35,COMPLETE,01/08/2018 05:28,08/08/2018 15:54,06/08/2018,
ZA-00027860,ZAC0010656,30/07/2018 17:49,COMPLETE,31/07/2018 10:42,06/08/2018 02:31,05/08/2018,
ZA-00027861,ZAC0006924,30/07/2018 10:30,COMPLETE,03/08/2018 04:41,07/08/2018 13:30,08/08/2018,
ZA-00027862,ZAC0023122,30/07/2018 18:34,COMPLETE,31/07/2018 15:30,06/08/2018 09:04,04/08/2018,
ZA-00027863,ZAC0019930,30/07/2018 15:05,COMPLETE,01/08/2018 01:32,18/08/2018 01:16,05/08/2018,
ZA-00027864,ZAC0004493,30/07/2018 13:11,COMPLETE,31/07/2018 07:02,21/08/2018 16:31,03/08/2018,BULK20
ZA-00027865,ZAC0020033,30/07/2018 22:21,COMPLETE,02/08/2018 11:33,06/08/2018 12:33,06/08/2018,FLASH25
ZA-00027866,ZAC0004044,30/07/2018 10:10,DISPATCHED,31/07/2018 07:25,,04/08/2018,
ZA-00027867,ZAC0014533,30/07/2018 22:31,COMPLETE,01/08/2018 11:31,04/08/2018 13:52,05/08/2018,
ZA-00027868,ZAC0005276,30/07/2018 12:46,COMPLETE,31/07/2018 07:09,04/08/2018 22:24,04/08/2018,
ZA-00027869,ZAC0003343,30/07/2018 11:05,COMPLETE,01/08/2018 06:31,02/08/2018 06:48,11/08/2018,
ZA-00027870,ZAC0018389,30/07/2018 12:38,COMPLETE,06/08/2018 08:55,08/08/2018 05:45,13/08/2018,
ZA-00027871,ZAC0000196,30/07/2018 22:42,COMPLETE,02/08/2018 16:53,05/08/2018 18:54,09/08/2018,
ZA-00027872,ZAC0018853,30/07/2018 17:58,RETURNED,30/07/2018 20:40,03/08/2018 13:54,06/08/2018,
ZA-00027873,ZAC0017464,30/07/2018 20:55,COMPLETE,02/08/2018 22:10,09/08/2018 15:19,05/08/2018,
ZA-00027874,ZAC0004913,30/07/2018 07:36,CANCELLED,,,,
ZA-00027875,ZAC0009885,30/07/2018 21:26,COMPLETE,03/08/2018 00:36,06/08/2018 03:58,08/08/2018,
ZA-00027876,ZAC0013823,30/07/2018 10:38,COMPLETE,31/07/2018 15:52,04/08/2018 04:29,07/08/2018,
ZA-00027877,ZAC0004533,30/07/2018 12:24,COMPLETE,02/08/2018 03:35,13/08/2018 06:55,05/08/2018,
ZA-00027878,ZAC0008182,30/07/2018 22:11,COMPLETE,02/08/2018 21:00,05/08/2018 15:11,07/08/2018,BULK20
ZA-00027879,ZAC0021812,30/07/2018 10:00,COMPLETE,31/07/2018 11:11,09/08/2018 19:49,05/08/2018,
ZA-00027880,ZAC0019589,30/07/2018 17:36,COMPLETE,31/07/2018 07:03,03/08/2018 02:00,05/08/2018,
ZA-00027881,ZAC0012786,30/07/2018 13:39,COMPLETE,30/07/2018 23:06,11/08/2018 04:26,03/08/2018,
ZA-00027882,ZAC0004122,30/07/2018 19:15,COMPLETE,30/07/2018 21:02,03/08/2018 20:19,04/08/2018,
ZA-00027883,ZAC0013358,30/07/2018 11:48,CANCELLED,,,,
ZA-00027884,ZAC0011727,30/07/2018 22:34,COMPLETE,01/08/2018 14:35,03/08/2018 02:13,04/08/2018,
ZA-00027885,ZAC0021713,30/07/2018 13:50,CANCELLED,,,,
ZA-00027886,ZAC0018873,30/07/2018 19:09,COMPLETE,31/07/2018 12:58,06/08/2018 12:38,10/08/2018,
ZA-00027887,ZAC0007950,30/07/2018 06:48,COMPLETE,31/07/2018 13:37,03/08/2018 18:15,07/08/2018,
ZA-00027888,ZAC0018659,30/07/2018 17:01,COMPLETE,31/07/2018 01:21,06/08/2018 12:11,07/08/2018,
ZA-00027889,ZAC0020368,30/07/2018 17:22,COMPLETE,05/08/2018 21:03,09/08/2018 21:00,15/08/2018,
ZA-00027890,ZAC0019635,30/07/2018 06:49,COMPLETE,01/08/2018 07:30,09/08/2018 07:23,08/08/2018,
ZA-00027891,ZAC0012047,30/07/2018 21:04,COMPLETE,01/08/2018 13:01,02/08/2018 06:49,05/08/2018,
ZA-00027892,ZAC0006367,30/07/2018 22:18,COMPLETE,01/08/2018 04:27,08/08/2018 05:38,06/08/2018,WINTER15
ZA-00027893,ZAC0012134,30/07/2018 22:16,COMPLETE,03/08/2018 07:18,07/08/2018 00:24,08/08/2018,
ZA-00027894,ZAC0010753,30/07/2018 16:58,COMPLETE,01/08/2018 22:23,04/08/2018 08:04,08/08/2018,
ZA-00027895,ZAC0008402,30/07/2018 19:56,COMPLETE,04/08/2018 21:10,10/08/2018 04:05,09/08/2018,
ZA-00027896,ZAC0016469,30/07/2018 09:27,COMPLETE,01/08/2018 03:07,06/08/2018 10:24,04/08/2018,
ZA-00027897,ZAC0004952,30/07/2018 22:43,COMPLETE,02/08/2018 10:05,08/08/2018 06:13,07/08/2018,
ZA-00027898,ZAC0021180,30/07/2018 16:00,COMPLETE,06/08/2018 22:59,08/08/2018 11:42,09/08/2018,
ZA-00027899,ZAC0021738,30/07/2018 22:21,PENDING,,,,FLASH25
ZA-00027900,ZAC0001330,30/07/2018 21:28,COMPLETE,02/08/2018 04:55,15/08/2018 23:24,06/08/2018,WELCOME10
ZA-00027901,ZAC0017387,30/07/2018 11:24,COMPLETE,31/07/2018 12:46,01/08/2018 16:37,03/08/2018,
ZA-00027902,ZAC0016611,30/07/2018 21:02,COMPLETE,01/08/2018 12:58,03/08/2018 17:03,05/08/2018,
ZA-00027903,ZAC0008330,30/07/2018 07:50,COMPLETE,03/08/2018 13:58,06/08/2018 07:57,08/08/2018,
ZA-00027904,ZAC0009486,30/07/2018 08:27,COMPLETE,31/07/2018 07:35,06/08/2018 08:59,07/08/2018,
ZA-00027905,ZAC0021968,30/07/2018 13:38,COMPLETE,01/08/2018 00:01,07/08/2018 11:43,06/08/2018,
ZA-00027906,ZAC0005475,30/07/2018 08:45,COMPLETE,01/08/2018 23:02,05/08/2018 14:08,04/08/2018,
ZA-00027907,ZAC0014880,30/07/2018 10:51,COMPLETE,30/07/2018 22:23,05/08/2018 23:34,03/08/2018,
ZA-00027908,ZAC0020770,30/07/2018 11:22,COMPLETE,01/08/2018 23:28,07/08/2018 05:12,05/08/2018,BULK20
ZA-00027909,ZAC0020360,30/07/2018 13:36,COMPLETE,05/08/2018 17:50,07/08/2018 00:39,10/08/2018,
ZA-00027910,ZAC0019781,30/07/2018 11:34,COMPLETE,31/07/2018 04:28,03/08/2018 03:33,05/08/2018,BULK20
ZA-00027911,ZAC0016834,30/07/2018 22:44,COMPLETE,04/08/2018 14:17,12/08/2018 23:13,09/08/2018,
ZA-00027912,ZAC0007350,30/07/2018 07:38,COMPLETE,01/08/2018 00:08,08/08/2018 09:01,05/08/2018,BULK20
ZA-00027913,ZAC0015570,30/07/2018 19:05,COMPLETE,02/08/2018 15:06,03/08/2018 20:09,07/08/2018,
ZA-00027914,ZAC0005040,30/07/2018 19:19,COMPLETE,03/08/2018 01:11,11/08/2018 22:53,06/08/2018,
ZA-00027915,ZAC0005618,30/07/2018 14:03,COMPLETE,01/08/2018 06:01,06/08/2018 16:04,04/08/2018,LOYAL5
ZA-00027916,ZAC0017471,30/07/2018 17:42,COMPLETE,31/07/2018 18:56,07/08/2018 23:53,07/08/2018,
ZA-00027917,ZAC0000866,30/07/2018 08:03,COMPLETE,31/07/2018 22:01,04/08/2018 16:41,07/08/2018,
ZA-00027918,ZAC0008791,30/07/2018 10:51,COMPLETE,02/08/2018 05:38,05/08/2018 18:52,05/08/2018,
ZA-00027919,ZAC0011805,30/07/2018 19:26,COMPLETE,31/07/2018 22:57,03/08/2018 07:32,05/08/2018,BULK20
ZA-00027920,ZAC0003581,30/07/2018 14:23,COMPLETE,31/07/2018 21:03,02/08/2018 14:15,03/08/2018,
ZA-00027921,ZAC0008355,30/07/2018 16:05,COMPLETE,01/08/2018 12:50,06/08/2018 19:24,06/08/2018,BULK20
ZA-00027922,ZAC0013415,30/07/2018 09:46,COMPLETE,03/08/2018 10:39,08/08/2018 11:50,06/08/2018,
ZA-00027923,ZAC0005787,30/07/2018 21:39,COMPLETE,01/08/2018 07:28,02/08/2018 04:16,05/08/2018,
ZA-00027924,ZAC0011240,30/07/2018 06:50,COMPLETE,04/08/2018 20:00,08/08/2018 06:12,07/08/2018,
ZA-00027925,ZAC0013500,30/07/2018 06:35,CANCELLED,,,,
ZA-00027926,ZAC0013618,30/07/2018 16:04,COMPLETE,02/08/2018 13:51,05/08/2018 15:16,09/08/2018,
ZA-00027927,ZAC0018703,30/07/2018 12:39,CANCELLED,,,,
ZA-00027928,ZAC0007618,30/07/2018 22:57,COMPLETE,02/08/2018 00:32,09/08/2018 02:20,06/08/2018,
ZA-00027929,ZAC0019210,30/07/2018 21:57,CANCELLED,,,,
ZA-00027930,ZAC0011214,30/07/2018 21:37,COMPLETE,31/07/2018 05:18,05/08/2018 22:45,10/08/2018,
ZA-00027931,ZAC0016931,30/07/2018 10:12,COMPLETE,31/07/2018 20:18,07/08/2018 07:33,03/08/2018,
ZA-00027932,ZAC0008327,30/07/2018 18:04,COMPLETE,01/08/2018 22:37,05/08/2018 07:58,06/08/2018,
ZA-00027933,ZAC0005601,30/07/2018 14:33,COMPLETE,01/08/2018 05:04,02/08/2018 15:38,05/08/2018,
ZA-00027934,ZAC0019169,30/07/2018 08:57,COMPLETE,31/07/2018 11:37,09/08/2018 12:29,10/08/2018,LOYAL5
ZA-00027935,ZAC0010361,30/07/2018 20:14,RETURNED,31/07/2018 08:52,02/08/2018 10:42,05/08/2018,FLASH25
ZA-00027936,ZAC0022680,30/07/2018 14:12,COMPLETE,03/08/2018 20:34,04/08/2018 20:48,10/08/2018,
ZA-00027937,ZAC0013111,30/07/2018 09:47,COMPLETE,30/07/2018 18:35,03/08/2018 23:16,02/08/2018,
ZA-00027938,ZAC0018700,31/07/2018 21:27,COMPLETE,06/08/2018 23:28,08/08/2018 01:54,13/08/2018,
ZA-00027939,ZAC0018329,31/07/2018 21:52,COMPLETE,03/08/2018 17:08,11/08/2018 10:20,08/08/2018,
ZA-00027940,ZAC0005130,31/07/2018 07:20,DISPATCHED,01/08/2018 02:47,,05/08/2018,
ZA-00027941,ZAC0022923,31/07/2018 08:24,COMPLETE,01/08/2018 06:49,03/08/2018 21:49,06/08/2018,
ZA-00027942,ZAC0010616,31/07/2018 07:22,COMPLETE,02/08/2018 16:15,03/08/2018 07:52,06/08/2018,
ZA-00027943,ZAC0002020,31/07/2018 20:58,COMPLETE,01/08/2018 17:53,05/08/2018 12:31,04/08/2018,
ZA-00027944,ZAC0002222,31/07/2018 21:37,COMPLETE,03/08/2018 12:22,10/08/2018 21:09,07/08/2018,
ZA-00027945,ZAC0006252,31/07/2018 17:29,COMPLETE,05/08/2018 04:49,19/08/2018 04:58,09/08/2018,LOYAL5
ZA-00027946,ZAC0021212,31/07/2018 14:36,COMPLETE,02/08/2018 08:19,05/08/2018 09:02,09/08/2018,
ZA-00027947,ZAC0001262,31/07/2018 12:33,COMPLETE,01/08/2018 14:12,04/08/2018 05:04,04/08/2018,
ZA-00027948,ZAC0021715,31/07/2018 22:27,COMPLETE,01/08/2018 10:43,11/08/2018 15:40,05/08/2018,
ZA-00027949,ZAC0006680,31/07/2018 10:47,COMPLETE,01/08/2018 19:51,03/08/2018 00:29,06/08/2018,
ZA-00027950,ZAC0011246,31/07/2018 21:33,COMPLETE,06/08/2018 07:30,09/08/2018 04:29,13/08/2018,
ZA-00027951,ZAC0008957,31/07/2018 06:51,COMPLETE,01/08/2018 12:03,03/08/2018 15:52,05/08/2018,
ZA-00027952,ZAC0013861,31/07/2018 19:56,COMPLETE,04/08/2018 06:24,06/08/2018 14:28,11/08/2018,WELCOME10
ZA-00027953,ZAC0010706,31/07/2018 17:17,COMPLETE,02/08/2018 20:02,04/08/2018 18:06,09/08/2018,FLASH25
ZA-00027954,ZAC0018052,31/07/2018 21:53,COMPLETE,02/08/2018 03:27,03/08/2018 23:13,07/08/2018,
ZA-00027955,ZAC0016232,31/07/2018 06:57,COMPLETE,04/08/2018 22:45,08/08/2018 11:36,09/08/2018,
ZA-00027956,ZAC0019754,31/07/2018 20:24,COMPLETE,02/08/2018 04:19,07/08/2018 11:07,05/08/2018,FLASH25
ZA-00027957,ZAC0021402,31/07/2018 20:18,COMPLETE,06/08/2018 06:19,08/08/2018 05:04,11/08/2018,
ZA-00027958,ZAC0021479,31/07/2018 21:24,COMPLETE,02/08/2018 01:31,07/08/2018 09:16,07/08/2018,
ZA-00027959,ZAC0001482,31/07/2018 14:06,COMPLETE,31/07/2018 21:25,01/08/2018 13:44,04/08/2018,
ZA-00027960,ZAC0022829,31/07/2018 17:24,COMPLETE,02/08/2018 15:35,12/08/2018 07:21,12/08/2018,
ZA-00027961,ZAC0007083,31/07/2018 14:06,COMPLETE,31/07/2018 22:35,02/08/2018 18:59,03/08/2018,
ZA-00027962,ZAC0019819,31/07/2018 07:35,COMPLETE,04/08/2018 13:23,09/08/2018 19:53,07/08/2018,BULK20
ZA-00027963,ZAC0016647,31/07/2018 17:36,COMPLETE,02/08/2018 08:48,04/08/2018 20:00,05/08/2018,
ZA-00027964,ZAC0019486,31/07/2018 18:12,DISPATCHED,04/08/2018 00:52,,07/08/2018,
ZA-00027965,ZAC0016480,31/07/2018 19:26,COMPLETE,03/08/2018 02:07,06/08/2018 18:11,08/08/2018,
ZA-00027966,ZAC0017261,31/07/2018 19:16,COMPLETE,01/08/2018 18:14,06/08/2018 13:57,08/08/2018,LOYAL5
ZA-00027967,ZAC0009871,31/07/2018 11:40,COMPLETE,01/08/2018 01:02,04/08/2018 19:57,06/08/2018,FREESHIP
ZA-00027968,ZAC0009552,31/07/2018 16:05,CANCELLED,,,,
ZA-00027969,ZAC0022750,31/07/2018 07:38,COMPLETE,02/08/2018 21:00,04/08/2018 20:40,06/08/2018,
ZA-00027970,ZAC0003789,31/07/2018 18:21,COMPLETE,04/08/2018 06:24,06/08/2018 23:54,08/08/2018,
ZA-00027971,ZAC0008230,31/07/2018 13:29,COMPLETE,03/08/2018 22:11,06/08/2018 12:57,13/08/2018,
ZA-00027972,ZAC0003464,31/07/2018 21:55,COMPLETE,02/08/2018 10:56,04/08/2018 05:04,06/08/2018,
ZA-00027973,ZAC0020090,31/07/2018 10:12,COMPLETE,02/08/2018 03:04,06/08/2018 07:57,09/08/2018,
ZA-00027974,ZAC0004173,31/07/2018 07:00,COMPLETE,03/08/2018 07:41,20/08/2018 13:14,10/08/2018,
ZA-00027975,ZAC0016256,31/07/2018 13:25,COMPLETE,04/08/2018 05:14,08/08/2018 15:18,11/08/2018,
ZA-00027976,ZAC0013963,31/07/2018 16:03,COMPLETE,07/08/2018 11:18,16/08/2018 23:50,11/08/2018,
ZA-00027977,ZAC0006678,31/07/2018 18:49,COMPLETE,01/08/2018 12:22,03/08/2018 11:56,08/08/2018,
ZA-00027978,ZAC0012394,31/07/2018 16:26,COMPLETE,01/08/2018 11:47,03/08/2018 20:43,04/08/2018,
ZA-00027979,ZAC0004547,31/07/2018 13:56,COMPLETE,02/08/2018 07:26,05/08/2018 23:30,09/08/2018,
ZA-00027980,ZAC0012457,31/07/2018 19:44,COMPLETE,03/08/2018 05:23,07/08/2018 10:00,08/08/2018,WINTER15
ZA-00027981,ZAC0001684,31/07/2018 20:51,COMPLETE,05/08/2018 03:01,09/08/2018 21:07,09/08/2018,
ZA-00027982,ZAC0000863,31/07/2018 10:48,CANCELLED,,,,
ZA-00027983,ZAC0021316,31/07/2018 09:19,COMPLETE,08/08/2018 00:19,11/08/2018 05:44,11/08/2018,
ZA-00027984,ZAC0018714,31/07/2018 20:46,CANCELLED,,,,
ZA-00027985,ZAC0009715,31/07/2018 13:30,COMPLETE,02/08/2018 03:00,06/08/2018 17:42,06/08/2018,FREESHIP
ZA-00027986,ZAC0015244,31/07/2018 16:56,COMPLETE,01/08/2018 14:36,11/08/2018 11:23,04/08/2018,
ZA-00027987,ZAC0022165,31/07/2018 22:43,COMPLETE,03/08/2018 22:58,08/08/2018 10:48,13/08/2018,
ZA-00027988,ZAC0015462,31/07/2018 17:38,COMPLETE,01/08/2018 13:17,07/08/2018 17:02,05/08/2018,
ZA-00027989,ZAC0001708,31/07/2018 09:32,COMPLETE,05/08/2018 04:28,10/08/2018 01:36,12/08/2018,FLASH25
ZA-00027990,ZAC0000201,31/07/2018 21:09,COMPLETE,01/08/2018 13:57,09/08/2018 11:29,11/08/2018,WINTER15
ZA-00027991,ZAC0023149,31/07/2018 07:47,COMPLETE,01/08/2018 18:01,03/08/2018 02:01,05/08/2018,
ZA-00027992,ZAC0005310,31/07/2018 13:54,CANCELLED,,,,
ZA-00027993,ZAC0000719,31/07/2018 08:35,COMPLETE,31/07/2018 23:20,04/08/2018 20:32,03/08/2018,
ZA-00027994,ZAC0006034,31/07/2018 14:48,COMPLETE,01/08/2018 02:44,05/08/2018 13:16,06/08/2018,
ZA-00027995,ZAC0004132,31/07/2018 19:24,COMPLETE,02/08/2018 06:39,04/08/2018 03:41,06/08/2018,
ZA-00027996,ZAC0010564,31/07/2018 15:51,COMPLETE,04/08/2018 01:31,07/08/2018 20:12,07/08/2018,
ZA-00027997,ZAC0018962,31/07/2018 06:24,COMPLETE,05/08/2018 13:55,14/08/2018 03:24,09/08/2018,FLASH25
ZA-00027998,ZAC0021354,31/07/2018 08:56,COMPLETE,02/08/2018 04:16,04/08/2018 09:45,06/08/2018,
ZA-00027999,ZAC0019119,31/07/2018 15:00,COMPLETE,01/08/2018 21:02,05/08/2018 23:26,05/08/2018,
ZA-00028000,ZAC0016144,31/07/2018 22:53,COMPLETE,05/08/2018 04:06,09/08/2018 15:37,15/08/2018,
ZA-00028001,ZAC0004916,31/07/2018 15:28,COMPLETE,01/08/2018 18:46,10/08/2018 15:34,08/08/2018,FLASH25
ZA-00028002,ZAC0000941,31/07/2018 07:16,COMPLETE,04/08/2018 17:32,06/08/2018 07:33,08/08/2018,
ZA-00028003,ZAC0000058,31/07/2018 17:08,COMPLETE,31/07/2018 17:44,06/08/2018 20:03,05/08/2018,
ZA-00028004,ZAC0009720,31/07/2018 11:32,COMPLETE,02/08/2018 06:57,06/08/2018 13:47,07/08/2018,
ZA-00028005,ZAC0017411,31/07/2018 11:08,COMPLETE,01/08/2018 09:54,13/08/2018 10:57,11/08/2018,
ZA-00028006,ZAC0012159,31/07/2018 18:04,DISPATCHED,01/08/2018 14:43,,08/08/2018,
ZA-00028007,ZAC0000643,31/07/2018 11:23,COMPLETE,05/08/2018 11:27,09/08/2018 15:39,15/08/2018,FLASH25
ZA-00028008,ZAC0013503,31/07/2018 17:40,COMPLETE,02/08/2018 13:44,03/08/2018 12:23,06/08/2018,
ZA-00028009,ZAC0011841,31/07/2018 14:49,COMPLETE,02/08/2018 02:09,08/08/2018 02:34,06/08/2018,LOYAL5
ZA-00028010,ZAC0011132,31/07/2018 09:15,COMPLETE,01/08/2018 14:12,10/08/2018 13:59,04/08/2018,
ZA-00028011,ZAC0009324,31/07/2018 08:18,COMPLETE,03/08/2018 10:37,10/08/2018 09:54,10/08/2018,
