ord_ref,buyer_ref,ord_dt,ord_state,dispatch_dt,received_dt,promised_dt,promo_code
ZA-00016752,ZAC0010891,01/03/2018 06:30,COMPLETE,03/03/2018 07:29,08/03/2018 02:19,07/03/2018,FREESHIP
ZA-00016753,ZAC0008215,01/03/2018 15:41,COMPLETE,02/03/2018 05:08,06/03/2018 13:59,05/03/2018,
ZA-00016754,ZAC0012888,01/03/2018 11:30,COMPLETE,04/03/2018 16:12,06/03/2018 12:38,07/03/2018,FREESHIP
ZA-00016755,ZAC0014919,01/03/2018 13:14,COMPLETE,03/03/2018 12:37,05/03/2018 07:49,06/03/2018,
ZA-00016756,ZAC0011253,01/03/2018 16:46,COMPLETE,03/03/2018 09:10,07/03/2018 15:04,07/03/2018,BULK20
ZA-00016757,ZAC0020840,01/03/2018 13:04,COMPLETE,01/03/2018 20:33,09/03/2018 17:46,06/03/2018,WELCOME10
ZA-00016758,ZAC0016659,01/03/2018 09:32,COMPLETE,03/03/2018 05:55,05/03/2018 12:44,07/03/2018,
ZA-00016759,ZAC0017295,01/03/2018 10:36,COMPLETE,07/03/2018 11:23,13/03/2018 22:28,11/03/2018,
ZA-00016760,ZAC0004327,01/03/2018 09:04,COMPLETE,03/03/2018 06:00,05/03/2018 15:10,10/03/2018,
ZA-00016761,ZAC0009210,01/03/2018 14:42,COMPLETE,02/03/2018 09:35,04/03/2018 18:49,05/03/2018,WINTER15
ZA-00016762,ZAC0006311,01/03/2018 07:31,COMPLETE,02/03/2018 01:19,05/03/2018 18:09,06/03/2018,
ZA-00016763,ZAC0010077,01/03/2018 17:30,COMPLETE,02/03/2018 08:05,07/03/2018 08:31,09/03/2018,
ZA-00016764,ZAC0015181,01/03/2018 18:59,COMPLETE,04/03/2018 03:34,06/03/2018 01:53,11/03/2018,
ZA-00016765,ZAC0007091,01/03/2018 09:08,COMPLETE,02/03/2018 12:47,07/03/2018 04:06,05/03/2018,
ZA-00016766,ZAC0008845,01/03/2018 07:31,COMPLETE,02/03/2018 04:22,04/03/2018 09:14,05/03/2018,
ZA-00016767,ZAC0023033,01/03/2018 11:19,COMPLETE,02/03/2018 17:25,05/03/2018 12:10,09/03/2018,
ZA-00016768,ZAC0004904,01/03/2018 18:38,COMPLETE,02/03/2018 14:14,08/03/2018 21:41,06/03/2018,
ZA-00016769,ZAC0008404,01/03/2018 15:06,COMPLETE,04/03/2018 06:23,07/03/2018 15:08,11/03/2018,
ZA-00016770,ZAC0012593,01/03/2018 08:01,COMPLETE,04/03/2018 20:01,08/03/2018 13:59,09/03/2018,
ZA-00016771,ZAC0010473,01/03/2018 15:08,COMPLETE,02/03/2018 05:40,07/03/2018 10:29,07/03/2018,LOYAL5
ZA-00016772,ZAC0001375,01/03/2018 13:32,COMPLETE,02/03/2018 18:00,08/03/2018 08:08,05/03/2018,
ZA-00016773,ZAC0016107,01/03/2018 20:36,COMPLETE,03/03/2018 01:15,04/03/2018 01:30,08/03/2018,
ZA-00016774,ZAC0017294,01/03/2018 15:28,COMPLETE,02/03/2018 10:06,08/03/2018 01:10,09/03/2018,
ZA-00016775,ZAC0007466,01/03/2018 07:38,COMPLETE,03/03/2018 10:40,13/03/2018 05:29,07/03/2018,
ZA-00016776,ZAC0016967,01/03/2018 06:57,COMPLETE,07/03/2018 07:51,13/03/2018 16:47,12/03/2018,
ZA-00016777,ZAC0004231,01/03/2018 17:53,COMPLETE,02/03/2018 19:50,07/03/2018 05:03,09/03/2018,
ZA-00016778,ZAC0006252,01/03/2018 12:06,COMPLETE,02/03/2018 20:06,06/03/2018 16:58,09/03/2018,
ZA-00016779,ZAC0008442,01/03/2018 12:42,COMPLETE,06/03/2018 10:20,12/03/2018 17:46,13/03/2018,
ZA-00016780,ZAC0016756,01/03/2018 16:07,COMPLETE,03/03/2018 23:28,11/03/2018 06:10,07/03/2018,
ZA-00016781,ZAC0011200,01/03/2018 12:27,COMPLETE,03/03/2018 22:06,07/03/2018 13:01,10/03/2018,
ZA-00016782,ZAC0001992,01/03/2018 19:32,COMPLETE,03/03/2018 15:13,11/03/2018 00:15,07/03/2018,
ZA-00016783,ZAC0017772,01/03/2018 16:09,COMPLETE,05/03/2018 12:17,17/03/2018 07:34,10/03/2018,
ZA-00016784,ZAC0006420,01/03/2018 11:08,RETURNED,03/03/2018 14:16,07/03/2018 16:36,07/03/2018,
ZA-00016785,ZAC0017653,01/03/2018 16:47,COMPLETE,03/03/2018 18:49,18/03/2018 04:29,10/03/2018,
ZA-00016786,ZAC0005440,01/03/2018 13:16,COMPLETE,03/03/2018 08:21,05/03/2018 00:40,10/03/2018,LOYAL5
ZA-00016787,ZAC0022453,01/03/2018 21:44,COMPLETE,05/03/2018 18:40,11/03/2018 00:50,09/03/2018,
ZA-00016788,ZAC0013551,01/03/2018 08:44,COMPLETE,03/03/2018 18:39,08/03/2018 06:29,07/03/2018,
ZA-00016789,ZAC0016947,01/03/2018 14:54,COMPLETE,02/03/2018 01:29,10/03/2018 13:24,05/03/2018,
ZA-00016790,ZAC0017293,01/03/2018 17:40,COMPLETE,05/03/2018 17:06,10/03/2018 09:34,09/03/2018,WELCOME10
ZA-00016791,ZAC0012732,01/03/2018 07:35,COMPLETE,02/03/2018 09:00,05/03/2018 16:17,07/03/2018,
ZA-00016792,ZAC0007739,01/03/2018 08:54,COMPLETE,02/03/2018 04:22,09/03/2018 12:11,12/03/2018,
ZA-00016793,ZAC0023356,01/03/2018 18:38,COMPLETE,05/03/2018 05:40,11/03/2018 14:21,09/03/2018,
ZA-00016794,ZAC0014587,01/03/2018 22:30,COMPLETE,05/03/2018 05:10,08/03/2018 05:44,09/03/2018,
ZA-00016795,ZAC0009922,01/03/2018 19:50,COMPLETE,04/03/2018 12:58,07/03/2018 04:06,08/03/2018,WELCOME10
ZA-00016796,ZAC0010804,01/03/2018 07:12,COMPLETE,03/03/2018 11:52,06/03/2018 14:24,10/03/2018,WELCOME10
ZA-00016797,ZAC0014411,01/03/2018 19:55,CANCELLED,,,,
ZA-00016798,ZAC0015165,01/03/2018 07:21,COMPLETE,03/03/2018 21:56,09/03/2018 18:27,06/03/2018,
ZA-00016799,ZAC0021620,01/03/2018 17:45,COMPLETE,05/03/2018 08:40,11/03/2018 16:08,08/03/2018,
ZA-00016800,ZAC0022719,01/03/2018 19:33,COMPLETE,02/03/2018 12:24,07/03/2018 16:52,07/03/2018,
ZA-00016801,ZAC0016438,01/03/2018 11:41,COMPLETE,01/03/2018 13:59,08/03/2018 00:40,04/03/2018,
ZA-00016802,ZAC0017561,01/03/2018 20:07,COMPLETE,04/03/2018 02:14,09/03/2018 10:01,08/03/2018,FREESHIP
ZA-00016803,ZAC0016147,01/03/2018 12:14,COMPLETE,02/03/2018 04:25,06/03/2018 01:21,07/03/2018,
ZA-00016804,ZAC0016364,01/03/2018 17:56,COMPLETE,04/03/2018 03:40,10/03/2018 07:04,09/03/2018,
ZA-00016805,ZAC0000990,01/03/2018 16:25,COMPLETE,02/03/2018 00:42,07/03/2018 15:10,06/03/2018,
ZA-00016806,ZAC0020313,01/03/2018 10:29,COMPLETE,03/03/2018 06:47,07/03/2018 13:23,10/03/2018,
ZA-00016807,ZAC0000881,01/03/2018 13:36,DISPATCHED,02/03/2018 19:10,,06/03/2018,FREESHIP
ZA-00016808,ZAC0006823,01/03/2018 11:45,COMPLETE,04/03/2018 05:49,08/03/2018 06:01,08/03/2018,
ZA-00016809,ZAC0014497,01/03/2018 10:35,COMPLETE,03/03/2018 09:42,12/03/2018 16:19,13/03/2018,FREESHIP
ZA-00016810,ZAC0022742,01/03/2018 17:29,COMPLETE,02/03/2018 15:56,07/03/2018 12:29,09/03/2018,
ZA-00016811,ZAC0001921,01/03/2018 10:40,COMPLETE,03/03/2018 19:51,07/03/2018 04:34,10/03/2018,
ZA-00016812,ZAC0016922,01/03/2018 09:19,COMPLETE,04/03/2018 20:44,07/03/2018 05:27,11/03/2018,WELCOME10
ZA-00016813,ZAC0020424,01/03/2018 11:26,COMPLETE,03/03/2018 06:37,08/03/2018 15:34,06/03/2018,
ZA-00016814,ZAC0005033,01/03/2018 14:46,COMPLETE,01/03/2018 23:55,03/03/2018 05:33,08/03/2018,
ZA-00016815,ZAC0010086,01/03/2018 22:22,COMPLETE,07/03/2018 08:15,08/03/2018 11:56,10/03/2018,BULK20
ZA-00016816,ZAC0011318,01/03/2018 14:47,COMPLETE,03/03/2018 16:37,17/03/2018 15:47,10/03/2018,BULK20
ZA-00016817,ZAC0019682,01/03/2018 22:58,COMPLETE,05/03/2018 13:11,09/03/2018 08:22,09/03/2018,
ZA-00016818,ZAC0013455,01/03/2018 15:51,COMPLETE,04/03/2018 06:46,05/03/2018 07:59,11/03/2018,
ZA-00016819,ZAC0023749,01/03/2018 13:43,COMPLETE,02/03/2018 10:51,05/03/2018 22:10,07/03/2018,
ZA-00016820,ZAC0016211,01/03/2018 22:13,COMPLETE,04/03/2018 14:59,06/03/2018 09:09,07/03/2018,
ZA-00016821,ZAC0020458,01/03/2018 17:18,COMPLETE,03/03/2018 05:39,08/03/2018 16:17,06/03/2018,WINTER15
ZA-00016822,ZAC0019184,01/03/2018 16:28,COMPLETE,05/03/2018 00:46,08/03/2018 21:00,08/03/2018,
ZA-00016823,ZAC0021314,01/03/2018 18:48,COMPLETE,03/03/2018 20:08,11/03/2018 05:06,07/03/2018,BULK20
ZA-00016824,ZAC0023641,01/03/2018 15:53,COMPLETE,02/03/2018 00:34,04/03/2018 23:37,06/03/2018,
ZA-00016825,ZAC0019856,01/03/2018 17:13,COMPLETE,04/03/2018 08:11,07/03/2018 04:24,07/03/2018,
ZA-00016826,ZAC0002529,01/03/2018 06:55,COMPLETE,02/03/2018 14:03,05/03/2018 05:42,09/03/2018,WINTER15
ZA-00016827,ZAC0007124,02/03/2018 15:07,COMPLETE,04/03/2018 13:31,06/03/2018 01:43,07/03/2018,WINTER15
ZA-00016828,ZAC0007831,02/03/2018 06:49,COMPLETE,03/03/2018 09:04,15/03/2018 13:27,07/03/2018,
ZA-00016829,ZAC0011084,02/03/2018 09:06,COMPLETE,03/03/2018 23:09,11/03/2018 22:02,06/03/2018,
ZA-00016830,ZAC0008945,02/03/2018 09:49,COMPLETE,05/03/2018 03:31,06/03/2018 19:10,10/03/2018,
ZA-00016831,ZAC0022871,02/03/2018 13:42,COMPLETE,02/03/2018 19:00,05/03/2018 22:00,07/03/2018,
ZA-00016832,ZAC0005702,02/03/2018 12:35,COMPLETE,03/03/2018 11:44,06/03/2018 13:14,08/03/2018,WELCOME10
ZA-00016833,ZAC0009095,02/03/2018 14:34,COMPLETE,03/03/2018 13:58,07/03/2018 19:47,10/03/2018,
ZA-00016834,ZAC0001787,02/03/2018 13:05,COMPLETE,03/03/2018 00:30,11/03/2018 09:45,08/03/2018,WELCOME10
ZA-00016835,ZAC0018290,02/03/2018 18:56,COMPLETE,04/03/2018 02:42,09/03/2018 19:45,11/03/2018,
ZA-00016836,ZAC0015611,02/03/2018 10:18,COMPLETE,08/03/2018 02:48,14/03/2018 21:34,12/03/2018,
ZA-00016837,ZAC0010218,02/03/2018 10:23,CANCELLED,,,,
ZA-00016838,ZAC0000937,02/03/2018 08:48,COMPLETE,08/03/2018 19:25,14/03/2018 10:35,11/03/2018,WINTER15
ZA-00016839,ZAC0000105,02/03/2018 14:43,COMPLETE,04/03/2018 01:14,13/03/2018 22:40,11/03/2018,
ZA-00016840,ZAC0017147,02/03/2018 22:43,DISPATCHED,03/03/2018 06:48,,13/03/2018,BULK20
ZA-00016841,ZAC0010556,02/03/2018 19:08,COMPLETE,06/03/2018 18:13,14/03/2018 15:33,10/03/2018,
ZA-00016842,ZAC0000696,02/03/2018 17:22,COMPLETE,04/03/2018 08:13,06/03/2018 11:06,08/03/2018,FLASH25
ZA-00016843,ZAC0019287,02/03/2018 21:41,COMPLETE,08/03/2018 23:38,13/03/2018 23:30,11/03/2018,
ZA-00016844,ZAC0002145,02/03/2018 14:10,COMPLETE,02/03/2018 14:49,10/03/2018 03:27,09/03/2018,
ZA-00016845,ZAC0015734,02/03/2018 21:31,COMPLETE,06/03/2018 03:07,06/03/2018 11:15,16/03/2018,
ZA-00016846,ZAC0007906,02/03/2018 12:57,COMPLETE,03/03/2018 04:13,10/03/2018 12:08,06/03/2018,
ZA-00016847,ZAC0019433,02/03/2018 20:57,RETURNED,06/03/2018 01:05,11/03/2018 09:43,10/03/2018,WELCOME10
ZA-00016848,ZAC0023829,02/03/2018 18:55,PENDING,,,,
ZA-00016849,ZAC0020953,02/03/2018 21:04,COMPLETE,06/03/2018 01:41,13/03/2018 13:03,09/03/2018,
ZA-00016850,ZAC0000139,02/03/2018 07:27,COMPLETE,02/03/2018 21:17,11/03/2018 06:57,12/03/2018,
ZA-00016851,ZAC0015831,02/03/2018 06:04,COMPLETE,03/03/2018 07:58,10/03/2018 22:32,10/03/2018,
ZA-00016852,ZAC0022106,02/03/2018 13:01,COMPLETE,03/03/2018 09:49,15/03/2018 14:29,07/03/2018,BULK20
ZA-00016853,ZAC0023813,02/03/2018 21:09,COMPLETE,06/03/2018 23:40,16/03/2018 02:18,16/03/2018,
ZA-00016854,ZAC0000767,02/03/2018 12:13,COMPLETE,02/03/2018 17:32,06/03/2018 05:56,07/03/2018,
ZA-00016855,ZAC0023844,02/03/2018 16:06,COMPLETE,02/03/2018 23:55,06/03/2018 11:10,09/03/2018,
ZA-00016856,ZAC0010173,02/03/2018 09:39,COMPLETE,04/03/2018 08:03,13/03/2018 00:27,11/03/2018,
ZA-00016857,ZAC0018206,02/03/2018 12:37,COMPLETE,04/03/2018 16:36,10/03/2018 18:07,09/03/2018,FLASH25
ZA-00016858,ZAC0004195,02/03/2018 19:16,COMPLETE,05/03/2018 20:20,13/03/2018 12:57,15/03/2018,
ZA-00016859,ZAC0022835,02/03/2018 18:41,COMPLETE,07/03/2018 10:53,10/03/2018 11:30,11/03/2018,
ZA-00016860,ZAC0016906,02/03/2018 20:56,COMPLETE,05/03/2018 02:43,07/03/2018 11:03,10/03/2018,
ZA-00016861,ZAC0005594,02/03/2018 21:32,COMPLETE,04/03/2018 09:10,10/03/2018 03:14,08/03/2018,
ZA-00016862,ZAC0007419,02/03/2018 06:27,COMPLETE,06/03/2018 05:15,13/03/2018 09:37,11/03/2018,
ZA-00016863,ZAC0007722,02/03/2018 11:40,PENDING,,,,
ZA-00016864,ZAC0023572,02/03/2018 06:16,COMPLETE,06/03/2018 03:19,11/03/2018 03:09,11/03/2018,
ZA-00016865,ZAC0012719,02/03/2018 14:04,COMPLETE,03/03/2018 22:00,11/03/2018 00:28,06/03/2018,
ZA-00016866,ZAC0015923,02/03/2018 12:23,COMPLETE,04/03/2018 13:51,07/03/2018 14:52,09/03/2018,FREESHIP
ZA-00016867,ZAC0007600,02/03/2018 16:25,COMPLETE,05/03/2018 11:49,06/03/2018 18:21,09/03/2018,
ZA-00016868,ZAC0021751,02/03/2018 08:34,COMPLETE,03/03/2018 00:04,05/03/2018 18:25,10/03/2018,WINTER15
ZA-00016869,ZAC0010570,02/03/2018 09:37,COMPLETE,05/03/2018 18:33,08/03/2018 21:55,09/03/2018,
ZA-00016870,ZAC0015015,02/03/2018 11:50,COMPLETE,02/03/2018 23:55,04/03/2018 20:44,06/03/2018,
ZA-00016871,ZAC0007167,02/03/2018 15:33,COMPLETE,07/03/2018 18:25,09/03/2018 03:08,17/03/2018,
ZA-00016872,ZAC0007628,02/03/2018 15:02,COMPLETE,04/03/2018 17:55,05/03/2018 22:42,08/03/2018,
ZA-00016873,ZAC0001692,02/03/2018 15:17,COMPLETE,05/03/2018 03:48,12/03/2018 10:41,09/03/2018,
ZA-00016874,ZAC0002679,02/03/2018 08:55,COMPLETE,11/03/2018 12:44,13/03/2018 01:45,16/03/2018,
ZA-00016875,ZAC0001041,02/03/2018 10:19,COMPLETE,03/03/2018 18:34,07/03/2018 03:58,06/03/2018,
ZA-00016876,ZAC0015795,02/03/2018 13:10,COMPLETE,06/03/2018 17:37,10/03/2018 02:14,09/03/2018,
ZA-00016877,ZAC0013456,02/03/2018 21:53,COMPLETE,04/03/2018 15:14,06/03/2018 15:04,08/03/2018,
ZA-00016878,ZAC0011802,02/03/2018 16:59,COMPLETE,05/03/2018 12:41,10/03/2018 10:39,09/03/2018,FLASH25
ZA-00016879,ZAC0008601,02/03/2018 10:04,COMPLETE,04/03/2018 12:22,06/03/2018 04:46,11/03/2018,
ZA-00016880,ZAC0014728,02/03/2018 16:21,COMPLETE,03/03/2018 00:06,04/03/2018 00:31,08/03/2018,
ZA-00016881,ZAC0019495,03/03/2018 07:51,COMPLETE,03/03/2018 21:30,05/03/2018 09:46,07/03/2018,
ZA-00016882,ZAC0001765,03/03/2018 07:38,COMPLETE,04/03/2018 01:54,14/03/2018 15:04,09/03/2018,
ZA-00016883,ZAC0022897,03/03/2018 06:31,COMPLETE,04/03/2018 06:33,07/03/2018 13:48,11/03/2018,
ZA-00016884,ZAC0018372,03/03/2018 06:54,COMPLETE,03/03/2018 23:53,13/03/2018 14:59,07/03/2018,
ZA-00016885,ZAC0000568,03/03/2018 09:43,COMPLETE,05/03/2018 17:29,09/03/2018 07:58,08/03/2018,
ZA-00016886,ZAC0003479,03/03/2018 08:51,COMPLETE,04/03/2018 10:43,09/03/2018 09:49,09/03/2018,
ZA-00016887,ZAC0009986,03/03/2018 21:50,COMPLETE,06/03/2018 04:04,09/03/2018 02:29,10/03/2018,
ZA-00016888,ZAC0008917,03/03/2018 16:42,COMPLETE,11/03/2018 11:02,18/03/2018 08:12,18/03/2018,FREESHIP
ZA-00016889,ZAC0016031,03/03/2018 19:37,COMPLETE,07/03/2018 18:34,09/03/2018 08:41,11/03/2018,BULK20
ZA-00016890,ZAC0005395,03/03/2018 12:11,COMPLETE,05/03/2018 00:57,21/03/2018 14:09,09/03/2018,
ZA-00016891,ZAC0007770,03/03/2018 09:23,COMPLETE,04/03/2018 02:38,04/03/2018 20:12,09/03/2018,
ZA-00016892,ZAC0014920,03/03/2018 18:51,COMPLETE,04/03/2018 09:19,11/03/2018 04:12,07/03/2018,
ZA-00016893,ZAC0015344,03/03/2018 08:19,COMPLETE,04/03/2018 00:02,05/03/2018 07:45,11/03/2018,
ZA-00016894,ZAC0006930,03/03/2018 21:29,COMPLETE,05/03/2018 13:33,10/03/2018 06:33,12/03/2018,WELCOME10
ZA-00016895,ZAC0018689,03/03/2018 21:08,COMPLETE,07/03/2018 20:22,11/03/2018 06:10,11/03/2018,
ZA-00016896,ZAC0002128,03/03/2018 08:05,COMPLETE,08/03/2018 09:07,16/03/2018 08:23,18/03/2018,WELCOME10
ZA-00016897,ZAC0014020,03/03/2018 06:52,COMPLETE,07/03/2018 02:19,14/03/2018 08:11,12/03/2018,LOYAL5
ZA-00016898,ZAC0021974,03/03/2018 22:32,COMPLETE,04/03/2018 20:20,07/03/2018 06:26,08/03/2018,
ZA-00016899,ZAC0004816,03/03/2018 15:37,COMPLETE,05/03/2018 20:10,08/03/2018 23:03,12/03/2018,FREESHIP
ZA-00016900,ZAC0001380,03/03/2018 15:56,COMPLETE,04/03/2018 12:10,11/03/2018 11:00,07/03/2018,
ZA-00016901,ZAC0010768,03/03/2018 12:37,COMPLETE,04/03/2018 00:51,11/03/2018 04:42,11/03/2018,
ZA-00016902,ZAC0007868,03/03/2018 08:22,COMPLETE,06/03/2018 21:04,15/03/2018 22:28,09/03/2018,
ZA-00016903,ZAC0002329,03/03/2018 18:55,COMPLETE,06/03/2018 20:23,10/03/2018 13:59,10/03/2018,
ZA-00016904,ZAC0006678,03/03/2018 15:20,COMPLETE,04/03/2018 02:28,10/03/2018 03:35,09/03/2018,
ZA-00016905,ZAC0006342,03/03/2018 07:35,COMPLETE,05/03/2018 06:11,13/03/2018 02:29,09/03/2018,
ZA-00016906,ZAC0000231,03/03/2018 09:55,COMPLETE,04/03/2018 20:35,06/03/2018 18:26,09/03/2018,
ZA-00016907,ZAC0012480,03/03/2018 19:57,COMPLETE,05/03/2018 15:30,09/03/2018 02:13,10/03/2018,
ZA-00016908,ZAC0003104,03/03/2018 10:33,COMPLETE,04/03/2018 05:38,10/03/2018 07:11,07/03/2018,
ZA-00016909,ZAC0017448,03/03/2018 09:46,COMPLETE,07/03/2018 11:02,10/03/2018 10:47,10/03/2018,
ZA-00016910,ZAC0019771,03/03/2018 09:47,COMPLETE,08/03/2018 04:11,12/03/2018 20:09,13/03/2018,
ZA-00016911,ZAC0009157,03/03/2018 11:58,COMPLETE,04/03/2018 21:50,09/03/2018 18:21,11/03/2018,
ZA-00016912,ZAC0000060,03/03/2018 22:01,COMPLETE,05/03/2018 18:20,12/03/2018 06:40,08/03/2018,
ZA-00016913,ZAC0006012,03/03/2018 14:57,COMPLETE,05/03/2018 12:30,13/03/2018 23:39,09/03/2018,
ZA-00016914,ZAC0013383,03/03/2018 12:13,COMPLETE,05/03/2018 08:07,06/03/2018 15:58,08/03/2018,
ZA-00016915,ZAC0017148,03/03/2018 21:16,COMPLETE,05/03/2018 01:57,12/03/2018 21:03,10/03/2018,
ZA-00016916,ZAC0018674,03/03/2018 16:36,COMPLETE,04/03/2018 19:21,10/03/2018 10:26,14/03/2018,
ZA-00016917,ZAC0021306,03/03/2018 09:27,COMPLETE,04/03/2018 21:46,06/03/2018 06:28,08/03/2018,
ZA-00016918,ZAC0015263,03/03/2018 18:20,COMPLETE,12/03/2018 15:22,14/03/2018 19:35,15/03/2018,
ZA-00016919,ZAC0018802,03/03/2018 18:51,COMPLETE,04/03/2018 06:57,07/03/2018 10:45,11/03/2018,
ZA-00016920,ZAC0000012,03/03/2018 18:10,COMPLETE,04/03/2018 20:47,12/03/2018 05:43,07/03/2018,
ZA-00016921,ZAC0019946,03/03/2018 18:35,COMPLETE,07/03/2018 02:09,12/03/2018 13:58,12/03/2018,WELCOME10
ZA-00016922,ZAC0017335,03/03/2018 13:20,COMPLETE,03/03/2018 17:34,06/03/2018 21:26,08/03/2018,
ZA-00016923,ZAC0012858,03/03/2018 12:09,COMPLETE,04/03/2018 09:29,08/03/2018 04:17,14/03/2018,
ZA-00016924,ZAC0023365,03/03/2018 16:06,COMPLETE,05/03/2018 18:13,09/03/2018 09:31,09/03/2018,
ZA-00016925,ZAC0011833,03/03/2018 15:53,DISPATCHED,05/03/2018 02:10,,08/03/2018,
ZA-00016926,ZAC0004560,03/03/2018 15:58,COMPLETE,06/03/2018 02:23,08/03/2018 16:10,11/03/2018,
ZA-00016927,ZAC0012193,03/03/2018 22:00,CANCELLED,,,,
ZA-00016928,ZAC0013478,03/03/2018 20:22,COMPLETE,05/03/2018 05:24,09/03/2018 15:57,09/03/2018,WELCOME10
ZA-00016929,ZAC0019179,03/03/2018 08:36,COMPLETE,06/03/2018 09:10,07/03/2018 19:09,09/03/2018,WINTER15
ZA-00016930,ZAC0020663,03/03/2018 16:58,COMPLETE,09/03/2018 09:04,19/03/2018 10:09,12/03/2018,
ZA-00016931,ZAC0014822,03/03/2018 22:39,COMPLETE,06/03/2018 14:16,11/03/2018 08:29,09/03/2018,
ZA-00016932,ZAC0011877,03/03/2018 09:19,COMPLETE,06/03/2018 22:46,10/03/2018 03:57,09/03/2018,
ZA-00016933,ZAC0016033,03/03/2018 06:56,COMPLETE,09/03/2018 12:08,18/03/2018 14:31,12/03/2018,
ZA-00016934,ZAC0016033,03/03/2018 20:08,COMPLETE,07/03/2018 15:21,13/03/2018 08:37,14/03/2018,
ZA-00016935,ZAC0004237,03/03/2018 15:50,COMPLETE,03/03/2018 21:45,11/03/2018 22:23,08/03/2018,BULK20
ZA-00016936,ZAC0005328,03/03/2018 12:19,COMPLETE,04/03/2018 18:19,06/03/2018 13:52,07/03/2018,
ZA-00016937,ZAC0009282,03/03/2018 13:42,COMPLETE,04/03/2018 08:57,08/03/2018 15:21,09/03/2018,
ZA-00016938,ZAC0012416,03/03/2018 16:34,COMPLETE,06/03/2018 19:28,08/03/2018 02:11,10/03/2018,
ZA-00016939,ZAC0008797,03/03/2018 18:44,COMPLETE,06/03/2018 02:23,07/03/2018 12:30,13/03/2018,
ZA-00016940,ZAC0012364,03/03/2018 14:09,COMPLETE,05/03/2018 14:53,08/03/2018 20:40,15/03/2018,
ZA-00016941,ZAC0011591,03/03/2018 07:45,COMPLETE,04/03/2018 18:31,08/03/2018 18:29,08/03/2018,WELCOME10
ZA-00016942,ZAC0011125,03/03/2018 20:05,COMPLETE,06/03/2018 00:53,06/03/2018 11:42,10/03/2018,
ZA-00016943,ZAC0016331,03/03/2018 17:32,COMPLETE,06/03/2018 23:49,13/03/2018 04:37,11/03/2018,
ZA-00016944,ZAC0022978,04/03/2018 07:02,COMPLETE,10/03/2018 17:43,16/03/2018 08:53,14/03/2018,
ZA-00016945,ZAC0020279,04/03/2018 15:39,COMPLETE,08/03/2018 15:20,17/03/2018 01:22,15/03/2018,
ZA-00016946,ZAC0015472,04/03/2018 16:41,COMPLETE,06/03/2018 23:54,11/03/2018 07:40,09/03/2018,
ZA-00016947,ZAC0006480,04/03/2018 22:27,COMPLETE,08/03/2018 00:36,12/03/2018 03:13,12/03/2018,
ZA-00016948,ZAC0012077,04/03/2018 08:53,COMPLETE,07/03/2018 11:30,11/03/2018 07:16,12/03/2018,
ZA-00016949,ZAC0001233,04/03/2018 15:10,COMPLETE,06/03/2018 06:06,12/03/2018 11:42,10/03/2018,
ZA-00016950,ZAC0018891,04/03/2018 22:03,COMPLETE,05/03/2018 20:56,06/03/2018 18:39,15/03/2018,
ZA-00016951,ZAC0022110,04/03/2018 16:25,COMPLETE,05/03/2018 15:09,10/03/2018 07:25,10/03/2018,
ZA-00016952,ZAC0004656,04/03/2018 15:43,COMPLETE,05/03/2018 05:24,06/03/2018 20:12,09/03/2018,
ZA-00016953,ZAC0010465,04/03/2018 09:31,COMPLETE,05/03/2018 03:02,11/03/2018 06:53,08/03/2018,WELCOME10
ZA-00016954,ZAC0021232,04/03/2018 14:19,COMPLETE,10/03/2018 04:34,12/03/2018 21:08,17/03/2018,
ZA-00016955,ZAC0007297,04/03/2018 17:33,COMPLETE,06/03/2018 15:28,08/03/2018 05:39,10/03/2018,
ZA-00016956,ZAC0016025,04/03/2018 11:55,COMPLETE,05/03/2018 14:35,13/03/2018 10:55,09/03/2018,
ZA-00016957,ZAC0004194,04/03/2018 06:17,COMPLETE,08/03/2018 01:52,14/03/2018 11:27,13/03/2018,
ZA-00016958,ZAC0003247,04/03/2018 18:52,COMPLETE,07/03/2018 16:07,08/03/2018 17:39,11/03/2018,
ZA-00016959,ZAC0012313,04/03/2018 17:21,COMPLETE,05/03/2018 04:24,09/03/2018 00:23,10/03/2018,
ZA-00016960,ZAC0022952,04/03/2018 13:51,COMPLETE,08/03/2018 04:23,17/03/2018 05:12,12/03/2018,
ZA-00016961,ZAC0022191,04/03/2018 13:53,COMPLETE,05/03/2018 19:05,13/03/2018 16:50,12/03/2018,
ZA-00016962,ZAC0007419,04/03/2018 16:07,COMPLETE,06/03/2018 02:26,09/03/2018 21:49,10/03/2018,
ZA-00016963,ZAC0021278,04/03/2018 17:04,DISPATCHED,07/03/2018 08:04,,14/03/2018,
ZA-00016964,ZAC0018090,04/03/2018 20:09,COMPLETE,07/03/2018 18:35,11/03/2018 06:30,11/03/2018,
ZA-00016965,ZAC0001214,04/03/2018 19:23,COMPLETE,05/03/2018 01:57,06/03/2018 20:52,10/03/2018,
ZA-00016966,ZAC0006112,04/03/2018 12:28,COMPLETE,05/03/2018 12:31,07/03/2018 04:47,09/03/2018,
ZA-00016967,ZAC0003414,04/03/2018 06:51,COMPLETE,05/03/2018 13:18,11/03/2018 11:33,09/03/2018,
ZA-00016968,ZAC0019496,04/03/2018 17:46,COMPLETE,06/03/2018 10:51,12/03/2018 05:07,10/03/2018,
ZA-00016969,ZAC0015876,04/03/2018 16:31,COMPLETE,08/03/2018 22:00,10/03/2018 18:59,18/03/2018,
ZA-00016970,ZAC0013166,04/03/2018 10:25,COMPLETE,04/03/2018 20:29,11/03/2018 09:57,08/03/2018,
ZA-00016971,ZAC0018772,04/03/2018 10:24,COMPLETE,08/03/2018 00:12,12/03/2018 03:45,13/03/2018,
ZA-00016972,ZAC0004080,04/03/2018 12:45,COMPLETE,05/03/2018 10:38,11/03/2018 05:51,12/03/2018,
ZA-00016973,ZAC0003404,04/03/2018 21:38,COMPLETE,06/03/2018 19:37,13/03/2018 20:56,09/03/2018,BULK20
ZA-00016974,ZAC0021669,04/03/2018 16:07,COMPLETE,05/03/2018 14:54,07/03/2018 13:51,12/03/2018,
ZA-00016975,ZAC0022948,04/03/2018 10:09,COMPLETE,06/03/2018 16:33,12/03/2018 01:32,10/03/2018,
ZA-00016976,ZAC0003635,04/03/2018 17:19,COMPLETE,06/03/2018 04:21,11/03/2018 15:53,11/03/2018,
ZA-00016977,ZAC0021769,04/03/2018 09:24,COMPLETE,06/03/2018 22:16,09/03/2018 01:40,10/03/2018,
ZA-00016978,ZAC0013478,04/03/2018 06:30,COMPLETE,06/03/2018 03:36,10/03/2018 11:18,10/03/2018,
ZA-00016979,ZAC0019099,04/03/2018 13:58,COMPLETE,08/03/2018 07:50,13/03/2018 20:40,12/03/2018,
ZA-00016980,ZAC0020561,04/03/2018 14:57,COMPLETE,06/03/2018 02:38,10/03/2018 10:15,16/03/2018,
ZA-00016981,ZAC0007953,04/03/2018 08:02,COMPLETE,07/03/2018 19:15,12/03/2018 11:45,11/03/2018,
ZA-00016982,ZAC0007748,04/03/2018 14:48,COMPLETE,05/03/2018 16:19,07/03/2018 14:30,12/03/2018,
ZA-00016983,ZAC0019095,04/03/2018 19:54,COMPLETE,05/03/2018 22:23,06/03/2018 19:59,15/03/2018,
ZA-00016984,ZAC0001389,04/03/2018 08:34,COMPLETE,08/03/2018 06:36,12/03/2018 23:01,13/03/2018,BULK20
ZA-00016985,ZAC0017587,04/03/2018 08:22,COMPLETE,06/03/2018 20:44,10/03/2018 10:38,11/03/2018,
ZA-00016986,ZAC0010969,04/03/2018 20:54,COMPLETE,05/03/2018 14:06,11/03/2018 02:54,10/03/2018,
ZA-00016987,ZAC0020083,04/03/2018 16:16,COMPLETE,05/03/2018 13:26,15/03/2018 04:56,09/03/2018,BULK20
ZA-00016988,ZAC0020363,04/03/2018 21:07,COMPLETE,06/03/2018 01:42,12/03/2018 06:32,10/03/2018,
ZA-00016989,ZAC0014462,04/03/2018 09:28,COMPLETE,05/03/2018 09:11,11/03/2018 03:27,09/03/2018,
ZA-00016990,ZAC0007181,04/03/2018 20:37,COMPLETE,06/03/2018 22:52,08/03/2018 12:39,11/03/2018,
ZA-00016991,ZAC0007675,04/03/2018 11:16,COMPLETE,13/03/2018 17:29,15/03/2018 09:23,16/03/2018,
ZA-00016992,ZAC0019591,04/03/2018 21:36,COMPLETE,07/03/2018 11:48,09/03/2018 11:02,11/03/2018,
ZA-00016993,ZAC0014075,04/03/2018 18:47,COMPLETE,06/03/2018 14:59,11/03/2018 14:58,10/03/2018,
ZA-00016994,ZAC0009502,04/03/2018 12:18,PENDING,,,,
ZA-00016995,ZAC0022481,04/03/2018 19:37,COMPLETE,07/03/2018 13:41,12/03/2018 03:57,12/03/2018,
ZA-00016996,ZAC0000527,04/03/2018 20:54,COMPLETE,08/03/2018 22:48,09/03/2018 17:23,11/03/2018,WINTER15
ZA-00016997,ZAC0000310,04/03/2018 08:57,COMPLETE,06/03/2018 19:17,10/03/2018 23:00,11/03/2018,
ZA-00016998,ZAC0013156,04/03/2018 07:29,COMPLETE,08/03/2018 04:00,11/03/2018 14:34,12/03/2018,
ZA-00016999,ZAC0004379,04/03/2018 10:37,COMPLETE,07/03/2018 17:28,21/03/2018 14:37,12/03/2018,
ZA-00017000,ZAC0005870,04/03/2018 18:27,COMPLETE,06/03/2018 01:13,08/03/2018 15:24,11/03/2018,
ZA-00017001,ZAC0004344,04/03/2018 07:43,COMPLETE,04/03/2018 12:03,06/03/2018 03:19,08/03/2018,
ZA-00017002,ZAC0008527,04/03/2018 14:15,COMPLETE,09/03/2018 12:31,14/03/2018 22:05,13/03/2018,
ZA-00017003,ZAC0017070,04/03/2018 10:43,COMPLETE,07/03/2018 05:29,11/03/2018 04:48,14/03/2018,
ZA-00017004,ZAC0008338,04/03/2018 13:41,COMPLETE,07/03/2018 20:32,15/03/2018 20:13,12/03/2018,
ZA-00017005,ZAC0009415,05/03/2018 17:22,COMPLETE,11/03/2018 16:11,14/03/2018 03:51,15/03/2018,
ZA-00017006,ZAC0008802,05/03/2018 18:11,COMPLETE,10/03/2018 19:35,12/03/2018 21:41,17/03/2018,FLASH25
ZA-00017007,ZAC0007757,05/03/2018 15:04,CANCELLED,,,,
ZA-00017008,ZAC0006035,05/03/2018 09:09,COMPLETE,06/03/2018 13:22,10/03/2018 03:23,10/03/2018,
ZA-00017009,ZAC0012144,05/03/2018 16:29,COMPLETE,06/03/2018 10:51,11/03/2018 12:28,11/03/2018,
ZA-00017010,ZAC0002252,05/03/2018 19:56,COMPLETE,07/03/2018 21:01,12/03/2018 22:13,11/03/2018,
ZA-00017011,ZAC0012712,05/03/2018 08:25,COMPLETE,07/03/2018 17:03,11/03/2018 08:31,14/03/2018,LOYAL5
ZA-00017012,ZAC0020286,05/03/2018 09:15,CANCELLED,,,,
ZA-00017013,ZAC0014798,05/03/2018 17:53,COMPLETE,08/03/2018 03:43,12/03/2018 10:08,11/03/2018,
ZA-00017014,ZAC0022805,05/03/2018 12:38,COMPLETE,09/03/2018 08:36,11/03/2018 20:21,14/03/2018,
ZA-00017015,ZAC0003770,05/03/2018 22:22,COMPLETE,07/03/2018 02:05,10/03/2018 07:30,12/03/2018,
ZA-00017016,ZAC0017662,05/03/2018 12:20,COMPLETE,07/03/2018 03:22,09/03/2018 00:25,14/03/2018,WINTER15
ZA-00017017,ZAC0020221,05/03/2018 17:05,COMPLETE,07/03/2018 02:40,10/03/2018 16:54,10/03/2018,
ZA-00017018,ZAC0011961,05/03/2018 10:20,COMPLETE,07/03/2018 08:58,09/03/2018 01:25,10/03/2018,
ZA-00017019,ZAC0023805,05/03/2018 18:09,COMPLETE,08/03/2018 18:51,12/03/2018 22:51,11/03/2018,FREESHIP
ZA-00017020,ZAC0012515,05/03/2018 14:46,COMPLETE,07/03/2018 23:02,14/03/2018 09:18,11/03/2018,
ZA-00017021,ZAC0016980,05/03/2018 17:26,COMPLETE,10/03/2018 13:46,10/03/2018 23:44,17/03/2018,
ZA-00017022,ZAC0010236,05/03/2018 18:42,COMPLETE,06/03/2018 08:52,16/03/2018 00:32,11/03/2018,
ZA-00017023,ZAC0014121,05/03/2018 16:27,COMPLETE,07/03/2018 06:07,11/03/2018 02:33,11/03/2018,
ZA-00017024,ZAC0016663,05/03/2018 12:03,COMPLETE,05/03/2018 19:18,08/03/2018 16:46,09/03/2018,
ZA-00017025,ZAC0019162,05/03/2018 12:18,COMPLETE,06/03/2018 23:26,09/03/2018 14:10,16/03/2018,
ZA-00017026,ZAC0016664,05/03/2018 17:37,COMPLETE,06/03/2018 04:08,09/03/2018 22:24,11/03/2018,
ZA-00017027,ZAC0001239,05/03/2018 22:58,PENDING,,,,
ZA-00017028,ZAC0004788,05/03/2018 06:40,COMPLETE,06/03/2018 10:31,09/03/2018 20:21,13/03/2018,
ZA-00017029,ZAC0014919,05/03/2018 10:32,COMPLETE,09/03/2018 23:00,14/03/2018 06:15,16/03/2018,
ZA-00017030,ZAC0008045,05/03/2018 07:13,COMPLETE,06/03/2018 13:48,12/03/2018 19:48,11/03/2018,FLASH25
ZA-00017031,ZAC0000863,05/03/2018 08:21,COMPLETE,06/03/2018 12:21,11/03/2018 19:09,10/03/2018,
ZA-00017032,ZAC0021098,05/03/2018 14:35,COMPLETE,10/03/2018 11:03,18/03/2018 06:21,15/03/2018,LOYAL5
ZA-00017033,ZAC0010102,05/03/2018 17:15,COMPLETE,06/03/2018 21:01,14/03/2018 01:37,13/03/2018,
ZA-00017034,ZAC0008538,05/03/2018 08:35,COMPLETE,09/03/2018 04:11,10/03/2018 12:32,16/03/2018,
ZA-00017035,ZAC0015245,05/03/2018 17:35,COMPLETE,07/03/2018 12:52,13/03/2018 00:27,11/03/2018,
ZA-00017036,ZAC0021712,05/03/2018 13:57,COMPLETE,08/03/2018 18:35,15/03/2018 13:39,12/03/2018,
ZA-00017037,ZAC0011100,05/03/2018 18:23,COMPLETE,07/03/2018 09:22,20/03/2018 12:44,11/03/2018,BULK20
ZA-00017038,ZAC0009007,05/03/2018 14:26,COMPLETE,07/03/2018 11:56,10/03/2018 17:52,11/03/2018,
ZA-00017039,ZAC0009040,05/03/2018 20:28,COMPLETE,06/03/2018 14:46,08/03/2018 19:33,09/03/2018,
ZA-00017040,ZAC0013708,05/03/2018 11:04,COMPLETE,07/03/2018 01:45,15/03/2018 05:52,14/03/2018,
ZA-00017041,ZAC0012472,05/03/2018 12:18,COMPLETE,08/03/2018 20:17,15/03/2018 09:28,12/03/2018,
ZA-00017042,ZAC0010335,05/03/2018 22:17,COMPLETE,06/03/2018 23:20,09/03/2018 18:24,11/03/2018,
ZA-00017043,ZAC0003897,05/03/2018 17:25,COMPLETE,07/03/2018 03:16,10/03/2018 16:50,14/03/2018,
ZA-00017044,ZAC0012414,05/03/2018 21:39,COMPLETE,09/03/2018 19:54,20/03/2018 06:25,14/03/2018,FLASH25
ZA-00017045,ZAC0018333,05/03/2018 12:53,COMPLETE,07/03/2018 10:05,09/03/2018 22:21,12/03/2018,
ZA-00017046,ZAC0023964,05/03/2018 08:48,COMPLETE,06/03/2018 12:34,09/03/2018 06:16,10/03/2018,
ZA-00017047,ZAC0020256,05/03/2018 12:41,COMPLETE,09/03/2018 04:38,11/03/2018 14:43,12/03/2018,FREESHIP
ZA-00017048,ZAC0003634,05/03/2018 11:54,COMPLETE,09/03/2018 07:52,14/03/2018 09:18,16/03/2018,
ZA-00017049,ZAC0017686,05/03/2018 11:58,COMPLETE,07/03/2018 04:29,13/03/2018 12:08,11/03/2018,
ZA-00017050,ZAC0012649,05/03/2018 09:18,COMPLETE,05/03/2018 23:49,09/03/2018 13:01,12/03/2018,
ZA-00017051,ZAC0003415,05/03/2018 08:47,COMPLETE,06/03/2018 10:39,11/03/2018 17:44,11/03/2018,LOYAL5
ZA-00017052,ZAC0021641,05/03/2018 06:38,COMPLETE,06/03/2018 03:51,08/03/2018 10:47,11/03/2018,
ZA-00017053,ZAC0007396,05/03/2018 20:26,COMPLETE,07/03/2018 19:24,09/03/2018 18:30,11/03/2018,
ZA-00017054,ZAC0023564,05/03/2018 15:11,COMPLETE,07/03/2018 07:47,09/03/2018 21:35,12/03/2018,BULK20
ZA-00017055,ZAC0015654,05/03/2018 13:03,COMPLETE,07/03/2018 13:49,09/03/2018 02:15,12/03/2018,
ZA-00017056,ZAC0023558,05/03/2018 18:34,COMPLETE,08/03/2018 11:30,16/03/2018 13:36,15/03/2018,
ZA-00017057,ZAC0007597,05/03/2018 17:10,COMPLETE,08/03/2018 08:05,10/03/2018 12:42,12/03/2018,
ZA-00017058,ZAC0000665,05/03/2018 12:29,COMPLETE,06/03/2018 22:18,08/03/2018 19:49,10/03/2018,
ZA-00017059,ZAC0000029,05/03/2018 10:53,COMPLETE,07/03/2018 02:06,10/03/2018 10:55,14/03/2018,LOYAL5
ZA-00017060,ZAC0008108,05/03/2018 22:21,COMPLETE,07/03/2018 01:23,08/03/2018 07:09,11/03/2018,WELCOME10
ZA-00017061,ZAC0000402,05/03/2018 18:46,CANCELLED,,,,
ZA-00017062,ZAC0008101,06/03/2018 20:08,COMPLETE,10/03/2018 08:08,15/03/2018 14:08,14/03/2018,
ZA-00017063,ZAC0012171,06/03/2018 20:01,COMPLETE,07/03/2018 13:45,10/03/2018 01:38,11/03/2018,BULK20
ZA-00017064,ZAC0002593,06/03/2018 14:59,COMPLETE,09/03/2018 20:57,16/03/2018 02:37,13/03/2018,
ZA-00017065,ZAC0004676,06/03/2018 09:51,COMPLETE,10/03/2018 11:17,10/03/2018 17:40,14/03/2018,
ZA-00017066,ZAC0018097,06/03/2018 18:50,COMPLETE,08/03/2018 03:22,14/03/2018 00:39,11/03/2018,FLASH25
ZA-00017067,ZAC0007268,06/03/2018 10:43,COMPLETE,07/03/2018 10:51,19/03/2018 15:09,14/03/2018,
ZA-00017068,ZAC0023832,06/03/2018 07:41,COMPLETE,06/03/2018 18:14,08/03/2018 05:30,13/03/2018,LOYAL5
ZA-00017069,ZAC0023445,06/03/2018 13:42,COMPLETE,07/03/2018 01:03,13/03/2018 23:52,12/03/2018,
ZA-00017070,ZAC0020245,06/03/2018 11:48,COMPLETE,09/03/2018 01:23,10/03/2018 21:22,13/03/2018,
ZA-00017071,ZAC0006289,06/03/2018 06:18,COMPLETE,09/03/2018 05:32,10/03/2018 08:09,14/03/2018,
ZA-00017072,ZAC0003851,06/03/2018 08:50,COMPLETE,07/03/2018 14:58,09/03/2018 15:40,12/03/2018,
ZA-00017073,ZAC0006573,06/03/2018 10:31,COMPLETE,08/03/2018 22:01,13/03/2018 13:34,11/03/2018,
ZA-00017074,ZAC0020355,06/03/2018 22:45,COMPLETE,08/03/2018 22:38,16/03/2018 11:30,13/03/2018,
ZA-00017075,ZAC0008454,06/03/2018 08:09,COMPLETE,08/03/2018 12:14,11/03/2018 11:50,12/03/2018,BULK20
ZA-00017076,ZAC0006705,06/03/2018 09:36,COMPLETE,07/03/2018 23:03,14/03/2018 21:19,14/03/2018,
ZA-00017077,ZAC0003267,06/03/2018 21:34,COMPLETE,08/03/2018 06:22,08/03/2018 20:19,11/03/2018,FREESHIP
ZA-00017078,ZAC0011063,06/03/2018 16:31,COMPLETE,08/03/2018 00:28,16/03/2018 17:51,13/03/2018,
ZA-00017079,ZAC0016756,06/03/2018 08:23,CANCELLED,,,,
ZA-00017080,ZAC0000267,06/03/2018 18:00,CANCELLED,,,,
ZA-00017081,ZAC0023227,06/03/2018 13:58,COMPLETE,13/03/2018 21:06,18/03/2018 03:33,16/03/2018,BULK20
ZA-00017082,ZAC0017900,06/03/2018 17:13,COMPLETE,08/03/2018 12:17,11/03/2018 21:45,12/03/2018,
ZA-00017083,ZAC0023339,06/03/2018 17:14,COMPLETE,07/03/2018 17:25,10/03/2018 04:20,11/03/2018,
ZA-00017084,ZAC0023125,06/03/2018 18:08,COMPLETE,08/03/2018 04:33,15/03/2018 06:53,13/03/2018,
ZA-00017085,ZAC0007550,06/03/2018 19:09,COMPLETE,08/03/2018 01:27,14/03/2018 09:14,15/03/2018,
ZA-00017086,ZAC0008343,06/03/2018 16:01,COMPLETE,07/03/2018 16:35,08/03/2018 22:10,11/03/2018,
ZA-00017087,ZAC0020237,06/03/2018 13:27,COMPLETE,07/03/2018 16:20,09/03/2018 07:55,14/03/2018,
ZA-00017088,ZAC0016056,06/03/2018 07:34,COMPLETE,09/03/2018 01:56,12/03/2018 11:31,16/03/2018,WELCOME10
ZA-00017089,ZAC0005446,06/03/2018 13:51,COMPLETE,07/03/2018 07:50,12/03/2018 14:01,12/03/2018,
ZA-00017090,ZAC0005982,06/03/2018 18:58,COMPLETE,10/03/2018 12:51,12/03/2018 18:30,14/03/2018,
ZA-00017091,ZAC0023137,06/03/2018 21:33,COMPLETE,10/03/2018 18:40,13/03/2018 13:04,17/03/2018,
ZA-00017092,ZAC0005363,06/03/2018 10:34,COMPLETE,08/03/2018 13:57,13/03/2018 17:07,13/03/2018,
ZA-00017093,ZAC0006246,06/03/2018 13:10,COMPLETE,10/03/2018 10:58,12/03/2018 12:30,20/03/2018,
ZA-00017094,ZAC0019231,06/03/2018 09:34,COMPLETE,08/03/2018 09:31,13/03/2018 13:12,12/03/2018,
ZA-00017095,ZAC0000293,06/03/2018 08:02,COMPLETE,14/03/2018 07:58,21/03/2018 16:27,19/03/2018,
ZA-00017096,ZAC0011853,06/03/2018 08:56,COMPLETE,07/03/2018 10:45,10/03/2018 22:02,14/03/2018,FLASH25
ZA-00017097,ZAC0014545,06/03/2018 13:16,COMPLETE,07/03/2018 09:20,09/03/2018 14:47,14/03/2018,
ZA-00017098,ZAC0000834,06/03/2018 22:25,COMPLETE,08/03/2018 00:17,11/03/2018 10:38,12/03/2018,
ZA-00017099,ZAC0015151,06/03/2018 20:36,COMPLETE,08/03/2018 02:49,13/03/2018 05:33,12/03/2018,
ZA-00017100,ZAC0015361,06/03/2018 07:56,COMPLETE,09/03/2018 02:16,15/03/2018 14:40,13/03/2018,
ZA-00017101,ZAC0023476,06/03/2018 13:54,COMPLETE,08/03/2018 06:43,15/03/2018 09:47,15/03/2018,
ZA-00017102,ZAC0004350,06/03/2018 13:45,COMPLETE,11/03/2018 07:30,12/03/2018 02:35,21/03/2018,
ZA-00017103,ZAC0014588,06/03/2018 14:10,COMPLETE,07/03/2018 14:00,14/03/2018 14:17,10/03/2018,
ZA-00017104,ZAC0022461,06/03/2018 07:17,COMPLETE,08/03/2018 08:46,10/03/2018 05:03,15/03/2018,
ZA-00017105,ZAC0009352,06/03/2018 18:47,COMPLETE,09/03/2018 23:53,14/03/2018 03:14,14/03/2018,LOYAL5
ZA-00017106,ZAC0015006,06/03/2018 14:36,COMPLETE,07/03/2018 11:20,09/03/2018 06:11,14/03/2018,
ZA-00017107,ZAC0005422,06/03/2018 07:17,COMPLETE,10/03/2018 01:06,10/03/2018 17:43,15/03/2018,
ZA-00017108,ZAC0010909,06/03/2018 09:01,COMPLETE,07/03/2018 20:50,15/03/2018 12:09,11/03/2018,
ZA-00017109,ZAC0018724,06/03/2018 17:31,COMPLETE,08/03/2018 16:26,12/03/2018 11:13,18/03/2018,
ZA-00017110,ZAC0004897,06/03/2018 07:42,COMPLETE,08/03/2018 13:47,11/03/2018 16:54,13/03/2018,
ZA-00017111,ZAC0001722,06/03/2018 09:14,COMPLETE,07/03/2018 18:31,11/03/2018 11:03,11/03/2018,
ZA-00017112,ZAC0006877,06/03/2018 11:29,COMPLETE,09/03/2018 06:34,15/03/2018 23:14,16/03/2018,
ZA-00017113,ZAC0007851,06/03/2018 09:45,COMPLETE,08/03/2018 06:01,12/03/2018 02:47,12/03/2018,
ZA-00017114,ZAC0005404,06/03/2018 14:14,COMPLETE,08/03/2018 13:54,13/03/2018 18:05,11/03/2018,
ZA-00017115,ZAC0018719,06/03/2018 10:26,COMPLETE,08/03/2018 20:13,16/03/2018 15:46,12/03/2018,
ZA-00017116,ZAC0008995,06/03/2018 21:39,COMPLETE,08/03/2018 08:10,11/03/2018 01:02,11/03/2018,
ZA-00017117,ZAC0022894,06/03/2018 13:49,COMPLETE,12/03/2018 16:50,24/03/2018 06:00,16/03/2018,
ZA-00017118,ZAC0015834,06/03/2018 06:02,COMPLETE,07/03/2018 16:44,08/03/2018 18:53,10/03/2018,
ZA-00017119,ZAC0018473,06/03/2018 08:00,COMPLETE,07/03/2018 08:29,15/03/2018 01:57,14/03/2018,
ZA-00017120,ZAC0009309,06/03/2018 16:32,COMPLETE,08/03/2018 07:51,14/03/2018 18:28,13/03/2018,
ZA-00017121,ZAC0023020,06/03/2018 11:33,COMPLETE,10/03/2018 05:53,13/03/2018 17:47,14/03/2018,
ZA-00017122,ZAC0005995,06/03/2018 14:34,COMPLETE,08/03/2018 06:50,11/03/2018 14:36,13/03/2018,LOYAL5
ZA-00017123,ZAC0003692,06/03/2018 20:04,DISPATCHED,07/03/2018 16:14,,12/03/2018,
ZA-00017124,ZAC0000079,06/03/2018 17:20,COMPLETE,07/03/2018 08:51,08/03/2018 22:23,10/03/2018,
ZA-00017125,ZAC0004144,06/03/2018 17:39,COMPLETE,08/03/2018 04:12,14/03/2018 09:09,18/03/2018,
ZA-00017126,ZAC0013132,07/03/2018 10:25,COMPLETE,08/03/2018 05:38,13/03/2018 08:37,15/03/2018,
ZA-00017127,ZAC0003046,07/03/2018 16:05,COMPLETE,12/03/2018 14:23,18/03/2018 00:45,16/03/2018,
ZA-00017128,ZAC0014390,07/03/2018 20:31,COMPLETE,11/03/2018 09:48,12/03/2018 19:43,16/03/2018,
ZA-00017129,ZAC0006454,07/03/2018 22:02,COMPLETE,09/03/2018 12:35,17/03/2018 20:51,14/03/2018,
ZA-00017130,ZAC0021676,07/03/2018 13:07,DISPATCHED,08/03/2018 11:37,,11/03/2018,LOYAL5
ZA-00017131,ZAC0015077,07/03/2018 17:09,COMPLETE,08/03/2018 04:57,15/03/2018 13:19,12/03/2018,
ZA-00017132,ZAC0012678,07/03/2018 20:40,COMPLETE,09/03/2018 13:10,14/03/2018 04:41,12/03/2018,
ZA-00017133,ZAC0015601,07/03/2018 07:37,COMPLETE,08/03/2018 15:15,14/03/2018 20:50,12/03/2018,BULK20
ZA-00017134,ZAC0023338,07/03/2018 22:59,CANCELLED,,,,
ZA-00017135,ZAC0014883,07/03/2018 14:38,COMPLETE,11/03/2018 09:39,16/03/2018 00:42,14/03/2018,
ZA-00017136,ZAC0011786,07/03/2018 21:27,COMPLETE,11/03/2018 16:01,20/03/2018 00:24,21/03/2018,
ZA-00017137,ZAC0002058,07/03/2018 08:03,COMPLETE,10/03/2018 13:28,13/03/2018 06:25,20/03/2018,WELCOME10
ZA-00017138,ZAC0001072,07/03/2018 11:07,COMPLETE,08/03/2018 00:47,18/03/2018 23:06,13/03/2018,BULK20
ZA-00017139,ZAC0011243,07/03/2018 07:53,COMPLETE,10/03/2018 04:07,11/03/2018 15:49,14/03/2018,
ZA-00017140,ZAC0021765,07/03/2018 16:42,DISPATCHED,09/03/2018 14:16,,16/03/2018,
ZA-00017141,ZAC0022707,07/03/2018 10:18,COMPLETE,09/03/2018 16:03,14/03/2018 15:08,13/03/2018,
ZA-00017142,ZAC0007660,07/03/2018 11:11,COMPLETE,09/03/2018 21:01,19/03/2018 14:13,13/03/2018,
ZA-00017143,ZAC0021945,07/03/2018 18:12,COMPLETE,10/03/2018 10:05,20/03/2018 12:48,17/03/2018,
ZA-00017144,ZAC0020857,07/03/2018 18:28,COMPLETE,08/03/2018 04:28,09/03/2018 19:22,11/03/2018,
ZA-00017145,ZAC0015806,07/03/2018 12:57,COMPLETE,11/03/2018 02:52,13/03/2018 23:36,14/03/2018,
ZA-00017146,ZAC0019702,07/03/2018 17:43,COMPLETE,09/03/2018 04:54,11/03/2018 20:28,19/03/2018,
ZA-00017147,ZAC0019685,07/03/2018 17:40,COMPLETE,09/03/2018 02:19,19/03/2018 21:14,14/03/2018,
ZA-00017148,ZAC0015213,07/03/2018 11:22,COMPLETE,08/03/2018 14:24,12/03/2018 20:20,13/03/2018,LOYAL5
ZA-00017149,ZAC0002987,07/03/2018 17:32,COMPLETE,08/03/2018 13:40,14/03/2018 03:33,11/03/2018,
ZA-00017150,ZAC0001285,07/03/2018 10:34,COMPLETE,08/03/2018 14:47,10/03/2018 05:05,18/03/2018,BULK20
ZA-00017151,ZAC0014927,07/03/2018 18:35,COMPLETE,09/03/2018 14:31,11/03/2018 13:16,16/03/2018,LOYAL5
ZA-00017152,ZAC0007796,07/03/2018 10:51,COMPLETE,11/03/2018 05:43,12/03/2018 15:44,14/03/2018,
ZA-00017153,ZAC0002348,07/03/2018 16:46,COMPLETE,10/03/2018 09:16,18/03/2018 10:52,20/03/2018,
ZA-00017154,ZAC0011455,07/03/2018 07:14,COMPLETE,08/03/2018 03:58,12/03/2018 04:41,13/03/2018,
ZA-00017155,ZAC0003107,07/03/2018 09:48,COMPLETE,09/03/2018 16:39,10/03/2018 20:03,16/03/2018,
ZA-00017156,ZAC0009349,07/03/2018 08:44,COMPLETE,08/03/2018 18:20,15/03/2018 12:17,15/03/2018,
ZA-00017157,ZAC0018979,07/03/2018 15:22,COMPLETE,12/03/2018 01:19,14/03/2018 03:42,16/03/2018,
ZA-00017158,ZAC0022846,07/03/2018 19:38,COMPLETE,13/03/2018 12:23,15/03/2018 14:06,23/03/2018,
ZA-00017159,ZAC0005452,07/03/2018 13:12,COMPLETE,08/03/2018 18:18,14/03/2018 18:12,13/03/2018,
ZA-00017160,ZAC0010233,07/03/2018 15:36,COMPLETE,09/03/2018 19:54,13/03/2018 07:01,12/03/2018,
ZA-00017161,ZAC0023719,07/03/2018 11:00,COMPLETE,08/03/2018 19:03,15/03/2018 19:24,18/03/2018,WELCOME10
ZA-00017162,ZAC0021786,07/03/2018 10:22,COMPLETE,19/03/2018 14:15,23/03/2018 13:12,26/03/2018,WINTER15
ZA-00017163,ZAC0008682,07/03/2018 18:44,COMPLETE,11/03/2018 03:02,17/03/2018 02:44,15/03/2018,FREESHIP
ZA-00017164,ZAC0023356,07/03/2018 07:10,COMPLETE,10/03/2018 04:25,11/03/2018 07:05,14/03/2018,
ZA-00017165,ZAC0022249,07/03/2018 20:47,COMPLETE,08/03/2018 16:40,13/03/2018 01:44,13/03/2018,FREESHIP
ZA-00017166,ZAC0006787,07/03/2018 08:58,COMPLETE,11/03/2018 17:31,16/03/2018 08:30,15/03/2018,
ZA-00017167,ZAC0016434,07/03/2018 15:41,COMPLETE,07/03/2018 18:41,11/03/2018 06:51,12/03/2018,
ZA-00017168,ZAC0009164,07/03/2018 22:06,COMPLETE,09/03/2018 15:13,12/03/2018 03:14,12/03/2018,FREESHIP
ZA-00017169,ZAC0009740,07/03/2018 19:04,COMPLETE,10/03/2018 03:13,17/03/2018 15:47,13/03/2018,
ZA-00017170,ZAC0000046,07/03/2018 16:12,COMPLETE,09/03/2018 17:03,13/03/2018 03:43,14/03/2018,
ZA-00017171,ZAC0019477,07/03/2018 22:44,COMPLETE,09/03/2018 11:12,15/03/2018 18:11,13/03/2018,
ZA-00017172,ZAC0011812,07/03/2018 11:10,CANCELLED,,,,
ZA-00017173,ZAC0007365,07/03/2018 12:35,COMPLETE,08/03/2018 06:25,12/03/2018 16:47,18/03/2018,LOYAL5
ZA-00017174,ZAC0015162,07/03/2018 19:37,COMPLETE,08/03/2018 16:12,12/03/2018 13:50,13/03/2018,LOYAL5
ZA-00017175,ZAC0002734,07/03/2018 22:00,COMPLETE,09/03/2018 17:11,10/03/2018 09:08,14/03/2018,
ZA-00017176,ZAC0019773,07/03/2018 18:08,COMPLETE,09/03/2018 10:48,13/03/2018 16:30,13/03/2018,
ZA-00017177,ZAC0002510,07/03/2018 12:00,COMPLETE,08/03/2018 22:22,18/03/2018 15:51,12/03/2018,
ZA-00017178,ZAC0023798,07/03/2018 22:28,COMPLETE,10/03/2018 19:16,17/03/2018 13:03,14/03/2018,FREESHIP
ZA-00017179,ZAC0014774,07/03/2018 10:44,COMPLETE,08/03/2018 00:47,19/03/2018 00:39,13/03/2018,FLASH25
ZA-00017180,ZAC0018096,07/03/2018 16:17,COMPLETE,09/03/2018 17:38,14/03/2018 07:58,16/03/2018,
ZA-00017181,ZAC0000786,07/03/2018 21:56,COMPLETE,12/03/2018 17:54,13/03/2018 18:44,16/03/2018,
ZA-00017182,ZAC0013123,07/03/2018 10:24,COMPLETE,11/03/2018 08:02,14/03/2018 12:56,14/03/2018,
ZA-00017183,ZAC0020057,07/03/2018 09:06,COMPLETE,08/03/2018 11:05,10/03/2018 19:33,18/03/2018,LOYAL5
ZA-00017184,ZAC0007286,07/03/2018 11:37,COMPLETE,08/03/2018 19:32,11/03/2018 18:02,12/03/2018,
ZA-00017185,ZAC0020188,07/03/2018 17:15,COMPLETE,08/03/2018 23:03,12/03/2018 07:07,13/03/2018,
ZA-00017186,ZAC0007172,07/03/2018 16:36,COMPLETE,10/03/2018 00:48,16/03/2018 02:38,17/03/2018,
ZA-00017187,ZAC0011409,08/03/2018 11:41,COMPLETE,11/03/2018 00:32,13/03/2018 15:04,18/03/2018,
ZA-00017188,ZAC0013732,08/03/2018 19:33,RETURNED,14/03/2018 23:23,16/03/2018 07:46,18/03/2018,
ZA-00017189,ZAC0009640,08/03/2018 21:41,COMPLETE,12/03/2018 06:12,15/03/2018 17:11,15/03/2018,
ZA-00017190,ZAC0004182,08/03/2018 08:29,COMPLETE,09/03/2018 00:11,15/03/2018 16:00,12/03/2018,
ZA-00017191,ZAC0010782,08/03/2018 18:51,COMPLETE,12/03/2018 20:44,19/03/2018 21:01,17/03/2018,WINTER15
ZA-00017192,ZAC0016911,08/03/2018 19:26,COMPLETE,11/03/2018 03:25,17/03/2018 08:32,16/03/2018,WINTER15
ZA-00017193,ZAC0010087,08/03/2018 15:33,PENDING,,,,
ZA-00017194,ZAC0015835,08/03/2018 15:00,COMPLETE,10/03/2018 17:57,18/03/2018 16:02,15/03/2018,
ZA-00017195,ZAC0004936,08/03/2018 17:41,COMPLETE,10/03/2018 06:39,12/03/2018 08:00,14/03/2018,
ZA-00017196,ZAC0007234,08/03/2018 17:28,COMPLETE,13/03/2018 06:42,21/03/2018 20:52,20/03/2018,
ZA-00017197,ZAC0001471,08/03/2018 11:51,COMPLETE,10/03/2018 22:58,19/03/2018 06:10,14/03/2018,
ZA-00017198,ZAC0016998,08/03/2018 08:12,COMPLETE,09/03/2018 15:21,10/03/2018 11:20,12/03/2018,
ZA-00017199,ZAC0018143,08/03/2018 22:16,COMPLETE,10/03/2018 05:53,12/03/2018 03:46,13/03/2018,
ZA-00017200,ZAC0013155,08/03/2018 10:35,COMPLETE,10/03/2018 08:43,18/03/2018 18:48,13/03/2018,
ZA-00017201,ZAC0000924,08/03/2018 09:21,COMPLETE,10/03/2018 05:21,13/03/2018 09:18,14/03/2018,WINTER15
ZA-00017202,ZAC0010373,08/03/2018 17:42,COMPLETE,11/03/2018 07:40,13/03/2018 14:37,16/03/2018,
ZA-00017203,ZAC0017387,08/03/2018 19:23,COMPLETE,10/03/2018 10:07,13/03/2018 03:09,14/03/2018,
ZA-00017204,ZAC0001662,08/03/2018 18:33,COMPLETE,09/03/2018 10:57,13/03/2018 05:27,13/03/2018,
ZA-00017205,ZAC0014216,08/03/2018 16:16,COMPLETE,11/03/2018 11:19,20/03/2018 16:08,18/03/2018,
ZA-00017206,ZAC0002868,08/03/2018 19:54,COMPLETE,09/03/2018 17:16,17/03/2018 06:32,14/03/2018,
ZA-00017207,ZAC0021246,08/03/2018 17:27,COMPLETE,09/03/2018 18:12,12/03/2018 13:55,13/03/2018,
ZA-00017208,ZAC0020266,08/03/2018 10:32,DISPATCHED,11/03/2018 18:22,,15/03/2018,
ZA-00017209,ZAC0019130,08/03/2018 21:42,COMPLETE,10/03/2018 19:53,14/03/2018 02:42,13/03/2018,
ZA-00017210,ZAC0015854,08/03/2018 08:48,COMPLETE,08/03/2018 23:02,11/03/2018 00:14,15/03/2018,
ZA-00017211,ZAC0018116,08/03/2018 22:56,COMPLETE,10/03/2018 16:33,17/03/2018 02:39,17/03/2018,LOYAL5
ZA-00017212,ZAC0003478,08/03/2018 09:08,RETURNED,09/03/2018 23:17,12/03/2018 04:08,16/03/2018,FLASH25
ZA-00017213,ZAC0000890,08/03/2018 22:37,COMPLETE,09/03/2018 15:43,12/03/2018 15:28,14/03/2018,WINTER15
ZA-00017214,ZAC0012700,08/03/2018 08:08,COMPLETE,11/03/2018 10:38,12/03/2018 05:21,18/03/2018,
ZA-00017215,ZAC0005945,08/03/2018 15:07,CANCELLED,,,,
ZA-00017216,ZAC0004858,08/03/2018 15:15,COMPLETE,10/03/2018 19:14,12/03/2018 08:14,15/03/2018,
ZA-00017217,ZAC0010698,08/03/2018 18:03,COMPLETE,09/03/2018 08:27,15/03/2018 11:41,13/03/2018,
ZA-00017218,ZAC0009137,08/03/2018 11:07,COMPLETE,11/03/2018 07:20,16/03/2018 11:45,15/03/2018,
ZA-00017219,ZAC0011816,08/03/2018 18:58,COMPLETE,10/03/2018 12:51,11/03/2018 21:15,13/03/2018,
ZA-00017220,ZAC0018857,08/03/2018 06:39,COMPLETE,11/03/2018 02:03,15/03/2018 01:57,18/03/2018,
ZA-00017221,ZAC0003617,08/03/2018 18:42,COMPLETE,14/03/2018 05:07,17/03/2018 14:37,18/03/2018,
ZA-00017222,ZAC0008186,08/03/2018 06:35,COMPLETE,10/03/2018 09:02,12/03/2018 04:52,15/03/2018,
ZA-00017223,ZAC0023328,08/03/2018 16:20,COMPLETE,10/03/2018 15:54,14/03/2018 20:36,14/03/2018,
ZA-00017224,ZAC0013351,08/03/2018 22:59,COMPLETE,11/03/2018 14:21,19/03/2018 13:34,15/03/2018,FLASH25
ZA-00017225,ZAC0013570,08/03/2018 08:03,COMPLETE,10/03/2018 12:30,25/03/2018 08:31,20/03/2018,
ZA-00017226,ZAC0015471,08/03/2018 18:06,COMPLETE,10/03/2018 22:54,15/03/2018 23:12,15/03/2018,
ZA-00017227,ZAC0009692,08/03/2018 18:00,COMPLETE,10/03/2018 16:12,17/03/2018 08:58,13/03/2018,
ZA-00017228,ZAC0022194,08/03/2018 19:28,COMPLETE,09/03/2018 22:06,13/03/2018 06:20,16/03/2018,FREESHIP
ZA-00017229,ZAC0005895,08/03/2018 19:48,COMPLETE,12/03/2018 16:30,17/03/2018 21:40,15/03/2018,WELCOME10
ZA-00017230,ZAC0006464,08/03/2018 14:30,COMPLETE,08/03/2018 20:49,13/03/2018 04:14,13/03/2018,
ZA-00017231,ZAC0007016,08/03/2018 18:55,COMPLETE,11/03/2018 21:11,17/03/2018 10:08,16/03/2018,
ZA-00017232,ZAC0021150,08/03/2018 17:15,COMPLETE,10/03/2018 02:33,13/03/2018 17:59,14/03/2018,
ZA-00017233,ZAC0002371,08/03/2018 06:13,COMPLETE,09/03/2018 12:10,11/03/2018 11:34,13/03/2018,WINTER15
ZA-00017234,ZAC0009385,08/03/2018 21:53,COMPLETE,09/03/2018 23:25,15/03/2018 02:41,13/03/2018,
ZA-00017235,ZAC0017555,08/03/2018 22:42,COMPLETE,09/03/2018 04:43,10/03/2018 13:55,14/03/2018,
ZA-00017236,ZAC0013293,08/03/2018 11:29,COMPLETE,12/03/2018 10:56,14/03/2018 22:48,15/03/2018,FLASH25
ZA-00017237,ZAC0005464,08/03/2018 11:44,COMPLETE,10/03/2018 09:20,19/03/2018 11:02,13/03/2018,WINTER15
ZA-00017238,ZAC0000095,08/03/2018 11:40,COMPLETE,10/03/2018 01:14,16/03/2018 00:25,14/03/2018,
ZA-00017239,ZAC0020140,08/03/2018 13:32,COMPLETE,10/03/2018 17:36,14/03/2018 22:02,17/03/2018,
ZA-00017240,ZAC0003058,08/03/2018 14:15,COMPLETE,11/03/2018 06:12,17/03/2018 15:39,15/03/2018,BULK20
ZA-00017241,ZAC0011618,08/03/2018 21:20,COMPLETE,12/03/2018 14:30,16/03/2018 17:00,15/03/2018,
ZA-00017242,ZAC0023594,08/03/2018 17:35,COMPLETE,11/03/2018 13:12,12/03/2018 05:42,14/03/2018,FLASH25
ZA-00017243,ZAC0021958,08/03/2018 10:08,COMPLETE,09/03/2018 22:39,21/03/2018 06:10,12/03/2018,
ZA-00017244,ZAC0004070,08/03/2018 10:05,COMPLETE,08/03/2018 23:41,18/03/2018 02:39,12/03/2018,FREESHIP
ZA-00017245,ZAC0011555,08/03/2018 16:16,COMPLETE,11/03/2018 02:43,14/03/2018 20:26,15/03/2018,
ZA-00017246,ZAC0003524,08/03/2018 19:43,COMPLETE,09/03/2018 09:24,11/03/2018 04:21,14/03/2018,
ZA-00017247,ZAC0018416,08/03/2018 21:30,COMPLETE,09/03/2018 04:24,13/03/2018 12:52,12/03/2018,
ZA-00017248,ZAC0001271,08/03/2018 11:49,COMPLETE,11/03/2018 23:22,18/03/2018 19:22,18/03/2018,
ZA-00017249,ZAC0015087,08/03/2018 08:55,COMPLETE,11/03/2018 08:50,17/03/2018 01:28,15/03/2018,
ZA-00017250,ZAC0017672,09/03/2018 16:04,COMPLETE,10/03/2018 17:34,15/03/2018 13:31,14/03/2018,
ZA-00017251,ZAC0000257,09/03/2018 13:31,COMPLETE,12/03/2018 03:57,22/03/2018 10:29,16/03/2018,
ZA-00017252,ZAC0023900,09/03/2018 17:39,COMPLETE,12/03/2018 09:00,13/03/2018 02:56,17/03/2018,
ZA-00017253,ZAC0013067,09/03/2018 08:58,COMPLETE,12/03/2018 23:58,16/03/2018 14:14,17/03/2018,FREESHIP
ZA-00017254,ZAC0001092,09/03/2018 08:44,COMPLETE,13/03/2018 04:49,20/03/2018 13:40,17/03/2018,
ZA-00017255,ZAC0012972,09/03/2018 09:02,COMPLETE,11/03/2018 04:05,20/03/2018 13:13,14/03/2018,
ZA-00017256,ZAC0005281,09/03/2018 21:24,COMPLETE,12/03/2018 10:16,15/03/2018 20:24,15/03/2018,
ZA-00017257,ZAC0021163,09/03/2018 17:41,COMPLETE,13/03/2018 09:50,13/03/2018 22:56,18/03/2018,
ZA-00017258,ZAC0001923,09/03/2018 07:32,COMPLETE,12/03/2018 00:24,16/03/2018 01:49,16/03/2018,
ZA-00017259,ZAC0014579,09/03/2018 16:45,COMPLETE,13/03/2018 05:03,16/03/2018 20:33,20/03/2018,
ZA-00017260,ZAC0002807,09/03/2018 14:03,COMPLETE,13/03/2018 05:57,16/03/2018 21:37,17/03/2018,
ZA-00017261,ZAC0004313,09/03/2018 09:46,COMPLETE,12/03/2018 10:08,19/03/2018 13:49,15/03/2018,
ZA-00017262,ZAC0010648,09/03/2018 14:56,COMPLETE,10/03/2018 21:56,12/03/2018 09:12,15/03/2018,BULK20
ZA-00017263,ZAC0019087,09/03/2018 09:00,COMPLETE,11/03/2018 14:32,12/03/2018 08:42,18/03/2018,
ZA-00017264,ZAC0009515,09/03/2018 09:15,COMPLETE,13/03/2018 00:35,15/03/2018 08:13,18/03/2018,FLASH25
ZA-00017265,ZAC0022774,09/03/2018 11:55,COMPLETE,12/03/2018 15:58,19/03/2018 09:06,22/03/2018,
ZA-00017266,ZAC0009059,09/03/2018 13:17,DISPATCHED,11/03/2018 01:22,,14/03/2018,BULK20
ZA-00017267,ZAC0017491,09/03/2018 11:19,COMPLETE,14/03/2018 07:59,15/03/2018 14:23,18/03/2018,
ZA-00017268,ZAC0009907,09/03/2018 07:11,COMPLETE,10/03/2018 19:32,12/03/2018 15:50,17/03/2018,BULK20
ZA-00017269,ZAC0015199,09/03/2018 20:57,COMPLETE,11/03/2018 10:45,12/03/2018 21:58,21/03/2018,
ZA-00017270,ZAC0019418,09/03/2018 08:08,COMPLETE,10/03/2018 20:37,16/03/2018 17:52,14/03/2018,
ZA-00017271,ZAC0015980,09/03/2018 22:58,COMPLETE,12/03/2018 14:13,13/03/2018 17:51,16/03/2018,
ZA-00017272,ZAC0011003,09/03/2018 10:24,PENDING,,,,
ZA-00017273,ZAC0010684,09/03/2018 11:54,COMPLETE,09/03/2018 22:53,11/03/2018 13:05,12/03/2018,WELCOME10
ZA-00017274,ZAC0011569,09/03/2018 21:45,COMPLETE,10/03/2018 16:46,13/03/2018 21:45,17/03/2018,
ZA-00017275,ZAC0001084,09/03/2018 22:33,COMPLETE,11/03/2018 03:20,17/03/2018 00:24,16/03/2018,WELCOME10
ZA-00017276,ZAC0002132,09/03/2018 07:30,COMPLETE,11/03/2018 00:21,17/03/2018 01:43,15/03/2018,
ZA-00017277,ZAC0014627,09/03/2018 22:21,COMPLETE,10/03/2018 23:57,17/03/2018 13:57,15/03/2018,
ZA-00017278,ZAC0001066,09/03/2018 11:12,COMPLETE,11/03/2018 20:40,20/03/2018 23:36,16/03/2018,
ZA-00017279,ZAC0022888,09/03/2018 15:08,COMPLETE,10/03/2018 17:58,16/03/2018 15:50,14/03/2018,FLASH25
ZA-00017280,ZAC0001148,09/03/2018 18:49,COMPLETE,10/03/2018 18:44,13/03/2018 12:08,20/03/2018,WELCOME10
ZA-00017281,ZAC0004456,09/03/2018 06:10,COMPLETE,13/03/2018 03:35,18/03/2018 10:26,17/03/2018,
ZA-00017282,ZAC0014865,09/03/2018 13:47,COMPLETE,11/03/2018 07:18,16/03/2018 21:11,14/03/2018,
ZA-00017283,ZAC0017731,09/03/2018 22:56,COMPLETE,10/03/2018 02:52,11/03/2018 02:33,15/03/2018,
ZA-00017284,ZAC0008382,09/03/2018 13:45,COMPLETE,11/03/2018 05:18,14/03/2018 04:00,18/03/2018,
ZA-00017285,ZAC0022386,09/03/2018 19:49,COMPLETE,12/03/2018 02:17,14/03/2018 14:09,16/03/2018,
ZA-00017286,ZAC0010360,09/03/2018 12:04,COMPLETE,13/03/2018 17:35,18/03/2018 19:51,20/03/2018,WINTER15
ZA-00017287,ZAC0009231,09/03/2018 18:48,COMPLETE,11/03/2018 00:26,16/03/2018 05:49,16/03/2018,
ZA-00017288,ZAC0001269,09/03/2018 19:09,COMPLETE,10/03/2018 12:27,15/03/2018 03:16,17/03/2018,
ZA-00017289,ZAC0022391,09/03/2018 07:09,COMPLETE,12/03/2018 23:20,14/03/2018 17:42,19/03/2018,
ZA-00017290,ZAC0013416,09/03/2018 21:25,COMPLETE,13/03/2018 02:35,18/03/2018 02:34,17/03/2018,
ZA-00017291,ZAC0002389,09/03/2018 08:27,COMPLETE,11/03/2018 20:21,18/03/2018 08:34,15/03/2018,
ZA-00017292,ZAC0013951,09/03/2018 09:44,COMPLETE,10/03/2018 11:43,12/03/2018 13:43,15/03/2018,
ZA-00017293,ZAC0021844,09/03/2018 07:27,COMPLETE,12/03/2018 06:09,17/03/2018 14:26,17/03/2018,
ZA-00017294,ZAC0003375,09/03/2018 06:03,COMPLETE,11/03/2018 21:36,14/03/2018 20:39,16/03/2018,
ZA-00017295,ZAC0001365,09/03/2018 07:42,COMPLETE,11/03/2018 20:13,17/03/2018 00:31,14/03/2018,WINTER15
ZA-00017296,ZAC0016744,09/03/2018 13:26,COMPLETE,09/03/2018 19:23,16/03/2018 23:54,14/03/2018,
ZA-00017297,ZAC0019054,09/03/2018 15:51,COMPLETE,11/03/2018 10:34,14/03/2018 10:57,16/03/2018,
ZA-00017298,ZAC0008120,09/03/2018 12:55,COMPLETE,11/03/2018 09:58,17/03/2018 16:20,14/03/2018,
ZA-00017299,ZAC0010843,09/03/2018 15:38,COMPLETE,11/03/2018 19:13,15/03/2018 19:10,15/03/2018,LOYAL5
ZA-00017300,ZAC0002452,09/03/2018 16:31,COMPLETE,09/03/2018 19:24,18/03/2018 09:37,13/03/2018,LOYAL5
ZA-00017301,ZAC0013203,09/03/2018 16:46,DISPATCHED,10/03/2018 04:15,,13/03/2018,
ZA-00017302,ZAC0014161,09/03/2018 10:41,RETURNED,12/03/2018 13:36,16/03/2018 15:03,16/03/2018,
ZA-00017303,ZAC0013253,09/03/2018 10:21,COMPLETE,10/03/2018 13:23,14/03/2018 16:27,13/03/2018,
ZA-00017304,ZAC0004074,09/03/2018 07:39,COMPLETE,09/03/2018 10:36,10/03/2018 10:58,13/03/2018,
ZA-00017305,ZAC0023643,09/03/2018 08:33,COMPLETE,11/03/2018 23:38,15/03/2018 18:47,14/03/2018,
ZA-00017306,ZAC0018861,09/03/2018 09:15,COMPLETE,10/03/2018 07:16,10/03/2018 20:34,13/03/2018,
ZA-00017307,ZAC0008903,09/03/2018 17:30,COMPLETE,12/03/2018 17:43,28/03/2018 16:45,17/03/2018,FREESHIP
ZA-00017308,ZAC0009297,09/03/2018 19:25,COMPLETE,11/03/2018 18:31,16/03/2018 00:47,16/03/2018,
ZA-00017309,ZAC0016637,09/03/2018 20:24,COMPLETE,14/03/2018 11:33,25/03/2018 10:56,21/03/2018,
ZA-00017310,ZAC0015091,09/03/2018 19:05,COMPLETE,10/03/2018 23:13,16/03/2018 03:51,13/03/2018,
ZA-00017311,ZAC0022049,09/03/2018 12:47,COMPLETE,13/03/2018 07:33,16/03/2018 06:03,16/03/2018,
ZA-00017312,ZAC0011280,09/03/2018 10:48,COMPLETE,10/03/2018 10:51,16/03/2018 11:35,14/03/2018,
ZA-00017313,ZAC0004326,09/03/2018 16:35,COMPLETE,12/03/2018 00:25,15/03/2018 22:57,17/03/2018,
ZA-00017314,ZAC0010259,09/03/2018 18:12,COMPLETE,14/03/2018 00:59,18/03/2018 03:57,18/03/2018,
ZA-00017315,ZAC0016950,09/03/2018 07:13,PENDING,,,,
ZA-00017316,ZAC0008927,09/03/2018 07:01,COMPLETE,12/03/2018 13:45,16/03/2018 21:47,16/03/2018,
ZA-00017317,ZAC0005125,09/03/2018 22:05,COMPLETE,10/03/2018 16:07,15/03/2018 10:34,13/03/2018,LOYAL5
ZA-00017318,ZAC0007208,09/03/2018 19:18,COMPLETE,14/03/2018 15:44,22/03/2018 11:13,18/03/2018,
ZA-00017319,ZAC0018730,09/03/2018 22:32,COMPLETE,11/03/2018 02:50,12/03/2018 07:58,15/03/2018,
ZA-00017320,ZAC0001646,09/03/2018 17:26,COMPLETE,11/03/2018 01:03,12/03/2018 23:01,18/03/2018,FLASH25
ZA-00017321,ZAC0020639,09/03/2018 11:58,COMPLETE,09/03/2018 18:17,13/03/2018 12:16,14/03/2018,
ZA-00017322,ZAC0017002,09/03/2018 17:26,COMPLETE,13/03/2018 15:20,17/03/2018 09:59,16/03/2018,WELCOME10
ZA-00017323,ZAC0019872,09/03/2018 21:16,COMPLETE,11/03/2018 00:48,21/03/2018 05:56,14/03/2018,
ZA-00017324,ZAC0001155,09/03/2018 20:33,COMPLETE,14/03/2018 19:33,16/03/2018 20:32,19/03/2018,
ZA-00017325,ZAC0008572,10/03/2018 14:21,COMPLETE,13/03/2018 00:28,14/03/2018 11:56,16/03/2018,
ZA-00017326,ZAC0015210,10/03/2018 16:45,COMPLETE,12/03/2018 05:46,15/03/2018 20:44,15/03/2018,
ZA-00017327,ZAC0000588,10/03/2018 11:37,COMPLETE,14/03/2018 09:29,19/03/2018 19:31,18/03/2018,
ZA-00017328,ZAC0010769,10/03/2018 12:04,COMPLETE,12/03/2018 01:17,16/03/2018 08:23,19/03/2018,
ZA-00017329,ZAC0004120,10/03/2018 10:58,COMPLETE,15/03/2018 04:52,24/03/2018 12:37,22/03/2018,
ZA-00017330,ZAC0018633,10/03/2018 16:59,COMPLETE,11/03/2018 21:39,29/03/2018 20:06,15/03/2018,
ZA-00017331,ZAC0002520,10/03/2018 17:13,COMPLETE,16/03/2018 12:56,24/03/2018 08:31,20/03/2018,
ZA-00017332,ZAC0006320,10/03/2018 14:22,COMPLETE,14/03/2018 05:13,15/03/2018 07:32,17/03/2018,
ZA-00017333,ZAC0012859,10/03/2018 11:57,COMPLETE,14/03/2018 04:40,22/03/2018 11:22,18/03/2018,
ZA-00017334,ZAC0011230,10/03/2018 13:39,COMPLETE,11/03/2018 06:02,15/03/2018 10:20,16/03/2018,
ZA-00017335,ZAC0022925,10/03/2018 18:26,COMPLETE,14/03/2018 18:12,18/03/2018 15:28,18/03/2018,BULK20
ZA-00017336,ZAC0015019,10/03/2018 11:40,COMPLETE,13/03/2018 21:10,24/03/2018 04:48,16/03/2018,
ZA-00017337,ZAC0016187,10/03/2018 19:09,COMPLETE,11/03/2018 14:55,17/03/2018 10:39,15/03/2018,
ZA-00017338,ZAC0005945,10/03/2018 08:12,COMPLETE,12/03/2018 08:21,19/03/2018 00:41,22/03/2018,
ZA-00017339,ZAC0015882,10/03/2018 11:29,COMPLETE,14/03/2018 06:17,19/03/2018 15:12,19/03/2018,
ZA-00017340,ZAC0018907,10/03/2018 17:01,COMPLETE,13/03/2018 14:13,17/03/2018 12:51,23/03/2018,
ZA-00017341,ZAC0019864,10/03/2018 12:17,COMPLETE,13/03/2018 03:08,19/03/2018 01:27,16/03/2018,
ZA-00017342,ZAC0006901,10/03/2018 22:35,COMPLETE,11/03/2018 10:20,15/03/2018 17:51,14/03/2018,FLASH25
ZA-00017343,ZAC0005933,10/03/2018 16:41,COMPLETE,12/03/2018 03:42,19/03/2018 04:03,16/03/2018,LOYAL5
ZA-00017344,ZAC0009304,10/03/2018 12:39,COMPLETE,12/03/2018 21:37,17/03/2018 18:35,19/03/2018,LOYAL5
ZA-00017345,ZAC0008489,10/03/2018 11:54,COMPLETE,15/03/2018 22:06,18/03/2018 01:42,19/03/2018,
ZA-00017346,ZAC0002170,10/03/2018 15:58,RETURNED,13/03/2018 17:42,15/03/2018 12:58,17/03/2018,
ZA-00017347,ZAC0023556,10/03/2018 11:26,COMPLETE,13/03/2018 07:12,19/03/2018 01:29,20/03/2018,
ZA-00017348,ZAC0009111,10/03/2018 19:59,COMPLETE,11/03/2018 06:51,13/03/2018 01:54,15/03/2018,
ZA-00017349,ZAC0013574,10/03/2018 06:47,COMPLETE,13/03/2018 03:41,15/03/2018 17:58,20/03/2018,
ZA-00017350,ZAC0005314,10/03/2018 22:18,CANCELLED,,,,
ZA-00017351,ZAC0013090,10/03/2018 13:41,COMPLETE,11/03/2018 02:00,16/03/2018 10:59,18/03/2018,
ZA-00017352,ZAC0011393,10/03/2018 18:14,COMPLETE,12/03/2018 07:35,17/03/2018 02:14,17/03/2018,
ZA-00017353,ZAC0011321,10/03/2018 22:12,COMPLETE,12/03/2018 00:05,12/03/2018 22:53,15/03/2018,
ZA-00017354,ZAC0009098,10/03/2018 17:28,COMPLETE,12/03/2018 17:24,25/03/2018 21:53,19/03/2018,
ZA-00017355,ZAC0016779,10/03/2018 20:23,COMPLETE,11/03/2018 15:25,18/03/2018 10:43,21/03/2018,
ZA-00017356,ZAC0009342,10/03/2018 11:22,COMPLETE,12/03/2018 13:18,15/03/2018 04:38,17/03/2018,
ZA-00017357,ZAC0012613,10/03/2018 15:37,CANCELLED,,,,
ZA-00017358,ZAC0019712,10/03/2018 10:01,DISPATCHED,11/03/2018 05:28,,14/03/2018,
ZA-00017359,ZAC0008148,10/03/2018 15:22,COMPLETE,12/03/2018 12:16,23/03/2018 08:21,16/03/2018,
ZA-00017360,ZAC0023341,10/03/2018 18:33,COMPLETE,12/03/2018 22:26,14/03/2018 12:26,15/03/2018,
ZA-00017361,ZAC0020524,10/03/2018 15:10,COMPLETE,15/03/2018 11:04,16/03/2018 19:06,20/03/2018,
ZA-00017362,ZAC0021679,10/03/2018 22:21,COMPLETE,14/03/2018 10:20,19/03/2018 01:15,18/03/2018,BULK20
ZA-00017363,ZAC0005612,10/03/2018 08:11,COMPLETE,14/03/2018 14:23,15/03/2018 17:31,19/03/2018,
ZA-00017364,ZAC0016176,10/03/2018 07:38,COMPLETE,13/03/2018 15:09,15/03/2018 11:19,17/03/2018,WELCOME10
ZA-00017365,ZAC0018325,10/03/2018 18:19,COMPLETE,11/03/2018 16:53,15/03/2018 02:32,16/03/2018,
ZA-00017366,ZAC0013041,10/03/2018 20:01,COMPLETE,11/03/2018 03:31,11/03/2018 18:13,16/03/2018,
ZA-00017367,ZAC0009441,10/03/2018 22:43,RETURNED,13/03/2018 06:21,18/03/2018 09:24,20/03/2018,
ZA-00017368,ZAC0023374,10/03/2018 13:10,COMPLETE,14/03/2018 00:05,20/03/2018 20:13,24/03/2018,
ZA-00017369,ZAC0009654,10/03/2018 09:47,COMPLETE,12/03/2018 13:01,22/03/2018 00:52,19/03/2018,
ZA-00017370,ZAC0017883,10/03/2018 11:30,COMPLETE,12/03/2018 21:48,21/03/2018 05:01,19/03/2018,
ZA-00017371,ZAC0007851,10/03/2018 22:28,COMPLETE,11/03/2018 20:44,13/03/2018 19:59,16/03/2018,
ZA-00017372,ZAC0017453,10/03/2018 07:02,COMPLETE,12/03/2018 02:20,17/03/2018 23:12,16/03/2018,FREESHIP
ZA-00017373,ZAC0019629,10/03/2018 20:31,COMPLETE,15/03/2018 01:35,19/03/2018 22:37,22/03/2018,FREESHIP
ZA-00017374,ZAC0001822,10/03/2018 13:09,COMPLETE,12/03/2018 02:05,15/03/2018 10:27,17/03/2018,FREESHIP
ZA-00017375,ZAC0000449,10/03/2018 06:44,COMPLETE,11/03/2018 04:31,20/03/2018 10:45,15/03/2018,
ZA-00017376,ZAC0017594,10/03/2018 14:35,COMPLETE,13/03/2018 19:46,14/03/2018 15:04,17/03/2018,
ZA-00017377,ZAC0018609,10/03/2018 09:52,COMPLETE,12/03/2018 18:50,21/03/2018 06:52,16/03/2018,
ZA-00017378,ZAC0007652,10/03/2018 16:54,CANCELLED,,,,FREESHIP
ZA-00017379,ZAC0010187,10/03/2018 08:49,COMPLETE,14/03/2018 18:40,16/03/2018 11:35,17/03/2018,FLASH25
ZA-00017380,ZAC0012223,10/03/2018 17:20,COMPLETE,13/03/2018 10:57,16/03/2018 15:21,16/03/2018,
ZA-00017381,ZAC0008551,10/03/2018 10:31,COMPLETE,11/03/2018 11:25,14/03/2018 21:25,14/03/2018,
ZA-00017382,ZAC0007874,11/03/2018 21:10,COMPLETE,14/03/2018 03:31,17/03/2018 05:29,17/03/2018,
ZA-00017383,ZAC0008845,11/03/2018 16:17,CANCELLED,,,,WELCOME10
ZA-00017384,ZAC0018058,11/03/2018 10:29,COMPLETE,12/03/2018 02:29,13/03/2018 21:15,17/03/2018,
ZA-00017385,ZAC0003772,11/03/2018 10:24,COMPLETE,13/03/2018 21:48,20/03/2018 23:22,17/03/2018,
ZA-00017386,ZAC0009388,11/03/2018 12:56,COMPLETE,14/03/2018 18:08,16/03/2018 22:09,19/03/2018,
ZA-00017387,ZAC0022815,11/03/2018 21:42,DISPATCHED,12/03/2018 20:21,,22/03/2018,WELCOME10
ZA-00017388,ZAC0010908,11/03/2018 15:39,COMPLETE,18/03/2018 03:30,19/03/2018 03:29,23/03/2018,
ZA-00017389,ZAC0003610,11/03/2018 22:46,COMPLETE,14/03/2018 22:19,21/03/2018 20:51,21/03/2018,
ZA-00017390,ZAC0013086,11/03/2018 15:14,COMPLETE,13/03/2018 10:14,16/03/2018 16:29,17/03/2018,
ZA-00017391,ZAC0013707,11/03/2018 20:16,COMPLETE,15/03/2018 02:11,20/03/2018 23:52,18/03/2018,
ZA-00017392,ZAC0009909,11/03/2018 11:00,COMPLETE,14/03/2018 21:26,19/03/2018 14:36,19/03/2018,
ZA-00017393,ZAC0021747,11/03/2018 15:28,COMPLETE,15/03/2018 13:31,18/03/2018 11:00,19/03/2018,FLASH25
ZA-00017394,ZAC0016567,11/03/2018 20:23,COMPLETE,13/03/2018 18:08,19/03/2018 12:02,17/03/2018,
ZA-00017395,ZAC0023625,11/03/2018 12:33,COMPLETE,12/03/2018 00:03,22/03/2018 21:35,16/03/2018,
ZA-00017396,ZAC0018292,11/03/2018 13:08,COMPLETE,14/03/2018 04:28,16/03/2018 12:20,19/03/2018,FLASH25
ZA-00017397,ZAC0020918,11/03/2018 16:22,COMPLETE,11/03/2018 21:17,15/03/2018 10:48,14/03/2018,WINTER15
ZA-00017398,ZAC0023488,11/03/2018 06:44,COMPLETE,13/03/2018 13:56,14/03/2018 23:49,18/03/2018,
ZA-00017399,ZAC0010315,11/03/2018 07:54,COMPLETE,13/03/2018 01:41,19/03/2018 19:33,18/03/2018,
ZA-00017400,ZAC0015456,11/03/2018 13:39,COMPLETE,13/03/2018 12:09,15/03/2018 14:43,16/03/2018,
ZA-00017401,ZAC0005095,11/03/2018 17:13,COMPLETE,12/03/2018 12:43,19/03/2018 10:15,17/03/2018,
ZA-00017402,ZAC0014819,11/03/2018 18:27,COMPLETE,15/03/2018 06:20,19/03/2018 14:17,19/03/2018,
ZA-00017403,ZAC0014393,11/03/2018 15:32,COMPLETE,12/03/2018 14:47,17/03/2018 23:28,19/03/2018,
ZA-00017404,ZAC0013616,11/03/2018 18:20,CANCELLED,,,,
ZA-00017405,ZAC0005572,11/03/2018 17:59,COMPLETE,16/03/2018 04:51,17/03/2018 15:29,19/03/2018,
ZA-00017406,ZAC0001572,11/03/2018 16:58,COMPLETE,14/03/2018 05:38,18/03/2018 14:39,19/03/2018,
ZA-00017407,ZAC0016651,11/03/2018 11:23,COMPLETE,18/03/2018 04:55,27/03/2018 15:30,22/03/2018,WINTER15
ZA-00017408,ZAC0014133,11/03/2018 16:36,COMPLETE,12/03/2018 13:31,19/03/2018 11:44,19/03/2018,WINTER15
ZA-00017409,ZAC0012594,11/03/2018 11:40,COMPLETE,17/03/2018 23:54,22/03/2018 20:06,20/03/2018,WINTER15
ZA-00017410,ZAC0023720,11/03/2018 12:59,COMPLETE,12/03/2018 08:28,16/03/2018 13:24,22/03/2018,
ZA-00017411,ZAC0007295,11/03/2018 14:56,COMPLETE,16/03/2018 11:13,20/03/2018 22:04,26/03/2018,
ZA-00017412,ZAC0023418,11/03/2018 09:55,COMPLETE,14/03/2018 22:12,24/03/2018 09:32,17/03/2018,
ZA-00017413,ZAC0000231,11/03/2018 13:22,COMPLETE,12/03/2018 19:01,16/03/2018 10:31,15/03/2018,FLASH25
ZA-00017414,ZAC0000979,11/03/2018 10:00,COMPLETE,14/03/2018 01:19,17/03/2018 07:51,17/03/2018,FLASH25
ZA-00017415,ZAC0012525,11/03/2018 11:10,COMPLETE,12/03/2018 21:15,17/03/2018 10:30,17/03/2018,
ZA-00017416,ZAC0022250,11/03/2018 22:15,CANCELLED,,,,
ZA-00017417,ZAC0008889,11/03/2018 16:51,COMPLETE,14/03/2018 19:35,24/03/2018 18:50,19/03/2018,
ZA-00017418,ZAC0014803,11/03/2018 18:46,COMPLETE,12/03/2018 15:46,17/03/2018 15:23,15/03/2018,WELCOME10
ZA-00017419,ZAC0022067,11/03/2018 16:04,COMPLETE,12/03/2018 04:47,17/03/2018 06:01,16/03/2018,
ZA-00017420,ZAC0019443,11/03/2018 15:37,COMPLETE,13/03/2018 01:25,18/03/2018 01:11,17/03/2018,LOYAL5
ZA-00017421,ZAC0003782,11/03/2018 08:09,COMPLETE,15/03/2018 08:07,18/03/2018 20:36,18/03/2018,
ZA-00017422,ZAC0012345,11/03/2018 14:26,COMPLETE,12/03/2018 03:08,19/03/2018 17:40,17/03/2018,WELCOME10
ZA-00017423,ZAC0018740,11/03/2018 21:20,COMPLETE,13/03/2018 10:56,16/03/2018 02:27,16/03/2018,
ZA-00017424,ZAC0008774,11/03/2018 12:14,COMPLETE,12/03/2018 09:31,13/03/2018 23:26,16/03/2018,WINTER15
ZA-00017425,ZAC0006712,11/03/2018 18:14,COMPLETE,16/03/2018 08:30,19/03/2018 19:00,20/03/2018,
ZA-00017426,ZAC0020947,11/03/2018 07:27,COMPLETE,12/03/2018 07:26,18/03/2018 13:34,19/03/2018,
ZA-00017427,ZAC0011306,11/03/2018 17:06,COMPLETE,15/03/2018 16:08,19/03/2018 01:52,19/03/2018,
ZA-00017428,ZAC0001245,11/03/2018 18:19,COMPLETE,12/03/2018 05:06,19/03/2018 11:11,22/03/2018,
ZA-00017429,ZAC0004560,11/03/2018 20:19,COMPLETE,13/03/2018 07:58,16/03/2018 15:18,18/03/2018,
ZA-00017430,ZAC0013451,11/03/2018 13:03,COMPLETE,14/03/2018 22:20,15/03/2018 20:44,24/03/2018,
ZA-00017431,ZAC0005178,11/03/2018 15:45,COMPLETE,13/03/2018 16:23,16/03/2018 11:34,18/03/2018,
ZA-00017432,ZAC0006415,11/03/2018 19:08,COMPLETE,14/03/2018 19:29,18/03/2018 18:59,18/03/2018,
ZA-00017433,ZAC0021371,11/03/2018 08:27,DISPATCHED,13/03/2018 12:59,,17/03/2018,
ZA-00017434,ZAC0022817,11/03/2018 06:17,COMPLETE,13/03/2018 16:06,18/03/2018 00:15,18/03/2018,
ZA-00017435,ZAC0021723,11/03/2018 18:01,COMPLETE,12/03/2018 16:59,21/03/2018 09:35,19/03/2018,
ZA-00017436,ZAC0015543,11/03/2018 11:36,COMPLETE,15/03/2018 04:53,16/03/2018 22:27,20/03/2018,
ZA-00017437,ZAC0018495,11/03/2018 17:58,COMPLETE,13/03/2018 01:04,18/03/2018 19:37,16/03/2018,
ZA-00017438,ZAC0022987,11/03/2018 15:39,COMPLETE,14/03/2018 19:49,22/03/2018 04:53,18/03/2018,
ZA-00017439,ZAC0006999,11/03/2018 07:22,COMPLETE,13/03/2018 15:05,18/03/2018 00:01,17/03/2018,
ZA-00017440,ZAC0020214,11/03/2018 09:06,COMPLETE,16/03/2018 20:51,19/03/2018 09:36,19/03/2018,
ZA-00017441,ZAC0005489,11/03/2018 21:34,COMPLETE,13/03/2018 19:45,16/03/2018 12:18,18/03/2018,
ZA-00017442,ZAC0014253,11/03/2018 22:28,COMPLETE,15/03/2018 00:25,21/03/2018 08:55,18/03/2018,
ZA-00017443,ZAC0001268,11/03/2018 14:08,COMPLETE,13/03/2018 07:27,15/03/2018 21:08,17/03/2018,
ZA-00017444,ZAC0010158,11/03/2018 17:47,COMPLETE,13/03/2018 09:35,16/03/2018 14:07,17/03/2018,
ZA-00017445,ZAC0003972,11/03/2018 20:50,COMPLETE,13/03/2018 18:42,15/03/2018 15:25,16/03/2018,
ZA-00017446,ZAC0000558,11/03/2018 08:58,COMPLETE,13/03/2018 02:11,28/03/2018 02:21,16/03/2018,
ZA-00017447,ZAC0020058,11/03/2018 10:34,COMPLETE,14/03/2018 00:12,17/03/2018 10:31,19/03/2018,WELCOME10
ZA-00017448,ZAC0017591,11/03/2018 22:11,COMPLETE,15/03/2018 01:18,23/03/2018 15:26,20/03/2018,FREESHIP
ZA-00017449,ZAC0010564,12/03/2018 08:03,COMPLETE,12/03/2018 23:15,14/03/2018 21:20,16/03/2018,
ZA-00017450,ZAC0017391,12/03/2018 16:15,COMPLETE,14/03/2018 07:49,14/03/2018 15:03,18/03/2018,
ZA-00017451,ZAC0013831,12/03/2018 08:08,COMPLETE,12/03/2018 11:41,16/03/2018 21:30,16/03/2018,LOYAL5
ZA-00017452,ZAC0015203,12/03/2018 06:44,COMPLETE,15/03/2018 11:56,22/03/2018 18:10,18/03/2018,
ZA-00017453,ZAC0019787,12/03/2018 19:32,COMPLETE,16/03/2018 04:24,19/03/2018 20:08,21/03/2018,
ZA-00017454,ZAC0016223,12/03/2018 16:05,COMPLETE,13/03/2018 08:44,15/03/2018 02:08,18/03/2018,FLASH25
ZA-00017455,ZAC0004939,12/03/2018 13:59,COMPLETE,13/03/2018 18:14,16/03/2018 00:21,23/03/2018,FREESHIP
ZA-00017456,ZAC0020609,12/03/2018 20:37,COMPLETE,13/03/2018 20:50,16/03/2018 05:03,18/03/2018,WINTER15
ZA-00017457,ZAC0020172,12/03/2018 21:01,COMPLETE,13/03/2018 16:14,17/03/2018 16:20,18/03/2018,
ZA-00017458,ZAC0019391,12/03/2018 22:23,CANCELLED,,,,BULK20
ZA-00017459,ZAC0012172,12/03/2018 08:37,COMPLETE,15/03/2018 08:00,19/03/2018 09:57,19/03/2018,BULK20
ZA-00017460,ZAC0013957,12/03/2018 18:51,COMPLETE,13/03/2018 09:19,15/03/2018 01:57,17/03/2018,FREESHIP
ZA-00017461,ZAC0010164,12/03/2018 20:59,COMPLETE,14/03/2018 15:42,17/03/2018 23:07,21/03/2018,
ZA-00017462,ZAC0004843,12/03/2018 09:41,COMPLETE,16/03/2018 11:47,28/03/2018 11:57,20/03/2018,FLASH25
ZA-00017463,ZAC0021404,12/03/2018 09:40,COMPLETE,15/03/2018 09:15,25/03/2018 09:38,18/03/2018,
ZA-00017464,ZAC0023135,12/03/2018 12:27,COMPLETE,15/03/2018 04:43,16/03/2018 06:55,19/03/2018,
ZA-00017465,ZAC0022255,12/03/2018 06:08,COMPLETE,13/03/2018 22:06,15/03/2018 23:30,16/03/2018,FREESHIP
ZA-00017466,ZAC0002253,12/03/2018 11:37,COMPLETE,15/03/2018 10:19,16/03/2018 05:35,19/03/2018,
ZA-00017467,ZAC0003145,12/03/2018 14:57,COMPLETE,15/03/2018 11:43,20/03/2018 01:31,18/03/2018,
ZA-00017468,ZAC0023021,12/03/2018 16:03,CANCELLED,,,,
ZA-00017469,ZAC0010851,12/03/2018 12:48,COMPLETE,14/03/2018 00:06,21/03/2018 19:43,19/03/2018,
ZA-00017470,ZAC0022715,12/03/2018 09:59,COMPLETE,13/03/2018 13:34,22/03/2018 19:09,17/03/2018,
ZA-00017471,ZAC0013230,12/03/2018 19:24,COMPLETE,16/03/2018 02:47,20/03/2018 22:40,20/03/2018,
ZA-00017472,ZAC0004964,12/03/2018 06:26,COMPLETE,15/03/2018 21:02,19/03/2018 19:42,20/03/2018,
ZA-00017473,ZAC0009412,12/03/2018 12:44,COMPLETE,13/03/2018 02:08,15/03/2018 00:02,16/03/2018,
ZA-00017474,ZAC0018567,12/03/2018 16:17,COMPLETE,15/03/2018 20:15,24/03/2018 17:51,19/03/2018,
ZA-00017475,ZAC0005389,12/03/2018 13:34,COMPLETE,13/03/2018 10:08,16/03/2018 06:58,17/03/2018,LOYAL5
ZA-00017476,ZAC0015892,12/03/2018 07:14,COMPLETE,14/03/2018 03:11,20/03/2018 13:52,18/03/2018,
ZA-00017477,ZAC0004445,12/03/2018 15:01,COMPLETE,15/03/2018 03:59,17/03/2018 06:42,22/03/2018,
ZA-00017478,ZAC0001144,12/03/2018 13:06,COMPLETE,13/03/2018 18:25,21/03/2018 15:16,17/03/2018,
ZA-00017479,ZAC0001135,12/03/2018 10:21,COMPLETE,13/03/2018 02:45,14/03/2018 18:54,18/03/2018,
ZA-00017480,ZAC0018529,12/03/2018 17:38,DISPATCHED,13/03/2018 18:55,,18/03/2018,FREESHIP
ZA-00017481,ZAC0021869,12/03/2018 08:56,COMPLETE,14/03/2018 18:25,17/03/2018 08:52,24/03/2018,
ZA-00017482,ZAC0019131,12/03/2018 17:11,COMPLETE,14/03/2018 10:36,24/03/2018 15:12,24/03/2018,
ZA-00017483,ZAC0013811,12/03/2018 22:52,COMPLETE,14/03/2018 18:20,20/03/2018 03:37,17/03/2018,BULK20
ZA-00017484,ZAC0017526,12/03/2018 08:35,COMPLETE,15/03/2018 15:04,28/03/2018 14:15,20/03/2018,
ZA-00017485,ZAC0016464,12/03/2018 16:49,COMPLETE,13/03/2018 18:23,16/03/2018 19:21,20/03/2018,
ZA-00017486,ZAC0001977,12/03/2018 12:27,COMPLETE,14/03/2018 08:14,16/03/2018 05:11,17/03/2018,
ZA-00017487,ZAC0006459,12/03/2018 11:44,COMPLETE,13/03/2018 19:36,15/03/2018 07:05,20/03/2018,
ZA-00017488,ZAC0020990,12/03/2018 12:44,COMPLETE,20/03/2018 13:08,21/03/2018 18:42,24/03/2018,
ZA-00017489,ZAC0021276,12/03/2018 14:23,COMPLETE,14/03/2018 14:40,18/03/2018 08:05,19/03/2018,
ZA-00017490,ZAC0009139,12/03/2018 15:45,COMPLETE,13/03/2018 14:12,15/03/2018 15:05,17/03/2018,
ZA-00017491,ZAC0016270,12/03/2018 21:29,COMPLETE,14/03/2018 06:15,18/03/2018 05:41,18/03/2018,
ZA-00017492,ZAC0021870,12/03/2018 18:08,COMPLETE,14/03/2018 08:26,21/03/2018 12:12,17/03/2018,
ZA-00017493,ZAC0009449,12/03/2018 10:05,COMPLETE,13/03/2018 21:35,14/03/2018 22:17,20/03/2018,BULK20
ZA-00017494,ZAC0005505,12/03/2018 06:32,COMPLETE,14/03/2018 17:37,16/03/2018 21:38,19/03/2018,
ZA-00017495,ZAC0007697,12/03/2018 16:57,COMPLETE,15/03/2018 08:08,18/03/2018 09:38,20/03/2018,
ZA-00017496,ZAC0000732,12/03/2018 10:21,COMPLETE,15/03/2018 20:52,17/03/2018 18:18,18/03/2018,
ZA-00017497,ZAC0005318,12/03/2018 21:00,COMPLETE,16/03/2018 02:42,21/03/2018 05:27,21/03/2018,
ZA-00017498,ZAC0000532,12/03/2018 10:06,COMPLETE,13/03/2018 16:37,28/03/2018 10:36,17/03/2018,
ZA-00017499,ZAC0001721,12/03/2018 20:08,COMPLETE,13/03/2018 08:31,15/03/2018 10:40,18/03/2018,
ZA-00017500,ZAC0014321,12/03/2018 15:51,COMPLETE,13/03/2018 16:50,18/03/2018 02:23,18/03/2018,
ZA-00017501,ZAC0009469,12/03/2018 09:43,COMPLETE,13/03/2018 17:29,17/03/2018 05:40,16/03/2018,FREESHIP
ZA-00017502,ZAC0003837,12/03/2018 06:00,COMPLETE,13/03/2018 23:19,17/03/2018 04:44,18/03/2018,
ZA-00017503,ZAC0012665,12/03/2018 08:57,COMPLETE,13/03/2018 22:15,19/03/2018 04:56,17/03/2018,
ZA-00017504,ZAC0007066,12/03/2018 15:18,COMPLETE,15/03/2018 20:58,17/03/2018 05:09,19/03/2018,
ZA-00017505,ZAC0017315,12/03/2018 11:41,COMPLETE,13/03/2018 14:03,14/03/2018 05:30,23/03/2018,
ZA-00017506,ZAC0001935,12/03/2018 21:39,COMPLETE,18/03/2018 02:06,22/03/2018 19:24,21/03/2018,
ZA-00017507,ZAC0022116,12/03/2018 10:15,COMPLETE,17/03/2018 18:15,20/03/2018 06:24,27/03/2018,FREESHIP
ZA-00017508,ZAC0003645,12/03/2018 17:59,RETURNED,17/03/2018 19:20,29/03/2018 21:32,20/03/2018,
ZA-00017509,ZAC0021585,12/03/2018 17:42,COMPLETE,13/03/2018 11:16,21/03/2018 12:15,23/03/2018,
ZA-00017510,ZAC0000680,12/03/2018 17:26,COMPLETE,14/03/2018 12:37,17/03/2018 00:22,19/03/2018,WINTER15
ZA-00017511,ZAC0017487,12/03/2018 06:07,COMPLETE,15/03/2018 08:35,21/03/2018 06:57,22/03/2018,
ZA-00017512,ZAC0003299,12/03/2018 21:30,COMPLETE,13/03/2018 02:56,17/03/2018 21:04,16/03/2018,FLASH25
ZA-00017513,ZAC0010894,12/03/2018 22:45,COMPLETE,15/03/2018 21:18,20/03/2018 14:06,25/03/2018,
ZA-00017514,ZAC0001626,12/03/2018 13:28,COMPLETE,17/03/2018 18:56,19/03/2018 20:12,20/03/2018,
ZA-00017515,ZAC0015289,12/03/2018 08:50,COMPLETE,14/03/2018 07:18,22/03/2018 23:44,18/03/2018,
ZA-00017516,ZAC0008993,12/03/2018 17:46,DISPATCHED,19/03/2018 07:21,,26/03/2018,WINTER15
ZA-00017517,ZAC0022736,12/03/2018 07:58,COMPLETE,15/03/2018 08:38,21/03/2018 10:12,25/03/2018,WELCOME10
ZA-00017518,ZAC0023151,12/03/2018 14:54,COMPLETE,12/03/2018 18:35,20/03/2018 07:16,16/03/2018,
ZA-00017519,ZAC0021807,13/03/2018 15:23,COMPLETE,13/03/2018 20:21,17/03/2018 23:45,20/03/2018,
ZA-00017520,ZAC0010734,13/03/2018 07:39,COMPLETE,15/03/2018 08:53,20/03/2018 18:59,20/03/2018,
ZA-00017521,ZAC0004977,13/03/2018 06:24,COMPLETE,19/03/2018 03:57,21/03/2018 20:56,24/03/2018,
ZA-00017522,ZAC0001709,13/03/2018 06:02,COMPLETE,14/03/2018 11:00,18/03/2018 05:59,18/03/2018,
ZA-00017523,ZAC0009383,13/03/2018 18:55,COMPLETE,16/03/2018 17:58,24/03/2018 02:04,20/03/2018,
ZA-00017524,ZAC0003235,13/03/2018 07:11,COMPLETE,15/03/2018 07:13,24/03/2018 11:09,18/03/2018,LOYAL5
ZA-00017525,ZAC0010484,13/03/2018 22:46,COMPLETE,18/03/2018 08:44,24/03/2018 03:59,21/03/2018,WELCOME10
ZA-00017526,ZAC0007334,13/03/2018 21:47,COMPLETE,19/03/2018 20:50,23/03/2018 21:20,23/03/2018,
ZA-00017527,ZAC0012769,13/03/2018 18:10,COMPLETE,16/03/2018 00:49,24/03/2018 09:26,20/03/2018,LOYAL5
ZA-00017528,ZAC0018827,13/03/2018 20:43,COMPLETE,16/03/2018 05:50,19/03/2018 18:16,19/03/2018,
ZA-00017529,ZAC0005427,13/03/2018 13:08,COMPLETE,15/03/2018 02:43,17/03/2018 08:27,20/03/2018,
ZA-00017530,ZAC0000271,13/03/2018 18:11,COMPLETE,15/03/2018 03:10,18/03/2018 14:53,19/03/2018,
ZA-00017531,ZAC0009239,13/03/2018 08:18,COMPLETE,15/03/2018 04:26,18/03/2018 17:40,20/03/2018,
ZA-00017532,ZAC0004812,13/03/2018 17:19,COMPLETE,18/03/2018 19:46,26/03/2018 02:12,25/03/2018,
ZA-00017533,ZAC0008613,13/03/2018 20:03,COMPLETE,18/03/2018 01:50,24/03/2018 20:13,25/03/2018,
ZA-00017534,ZAC0015960,13/03/2018 13:38,COMPLETE,17/03/2018 19:13,26/03/2018 03:49,24/03/2018,BULK20
ZA-00017535,ZAC0023103,13/03/2018 18:23,COMPLETE,14/03/2018 11:20,24/03/2018 08:03,18/03/2018,WINTER15
ZA-00017536,ZAC0003904,13/03/2018 20:42,COMPLETE,14/03/2018 23:24,15/03/2018 22:26,19/03/2018,
ZA-00017537,ZAC0019141,13/03/2018 19:47,COMPLETE,15/03/2018 23:43,18/03/2018 22:41,19/03/2018,
ZA-00017538,ZAC0022341,13/03/2018 19:18,COMPLETE,15/03/2018 06:26,23/03/2018 11:16,19/03/2018,
ZA-00017539,ZAC0013130,13/03/2018 10:59,COMPLETE,14/03/2018 15:45,19/03/2018 13:28,18/03/2018,FLASH25
ZA-00017540,ZAC0013044,13/03/2018 19:16,RETURNED,15/03/2018 10:10,28/03/2018 13:36,18/03/2018,
ZA-00017541,ZAC0021619,13/03/2018 13:16,COMPLETE,17/03/2018 01:28,20/03/2018 23:48,21/03/2018,
ZA-00017542,ZAC0002471,13/03/2018 18:02,COMPLETE,15/03/2018 21:13,17/03/2018 00:06,19/03/2018,
ZA-00017543,ZAC0019990,13/03/2018 16:41,COMPLETE,16/03/2018 19:05,19/03/2018 12:37,19/03/2018,FLASH25
ZA-00017544,ZAC0007513,13/03/2018 06:06,COMPLETE,15/03/2018 12:06,19/03/2018 03:03,22/03/2018,
ZA-00017545,ZAC0004975,13/03/2018 17:57,COMPLETE,17/03/2018 11:01,24/03/2018 09:03,21/03/2018,
ZA-00017546,ZAC0002802,13/03/2018 18:19,COMPLETE,15/03/2018 13:58,16/03/2018 15:50,19/03/2018,
ZA-00017547,ZAC0010473,13/03/2018 21:47,COMPLETE,15/03/2018 18:50,19/03/2018 03:25,20/03/2018,
ZA-00017548,ZAC0006293,13/03/2018 22:25,COMPLETE,14/03/2018 08:25,15/03/2018 00:57,19/03/2018,LOYAL5
ZA-00017549,ZAC0000131,13/03/2018 12:59,CANCELLED,,,,
ZA-00017550,ZAC0018955,13/03/2018 11:40,COMPLETE,15/03/2018 16:03,21/03/2018 10:22,19/03/2018,
ZA-00017551,ZAC0016150,13/03/2018 16:26,COMPLETE,15/03/2018 01:10,15/03/2018 22:52,19/03/2018,
ZA-00017552,ZAC0016436,13/03/2018 10:01,COMPLETE,17/03/2018 04:44,18/03/2018 20:36,20/03/2018,
ZA-00017553,ZAC0008603,13/03/2018 08:14,PENDING,,,,
ZA-00017554,ZAC0020358,13/03/2018 07:13,COMPLETE,13/03/2018 16:33,17/03/2018 10:30,20/03/2018,
ZA-00017555,ZAC0012503,13/03/2018 17:38,COMPLETE,15/03/2018 15:52,17/03/2018 14:17,19/03/2018,
ZA-00017556,ZAC0011535,13/03/2018 11:06,COMPLETE,18/03/2018 04:39,24/03/2018 23:54,23/03/2018,
ZA-00017557,ZAC0022954,13/03/2018 21:55,COMPLETE,17/03/2018 01:58,25/03/2018 02:55,24/03/2018,
ZA-00017558,ZAC0022422,13/03/2018 11:34,COMPLETE,17/03/2018 10:08,21/03/2018 20:36,20/03/2018,
ZA-00017559,ZAC0012693,13/03/2018 06:57,PENDING,,,,LOYAL5
ZA-00017560,ZAC0005282,13/03/2018 07:28,COMPLETE,13/03/2018 20:22,16/03/2018 08:37,16/03/2018,
ZA-00017561,ZAC0017233,13/03/2018 12:11,PENDING,,,,
ZA-00017562,ZAC0023229,13/03/2018 08:12,COMPLETE,13/03/2018 19:34,22/03/2018 19:46,17/03/2018,
ZA-00017563,ZAC0018127,13/03/2018 11:15,COMPLETE,15/03/2018 11:11,16/03/2018 10:27,19/03/2018,WINTER15
ZA-00017564,ZAC0015049,13/03/2018 18:00,COMPLETE,14/03/2018 12:46,18/03/2018 18:16,19/03/2018,
ZA-00017565,ZAC0007531,13/03/2018 19:06,COMPLETE,17/03/2018 09:50,20/03/2018 23:43,20/03/2018,WELCOME10
ZA-00017566,ZAC0019066,13/03/2018 11:58,COMPLETE,15/03/2018 04:17,22/03/2018 23:16,18/03/2018,
ZA-00017567,ZAC0011994,13/03/2018 20:58,COMPLETE,15/03/2018 08:18,19/03/2018 06:41,22/03/2018,FREESHIP
ZA-00017568,ZAC0009400,13/03/2018 12:40,COMPLETE,15/03/2018 00:19,20/03/2018 23:23,18/03/2018,
ZA-00017569,ZAC0017879,13/03/2018 21:02,COMPLETE,14/03/2018 07:13,16/03/2018 05:21,17/03/2018,
ZA-00017570,ZAC0000230,13/03/2018 09:53,COMPLETE,14/03/2018 22:36,16/03/2018 15:19,17/03/2018,
ZA-00017571,ZAC0000656,13/03/2018 19:23,COMPLETE,14/03/2018 07:36,20/03/2018 04:42,19/03/2018,
ZA-00017572,ZAC0022926,13/03/2018 12:06,COMPLETE,17/03/2018 04:43,20/03/2018 04:02,22/03/2018,WELCOME10
ZA-00017573,ZAC0002158,13/03/2018 11:06,COMPLETE,13/03/2018 21:30,15/03/2018 10:24,18/03/2018,
ZA-00017574,ZAC0022606,13/03/2018 10:39,COMPLETE,15/03/2018 04:30,21/03/2018 18:13,18/03/2018,
ZA-00017575,ZAC0018248,13/03/2018 06:10,COMPLETE,14/03/2018 18:57,18/03/2018 16:26,21/03/2018,WELCOME10
ZA-00017576,ZAC0003116,13/03/2018 14:30,COMPLETE,13/03/2018 21:39,20/03/2018 09:57,16/03/2018,
ZA-00017577,ZAC0010049,13/03/2018 09:24,COMPLETE,14/03/2018 11:08,21/03/2018 15:41,19/03/2018,
ZA-00017578,ZAC0005378,13/03/2018 19:32,COMPLETE,15/03/2018 09:28,19/03/2018 01:03,19/03/2018,
ZA-00017579,ZAC0005487,13/03/2018 20:05,COMPLETE,15/03/2018 03:28,16/03/2018 14:50,22/03/2018,
ZA-00017580,ZAC0017817,13/03/2018 09:24,COMPLETE,14/03/2018 08:13,23/03/2018 01:22,21/03/2018,
ZA-00017581,ZAC0022029,13/03/2018 19:39,CANCELLED,,,,BULK20
ZA-00017582,ZAC0020156,13/03/2018 07:09,COMPLETE,14/03/2018 22:07,19/03/2018 23:31,19/03/2018,
ZA-00017583,ZAC0023581,13/03/2018 11:34,COMPLETE,14/03/2018 15:09,18/03/2018 15:54,17/03/2018,
ZA-00017584,ZAC0002739,13/03/2018 16:14,COMPLETE,16/03/2018 10:12,19/03/2018 14:23,23/03/2018,
ZA-00017585,ZAC0002233,13/03/2018 15:14,COMPLETE,16/03/2018 03:44,18/03/2018 19:10,20/03/2018,FLASH25
ZA-00017586,ZAC0002141,13/03/2018 21:44,COMPLETE,15/03/2018 21:18,17/03/2018 01:31,18/03/2018,
ZA-00017587,ZAC0004634,14/03/2018 17:26,COMPLETE,15/03/2018 16:10,18/03/2018 10:09,19/03/2018,
ZA-00017588,ZAC0022711,14/03/2018 15:22,COMPLETE,19/03/2018 06:23,26/03/2018 20:54,24/03/2018,
ZA-00017589,ZAC0002774,14/03/2018 07:22,COMPLETE,19/03/2018 08:17,22/03/2018 15:31,24/03/2018,
ZA-00017590,ZAC0014351,14/03/2018 10:20,COMPLETE,16/03/2018 16:21,25/03/2018 17:23,19/03/2018,FLASH25
ZA-00017591,ZAC0021104,14/03/2018 19:23,COMPLETE,15/03/2018 19:11,27/03/2018 19:37,18/03/2018,
ZA-00017592,ZAC0013284,14/03/2018 10:17,COMPLETE,16/03/2018 20:53,23/03/2018 01:47,19/03/2018,
ZA-00017593,ZAC0004038,14/03/2018 07:16,COMPLETE,17/03/2018 01:03,07/04/2018 21:13,22/03/2018,
ZA-00017594,ZAC0020204,14/03/2018 17:38,COMPLETE,17/03/2018 12:55,21/03/2018 14:53,22/03/2018,
ZA-00017595,ZAC0018415,14/03/2018 12:32,COMPLETE,16/03/2018 14:14,25/03/2018 06:56,20/03/2018,WELCOME10
ZA-00017596,ZAC0006746,14/03/2018 17:33,COMPLETE,16/03/2018 22:48,18/03/2018 04:01,21/03/2018,
ZA-00017597,ZAC0003638,14/03/2018 21:20,COMPLETE,16/03/2018 17:13,18/03/2018 13:43,21/03/2018,
ZA-00017598,ZAC0002447,14/03/2018 14:12,COMPLETE,15/03/2018 22:35,28/03/2018 12:46,18/03/2018,BULK20
ZA-00017599,ZAC0002102,14/03/2018 10:30,DISPATCHED,17/03/2018 09:01,,27/03/2018,WINTER15
ZA-00017600,ZAC0012678,14/03/2018 22:24,COMPLETE,15/03/2018 19:40,19/03/2018 03:24,20/03/2018,
ZA-00017601,ZAC0015766,14/03/2018 11:46,COMPLETE,15/03/2018 11:58,18/03/2018 16:33,20/03/2018,
ZA-00017602,ZAC0013269,14/03/2018 20:52,COMPLETE,17/03/2018 09:23,20/03/2018 18:32,20/03/2018,
ZA-00017603,ZAC0011799,14/03/2018 09:03,COMPLETE,14/03/2018 22:12,18/03/2018 02:35,18/03/2018,
ZA-00017604,ZAC0009236,14/03/2018 21:18,COMPLETE,16/03/2018 08:36,20/03/2018 06:45,20/03/2018,
ZA-00017605,ZAC0007362,14/03/2018 22:47,COMPLETE,16/03/2018 01:06,29/03/2018 22:12,26/03/2018,
ZA-00017606,ZAC0012377,14/03/2018 15:43,COMPLETE,16/03/2018 01:35,18/03/2018 07:54,21/03/2018,
ZA-00017607,ZAC0010324,14/03/2018 17:14,COMPLETE,16/03/2018 11:56,22/03/2018 10:04,20/03/2018,
ZA-00017608,ZAC0008483,14/03/2018 11:14,COMPLETE,17/03/2018 17:24,21/03/2018 06:13,20/03/2018,
ZA-00017609,ZAC0009937,14/03/2018 13:12,COMPLETE,19/03/2018 09:52,22/03/2018 21:17,24/03/2018,FLASH25
ZA-00017610,ZAC0003396,14/03/2018 16:47,COMPLETE,17/03/2018 00:30,17/03/2018 07:39,24/03/2018,
ZA-00017611,ZAC0018963,14/03/2018 09:20,COMPLETE,17/03/2018 19:02,18/03/2018 15:02,22/03/2018,
ZA-00017612,ZAC0000387,14/03/2018 06:52,COMPLETE,15/03/2018 07:09,19/03/2018 04:12,19/03/2018,
ZA-00017613,ZAC0002090,14/03/2018 21:44,DISPATCHED,15/03/2018 05:47,,22/03/2018,
ZA-00017614,ZAC0004490,14/03/2018 15:25,RETURNED,18/03/2018 20:10,21/03/2018 00:26,21/03/2018,BULK20
ZA-00017615,ZAC0021435,14/03/2018 21:26,COMPLETE,18/03/2018 08:08,19/03/2018 01:00,25/03/2018,
ZA-00017616,ZAC0013867,14/03/2018 14:12,COMPLETE,15/03/2018 11:51,16/03/2018 03:59,20/03/2018,FLASH25
ZA-00017617,ZAC0007287,14/03/2018 14:38,COMPLETE,16/03/2018 13:05,19/03/2018 13:01,21/03/2018,WINTER15
ZA-00017618,ZAC0016951,14/03/2018 13:56,COMPLETE,17/03/2018 04:59,20/03/2018 17:59,27/03/2018,
ZA-00017619,ZAC0001680,14/03/2018 15:15,DISPATCHED,15/03/2018 13:32,,20/03/2018,
ZA-00017620,ZAC0000029,14/03/2018 10:06,COMPLETE,18/03/2018 23:23,20/03/2018 17:29,23/03/2018,
ZA-00017621,ZAC0019173,14/03/2018 18:27,COMPLETE,17/03/2018 23:43,23/03/2018 22:41,21/03/2018,
ZA-00017622,ZAC0003881,14/03/2018 20:24,COMPLETE,19/03/2018 06:15,22/03/2018 13:30,24/03/2018,
ZA-00017623,ZAC0021459,14/03/2018 09:59,COMPLETE,15/03/2018 06:50,16/03/2018 05:47,19/03/2018,WINTER15
ZA-00017624,ZAC0004924,14/03/2018 15:48,COMPLETE,16/03/2018 03:13,20/03/2018 01:11,21/03/2018,
ZA-00017625,ZAC0018795,14/03/2018 16:45,COMPLETE,17/03/2018 18:00,27/03/2018 09:27,22/03/2018,BULK20
ZA-00017626,ZAC0002626,14/03/2018 15:28,COMPLETE,17/03/2018 02:10,22/03/2018 19:54,21/03/2018,
ZA-00017627,ZAC0010070,14/03/2018 19:46,COMPLETE,15/03/2018 18:21,18/03/2018 06:21,25/03/2018,
ZA-00017628,ZAC0000565,14/03/2018 16:56,COMPLETE,18/03/2018 00:52,23/03/2018 18:02,22/03/2018,FLASH25
ZA-00017629,ZAC0022078,14/03/2018 20:15,COMPLETE,17/03/2018 23:26,23/03/2018 00:08,22/03/2018,
ZA-00017630,ZAC0017107,14/03/2018 12:03,COMPLETE,18/03/2018 14:57,23/03/2018 16:04,25/03/2018,FREESHIP
ZA-00017631,ZAC0023866,14/03/2018 11:03,COMPLETE,22/03/2018 21:31,27/03/2018 13:50,26/03/2018,
ZA-00017632,ZAC0006225,14/03/2018 06:31,COMPLETE,15/03/2018 21:46,16/03/2018 16:45,19/03/2018,
ZA-00017633,ZAC0001736,14/03/2018 18:33,COMPLETE,15/03/2018 02:52,19/03/2018 19:58,18/03/2018,FLASH25
ZA-00017634,ZAC0012765,14/03/2018 09:00,CANCELLED,,,,WELCOME10
ZA-00017635,ZAC0020629,14/03/2018 21:57,COMPLETE,16/03/2018 16:54,20/03/2018 16:50,20/03/2018,
ZA-00017636,ZAC0013077,14/03/2018 15:46,COMPLETE,17/03/2018 23:42,20/03/2018 07:55,20/03/2018,
ZA-00017637,ZAC0007233,14/03/2018 20:34,COMPLETE,17/03/2018 04:26,19/03/2018 12:26,20/03/2018,
ZA-00017638,ZAC0008297,14/03/2018 16:32,COMPLETE,16/03/2018 11:40,20/03/2018 10:53,21/03/2018,WINTER15
ZA-00017639,ZAC0023507,14/03/2018 20:26,CANCELLED,,,,
ZA-00017640,ZAC0009809,14/03/2018 12:09,COMPLETE,19/03/2018 02:52,28/03/2018 10:06,23/03/2018,WINTER15
ZA-00017641,ZAC0007930,14/03/2018 09:29,COMPLETE,17/03/2018 07:00,21/03/2018 04:07,21/03/2018,WELCOME10
ZA-00017642,ZAC0002186,14/03/2018 12:54,COMPLETE,17/03/2018 09:08,27/03/2018 11:20,21/03/2018,
ZA-00017643,ZAC0013686,14/03/2018 17:59,COMPLETE,18/03/2018 09:53,21/03/2018 01:19,23/03/2018,LOYAL5
ZA-00017644,ZAC0008470,14/03/2018 18:25,COMPLETE,17/03/2018 16:25,26/03/2018 20:56,21/03/2018,
ZA-00017645,ZAC0007557,14/03/2018 10:59,COMPLETE,14/03/2018 21:19,18/03/2018 14:39,19/03/2018,
ZA-00017646,ZAC0020808,14/03/2018 18:30,COMPLETE,15/03/2018 00:17,18/03/2018 17:34,19/03/2018,WINTER15
ZA-00017647,ZAC0011398,14/03/2018 08:34,PENDING,,,,
ZA-00017648,ZAC0002179,14/03/2018 09:14,COMPLETE,15/03/2018 10:11,17/03/2018 08:36,19/03/2018,
ZA-00017649,ZAC0000368,14/03/2018 22:38,COMPLETE,15/03/2018 06:29,28/03/2018 15:26,25/03/2018,
ZA-00017650,ZAC0003478,14/03/2018 08:17,COMPLETE,14/03/2018 17:22,16/03/2018 16:32,18/03/2018,
ZA-00017651,ZAC0020411,14/03/2018 06:07,COMPLETE,14/03/2018 08:44,17/03/2018 10:34,18/03/2018,WINTER15
ZA-00017652,ZAC0022929,14/03/2018 12:35,COMPLETE,19/03/2018 20:06,27/03/2018 20:11,22/03/2018,
ZA-00017653,ZAC0016491,14/03/2018 08:24,COMPLETE,16/03/2018 17:20,19/03/2018 10:22,20/03/2018,
ZA-00017654,ZAC0020820,14/03/2018 14:49,DISPATCHED,15/03/2018 09:38,,22/03/2018,
ZA-00017655,ZAC0014687,14/03/2018 14:27,COMPLETE,14/03/2018 19:00,18/03/2018 08:15,21/03/2018,
ZA-00017656,ZAC0007357,14/03/2018 17:26,COMPLETE,15/03/2018 07:56,16/03/2018 01:39,18/03/2018,
ZA-00017657,ZAC0009773,14/03/2018 10:09,COMPLETE,16/03/2018 06:28,19/03/2018 05:10,20/03/2018,
ZA-00017658,ZAC0007277,14/03/2018 14:37,COMPLETE,17/03/2018 20:08,19/03/2018 11:23,21/03/2018,
ZA-00017659,ZAC0010953,14/03/2018 18:19,COMPLETE,18/03/2018 17:14,24/03/2018 08:42,21/03/2018,
ZA-00017660,ZAC0005580,15/03/2018 12:26,COMPLETE,16/03/2018 21:09,26/03/2018 09:23,21/03/2018,
ZA-00017661,ZAC0012178,15/03/2018 12:30,COMPLETE,16/03/2018 12:58,22/03/2018 08:05,19/03/2018,FLASH25
ZA-00017662,ZAC0022385,15/03/2018 12:24,COMPLETE,18/03/2018 09:49,22/03/2018 00:58,22/03/2018,
ZA-00017663,ZAC0013533,15/03/2018 06:37,COMPLETE,16/03/2018 10:59,22/03/2018 06:07,21/03/2018,
ZA-00017664,ZAC0019746,15/03/2018 18:59,COMPLETE,17/03/2018 11:24,26/03/2018 05:53,21/03/2018,
ZA-00017665,ZAC0019925,15/03/2018 18:36,COMPLETE,21/03/2018 19:39,23/03/2018 10:35,28/03/2018,
ZA-00017666,ZAC0006815,15/03/2018 09:25,COMPLETE,16/03/2018 10:29,23/03/2018 14:18,19/03/2018,
ZA-00017667,ZAC0002159,15/03/2018 19:00,COMPLETE,17/03/2018 03:36,23/03/2018 09:28,20/03/2018,WINTER15
ZA-00017668,ZAC0019089,15/03/2018 18:07,DISPATCHED,16/03/2018 20:20,,23/03/2018,WELCOME10
ZA-00017669,ZAC0017045,15/03/2018 14:27,COMPLETE,17/03/2018 08:25,19/03/2018 18:11,24/03/2018,
ZA-00017670,ZAC0003436,15/03/2018 13:59,COMPLETE,19/03/2018 16:30,24/03/2018 18:52,23/03/2018,
ZA-00017671,ZAC0019768,15/03/2018 14:19,COMPLETE,17/03/2018 08:59,20/03/2018 13:41,24/03/2018,LOYAL5
ZA-00017672,ZAC0010766,15/03/2018 21:57,COMPLETE,19/03/2018 02:50,03/04/2018 03:24,26/03/2018,WELCOME10
ZA-00017673,ZAC0022802,15/03/2018 16:17,COMPLETE,17/03/2018 11:36,24/03/2018 14:35,21/03/2018,
ZA-00017674,ZAC0022514,15/03/2018 13:38,COMPLETE,19/03/2018 19:45,20/03/2018 20:44,22/03/2018,
ZA-00017675,ZAC0002929,15/03/2018 06:23,COMPLETE,16/03/2018 10:14,23/03/2018 03:39,19/03/2018,LOYAL5
ZA-00017676,ZAC0001991,15/03/2018 16:59,COMPLETE,19/03/2018 18:06,26/03/2018 21:59,23/03/2018,
ZA-00017677,ZAC0008596,15/03/2018 09:35,COMPLETE,17/03/2018 05:23,20/03/2018 16:09,22/03/2018,
ZA-00017678,ZAC0009144,15/03/2018 06:12,COMPLETE,27/03/2018 03:40,30/03/2018 00:10,01/04/2018,
ZA-00017679,ZAC0011972,15/03/2018 15:26,COMPLETE,25/03/2018 00:06,01/04/2018 22:35,04/04/2018,
ZA-00017680,ZAC0003050,15/03/2018 18:55,COMPLETE,20/03/2018 08:30,23/03/2018 22:03,25/03/2018,
ZA-00017681,ZAC0005620,15/03/2018 18:03,COMPLETE,20/03/2018 15:46,23/03/2018 06:08,24/03/2018,FREESHIP
ZA-00017682,ZAC0008288,15/03/2018 11:43,COMPLETE,17/03/2018 18:39,24/03/2018 05:45,20/03/2018,
ZA-00017683,ZAC0016979,15/03/2018 20:10,COMPLETE,17/03/2018 13:06,22/03/2018 20:39,24/03/2018,
ZA-00017684,ZAC0010292,15/03/2018 20:46,COMPLETE,20/03/2018 05:19,22/03/2018 15:03,23/03/2018,
ZA-00017685,ZAC0017242,15/03/2018 22:30,COMPLETE,16/03/2018 12:22,24/03/2018 14:17,19/03/2018,
ZA-00017686,ZAC0023889,15/03/2018 11:15,COMPLETE,18/03/2018 12:30,21/03/2018 22:16,23/03/2018,FLASH25
ZA-00017687,ZAC0018184,15/03/2018 07:49,COMPLETE,16/03/2018 04:55,21/03/2018 08:42,20/03/2018,
ZA-00017688,ZAC0023729,15/03/2018 20:18,COMPLETE,19/03/2018 01:02,20/03/2018 03:53,24/03/2018,
ZA-00017689,ZAC0005589,15/03/2018 22:56,COMPLETE,18/03/2018 14:52,25/03/2018 00:57,21/03/2018,FREESHIP
ZA-00017690,ZAC0001879,15/03/2018 15:28,COMPLETE,17/03/2018 01:58,19/03/2018 10:32,21/03/2018,BULK20
ZA-00017691,ZAC0021818,15/03/2018 17:20,COMPLETE,18/03/2018 03:33,20/03/2018 20:26,22/03/2018,
ZA-00017692,ZAC0009405,15/03/2018 20:05,COMPLETE,17/03/2018 15:20,24/03/2018 14:36,20/03/2018,
ZA-00017693,ZAC0019731,15/03/2018 07:14,COMPLETE,17/03/2018 14:31,21/03/2018 23:00,21/03/2018,
ZA-00017694,ZAC0008593,15/03/2018 18:54,COMPLETE,16/03/2018 04:56,20/03/2018 07:13,21/03/2018,
ZA-00017695,ZAC0014878,15/03/2018 13:06,CANCELLED,,,,WELCOME10
ZA-00017696,ZAC0005006,15/03/2018 07:37,COMPLETE,15/03/2018 17:25,16/03/2018 04:42,25/03/2018,
ZA-00017697,ZAC0018124,15/03/2018 19:01,COMPLETE,17/03/2018 06:26,21/03/2018 07:18,21/03/2018,BULK20
ZA-00017698,ZAC0017948,15/03/2018 17:23,COMPLETE,16/03/2018 15:28,20/03/2018 01:15,19/03/2018,
ZA-00017699,ZAC0002900,15/03/2018 07:19,COMPLETE,18/03/2018 13:27,25/03/2018 11:56,28/03/2018,
ZA-00017700,ZAC0002291,15/03/2018 10:34,COMPLETE,22/03/2018 00:58,24/03/2018 15:07,27/03/2018,
ZA-00017701,ZAC0014407,15/03/2018 13:51,COMPLETE,19/03/2018 21:01,21/03/2018 06:18,23/03/2018,
ZA-00017702,ZAC0008264,15/03/2018 14:49,COMPLETE,18/03/2018 22:06,21/03/2018 16:23,22/03/2018,LOYAL5
ZA-00017703,ZAC0020304,15/03/2018 16:43,COMPLETE,18/03/2018 22:48,21/03/2018 07:46,28/03/2018,
ZA-00017704,ZAC0005696,15/03/2018 07:20,COMPLETE,17/03/2018 21:15,20/03/2018 10:53,21/03/2018,
ZA-00017705,ZAC0021844,15/03/2018 18:31,COMPLETE,19/03/2018 00:54,27/03/2018 13:15,26/03/2018,
ZA-00017706,ZAC0007978,15/03/2018 15:30,COMPLETE,17/03/2018 18:34,20/03/2018 09:31,22/03/2018,
ZA-00017707,ZAC0001954,15/03/2018 10:18,COMPLETE,16/03/2018 12:27,17/03/2018 17:52,21/03/2018,
ZA-00017708,ZAC0009098,15/03/2018 13:48,COMPLETE,15/03/2018 22:35,19/03/2018 01:16,19/03/2018,
ZA-00017709,ZAC0016547,15/03/2018 22:44,COMPLETE,18/03/2018 02:52,20/03/2018 01:51,25/03/2018,LOYAL5
ZA-00017710,ZAC0011505,15/03/2018 19:37,COMPLETE,19/03/2018 02:27,21/03/2018 18:37,24/03/2018,
ZA-00017711,ZAC0006482,15/03/2018 16:51,COMPLETE,19/03/2018 11:56,20/03/2018 11:03,26/03/2018,
ZA-00017712,ZAC0015607,15/03/2018 21:26,COMPLETE,16/03/2018 01:04,21/03/2018 09:17,21/03/2018,
ZA-00017713,ZAC0009567,15/03/2018 12:46,COMPLETE,19/03/2018 04:34,22/03/2018 15:53,22/03/2018,
ZA-00017714,ZAC0016812,15/03/2018 10:26,COMPLETE,18/03/2018 15:09,24/03/2018 10:45,28/03/2018,
ZA-00017715,ZAC0022920,15/03/2018 11:05,COMPLETE,17/03/2018 05:49,18/03/2018 08:23,24/03/2018,
ZA-00017716,ZAC0023649,15/03/2018 22:16,DISPATCHED,16/03/2018 16:13,,19/03/2018,
ZA-00017717,ZAC0017558,15/03/2018 10:45,COMPLETE,20/03/2018 03:16,21/03/2018 13:45,25/03/2018,
ZA-00017718,ZAC0019029,15/03/2018 11:31,COMPLETE,20/03/2018 15:02,23/03/2018 08:08,23/03/2018,FREESHIP
ZA-00017719,ZAC0022909,15/03/2018 13:51,CANCELLED,,,,
ZA-00017720,ZAC0011672,15/03/2018 19:53,COMPLETE,20/03/2018 04:00,25/03/2018 08:18,25/03/2018,
ZA-00017721,ZAC0020773,15/03/2018 22:08,COMPLETE,20/03/2018 17:48,24/03/2018 07:58,27/03/2018,
ZA-00017722,ZAC0006699,15/03/2018 22:05,COMPLETE,18/03/2018 15:44,28/03/2018 04:06,21/03/2018,
ZA-00017723,ZAC0005647,15/03/2018 17:32,COMPLETE,19/03/2018 18:46,22/03/2018 22:16,24/03/2018,
ZA-00017724,ZAC0009719,15/03/2018 11:03,COMPLETE,21/03/2018 11:05,29/03/2018 12:33,28/03/2018,FLASH25
ZA-00017725,ZAC0007651,15/03/2018 21:13,COMPLETE,21/03/2018 10:31,27/03/2018 03:42,25/03/2018,
ZA-00017726,ZAC0019622,15/03/2018 20:51,COMPLETE,17/03/2018 13:32,19/03/2018 07:19,20/03/2018,FLASH25
ZA-00017727,ZAC0004212,15/03/2018 20:38,COMPLETE,16/03/2018 21:53,20/03/2018 06:36,21/03/2018,
ZA-00017728,ZAC0023662,15/03/2018 11:02,COMPLETE,18/03/2018 11:07,20/03/2018 18:15,21/03/2018,WELCOME10
ZA-00017729,ZAC0020234,15/03/2018 22:33,COMPLETE,18/03/2018 11:54,23/03/2018 15:55,22/03/2018,
ZA-00017730,ZAC0012065,15/03/2018 20:11,COMPLETE,18/03/2018 02:35,20/03/2018 14:05,23/03/2018,
ZA-00017731,ZAC0010046,15/03/2018 21:14,COMPLETE,16/03/2018 15:03,18/03/2018 20:51,19/03/2018,FREESHIP
ZA-00017732,ZAC0011748,15/03/2018 18:47,DISPATCHED,17/03/2018 07:29,,22/03/2018,
ZA-00017733,ZAC0020530,15/03/2018 18:08,CANCELLED,,,,WELCOME10
ZA-00017734,ZAC0013224,15/03/2018 06:54,COMPLETE,15/03/2018 13:16,18/03/2018 18:41,20/03/2018,
ZA-00017735,ZAC0009985,15/03/2018 06:22,COMPLETE,18/03/2018 00:24,23/03/2018 17:53,21/03/2018,
ZA-00017736,ZAC0007187,15/03/2018 18:04,COMPLETE,17/03/2018 10:50,19/03/2018 07:34,22/03/2018,
ZA-00017737,ZAC0005403,15/03/2018 20:29,COMPLETE,16/03/2018 04:21,22/03/2018 14:52,21/03/2018,
ZA-00017738,ZAC0018248,15/03/2018 09:11,COMPLETE,17/03/2018 06:13,24/03/2018 02:01,21/03/2018,WELCOME10
ZA-00017739,ZAC0005541,15/03/2018 15:41,COMPLETE,15/03/2018 19:19,17/03/2018 11:10,19/03/2018,
ZA-00017740,ZAC0004881,15/03/2018 21:06,COMPLETE,16/03/2018 02:21,25/03/2018 05:59,21/03/2018,
ZA-00017741,ZAC0004199,16/03/2018 16:09,COMPLETE,19/03/2018 04:38,29/03/2018 16:32,26/03/2018,
ZA-00017742,ZAC0017017,16/03/2018 12:43,COMPLETE,18/03/2018 11:33,22/03/2018 04:00,23/03/2018,FLASH25
ZA-00017743,ZAC0004272,16/03/2018 10:50,COMPLETE,20/03/2018 10:16,23/03/2018 04:05,24/03/2018,
ZA-00017744,ZAC0007848,16/03/2018 18:44,COMPLETE,19/03/2018 05:00,23/03/2018 23:22,23/03/2018,
ZA-00017745,ZAC0016280,16/03/2018 19:10,COMPLETE,17/03/2018 14:40,19/03/2018 13:11,22/03/2018,
ZA-00017746,ZAC0009569,16/03/2018 21:08,COMPLETE,17/03/2018 23:31,20/03/2018 01:04,20/03/2018,
ZA-00017747,ZAC0002869,16/03/2018 13:21,COMPLETE,18/03/2018 20:24,29/03/2018 03:46,22/03/2018,
ZA-00017748,ZAC0017637,16/03/2018 11:00,COMPLETE,19/03/2018 11:44,22/03/2018 07:44,22/03/2018,
ZA-00017749,ZAC0015948,16/03/2018 18:31,COMPLETE,21/03/2018 00:21,23/03/2018 22:04,25/03/2018,
ZA-00017750,ZAC0007974,16/03/2018 14:49,COMPLETE,16/03/2018 22:08,18/03/2018 12:46,21/03/2018,
ZA-00017751,ZAC0003937,16/03/2018 06:41,COMPLETE,16/03/2018 23:03,19/03/2018 07:10,26/03/2018,
ZA-00017752,ZAC0017310,16/03/2018 12:54,COMPLETE,16/03/2018 22:25,25/03/2018 11:03,21/03/2018,
ZA-00017753,ZAC0021432,16/03/2018 06:27,COMPLETE,16/03/2018 14:55,25/03/2018 09:54,19/03/2018,
ZA-00017754,ZAC0016444,16/03/2018 17:02,RETURNED,17/03/2018 08:37,21/03/2018 02:55,22/03/2018,FLASH25
ZA-00017755,ZAC0005992,16/03/2018 08:32,COMPLETE,18/03/2018 04:25,21/03/2018 21:00,23/03/2018,
ZA-00017756,ZAC0010179,16/03/2018 22:28,COMPLETE,17/03/2018 09:20,20/03/2018 21:56,24/03/2018,
ZA-00017757,ZAC0004787,16/03/2018 15:02,COMPLETE,17/03/2018 06:02,21/03/2018 13:36,20/03/2018,
ZA-00017758,ZAC0008701,16/03/2018 14:13,COMPLETE,19/03/2018 11:19,24/03/2018 05:12,24/03/2018,
ZA-00017759,ZAC0007951,16/03/2018 07:11,COMPLETE,17/03/2018 00:51,23/03/2018 17:44,20/03/2018,
ZA-00017760,ZAC0013584,16/03/2018 08:02,COMPLETE,18/03/2018 10:41,23/03/2018 03:15,22/03/2018,
ZA-00017761,ZAC0002045,16/03/2018 11:25,COMPLETE,17/03/2018 12:02,24/03/2018 10:40,21/03/2018,
ZA-00017762,ZAC0008170,16/03/2018 14:31,COMPLETE,18/03/2018 03:07,21/03/2018 01:56,28/03/2018,WINTER15
ZA-00017763,ZAC0005345,16/03/2018 18:40,COMPLETE,19/03/2018 00:59,20/03/2018 20:29,22/03/2018,
ZA-00017764,ZAC0022231,16/03/2018 22:28,COMPLETE,18/03/2018 20:29,25/03/2018 12:50,25/03/2018,
ZA-00017765,ZAC0018220,16/03/2018 21:44,COMPLETE,20/03/2018 01:04,21/03/2018 09:34,25/03/2018,
ZA-00017766,ZAC0004642,16/03/2018 19:41,COMPLETE,19/03/2018 11:43,26/03/2018 08:56,26/03/2018,FREESHIP
ZA-00017767,ZAC0019684,16/03/2018 10:49,COMPLETE,17/03/2018 13:03,18/03/2018 11:08,22/03/2018,
ZA-00017768,ZAC0021902,16/03/2018 08:40,COMPLETE,19/03/2018 05:49,22/03/2018 01:02,22/03/2018,FREESHIP
ZA-00017769,ZAC0005046,16/03/2018 06:22,COMPLETE,17/03/2018 07:03,20/03/2018 06:31,21/03/2018,
ZA-00017770,ZAC0011482,16/03/2018 08:35,COMPLETE,19/03/2018 03:07,20/03/2018 17:23,22/03/2018,
ZA-00017771,ZAC0002271,16/03/2018 19:58,COMPLETE,20/03/2018 17:28,23/03/2018 14:02,24/03/2018,
ZA-00017772,ZAC0018576,16/03/2018 15:54,DISPATCHED,17/03/2018 14:52,,22/03/2018,
ZA-00017773,ZAC0010660,16/03/2018 12:19,COMPLETE,19/03/2018 14:17,27/03/2018 11:26,22/03/2018,
ZA-00017774,ZAC0020478,16/03/2018 15:02,COMPLETE,19/03/2018 16:30,24/03/2018 21:52,22/03/2018,
ZA-00017775,ZAC0009410,16/03/2018 09:45,COMPLETE,17/03/2018 12:46,20/03/2018 18:02,27/03/2018,
ZA-00017776,ZAC0023080,16/03/2018 14:12,COMPLETE,18/03/2018 03:59,23/03/2018 15:29,23/03/2018,WINTER15
ZA-00017777,ZAC0012415,16/03/2018 14:12,COMPLETE,20/03/2018 15:59,26/03/2018 01:45,27/03/2018,
ZA-00017778,ZAC0012296,16/03/2018 21:39,COMPLETE,17/03/2018 00:05,21/03/2018 12:51,20/03/2018,BULK20
ZA-00017779,ZAC0017252,16/03/2018 22:23,COMPLETE,18/03/2018 19:22,29/03/2018 00:04,21/03/2018,
ZA-00017780,ZAC0021124,16/03/2018 18:19,COMPLETE,17/03/2018 15:00,22/03/2018 06:21,21/03/2018,
ZA-00017781,ZAC0001107,16/03/2018 13:42,COMPLETE,18/03/2018 14:38,21/03/2018 05:54,22/03/2018,LOYAL5
ZA-00017782,ZAC0012193,16/03/2018 12:55,COMPLETE,18/03/2018 13:19,27/03/2018 13:06,23/03/2018,
ZA-00017783,ZAC0009051,16/03/2018 13:03,COMPLETE,18/03/2018 02:35,20/03/2018 14:01,21/03/2018,LOYAL5
ZA-00017784,ZAC0003011,16/03/2018 12:46,COMPLETE,17/03/2018 12:25,18/03/2018 08:40,22/03/2018,
ZA-00017785,ZAC0013038,16/03/2018 07:15,COMPLETE,19/03/2018 06:54,22/03/2018 17:31,23/03/2018,FREESHIP
ZA-00017786,ZAC0023891,16/03/2018 06:28,COMPLETE,16/03/2018 17:37,25/03/2018 13:31,19/03/2018,
ZA-00017787,ZAC0013482,16/03/2018 11:15,COMPLETE,17/03/2018 15:00,20/03/2018 14:52,22/03/2018,
ZA-00017788,ZAC0013873,16/03/2018 07:29,COMPLETE,17/03/2018 23:26,23/03/2018 09:30,20/03/2018,
ZA-00017789,ZAC0003543,16/03/2018 11:49,COMPLETE,18/03/2018 13:58,20/03/2018 20:18,21/03/2018,
ZA-00017790,ZAC0009494,16/03/2018 13:21,COMPLETE,17/03/2018 08:53,19/03/2018 04:26,22/03/2018,
ZA-00017791,ZAC0004530,16/03/2018 06:04,COMPLETE,17/03/2018 08:42,18/03/2018 18:56,24/03/2018,
ZA-00017792,ZAC0002865,16/03/2018 19:36,COMPLETE,17/03/2018 10:34,25/03/2018 11:42,20/03/2018,BULK20
ZA-00017793,ZAC0001619,16/03/2018 08:34,COMPLETE,17/03/2018 19:51,18/03/2018 21:20,20/03/2018,
ZA-00017794,ZAC0000955,16/03/2018 08:42,CANCELLED,,,,
ZA-00017795,ZAC0006906,16/03/2018 17:18,COMPLETE,19/03/2018 03:04,27/03/2018 03:45,23/03/2018,
ZA-00017796,ZAC0021088,16/03/2018 09:17,COMPLETE,19/03/2018 21:31,24/03/2018 07:39,26/03/2018,FREESHIP
ZA-00017797,ZAC0010522,16/03/2018 16:57,COMPLETE,18/03/2018 15:05,21/03/2018 13:15,22/03/2018,
ZA-00017798,ZAC0014117,16/03/2018 18:46,COMPLETE,17/03/2018 23:03,29/03/2018 15:16,20/03/2018,
ZA-00017799,ZAC0011324,16/03/2018 13:18,COMPLETE,19/03/2018 08:32,30/03/2018 00:16,23/03/2018,LOYAL5
ZA-00017800,ZAC0009009,16/03/2018 21:35,COMPLETE,17/03/2018 11:18,25/03/2018 07:35,24/03/2018,
ZA-00017801,ZAC0023528,16/03/2018 12:55,COMPLETE,18/03/2018 02:42,20/03/2018 15:51,22/03/2018,
ZA-00017802,ZAC0018005,16/03/2018 06:51,COMPLETE,17/03/2018 18:17,19/03/2018 09:14,21/03/2018,FREESHIP
ZA-00017803,ZAC0022821,16/03/2018 22:46,COMPLETE,18/03/2018 10:12,20/03/2018 21:24,22/03/2018,
ZA-00017804,ZAC0019863,16/03/2018 12:57,COMPLETE,19/03/2018 00:50,21/03/2018 08:28,23/03/2018,FREESHIP
ZA-00017805,ZAC0016607,16/03/2018 15:57,COMPLETE,18/03/2018 02:18,18/03/2018 11:13,21/03/2018,WELCOME10
ZA-00017806,ZAC0019655,17/03/2018 19:08,COMPLETE,21/03/2018 15:00,24/03/2018 09:47,25/03/2018,
ZA-00017807,ZAC0001725,17/03/2018 21:42,COMPLETE,20/03/2018 18:06,30/03/2018 08:42,27/03/2018,
ZA-00017808,ZAC0012554,17/03/2018 10:27,COMPLETE,21/03/2018 19:51,24/03/2018 08:27,28/03/2018,
ZA-00017809,ZAC0002634,17/03/2018 16:21,COMPLETE,18/03/2018 02:27,27/03/2018 05:49,21/03/2018,
ZA-00017810,ZAC0010397,17/03/2018 20:05,COMPLETE,19/03/2018 22:03,21/03/2018 14:31,23/03/2018,
ZA-00017811,ZAC0005088,17/03/2018 15:28,COMPLETE,17/03/2018 21:17,21/03/2018 00:08,20/03/2018,
ZA-00017812,ZAC0010095,17/03/2018 10:12,COMPLETE,19/03/2018 17:06,22/03/2018 08:51,26/03/2018,
ZA-00017813,ZAC0004709,17/03/2018 21:09,COMPLETE,20/03/2018 20:26,24/03/2018 10:22,30/03/2018,
ZA-00017814,ZAC0011074,17/03/2018 20:55,DISPATCHED,22/03/2018 02:53,,27/03/2018,
ZA-00017815,ZAC0020652,17/03/2018 17:57,COMPLETE,18/03/2018 02:36,19/03/2018 11:49,21/03/2018,BULK20
ZA-00017816,ZAC0010045,17/03/2018 12:34,COMPLETE,19/03/2018 00:17,21/03/2018 13:51,24/03/2018,FREESHIP
ZA-00017817,ZAC0019793,17/03/2018 13:42,COMPLETE,18/03/2018 16:06,24/03/2018 18:00,23/03/2018,BULK20
ZA-00017818,ZAC0010615,17/03/2018 22:35,COMPLETE,21/03/2018 10:24,25/03/2018 23:20,26/03/2018,
ZA-00017819,ZAC0000603,17/03/2018 06:36,COMPLETE,17/03/2018 13:52,18/03/2018 19:57,21/03/2018,
ZA-00017820,ZAC0018194,17/03/2018 17:08,COMPLETE,18/03/2018 10:45,02/04/2018 23:29,23/03/2018,
ZA-00017821,ZAC0008731,17/03/2018 07:42,CANCELLED,,,,
ZA-00017822,ZAC0021129,17/03/2018 15:20,COMPLETE,18/03/2018 17:12,24/03/2018 00:11,22/03/2018,
ZA-00017823,ZAC0007033,17/03/2018 08:16,COMPLETE,21/03/2018 11:40,25/03/2018 19:20,25/03/2018,
ZA-00017824,ZAC0008206,17/03/2018 09:38,COMPLETE,17/03/2018 16:32,24/03/2018 08:17,21/03/2018,
ZA-00017825,ZAC0004079,17/03/2018 08:19,COMPLETE,20/03/2018 13:40,25/03/2018 10:04,25/03/2018,
ZA-00017826,ZAC0019699,17/03/2018 15:54,COMPLETE,20/03/2018 19:32,22/03/2018 08:38,25/03/2018,WELCOME10
ZA-00017827,ZAC0023448,17/03/2018 20:27,COMPLETE,19/03/2018 20:55,21/03/2018 21:44,24/03/2018,
ZA-00017828,ZAC0022208,17/03/2018 18:17,COMPLETE,20/03/2018 15:10,24/03/2018 19:52,27/03/2018,BULK20
ZA-00017829,ZAC0018778,17/03/2018 09:00,COMPLETE,18/03/2018 08:33,26/03/2018 22:02,25/03/2018,FREESHIP
ZA-00017830,ZAC0011842,17/03/2018 14:00,COMPLETE,21/03/2018 04:56,23/03/2018 14:44,25/03/2018,FLASH25
ZA-00017831,ZAC0004619,17/03/2018 18:18,COMPLETE,18/03/2018 03:57,21/03/2018 10:37,21/03/2018,
ZA-00017832,ZAC0001093,17/03/2018 07:27,COMPLETE,17/03/2018 16:57,26/03/2018 04:59,20/03/2018,
ZA-00017833,ZAC0012945,17/03/2018 20:01,COMPLETE,19/03/2018 06:53,21/03/2018 00:43,26/03/2018,
ZA-00017834,ZAC0015165,17/03/2018 21:16,COMPLETE,20/03/2018 00:39,24/03/2018 03:56,27/03/2018,
ZA-00017835,ZAC0002796,17/03/2018 21:28,COMPLETE,19/03/2018 12:50,22/03/2018 18:30,23/03/2018,
ZA-00017836,ZAC0022071,17/03/2018 06:30,COMPLETE,18/03/2018 18:38,26/03/2018 15:22,23/03/2018,
ZA-00017837,ZAC0012013,17/03/2018 20:39,COMPLETE,19/03/2018 15:21,24/03/2018 00:48,22/03/2018,
ZA-00017838,ZAC0015165,17/03/2018 19:05,COMPLETE,19/03/2018 23:43,26/03/2018 21:14,26/03/2018,
ZA-00017839,ZAC0015725,17/03/2018 14:36,COMPLETE,19/03/2018 16:38,29/03/2018 10:10,22/03/2018,
ZA-00017840,ZAC0013134,17/03/2018 21:05,COMPLETE,20/03/2018 08:12,30/03/2018 05:58,30/03/2018,WINTER15
ZA-00017841,ZAC0012862,17/03/2018 06:28,COMPLETE,18/03/2018 06:43,21/03/2018 01:26,23/03/2018,
ZA-00017842,ZAC0016498,17/03/2018 09:23,COMPLETE,17/03/2018 13:41,24/03/2018 11:11,22/03/2018,LOYAL5
ZA-00017843,ZAC0020728,17/03/2018 06:37,COMPLETE,18/03/2018 09:25,01/04/2018 09:50,21/03/2018,
ZA-00017844,ZAC0000081,17/03/2018 09:18,COMPLETE,18/03/2018 16:08,20/03/2018 13:16,22/03/2018,
ZA-00017845,ZAC0023655,17/03/2018 09:20,COMPLETE,19/03/2018 14:25,26/03/2018 04:06,23/03/2018,
ZA-00017846,ZAC0019855,17/03/2018 14:19,COMPLETE,18/03/2018 16:34,20/03/2018 22:28,28/03/2018,
ZA-00017847,ZAC0001413,17/03/2018 19:25,COMPLETE,19/03/2018 13:39,22/03/2018 01:29,23/03/2018,
ZA-00017848,ZAC0017590,17/03/2018 19:13,COMPLETE,19/03/2018 23:02,25/03/2018 06:13,23/03/2018,FREESHIP
ZA-00017849,ZAC0008769,17/03/2018 16:13,COMPLETE,18/03/2018 23:22,25/03/2018 14:28,21/03/2018,LOYAL5
ZA-00017850,ZAC0013764,17/03/2018 11:31,COMPLETE,19/03/2018 12:09,21/03/2018 14:01,24/03/2018,
ZA-00017851,ZAC0011550,17/03/2018 14:09,COMPLETE,20/03/2018 14:51,23/03/2018 09:30,24/03/2018,LOYAL5
ZA-00017852,ZAC0016770,17/03/2018 07:03,COMPLETE,19/03/2018 17:08,22/03/2018 18:46,23/03/2018,
ZA-00017853,ZAC0002128,17/03/2018 11:23,COMPLETE,18/03/2018 13:36,20/03/2018 06:42,22/03/2018,
ZA-00017854,ZAC0020196,17/03/2018 07:36,COMPLETE,20/03/2018 07:10,24/03/2018 09:05,25/03/2018,LOYAL5
ZA-00017855,ZAC0001270,17/03/2018 09:38,CANCELLED,,,,
ZA-00017856,ZAC0023845,17/03/2018 19:54,COMPLETE,22/03/2018 13:47,29/03/2018 08:03,29/03/2018,LOYAL5
ZA-00017857,ZAC0012449,17/03/2018 14:38,COMPLETE,20/03/2018 02:07,23/03/2018 08:09,24/03/2018,
ZA-00017858,ZAC0005674,17/03/2018 12:51,COMPLETE,18/03/2018 10:25,22/03/2018 08:32,25/03/2018,WINTER15
ZA-00017859,ZAC0006811,17/03/2018 16:24,COMPLETE,20/03/2018 20:39,23/03/2018 06:58,24/03/2018,
ZA-00017860,ZAC0003833,17/03/2018 20:57,COMPLETE,20/03/2018 05:56,26/03/2018 20:26,24/03/2018,FLASH25
ZA-00017861,ZAC0005325,17/03/2018 15:22,COMPLETE,19/03/2018 21:41,24/03/2018 05:14,26/03/2018,LOYAL5
ZA-00017862,ZAC0002977,17/03/2018 12:48,COMPLETE,18/03/2018 08:26,21/03/2018 17:19,23/03/2018,
ZA-00017863,ZAC0017967,17/03/2018 14:50,DISPATCHED,18/03/2018 19:52,,22/03/2018,
ZA-00017864,ZAC0021893,17/03/2018 07:28,COMPLETE,18/03/2018 10:42,25/03/2018 16:30,21/03/2018,
ZA-00017865,ZAC0003078,17/03/2018 10:28,RETURNED,17/03/2018 22:34,20/03/2018 19:14,22/03/2018,
ZA-00017866,ZAC0020689,17/03/2018 18:52,COMPLETE,19/03/2018 02:03,21/03/2018 19:54,29/03/2018,FLASH25
ZA-00017867,ZAC0000130,17/03/2018 13:55,COMPLETE,19/03/2018 04:08,24/03/2018 06:19,24/03/2018,
ZA-00017868,ZAC0005236,18/03/2018 12:32,COMPLETE,22/03/2018 13:57,26/03/2018 04:28,29/03/2018,
ZA-00017869,ZAC0005106,18/03/2018 08:56,COMPLETE,22/03/2018 14:19,26/03/2018 03:37,26/03/2018,
ZA-00017870,ZAC0020076,18/03/2018 10:07,COMPLETE,21/03/2018 13:48,27/03/2018 04:58,24/03/2018,
ZA-00017871,ZAC0010480,18/03/2018 22:09,COMPLETE,19/03/2018 12:53,20/03/2018 09:01,23/03/2018,
ZA-00017872,ZAC0021411,18/03/2018 16:56,COMPLETE,25/03/2018 01:19,25/03/2018 14:08,30/03/2018,
ZA-00017873,ZAC0007666,18/03/2018 08:38,COMPLETE,18/03/2018 15:06,20/03/2018 16:39,23/03/2018,WINTER15
ZA-00017874,ZAC0011115,18/03/2018 21:56,COMPLETE,23/03/2018 11:06,28/03/2018 17:14,27/03/2018,
ZA-00017875,ZAC0005000,18/03/2018 10:37,COMPLETE,20/03/2018 06:56,22/03/2018 18:52,25/03/2018,
ZA-00017876,ZAC0021499,18/03/2018 08:04,COMPLETE,20/03/2018 20:16,22/03/2018 07:43,25/03/2018,LOYAL5
ZA-00017877,ZAC0010867,18/03/2018 06:28,COMPLETE,19/03/2018 06:22,24/03/2018 08:37,23/03/2018,
ZA-00017878,ZAC0004976,18/03/2018 18:59,COMPLETE,21/03/2018 18:47,23/03/2018 21:58,26/03/2018,LOYAL5
ZA-00017879,ZAC0008172,18/03/2018 08:53,COMPLETE,19/03/2018 07:36,21/03/2018 14:39,26/03/2018,
ZA-00017880,ZAC0019718,18/03/2018 16:27,COMPLETE,19/03/2018 19:10,21/03/2018 22:37,23/03/2018,
ZA-00017881,ZAC0012831,18/03/2018 10:15,COMPLETE,20/03/2018 17:36,24/03/2018 23:19,23/03/2018,
ZA-00017882,ZAC0009382,18/03/2018 22:11,COMPLETE,23/03/2018 11:22,28/03/2018 20:44,27/03/2018,
ZA-00017883,ZAC0005993,18/03/2018 07:30,COMPLETE,24/03/2018 16:48,02/04/2018 13:28,31/03/2018,
ZA-00017884,ZAC0012718,18/03/2018 16:17,COMPLETE,26/03/2018 17:51,28/03/2018 02:30,02/04/2018,
ZA-00017885,ZAC0004719,18/03/2018 12:42,COMPLETE,19/03/2018 00:33,27/03/2018 02:55,26/03/2018,
ZA-00017886,ZAC0011794,18/03/2018 14:57,COMPLETE,20/03/2018 02:21,21/03/2018 20:31,24/03/2018,FREESHIP
ZA-00017887,ZAC0002381,18/03/2018 19:25,CANCELLED,,,,
ZA-00017888,ZAC0009424,18/03/2018 11:39,CANCELLED,,,,
ZA-00017889,ZAC0008970,18/03/2018 10:13,COMPLETE,19/03/2018 05:38,26/03/2018 01:29,23/03/2018,
ZA-00017890,ZAC0000885,18/03/2018 15:32,COMPLETE,20/03/2018 16:18,22/03/2018 07:27,24/03/2018,
ZA-00017891,ZAC0023798,18/03/2018 11:46,COMPLETE,22/03/2018 07:39,23/03/2018 19:56,25/03/2018,
ZA-00017892,ZAC0006429,18/03/2018 16:23,COMPLETE,22/03/2018 19:25,07/04/2018 15:45,25/03/2018,
ZA-00017893,ZAC0015269,18/03/2018 11:32,COMPLETE,20/03/2018 10:41,22/03/2018 12:46,24/03/2018,
ZA-00017894,ZAC0019715,18/03/2018 08:19,COMPLETE,21/03/2018 03:48,31/03/2018 02:29,31/03/2018,
ZA-00017895,ZAC0006868,18/03/2018 10:56,COMPLETE,18/03/2018 20:10,23/03/2018 07:48,22/03/2018,FLASH25
ZA-00017896,ZAC0015165,18/03/2018 16:48,COMPLETE,21/03/2018 19:15,27/03/2018 19:23,25/03/2018,
ZA-00017897,ZAC0020769,18/03/2018 20:56,COMPLETE,26/03/2018 20:29,31/03/2018 00:35,31/03/2018,
ZA-00017898,ZAC0017404,18/03/2018 17:43,COMPLETE,19/03/2018 21:13,25/03/2018 11:45,24/03/2018,
ZA-00017899,ZAC0016696,18/03/2018 21:04,COMPLETE,20/03/2018 14:37,26/03/2018 17:06,24/03/2018,
ZA-00017900,ZAC0015536,18/03/2018 17:50,COMPLETE,20/03/2018 11:09,25/03/2018 15:05,24/03/2018,
ZA-00017901,ZAC0001763,18/03/2018 14:15,COMPLETE,21/03/2018 00:27,27/03/2018 05:14,25/03/2018,LOYAL5
ZA-00017902,ZAC0016794,18/03/2018 06:45,COMPLETE,20/03/2018 07:06,26/03/2018 02:15,27/03/2018,
ZA-00017903,ZAC0007209,18/03/2018 15:38,COMPLETE,21/03/2018 13:15,22/03/2018 00:33,25/03/2018,
ZA-00017904,ZAC0013734,18/03/2018 18:14,COMPLETE,20/03/2018 23:06,23/03/2018 18:17,23/03/2018,
ZA-00017905,ZAC0021487,18/03/2018 22:18,COMPLETE,22/03/2018 11:49,26/03/2018 02:03,25/03/2018,
ZA-00017906,ZAC0016429,18/03/2018 11:24,COMPLETE,20/03/2018 15:08,25/03/2018 12:31,24/03/2018,
ZA-00017907,ZAC0017521,18/03/2018 09:47,COMPLETE,19/03/2018 10:54,23/03/2018 21:30,24/03/2018,
ZA-00017908,ZAC0022126,18/03/2018 17:51,COMPLETE,21/03/2018 00:24,24/03/2018 00:27,26/03/2018,
ZA-00017909,ZAC0016964,18/03/2018 13:34,COMPLETE,24/03/2018 00:32,27/03/2018 16:21,28/03/2018,
ZA-00017910,ZAC0003015,18/03/2018 09:19,COMPLETE,21/03/2018 10:12,23/03/2018 08:22,26/03/2018,
ZA-00017911,ZAC0023711,18/03/2018 14:36,COMPLETE,19/03/2018 22:11,25/03/2018 20:41,24/03/2018,
ZA-00017912,ZAC0007893,18/03/2018 12:30,COMPLETE,20/03/2018 05:36,29/03/2018 12:20,30/03/2018,FREESHIP
ZA-00017913,ZAC0017697,18/03/2018 11:05,COMPLETE,19/03/2018 21:15,23/03/2018 23:26,24/03/2018,
ZA-00017914,ZAC0013105,18/03/2018 20:52,COMPLETE,19/03/2018 10:10,25/03/2018 04:59,23/03/2018,
ZA-00017915,ZAC0019617,18/03/2018 06:47,COMPLETE,22/03/2018 06:46,01/04/2018 19:16,01/04/2018,
ZA-00017916,ZAC0001556,18/03/2018 16:32,COMPLETE,19/03/2018 14:25,26/03/2018 22:29,22/03/2018,
ZA-00017917,ZAC0011798,18/03/2018 10:40,COMPLETE,20/03/2018 16:31,27/03/2018 06:22,23/03/2018,
ZA-00017918,ZAC0013776,18/03/2018 16:24,COMPLETE,19/03/2018 23:20,25/03/2018 07:10,23/03/2018,
ZA-00017919,ZAC0023302,18/03/2018 22:22,COMPLETE,19/03/2018 08:50,26/03/2018 09:49,24/03/2018,
ZA-00017920,ZAC0018954,18/03/2018 18:42,COMPLETE,19/03/2018 23:53,25/03/2018 07:49,22/03/2018,
ZA-00017921,ZAC0023077,18/03/2018 18:27,COMPLETE,19/03/2018 15:22,20/03/2018 21:40,23/03/2018,
ZA-00017922,ZAC0009205,18/03/2018 17:58,COMPLETE,19/03/2018 08:09,21/03/2018 07:26,22/03/2018,
ZA-00017923,ZAC0018503,18/03/2018 12:17,COMPLETE,20/03/2018 11:14,28/03/2018 07:20,25/03/2018,WELCOME10
ZA-00017924,ZAC0012292,18/03/2018 14:25,COMPLETE,21/03/2018 08:48,24/03/2018 23:39,25/03/2018,
ZA-00017925,ZAC0014377,18/03/2018 08:22,COMPLETE,20/03/2018 21:58,23/03/2018 06:46,23/03/2018,
ZA-00017926,ZAC0005197,18/03/2018 13:03,COMPLETE,21/03/2018 04:07,24/03/2018 18:06,26/03/2018,
ZA-00017927,ZAC0021250,18/03/2018 09:13,COMPLETE,20/03/2018 14:28,24/03/2018 15:29,23/03/2018,BULK20
ZA-00017928,ZAC0022598,18/03/2018 15:57,COMPLETE,19/03/2018 06:55,23/03/2018 22:38,24/03/2018,
ZA-00017929,ZAC0018734,18/03/2018 21:22,COMPLETE,20/03/2018 22:09,24/03/2018 14:25,25/03/2018,
ZA-00017930,ZAC0004578,18/03/2018 16:44,COMPLETE,23/03/2018 00:57,31/03/2018 16:24,27/03/2018,LOYAL5
ZA-00017931,ZAC0003582,18/03/2018 20:43,COMPLETE,19/03/2018 22:57,25/03/2018 07:48,23/03/2018,
ZA-00017932,ZAC0020840,18/03/2018 17:34,COMPLETE,19/03/2018 11:21,24/03/2018 10:48,26/03/2018,
ZA-00017933,ZAC0007326,19/03/2018 21:20,COMPLETE,19/03/2018 23:48,28/03/2018 18:30,24/03/2018,
ZA-00017934,ZAC0001463,19/03/2018 19:24,COMPLETE,22/03/2018 12:38,27/03/2018 13:57,29/03/2018,
ZA-00017935,ZAC0020700,19/03/2018 10:29,COMPLETE,19/03/2018 17:50,21/03/2018 16:44,23/03/2018,
ZA-00017936,ZAC0007707,19/03/2018 06:22,CANCELLED,,,,
ZA-00017937,ZAC0005134,19/03/2018 08:11,COMPLETE,21/03/2018 17:55,23/03/2018 11:45,26/03/2018,
ZA-00017938,ZAC0012839,19/03/2018 22:04,COMPLETE,23/03/2018 10:33,25/03/2018 13:46,30/03/2018,
ZA-00017939,ZAC0019845,19/03/2018 12:56,COMPLETE,19/03/2018 17:06,30/03/2018 08:45,26/03/2018,
ZA-00017940,ZAC0022738,19/03/2018 18:41,COMPLETE,22/03/2018 09:22,30/03/2018 15:49,01/04/2018,
ZA-00017941,ZAC0008967,19/03/2018 15:18,COMPLETE,27/03/2018 18:23,31/03/2018 12:29,31/03/2018,LOYAL5
ZA-00017942,ZAC0010079,19/03/2018 20:21,COMPLETE,20/03/2018 06:32,24/03/2018 16:11,25/03/2018,
ZA-00017943,ZAC0019122,19/03/2018 16:23,COMPLETE,22/03/2018 12:58,22/03/2018 23:23,26/03/2018,WELCOME10
ZA-00017944,ZAC0015581,19/03/2018 08:43,COMPLETE,20/03/2018 12:03,23/03/2018 18:37,23/03/2018,
ZA-00017945,ZAC0016367,19/03/2018 19:23,COMPLETE,22/03/2018 06:31,24/03/2018 16:20,25/03/2018,
ZA-00017946,ZAC0019468,19/03/2018 07:28,COMPLETE,20/03/2018 19:09,22/03/2018 15:38,27/03/2018,
ZA-00017947,ZAC0016653,19/03/2018 22:53,CANCELLED,,,,
ZA-00017948,ZAC0019063,19/03/2018 09:01,COMPLETE,19/03/2018 20:53,25/03/2018 08:01,22/03/2018,
ZA-00017949,ZAC0004583,19/03/2018 06:32,COMPLETE,20/03/2018 06:05,23/03/2018 09:31,24/03/2018,
ZA-00017950,ZAC0005064,19/03/2018 09:06,COMPLETE,22/03/2018 16:40,28/03/2018 12:40,25/03/2018,
ZA-00017951,ZAC0020195,19/03/2018 10:34,COMPLETE,21/03/2018 18:02,27/03/2018 23:08,26/03/2018,
ZA-00017952,ZAC0009365,19/03/2018 15:55,COMPLETE,20/03/2018 22:10,21/03/2018 17:12,25/03/2018,
ZA-00017953,ZAC0016989,19/03/2018 22:13,COMPLETE,24/03/2018 07:07,28/03/2018 09:31,28/03/2018,
ZA-00017954,ZAC0021458,19/03/2018 07:37,COMPLETE,24/03/2018 03:34,29/03/2018 16:05,29/03/2018,
ZA-00017955,ZAC0015067,19/03/2018 09:37,COMPLETE,23/03/2018 16:48,28/03/2018 08:29,30/03/2018,
ZA-00017956,ZAC0020536,19/03/2018 20:02,COMPLETE,21/03/2018 21:29,24/03/2018 06:44,25/03/2018,WELCOME10
ZA-00017957,ZAC0018414,19/03/2018 22:36,COMPLETE,21/03/2018 09:59,24/03/2018 01:31,25/03/2018,
ZA-00017958,ZAC0013278,19/03/2018 13:46,COMPLETE,20/03/2018 22:00,22/03/2018 18:22,24/03/2018,
ZA-00017959,ZAC0004915,19/03/2018 17:55,COMPLETE,20/03/2018 10:11,22/03/2018 08:12,27/03/2018,
ZA-00017960,ZAC0013722,19/03/2018 07:38,COMPLETE,20/03/2018 07:54,23/03/2018 00:07,25/03/2018,BULK20
ZA-00017961,ZAC0017362,19/03/2018 20:49,COMPLETE,20/03/2018 06:33,27/03/2018 04:30,25/03/2018,FREESHIP
ZA-00017962,ZAC0003931,19/03/2018 22:01,DISPATCHED,23/03/2018 15:12,,26/03/2018,
ZA-00017963,ZAC0008465,19/03/2018 13:08,COMPLETE,23/03/2018 06:17,31/03/2018 00:03,26/03/2018,
ZA-00017964,ZAC0013904,19/03/2018 21:35,COMPLETE,21/03/2018 06:47,28/03/2018 07:41,25/03/2018,BULK20
ZA-00017965,ZAC0004247,19/03/2018 09:41,COMPLETE,19/03/2018 17:52,24/03/2018 06:04,26/03/2018,
ZA-00017966,ZAC0006666,19/03/2018 10:03,COMPLETE,20/03/2018 10:46,23/03/2018 16:42,25/03/2018,
ZA-00017967,ZAC0020419,19/03/2018 11:35,COMPLETE,21/03/2018 11:55,28/03/2018 23:04,31/03/2018,
ZA-00017968,ZAC0007914,19/03/2018 09:27,COMPLETE,19/03/2018 15:45,20/03/2018 04:32,24/03/2018,
ZA-00017969,ZAC0008353,19/03/2018 15:55,COMPLETE,24/03/2018 02:55,27/03/2018 05:33,28/03/2018,
ZA-00017970,ZAC0015321,19/03/2018 06:59,COMPLETE,21/03/2018 11:08,29/03/2018 05:32,26/03/2018,WINTER15
ZA-00017971,ZAC0019877,19/03/2018 22:38,COMPLETE,21/03/2018 07:30,29/03/2018 02:44,26/03/2018,
ZA-00017972,ZAC0016319,19/03/2018 14:42,COMPLETE,21/03/2018 04:27,22/03/2018 17:01,24/03/2018,
ZA-00017973,ZAC0016074,19/03/2018 10:51,COMPLETE,20/03/2018 12:09,23/03/2018 20:48,24/03/2018,FLASH25
ZA-00017974,ZAC0014862,19/03/2018 11:45,COMPLETE,22/03/2018 11:07,23/03/2018 14:28,26/03/2018,
ZA-00017975,ZAC0011910,19/03/2018 21:51,COMPLETE,25/03/2018 15:41,01/04/2018 08:47,30/03/2018,
ZA-00017976,ZAC0020404,19/03/2018 17:09,COMPLETE,19/03/2018 22:06,01/04/2018 03:24,23/03/2018,
ZA-00017977,ZAC0016063,19/03/2018 10:49,COMPLETE,21/03/2018 13:41,21/03/2018 23:29,28/03/2018,
ZA-00017978,ZAC0013209,19/03/2018 12:12,COMPLETE,21/03/2018 01:36,27/03/2018 07:16,26/03/2018,
ZA-00017979,ZAC0010252,19/03/2018 17:18,COMPLETE,21/03/2018 08:52,22/03/2018 20:28,25/03/2018,
ZA-00017980,ZAC0012676,19/03/2018 06:28,COMPLETE,23/03/2018 16:58,26/03/2018 05:36,27/03/2018,BULK20
ZA-00017981,ZAC0022424,19/03/2018 08:45,COMPLETE,20/03/2018 00:59,26/03/2018 21:05,25/03/2018,
ZA-00017982,ZAC0013293,19/03/2018 19:12,CANCELLED,,,,
ZA-00017983,ZAC0002457,19/03/2018 21:18,CANCELLED,,,,
ZA-00017984,ZAC0002966,19/03/2018 12:03,COMPLETE,20/03/2018 22:16,30/03/2018 13:55,24/03/2018,WINTER15
ZA-00017985,ZAC0023632,19/03/2018 19:37,COMPLETE,22/03/2018 14:14,27/03/2018 16:57,26/03/2018,
ZA-00017986,ZAC0008675,19/03/2018 06:23,COMPLETE,20/03/2018 03:25,22/03/2018 22:22,25/03/2018,
ZA-00017987,ZAC0016243,19/03/2018 14:45,COMPLETE,21/03/2018 00:18,30/03/2018 13:48,24/03/2018,BULK20
ZA-00017988,ZAC0001090,19/03/2018 20:22,COMPLETE,21/03/2018 08:51,02/04/2018 08:18,25/03/2018,
ZA-00017989,ZAC0012656,19/03/2018 06:25,COMPLETE,21/03/2018 20:40,30/03/2018 03:11,28/03/2018,
ZA-00017990,ZAC0009781,19/03/2018 17:15,COMPLETE,20/03/2018 19:38,27/03/2018 05:17,24/03/2018,
ZA-00017991,ZAC0007649,19/03/2018 13:21,COMPLETE,20/03/2018 12:33,25/03/2018 09:51,23/03/2018,FREESHIP
ZA-00017992,ZAC0000169,19/03/2018 09:06,COMPLETE,19/03/2018 20:21,26/03/2018 10:06,24/03/2018,
ZA-00017993,ZAC0018158,19/03/2018 11:58,COMPLETE,21/03/2018 21:54,26/03/2018 14:57,24/03/2018,
ZA-00017994,ZAC0011037,19/03/2018 15:03,CANCELLED,,,,
ZA-00017995,ZAC0000924,19/03/2018 12:56,COMPLETE,21/03/2018 09:15,24/03/2018 00:53,28/03/2018,
ZA-00017996,ZAC0008468,19/03/2018 12:34,COMPLETE,20/03/2018 22:01,22/03/2018 22:07,23/03/2018,
ZA-00017997,ZAC0019535,19/03/2018 09:50,COMPLETE,25/03/2018 04:31,26/03/2018 21:27,30/03/2018,
ZA-00017998,ZAC0020448,19/03/2018 17:00,COMPLETE,19/03/2018 23:31,21/03/2018 03:29,29/03/2018,
ZA-00017999,ZAC0008014,19/03/2018 18:23,COMPLETE,22/03/2018 01:55,26/03/2018 08:42,26/03/2018,WINTER15
ZA-00018000,ZAC0013312,20/03/2018 17:13,COMPLETE,21/03/2018 23:15,25/03/2018 20:19,26/03/2018,
ZA-00018001,ZAC0023882,20/03/2018 21:42,COMPLETE,24/03/2018 12:46,27/03/2018 14:46,31/03/2018,BULK20
ZA-00018002,ZAC0021588,20/03/2018 13:04,COMPLETE,21/03/2018 20:55,23/03/2018 09:25,24/03/2018,BULK20
ZA-00018003,ZAC0014868,20/03/2018 20:49,COMPLETE,21/03/2018 18:26,24/03/2018 00:27,25/03/2018,FLASH25
ZA-00018004,ZAC0009582,20/03/2018 18:11,COMPLETE,24/03/2018 01:45,29/03/2018 19:52,29/03/2018,WINTER15
ZA-00018005,ZAC0014436,20/03/2018 09:37,COMPLETE,22/03/2018 01:22,25/03/2018 10:46,25/03/2018,
ZA-00018006,ZAC0003271,20/03/2018 08:21,COMPLETE,20/03/2018 18:19,27/03/2018 14:41,23/03/2018,
ZA-00018007,ZAC0008757,20/03/2018 07:34,COMPLETE,23/03/2018 00:38,29/03/2018 23:43,27/03/2018,
ZA-00018008,ZAC0017947,20/03/2018 09:54,COMPLETE,21/03/2018 15:45,25/03/2018 21:48,28/03/2018,LOYAL5
ZA-00018009,ZAC0019916,20/03/2018 10:21,COMPLETE,22/03/2018 20:04,24/03/2018 12:02,27/03/2018,
ZA-00018010,ZAC0014645,20/03/2018 11:49,COMPLETE,24/03/2018 10:56,31/03/2018 08:20,28/03/2018,
ZA-00018011,ZAC0013399,20/03/2018 13:29,COMPLETE,24/03/2018 08:45,27/03/2018 13:53,31/03/2018,WELCOME10
ZA-00018012,ZAC0009346,20/03/2018 21:13,COMPLETE,25/03/2018 00:28,29/03/2018 13:03,30/03/2018,BULK20
ZA-00018013,ZAC0015988,20/03/2018 07:54,COMPLETE,21/03/2018 05:57,22/03/2018 18:00,28/03/2018,
ZA-00018014,ZAC0023120,20/03/2018 07:06,COMPLETE,23/03/2018 05:10,26/03/2018 00:11,27/03/2018,
ZA-00018015,ZAC0020678,20/03/2018 22:23,COMPLETE,22/03/2018 00:11,02/04/2018 00:23,29/03/2018,
ZA-00018016,ZAC0004734,20/03/2018 21:48,COMPLETE,22/03/2018 07:40,25/03/2018 03:05,25/03/2018,
ZA-00018017,ZAC0019882,20/03/2018 19:27,COMPLETE,21/03/2018 10:16,24/03/2018 12:40,26/03/2018,
ZA-00018018,ZAC0008772,20/03/2018 15:34,COMPLETE,21/03/2018 15:53,26/03/2018 03:33,25/03/2018,
ZA-00018019,ZAC0003525,20/03/2018 22:24,COMPLETE,21/03/2018 18:21,29/03/2018 08:31,26/03/2018,
ZA-00018020,ZAC0004110,20/03/2018 15:03,DISPATCHED,22/03/2018 12:09,,25/03/2018,
ZA-00018021,ZAC0006820,20/03/2018 13:16,COMPLETE,23/03/2018 23:02,02/04/2018 10:06,28/03/2018,FLASH25
ZA-00018022,ZAC0020312,20/03/2018 20:28,COMPLETE,21/03/2018 20:31,27/03/2018 09:04,28/03/2018,
ZA-00018023,ZAC0022142,20/03/2018 17:47,COMPLETE,21/03/2018 03:48,22/03/2018 20:03,25/03/2018,FLASH25
ZA-00018024,ZAC0003043,20/03/2018 19:55,COMPLETE,21/03/2018 16:47,23/03/2018 13:01,25/03/2018,
ZA-00018025,ZAC0005281,20/03/2018 11:31,COMPLETE,24/03/2018 05:31,30/03/2018 02:14,28/03/2018,
ZA-00018026,ZAC0006418,20/03/2018 21:56,COMPLETE,22/03/2018 16:37,24/03/2018 11:49,27/03/2018,WELCOME10
ZA-00018027,ZAC0012454,20/03/2018 19:23,COMPLETE,23/03/2018 08:04,04/04/2018 20:17,28/03/2018,
ZA-00018028,ZAC0018004,20/03/2018 07:11,COMPLETE,20/03/2018 17:36,29/03/2018 20:02,25/03/2018,
ZA-00018029,ZAC0017407,20/03/2018 21:59,COMPLETE,21/03/2018 14:18,26/03/2018 15:42,24/03/2018,
ZA-00018030,ZAC0001139,20/03/2018 09:16,COMPLETE,23/03/2018 01:36,23/03/2018 16:25,27/03/2018,FREESHIP
ZA-00018031,ZAC0008025,20/03/2018 17:50,COMPLETE,21/03/2018 06:06,27/03/2018 03:57,25/03/2018,
ZA-00018032,ZAC0009729,20/03/2018 08:56,COMPLETE,22/03/2018 00:40,28/03/2018 00:04,26/03/2018,
ZA-00018033,ZAC0014389,20/03/2018 07:23,COMPLETE,24/03/2018 13:30,09/04/2018 22:59,31/03/2018,
ZA-00018034,ZAC0007897,20/03/2018 07:16,COMPLETE,21/03/2018 16:28,23/03/2018 19:01,26/03/2018,FREESHIP
ZA-00018035,ZAC0019547,20/03/2018 20:11,COMPLETE,24/03/2018 07:19,05/04/2018 00:14,31/03/2018,WELCOME10
ZA-00018036,ZAC0017052,20/03/2018 15:06,COMPLETE,23/03/2018 05:42,25/03/2018 02:16,27/03/2018,
ZA-00018037,ZAC0014280,20/03/2018 09:15,COMPLETE,22/03/2018 01:41,25/03/2018 16:06,25/03/2018,FREESHIP
ZA-00018038,ZAC0005838,20/03/2018 19:31,COMPLETE,21/03/2018 23:00,23/03/2018 23:49,25/03/2018,
ZA-00018039,ZAC0021550,20/03/2018 17:02,COMPLETE,22/03/2018 19:06,26/03/2018 10:51,27/03/2018,
ZA-00018040,ZAC0011658,20/03/2018 06:07,DISPATCHED,25/03/2018 23:18,,30/03/2018,FLASH25
ZA-00018041,ZAC0012752,20/03/2018 06:56,COMPLETE,23/03/2018 18:28,25/03/2018 08:34,26/03/2018,
ZA-00018042,ZAC0011635,20/03/2018 20:05,COMPLETE,27/03/2018 12:32,05/04/2018 00:57,01/04/2018,
ZA-00018043,ZAC0017145,20/03/2018 06:57,COMPLETE,22/03/2018 19:42,29/03/2018 19:44,25/03/2018,WELCOME10
ZA-00018044,ZAC0011486,20/03/2018 18:09,COMPLETE,23/03/2018 12:21,28/03/2018 23:01,28/03/2018,
ZA-00018045,ZAC0013764,20/03/2018 12:15,COMPLETE,20/03/2018 15:56,23/03/2018 17:05,24/03/2018,
ZA-00018046,ZAC0017119,20/03/2018 16:47,COMPLETE,22/03/2018 00:57,01/04/2018 03:16,25/03/2018,LOYAL5
ZA-00018047,ZAC0008235,20/03/2018 12:04,COMPLETE,21/03/2018 03:17,26/03/2018 10:37,25/03/2018,
ZA-00018048,ZAC0020085,20/03/2018 12:56,PENDING,,,,
ZA-00018049,ZAC0022441,20/03/2018 11:18,COMPLETE,24/03/2018 23:51,26/03/2018 21:54,03/04/2018,
ZA-00018050,ZAC0020420,20/03/2018 20:51,COMPLETE,21/03/2018 23:14,26/03/2018 04:06,25/03/2018,WINTER15
ZA-00018051,ZAC0004303,20/03/2018 22:40,COMPLETE,23/03/2018 08:05,04/04/2018 11:48,27/03/2018,LOYAL5
ZA-00018052,ZAC0005562,20/03/2018 10:30,CANCELLED,,,,
ZA-00018053,ZAC0012687,20/03/2018 10:59,COMPLETE,21/03/2018 14:25,24/03/2018 22:10,26/03/2018,FREESHIP
ZA-00018054,ZAC0017808,20/03/2018 14:41,COMPLETE,22/03/2018 11:47,30/03/2018 03:30,27/03/2018,
ZA-00018055,ZAC0017517,20/03/2018 14:15,COMPLETE,22/03/2018 07:43,02/04/2018 05:14,27/03/2018,
ZA-00018056,ZAC0004150,20/03/2018 22:51,COMPLETE,22/03/2018 09:28,24/03/2018 22:15,29/03/2018,
ZA-00018057,ZAC0011727,20/03/2018 11:49,COMPLETE,25/03/2018 10:43,28/03/2018 12:23,04/04/2018,
ZA-00018058,ZAC0003008,20/03/2018 20:53,RETURNED,22/03/2018 04:58,25/03/2018 17:53,29/03/2018,FLASH25
ZA-00018059,ZAC0003355,20/03/2018 07:23,COMPLETE,21/03/2018 15:05,24/03/2018 12:21,31/03/2018,
ZA-00018060,ZAC0013445,20/03/2018 17:06,COMPLETE,20/03/2018 23:36,23/03/2018 10:42,24/03/2018,
ZA-00018061,ZAC0016552,20/03/2018 11:37,COMPLETE,21/03/2018 21:37,23/03/2018 22:02,25/03/2018,
ZA-00018062,ZAC0021338,20/03/2018 11:56,COMPLETE,21/03/2018 01:41,25/03/2018 09:27,28/03/2018,
ZA-00018063,ZAC0012463,20/03/2018 15:13,COMPLETE,23/03/2018 13:23,06/04/2018 05:45,27/03/2018,
ZA-00018064,ZAC0015311,20/03/2018 06:02,COMPLETE,24/03/2018 03:01,26/03/2018 06:21,31/03/2018,
ZA-00018065,ZAC0002240,20/03/2018 18:58,COMPLETE,23/03/2018 10:26,27/03/2018 06:13,27/03/2018,LOYAL5
ZA-00018066,ZAC0000440,20/03/2018 20:11,COMPLETE,22/03/2018 18:30,31/03/2018 21:03,29/03/2018,FREESHIP
ZA-00018067,ZAC0002211,20/03/2018 07:03,COMPLETE,22/03/2018 23:43,24/03/2018 10:56,27/03/2018,
ZA-00018068,ZAC0012040,20/03/2018 10:03,COMPLETE,22/03/2018 01:45,24/03/2018 00:35,01/04/2018,LOYAL5
ZA-00018069,ZAC0017883,20/03/2018 16:37,COMPLETE,21/03/2018 21:27,25/03/2018 02:28,26/03/2018,
ZA-00018070,ZAC0017722,21/03/2018 07:23,COMPLETE,23/03/2018 07:34,27/03/2018 15:40,27/03/2018,
ZA-00018071,ZAC0017462,21/03/2018 13:59,COMPLETE,27/03/2018 17:50,03/04/2018 13:53,03/04/2018,
ZA-00018072,ZAC0002940,21/03/2018 19:50,COMPLETE,23/03/2018 01:10,27/03/2018 02:28,02/04/2018,
ZA-00018073,ZAC0009091,21/03/2018 18:35,COMPLETE,23/03/2018 13:15,01/04/2018 15:33,27/03/2018,
ZA-00018074,ZAC0002976,21/03/2018 19:16,CANCELLED,,,,FLASH25
ZA-00018075,ZAC0023403,21/03/2018 11:08,COMPLETE,22/03/2018 19:55,27/03/2018 15:10,27/03/2018,
ZA-00018076,ZAC0003002,21/03/2018 17:05,COMPLETE,25/03/2018 20:15,28/03/2018 23:23,29/03/2018,
ZA-00018077,ZAC0019951,21/03/2018 17:53,COMPLETE,21/03/2018 22:19,03/04/2018 20:14,28/03/2018,
ZA-00018078,ZAC0003672,21/03/2018 11:24,COMPLETE,28/03/2018 00:57,01/04/2018 07:53,01/04/2018,
ZA-00018079,ZAC0003791,21/03/2018 07:23,COMPLETE,24/03/2018 01:11,31/03/2018 18:16,29/03/2018,
ZA-00018080,ZAC0008759,21/03/2018 16:29,COMPLETE,23/03/2018 06:20,25/03/2018 14:58,30/03/2018,
ZA-00018081,ZAC0002596,21/03/2018 19:54,COMPLETE,25/03/2018 04:28,27/03/2018 07:44,28/03/2018,
ZA-00018082,ZAC0014565,21/03/2018 19:43,COMPLETE,25/03/2018 13:15,30/03/2018 20:23,30/03/2018,
ZA-00018083,ZAC0016540,21/03/2018 13:07,COMPLETE,23/03/2018 01:42,24/03/2018 05:06,26/03/2018,
ZA-00018084,ZAC0017726,21/03/2018 21:46,COMPLETE,27/03/2018 07:48,31/03/2018 05:47,03/04/2018,
ZA-00018085,ZAC0007915,21/03/2018 15:25,COMPLETE,28/03/2018 01:50,02/04/2018 05:03,31/03/2018,WELCOME10
ZA-00018086,ZAC0023434,21/03/2018 11:12,COMPLETE,23/03/2018 06:46,29/03/2018 14:58,27/03/2018,
ZA-00018087,ZAC0002641,21/03/2018 09:42,COMPLETE,24/03/2018 01:55,26/03/2018 12:02,28/03/2018,
ZA-00018088,ZAC0001403,21/03/2018 15:05,COMPLETE,24/03/2018 02:37,26/03/2018 23:07,29/03/2018,
ZA-00018089,ZAC0009878,21/03/2018 09:08,COMPLETE,22/03/2018 10:29,23/03/2018 22:54,25/03/2018,
ZA-00018090,ZAC0006383,21/03/2018 08:38,COMPLETE,24/03/2018 12:37,04/04/2018 06:18,29/03/2018,
ZA-00018091,ZAC0011489,21/03/2018 10:20,CANCELLED,,,,WELCOME10
ZA-00018092,ZAC0003395,21/03/2018 19:55,COMPLETE,25/03/2018 09:58,03/04/2018 07:04,28/03/2018,FLASH25
ZA-00018093,ZAC0002710,21/03/2018 21:50,COMPLETE,24/03/2018 15:52,26/03/2018 07:53,03/04/2018,
ZA-00018094,ZAC0009971,21/03/2018 19:40,COMPLETE,23/03/2018 19:21,29/03/2018 19:31,28/03/2018,
ZA-00018095,ZAC0004150,21/03/2018 10:49,COMPLETE,26/03/2018 08:36,27/03/2018 11:38,02/04/2018,
ZA-00018096,ZAC0001056,21/03/2018 15:11,COMPLETE,23/03/2018 04:01,27/03/2018 12:06,02/04/2018,
ZA-00018097,ZAC0016533,21/03/2018 13:25,COMPLETE,24/03/2018 22:44,03/04/2018 11:53,28/03/2018,
ZA-00018098,ZAC0015812,21/03/2018 17:11,COMPLETE,25/03/2018 00:15,02/04/2018 20:03,01/04/2018,
ZA-00018099,ZAC0021675,21/03/2018 14:21,COMPLETE,22/03/2018 22:37,24/03/2018 16:28,29/03/2018,
ZA-00018100,ZAC0006127,21/03/2018 14:43,COMPLETE,22/03/2018 10:18,29/03/2018 15:01,29/03/2018,
ZA-00018101,ZAC0017081,21/03/2018 14:16,PENDING,,,,
ZA-00018102,ZAC0014762,21/03/2018 14:21,COMPLETE,21/03/2018 21:05,29/03/2018 17:42,25/03/2018,
ZA-00018103,ZAC0023182,21/03/2018 22:21,COMPLETE,23/03/2018 14:37,24/03/2018 00:33,28/03/2018,
ZA-00018104,ZAC0008364,21/03/2018 16:02,COMPLETE,24/03/2018 23:32,26/03/2018 23:25,27/03/2018,
ZA-00018105,ZAC0001192,21/03/2018 20:31,COMPLETE,25/03/2018 07:31,31/03/2018 22:04,30/03/2018,
ZA-00018106,ZAC0023687,21/03/2018 07:10,COMPLETE,21/03/2018 11:13,27/03/2018 21:12,26/03/2018,
ZA-00018107,ZAC0003155,21/03/2018 10:00,COMPLETE,25/03/2018 09:06,28/03/2018 09:48,01/04/2018,
ZA-00018108,ZAC0010949,21/03/2018 12:37,COMPLETE,22/03/2018 19:01,24/03/2018 20:09,27/03/2018,
ZA-00018109,ZAC0005591,21/03/2018 22:36,COMPLETE,24/03/2018 01:36,01/04/2018 19:53,28/03/2018,FLASH25
ZA-00018110,ZAC0019976,21/03/2018 08:36,COMPLETE,25/03/2018 09:24,27/03/2018 10:39,30/03/2018,
ZA-00018111,ZAC0006318,21/03/2018 09:46,COMPLETE,26/03/2018 09:37,31/03/2018 00:03,29/03/2018,FLASH25
ZA-00018112,ZAC0015915,21/03/2018 22:42,COMPLETE,26/03/2018 18:49,01/04/2018 11:04,29/03/2018,FREESHIP
ZA-00018113,ZAC0004017,21/03/2018 20:23,COMPLETE,26/03/2018 02:58,01/04/2018 11:29,31/03/2018,FREESHIP
ZA-00018114,ZAC0013436,21/03/2018 16:50,COMPLETE,22/03/2018 04:22,28/03/2018 07:25,27/03/2018,
ZA-00018115,ZAC0010344,21/03/2018 08:39,COMPLETE,23/03/2018 13:38,26/03/2018 06:29,28/03/2018,WELCOME10
ZA-00018116,ZAC0009960,21/03/2018 12:03,COMPLETE,02/04/2018 08:14,07/04/2018 07:18,05/04/2018,
ZA-00018117,ZAC0010140,21/03/2018 10:47,COMPLETE,24/03/2018 05:18,26/03/2018 08:03,31/03/2018,
ZA-00018118,ZAC0008393,21/03/2018 17:46,COMPLETE,22/03/2018 19:12,23/03/2018 14:21,27/03/2018,
ZA-00018119,ZAC0007617,21/03/2018 07:01,CANCELLED,,,,LOYAL5
ZA-00018120,ZAC0020293,21/03/2018 11:59,COMPLETE,22/03/2018 05:56,25/03/2018 12:45,26/03/2018,
ZA-00018121,ZAC0009655,21/03/2018 15:13,COMPLETE,23/03/2018 06:04,26/03/2018 00:22,30/03/2018,FREESHIP
ZA-00018122,ZAC0004752,21/03/2018 21:03,DISPATCHED,24/03/2018 05:27,,03/04/2018,
ZA-00018123,ZAC0022682,21/03/2018 22:07,COMPLETE,22/03/2018 05:35,26/03/2018 16:11,27/03/2018,
ZA-00018124,ZAC0017047,21/03/2018 18:32,COMPLETE,22/03/2018 19:42,27/03/2018 15:56,26/03/2018,
ZA-00018125,ZAC0021303,21/03/2018 22:46,COMPLETE,24/03/2018 22:21,30/03/2018 14:00,27/03/2018,
ZA-00018126,ZAC0003202,21/03/2018 17:59,COMPLETE,23/03/2018 20:15,28/03/2018 10:38,28/03/2018,
ZA-00018127,ZAC0017702,21/03/2018 19:54,COMPLETE,23/03/2018 12:46,26/03/2018 23:55,27/03/2018,
ZA-00018128,ZAC0023835,21/03/2018 12:30,COMPLETE,22/03/2018 16:09,29/03/2018 11:44,29/03/2018,
ZA-00018129,ZAC0003994,21/03/2018 19:05,DISPATCHED,24/03/2018 18:11,,29/03/2018,WINTER15
ZA-00018130,ZAC0001082,21/03/2018 11:42,COMPLETE,22/03/2018 05:24,29/03/2018 19:52,27/03/2018,
ZA-00018131,ZAC0012560,21/03/2018 21:11,COMPLETE,23/03/2018 19:02,29/03/2018 01:51,28/03/2018,
ZA-00018132,ZAC0017263,21/03/2018 12:40,COMPLETE,23/03/2018 16:05,03/04/2018 23:34,30/03/2018,
ZA-00018133,ZAC0022225,21/03/2018 18:03,COMPLETE,22/03/2018 09:45,03/04/2018 12:50,27/03/2018,
ZA-00018134,ZAC0017074,22/03/2018 14:06,COMPLETE,24/03/2018 20:30,29/03/2018 22:11,27/03/2018,
ZA-00018135,ZAC0010052,22/03/2018 13:00,COMPLETE,27/03/2018 13:52,01/04/2018 20:53,06/04/2018,
ZA-00018136,ZAC0009242,22/03/2018 15:35,COMPLETE,23/03/2018 16:54,26/03/2018 05:10,26/03/2018,
ZA-00018137,ZAC0012846,22/03/2018 16:53,COMPLETE,25/03/2018 12:29,28/03/2018 08:33,30/03/2018,
ZA-00018138,ZAC0022867,22/03/2018 07:55,COMPLETE,27/03/2018 02:30,29/03/2018 02:24,03/04/2018,FREESHIP
ZA-00018139,ZAC0004407,22/03/2018 07:39,COMPLETE,23/03/2018 08:25,28/03/2018 15:10,28/03/2018,WELCOME10
ZA-00018140,ZAC0010602,22/03/2018 09:23,COMPLETE,25/03/2018 11:15,03/04/2018 05:42,28/03/2018,BULK20
ZA-00018141,ZAC0008305,22/03/2018 12:08,COMPLETE,23/03/2018 01:30,24/03/2018 15:54,30/03/2018,
ZA-00018142,ZAC0018597,22/03/2018 19:28,COMPLETE,26/03/2018 01:31,03/04/2018 19:22,31/03/2018,
ZA-00018143,ZAC0023414,22/03/2018 20:04,COMPLETE,26/03/2018 03:58,28/03/2018 00:33,29/03/2018,
ZA-00018144,ZAC0002146,22/03/2018 16:43,COMPLETE,25/03/2018 03:17,29/03/2018 21:00,29/03/2018,
ZA-00018145,ZAC0006456,22/03/2018 10:45,COMPLETE,23/03/2018 01:59,28/03/2018 10:22,27/03/2018,
ZA-00018146,ZAC0018121,22/03/2018 17:09,COMPLETE,23/03/2018 20:12,30/03/2018 16:57,27/03/2018,FREESHIP
ZA-00018147,ZAC0019371,22/03/2018 14:00,CANCELLED,,,,
ZA-00018148,ZAC0021227,22/03/2018 09:40,COMPLETE,22/03/2018 14:22,29/03/2018 02:11,26/03/2018,FREESHIP
ZA-00018149,ZAC0008209,22/03/2018 22:25,COMPLETE,25/03/2018 08:49,30/03/2018 04:49,29/03/2018,FLASH25
ZA-00018150,ZAC0014381,22/03/2018 19:03,COMPLETE,24/03/2018 20:10,31/03/2018 00:40,31/03/2018,
ZA-00018151,ZAC0009365,22/03/2018 18:40,COMPLETE,23/03/2018 04:57,24/03/2018 20:17,27/03/2018,
ZA-00018152,ZAC0017401,22/03/2018 10:44,COMPLETE,25/03/2018 15:23,29/03/2018 16:51,30/03/2018,
ZA-00018153,ZAC0022285,22/03/2018 21:45,COMPLETE,26/03/2018 10:54,05/04/2018 03:17,31/03/2018,
ZA-00018154,ZAC0003203,22/03/2018 11:07,COMPLETE,23/03/2018 00:46,26/03/2018 16:53,30/03/2018,WELCOME10
ZA-00018155,ZAC0002533,22/03/2018 17:33,COMPLETE,23/03/2018 23:20,31/03/2018 07:44,27/03/2018,BULK20
ZA-00018156,ZAC0000510,22/03/2018 08:33,COMPLETE,25/03/2018 22:09,28/03/2018 02:00,30/03/2018,
ZA-00018157,ZAC0011418,22/03/2018 16:31,COMPLETE,25/03/2018 16:19,04/04/2018 03:52,30/03/2018,
ZA-00018158,ZAC0002607,22/03/2018 14:51,COMPLETE,24/03/2018 18:48,28/03/2018 22:19,29/03/2018,
ZA-00018159,ZAC0013062,22/03/2018 11:26,COMPLETE,24/03/2018 04:42,27/03/2018 22:39,28/03/2018,
ZA-00018160,ZAC0008747,22/03/2018 10:39,DISPATCHED,25/03/2018 09:30,,29/03/2018,
ZA-00018161,ZAC0007721,22/03/2018 08:02,PENDING,,,,
ZA-00018162,ZAC0009985,22/03/2018 21:22,COMPLETE,24/03/2018 19:03,28/03/2018 05:49,27/03/2018,
ZA-00018163,ZAC0015879,22/03/2018 18:45,COMPLETE,25/03/2018 02:26,26/03/2018 19:08,01/04/2018,
ZA-00018164,ZAC0015738,22/03/2018 09:01,COMPLETE,25/03/2018 07:43,02/04/2018 09:28,01/04/2018,
ZA-00018165,ZAC0004763,22/03/2018 21:38,COMPLETE,23/03/2018 17:54,26/03/2018 08:40,26/03/2018,
ZA-00018166,ZAC0020996,22/03/2018 18:26,COMPLETE,24/03/2018 18:13,31/03/2018 15:50,28/03/2018,
ZA-00018167,ZAC0021395,22/03/2018 17:18,COMPLETE,23/03/2018 13:08,25/03/2018 10:38,28/03/2018,
ZA-00018168,ZAC0000109,22/03/2018 11:47,COMPLETE,25/03/2018 09:08,30/03/2018 13:43,28/03/2018,
ZA-00018169,ZAC0012869,22/03/2018 06:16,COMPLETE,25/03/2018 08:56,29/03/2018 12:31,30/03/2018,
ZA-00018170,ZAC0006702,22/03/2018 08:55,COMPLETE,23/03/2018 13:48,29/03/2018 15:27,26/03/2018,FREESHIP
ZA-00018171,ZAC0008328,22/03/2018 16:59,COMPLETE,29/03/2018 05:16,01/04/2018 11:38,05/04/2018,
ZA-00018172,ZAC0017473,22/03/2018 14:40,COMPLETE,25/03/2018 05:37,28/03/2018 10:06,30/03/2018,
ZA-00018173,ZAC0022422,22/03/2018 20:39,COMPLETE,23/03/2018 05:18,31/03/2018 13:22,02/04/2018,
ZA-00018174,ZAC0009761,22/03/2018 11:04,COMPLETE,24/03/2018 20:04,01/04/2018 12:25,27/03/2018,
ZA-00018175,ZAC0010745,22/03/2018 17:31,COMPLETE,24/03/2018 11:32,30/03/2018 09:57,27/03/2018,
ZA-00018176,ZAC0012593,22/03/2018 13:40,COMPLETE,26/03/2018 01:46,30/03/2018 12:06,31/03/2018,
ZA-00018177,ZAC0011581,22/03/2018 21:27,COMPLETE,24/03/2018 11:33,25/03/2018 18:14,29/03/2018,
ZA-00018178,ZAC0018724,22/03/2018 09:59,COMPLETE,25/03/2018 14:36,31/03/2018 16:40,30/03/2018,
ZA-00018179,ZAC0023131,22/03/2018 16:29,PENDING,,,,
ZA-00018180,ZAC0006025,22/03/2018 09:57,COMPLETE,23/03/2018 20:24,25/03/2018 11:45,26/03/2018,
ZA-00018181,ZAC0004893,22/03/2018 20:20,COMPLETE,25/03/2018 09:04,01/04/2018 02:35,29/03/2018,
ZA-00018182,ZAC0019576,22/03/2018 06:39,COMPLETE,22/03/2018 19:26,31/03/2018 15:18,25/03/2018,
ZA-00018183,ZAC0019525,22/03/2018 10:15,COMPLETE,24/03/2018 02:21,28/03/2018 05:00,03/04/2018,
ZA-00018184,ZAC0017120,22/03/2018 16:45,COMPLETE,24/03/2018 04:12,27/03/2018 00:26,29/03/2018,
ZA-00018185,ZAC0002197,22/03/2018 10:07,COMPLETE,23/03/2018 02:29,25/03/2018 19:17,28/03/2018,
ZA-00018186,ZAC0018717,22/03/2018 07:06,COMPLETE,25/03/2018 10:56,31/03/2018 01:37,29/03/2018,
ZA-00018187,ZAC0006601,22/03/2018 17:44,COMPLETE,24/03/2018 03:41,27/03/2018 09:36,27/03/2018,
ZA-00018188,ZAC0022342,22/03/2018 09:05,CANCELLED,,,,
ZA-00018189,ZAC0008404,22/03/2018 08:46,COMPLETE,23/03/2018 00:21,24/03/2018 14:31,30/03/2018,
ZA-00018190,ZAC0005941,22/03/2018 13:49,COMPLETE,23/03/2018 23:56,27/03/2018 09:54,30/03/2018,LOYAL5
ZA-00018191,ZAC0022672,22/03/2018 15:41,RETURNED,23/03/2018 00:23,27/03/2018 21:27,28/03/2018,WELCOME10
ZA-00018192,ZAC0008314,22/03/2018 09:25,COMPLETE,25/03/2018 18:14,05/04/2018 07:07,04/04/2018,FLASH25
ZA-00018193,ZAC0012102,22/03/2018 21:04,COMPLETE,25/03/2018 12:45,30/03/2018 04:14,30/03/2018,
ZA-00018194,ZAC0016812,22/03/2018 07:46,RETURNED,24/03/2018 05:08,29/03/2018 05:16,27/03/2018,WELCOME10
ZA-00018195,ZAC0023921,22/03/2018 09:18,COMPLETE,23/03/2018 21:06,27/03/2018 04:31,30/03/2018,
ZA-00018196,ZAC0001260,22/03/2018 18:39,COMPLETE,23/03/2018 22:52,29/03/2018 06:32,28/03/2018,FLASH25
ZA-00018197,ZAC0021576,22/03/2018 09:44,COMPLETE,23/03/2018 16:43,26/03/2018 13:35,27/03/2018,LOYAL5
ZA-00018198,ZAC0015297,22/03/2018 18:11,COMPLETE,24/03/2018 19:34,26/03/2018 23:47,27/03/2018,
ZA-00018199,ZAC0022942,22/03/2018 19:03,COMPLETE,23/03/2018 08:13,25/03/2018 03:01,26/03/2018,
ZA-00018200,ZAC0013148,22/03/2018 12:12,COMPLETE,24/03/2018 09:25,30/03/2018 18:38,27/03/2018,
ZA-00018201,ZAC0000683,22/03/2018 08:49,COMPLETE,24/03/2018 00:48,25/03/2018 02:34,03/04/2018,
ZA-00018202,ZAC0021591,22/03/2018 06:03,COMPLETE,24/03/2018 02:02,03/04/2018 00:35,27/03/2018,FREESHIP
ZA-00018203,ZAC0008262,22/03/2018 21:54,COMPLETE,28/03/2018 03:12,07/04/2018 08:24,01/04/2018,BULK20
ZA-00018204,ZAC0001379,23/03/2018 21:15,COMPLETE,25/03/2018 02:04,31/03/2018 18:41,29/03/2018,FREESHIP
ZA-00018205,ZAC0000649,23/03/2018 21:47,COMPLETE,26/03/2018 20:49,04/04/2018 17:01,02/04/2018,FREESHIP
ZA-00018206,ZAC0014217,23/03/2018 21:09,DISPATCHED,24/03/2018 04:38,,28/03/2018,FREESHIP
ZA-00018207,ZAC0002523,23/03/2018 17:58,COMPLETE,24/03/2018 18:55,28/03/2018 10:43,31/03/2018,
ZA-00018208,ZAC0012914,23/03/2018 14:19,COMPLETE,29/03/2018 11:59,02/04/2018 14:05,03/04/2018,
ZA-00018209,ZAC0011702,23/03/2018 16:08,COMPLETE,26/03/2018 01:23,30/03/2018 15:29,30/03/2018,
ZA-00018210,ZAC0020494,23/03/2018 07:17,COMPLETE,27/03/2018 18:53,30/03/2018 08:05,06/04/2018,
ZA-00018211,ZAC0004407,23/03/2018 10:10,COMPLETE,25/03/2018 03:54,27/03/2018 07:59,01/04/2018,WINTER15
ZA-00018212,ZAC0016724,23/03/2018 10:54,COMPLETE,24/03/2018 13:53,24/03/2018 15:52,28/03/2018,
ZA-00018213,ZAC0006650,23/03/2018 08:34,COMPLETE,25/03/2018 13:30,28/03/2018 07:29,30/03/2018,
ZA-00018214,ZAC0008447,23/03/2018 13:30,COMPLETE,27/03/2018 04:21,02/04/2018 23:17,31/03/2018,FLASH25
ZA-00018215,ZAC0018734,23/03/2018 06:13,COMPLETE,23/03/2018 19:41,31/03/2018 12:54,30/03/2018,WELCOME10
ZA-00018216,ZAC0015341,23/03/2018 16:11,RETURNED,24/03/2018 21:00,27/03/2018 11:47,28/03/2018,
ZA-00018217,ZAC0009387,23/03/2018 10:17,COMPLETE,25/03/2018 13:39,26/03/2018 19:48,28/03/2018,
ZA-00018218,ZAC0001460,23/03/2018 10:41,CANCELLED,,,,BULK20
ZA-00018219,ZAC0014400,23/03/2018 19:30,COMPLETE,24/03/2018 20:52,27/03/2018 23:17,29/03/2018,FLASH25
ZA-00018220,ZAC0007047,23/03/2018 12:24,COMPLETE,04/04/2018 08:02,06/04/2018 00:28,07/04/2018,
ZA-00018221,ZAC0014996,23/03/2018 22:36,COMPLETE,25/03/2018 17:56,02/04/2018 14:27,28/03/2018,
ZA-00018222,ZAC0001948,23/03/2018 09:07,COMPLETE,24/03/2018 20:21,28/03/2018 09:33,28/03/2018,
ZA-00018223,ZAC0007755,23/03/2018 11:30,COMPLETE,27/03/2018 19:37,31/03/2018 03:53,30/03/2018,
ZA-00018224,ZAC0011693,23/03/2018 11:35,COMPLETE,28/03/2018 12:53,30/03/2018 01:53,01/04/2018,
ZA-00018225,ZAC0013160,23/03/2018 10:17,COMPLETE,25/03/2018 15:06,26/03/2018 23:39,30/03/2018,
ZA-00018226,ZAC0020466,23/03/2018 10:45,COMPLETE,26/03/2018 17:28,29/03/2018 08:28,30/03/2018,WELCOME10
ZA-00018227,ZAC0013133,23/03/2018 13:02,COMPLETE,24/03/2018 13:49,27/03/2018 13:46,28/03/2018,
ZA-00018228,ZAC0013648,23/03/2018 12:29,COMPLETE,23/03/2018 16:03,27/03/2018 05:04,26/03/2018,
ZA-00018229,ZAC0017895,23/03/2018 20:38,COMPLETE,28/03/2018 16:16,02/04/2018 17:14,04/04/2018,
ZA-00018230,ZAC0003390,23/03/2018 14:59,COMPLETE,25/03/2018 12:27,06/04/2018 23:12,29/03/2018,
ZA-00018231,ZAC0012661,23/03/2018 20:20,PENDING,,,,BULK20
ZA-00018232,ZAC0011777,23/03/2018 10:33,COMPLETE,23/03/2018 13:02,25/03/2018 11:53,28/03/2018,
ZA-00018233,ZAC0013119,23/03/2018 14:09,RETURNED,25/03/2018 02:07,25/03/2018 08:40,01/04/2018,
ZA-00018234,ZAC0006701,23/03/2018 13:51,COMPLETE,26/03/2018 20:00,31/03/2018 02:43,31/03/2018,
ZA-00018235,ZAC0000704,23/03/2018 11:09,COMPLETE,25/03/2018 15:30,28/03/2018 12:42,01/04/2018,WINTER15
ZA-00018236,ZAC0017845,23/03/2018 18:21,COMPLETE,24/03/2018 21:45,04/04/2018 05:18,29/03/2018,
ZA-00018237,ZAC0018894,23/03/2018 11:38,COMPLETE,24/03/2018 13:55,26/03/2018 05:44,29/03/2018,
ZA-00018238,ZAC0018328,23/03/2018 21:31,COMPLETE,24/03/2018 23:59,27/03/2018 11:45,29/03/2018,
ZA-00018239,ZAC0005072,23/03/2018 11:24,COMPLETE,24/03/2018 08:17,31/03/2018 02:20,28/03/2018,
ZA-00018240,ZAC0006010,23/03/2018 08:37,COMPLETE,24/03/2018 20:31,27/03/2018 05:04,31/03/2018,
ZA-00018241,ZAC0005445,23/03/2018 09:28,COMPLETE,23/03/2018 21:24,28/03/2018 10:55,26/03/2018,
ZA-00018242,ZAC0012834,23/03/2018 14:24,CANCELLED,,,,
ZA-00018243,ZAC0013073,23/03/2018 18:27,COMPLETE,24/03/2018 22:06,28/03/2018 16:39,28/03/2018,
ZA-00018244,ZAC0011726,23/03/2018 13:11,COMPLETE,25/03/2018 02:47,25/03/2018 07:44,29/03/2018,
ZA-00018245,ZAC0010417,23/03/2018 18:50,COMPLETE,02/04/2018 17:48,07/04/2018 03:13,07/04/2018,
ZA-00018246,ZAC0018900,23/03/2018 08:30,COMPLETE,24/03/2018 09:40,26/03/2018 00:26,29/03/2018,WELCOME10
ZA-00018247,ZAC0001587,23/03/2018 07:13,COMPLETE,24/03/2018 02:43,28/03/2018 06:25,28/03/2018,
ZA-00018248,ZAC0014897,23/03/2018 12:33,COMPLETE,26/03/2018 00:43,30/03/2018 08:48,30/03/2018,
ZA-00018249,ZAC0008326,23/03/2018 08:34,COMPLETE,23/03/2018 22:33,25/03/2018 12:24,27/03/2018,
ZA-00018250,ZAC0014273,23/03/2018 13:34,COMPLETE,26/03/2018 08:38,05/04/2018 23:44,30/03/2018,
ZA-00018251,ZAC0013969,23/03/2018 09:36,COMPLETE,23/03/2018 18:27,26/03/2018 15:34,26/03/2018,
ZA-00018252,ZAC0019688,23/03/2018 12:33,CANCELLED,,,,
ZA-00018253,ZAC0013768,23/03/2018 19:00,COMPLETE,26/03/2018 13:32,29/03/2018 08:46,29/03/2018,
ZA-00018254,ZAC0001901,23/03/2018 21:58,COMPLETE,26/03/2018 15:10,28/03/2018 17:22,29/03/2018,
ZA-00018255,ZAC0003345,23/03/2018 13:04,COMPLETE,26/03/2018 01:09,28/03/2018 09:44,30/03/2018,
ZA-00018256,ZAC0004449,23/03/2018 18:08,COMPLETE,29/03/2018 01:00,02/04/2018 17:50,02/04/2018,
ZA-00018257,ZAC0018332,23/03/2018 07:53,COMPLETE,25/03/2018 12:54,27/03/2018 16:20,28/03/2018,
ZA-00018258,ZAC0019718,23/03/2018 09:02,COMPLETE,24/03/2018 04:06,02/04/2018 08:38,29/03/2018,
ZA-00018259,ZAC0020091,23/03/2018 19:43,COMPLETE,25/03/2018 11:12,30/03/2018 00:29,28/03/2018,
ZA-00018260,ZAC0005909,23/03/2018 12:01,COMPLETE,24/03/2018 02:13,29/03/2018 19:09,27/03/2018,LOYAL5
ZA-00018261,ZAC0008229,23/03/2018 15:26,COMPLETE,26/03/2018 05:17,03/04/2018 13:07,30/03/2018,
ZA-00018262,ZAC0013545,23/03/2018 14:28,COMPLETE,26/03/2018 07:12,27/03/2018 20:29,31/03/2018,FREESHIP
ZA-00018263,ZAC0004683,23/03/2018 06:12,COMPLETE,25/03/2018 03:37,02/04/2018 22:57,01/04/2018,
ZA-00018264,ZAC0021719,23/03/2018 12:58,COMPLETE,25/03/2018 02:25,29/03/2018 06:01,30/03/2018,
ZA-00018265,ZAC0002613,23/03/2018 22:17,COMPLETE,25/03/2018 23:13,28/03/2018 05:58,28/03/2018,
ZA-00018266,ZAC0012285,23/03/2018 07:38,COMPLETE,24/03/2018 14:13,28/03/2018 01:04,29/03/2018,
ZA-00018267,ZAC0010086,24/03/2018 06:34,COMPLETE,26/03/2018 10:08,29/03/2018 04:18,29/03/2018,LOYAL5
ZA-00018268,ZAC0003235,24/03/2018 15:10,DISPATCHED,25/03/2018 08:31,,01/04/2018,FREESHIP
ZA-00018269,ZAC0014490,24/03/2018 21:51,COMPLETE,29/03/2018 16:07,01/04/2018 12:56,01/04/2018,
ZA-00018270,ZAC0016128,24/03/2018 20:31,COMPLETE,26/03/2018 00:53,27/03/2018 00:48,31/03/2018,
ZA-00018271,ZAC0004850,24/03/2018 18:37,COMPLETE,25/03/2018 04:48,27/03/2018 08:13,30/03/2018,BULK20
ZA-00018272,ZAC0006871,24/03/2018 14:39,COMPLETE,26/03/2018 13:07,28/03/2018 03:50,30/03/2018,BULK20
ZA-00018273,ZAC0010652,24/03/2018 13:46,COMPLETE,26/03/2018 06:13,07/04/2018 04:57,02/04/2018,
ZA-00018274,ZAC0015324,24/03/2018 08:03,COMPLETE,25/03/2018 22:33,30/03/2018 21:57,30/03/2018,
ZA-00018275,ZAC0001476,24/03/2018 16:50,COMPLETE,25/03/2018 14:55,30/03/2018 03:06,30/03/2018,
ZA-00018276,ZAC0007271,24/03/2018 16:38,COMPLETE,27/03/2018 05:54,03/04/2018 05:51,01/04/2018,WINTER15
ZA-00018277,ZAC0021317,24/03/2018 14:16,COMPLETE,24/03/2018 23:42,26/03/2018 11:12,31/03/2018,
ZA-00018278,ZAC0021785,24/03/2018 09:46,DISPATCHED,29/03/2018 14:56,,03/04/2018,
ZA-00018279,ZAC0022498,24/03/2018 14:42,COMPLETE,31/03/2018 00:29,01/04/2018 19:37,04/04/2018,FLASH25
ZA-00018280,ZAC0017677,24/03/2018 18:09,COMPLETE,25/03/2018 02:37,29/03/2018 10:08,01/04/2018,
ZA-00018281,ZAC0017548,24/03/2018 08:17,COMPLETE,26/03/2018 01:41,31/03/2018 01:02,30/03/2018,
ZA-00018282,ZAC0008760,24/03/2018 06:07,COMPLETE,28/03/2018 13:14,01/04/2018 19:10,07/04/2018,
ZA-00018283,ZAC0001289,24/03/2018 09:23,DISPATCHED,28/03/2018 11:01,,02/04/2018,FLASH25
ZA-00018284,ZAC0005577,24/03/2018 13:35,COMPLETE,25/03/2018 04:47,30/03/2018 00:56,29/03/2018,
ZA-00018285,ZAC0008585,24/03/2018 06:34,COMPLETE,27/03/2018 06:26,28/03/2018 18:59,30/03/2018,
ZA-00018286,ZAC0000553,24/03/2018 10:37,COMPLETE,25/03/2018 17:38,29/03/2018 05:22,29/03/2018,
ZA-00018287,ZAC0013639,24/03/2018 14:26,COMPLETE,26/03/2018 09:36,03/04/2018 07:50,29/03/2018,
ZA-00018288,ZAC0003206,24/03/2018 18:13,DISPATCHED,27/03/2018 15:51,,31/03/2018,
ZA-00018289,ZAC0012406,24/03/2018 18:25,COMPLETE,30/03/2018 02:02,01/04/2018 22:15,03/04/2018,
ZA-00018290,ZAC0015852,24/03/2018 09:02,COMPLETE,28/03/2018 06:29,30/03/2018 19:48,31/03/2018,
ZA-00018291,ZAC0002530,24/03/2018 13:22,COMPLETE,25/03/2018 16:14,02/04/2018 04:16,29/03/2018,
ZA-00018292,ZAC0000550,24/03/2018 15:24,COMPLETE,28/03/2018 10:58,01/04/2018 14:06,02/04/2018,
ZA-00018293,ZAC0004827,24/03/2018 07:15,COMPLETE,25/03/2018 18:43,31/03/2018 19:11,29/03/2018,
ZA-00018294,ZAC0004600,24/03/2018 14:25,COMPLETE,25/03/2018 02:51,28/03/2018 14:55,01/04/2018,
ZA-00018295,ZAC0002409,24/03/2018 22:27,COMPLETE,26/03/2018 10:24,30/03/2018 16:16,29/03/2018,
ZA-00018296,ZAC0019206,24/03/2018 11:35,COMPLETE,25/03/2018 11:58,29/03/2018 19:25,30/03/2018,
ZA-00018297,ZAC0012957,24/03/2018 17:51,COMPLETE,01/04/2018 18:50,04/04/2018 01:41,05/04/2018,
ZA-00018298,ZAC0004981,24/03/2018 14:27,COMPLETE,25/03/2018 18:45,27/03/2018 16:08,28/03/2018,WINTER15
ZA-00018299,ZAC0003274,24/03/2018 15:56,COMPLETE,25/03/2018 22:03,31/03/2018 15:57,01/04/2018,
ZA-00018300,ZAC0006384,24/03/2018 13:57,COMPLETE,26/03/2018 14:28,30/03/2018 23:20,02/04/2018,
ZA-00018301,ZAC0004794,24/03/2018 22:08,CANCELLED,,,,
ZA-00018302,ZAC0018855,24/03/2018 21:40,COMPLETE,25/03/2018 16:02,28/03/2018 13:20,01/04/2018,
ZA-00018303,ZAC0018512,24/03/2018 10:11,COMPLETE,24/03/2018 19:20,26/03/2018 21:34,27/03/2018,
ZA-00018304,ZAC0020894,24/03/2018 19:20,COMPLETE,02/04/2018 18:35,07/04/2018 07:30,06/04/2018,
ZA-00018305,ZAC0013163,24/03/2018 16:10,COMPLETE,25/03/2018 03:17,31/03/2018 04:24,30/03/2018,
ZA-00018306,ZAC0016838,24/03/2018 10:52,COMPLETE,25/03/2018 08:53,27/03/2018 10:36,01/04/2018,
ZA-00018307,ZAC0014224,24/03/2018 11:27,COMPLETE,27/03/2018 11:12,29/03/2018 15:46,03/04/2018,WELCOME10
ZA-00018308,ZAC0020098,24/03/2018 20:19,COMPLETE,28/03/2018 01:00,29/03/2018 16:36,31/03/2018,
ZA-00018309,ZAC0009873,24/03/2018 20:50,COMPLETE,27/03/2018 01:53,30/03/2018 18:55,30/03/2018,
ZA-00018310,ZAC0001824,24/03/2018 14:45,COMPLETE,30/03/2018 16:42,07/04/2018 16:02,06/04/2018,
ZA-00018311,ZAC0021202,24/03/2018 14:44,COMPLETE,30/03/2018 07:20,31/03/2018 18:33,04/04/2018,
ZA-00018312,ZAC0015128,24/03/2018 15:38,COMPLETE,25/03/2018 21:01,01/04/2018 00:23,29/03/2018,
ZA-00018313,ZAC0011126,24/03/2018 13:41,COMPLETE,25/03/2018 10:33,08/04/2018 07:47,01/04/2018,WELCOME10
ZA-00018314,ZAC0009613,24/03/2018 10:46,COMPLETE,25/03/2018 17:37,28/03/2018 13:05,01/04/2018,
ZA-00018315,ZAC0006683,24/03/2018 14:43,COMPLETE,27/03/2018 19:48,06/04/2018 06:21,01/04/2018,
ZA-00018316,ZAC0021080,24/03/2018 09:38,COMPLETE,26/03/2018 13:34,30/03/2018 16:01,02/04/2018,
ZA-00018317,ZAC0001437,24/03/2018 06:17,COMPLETE,24/03/2018 13:22,29/03/2018 22:06,31/03/2018,FREESHIP
ZA-00018318,ZAC0007663,24/03/2018 07:19,COMPLETE,29/03/2018 09:27,01/04/2018 12:55,05/04/2018,
ZA-00018319,ZAC0023585,24/03/2018 17:01,COMPLETE,26/03/2018 06:49,01/04/2018 20:30,30/03/2018,
ZA-00018320,ZAC0023898,24/03/2018 06:12,COMPLETE,26/03/2018 03:18,27/03/2018 14:02,02/04/2018,
ZA-00018321,ZAC0023291,24/03/2018 06:08,COMPLETE,25/03/2018 06:15,26/03/2018 08:19,30/03/2018,
ZA-00018322,ZAC0017190,24/03/2018 21:41,COMPLETE,26/03/2018 01:24,04/04/2018 12:00,31/03/2018,
ZA-00018323,ZAC0008948,24/03/2018 17:51,RETURNED,25/03/2018 23:34,29/03/2018 17:51,28/03/2018,BULK20
ZA-00018324,ZAC0008627,24/03/2018 08:55,COMPLETE,26/03/2018 02:48,30/03/2018 06:50,05/04/2018,
ZA-00018325,ZAC0020156,24/03/2018 07:49,COMPLETE,28/03/2018 19:48,05/04/2018 16:51,04/04/2018,
ZA-00018326,ZAC0011947,24/03/2018 09:40,COMPLETE,25/03/2018 16:48,27/03/2018 20:16,29/03/2018,
ZA-00018327,ZAC0015286,24/03/2018 18:32,COMPLETE,25/03/2018 01:59,31/03/2018 14:20,30/03/2018,
ZA-00018328,ZAC0004373,24/03/2018 10:24,COMPLETE,26/03/2018 06:45,29/03/2018 17:54,31/03/2018,
ZA-00018329,ZAC0013317,24/03/2018 22:01,COMPLETE,27/03/2018 06:51,31/03/2018 19:34,30/03/2018,
ZA-00018330,ZAC0006895,24/03/2018 21:09,COMPLETE,26/03/2018 06:58,01/04/2018 18:49,30/03/2018,
ZA-00018331,ZAC0000828,24/03/2018 14:21,COMPLETE,26/03/2018 09:08,03/04/2018 05:13,30/03/2018,
ZA-00018332,ZAC0013135,24/03/2018 09:14,COMPLETE,29/03/2018 23:34,31/03/2018 22:41,05/04/2018,FREESHIP
ZA-00018333,ZAC0019423,24/03/2018 18:51,COMPLETE,29/03/2018 00:06,01/04/2018 01:29,02/04/2018,WINTER15
ZA-00018334,ZAC0005613,24/03/2018 19:18,COMPLETE,26/03/2018 11:53,02/04/2018 00:33,30/03/2018,BULK20
ZA-00018335,ZAC0014839,24/03/2018 13:58,COMPLETE,25/03/2018 12:26,29/03/2018 00:18,28/03/2018,
ZA-00018336,ZAC0008254,24/03/2018 17:12,COMPLETE,25/03/2018 04:05,30/03/2018 22:03,01/04/2018,
ZA-00018337,ZAC0012729,24/03/2018 22:57,PENDING,,,,WELCOME10
ZA-00018338,ZAC0013460,24/03/2018 06:04,COMPLETE,25/03/2018 01:47,05/04/2018 00:13,28/03/2018,
ZA-00018339,ZAC0006398,24/03/2018 15:20,COMPLETE,25/03/2018 21:27,31/03/2018 02:18,01/04/2018,FLASH25
ZA-00018340,ZAC0017946,24/03/2018 22:02,COMPLETE,25/03/2018 02:33,31/03/2018 08:52,28/03/2018,FREESHIP
ZA-00018341,ZAC0000448,24/03/2018 19:20,COMPLETE,27/03/2018 08:43,01/04/2018 06:50,30/03/2018,WINTER15
ZA-00018342,ZAC0023691,24/03/2018 09:47,COMPLETE,26/03/2018 22:32,01/04/2018 23:30,02/04/2018,
ZA-00018343,ZAC0014369,24/03/2018 12:08,COMPLETE,26/03/2018 16:48,01/04/2018 08:20,29/03/2018,WELCOME10
ZA-00018344,ZAC0008413,25/03/2018 06:47,COMPLETE,28/03/2018 12:11,31/03/2018 06:04,07/04/2018,
ZA-00018345,ZAC0005267,25/03/2018 17:17,COMPLETE,30/03/2018 09:11,03/04/2018 12:01,06/04/2018,
ZA-00018346,ZAC0019884,25/03/2018 21:37,COMPLETE,29/03/2018 00:13,05/04/2018 14:55,03/04/2018,
ZA-00018347,ZAC0006203,25/03/2018 17:19,COMPLETE,29/03/2018 20:49,03/04/2018 07:13,05/04/2018,
ZA-00018348,ZAC0014902,25/03/2018 22:18,COMPLETE,27/03/2018 02:22,30/03/2018 04:09,03/04/2018,
ZA-00018349,ZAC0007135,25/03/2018 07:33,COMPLETE,26/03/2018 13:10,03/04/2018 22:24,02/04/2018,
ZA-00018350,ZAC0004475,25/03/2018 15:06,COMPLETE,27/03/2018 03:12,04/04/2018 16:25,03/04/2018,
ZA-00018351,ZAC0013602,25/03/2018 13:22,COMPLETE,26/03/2018 02:21,28/03/2018 05:38,02/04/2018,LOYAL5
ZA-00018352,ZAC0008572,25/03/2018 09:46,COMPLETE,27/03/2018 09:01,02/04/2018 21:03,30/03/2018,
ZA-00018353,ZAC0011834,25/03/2018 22:54,COMPLETE,28/03/2018 01:02,08/04/2018 03:54,02/04/2018,
ZA-00018354,ZAC0009691,25/03/2018 07:42,COMPLETE,29/03/2018 16:22,31/03/2018 00:14,03/04/2018,FLASH25
ZA-00018355,ZAC0008138,25/03/2018 11:43,COMPLETE,28/03/2018 19:43,03/04/2018 23:51,31/03/2018,WINTER15
ZA-00018356,ZAC0005246,25/03/2018 17:53,COMPLETE,25/03/2018 23:05,28/03/2018 15:37,04/04/2018,
ZA-00018357,ZAC0017712,25/03/2018 19:18,COMPLETE,29/03/2018 22:17,06/04/2018 19:55,01/04/2018,
ZA-00018358,ZAC0007074,25/03/2018 20:41,COMPLETE,26/03/2018 17:16,31/03/2018 17:50,30/03/2018,
ZA-00018359,ZAC0000595,25/03/2018 17:54,COMPLETE,29/03/2018 12:35,04/04/2018 08:19,03/04/2018,
ZA-00018360,ZAC0022460,25/03/2018 06:58,COMPLETE,28/03/2018 15:43,03/04/2018 19:11,01/04/2018,
ZA-00018361,ZAC0007850,25/03/2018 17:24,COMPLETE,31/03/2018 09:10,06/04/2018 06:04,07/04/2018,
ZA-00018362,ZAC0004386,25/03/2018 13:31,COMPLETE,27/03/2018 12:21,29/03/2018 21:36,01/04/2018,
ZA-00018363,ZAC0017190,25/03/2018 22:19,COMPLETE,27/03/2018 04:33,28/03/2018 19:57,31/03/2018,FREESHIP
ZA-00018364,ZAC0020952,25/03/2018 13:37,COMPLETE,29/03/2018 11:48,04/04/2018 06:07,02/04/2018,
ZA-00018365,ZAC0011046,25/03/2018 15:32,COMPLETE,27/03/2018 21:21,31/03/2018 03:50,01/04/2018,
ZA-00018366,ZAC0022679,25/03/2018 12:57,COMPLETE,31/03/2018 17:26,03/04/2018 16:38,05/04/2018,
ZA-00018367,ZAC0004254,25/03/2018 17:22,COMPLETE,03/04/2018 09:52,12/04/2018 02:11,06/04/2018,
ZA-00018368,ZAC0003570,25/03/2018 12:42,COMPLETE,28/03/2018 09:21,31/03/2018 10:34,31/03/2018,BULK20
ZA-00018369,ZAC0014156,25/03/2018 18:34,COMPLETE,28/03/2018 19:45,03/04/2018 01:27,31/03/2018,
ZA-00018370,ZAC0006179,25/03/2018 22:43,COMPLETE,27/03/2018 04:04,30/03/2018 12:36,01/04/2018,
ZA-00018371,ZAC0021215,25/03/2018 07:24,COMPLETE,27/03/2018 01:46,10/04/2018 03:59,31/03/2018,
ZA-00018372,ZAC0006901,25/03/2018 11:38,COMPLETE,28/03/2018 01:54,01/04/2018 18:55,01/04/2018,
ZA-00018373,ZAC0020310,25/03/2018 17:35,COMPLETE,26/03/2018 23:13,01/04/2018 01:54,02/04/2018,
ZA-00018374,ZAC0014673,25/03/2018 07:04,COMPLETE,28/03/2018 21:46,02/04/2018 07:59,04/04/2018,
ZA-00018375,ZAC0003837,25/03/2018 14:16,COMPLETE,01/04/2018 20:39,11/04/2018 16:30,05/04/2018,
ZA-00018376,ZAC0008374,25/03/2018 09:58,COMPLETE,27/03/2018 14:08,30/03/2018 14:46,30/03/2018,WELCOME10
ZA-00018377,ZAC0020658,25/03/2018 08:12,COMPLETE,28/03/2018 06:18,02/04/2018 09:50,01/04/2018,
ZA-00018378,ZAC0005959,25/03/2018 10:57,COMPLETE,27/03/2018 02:46,29/03/2018 15:39,03/04/2018,WELCOME10
ZA-00018379,ZAC0020268,25/03/2018 06:08,COMPLETE,27/03/2018 18:46,31/03/2018 01:16,30/03/2018,
ZA-00018380,ZAC0021669,25/03/2018 17:24,COMPLETE,28/03/2018 21:23,11/04/2018 02:40,02/04/2018,
ZA-00018381,ZAC0008830,25/03/2018 11:44,COMPLETE,25/03/2018 23:33,29/03/2018 08:04,30/03/2018,
ZA-00018382,ZAC0002517,25/03/2018 22:12,COMPLETE,27/03/2018 05:37,27/03/2018 14:34,01/04/2018,
ZA-00018383,ZAC0014872,25/03/2018 16:43,CANCELLED,,,,
ZA-00018384,ZAC0017292,25/03/2018 14:22,COMPLETE,28/03/2018 12:29,29/03/2018 13:03,01/04/2018,
ZA-00018385,ZAC0023687,25/03/2018 21:56,COMPLETE,27/03/2018 07:09,31/03/2018 16:01,30/03/2018,
ZA-00018386,ZAC0010770,25/03/2018 13:58,COMPLETE,26/03/2018 14:30,02/04/2018 09:37,30/03/2018,
ZA-00018387,ZAC0009005,25/03/2018 15:13,COMPLETE,26/03/2018 06:36,06/04/2018 19:16,30/03/2018,BULK20
ZA-00018388,ZAC0000913,25/03/2018 14:48,COMPLETE,26/03/2018 12:27,06/04/2018 21:12,29/03/2018,
ZA-00018389,ZAC0004929,25/03/2018 20:41,PENDING,,,,LOYAL5
ZA-00018390,ZAC0016733,25/03/2018 19:36,COMPLETE,26/03/2018 21:12,30/03/2018 04:00,29/03/2018,
ZA-00018391,ZAC0019404,25/03/2018 21:18,COMPLETE,27/03/2018 18:59,30/03/2018 19:26,31/03/2018,WINTER15
ZA-00018392,ZAC0003904,25/03/2018 16:44,COMPLETE,26/03/2018 00:24,29/03/2018 01:44,29/03/2018,
ZA-00018393,ZAC0013236,25/03/2018 09:49,COMPLETE,30/03/2018 03:29,03/04/2018 19:24,03/04/2018,BULK20
ZA-00018394,ZAC0007231,25/03/2018 15:26,COMPLETE,26/03/2018 13:38,04/04/2018 22:04,29/03/2018,
ZA-00018395,ZAC0006142,25/03/2018 06:57,COMPLETE,28/03/2018 15:31,29/03/2018 02:44,02/04/2018,
ZA-00018396,ZAC0004638,25/03/2018 14:37,COMPLETE,26/03/2018 08:53,28/03/2018 23:41,29/03/2018,
ZA-00018397,ZAC0005386,25/03/2018 12:59,COMPLETE,28/03/2018 14:24,30/03/2018 05:15,01/04/2018,WINTER15
ZA-00018398,ZAC0002860,25/03/2018 12:17,COMPLETE,28/03/2018 17:35,01/04/2018 12:30,04/04/2018,
ZA-00018399,ZAC0011319,25/03/2018 11:17,COMPLETE,29/03/2018 20:46,07/04/2018 10:46,02/04/2018,
ZA-00018400,ZAC0002459,25/03/2018 08:37,COMPLETE,27/03/2018 05:14,02/04/2018 17:18,03/04/2018,LOYAL5
ZA-00018401,ZAC0014120,25/03/2018 17:18,COMPLETE,27/03/2018 21:07,29/03/2018 14:10,31/03/2018,LOYAL5
ZA-00018402,ZAC0023413,25/03/2018 14:35,COMPLETE,27/03/2018 17:45,31/03/2018 09:05,01/04/2018,
ZA-00018403,ZAC0018115,25/03/2018 07:17,COMPLETE,26/03/2018 06:46,28/03/2018 19:33,30/03/2018,
ZA-00018404,ZAC0003150,25/03/2018 22:13,COMPLETE,27/03/2018 06:51,03/04/2018 04:10,30/03/2018,
ZA-00018405,ZAC0021409,25/03/2018 21:41,COMPLETE,26/03/2018 14:25,27/03/2018 11:12,02/04/2018,
ZA-00018406,ZAC0021825,25/03/2018 07:58,COMPLETE,26/03/2018 03:59,01/04/2018 12:22,29/03/2018,
ZA-00018407,ZAC0003017,25/03/2018 18:06,CANCELLED,,,,WINTER15
ZA-00018408,ZAC0011250,25/03/2018 06:28,COMPLETE,27/03/2018 08:58,31/03/2018 14:52,03/04/2018,LOYAL5
ZA-00018409,ZAC0004363,25/03/2018 07:19,COMPLETE,30/03/2018 06:34,01/04/2018 14:29,04/04/2018,
ZA-00018410,ZAC0012132,25/03/2018 17:33,COMPLETE,27/03/2018 15:53,28/03/2018 05:13,30/03/2018,FREESHIP
ZA-00018411,ZAC0007505,25/03/2018 06:41,COMPLETE,26/03/2018 06:06,31/03/2018 17:09,05/04/2018,
ZA-00018412,ZAC0012940,25/03/2018 20:53,COMPLETE,28/03/2018 00:22,01/04/2018 06:12,01/04/2018,
ZA-00018413,ZAC0006881,25/03/2018 07:36,COMPLETE,28/03/2018 05:01,30/03/2018 10:17,04/04/2018,
ZA-00018414,ZAC0020540,25/03/2018 11:38,COMPLETE,27/03/2018 01:28,06/04/2018 09:52,30/03/2018,
ZA-00018415,ZAC0005425,25/03/2018 17:55,COMPLETE,26/03/2018 13:20,02/04/2018 17:16,29/03/2018,
ZA-00018416,ZAC0013514,25/03/2018 21:53,COMPLETE,26/03/2018 23:18,30/03/2018 18:17,30/03/2018,
ZA-00018417,ZAC0009553,25/03/2018 07:07,COMPLETE,28/03/2018 13:12,08/04/2018 10:08,02/04/2018,
ZA-00018418,ZAC0002671,25/03/2018 15:54,COMPLETE,27/03/2018 16:37,03/04/2018 23:32,31/03/2018,
ZA-00018419,ZAC0012904,25/03/2018 10:42,COMPLETE,30/03/2018 22:24,11/04/2018 21:34,02/04/2018,
ZA-00018420,ZAC0001446,25/03/2018 06:16,COMPLETE,27/03/2018 20:19,03/04/2018 09:05,03/04/2018,
ZA-00018421,ZAC0023483,25/03/2018 21:13,COMPLETE,30/03/2018 10:41,11/04/2018 16:46,04/04/2018,
ZA-00018422,ZAC0012688,25/03/2018 17:53,COMPLETE,29/03/2018 03:15,06/04/2018 02:19,02/04/2018,FREESHIP
ZA-00018423,ZAC0002397,25/03/2018 15:45,COMPLETE,28/03/2018 02:48,09/04/2018 00:37,01/04/2018,
ZA-00018424,ZAC0016889,26/03/2018 22:02,COMPLETE,27/03/2018 16:11,30/03/2018 15:01,31/03/2018,FLASH25
ZA-00018425,ZAC0016583,26/03/2018 16:47,COMPLETE,30/03/2018 15:27,04/04/2018 03:16,04/04/2018,
ZA-00018426,ZAC0005935,26/03/2018 07:55,COMPLETE,26/03/2018 23:34,30/03/2018 14:58,29/03/2018,
ZA-00018427,ZAC0005688,26/03/2018 22:11,COMPLETE,27/03/2018 07:26,29/03/2018 23:57,03/04/2018,
ZA-00018428,ZAC0017562,26/03/2018 15:58,COMPLETE,30/03/2018 23:38,06/04/2018 05:14,03/04/2018,
ZA-00018429,ZAC0006651,26/03/2018 21:16,CANCELLED,,,,
ZA-00018430,ZAC0018865,26/03/2018 12:49,COMPLETE,27/03/2018 17:22,01/04/2018 05:13,01/04/2018,
ZA-00018431,ZAC0011800,26/03/2018 20:52,COMPLETE,28/03/2018 17:25,03/04/2018 02:43,31/03/2018,
ZA-00018432,ZAC0017392,26/03/2018 17:52,COMPLETE,27/03/2018 20:41,29/03/2018 18:45,31/03/2018,BULK20
ZA-00018433,ZAC0021950,26/03/2018 12:52,COMPLETE,28/03/2018 15:04,05/04/2018 16:56,04/04/2018,
ZA-00018434,ZAC0002512,26/03/2018 20:03,COMPLETE,29/03/2018 17:21,01/04/2018 14:31,03/04/2018,WINTER15
ZA-00018435,ZAC0011427,26/03/2018 12:40,COMPLETE,28/03/2018 08:53,14/04/2018 18:51,01/04/2018,LOYAL5
ZA-00018436,ZAC0016124,26/03/2018 11:48,COMPLETE,30/03/2018 19:32,31/03/2018 06:26,02/04/2018,
ZA-00018437,ZAC0006481,26/03/2018 16:21,COMPLETE,01/04/2018 17:50,06/04/2018 20:27,05/04/2018,
ZA-00018438,ZAC0018231,26/03/2018 22:36,COMPLETE,29/03/2018 16:49,01/04/2018 05:46,03/04/2018,LOYAL5
ZA-00018439,ZAC0007102,26/03/2018 09:00,DISPATCHED,01/04/2018 16:46,,08/04/2018,
ZA-00018440,ZAC0008552,26/03/2018 19:33,COMPLETE,29/03/2018 03:13,04/04/2018 06:10,03/04/2018,
ZA-00018441,ZAC0012353,26/03/2018 19:54,COMPLETE,31/03/2018 03:20,31/03/2018 13:27,05/04/2018,
ZA-00018442,ZAC0021067,26/03/2018 15:40,COMPLETE,02/04/2018 06:19,07/04/2018 23:42,07/04/2018,
ZA-00018443,ZAC0007563,26/03/2018 18:36,COMPLETE,30/03/2018 21:34,04/04/2018 16:49,02/04/2018,
ZA-00018444,ZAC0019592,26/03/2018 12:24,COMPLETE,27/03/2018 17:27,29/03/2018 12:19,01/04/2018,WINTER15
ZA-00018445,ZAC0015979,26/03/2018 16:35,COMPLETE,27/03/2018 11:29,05/04/2018 16:06,31/03/2018,
ZA-00018446,ZAC0009435,26/03/2018 09:25,COMPLETE,27/03/2018 22:53,04/04/2018 17:56,30/03/2018,
ZA-00018447,ZAC0015640,26/03/2018 14:43,COMPLETE,27/03/2018 05:13,01/04/2018 21:36,30/03/2018,
ZA-00018448,ZAC0008231,26/03/2018 13:58,COMPLETE,27/03/2018 13:26,28/03/2018 05:15,03/04/2018,
ZA-00018449,ZAC0000540,26/03/2018 12:02,COMPLETE,26/03/2018 22:42,06/04/2018 11:40,02/04/2018,LOYAL5
ZA-00018450,ZAC0017696,26/03/2018 17:17,COMPLETE,29/03/2018 14:47,31/03/2018 09:45,02/04/2018,LOYAL5
ZA-00018451,ZAC0006475,26/03/2018 07:02,COMPLETE,27/03/2018 18:51,31/03/2018 21:00,03/04/2018,
ZA-00018452,ZAC0022867,26/03/2018 15:47,COMPLETE,30/03/2018 16:03,07/04/2018 07:09,09/04/2018,
ZA-00018453,ZAC0019306,26/03/2018 07:25,COMPLETE,27/03/2018 17:45,01/04/2018 12:35,31/03/2018,
ZA-00018454,ZAC0009450,26/03/2018 08:18,COMPLETE,27/03/2018 22:09,02/04/2018 22:48,31/03/2018,LOYAL5
ZA-00018455,ZAC0005188,26/03/2018 14:19,COMPLETE,27/03/2018 14:29,28/03/2018 19:29,30/03/2018,
ZA-00018456,ZAC0012370,26/03/2018 07:51,COMPLETE,26/03/2018 20:57,31/03/2018 20:19,31/03/2018,
ZA-00018457,ZAC0018945,26/03/2018 13:12,COMPLETE,27/03/2018 15:11,29/03/2018 20:16,30/03/2018,
ZA-00018458,ZAC0020988,26/03/2018 22:25,CANCELLED,,,,
ZA-00018459,ZAC0009720,26/03/2018 17:47,COMPLETE,30/03/2018 18:05,10/04/2018 07:59,04/04/2018,
ZA-00018460,ZAC0008749,26/03/2018 21:09,COMPLETE,27/03/2018 22:21,04/04/2018 07:43,30/03/2018,
ZA-00018461,ZAC0005339,26/03/2018 16:22,COMPLETE,27/03/2018 20:47,30/03/2018 11:24,01/04/2018,
ZA-00018462,ZAC0006787,26/03/2018 07:55,COMPLETE,01/04/2018 11:47,04/04/2018 05:25,06/04/2018,
ZA-00018463,ZAC0006914,26/03/2018 12:18,COMPLETE,26/03/2018 16:11,28/03/2018 11:30,05/04/2018,
ZA-00018464,ZAC0008671,26/03/2018 20:29,COMPLETE,29/03/2018 02:14,02/04/2018 14:06,01/04/2018,
ZA-00018465,ZAC0022344,26/03/2018 07:41,COMPLETE,27/03/2018 16:13,30/03/2018 18:36,01/04/2018,
ZA-00018466,ZAC0011576,26/03/2018 06:49,COMPLETE,27/03/2018 19:32,03/04/2018 03:24,30/03/2018,LOYAL5
ZA-00018467,ZAC0006902,26/03/2018 10:57,COMPLETE,27/03/2018 04:45,01/04/2018 09:50,01/04/2018,
ZA-00018468,ZAC0022542,26/03/2018 13:53,COMPLETE,29/03/2018 13:06,30/03/2018 17:59,02/04/2018,WELCOME10
ZA-00018469,ZAC0009598,26/03/2018 15:23,COMPLETE,28/03/2018 06:23,08/04/2018 03:29,04/04/2018,
ZA-00018470,ZAC0014662,26/03/2018 22:00,COMPLETE,02/04/2018 11:44,08/04/2018 05:15,06/04/2018,
ZA-00018471,ZAC0017452,26/03/2018 10:24,COMPLETE,28/03/2018 03:56,07/04/2018 09:55,01/04/2018,
ZA-00018472,ZAC0015716,26/03/2018 19:49,COMPLETE,29/03/2018 11:13,02/04/2018 20:27,05/04/2018,
ZA-00018473,ZAC0008828,26/03/2018 08:50,COMPLETE,31/03/2018 20:11,03/04/2018 03:07,05/04/2018,
ZA-00018474,ZAC0016564,26/03/2018 10:21,COMPLETE,28/03/2018 14:34,30/03/2018 08:51,01/04/2018,
ZA-00018475,ZAC0005964,26/03/2018 20:32,COMPLETE,29/03/2018 02:05,01/04/2018 07:24,03/04/2018,
ZA-00018476,ZAC0022488,26/03/2018 19:05,COMPLETE,27/03/2018 18:34,28/03/2018 06:07,31/03/2018,
ZA-00018477,ZAC0000550,26/03/2018 22:09,DISPATCHED,30/03/2018 05:34,,04/04/2018,LOYAL5
ZA-00018478,ZAC0022782,26/03/2018 08:49,COMPLETE,31/03/2018 13:03,04/04/2018 05:09,04/04/2018,FREESHIP
ZA-00018479,ZAC0016599,26/03/2018 07:07,COMPLETE,26/03/2018 19:48,05/04/2018 21:48,29/03/2018,BULK20
ZA-00018480,ZAC0017614,26/03/2018 21:16,COMPLETE,28/03/2018 19:00,30/03/2018 11:24,01/04/2018,
ZA-00018481,ZAC0022803,26/03/2018 20:41,COMPLETE,28/03/2018 04:01,30/03/2018 16:30,02/04/2018,
ZA-00018482,ZAC0011116,26/03/2018 12:03,COMPLETE,26/03/2018 13:46,02/04/2018 04:02,29/03/2018,
ZA-00018483,ZAC0002705,26/03/2018 17:35,COMPLETE,29/03/2018 08:35,31/03/2018 06:36,02/04/2018,
ZA-00018484,ZAC0016826,26/03/2018 15:45,COMPLETE,29/03/2018 17:22,07/04/2018 14:08,05/04/2018,
ZA-00018485,ZAC0018893,26/03/2018 07:33,COMPLETE,28/03/2018 09:03,01/04/2018 11:58,02/04/2018,
ZA-00018486,ZAC0010147,26/03/2018 12:54,COMPLETE,30/03/2018 10:19,02/04/2018 22:41,04/04/2018,
ZA-00018487,ZAC0019190,26/03/2018 09:20,COMPLETE,27/03/2018 16:49,31/03/2018 13:47,03/04/2018,WINTER15
ZA-00018488,ZAC0005657,26/03/2018 18:02,COMPLETE,27/03/2018 11:54,29/03/2018 14:18,03/04/2018,
ZA-00018489,ZAC0005535,26/03/2018 15:23,COMPLETE,28/03/2018 00:49,29/03/2018 06:15,04/04/2018,
ZA-00018490,ZAC0003851,27/03/2018 09:36,COMPLETE,28/03/2018 14:26,30/03/2018 16:18,31/03/2018,
ZA-00018491,ZAC0002915,27/03/2018 20:51,COMPLETE,30/03/2018 00:36,02/04/2018 07:15,04/04/2018,FREESHIP
ZA-00018492,ZAC0000769,27/03/2018 07:33,COMPLETE,28/03/2018 03:35,30/03/2018 10:32,04/04/2018,
ZA-00018493,ZAC0018835,27/03/2018 16:23,COMPLETE,31/03/2018 04:52,05/04/2018 00:11,05/04/2018,
ZA-00018494,ZAC0007600,27/03/2018 15:27,COMPLETE,30/03/2018 01:40,02/04/2018 02:43,09/04/2018,
ZA-00018495,ZAC0013264,27/03/2018 12:08,COMPLETE,29/03/2018 01:55,29/03/2018 20:34,05/04/2018,
ZA-00018496,ZAC0009322,27/03/2018 11:13,COMPLETE,31/03/2018 13:17,04/04/2018 11:17,03/04/2018,FREESHIP
ZA-00018497,ZAC0018473,27/03/2018 11:04,COMPLETE,02/04/2018 18:06,12/04/2018 02:03,09/04/2018,FREESHIP
ZA-00018498,ZAC0005691,27/03/2018 21:01,COMPLETE,28/03/2018 20:00,03/04/2018 03:14,01/04/2018,
ZA-00018499,ZAC0009650,27/03/2018 09:27,COMPLETE,28/03/2018 20:45,01/04/2018 03:45,07/04/2018,
ZA-00018500,ZAC0016806,27/03/2018 20:34,COMPLETE,28/03/2018 21:12,04/04/2018 13:27,01/04/2018,
ZA-00018501,ZAC0006341,27/03/2018 11:21,COMPLETE,27/03/2018 16:53,30/03/2018 00:33,30/03/2018,
ZA-00018502,ZAC0023344,27/03/2018 10:10,COMPLETE,31/03/2018 06:32,03/04/2018 04:18,03/04/2018,
ZA-00018503,ZAC0008215,27/03/2018 07:49,DISPATCHED,31/03/2018 18:22,,04/04/2018,
ZA-00018504,ZAC0022199,27/03/2018 10:34,COMPLETE,28/03/2018 04:29,01/04/2018 21:21,31/03/2018,
ZA-00018505,ZAC0022126,27/03/2018 14:17,COMPLETE,02/04/2018 02:00,04/04/2018 01:58,07/04/2018,
ZA-00018506,ZAC0013007,27/03/2018 11:51,COMPLETE,29/03/2018 22:05,01/04/2018 07:46,03/04/2018,
ZA-00018507,ZAC0003104,27/03/2018 14:23,COMPLETE,30/03/2018 14:52,03/04/2018 00:15,02/04/2018,
ZA-00018508,ZAC0007386,27/03/2018 19:54,COMPLETE,29/03/2018 01:47,01/04/2018 21:41,05/04/2018,
ZA-00018509,ZAC0007368,27/03/2018 18:46,COMPLETE,29/03/2018 14:03,30/03/2018 05:28,01/04/2018,
ZA-00018510,ZAC0011027,27/03/2018 12:13,COMPLETE,29/03/2018 06:17,01/04/2018 10:22,03/04/2018,WELCOME10
ZA-00018511,ZAC0009614,27/03/2018 17:39,COMPLETE,28/03/2018 01:21,31/03/2018 13:20,04/04/2018,BULK20
ZA-00018512,ZAC0005694,27/03/2018 12:17,COMPLETE,28/03/2018 21:12,04/04/2018 16:09,04/04/2018,WINTER15
ZA-00018513,ZAC0015322,27/03/2018 22:51,COMPLETE,29/03/2018 23:15,30/03/2018 07:12,03/04/2018,
ZA-00018514,ZAC0016978,27/03/2018 06:42,COMPLETE,29/03/2018 05:42,05/04/2018 13:39,02/04/2018,
ZA-00018515,ZAC0023233,27/03/2018 09:51,RETURNED,29/03/2018 07:17,05/04/2018 04:23,03/04/2018,
ZA-00018516,ZAC0005144,27/03/2018 08:43,COMPLETE,28/03/2018 18:51,29/03/2018 14:50,02/04/2018,WINTER15
ZA-00018517,ZAC0023880,27/03/2018 16:13,COMPLETE,29/03/2018 08:49,03/04/2018 02:48,01/04/2018,
ZA-00018518,ZAC0000422,27/03/2018 21:22,COMPLETE,30/03/2018 13:31,01/04/2018 14:57,06/04/2018,
ZA-00018519,ZAC0000212,27/03/2018 20:16,COMPLETE,30/03/2018 01:17,05/04/2018 09:59,03/04/2018,
ZA-00018520,ZAC0008840,27/03/2018 07:09,COMPLETE,03/04/2018 12:42,10/04/2018 02:01,07/04/2018,LOYAL5
ZA-00018521,ZAC0020295,27/03/2018 12:44,COMPLETE,28/03/2018 18:38,05/04/2018 08:33,31/03/2018,
ZA-00018522,ZAC0014817,27/03/2018 19:44,COMPLETE,29/03/2018 18:11,06/04/2018 06:25,03/04/2018,
ZA-00018523,ZAC0018025,27/03/2018 18:54,COMPLETE,31/03/2018 06:13,11/04/2018 01:17,05/04/2018,
ZA-00018524,ZAC0009483,27/03/2018 11:48,COMPLETE,28/03/2018 07:39,30/03/2018 15:20,02/04/2018,FLASH25
ZA-00018525,ZAC0011449,27/03/2018 13:54,COMPLETE,30/03/2018 11:01,03/04/2018 06:55,06/04/2018,
ZA-00018526,ZAC0008979,27/03/2018 15:20,COMPLETE,27/03/2018 17:03,30/03/2018 02:47,03/04/2018,
ZA-00018527,ZAC0007938,27/03/2018 17:30,COMPLETE,27/03/2018 20:45,06/04/2018 09:19,06/04/2018,FLASH25
ZA-00018528,ZAC0022897,27/03/2018 18:21,COMPLETE,29/03/2018 06:30,29/03/2018 20:21,03/04/2018,
ZA-00018529,ZAC0021856,27/03/2018 18:43,COMPLETE,28/03/2018 07:19,30/03/2018 01:47,31/03/2018,
ZA-00018530,ZAC0016562,27/03/2018 10:26,COMPLETE,01/04/2018 15:12,03/04/2018 10:08,11/04/2018,
ZA-00018531,ZAC0014452,27/03/2018 08:36,COMPLETE,30/03/2018 04:39,02/04/2018 00:06,06/04/2018,
ZA-00018532,ZAC0016413,27/03/2018 18:24,COMPLETE,02/04/2018 20:48,05/04/2018 06:02,05/04/2018,
ZA-00018533,ZAC0004092,27/03/2018 09:49,COMPLETE,30/03/2018 03:32,02/04/2018 15:39,03/04/2018,
ZA-00018534,ZAC0016013,27/03/2018 06:37,COMPLETE,28/03/2018 05:47,30/03/2018 12:55,04/04/2018,WELCOME10
ZA-00018535,ZAC0014999,27/03/2018 09:45,CANCELLED,,,,
ZA-00018536,ZAC0003437,27/03/2018 22:57,COMPLETE,28/03/2018 12:00,07/04/2018 07:54,02/04/2018,
ZA-00018537,ZAC0006087,27/03/2018 16:18,COMPLETE,30/03/2018 11:14,04/04/2018 08:00,02/04/2018,
ZA-00018538,ZAC0013913,27/03/2018 16:31,COMPLETE,02/04/2018 15:29,03/04/2018 17:39,06/04/2018,
ZA-00018539,ZAC0006028,27/03/2018 13:32,COMPLETE,02/04/2018 12:32,08/04/2018 15:23,06/04/2018,
ZA-00018540,ZAC0001425,27/03/2018 17:29,COMPLETE,31/03/2018 18:10,03/04/2018 20:06,05/04/2018,
ZA-00018541,ZAC0009029,27/03/2018 18:56,COMPLETE,28/03/2018 18:37,02/04/2018 12:55,31/03/2018,
ZA-00018542,ZAC0002869,27/03/2018 12:28,COMPLETE,01/04/2018 02:08,03/04/2018 18:57,06/04/2018,
ZA-00018543,ZAC0006278,27/03/2018 11:44,COMPLETE,01/04/2018 07:43,04/04/2018 10:16,05/04/2018,
ZA-00018544,ZAC0004366,27/03/2018 08:30,COMPLETE,28/03/2018 21:51,29/03/2018 16:03,31/03/2018,
ZA-00018545,ZAC0008213,27/03/2018 06:34,COMPLETE,28/03/2018 16:21,02/04/2018 07:12,02/04/2018,FLASH25
ZA-00018546,ZAC0016988,27/03/2018 19:28,COMPLETE,29/03/2018 10:56,10/04/2018 01:56,02/04/2018,
ZA-00018547,ZAC0016233,27/03/2018 20:28,COMPLETE,03/04/2018 02:52,18/04/2018 01:20,07/04/2018,
ZA-00018548,ZAC0021656,27/03/2018 14:06,COMPLETE,30/03/2018 23:23,03/04/2018 19:25,03/04/2018,
ZA-00018549,ZAC0000244,27/03/2018 21:55,CANCELLED,,,,
ZA-00018550,ZAC0022205,27/03/2018 18:35,COMPLETE,28/03/2018 14:53,13/04/2018 01:30,01/04/2018,
ZA-00018551,ZAC0003677,27/03/2018 10:33,COMPLETE,27/03/2018 20:13,11/04/2018 13:45,31/03/2018,
ZA-00018552,ZAC0018488,27/03/2018 22:44,COMPLETE,28/03/2018 09:23,28/03/2018 18:59,01/04/2018,
ZA-00018553,ZAC0017531,27/03/2018 09:47,COMPLETE,28/03/2018 18:04,30/03/2018 00:42,31/03/2018,
ZA-00018554,ZAC0005830,27/03/2018 19:11,COMPLETE,29/03/2018 22:46,05/04/2018 19:15,03/04/2018,
ZA-00018555,ZAC0016484,27/03/2018 14:47,COMPLETE,28/03/2018 06:53,03/04/2018 14:58,04/04/2018,BULK20
ZA-00018556,ZAC0006630,27/03/2018 17:04,COMPLETE,30/03/2018 03:34,03/04/2018 02:24,04/04/2018,
ZA-00018557,ZAC0020507,27/03/2018 19:04,PENDING,,,,
ZA-00018558,ZAC0003430,27/03/2018 16:09,COMPLETE,27/03/2018 23:19,31/03/2018 12:28,31/03/2018,
ZA-00018559,ZAC0011307,27/03/2018 10:47,COMPLETE,28/03/2018 23:08,10/04/2018 04:14,31/03/2018,
ZA-00018560,ZAC0003943,27/03/2018 21:32,COMPLETE,29/03/2018 18:57,01/04/2018 06:12,02/04/2018,
ZA-00018561,ZAC0017398,27/03/2018 07:55,PENDING,,,,
ZA-00018562,ZAC0010331,27/03/2018 13:14,DISPATCHED,01/04/2018 00:35,,05/04/2018,
ZA-00018563,ZAC0020157,27/03/2018 14:55,COMPLETE,28/03/2018 17:29,31/03/2018 06:52,02/04/2018,
ZA-00018564,ZAC0015935,27/03/2018 10:34,COMPLETE,30/03/2018 15:16,31/03/2018 12:36,03/04/2018,
ZA-00018565,ZAC0012156,27/03/2018 16:19,COMPLETE,28/03/2018 09:30,01/04/2018 00:01,01/04/2018,WELCOME10
ZA-00018566,ZAC0009135,28/03/2018 16:19,COMPLETE,29/03/2018 07:02,05/04/2018 00:12,08/04/2018,WELCOME10
ZA-00018567,ZAC0018835,28/03/2018 14:50,COMPLETE,29/03/2018 07:21,06/04/2018 02:21,01/04/2018,
ZA-00018568,ZAC0007363,28/03/2018 10:31,COMPLETE,01/04/2018 04:33,02/04/2018 15:06,08/04/2018,
ZA-00018569,ZAC0014533,28/03/2018 18:54,COMPLETE,29/03/2018 19:43,01/04/2018 14:51,02/04/2018,
ZA-00018570,ZAC0011252,28/03/2018 06:17,COMPLETE,29/03/2018 21:39,13/04/2018 17:07,08/04/2018,
ZA-00018571,ZAC0021364,28/03/2018 13:25,COMPLETE,31/03/2018 02:16,01/04/2018 04:51,03/04/2018,
ZA-00018572,ZAC0001929,28/03/2018 15:55,COMPLETE,30/03/2018 12:18,02/04/2018 17:05,03/04/2018,
ZA-00018573,ZAC0003656,28/03/2018 10:38,CANCELLED,,,,
ZA-00018574,ZAC0016015,28/03/2018 21:43,COMPLETE,30/03/2018 08:34,01/04/2018 18:49,02/04/2018,
ZA-00018575,ZAC0012667,28/03/2018 10:09,COMPLETE,30/03/2018 06:33,06/04/2018 10:46,03/04/2018,
ZA-00018576,ZAC0011632,28/03/2018 09:50,COMPLETE,30/03/2018 13:58,04/04/2018 04:17,03/04/2018,WINTER15
ZA-00018577,ZAC0005966,28/03/2018 15:03,COMPLETE,03/04/2018 17:50,12/04/2018 02:09,07/04/2018,WINTER15
ZA-00018578,ZAC0004903,28/03/2018 19:18,COMPLETE,30/03/2018 06:29,31/03/2018 18:38,04/04/2018,
ZA-00018579,ZAC0001175,28/03/2018 20:26,COMPLETE,29/03/2018 21:42,03/04/2018 00:41,05/04/2018,WINTER15
ZA-00018580,ZAC0001157,28/03/2018 17:52,CANCELLED,,,,
ZA-00018581,ZAC0000294,28/03/2018 18:01,COMPLETE,31/03/2018 00:24,09/04/2018 17:36,03/04/2018,FLASH25
ZA-00018582,ZAC0012929,28/03/2018 22:14,COMPLETE,31/03/2018 10:01,03/04/2018 13:39,05/04/2018,
ZA-00018583,ZAC0018947,28/03/2018 16:01,COMPLETE,28/03/2018 20:45,30/03/2018 18:09,01/04/2018,
ZA-00018584,ZAC0022133,28/03/2018 16:23,COMPLETE,02/04/2018 04:13,03/04/2018 08:40,06/04/2018,
ZA-00018585,ZAC0004472,28/03/2018 14:29,COMPLETE,29/03/2018 06:21,10/04/2018 11:07,02/04/2018,FREESHIP
ZA-00018586,ZAC0002311,28/03/2018 06:17,COMPLETE,28/03/2018 20:27,30/03/2018 14:51,01/04/2018,
ZA-00018587,ZAC0009782,28/03/2018 09:25,COMPLETE,29/03/2018 15:39,31/03/2018 06:15,05/04/2018,
ZA-00018588,ZAC0005953,28/03/2018 10:37,COMPLETE,29/03/2018 03:00,30/03/2018 01:30,05/04/2018,
ZA-00018589,ZAC0012991,28/03/2018 14:53,COMPLETE,29/03/2018 04:05,04/04/2018 17:50,05/04/2018,
ZA-00018590,ZAC0014340,28/03/2018 22:20,COMPLETE,29/03/2018 07:51,29/03/2018 17:51,02/04/2018,
ZA-00018591,ZAC0003437,28/03/2018 20:18,COMPLETE,02/04/2018 18:05,20/04/2018 06:06,09/04/2018,
ZA-00018592,ZAC0017697,28/03/2018 22:45,COMPLETE,30/03/2018 02:08,02/04/2018 23:15,02/04/2018,WELCOME10
ZA-00018593,ZAC0000500,28/03/2018 07:19,COMPLETE,30/03/2018 16:04,01/04/2018 22:09,04/04/2018,BULK20
ZA-00018594,ZAC0011886,28/03/2018 12:50,COMPLETE,30/03/2018 03:55,04/04/2018 04:16,03/04/2018,
ZA-00018595,ZAC0008386,28/03/2018 22:53,COMPLETE,29/03/2018 11:58,04/04/2018 06:14,03/04/2018,
ZA-00018596,ZAC0019021,28/03/2018 20:13,COMPLETE,29/03/2018 08:26,02/04/2018 20:25,03/04/2018,
ZA-00018597,ZAC0003945,28/03/2018 08:24,COMPLETE,28/03/2018 22:33,05/04/2018 13:19,04/04/2018,
ZA-00018598,ZAC0009028,28/03/2018 21:50,COMPLETE,30/03/2018 18:45,09/04/2018 13:34,02/04/2018,
ZA-00018599,ZAC0003516,28/03/2018 15:43,COMPLETE,01/04/2018 05:15,10/04/2018 00:24,06/04/2018,
ZA-00018600,ZAC0013520,28/03/2018 11:58,COMPLETE,30/03/2018 20:43,01/04/2018 02:21,03/04/2018,
ZA-00018601,ZAC0014413,28/03/2018 21:47,COMPLETE,30/03/2018 16:14,02/04/2018 23:31,03/04/2018,FLASH25
ZA-00018602,ZAC0021690,28/03/2018 10:42,COMPLETE,31/03/2018 02:28,03/04/2018 14:02,07/04/2018,
ZA-00018603,ZAC0023719,28/03/2018 14:00,COMPLETE,01/04/2018 05:36,04/04/2018 05:05,04/04/2018,LOYAL5
ZA-00018604,ZAC0019014,28/03/2018 22:18,COMPLETE,30/03/2018 14:17,03/04/2018 20:48,04/04/2018,
ZA-00018605,ZAC0004042,28/03/2018 16:28,COMPLETE,29/03/2018 11:44,01/04/2018 04:29,01/04/2018,
ZA-00018606,ZAC0002338,28/03/2018 16:52,COMPLETE,29/03/2018 17:51,05/04/2018 23:57,01/04/2018,
ZA-00018607,ZAC0018760,28/03/2018 16:48,COMPLETE,30/03/2018 10:51,02/04/2018 00:08,04/04/2018,
ZA-00018608,ZAC0017167,28/03/2018 07:35,COMPLETE,28/03/2018 19:57,29/03/2018 10:09,01/04/2018,
ZA-00018609,ZAC0003972,28/03/2018 12:45,COMPLETE,31/03/2018 16:49,04/04/2018 06:00,07/04/2018,
ZA-00018610,ZAC0010660,28/03/2018 12:16,COMPLETE,01/04/2018 11:59,09/04/2018 10:38,04/04/2018,
ZA-00018611,ZAC0002067,28/03/2018 07:10,COMPLETE,30/03/2018 06:08,02/04/2018 01:25,09/04/2018,
ZA-00018612,ZAC0010233,28/03/2018 09:25,COMPLETE,01/04/2018 05:30,04/04/2018 02:06,06/04/2018,
ZA-00018613,ZAC0008933,28/03/2018 22:40,COMPLETE,31/03/2018 06:02,03/04/2018 06:52,07/04/2018,
ZA-00018614,ZAC0022183,28/03/2018 20:05,COMPLETE,02/04/2018 18:19,10/04/2018 01:15,09/04/2018,
ZA-00018615,ZAC0008531,28/03/2018 13:03,COMPLETE,31/03/2018 10:38,03/04/2018 12:51,04/04/2018,BULK20
ZA-00018616,ZAC0000930,28/03/2018 06:21,COMPLETE,01/04/2018 14:47,07/04/2018 14:42,04/04/2018,
ZA-00018617,ZAC0011031,28/03/2018 07:52,COMPLETE,30/03/2018 01:14,31/03/2018 15:43,03/04/2018,
ZA-00018618,ZAC0005921,28/03/2018 13:46,COMPLETE,31/03/2018 20:09,02/04/2018 16:45,07/04/2018,
ZA-00018619,ZAC0019363,28/03/2018 09:36,COMPLETE,28/03/2018 22:55,07/04/2018 17:57,04/04/2018,
ZA-00018620,ZAC0004083,28/03/2018 15:47,COMPLETE,30/03/2018 16:02,31/03/2018 21:11,03/04/2018,
ZA-00018621,ZAC0000241,28/03/2018 21:59,COMPLETE,31/03/2018 20:20,02/04/2018 06:39,04/04/2018,
ZA-00018622,ZAC0011242,28/03/2018 14:32,COMPLETE,30/03/2018 19:40,04/04/2018 06:08,02/04/2018,
ZA-00018623,ZAC0009973,28/03/2018 14:31,COMPLETE,30/03/2018 19:10,03/04/2018 13:02,04/04/2018,
ZA-00018624,ZAC0010233,28/03/2018 18:52,COMPLETE,29/03/2018 06:33,05/04/2018 00:41,03/04/2018,BULK20
ZA-00018625,ZAC0012880,28/03/2018 14:35,COMPLETE,30/03/2018 00:15,31/03/2018 05:20,03/04/2018,
ZA-00018626,ZAC0005599,28/03/2018 20:17,COMPLETE,31/03/2018 15:54,04/04/2018 12:13,07/04/2018,FREESHIP
ZA-00018627,ZAC0011815,28/03/2018 06:25,COMPLETE,31/03/2018 16:54,01/04/2018 19:57,04/04/2018,WELCOME10
ZA-00018628,ZAC0002997,28/03/2018 11:29,COMPLETE,30/03/2018 02:26,06/04/2018 06:01,06/04/2018,FLASH25
ZA-00018629,ZAC0007394,28/03/2018 11:02,COMPLETE,30/03/2018 08:12,05/04/2018 03:13,03/04/2018,
ZA-00018630,ZAC0014918,28/03/2018 17:20,COMPLETE,02/04/2018 19:15,04/04/2018 12:00,05/04/2018,FREESHIP
ZA-00018631,ZAC0016102,28/03/2018 12:43,COMPLETE,31/03/2018 03:22,12/04/2018 01:35,05/04/2018,
ZA-00018632,ZAC0014121,28/03/2018 06:44,COMPLETE,30/03/2018 05:16,01/04/2018 17:56,03/04/2018,FREESHIP
ZA-00018633,ZAC0019638,28/03/2018 15:33,COMPLETE,30/03/2018 23:44,03/04/2018 16:50,03/04/2018,
ZA-00018634,ZAC0007367,28/03/2018 19:32,COMPLETE,29/03/2018 11:53,31/03/2018 11:08,03/04/2018,
ZA-00018635,ZAC0015516,28/03/2018 07:32,COMPLETE,28/03/2018 15:53,04/04/2018 18:26,02/04/2018,
ZA-00018636,ZAC0015412,28/03/2018 21:00,COMPLETE,29/03/2018 06:01,03/04/2018 00:03,02/04/2018,
ZA-00018637,ZAC0014944,28/03/2018 08:36,COMPLETE,28/03/2018 22:41,03/04/2018 09:33,31/03/2018,
ZA-00018638,ZAC0007706,28/03/2018 08:57,COMPLETE,31/03/2018 18:24,06/04/2018 17:34,05/04/2018,FLASH25
ZA-00018639,ZAC0006907,28/03/2018 17:39,COMPLETE,28/03/2018 22:56,03/04/2018 10:58,02/04/2018,
ZA-00018640,ZAC0002549,29/03/2018 11:32,COMPLETE,04/04/2018 00:14,06/04/2018 18:13,08/04/2018,
ZA-00018641,ZAC0010712,29/03/2018 20:48,COMPLETE,03/04/2018 02:57,06/04/2018 00:30,10/04/2018,
ZA-00018642,ZAC0007065,29/03/2018 06:03,COMPLETE,30/03/2018 06:14,02/04/2018 20:45,03/04/2018,FREESHIP
ZA-00018643,ZAC0000534,29/03/2018 17:19,COMPLETE,30/03/2018 05:12,01/04/2018 13:25,03/04/2018,
ZA-00018644,ZAC0013179,29/03/2018 09:34,COMPLETE,31/03/2018 08:06,02/04/2018 05:58,04/04/2018,
ZA-00018645,ZAC0001530,29/03/2018 07:29,COMPLETE,06/04/2018 17:38,08/04/2018 13:22,10/04/2018,WELCOME10
ZA-00018646,ZAC0006863,29/03/2018 13:57,COMPLETE,30/03/2018 09:55,07/04/2018 06:15,03/04/2018,
ZA-00018647,ZAC0006955,29/03/2018 16:13,COMPLETE,01/04/2018 02:58,05/04/2018 09:43,05/04/2018,FREESHIP
ZA-00018648,ZAC0004048,29/03/2018 12:20,COMPLETE,30/03/2018 01:27,07/04/2018 20:54,03/04/2018,
ZA-00018649,ZAC0004450,29/03/2018 16:25,CANCELLED,,,,
ZA-00018650,ZAC0003949,29/03/2018 08:54,COMPLETE,31/03/2018 02:39,08/04/2018 00:32,05/04/2018,LOYAL5
ZA-00018651,ZAC0009177,29/03/2018 16:33,COMPLETE,02/04/2018 16:00,09/04/2018 02:16,07/04/2018,
ZA-00018652,ZAC0017586,29/03/2018 17:42,COMPLETE,03/04/2018 06:05,10/04/2018 03:29,08/04/2018,
ZA-00018653,ZAC0009674,29/03/2018 09:23,COMPLETE,31/03/2018 05:12,05/04/2018 09:26,07/04/2018,
ZA-00018654,ZAC0002182,29/03/2018 13:48,COMPLETE,01/04/2018 03:54,06/04/2018 09:10,06/04/2018,
ZA-00018655,ZAC0013259,29/03/2018 12:20,COMPLETE,31/03/2018 05:11,06/04/2018 16:35,03/04/2018,
ZA-00018656,ZAC0017299,29/03/2018 10:09,COMPLETE,30/03/2018 03:20,01/04/2018 07:47,06/04/2018,
ZA-00018657,ZAC0012313,29/03/2018 13:38,COMPLETE,30/03/2018 08:50,03/04/2018 11:33,02/04/2018,
ZA-00018658,ZAC0016914,29/03/2018 20:41,COMPLETE,01/04/2018 10:43,08/04/2018 04:03,06/04/2018,
ZA-00018659,ZAC0021296,29/03/2018 13:36,COMPLETE,31/03/2018 07:20,03/04/2018 02:42,10/04/2018,
ZA-00018660,ZAC0000023,29/03/2018 13:00,COMPLETE,31/03/2018 13:22,08/04/2018 04:25,05/04/2018,
ZA-00018661,ZAC0004299,29/03/2018 12:35,COMPLETE,02/04/2018 21:49,09/04/2018 09:56,06/04/2018,
ZA-00018662,ZAC0019796,29/03/2018 19:37,COMPLETE,06/04/2018 02:10,09/04/2018 04:03,10/04/2018,
ZA-00018663,ZAC0022109,29/03/2018 14:48,COMPLETE,30/03/2018 15:33,03/04/2018 16:37,03/04/2018,
ZA-00018664,ZAC0000716,29/03/2018 21:27,COMPLETE,30/03/2018 10:30,01/04/2018 09:36,02/04/2018,LOYAL5
ZA-00018665,ZAC0018393,29/03/2018 07:17,COMPLETE,01/04/2018 17:54,05/04/2018 07:38,05/04/2018,
ZA-00018666,ZAC0021627,29/03/2018 07:13,COMPLETE,31/03/2018 17:05,03/04/2018 20:23,03/04/2018,
ZA-00018667,ZAC0021531,29/03/2018 11:04,DISPATCHED,31/03/2018 20:53,,07/04/2018,
ZA-00018668,ZAC0023325,29/03/2018 16:55,COMPLETE,01/04/2018 20:49,06/04/2018 16:14,05/04/2018,LOYAL5
ZA-00018669,ZAC0004721,29/03/2018 17:59,COMPLETE,01/04/2018 08:37,06/04/2018 16:07,04/04/2018,FLASH25
ZA-00018670,ZAC0017785,29/03/2018 10:22,COMPLETE,31/03/2018 04:52,03/04/2018 20:48,03/04/2018,FREESHIP
ZA-00018671,ZAC0008527,29/03/2018 22:32,COMPLETE,31/03/2018 00:41,01/04/2018 15:55,10/04/2018,
ZA-00018672,ZAC0018270,29/03/2018 22:45,COMPLETE,02/04/2018 01:10,07/04/2018 11:27,05/04/2018,
ZA-00018673,ZAC0010123,29/03/2018 21:25,COMPLETE,29/03/2018 22:41,08/04/2018 00:39,05/04/2018,
ZA-00018674,ZAC0013962,29/03/2018 22:25,COMPLETE,02/04/2018 00:37,05/04/2018 04:50,06/04/2018,
ZA-00018675,ZAC0009472,29/03/2018 12:41,COMPLETE,01/04/2018 11:16,04/04/2018 06:39,06/04/2018,
ZA-00018676,ZAC0017642,29/03/2018 10:36,COMPLETE,30/03/2018 11:50,07/04/2018 15:52,06/04/2018,
ZA-00018677,ZAC0016625,29/03/2018 06:49,COMPLETE,30/03/2018 07:30,31/03/2018 01:33,03/04/2018,
ZA-00018678,ZAC0018983,29/03/2018 20:53,COMPLETE,04/04/2018 04:49,09/04/2018 01:32,07/04/2018,
ZA-00018679,ZAC0010079,29/03/2018 06:17,COMPLETE,02/04/2018 19:39,10/04/2018 08:33,09/04/2018,
ZA-00018680,ZAC0016500,29/03/2018 22:59,DISPATCHED,01/04/2018 01:45,,04/04/2018,WINTER15
ZA-00018681,ZAC0019991,29/03/2018 19:29,COMPLETE,02/04/2018 16:18,05/04/2018 06:19,07/04/2018,
ZA-00018682,ZAC0009694,29/03/2018 07:48,COMPLETE,30/03/2018 06:13,04/04/2018 12:32,02/04/2018,
ZA-00018683,ZAC0008805,29/03/2018 06:54,COMPLETE,29/03/2018 20:58,01/04/2018 16:44,03/04/2018,
ZA-00018684,ZAC0008071,29/03/2018 15:31,COMPLETE,31/03/2018 18:59,03/04/2018 21:33,03/04/2018,
ZA-00018685,ZAC0021874,29/03/2018 12:25,COMPLETE,01/04/2018 08:44,07/04/2018 01:17,06/04/2018,LOYAL5
ZA-00018686,ZAC0000910,29/03/2018 21:15,COMPLETE,02/04/2018 21:01,08/04/2018 08:06,05/04/2018,
ZA-00018687,ZAC0011281,29/03/2018 16:25,COMPLETE,30/03/2018 07:01,02/04/2018 21:21,06/04/2018,
ZA-00018688,ZAC0021601,29/03/2018 15:58,COMPLETE,02/04/2018 05:45,05/04/2018 04:08,06/04/2018,
ZA-00018689,ZAC0006910,29/03/2018 16:27,COMPLETE,01/04/2018 08:02,05/04/2018 06:56,04/04/2018,
ZA-00018690,ZAC0022033,29/03/2018 09:24,CANCELLED,,,,
ZA-00018691,ZAC0010058,29/03/2018 16:31,COMPLETE,02/04/2018 03:45,06/04/2018 08:31,07/04/2018,
ZA-00018692,ZAC0005772,29/03/2018 14:50,COMPLETE,02/04/2018 17:38,04/04/2018 00:15,06/04/2018,
ZA-00018693,ZAC0018411,29/03/2018 13:13,COMPLETE,31/03/2018 05:36,06/04/2018 22:29,03/04/2018,
ZA-00018694,ZAC0022369,29/03/2018 18:16,COMPLETE,30/03/2018 14:28,09/04/2018 03:58,02/04/2018,LOYAL5
ZA-00018695,ZAC0022184,29/03/2018 17:24,COMPLETE,01/04/2018 16:45,10/04/2018 21:02,05/04/2018,
ZA-00018696,ZAC0011414,29/03/2018 11:04,COMPLETE,31/03/2018 03:37,06/04/2018 01:54,07/04/2018,WELCOME10
ZA-00018697,ZAC0005873,29/03/2018 06:31,COMPLETE,29/03/2018 21:23,01/04/2018 11:49,02/04/2018,FREESHIP
ZA-00018698,ZAC0006926,29/03/2018 19:08,COMPLETE,30/03/2018 15:14,04/04/2018 02:08,04/04/2018,
ZA-00018699,ZAC0003370,29/03/2018 20:00,PENDING,,,,
ZA-00018700,ZAC0015840,29/03/2018 18:23,COMPLETE,30/03/2018 17:23,04/04/2018 21:32,04/04/2018,
ZA-00018701,ZAC0022609,29/03/2018 06:33,COMPLETE,01/04/2018 23:21,18/04/2018 03:01,06/04/2018,
ZA-00018702,ZAC0014918,29/03/2018 22:28,COMPLETE,01/04/2018 03:07,07/04/2018 23:01,04/04/2018,
ZA-00018703,ZAC0002062,29/03/2018 19:38,COMPLETE,02/04/2018 06:25,06/04/2018 09:43,07/04/2018,
ZA-00018704,ZAC0011323,29/03/2018 10:08,COMPLETE,04/04/2018 11:16,10/04/2018 08:14,09/04/2018,
ZA-00018705,ZAC0009186,29/03/2018 22:56,COMPLETE,30/03/2018 12:07,02/04/2018 23:05,06/04/2018,
ZA-00018706,ZAC0013113,29/03/2018 21:51,COMPLETE,30/03/2018 12:18,08/04/2018 14:16,04/04/2018,
ZA-00018707,ZAC0018879,29/03/2018 06:48,COMPLETE,29/03/2018 22:29,04/04/2018 12:51,01/04/2018,FREESHIP
ZA-00018708,ZAC0010887,29/03/2018 15:49,COMPLETE,31/03/2018 12:31,04/04/2018 10:15,05/04/2018,
ZA-00018709,ZAC0011486,30/03/2018 12:53,COMPLETE,31/03/2018 17:56,04/04/2018 14:12,03/04/2018,BULK20
ZA-00018710,ZAC0019993,30/03/2018 12:56,COMPLETE,31/03/2018 23:59,12/04/2018 08:39,04/04/2018,
ZA-00018711,ZAC0006603,30/03/2018 17:25,COMPLETE,01/04/2018 23:45,04/04/2018 11:20,05/04/2018,
ZA-00018712,ZAC0002690,30/03/2018 15:35,COMPLETE,02/04/2018 00:43,04/04/2018 09:39,09/04/2018,
ZA-00018713,ZAC0003525,30/03/2018 20:35,COMPLETE,01/04/2018 11:22,11/04/2018 23:37,11/04/2018,
ZA-00018714,ZAC0009018,30/03/2018 14:03,COMPLETE,02/04/2018 20:35,08/04/2018 04:18,07/04/2018,
ZA-00018715,ZAC0020687,30/03/2018 16:04,COMPLETE,01/04/2018 15:14,07/04/2018 13:29,05/04/2018,
ZA-00018716,ZAC0004111,30/03/2018 14:23,COMPLETE,31/03/2018 09:59,03/04/2018 07:06,04/04/2018,
ZA-00018717,ZAC0005037,30/03/2018 20:15,COMPLETE,31/03/2018 12:40,02/04/2018 09:30,07/04/2018,WINTER15
ZA-00018718,ZAC0021319,30/03/2018 17:04,COMPLETE,31/03/2018 21:41,03/04/2018 08:16,04/04/2018,
ZA-00018719,ZAC0015009,30/03/2018 12:10,COMPLETE,02/04/2018 17:14,03/04/2018 13:55,09/04/2018,FREESHIP
ZA-00018720,ZAC0016888,30/03/2018 19:02,COMPLETE,01/04/2018 02:51,04/04/2018 22:02,04/04/2018,
ZA-00018721,ZAC0023195,30/03/2018 15:40,COMPLETE,03/04/2018 03:00,10/04/2018 12:54,06/04/2018,BULK20
ZA-00018722,ZAC0004716,30/03/2018 20:18,COMPLETE,31/03/2018 14:27,07/04/2018 18:33,05/04/2018,
ZA-00018723,ZAC0011634,30/03/2018 12:34,COMPLETE,03/04/2018 16:43,08/04/2018 17:19,07/04/2018,
ZA-00018724,ZAC0000570,30/03/2018 16:03,RETURNED,01/04/2018 09:39,06/04/2018 02:12,04/04/2018,
ZA-00018725,ZAC0005868,30/03/2018 21:13,COMPLETE,03/04/2018 12:31,07/04/2018 10:53,13/04/2018,FREESHIP
ZA-00018726,ZAC0014552,30/03/2018 20:43,COMPLETE,01/04/2018 12:16,08/04/2018 17:21,04/04/2018,
ZA-00018727,ZAC0013708,30/03/2018 06:21,CANCELLED,,,,
ZA-00018728,ZAC0009140,30/03/2018 14:07,COMPLETE,02/04/2018 16:56,08/04/2018 05:03,06/04/2018,FREESHIP
ZA-00018729,ZAC0019001,30/03/2018 17:25,COMPLETE,31/03/2018 09:23,08/04/2018 16:32,05/04/2018,
ZA-00018730,ZAC0017704,30/03/2018 17:32,COMPLETE,31/03/2018 14:44,05/04/2018 01:25,03/04/2018,
ZA-00018731,ZAC0010669,30/03/2018 14:46,COMPLETE,31/03/2018 16:19,03/04/2018 07:32,05/04/2018,
ZA-00018732,ZAC0005373,30/03/2018 08:50,COMPLETE,31/03/2018 10:57,03/04/2018 19:53,03/04/2018,WINTER15
ZA-00018733,ZAC0015765,30/03/2018 21:41,COMPLETE,01/04/2018 16:38,09/04/2018 04:39,06/04/2018,BULK20
ZA-00018734,ZAC0003926,30/03/2018 11:43,COMPLETE,01/04/2018 09:16,03/04/2018 07:39,06/04/2018,
ZA-00018735,ZAC0018967,30/03/2018 19:22,COMPLETE,03/04/2018 10:26,04/04/2018 08:19,10/04/2018,
ZA-00018736,ZAC0009999,30/03/2018 16:26,COMPLETE,31/03/2018 20:27,02/04/2018 15:21,04/04/2018,
ZA-00018737,ZAC0001293,30/03/2018 06:16,COMPLETE,02/04/2018 06:22,03/04/2018 11:45,06/04/2018,
ZA-00018738,ZAC0000890,30/03/2018 18:17,COMPLETE,31/03/2018 07:06,05/04/2018 14:00,05/04/2018,
ZA-00018739,ZAC0023202,30/03/2018 13:06,COMPLETE,02/04/2018 10:58,10/04/2018 17:51,09/04/2018,
ZA-00018740,ZAC0003240,30/03/2018 18:06,COMPLETE,03/04/2018 06:21,05/04/2018 08:34,06/04/2018,
ZA-00018741,ZAC0016099,30/03/2018 22:33,COMPLETE,02/04/2018 08:12,09/04/2018 06:30,06/04/2018,
ZA-00018742,ZAC0018887,30/03/2018 20:21,COMPLETE,01/04/2018 03:03,12/04/2018 05:18,06/04/2018,LOYAL5
ZA-00018743,ZAC0003464,30/03/2018 09:06,COMPLETE,02/04/2018 19:48,03/04/2018 13:48,05/04/2018,WELCOME10
ZA-00018744,ZAC0018055,30/03/2018 22:12,COMPLETE,31/03/2018 03:04,01/04/2018 18:57,03/04/2018,LOYAL5
ZA-00018745,ZAC0017277,30/03/2018 07:17,COMPLETE,04/04/2018 14:02,11/04/2018 20:31,07/04/2018,
ZA-00018746,ZAC0018181,30/03/2018 10:46,COMPLETE,03/04/2018 17:38,08/04/2018 17:41,08/04/2018,
ZA-00018747,ZAC0005462,30/03/2018 14:43,COMPLETE,31/03/2018 00:10,02/04/2018 23:01,07/04/2018,
ZA-00018748,ZAC0007294,30/03/2018 21:01,COMPLETE,02/04/2018 23:05,04/04/2018 12:02,09/04/2018,
ZA-00018749,ZAC0009965,30/03/2018 22:58,COMPLETE,01/04/2018 17:10,05/04/2018 18:14,04/04/2018,
ZA-00018750,ZAC0021466,30/03/2018 21:57,COMPLETE,01/04/2018 09:49,04/04/2018 08:58,05/04/2018,BULK20
ZA-00018751,ZAC0016490,30/03/2018 18:19,COMPLETE,01/04/2018 22:49,04/04/2018 19:27,11/04/2018,
ZA-00018752,ZAC0016602,30/03/2018 22:44,COMPLETE,01/04/2018 19:16,03/04/2018 13:33,08/04/2018,
ZA-00018753,ZAC0006952,30/03/2018 18:44,COMPLETE,03/04/2018 22:01,05/04/2018 21:13,13/04/2018,BULK20
ZA-00018754,ZAC0004141,30/03/2018 07:05,COMPLETE,31/03/2018 00:43,05/04/2018 09:52,04/04/2018,
ZA-00018755,ZAC0014398,30/03/2018 13:12,COMPLETE,04/04/2018 16:49,06/04/2018 08:44,09/04/2018,BULK20
ZA-00018756,ZAC0014131,30/03/2018 22:31,COMPLETE,31/03/2018 09:24,07/04/2018 15:30,07/04/2018,
ZA-00018757,ZAC0023010,30/03/2018 12:07,CANCELLED,,,,
ZA-00018758,ZAC0022065,30/03/2018 16:54,COMPLETE,01/04/2018 23:59,05/04/2018 02:29,06/04/2018,
ZA-00018759,ZAC0018512,30/03/2018 15:13,COMPLETE,05/04/2018 07:20,12/04/2018 23:39,09/04/2018,
ZA-00018760,ZAC0019707,30/03/2018 13:18,COMPLETE,31/03/2018 06:41,02/04/2018 21:05,07/04/2018,
ZA-00018761,ZAC0015874,30/03/2018 08:16,RETURNED,31/03/2018 22:48,04/04/2018 14:34,07/04/2018,
ZA-00018762,ZAC0017592,30/03/2018 16:23,COMPLETE,01/04/2018 06:38,03/04/2018 19:13,06/04/2018,BULK20
ZA-00018763,ZAC0002063,30/03/2018 15:42,COMPLETE,31/03/2018 13:54,02/04/2018 16:16,07/04/2018,
ZA-00018764,ZAC0014896,30/03/2018 08:30,COMPLETE,31/03/2018 01:24,04/04/2018 00:25,04/04/2018,
ZA-00018765,ZAC0013827,30/03/2018 17:46,COMPLETE,04/04/2018 21:24,05/04/2018 18:38,11/04/2018,
ZA-00018766,ZAC0002724,30/03/2018 19:41,COMPLETE,02/04/2018 00:30,06/04/2018 09:48,06/04/2018,
ZA-00018767,ZAC0000464,30/03/2018 17:09,COMPLETE,31/03/2018 22:09,04/04/2018 00:33,05/04/2018,
ZA-00018768,ZAC0010985,30/03/2018 06:13,COMPLETE,02/04/2018 11:42,07/04/2018 06:51,09/04/2018,
ZA-00018769,ZAC0005468,30/03/2018 15:28,COMPLETE,02/04/2018 00:13,04/04/2018 14:33,05/04/2018,
ZA-00018770,ZAC0020126,30/03/2018 21:58,COMPLETE,01/04/2018 23:34,02/04/2018 22:25,04/04/2018,WINTER15
ZA-00018771,ZAC0010333,30/03/2018 18:17,COMPLETE,01/04/2018 00:21,03/04/2018 02:09,08/04/2018,WINTER15
ZA-00018772,ZAC0005412,30/03/2018 06:34,COMPLETE,30/03/2018 20:32,08/04/2018 05:23,09/04/2018,
ZA-00018773,ZAC0013173,30/03/2018 17:19,COMPLETE,08/04/2018 15:16,08/04/2018 20:51,13/04/2018,
ZA-00018774,ZAC0018548,31/03/2018 22:19,RETURNED,03/04/2018 17:00,06/04/2018 22:26,07/04/2018,LOYAL5
ZA-00018775,ZAC0003340,31/03/2018 09:12,COMPLETE,01/04/2018 15:28,09/04/2018 03:43,08/04/2018,
ZA-00018776,ZAC0014004,31/03/2018 13:35,COMPLETE,03/04/2018 00:51,08/04/2018 19:51,13/04/2018,
ZA-00018777,ZAC0014647,31/03/2018 12:19,COMPLETE,02/04/2018 15:13,04/04/2018 19:56,05/04/2018,
ZA-00018778,ZAC0009082,31/03/2018 18:06,CANCELLED,,,,
ZA-00018779,ZAC0001564,31/03/2018 17:17,COMPLETE,04/04/2018 07:47,06/04/2018 20:26,07/04/2018,
ZA-00018780,ZAC0017515,31/03/2018 06:04,COMPLETE,02/04/2018 18:11,09/04/2018 08:00,06/04/2018,
ZA-00018781,ZAC0012847,31/03/2018 16:13,COMPLETE,02/04/2018 03:19,05/04/2018 08:00,06/04/2018,
ZA-00018782,ZAC0006908,31/03/2018 17:39,RETURNED,02/04/2018 03:43,03/04/2018 13:50,06/04/2018,
ZA-00018783,ZAC0004764,31/03/2018 07:09,COMPLETE,31/03/2018 14:12,01/04/2018 19:20,04/04/2018,
ZA-00018784,ZAC0013029,31/03/2018 11:19,COMPLETE,01/04/2018 18:53,05/04/2018 21:27,11/04/2018,
ZA-00018785,ZAC0000449,31/03/2018 13:24,COMPLETE,01/04/2018 21:38,05/04/2018 03:26,05/04/2018,
ZA-00018786,ZAC0001832,31/03/2018 21:55,COMPLETE,02/04/2018 00:04,03/04/2018 03:23,07/04/2018,
ZA-00018787,ZAC0003019,31/03/2018 15:25,COMPLETE,03/04/2018 08:30,12/04/2018 09:03,06/04/2018,
ZA-00018788,ZAC0016555,31/03/2018 20:34,COMPLETE,08/04/2018 09:14,18/04/2018 22:10,15/04/2018,
ZA-00018789,ZAC0019119,31/03/2018 21:30,COMPLETE,06/04/2018 09:20,10/04/2018 04:02,09/04/2018,BULK20
ZA-00018790,ZAC0013044,31/03/2018 21:18,COMPLETE,03/04/2018 15:51,11/04/2018 20:42,07/04/2018,
ZA-00018791,ZAC0003662,31/03/2018 06:15,COMPLETE,02/04/2018 03:22,07/04/2018 14:05,09/04/2018,
ZA-00018792,ZAC0014019,31/03/2018 09:07,COMPLETE,02/04/2018 01:13,09/04/2018 16:26,06/04/2018,
ZA-00018793,ZAC0022896,31/03/2018 11:55,COMPLETE,04/04/2018 00:51,11/04/2018 17:40,07/04/2018,
ZA-00018794,ZAC0012321,31/03/2018 13:44,COMPLETE,01/04/2018 21:31,04/04/2018 11:14,08/04/2018,
ZA-00018795,ZAC0020111,31/03/2018 11:53,COMPLETE,05/04/2018 10:17,09/04/2018 10:13,08/04/2018,
ZA-00018796,ZAC0014723,31/03/2018 12:14,COMPLETE,03/04/2018 13:43,04/04/2018 10:55,10/04/2018,
ZA-00018797,ZAC0010961,31/03/2018 18:24,CANCELLED,,,,WINTER15
ZA-00018798,ZAC0003444,31/03/2018 09:27,COMPLETE,05/04/2018 11:50,10/04/2018 12:18,09/04/2018,WINTER15
ZA-00018799,ZAC0009780,31/03/2018 12:39,COMPLETE,04/04/2018 00:31,06/04/2018 11:11,08/04/2018,
ZA-00018800,ZAC0019481,31/03/2018 06:49,DISPATCHED,01/04/2018 06:33,,05/04/2018,
ZA-00018801,ZAC0015522,31/03/2018 10:12,COMPLETE,01/04/2018 11:43,11/04/2018 10:59,11/04/2018,
ZA-00018802,ZAC0003899,31/03/2018 20:00,COMPLETE,03/04/2018 03:09,08/04/2018 10:26,06/04/2018,
ZA-00018803,ZAC0023787,31/03/2018 19:38,COMPLETE,03/04/2018 07:00,10/04/2018 11:12,06/04/2018,
ZA-00018804,ZAC0016815,31/03/2018 12:52,COMPLETE,03/04/2018 01:36,13/04/2018 09:41,07/04/2018,
ZA-00018805,ZAC0016291,31/03/2018 13:07,COMPLETE,01/04/2018 13:06,08/04/2018 23:22,05/04/2018,
ZA-00018806,ZAC0016468,31/03/2018 19:05,CANCELLED,,,,
ZA-00018807,ZAC0015081,31/03/2018 14:37,COMPLETE,02/04/2018 07:03,09/04/2018 08:25,07/04/2018,
ZA-00018808,ZAC0016078,31/03/2018 16:29,COMPLETE,02/04/2018 07:47,10/04/2018 11:10,05/04/2018,
ZA-00018809,ZAC0003613,31/03/2018 14:38,COMPLETE,01/04/2018 18:56,05/04/2018 00:41,05/04/2018,
ZA-00018810,ZAC0013163,31/03/2018 06:51,COMPLETE,02/04/2018 09:12,07/04/2018 04:49,06/04/2018,
ZA-00018811,ZAC0003869,31/03/2018 17:02,COMPLETE,01/04/2018 06:44,08/04/2018 10:37,06/04/2018,
ZA-00018812,ZAC0023226,31/03/2018 15:47,COMPLETE,03/04/2018 05:33,09/04/2018 11:42,08/04/2018,WELCOME10
ZA-00018813,ZAC0017606,31/03/2018 08:15,COMPLETE,06/04/2018 05:25,19/04/2018 10:39,10/04/2018,
ZA-00018814,ZAC0007732,31/03/2018 13:17,COMPLETE,02/04/2018 13:32,05/04/2018 10:30,09/04/2018,
ZA-00018815,ZAC0004625,31/03/2018 22:28,COMPLETE,08/04/2018 03:49,10/04/2018 23:12,11/04/2018,
ZA-00018816,ZAC0020384,31/03/2018 14:18,COMPLETE,02/04/2018 17:08,04/04/2018 12:18,06/04/2018,
ZA-00018817,ZAC0012932,31/03/2018 07:09,PENDING,,,,
ZA-00018818,ZAC0011413,31/03/2018 17:47,CANCELLED,,,,
ZA-00018819,ZAC0001027,31/03/2018 09:47,COMPLETE,01/04/2018 21:51,09/04/2018 21:33,04/04/2018,WELCOME10
ZA-00018820,ZAC0019811,31/03/2018 13:29,COMPLETE,06/04/2018 08:45,12/04/2018 04:40,10/04/2018,
ZA-00018821,ZAC0007400,31/03/2018 11:03,COMPLETE,04/04/2018 21:09,12/04/2018 18:47,08/04/2018,
ZA-00018822,ZAC0012268,31/03/2018 17:32,COMPLETE,04/04/2018 23:24,07/04/2018 17:18,09/04/2018,
ZA-00018823,ZAC0000311,31/03/2018 11:00,COMPLETE,04/04/2018 01:49,08/04/2018 10:34,09/04/2018,FREESHIP
ZA-00018824,ZAC0023275,31/03/2018 14:45,COMPLETE,01/04/2018 06:11,10/04/2018 08:50,04/04/2018,
ZA-00018825,ZAC0015907,31/03/2018 06:32,COMPLETE,31/03/2018 19:24,01/04/2018 13:32,05/04/2018,
ZA-00018826,ZAC0009563,31/03/2018 22:34,COMPLETE,02/04/2018 14:55,09/04/2018 09:52,07/04/2018,
ZA-00018827,ZAC0018701,31/03/2018 12:16,COMPLETE,05/04/2018 15:25,08/04/2018 07:11,10/04/2018,
ZA-00018828,ZAC0010311,31/03/2018 06:50,COMPLETE,01/04/2018 18:07,05/04/2018 06:57,05/04/2018,
ZA-00018829,ZAC0012040,31/03/2018 10:53,COMPLETE,01/04/2018 22:30,11/04/2018 14:57,05/04/2018,BULK20
ZA-00018830,ZAC0018982,31/03/2018 21:55,COMPLETE,04/04/2018 12:39,09/04/2018 16:02,09/04/2018,FREESHIP
ZA-00018831,ZAC0015238,31/03/2018 11:17,COMPLETE,03/04/2018 21:05,11/04/2018 00:52,07/04/2018,
ZA-00018832,ZAC0016818,31/03/2018 11:48,COMPLETE,02/04/2018 13:14,06/04/2018 06:52,06/04/2018,FREESHIP
ZA-00018833,ZAC0015452,31/03/2018 08:50,COMPLETE,03/04/2018 00:49,13/04/2018 12:14,10/04/2018,
ZA-00018834,ZAC0018924,31/03/2018 13:34,COMPLETE,06/04/2018 06:10,14/04/2018 02:58,10/04/2018,FREESHIP
ZA-00018835,ZAC0021989,31/03/2018 14:11,COMPLETE,02/04/2018 14:06,04/04/2018 04:20,05/04/2018,
ZA-00018836,ZAC0004682,31/03/2018 10:31,COMPLETE,01/04/2018 10:43,08/04/2018 00:37,04/04/2018,BULK20
ZA-00018837,ZAC0009594,31/03/2018 09:43,COMPLETE,02/04/2018 16:20,11/04/2018 08:20,06/04/2018,FREESHIP
ZA-00018838,ZAC0005315,31/03/2018 20:47,COMPLETE,01/04/2018 22:13,10/04/2018 17:36,05/04/2018,
