ord_ref,buyer_ref,ord_dt,ord_state,dispatch_dt,received_dt,promised_dt
ZA-00006315,ZAC0015373,01/09/2017 11:10,COMPLETE,01/09/2017 21:24,04/09/2017 15:14,04/09/2017
ZA-00006316,ZAC0015116,01/09/2017 17:38,COMPLETE,02/09/2017 08:16,04/09/2017 13:22,05/09/2017
ZA-00006317,ZAC0014490,01/09/2017 06:10,COMPLETE,08/09/2017 23:22,13/09/2017 20:12,11/09/2017
ZA-00006318,ZAC0017191,01/09/2017 15:24,COMPLETE,02/09/2017 06:34,06/09/2017 02:43,06/09/2017
ZA-00006319,ZAC0004651,01/09/2017 12:59,COMPLETE,02/09/2017 00:36,05/09/2017 13:57,05/09/2017
ZA-00006320,ZAC0016687,01/09/2017 13:45,COMPLETE,03/09/2017 04:07,07/09/2017 06:00,07/09/2017
ZA-00006321,ZAC0002269,01/09/2017 12:11,COMPLETE,02/09/2017 08:17,05/09/2017 01:13,05/09/2017
ZA-00006322,ZAC0007838,01/09/2017 09:13,COMPLETE,03/09/2017 12:50,05/09/2017 17:23,06/09/2017
ZA-00006323,ZAC0004838,01/09/2017 10:27,COMPLETE,06/09/2017 03:33,08/09/2017 10:19,09/09/2017
ZA-00006324,ZAC0004792,01/09/2017 21:52,COMPLETE,05/09/2017 00:27,09/09/2017 10:07,08/09/2017
ZA-00006325,ZAC0021895,01/09/2017 18:57,COMPLETE,05/09/2017 02:49,06/09/2017 18:19,10/09/2017
ZA-00006326,ZAC0016606,01/09/2017 14:47,COMPLETE,02/09/2017 13:24,03/09/2017 03:43,05/09/2017
ZA-00006327,ZAC0011620,01/09/2017 22:12,COMPLETE,02/09/2017 03:11,07/09/2017 22:07,06/09/2017
ZA-00006328,ZAC0011522,01/09/2017 11:37,COMPLETE,03/09/2017 14:42,07/09/2017 10:45,07/09/2017
ZA-00006329,ZAC0003754,01/09/2017 06:30,COMPLETE,02/09/2017 12:12,08/09/2017 13:35,07/09/2017
ZA-00006330,ZAC0020228,01/09/2017 13:42,COMPLETE,07/09/2017 12:43,11/09/2017 10:29,11/09/2017
ZA-00006331,ZAC0000779,01/09/2017 10:24,COMPLETE,03/09/2017 08:22,10/09/2017 14:50,08/09/2017
ZA-00006332,ZAC0014215,01/09/2017 21:49,COMPLETE,04/09/2017 15:10,11/09/2017 00:35,08/09/2017
ZA-00006333,ZAC0007361,01/09/2017 08:59,COMPLETE,05/09/2017 03:30,11/09/2017 13:50,08/09/2017
ZA-00006334,ZAC0006213,01/09/2017 06:14,COMPLETE,04/09/2017 07:06,09/09/2017 08:26,09/09/2017
ZA-00006335,ZAC0021949,01/09/2017 22:18,DISPATCHED,05/09/2017 09:10,,09/09/2017
ZA-00006336,ZAC0020270,01/09/2017 21:01,COMPLETE,05/09/2017 20:09,09/09/2017 13:41,12/09/2017
ZA-00006337,ZAC0023129,01/09/2017 16:18,COMPLETE,03/09/2017 03:01,06/09/2017 12:50,06/09/2017
ZA-00006338,ZAC0002964,01/09/2017 12:42,COMPLETE,01/09/2017 22:32,09/09/2017 23:45,04/09/2017
ZA-00006339,ZAC0014633,01/09/2017 08:42,COMPLETE,01/09/2017 20:48,04/09/2017 16:06,06/09/2017
ZA-00006340,ZAC0015457,01/09/2017 06:34,COMPLETE,02/09/2017 14:41,07/09/2017 12:24,06/09/2017
ZA-00006341,ZAC0023062,01/09/2017 18:50,COMPLETE,05/09/2017 01:44,10/09/2017 18:17,09/09/2017
ZA-00006342,ZAC0011774,01/09/2017 12:57,COMPLETE,03/09/2017 13:11,04/09/2017 19:51,07/09/2017
ZA-00006343,ZAC0016807,01/09/2017 22:16,COMPLETE,02/09/2017 22:09,03/09/2017 22:21,12/09/2017
ZA-00006344,ZAC0018973,01/09/2017 21:32,COMPLETE,02/09/2017 21:57,09/09/2017 01:38,07/09/2017
ZA-00006345,ZAC0016785,01/09/2017 09:52,COMPLETE,01/09/2017 15:33,04/09/2017 18:37,06/09/2017
ZA-00006346,ZAC0023488,01/09/2017 11:59,COMPLETE,02/09/2017 15:45,06/09/2017 14:10,05/09/2017
ZA-00006347,ZAC0002899,01/09/2017 10:44,COMPLETE,01/09/2017 21:12,08/09/2017 13:16,08/09/2017
ZA-00006348,ZAC0004896,01/09/2017 11:20,COMPLETE,03/09/2017 00:15,06/09/2017 12:12,06/09/2017
ZA-00006349,ZAC0016078,01/09/2017 22:24,COMPLETE,05/09/2017 05:08,08/09/2017 22:40,09/09/2017
ZA-00006350,ZAC0003394,01/09/2017 19:07,COMPLETE,02/09/2017 20:34,05/09/2017 00:45,09/09/2017
ZA-00006351,ZAC0022311,01/09/2017 21:44,COMPLETE,03/09/2017 11:22,04/09/2017 22:06,13/09/2017
ZA-00006352,ZAC0021273,01/09/2017 11:51,COMPLETE,04/09/2017 09:14,08/09/2017 22:48,07/09/2017
ZA-00006353,ZAC0010120,01/09/2017 17:00,COMPLETE,02/09/2017 15:17,07/09/2017 03:55,07/09/2017
ZA-00006354,ZAC0015831,01/09/2017 22:46,COMPLETE,03/09/2017 10:34,07/09/2017 03:42,07/09/2017
ZA-00006355,ZAC0016932,01/09/2017 10:39,COMPLETE,02/09/2017 07:30,06/09/2017 13:48,07/09/2017
ZA-00006356,ZAC0022956,01/09/2017 19:50,RETURNED,03/09/2017 17:03,06/09/2017 21:35,07/09/2017
ZA-00006357,ZAC0011891,01/09/2017 15:05,COMPLETE,04/09/2017 06:10,13/09/2017 22:10,09/09/2017
ZA-00006358,ZAC0011015,01/09/2017 14:23,COMPLETE,02/09/2017 21:41,05/09/2017 22:31,06/09/2017
ZA-00006359,ZAC0012488,01/09/2017 11:39,COMPLETE,03/09/2017 20:02,08/09/2017 16:05,07/09/2017
ZA-00006360,ZAC0009171,01/09/2017 10:42,COMPLETE,04/09/2017 06:53,13/09/2017 16:28,07/09/2017
ZA-00006361,ZAC0019435,01/09/2017 22:50,COMPLETE,03/09/2017 06:27,17/09/2017 00:39,07/09/2017
ZA-00006362,ZAC0007012,01/09/2017 11:38,COMPLETE,04/09/2017 15:57,08/09/2017 13:30,08/09/2017
ZA-00006363,ZAC0012337,01/09/2017 13:16,COMPLETE,04/09/2017 13:18,11/09/2017 14:38,14/09/2017
ZA-00006364,ZAC0019623,02/09/2017 10:54,COMPLETE,03/09/2017 20:41,12/09/2017 16:48,13/09/2017
ZA-00006365,ZAC0019673,02/09/2017 15:18,COMPLETE,03/09/2017 03:30,03/09/2017 10:24,13/09/2017
ZA-00006366,ZAC0006355,02/09/2017 10:08,COMPLETE,05/09/2017 17:36,10/09/2017 00:36,12/09/2017
ZA-00006367,ZAC0019717,02/09/2017 14:41,COMPLETE,03/09/2017 09:41,05/09/2017 03:36,07/09/2017
ZA-00006368,ZAC0009860,02/09/2017 08:09,COMPLETE,02/09/2017 19:21,06/09/2017 21:48,07/09/2017
ZA-00006369,ZAC0005822,02/09/2017 19:16,COMPLETE,04/09/2017 21:37,05/09/2017 18:51,07/09/2017
ZA-00006370,ZAC0023385,02/09/2017 15:18,COMPLETE,04/09/2017 07:43,08/09/2017 11:11,08/09/2017
ZA-00006371,ZAC0007154,02/09/2017 21:16,RETURNED,04/09/2017 01:22,07/09/2017 12:13,11/09/2017
ZA-00006372,ZAC0004341,02/09/2017 13:38,COMPLETE,06/09/2017 09:24,13/09/2017 10:37,09/09/2017
ZA-00006373,ZAC0022606,02/09/2017 13:21,COMPLETE,04/09/2017 02:22,07/09/2017 13:17,07/09/2017
ZA-00006374,ZAC0012403,02/09/2017 22:40,COMPLETE,03/09/2017 12:02,05/09/2017 01:34,07/09/2017
ZA-00006375,ZAC0015515,02/09/2017 08:50,COMPLETE,05/09/2017 16:42,10/09/2017 07:03,15/09/2017
ZA-00006376,ZAC0000214,02/09/2017 12:05,COMPLETE,05/09/2017 08:00,05/09/2017 22:44,10/09/2017
ZA-00006377,ZAC0020508,02/09/2017 14:21,COMPLETE,04/09/2017 22:34,12/09/2017 08:53,08/09/2017
ZA-00006378,ZAC0000150,02/09/2017 15:13,COMPLETE,03/09/2017 18:12,06/09/2017 05:57,06/09/2017
ZA-00006379,ZAC0019145,02/09/2017 15:38,COMPLETE,03/09/2017 22:22,06/09/2017 11:04,08/09/2017
ZA-00006380,ZAC0007899,02/09/2017 20:35,COMPLETE,04/09/2017 10:56,09/09/2017 06:14,11/09/2017
ZA-00006381,ZAC0007036,02/09/2017 20:02,COMPLETE,04/09/2017 00:08,08/09/2017 00:22,09/09/2017
ZA-00006382,ZAC0003190,02/09/2017 06:20,COMPLETE,03/09/2017 11:53,10/09/2017 22:41,08/09/2017
ZA-00006383,ZAC0006534,02/09/2017 16:30,DISPATCHED,04/09/2017 21:42,,11/09/2017
ZA-00006384,ZAC0006253,02/09/2017 18:52,COMPLETE,03/09/2017 20:31,09/09/2017 01:31,07/09/2017
ZA-00006385,ZAC0022646,02/09/2017 08:07,COMPLETE,03/09/2017 04:28,11/09/2017 18:25,07/09/2017
ZA-00006386,ZAC0019135,02/09/2017 15:53,COMPLETE,03/09/2017 03:35,05/09/2017 17:44,07/09/2017
ZA-00006387,ZAC0007940,02/09/2017 09:17,COMPLETE,03/09/2017 05:04,10/09/2017 02:45,07/09/2017
ZA-00006388,ZAC0014348,02/09/2017 11:15,COMPLETE,02/09/2017 20:15,05/09/2017 07:44,06/09/2017
ZA-00006389,ZAC0002982,02/09/2017 13:38,COMPLETE,03/09/2017 14:01,11/09/2017 14:37,13/09/2017
ZA-00006390,ZAC0021420,02/09/2017 06:09,COMPLETE,02/09/2017 21:48,08/09/2017 08:15,09/09/2017
ZA-00006391,ZAC0008124,02/09/2017 11:00,COMPLETE,03/09/2017 04:44,04/09/2017 09:19,07/09/2017
ZA-00006392,ZAC0013664,02/09/2017 20:34,COMPLETE,07/09/2017 19:19,10/09/2017 12:29,10/09/2017
ZA-00006393,ZAC0002763,02/09/2017 09:11,COMPLETE,03/09/2017 05:52,04/09/2017 02:59,07/09/2017
ZA-00006394,ZAC0023025,02/09/2017 22:03,COMPLETE,06/09/2017 00:33,10/09/2017 18:38,13/09/2017
ZA-00006395,ZAC0016911,02/09/2017 08:00,COMPLETE,03/09/2017 21:48,05/09/2017 19:32,07/09/2017
ZA-00006396,ZAC0004923,02/09/2017 19:46,COMPLETE,04/09/2017 00:03,12/09/2017 17:07,11/09/2017
ZA-00006397,ZAC0018367,02/09/2017 15:40,COMPLETE,04/09/2017 15:37,07/09/2017 11:58,11/09/2017
ZA-00006398,ZAC0015895,02/09/2017 17:43,COMPLETE,03/09/2017 16:04,12/09/2017 08:31,13/09/2017
ZA-00006399,ZAC0012528,02/09/2017 12:20,COMPLETE,06/09/2017 05:38,09/09/2017 22:25,10/09/2017
ZA-00006400,ZAC0009115,02/09/2017 08:29,COMPLETE,04/09/2017 19:53,07/09/2017 01:41,11/09/2017
ZA-00006401,ZAC0016746,02/09/2017 11:19,COMPLETE,05/09/2017 16:05,14/09/2017 08:37,15/09/2017
ZA-00006402,ZAC0007617,02/09/2017 15:00,COMPLETE,03/09/2017 12:27,07/09/2017 20:03,07/09/2017
ZA-00006403,ZAC0018427,02/09/2017 19:26,CANCELLED,,,
ZA-00006404,ZAC0010506,02/09/2017 14:52,PENDING,,,
ZA-00006405,ZAC0022709,02/09/2017 19:15,RETURNED,05/09/2017 12:54,08/09/2017 03:51,10/09/2017
ZA-00006406,ZAC0014331,02/09/2017 09:26,COMPLETE,03/09/2017 11:01,08/09/2017 15:22,08/09/2017
ZA-00006407,ZAC0023349,02/09/2017 21:47,COMPLETE,04/09/2017 18:11,09/09/2017 00:29,11/09/2017
ZA-00006408,ZAC0016509,03/09/2017 13:34,COMPLETE,07/09/2017 03:39,12/09/2017 23:02,11/09/2017
ZA-00006409,ZAC0012284,03/09/2017 13:03,COMPLETE,04/09/2017 04:18,08/09/2017 18:48,14/09/2017
ZA-00006410,ZAC0011433,03/09/2017 12:00,CANCELLED,,,
ZA-00006411,ZAC0005816,03/09/2017 20:39,COMPLETE,05/09/2017 09:13,07/09/2017 19:28,10/09/2017
ZA-00006412,ZAC0001878,03/09/2017 07:48,COMPLETE,05/09/2017 20:56,09/09/2017 08:28,09/09/2017
ZA-00006413,ZAC0011626,03/09/2017 21:51,COMPLETE,05/09/2017 18:08,07/09/2017 11:10,08/09/2017
ZA-00006414,ZAC0021083,03/09/2017 10:23,COMPLETE,06/09/2017 21:53,10/09/2017 15:03,11/09/2017
ZA-00006415,ZAC0009589,03/09/2017 21:47,COMPLETE,04/09/2017 02:47,05/09/2017 03:46,08/09/2017
ZA-00006416,ZAC0014408,03/09/2017 17:37,CANCELLED,,,
ZA-00006417,ZAC0008529,03/09/2017 06:44,CANCELLED,,,
ZA-00006418,ZAC0004501,03/09/2017 06:16,COMPLETE,06/09/2017 13:31,16/09/2017 14:19,09/09/2017
ZA-00006419,ZAC0018790,03/09/2017 17:40,COMPLETE,05/09/2017 12:43,08/09/2017 04:33,08/09/2017
ZA-00006420,ZAC0022366,03/09/2017 12:54,COMPLETE,04/09/2017 14:19,08/09/2017 18:51,11/09/2017
ZA-00006421,ZAC0009957,03/09/2017 13:54,COMPLETE,03/09/2017 19:52,05/09/2017 12:28,07/09/2017
ZA-00006422,ZAC0006522,03/09/2017 07:24,COMPLETE,04/09/2017 10:00,06/09/2017 20:40,08/09/2017
ZA-00006423,ZAC0021712,03/09/2017 07:09,COMPLETE,04/09/2017 15:23,05/09/2017 10:59,08/09/2017
ZA-00006424,ZAC0014420,03/09/2017 18:13,COMPLETE,05/09/2017 12:57,07/09/2017 10:11,12/09/2017
ZA-00006425,ZAC0023193,03/09/2017 09:56,COMPLETE,06/09/2017 17:50,08/09/2017 18:10,13/09/2017
ZA-00006426,ZAC0016105,03/09/2017 16:05,COMPLETE,10/09/2017 17:01,12/09/2017 14:13,15/09/2017
ZA-00006427,ZAC0006621,03/09/2017 06:35,COMPLETE,06/09/2017 01:26,06/09/2017 23:27,09/09/2017
ZA-00006428,ZAC0009040,03/09/2017 19:11,COMPLETE,04/09/2017 17:48,10/09/2017 01:31,09/09/2017
ZA-00006429,ZAC0008436,03/09/2017 10:10,COMPLETE,08/09/2017 12:14,09/09/2017 12:36,12/09/2017
ZA-00006430,ZAC0015717,03/09/2017 13:38,RETURNED,04/09/2017 12:03,05/09/2017 22:36,07/09/2017
ZA-00006431,ZAC0004421,03/09/2017 13:16,CANCELLED,,,
ZA-00006432,ZAC0023179,03/09/2017 06:59,COMPLETE,03/09/2017 09:11,06/09/2017 20:59,10/09/2017
ZA-00006433,ZAC0009516,03/09/2017 13:38,COMPLETE,05/09/2017 00:00,09/09/2017 16:29,15/09/2017
ZA-00006434,ZAC0017800,03/09/2017 12:45,COMPLETE,05/09/2017 04:32,07/09/2017 09:18,12/09/2017
ZA-00006435,ZAC0014999,03/09/2017 08:20,COMPLETE,03/09/2017 19:26,05/09/2017 13:14,07/09/2017
ZA-00006436,ZAC0020914,03/09/2017 14:47,COMPLETE,04/09/2017 16:47,17/09/2017 02:09,07/09/2017
ZA-00006437,ZAC0020856,03/09/2017 06:31,COMPLETE,05/09/2017 08:27,06/09/2017 17:13,12/09/2017
ZA-00006438,ZAC0005691,03/09/2017 11:05,COMPLETE,04/09/2017 03:42,10/09/2017 03:23,09/09/2017
ZA-00006439,ZAC0003630,03/09/2017 17:01,COMPLETE,04/09/2017 20:55,07/09/2017 00:08,08/09/2017
ZA-00006440,ZAC0022433,03/09/2017 14:31,COMPLETE,05/09/2017 01:26,10/09/2017 14:52,09/09/2017
ZA-00006441,ZAC0013005,03/09/2017 22:42,COMPLETE,08/09/2017 04:59,11/09/2017 14:39,12/09/2017
ZA-00006442,ZAC0001700,03/09/2017 14:35,COMPLETE,04/09/2017 16:22,09/09/2017 06:43,09/09/2017
ZA-00006443,ZAC0012026,03/09/2017 07:31,CANCELLED,,,
ZA-00006444,ZAC0004078,03/09/2017 17:08,COMPLETE,05/09/2017 22:28,11/09/2017 15:49,09/09/2017
ZA-00006445,ZAC0006755,03/09/2017 21:52,COMPLETE,05/09/2017 13:49,06/09/2017 11:14,10/09/2017
ZA-00006446,ZAC0007510,03/09/2017 14:46,COMPLETE,06/09/2017 19:45,17/09/2017 18:30,13/09/2017
ZA-00006447,ZAC0018848,03/09/2017 19:07,COMPLETE,06/09/2017 18:37,14/09/2017 03:04,11/09/2017
ZA-00006448,ZAC0006092,03/09/2017 19:57,COMPLETE,04/09/2017 09:55,06/09/2017 14:35,09/09/2017
ZA-00006449,ZAC0016625,03/09/2017 16:15,COMPLETE,04/09/2017 12:42,07/09/2017 14:53,11/09/2017
ZA-00006450,ZAC0018263,04/09/2017 09:54,COMPLETE,10/09/2017 22:04,18/09/2017 04:47,15/09/2017
ZA-00006451,ZAC0000354,04/09/2017 20:20,COMPLETE,07/09/2017 14:40,09/09/2017 20:41,14/09/2017
ZA-00006452,ZAC0015031,04/09/2017 17:05,COMPLETE,06/09/2017 10:18,14/09/2017 15:49,11/09/2017
ZA-00006453,ZAC0011625,04/09/2017 09:09,DISPATCHED,07/09/2017 18:01,,12/09/2017
ZA-00006454,ZAC0001103,04/09/2017 22:55,COMPLETE,06/09/2017 15:49,09/09/2017 15:33,11/09/2017
ZA-00006455,ZAC0009415,04/09/2017 18:25,COMPLETE,06/09/2017 13:45,11/09/2017 10:02,10/09/2017
ZA-00006456,ZAC0020261,04/09/2017 17:27,CANCELLED,,,
ZA-00006457,ZAC0014403,04/09/2017 08:44,COMPLETE,04/09/2017 23:10,06/09/2017 15:49,14/09/2017
ZA-00006458,ZAC0018397,04/09/2017 07:40,COMPLETE,05/09/2017 06:22,07/09/2017 12:42,15/09/2017
ZA-00006459,ZAC0005996,04/09/2017 07:13,COMPLETE,05/09/2017 01:44,15/09/2017 16:09,12/09/2017
ZA-00006460,ZAC0000847,04/09/2017 16:15,COMPLETE,06/09/2017 11:27,08/09/2017 02:51,11/09/2017
ZA-00006461,ZAC0012996,04/09/2017 16:26,DISPATCHED,05/09/2017 10:02,,12/09/2017
ZA-00006462,ZAC0016683,04/09/2017 08:02,COMPLETE,07/09/2017 05:22,11/09/2017 05:20,14/09/2017
ZA-00006463,ZAC0007341,04/09/2017 20:15,COMPLETE,10/09/2017 23:44,15/09/2017 10:05,14/09/2017
ZA-00006464,ZAC0004658,04/09/2017 14:37,COMPLETE,06/09/2017 19:00,15/09/2017 04:45,09/09/2017
ZA-00006465,ZAC0014371,04/09/2017 08:22,COMPLETE,05/09/2017 10:13,07/09/2017 19:25,08/09/2017
ZA-00006466,ZAC0022218,04/09/2017 17:30,COMPLETE,05/09/2017 13:53,09/09/2017 11:08,12/09/2017
ZA-00006467,ZAC0022479,04/09/2017 11:22,COMPLETE,05/09/2017 18:18,06/09/2017 19:01,08/09/2017
ZA-00006468,ZAC0005066,04/09/2017 20:11,COMPLETE,11/09/2017 02:30,13/09/2017 01:10,15/09/2017
ZA-00006469,ZAC0013604,04/09/2017 13:58,COMPLETE,07/09/2017 23:38,12/09/2017 12:33,11/09/2017
ZA-00006470,ZAC0004135,04/09/2017 17:22,COMPLETE,07/09/2017 05:49,15/09/2017 06:34,14/09/2017
ZA-00006471,ZAC0012886,04/09/2017 20:41,COMPLETE,07/09/2017 14:19,08/09/2017 09:45,10/09/2017
ZA-00006472,ZAC0000973,04/09/2017 17:12,COMPLETE,06/09/2017 20:54,07/09/2017 15:43,13/09/2017
ZA-00006473,ZAC0010329,04/09/2017 22:32,COMPLETE,06/09/2017 02:36,10/09/2017 14:03,10/09/2017
ZA-00006474,ZAC0002537,04/09/2017 07:21,COMPLETE,04/09/2017 14:44,07/09/2017 09:38,11/09/2017
ZA-00006475,ZAC0016818,04/09/2017 07:03,COMPLETE,09/09/2017 00:08,11/09/2017 03:42,14/09/2017
ZA-00006476,ZAC0012953,04/09/2017 18:31,COMPLETE,07/09/2017 12:33,10/09/2017 02:04,11/09/2017
ZA-00006477,ZAC0003179,04/09/2017 19:04,COMPLETE,05/09/2017 11:51,08/09/2017 06:19,08/09/2017
ZA-00006478,ZAC0001062,04/09/2017 10:37,COMPLETE,05/09/2017 10:18,07/09/2017 16:35,08/09/2017
ZA-00006479,ZAC0011615,04/09/2017 11:56,COMPLETE,05/09/2017 01:47,08/09/2017 13:36,09/09/2017
ZA-00006480,ZAC0016955,04/09/2017 07:41,COMPLETE,05/09/2017 12:47,10/09/2017 01:18,12/09/2017
ZA-00006481,ZAC0002146,04/09/2017 16:34,COMPLETE,06/09/2017 15:37,11/09/2017 18:27,09/09/2017
ZA-00006482,ZAC0012915,04/09/2017 17:11,COMPLETE,08/09/2017 06:54,09/09/2017 10:31,13/09/2017
ZA-00006483,ZAC0007705,04/09/2017 20:00,COMPLETE,07/09/2017 18:40,12/09/2017 01:20,11/09/2017
ZA-00006484,ZAC0004529,04/09/2017 18:29,COMPLETE,05/09/2017 11:59,12/09/2017 00:55,15/09/2017
ZA-00006485,ZAC0020510,04/09/2017 19:47,COMPLETE,06/09/2017 00:19,15/09/2017 00:08,11/09/2017
ZA-00006486,ZAC0006610,04/09/2017 14:47,CANCELLED,,,
ZA-00006487,ZAC0008587,04/09/2017 16:29,DISPATCHED,06/09/2017 15:31,,16/09/2017
ZA-00006488,ZAC0020988,04/09/2017 09:54,COMPLETE,04/09/2017 20:14,08/09/2017 12:32,11/09/2017
ZA-00006489,ZAC0005177,04/09/2017 17:01,COMPLETE,05/09/2017 23:12,09/09/2017 12:14,10/09/2017
ZA-00006490,ZAC0019005,04/09/2017 21:58,COMPLETE,09/09/2017 14:01,15/09/2017 04:57,12/09/2017
ZA-00006491,ZAC0018894,04/09/2017 16:24,COMPLETE,05/09/2017 04:30,07/09/2017 15:10,10/09/2017
ZA-00006492,ZAC0021194,04/09/2017 14:05,COMPLETE,06/09/2017 15:09,10/09/2017 01:55,09/09/2017
ZA-00006493,ZAC0010493,05/09/2017 16:49,COMPLETE,07/09/2017 01:31,13/09/2017 12:24,11/09/2017
ZA-00006494,ZAC0006520,05/09/2017 17:11,COMPLETE,06/09/2017 16:04,08/09/2017 05:14,09/09/2017
ZA-00006495,ZAC0007716,05/09/2017 17:07,COMPLETE,07/09/2017 20:38,11/09/2017 07:57,10/09/2017
ZA-00006496,ZAC0022597,05/09/2017 22:16,COMPLETE,06/09/2017 16:03,09/09/2017 04:05,09/09/2017
ZA-00006497,ZAC0009370,05/09/2017 17:00,COMPLETE,06/09/2017 23:07,08/09/2017 03:09,09/09/2017
ZA-00006498,ZAC0018354,05/09/2017 21:26,COMPLETE,06/09/2017 20:19,14/09/2017 13:25,11/09/2017
ZA-00006499,ZAC0007116,05/09/2017 19:49,COMPLETE,08/09/2017 17:13,14/09/2017 11:17,12/09/2017
ZA-00006500,ZAC0009975,05/09/2017 14:40,COMPLETE,08/09/2017 06:08,16/09/2017 12:30,15/09/2017
ZA-00006501,ZAC0000286,05/09/2017 14:02,COMPLETE,07/09/2017 22:14,13/09/2017 09:00,11/09/2017
ZA-00006502,ZAC0022330,05/09/2017 14:09,COMPLETE,06/09/2017 09:13,13/09/2017 14:29,10/09/2017
ZA-00006503,ZAC0013823,05/09/2017 13:55,COMPLETE,07/09/2017 19:08,12/09/2017 16:55,12/09/2017
ZA-00006504,ZAC0016648,05/09/2017 09:14,COMPLETE,07/09/2017 07:19,09/09/2017 09:01,12/09/2017
ZA-00006505,ZAC0021587,05/09/2017 09:40,COMPLETE,10/09/2017 01:16,12/09/2017 15:02,17/09/2017
ZA-00006506,ZAC0022383,05/09/2017 22:36,COMPLETE,08/09/2017 09:32,22/09/2017 02:47,15/09/2017
ZA-00006507,ZAC0013926,05/09/2017 19:04,DISPATCHED,13/09/2017 04:36,,17/09/2017
ZA-00006508,ZAC0018203,05/09/2017 20:13,COMPLETE,07/09/2017 08:51,09/09/2017 12:32,11/09/2017
ZA-00006509,ZAC0017415,05/09/2017 11:58,COMPLETE,05/09/2017 19:59,09/09/2017 04:23,12/09/2017
ZA-00006510,ZAC0023253,05/09/2017 10:10,DISPATCHED,06/09/2017 02:21,,09/09/2017
ZA-00006511,ZAC0012927,05/09/2017 10:14,COMPLETE,06/09/2017 07:36,09/09/2017 17:08,11/09/2017
ZA-00006512,ZAC0017440,05/09/2017 10:17,COMPLETE,09/09/2017 02:49,10/09/2017 17:29,16/09/2017
ZA-00006513,ZAC0022532,05/09/2017 22:05,COMPLETE,08/09/2017 10:02,11/09/2017 06:27,13/09/2017
ZA-00006514,ZAC0017650,05/09/2017 10:26,COMPLETE,06/09/2017 21:32,13/09/2017 15:00,10/09/2017
ZA-00006515,ZAC0015274,05/09/2017 09:37,COMPLETE,07/09/2017 03:40,15/09/2017 00:21,14/09/2017
ZA-00006516,ZAC0013528,05/09/2017 15:22,COMPLETE,08/09/2017 11:32,09/09/2017 10:44,15/09/2017
ZA-00006517,ZAC0022666,05/09/2017 16:40,COMPLETE,11/09/2017 11:24,13/09/2017 12:56,15/09/2017
ZA-00006518,ZAC0008355,05/09/2017 09:39,COMPLETE,08/09/2017 12:43,10/09/2017 15:57,12/09/2017
ZA-00006519,ZAC0004614,05/09/2017 18:31,COMPLETE,08/09/2017 00:08,12/09/2017 02:14,13/09/2017
ZA-00006520,ZAC0003279,05/09/2017 08:50,COMPLETE,07/09/2017 06:31,14/09/2017 02:20,12/09/2017
ZA-00006521,ZAC0018771,05/09/2017 09:48,COMPLETE,06/09/2017 00:26,06/09/2017 16:44,09/09/2017
ZA-00006522,ZAC0018233,05/09/2017 11:52,COMPLETE,06/09/2017 13:09,09/09/2017 21:34,11/09/2017
ZA-00006523,ZAC0019591,05/09/2017 11:54,COMPLETE,06/09/2017 10:32,12/09/2017 23:39,09/09/2017
ZA-00006524,ZAC0000599,05/09/2017 18:11,COMPLETE,07/09/2017 13:14,10/09/2017 18:12,11/09/2017
ZA-00006525,ZAC0004384,05/09/2017 13:26,CANCELLED,,,
ZA-00006526,ZAC0003907,05/09/2017 22:27,COMPLETE,08/09/2017 14:11,10/09/2017 18:32,12/09/2017
ZA-00006527,ZAC0004397,05/09/2017 17:41,COMPLETE,07/09/2017 05:52,09/09/2017 16:05,14/09/2017
ZA-00006528,ZAC0015984,05/09/2017 21:21,COMPLETE,08/09/2017 19:48,09/09/2017 16:04,18/09/2017
ZA-00006529,ZAC0000982,05/09/2017 19:47,COMPLETE,06/09/2017 08:47,08/09/2017 22:36,10/09/2017
ZA-00006530,ZAC0002285,05/09/2017 16:20,COMPLETE,06/09/2017 09:38,07/09/2017 16:33,16/09/2017
ZA-00006531,ZAC0022501,05/09/2017 08:32,COMPLETE,06/09/2017 11:13,10/09/2017 07:22,10/09/2017
ZA-00006532,ZAC0014551,05/09/2017 14:52,COMPLETE,05/09/2017 20:21,10/09/2017 17:52,10/09/2017
ZA-00006533,ZAC0006912,05/09/2017 06:09,COMPLETE,08/09/2017 04:44,09/09/2017 23:50,15/09/2017
ZA-00006534,ZAC0014163,05/09/2017 22:15,COMPLETE,06/09/2017 10:55,14/09/2017 12:48,10/09/2017
ZA-00006535,ZAC0017271,05/09/2017 15:02,COMPLETE,05/09/2017 16:25,09/09/2017 01:29,12/09/2017
ZA-00006536,ZAC0019192,05/09/2017 07:40,COMPLETE,08/09/2017 14:52,13/09/2017 19:46,13/09/2017
ZA-00006537,ZAC0018699,05/09/2017 14:13,COMPLETE,13/09/2017 18:22,19/09/2017 07:05,18/09/2017
ZA-00006538,ZAC0022119,05/09/2017 17:41,COMPLETE,07/09/2017 15:16,10/09/2017 01:59,12/09/2017
ZA-00006539,ZAC0003904,06/09/2017 16:33,COMPLETE,07/09/2017 18:46,13/09/2017 09:59,11/09/2017
ZA-00006540,ZAC0016954,06/09/2017 21:28,COMPLETE,09/09/2017 00:55,14/09/2017 08:12,12/09/2017
ZA-00006541,ZAC0016463,06/09/2017 09:32,COMPLETE,09/09/2017 18:09,10/09/2017 13:37,13/09/2017
ZA-00006542,ZAC0007106,06/09/2017 21:30,COMPLETE,08/09/2017 14:07,28/09/2017 16:06,11/09/2017
ZA-00006543,ZAC0022900,06/09/2017 21:28,CANCELLED,,,
ZA-00006544,ZAC0011635,06/09/2017 15:05,COMPLETE,09/09/2017 00:37,16/09/2017 21:19,14/09/2017
ZA-00006545,ZAC0015190,06/09/2017 21:48,COMPLETE,10/09/2017 19:04,22/09/2017 04:47,14/09/2017
ZA-00006546,ZAC0000046,06/09/2017 21:24,COMPLETE,08/09/2017 18:35,10/09/2017 13:09,11/09/2017
ZA-00006547,ZAC0011698,06/09/2017 18:27,COMPLETE,08/09/2017 10:30,14/09/2017 20:36,12/09/2017
ZA-00006548,ZAC0012395,06/09/2017 06:07,COMPLETE,07/09/2017 22:21,11/09/2017 14:24,14/09/2017
ZA-00006549,ZAC0006437,06/09/2017 16:01,PENDING,,,
ZA-00006550,ZAC0015071,06/09/2017 08:16,COMPLETE,07/09/2017 02:46,12/09/2017 19:45,12/09/2017
ZA-00006551,ZAC0005112,06/09/2017 08:19,COMPLETE,08/09/2017 00:35,12/09/2017 15:40,12/09/2017
ZA-00006552,ZAC0013440,06/09/2017 19:01,COMPLETE,06/09/2017 20:55,08/09/2017 17:38,10/09/2017
ZA-00006553,ZAC0016346,06/09/2017 08:58,COMPLETE,08/09/2017 03:04,09/09/2017 20:27,15/09/2017
ZA-00006554,ZAC0020792,06/09/2017 14:14,COMPLETE,09/09/2017 03:03,13/09/2017 01:43,19/09/2017
ZA-00006555,ZAC0019597,06/09/2017 14:42,COMPLETE,09/09/2017 00:26,13/09/2017 22:42,16/09/2017
ZA-00006556,ZAC0013981,06/09/2017 12:12,CANCELLED,,,
ZA-00006557,ZAC0023814,06/09/2017 07:15,COMPLETE,06/09/2017 23:07,12/09/2017 01:49,16/09/2017
ZA-00006558,ZAC0011151,06/09/2017 12:20,COMPLETE,07/09/2017 12:29,09/09/2017 03:41,12/09/2017
ZA-00006559,ZAC0004926,06/09/2017 20:14,COMPLETE,07/09/2017 23:28,10/09/2017 17:00,10/09/2017
ZA-00006560,ZAC0010905,06/09/2017 15:01,DISPATCHED,07/09/2017 15:16,,10/09/2017
ZA-00006561,ZAC0017557,06/09/2017 19:49,COMPLETE,14/09/2017 16:49,15/09/2017 21:26,18/09/2017
ZA-00006562,ZAC0010770,06/09/2017 08:32,COMPLETE,07/09/2017 06:30,10/09/2017 16:58,11/09/2017
ZA-00006563,ZAC0012837,06/09/2017 06:02,COMPLETE,08/09/2017 06:42,13/09/2017 04:20,12/09/2017
ZA-00006564,ZAC0019753,06/09/2017 22:11,COMPLETE,08/09/2017 11:10,10/09/2017 15:06,13/09/2017
ZA-00006565,ZAC0003690,06/09/2017 10:52,COMPLETE,07/09/2017 06:03,09/09/2017 14:23,12/09/2017
ZA-00006566,ZAC0006646,06/09/2017 11:09,COMPLETE,08/09/2017 19:17,12/09/2017 05:33,12/09/2017
ZA-00006567,ZAC0015186,06/09/2017 08:41,COMPLETE,10/09/2017 05:57,22/09/2017 09:10,17/09/2017
ZA-00006568,ZAC0022399,06/09/2017 21:18,COMPLETE,07/09/2017 23:31,09/09/2017 15:37,12/09/2017
ZA-00006569,ZAC0010224,06/09/2017 22:39,COMPLETE,07/09/2017 13:42,16/09/2017 22:12,10/09/2017
ZA-00006570,ZAC0005741,06/09/2017 08:25,RETURNED,10/09/2017 21:40,17/09/2017 11:16,15/09/2017
ZA-00006571,ZAC0012923,06/09/2017 09:56,COMPLETE,07/09/2017 14:01,11/09/2017 02:51,12/09/2017
ZA-00006572,ZAC0023168,06/09/2017 13:23,COMPLETE,11/09/2017 18:34,13/09/2017 15:09,15/09/2017
ZA-00006573,ZAC0000405,06/09/2017 22:10,COMPLETE,08/09/2017 20:38,11/09/2017 08:54,15/09/2017
ZA-00006574,ZAC0012301,06/09/2017 14:15,COMPLETE,07/09/2017 06:50,14/09/2017 19:20,12/09/2017
ZA-00006575,ZAC0014294,06/09/2017 18:59,COMPLETE,08/09/2017 16:55,15/09/2017 16:19,13/09/2017
ZA-00006576,ZAC0004869,06/09/2017 06:07,CANCELLED,,,
ZA-00006577,ZAC0009731,06/09/2017 17:30,COMPLETE,08/09/2017 01:14,09/09/2017 05:51,12/09/2017
ZA-00006578,ZAC0010411,06/09/2017 20:06,COMPLETE,08/09/2017 10:45,15/09/2017 04:19,18/09/2017
ZA-00006579,ZAC0000238,06/09/2017 14:39,COMPLETE,10/09/2017 12:38,13/09/2017 08:51,14/09/2017
ZA-00006580,ZAC0004774,06/09/2017 20:09,COMPLETE,08/09/2017 16:31,16/09/2017 03:13,11/09/2017
ZA-00006581,ZAC0006098,06/09/2017 13:10,COMPLETE,08/09/2017 16:45,10/09/2017 09:47,15/09/2017
ZA-00006582,ZAC0011346,06/09/2017 16:16,COMPLETE,07/09/2017 11:31,11/09/2017 09:44,11/09/2017
ZA-00006583,ZAC0006817,06/09/2017 20:13,COMPLETE,09/09/2017 07:53,14/09/2017 05:39,13/09/2017
ZA-00006584,ZAC0023595,06/09/2017 21:44,COMPLETE,08/09/2017 11:20,08/09/2017 22:42,12/09/2017
ZA-00006585,ZAC0023829,06/09/2017 20:04,COMPLETE,10/09/2017 19:11,11/09/2017 22:56,13/09/2017
ZA-00006586,ZAC0011211,06/09/2017 17:59,COMPLETE,09/09/2017 17:16,13/09/2017 16:33,14/09/2017
ZA-00006587,ZAC0006241,06/09/2017 20:44,COMPLETE,08/09/2017 06:32,11/09/2017 06:27,13/09/2017
ZA-00006588,ZAC0004025,07/09/2017 22:22,COMPLETE,12/09/2017 03:40,14/09/2017 16:28,22/09/2017
ZA-00006589,ZAC0020953,07/09/2017 20:14,COMPLETE,08/09/2017 21:20,12/09/2017 02:22,15/09/2017
ZA-00006590,ZAC0010976,07/09/2017 22:45,COMPLETE,13/09/2017 15:28,23/09/2017 11:24,18/09/2017
ZA-00006591,ZAC0003096,07/09/2017 06:44,COMPLETE,09/09/2017 09:28,12/09/2017 17:39,13/09/2017
ZA-00006592,ZAC0018275,07/09/2017 15:05,COMPLETE,09/09/2017 02:29,12/09/2017 11:58,12/09/2017
ZA-00006593,ZAC0021065,07/09/2017 21:00,COMPLETE,10/09/2017 07:26,12/09/2017 05:32,13/09/2017
ZA-00006594,ZAC0019838,07/09/2017 09:52,COMPLETE,09/09/2017 03:12,11/09/2017 02:32,14/09/2017
ZA-00006595,ZAC0000035,07/09/2017 17:37,COMPLETE,08/09/2017 17:00,13/09/2017 14:15,13/09/2017
ZA-00006596,ZAC0015527,07/09/2017 15:50,COMPLETE,07/09/2017 19:56,09/09/2017 20:16,14/09/2017
ZA-00006597,ZAC0015588,07/09/2017 19:56,COMPLETE,11/09/2017 01:19,14/09/2017 00:28,15/09/2017
ZA-00006598,ZAC0005092,07/09/2017 17:16,COMPLETE,10/09/2017 12:44,12/09/2017 19:03,15/09/2017
ZA-00006599,ZAC0022549,07/09/2017 11:45,COMPLETE,13/09/2017 03:15,17/09/2017 23:54,16/09/2017
ZA-00006600,ZAC0008678,07/09/2017 12:27,COMPLETE,08/09/2017 02:36,17/09/2017 14:50,11/09/2017
ZA-00006601,ZAC0012276,07/09/2017 11:51,RETURNED,09/09/2017 14:27,13/09/2017 14:46,13/09/2017
ZA-00006602,ZAC0012311,07/09/2017 10:56,DISPATCHED,08/09/2017 21:00,,13/09/2017
ZA-00006603,ZAC0006882,07/09/2017 21:04,COMPLETE,08/09/2017 05:48,14/09/2017 06:41,12/09/2017
ZA-00006604,ZAC0008374,07/09/2017 12:10,COMPLETE,07/09/2017 23:25,10/09/2017 16:57,12/09/2017
ZA-00006605,ZAC0023993,07/09/2017 21:19,COMPLETE,08/09/2017 12:35,17/09/2017 17:23,12/09/2017
ZA-00006606,ZAC0008729,07/09/2017 07:17,COMPLETE,10/09/2017 10:39,12/09/2017 16:32,15/09/2017
ZA-00006607,ZAC0016922,07/09/2017 07:47,COMPLETE,09/09/2017 03:42,10/09/2017 04:47,14/09/2017
ZA-00006608,ZAC0019965,07/09/2017 08:42,COMPLETE,09/09/2017 14:05,21/09/2017 21:03,16/09/2017
ZA-00006609,ZAC0019612,07/09/2017 20:51,COMPLETE,09/09/2017 01:20,13/09/2017 10:47,16/09/2017
ZA-00006610,ZAC0011598,07/09/2017 13:42,COMPLETE,10/09/2017 15:37,13/09/2017 22:07,15/09/2017
ZA-00006611,ZAC0023119,07/09/2017 19:21,COMPLETE,09/09/2017 13:01,14/09/2017 00:44,19/09/2017
ZA-00006612,ZAC0003428,07/09/2017 20:57,COMPLETE,09/09/2017 17:11,20/09/2017 14:26,13/09/2017
ZA-00006613,ZAC0001938,07/09/2017 10:33,PENDING,,,
ZA-00006614,ZAC0006468,07/09/2017 14:26,COMPLETE,11/09/2017 02:12,12/09/2017 12:39,15/09/2017
ZA-00006615,ZAC0018234,07/09/2017 17:47,COMPLETE,08/09/2017 05:42,11/09/2017 06:31,12/09/2017
ZA-00006616,ZAC0008643,07/09/2017 17:59,COMPLETE,11/09/2017 13:39,21/09/2017 14:03,16/09/2017
ZA-00006617,ZAC0017439,07/09/2017 19:59,COMPLETE,10/09/2017 09:53,18/09/2017 12:42,17/09/2017
ZA-00006618,ZAC0020172,07/09/2017 22:17,COMPLETE,10/09/2017 22:07,13/09/2017 10:34,15/09/2017
ZA-00006619,ZAC0016295,07/09/2017 11:06,CANCELLED,,,
ZA-00006620,ZAC0001314,07/09/2017 16:18,COMPLETE,11/09/2017 12:29,21/09/2017 15:45,14/09/2017
ZA-00006621,ZAC0014576,07/09/2017 11:51,COMPLETE,12/09/2017 21:32,17/09/2017 08:37,15/09/2017
ZA-00006622,ZAC0014062,07/09/2017 10:57,COMPLETE,08/09/2017 06:32,09/09/2017 08:27,12/09/2017
ZA-00006623,ZAC0005005,07/09/2017 20:22,COMPLETE,09/09/2017 02:10,14/09/2017 06:43,16/09/2017
ZA-00006624,ZAC0005058,07/09/2017 18:31,COMPLETE,11/09/2017 02:12,15/09/2017 09:10,16/09/2017
ZA-00006625,ZAC0023696,07/09/2017 20:02,COMPLETE,08/09/2017 18:51,10/09/2017 08:10,12/09/2017
ZA-00006626,ZAC0005697,07/09/2017 14:31,COMPLETE,07/09/2017 22:14,12/09/2017 13:10,12/09/2017
ZA-00006627,ZAC0016232,07/09/2017 14:17,COMPLETE,09/09/2017 20:57,10/09/2017 13:05,12/09/2017
ZA-00006628,ZAC0006344,07/09/2017 13:46,COMPLETE,08/09/2017 15:00,20/09/2017 20:14,18/09/2017
ZA-00006629,ZAC0010825,07/09/2017 16:31,COMPLETE,09/09/2017 17:41,15/09/2017 10:05,12/09/2017
ZA-00006630,ZAC0013886,07/09/2017 19:57,COMPLETE,08/09/2017 05:56,15/09/2017 00:11,15/09/2017
ZA-00006631,ZAC0007873,07/09/2017 19:28,COMPLETE,09/09/2017 23:41,14/09/2017 05:01,13/09/2017
ZA-00006632,ZAC0022824,07/09/2017 10:52,COMPLETE,09/09/2017 06:52,10/09/2017 17:59,12/09/2017
ZA-00006633,ZAC0016476,07/09/2017 20:06,COMPLETE,10/09/2017 03:34,12/09/2017 03:49,15/09/2017
ZA-00006634,ZAC0000350,07/09/2017 22:05,CANCELLED,,,
ZA-00006635,ZAC0004349,07/09/2017 13:44,COMPLETE,10/09/2017 19:56,15/09/2017 21:28,17/09/2017
ZA-00006636,ZAC0017562,07/09/2017 18:27,COMPLETE,10/09/2017 02:15,16/09/2017 13:02,15/09/2017
ZA-00006637,ZAC0023005,08/09/2017 15:31,COMPLETE,11/09/2017 12:10,14/09/2017 20:36,18/09/2017
ZA-00006638,ZAC0011485,08/09/2017 07:51,COMPLETE,09/09/2017 00:54,11/09/2017 18:46,16/09/2017
ZA-00006639,ZAC0014625,08/09/2017 16:00,COMPLETE,09/09/2017 06:46,12/09/2017 00:14,13/09/2017
ZA-00006640,ZAC0013986,08/09/2017 22:46,COMPLETE,11/09/2017 14:36,12/09/2017 22:31,15/09/2017
ZA-00006641,ZAC0003137,08/09/2017 13:08,COMPLETE,12/09/2017 11:08,18/09/2017 11:33,15/09/2017
ZA-00006642,ZAC0000337,08/09/2017 16:51,COMPLETE,10/09/2017 02:03,12/09/2017 23:49,14/09/2017
ZA-00006643,ZAC0021196,08/09/2017 07:41,COMPLETE,09/09/2017 02:49,10/09/2017 21:49,13/09/2017
ZA-00006644,ZAC0005541,08/09/2017 17:20,COMPLETE,10/09/2017 17:29,16/09/2017 11:06,14/09/2017
ZA-00006645,ZAC0006999,08/09/2017 08:34,COMPLETE,11/09/2017 04:00,16/09/2017 12:27,18/09/2017
ZA-00006646,ZAC0009926,08/09/2017 16:58,COMPLETE,09/09/2017 21:02,14/09/2017 02:55,14/09/2017
ZA-00006647,ZAC0011924,08/09/2017 10:05,COMPLETE,15/09/2017 18:58,24/09/2017 07:55,18/09/2017
ZA-00006648,ZAC0021784,08/09/2017 12:28,COMPLETE,08/09/2017 20:36,14/09/2017 08:27,13/09/2017
ZA-00006649,ZAC0007405,08/09/2017 13:32,COMPLETE,09/09/2017 20:57,16/09/2017 07:35,13/09/2017
ZA-00006650,ZAC0008784,08/09/2017 08:52,COMPLETE,09/09/2017 11:55,20/09/2017 03:42,16/09/2017
ZA-00006651,ZAC0007724,08/09/2017 13:08,COMPLETE,09/09/2017 05:04,11/09/2017 00:39,19/09/2017
ZA-00006652,ZAC0011543,08/09/2017 20:20,COMPLETE,09/09/2017 12:18,13/09/2017 02:59,13/09/2017
ZA-00006653,ZAC0014055,08/09/2017 08:46,COMPLETE,10/09/2017 06:36,22/09/2017 16:41,15/09/2017
ZA-00006654,ZAC0006109,08/09/2017 14:57,COMPLETE,09/09/2017 21:15,13/09/2017 19:09,14/09/2017
ZA-00006655,ZAC0022896,08/09/2017 16:48,COMPLETE,09/09/2017 04:03,10/09/2017 13:43,19/09/2017
ZA-00006656,ZAC0000204,08/09/2017 14:57,COMPLETE,10/09/2017 08:24,11/09/2017 13:18,15/09/2017
ZA-00006657,ZAC0005740,08/09/2017 19:15,COMPLETE,10/09/2017 13:34,16/09/2017 13:36,15/09/2017
ZA-00006658,ZAC0011877,08/09/2017 10:41,COMPLETE,10/09/2017 11:36,18/09/2017 12:27,20/09/2017
ZA-00006659,ZAC0004025,08/09/2017 21:10,COMPLETE,09/09/2017 21:15,17/09/2017 20:13,12/09/2017
ZA-00006660,ZAC0000137,08/09/2017 15:36,COMPLETE,10/09/2017 16:28,20/09/2017 23:05,15/09/2017
ZA-00006661,ZAC0006814,08/09/2017 20:13,DISPATCHED,09/09/2017 22:08,,16/09/2017
ZA-00006662,ZAC0001819,08/09/2017 08:22,COMPLETE,14/09/2017 04:24,18/09/2017 16:53,21/09/2017
ZA-00006663,ZAC0012379,08/09/2017 19:30,COMPLETE,11/09/2017 18:39,13/09/2017 15:34,16/09/2017
ZA-00006664,ZAC0004265,08/09/2017 08:12,COMPLETE,15/09/2017 00:47,15/09/2017 14:34,20/09/2017
ZA-00006665,ZAC0008553,08/09/2017 22:09,COMPLETE,09/09/2017 06:45,16/09/2017 04:20,14/09/2017
ZA-00006666,ZAC0010952,08/09/2017 22:55,COMPLETE,10/09/2017 10:39,13/09/2017 05:11,15/09/2017
ZA-00006667,ZAC0014377,08/09/2017 14:58,RETURNED,09/09/2017 04:27,12/09/2017 16:56,16/09/2017
ZA-00006668,ZAC0021547,08/09/2017 18:27,COMPLETE,09/09/2017 23:03,10/09/2017 08:55,13/09/2017
ZA-00006669,ZAC0017121,08/09/2017 12:57,COMPLETE,09/09/2017 22:42,13/09/2017 22:05,19/09/2017
ZA-00006670,ZAC0000362,08/09/2017 07:49,COMPLETE,08/09/2017 15:32,14/09/2017 01:45,12/09/2017
ZA-00006671,ZAC0013627,08/09/2017 06:01,COMPLETE,09/09/2017 19:39,14/09/2017 22:32,12/09/2017
ZA-00006672,ZAC0014450,08/09/2017 07:08,COMPLETE,12/09/2017 22:11,17/09/2017 12:08,19/09/2017
ZA-00006673,ZAC0002145,08/09/2017 08:03,COMPLETE,09/09/2017 00:04,13/09/2017 08:15,16/09/2017
ZA-00006674,ZAC0023446,08/09/2017 14:27,COMPLETE,11/09/2017 02:32,11/09/2017 13:32,15/09/2017
ZA-00006675,ZAC0020976,08/09/2017 17:17,DISPATCHED,09/09/2017 18:52,,16/09/2017
ZA-00006676,ZAC0007317,08/09/2017 14:09,COMPLETE,11/09/2017 12:20,13/09/2017 15:00,15/09/2017
ZA-00006677,ZAC0022330,08/09/2017 11:28,COMPLETE,08/09/2017 14:53,09/09/2017 13:45,12/09/2017
ZA-00006678,ZAC0001038,08/09/2017 22:36,COMPLETE,09/09/2017 09:19,13/09/2017 16:37,13/09/2017
ZA-00006679,ZAC0016228,08/09/2017 06:11,COMPLETE,09/09/2017 15:40,18/09/2017 14:04,19/09/2017
ZA-00006680,ZAC0022287,08/09/2017 10:25,COMPLETE,11/09/2017 03:01,13/09/2017 19:08,15/09/2017
ZA-00006681,ZAC0007820,08/09/2017 17:20,COMPLETE,11/09/2017 06:26,14/09/2017 02:51,18/09/2017
ZA-00006682,ZAC0018784,08/09/2017 20:09,COMPLETE,11/09/2017 08:45,16/09/2017 06:46,15/09/2017
ZA-00006683,ZAC0014138,08/09/2017 16:26,COMPLETE,09/09/2017 18:40,14/09/2017 21:00,16/09/2017
ZA-00006684,ZAC0021845,08/09/2017 10:59,COMPLETE,08/09/2017 14:00,09/09/2017 07:59,18/09/2017
ZA-00006685,ZAC0008465,08/09/2017 22:45,COMPLETE,12/09/2017 13:06,16/09/2017 18:45,15/09/2017
ZA-00006686,ZAC0000108,08/09/2017 17:00,COMPLETE,11/09/2017 02:00,15/09/2017 03:35,14/09/2017
ZA-00006687,ZAC0022352,08/09/2017 13:46,COMPLETE,08/09/2017 15:30,15/09/2017 01:13,13/09/2017
ZA-00006688,ZAC0004626,08/09/2017 11:12,COMPLETE,11/09/2017 12:57,14/09/2017 03:15,15/09/2017
ZA-00006689,ZAC0017875,08/09/2017 07:44,COMPLETE,11/09/2017 12:07,22/09/2017 18:16,15/09/2017
ZA-00006690,ZAC0014092,08/09/2017 18:50,COMPLETE,09/09/2017 22:01,13/09/2017 08:50,19/09/2017
ZA-00006691,ZAC0020336,08/09/2017 18:42,COMPLETE,12/09/2017 09:24,12/09/2017 19:44,15/09/2017
ZA-00006692,ZAC0023697,08/09/2017 19:04,COMPLETE,09/09/2017 23:47,14/09/2017 17:13,13/09/2017
ZA-00006693,ZAC0022456,09/09/2017 07:24,COMPLETE,12/09/2017 08:08,22/09/2017 15:34,15/09/2017
ZA-00006694,ZAC0008749,09/09/2017 21:17,COMPLETE,13/09/2017 02:23,18/09/2017 13:14,20/09/2017
ZA-00006695,ZAC0015870,09/09/2017 13:40,COMPLETE,12/09/2017 22:59,18/09/2017 01:46,16/09/2017
ZA-00006696,ZAC0018302,09/09/2017 21:04,COMPLETE,14/09/2017 09:05,15/09/2017 04:05,19/09/2017
ZA-00006697,ZAC0013821,09/09/2017 22:38,COMPLETE,11/09/2017 12:18,17/09/2017 08:28,18/09/2017
ZA-00006698,ZAC0008871,09/09/2017 13:39,COMPLETE,11/09/2017 01:58,17/09/2017 01:10,14/09/2017
ZA-00006699,ZAC0019578,09/09/2017 20:44,DISPATCHED,10/09/2017 20:11,,14/09/2017
ZA-00006700,ZAC0002800,09/09/2017 21:15,COMPLETE,16/09/2017 03:34,23/09/2017 21:24,23/09/2017
ZA-00006701,ZAC0017455,09/09/2017 17:23,COMPLETE,10/09/2017 18:01,16/09/2017 17:44,20/09/2017
ZA-00006702,ZAC0017449,09/09/2017 12:20,COMPLETE,10/09/2017 14:15,16/09/2017 18:39,17/09/2017
ZA-00006703,ZAC0006945,09/09/2017 12:00,COMPLETE,12/09/2017 06:18,15/09/2017 07:33,16/09/2017
ZA-00006704,ZAC0003745,09/09/2017 13:11,COMPLETE,11/09/2017 09:46,14/09/2017 05:00,16/09/2017
ZA-00006705,ZAC0007073,09/09/2017 08:27,PENDING,,,
ZA-00006706,ZAC0004194,09/09/2017 12:46,COMPLETE,10/09/2017 03:43,13/09/2017 13:44,14/09/2017
ZA-00006707,ZAC0020900,09/09/2017 22:03,COMPLETE,11/09/2017 12:30,16/09/2017 15:53,16/09/2017
ZA-00006708,ZAC0005103,09/09/2017 17:20,COMPLETE,11/09/2017 11:52,14/09/2017 06:34,16/09/2017
ZA-00006709,ZAC0002477,09/09/2017 18:03,COMPLETE,10/09/2017 05:08,11/09/2017 13:46,17/09/2017
ZA-00006710,ZAC0020930,09/09/2017 20:59,COMPLETE,11/09/2017 22:14,16/09/2017 11:27,14/09/2017
ZA-00006711,ZAC0016972,09/09/2017 22:28,COMPLETE,12/09/2017 10:26,15/09/2017 04:33,16/09/2017
ZA-00006712,ZAC0013917,09/09/2017 18:35,DISPATCHED,11/09/2017 08:05,,16/09/2017
ZA-00006713,ZAC0005054,09/09/2017 22:00,COMPLETE,11/09/2017 11:54,22/09/2017 13:36,21/09/2017
ZA-00006714,ZAC0022047,09/09/2017 19:23,COMPLETE,10/09/2017 18:08,13/09/2017 10:59,15/09/2017
ZA-00006715,ZAC0021760,09/09/2017 06:54,COMPLETE,12/09/2017 14:54,15/09/2017 01:24,22/09/2017
ZA-00006716,ZAC0007266,09/09/2017 20:05,COMPLETE,12/09/2017 00:45,18/09/2017 18:06,15/09/2017
ZA-00006717,ZAC0011188,09/09/2017 17:23,COMPLETE,13/09/2017 00:18,16/09/2017 05:57,17/09/2017
ZA-00006718,ZAC0020044,09/09/2017 16:17,COMPLETE,13/09/2017 05:23,14/09/2017 20:17,20/09/2017
ZA-00006719,ZAC0020272,09/09/2017 14:37,COMPLETE,09/09/2017 21:51,14/09/2017 22:05,12/09/2017
ZA-00006720,ZAC0010610,09/09/2017 22:43,COMPLETE,15/09/2017 11:55,19/09/2017 23:38,22/09/2017
ZA-00006721,ZAC0018813,09/09/2017 09:26,COMPLETE,11/09/2017 09:45,18/09/2017 12:12,14/09/2017
ZA-00006722,ZAC0021498,09/09/2017 21:34,COMPLETE,12/09/2017 06:34,17/09/2017 00:25,22/09/2017
ZA-00006723,ZAC0021298,09/09/2017 14:24,COMPLETE,10/09/2017 04:15,14/09/2017 13:41,17/09/2017
ZA-00006724,ZAC0005735,09/09/2017 22:14,COMPLETE,15/09/2017 21:36,22/09/2017 10:55,19/09/2017
ZA-00006725,ZAC0010657,09/09/2017 17:40,COMPLETE,12/09/2017 07:14,15/09/2017 20:46,17/09/2017
ZA-00006726,ZAC0018452,09/09/2017 19:35,COMPLETE,11/09/2017 00:11,15/09/2017 09:28,16/09/2017
ZA-00006727,ZAC0020848,09/09/2017 06:32,COMPLETE,10/09/2017 07:58,13/09/2017 11:09,14/09/2017
ZA-00006728,ZAC0007558,09/09/2017 17:28,COMPLETE,10/09/2017 09:42,15/09/2017 20:49,14/09/2017
ZA-00006729,ZAC0023912,09/09/2017 10:12,COMPLETE,11/09/2017 19:55,13/09/2017 16:06,21/09/2017
ZA-00006730,ZAC0004624,09/09/2017 22:52,COMPLETE,11/09/2017 17:48,17/09/2017 09:32,18/09/2017
ZA-00006731,ZAC0001946,09/09/2017 07:37,COMPLETE,09/09/2017 16:36,16/09/2017 23:36,14/09/2017
ZA-00006732,ZAC0023131,09/09/2017 19:23,COMPLETE,10/09/2017 17:21,11/09/2017 22:14,17/09/2017
ZA-00006733,ZAC0005372,09/09/2017 17:23,COMPLETE,09/09/2017 23:58,18/09/2017 05:17,13/09/2017
ZA-00006734,ZAC0003388,09/09/2017 20:04,COMPLETE,11/09/2017 06:48,12/09/2017 04:35,18/09/2017
ZA-00006735,ZAC0011611,09/09/2017 09:24,COMPLETE,09/09/2017 16:33,11/09/2017 02:17,12/09/2017
ZA-00006736,ZAC0009716,09/09/2017 22:33,COMPLETE,10/09/2017 16:16,13/09/2017 05:44,14/09/2017
ZA-00006737,ZAC0004082,09/09/2017 11:28,PENDING,,,
ZA-00006738,ZAC0001287,09/09/2017 09:47,COMPLETE,13/09/2017 20:55,18/09/2017 07:54,17/09/2017
ZA-00006739,ZAC0020610,09/09/2017 20:31,COMPLETE,10/09/2017 13:54,15/09/2017 14:42,17/09/2017
ZA-00006740,ZAC0005955,09/09/2017 15:41,COMPLETE,11/09/2017 05:52,14/09/2017 16:46,15/09/2017
ZA-00006741,ZAC0012037,09/09/2017 17:58,COMPLETE,13/09/2017 14:10,14/09/2017 12:38,20/09/2017
ZA-00006742,ZAC0003837,09/09/2017 11:04,COMPLETE,11/09/2017 06:26,13/09/2017 09:47,14/09/2017
ZA-00006743,ZAC0004771,10/09/2017 21:48,COMPLETE,13/09/2017 09:51,16/09/2017 22:03,16/09/2017
ZA-00006744,ZAC0011318,10/09/2017 22:45,COMPLETE,11/09/2017 20:50,20/09/2017 08:33,14/09/2017
ZA-00006745,ZAC0016977,10/09/2017 16:14,COMPLETE,11/09/2017 17:50,13/09/2017 15:07,14/09/2017
ZA-00006746,ZAC0002445,10/09/2017 11:24,COMPLETE,13/09/2017 03:50,13/09/2017 23:00,16/09/2017
ZA-00006747,ZAC0020748,10/09/2017 06:19,COMPLETE,14/09/2017 17:56,20/09/2017 09:05,21/09/2017
ZA-00006748,ZAC0016985,10/09/2017 19:28,COMPLETE,11/09/2017 07:01,12/09/2017 21:30,16/09/2017
ZA-00006749,ZAC0023186,10/09/2017 20:48,COMPLETE,11/09/2017 20:30,19/09/2017 05:08,18/09/2017
ZA-00006750,ZAC0013273,10/09/2017 07:29,COMPLETE,11/09/2017 03:48,12/09/2017 22:54,18/09/2017
ZA-00006751,ZAC0019594,10/09/2017 14:02,COMPLETE,12/09/2017 21:09,17/09/2017 14:24,22/09/2017
ZA-00006752,ZAC0013205,10/09/2017 13:47,CANCELLED,,,
ZA-00006753,ZAC0011490,10/09/2017 08:10,COMPLETE,18/09/2017 04:34,25/09/2017 02:21,23/09/2017
ZA-00006754,ZAC0018137,10/09/2017 09:43,COMPLETE,15/09/2017 22:18,21/09/2017 14:00,19/09/2017
ZA-00006755,ZAC0016235,10/09/2017 17:10,COMPLETE,11/09/2017 23:17,15/09/2017 01:02,16/09/2017
ZA-00006756,ZAC0000314,10/09/2017 14:12,COMPLETE,16/09/2017 06:06,23/09/2017 04:04,19/09/2017
ZA-00006757,ZAC0017262,10/09/2017 22:40,COMPLETE,13/09/2017 09:03,14/09/2017 21:12,16/09/2017
ZA-00006758,ZAC0020494,10/09/2017 14:37,COMPLETE,13/09/2017 15:05,23/09/2017 18:26,18/09/2017
ZA-00006759,ZAC0010894,10/09/2017 18:45,COMPLETE,13/09/2017 12:10,15/09/2017 07:42,17/09/2017
ZA-00006760,ZAC0016609,10/09/2017 07:09,COMPLETE,15/09/2017 03:01,16/09/2017 18:33,19/09/2017
ZA-00006761,ZAC0014460,10/09/2017 07:10,PENDING,,,
ZA-00006762,ZAC0017777,10/09/2017 08:47,DISPATCHED,12/09/2017 04:27,,15/09/2017
ZA-00006763,ZAC0013821,10/09/2017 07:29,COMPLETE,10/09/2017 15:42,18/09/2017 02:20,15/09/2017
ZA-00006764,ZAC0003483,10/09/2017 09:50,COMPLETE,12/09/2017 15:49,15/09/2017 09:04,17/09/2017
ZA-00006765,ZAC0004564,10/09/2017 16:26,COMPLETE,13/09/2017 04:09,21/09/2017 09:57,18/09/2017
ZA-00006766,ZAC0008013,10/09/2017 10:06,COMPLETE,13/09/2017 08:06,16/09/2017 06:45,16/09/2017
ZA-00006767,ZAC0011979,10/09/2017 10:57,COMPLETE,11/09/2017 00:31,14/09/2017 06:55,18/09/2017
ZA-00006768,ZAC0016993,10/09/2017 21:25,COMPLETE,11/09/2017 11:51,15/09/2017 00:39,15/09/2017
ZA-00006769,ZAC0009397,10/09/2017 21:06,COMPLETE,11/09/2017 08:06,17/09/2017 20:23,15/09/2017
ZA-00006770,ZAC0014229,10/09/2017 21:46,COMPLETE,11/09/2017 15:35,14/09/2017 15:42,16/09/2017
ZA-00006771,ZAC0008124,10/09/2017 15:02,COMPLETE,16/09/2017 07:27,16/09/2017 18:32,21/09/2017
ZA-00006772,ZAC0004168,10/09/2017 22:58,COMPLETE,11/09/2017 10:38,16/09/2017 02:29,14/09/2017
ZA-00006773,ZAC0010922,10/09/2017 19:34,COMPLETE,14/09/2017 01:48,15/09/2017 21:38,19/09/2017
ZA-00006774,ZAC0000413,10/09/2017 06:46,COMPLETE,11/09/2017 18:06,18/09/2017 21:33,16/09/2017
ZA-00006775,ZAC0010584,10/09/2017 22:04,COMPLETE,12/09/2017 07:52,13/09/2017 00:26,16/09/2017
ZA-00006776,ZAC0015040,10/09/2017 22:44,COMPLETE,11/09/2017 15:42,14/09/2017 12:22,15/09/2017
ZA-00006777,ZAC0023814,10/09/2017 18:36,COMPLETE,16/09/2017 09:49,16/09/2017 21:03,21/09/2017
ZA-00006778,ZAC0014270,10/09/2017 22:47,COMPLETE,13/09/2017 12:36,16/09/2017 15:59,18/09/2017
ZA-00006779,ZAC0001895,10/09/2017 21:48,COMPLETE,15/09/2017 15:39,23/09/2017 19:47,25/09/2017
ZA-00006780,ZAC0017385,10/09/2017 17:40,COMPLETE,11/09/2017 17:36,13/09/2017 16:50,15/09/2017
ZA-00006781,ZAC0023010,10/09/2017 09:00,COMPLETE,11/09/2017 09:35,12/09/2017 14:39,18/09/2017
ZA-00006782,ZAC0015650,10/09/2017 21:33,COMPLETE,11/09/2017 21:31,13/09/2017 01:53,16/09/2017
ZA-00006783,ZAC0017683,10/09/2017 17:41,COMPLETE,16/09/2017 12:57,17/09/2017 21:28,20/09/2017
ZA-00006784,ZAC0009598,10/09/2017 20:12,RETURNED,12/09/2017 02:12,14/09/2017 10:04,17/09/2017
ZA-00006785,ZAC0001772,10/09/2017 06:58,COMPLETE,11/09/2017 22:18,12/09/2017 19:26,15/09/2017
ZA-00006786,ZAC0022659,10/09/2017 18:01,COMPLETE,12/09/2017 19:03,17/09/2017 01:03,16/09/2017
ZA-00006787,ZAC0022153,10/09/2017 08:20,COMPLETE,13/09/2017 19:29,18/09/2017 10:23,17/09/2017
ZA-00006788,ZAC0021375,10/09/2017 17:08,DISPATCHED,14/09/2017 14:59,,18/09/2017
ZA-00006789,ZAC0006900,10/09/2017 10:02,COMPLETE,10/09/2017 23:31,20/09/2017 05:55,15/09/2017
ZA-00006790,ZAC0012554,10/09/2017 11:27,COMPLETE,16/09/2017 18:22,21/09/2017 10:54,23/09/2017
ZA-00006791,ZAC0001063,10/09/2017 10:20,COMPLETE,11/09/2017 05:42,13/09/2017 06:44,18/09/2017
ZA-00006792,ZAC0016921,10/09/2017 13:34,COMPLETE,11/09/2017 18:35,13/09/2017 00:57,18/09/2017
ZA-00006793,ZAC0001627,10/09/2017 14:26,COMPLETE,10/09/2017 22:30,15/09/2017 05:30,15/09/2017
ZA-00006794,ZAC0016929,11/09/2017 10:11,RETURNED,12/09/2017 18:20,19/09/2017 17:47,16/09/2017
ZA-00006795,ZAC0020814,11/09/2017 12:59,COMPLETE,12/09/2017 18:46,22/09/2017 11:09,19/09/2017
ZA-00006796,ZAC0012906,11/09/2017 21:35,COMPLETE,18/09/2017 06:35,24/09/2017 08:14,22/09/2017
ZA-00006797,ZAC0005790,11/09/2017 22:49,COMPLETE,13/09/2017 06:29,15/09/2017 05:20,20/09/2017
ZA-00006798,ZAC0005602,11/09/2017 10:36,COMPLETE,13/09/2017 10:02,16/09/2017 12:54,20/09/2017
ZA-00006799,ZAC0017752,11/09/2017 08:13,COMPLETE,15/09/2017 02:02,23/09/2017 02:36,22/09/2017
ZA-00006800,ZAC0017811,11/09/2017 19:23,COMPLETE,12/09/2017 12:58,16/09/2017 09:26,17/09/2017
ZA-00006801,ZAC0009404,11/09/2017 10:33,DISPATCHED,12/09/2017 08:10,,16/09/2017
ZA-00006802,ZAC0011586,11/09/2017 20:00,COMPLETE,11/09/2017 23:06,16/09/2017 16:09,15/09/2017
ZA-00006803,ZAC0014656,11/09/2017 13:48,COMPLETE,15/09/2017 01:02,18/09/2017 01:28,20/09/2017
ZA-00006804,ZAC0022801,11/09/2017 13:01,COMPLETE,12/09/2017 06:49,15/09/2017 12:34,17/09/2017
ZA-00006805,ZAC0020814,11/09/2017 18:31,COMPLETE,13/09/2017 09:34,18/09/2017 16:31,18/09/2017
ZA-00006806,ZAC0016013,11/09/2017 21:27,COMPLETE,14/09/2017 09:25,20/09/2017 01:15,17/09/2017
ZA-00006807,ZAC0005752,11/09/2017 18:58,COMPLETE,12/09/2017 17:21,14/09/2017 19:58,15/09/2017
ZA-00006808,ZAC0010874,11/09/2017 09:20,COMPLETE,15/09/2017 15:49,19/09/2017 10:39,25/09/2017
ZA-00006809,ZAC0017447,11/09/2017 17:31,COMPLETE,12/09/2017 05:59,14/09/2017 01:35,19/09/2017
ZA-00006810,ZAC0017676,11/09/2017 15:10,DISPATCHED,14/09/2017 22:39,,21/09/2017
ZA-00006811,ZAC0012110,11/09/2017 09:50,COMPLETE,16/09/2017 09:33,21/09/2017 14:42,20/09/2017
ZA-00006812,ZAC0023217,11/09/2017 17:21,COMPLETE,13/09/2017 00:40,20/09/2017 05:32,20/09/2017
ZA-00006813,ZAC0003868,11/09/2017 10:02,COMPLETE,12/09/2017 22:53,18/09/2017 01:05,17/09/2017
ZA-00006814,ZAC0019197,11/09/2017 17:06,COMPLETE,16/09/2017 09:52,16/09/2017 17:36,19/09/2017
ZA-00006815,ZAC0012762,11/09/2017 16:18,COMPLETE,13/09/2017 11:21,15/09/2017 06:41,20/09/2017
ZA-00006816,ZAC0012843,11/09/2017 19:32,COMPLETE,13/09/2017 04:25,17/09/2017 01:08,17/09/2017
ZA-00006817,ZAC0009704,11/09/2017 08:07,COMPLETE,13/09/2017 22:27,15/09/2017 02:18,17/09/2017
ZA-00006818,ZAC0013640,11/09/2017 22:34,COMPLETE,15/09/2017 06:23,19/09/2017 04:09,22/09/2017
ZA-00006819,ZAC0016025,11/09/2017 07:45,COMPLETE,12/09/2017 03:23,20/09/2017 06:50,19/09/2017
ZA-00006820,ZAC0006752,11/09/2017 11:36,COMPLETE,13/09/2017 16:11,16/09/2017 00:30,18/09/2017
ZA-00006821,ZAC0009679,11/09/2017 07:56,RETURNED,13/09/2017 02:02,13/09/2017 14:11,17/09/2017
ZA-00006822,ZAC0004298,11/09/2017 19:04,RETURNED,13/09/2017 00:20,14/09/2017 13:47,16/09/2017
ZA-00006823,ZAC0007038,11/09/2017 13:53,COMPLETE,16/09/2017 01:41,19/09/2017 19:20,26/09/2017
ZA-00006824,ZAC0021421,11/09/2017 08:35,COMPLETE,12/09/2017 23:01,18/09/2017 16:51,19/09/2017
ZA-00006825,ZAC0011347,11/09/2017 10:40,COMPLETE,13/09/2017 13:09,15/09/2017 17:03,20/09/2017
ZA-00006826,ZAC0022524,11/09/2017 09:14,COMPLETE,11/09/2017 18:27,17/09/2017 00:49,16/09/2017
ZA-00006827,ZAC0016782,11/09/2017 06:31,COMPLETE,14/09/2017 13:13,22/09/2017 04:17,19/09/2017
ZA-00006828,ZAC0011613,11/09/2017 19:46,COMPLETE,13/09/2017 21:26,16/09/2017 07:33,18/09/2017
ZA-00006829,ZAC0008829,11/09/2017 10:30,COMPLETE,15/09/2017 03:59,19/09/2017 18:36,22/09/2017
ZA-00006830,ZAC0018239,11/09/2017 10:04,CANCELLED,,,
ZA-00006831,ZAC0014082,11/09/2017 22:06,COMPLETE,12/09/2017 23:49,14/09/2017 21:43,22/09/2017
ZA-00006832,ZAC0003475,11/09/2017 13:43,COMPLETE,14/09/2017 02:16,18/09/2017 01:33,24/09/2017
ZA-00006833,ZAC0017469,11/09/2017 06:41,COMPLETE,16/09/2017 07:21,18/09/2017 21:17,20/09/2017
ZA-00006834,ZAC0011650,11/09/2017 17:28,COMPLETE,12/09/2017 19:27,15/09/2017 19:15,22/09/2017
ZA-00006835,ZAC0014325,11/09/2017 13:39,COMPLETE,14/09/2017 11:52,17/09/2017 15:31,18/09/2017
ZA-00006836,ZAC0012288,12/09/2017 17:08,COMPLETE,20/09/2017 15:24,23/09/2017 15:02,27/09/2017
ZA-00006837,ZAC0013358,12/09/2017 07:53,COMPLETE,15/09/2017 07:02,19/09/2017 20:42,19/09/2017
ZA-00006838,ZAC0011405,12/09/2017 08:23,COMPLETE,15/09/2017 03:22,16/09/2017 17:05,19/09/2017
ZA-00006839,ZAC0003010,12/09/2017 17:39,COMPLETE,16/09/2017 11:32,20/09/2017 07:09,20/09/2017
ZA-00006840,ZAC0022726,12/09/2017 22:28,COMPLETE,13/09/2017 00:15,17/09/2017 04:48,16/09/2017
ZA-00006841,ZAC0005774,12/09/2017 18:16,COMPLETE,14/09/2017 17:22,20/09/2017 16:42,19/09/2017
ZA-00006842,ZAC0002420,12/09/2017 13:34,COMPLETE,16/09/2017 01:50,21/09/2017 04:08,23/09/2017
ZA-00006843,ZAC0022546,12/09/2017 14:11,COMPLETE,14/09/2017 04:08,25/09/2017 14:56,18/09/2017
ZA-00006844,ZAC0013873,12/09/2017 07:26,COMPLETE,12/09/2017 14:44,18/09/2017 15:46,16/09/2017
ZA-00006845,ZAC0008473,12/09/2017 10:23,COMPLETE,14/09/2017 11:49,20/09/2017 09:36,21/09/2017
ZA-00006846,ZAC0000935,12/09/2017 13:44,COMPLETE,13/09/2017 14:15,20/09/2017 18:25,17/09/2017
ZA-00006847,ZAC0001047,12/09/2017 22:03,COMPLETE,16/09/2017 00:37,24/09/2017 13:29,21/09/2017
ZA-00006848,ZAC0002919,12/09/2017 13:16,COMPLETE,13/09/2017 03:08,15/09/2017 02:11,17/09/2017
ZA-00006849,ZAC0001867,12/09/2017 13:26,COMPLETE,15/09/2017 16:55,17/09/2017 16:42,22/09/2017
ZA-00006850,ZAC0023596,12/09/2017 13:21,COMPLETE,13/09/2017 07:25,15/09/2017 23:32,17/09/2017
ZA-00006851,ZAC0013012,12/09/2017 19:34,COMPLETE,14/09/2017 17:09,19/09/2017 15:47,19/09/2017
ZA-00006852,ZAC0004503,12/09/2017 16:43,COMPLETE,15/09/2017 08:50,23/09/2017 04:03,18/09/2017
ZA-00006853,ZAC0021116,12/09/2017 13:38,COMPLETE,17/09/2017 06:06,23/09/2017 01:35,20/09/2017
ZA-00006854,ZAC0000087,12/09/2017 10:31,COMPLETE,13/09/2017 07:59,14/09/2017 07:56,18/09/2017
ZA-00006855,ZAC0021082,12/09/2017 16:30,CANCELLED,,,
ZA-00006856,ZAC0001836,12/09/2017 13:19,COMPLETE,13/09/2017 20:06,19/09/2017 19:34,17/09/2017
ZA-00006857,ZAC0013375,12/09/2017 19:30,COMPLETE,13/09/2017 11:14,15/09/2017 10:49,18/09/2017
ZA-00006858,ZAC0000836,12/09/2017 08:50,COMPLETE,15/09/2017 08:19,15/09/2017 22:27,22/09/2017
ZA-00006859,ZAC0014283,12/09/2017 15:23,COMPLETE,15/09/2017 07:17,17/09/2017 23:14,25/09/2017
ZA-00006860,ZAC0022858,12/09/2017 15:29,CANCELLED,,,
ZA-00006861,ZAC0013445,12/09/2017 22:07,COMPLETE,13/09/2017 06:45,19/09/2017 06:06,18/09/2017
ZA-00006862,ZAC0000940,12/09/2017 12:24,COMPLETE,13/09/2017 00:57,20/09/2017 13:40,18/09/2017
ZA-00006863,ZAC0022850,12/09/2017 12:38,COMPLETE,15/09/2017 03:17,20/09/2017 15:33,22/09/2017
ZA-00006864,ZAC0015868,12/09/2017 16:30,COMPLETE,14/09/2017 12:24,23/09/2017 14:49,17/09/2017
ZA-00006865,ZAC0013624,12/09/2017 22:10,COMPLETE,14/09/2017 21:08,21/09/2017 06:30,18/09/2017
ZA-00006866,ZAC0004556,12/09/2017 19:41,COMPLETE,14/09/2017 10:33,16/09/2017 15:57,18/09/2017
ZA-00006867,ZAC0001919,12/09/2017 17:38,COMPLETE,14/09/2017 01:40,19/09/2017 00:41,18/09/2017
ZA-00006868,ZAC0005889,12/09/2017 12:35,COMPLETE,13/09/2017 19:11,15/09/2017 13:34,17/09/2017
ZA-00006869,ZAC0003527,12/09/2017 09:44,COMPLETE,19/09/2017 15:21,24/09/2017 18:50,23/09/2017
ZA-00006870,ZAC0015103,12/09/2017 18:25,COMPLETE,14/09/2017 13:33,18/09/2017 04:47,19/09/2017
ZA-00006871,ZAC0022824,12/09/2017 09:45,COMPLETE,17/09/2017 19:11,21/09/2017 09:46,24/09/2017
ZA-00006872,ZAC0000444,12/09/2017 11:44,COMPLETE,14/09/2017 12:59,15/09/2017 17:47,19/09/2017
ZA-00006873,ZAC0021281,12/09/2017 20:25,COMPLETE,13/09/2017 03:09,18/09/2017 23:27,23/09/2017
ZA-00006874,ZAC0009129,12/09/2017 06:01,PENDING,,,
ZA-00006875,ZAC0002248,12/09/2017 10:27,COMPLETE,15/09/2017 11:16,18/09/2017 11:28,22/09/2017
ZA-00006876,ZAC0002043,12/09/2017 12:15,COMPLETE,15/09/2017 03:54,17/09/2017 20:55,18/09/2017
ZA-00006877,ZAC0010819,12/09/2017 08:14,DISPATCHED,14/09/2017 23:09,,18/09/2017
ZA-00006878,ZAC0013319,12/09/2017 15:23,COMPLETE,16/09/2017 00:42,19/09/2017 14:45,20/09/2017
ZA-00006879,ZAC0023931,12/09/2017 18:16,COMPLETE,15/09/2017 06:59,22/09/2017 15:31,19/09/2017
ZA-00006880,ZAC0023555,12/09/2017 09:21,COMPLETE,13/09/2017 22:42,15/09/2017 03:19,23/09/2017
ZA-00006881,ZAC0009803,12/09/2017 11:21,COMPLETE,14/09/2017 17:39,15/09/2017 13:26,18/09/2017
ZA-00006882,ZAC0007350,12/09/2017 16:41,COMPLETE,13/09/2017 11:37,17/09/2017 21:16,23/09/2017
ZA-00006883,ZAC0013716,12/09/2017 16:12,COMPLETE,14/09/2017 19:11,17/09/2017 20:53,19/09/2017
ZA-00006884,ZAC0002532,12/09/2017 13:00,COMPLETE,13/09/2017 14:41,18/09/2017 20:50,20/09/2017
ZA-00006885,ZAC0004358,13/09/2017 12:54,PENDING,,,
ZA-00006886,ZAC0016942,13/09/2017 09:28,COMPLETE,15/09/2017 12:33,20/09/2017 11:56,18/09/2017
ZA-00006887,ZAC0008582,13/09/2017 07:44,COMPLETE,14/09/2017 17:10,24/09/2017 03:28,18/09/2017
ZA-00006888,ZAC0020123,13/09/2017 08:17,COMPLETE,16/09/2017 15:18,19/09/2017 06:20,21/09/2017
ZA-00006889,ZAC0010067,13/09/2017 19:25,COMPLETE,14/09/2017 13:25,18/09/2017 07:07,17/09/2017
ZA-00006890,ZAC0003853,13/09/2017 18:54,COMPLETE,16/09/2017 04:17,17/09/2017 18:30,21/09/2017
ZA-00006891,ZAC0023239,13/09/2017 15:24,COMPLETE,13/09/2017 21:23,19/09/2017 23:24,20/09/2017
ZA-00006892,ZAC0017159,13/09/2017 12:14,COMPLETE,17/09/2017 20:33,24/09/2017 15:00,21/09/2017
ZA-00006893,ZAC0005370,13/09/2017 21:32,COMPLETE,15/09/2017 19:37,20/09/2017 13:14,25/09/2017
ZA-00006894,ZAC0010560,13/09/2017 21:00,COMPLETE,15/09/2017 19:55,18/09/2017 00:07,22/09/2017
ZA-00006895,ZAC0005918,13/09/2017 21:14,COMPLETE,15/09/2017 19:24,26/09/2017 10:57,22/09/2017
ZA-00006896,ZAC0017035,13/09/2017 17:32,COMPLETE,14/09/2017 22:56,19/09/2017 05:21,17/09/2017
ZA-00006897,ZAC0017126,13/09/2017 20:56,COMPLETE,14/09/2017 20:02,18/09/2017 08:38,18/09/2017
ZA-00006898,ZAC0005638,13/09/2017 20:19,DISPATCHED,20/09/2017 04:21,,24/09/2017
ZA-00006899,ZAC0001756,13/09/2017 10:28,COMPLETE,19/09/2017 16:37,23/09/2017 00:19,23/09/2017
ZA-00006900,ZAC0006844,13/09/2017 10:12,COMPLETE,15/09/2017 14:49,19/09/2017 03:12,19/09/2017
ZA-00006901,ZAC0020872,13/09/2017 11:28,COMPLETE,17/09/2017 07:53,20/09/2017 10:29,24/09/2017
ZA-00006902,ZAC0016269,13/09/2017 12:10,COMPLETE,14/09/2017 19:44,15/09/2017 08:31,17/09/2017
ZA-00006903,ZAC0011973,13/09/2017 17:09,COMPLETE,17/09/2017 16:13,25/09/2017 14:26,27/09/2017
ZA-00006904,ZAC0009014,13/09/2017 16:45,COMPLETE,15/09/2017 10:22,21/09/2017 20:43,19/09/2017
ZA-00006905,ZAC0019830,13/09/2017 07:54,COMPLETE,15/09/2017 11:24,18/09/2017 02:52,19/09/2017
ZA-00006906,ZAC0013360,13/09/2017 18:53,RETURNED,14/09/2017 09:23,16/09/2017 23:23,21/09/2017
ZA-00006907,ZAC0009737,13/09/2017 12:42,DISPATCHED,15/09/2017 08:27,,25/09/2017
ZA-00006908,ZAC0000107,13/09/2017 08:40,COMPLETE,21/09/2017 04:17,23/09/2017 10:56,28/09/2017
ZA-00006909,ZAC0022362,13/09/2017 11:17,COMPLETE,14/09/2017 03:18,19/09/2017 03:52,18/09/2017
ZA-00006910,ZAC0015535,13/09/2017 17:50,COMPLETE,17/09/2017 14:38,18/09/2017 14:21,21/09/2017
ZA-00006911,ZAC0020432,13/09/2017 14:29,COMPLETE,14/09/2017 10:30,17/09/2017 06:41,17/09/2017
ZA-00006912,ZAC0019156,13/09/2017 17:23,COMPLETE,15/09/2017 10:52,19/09/2017 00:31,18/09/2017
ZA-00006913,ZAC0002469,13/09/2017 06:34,COMPLETE,18/09/2017 15:43,20/09/2017 17:37,25/09/2017
ZA-00006914,ZAC0002477,13/09/2017 13:08,COMPLETE,14/09/2017 07:13,20/09/2017 04:50,19/09/2017
ZA-00006915,ZAC0005363,13/09/2017 06:49,COMPLETE,14/09/2017 00:16,17/09/2017 10:57,24/09/2017
ZA-00006916,ZAC0014091,13/09/2017 07:12,COMPLETE,15/09/2017 08:43,18/09/2017 12:43,19/09/2017
ZA-00006917,ZAC0013072,13/09/2017 15:36,COMPLETE,14/09/2017 07:01,20/09/2017 15:13,19/09/2017
ZA-00006918,ZAC0009386,13/09/2017 19:33,COMPLETE,15/09/2017 20:16,17/09/2017 11:19,18/09/2017
ZA-00006919,ZAC0013610,13/09/2017 11:22,COMPLETE,16/09/2017 17:32,19/09/2017 13:20,20/09/2017
ZA-00006920,ZAC0009028,13/09/2017 16:25,COMPLETE,20/09/2017 20:14,26/09/2017 01:57,27/09/2017
ZA-00006921,ZAC0016947,13/09/2017 17:43,COMPLETE,14/09/2017 11:08,16/09/2017 17:22,19/09/2017
ZA-00006922,ZAC0007052,13/09/2017 09:39,COMPLETE,19/09/2017 17:14,25/09/2017 09:51,29/09/2017
ZA-00006923,ZAC0009513,13/09/2017 11:19,COMPLETE,14/09/2017 17:35,17/09/2017 08:21,17/09/2017
ZA-00006924,ZAC0001594,13/09/2017 11:37,COMPLETE,16/09/2017 05:51,18/09/2017 13:20,21/09/2017
ZA-00006925,ZAC0020683,13/09/2017 22:34,COMPLETE,17/09/2017 13:56,21/09/2017 07:16,21/09/2017
ZA-00006926,ZAC0000316,13/09/2017 14:58,COMPLETE,14/09/2017 04:54,21/09/2017 18:36,18/09/2017
ZA-00006927,ZAC0001191,13/09/2017 12:37,COMPLETE,15/09/2017 22:48,18/09/2017 04:54,22/09/2017
ZA-00006928,ZAC0023389,13/09/2017 14:11,COMPLETE,15/09/2017 09:34,25/09/2017 02:33,22/09/2017
ZA-00006929,ZAC0023705,13/09/2017 14:17,COMPLETE,15/09/2017 21:15,21/09/2017 20:29,19/09/2017
ZA-00006930,ZAC0020014,13/09/2017 16:58,COMPLETE,15/09/2017 05:20,21/09/2017 13:07,19/09/2017
ZA-00006931,ZAC0022576,13/09/2017 09:03,COMPLETE,13/09/2017 22:39,16/09/2017 07:03,18/09/2017
ZA-00006932,ZAC0011387,13/09/2017 06:52,COMPLETE,14/09/2017 06:26,16/09/2017 00:28,18/09/2017
ZA-00006933,ZAC0006020,13/09/2017 20:10,COMPLETE,18/09/2017 12:10,23/09/2017 05:28,23/09/2017
ZA-00006934,ZAC0019898,13/09/2017 14:26,COMPLETE,14/09/2017 00:37,18/09/2017 18:46,18/09/2017
ZA-00006935,ZAC0022867,13/09/2017 08:24,COMPLETE,15/09/2017 00:17,21/09/2017 20:16,20/09/2017
ZA-00006936,ZAC0001372,13/09/2017 15:57,COMPLETE,16/09/2017 03:17,19/09/2017 12:48,20/09/2017
ZA-00006937,ZAC0012837,13/09/2017 08:08,COMPLETE,16/09/2017 01:29,18/09/2017 08:52,20/09/2017
ZA-00006938,ZAC0009176,13/09/2017 15:14,COMPLETE,18/09/2017 05:21,29/09/2017 10:38,21/09/2017
ZA-00006939,ZAC0020839,13/09/2017 09:50,COMPLETE,13/09/2017 17:44,14/09/2017 17:53,18/09/2017
ZA-00006940,ZAC0001172,13/09/2017 16:28,COMPLETE,25/09/2017 19:04,27/09/2017 21:57,28/09/2017
ZA-00006941,ZAC0017962,13/09/2017 07:20,COMPLETE,16/09/2017 21:12,21/09/2017 15:09,23/09/2017
ZA-00006942,ZAC0010589,13/09/2017 07:43,COMPLETE,18/09/2017 12:14,19/09/2017 12:00,25/09/2017
ZA-00006943,ZAC0001782,14/09/2017 14:58,COMPLETE,14/09/2017 22:43,23/09/2017 06:28,18/09/2017
ZA-00006944,ZAC0012219,14/09/2017 14:20,COMPLETE,14/09/2017 21:32,28/09/2017 04:58,19/09/2017
ZA-00006945,ZAC0016959,14/09/2017 15:46,COMPLETE,18/09/2017 05:23,23/09/2017 15:48,21/09/2017
ZA-00006946,ZAC0019753,14/09/2017 16:24,COMPLETE,15/09/2017 16:25,16/09/2017 05:51,20/09/2017
ZA-00006947,ZAC0012998,14/09/2017 18:49,COMPLETE,16/09/2017 07:26,18/09/2017 09:47,20/09/2017
ZA-00006948,ZAC0007273,14/09/2017 08:15,COMPLETE,15/09/2017 02:52,17/09/2017 09:31,18/09/2017
ZA-00006949,ZAC0010868,14/09/2017 07:40,COMPLETE,15/09/2017 09:58,17/09/2017 21:58,19/09/2017
ZA-00006950,ZAC0003088,14/09/2017 13:55,COMPLETE,16/09/2017 00:51,21/09/2017 22:27,20/09/2017
ZA-00006951,ZAC0023891,14/09/2017 17:24,COMPLETE,15/09/2017 17:34,17/09/2017 12:31,22/09/2017
ZA-00006952,ZAC0002174,14/09/2017 18:49,COMPLETE,16/09/2017 05:02,18/09/2017 14:28,19/09/2017
ZA-00006953,ZAC0019347,14/09/2017 11:27,COMPLETE,18/09/2017 06:34,21/09/2017 06:25,21/09/2017
ZA-00006954,ZAC0006702,14/09/2017 11:23,COMPLETE,16/09/2017 22:25,22/09/2017 01:32,19/09/2017
ZA-00006955,ZAC0023198,14/09/2017 15:43,COMPLETE,16/09/2017 02:55,23/09/2017 12:38,21/09/2017
ZA-00006956,ZAC0008643,14/09/2017 11:25,COMPLETE,15/09/2017 07:02,17/09/2017 09:23,18/09/2017
ZA-00006957,ZAC0002519,14/09/2017 06:51,COMPLETE,15/09/2017 18:51,24/09/2017 23:57,19/09/2017
ZA-00006958,ZAC0014998,14/09/2017 20:19,COMPLETE,15/09/2017 20:58,20/09/2017 04:29,25/09/2017
ZA-00006959,ZAC0009409,14/09/2017 06:58,COMPLETE,15/09/2017 00:58,30/09/2017 04:07,19/09/2017
ZA-00006960,ZAC0019193,14/09/2017 07:28,COMPLETE,19/09/2017 09:17,23/09/2017 15:17,24/09/2017
ZA-00006961,ZAC0023846,14/09/2017 15:55,COMPLETE,16/09/2017 04:36,23/09/2017 01:46,19/09/2017
ZA-00006962,ZAC0013736,14/09/2017 14:54,COMPLETE,15/09/2017 11:36,22/09/2017 21:49,19/09/2017
ZA-00006963,ZAC0003699,14/09/2017 18:04,COMPLETE,15/09/2017 10:50,20/09/2017 15:48,18/09/2017
ZA-00006964,ZAC0007608,14/09/2017 10:29,COMPLETE,15/09/2017 14:22,17/09/2017 06:53,20/09/2017
ZA-00006965,ZAC0008154,14/09/2017 15:06,PENDING,,,
ZA-00006966,ZAC0012983,14/09/2017 13:08,COMPLETE,17/09/2017 03:08,24/09/2017 05:22,22/09/2017
ZA-00006967,ZAC0011984,14/09/2017 15:31,COMPLETE,15/09/2017 01:08,18/09/2017 05:10,19/09/2017
ZA-00006968,ZAC0000767,14/09/2017 07:53,COMPLETE,15/09/2017 10:20,17/09/2017 03:00,20/09/2017
ZA-00006969,ZAC0002056,14/09/2017 09:05,COMPLETE,15/09/2017 11:31,19/09/2017 10:23,20/09/2017
ZA-00006970,ZAC0023405,14/09/2017 08:45,COMPLETE,16/09/2017 15:58,23/09/2017 07:20,20/09/2017
ZA-00006971,ZAC0020252,14/09/2017 20:08,COMPLETE,15/09/2017 15:22,19/09/2017 19:52,20/09/2017
ZA-00006972,ZAC0021070,14/09/2017 13:42,COMPLETE,16/09/2017 17:57,20/09/2017 15:04,19/09/2017
ZA-00006973,ZAC0003306,14/09/2017 17:53,COMPLETE,15/09/2017 22:21,20/09/2017 04:23,20/09/2017
ZA-00006974,ZAC0007526,14/09/2017 09:21,COMPLETE,17/09/2017 10:35,23/09/2017 07:10,27/09/2017
ZA-00006975,ZAC0021780,14/09/2017 13:12,COMPLETE,15/09/2017 12:28,21/09/2017 12:48,19/09/2017
ZA-00006976,ZAC0005014,14/09/2017 21:38,COMPLETE,19/09/2017 19:40,21/09/2017 14:48,22/09/2017
ZA-00006977,ZAC0014432,14/09/2017 09:45,COMPLETE,14/09/2017 11:18,23/09/2017 05:38,17/09/2017
ZA-00006978,ZAC0021264,14/09/2017 15:35,DISPATCHED,18/09/2017 05:29,,21/09/2017
ZA-00006979,ZAC0016600,14/09/2017 06:31,COMPLETE,15/09/2017 14:16,18/09/2017 00:04,19/09/2017
ZA-00006980,ZAC0017856,14/09/2017 22:12,COMPLETE,16/09/2017 09:14,18/09/2017 18:12,20/09/2017
ZA-00006981,ZAC0009304,14/09/2017 10:37,COMPLETE,16/09/2017 07:36,21/09/2017 23:44,19/09/2017
ZA-00006982,ZAC0005742,14/09/2017 06:30,DISPATCHED,14/09/2017 22:32,,17/09/2017
ZA-00006983,ZAC0013126,14/09/2017 07:15,COMPLETE,16/09/2017 02:27,22/09/2017 05:51,21/09/2017
ZA-00006984,ZAC0002808,14/09/2017 16:30,COMPLETE,14/09/2017 19:04,29/09/2017 05:48,19/09/2017
ZA-00006985,ZAC0014545,14/09/2017 08:33,COMPLETE,16/09/2017 17:03,20/09/2017 23:30,21/09/2017
ZA-00006986,ZAC0019068,14/09/2017 15:06,COMPLETE,15/09/2017 23:52,23/09/2017 01:17,19/09/2017
ZA-00006987,ZAC0020639,14/09/2017 09:07,COMPLETE,15/09/2017 18:16,18/09/2017 17:49,18/09/2017
ZA-00006988,ZAC0011501,14/09/2017 09:05,COMPLETE,15/09/2017 18:56,23/09/2017 00:15,19/09/2017
ZA-00006989,ZAC0019826,15/09/2017 08:59,COMPLETE,16/09/2017 01:53,17/09/2017 14:42,19/09/2017
ZA-00006990,ZAC0010855,15/09/2017 15:12,COMPLETE,17/09/2017 17:57,21/09/2017 16:41,20/09/2017
ZA-00006991,ZAC0017233,15/09/2017 17:26,COMPLETE,18/09/2017 13:11,19/09/2017 17:11,21/09/2017
ZA-00006992,ZAC0021999,15/09/2017 13:08,COMPLETE,17/09/2017 05:01,21/09/2017 14:48,24/09/2017
ZA-00006993,ZAC0006551,15/09/2017 17:44,COMPLETE,21/09/2017 01:39,26/09/2017 07:15,26/09/2017
ZA-00006994,ZAC0016352,15/09/2017 17:37,COMPLETE,20/09/2017 22:24,26/09/2017 22:47,27/09/2017
ZA-00006995,ZAC0002129,15/09/2017 08:08,COMPLETE,20/09/2017 01:22,24/09/2017 16:55,24/09/2017
ZA-00006996,ZAC0018776,15/09/2017 19:56,COMPLETE,17/09/2017 19:17,21/09/2017 07:00,22/09/2017
ZA-00006997,ZAC0001436,15/09/2017 15:28,COMPLETE,16/09/2017 05:03,17/09/2017 16:05,21/09/2017
ZA-00006998,ZAC0001658,15/09/2017 13:42,COMPLETE,16/09/2017 04:43,22/09/2017 17:04,26/09/2017
ZA-00006999,ZAC0005884,15/09/2017 17:36,COMPLETE,16/09/2017 13:30,17/09/2017 10:23,19/09/2017
ZA-00007000,ZAC0014148,15/09/2017 16:36,COMPLETE,18/09/2017 22:12,21/09/2017 00:33,21/09/2017
ZA-00007001,ZAC0014981,15/09/2017 15:06,COMPLETE,19/09/2017 07:35,21/09/2017 05:44,23/09/2017
ZA-00007002,ZAC0023502,15/09/2017 18:57,RETURNED,16/09/2017 10:29,20/09/2017 02:50,20/09/2017
ZA-00007003,ZAC0010150,15/09/2017 19:43,COMPLETE,17/09/2017 21:20,26/09/2017 05:20,21/09/2017
ZA-00007004,ZAC0003625,15/09/2017 19:24,COMPLETE,23/09/2017 11:44,30/09/2017 07:12,26/09/2017
ZA-00007005,ZAC0008026,15/09/2017 09:18,COMPLETE,15/09/2017 18:03,18/09/2017 22:37,19/09/2017
ZA-00007006,ZAC0022977,15/09/2017 14:09,COMPLETE,16/09/2017 00:53,19/09/2017 13:21,21/09/2017
ZA-00007007,ZAC0000314,15/09/2017 19:24,COMPLETE,18/09/2017 17:02,23/09/2017 21:17,22/09/2017
ZA-00007008,ZAC0022586,15/09/2017 09:51,COMPLETE,17/09/2017 05:58,17/09/2017 22:22,22/09/2017
ZA-00007009,ZAC0004095,15/09/2017 06:41,COMPLETE,15/09/2017 22:23,21/09/2017 17:20,20/09/2017
ZA-00007010,ZAC0003894,15/09/2017 09:10,COMPLETE,19/09/2017 09:47,20/09/2017 16:54,26/09/2017
ZA-00007011,ZAC0020605,15/09/2017 20:42,COMPLETE,22/09/2017 04:59,27/09/2017 21:12,27/09/2017
ZA-00007012,ZAC0016691,15/09/2017 22:35,COMPLETE,19/09/2017 06:25,23/09/2017 14:31,22/09/2017
ZA-00007013,ZAC0010294,15/09/2017 10:45,COMPLETE,23/09/2017 18:17,25/09/2017 19:27,28/09/2017
ZA-00007014,ZAC0016907,15/09/2017 16:28,COMPLETE,18/09/2017 15:30,21/09/2017 23:44,22/09/2017
ZA-00007015,ZAC0015073,15/09/2017 10:55,COMPLETE,15/09/2017 22:11,18/09/2017 13:47,25/09/2017
ZA-00007016,ZAC0022417,15/09/2017 13:15,CANCELLED,,,
ZA-00007017,ZAC0020205,15/09/2017 10:14,COMPLETE,17/09/2017 09:39,25/09/2017 12:47,21/09/2017
ZA-00007018,ZAC0002997,15/09/2017 15:37,COMPLETE,17/09/2017 08:35,25/09/2017 15:56,21/09/2017
ZA-00007019,ZAC0013188,15/09/2017 09:04,DISPATCHED,18/09/2017 14:50,,23/09/2017
ZA-00007020,ZAC0014095,15/09/2017 10:33,COMPLETE,16/09/2017 22:46,20/09/2017 08:16,21/09/2017
ZA-00007021,ZAC0015528,15/09/2017 06:59,COMPLETE,16/09/2017 00:58,21/09/2017 02:39,21/09/2017
ZA-00007022,ZAC0022938,15/09/2017 07:09,COMPLETE,17/09/2017 04:27,20/09/2017 08:11,21/09/2017
ZA-00007023,ZAC0003016,15/09/2017 11:46,COMPLETE,17/09/2017 13:33,23/09/2017 02:54,20/09/2017
ZA-00007024,ZAC0016788,15/09/2017 20:26,CANCELLED,,,
ZA-00007025,ZAC0020104,15/09/2017 14:25,COMPLETE,16/09/2017 08:26,20/09/2017 21:46,21/09/2017
ZA-00007026,ZAC0023233,15/09/2017 06:58,CANCELLED,,,
ZA-00007027,ZAC0014687,16/09/2017 22:10,COMPLETE,18/09/2017 20:23,19/09/2017 19:49,25/09/2017
ZA-00007028,ZAC0017436,16/09/2017 14:34,RETURNED,17/09/2017 02:00,27/09/2017 07:39,24/09/2017
ZA-00007029,ZAC0006703,16/09/2017 20:30,COMPLETE,18/09/2017 18:05,24/09/2017 02:17,23/09/2017
ZA-00007030,ZAC0018002,16/09/2017 06:54,COMPLETE,17/09/2017 00:20,20/09/2017 20:36,20/09/2017
ZA-00007031,ZAC0007268,16/09/2017 13:09,COMPLETE,17/09/2017 16:46,21/09/2017 01:08,21/09/2017
ZA-00007032,ZAC0017131,16/09/2017 20:21,COMPLETE,17/09/2017 12:57,19/09/2017 15:43,27/09/2017
ZA-00007033,ZAC0006435,16/09/2017 22:35,PENDING,,,
ZA-00007034,ZAC0016626,16/09/2017 10:06,COMPLETE,21/09/2017 18:32,23/09/2017 08:21,28/09/2017
ZA-00007035,ZAC0005060,16/09/2017 20:00,CANCELLED,,,
ZA-00007036,ZAC0007032,16/09/2017 20:17,COMPLETE,18/09/2017 18:19,21/09/2017 08:11,25/09/2017
ZA-00007037,ZAC0002552,16/09/2017 18:40,COMPLETE,17/09/2017 16:20,18/09/2017 14:42,21/09/2017
ZA-00007038,ZAC0006542,16/09/2017 19:01,COMPLETE,17/09/2017 00:55,20/09/2017 19:10,22/09/2017
ZA-00007039,ZAC0003282,16/09/2017 13:04,COMPLETE,17/09/2017 20:21,20/09/2017 05:42,22/09/2017
ZA-00007040,ZAC0023438,16/09/2017 20:17,COMPLETE,17/09/2017 03:30,22/09/2017 08:49,21/09/2017
ZA-00007041,ZAC0018991,16/09/2017 08:08,COMPLETE,19/09/2017 22:43,22/09/2017 01:47,29/09/2017
ZA-00007042,ZAC0006476,16/09/2017 09:41,COMPLETE,16/09/2017 20:35,25/09/2017 15:20,20/09/2017
ZA-00007043,ZAC0006263,16/09/2017 11:47,COMPLETE,19/09/2017 20:36,27/09/2017 10:09,24/09/2017
ZA-00007044,ZAC0003340,16/09/2017 08:40,COMPLETE,19/09/2017 15:16,20/09/2017 21:00,26/09/2017
ZA-00007045,ZAC0003747,16/09/2017 06:57,COMPLETE,17/09/2017 14:09,20/09/2017 17:10,22/09/2017
ZA-00007046,ZAC0014048,16/09/2017 13:37,COMPLETE,22/09/2017 08:31,22/09/2017 21:20,26/09/2017
ZA-00007047,ZAC0015716,16/09/2017 10:22,COMPLETE,18/09/2017 16:27,25/09/2017 03:20,22/09/2017
ZA-00007048,ZAC0022066,16/09/2017 13:37,COMPLETE,18/09/2017 08:06,19/09/2017 20:25,25/09/2017
ZA-00007049,ZAC0006552,16/09/2017 09:37,COMPLETE,19/09/2017 07:27,25/09/2017 04:35,24/09/2017
ZA-00007050,ZAC0014091,16/09/2017 21:13,COMPLETE,17/09/2017 07:47,17/09/2017 22:25,20/09/2017
ZA-00007051,ZAC0018060,16/09/2017 09:37,COMPLETE,17/09/2017 10:50,22/09/2017 21:16,24/09/2017
ZA-00007052,ZAC0014394,16/09/2017 21:58,CANCELLED,,,
ZA-00007053,ZAC0003652,16/09/2017 09:01,COMPLETE,17/09/2017 10:42,21/09/2017 07:00,22/09/2017
ZA-00007054,ZAC0019884,16/09/2017 14:44,COMPLETE,17/09/2017 00:09,20/09/2017 04:34,27/09/2017
ZA-00007055,ZAC0023154,16/09/2017 18:51,COMPLETE,19/09/2017 03:29,21/09/2017 22:28,24/09/2017
ZA-00007056,ZAC0013320,16/09/2017 17:17,COMPLETE,17/09/2017 18:08,19/09/2017 16:16,22/09/2017
ZA-00007057,ZAC0017056,16/09/2017 10:10,COMPLETE,17/09/2017 18:44,20/09/2017 11:27,21/09/2017
ZA-00007058,ZAC0017898,16/09/2017 22:18,PENDING,,,
ZA-00007059,ZAC0005221,16/09/2017 17:27,COMPLETE,19/09/2017 23:57,20/09/2017 22:08,23/09/2017
ZA-00007060,ZAC0022729,16/09/2017 12:36,COMPLETE,19/09/2017 11:47,21/09/2017 07:20,22/09/2017
ZA-00007061,ZAC0015705,16/09/2017 17:18,DISPATCHED,16/09/2017 23:55,,20/09/2017
ZA-00007062,ZAC0011941,16/09/2017 09:52,COMPLETE,17/09/2017 01:23,19/09/2017 08:05,21/09/2017
ZA-00007063,ZAC0022137,16/09/2017 18:42,COMPLETE,20/09/2017 16:19,23/09/2017 07:20,24/09/2017
ZA-00007064,ZAC0008343,16/09/2017 07:46,COMPLETE,16/09/2017 19:57,20/09/2017 04:43,21/09/2017
ZA-00007065,ZAC0016526,16/09/2017 22:52,COMPLETE,17/09/2017 05:49,19/09/2017 10:17,21/09/2017
ZA-00007066,ZAC0009159,16/09/2017 09:18,COMPLETE,17/09/2017 02:29,20/09/2017 07:55,24/09/2017
ZA-00007067,ZAC0012657,16/09/2017 11:23,COMPLETE,18/09/2017 08:08,25/09/2017 05:06,22/09/2017
ZA-00007068,ZAC0004517,16/09/2017 07:32,COMPLETE,20/09/2017 14:35,22/09/2017 11:26,27/09/2017
ZA-00007069,ZAC0010841,16/09/2017 08:17,COMPLETE,18/09/2017 02:50,19/09/2017 15:15,22/09/2017
ZA-00007070,ZAC0014051,16/09/2017 15:22,COMPLETE,18/09/2017 08:25,24/09/2017 16:35,22/09/2017
ZA-00007071,ZAC0016237,16/09/2017 15:28,COMPLETE,17/09/2017 03:05,22/09/2017 10:36,22/09/2017
ZA-00007072,ZAC0006931,16/09/2017 11:05,COMPLETE,16/09/2017 19:13,22/09/2017 22:39,20/09/2017
ZA-00007073,ZAC0022646,16/09/2017 17:58,COMPLETE,17/09/2017 15:55,24/09/2017 00:50,22/09/2017
ZA-00007074,ZAC0023190,16/09/2017 16:02,COMPLETE,19/09/2017 07:39,25/09/2017 19:58,26/09/2017
ZA-00007075,ZAC0016141,16/09/2017 07:37,COMPLETE,23/09/2017 04:10,26/09/2017 22:00,27/09/2017
ZA-00007076,ZAC0021481,16/09/2017 06:51,COMPLETE,17/09/2017 09:47,23/09/2017 00:23,27/09/2017
ZA-00007077,ZAC0006070,16/09/2017 20:16,DISPATCHED,17/09/2017 03:40,,27/09/2017
ZA-00007078,ZAC0000150,16/09/2017 15:35,COMPLETE,18/09/2017 06:55,18/09/2017 18:22,23/09/2017
ZA-00007079,ZAC0017217,16/09/2017 12:20,COMPLETE,17/09/2017 19:05,21/09/2017 15:04,24/09/2017
ZA-00007080,ZAC0022373,16/09/2017 19:33,COMPLETE,18/09/2017 10:05,22/09/2017 18:17,25/09/2017
ZA-00007081,ZAC0014940,16/09/2017 07:07,COMPLETE,20/09/2017 10:00,22/09/2017 02:06,24/09/2017
ZA-00007082,ZAC0005331,17/09/2017 18:09,COMPLETE,20/09/2017 17:06,26/09/2017 14:06,23/09/2017
ZA-00007083,ZAC0011926,17/09/2017 10:01,DISPATCHED,19/09/2017 18:25,,23/09/2017
ZA-00007084,ZAC0023891,17/09/2017 07:42,COMPLETE,18/09/2017 10:39,21/09/2017 02:37,25/09/2017
ZA-00007085,ZAC0013674,17/09/2017 06:54,COMPLETE,22/09/2017 17:31,25/09/2017 00:19,26/09/2017
ZA-00007086,ZAC0019503,17/09/2017 20:27,PENDING,,,
ZA-00007087,ZAC0005392,17/09/2017 21:06,COMPLETE,18/09/2017 16:07,20/09/2017 01:38,28/09/2017
ZA-00007088,ZAC0004990,17/09/2017 19:49,COMPLETE,18/09/2017 17:59,21/09/2017 00:00,25/09/2017
ZA-00007089,ZAC0002063,17/09/2017 13:40,COMPLETE,18/09/2017 07:39,25/09/2017 18:20,23/09/2017
ZA-00007090,ZAC0003699,17/09/2017 16:46,COMPLETE,24/09/2017 06:22,30/09/2017 15:12,28/09/2017
ZA-00007091,ZAC0008045,17/09/2017 16:04,COMPLETE,25/09/2017 01:20,26/09/2017 19:16,28/09/2017
ZA-00007092,ZAC0002517,17/09/2017 12:30,COMPLETE,18/09/2017 21:33,24/09/2017 17:16,22/09/2017
ZA-00007093,ZAC0007466,17/09/2017 21:04,COMPLETE,21/09/2017 19:56,26/09/2017 14:40,25/09/2017
ZA-00007094,ZAC0007213,17/09/2017 14:43,COMPLETE,22/09/2017 05:48,03/10/2017 16:33,29/09/2017
ZA-00007095,ZAC0003053,17/09/2017 14:43,COMPLETE,20/09/2017 13:21,23/09/2017 08:25,23/09/2017
ZA-00007096,ZAC0014466,17/09/2017 20:49,COMPLETE,19/09/2017 03:33,23/09/2017 01:59,26/09/2017
ZA-00007097,ZAC0013378,17/09/2017 09:02,COMPLETE,19/09/2017 09:06,22/09/2017 20:52,23/09/2017
ZA-00007098,ZAC0022110,17/09/2017 16:04,COMPLETE,19/09/2017 11:30,29/09/2017 21:18,23/09/2017
ZA-00007099,ZAC0006111,17/09/2017 13:56,COMPLETE,18/09/2017 10:52,24/09/2017 12:35,22/09/2017
ZA-00007100,ZAC0009889,17/09/2017 07:56,COMPLETE,23/09/2017 23:13,25/09/2017 21:10,28/09/2017
ZA-00007101,ZAC0022949,17/09/2017 17:21,COMPLETE,20/09/2017 20:47,27/09/2017 14:22,23/09/2017
ZA-00007102,ZAC0018549,17/09/2017 16:42,COMPLETE,20/09/2017 23:41,26/09/2017 00:35,23/09/2017
ZA-00007103,ZAC0015559,17/09/2017 21:03,COMPLETE,21/09/2017 08:33,26/09/2017 15:20,28/09/2017
ZA-00007104,ZAC0010743,17/09/2017 11:01,COMPLETE,23/09/2017 05:52,30/09/2017 09:15,28/09/2017
ZA-00007105,ZAC0000454,17/09/2017 15:20,COMPLETE,18/09/2017 12:21,21/09/2017 10:46,21/09/2017
ZA-00007106,ZAC0018491,17/09/2017 19:40,COMPLETE,19/09/2017 07:29,21/09/2017 17:29,23/09/2017
ZA-00007107,ZAC0015474,17/09/2017 13:23,COMPLETE,20/09/2017 07:34,23/09/2017 19:03,24/09/2017
ZA-00007108,ZAC0000127,17/09/2017 22:41,COMPLETE,18/09/2017 13:54,23/09/2017 10:49,22/09/2017
ZA-00007109,ZAC0020132,17/09/2017 19:55,COMPLETE,18/09/2017 10:38,23/09/2017 00:48,22/09/2017
ZA-00007110,ZAC0011342,17/09/2017 08:16,COMPLETE,20/09/2017 02:43,28/09/2017 14:11,24/09/2017
ZA-00007111,ZAC0009198,17/09/2017 15:56,COMPLETE,19/09/2017 08:59,25/09/2017 21:07,22/09/2017
ZA-00007112,ZAC0020071,17/09/2017 09:07,COMPLETE,20/09/2017 16:31,24/09/2017 08:04,25/09/2017
ZA-00007113,ZAC0014817,17/09/2017 09:17,COMPLETE,18/09/2017 00:55,23/09/2017 20:15,25/09/2017
ZA-00007114,ZAC0007794,17/09/2017 15:55,COMPLETE,19/09/2017 16:02,24/09/2017 09:43,23/09/2017
ZA-00007115,ZAC0017578,17/09/2017 18:36,COMPLETE,17/09/2017 23:13,24/09/2017 11:12,20/09/2017
ZA-00007116,ZAC0009224,17/09/2017 06:36,COMPLETE,25/09/2017 23:35,06/10/2017 00:36,02/10/2017
ZA-00007117,ZAC0020658,17/09/2017 19:34,COMPLETE,20/09/2017 16:43,01/10/2017 15:27,24/09/2017
ZA-00007118,ZAC0020647,17/09/2017 16:05,COMPLETE,21/09/2017 22:34,27/09/2017 04:47,24/09/2017
ZA-00007119,ZAC0013376,17/09/2017 21:19,COMPLETE,19/09/2017 17:14,20/09/2017 20:42,24/09/2017
ZA-00007120,ZAC0019663,17/09/2017 17:21,COMPLETE,20/09/2017 13:27,23/09/2017 07:05,30/09/2017
ZA-00007121,ZAC0013096,17/09/2017 12:12,COMPLETE,19/09/2017 09:09,26/09/2017 04:04,23/09/2017
ZA-00007122,ZAC0019902,17/09/2017 17:18,COMPLETE,18/09/2017 06:03,20/09/2017 19:47,22/09/2017
ZA-00007123,ZAC0016738,17/09/2017 11:18,COMPLETE,20/09/2017 13:04,21/09/2017 22:13,25/09/2017
ZA-00007124,ZAC0017869,17/09/2017 10:09,COMPLETE,19/09/2017 05:32,20/09/2017 13:23,23/09/2017
ZA-00007125,ZAC0018905,18/09/2017 18:14,COMPLETE,23/09/2017 23:23,25/09/2017 21:38,28/09/2017
ZA-00007126,ZAC0001140,18/09/2017 17:32,COMPLETE,23/09/2017 18:57,26/09/2017 05:45,27/09/2017
ZA-00007127,ZAC0003303,18/09/2017 20:35,COMPLETE,22/09/2017 20:38,24/09/2017 22:34,27/09/2017
ZA-00007128,ZAC0018973,18/09/2017 21:21,COMPLETE,19/09/2017 19:45,23/09/2017 13:20,29/09/2017
ZA-00007129,ZAC0023780,18/09/2017 09:36,COMPLETE,20/09/2017 11:22,27/09/2017 09:00,24/09/2017
ZA-00007130,ZAC0001206,18/09/2017 19:52,COMPLETE,21/09/2017 02:01,26/09/2017 19:59,25/09/2017
ZA-00007131,ZAC0014758,18/09/2017 15:26,COMPLETE,20/09/2017 19:51,22/09/2017 02:37,23/09/2017
ZA-00007132,ZAC0001917,18/09/2017 07:07,COMPLETE,20/09/2017 03:59,22/09/2017 20:40,24/09/2017
ZA-00007133,ZAC0011225,18/09/2017 07:12,COMPLETE,22/09/2017 14:56,27/09/2017 04:11,29/09/2017
ZA-00007134,ZAC0007507,18/09/2017 07:09,COMPLETE,22/09/2017 02:25,22/09/2017 20:07,27/09/2017
ZA-00007135,ZAC0023904,18/09/2017 19:05,COMPLETE,21/09/2017 06:48,27/09/2017 09:39,26/09/2017
ZA-00007136,ZAC0010366,18/09/2017 17:27,COMPLETE,19/09/2017 05:06,24/09/2017 02:19,22/09/2017
ZA-00007137,ZAC0013836,18/09/2017 11:44,COMPLETE,19/09/2017 12:08,30/09/2017 08:18,23/09/2017
ZA-00007138,ZAC0001443,18/09/2017 17:21,PENDING,,,
ZA-00007139,ZAC0004193,18/09/2017 18:17,COMPLETE,19/09/2017 20:37,29/09/2017 18:26,24/09/2017
ZA-00007140,ZAC0004043,18/09/2017 15:20,COMPLETE,19/09/2017 04:59,30/09/2017 09:27,23/09/2017
ZA-00007141,ZAC0001804,18/09/2017 11:58,COMPLETE,19/09/2017 20:28,22/09/2017 16:42,22/09/2017
ZA-00007142,ZAC0023953,18/09/2017 17:24,DISPATCHED,19/09/2017 08:18,,24/09/2017
ZA-00007143,ZAC0018210,18/09/2017 12:58,COMPLETE,21/09/2017 00:56,30/09/2017 11:34,24/09/2017
ZA-00007144,ZAC0018188,18/09/2017 10:22,COMPLETE,19/09/2017 10:10,26/09/2017 09:14,24/09/2017
ZA-00007145,ZAC0020437,18/09/2017 22:33,COMPLETE,22/09/2017 01:47,28/09/2017 22:40,26/09/2017
ZA-00007146,ZAC0004012,18/09/2017 16:00,COMPLETE,19/09/2017 22:27,03/10/2017 02:25,26/09/2017
ZA-00007147,ZAC0011078,18/09/2017 18:29,COMPLETE,21/09/2017 22:14,28/09/2017 04:03,25/09/2017
ZA-00007148,ZAC0015020,18/09/2017 15:45,COMPLETE,21/09/2017 15:13,29/09/2017 02:52,01/10/2017
ZA-00007149,ZAC0003956,18/09/2017 21:46,COMPLETE,19/09/2017 13:20,23/09/2017 14:30,26/09/2017
ZA-00007150,ZAC0011826,18/09/2017 17:11,COMPLETE,21/09/2017 04:47,07/10/2017 09:23,25/09/2017
ZA-00007151,ZAC0013528,18/09/2017 09:24,COMPLETE,20/09/2017 02:23,24/09/2017 00:28,23/09/2017
ZA-00007152,ZAC0009286,18/09/2017 14:59,COMPLETE,21/09/2017 03:34,24/09/2017 12:52,28/09/2017
ZA-00007153,ZAC0016243,18/09/2017 15:49,COMPLETE,21/09/2017 02:41,23/09/2017 21:11,26/09/2017
ZA-00007154,ZAC0021815,18/09/2017 19:56,COMPLETE,24/09/2017 18:04,30/09/2017 09:38,28/09/2017
ZA-00007155,ZAC0004162,18/09/2017 20:51,COMPLETE,21/09/2017 19:57,26/09/2017 03:05,25/09/2017
ZA-00007156,ZAC0019786,18/09/2017 18:19,COMPLETE,23/09/2017 20:20,26/09/2017 08:58,30/09/2017
ZA-00007157,ZAC0006303,18/09/2017 22:05,COMPLETE,21/09/2017 02:46,25/09/2017 09:55,24/09/2017
ZA-00007158,ZAC0001015,18/09/2017 19:26,COMPLETE,18/09/2017 23:24,23/09/2017 18:47,21/09/2017
ZA-00007159,ZAC0004185,18/09/2017 06:06,COMPLETE,19/09/2017 10:20,30/09/2017 01:23,26/09/2017
ZA-00007160,ZAC0021412,18/09/2017 20:54,COMPLETE,19/09/2017 01:20,21/09/2017 15:46,23/09/2017
ZA-00007161,ZAC0021384,18/09/2017 08:00,COMPLETE,22/09/2017 16:32,29/09/2017 01:16,25/09/2017
ZA-00007162,ZAC0010108,18/09/2017 18:45,COMPLETE,21/09/2017 05:32,02/10/2017 09:40,26/09/2017
ZA-00007163,ZAC0013542,18/09/2017 16:22,COMPLETE,21/09/2017 15:00,25/09/2017 07:53,01/10/2017
ZA-00007164,ZAC0011785,18/09/2017 15:23,COMPLETE,22/09/2017 20:17,23/09/2017 13:31,26/09/2017
ZA-00007165,ZAC0012725,18/09/2017 10:51,COMPLETE,20/09/2017 22:36,24/09/2017 02:22,25/09/2017
ZA-00007166,ZAC0020544,18/09/2017 14:05,COMPLETE,20/09/2017 14:03,21/09/2017 03:52,25/09/2017
ZA-00007167,ZAC0020019,18/09/2017 15:24,COMPLETE,20/09/2017 08:12,30/09/2017 18:25,25/09/2017
ZA-00007168,ZAC0001258,18/09/2017 20:46,COMPLETE,20/09/2017 13:06,26/09/2017 17:57,24/09/2017
ZA-00007169,ZAC0006925,18/09/2017 06:40,COMPLETE,19/09/2017 07:09,19/09/2017 20:06,26/09/2017
ZA-00007170,ZAC0021107,18/09/2017 13:26,COMPLETE,19/09/2017 02:55,20/09/2017 10:34,22/09/2017
ZA-00007171,ZAC0009579,18/09/2017 19:36,COMPLETE,20/09/2017 22:57,26/09/2017 20:21,23/09/2017
ZA-00007172,ZAC0023621,18/09/2017 16:51,COMPLETE,21/09/2017 23:36,23/09/2017 05:58,28/09/2017
ZA-00007173,ZAC0005220,18/09/2017 06:41,COMPLETE,20/09/2017 05:46,23/09/2017 07:45,27/09/2017
ZA-00007174,ZAC0004354,18/09/2017 14:58,COMPLETE,18/09/2017 23:03,21/09/2017 08:38,28/09/2017
ZA-00007175,ZAC0013389,18/09/2017 22:46,COMPLETE,25/09/2017 16:40,29/09/2017 16:51,05/10/2017
ZA-00007176,ZAC0020000,18/09/2017 07:32,COMPLETE,20/09/2017 18:45,26/09/2017 11:00,27/09/2017
ZA-00007177,ZAC0019689,18/09/2017 12:15,COMPLETE,18/09/2017 20:24,25/09/2017 11:19,23/09/2017
ZA-00007178,ZAC0010355,18/09/2017 10:29,COMPLETE,25/09/2017 04:58,30/09/2017 11:58,29/09/2017
ZA-00007179,ZAC0015240,19/09/2017 16:18,COMPLETE,20/09/2017 10:38,24/09/2017 17:03,25/09/2017
ZA-00007180,ZAC0021603,19/09/2017 19:39,COMPLETE,22/09/2017 08:46,24/09/2017 10:27,25/09/2017
ZA-00007181,ZAC0008130,19/09/2017 13:44,COMPLETE,20/09/2017 17:39,21/09/2017 22:16,27/09/2017
ZA-00007182,ZAC0016569,19/09/2017 18:31,DISPATCHED,23/09/2017 04:53,,27/09/2017
ZA-00007183,ZAC0004842,19/09/2017 07:17,COMPLETE,21/09/2017 13:03,23/09/2017 06:53,01/10/2017
ZA-00007184,ZAC0015292,19/09/2017 22:43,COMPLETE,20/09/2017 16:18,26/09/2017 21:03,24/09/2017
ZA-00007185,ZAC0018905,19/09/2017 19:20,COMPLETE,23/09/2017 05:38,25/09/2017 04:47,30/09/2017
ZA-00007186,ZAC0001072,19/09/2017 10:07,COMPLETE,20/09/2017 00:56,24/09/2017 01:23,25/09/2017
ZA-00007187,ZAC0000442,19/09/2017 13:31,COMPLETE,23/09/2017 23:41,25/09/2017 04:06,30/09/2017
ZA-00007188,ZAC0013458,19/09/2017 20:14,COMPLETE,22/09/2017 04:42,29/09/2017 10:43,26/09/2017
ZA-00007189,ZAC0000456,19/09/2017 14:47,COMPLETE,21/09/2017 22:19,24/09/2017 17:18,25/09/2017
ZA-00007190,ZAC0013626,19/09/2017 16:05,COMPLETE,20/09/2017 20:01,24/09/2017 06:36,25/09/2017
ZA-00007191,ZAC0014175,19/09/2017 11:24,COMPLETE,20/09/2017 21:41,27/09/2017 04:46,24/09/2017
ZA-00007192,ZAC0019801,19/09/2017 10:38,COMPLETE,22/09/2017 03:27,26/09/2017 09:07,29/09/2017
ZA-00007193,ZAC0004676,19/09/2017 13:14,COMPLETE,20/09/2017 05:50,22/09/2017 06:11,27/09/2017
ZA-00007194,ZAC0022142,19/09/2017 21:27,COMPLETE,20/09/2017 11:47,25/09/2017 06:25,23/09/2017
ZA-00007195,ZAC0009203,19/09/2017 10:19,COMPLETE,22/09/2017 02:40,24/09/2017 05:50,29/09/2017
ZA-00007196,ZAC0014009,19/09/2017 16:10,COMPLETE,21/09/2017 01:24,23/09/2017 00:16,01/10/2017
ZA-00007197,ZAC0016585,19/09/2017 10:18,COMPLETE,22/09/2017 11:51,26/09/2017 02:12,25/09/2017
ZA-00007198,ZAC0012944,19/09/2017 17:48,COMPLETE,20/09/2017 01:49,22/09/2017 15:12,25/09/2017
ZA-00007199,ZAC0021127,19/09/2017 14:03,COMPLETE,21/09/2017 22:31,28/09/2017 08:19,25/09/2017
ZA-00007200,ZAC0022392,19/09/2017 12:47,CANCELLED,,,
ZA-00007201,ZAC0006452,19/09/2017 14:09,RETURNED,22/09/2017 20:00,04/10/2017 09:58,25/09/2017
ZA-00007202,ZAC0002635,19/09/2017 09:52,COMPLETE,20/09/2017 07:57,28/09/2017 19:37,27/09/2017
ZA-00007203,ZAC0021947,19/09/2017 12:02,COMPLETE,21/09/2017 01:59,22/09/2017 13:02,28/09/2017
ZA-00007204,ZAC0023837,19/09/2017 07:33,COMPLETE,20/09/2017 08:59,23/09/2017 13:18,25/09/2017
ZA-00007205,ZAC0014823,19/09/2017 17:23,COMPLETE,26/09/2017 21:47,29/09/2017 11:07,30/09/2017
ZA-00007206,ZAC0008703,19/09/2017 16:16,COMPLETE,20/09/2017 15:04,24/09/2017 17:05,30/09/2017
ZA-00007207,ZAC0001867,19/09/2017 12:10,COMPLETE,21/09/2017 07:50,27/09/2017 13:51,25/09/2017
ZA-00007208,ZAC0000008,19/09/2017 15:34,COMPLETE,20/09/2017 02:11,23/09/2017 12:50,30/09/2017
ZA-00007209,ZAC0014611,19/09/2017 09:59,COMPLETE,20/09/2017 15:38,22/09/2017 13:24,30/09/2017
ZA-00007210,ZAC0020946,19/09/2017 08:21,COMPLETE,21/09/2017 10:02,25/09/2017 11:47,24/09/2017
ZA-00007211,ZAC0004469,19/09/2017 09:35,COMPLETE,22/09/2017 17:50,29/09/2017 09:48,26/09/2017
ZA-00007212,ZAC0011614,19/09/2017 18:58,COMPLETE,22/09/2017 12:20,22/09/2017 20:21,26/09/2017
ZA-00007213,ZAC0016257,19/09/2017 12:29,COMPLETE,21/09/2017 00:40,28/09/2017 22:54,26/09/2017
ZA-00007214,ZAC0022980,19/09/2017 19:28,COMPLETE,21/09/2017 15:37,26/09/2017 02:27,25/09/2017
ZA-00007215,ZAC0009760,19/09/2017 20:48,DISPATCHED,20/09/2017 06:19,,23/09/2017
ZA-00007216,ZAC0021796,19/09/2017 14:59,CANCELLED,,,
ZA-00007217,ZAC0022026,19/09/2017 08:44,COMPLETE,19/09/2017 18:36,24/09/2017 20:14,29/09/2017
ZA-00007218,ZAC0018826,19/09/2017 21:39,COMPLETE,27/09/2017 23:44,09/10/2017 08:08,30/09/2017
ZA-00007219,ZAC0022427,19/09/2017 16:22,COMPLETE,22/09/2017 01:32,26/09/2017 06:59,25/09/2017
ZA-00007220,ZAC0001102,19/09/2017 07:24,COMPLETE,22/09/2017 11:14,29/09/2017 11:50,26/09/2017
ZA-00007221,ZAC0001443,19/09/2017 07:35,COMPLETE,22/09/2017 13:11,24/09/2017 06:23,25/09/2017
ZA-00007222,ZAC0017532,19/09/2017 08:23,COMPLETE,21/09/2017 02:10,25/09/2017 03:29,24/09/2017
ZA-00007223,ZAC0012335,19/09/2017 21:12,COMPLETE,20/09/2017 08:06,22/09/2017 05:29,24/09/2017
ZA-00007224,ZAC0015127,19/09/2017 20:23,COMPLETE,22/09/2017 21:16,24/09/2017 12:14,27/09/2017
ZA-00007225,ZAC0021262,19/09/2017 19:00,COMPLETE,23/09/2017 13:30,25/09/2017 19:34,27/09/2017
ZA-00007226,ZAC0021792,19/09/2017 16:47,COMPLETE,24/09/2017 17:14,02/10/2017 02:33,29/09/2017
ZA-00007227,ZAC0003949,19/09/2017 13:54,COMPLETE,20/09/2017 02:58,21/09/2017 21:59,24/09/2017
ZA-00007228,ZAC0020088,19/09/2017 09:30,COMPLETE,20/09/2017 14:31,23/09/2017 11:02,24/09/2017
ZA-00007229,ZAC0004345,19/09/2017 15:41,COMPLETE,20/09/2017 04:45,24/09/2017 02:55,25/09/2017
ZA-00007230,ZAC0018455,19/09/2017 15:21,COMPLETE,21/09/2017 11:26,27/09/2017 21:43,26/09/2017
ZA-00007231,ZAC0021154,20/09/2017 07:42,COMPLETE,21/09/2017 06:23,21/09/2017 21:24,28/09/2017
ZA-00007232,ZAC0007833,20/09/2017 15:23,COMPLETE,22/09/2017 22:05,26/09/2017 08:32,27/09/2017
ZA-00007233,ZAC0001853,20/09/2017 18:24,COMPLETE,23/09/2017 08:11,27/09/2017 00:43,26/09/2017
ZA-00007234,ZAC0023168,20/09/2017 16:22,COMPLETE,23/09/2017 07:45,25/09/2017 14:07,26/09/2017
ZA-00007235,ZAC0006697,20/09/2017 10:14,COMPLETE,21/09/2017 05:01,29/09/2017 08:08,28/09/2017
ZA-00007236,ZAC0013705,20/09/2017 16:05,COMPLETE,21/09/2017 18:08,02/10/2017 06:20,25/09/2017
ZA-00007237,ZAC0017089,20/09/2017 09:39,COMPLETE,21/09/2017 09:01,29/09/2017 02:34,24/09/2017
ZA-00007238,ZAC0021998,20/09/2017 11:55,COMPLETE,21/09/2017 08:46,23/09/2017 09:57,25/09/2017
ZA-00007239,ZAC0018399,20/09/2017 16:38,COMPLETE,22/09/2017 11:24,30/09/2017 12:38,02/10/2017
ZA-00007240,ZAC0007656,20/09/2017 21:25,COMPLETE,21/09/2017 06:30,26/09/2017 15:41,28/09/2017
ZA-00007241,ZAC0013208,20/09/2017 16:43,COMPLETE,22/09/2017 13:24,25/09/2017 08:53,02/10/2017
ZA-00007242,ZAC0019131,20/09/2017 09:00,COMPLETE,21/09/2017 06:05,23/09/2017 17:21,26/09/2017
ZA-00007243,ZAC0014375,20/09/2017 18:41,COMPLETE,20/09/2017 22:45,21/09/2017 19:50,30/09/2017
ZA-00007244,ZAC0005004,20/09/2017 14:33,CANCELLED,,,
ZA-00007245,ZAC0015978,20/09/2017 09:06,COMPLETE,21/09/2017 15:42,30/09/2017 18:35,28/09/2017
ZA-00007246,ZAC0021655,20/09/2017 22:03,COMPLETE,21/09/2017 13:59,23/09/2017 17:11,25/09/2017
ZA-00007247,ZAC0015019,20/09/2017 21:37,COMPLETE,22/09/2017 08:00,24/09/2017 05:34,27/09/2017
ZA-00007248,ZAC0005911,20/09/2017 19:19,COMPLETE,21/09/2017 17:02,26/09/2017 04:25,01/10/2017
ZA-00007249,ZAC0007625,20/09/2017 17:05,COMPLETE,22/09/2017 15:12,30/09/2017 22:56,27/09/2017
ZA-00007250,ZAC0017068,20/09/2017 15:02,CANCELLED,,,
ZA-00007251,ZAC0012920,20/09/2017 17:01,DISPATCHED,21/09/2017 05:28,,28/09/2017
ZA-00007252,ZAC0020458,20/09/2017 22:34,COMPLETE,25/09/2017 15:16,30/09/2017 12:15,28/09/2017
ZA-00007253,ZAC0007678,20/09/2017 11:57,COMPLETE,21/09/2017 21:25,22/09/2017 16:21,01/10/2017
ZA-00007254,ZAC0003020,20/09/2017 17:03,COMPLETE,22/09/2017 09:37,26/09/2017 00:58,27/09/2017
ZA-00007255,ZAC0000847,20/09/2017 19:33,COMPLETE,24/09/2017 12:18,30/09/2017 03:01,27/09/2017
ZA-00007256,ZAC0008365,20/09/2017 22:31,RETURNED,24/09/2017 09:57,26/09/2017 06:35,29/09/2017
ZA-00007257,ZAC0014159,20/09/2017 16:16,COMPLETE,27/09/2017 05:55,29/09/2017 05:20,30/09/2017
ZA-00007258,ZAC0007950,20/09/2017 09:53,COMPLETE,22/09/2017 02:41,23/09/2017 11:24,25/09/2017
ZA-00007259,ZAC0018716,20/09/2017 17:33,COMPLETE,23/09/2017 03:56,28/09/2017 17:10,28/09/2017
ZA-00007260,ZAC0019236,20/09/2017 18:26,COMPLETE,24/09/2017 00:30,26/09/2017 15:46,27/09/2017
ZA-00007261,ZAC0007120,20/09/2017 08:37,RETURNED,23/09/2017 01:01,28/09/2017 17:12,27/09/2017
ZA-00007262,ZAC0007971,20/09/2017 20:09,COMPLETE,23/09/2017 18:36,06/10/2017 15:52,03/10/2017
ZA-00007263,ZAC0008811,20/09/2017 17:13,COMPLETE,21/09/2017 14:38,03/10/2017 12:54,24/09/2017
ZA-00007264,ZAC0013433,20/09/2017 09:26,COMPLETE,21/09/2017 03:06,23/09/2017 02:35,25/09/2017
ZA-00007265,ZAC0001466,20/09/2017 06:17,COMPLETE,23/09/2017 00:30,11/10/2017 04:58,30/09/2017
ZA-00007266,ZAC0015358,20/09/2017 10:52,COMPLETE,21/09/2017 10:35,24/09/2017 17:45,24/09/2017
ZA-00007267,ZAC0007170,20/09/2017 06:40,COMPLETE,22/09/2017 17:02,27/09/2017 04:04,26/09/2017
ZA-00007268,ZAC0021860,20/09/2017 19:31,DISPATCHED,21/09/2017 14:21,,24/09/2017
ZA-00007269,ZAC0017557,20/09/2017 19:16,COMPLETE,21/09/2017 21:07,26/09/2017 03:24,26/09/2017
ZA-00007270,ZAC0000748,20/09/2017 14:16,COMPLETE,21/09/2017 11:29,26/09/2017 21:15,25/09/2017
ZA-00007271,ZAC0008366,20/09/2017 08:27,COMPLETE,23/09/2017 03:15,26/09/2017 00:58,26/09/2017
ZA-00007272,ZAC0005075,20/09/2017 12:59,COMPLETE,21/09/2017 19:17,24/09/2017 07:49,26/09/2017
ZA-00007273,ZAC0008074,20/09/2017 12:11,COMPLETE,25/09/2017 07:13,30/09/2017 18:44,02/10/2017
ZA-00007274,ZAC0014338,20/09/2017 06:55,COMPLETE,20/09/2017 13:25,21/09/2017 11:25,24/09/2017
ZA-00007275,ZAC0014604,20/09/2017 22:12,COMPLETE,21/09/2017 06:46,22/09/2017 01:08,25/09/2017
ZA-00007276,ZAC0022562,20/09/2017 13:02,COMPLETE,22/09/2017 18:13,26/09/2017 09:06,27/09/2017
ZA-00007277,ZAC0013505,20/09/2017 08:08,COMPLETE,22/09/2017 06:11,27/09/2017 18:29,26/09/2017
ZA-00007278,ZAC0008056,20/09/2017 15:02,COMPLETE,25/09/2017 06:08,27/09/2017 21:08,28/09/2017
ZA-00007279,ZAC0009963,21/09/2017 13:54,COMPLETE,26/09/2017 07:35,27/09/2017 17:04,30/09/2017
ZA-00007280,ZAC0023674,21/09/2017 18:06,COMPLETE,24/09/2017 16:46,01/10/2017 16:35,27/09/2017
ZA-00007281,ZAC0010711,21/09/2017 16:00,DISPATCHED,22/09/2017 19:45,,26/09/2017
ZA-00007282,ZAC0014045,21/09/2017 17:41,COMPLETE,23/09/2017 10:56,27/09/2017 16:51,27/09/2017
ZA-00007283,ZAC0012156,21/09/2017 06:22,COMPLETE,26/09/2017 16:59,28/09/2017 17:52,01/10/2017
ZA-00007284,ZAC0009859,21/09/2017 13:59,COMPLETE,23/09/2017 08:03,02/10/2017 15:41,03/10/2017
ZA-00007285,ZAC0018159,21/09/2017 14:26,COMPLETE,22/09/2017 03:09,30/09/2017 01:03,26/09/2017
ZA-00007286,ZAC0007619,21/09/2017 19:05,DISPATCHED,25/09/2017 08:41,,30/09/2017
ZA-00007287,ZAC0004485,21/09/2017 15:46,DISPATCHED,22/09/2017 03:00,,27/09/2017
ZA-00007288,ZAC0001687,21/09/2017 09:14,COMPLETE,23/09/2017 07:37,25/09/2017 22:09,26/09/2017
ZA-00007289,ZAC0020135,21/09/2017 12:13,COMPLETE,25/09/2017 21:51,26/09/2017 19:43,02/10/2017
ZA-00007290,ZAC0013411,21/09/2017 11:06,COMPLETE,22/09/2017 04:31,28/09/2017 09:38,27/09/2017
ZA-00007291,ZAC0008458,21/09/2017 17:49,COMPLETE,24/09/2017 14:55,27/09/2017 09:42,28/09/2017
ZA-00007292,ZAC0012822,21/09/2017 14:38,COMPLETE,22/09/2017 10:38,25/09/2017 14:51,25/09/2017
ZA-00007293,ZAC0012874,21/09/2017 18:58,COMPLETE,23/09/2017 02:22,25/09/2017 23:29,28/09/2017
ZA-00007294,ZAC0013709,21/09/2017 13:57,COMPLETE,21/09/2017 23:16,26/09/2017 21:49,26/09/2017
ZA-00007295,ZAC0004533,21/09/2017 06:00,COMPLETE,22/09/2017 14:03,24/09/2017 17:13,27/09/2017
ZA-00007296,ZAC0002897,21/09/2017 16:49,COMPLETE,24/09/2017 18:51,03/10/2017 14:14,27/09/2017
ZA-00007297,ZAC0000228,21/09/2017 17:00,COMPLETE,24/09/2017 14:46,01/10/2017 21:10,04/10/2017
ZA-00007298,ZAC0017214,21/09/2017 10:19,COMPLETE,23/09/2017 23:23,26/09/2017 12:34,27/09/2017
ZA-00007299,ZAC0001248,21/09/2017 22:34,COMPLETE,23/09/2017 07:47,25/09/2017 21:41,28/09/2017
ZA-00007300,ZAC0016412,21/09/2017 09:33,COMPLETE,22/09/2017 22:48,26/09/2017 11:42,26/09/2017
ZA-00007301,ZAC0012410,21/09/2017 22:31,COMPLETE,24/09/2017 08:14,02/10/2017 07:13,29/09/2017
ZA-00007302,ZAC0021161,21/09/2017 13:24,COMPLETE,22/09/2017 05:28,26/09/2017 19:12,25/09/2017
ZA-00007303,ZAC0016082,21/09/2017 12:21,COMPLETE,24/09/2017 20:15,30/09/2017 20:33,01/10/2017
ZA-00007304,ZAC0017611,21/09/2017 19:07,COMPLETE,25/09/2017 13:57,26/09/2017 19:12,28/09/2017
ZA-00007305,ZAC0003524,21/09/2017 11:46,COMPLETE,24/09/2017 14:48,27/09/2017 06:19,28/09/2017
ZA-00007306,ZAC0002355,21/09/2017 14:36,COMPLETE,24/09/2017 14:08,30/09/2017 02:11,28/09/2017
ZA-00007307,ZAC0004645,21/09/2017 09:38,COMPLETE,24/09/2017 07:00,26/09/2017 13:05,28/09/2017
ZA-00007308,ZAC0017997,21/09/2017 18:32,COMPLETE,25/09/2017 16:13,29/09/2017 19:09,02/10/2017
ZA-00007309,ZAC0001978,21/09/2017 16:43,COMPLETE,22/09/2017 06:33,28/09/2017 03:27,26/09/2017
ZA-00007310,ZAC0023781,21/09/2017 07:21,COMPLETE,25/09/2017 02:54,28/09/2017 00:40,29/09/2017
ZA-00007311,ZAC0014712,21/09/2017 13:51,COMPLETE,23/09/2017 22:17,26/09/2017 05:40,28/09/2017
ZA-00007312,ZAC0003277,21/09/2017 14:24,COMPLETE,22/09/2017 23:41,28/09/2017 07:59,29/09/2017
ZA-00007313,ZAC0006758,21/09/2017 15:37,COMPLETE,25/09/2017 15:07,28/09/2017 04:52,28/09/2017
ZA-00007314,ZAC0011038,21/09/2017 09:26,COMPLETE,24/09/2017 13:01,29/09/2017 23:35,28/09/2017
ZA-00007315,ZAC0022405,21/09/2017 20:06,COMPLETE,22/09/2017 17:34,24/09/2017 21:42,26/09/2017
ZA-00007316,ZAC0016859,21/09/2017 07:10,COMPLETE,22/09/2017 05:34,24/09/2017 04:10,26/09/2017
ZA-00007317,ZAC0011741,21/09/2017 10:50,COMPLETE,27/09/2017 14:37,30/09/2017 00:55,07/10/2017
ZA-00007318,ZAC0002922,21/09/2017 19:37,COMPLETE,26/09/2017 19:56,30/09/2017 22:05,30/09/2017
ZA-00007319,ZAC0017940,21/09/2017 15:10,COMPLETE,25/09/2017 15:30,03/10/2017 23:04,28/09/2017
ZA-00007320,ZAC0014381,21/09/2017 22:22,COMPLETE,27/09/2017 11:29,02/10/2017 09:20,04/10/2017
ZA-00007321,ZAC0017797,21/09/2017 12:32,COMPLETE,27/09/2017 23:59,04/10/2017 17:20,04/10/2017
ZA-00007322,ZAC0004711,21/09/2017 13:49,COMPLETE,23/09/2017 02:05,25/09/2017 00:12,26/09/2017
ZA-00007323,ZAC0011424,21/09/2017 06:22,COMPLETE,22/09/2017 22:06,23/09/2017 18:06,25/09/2017
ZA-00007324,ZAC0003110,21/09/2017 19:26,COMPLETE,23/09/2017 10:06,27/09/2017 16:21,27/09/2017
ZA-00007325,ZAC0007867,21/09/2017 18:48,COMPLETE,21/09/2017 22:15,26/09/2017 00:12,25/09/2017
ZA-00007326,ZAC0011363,22/09/2017 09:55,COMPLETE,29/09/2017 10:45,01/10/2017 09:45,04/10/2017
ZA-00007327,ZAC0005218,22/09/2017 08:40,COMPLETE,26/09/2017 13:37,30/09/2017 00:57,01/10/2017
ZA-00007328,ZAC0021753,22/09/2017 13:43,COMPLETE,25/09/2017 02:09,26/09/2017 13:50,05/10/2017
ZA-00007329,ZAC0019159,22/09/2017 17:40,COMPLETE,25/09/2017 12:35,28/09/2017 11:44,30/09/2017
ZA-00007330,ZAC0019800,22/09/2017 17:29,COMPLETE,25/09/2017 12:35,27/09/2017 21:55,28/09/2017
ZA-00007331,ZAC0005760,22/09/2017 18:38,COMPLETE,26/09/2017 22:13,28/09/2017 21:24,01/10/2017
ZA-00007332,ZAC0011260,22/09/2017 13:30,COMPLETE,25/09/2017 03:04,30/09/2017 08:40,29/09/2017
ZA-00007333,ZAC0019352,22/09/2017 20:05,COMPLETE,25/09/2017 22:30,01/10/2017 00:23,02/10/2017
ZA-00007334,ZAC0008320,22/09/2017 11:42,COMPLETE,23/09/2017 17:50,26/09/2017 04:54,28/09/2017
ZA-00007335,ZAC0003360,22/09/2017 15:15,COMPLETE,24/09/2017 09:37,26/09/2017 17:11,28/09/2017
ZA-00007336,ZAC0003515,22/09/2017 15:28,COMPLETE,24/09/2017 13:27,28/09/2017 13:35,27/09/2017
ZA-00007337,ZAC0023499,22/09/2017 08:42,COMPLETE,23/09/2017 20:21,29/09/2017 15:00,03/10/2017
ZA-00007338,ZAC0001179,22/09/2017 19:00,COMPLETE,23/09/2017 23:14,26/09/2017 16:47,27/09/2017
ZA-00007339,ZAC0007958,22/09/2017 17:49,PENDING,,,
ZA-00007340,ZAC0015025,22/09/2017 20:35,COMPLETE,23/09/2017 10:05,24/09/2017 07:12,30/09/2017
ZA-00007341,ZAC0019256,22/09/2017 13:53,COMPLETE,25/09/2017 16:05,27/09/2017 12:33,29/09/2017
ZA-00007342,ZAC0022219,22/09/2017 19:02,COMPLETE,25/09/2017 13:56,30/09/2017 14:45,28/09/2017
ZA-00007343,ZAC0017627,22/09/2017 17:01,COMPLETE,25/09/2017 20:26,01/10/2017 08:12,05/10/2017
ZA-00007344,ZAC0022201,22/09/2017 21:37,COMPLETE,27/09/2017 10:47,30/09/2017 18:49,02/10/2017
ZA-00007345,ZAC0018103,22/09/2017 08:29,COMPLETE,25/09/2017 11:43,28/09/2017 19:41,28/09/2017
ZA-00007346,ZAC0021438,22/09/2017 11:08,COMPLETE,24/09/2017 09:26,27/09/2017 18:37,28/09/2017
ZA-00007347,ZAC0000586,22/09/2017 21:12,COMPLETE,25/09/2017 03:50,30/09/2017 00:33,28/09/2017
ZA-00007348,ZAC0000913,22/09/2017 20:53,COMPLETE,23/09/2017 21:34,26/09/2017 17:02,26/09/2017
ZA-00007349,ZAC0022311,22/09/2017 18:07,COMPLETE,27/09/2017 20:00,30/09/2017 07:13,01/10/2017
ZA-00007350,ZAC0023321,22/09/2017 11:06,COMPLETE,23/09/2017 22:56,30/09/2017 11:36,30/09/2017
ZA-00007351,ZAC0004745,22/09/2017 06:19,COMPLETE,25/09/2017 10:15,04/10/2017 02:55,28/09/2017
ZA-00007352,ZAC0012201,22/09/2017 09:56,COMPLETE,22/09/2017 17:12,30/09/2017 18:44,26/09/2017
ZA-00007353,ZAC0011543,22/09/2017 20:11,COMPLETE,24/09/2017 09:32,29/09/2017 13:57,29/09/2017
ZA-00007354,ZAC0019893,22/09/2017 22:42,COMPLETE,24/09/2017 11:55,30/09/2017 04:16,29/09/2017
ZA-00007355,ZAC0012360,22/09/2017 14:13,RETURNED,24/09/2017 11:16,26/09/2017 14:28,29/09/2017
ZA-00007356,ZAC0018250,22/09/2017 15:01,COMPLETE,24/09/2017 04:05,26/09/2017 03:49,28/09/2017
ZA-00007357,ZAC0009872,22/09/2017 19:45,COMPLETE,23/09/2017 06:16,02/10/2017 04:05,28/09/2017
ZA-00007358,ZAC0012233,22/09/2017 22:00,COMPLETE,24/09/2017 10:06,29/09/2017 03:13,28/09/2017
ZA-00007359,ZAC0001559,22/09/2017 06:10,DISPATCHED,25/09/2017 00:28,,29/09/2017
ZA-00007360,ZAC0011374,22/09/2017 21:41,COMPLETE,23/09/2017 15:04,02/10/2017 08:05,03/10/2017
ZA-00007361,ZAC0013304,22/09/2017 13:54,PENDING,,,
ZA-00007362,ZAC0003367,22/09/2017 06:04,COMPLETE,28/09/2017 02:43,02/10/2017 07:03,02/10/2017
ZA-00007363,ZAC0023345,22/09/2017 14:49,RETURNED,23/09/2017 08:51,25/09/2017 02:29,27/09/2017
ZA-00007364,ZAC0005735,22/09/2017 13:15,COMPLETE,22/09/2017 18:00,26/09/2017 00:19,29/09/2017
ZA-00007365,ZAC0020305,22/09/2017 10:57,COMPLETE,28/09/2017 00:32,05/10/2017 02:07,02/10/2017
ZA-00007366,ZAC0007057,22/09/2017 10:01,COMPLETE,23/09/2017 08:53,27/09/2017 17:25,26/09/2017
ZA-00007367,ZAC0002682,22/09/2017 08:36,COMPLETE,25/09/2017 13:23,26/09/2017 07:59,30/09/2017
ZA-00007368,ZAC0000804,22/09/2017 14:21,COMPLETE,23/09/2017 15:07,26/09/2017 22:04,26/09/2017
ZA-00007369,ZAC0011286,22/09/2017 14:07,COMPLETE,23/09/2017 18:19,29/09/2017 11:44,26/09/2017
ZA-00007370,ZAC0003664,22/09/2017 18:23,COMPLETE,26/09/2017 05:18,01/10/2017 08:37,29/09/2017
ZA-00007371,ZAC0013927,22/09/2017 17:48,COMPLETE,22/09/2017 20:15,02/10/2017 05:49,29/09/2017
ZA-00007372,ZAC0002634,22/09/2017 10:53,COMPLETE,23/09/2017 03:05,25/09/2017 01:44,26/09/2017
ZA-00007373,ZAC0003390,22/09/2017 09:26,COMPLETE,24/09/2017 05:22,29/09/2017 04:42,28/09/2017
ZA-00007374,ZAC0007206,22/09/2017 06:46,COMPLETE,24/09/2017 02:39,03/10/2017 02:47,28/09/2017
ZA-00007375,ZAC0004914,23/09/2017 11:52,COMPLETE,23/09/2017 23:45,26/09/2017 03:26,28/09/2017
ZA-00007376,ZAC0001262,23/09/2017 21:07,RETURNED,24/09/2017 20:56,27/09/2017 18:51,29/09/2017
ZA-00007377,ZAC0017086,23/09/2017 08:19,COMPLETE,24/09/2017 22:28,29/09/2017 00:04,27/09/2017
ZA-00007378,ZAC0005103,23/09/2017 10:48,COMPLETE,29/09/2017 22:42,30/09/2017 22:07,03/10/2017
ZA-00007379,ZAC0005044,23/09/2017 12:54,COMPLETE,26/09/2017 03:56,29/09/2017 01:58,30/09/2017
ZA-00007380,ZAC0005449,23/09/2017 12:15,COMPLETE,26/09/2017 13:59,29/09/2017 04:19,29/09/2017
ZA-00007381,ZAC0011596,23/09/2017 16:14,COMPLETE,24/09/2017 05:18,26/09/2017 04:04,01/10/2017
ZA-00007382,ZAC0007189,23/09/2017 21:58,COMPLETE,28/09/2017 12:41,12/10/2017 00:22,03/10/2017
ZA-00007383,ZAC0014606,23/09/2017 12:09,PENDING,,,
ZA-00007384,ZAC0004669,23/09/2017 14:26,COMPLETE,23/09/2017 23:59,25/09/2017 03:10,26/09/2017
ZA-00007385,ZAC0018272,23/09/2017 13:16,COMPLETE,25/09/2017 23:55,03/10/2017 12:00,05/10/2017
ZA-00007386,ZAC0011289,23/09/2017 17:21,COMPLETE,25/09/2017 15:52,27/09/2017 07:18,02/10/2017
ZA-00007387,ZAC0012924,23/09/2017 06:22,COMPLETE,25/09/2017 07:11,26/09/2017 14:12,29/09/2017
ZA-00007388,ZAC0019909,23/09/2017 14:34,DISPATCHED,24/09/2017 02:48,,01/10/2017
ZA-00007389,ZAC0019479,23/09/2017 20:09,COMPLETE,25/09/2017 11:17,06/10/2017 13:09,30/09/2017
ZA-00007390,ZAC0005924,23/09/2017 20:09,COMPLETE,28/09/2017 18:53,02/10/2017 15:26,02/10/2017
ZA-00007391,ZAC0019028,23/09/2017 12:54,COMPLETE,24/09/2017 05:39,27/09/2017 14:50,29/09/2017
ZA-00007392,ZAC0002135,23/09/2017 12:50,CANCELLED,,,
ZA-00007393,ZAC0014479,23/09/2017 15:51,COMPLETE,25/09/2017 07:29,28/09/2017 14:02,05/10/2017
ZA-00007394,ZAC0005652,23/09/2017 09:06,COMPLETE,24/09/2017 09:37,25/09/2017 13:09,01/10/2017
ZA-00007395,ZAC0020315,23/09/2017 13:04,COMPLETE,24/09/2017 10:15,26/09/2017 02:00,01/10/2017
ZA-00007396,ZAC0008453,23/09/2017 21:12,COMPLETE,25/09/2017 04:34,28/09/2017 22:52,29/09/2017
ZA-00007397,ZAC0014832,23/09/2017 14:33,COMPLETE,24/09/2017 14:48,01/10/2017 19:23,29/09/2017
ZA-00007398,ZAC0001460,23/09/2017 15:54,COMPLETE,25/09/2017 04:35,02/10/2017 05:29,28/09/2017
ZA-00007399,ZAC0021260,23/09/2017 09:17,COMPLETE,27/09/2017 17:40,05/10/2017 03:49,01/10/2017
ZA-00007400,ZAC0000526,23/09/2017 14:59,COMPLETE,25/09/2017 16:20,27/09/2017 21:28,30/09/2017
ZA-00007401,ZAC0014775,23/09/2017 07:21,COMPLETE,25/09/2017 01:06,29/09/2017 01:58,28/09/2017
ZA-00007402,ZAC0017501,23/09/2017 11:40,COMPLETE,24/09/2017 10:46,26/09/2017 14:05,28/09/2017
ZA-00007403,ZAC0015660,23/09/2017 12:41,COMPLETE,26/09/2017 01:07,12/10/2017 17:54,29/09/2017
ZA-00007404,ZAC0016716,23/09/2017 12:22,COMPLETE,27/09/2017 06:23,30/09/2017 08:48,01/10/2017
ZA-00007405,ZAC0000863,23/09/2017 20:53,COMPLETE,26/09/2017 00:45,29/09/2017 23:22,30/09/2017
ZA-00007406,ZAC0004330,23/09/2017 08:53,COMPLETE,24/09/2017 01:31,01/10/2017 18:19,27/09/2017
ZA-00007407,ZAC0001790,23/09/2017 08:23,COMPLETE,26/09/2017 20:11,29/09/2017 21:38,29/09/2017
ZA-00007408,ZAC0011336,23/09/2017 10:55,COMPLETE,26/09/2017 07:36,27/09/2017 19:49,06/10/2017
ZA-00007409,ZAC0015653,23/09/2017 15:54,PENDING,,,
ZA-00007410,ZAC0000955,23/09/2017 06:08,COMPLETE,24/09/2017 05:13,28/09/2017 07:10,28/09/2017
ZA-00007411,ZAC0019456,23/09/2017 21:47,COMPLETE,30/09/2017 10:53,09/10/2017 17:57,04/10/2017
ZA-00007412,ZAC0012421,24/09/2017 10:44,COMPLETE,25/09/2017 20:57,29/09/2017 07:03,29/09/2017
ZA-00007413,ZAC0014978,24/09/2017 08:53,COMPLETE,28/09/2017 00:19,01/10/2017 00:06,03/10/2017
ZA-00007414,ZAC0007226,24/09/2017 20:59,COMPLETE,27/09/2017 09:12,29/09/2017 11:58,04/10/2017
ZA-00007415,ZAC0021771,24/09/2017 18:03,COMPLETE,26/09/2017 15:04,29/09/2017 05:34,03/10/2017
ZA-00007416,ZAC0021352,24/09/2017 10:09,COMPLETE,25/09/2017 09:52,28/09/2017 04:02,02/10/2017
ZA-00007417,ZAC0012949,24/09/2017 22:04,COMPLETE,26/09/2017 08:34,30/09/2017 06:36,06/10/2017
ZA-00007418,ZAC0014329,24/09/2017 18:19,COMPLETE,25/09/2017 07:33,30/09/2017 00:48,29/09/2017
ZA-00007419,ZAC0010821,24/09/2017 07:11,COMPLETE,28/09/2017 04:17,05/10/2017 03:49,02/10/2017
ZA-00007420,ZAC0021559,24/09/2017 09:33,COMPLETE,25/09/2017 17:58,04/10/2017 22:13,30/09/2017
ZA-00007421,ZAC0004088,24/09/2017 15:13,COMPLETE,29/09/2017 21:00,09/10/2017 01:29,04/10/2017
ZA-00007422,ZAC0001968,24/09/2017 16:58,COMPLETE,26/09/2017 19:59,01/10/2017 12:31,01/10/2017
ZA-00007423,ZAC0002208,24/09/2017 15:33,COMPLETE,26/09/2017 01:05,27/09/2017 22:09,30/09/2017
ZA-00007424,ZAC0020024,24/09/2017 13:30,COMPLETE,25/09/2017 23:50,03/10/2017 23:29,29/09/2017
ZA-00007425,ZAC0008334,24/09/2017 14:04,COMPLETE,28/09/2017 09:25,02/10/2017 11:03,08/10/2017
ZA-00007426,ZAC0019489,24/09/2017 20:03,COMPLETE,25/09/2017 11:21,28/09/2017 23:19,28/09/2017
ZA-00007427,ZAC0014736,24/09/2017 20:14,COMPLETE,27/09/2017 09:41,02/10/2017 20:37,04/10/2017
ZA-00007428,ZAC0020669,24/09/2017 14:17,COMPLETE,25/09/2017 15:54,04/10/2017 03:05,28/09/2017
ZA-00007429,ZAC0017589,24/09/2017 13:29,CANCELLED,,,
ZA-00007430,ZAC0020339,24/09/2017 20:40,COMPLETE,01/10/2017 23:10,07/10/2017 14:20,04/10/2017
ZA-00007431,ZAC0005341,24/09/2017 15:39,COMPLETE,27/09/2017 13:59,29/09/2017 21:00,04/10/2017
ZA-00007432,ZAC0013251,24/09/2017 13:37,COMPLETE,26/09/2017 01:24,30/09/2017 12:31,03/10/2017
ZA-00007433,ZAC0018537,24/09/2017 10:26,COMPLETE,24/09/2017 20:15,25/09/2017 16:45,27/09/2017
ZA-00007434,ZAC0000234,24/09/2017 12:59,RETURNED,27/09/2017 14:45,28/09/2017 11:16,02/10/2017
ZA-00007435,ZAC0021969,24/09/2017 14:53,COMPLETE,25/09/2017 13:03,28/09/2017 11:18,29/09/2017
ZA-00007436,ZAC0010328,24/09/2017 22:31,COMPLETE,26/09/2017 06:20,05/10/2017 18:34,30/09/2017
ZA-00007437,ZAC0010566,24/09/2017 12:47,CANCELLED,,,
ZA-00007438,ZAC0008468,24/09/2017 08:00,COMPLETE,25/09/2017 18:46,05/10/2017 20:27,02/10/2017
ZA-00007439,ZAC0016656,24/09/2017 21:50,COMPLETE,28/09/2017 12:31,01/10/2017 04:28,01/10/2017
ZA-00007440,ZAC0000873,24/09/2017 09:35,COMPLETE,25/09/2017 15:32,27/09/2017 18:01,28/09/2017
ZA-00007441,ZAC0005312,24/09/2017 20:22,COMPLETE,26/09/2017 14:38,08/10/2017 06:03,03/10/2017
ZA-00007442,ZAC0013157,24/09/2017 12:29,COMPLETE,26/09/2017 16:56,03/10/2017 03:02,30/09/2017
ZA-00007443,ZAC0003957,24/09/2017 10:44,COMPLETE,27/09/2017 12:50,28/09/2017 06:35,30/09/2017
ZA-00007444,ZAC0003210,24/09/2017 15:22,COMPLETE,27/09/2017 12:32,05/10/2017 05:49,04/10/2017
ZA-00007445,ZAC0017468,24/09/2017 22:24,COMPLETE,26/09/2017 04:25,02/10/2017 04:50,01/10/2017
ZA-00007446,ZAC0015443,24/09/2017 18:38,COMPLETE,26/09/2017 09:17,09/10/2017 08:27,01/10/2017
ZA-00007447,ZAC0018645,24/09/2017 13:02,COMPLETE,27/09/2017 17:10,03/10/2017 07:21,02/10/2017
ZA-00007448,ZAC0021100,24/09/2017 19:46,COMPLETE,28/09/2017 17:42,02/10/2017 23:50,08/10/2017
ZA-00007449,ZAC0017622,24/09/2017 20:44,COMPLETE,26/09/2017 21:26,29/09/2017 19:01,03/10/2017
ZA-00007450,ZAC0017726,24/09/2017 13:26,COMPLETE,27/09/2017 13:32,04/10/2017 04:05,02/10/2017
ZA-00007451,ZAC0004022,24/09/2017 06:49,COMPLETE,26/09/2017 18:51,28/09/2017 06:12,30/09/2017
ZA-00007452,ZAC0011977,24/09/2017 21:33,COMPLETE,27/09/2017 09:27,28/09/2017 12:03,01/10/2017
ZA-00007453,ZAC0018862,24/09/2017 13:29,COMPLETE,25/09/2017 17:22,26/09/2017 21:21,29/09/2017
ZA-00007454,ZAC0003744,24/09/2017 13:24,COMPLETE,01/10/2017 07:36,04/10/2017 14:07,08/10/2017
ZA-00007455,ZAC0000337,24/09/2017 09:21,COMPLETE,27/09/2017 19:52,04/10/2017 08:46,30/09/2017
ZA-00007456,ZAC0003247,24/09/2017 06:53,RETURNED,26/09/2017 16:35,03/10/2017 12:15,30/09/2017
ZA-00007457,ZAC0010084,24/09/2017 19:55,COMPLETE,25/09/2017 05:58,02/10/2017 20:32,30/09/2017
ZA-00007458,ZAC0013541,24/09/2017 07:27,COMPLETE,30/09/2017 06:32,06/10/2017 08:15,07/10/2017
ZA-00007459,ZAC0016119,24/09/2017 09:08,COMPLETE,27/09/2017 06:11,01/10/2017 06:07,02/10/2017
ZA-00007460,ZAC0003611,24/09/2017 16:01,COMPLETE,28/09/2017 02:19,06/10/2017 04:49,01/10/2017
ZA-00007461,ZAC0019107,24/09/2017 07:38,COMPLETE,28/09/2017 07:28,01/10/2017 15:28,01/10/2017
ZA-00007462,ZAC0021332,24/09/2017 10:16,COMPLETE,25/09/2017 04:39,27/09/2017 13:52,02/10/2017
ZA-00007463,ZAC0022929,24/09/2017 09:48,COMPLETE,25/09/2017 16:08,01/10/2017 07:38,28/09/2017
ZA-00007464,ZAC0007240,24/09/2017 18:08,COMPLETE,26/09/2017 18:23,01/10/2017 21:05,29/09/2017
ZA-00007465,ZAC0023510,24/09/2017 19:18,COMPLETE,26/09/2017 19:58,27/09/2017 18:38,06/10/2017
ZA-00007466,ZAC0022721,25/09/2017 21:53,COMPLETE,27/09/2017 02:21,02/10/2017 17:45,04/10/2017
ZA-00007467,ZAC0007363,25/09/2017 11:02,COMPLETE,26/09/2017 12:51,28/09/2017 22:18,01/10/2017
ZA-00007468,ZAC0015890,25/09/2017 16:42,COMPLETE,04/10/2017 19:09,08/10/2017 17:47,09/10/2017
ZA-00007469,ZAC0014835,25/09/2017 22:59,COMPLETE,27/09/2017 11:20,29/09/2017 17:50,30/09/2017
ZA-00007470,ZAC0021337,25/09/2017 19:08,COMPLETE,29/09/2017 16:04,06/10/2017 11:53,02/10/2017
ZA-00007471,ZAC0014747,25/09/2017 19:33,COMPLETE,26/09/2017 05:17,29/09/2017 07:20,29/09/2017
ZA-00007472,ZAC0015812,25/09/2017 17:16,COMPLETE,28/09/2017 07:21,01/10/2017 08:30,03/10/2017
ZA-00007473,ZAC0018846,25/09/2017 21:00,COMPLETE,29/09/2017 17:33,08/10/2017 10:08,04/10/2017
ZA-00007474,ZAC0017849,25/09/2017 08:04,COMPLETE,26/09/2017 01:44,30/09/2017 23:36,01/10/2017
ZA-00007475,ZAC0012602,25/09/2017 16:00,COMPLETE,29/09/2017 23:55,07/10/2017 13:33,04/10/2017
ZA-00007476,ZAC0000944,25/09/2017 13:08,COMPLETE,28/09/2017 19:32,02/10/2017 00:21,03/10/2017
ZA-00007477,ZAC0012006,25/09/2017 11:05,PENDING,,,
ZA-00007478,ZAC0019420,25/09/2017 16:54,COMPLETE,26/09/2017 00:34,30/09/2017 02:23,03/10/2017
ZA-00007479,ZAC0014498,25/09/2017 15:28,COMPLETE,27/09/2017 07:56,28/09/2017 23:33,01/10/2017
ZA-00007480,ZAC0010575,25/09/2017 22:22,COMPLETE,27/09/2017 21:51,28/09/2017 10:34,02/10/2017
ZA-00007481,ZAC0017422,25/09/2017 06:51,COMPLETE,27/09/2017 11:51,29/09/2017 02:27,01/10/2017
ZA-00007482,ZAC0021310,25/09/2017 15:01,COMPLETE,29/09/2017 08:47,07/10/2017 07:29,02/10/2017
ZA-00007483,ZAC0004714,25/09/2017 18:31,COMPLETE,27/09/2017 14:04,01/10/2017 02:08,01/10/2017
ZA-00007484,ZAC0006281,25/09/2017 17:29,COMPLETE,25/09/2017 23:58,02/10/2017 21:56,05/10/2017
ZA-00007485,ZAC0001360,25/09/2017 10:16,CANCELLED,,,
ZA-00007486,ZAC0000190,25/09/2017 09:33,COMPLETE,26/09/2017 09:35,30/09/2017 18:24,29/09/2017
ZA-00007487,ZAC0019286,25/09/2017 20:45,COMPLETE,27/09/2017 13:25,28/09/2017 19:29,02/10/2017
ZA-00007488,ZAC0002496,25/09/2017 07:19,COMPLETE,04/10/2017 17:42,10/10/2017 21:59,08/10/2017
ZA-00007489,ZAC0010139,25/09/2017 21:40,COMPLETE,26/09/2017 21:13,03/10/2017 16:06,03/10/2017
ZA-00007490,ZAC0006249,25/09/2017 08:30,COMPLETE,28/09/2017 13:47,05/10/2017 08:55,01/10/2017
ZA-00007491,ZAC0022214,25/09/2017 06:17,CANCELLED,,,
ZA-00007492,ZAC0016161,25/09/2017 12:56,COMPLETE,27/09/2017 16:24,03/10/2017 12:55,04/10/2017
ZA-00007493,ZAC0022591,25/09/2017 21:43,COMPLETE,30/09/2017 02:08,11/10/2017 21:40,04/10/2017
ZA-00007494,ZAC0009741,25/09/2017 17:53,COMPLETE,27/09/2017 18:04,30/09/2017 10:52,01/10/2017
ZA-00007495,ZAC0017048,25/09/2017 16:21,COMPLETE,27/09/2017 11:59,03/10/2017 00:48,04/10/2017
ZA-00007496,ZAC0015436,25/09/2017 16:24,COMPLETE,26/09/2017 06:17,27/09/2017 11:55,03/10/2017
ZA-00007497,ZAC0008441,25/09/2017 11:29,COMPLETE,01/10/2017 13:46,05/10/2017 19:12,11/10/2017
ZA-00007498,ZAC0000227,25/09/2017 21:35,COMPLETE,29/09/2017 16:02,02/10/2017 15:00,04/10/2017
ZA-00007499,ZAC0000852,25/09/2017 15:07,COMPLETE,26/09/2017 20:22,28/09/2017 06:58,29/09/2017
ZA-00007500,ZAC0008472,25/09/2017 14:42,COMPLETE,30/09/2017 08:27,03/10/2017 15:36,05/10/2017
ZA-00007501,ZAC0005012,25/09/2017 08:56,COMPLETE,26/09/2017 08:43,28/09/2017 07:01,30/09/2017
ZA-00007502,ZAC0001221,25/09/2017 20:37,COMPLETE,28/09/2017 03:24,04/10/2017 14:29,01/10/2017
ZA-00007503,ZAC0007186,25/09/2017 10:38,COMPLETE,28/09/2017 09:59,08/10/2017 17:11,01/10/2017
ZA-00007504,ZAC0020290,25/09/2017 21:14,COMPLETE,26/09/2017 00:07,26/09/2017 09:44,01/10/2017
ZA-00007505,ZAC0011285,25/09/2017 11:15,COMPLETE,25/09/2017 21:21,27/09/2017 15:53,30/09/2017
ZA-00007506,ZAC0020124,25/09/2017 18:49,COMPLETE,28/09/2017 07:38,02/10/2017 14:40,03/10/2017
ZA-00007507,ZAC0010644,25/09/2017 11:08,COMPLETE,27/09/2017 20:27,05/10/2017 13:45,02/10/2017
ZA-00007508,ZAC0015518,25/09/2017 21:31,COMPLETE,26/09/2017 02:51,01/10/2017 07:30,30/09/2017
ZA-00007509,ZAC0010470,25/09/2017 11:58,COMPLETE,26/09/2017 06:44,04/10/2017 10:52,30/09/2017
ZA-00007510,ZAC0022306,25/09/2017 16:35,COMPLETE,28/09/2017 23:00,05/10/2017 23:54,03/10/2017
ZA-00007511,ZAC0023140,25/09/2017 12:02,DISPATCHED,26/09/2017 09:55,,30/09/2017
ZA-00007512,ZAC0000026,25/09/2017 16:04,COMPLETE,28/09/2017 15:14,30/09/2017 12:09,02/10/2017
ZA-00007513,ZAC0022412,26/09/2017 21:40,COMPLETE,27/09/2017 07:24,06/10/2017 23:53,01/10/2017
ZA-00007514,ZAC0021335,26/09/2017 11:33,COMPLETE,28/09/2017 06:46,04/10/2017 17:40,02/10/2017
ZA-00007515,ZAC0007852,26/09/2017 17:57,COMPLETE,30/09/2017 03:30,02/10/2017 16:06,07/10/2017
ZA-00007516,ZAC0004322,26/09/2017 07:55,COMPLETE,29/09/2017 21:26,03/10/2017 16:21,04/10/2017
ZA-00007517,ZAC0011755,26/09/2017 17:24,COMPLETE,27/09/2017 16:21,28/09/2017 07:38,01/10/2017
ZA-00007518,ZAC0011486,26/09/2017 13:51,DISPATCHED,27/09/2017 16:27,,02/10/2017
ZA-00007519,ZAC0016582,26/09/2017 19:58,COMPLETE,27/09/2017 21:50,05/10/2017 22:02,01/10/2017
ZA-00007520,ZAC0001687,26/09/2017 15:50,COMPLETE,28/09/2017 15:59,30/09/2017 05:47,01/10/2017
ZA-00007521,ZAC0009193,26/09/2017 07:25,COMPLETE,27/09/2017 10:44,29/09/2017 06:04,04/10/2017
ZA-00007522,ZAC0008280,26/09/2017 13:04,COMPLETE,02/10/2017 21:56,14/10/2017 10:33,12/10/2017
ZA-00007523,ZAC0020997,26/09/2017 09:01,COMPLETE,27/09/2017 01:03,29/09/2017 21:58,30/09/2017
ZA-00007524,ZAC0022957,26/09/2017 07:44,COMPLETE,01/10/2017 03:45,01/10/2017 22:36,05/10/2017
ZA-00007525,ZAC0001075,26/09/2017 06:44,COMPLETE,30/09/2017 08:57,03/10/2017 02:13,07/10/2017
ZA-00007526,ZAC0020823,26/09/2017 16:12,COMPLETE,27/09/2017 22:15,30/09/2017 01:29,04/10/2017
ZA-00007527,ZAC0009913,26/09/2017 08:38,COMPLETE,27/09/2017 17:40,29/09/2017 07:43,30/09/2017
ZA-00007528,ZAC0018788,26/09/2017 08:23,COMPLETE,29/09/2017 04:12,05/10/2017 09:51,03/10/2017
ZA-00007529,ZAC0023597,26/09/2017 17:37,COMPLETE,27/09/2017 16:54,30/09/2017 09:09,30/09/2017
ZA-00007530,ZAC0015700,26/09/2017 08:23,COMPLETE,30/09/2017 20:20,05/10/2017 19:06,04/10/2017
ZA-00007531,ZAC0004006,26/09/2017 20:59,COMPLETE,28/09/2017 07:32,29/09/2017 21:32,03/10/2017
ZA-00007532,ZAC0013768,26/09/2017 06:44,COMPLETE,28/09/2017 07:39,03/10/2017 05:16,08/10/2017
ZA-00007533,ZAC0010536,26/09/2017 13:43,COMPLETE,28/09/2017 00:04,01/10/2017 05:27,05/10/2017
ZA-00007534,ZAC0002201,26/09/2017 19:15,COMPLETE,28/09/2017 00:50,08/10/2017 18:13,02/10/2017
ZA-00007535,ZAC0013970,26/09/2017 13:22,COMPLETE,28/09/2017 16:50,02/10/2017 00:26,03/10/2017
ZA-00007536,ZAC0008077,26/09/2017 12:56,COMPLETE,28/09/2017 01:08,30/09/2017 02:40,02/10/2017
ZA-00007537,ZAC0021763,26/09/2017 18:28,COMPLETE,01/10/2017 11:49,03/10/2017 06:55,05/10/2017
ZA-00007538,ZAC0004716,26/09/2017 12:05,COMPLETE,29/09/2017 00:11,01/10/2017 18:54,06/10/2017
ZA-00007539,ZAC0005022,26/09/2017 18:45,COMPLETE,28/09/2017 20:15,02/10/2017 02:01,08/10/2017
ZA-00007540,ZAC0013371,26/09/2017 22:22,COMPLETE,28/09/2017 18:33,03/10/2017 06:59,03/10/2017
ZA-00007541,ZAC0022990,26/09/2017 18:51,COMPLETE,27/09/2017 17:22,29/09/2017 11:53,02/10/2017
ZA-00007542,ZAC0005904,26/09/2017 06:55,COMPLETE,28/09/2017 07:41,29/09/2017 22:07,03/10/2017
ZA-00007543,ZAC0004026,26/09/2017 10:06,COMPLETE,28/09/2017 11:45,06/10/2017 04:11,01/10/2017
ZA-00007544,ZAC0018975,26/09/2017 06:53,COMPLETE,27/09/2017 12:40,06/10/2017 04:33,02/10/2017
ZA-00007545,ZAC0007085,26/09/2017 22:28,COMPLETE,27/09/2017 13:03,05/10/2017 09:25,30/09/2017
ZA-00007546,ZAC0002916,26/09/2017 14:46,COMPLETE,28/09/2017 14:37,01/10/2017 11:36,03/10/2017
ZA-00007547,ZAC0012879,26/09/2017 11:45,COMPLETE,29/09/2017 21:31,02/10/2017 09:39,09/10/2017
ZA-00007548,ZAC0000320,26/09/2017 10:38,COMPLETE,28/09/2017 00:32,09/10/2017 17:27,05/10/2017
ZA-00007549,ZAC0009421,26/09/2017 08:17,COMPLETE,29/09/2017 08:47,03/10/2017 15:59,04/10/2017
ZA-00007550,ZAC0011980,26/09/2017 08:26,COMPLETE,01/10/2017 16:33,07/10/2017 21:39,04/10/2017
ZA-00007551,ZAC0005775,26/09/2017 19:39,COMPLETE,29/09/2017 03:48,30/09/2017 04:29,06/10/2017
ZA-00007552,ZAC0019386,26/09/2017 07:09,COMPLETE,27/09/2017 02:37,03/10/2017 19:53,30/09/2017
ZA-00007553,ZAC0008074,26/09/2017 19:07,COMPLETE,30/09/2017 10:15,01/10/2017 12:51,03/10/2017
ZA-00007554,ZAC0021149,26/09/2017 10:34,DISPATCHED,29/09/2017 09:16,,06/10/2017
ZA-00007555,ZAC0022580,26/09/2017 11:30,COMPLETE,29/09/2017 00:25,08/10/2017 04:16,04/10/2017
ZA-00007556,ZAC0022268,26/09/2017 19:30,CANCELLED,,,
ZA-00007557,ZAC0014517,26/09/2017 22:02,DISPATCHED,27/09/2017 14:01,,30/09/2017
ZA-00007558,ZAC0015216,26/09/2017 22:28,COMPLETE,29/09/2017 03:24,03/10/2017 02:46,09/10/2017
ZA-00007559,ZAC0019724,26/09/2017 21:29,CANCELLED,,,
ZA-00007560,ZAC0005182,26/09/2017 16:16,COMPLETE,26/09/2017 23:04,30/09/2017 10:06,03/10/2017
ZA-00007561,ZAC0012471,26/09/2017 17:03,COMPLETE,27/09/2017 17:44,30/09/2017 10:10,01/10/2017
ZA-00007562,ZAC0004853,27/09/2017 11:34,COMPLETE,27/09/2017 23:56,30/09/2017 08:50,01/10/2017
ZA-00007563,ZAC0018389,27/09/2017 18:47,COMPLETE,29/09/2017 09:54,03/10/2017 16:03,02/10/2017
ZA-00007564,ZAC0012881,27/09/2017 09:58,CANCELLED,,,
ZA-00007565,ZAC0000853,27/09/2017 09:05,COMPLETE,29/09/2017 06:27,05/10/2017 19:57,03/10/2017
ZA-00007566,ZAC0009884,27/09/2017 13:37,COMPLETE,30/09/2017 08:53,02/10/2017 08:19,07/10/2017
ZA-00007567,ZAC0013328,27/09/2017 07:24,COMPLETE,30/09/2017 18:07,03/10/2017 20:22,03/10/2017
ZA-00007568,ZAC0013762,27/09/2017 19:57,COMPLETE,29/09/2017 14:13,03/10/2017 03:03,04/10/2017
ZA-00007569,ZAC0021242,27/09/2017 21:26,COMPLETE,29/09/2017 09:21,04/10/2017 06:48,03/10/2017
ZA-00007570,ZAC0009451,27/09/2017 21:55,COMPLETE,02/10/2017 07:28,09/10/2017 00:11,12/10/2017
ZA-00007571,ZAC0006719,27/09/2017 20:53,COMPLETE,29/09/2017 15:08,03/10/2017 21:20,04/10/2017
ZA-00007572,ZAC0013379,27/09/2017 06:13,COMPLETE,29/09/2017 08:16,30/09/2017 10:50,03/10/2017
ZA-00007573,ZAC0008792,27/09/2017 12:59,COMPLETE,29/09/2017 10:06,03/10/2017 17:31,02/10/2017
ZA-00007574,ZAC0023144,27/09/2017 20:59,COMPLETE,28/09/2017 22:52,06/10/2017 09:55,01/10/2017
ZA-00007575,ZAC0002467,27/09/2017 20:11,COMPLETE,29/09/2017 08:18,01/10/2017 23:21,02/10/2017
ZA-00007576,ZAC0014221,27/09/2017 07:54,COMPLETE,27/09/2017 20:07,30/09/2017 12:17,01/10/2017
ZA-00007577,ZAC0005223,27/09/2017 22:14,COMPLETE,30/09/2017 06:31,06/10/2017 10:19,05/10/2017
ZA-00007578,ZAC0004892,27/09/2017 20:57,COMPLETE,28/09/2017 19:04,04/10/2017 06:06,02/10/2017
ZA-00007579,ZAC0023729,27/09/2017 13:25,COMPLETE,27/09/2017 22:34,06/10/2017 23:54,07/10/2017
ZA-00007580,ZAC0005072,27/09/2017 11:31,CANCELLED,,,
ZA-00007581,ZAC0002685,27/09/2017 20:59,COMPLETE,02/10/2017 04:02,04/10/2017 16:49,09/10/2017
ZA-00007582,ZAC0019414,27/09/2017 12:12,COMPLETE,01/10/2017 07:31,04/10/2017 18:10,04/10/2017
ZA-00007583,ZAC0001895,27/09/2017 08:19,COMPLETE,29/09/2017 15:04,30/09/2017 16:09,03/10/2017
ZA-00007584,ZAC0019815,27/09/2017 21:36,COMPLETE,30/09/2017 15:35,03/10/2017 14:27,05/10/2017
ZA-00007585,ZAC0021886,27/09/2017 18:42,CANCELLED,,,
ZA-00007586,ZAC0019473,27/09/2017 11:33,COMPLETE,02/10/2017 04:14,04/10/2017 09:09,06/10/2017
ZA-00007587,ZAC0005883,27/09/2017 10:35,COMPLETE,29/09/2017 11:50,30/09/2017 12:12,02/10/2017
ZA-00007588,ZAC0008868,27/09/2017 08:53,COMPLETE,29/09/2017 12:35,03/10/2017 18:45,09/10/2017
ZA-00007589,ZAC0001944,27/09/2017 12:50,COMPLETE,01/10/2017 12:41,10/10/2017 14:15,05/10/2017
ZA-00007590,ZAC0005906,27/09/2017 07:00,PENDING,,,
ZA-00007591,ZAC0014536,27/09/2017 16:47,COMPLETE,28/09/2017 04:24,28/09/2017 22:17,01/10/2017
ZA-00007592,ZAC0004824,27/09/2017 09:01,COMPLETE,29/09/2017 12:16,03/10/2017 07:12,04/10/2017
ZA-00007593,ZAC0009196,27/09/2017 07:47,COMPLETE,28/09/2017 04:11,03/10/2017 15:02,05/10/2017
ZA-00007594,ZAC0006659,27/09/2017 17:02,COMPLETE,30/09/2017 23:33,10/10/2017 20:55,04/10/2017
ZA-00007595,ZAC0013474,27/09/2017 20:15,COMPLETE,05/10/2017 08:01,06/10/2017 07:17,10/10/2017
ZA-00007596,ZAC0007758,27/09/2017 17:53,COMPLETE,28/09/2017 12:33,05/10/2017 08:59,01/10/2017
ZA-00007597,ZAC0008144,27/09/2017 06:12,COMPLETE,28/09/2017 01:28,01/10/2017 08:07,01/10/2017
ZA-00007598,ZAC0014868,27/09/2017 09:06,COMPLETE,28/09/2017 15:02,30/09/2017 22:29,02/10/2017
ZA-00007599,ZAC0019750,27/09/2017 11:25,COMPLETE,29/09/2017 20:34,30/09/2017 14:14,02/10/2017
ZA-00007600,ZAC0007713,27/09/2017 21:12,COMPLETE,29/09/2017 13:31,05/10/2017 12:18,03/10/2017
ZA-00007601,ZAC0006237,27/09/2017 11:36,COMPLETE,29/09/2017 07:52,02/10/2017 00:57,03/10/2017
ZA-00007602,ZAC0013738,27/09/2017 22:59,DISPATCHED,30/09/2017 23:00,,03/10/2017
ZA-00007603,ZAC0004113,27/09/2017 18:22,COMPLETE,29/09/2017 11:38,30/09/2017 11:58,02/10/2017
ZA-00007604,ZAC0001396,27/09/2017 15:20,COMPLETE,28/09/2017 16:24,09/10/2017 07:45,02/10/2017
ZA-00007605,ZAC0011460,28/09/2017 16:24,COMPLETE,30/09/2017 00:33,05/10/2017 06:58,04/10/2017
ZA-00007606,ZAC0003117,28/09/2017 11:22,COMPLETE,29/09/2017 20:00,02/10/2017 00:27,09/10/2017
ZA-00007607,ZAC0007763,28/09/2017 20:24,COMPLETE,30/09/2017 23:40,05/10/2017 22:01,03/10/2017
ZA-00007608,ZAC0010656,28/09/2017 20:25,COMPLETE,30/09/2017 00:25,03/10/2017 10:11,03/10/2017
ZA-00007609,ZAC0008210,28/09/2017 07:53,COMPLETE,30/09/2017 03:49,04/10/2017 18:39,07/10/2017
ZA-00007610,ZAC0002384,28/09/2017 19:00,COMPLETE,29/09/2017 04:15,02/10/2017 02:51,03/10/2017
ZA-00007611,ZAC0022199,28/09/2017 15:26,COMPLETE,30/09/2017 02:21,05/10/2017 08:17,05/10/2017
ZA-00007612,ZAC0010774,28/09/2017 13:37,COMPLETE,01/10/2017 04:51,01/10/2017 09:12,06/10/2017
ZA-00007613,ZAC0006595,28/09/2017 12:41,COMPLETE,02/10/2017 16:24,03/10/2017 08:44,06/10/2017
ZA-00007614,ZAC0023809,28/09/2017 19:17,COMPLETE,08/10/2017 04:08,14/10/2017 15:01,13/10/2017
ZA-00007615,ZAC0012265,28/09/2017 12:12,COMPLETE,29/09/2017 13:51,02/10/2017 04:34,06/10/2017
ZA-00007616,ZAC0020560,28/09/2017 21:51,COMPLETE,02/10/2017 00:01,04/10/2017 10:34,07/10/2017
ZA-00007617,ZAC0009898,28/09/2017 16:30,COMPLETE,29/09/2017 20:33,05/10/2017 23:25,04/10/2017
ZA-00007618,ZAC0018655,28/09/2017 07:03,COMPLETE,28/09/2017 21:18,03/10/2017 10:49,02/10/2017
ZA-00007619,ZAC0006220,28/09/2017 11:51,COMPLETE,28/09/2017 17:03,03/10/2017 10:06,05/10/2017
ZA-00007620,ZAC0001536,28/09/2017 19:41,COMPLETE,30/09/2017 12:31,06/10/2017 23:20,04/10/2017
ZA-00007621,ZAC0003778,28/09/2017 09:27,COMPLETE,29/09/2017 23:20,07/10/2017 23:25,06/10/2017
ZA-00007622,ZAC0008337,28/09/2017 21:05,COMPLETE,30/09/2017 09:22,03/10/2017 19:39,04/10/2017
ZA-00007623,ZAC0021168,28/09/2017 06:12,COMPLETE,30/09/2017 11:35,04/10/2017 19:37,07/10/2017
ZA-00007624,ZAC0018692,28/09/2017 13:59,COMPLETE,29/09/2017 18:22,01/10/2017 19:59,04/10/2017
ZA-00007625,ZAC0013030,28/09/2017 20:11,COMPLETE,04/10/2017 01:29,08/10/2017 16:20,09/10/2017
ZA-00007626,ZAC0023415,28/09/2017 09:16,COMPLETE,02/10/2017 17:14,08/10/2017 15:25,06/10/2017
ZA-00007627,ZAC0000681,28/09/2017 07:33,COMPLETE,29/09/2017 16:07,04/10/2017 10:23,06/10/2017
ZA-00007628,ZAC0005420,28/09/2017 17:38,COMPLETE,30/09/2017 18:40,01/10/2017 19:02,03/10/2017
ZA-00007629,ZAC0009642,28/09/2017 22:30,COMPLETE,03/10/2017 08:44,09/10/2017 17:45,10/10/2017
ZA-00007630,ZAC0013400,28/09/2017 20:40,COMPLETE,29/09/2017 23:36,06/10/2017 17:17,04/10/2017
ZA-00007631,ZAC0008624,28/09/2017 19:44,COMPLETE,01/10/2017 10:50,03/10/2017 09:08,06/10/2017
ZA-00007632,ZAC0000102,28/09/2017 17:25,COMPLETE,29/09/2017 03:24,06/10/2017 21:44,02/10/2017
ZA-00007633,ZAC0009798,28/09/2017 17:13,CANCELLED,,,
ZA-00007634,ZAC0008195,28/09/2017 08:02,COMPLETE,28/09/2017 15:28,01/10/2017 12:10,05/10/2017
ZA-00007635,ZAC0017238,28/09/2017 11:14,COMPLETE,29/09/2017 18:09,04/10/2017 02:59,04/10/2017
ZA-00007636,ZAC0004045,28/09/2017 07:11,COMPLETE,29/09/2017 09:21,30/09/2017 01:28,04/10/2017
ZA-00007637,ZAC0009640,28/09/2017 15:58,COMPLETE,29/09/2017 22:53,04/10/2017 14:36,04/10/2017
ZA-00007638,ZAC0019565,28/09/2017 14:04,COMPLETE,29/09/2017 19:16,30/09/2017 22:51,02/10/2017
ZA-00007639,ZAC0009326,28/09/2017 07:59,COMPLETE,02/10/2017 17:15,03/10/2017 21:36,09/10/2017
ZA-00007640,ZAC0012993,28/09/2017 21:25,COMPLETE,01/10/2017 10:47,05/10/2017 01:55,05/10/2017
ZA-00007641,ZAC0005417,28/09/2017 21:01,COMPLETE,29/09/2017 19:30,04/10/2017 10:33,09/10/2017
ZA-00007642,ZAC0000941,28/09/2017 18:04,COMPLETE,29/09/2017 04:15,30/09/2017 07:07,02/10/2017
ZA-00007643,ZAC0010023,28/09/2017 19:22,COMPLETE,30/09/2017 12:06,09/10/2017 21:29,05/10/2017
ZA-00007644,ZAC0012459,28/09/2017 17:30,COMPLETE,30/09/2017 11:29,01/10/2017 10:52,05/10/2017
ZA-00007645,ZAC0007386,28/09/2017 18:52,COMPLETE,30/09/2017 00:38,02/10/2017 12:48,05/10/2017
ZA-00007646,ZAC0014589,28/09/2017 22:25,COMPLETE,29/09/2017 03:33,30/09/2017 05:05,02/10/2017
ZA-00007647,ZAC0012954,28/09/2017 15:47,COMPLETE,30/09/2017 16:10,11/10/2017 06:16,05/10/2017
ZA-00007648,ZAC0022585,28/09/2017 16:59,COMPLETE,30/09/2017 02:52,02/10/2017 07:44,10/10/2017
ZA-00007649,ZAC0000225,28/09/2017 14:20,COMPLETE,03/10/2017 13:32,08/10/2017 21:56,10/10/2017
ZA-00007650,ZAC0017885,29/09/2017 22:25,COMPLETE,30/09/2017 22:41,08/10/2017 16:37,07/10/2017
ZA-00007651,ZAC0019319,29/09/2017 08:53,COMPLETE,01/10/2017 04:53,07/10/2017 01:29,06/10/2017
ZA-00007652,ZAC0000587,29/09/2017 13:45,COMPLETE,01/10/2017 11:27,05/10/2017 04:16,08/10/2017
ZA-00007653,ZAC0004722,29/09/2017 13:07,COMPLETE,30/09/2017 05:11,02/10/2017 15:06,07/10/2017
ZA-00007654,ZAC0003579,29/09/2017 11:53,COMPLETE,30/09/2017 16:31,06/10/2017 02:23,10/10/2017
ZA-00007655,ZAC0016267,29/09/2017 21:04,COMPLETE,30/09/2017 19:41,09/10/2017 23:26,10/10/2017
ZA-00007656,ZAC0005341,29/09/2017 22:37,COMPLETE,03/10/2017 04:32,05/10/2017 00:50,08/10/2017
ZA-00007657,ZAC0015433,29/09/2017 17:09,COMPLETE,30/09/2017 22:50,05/10/2017 21:56,04/10/2017
ZA-00007658,ZAC0009383,29/09/2017 12:24,COMPLETE,30/09/2017 07:58,02/10/2017 14:35,05/10/2017
ZA-00007659,ZAC0019598,29/09/2017 19:34,COMPLETE,02/10/2017 13:30,06/10/2017 17:28,07/10/2017
ZA-00007660,ZAC0022655,29/09/2017 08:25,COMPLETE,30/09/2017 07:15,07/10/2017 10:40,07/10/2017
ZA-00007661,ZAC0009723,29/09/2017 11:33,COMPLETE,02/10/2017 02:40,09/10/2017 13:17,05/10/2017
ZA-00007662,ZAC0008349,29/09/2017 08:22,COMPLETE,01/10/2017 05:33,07/10/2017 08:27,05/10/2017
ZA-00007663,ZAC0001691,29/09/2017 18:50,COMPLETE,02/10/2017 04:20,10/10/2017 04:16,06/10/2017
ZA-00007664,ZAC0017567,29/09/2017 16:47,COMPLETE,30/09/2017 22:29,13/10/2017 11:49,10/10/2017
ZA-00007665,ZAC0002032,29/09/2017 16:31,COMPLETE,01/10/2017 20:49,09/10/2017 10:36,04/10/2017
ZA-00007666,ZAC0015118,29/09/2017 14:42,COMPLETE,03/10/2017 12:34,07/10/2017 15:55,08/10/2017
ZA-00007667,ZAC0010914,29/09/2017 07:28,COMPLETE,02/10/2017 09:01,04/10/2017 13:44,07/10/2017
ZA-00007668,ZAC0008400,29/09/2017 07:38,COMPLETE,04/10/2017 04:45,08/10/2017 05:12,07/10/2017
ZA-00007669,ZAC0011205,29/09/2017 11:25,COMPLETE,08/10/2017 15:09,10/10/2017 11:45,18/10/2017
ZA-00007670,ZAC0023058,29/09/2017 12:45,COMPLETE,02/10/2017 02:09,02/10/2017 23:05,12/10/2017
ZA-00007671,ZAC0006489,29/09/2017 20:03,COMPLETE,02/10/2017 12:17,07/10/2017 20:06,05/10/2017
ZA-00007672,ZAC0015281,29/09/2017 17:07,COMPLETE,02/10/2017 03:26,05/10/2017 19:14,06/10/2017
ZA-00007673,ZAC0004897,29/09/2017 10:44,COMPLETE,29/09/2017 21:52,02/10/2017 00:12,04/10/2017
ZA-00007674,ZAC0013547,29/09/2017 14:10,COMPLETE,02/10/2017 18:14,06/10/2017 07:58,07/10/2017
ZA-00007675,ZAC0019155,29/09/2017 09:08,COMPLETE,02/10/2017 06:52,04/10/2017 02:52,05/10/2017
ZA-00007676,ZAC0010780,29/09/2017 22:28,COMPLETE,01/10/2017 17:28,04/10/2017 23:13,06/10/2017
ZA-00007677,ZAC0005607,29/09/2017 14:36,COMPLETE,29/09/2017 19:21,06/10/2017 02:10,03/10/2017
ZA-00007678,ZAC0021449,29/09/2017 07:22,COMPLETE,29/09/2017 18:42,03/10/2017 07:59,02/10/2017
ZA-00007679,ZAC0021339,29/09/2017 15:33,COMPLETE,01/10/2017 18:31,07/10/2017 07:15,05/10/2017
ZA-00007680,ZAC0008771,29/09/2017 10:36,COMPLETE,30/09/2017 05:32,03/10/2017 15:02,05/10/2017
ZA-00007681,ZAC0012713,29/09/2017 08:03,COMPLETE,06/10/2017 02:49,07/10/2017 22:58,11/10/2017
ZA-00007682,ZAC0021540,29/09/2017 21:58,COMPLETE,02/10/2017 06:10,06/10/2017 07:37,07/10/2017
ZA-00007683,ZAC0017482,29/09/2017 06:47,COMPLETE,30/09/2017 15:57,08/10/2017 08:58,04/10/2017
ZA-00007684,ZAC0012817,29/09/2017 15:37,COMPLETE,01/10/2017 15:22,05/10/2017 16:36,11/10/2017
ZA-00007685,ZAC0006560,29/09/2017 21:55,CANCELLED,,,
ZA-00007686,ZAC0001885,29/09/2017 14:54,COMPLETE,30/09/2017 14:46,08/10/2017 22:54,10/10/2017
ZA-00007687,ZAC0022270,29/09/2017 21:11,COMPLETE,02/10/2017 19:38,06/10/2017 09:45,06/10/2017
ZA-00007688,ZAC0018617,29/09/2017 10:28,COMPLETE,01/10/2017 23:31,03/10/2017 11:28,06/10/2017
ZA-00007689,ZAC0023136,29/09/2017 14:31,CANCELLED,,,
ZA-00007690,ZAC0008118,29/09/2017 16:32,COMPLETE,01/10/2017 14:24,04/10/2017 04:17,08/10/2017
ZA-00007691,ZAC0001140,29/09/2017 16:27,COMPLETE,30/09/2017 19:53,05/10/2017 09:30,04/10/2017
ZA-00007692,ZAC0021786,29/09/2017 17:40,COMPLETE,01/10/2017 14:20,08/10/2017 13:24,06/10/2017
ZA-00007693,ZAC0011655,29/09/2017 18:59,COMPLETE,02/10/2017 22:54,09/10/2017 01:39,06/10/2017
ZA-00007694,ZAC0006344,29/09/2017 11:57,COMPLETE,02/10/2017 00:09,20/10/2017 03:14,05/10/2017
ZA-00007695,ZAC0015853,29/09/2017 18:04,COMPLETE,01/10/2017 18:32,02/10/2017 19:33,05/10/2017
ZA-00007696,ZAC0000713,29/09/2017 09:11,COMPLETE,04/10/2017 13:33,13/10/2017 09:09,08/10/2017
ZA-00007697,ZAC0023790,29/09/2017 06:49,COMPLETE,01/10/2017 16:34,06/10/2017 09:03,05/10/2017
ZA-00007698,ZAC0008510,29/09/2017 14:49,COMPLETE,30/09/2017 20:22,02/10/2017 16:03,04/10/2017
ZA-00007699,ZAC0014264,29/09/2017 08:15,COMPLETE,01/10/2017 17:20,06/10/2017 20:35,06/10/2017
ZA-00007700,ZAC0005609,29/09/2017 11:00,COMPLETE,29/09/2017 19:20,04/10/2017 16:56,02/10/2017
ZA-00007701,ZAC0004741,29/09/2017 08:18,DISPATCHED,30/09/2017 05:55,,05/10/2017
ZA-00007702,ZAC0014194,29/09/2017 22:29,PENDING,,,
ZA-00007703,ZAC0009134,29/09/2017 15:29,COMPLETE,30/09/2017 16:45,07/10/2017 12:46,07/10/2017
ZA-00007704,ZAC0023943,29/09/2017 11:56,COMPLETE,02/10/2017 15:54,04/10/2017 20:31,05/10/2017
ZA-00007705,ZAC0019945,29/09/2017 07:23,COMPLETE,30/09/2017 11:33,03/10/2017 16:51,07/10/2017
ZA-00007706,ZAC0019347,29/09/2017 17:19,COMPLETE,01/10/2017 19:58,06/10/2017 18:17,08/10/2017
ZA-00007707,ZAC0002978,29/09/2017 14:31,COMPLETE,01/10/2017 09:30,08/10/2017 05:22,04/10/2017
ZA-00007708,ZAC0017026,29/09/2017 07:32,COMPLETE,02/10/2017 00:01,08/10/2017 23:31,09/10/2017
ZA-00007709,ZAC0023580,29/09/2017 18:45,COMPLETE,29/09/2017 23:50,04/10/2017 03:34,04/10/2017
ZA-00007710,ZAC0013225,30/09/2017 08:37,COMPLETE,30/09/2017 11:29,07/10/2017 09:14,07/10/2017
ZA-00007711,ZAC0002744,30/09/2017 15:01,DISPATCHED,03/10/2017 01:13,,08/10/2017
ZA-00007712,ZAC0017463,30/09/2017 09:05,COMPLETE,02/10/2017 22:50,05/10/2017 06:13,05/10/2017
ZA-00007713,ZAC0003170,30/09/2017 07:47,COMPLETE,01/10/2017 10:55,07/10/2017 17:57,04/10/2017
ZA-00007714,ZAC0021219,30/09/2017 20:08,COMPLETE,01/10/2017 08:07,06/10/2017 04:43,08/10/2017
ZA-00007715,ZAC0021951,30/09/2017 20:43,COMPLETE,02/10/2017 09:42,06/10/2017 19:22,07/10/2017
ZA-00007716,ZAC0014041,30/09/2017 06:23,COMPLETE,06/10/2017 01:13,09/10/2017 22:00,10/10/2017
ZA-00007717,ZAC0015211,30/09/2017 08:01,COMPLETE,03/10/2017 16:48,07/10/2017 06:21,06/10/2017
ZA-00007718,ZAC0006028,30/09/2017 15:07,COMPLETE,02/10/2017 10:09,07/10/2017 23:38,07/10/2017
ZA-00007719,ZAC0012864,30/09/2017 10:34,COMPLETE,01/10/2017 02:13,05/10/2017 07:19,06/10/2017
ZA-00007720,ZAC0021719,30/09/2017 10:16,COMPLETE,02/10/2017 07:02,06/10/2017 21:50,05/10/2017
ZA-00007721,ZAC0020929,30/09/2017 12:21,COMPLETE,03/10/2017 01:18,04/10/2017 11:47,08/10/2017
ZA-00007722,ZAC0023308,30/09/2017 22:41,COMPLETE,03/10/2017 09:07,10/10/2017 16:46,08/10/2017
ZA-00007723,ZAC0002938,30/09/2017 16:09,COMPLETE,05/10/2017 22:01,09/10/2017 13:20,09/10/2017
ZA-00007724,ZAC0018693,30/09/2017 10:06,COMPLETE,02/10/2017 14:25,09/10/2017 00:43,12/10/2017
ZA-00007725,ZAC0011367,30/09/2017 14:08,COMPLETE,02/10/2017 15:14,07/10/2017 10:29,06/10/2017
ZA-00007726,ZAC0004761,30/09/2017 20:56,COMPLETE,02/10/2017 22:34,08/10/2017 12:54,05/10/2017
ZA-00007727,ZAC0017838,30/09/2017 18:54,COMPLETE,04/10/2017 08:31,10/10/2017 10:19,14/10/2017
ZA-00007728,ZAC0019272,30/09/2017 10:18,COMPLETE,02/10/2017 03:26,06/10/2017 00:23,06/10/2017
ZA-00007729,ZAC0013831,30/09/2017 14:25,COMPLETE,02/10/2017 22:58,05/10/2017 03:45,06/10/2017
ZA-00007730,ZAC0011376,30/09/2017 15:23,COMPLETE,02/10/2017 09:41,04/10/2017 14:25,06/10/2017
ZA-00007731,ZAC0016300,30/09/2017 15:13,COMPLETE,02/10/2017 12:56,18/10/2017 10:32,07/10/2017
ZA-00007732,ZAC0003272,30/09/2017 21:40,COMPLETE,02/10/2017 10:04,03/10/2017 03:13,06/10/2017
ZA-00007733,ZAC0006089,30/09/2017 06:21,COMPLETE,01/10/2017 02:37,05/10/2017 13:13,04/10/2017
ZA-00007734,ZAC0022222,30/09/2017 09:27,COMPLETE,01/10/2017 00:23,06/10/2017 17:10,06/10/2017
ZA-00007735,ZAC0009717,30/09/2017 10:12,COMPLETE,03/10/2017 03:27,08/10/2017 12:36,07/10/2017
ZA-00007736,ZAC0022978,30/09/2017 07:24,COMPLETE,01/10/2017 08:56,05/10/2017 01:24,11/10/2017
ZA-00007737,ZAC0016935,30/09/2017 20:49,COMPLETE,03/10/2017 02:53,08/10/2017 22:45,10/10/2017
ZA-00007738,ZAC0022260,30/09/2017 22:49,COMPLETE,02/10/2017 09:22,04/10/2017 17:12,06/10/2017
ZA-00007739,ZAC0000936,30/09/2017 06:39,COMPLETE,30/09/2017 23:48,04/10/2017 11:57,05/10/2017
ZA-00007740,ZAC0019880,30/09/2017 13:51,COMPLETE,02/10/2017 12:54,05/10/2017 16:46,07/10/2017
ZA-00007741,ZAC0002380,30/09/2017 16:26,COMPLETE,01/10/2017 19:58,11/10/2017 19:10,04/10/2017
ZA-00007742,ZAC0011903,30/09/2017 12:55,COMPLETE,01/10/2017 19:42,06/10/2017 02:36,08/10/2017
ZA-00007743,ZAC0020226,30/09/2017 14:09,COMPLETE,02/10/2017 04:39,06/10/2017 15:14,12/10/2017
ZA-00007744,ZAC0018067,30/09/2017 17:28,CANCELLED,,,
ZA-00007745,ZAC0003807,30/09/2017 14:39,CANCELLED,,,
ZA-00007746,ZAC0022172,30/09/2017 12:04,COMPLETE,02/10/2017 08:20,05/10/2017 00:01,05/10/2017
ZA-00007747,ZAC0014984,30/09/2017 17:49,COMPLETE,04/10/2017 07:45,04/10/2017 14:35,09/10/2017
ZA-00007748,ZAC0023266,30/09/2017 10:57,COMPLETE,01/10/2017 00:57,02/10/2017 03:28,04/10/2017
ZA-00007749,ZAC0008905,30/09/2017 06:11,DISPATCHED,01/10/2017 13:18,,08/10/2017
ZA-00007750,ZAC0018710,30/09/2017 19:26,COMPLETE,02/10/2017 20:08,03/10/2017 10:45,05/10/2017
ZA-00007751,ZAC0000180,30/09/2017 19:59,COMPLETE,03/10/2017 09:23,04/10/2017 08:10,08/10/2017
ZA-00007752,ZAC0020192,30/09/2017 21:09,PENDING,,,
ZA-00007753,ZAC0004840,30/09/2017 11:43,COMPLETE,02/10/2017 04:16,07/10/2017 15:11,09/10/2017
ZA-00007754,ZAC0015124,30/09/2017 07:56,COMPLETE,30/09/2017 14:47,10/10/2017 13:45,05/10/2017
ZA-00007755,ZAC0021932,30/09/2017 10:42,COMPLETE,01/10/2017 18:22,09/10/2017 17:06,04/10/2017
ZA-00007756,ZAC0016083,30/09/2017 19:31,COMPLETE,02/10/2017 12:46,06/10/2017 12:56,06/10/2017
ZA-00007757,ZAC0021893,30/09/2017 09:51,CANCELLED,,,
ZA-00007758,ZAC0005269,30/09/2017 16:58,COMPLETE,01/10/2017 20:08,05/10/2017 06:27,08/10/2017
ZA-00007759,ZAC0020849,30/09/2017 07:18,RETURNED,01/10/2017 11:55,09/10/2017 22:04,08/10/2017
ZA-00007760,ZAC0022069,30/09/2017 19:23,COMPLETE,30/09/2017 21:28,06/10/2017 01:56,05/10/2017
ZA-00007761,ZAC0003090,30/09/2017 21:52,COMPLETE,02/10/2017 15:23,06/10/2017 00:42,05/10/2017
ZA-00007762,ZAC0004601,30/09/2017 12:00,COMPLETE,02/10/2017 07:45,06/10/2017 20:27,05/10/2017
ZA-00007763,ZAC0020521,30/09/2017 09:07,COMPLETE,01/10/2017 09:39,04/10/2017 01:41,04/10/2017
